event_id,event_year,event_time,event_type,car_or_entry_id,decision_snapshot_id,prediction_id,information_cutoff,payload,provenance_ids,input_hash,event_hash,evaluation_status,abstention_reason_codes
18:2021:APPLICABILITY_CHANGED:000026,2021,2021-05-22T16:19:56Z,APPLICABILITY_CHANGED,18,phase3:2021_car18,,2021-05-22T16:19:56Z,"{""category"": ""CONDITIONAL_OUTLOOK_SUPPORTED_BUT_HISTORICAL_SCORING_UNSUPPORTED"", ""historical_evaluation_support"": {""anchor_horizon_min"": null, ""status"": ""ABSTAINED""}, ""inference_support"": {""abstained_horizons_min"": [], ""supported_horizons_min"": [15, 30, 60, 90, 120]}, ""strategy_identifiability"": {""note"": ""This project does not model opportunity timing and never issues a strategy recommendation."", ""status"": ""NOT_MODELLED""}}",,,5243dd1cf8ffb367db9d8d47ab31bb4b3cece2f3dc734fca2b6db6af5d7dda9c,CONDITIONAL_OUTLOOK_SUPPORTED_BUT_HISTORICAL_SCORING_UNSUPPORTED,
18:2021:FORECAST_AVAILABLE:000016,2021,2021-05-22T16:19:56Z,FORECAST_AVAILABLE,18,phase3:2021_car18,,2021-05-22T16:19:56Z,"{""forecast_ambient_temp_c"": 27.023156738281273, ""forecast_issue_time"": ""2021-05-22T16:00:00Z"", ""forecast_valid_time"": ""2021-05-22T17:00:00Z"", ""horizon_minutes"": 15, ""valid_time_error_minutes"": 25.066666666666666}",HRRR:20210522:1:2021-05-22 16:00:00+00:00:2021-05-22 17:00:00+00:00,,609d6eea2b2129f4606c7021822e10da9ac610b5857d39ba839a24471e35a767,OK,
18:2021:FORECAST_AVAILABLE:000018,2021,2021-05-22T16:19:56Z,FORECAST_AVAILABLE,18,phase3:2021_car18,,2021-05-22T16:19:56Z,"{""forecast_ambient_temp_c"": 27.023156738281273, ""forecast_issue_time"": ""2021-05-22T16:00:00Z"", ""forecast_valid_time"": ""2021-05-22T17:00:00Z"", ""horizon_minutes"": 30, ""valid_time_error_minutes"": 10.066666666666666}",HRRR:20210522:1:2021-05-22 16:00:00+00:00:2021-05-22 17:00:00+00:00,,e38e8f52c24c92472719739dd8b158c02ab7e59380adc94d6491734a903b8684,OK,
18:2021:FORECAST_AVAILABLE:000020,2021,2021-05-22T16:19:56Z,FORECAST_AVAILABLE,18,phase3:2021_car18,,2021-05-22T16:19:56Z,"{""forecast_ambient_temp_c"": 27.023156738281273, ""forecast_issue_time"": ""2021-05-22T16:00:00Z"", ""forecast_valid_time"": ""2021-05-22T17:00:00Z"", ""horizon_minutes"": 60, ""valid_time_error_minutes"": 19.933333333333334}",HRRR:20210522:1:2021-05-22 16:00:00+00:00:2021-05-22 17:00:00+00:00,,d8d0606d1ff99de47a22b710bc7bf30c248933842a6c42314e79d296bb55c2ac,OK,
18:2021:FORECAST_AVAILABLE:000022,2021,2021-05-22T16:19:56Z,FORECAST_AVAILABLE,18,phase3:2021_car18,,2021-05-22T16:19:56Z,"{""forecast_ambient_temp_c"": 27.882348632812523, ""forecast_issue_time"": ""2021-05-22T16:00:00Z"", ""forecast_valid_time"": ""2021-05-22T18:00:00Z"", ""horizon_minutes"": 90, ""valid_time_error_minutes"": 10.066666666666666}",HRRR:20210522:2:2021-05-22 16:00:00+00:00:2021-05-22 18:00:00+00:00,,d85998ea3e6f572c553ce02e46154a03cbda1bd7065e78e75fbe6a46409ee8a4,OK,
18:2021:FORECAST_AVAILABLE:000024,2021,2021-05-22T16:19:56Z,FORECAST_AVAILABLE,18,phase3:2021_car18,,2021-05-22T16:19:56Z,"{""forecast_ambient_temp_c"": 27.882348632812523, ""forecast_issue_time"": ""2021-05-22T16:00:00Z"", ""forecast_valid_time"": ""2021-05-22T18:00:00Z"", ""horizon_minutes"": 120, ""valid_time_error_minutes"": 19.933333333333334}",HRRR:20210522:2:2021-05-22 16:00:00+00:00:2021-05-22 18:00:00+00:00,,11ad7420c898b9e3a60008e42297e916145491fa92989ed34dfab905c8cfa608,OK,
18:2021:PHYSICAL_STATE_OBSERVED:000015,2021,2021-05-22T16:19:56Z,PHYSICAL_STATE_OBSERVED,18,,,2021-05-22T16:19:56Z,"{""current_ambient_temp_c"": 26.666666666666668, ""current_track_temp_c"": 34.44444444444444}",,,f9c1c0ca8a35fb525e32492c67f6eb3388a16c3a1ff07c46698578f3480012e1,OK,
18:2021:SHADOW_INFERENCE_ISSUED:000017,2021,2021-05-22T16:19:56Z,SHADOW_INFERENCE_ISSUED,18,phase3:2021_car18,phase3:2021_car18:h15,2021-05-22T16:19:56Z,"{""applicability_status"": ""SUPPORTED"", ""conditional_physical_opportunity_value"": 0.023542664209894242, ""expected_delta_v"": 0.023542664209894242, ""explanation"": {""current_track_to_ambient_thermal_gap_c"": 7.777777777777775, ""forecast_ambient_trajectory_c"": {""current_ambient_temp_c"": 26.666666666666668, ""delta_ambient_temp_c"": 0.3564900716146049, ""forecast_future_ambient_temp_c"": 27.023156738281273}, ""note"": ""These are the exact closed-form M2b_mean_solar terms FINAL_V2's adapter already evaluates for this horizon (see final_v2_adapter.py); shown here for display only, not a separate model or decomposition."", ""predicted_future_track_temperature_change_c"": 1.1753122625796661, ""solar_elevation_mean_deg"": 64.84136625062905, ""uncertainty_source_reference"": {""interpretation"": ""Frozen V2-D sensitivity ablation: fraction of this horizon's 80% predictive-interval width attributable to removing empirical attempt-level performance residual uncertainty. This is a global, frozen reference for the horizon, not a decomposition specific to this one prediction."", ""pi80_width_reduction_vs_full_removing_empirical_residual"": 0.9042389450398576, ""source"": ""weather/output/v2d_uncertainty_ablation/v2d_uncertainty_ablation_width_reduction_v1.csv"", ""variant"": ""NO_RESIDUAL""}}, ""horizon_minutes"": 15, ""median_delta_v"": 0.026366583547943724, ""p_improve"": 0.52415, ""pi80_high"": 0.7784797928632063, ""pi80_low"": -0.7185296998122632, ""pi90_high"": 1.2428663174498547, ""pi90_low"": -1.1894665722808855, ""queue_time_prediction"": ""NOT MODELLED"", ""retain_withdraw_recommendation"": ""NOT ISSUED""}",HRRR:20210522:1:2021-05-22 16:00:00+00:00:2021-05-22 17:00:00+00:00;008900eb428ad820bea907f91fe7c77a7e5965b56e20993b5acf9aed7627099d,1834deded20719dcc8d249f595039a4ce4a0a44387d7445cdd2f85963a46c671,aa3556dc09df9f15f6ef801f443f3f1c75894ee86b39662b51aa07372bf8c61d,SUPPORTED,
18:2021:SHADOW_INFERENCE_ISSUED:000019,2021,2021-05-22T16:19:56Z,SHADOW_INFERENCE_ISSUED,18,phase3:2021_car18,phase3:2021_car18:h30,2021-05-22T16:19:56Z,"{""applicability_status"": ""SUPPORTED"", ""conditional_physical_opportunity_value"": -0.014704925555070202, ""expected_delta_v"": -0.014704925555070202, ""explanation"": {""current_track_to_ambient_thermal_gap_c"": 7.777777777777775, ""forecast_ambient_trajectory_c"": {""current_ambient_temp_c"": 26.666666666666668, ""delta_ambient_temp_c"": 0.3564900716146049, ""forecast_future_ambient_temp_c"": 27.023156738281273}, ""note"": ""These are the exact closed-form M2b_mean_solar terms FINAL_V2's adapter already evaluates for this horizon (see final_v2_adapter.py); shown here for display only, not a separate model or decomposition."", ""predicted_future_track_temperature_change_c"": 2.1527287550764465, ""solar_elevation_mean_deg"": 65.7104552696424, ""uncertainty_source_reference"": {""interpretation"": ""Frozen V2-D sensitivity ablation: fraction of this horizon's 80% predictive-interval width attributable to removing empirical attempt-level performance residual uncertainty. This is a global, frozen reference for the horizon, not a decomposition specific to this one prediction."", ""pi80_width_reduction_vs_full_removing_empirical_residual"": 0.8554256022935537, ""source"": ""weather/output/v2d_uncertainty_ablation/v2d_uncertainty_ablation_width_reduction_v1.csv"", ""variant"": ""NO_RESIDUAL""}}, ""horizon_minutes"": 30, ""median_delta_v"": -0.01141578422625935, ""p_improve"": 0.4908, ""pi80_high"": 0.7542581101229665, ""pi80_low"": -0.7504930690367136, ""pi90_high"": 1.2158078282491573, ""pi90_low"": -1.232716706287916, ""queue_time_prediction"": ""NOT MODELLED"", ""retain_withdraw_recommendation"": ""NOT ISSUED""}",HRRR:20210522:1:2021-05-22 16:00:00+00:00:2021-05-22 17:00:00+00:00;008900eb428ad820bea907f91fe7c77a7e5965b56e20993b5acf9aed7627099d,1834deded20719dcc8d249f595039a4ce4a0a44387d7445cdd2f85963a46c671,72ec4ff23420d7e3c195510801f7ebe6331d1b300cbd9a1e6475df4b465c5a1a,SUPPORTED,
18:2021:SHADOW_INFERENCE_ISSUED:000021,2021,2021-05-22T16:19:56Z,SHADOW_INFERENCE_ISSUED,18,phase3:2021_car18,phase3:2021_car18:h60,2021-05-22T16:19:56Z,"{""applicability_status"": ""SUPPORTED"", ""conditional_physical_opportunity_value"": -0.08326073420183538, ""expected_delta_v"": -0.08326073420183538, ""explanation"": {""current_track_to_ambient_thermal_gap_c"": 7.777777777777775, ""forecast_ambient_trajectory_c"": {""current_ambient_temp_c"": 26.666666666666668, ""delta_ambient_temp_c"": 0.3564900716146049, ""forecast_future_ambient_temp_c"": 27.023156738281273}, ""note"": ""These are the exact closed-form M2b_mean_solar terms FINAL_V2's adapter already evaluates for this horizon (see final_v2_adapter.py); shown here for display only, not a separate model or decomposition."", ""predicted_future_track_temperature_change_c"": 3.9413686450657455, ""solar_elevation_mean_deg"": 66.89032607832755, ""uncertainty_source_reference"": {""interpretation"": ""Frozen V2-D sensitivity ablation: fraction of this horizon's 80% predictive-interval width attributable to removing empirical attempt-level performance residual uncertainty. This is a global, frozen reference for the horizon, not a decomposition specific to this one prediction."", ""pi80_width_reduction_vs_full_removing_empirical_residual"": 0.798707118459242, ""source"": ""weather/output/v2d_uncertainty_ablation/v2d_uncertainty_ablation_width_reduction_v1.csv"", ""variant"": ""NO_RESIDUAL""}}, ""horizon_minutes"": 60, ""median_delta_v"": -0.07844789596369034, ""p_improve"": 0.43875, ""pi80_high"": 0.690788562252791, ""pi80_low"": -0.8713076081170378, ""pi90_high"": 1.179295575127549, ""pi90_low"": -1.3136483520322872, ""queue_time_prediction"": ""NOT MODELLED"", ""retain_withdraw_recommendation"": ""NOT ISSUED""}",HRRR:20210522:1:2021-05-22 16:00:00+00:00:2021-05-22 17:00:00+00:00;008900eb428ad820bea907f91fe7c77a7e5965b56e20993b5acf9aed7627099d,1834deded20719dcc8d249f595039a4ce4a0a44387d7445cdd2f85963a46c671,ec7a17dbfed91f15ed7f140f2b7200ebdbb2e621fe0264097d5d9a31af76f56e,SUPPORTED,
18:2021:SHADOW_INFERENCE_ISSUED:000023,2021,2021-05-22T16:19:56Z,SHADOW_INFERENCE_ISSUED,18,phase3:2021_car18,phase3:2021_car18:h90,2021-05-22T16:19:56Z,"{""applicability_status"": ""SUPPORTED"", ""conditional_physical_opportunity_value"": -0.009265711893908209, ""expected_delta_v"": -0.009265711893908209, ""explanation"": {""current_track_to_ambient_thermal_gap_c"": 7.777777777777775, ""forecast_ambient_trajectory_c"": {""current_ambient_temp_c"": 26.666666666666668, ""delta_ambient_temp_c"": 1.2156819661458549, ""forecast_future_ambient_temp_c"": 27.882348632812523}, ""note"": ""These are the exact closed-form M2b_mean_solar terms FINAL_V2's adapter already evaluates for this horizon (see final_v2_adapter.py); shown here for display only, not a separate model or decomposition."", ""predicted_future_track_temperature_change_c"": 6.436767395378561, ""solar_elevation_mean_deg"": 67.1129865583072, ""uncertainty_source_reference"": {""interpretation"": ""Frozen V2-D sensitivity ablation: fraction of this horizon's 80% predictive-interval width attributable to removing empirical attempt-level performance residual uncertainty. This is a global, frozen reference for the horizon, not a decomposition specific to this one prediction."", ""pi80_width_reduction_vs_full_removing_empirical_residual"": 0.7587800187488541, ""source"": ""weather/output/v2d_uncertainty_ablation/v2d_uncertainty_ablation_width_reduction_v1.csv"", ""variant"": ""NO_RESIDUAL""}}, ""horizon_minutes"": 90, ""median_delta_v"": 0.000360056413761807, ""p_improve"": 0.5001, ""pi80_high"": 0.7745876874857804, ""pi80_low"": -0.8134139528438908, ""pi90_high"": 1.2609377586924146, ""pi90_low"": -1.264520741950884, ""queue_time_prediction"": ""NOT MODELLED"", ""retain_withdraw_recommendation"": ""NOT ISSUED""}",HRRR:20210522:2:2021-05-22 16:00:00+00:00:2021-05-22 18:00:00+00:00;008900eb428ad820bea907f91fe7c77a7e5965b56e20993b5acf9aed7627099d,1834deded20719dcc8d249f595039a4ce4a0a44387d7445cdd2f85963a46c671,13b85655fab43bc1db345b430abd139905db9de2ec7d3e94d58c70bfa23f2b90,SUPPORTED,
18:2021:SHADOW_INFERENCE_ISSUED:000025,2021,2021-05-22T16:19:56Z,SHADOW_INFERENCE_ISSUED,18,phase3:2021_car18,phase3:2021_car18:h120,2021-05-22T16:19:56Z,"{""applicability_status"": ""SUPPORTED"", ""conditional_physical_opportunity_value"": -0.028357567611861215, ""expected_delta_v"": -0.028357567611861215, ""explanation"": {""current_track_to_ambient_thermal_gap_c"": 7.777777777777775, ""forecast_ambient_trajectory_c"": {""current_ambient_temp_c"": 26.666666666666668, ""delta_ambient_temp_c"": 1.2156819661458549, ""forecast_future_ambient_temp_c"": 27.882348632812523}, ""note"": ""These are the exact closed-form M2b_mean_solar terms FINAL_V2's adapter already evaluates for this horizon (see final_v2_adapter.py); shown here for display only, not a separate model or decomposition."", ""predicted_future_track_temperature_change_c"": 6.93077893901806, ""solar_elevation_mean_deg"": 66.3171206781926, ""uncertainty_source_reference"": {""interpretation"": ""Frozen V2-D sensitivity ablation: fraction of this horizon's 80% predictive-interval width attributable to removing empirical attempt-level performance residual uncertainty. This is a global, frozen reference for the horizon, not a decomposition specific to this one prediction."", ""pi80_width_reduction_vs_full_removing_empirical_residual"": 0.7279196050802543, ""source"": ""weather/output/v2d_uncertainty_ablation/v2d_uncertainty_ablation_width_reduction_v1.csv"", ""variant"": ""NO_RESIDUAL""}}, ""horizon_minutes"": 120, ""median_delta_v"": -0.02087840990654214, ""p_improve"": 0.4834, ""pi80_high"": 0.756249157479162, ""pi80_low"": -0.8472016272089624, ""pi90_high"": 1.2474132241734868, ""pi90_low"": -1.2998850454026045, ""queue_time_prediction"": ""NOT MODELLED"", ""retain_withdraw_recommendation"": ""NOT ISSUED""}",HRRR:20210522:2:2021-05-22 16:00:00+00:00:2021-05-22 18:00:00+00:00;008900eb428ad820bea907f91fe7c77a7e5965b56e20993b5acf9aed7627099d,1834deded20719dcc8d249f595039a4ce4a0a44387d7445cdd2f85963a46c671,e4ed23663f583ce8080a96ec809093b1e78e1c48dd230eae3ec6919f35036244,SUPPORTED,
2:2021:APPLICABILITY_CHANGED:000040,2021,2021-05-22T16:39:06Z,APPLICABILITY_CHANGED,2,phase3:2021_car2,,2021-05-22T16:39:06Z,"{""category"": ""CONDITIONAL_OUTLOOK_SUPPORTED_BUT_HISTORICAL_SCORING_UNSUPPORTED"", ""historical_evaluation_support"": {""anchor_horizon_min"": null, ""status"": ""ABSTAINED""}, ""inference_support"": {""abstained_horizons_min"": [], ""supported_horizons_min"": [15, 30, 60, 90, 120]}, ""strategy_identifiability"": {""note"": ""This project does not model opportunity timing and never issues a strategy recommendation."", ""status"": ""NOT_MODELLED""}}",,,4f5f76ccbd657c058c77e41c83654f38c22f16360d06e8c10d1f10893b96a2f9,CONDITIONAL_OUTLOOK_SUPPORTED_BUT_HISTORICAL_SCORING_UNSUPPORTED,
2:2021:FORECAST_AVAILABLE:000030,2021,2021-05-22T16:39:06Z,FORECAST_AVAILABLE,2,phase3:2021_car2,,2021-05-22T16:39:06Z,"{""forecast_ambient_temp_c"": 27.023156738281273, ""forecast_issue_time"": ""2021-05-22T16:00:00Z"", ""forecast_valid_time"": ""2021-05-22T17:00:00Z"", ""horizon_minutes"": 15, ""valid_time_error_minutes"": 5.9}",HRRR:20210522:1:2021-05-22 16:00:00+00:00:2021-05-22 17:00:00+00:00,,5127244595403deaa8832e0eee1acd9a3f06c3448e171eea401367e2f54a18e9,OK,
2:2021:FORECAST_AVAILABLE:000032,2021,2021-05-22T16:39:06Z,FORECAST_AVAILABLE,2,phase3:2021_car2,,2021-05-22T16:39:06Z,"{""forecast_ambient_temp_c"": 27.023156738281273, ""forecast_issue_time"": ""2021-05-22T16:00:00Z"", ""forecast_valid_time"": ""2021-05-22T17:00:00Z"", ""horizon_minutes"": 30, ""valid_time_error_minutes"": 9.1}",HRRR:20210522:1:2021-05-22 16:00:00+00:00:2021-05-22 17:00:00+00:00,,f0b0a8329c1e8d484851dff9649cd7346a5e5da505262e801f5c54a95e32342b,OK,
2:2021:FORECAST_AVAILABLE:000034,2021,2021-05-22T16:39:06Z,FORECAST_AVAILABLE,2,phase3:2021_car2,,2021-05-22T16:39:06Z,"{""forecast_ambient_temp_c"": 27.882348632812523, ""forecast_issue_time"": ""2021-05-22T16:00:00Z"", ""forecast_valid_time"": ""2021-05-22T18:00:00Z"", ""horizon_minutes"": 60, ""valid_time_error_minutes"": 20.9}",HRRR:20210522:2:2021-05-22 16:00:00+00:00:2021-05-22 18:00:00+00:00,,1c537841a5a6477a15e6d497721fe65e8273af8dc466dd8215fea1cac4f5af02,OK,
2:2021:FORECAST_AVAILABLE:000036,2021,2021-05-22T16:39:06Z,FORECAST_AVAILABLE,2,phase3:2021_car2,,2021-05-22T16:39:06Z,"{""forecast_ambient_temp_c"": 27.882348632812523, ""forecast_issue_time"": ""2021-05-22T16:00:00Z"", ""forecast_valid_time"": ""2021-05-22T18:00:00Z"", ""horizon_minutes"": 90, ""valid_time_error_minutes"": 9.1}",HRRR:20210522:2:2021-05-22 16:00:00+00:00:2021-05-22 18:00:00+00:00,,639f8e5f5a0be61a4c4f1dc2ba224147b5c02a6af3c09c71527976b1e124b5c7,OK,
2:2021:FORECAST_AVAILABLE:000038,2021,2021-05-22T16:39:06Z,FORECAST_AVAILABLE,2,phase3:2021_car2,,2021-05-22T16:39:06Z,"{""forecast_ambient_temp_c"": 28.174554443359398, ""forecast_issue_time"": ""2021-05-22T16:00:00Z"", ""forecast_valid_time"": ""2021-05-22T19:00:00Z"", ""horizon_minutes"": 120, ""valid_time_error_minutes"": 20.9}",HRRR:20210522:3:2021-05-22 16:00:00+00:00:2021-05-22 19:00:00+00:00,,64bf8e50c7a20f68561797d75623c7c08f49a8b46e0c1d85fd079eb1212a4ef0,OK,
2:2021:PHYSICAL_STATE_OBSERVED:000029,2021,2021-05-22T16:39:06Z,PHYSICAL_STATE_OBSERVED,2,,,2021-05-22T16:39:06Z,"{""current_ambient_temp_c"": 26.666666666666668, ""current_track_temp_c"": 35.0}",,,fd57fa3034218f080c422b0c3a1bb8caa8ef2e500c13686adfe998f0d8d87285,OK,
2:2021:SHADOW_INFERENCE_ISSUED:000031,2021,2021-05-22T16:39:06Z,SHADOW_INFERENCE_ISSUED,2,phase3:2021_car2,phase3:2021_car2:h15,2021-05-22T16:39:06Z,"{""applicability_status"": ""SUPPORTED"", ""conditional_physical_opportunity_value"": 0.023188466178716192, ""expected_delta_v"": 0.023188466178716192, ""explanation"": {""current_track_to_ambient_thermal_gap_c"": 8.333333333333332, ""forecast_ambient_trajectory_c"": {""current_ambient_temp_c"": 26.666666666666668, ""delta_ambient_temp_c"": 0.3564900716146049, ""forecast_future_ambient_temp_c"": 27.023156738281273}, ""note"": ""These are the exact closed-form M2b_mean_solar terms FINAL_V2's adapter already evaluates for this horizon (see final_v2_adapter.py); shown here for display only, not a separate model or decomposition."", ""predicted_future_track_temperature_change_c"": 1.1843892593754282, ""solar_elevation_mean_deg"": 67.18674932553395, ""uncertainty_source_reference"": {""interpretation"": ""Frozen V2-D sensitivity ablation: fraction of this horizon's 80% predictive-interval width attributable to removing empirical attempt-level performance residual uncertainty. This is a global, frozen reference for the horizon, not a decomposition specific to this one prediction."", ""pi80_width_reduction_vs_full_removing_empirical_residual"": 0.9042389450398576, ""source"": ""weather/output/v2d_uncertainty_ablation/v2d_uncertainty_ablation_width_reduction_v1.csv"", ""variant"": ""NO_RESIDUAL""}}, ""horizon_minutes"": 15, ""median_delta_v"": 0.025977010404888326, ""p_improve"": 0.5239, ""pi80_high"": 0.7780143442404038, ""pi80_low"": -0.7188466535541572, ""pi90_high"": 1.2425360739250517, ""pi90_low"": -1.1898580670355756, ""queue_time_prediction"": ""NOT MODELLED"", ""retain_withdraw_recommendation"": ""NOT ISSUED""}",HRRR:20210522:1:2021-05-22 16:00:00+00:00:2021-05-22 17:00:00+00:00;008900eb428ad820bea907f91fe7c77a7e5965b56e20993b5acf9aed7627099d,3509dd8d7b661bf8e0968788e70ff3ab76fc375cf32ece39eb78b5bfdb703f25,5d911df4d5e6a8d54348317c881fd10e57040f95697fd07e009966007cc2420a,SUPPORTED,
2:2021:SHADOW_INFERENCE_ISSUED:000033,2021,2021-05-22T16:39:06Z,SHADOW_INFERENCE_ISSUED,2,phase3:2021_car2,phase3:2021_car2:h30,2021-05-22T16:39:06Z,"{""applicability_status"": ""SUPPORTED"", ""conditional_physical_opportunity_value"": -0.015378700800884732, ""expected_delta_v"": -0.015378700800884732, ""explanation"": {""current_track_to_ambient_thermal_gap_c"": 8.333333333333332, ""forecast_ambient_trajectory_c"": {""current_ambient_temp_c"": 26.666666666666668, ""delta_ambient_temp_c"": 0.3564900716146049, ""forecast_future_ambient_temp_c"": 27.023156738281273}, ""note"": ""These are the exact closed-form M2b_mean_solar terms FINAL_V2's adapter already evaluates for this horizon (see final_v2_adapter.py); shown here for display only, not a separate model or decomposition."", ""predicted_future_track_temperature_change_c"": 2.1699955245358393, ""solar_elevation_mean_deg"": 67.82717764009088, ""uncertainty_source_reference"": {""interpretation"": ""Frozen V2-D sensitivity ablation: fraction of this horizon's 80% predictive-interval width attributable to removing empirical attempt-level performance residual uncertainty. This is a global, frozen reference for the horizon, not a decomposition specific to this one prediction."", ""pi80_width_reduction_vs_full_removing_empirical_residual"": 0.8554256022935537, ""source"": ""weather/output/v2d_uncertainty_ablation/v2d_uncertainty_ablation_width_reduction_v1.csv"", ""variant"": ""NO_RESIDUAL""}}, ""horizon_minutes"": 30, ""median_delta_v"": -0.012220693312350414, ""p_improve"": 0.49025, ""pi80_high"": 0.7539787424622905, ""pi80_low"": -0.7507720711517617, ""pi90_high"": 1.2152737160516442, ""pi90_low"": -1.2335319540239087, ""queue_time_prediction"": ""NOT MODELLED"", ""retain_withdraw_recommendation"": ""NOT ISSUED""}",HRRR:20210522:1:2021-05-22 16:00:00+00:00:2021-05-22 17:00:00+00:00;008900eb428ad820bea907f91fe7c77a7e5965b56e20993b5acf9aed7627099d,3509dd8d7b661bf8e0968788e70ff3ab76fc375cf32ece39eb78b5bfdb703f25,f658c4531e2234592df79d69c8a87d778ff900ddb4129bb8d28947591bafa129,SUPPORTED,
2:2021:SHADOW_INFERENCE_ISSUED:000035,2021,2021-05-22T16:39:06Z,SHADOW_INFERENCE_ISSUED,2,phase3:2021_car2,phase3:2021_car2:h60,2021-05-22T16:39:06Z,"{""applicability_status"": ""SUPPORTED"", ""conditional_physical_opportunity_value"": 0.03987328114049295, ""expected_delta_v"": 0.03987328114049295, ""explanation"": {""current_track_to_ambient_thermal_gap_c"": 8.333333333333332, ""forecast_ambient_trajectory_c"": {""current_ambient_temp_c"": 26.666666666666668, ""delta_ambient_temp_c"": 1.2156819661458549, ""forecast_future_ambient_temp_c"": 27.882348632812523}, ""note"": ""These are the exact closed-form M2b_mean_solar terms FINAL_V2's adapter already evaluates for this horizon (see final_v2_adapter.py); shown here for display only, not a separate model or decomposition."", ""predicted_future_track_temperature_change_c"": 5.1606351929182415, ""solar_elevation_mean_deg"": 68.41743458477396, ""uncertainty_source_reference"": {""interpretation"": ""Frozen V2-D sensitivity ablation: fraction of this horizon's 80% predictive-interval width attributable to removing empirical attempt-level performance residual uncertainty. This is a global, frozen reference for the horizon, not a decomposition specific to this one prediction."", ""pi80_width_reduction_vs_full_removing_empirical_residual"": 0.798707118459242, ""source"": ""weather/output/v2d_uncertainty_ablation/v2d_uncertainty_ablation_width_reduction_v1.csv"", ""variant"": ""NO_RESIDUAL""}}, ""horizon_minutes"": 60, ""median_delta_v"": 0.0447363260513187, ""p_improve"": 0.5344, ""pi80_high"": 0.8132173253462868, ""pi80_low"": -0.7291654630000965, ""pi90_high"": 1.2944574201115668, ""pi90_low"": -1.1889493254959373, ""queue_time_prediction"": ""NOT MODELLED"", ""retain_withdraw_recommendation"": ""NOT ISSUED""}",HRRR:20210522:2:2021-05-22 16:00:00+00:00:2021-05-22 18:00:00+00:00;008900eb428ad820bea907f91fe7c77a7e5965b56e20993b5acf9aed7627099d,3509dd8d7b661bf8e0968788e70ff3ab76fc375cf32ece39eb78b5bfdb703f25,5f8ec5a198954541f4121129b1b2a66a9fd3ec277abe4ec8ca15cd1df3c1accc,SUPPORTED,
2:2021:SHADOW_INFERENCE_ISSUED:000037,2021,2021-05-22T16:39:06Z,SHADOW_INFERENCE_ISSUED,2,phase3:2021_car2,phase3:2021_car2:h90,2021-05-22T16:39:06Z,"{""applicability_status"": ""SUPPORTED"", ""conditional_physical_opportunity_value"": -0.006675591705118443, ""expected_delta_v"": -0.006675591705118443, ""explanation"": {""current_track_to_ambient_thermal_gap_c"": 8.333333333333332, ""forecast_ambient_trajectory_c"": {""current_ambient_temp_c"": 26.666666666666668, ""delta_ambient_temp_c"": 1.2156819661458549, ""forecast_future_ambient_temp_c"": 27.882348632812523}, ""note"": ""These are the exact closed-form M2b_mean_solar terms FINAL_V2's adapter already evaluates for this horizon (see final_v2_adapter.py); shown here for display only, not a separate model or decomposition."", ""predicted_future_track_temperature_change_c"": 6.370390649646553, ""solar_elevation_mean_deg"": 67.97751097143859, ""uncertainty_source_reference"": {""interpretation"": ""Frozen V2-D sensitivity ablation: fraction of this horizon's 80% predictive-interval width attributable to removing empirical attempt-level performance residual uncertainty. This is a global, frozen reference for the horizon, not a decomposition specific to this one prediction."", ""pi80_width_reduction_vs_full_removing_empirical_residual"": 0.7587800187488541, ""source"": ""weather/output/v2d_uncertainty_ablation/v2d_uncertainty_ablation_width_reduction_v1.csv"", ""variant"": ""NO_RESIDUAL""}}, ""horizon_minutes"": 90, ""median_delta_v"": 0.0020911515497037195, ""p_improve"": 0.5018, ""pi80_high"": 0.7764070446922811, ""pi80_low"": -0.8109060819647128, ""pi90_high"": 1.2638724048449925, ""pi90_low"": -1.2620036742999108, ""queue_time_prediction"": ""NOT MODELLED"", ""retain_withdraw_recommendation"": ""NOT ISSUED""}",HRRR:20210522:2:2021-05-22 16:00:00+00:00:2021-05-22 18:00:00+00:00;008900eb428ad820bea907f91fe7c77a7e5965b56e20993b5acf9aed7627099d,3509dd8d7b661bf8e0968788e70ff3ab76fc375cf32ece39eb78b5bfdb703f25,c03f43daa2ffcceb06eaf9c4eec63425b5e951a33ff70a5499782d73e58df071,SUPPORTED,
2:2021:SHADOW_INFERENCE_ISSUED:000039,2021,2021-05-22T16:39:06Z,SHADOW_INFERENCE_ISSUED,2,phase3:2021_car2,phase3:2021_car2:h120,2021-05-22T16:39:06Z,"{""applicability_status"": ""SUPPORTED"", ""conditional_physical_opportunity_value"": 0.014031932241163083, ""expected_delta_v"": 0.014031932241163083, ""explanation"": {""current_track_to_ambient_thermal_gap_c"": 8.333333333333332, ""forecast_ambient_trajectory_c"": {""current_ambient_temp_c"": 26.666666666666668, ""delta_ambient_temp_c"": 1.5078877766927299, ""forecast_future_ambient_temp_c"": 28.174554443359398}, ""note"": ""These are the exact closed-form M2b_mean_solar terms FINAL_V2's adapter already evaluates for this horizon (see final_v2_adapter.py); shown here for display only, not a separate model or decomposition."", ""predicted_future_track_temperature_change_c"": 7.332312971613944, ""solar_elevation_mean_deg"": 66.62626251289626, ""uncertainty_source_reference"": {""interpretation"": ""Frozen V2-D sensitivity ablation: fraction of this horizon's 80% predictive-interval width attributable to removing empirical attempt-level performance residual uncertainty. This is a global, frozen reference for the horizon, not a decomposition specific to this one prediction."", ""pi80_width_reduction_vs_full_removing_empirical_residual"": 0.7279196050802543, ""source"": ""weather/output/v2d_uncertainty_ablation/v2d_uncertainty_ablation_width_reduction_v1.csv"", ""variant"": ""NO_RESIDUAL""}}, ""horizon_minutes"": 120, ""median_delta_v"": 0.020154953236850792, ""p_improve"": 0.5157, ""pi80_high"": 0.7981706841136473, ""pi80_low"": -0.7983171153362634, ""pi90_high"": 1.2933065414798737, ""pi90_low"": -1.2544467249792157, ""queue_time_prediction"": ""NOT MODELLED"", ""retain_withdraw_recommendation"": ""NOT ISSUED""}",HRRR:20210522:3:2021-05-22 16:00:00+00:00:2021-05-22 19:00:00+00:00;008900eb428ad820bea907f91fe7c77a7e5965b56e20993b5acf9aed7627099d,3509dd8d7b661bf8e0968788e70ff3ab76fc375cf32ece39eb78b5bfdb703f25,df02a6865285bf4aca39015b521b957ac438d6202d210ed82945b0cca60ddeb3,SUPPORTED,
21:2021:APPLICABILITY_CHANGED:000054,2021,2021-05-22T16:43:16Z,APPLICABILITY_CHANGED,21,phase3:2021_car21,,2021-05-22T16:43:16Z,"{""category"": ""CONDITIONAL_OUTLOOK_SUPPORTED_BUT_HISTORICAL_SCORING_UNSUPPORTED"", ""historical_evaluation_support"": {""anchor_horizon_min"": null, ""status"": ""ABSTAINED""}, ""inference_support"": {""abstained_horizons_min"": [], ""supported_horizons_min"": [15, 30, 60, 90, 120]}, ""strategy_identifiability"": {""note"": ""This project does not model opportunity timing and never issues a strategy recommendation."", ""status"": ""NOT_MODELLED""}}",,,198b7b2678c2261ac6eb17fc1d97860eab5058d5c64b03c99c0838ce34aefc80,CONDITIONAL_OUTLOOK_SUPPORTED_BUT_HISTORICAL_SCORING_UNSUPPORTED,
21:2021:FORECAST_AVAILABLE:000044,2021,2021-05-22T16:43:16Z,FORECAST_AVAILABLE,21,phase3:2021_car21,,2021-05-22T16:43:16Z,"{""forecast_ambient_temp_c"": 27.023156738281273, ""forecast_issue_time"": ""2021-05-22T16:00:00Z"", ""forecast_valid_time"": ""2021-05-22T17:00:00Z"", ""horizon_minutes"": 15, ""valid_time_error_minutes"": 1.7333333333333334}",HRRR:20210522:1:2021-05-22 16:00:00+00:00:2021-05-22 17:00:00+00:00,,5390b2730207513d5d7424d470bc54336ef417bccf9215e424dc7e5dc1316413,OK,
21:2021:FORECAST_AVAILABLE:000046,2021,2021-05-22T16:43:16Z,FORECAST_AVAILABLE,21,phase3:2021_car21,,2021-05-22T16:43:16Z,"{""forecast_ambient_temp_c"": 27.023156738281273, ""forecast_issue_time"": ""2021-05-22T16:00:00Z"", ""forecast_valid_time"": ""2021-05-22T17:00:00Z"", ""horizon_minutes"": 30, ""valid_time_error_minutes"": 13.266666666666667}",HRRR:20210522:1:2021-05-22 16:00:00+00:00:2021-05-22 17:00:00+00:00,,6617647d6a6ac4133563f42e9332a9911297f4cd4bb5f6a3469baedf2a0d4c03,OK,
21:2021:FORECAST_AVAILABLE:000048,2021,2021-05-22T16:43:16Z,FORECAST_AVAILABLE,21,phase3:2021_car21,,2021-05-22T16:43:16Z,"{""forecast_ambient_temp_c"": 27.882348632812523, ""forecast_issue_time"": ""2021-05-22T16:00:00Z"", ""forecast_valid_time"": ""2021-05-22T18:00:00Z"", ""horizon_minutes"": 60, ""valid_time_error_minutes"": 16.733333333333334}",HRRR:20210522:2:2021-05-22 16:00:00+00:00:2021-05-22 18:00:00+00:00,,6aedb8eaa6d84c241cf92f39384df53a3ea799ae4bdf89d892ab68e5c74d0a69,OK,
21:2021:FORECAST_AVAILABLE:000050,2021,2021-05-22T16:43:16Z,FORECAST_AVAILABLE,21,phase3:2021_car21,,2021-05-22T16:43:16Z,"{""forecast_ambient_temp_c"": 27.882348632812523, ""forecast_issue_time"": ""2021-05-22T16:00:00Z"", ""forecast_valid_time"": ""2021-05-22T18:00:00Z"", ""horizon_minutes"": 90, ""valid_time_error_minutes"": 13.266666666666667}",HRRR:20210522:2:2021-05-22 16:00:00+00:00:2021-05-22 18:00:00+00:00,,97d984371eb31d9634e945fcae8d38bc6b8967565b9fb4211ccfc1d16e4cf3c0,OK,
21:2021:FORECAST_AVAILABLE:000052,2021,2021-05-22T16:43:16Z,FORECAST_AVAILABLE,21,phase3:2021_car21,,2021-05-22T16:43:16Z,"{""forecast_ambient_temp_c"": 28.174554443359398, ""forecast_issue_time"": ""2021-05-22T16:00:00Z"", ""forecast_valid_time"": ""2021-05-22T19:00:00Z"", ""horizon_minutes"": 120, ""valid_time_error_minutes"": 16.733333333333334}",HRRR:20210522:3:2021-05-22 16:00:00+00:00:2021-05-22 19:00:00+00:00,,70ad2fcdcf08e6f4982a127d85e0ae49f77b8d6e76ecd4fea1f429a88b021f3b,OK,
21:2021:PHYSICAL_STATE_OBSERVED:000043,2021,2021-05-22T16:43:16Z,PHYSICAL_STATE_OBSERVED,21,,,2021-05-22T16:43:16Z,"{""current_ambient_temp_c"": 26.666666666666668, ""current_track_temp_c"": 35.0}",,,ee6f70bf70bdfe609a0c72f69fb2385d0dab1b6ad6992a258cce522a588f18a5,OK,
21:2021:SHADOW_INFERENCE_ISSUED:000045,2021,2021-05-22T16:43:16Z,SHADOW_INFERENCE_ISSUED,21,phase3:2021_car21,phase3:2021_car21:h15,2021-05-22T16:43:16Z,"{""applicability_status"": ""SUPPORTED"", ""conditional_physical_opportunity_value"": 0.022916610613177374, ""expected_delta_v"": 0.022916610613177374, ""explanation"": {""current_track_to_ambient_thermal_gap_c"": 8.333333333333332, ""forecast_ambient_trajectory_c"": {""current_ambient_temp_c"": 26.666666666666668, ""delta_ambient_temp_c"": 0.3564900716146049, ""forecast_future_ambient_temp_c"": 27.023156738281273}, ""note"": ""These are the exact closed-form M2b_mean_solar terms FINAL_V2's adapter already evaluates for this horizon (see final_v2_adapter.py); shown here for display only, not a separate model or decomposition."", ""predicted_future_track_temperature_change_c"": 1.191356074208076, ""solar_elevation_mean_deg"": 67.63007618096782, ""uncertainty_source_reference"": {""interpretation"": ""Frozen V2-D sensitivity ablation: fraction of this horizon's 80% predictive-interval width attributable to removing empirical attempt-level performance residual uncertainty. This is a global, frozen reference for the horizon, not a decomposition specific to this one prediction."", ""pi80_width_reduction_vs_full_removing_empirical_residual"": 0.9042389450398576, ""source"": ""weather/output/v2d_uncertainty_ablation/v2d_uncertainty_ablation_width_reduction_v1.csv"", ""variant"": ""NO_RESIDUAL""}}, ""horizon_minutes"": 15, ""median_delta_v"": 0.025664426696536652, ""p_improve"": 0.5236, ""pi80_high"": 0.7778560880863699, ""pi80_low"": -0.7190583033492216, ""pi90_high"": 1.2421954787070295, ""pi90_low"": -1.1901524491648279, ""queue_time_prediction"": ""NOT MODELLED"", ""retain_withdraw_recommendation"": ""NOT ISSUED""}",HRRR:20210522:1:2021-05-22 16:00:00+00:00:2021-05-22 17:00:00+00:00;008900eb428ad820bea907f91fe7c77a7e5965b56e20993b5acf9aed7627099d,6c05a137e171e0e1d69c09148d055ced0a8e58ff6b29a27683b3e5073e906314,90bca0f491929617a40b1014dd272b213483fbd4d54fde2b2227cad38dbc1c53,SUPPORTED,
21:2021:SHADOW_INFERENCE_ISSUED:000047,2021,2021-05-22T16:43:16Z,SHADOW_INFERENCE_ISSUED,21,phase3:2021_car21,phase3:2021_car21:h30,2021-05-22T16:43:16Z,"{""applicability_status"": ""SUPPORTED"", ""conditional_physical_opportunity_value"": -0.015907755269267743, ""expected_delta_v"": -0.015907755269267743, ""explanation"": {""current_track_to_ambient_thermal_gap_c"": 8.333333333333332, ""forecast_ambient_trajectory_c"": {""current_ambient_temp_c"": 26.666666666666668, ""delta_ambient_temp_c"": 0.3564900716146049, ""forecast_future_ambient_temp_c"": 27.023156738281273}, ""note"": ""These are the exact closed-form M2b_mean_solar terms FINAL_V2's adapter already evaluates for this horizon (see final_v2_adapter.py); shown here for display only, not a separate model or decomposition."", ""predicted_future_track_temperature_change_c"": 2.1835535494021103, ""solar_elevation_mean_deg"": 68.21273836197122, ""uncertainty_source_reference"": {""interpretation"": ""Frozen V2-D sensitivity ablation: fraction of this horizon's 80% predictive-interval width attributable to removing empirical attempt-level performance residual uncertainty. This is a global, frozen reference for the horizon, not a decomposition specific to this one prediction."", ""pi80_width_reduction_vs_full_removing_empirical_residual"": 0.8554256022935537, ""source"": ""weather/output/v2d_uncertainty_ablation/v2d_uncertainty_ablation_width_reduction_v1.csv"", ""variant"": ""NO_RESIDUAL""}}, ""horizon_minutes"": 30, ""median_delta_v"": -0.012647134864504438, ""p_improve"": 0.49005, ""pi80_high"": 0.7538705191266034, ""pi80_low"": -0.7515558681187015, ""pi90_high"": 1.21495586214162, ""pi90_low"": -1.2339678622500363, ""queue_time_prediction"": ""NOT MODELLED"", ""retain_withdraw_recommendation"": ""NOT ISSUED""}",HRRR:20210522:1:2021-05-22 16:00:00+00:00:2021-05-22 17:00:00+00:00;008900eb428ad820bea907f91fe7c77a7e5965b56e20993b5acf9aed7627099d,6c05a137e171e0e1d69c09148d055ced0a8e58ff6b29a27683b3e5073e906314,109ca7235125f29425c6b8f63becb1424f4d73c93626f44f4e54bc7b4b9abec6,SUPPORTED,
21:2021:SHADOW_INFERENCE_ISSUED:000049,2021,2021-05-22T16:43:16Z,SHADOW_INFERENCE_ISSUED,21,phase3:2021_car21,phase3:2021_car21:h60,2021-05-22T16:43:16Z,"{""applicability_status"": ""SUPPORTED"", ""conditional_physical_opportunity_value"": 0.039174853233098716, ""expected_delta_v"": 0.039174853233098716, ""explanation"": {""current_track_to_ambient_thermal_gap_c"": 8.333333333333332, ""forecast_ambient_trajectory_c"": {""current_ambient_temp_c"": 26.666666666666668, ""delta_ambient_temp_c"": 1.2156819661458549, ""forecast_future_ambient_temp_c"": 27.882348632812523}, ""note"": ""These are the exact closed-form M2b_mean_solar terms FINAL_V2's adapter already evaluates for this horizon (see final_v2_adapter.py); shown here for display only, not a separate model or decomposition."", ""predicted_future_track_temperature_change_c"": 5.1785337336199015, ""solar_elevation_mean_deg"": 68.66357729071203, ""uncertainty_source_reference"": {""interpretation"": ""Frozen V2-D sensitivity ablation: fraction of this horizon's 80% predictive-interval width attributable to removing empirical attempt-level performance residual uncertainty. This is a global, frozen reference for the horizon, not a decomposition specific to this one prediction."", ""pi80_width_reduction_vs_full_removing_empirical_residual"": 0.798707118459242, ""source"": ""weather/output/v2d_uncertainty_ablation/v2d_uncertainty_ablation_width_reduction_v1.csv"", ""variant"": ""NO_RESIDUAL""}}, ""horizon_minutes"": 60, ""median_delta_v"": 0.04393425210597206, ""p_improve"": 0.53395, ""pi80_high"": 0.8125550394099522, ""pi80_low"": -0.7301059548596321, ""pi90_high"": 1.2943080431897696, ""pi90_low"": -1.1896777324617962, ""queue_time_prediction"": ""NOT MODELLED"", ""retain_withdraw_recommendation"": ""NOT ISSUED""}",HRRR:20210522:2:2021-05-22 16:00:00+00:00:2021-05-22 18:00:00+00:00;008900eb428ad820bea907f91fe7c77a7e5965b56e20993b5acf9aed7627099d,6c05a137e171e0e1d69c09148d055ced0a8e58ff6b29a27683b3e5073e906314,d9920776bab8d0eed57ab4290ecc53ec2afb67c46abab74382e852c42ac6b70e,SUPPORTED,
21:2021:SHADOW_INFERENCE_ISSUED:000051,2021,2021-05-22T16:43:16Z,SHADOW_INFERENCE_ISSUED,21,phase3:2021_car21,phase3:2021_car21:h90,2021-05-22T16:43:16Z,"{""applicability_status"": ""SUPPORTED"", ""conditional_physical_opportunity_value"": -0.007034363186346314, ""expected_delta_v"": -0.007034363186346314, ""explanation"": {""current_track_to_ambient_thermal_gap_c"": 8.333333333333332, ""forecast_ambient_trajectory_c"": {""current_ambient_temp_c"": 26.666666666666668, ""delta_ambient_temp_c"": 1.2156819661458549, ""forecast_future_ambient_temp_c"": 27.882348632812523}, ""note"": ""These are the exact closed-form M2b_mean_solar terms FINAL_V2's adapter already evaluates for this horizon (see final_v2_adapter.py); shown here for display only, not a separate model or decomposition."", ""predicted_future_track_temperature_change_c"": 6.379584849779978, ""solar_elevation_mean_deg"": 68.0840226866608, ""uncertainty_source_reference"": {""interpretation"": ""Frozen V2-D sensitivity ablation: fraction of this horizon's 80% predictive-interval width attributable to removing empirical attempt-level performance residual uncertainty. This is a global, frozen reference for the horizon, not a decomposition specific to this one prediction."", ""pi80_width_reduction_vs_full_removing_empirical_residual"": 0.7587800187488541, ""source"": ""weather/output/v2d_uncertainty_ablation/v2d_uncertainty_ablation_width_reduction_v1.csv"", ""variant"": ""NO_RESIDUAL""}}, ""horizon_minutes"": 90, ""median_delta_v"": 0.0016796222707782457, ""p_improve"": 0.5015, ""pi80_high"": 0.7760870420980003, ""pi80_low"": -0.8111415178170883, ""pi90_high"": 1.2634724555925247, ""pi90_low"": -1.2623825472985961, ""queue_time_prediction"": ""NOT MODELLED"", ""retain_withdraw_recommendation"": ""NOT ISSUED""}",HRRR:20210522:2:2021-05-22 16:00:00+00:00:2021-05-22 18:00:00+00:00;008900eb428ad820bea907f91fe7c77a7e5965b56e20993b5acf9aed7627099d,6c05a137e171e0e1d69c09148d055ced0a8e58ff6b29a27683b3e5073e906314,197170f61375d9332ada2cbeb22002a1ef4d363a60b334385cd6910fb6756b88,SUPPORTED,
21:2021:SHADOW_INFERENCE_ISSUED:000053,2021,2021-05-22T16:43:16Z,SHADOW_INFERENCE_ISSUED,21,phase3:2021_car21,phase3:2021_car21:h120,2021-05-22T16:43:16Z,"{""applicability_status"": ""SUPPORTED"", ""conditional_physical_opportunity_value"": 0.014028248180840483, ""expected_delta_v"": 0.014028248180840483, ""explanation"": {""current_track_to_ambient_thermal_gap_c"": 8.333333333333332, ""forecast_ambient_trajectory_c"": {""current_ambient_temp_c"": 26.666666666666668, ""delta_ambient_temp_c"": 1.5078877766927299, ""forecast_future_ambient_temp_c"": 28.174554443359398}, ""note"": ""These are the exact closed-form M2b_mean_solar terms FINAL_V2's adapter already evaluates for this horizon (see final_v2_adapter.py); shown here for display only, not a separate model or decomposition."", ""predicted_future_track_temperature_change_c"": 7.332407382651838, ""solar_elevation_mean_deg"": 66.62722284706922, ""uncertainty_source_reference"": {""interpretation"": ""Frozen V2-D sensitivity ablation: fraction of this horizon's 80% predictive-interval width attributable to removing empirical attempt-level performance residual uncertainty. This is a global, frozen reference for the horizon, not a decomposition specific to this one prediction."", ""pi80_width_reduction_vs_full_removing_empirical_residual"": 0.7279196050802543, ""source"": ""weather/output/v2d_uncertainty_ablation/v2d_uncertainty_ablation_width_reduction_v1.csv"", ""variant"": ""NO_RESIDUAL""}}, ""horizon_minutes"": 120, ""median_delta_v"": 0.020152323229701757, ""p_improve"": 0.5157, ""pi80_high"": 0.798168032446959, ""pi80_low"": -0.7983261402343826, ""pi90_high"": 1.2932995378329297, ""pi90_low"": -1.2544515891252885, ""queue_time_prediction"": ""NOT MODELLED"", ""retain_withdraw_recommendation"": ""NOT ISSUED""}",HRRR:20210522:3:2021-05-22 16:00:00+00:00:2021-05-22 19:00:00+00:00;008900eb428ad820bea907f91fe7c77a7e5965b56e20993b5acf9aed7627099d,6c05a137e171e0e1d69c09148d055ced0a8e58ff6b29a27683b3e5073e906314,c0664a3b62ebee94d2e8cc743ddd4152e9615b69f31a7080b80b67713a5e98b3,SUPPORTED,
86:2021:APPLICABILITY_CHANGED:000138,2021,2021-05-22T17:11:36Z,APPLICABILITY_CHANGED,86,phase3:2021_car86,,2021-05-22T17:11:36Z,"{""category"": ""CONDITIONAL_OUTLOOK_SUPPORTED_BUT_HISTORICAL_SCORING_UNSUPPORTED"", ""historical_evaluation_support"": {""anchor_horizon_min"": null, ""status"": ""ABSTAINED""}, ""inference_support"": {""abstained_horizons_min"": [], ""supported_horizons_min"": [15, 30, 60, 90, 120]}, ""strategy_identifiability"": {""note"": ""This project does not model opportunity timing and never issues a strategy recommendation."", ""status"": ""NOT_MODELLED""}}",,,7c3b2e403e708d20108c8276ead51c18fd4671426278f31a1e833d812ccdeb3a,CONDITIONAL_OUTLOOK_SUPPORTED_BUT_HISTORICAL_SCORING_UNSUPPORTED,
86:2021:FORECAST_AVAILABLE:000128,2021,2021-05-22T17:11:36Z,FORECAST_AVAILABLE,86,phase3:2021_car86,,2021-05-22T17:11:36Z,"{""forecast_ambient_temp_c"": 26.869470214843773, ""forecast_issue_time"": ""2021-05-22T17:00:00Z"", ""forecast_valid_time"": ""2021-05-22T17:00:00Z"", ""horizon_minutes"": 15, ""valid_time_error_minutes"": 26.6}",HRRR:20210522:0:2021-05-22 17:00:00+00:00:2021-05-22 17:00:00+00:00,,4c8373aac441a180e18f6a891801d1ac154dd3ccedfd45ac58ed9820b8b6da3a,OK,
86:2021:FORECAST_AVAILABLE:000130,2021,2021-05-22T17:11:36Z,FORECAST_AVAILABLE,86,phase3:2021_car86,,2021-05-22T17:11:36Z,"{""forecast_ambient_temp_c"": 27.901300048828148, ""forecast_issue_time"": ""2021-05-22T17:00:00Z"", ""forecast_valid_time"": ""2021-05-22T18:00:00Z"", ""horizon_minutes"": 30, ""valid_time_error_minutes"": 18.4}",HRRR:20210522:1:2021-05-22 17:00:00+00:00:2021-05-22 18:00:00+00:00,,3688aa790aad5b8432d503e7bc22d4ae6f3912c34caecda6049a013721f48227,OK,
86:2021:FORECAST_AVAILABLE:000132,2021,2021-05-22T17:11:36Z,FORECAST_AVAILABLE,86,phase3:2021_car86,,2021-05-22T17:11:36Z,"{""forecast_ambient_temp_c"": 27.901300048828148, ""forecast_issue_time"": ""2021-05-22T17:00:00Z"", ""forecast_valid_time"": ""2021-05-22T18:00:00Z"", ""horizon_minutes"": 60, ""valid_time_error_minutes"": 11.6}",HRRR:20210522:1:2021-05-22 17:00:00+00:00:2021-05-22 18:00:00+00:00,,c8cffc37eaab60e5af5333be029fb53fcadb7a55b3ec1ade8dad731de188ceb0,OK,
86:2021:FORECAST_AVAILABLE:000134,2021,2021-05-22T17:11:36Z,FORECAST_AVAILABLE,86,phase3:2021_car86,,2021-05-22T17:11:36Z,"{""forecast_ambient_temp_c"": 28.738702392578148, ""forecast_issue_time"": ""2021-05-22T17:00:00Z"", ""forecast_valid_time"": ""2021-05-22T19:00:00Z"", ""horizon_minutes"": 90, ""valid_time_error_minutes"": 18.4}",HRRR:20210522:2:2021-05-22 17:00:00+00:00:2021-05-22 19:00:00+00:00,,d9eb2d0f1a134e69af71c3440ea968a0201b64afca96d598fed109e966397147,OK,
86:2021:FORECAST_AVAILABLE:000136,2021,2021-05-22T17:11:36Z,FORECAST_AVAILABLE,86,phase3:2021_car86,,2021-05-22T17:11:36Z,"{""forecast_ambient_temp_c"": 28.738702392578148, ""forecast_issue_time"": ""2021-05-22T17:00:00Z"", ""forecast_valid_time"": ""2021-05-22T19:00:00Z"", ""horizon_minutes"": 120, ""valid_time_error_minutes"": 11.6}",HRRR:20210522:2:2021-05-22 17:00:00+00:00:2021-05-22 19:00:00+00:00,,46732eaf49162dfd2ab7763f7c9b43fef513abfdc185d3349507a8acb823fb0d,OK,
86:2021:PHYSICAL_STATE_OBSERVED:000127,2021,2021-05-22T17:11:36Z,PHYSICAL_STATE_OBSERVED,86,,,2021-05-22T17:11:36Z,"{""current_ambient_temp_c"": 27.22222222222222, ""current_track_temp_c"": 36.666666666666664}",,,5423f305d8765ed89f75fb68c1de43efb420506a053d3e846462cf6bbdff3490,OK,
86:2021:SHADOW_INFERENCE_ISSUED:000129,2021,2021-05-22T17:11:36Z,SHADOW_INFERENCE_ISSUED,86,phase3:2021_car86,phase3:2021_car86:h15,2021-05-22T17:11:36Z,"{""applicability_status"": ""SUPPORTED"", ""conditional_physical_opportunity_value"": -0.09404511438095499, ""expected_delta_v"": -0.09404511438095499, ""explanation"": {""current_track_to_ambient_thermal_gap_c"": 9.444444444444443, ""forecast_ambient_trajectory_c"": {""current_ambient_temp_c"": 27.22222222222222, ""delta_ambient_temp_c"": -0.3527520073784487, ""forecast_future_ambient_temp_c"": 26.869470214843773}, ""note"": ""These are the exact closed-form M2b_mean_solar terms FINAL_V2's adapter already evaluates for this horizon (see final_v2_adapter.py); shown here for display only, not a separate model or decomposition."", ""predicted_future_track_temperature_change_c"": 0.5774231717766234, ""solar_elevation_mean_deg"": 69.8445609301619, ""uncertainty_source_reference"": {""interpretation"": ""Frozen V2-D sensitivity ablation: fraction of this horizon's 80% predictive-interval width attributable to removing empirical attempt-level performance residual uncertainty. This is a global, frozen reference for the horizon, not a decomposition specific to this one prediction."", ""pi80_width_reduction_vs_full_removing_empirical_residual"": 0.9042389450398576, ""source"": ""weather/output/v2d_uncertainty_ablation/v2d_uncertainty_ablation_width_reduction_v1.csv"", ""variant"": ""NO_RESIDUAL""}}, ""horizon_minutes"": 15, ""median_delta_v"": -0.09035173865907604, ""p_improve"": 0.4201, ""pi80_high"": 0.6775806567181832, ""pi80_low"": -0.826007188950602, ""pi90_high"": 1.1312705179959208, ""pi90_low"": -1.3108587703459813, ""queue_time_prediction"": ""NOT MODELLED"", ""retain_withdraw_recommendation"": ""NOT ISSUED""}",HRRR:20210522:0:2021-05-22 17:00:00+00:00:2021-05-22 17:00:00+00:00;008900eb428ad820bea907f91fe7c77a7e5965b56e20993b5acf9aed7627099d,0759341514db26b02b75757e11d97cdb4bab995d9c3365c259b31d7fc6d675a0,26ca3926fcc8135fc9b2cb33d39e5551e799ab5957e51246729eb79359393c07,SUPPORTED,
86:2021:SHADOW_INFERENCE_ISSUED:000131,2021,2021-05-22T17:11:36Z,SHADOW_INFERENCE_ISSUED,86,phase3:2021_car86,phase3:2021_car86:h30,2021-05-22T17:11:36Z,"{""applicability_status"": ""SUPPORTED"", ""conditional_physical_opportunity_value"": 0.03694987113138107, ""expected_delta_v"": 0.03694987113138107, ""explanation"": {""current_track_to_ambient_thermal_gap_c"": 9.444444444444443, ""forecast_ambient_trajectory_c"": {""current_ambient_temp_c"": 27.22222222222222, ""delta_ambient_temp_c"": 0.6790778266059263, ""forecast_future_ambient_temp_c"": 27.901300048828148}, ""note"": ""These are the exact closed-form M2b_mean_solar terms FINAL_V2's adapter already evaluates for this horizon (see final_v2_adapter.py); shown here for display only, not a separate model or decomposition."", ""predicted_future_track_temperature_change_c"": 2.471519911048179, ""solar_elevation_mean_deg"": 69.97154358478005, ""uncertainty_source_reference"": {""interpretation"": ""Frozen V2-D sensitivity ablation: fraction of this horizon's 80% predictive-interval width attributable to removing empirical attempt-level performance residual uncertainty. This is a global, frozen reference for the horizon, not a decomposition specific to this one prediction."", ""pi80_width_reduction_vs_full_removing_empirical_residual"": 0.8554256022935537, ""source"": ""weather/output/v2d_uncertainty_ablation/v2d_uncertainty_ablation_width_reduction_v1.csv"", ""variant"": ""NO_RESIDUAL""}}, ""horizon_minutes"": 30, ""median_delta_v"": 0.04174710586938892, ""p_improve"": 0.53325, ""pi80_high"": 0.8008625288433476, ""pi80_low"": -0.7038599114101058, ""pi90_high"": 1.2702923238083397, ""pi90_low"": -1.183613691281485, ""queue_time_prediction"": ""NOT MODELLED"", ""retain_withdraw_recommendation"": ""NOT ISSUED""}",HRRR:20210522:1:2021-05-22 17:00:00+00:00:2021-05-22 18:00:00+00:00;008900eb428ad820bea907f91fe7c77a7e5965b56e20993b5acf9aed7627099d,0759341514db26b02b75757e11d97cdb4bab995d9c3365c259b31d7fc6d675a0,651aeeca8e65e3356dc92949c5e29ad2d2b28aeefbdfd4cb4345b6bc01166d8c,SUPPORTED,
86:2021:SHADOW_INFERENCE_ISSUED:000133,2021,2021-05-22T17:11:36Z,SHADOW_INFERENCE_ISSUED,86,phase3:2021_car86,phase3:2021_car86:h60,2021-05-22T17:11:36Z,"{""applicability_status"": ""SUPPORTED"", ""conditional_physical_opportunity_value"": -0.031457825748755275, ""expected_delta_v"": -0.031457825748755275, ""explanation"": {""current_track_to_ambient_thermal_gap_c"": 9.444444444444443, ""forecast_ambient_trajectory_c"": {""current_ambient_temp_c"": 27.22222222222222, ""delta_ambient_temp_c"": 0.6790778266059263, ""forecast_future_ambient_temp_c"": 27.901300048828148}, ""note"": ""These are the exact closed-form M2b_mean_solar terms FINAL_V2's adapter already evaluates for this horizon (see final_v2_adapter.py); shown here for display only, not a separate model or decomposition."", ""predicted_future_track_temperature_change_c"": 4.256364155910278, ""solar_elevation_mean_deg"": 69.44748624678218, ""uncertainty_source_reference"": {""interpretation"": ""Frozen V2-D sensitivity ablation: fraction of this horizon's 80% predictive-interval width attributable to removing empirical attempt-level performance residual uncertainty. This is a global, frozen reference for the horizon, not a decomposition specific to this one prediction."", ""pi80_width_reduction_vs_full_removing_empirical_residual"": 0.798707118459242, ""source"": ""weather/output/v2d_uncertainty_ablation/v2d_uncertainty_ablation_width_reduction_v1.csv"", ""variant"": ""NO_RESIDUAL""}}, ""horizon_minutes"": 60, ""median_delta_v"": -0.027143907869724364, ""p_improve"": 0.47905, ""pi80_high"": 0.7435330313705356, ""pi80_low"": -0.8100328726575993, ""pi90_high"": 1.225238075242654, ""pi90_low"": -1.2566596833775758, ""queue_time_prediction"": ""NOT MODELLED"", ""retain_withdraw_recommendation"": ""NOT ISSUED""}",HRRR:20210522:1:2021-05-22 17:00:00+00:00:2021-05-22 18:00:00+00:00;008900eb428ad820bea907f91fe7c77a7e5965b56e20993b5acf9aed7627099d,0759341514db26b02b75757e11d97cdb4bab995d9c3365c259b31d7fc6d675a0,1b1d765bb9324d524a0a402bfd06901cb91dc81f9acfbac490ecabea41b51074,SUPPORTED,
86:2021:SHADOW_INFERENCE_ISSUED:000135,2021,2021-05-22T17:11:36Z,SHADOW_INFERENCE_ISSUED,86,phase3:2021_car86,phase3:2021_car86:h90,2021-05-22T17:11:36Z,"{""applicability_status"": ""SUPPORTED"", ""conditional_physical_opportunity_value"": 0.04522294708944455, ""expected_delta_v"": 0.04522294708944455, ""explanation"": {""current_track_to_ambient_thermal_gap_c"": 9.444444444444443, ""forecast_ambient_trajectory_c"": {""current_ambient_temp_c"": 27.22222222222222, ""delta_ambient_temp_c"": 1.5164801703559263, ""forecast_future_ambient_temp_c"": 28.738702392578148}, ""note"": ""These are the exact closed-form M2b_mean_solar terms FINAL_V2's adapter already evaluates for this horizon (see final_v2_adapter.py); shown here for display only, not a separate model or decomposition."", ""predicted_future_track_temperature_change_c"": 6.571988022850203, ""solar_elevation_mean_deg"": 68.03222469887189, ""uncertainty_source_reference"": {""interpretation"": ""Frozen V2-D sensitivity ablation: fraction of this horizon's 80% predictive-interval width attributable to removing empirical attempt-level performance residual uncertainty. This is a global, frozen reference for the horizon, not a decomposition specific to this one prediction."", ""pi80_width_reduction_vs_full_removing_empirical_residual"": 0.7587800187488541, ""source"": ""weather/output/v2d_uncertainty_ablation/v2d_uncertainty_ablation_width_reduction_v1.csv"", ""variant"": ""NO_RESIDUAL""}}, ""horizon_minutes"": 90, ""median_delta_v"": 0.052263463264579646, ""p_improve"": 0.54145, ""pi80_high"": 0.8251154757295254, ""pi80_low"": -0.7519856098124553, ""pi90_high"": 1.3134096336543184, ""pi90_low"": -1.2068934431145015, ""queue_time_prediction"": ""NOT MODELLED"", ""retain_withdraw_recommendation"": ""NOT ISSUED""}",HRRR:20210522:2:2021-05-22 17:00:00+00:00:2021-05-22 19:00:00+00:00;008900eb428ad820bea907f91fe7c77a7e5965b56e20993b5acf9aed7627099d,0759341514db26b02b75757e11d97cdb4bab995d9c3365c259b31d7fc6d675a0,bf81d895874185251f0343e715a1e7a7ec5f74412a6d1134918af72625ae7b69,SUPPORTED,
86:2021:SHADOW_INFERENCE_ISSUED:000137,2021,2021-05-22T17:11:36Z,SHADOW_INFERENCE_ISSUED,86,phase3:2021_car86,phase3:2021_car86:h120,2021-05-22T17:11:36Z,"{""applicability_status"": ""SUPPORTED"", ""conditional_physical_opportunity_value"": 0.028880614104533544, ""expected_delta_v"": 0.028880614104533544, ""explanation"": {""current_track_to_ambient_thermal_gap_c"": 9.444444444444443, ""forecast_ambient_trajectory_c"": {""current_ambient_temp_c"": 27.22222222222222, ""delta_ambient_temp_c"": 1.5164801703559263, ""forecast_future_ambient_temp_c"": 28.738702392578148}, ""note"": ""These are the exact closed-form M2b_mean_solar terms FINAL_V2's adapter already evaluates for this horizon (see final_v2_adapter.py); shown here for display only, not a separate model or decomposition."", ""predicted_future_track_temperature_change_c"": 6.99553782802467, ""solar_elevation_mean_deg"": 66.0037845926439, ""uncertainty_source_reference"": {""interpretation"": ""Frozen V2-D sensitivity ablation: fraction of this horizon's 80% predictive-interval width attributable to removing empirical attempt-level performance residual uncertainty. This is a global, frozen reference for the horizon, not a decomposition specific to this one prediction."", ""pi80_width_reduction_vs_full_removing_empirical_residual"": 0.7279196050802543, ""source"": ""weather/output/v2d_uncertainty_ablation/v2d_uncertainty_ablation_width_reduction_v1.csv"", ""variant"": ""NO_RESIDUAL""}}, ""horizon_minutes"": 120, ""median_delta_v"": 0.03416874815223934, ""p_improve"": 0.52885, ""pi80_high"": 0.8176847576291266, ""pi80_low"": -0.7785541375600475, ""pi90_high"": 1.3033070676792118, ""pi90_low"": -1.2330996635116787, ""queue_time_prediction"": ""NOT MODELLED"", ""retain_withdraw_recommendation"": ""NOT ISSUED""}",HRRR:20210522:2:2021-05-22 17:00:00+00:00:2021-05-22 19:00:00+00:00;008900eb428ad820bea907f91fe7c77a7e5965b56e20993b5acf9aed7627099d,0759341514db26b02b75757e11d97cdb4bab995d9c3365c259b31d7fc6d675a0,9e51021a1977f526c3f14271d9ec42924a04c18bee283190d8d5701ce17a3d8f,SUPPORTED,
12:2021:APPLICABILITY_CHANGED:000012,2021,2021-05-22T17:21:36Z,APPLICABILITY_CHANGED,12,phase3:2021_car12,,2021-05-22T17:21:36Z,"{""category"": ""CONDITIONAL_OUTLOOK_SUPPORTED_BUT_HISTORICAL_SCORING_UNSUPPORTED"", ""historical_evaluation_support"": {""anchor_horizon_min"": null, ""status"": ""ABSTAINED""}, ""inference_support"": {""abstained_horizons_min"": [], ""supported_horizons_min"": [15, 30, 60, 90, 120]}, ""strategy_identifiability"": {""note"": ""This project does not model opportunity timing and never issues a strategy recommendation."", ""status"": ""NOT_MODELLED""}}",,,8cf8fbdd398e39e01601179994ab5311f4eb2ddf50ec0d6385753492a1035149,CONDITIONAL_OUTLOOK_SUPPORTED_BUT_HISTORICAL_SCORING_UNSUPPORTED,
12:2021:FORECAST_AVAILABLE:000002,2021,2021-05-22T17:21:36Z,FORECAST_AVAILABLE,12,phase3:2021_car12,,2021-05-22T17:21:36Z,"{""forecast_ambient_temp_c"": 27.901300048828148, ""forecast_issue_time"": ""2021-05-22T17:00:00Z"", ""forecast_valid_time"": ""2021-05-22T18:00:00Z"", ""horizon_minutes"": 15, ""valid_time_error_minutes"": 23.4}",HRRR:20210522:1:2021-05-22 17:00:00+00:00:2021-05-22 18:00:00+00:00,,315dba401432e746c7d1abcddd03332f6c95058a95699d9823b16984a8a1b892,OK,
12:2021:FORECAST_AVAILABLE:000004,2021,2021-05-22T17:21:36Z,FORECAST_AVAILABLE,12,phase3:2021_car12,,2021-05-22T17:21:36Z,"{""forecast_ambient_temp_c"": 27.901300048828148, ""forecast_issue_time"": ""2021-05-22T17:00:00Z"", ""forecast_valid_time"": ""2021-05-22T18:00:00Z"", ""horizon_minutes"": 30, ""valid_time_error_minutes"": 8.4}",HRRR:20210522:1:2021-05-22 17:00:00+00:00:2021-05-22 18:00:00+00:00,,cbac3bd82e8ec1b8cf9065db6fdce6fdd36dee64a2d49cb837852a3eadf87f76,OK,
12:2021:FORECAST_AVAILABLE:000006,2021,2021-05-22T17:21:36Z,FORECAST_AVAILABLE,12,phase3:2021_car12,,2021-05-22T17:21:36Z,"{""forecast_ambient_temp_c"": 27.901300048828148, ""forecast_issue_time"": ""2021-05-22T17:00:00Z"", ""forecast_valid_time"": ""2021-05-22T18:00:00Z"", ""horizon_minutes"": 60, ""valid_time_error_minutes"": 21.6}",HRRR:20210522:1:2021-05-22 17:00:00+00:00:2021-05-22 18:00:00+00:00,,a87f5fbcce744090e25ea493100a57a00bc0188895a986c22d72fea7eeae6140,OK,
12:2021:FORECAST_AVAILABLE:000008,2021,2021-05-22T17:21:36Z,FORECAST_AVAILABLE,12,phase3:2021_car12,,2021-05-22T17:21:36Z,"{""forecast_ambient_temp_c"": 28.738702392578148, ""forecast_issue_time"": ""2021-05-22T17:00:00Z"", ""forecast_valid_time"": ""2021-05-22T19:00:00Z"", ""horizon_minutes"": 90, ""valid_time_error_minutes"": 8.4}",HRRR:20210522:2:2021-05-22 17:00:00+00:00:2021-05-22 19:00:00+00:00,,49e6a84695f14a40e01bba8a9e6210591a8e9209859d5bb2ad94fbfbdceb595a,OK,
12:2021:FORECAST_AVAILABLE:000010,2021,2021-05-22T17:21:36Z,FORECAST_AVAILABLE,12,phase3:2021_car12,,2021-05-22T17:21:36Z,"{""forecast_ambient_temp_c"": 28.738702392578148, ""forecast_issue_time"": ""2021-05-22T17:00:00Z"", ""forecast_valid_time"": ""2021-05-22T19:00:00Z"", ""horizon_minutes"": 120, ""valid_time_error_minutes"": 21.6}",HRRR:20210522:2:2021-05-22 17:00:00+00:00:2021-05-22 19:00:00+00:00,,c1418e57a5d2002d478374041f8c0f4bd4c29e75086e9a0432870f72c701bfbe,OK,
12:2021:PHYSICAL_STATE_OBSERVED:000001,2021,2021-05-22T17:21:36Z,PHYSICAL_STATE_OBSERVED,12,,,2021-05-22T17:21:36Z,"{""current_ambient_temp_c"": 27.77777777777778, ""current_track_temp_c"": 38.333333333333336}",,,dff19f2c45ab9f04f7e3cf28c48e5d9a1356ad9dd562d7227fb5809e59a6aa7e,OK,
12:2021:SHADOW_INFERENCE_ISSUED:000003,2021,2021-05-22T17:21:36Z,SHADOW_INFERENCE_ISSUED,12,phase3:2021_car12,phase3:2021_car12:h15,2021-05-22T17:21:36Z,"{""applicability_status"": ""SUPPORTED"", ""conditional_physical_opportunity_value"": -0.0130319618202389, ""expected_delta_v"": -0.0130319618202389, ""explanation"": {""current_track_to_ambient_thermal_gap_c"": 10.555555555555557, ""forecast_ambient_trajectory_c"": {""current_ambient_temp_c"": 27.77777777777778, ""delta_ambient_temp_c"": 0.12352227105036917, ""forecast_future_ambient_temp_c"": 27.901300048828148}, ""note"": ""These are the exact closed-form M2b_mean_solar terms FINAL_V2's adapter already evaluates for this horizon (see final_v2_adapter.py); shown here for display only, not a separate model or decomposition."", ""predicted_future_track_temperature_change_c"": 0.9263875036420933, ""solar_elevation_mean_deg"": 70.23873869699402, ""uncertainty_source_reference"": {""interpretation"": ""Frozen V2-D sensitivity ablation: fraction of this horizon's 80% predictive-interval width attributable to removing empirical attempt-level performance residual uncertainty. This is a global, frozen reference for the horizon, not a decomposition specific to this one prediction."", ""pi80_width_reduction_vs_full_removing_empirical_residual"": 0.9042389450398576, ""source"": ""weather/output/v2d_uncertainty_ablation/v2d_uncertainty_ablation_width_reduction_v1.csv"", ""variant"": ""NO_RESIDUAL""}}, ""horizon_minutes"": 15, ""median_delta_v"": -0.008977167085551295, ""p_improve"": 0.4907, ""pi80_high"": 0.7443131359687098, ""pi80_low"": -0.7528675674463521, ""pi90_high"": 1.206483259389978, ""pi90_low"": -1.229109852113867, ""queue_time_prediction"": ""NOT MODELLED"", ""retain_withdraw_recommendation"": ""NOT ISSUED""}",HRRR:20210522:1:2021-05-22 17:00:00+00:00:2021-05-22 18:00:00+00:00;008900eb428ad820bea907f91fe7c77a7e5965b56e20993b5acf9aed7627099d,84e73623514004e82b1db3e72c3866db4f62d4322f708d560c2b8e499a744d77,7938da209770aebee1dfdff77a55da9e381972e5d8b79fc4c9b637529f7acb43,SUPPORTED,
12:2021:SHADOW_INFERENCE_ISSUED:000005,2021,2021-05-22T17:21:36Z,SHADOW_INFERENCE_ISSUED,12,phase3:2021_car12,phase3:2021_car12:h30,2021-05-22T17:21:36Z,"{""applicability_status"": ""SUPPORTED"", ""conditional_physical_opportunity_value"": -0.0463922675918781, ""expected_delta_v"": -0.0463922675918781, ""explanation"": {""current_track_to_ambient_thermal_gap_c"": 10.555555555555557, ""forecast_ambient_trajectory_c"": {""current_ambient_temp_c"": 27.77777777777778, ""delta_ambient_temp_c"": 0.12352227105036917, ""forecast_future_ambient_temp_c"": 27.901300048828148}, ""note"": ""These are the exact closed-form M2b_mean_solar terms FINAL_V2's adapter already evaluates for this horizon (see final_v2_adapter.py); shown here for display only, not a separate model or decomposition."", ""predicted_future_track_temperature_change_c"": 1.7785580680351907, ""solar_elevation_mean_deg"": 70.19030433642158, ""uncertainty_source_reference"": {""interpretation"": ""Frozen V2-D sensitivity ablation: fraction of this horizon's 80% predictive-interval width attributable to removing empirical attempt-level performance residual uncertainty. This is a global, frozen reference for the horizon, not a decomposition specific to this one prediction."", ""pi80_width_reduction_vs_full_removing_empirical_residual"": 0.8554256022935537, ""source"": ""weather/output/v2d_uncertainty_ablation/v2d_uncertainty_ablation_width_reduction_v1.csv"", ""variant"": ""NO_RESIDUAL""}}, ""horizon_minutes"": 30, ""median_delta_v"": -0.043823169221535486, ""p_improve"": 0.46425, ""pi80_high"": 0.7258438694187038, ""pi80_low"": -0.7813920414464244, ""pi90_high"": 1.1854864589513683, ""pi90_low"": -1.26359645963776, ""queue_time_prediction"": ""NOT MODELLED"", ""retain_withdraw_recommendation"": ""NOT ISSUED""}",HRRR:20210522:1:2021-05-22 17:00:00+00:00:2021-05-22 18:00:00+00:00;008900eb428ad820bea907f91fe7c77a7e5965b56e20993b5acf9aed7627099d,84e73623514004e82b1db3e72c3866db4f62d4322f708d560c2b8e499a744d77,ede3de45ec49ea627879182a5b930d2ec1ea95a7d754dbf27ea6cd58958f6d1b,SUPPORTED,
12:2021:SHADOW_INFERENCE_ISSUED:000007,2021,2021-05-22T17:21:36Z,SHADOW_INFERENCE_ISSUED,12,phase3:2021_car12,phase3:2021_car12:h60,2021-05-22T17:21:36Z,"{""applicability_status"": ""SUPPORTED"", ""conditional_physical_opportunity_value"": -0.10228422823262569, ""expected_delta_v"": -0.10228422823262569, ""explanation"": {""current_track_to_ambient_thermal_gap_c"": 10.555555555555557, ""forecast_ambient_trajectory_c"": {""current_ambient_temp_c"": 27.77777777777778, ""delta_ambient_temp_c"": 0.12352227105036917, ""forecast_future_ambient_temp_c"": 27.901300048828148}, ""note"": ""These are the exact closed-form M2b_mean_solar terms FINAL_V2's adapter already evaluates for this horizon (see final_v2_adapter.py); shown here for display only, not a separate model or decomposition."", ""predicted_future_track_temperature_change_c"": 3.242662817638982, ""solar_elevation_mean_deg"": 69.3419759609496, ""uncertainty_source_reference"": {""interpretation"": ""Frozen V2-D sensitivity ablation: fraction of this horizon's 80% predictive-interval width attributable to removing empirical attempt-level performance residual uncertainty. This is a global, frozen reference for the horizon, not a decomposition specific to this one prediction."", ""pi80_width_reduction_vs_full_removing_empirical_residual"": 0.798707118459242, ""source"": ""weather/output/v2d_uncertainty_ablation/v2d_uncertainty_ablation_width_reduction_v1.csv"", ""variant"": ""NO_RESIDUAL""}}, ""horizon_minutes"": 60, ""median_delta_v"": -0.09715370823051844, ""p_improve"": 0.4207, ""pi80_high"": 0.6752521782490349, ""pi80_low"": -0.8887752567127986, ""pi90_high"": 1.1612714556879644, ""pi90_low"": -1.32976254136192, ""queue_time_prediction"": ""NOT MODELLED"", ""retain_withdraw_recommendation"": ""NOT ISSUED""}",HRRR:20210522:1:2021-05-22 17:00:00+00:00:2021-05-22 18:00:00+00:00;008900eb428ad820bea907f91fe7c77a7e5965b56e20993b5acf9aed7627099d,84e73623514004e82b1db3e72c3866db4f62d4322f708d560c2b8e499a744d77,05a814ed970088df06886e96e625fc2b750fccc67799f627e4ee39bc884cd2d9,SUPPORTED,
12:2021:SHADOW_INFERENCE_ISSUED:000009,2021,2021-05-22T17:21:36Z,SHADOW_INFERENCE_ISSUED,12,phase3:2021_car12,phase3:2021_car12:h90,2021-05-22T17:21:36Z,"{""applicability_status"": ""SUPPORTED"", ""conditional_physical_opportunity_value"": -0.01849319034933243, ""expected_delta_v"": -0.01849319034933243, ""explanation"": {""current_track_to_ambient_thermal_gap_c"": 10.555555555555557, ""forecast_ambient_trajectory_c"": {""current_ambient_temp_c"": 27.77777777777778, ""delta_ambient_temp_c"": 0.9609246148003692, ""forecast_future_ambient_temp_c"": 28.738702392578148}, ""note"": ""These are the exact closed-form M2b_mean_solar terms FINAL_V2's adapter already evaluates for this horizon (see final_v2_adapter.py); shown here for display only, not a separate model or decomposition."", ""predicted_future_track_temperature_change_c"": 5.376072647937669, ""solar_elevation_mean_deg"": 67.6911155151895, ""uncertainty_source_reference"": {""interpretation"": ""Frozen V2-D sensitivity ablation: fraction of this horizon's 80% predictive-interval width attributable to removing empirical attempt-level performance residual uncertainty. This is a global, frozen reference for the horizon, not a decomposition specific to this one prediction."", ""pi80_width_reduction_vs_full_removing_empirical_residual"": 0.7587800187488541, ""source"": ""weather/output/v2d_uncertainty_ablation/v2d_uncertainty_ablation_width_reduction_v1.csv"", ""variant"": ""NO_RESIDUAL""}}, ""horizon_minutes"": 90, ""median_delta_v"": -0.009497358944987393, ""p_improve"": 0.4924, ""pi80_high"": 0.7677063799887215, ""pi80_low"": -0.8185196377550689, ""pi90_high"": 1.2477907042030232, ""pi90_low"": -1.2674658233839367, ""queue_time_prediction"": ""NOT MODELLED"", ""retain_withdraw_recommendation"": ""NOT ISSUED""}",HRRR:20210522:2:2021-05-22 17:00:00+00:00:2021-05-22 19:00:00+00:00;008900eb428ad820bea907f91fe7c77a7e5965b56e20993b5acf9aed7627099d,84e73623514004e82b1db3e72c3866db4f62d4322f708d560c2b8e499a744d77,916f4d9a76eeb3bdb8373567da6e9d8515c43a6f123b27cd109097d993e991a5,SUPPORTED,
12:2021:SHADOW_INFERENCE_ISSUED:000011,2021,2021-05-22T17:21:36Z,SHADOW_INFERENCE_ISSUED,12,phase3:2021_car12,phase3:2021_car12:h120,2021-05-22T17:21:36Z,"{""applicability_status"": ""SUPPORTED"", ""conditional_physical_opportunity_value"": -0.029960926719628106, ""expected_delta_v"": -0.029960926719628106, ""explanation"": {""current_track_to_ambient_thermal_gap_c"": 10.555555555555557, ""forecast_ambient_trajectory_c"": {""current_ambient_temp_c"": 27.77777777777778, ""delta_ambient_temp_c"": 0.9609246148003692, ""forecast_future_ambient_temp_c"": 28.738702392578148}, ""note"": ""These are the exact closed-form M2b_mean_solar terms FINAL_V2's adapter already evaluates for this horizon (see final_v2_adapter.py); shown here for display only, not a separate model or decomposition."", ""predicted_future_track_temperature_change_c"": 5.674701663167785, ""solar_elevation_mean_deg"": 65.51528095687256, ""uncertainty_source_reference"": {""interpretation"": ""Frozen V2-D sensitivity ablation: fraction of this horizon's 80% predictive-interval width attributable to removing empirical attempt-level performance residual uncertainty. This is a global, frozen reference for the horizon, not a decomposition specific to this one prediction."", ""pi80_width_reduction_vs_full_removing_empirical_residual"": 0.7279196050802543, ""source"": ""weather/output/v2d_uncertainty_ablation/v2d_uncertainty_ablation_width_reduction_v1.csv"", ""variant"": ""NO_RESIDUAL""}}, ""horizon_minutes"": 120, ""median_delta_v"": -0.023126736271912293, ""p_improve"": 0.4813, ""pi80_high"": 0.7597056383522177, ""pi80_low"": -0.8413929652419567, ""pi90_high"": 1.23991472856562, ""pi90_low"": -1.2926073295320282, ""queue_time_prediction"": ""NOT MODELLED"", ""retain_withdraw_recommendation"": ""NOT ISSUED""}",HRRR:20210522:2:2021-05-22 17:00:00+00:00:2021-05-22 19:00:00+00:00;008900eb428ad820bea907f91fe7c77a7e5965b56e20993b5acf9aed7627099d,84e73623514004e82b1db3e72c3866db4f62d4322f708d560c2b8e499a744d77,6f937790879536b2195030f9b0beb012b74f40650c3a80680ea8af601504d839,SUPPORTED,
7:2021:APPLICABILITY_CHANGED:000124,2021,2021-05-22T17:35:46Z,APPLICABILITY_CHANGED,7,phase3:2021_car7,,2021-05-22T17:35:46Z,"{""category"": ""CONDITIONAL_OUTLOOK_SUPPORTED_BUT_HISTORICAL_SCORING_UNSUPPORTED"", ""historical_evaluation_support"": {""anchor_horizon_min"": null, ""status"": ""ABSTAINED""}, ""inference_support"": {""abstained_horizons_min"": [], ""supported_horizons_min"": [15, 30, 60, 90, 120]}, ""strategy_identifiability"": {""note"": ""This project does not model opportunity timing and never issues a strategy recommendation."", ""status"": ""NOT_MODELLED""}}",,,aa97fd40227eedfc149b740a08606915afba535322c8ce09fb85b4ade97ec0c1,CONDITIONAL_OUTLOOK_SUPPORTED_BUT_HISTORICAL_SCORING_UNSUPPORTED,
7:2021:FORECAST_AVAILABLE:000114,2021,2021-05-22T17:35:46Z,FORECAST_AVAILABLE,7,phase3:2021_car7,,2021-05-22T17:35:46Z,"{""forecast_ambient_temp_c"": 27.901300048828148, ""forecast_issue_time"": ""2021-05-22T17:00:00Z"", ""forecast_valid_time"": ""2021-05-22T18:00:00Z"", ""horizon_minutes"": 15, ""valid_time_error_minutes"": 9.233333333333333}",HRRR:20210522:1:2021-05-22 17:00:00+00:00:2021-05-22 18:00:00+00:00,,306ade41fcffa946959a117970144a2e606b0135ce36684efc99f2ae7eca8921,OK,
7:2021:FORECAST_AVAILABLE:000116,2021,2021-05-22T17:35:46Z,FORECAST_AVAILABLE,7,phase3:2021_car7,,2021-05-22T17:35:46Z,"{""forecast_ambient_temp_c"": 27.901300048828148, ""forecast_issue_time"": ""2021-05-22T17:00:00Z"", ""forecast_valid_time"": ""2021-05-22T18:00:00Z"", ""horizon_minutes"": 30, ""valid_time_error_minutes"": 5.766666666666667}",HRRR:20210522:1:2021-05-22 17:00:00+00:00:2021-05-22 18:00:00+00:00,,e45fbe1963d86707ccbcf666beb34bff2cd41c1ec4950c4fed38abed4f0eea44,OK,
7:2021:FORECAST_AVAILABLE:000118,2021,2021-05-22T17:35:46Z,FORECAST_AVAILABLE,7,phase3:2021_car7,,2021-05-22T17:35:46Z,"{""forecast_ambient_temp_c"": 28.738702392578148, ""forecast_issue_time"": ""2021-05-22T17:00:00Z"", ""forecast_valid_time"": ""2021-05-22T19:00:00Z"", ""horizon_minutes"": 60, ""valid_time_error_minutes"": 24.233333333333334}",HRRR:20210522:2:2021-05-22 17:00:00+00:00:2021-05-22 19:00:00+00:00,,ef5cfae513f31e14b641df07334d25bc3fac431db9f26e501a5147fa739fbbd4,OK,
7:2021:FORECAST_AVAILABLE:000120,2021,2021-05-22T17:35:46Z,FORECAST_AVAILABLE,7,phase3:2021_car7,,2021-05-22T17:35:46Z,"{""forecast_ambient_temp_c"": 28.738702392578148, ""forecast_issue_time"": ""2021-05-22T17:00:00Z"", ""forecast_valid_time"": ""2021-05-22T19:00:00Z"", ""horizon_minutes"": 90, ""valid_time_error_minutes"": 5.766666666666667}",HRRR:20210522:2:2021-05-22 17:00:00+00:00:2021-05-22 19:00:00+00:00,,894cadf345b44bc5061052b4369f483cb4ff1669fa2b17ef923b634b4b6a7590,OK,
7:2021:FORECAST_AVAILABLE:000122,2021,2021-05-22T17:35:46Z,FORECAST_AVAILABLE,7,phase3:2021_car7,,2021-05-22T17:35:46Z,"{""forecast_ambient_temp_c"": 28.270013427734398, ""forecast_issue_time"": ""2021-05-22T17:00:00Z"", ""forecast_valid_time"": ""2021-05-22T20:00:00Z"", ""horizon_minutes"": 120, ""valid_time_error_minutes"": 24.233333333333334}",HRRR:20210522:3:2021-05-22 17:00:00+00:00:2021-05-22 20:00:00+00:00,,877a25acf3df73bb34af55d7f10363f41b671516ba0c4813f1ee25a64179eb0d,OK,
7:2021:PHYSICAL_STATE_OBSERVED:000113,2021,2021-05-22T17:35:46Z,PHYSICAL_STATE_OBSERVED,7,,,2021-05-22T17:35:46Z,"{""current_ambient_temp_c"": 27.77777777777778, ""current_track_temp_c"": 38.333333333333336}",,,42fb867e99cc7770723b0a0c43ea7834cfd30af4c71ac3435c399c14106a3949,OK,
7:2021:SHADOW_INFERENCE_ISSUED:000115,2021,2021-05-22T17:35:46Z,SHADOW_INFERENCE_ISSUED,7,phase3:2021_car7,phase3:2021_car7:h15,2021-05-22T17:35:46Z,"{""applicability_status"": ""SUPPORTED"", ""conditional_physical_opportunity_value"": -0.013135895491290338, ""expected_delta_v"": -0.013135895491290338, ""explanation"": {""current_track_to_ambient_thermal_gap_c"": 10.555555555555557, ""forecast_ambient_trajectory_c"": {""current_ambient_temp_c"": 27.77777777777778, ""delta_ambient_temp_c"": 0.12352227105036917, ""forecast_future_ambient_temp_c"": 27.901300048828148}, ""note"": ""These are the exact closed-form M2b_mean_solar terms FINAL_V2's adapter already evaluates for this horizon (see final_v2_adapter.py); shown here for display only, not a separate model or decomposition."", ""predicted_future_track_temperature_change_c"": 0.9290510012227206, ""solar_elevation_mean_deg"": 70.40822791627708, ""uncertainty_source_reference"": {""interpretation"": ""Frozen V2-D sensitivity ablation: fraction of this horizon's 80% predictive-interval width attributable to removing empirical attempt-level performance residual uncertainty. This is a global, frozen reference for the horizon, not a decomposition specific to this one prediction."", ""pi80_width_reduction_vs_full_removing_empirical_residual"": 0.9042389450398576, ""source"": ""weather/output/v2d_uncertainty_ablation/v2d_uncertainty_ablation_width_reduction_v1.csv"", ""variant"": ""NO_RESIDUAL""}}, ""horizon_minutes"": 15, ""median_delta_v"": -0.009064145196139862, ""p_improve"": 0.49055, ""pi80_high"": 0.7442790383147048, ""pi80_low"": -0.7528800045155863, ""pi90_high"": 1.2063946891692896, ""pi90_low"": -1.229290999410826, ""queue_time_prediction"": ""NOT MODELLED"", ""retain_withdraw_recommendation"": ""NOT ISSUED""}",HRRR:20210522:1:2021-05-22 17:00:00+00:00:2021-05-22 18:00:00+00:00;008900eb428ad820bea907f91fe7c77a7e5965b56e20993b5acf9aed7627099d,da691442a355bc50c7adb31075d79f5df298a8f54f57933aab45e324af9c1c3e,824210b1ef17a52749897bdf0bd0be8b163065196406f5b2ea0e79c018b010fd,SUPPORTED,
7:2021:SHADOW_INFERENCE_ISSUED:000117,2021,2021-05-22T17:35:46Z,SHADOW_INFERENCE_ISSUED,7,phase3:2021_car7,phase3:2021_car7:h30,2021-05-22T17:35:46Z,"{""applicability_status"": ""SUPPORTED"", ""conditional_physical_opportunity_value"": -0.04628987647237948, ""expected_delta_v"": -0.04628987647237948, ""explanation"": {""current_track_to_ambient_thermal_gap_c"": 10.555555555555557, ""forecast_ambient_trajectory_c"": {""current_ambient_temp_c"": 27.77777777777778, ""delta_ambient_temp_c"": 0.12352227105036917, ""forecast_future_ambient_temp_c"": 27.901300048828148}, ""note"": ""These are the exact closed-form M2b_mean_solar terms FINAL_V2's adapter already evaluates for this horizon (see final_v2_adapter.py); shown here for display only, not a separate model or decomposition."", ""predicted_future_track_temperature_change_c"": 1.7759341012657757, ""solar_elevation_mean_deg"": 70.11568443184221, ""uncertainty_source_reference"": {""interpretation"": ""Frozen V2-D sensitivity ablation: fraction of this horizon's 80% predictive-interval width attributable to removing empirical attempt-level performance residual uncertainty. This is a global, frozen reference for the horizon, not a decomposition specific to this one prediction."", ""pi80_width_reduction_vs_full_removing_empirical_residual"": 0.8554256022935537, ""source"": ""weather/output/v2d_uncertainty_ablation/v2d_uncertainty_ablation_width_reduction_v1.csv"", ""variant"": ""NO_RESIDUAL""}}, ""horizon_minutes"": 30, ""median_delta_v"": -0.04372452380091037, ""p_improve"": 0.4643, ""pi80_high"": 0.7259495894429405, ""pi80_low"": -0.7813277927559571, ""pi90_high"": 1.1854916318079745, ""pi90_low"": -1.2634990254030434, ""queue_time_prediction"": ""NOT MODELLED"", ""retain_withdraw_recommendation"": ""NOT ISSUED""}",HRRR:20210522:1:2021-05-22 17:00:00+00:00:2021-05-22 18:00:00+00:00;008900eb428ad820bea907f91fe7c77a7e5965b56e20993b5acf9aed7627099d,da691442a355bc50c7adb31075d79f5df298a8f54f57933aab45e324af9c1c3e,d3725fe582b9313bfdf494897c1e18411575fbd6f2b47ecad96c3a911fb5a6c0,SUPPORTED,
7:2021:SHADOW_INFERENCE_ISSUED:000119,2021,2021-05-22T17:35:46Z,SHADOW_INFERENCE_ISSUED,7,phase3:2021_car7,phase3:2021_car7:h60,2021-05-22T17:35:46Z,"{""applicability_status"": ""SUPPORTED"", ""conditional_physical_opportunity_value"": 0.019178494377218715, ""expected_delta_v"": 0.019178494377218715, ""explanation"": {""current_track_to_ambient_thermal_gap_c"": 10.555555555555557, ""forecast_ambient_trajectory_c"": {""current_ambient_temp_c"": 27.77777777777778, ""delta_ambient_temp_c"": 0.9609246148003692, ""forecast_future_ambient_temp_c"": 28.738702392578148}, ""note"": ""These are the exact closed-form M2b_mean_solar terms FINAL_V2's adapter already evaluates for this horizon (see final_v2_adapter.py); shown here for display only, not a separate model or decomposition."", ""predicted_future_track_temperature_change_c"": 4.393811985136037, ""solar_elevation_mean_deg"": 68.85294854167259, ""uncertainty_source_reference"": {""interpretation"": ""Frozen V2-D sensitivity ablation: fraction of this horizon's 80% predictive-interval width attributable to removing empirical attempt-level performance residual uncertainty. This is a global, frozen reference for the horizon, not a decomposition specific to this one prediction."", ""pi80_width_reduction_vs_full_removing_empirical_residual"": 0.798707118459242, ""source"": ""weather/output/v2d_uncertainty_ablation/v2d_uncertainty_ablation_width_reduction_v1.csv"", ""variant"": ""NO_RESIDUAL""}}, ""horizon_minutes"": 60, ""median_delta_v"": 0.022846102264198836, ""p_improve"": 0.51855, ""pi80_high"": 0.7964410267875098, ""pi80_low"": -0.7494160842406075, ""pi90_high"": 1.269868520349187, ""pi90_low"": -1.2060122587578554, ""queue_time_prediction"": ""NOT MODELLED"", ""retain_withdraw_recommendation"": ""NOT ISSUED""}",HRRR:20210522:2:2021-05-22 17:00:00+00:00:2021-05-22 19:00:00+00:00;008900eb428ad820bea907f91fe7c77a7e5965b56e20993b5acf9aed7627099d,da691442a355bc50c7adb31075d79f5df298a8f54f57933aab45e324af9c1c3e,a10276eb973abdc0a0b1935337a772825345ef97b0e3d4e616ca7f41f38356de,SUPPORTED,
7:2021:SHADOW_INFERENCE_ISSUED:000121,2021,2021-05-22T17:35:46Z,SHADOW_INFERENCE_ISSUED,7,phase3:2021_car7,phase3:2021_car7:h90,2021-05-22T17:35:46Z,"{""applicability_status"": ""SUPPORTED"", ""conditional_physical_opportunity_value"": -0.015904322073744516, ""expected_delta_v"": -0.015904322073744516, ""explanation"": {""current_track_to_ambient_thermal_gap_c"": 10.555555555555557, ""forecast_ambient_trajectory_c"": {""current_ambient_temp_c"": 27.77777777777778, ""delta_ambient_temp_c"": 0.9609246148003692, ""forecast_future_ambient_temp_c"": 28.738702392578148}, ""note"": ""These are the exact closed-form M2b_mean_solar terms FINAL_V2's adapter already evaluates for this horizon (see final_v2_adapter.py); shown here for display only, not a separate model or decomposition."", ""predicted_future_track_temperature_change_c"": 5.309727984857515, ""solar_elevation_mean_deg"": 66.92253491459795, ""uncertainty_source_reference"": {""interpretation"": ""Frozen V2-D sensitivity ablation: fraction of this horizon's 80% predictive-interval width attributable to removing empirical attempt-level performance residual uncertainty. This is a global, frozen reference for the horizon, not a decomposition specific to this one prediction."", ""pi80_width_reduction_vs_full_removing_empirical_residual"": 0.7587800187488541, ""source"": ""weather/output/v2d_uncertainty_ablation/v2d_uncertainty_ablation_width_reduction_v1.csv"", ""variant"": ""NO_RESIDUAL""}}, ""horizon_minutes"": 90, ""median_delta_v"": -0.007134865857897153, ""p_improve"": 0.49385, ""pi80_high"": 0.7704409088611722, ""pi80_low"": -0.8147617154196125, ""pi90_high"": 1.2507706672512295, ""pi90_low"": -1.2642161333833979, ""queue_time_prediction"": ""NOT MODELLED"", ""retain_withdraw_recommendation"": ""NOT ISSUED""}",HRRR:20210522:2:2021-05-22 17:00:00+00:00:2021-05-22 19:00:00+00:00;008900eb428ad820bea907f91fe7c77a7e5965b56e20993b5acf9aed7627099d,da691442a355bc50c7adb31075d79f5df298a8f54f57933aab45e324af9c1c3e,f4cad0c3dd5ec50de6d440a9948723b45c3479d9a3ff0068e5a703f099bfd1a2,SUPPORTED,
7:2021:SHADOW_INFERENCE_ISSUED:000123,2021,2021-05-22T17:35:46Z,SHADOW_INFERENCE_ISSUED,7,phase3:2021_car7,phase3:2021_car7:h120,2021-05-22T17:35:46Z,"{""applicability_status"": ""SUPPORTED"", ""conditional_physical_opportunity_value"": -0.08715441184648615, ""expected_delta_v"": -0.08715441184648615, ""explanation"": {""current_track_to_ambient_thermal_gap_c"": 10.555555555555557, ""forecast_ambient_trajectory_c"": {""current_ambient_temp_c"": 27.77777777777778, ""delta_ambient_temp_c"": 0.49223564995661917, ""forecast_future_ambient_temp_c"": 28.270013427734398}, ""note"": ""These are the exact closed-form M2b_mean_solar terms FINAL_V2's adapter already evaluates for this horizon (see final_v2_adapter.py); shown here for display only, not a separate model or decomposition."", ""predicted_future_track_temperature_change_c"": 4.7539358337394395, ""solar_elevation_mean_deg"": 64.57667936721509, ""uncertainty_source_reference"": {""interpretation"": ""Frozen V2-D sensitivity ablation: fraction of this horizon's 80% predictive-interval width attributable to removing empirical attempt-level performance residual uncertainty. This is a global, frozen reference for the horizon, not a decomposition specific to this one prediction."", ""pi80_width_reduction_vs_full_removing_empirical_residual"": 0.7279196050802543, ""source"": ""weather/output/v2d_uncertainty_ablation/v2d_uncertainty_ablation_width_reduction_v1.csv"", ""variant"": ""NO_RESIDUAL""}}, ""horizon_minutes"": 120, ""median_delta_v"": -0.07910326443628649, ""p_improve"": 0.4365, ""pi80_high"": 0.7045475485254858, ""pi80_low"": -0.9054529587046787, ""pi90_high"": 1.1830864077460859, ""pi90_low"": -1.3527880993981551, ""queue_time_prediction"": ""NOT MODELLED"", ""retain_withdraw_recommendation"": ""NOT ISSUED""}",HRRR:20210522:3:2021-05-22 17:00:00+00:00:2021-05-22 20:00:00+00:00;008900eb428ad820bea907f91fe7c77a7e5965b56e20993b5acf9aed7627099d,da691442a355bc50c7adb31075d79f5df298a8f54f57933aab45e324af9c1c3e,7d72bb57cae68dd441f0c0c2c2cb886d09f5ed79b30db89b70691ec7538f6c82,SUPPORTED,
4:2021:APPLICABILITY_CHANGED:000082,2021,2021-05-22T17:44:56Z,APPLICABILITY_CHANGED,4,phase3:2021_car4,,2021-05-22T17:44:56Z,"{""category"": ""CONDITIONAL_OUTLOOK_SUPPORTED_BUT_HISTORICAL_SCORING_UNSUPPORTED"", ""historical_evaluation_support"": {""anchor_horizon_min"": null, ""status"": ""ABSTAINED""}, ""inference_support"": {""abstained_horizons_min"": [], ""supported_horizons_min"": [15, 30, 60, 90, 120]}, ""strategy_identifiability"": {""note"": ""This project does not model opportunity timing and never issues a strategy recommendation."", ""status"": ""NOT_MODELLED""}}",,,66875f3ffed7f7d9565e040eb4558b56dbc7cd020ddc6ad41b587bf11ec85853,CONDITIONAL_OUTLOOK_SUPPORTED_BUT_HISTORICAL_SCORING_UNSUPPORTED,
4:2021:FORECAST_AVAILABLE:000072,2021,2021-05-22T17:44:56Z,FORECAST_AVAILABLE,4,phase3:2021_car4,,2021-05-22T17:44:56Z,"{""forecast_ambient_temp_c"": 27.901300048828148, ""forecast_issue_time"": ""2021-05-22T17:00:00Z"", ""forecast_valid_time"": ""2021-05-22T18:00:00Z"", ""horizon_minutes"": 15, ""valid_time_error_minutes"": 0.06666666666666667}",HRRR:20210522:1:2021-05-22 17:00:00+00:00:2021-05-22 18:00:00+00:00,,327f510cd4dea35b466aad9cda94e7b92a2678408ea74f41ddaaf6df9a87cf14,OK,
4:2021:FORECAST_AVAILABLE:000074,2021,2021-05-22T17:44:56Z,FORECAST_AVAILABLE,4,phase3:2021_car4,,2021-05-22T17:44:56Z,"{""forecast_ambient_temp_c"": 27.901300048828148, ""forecast_issue_time"": ""2021-05-22T17:00:00Z"", ""forecast_valid_time"": ""2021-05-22T18:00:00Z"", ""horizon_minutes"": 30, ""valid_time_error_minutes"": 14.933333333333334}",HRRR:20210522:1:2021-05-22 17:00:00+00:00:2021-05-22 18:00:00+00:00,,b42b2926489a149ad23b581ba9a075cf0ab34c64a848cbd5da245880424b26d6,OK,
4:2021:FORECAST_AVAILABLE:000076,2021,2021-05-22T17:44:56Z,FORECAST_AVAILABLE,4,phase3:2021_car4,,2021-05-22T17:44:56Z,"{""forecast_ambient_temp_c"": 28.738702392578148, ""forecast_issue_time"": ""2021-05-22T17:00:00Z"", ""forecast_valid_time"": ""2021-05-22T19:00:00Z"", ""horizon_minutes"": 60, ""valid_time_error_minutes"": 15.066666666666666}",HRRR:20210522:2:2021-05-22 17:00:00+00:00:2021-05-22 19:00:00+00:00,,d6762849bcaa898c457c883d9ed2150c56947f1bc3fa5d4221e79995ffdf2449,OK,
4:2021:FORECAST_AVAILABLE:000078,2021,2021-05-22T17:44:56Z,FORECAST_AVAILABLE,4,phase3:2021_car4,,2021-05-22T17:44:56Z,"{""forecast_ambient_temp_c"": 28.738702392578148, ""forecast_issue_time"": ""2021-05-22T17:00:00Z"", ""forecast_valid_time"": ""2021-05-22T19:00:00Z"", ""horizon_minutes"": 90, ""valid_time_error_minutes"": 14.933333333333334}",HRRR:20210522:2:2021-05-22 17:00:00+00:00:2021-05-22 19:00:00+00:00,,8c27ebc46dfd8ad9b1a76b9a335b1c72ede3fe1a5970ea9f605a751ef5cc645c,OK,
4:2021:FORECAST_AVAILABLE:000080,2021,2021-05-22T17:44:56Z,FORECAST_AVAILABLE,4,phase3:2021_car4,,2021-05-22T17:44:56Z,"{""forecast_ambient_temp_c"": 28.270013427734398, ""forecast_issue_time"": ""2021-05-22T17:00:00Z"", ""forecast_valid_time"": ""2021-05-22T20:00:00Z"", ""horizon_minutes"": 120, ""valid_time_error_minutes"": 15.066666666666666}",HRRR:20210522:3:2021-05-22 17:00:00+00:00:2021-05-22 20:00:00+00:00,,943d2fbf1d705bdd34148b35d52fa95bb92f410d605cfa0f696a30f92738f766,OK,
4:2021:PHYSICAL_STATE_OBSERVED:000071,2021,2021-05-22T17:44:56Z,PHYSICAL_STATE_OBSERVED,4,,,2021-05-22T17:44:56Z,"{""current_ambient_temp_c"": 27.77777777777778, ""current_track_temp_c"": 38.333333333333336}",,,5743f3038f5da584e76c5aa5a54cf983117810fde9799d7e6e5226fbdda187a5,OK,
4:2021:SHADOW_INFERENCE_ISSUED:000073,2021,2021-05-22T17:44:56Z,SHADOW_INFERENCE_ISSUED,4,phase3:2021_car4,phase3:2021_car4:h15,2021-05-22T17:44:56Z,"{""applicability_status"": ""SUPPORTED"", ""conditional_physical_opportunity_value"": -0.013051058320096717, ""expected_delta_v"": -0.013051058320096717, ""explanation"": {""current_track_to_ambient_thermal_gap_c"": 10.555555555555557, ""forecast_ambient_trajectory_c"": {""current_ambient_temp_c"": 27.77777777777778, ""delta_ambient_temp_c"": 0.12352227105036917, ""forecast_future_ambient_temp_c"": 27.901300048828148}, ""note"": ""These are the exact closed-form M2b_mean_solar terms FINAL_V2's adapter already evaluates for this horizon (see final_v2_adapter.py); shown here for display only, not a separate model or decomposition."", ""predicted_future_track_temperature_change_c"": 0.9268768876949723, ""solar_elevation_mean_deg"": 70.26988020117834, ""uncertainty_source_reference"": {""interpretation"": ""Frozen V2-D sensitivity ablation: fraction of this horizon's 80% predictive-interval width attributable to removing empirical attempt-level performance residual uncertainty. This is a global, frozen reference for the horizon, not a decomposition specific to this one prediction."", ""pi80_width_reduction_vs_full_removing_empirical_residual"": 0.9042389450398576, ""source"": ""weather/output/v2d_uncertainty_ablation/v2d_uncertainty_ablation_width_reduction_v1.csv"", ""variant"": ""NO_RESIDUAL""}}, ""horizon_minutes"": 15, ""median_delta_v"": -0.009000644191984165, ""p_improve"": 0.49065, ""pi80_high"": 0.744308124825298, ""pi80_low"": -0.7528698526008016, ""pi90_high"": 1.2064669857301558, ""pi90_low"": -1.229143135642637, ""queue_time_prediction"": ""NOT MODELLED"", ""retain_withdraw_recommendation"": ""NOT ISSUED""}",HRRR:20210522:1:2021-05-22 17:00:00+00:00:2021-05-22 18:00:00+00:00;008900eb428ad820bea907f91fe7c77a7e5965b56e20993b5acf9aed7627099d,4f3391b63543c9386a02a7125363cfc506fb73b281f5a19386f458d4a9960126,4fd6a08ce6240755fee17e80f5ee7bc1a702d70c91577995e9afd7329d8a6fb5,SUPPORTED,
4:2021:SHADOW_INFERENCE_ISSUED:000075,2021,2021-05-22T17:44:56Z,SHADOW_INFERENCE_ISSUED,4,phase3:2021_car4,phase3:2021_car4:h30,2021-05-22T17:44:56Z,"{""applicability_status"": ""SUPPORTED"", ""conditional_physical_opportunity_value"": -0.04589637353590308, ""expected_delta_v"": -0.04589637353590308, ""explanation"": {""current_track_to_ambient_thermal_gap_c"": 10.555555555555557, ""forecast_ambient_trajectory_c"": {""current_ambient_temp_c"": 27.77777777777778, ""delta_ambient_temp_c"": 0.12352227105036917, ""forecast_future_ambient_temp_c"": 27.901300048828148}, ""note"": ""These are the exact closed-form M2b_mean_solar terms FINAL_V2's adapter already evaluates for this horizon (see final_v2_adapter.py); shown here for display only, not a separate model or decomposition."", ""predicted_future_track_temperature_change_c"": 1.7658498416733677, ""solar_elevation_mean_deg"": 69.82891003465475, ""uncertainty_source_reference"": {""interpretation"": ""Frozen V2-D sensitivity ablation: fraction of this horizon's 80% predictive-interval width attributable to removing empirical attempt-level performance residual uncertainty. This is a global, frozen reference for the horizon, not a decomposition specific to this one prediction."", ""pi80_width_reduction_vs_full_removing_empirical_residual"": 0.8554256022935537, ""source"": ""weather/output/v2d_uncertainty_ablation/v2d_uncertainty_ablation_width_reduction_v1.csv"", ""variant"": ""NO_RESIDUAL""}}, ""horizon_minutes"": 30, ""median_delta_v"": -0.04330627258378681, ""p_improve"": 0.46455, ""pi80_high"": 0.7261300668210566, ""pi80_low"": -0.7809044644234914, ""pi90_high"": 1.1854996716355348, ""pi90_low"": -1.2632861841328673, ""queue_time_prediction"": ""NOT MODELLED"", ""retain_withdraw_recommendation"": ""NOT ISSUED""}",HRRR:20210522:1:2021-05-22 17:00:00+00:00:2021-05-22 18:00:00+00:00;008900eb428ad820bea907f91fe7c77a7e5965b56e20993b5acf9aed7627099d,4f3391b63543c9386a02a7125363cfc506fb73b281f5a19386f458d4a9960126,d963f0350bdc9916d5f92335c4c94c1f07c0a778a3e98a7773ba06bbc455b0b0,SUPPORTED,
4:2021:SHADOW_INFERENCE_ISSUED:000077,2021,2021-05-22T17:44:56Z,SHADOW_INFERENCE_ISSUED,4,phase3:2021_car4,phase3:2021_car4:h60,2021-05-22T17:44:56Z,"{""applicability_status"": ""SUPPORTED"", ""conditional_physical_opportunity_value"": 0.02065814786884975, ""expected_delta_v"": 0.02065814786884975, ""explanation"": {""current_track_to_ambient_thermal_gap_c"": 10.555555555555557, ""forecast_ambient_trajectory_c"": {""current_ambient_temp_c"": 27.77777777777778, ""delta_ambient_temp_c"": 0.9609246148003692, ""forecast_future_ambient_temp_c"": 28.738702392578148}, ""note"": ""These are the exact closed-form M2b_mean_solar terms FINAL_V2's adapter already evaluates for this horizon (see final_v2_adapter.py); shown here for display only, not a separate model or decomposition."", ""predicted_future_track_temperature_change_c"": 4.355893056118553, ""solar_elevation_mean_deg"": 68.3314832473667, ""uncertainty_source_reference"": {""interpretation"": ""Frozen V2-D sensitivity ablation: fraction of this horizon's 80% predictive-interval width attributable to removing empirical attempt-level performance residual uncertainty. This is a global, frozen reference for the horizon, not a decomposition specific to this one prediction."", ""pi80_width_reduction_vs_full_removing_empirical_residual"": 0.798707118459242, ""source"": ""weather/output/v2d_uncertainty_ablation/v2d_uncertainty_ablation_width_reduction_v1.csv"", ""variant"": ""NO_RESIDUAL""}}, ""horizon_minutes"": 60, ""median_delta_v"": 0.024108844289180004, ""p_improve"": 0.5199, ""pi80_high"": 0.7972368987602252, ""pi80_low"": -0.7471565846116509, ""pi90_high"": 1.2712463183038945, ""pi90_low"": -1.2044702107041632, ""queue_time_prediction"": ""NOT MODELLED"", ""retain_withdraw_recommendation"": ""NOT ISSUED""}",HRRR:20210522:2:2021-05-22 17:00:00+00:00:2021-05-22 19:00:00+00:00;008900eb428ad820bea907f91fe7c77a7e5965b56e20993b5acf9aed7627099d,4f3391b63543c9386a02a7125363cfc506fb73b281f5a19386f458d4a9960126,bbec23ff1aaba27e7c07268b65f78d257274dc995c26f8184d37d00657a27792,SUPPORTED,
4:2021:SHADOW_INFERENCE_ISSUED:000079,2021,2021-05-22T17:44:56Z,SHADOW_INFERENCE_ISSUED,4,phase3:2021_car4,phase3:2021_car4:h90,2021-05-22T17:44:56Z,"{""applicability_status"": ""SUPPORTED"", ""conditional_physical_opportunity_value"": -0.013642776779416653, ""expected_delta_v"": -0.013642776779416653, ""explanation"": {""current_track_to_ambient_thermal_gap_c"": 10.555555555555557, ""forecast_ambient_trajectory_c"": {""current_ambient_temp_c"": 27.77777777777778, ""delta_ambient_temp_c"": 0.9609246148003692, ""forecast_future_ambient_temp_c"": 28.738702392578148}, ""note"": ""These are the exact closed-form M2b_mean_solar terms FINAL_V2's adapter already evaluates for this horizon (see final_v2_adapter.py); shown here for display only, not a separate model or decomposition."", ""predicted_future_track_temperature_change_c"": 5.251771594411727, ""solar_elevation_mean_deg"": 66.2511296303006, ""uncertainty_source_reference"": {""interpretation"": ""Frozen V2-D sensitivity ablation: fraction of this horizon's 80% predictive-interval width attributable to removing empirical attempt-level performance residual uncertainty. This is a global, frozen reference for the horizon, not a decomposition specific to this one prediction."", ""pi80_width_reduction_vs_full_removing_empirical_residual"": 0.7587800187488541, ""source"": ""weather/output/v2d_uncertainty_ablation/v2d_uncertainty_ablation_width_reduction_v1.csv"", ""variant"": ""NO_RESIDUAL""}}, ""horizon_minutes"": 90, ""median_delta_v"": -0.005028700397358941, ""p_improve"": 0.49595, ""pi80_high"": 0.7726083827343447, ""pi80_low"": -0.8136442903311338, ""pi90_high"": 1.2521313710737487, ""pi90_low"": -1.2617346900107382, ""queue_time_prediction"": ""NOT MODELLED"", ""retain_withdraw_recommendation"": ""NOT ISSUED""}",HRRR:20210522:2:2021-05-22 17:00:00+00:00:2021-05-22 19:00:00+00:00;008900eb428ad820bea907f91fe7c77a7e5965b56e20993b5acf9aed7627099d,4f3391b63543c9386a02a7125363cfc506fb73b281f5a19386f458d4a9960126,d7e9664d1c99c19fd6d43d806562ff890d27762166f0f832ab74194b2355661c,SUPPORTED,
4:2021:SHADOW_INFERENCE_ISSUED:000081,2021,2021-05-22T17:44:56Z,SHADOW_INFERENCE_ISSUED,4,phase3:2021_car4,phase3:2021_car4:h120,2021-05-22T17:44:56Z,"{""applicability_status"": ""SUPPORTED"", ""conditional_physical_opportunity_value"": -0.08423476991181277, ""expected_delta_v"": -0.08423476991181277, ""explanation"": {""current_track_to_ambient_thermal_gap_c"": 10.555555555555557, ""forecast_ambient_trajectory_c"": {""current_ambient_temp_c"": 27.77777777777778, ""delta_ambient_temp_c"": 0.49223564995661917, ""forecast_future_ambient_temp_c"": 28.270013427734398}, ""note"": ""These are the exact closed-form M2b_mean_solar terms FINAL_V2's adapter already evaluates for this horizon (see final_v2_adapter.py); shown here for display only, not a separate model or decomposition."", ""predicted_future_track_temperature_change_c"": 4.679114467856464, ""solar_elevation_mean_deg"": 63.81560824536514, ""uncertainty_source_reference"": {""interpretation"": ""Frozen V2-D sensitivity ablation: fraction of this horizon's 80% predictive-interval width attributable to removing empirical attempt-level performance residual uncertainty. This is a global, frozen reference for the horizon, not a decomposition specific to this one prediction."", ""pi80_width_reduction_vs_full_removing_empirical_residual"": 0.7279196050802543, ""source"": ""weather/output/v2d_uncertainty_ablation/v2d_uncertainty_ablation_width_reduction_v1.csv"", ""variant"": ""NO_RESIDUAL""}}, ""horizon_minutes"": 120, ""median_delta_v"": -0.07594826872468691, ""p_improve"": 0.439, ""pi80_high"": 0.7081109198785557, ""pi80_low"": -0.902340842853777, ""pi90_high"": 1.1845433595064345, ""pi90_low"": -1.3483543683880315, ""queue_time_prediction"": ""NOT MODELLED"", ""retain_withdraw_recommendation"": ""NOT ISSUED""}",HRRR:20210522:3:2021-05-22 17:00:00+00:00:2021-05-22 20:00:00+00:00;008900eb428ad820bea907f91fe7c77a7e5965b56e20993b5acf9aed7627099d,4f3391b63543c9386a02a7125363cfc506fb73b281f5a19386f458d4a9960126,32bbd085ecdeb043a9f190e8bf274c2022dff35199a4ed51e5e565d43217865f,SUPPORTED,
47:2021:APPLICABILITY_CHANGED:000096,2021,2021-05-22T17:49:06Z,APPLICABILITY_CHANGED,47,phase3:2021_car47,,2021-05-22T17:49:06Z,"{""category"": ""CONDITIONAL_OUTLOOK_SUPPORTED_BUT_HISTORICAL_SCORING_UNSUPPORTED"", ""historical_evaluation_support"": {""anchor_horizon_min"": null, ""status"": ""ABSTAINED""}, ""inference_support"": {""abstained_horizons_min"": [], ""supported_horizons_min"": [15, 30, 60, 90, 120]}, ""strategy_identifiability"": {""note"": ""This project does not model opportunity timing and never issues a strategy recommendation."", ""status"": ""NOT_MODELLED""}}",,,03f30ab3b8c8c1f8cabcf9e2187e4959f4687de08f7b8fba6b8610b45da6c66c,CONDITIONAL_OUTLOOK_SUPPORTED_BUT_HISTORICAL_SCORING_UNSUPPORTED,
47:2021:FORECAST_AVAILABLE:000086,2021,2021-05-22T17:49:06Z,FORECAST_AVAILABLE,47,phase3:2021_car47,,2021-05-22T17:49:06Z,"{""forecast_ambient_temp_c"": 27.901300048828148, ""forecast_issue_time"": ""2021-05-22T17:00:00Z"", ""forecast_valid_time"": ""2021-05-22T18:00:00Z"", ""horizon_minutes"": 15, ""valid_time_error_minutes"": 4.1}",HRRR:20210522:1:2021-05-22 17:00:00+00:00:2021-05-22 18:00:00+00:00,,031db935df7a8965aa718468b60e0de07a2d5dcd24eb868e5c863f946251a141,OK,
47:2021:FORECAST_AVAILABLE:000088,2021,2021-05-22T17:49:06Z,FORECAST_AVAILABLE,47,phase3:2021_car47,,2021-05-22T17:49:06Z,"{""forecast_ambient_temp_c"": 27.901300048828148, ""forecast_issue_time"": ""2021-05-22T17:00:00Z"", ""forecast_valid_time"": ""2021-05-22T18:00:00Z"", ""horizon_minutes"": 30, ""valid_time_error_minutes"": 19.1}",HRRR:20210522:1:2021-05-22 17:00:00+00:00:2021-05-22 18:00:00+00:00,,b317bf4a138baa22825bb4521eb016dd778964387e38f52a87da845d8e4ff240,OK,
47:2021:FORECAST_AVAILABLE:000090,2021,2021-05-22T17:49:06Z,FORECAST_AVAILABLE,47,phase3:2021_car47,,2021-05-22T17:49:06Z,"{""forecast_ambient_temp_c"": 28.738702392578148, ""forecast_issue_time"": ""2021-05-22T17:00:00Z"", ""forecast_valid_time"": ""2021-05-22T19:00:00Z"", ""horizon_minutes"": 60, ""valid_time_error_minutes"": 10.9}",HRRR:20210522:2:2021-05-22 17:00:00+00:00:2021-05-22 19:00:00+00:00,,548317044462eb1f1e24cc29a0e0b086ed19b3e0bab6b48e453a86381020fdb9,OK,
47:2021:FORECAST_AVAILABLE:000092,2021,2021-05-22T17:49:06Z,FORECAST_AVAILABLE,47,phase3:2021_car47,,2021-05-22T17:49:06Z,"{""forecast_ambient_temp_c"": 28.738702392578148, ""forecast_issue_time"": ""2021-05-22T17:00:00Z"", ""forecast_valid_time"": ""2021-05-22T19:00:00Z"", ""horizon_minutes"": 90, ""valid_time_error_minutes"": 19.1}",HRRR:20210522:2:2021-05-22 17:00:00+00:00:2021-05-22 19:00:00+00:00,,b95a84b64309b5cc0ba1f76e7970c339c056f51ddc939d45214ea07949c578a1,OK,
47:2021:FORECAST_AVAILABLE:000094,2021,2021-05-22T17:49:06Z,FORECAST_AVAILABLE,47,phase3:2021_car47,,2021-05-22T17:49:06Z,"{""forecast_ambient_temp_c"": 28.270013427734398, ""forecast_issue_time"": ""2021-05-22T17:00:00Z"", ""forecast_valid_time"": ""2021-05-22T20:00:00Z"", ""horizon_minutes"": 120, ""valid_time_error_minutes"": 10.9}",HRRR:20210522:3:2021-05-22 17:00:00+00:00:2021-05-22 20:00:00+00:00,,12d7e23c564e3c15ebc0486607ecfc3f312db060aa1539f72f0b557c09972f50,OK,
47:2021:PHYSICAL_STATE_OBSERVED:000085,2021,2021-05-22T17:49:06Z,PHYSICAL_STATE_OBSERVED,47,,,2021-05-22T17:49:06Z,"{""current_ambient_temp_c"": 27.77777777777778, ""current_track_temp_c"": 38.333333333333336}",,,eb5e59a192aca7854e67aef3f0900624beee5dba557783f3885c92bff6fd1f0f,OK,
47:2021:SHADOW_INFERENCE_ISSUED:000087,2021,2021-05-22T17:49:06Z,SHADOW_INFERENCE_ISSUED,47,phase3:2021_car47,phase3:2021_car47:h15,2021-05-22T17:49:06Z,"{""applicability_status"": ""SUPPORTED"", ""conditional_physical_opportunity_value"": -0.01297349600667841, ""expected_delta_v"": -0.01297349600667841, ""explanation"": {""current_track_to_ambient_thermal_gap_c"": 10.555555555555557, ""forecast_ambient_trajectory_c"": {""current_ambient_temp_c"": 27.77777777777778, ""delta_ambient_temp_c"": 0.12352227105036917, ""forecast_future_ambient_temp_c"": 27.901300048828148}, ""note"": ""These are the exact closed-form M2b_mean_solar terms FINAL_V2's adapter already evaluates for this horizon (see final_v2_adapter.py); shown here for display only, not a separate model or decomposition."", ""predicted_future_track_temperature_change_c"": 0.9248892062049644, ""solar_elevation_mean_deg"": 70.14339591736476, ""uncertainty_source_reference"": {""interpretation"": ""Frozen V2-D sensitivity ablation: fraction of this horizon's 80% predictive-interval width attributable to removing empirical attempt-level performance residual uncertainty. This is a global, frozen reference for the horizon, not a decomposition specific to this one prediction."", ""pi80_width_reduction_vs_full_removing_empirical_residual"": 0.9042389450398576, ""source"": ""weather/output/v2d_uncertainty_ablation/v2d_uncertainty_ablation_width_reduction_v1.csv"", ""variant"": ""NO_RESIDUAL""}}, ""horizon_minutes"": 15, ""median_delta_v"": -0.00890540335352765, ""p_improve"": 0.49085, ""pi80_high"": 0.7443284780774011, ""pi80_low"": -0.7528605712211275, ""pi90_high"": 1.2065330828009802, ""pi90_low"": -1.229007951315176, ""queue_time_prediction"": ""NOT MODELLED"", ""retain_withdraw_recommendation"": ""NOT ISSUED""}",HRRR:20210522:1:2021-05-22 17:00:00+00:00:2021-05-22 18:00:00+00:00;008900eb428ad820bea907f91fe7c77a7e5965b56e20993b5acf9aed7627099d,0cba81bdf0dd4b4ecf8417d782e19a625191cccc7bd69f8f5afa9b95bc9422f1,9a977f396f86649bc0725f85d6e87310e3449cb8eb4b9cfb57572dd098592b5f,SUPPORTED,
47:2021:SHADOW_INFERENCE_ISSUED:000089,2021,2021-05-22T17:49:06Z,SHADOW_INFERENCE_ISSUED,47,phase3:2021_car47,phase3:2021_car47:h30,2021-05-22T17:49:06Z,"{""applicability_status"": ""SUPPORTED"", ""conditional_physical_opportunity_value"": -0.04563520891217638, ""expected_delta_v"": -0.04563520891217638, ""explanation"": {""current_track_to_ambient_thermal_gap_c"": 10.555555555555557, ""forecast_ambient_trajectory_c"": {""current_ambient_temp_c"": 27.77777777777778, ""delta_ambient_temp_c"": 0.12352227105036917, ""forecast_future_ambient_temp_c"": 27.901300048828148}, ""note"": ""These are the exact closed-form M2b_mean_solar terms FINAL_V2's adapter already evaluates for this horizon (see final_v2_adapter.py); shown here for display only, not a separate model or decomposition."", ""predicted_future_track_temperature_change_c"": 1.759157002515428, ""solar_elevation_mean_deg"": 69.6385802541287, ""uncertainty_source_reference"": {""interpretation"": ""Frozen V2-D sensitivity ablation: fraction of this horizon's 80% predictive-interval width attributable to removing empirical attempt-level performance residual uncertainty. This is a global, frozen reference for the horizon, not a decomposition specific to this one prediction."", ""pi80_width_reduction_vs_full_removing_empirical_residual"": 0.8554256022935537, ""source"": ""weather/output/v2d_uncertainty_ablation/v2d_uncertainty_ablation_width_reduction_v1.csv"", ""variant"": ""NO_RESIDUAL""}}, ""horizon_minutes"": 30, ""median_delta_v"": -0.043031185768099084, ""p_improve"": 0.4646, ""pi80_high"": 0.72652488603833, ""pi80_low"": -0.7805819421840378, ""pi90_high"": 1.1856976982031147, ""pi90_low"": -1.263179684368624, ""queue_time_prediction"": ""NOT MODELLED"", ""retain_withdraw_recommendation"": ""NOT ISSUED""}",HRRR:20210522:1:2021-05-22 17:00:00+00:00:2021-05-22 18:00:00+00:00;008900eb428ad820bea907f91fe7c77a7e5965b56e20993b5acf9aed7627099d,0cba81bdf0dd4b4ecf8417d782e19a625191cccc7bd69f8f5afa9b95bc9422f1,41a210e55d5ee127503f1b041a8ca28553340203c1ddaa8ed2f34d5832d88764,SUPPORTED,
47:2021:SHADOW_INFERENCE_ISSUED:000091,2021,2021-05-22T17:49:06Z,SHADOW_INFERENCE_ISSUED,47,phase3:2021_car47,phase3:2021_car47:h60,2021-05-22T17:49:06Z,"{""applicability_status"": ""SUPPORTED"", ""conditional_physical_opportunity_value"": 0.021475115138395288, ""expected_delta_v"": 0.021475115138395288, ""explanation"": {""current_track_to_ambient_thermal_gap_c"": 10.555555555555557, ""forecast_ambient_trajectory_c"": {""current_ambient_temp_c"": 27.77777777777778, ""delta_ambient_temp_c"": 0.9609246148003692, ""forecast_future_ambient_temp_c"": 28.738702392578148}, ""note"": ""These are the exact closed-form M2b_mean_solar terms FINAL_V2's adapter already evaluates for this horizon (see final_v2_adapter.py); shown here for display only, not a separate model or decomposition."", ""predicted_future_track_temperature_change_c"": 4.334956719281098, ""solar_elevation_mean_deg"": 68.0435644339003, ""uncertainty_source_reference"": {""interpretation"": ""Frozen V2-D sensitivity ablation: fraction of this horizon's 80% predictive-interval width attributable to removing empirical attempt-level performance residual uncertainty. This is a global, frozen reference for the horizon, not a decomposition specific to this one prediction."", ""pi80_width_reduction_vs_full_removing_empirical_residual"": 0.798707118459242, ""source"": ""weather/output/v2d_uncertainty_ablation/v2d_uncertainty_ablation_width_reduction_v1.csv"", ""variant"": ""NO_RESIDUAL""}}, ""horizon_minutes"": 60, ""median_delta_v"": 0.02475309407030514, ""p_improve"": 0.5204, ""pi80_high"": 0.7974246130377463, ""pi80_low"": -0.7463216953456367, ""pi90_high"": 1.2718612972125876, ""pi90_low"": -1.203618793264162, ""queue_time_prediction"": ""NOT MODELLED"", ""retain_withdraw_recommendation"": ""NOT ISSUED""}",HRRR:20210522:2:2021-05-22 17:00:00+00:00:2021-05-22 19:00:00+00:00;008900eb428ad820bea907f91fe7c77a7e5965b56e20993b5acf9aed7627099d,0cba81bdf0dd4b4ecf8417d782e19a625191cccc7bd69f8f5afa9b95bc9422f1,faee3113c6cffebbc56467c1dd04a6cbe1330e79e72a957dc6f0b02b1ad6a4ac,SUPPORTED,
47:2021:SHADOW_INFERENCE_ISSUED:000093,2021,2021-05-22T17:49:06Z,SHADOW_INFERENCE_ISSUED,47,phase3:2021_car47,phase3:2021_car47:h90,2021-05-22T17:49:06Z,"{""applicability_status"": ""SUPPORTED"", ""conditional_physical_opportunity_value"": -0.012467707554216877, ""expected_delta_v"": -0.012467707554216877, ""explanation"": {""current_track_to_ambient_thermal_gap_c"": 10.555555555555557, ""forecast_ambient_trajectory_c"": {""current_ambient_temp_c"": 27.77777777777778, ""delta_ambient_temp_c"": 0.9609246148003692, ""forecast_future_ambient_temp_c"": 28.738702392578148}, ""note"": ""These are the exact closed-form M2b_mean_solar terms FINAL_V2's adapter already evaluates for this horizon (see final_v2_adapter.py); shown here for display only, not a separate model or decomposition."", ""predicted_future_track_temperature_change_c"": 5.22165821530439, ""solar_elevation_mean_deg"": 65.90227626477522, ""uncertainty_source_reference"": {""interpretation"": ""Frozen V2-D sensitivity ablation: fraction of this horizon's 80% predictive-interval width attributable to removing empirical attempt-level performance residual uncertainty. This is a global, frozen reference for the horizon, not a decomposition specific to this one prediction."", ""pi80_width_reduction_vs_full_removing_empirical_residual"": 0.7587800187488541, ""source"": ""weather/output/v2d_uncertainty_ablation/v2d_uncertainty_ablation_width_reduction_v1.csv"", ""variant"": ""NO_RESIDUAL""}}, ""horizon_minutes"": 90, ""median_delta_v"": -0.0042570563801490515, ""p_improve"": 0.49645, ""pi80_high"": 0.7735317333423558, ""pi80_low"": -0.8129806013227391, ""pi90_high"": 1.2523865746813936, ""pi90_low"": -1.2602762671727405, ""queue_time_prediction"": ""NOT MODELLED"", ""retain_withdraw_recommendation"": ""NOT ISSUED""}",HRRR:20210522:2:2021-05-22 17:00:00+00:00:2021-05-22 19:00:00+00:00;008900eb428ad820bea907f91fe7c77a7e5965b56e20993b5acf9aed7627099d,0cba81bdf0dd4b4ecf8417d782e19a625191cccc7bd69f8f5afa9b95bc9422f1,35fa8d6a4c1ec4262e54f54ca562f911bf30f2f09ca6567b8826674692bce112,SUPPORTED,
47:2021:SHADOW_INFERENCE_ISSUED:000095,2021,2021-05-22T17:49:06Z,SHADOW_INFERENCE_ISSUED,47,phase3:2021_car47,phase3:2021_car47:h120,2021-05-22T17:49:06Z,"{""applicability_status"": ""SUPPORTED"", ""conditional_physical_opportunity_value"": -0.08275750590247492, ""expected_delta_v"": -0.08275750590247492, ""explanation"": {""current_track_to_ambient_thermal_gap_c"": 10.555555555555557, ""forecast_ambient_trajectory_c"": {""current_ambient_temp_c"": 27.77777777777778, ""delta_ambient_temp_c"": 0.49223564995661917, ""forecast_future_ambient_temp_c"": 28.270013427734398}, ""note"": ""These are the exact closed-form M2b_mean_solar terms FINAL_V2's adapter already evaluates for this horizon (see final_v2_adapter.py); shown here for display only, not a separate model or decomposition."", ""predicted_future_track_temperature_change_c"": 4.6412567738578385, ""solar_elevation_mean_deg"": 63.43052575853578, ""uncertainty_source_reference"": {""interpretation"": ""Frozen V2-D sensitivity ablation: fraction of this horizon's 80% predictive-interval width attributable to removing empirical attempt-level performance residual uncertainty. This is a global, frozen reference for the horizon, not a decomposition specific to this one prediction."", ""pi80_width_reduction_vs_full_removing_empirical_residual"": 0.7279196050802543, ""source"": ""weather/output/v2d_uncertainty_ablation/v2d_uncertainty_ablation_width_reduction_v1.csv"", ""variant"": ""NO_RESIDUAL""}}, ""horizon_minutes"": 120, ""median_delta_v"": -0.07487957272055035, ""p_improve"": 0.4399, ""pi80_high"": 0.7091697323517454, ""pi80_low"": -0.900712814008664, ""pi90_high"": 1.1855876934736151, ""pi90_low"": -1.3460316391152534, ""queue_time_prediction"": ""NOT MODELLED"", ""retain_withdraw_recommendation"": ""NOT ISSUED""}",HRRR:20210522:3:2021-05-22 17:00:00+00:00:2021-05-22 20:00:00+00:00;008900eb428ad820bea907f91fe7c77a7e5965b56e20993b5acf9aed7627099d,0cba81bdf0dd4b4ecf8417d782e19a625191cccc7bd69f8f5afa9b95bc9422f1,06f14d1d8294a823baabf134c0bfcdd5703e89f89a9d8a5e36670ce809a1e098,SUPPORTED,
60:2021:APPLICABILITY_CHANGED:000110,2021,2021-05-22T17:58:16Z,APPLICABILITY_CHANGED,60,phase3:2021_car60,,2021-05-22T17:58:16Z,"{""category"": ""ILLUSTRATIVE_ONLY"", ""historical_evaluation_support"": {""anchor_horizon_min"": 60, ""status"": ""ILLUSTRATIVE_ONLY""}, ""inference_support"": {""abstained_horizons_min"": [], ""supported_horizons_min"": [15, 30, 60, 90, 120]}, ""strategy_identifiability"": {""note"": ""This project does not model opportunity timing and never issues a strategy recommendation."", ""status"": ""NOT_MODELLED""}}",,,a26ab258fc0c3334dd72c6cf43fa4f19bbc56ecae812ed8ec255dbc008de7fa3,ILLUSTRATIVE_ONLY,
60:2021:FORECAST_AVAILABLE:000100,2021,2021-05-22T17:58:16Z,FORECAST_AVAILABLE,60,phase3:2021_car60,,2021-05-22T17:58:16Z,"{""forecast_ambient_temp_c"": 27.901300048828148, ""forecast_issue_time"": ""2021-05-22T17:00:00Z"", ""forecast_valid_time"": ""2021-05-22T18:00:00Z"", ""horizon_minutes"": 15, ""valid_time_error_minutes"": 13.266666666666667}",HRRR:20210522:1:2021-05-22 17:00:00+00:00:2021-05-22 18:00:00+00:00,,e7dcf77f225ae18d13ae19aebada53207a04d36f217719b9aed856152924f3b3,OK,
60:2021:FORECAST_AVAILABLE:000102,2021,2021-05-22T17:58:16Z,FORECAST_AVAILABLE,60,phase3:2021_car60,,2021-05-22T17:58:16Z,"{""forecast_ambient_temp_c"": 27.901300048828148, ""forecast_issue_time"": ""2021-05-22T17:00:00Z"", ""forecast_valid_time"": ""2021-05-22T18:00:00Z"", ""horizon_minutes"": 30, ""valid_time_error_minutes"": 28.266666666666666}",HRRR:20210522:1:2021-05-22 17:00:00+00:00:2021-05-22 18:00:00+00:00,,2211bd7cf0754c0fe4c1a73c0c8a729c460da5e7cb4a167c8df9a241c8cae2f6,OK,
60:2021:FORECAST_AVAILABLE:000104,2021,2021-05-22T17:58:16Z,FORECAST_AVAILABLE,60,phase3:2021_car60,,2021-05-22T17:58:16Z,"{""forecast_ambient_temp_c"": 28.738702392578148, ""forecast_issue_time"": ""2021-05-22T17:00:00Z"", ""forecast_valid_time"": ""2021-05-22T19:00:00Z"", ""horizon_minutes"": 60, ""valid_time_error_minutes"": 1.7333333333333334}",HRRR:20210522:2:2021-05-22 17:00:00+00:00:2021-05-22 19:00:00+00:00,,6983d8836b24191bcc485a77bbb253b4d2702d60903226710b064e1a334737a2,OK,
60:2021:FORECAST_AVAILABLE:000106,2021,2021-05-22T17:58:16Z,FORECAST_AVAILABLE,60,phase3:2021_car60,,2021-05-22T17:58:16Z,"{""forecast_ambient_temp_c"": 28.738702392578148, ""forecast_issue_time"": ""2021-05-22T17:00:00Z"", ""forecast_valid_time"": ""2021-05-22T19:00:00Z"", ""horizon_minutes"": 90, ""valid_time_error_minutes"": 28.266666666666666}",HRRR:20210522:2:2021-05-22 17:00:00+00:00:2021-05-22 19:00:00+00:00,,04c040d6e27fb254684b45e1e175936b6b33c03de6f5558f870d343f22536997,OK,
60:2021:FORECAST_AVAILABLE:000108,2021,2021-05-22T17:58:16Z,FORECAST_AVAILABLE,60,phase3:2021_car60,,2021-05-22T17:58:16Z,"{""forecast_ambient_temp_c"": 28.270013427734398, ""forecast_issue_time"": ""2021-05-22T17:00:00Z"", ""forecast_valid_time"": ""2021-05-22T20:00:00Z"", ""horizon_minutes"": 120, ""valid_time_error_minutes"": 1.7333333333333334}",HRRR:20210522:3:2021-05-22 17:00:00+00:00:2021-05-22 20:00:00+00:00,,a1eb7a40761d08e04e02a21922ef5f50e962d5fa596ab2653562886d14fdff3c,OK,
60:2021:PHYSICAL_STATE_OBSERVED:000099,2021,2021-05-22T17:58:16Z,PHYSICAL_STATE_OBSERVED,60,,,2021-05-22T17:58:16Z,"{""current_ambient_temp_c"": 27.77777777777778, ""current_track_temp_c"": 38.333333333333336}",,,ed3c9c5d1a2b90587e829d7ddd8834d9a61979e22bc543c0f48cc72467ade91e,OK,
60:2021:SHADOW_INFERENCE_ISSUED:000101,2021,2021-05-22T17:58:16Z,SHADOW_INFERENCE_ISSUED,60,phase3:2021_car60,phase3:2021_car60:h15,2021-05-22T17:58:16Z,"{""applicability_status"": ""SUPPORTED"", ""conditional_physical_opportunity_value"": -0.012719921482719505, ""expected_delta_v"": -0.012719921482719505, ""explanation"": {""current_track_to_ambient_thermal_gap_c"": 10.555555555555557, ""forecast_ambient_trajectory_c"": {""current_ambient_temp_c"": 27.77777777777778, ""delta_ambient_temp_c"": 0.12352227105036917, ""forecast_future_ambient_temp_c"": 27.901300048828148}, ""note"": ""These are the exact closed-form M2b_mean_solar terms FINAL_V2's adapter already evaluates for this horizon (see final_v2_adapter.py); shown here for display only, not a separate model or decomposition."", ""predicted_future_track_temperature_change_c"": 0.9183908777591329, ""solar_elevation_mean_deg"": 69.72988076235208, ""uncertainty_source_reference"": {""interpretation"": ""Frozen V2-D sensitivity ablation: fraction of this horizon's 80% predictive-interval width attributable to removing empirical attempt-level performance residual uncertainty. This is a global, frozen reference for the horizon, not a decomposition specific to this one prediction."", ""pi80_width_reduction_vs_full_removing_empirical_residual"": 0.9042389450398576, ""source"": ""weather/output/v2d_uncertainty_ablation/v2d_uncertainty_ablation_width_reduction_v1.csv"", ""variant"": ""NO_RESIDUAL""}}, ""horizon_minutes"": 15, ""median_delta_v"": -0.008670986690088887, ""p_improve"": 0.49115, ""pi80_high"": 0.7448664657903359, ""pi80_low"": -0.7528302276002523, ""pi90_high"": 1.2069916461449208, ""pi90_low"": -1.228565993101556, ""queue_time_prediction"": ""NOT MODELLED"", ""retain_withdraw_recommendation"": ""NOT ISSUED""}",HRRR:20210522:1:2021-05-22 17:00:00+00:00:2021-05-22 18:00:00+00:00;008900eb428ad820bea907f91fe7c77a7e5965b56e20993b5acf9aed7627099d,c8cbd705c20b847d8bdca90a25f5c6dbfc78c3897aa9c0a5222212a69ec150ed,ce66471c93c655ce8f4d0a1d33e21fabfdf890683422fb1667a57dc50609c2b3,SUPPORTED,
60:2021:SHADOW_INFERENCE_ISSUED:000103,2021,2021-05-22T17:58:16Z,SHADOW_INFERENCE_ISSUED,60,phase3:2021_car60,phase3:2021_car60:h30,2021-05-22T17:58:16Z,"{""applicability_status"": ""SUPPORTED"", ""conditional_physical_opportunity_value"": -0.04488782180845347, ""expected_delta_v"": -0.04488782180845347, ""explanation"": {""current_track_to_ambient_thermal_gap_c"": 10.555555555555557, ""forecast_ambient_trajectory_c"": {""current_ambient_temp_c"": 27.77777777777778, ""delta_ambient_temp_c"": 0.12352227105036917, ""forecast_future_ambient_temp_c"": 27.901300048828148}, ""note"": ""These are the exact closed-form M2b_mean_solar terms FINAL_V2's adapter already evaluates for this horizon (see final_v2_adapter.py); shown here for display only, not a separate model or decomposition."", ""predicted_future_track_temperature_change_c"": 1.7400037894861988, ""solar_elevation_mean_deg"": 69.09390455728374, ""uncertainty_source_reference"": {""interpretation"": ""Frozen V2-D sensitivity ablation: fraction of this horizon's 80% predictive-interval width attributable to removing empirical attempt-level performance residual uncertainty. This is a global, frozen reference for the horizon, not a decomposition specific to this one prediction."", ""pi80_width_reduction_vs_full_removing_empirical_residual"": 0.8554256022935537, ""source"": ""weather/output/v2d_uncertainty_ablation/v2d_uncertainty_ablation_width_reduction_v1.csv"", ""variant"": ""NO_RESIDUAL""}}, ""horizon_minutes"": 30, ""median_delta_v"": -0.04247905526131855, ""p_improve"": 0.46535, ""pi80_high"": 0.7272220470552079, ""pi80_low"": -0.7798013570113961, ""pi90_high"": 1.185886573191769, ""pi90_low"": -1.262698365726483, ""queue_time_prediction"": ""NOT MODELLED"", ""retain_withdraw_recommendation"": ""NOT ISSUED""}",HRRR:20210522:1:2021-05-22 17:00:00+00:00:2021-05-22 18:00:00+00:00;008900eb428ad820bea907f91fe7c77a7e5965b56e20993b5acf9aed7627099d,c8cbd705c20b847d8bdca90a25f5c6dbfc78c3897aa9c0a5222212a69ec150ed,7c59fd324189b74382c415ce490f073fbee470411b07a5aaa5d20bd21b6c916d,SUPPORTED,
60:2021:SHADOW_INFERENCE_ISSUED:000105,2021,2021-05-22T17:58:16Z,SHADOW_INFERENCE_ISSUED,60,phase3:2021_car60,phase3:2021_car60:h60,2021-05-22T17:58:16Z,"{""applicability_status"": ""SUPPORTED"", ""conditional_physical_opportunity_value"": 0.023574048313559002, ""expected_delta_v"": 0.023574048313559002, ""explanation"": {""current_track_to_ambient_thermal_gap_c"": 10.555555555555557, ""forecast_ambient_trajectory_c"": {""current_ambient_temp_c"": 27.77777777777778, ""delta_ambient_temp_c"": 0.9609246148003692, ""forecast_future_ambient_temp_c"": 28.738702392578148}, ""note"": ""These are the exact closed-form M2b_mean_solar terms FINAL_V2's adapter already evaluates for this horizon (see final_v2_adapter.py); shown here for display only, not a separate model or decomposition."", ""predicted_future_track_temperature_change_c"": 4.281167573017034, ""solar_elevation_mean_deg"": 67.30385016153465, ""uncertainty_source_reference"": {""interpretation"": ""Frozen V2-D sensitivity ablation: fraction of this horizon's 80% predictive-interval width attributable to removing empirical attempt-level performance residual uncertainty. This is a global, frozen reference for the horizon, not a decomposition specific to this one prediction."", ""pi80_width_reduction_vs_full_removing_empirical_residual"": 0.798707118459242, ""source"": ""weather/output/v2d_uncertainty_ablation/v2d_uncertainty_ablation_width_reduction_v1.csv"", ""variant"": ""NO_RESIDUAL""}}, ""horizon_minutes"": 60, ""median_delta_v"": 0.026665154861864424, ""p_improve"": 0.5217, ""pi80_high"": 0.7983856753185113, ""pi80_low"": -0.7440452388247273, ""pi90_high"": 1.27346083420257, ""pi90_low"": -1.2007844972069937, ""queue_time_prediction"": ""NOT MODELLED"", ""retain_withdraw_recommendation"": ""NOT ISSUED""}",HRRR:20210522:2:2021-05-22 17:00:00+00:00:2021-05-22 19:00:00+00:00;008900eb428ad820bea907f91fe7c77a7e5965b56e20993b5acf9aed7627099d,c8cbd705c20b847d8bdca90a25f5c6dbfc78c3897aa9c0a5222212a69ec150ed,4b5e5dc97cd8710d7572099505414bc9acadae8e7eee571a01f185417f78b958,SUPPORTED,
60:2021:SHADOW_INFERENCE_ISSUED:000107,2021,2021-05-22T17:58:16Z,SHADOW_INFERENCE_ISSUED,60,phase3:2021_car60,phase3:2021_car60:h90,2021-05-22T17:58:16Z,"{""applicability_status"": ""SUPPORTED"", ""conditional_physical_opportunity_value"": -0.009572703080645534, ""expected_delta_v"": -0.009572703080645534, ""explanation"": {""current_track_to_ambient_thermal_gap_c"": 10.555555555555557, ""forecast_ambient_trajectory_c"": {""current_ambient_temp_c"": 27.77777777777778, ""delta_ambient_temp_c"": 0.9609246148003692, ""forecast_future_ambient_temp_c"": 28.738702392578148}, ""note"": ""These are the exact closed-form M2b_mean_solar terms FINAL_V2's adapter already evaluates for this horizon (see final_v2_adapter.py); shown here for display only, not a separate model or decomposition."", ""predicted_future_track_temperature_change_c"": 5.147468231122591, ""solar_elevation_mean_deg"": 65.04281025872383, ""uncertainty_source_reference"": {""interpretation"": ""Frozen V2-D sensitivity ablation: fraction of this horizon's 80% predictive-interval width attributable to removing empirical attempt-level performance residual uncertainty. This is a global, frozen reference for the horizon, not a decomposition specific to this one prediction."", ""pi80_width_reduction_vs_full_removing_empirical_residual"": 0.7587800187488541, ""source"": ""weather/output/v2d_uncertainty_ablation/v2d_uncertainty_ablation_width_reduction_v1.csv"", ""variant"": ""NO_RESIDUAL""}}, ""horizon_minutes"": 90, ""median_delta_v"": -0.001471318101923233, ""p_improve"": 0.49845, ""pi80_high"": 0.7768181713163878, ""pi80_low"": -0.8085513710342765, ""pi90_high"": 1.2550143681296788, ""pi90_low"": -1.2572708275790097, ""queue_time_prediction"": ""NOT MODELLED"", ""retain_withdraw_recommendation"": ""NOT ISSUED""}",HRRR:20210522:2:2021-05-22 17:00:00+00:00:2021-05-22 19:00:00+00:00;008900eb428ad820bea907f91fe7c77a7e5965b56e20993b5acf9aed7627099d,c8cbd705c20b847d8bdca90a25f5c6dbfc78c3897aa9c0a5222212a69ec150ed,99f6f257876e1172a2e5412070e43e0f5f4302dd96c424befe062b3fcde691b3,SUPPORTED,
60:2021:SHADOW_INFERENCE_ISSUED:000109,2021,2021-05-22T17:58:16Z,SHADOW_INFERENCE_ISSUED,60,phase3:2021_car60,phase3:2021_car60:h120,2021-05-22T17:58:16Z,"{""applicability_status"": ""SUPPORTED"", ""conditional_physical_opportunity_value"": -0.07918825039769535, ""expected_delta_v"": -0.07918825039769535, ""explanation"": {""current_track_to_ambient_thermal_gap_c"": 10.555555555555557, ""forecast_ambient_trajectory_c"": {""current_ambient_temp_c"": 27.77777777777778, ""delta_ambient_temp_c"": 0.49223564995661917, ""forecast_future_ambient_temp_c"": 28.270013427734398}, ""note"": ""These are the exact closed-form M2b_mean_solar terms FINAL_V2's adapter already evaluates for this horizon (see final_v2_adapter.py); shown here for display only, not a separate model or decomposition."", ""predicted_future_track_temperature_change_c"": 4.5497878273129215, ""solar_elevation_mean_deg"": 62.50011807431555, ""uncertainty_source_reference"": {""interpretation"": ""Frozen V2-D sensitivity ablation: fraction of this horizon's 80% predictive-interval width attributable to removing empirical attempt-level performance residual uncertainty. This is a global, frozen reference for the horizon, not a decomposition specific to this one prediction."", ""pi80_width_reduction_vs_full_removing_empirical_residual"": 0.7279196050802543, ""source"": ""weather/output/v2d_uncertainty_ablation/v2d_uncertainty_ablation_width_reduction_v1.csv"", ""variant"": ""NO_RESIDUAL""}}, ""horizon_minutes"": 120, ""median_delta_v"": -0.07160728995645843, ""p_improve"": 0.4426, ""pi80_high"": 0.7143962266249748, ""pi80_low"": -0.8964974466146651, ""pi90_high"": 1.189905327957488, ""pi90_low"": -1.3427809910056725, ""queue_time_prediction"": ""NOT MODELLED"", ""retain_withdraw_recommendation"": ""NOT ISSUED""}",HRRR:20210522:3:2021-05-22 17:00:00+00:00:2021-05-22 20:00:00+00:00;008900eb428ad820bea907f91fe7c77a7e5965b56e20993b5acf9aed7627099d,c8cbd705c20b847d8bdca90a25f5c6dbfc78c3897aa9c0a5222212a69ec150ed,9a3b2e546a2811a6e03b96133087b0fe2de3a3037e4b9a42a5af74b93b5cccbb,SUPPORTED,
26:2021:APPLICABILITY_CHANGED:000068,2021,2021-05-22T18:12:27Z,APPLICABILITY_CHANGED,26,phase3:2021_car26,,2021-05-22T18:12:27Z,"{""category"": ""CONDITIONAL_OUTLOOK_SUPPORTED_BUT_HISTORICAL_SCORING_UNSUPPORTED"", ""historical_evaluation_support"": {""anchor_horizon_min"": null, ""status"": ""ABSTAINED""}, ""inference_support"": {""abstained_horizons_min"": [], ""supported_horizons_min"": [15, 30, 60, 90, 120]}, ""strategy_identifiability"": {""note"": ""This project does not model opportunity timing and never issues a strategy recommendation."", ""status"": ""NOT_MODELLED""}}",,,8d7a8119cfda307e4c266e1797507c6b10ccd8ee97b29b5120d7bc9b3804f64a,CONDITIONAL_OUTLOOK_SUPPORTED_BUT_HISTORICAL_SCORING_UNSUPPORTED,
26:2021:FORECAST_AVAILABLE:000058,2021,2021-05-22T18:12:27Z,FORECAST_AVAILABLE,26,phase3:2021_car26,,2021-05-22T18:12:27Z,"{""forecast_ambient_temp_c"": 27.679406738281273, ""forecast_issue_time"": ""2021-05-22T18:00:00Z"", ""forecast_valid_time"": ""2021-05-22T18:00:00Z"", ""horizon_minutes"": 15, ""valid_time_error_minutes"": 27.45}",HRRR:20210522:0:2021-05-22 18:00:00+00:00:2021-05-22 18:00:00+00:00,,09a917ac93e9780d4ee1630ea744d09fd24ce0705690f01235d38f6d0b8aad2f,OK,
26:2021:FORECAST_AVAILABLE:000060,2021,2021-05-22T18:12:27Z,FORECAST_AVAILABLE,26,phase3:2021_car26,,2021-05-22T18:12:27Z,"{""forecast_ambient_temp_c"": 28.014550781250023, ""forecast_issue_time"": ""2021-05-22T18:00:00Z"", ""forecast_valid_time"": ""2021-05-22T19:00:00Z"", ""horizon_minutes"": 30, ""valid_time_error_minutes"": 17.55}",HRRR:20210522:1:2021-05-22 18:00:00+00:00:2021-05-22 19:00:00+00:00,,fc9db8254bd1b6d70d92d1d3cfe94a7af71f4941308adaee94b96322e79a859e,OK,
26:2021:FORECAST_AVAILABLE:000062,2021,2021-05-22T18:12:27Z,FORECAST_AVAILABLE,26,phase3:2021_car26,,2021-05-22T18:12:27Z,"{""forecast_ambient_temp_c"": 28.014550781250023, ""forecast_issue_time"": ""2021-05-22T18:00:00Z"", ""forecast_valid_time"": ""2021-05-22T19:00:00Z"", ""horizon_minutes"": 60, ""valid_time_error_minutes"": 12.45}",HRRR:20210522:1:2021-05-22 18:00:00+00:00:2021-05-22 19:00:00+00:00,,b0853cf0240844de64a9aa39818ad0b463df56b96aba9a80d6ddb9af7e0ad061,OK,
26:2021:FORECAST_AVAILABLE:000064,2021,2021-05-22T18:12:27Z,FORECAST_AVAILABLE,26,phase3:2021_car26,,2021-05-22T18:12:27Z,"{""forecast_ambient_temp_c"": 28.613641357421898, ""forecast_issue_time"": ""2021-05-22T18:00:00Z"", ""forecast_valid_time"": ""2021-05-22T20:00:00Z"", ""horizon_minutes"": 90, ""valid_time_error_minutes"": 17.55}",HRRR:20210522:2:2021-05-22 18:00:00+00:00:2021-05-22 20:00:00+00:00,,a7ac09f910f71bb0f4b290c36b33e93b4266f8764ae5a6bfd9514426e3839a60,OK,
26:2021:FORECAST_AVAILABLE:000066,2021,2021-05-22T18:12:27Z,FORECAST_AVAILABLE,26,phase3:2021_car26,,2021-05-22T18:12:27Z,"{""forecast_ambient_temp_c"": 28.613641357421898, ""forecast_issue_time"": ""2021-05-22T18:00:00Z"", ""forecast_valid_time"": ""2021-05-22T20:00:00Z"", ""horizon_minutes"": 120, ""valid_time_error_minutes"": 12.45}",HRRR:20210522:2:2021-05-22 18:00:00+00:00:2021-05-22 20:00:00+00:00,,7557ab619843bceaed347e51885e05739ad4666bd3bcfb6cf2d1a5da60e5b211,OK,
26:2021:PHYSICAL_STATE_OBSERVED:000057,2021,2021-05-22T18:12:27Z,PHYSICAL_STATE_OBSERVED,26,,,2021-05-22T18:12:27Z,"{""current_ambient_temp_c"": 27.22222222222222, ""current_track_temp_c"": 37.77777777777778}",,,1195e94d7e66f9f676b304edf470743af785e8e4861dbdc7fb176f70ab188fe2,OK,
26:2021:SHADOW_INFERENCE_ISSUED:000059,2021,2021-05-22T18:12:27Z,SHADOW_INFERENCE_ISSUED,26,phase3:2021_car26,phase3:2021_car26:h15,2021-05-22T18:12:27Z,"{""applicability_status"": ""SUPPORTED"", ""conditional_physical_opportunity_value"": 0.04328815749973938, ""expected_delta_v"": 0.04328815749973938, ""explanation"": {""current_track_to_ambient_thermal_gap_c"": 10.555555555555557, ""forecast_ambient_trajectory_c"": {""current_ambient_temp_c"": 27.22222222222222, ""delta_ambient_temp_c"": 0.4571845160590513, ""forecast_future_ambient_temp_c"": 27.679406738281273}, ""note"": ""These are the exact closed-form M2b_mean_solar terms FINAL_V2's adapter already evaluates for this horizon (see final_v2_adapter.py); shown here for display only, not a separate model or decomposition."", ""predicted_future_track_temperature_change_c"": 1.182009692882334, ""solar_elevation_mean_deg"": 68.74745885001917, ""uncertainty_source_reference"": {""interpretation"": ""Frozen V2-D sensitivity ablation: fraction of this horizon's 80% predictive-interval width attributable to removing empirical attempt-level performance residual uncertainty. This is a global, frozen reference for the horizon, not a decomposition specific to this one prediction."", ""pi80_width_reduction_vs_full_removing_empirical_residual"": 0.9042389450398576, ""source"": ""weather/output/v2d_uncertainty_ablation/v2d_uncertainty_ablation_width_reduction_v1.csv"", ""variant"": ""NO_RESIDUAL""}}, ""horizon_minutes"": 15, ""median_delta_v"": 0.04437405608513126, ""p_improve"": 0.53935, ""pi80_high"": 0.7982832513244277, ""pi80_low"": -0.7001300384267729, ""pi90_high"": 1.2672809080292606, ""pi90_low"": -1.1661479991176462, ""queue_time_prediction"": ""NOT MODELLED"", ""retain_withdraw_recommendation"": ""NOT ISSUED""}",HRRR:20210522:0:2021-05-22 18:00:00+00:00:2021-05-22 18:00:00+00:00;008900eb428ad820bea907f91fe7c77a7e5965b56e20993b5acf9aed7627099d,21e2e7956e1f592cc914fe3e2865c85fe4c375b7d62d65cecdb0cd2c81597e03,dcb2d92c9b35b5f5d600d782ef7704e74cf93aa771e0f2ab2d7af650d4c45178,SUPPORTED,
26:2021:SHADOW_INFERENCE_ISSUED:000061,2021,2021-05-22T18:12:27Z,SHADOW_INFERENCE_ISSUED,26,phase3:2021_car26,phase3:2021_car26:h30,2021-05-22T18:12:27Z,"{""applicability_status"": ""SUPPORTED"", ""conditional_physical_opportunity_value"": 0.06204248021869427, ""expected_delta_v"": 0.06204248021869427, ""explanation"": {""current_track_to_ambient_thermal_gap_c"": 10.555555555555557, ""forecast_ambient_trajectory_c"": {""current_ambient_temp_c"": 27.22222222222222, ""delta_ambient_temp_c"": 0.7923285590278013, ""forecast_future_ambient_temp_c"": 28.014550781250023}, ""note"": ""These are the exact closed-form M2b_mean_solar terms FINAL_V2's adapter already evaluates for this horizon (see final_v2_adapter.py); shown here for display only, not a separate model or decomposition."", ""predicted_future_track_temperature_change_c"": 2.40512110843057, ""solar_elevation_mean_deg"": 67.93573615546077, ""uncertainty_source_reference"": {""interpretation"": ""Frozen V2-D sensitivity ablation: fraction of this horizon's 80% predictive-interval width attributable to removing empirical attempt-level performance residual uncertainty. This is a global, frozen reference for the horizon, not a decomposition specific to this one prediction."", ""pi80_width_reduction_vs_full_removing_empirical_residual"": 0.8554256022935537, ""source"": ""weather/output/v2d_uncertainty_ablation/v2d_uncertainty_ablation_width_reduction_v1.csv"", ""variant"": ""NO_RESIDUAL""}}, ""horizon_minutes"": 30, ""median_delta_v"": 0.06551756932403877, ""p_improve"": 0.5527, ""pi80_high"": 0.8272499912080667, ""pi80_low"": -0.6817224171560514, ""pi90_high"": 1.2946388292798305, ""pi90_low"": -1.157377908153845, ""queue_time_prediction"": ""NOT MODELLED"", ""retain_withdraw_recommendation"": ""NOT ISSUED""}",HRRR:20210522:1:2021-05-22 18:00:00+00:00:2021-05-22 19:00:00+00:00;008900eb428ad820bea907f91fe7c77a7e5965b56e20993b5acf9aed7627099d,21e2e7956e1f592cc914fe3e2865c85fe4c375b7d62d65cecdb0cd2c81597e03,607405877b3a68c3d0027fef134f112ea3067ee3b9d28869e9bb3f03c72fef7d,SUPPORTED,
26:2021:SHADOW_INFERENCE_ISSUED:000063,2021,2021-05-22T18:12:27Z,SHADOW_INFERENCE_ISSUED,26,phase3:2021_car26,phase3:2021_car26:h60,2021-05-22T18:12:27Z,"{""applicability_status"": ""SUPPORTED"", ""conditional_physical_opportunity_value"": 0.003400116818732117, ""expected_delta_v"": 0.003400116818732117, ""explanation"": {""current_track_to_ambient_thermal_gap_c"": 10.555555555555557, ""forecast_ambient_trajectory_c"": {""current_ambient_temp_c"": 27.22222222222222, ""delta_ambient_temp_c"": 0.7923285590278013, ""forecast_future_ambient_temp_c"": 28.014550781250023}, ""note"": ""These are the exact closed-form M2b_mean_solar terms FINAL_V2's adapter already evaluates for this horizon (see final_v2_adapter.py); shown here for display only, not a separate model or decomposition."", ""predicted_future_track_temperature_change_c"": 3.939710148840303, ""solar_elevation_mean_deg"": 65.89378272385675, ""uncertainty_source_reference"": {""interpretation"": ""Frozen V2-D sensitivity ablation: fraction of this horizon's 80% predictive-interval width attributable to removing empirical attempt-level performance residual uncertainty. This is a global, frozen reference for the horizon, not a decomposition specific to this one prediction."", ""pi80_width_reduction_vs_full_removing_empirical_residual"": 0.798707118459242, ""source"": ""weather/output/v2d_uncertainty_ablation/v2d_uncertainty_ablation_width_reduction_v1.csv"", ""variant"": ""NO_RESIDUAL""}}, ""horizon_minutes"": 60, ""median_delta_v"": 0.007306037258644885, ""p_improve"": 0.5058, ""pi80_high"": 0.7808723584586663, ""pi80_low"": -0.7661022787043688, ""pi90_high"": 1.2515627287360778, ""pi90_low"": -1.219846561783558, ""queue_time_prediction"": ""NOT MODELLED"", ""retain_withdraw_recommendation"": ""NOT ISSUED""}",HRRR:20210522:1:2021-05-22 18:00:00+00:00:2021-05-22 19:00:00+00:00;008900eb428ad820bea907f91fe7c77a7e5965b56e20993b5acf9aed7627099d,21e2e7956e1f592cc914fe3e2865c85fe4c375b7d62d65cecdb0cd2c81597e03,29d74c9fb5da9248be068272f5d93eb3d05919faa34e77a3d32fd8b9155b5c12,SUPPORTED,
26:2021:SHADOW_INFERENCE_ISSUED:000065,2021,2021-05-22T18:12:27Z,SHADOW_INFERENCE_ISSUED,26,phase3:2021_car26,phase3:2021_car26:h90,2021-05-22T18:12:27Z,"{""applicability_status"": ""SUPPORTED"", ""conditional_physical_opportunity_value"": 0.054478046317902706, ""expected_delta_v"": 0.054478046317902706, ""explanation"": {""current_track_to_ambient_thermal_gap_c"": 10.555555555555557, ""forecast_ambient_trajectory_c"": {""current_ambient_temp_c"": 27.22222222222222, ""delta_ambient_temp_c"": 1.3914191351996763, ""forecast_future_ambient_temp_c"": 28.613641357421898}, ""note"": ""These are the exact closed-form M2b_mean_solar terms FINAL_V2's adapter already evaluates for this horizon (see final_v2_adapter.py); shown here for display only, not a separate model or decomposition."", ""predicted_future_track_temperature_change_c"": 5.6980262389806065, ""solar_elevation_mean_deg"": 63.48114882588268, ""uncertainty_source_reference"": {""interpretation"": ""Frozen V2-D sensitivity ablation: fraction of this horizon's 80% predictive-interval width attributable to removing empirical attempt-level performance residual uncertainty. This is a global, frozen reference for the horizon, not a decomposition specific to this one prediction."", ""pi80_width_reduction_vs_full_removing_empirical_residual"": 0.7587800187488541, ""source"": ""weather/output/v2d_uncertainty_ablation/v2d_uncertainty_ablation_width_reduction_v1.csv"", ""variant"": ""NO_RESIDUAL""}}, ""horizon_minutes"": 90, ""median_delta_v"": 0.06175050898461372, ""p_improve"": 0.5485, ""pi80_high"": 0.8361245864066166, ""pi80_low"": -0.7376801951585432, ""pi90_high"": 1.3180738354861925, ""pi90_low"": -1.192542219134281, ""queue_time_prediction"": ""NOT MODELLED"", ""retain_withdraw_recommendation"": ""NOT ISSUED""}",HRRR:20210522:2:2021-05-22 18:00:00+00:00:2021-05-22 20:00:00+00:00;008900eb428ad820bea907f91fe7c77a7e5965b56e20993b5acf9aed7627099d,21e2e7956e1f592cc914fe3e2865c85fe4c375b7d62d65cecdb0cd2c81597e03,c4577370a0edfe9eae11e36a4dffcb2d826cf5a372fd6a4a7a0be709fda6ca4a,SUPPORTED,
26:2021:SHADOW_INFERENCE_ISSUED:000067,2021,2021-05-22T18:12:27Z,SHADOW_INFERENCE_ISSUED,26,phase3:2021_car26,phase3:2021_car26:h120,2021-05-22T18:12:27Z,"{""applicability_status"": ""SUPPORTED"", ""conditional_physical_opportunity_value"": 0.043779880666173276, ""expected_delta_v"": 0.043779880666173276, ""explanation"": {""current_track_to_ambient_thermal_gap_c"": 10.555555555555557, ""forecast_ambient_trajectory_c"": {""current_ambient_temp_c"": 27.22222222222222, ""delta_ambient_temp_c"": 1.3914191351996763, ""forecast_future_ambient_temp_c"": 28.613641357421898}, ""note"": ""These are the exact closed-form M2b_mean_solar terms FINAL_V2's adapter already evaluates for this horizon (see final_v2_adapter.py); shown here for display only, not a separate model or decomposition."", ""predicted_future_track_temperature_change_c"": 5.9769335439479505, ""solar_elevation_mean_deg"": 60.84900979839309, ""uncertainty_source_reference"": {""interpretation"": ""Frozen V2-D sensitivity ablation: fraction of this horizon's 80% predictive-interval width attributable to removing empirical attempt-level performance residual uncertainty. This is a global, frozen reference for the horizon, not a decomposition specific to this one prediction."", ""pi80_width_reduction_vs_full_removing_empirical_residual"": 0.7279196050802543, ""source"": ""weather/output/v2d_uncertainty_ablation/v2d_uncertainty_ablation_width_reduction_v1.csv"", ""variant"": ""NO_RESIDUAL""}}, ""horizon_minutes"": 120, ""median_delta_v"": 0.04993553115138121, ""p_improve"": 0.5417, ""pi80_high"": 0.8348747527359665, ""pi80_low"": -0.7552604824948139, ""pi90_high"": 1.3123308943946086, ""pi90_low"": -1.2107577340033138, ""queue_time_prediction"": ""NOT MODELLED"", ""retain_withdraw_recommendation"": ""NOT ISSUED""}",HRRR:20210522:2:2021-05-22 18:00:00+00:00:2021-05-22 20:00:00+00:00;008900eb428ad820bea907f91fe7c77a7e5965b56e20993b5acf9aed7627099d,21e2e7956e1f592cc914fe3e2865c85fe4c375b7d62d65cecdb0cd2c81597e03,e87116b550a2b5ad6bda4dc8c08e638e4566463169782d36d1c20a97517f10b8,SUPPORTED,
2:2021:FUTURE_ATTEMPT_OBSERVED:000041,2021,2021-05-22T18:44:56Z,FUTURE_ATTEMPT_OBSERVED,2,,,2021-05-22T18:44:56Z,"{""observed_delta_v"": 0.022, ""realised_horizon_minutes"": 125.83333333333333}",,,a093729c51e8876dc4a30e68c87bcd685735ebed5f8c3bd448896bfb15e4d320,OK,
2:2021:SHADOW_INFERENCE_ABSTAINED:000042,2021,2021-05-22T18:44:56Z,SHADOW_INFERENCE_ABSTAINED,2,phase3:2021_car2,,2021-05-22T18:44:56Z,"{""note"": ""Realised horizon 125.8 min does not exactly match any calibrated anchor (15, 30, 60, 90, 120) and is not the pre-approved illustrative exception; historical scoring abstained rather than extrapolated or nearest-anchor-substituted."", ""realised_horizon_minutes"": 125.83333333333333, ""scope"": ""HISTORICAL_SCORING""}",,,791d3ed660d215ef8541bf427d72f7b6551be90667eeaefe0511fd0744c3c921,ABSTAINED,HORIZON_OUT_OF_SUPPORT
21:2021:FUTURE_ATTEMPT_OBSERVED:000055,2021,2021-05-22T18:49:55Z,FUTURE_ATTEMPT_OBSERVED,21,,,2021-05-22T18:49:55Z,"{""observed_delta_v"": 0.642, ""realised_horizon_minutes"": 126.65}",,,224e13aeaac488a408d1c547a2d9acf15934b334ed121265a37782d6b79bc40d,OK,
21:2021:SHADOW_INFERENCE_ABSTAINED:000056,2021,2021-05-22T18:49:55Z,SHADOW_INFERENCE_ABSTAINED,21,phase3:2021_car21,,2021-05-22T18:49:55Z,"{""note"": ""Realised horizon 126.7 min does not exactly match any calibrated anchor (15, 30, 60, 90, 120) and is not the pre-approved illustrative exception; historical scoring abstained rather than extrapolated or nearest-anchor-substituted."", ""realised_horizon_minutes"": 126.65, ""scope"": ""HISTORICAL_SCORING""}",,,45fd2bf0634b6eace2d16221fcd9e9b11595f31b4bb812d103334981973870ec,ABSTAINED,HORIZON_OUT_OF_SUPPORT
60:2021:FUTURE_ATTEMPT_OBSERVED:000111,2021,2021-05-22T19:02:24Z,FUTURE_ATTEMPT_OBSERVED,60,,,2021-05-22T19:02:24Z,"{""observed_delta_v"": 4.695, ""realised_horizon_minutes"": 64.13333333333334}",,,6e8db78d623e52d0e0d03c4c9bcb0f2b42b36922a653c7b55a13eb18cb974f8d,OK,
60:2021:PREDICTION_SCORED:000112,2021,2021-05-22T19:02:24Z,PREDICTION_SCORED,60,phase3:2021_car60,phase3:2021_car60:h60,2021-05-22T19:02:24Z,"{""absolute_error"": 4.671425951686441, ""anchor_horizon_minutes"": 60, ""counts_toward_aggregate_validation"": false, ""expected_delta_v"": 0.023574048313559002, ""note"": ""Approved ONLY as an illustrative diagnostic (realised horizon ~64.1 min vs. the 60-min calibrated anchor, ~4.1-min mismatch). NOT approved as POINT_IN_TIME_EXTERNAL_VALIDATION and must not contribute to aggregate validation metrics."", ""observed_delta_v"": 4.695, ""provenance"": {""decision_snapshot_id"": ""phase3:2021_car60"", ""final_v2_model_hash"": ""008900eb428ad820bea907f91fe7c77a7e5965b56e20993b5acf9aed7627099d"", ""forecast_issue_time"": ""2021-05-22T17:00:00Z"", ""forecast_model"": ""HRRR"", ""forecast_run"": ""2"", ""forecast_source"": ""NOAA"", ""historical_scoring_support"": ""ILLUSTRATIVE_ONLY"", ""information_cutoff"": ""2021-05-22T17:58:16Z"", ""input_hash"": ""c8cbd705c20b847d8bdca90a25f5c6dbfc78c3897aa9c0a5222212a69ec150ed"", ""prediction_hash"": ""4d6dc9af169b40955e41f7d8a3a3dbcf7ad0b80960262064bb2b1144e8ea7a89"", ""scientific_support"": ""SUPPORTED""}, ""realised_horizon_minutes"": 64.13333333333334}",HRRR:20210522:2:2021-05-22 17:00:00+00:00:2021-05-22 19:00:00+00:00;008900eb428ad820bea907f91fe7c77a7e5965b56e20993b5acf9aed7627099d,c8cbd705c20b847d8bdca90a25f5c6dbfc78c3897aa9c0a5222212a69ec150ed,442546115025aee4cf7a614965e0a7bb4dd1267f28cb8f2971b1c1187660dbec,ILLUSTRATIVE_ONLY,NON_ANCHOR_EVALUATION_NOT_APPROVED
47:2021:FUTURE_ATTEMPT_OBSERVED:000097,2021,2021-05-22T19:55:55Z,FUTURE_ATTEMPT_OBSERVED,47,,,2021-05-22T19:55:55Z,"{""observed_delta_v"": -0.154, ""realised_horizon_minutes"": 126.81666666666666}",,,67caf1962315b9a2c7a52d4cf1fda59fbde97589df6a28bd88049516d8c45ad3,OK,
47:2021:SHADOW_INFERENCE_ABSTAINED:000098,2021,2021-05-22T19:55:55Z,SHADOW_INFERENCE_ABSTAINED,47,phase3:2021_car47,,2021-05-22T19:55:55Z,"{""note"": ""Realised horizon 126.8 min does not exactly match any calibrated anchor (15, 30, 60, 90, 120) and is not the pre-approved illustrative exception; historical scoring abstained rather than extrapolated or nearest-anchor-substituted."", ""realised_horizon_minutes"": 126.81666666666666, ""scope"": ""HISTORICAL_SCORING""}",,,a18da64c986b665d0385f44934cf854972360c34cad12d1f9db4401a8cd66483,ABSTAINED,HORIZON_OUT_OF_SUPPORT
26:2021:FUTURE_ATTEMPT_OBSERVED:000069,2021,2021-05-22T20:25:16Z,FUTURE_ATTEMPT_OBSERVED,26,,,2021-05-22T20:25:16Z,"{""observed_delta_v"": -1.419, ""realised_horizon_minutes"": 132.81666666666666}",,,c8f904d45957c85f62da8ed16dfc33a76782091d09a35d4e71e76a633389d599,OK,
26:2021:SHADOW_INFERENCE_ABSTAINED:000070,2021,2021-05-22T20:25:16Z,SHADOW_INFERENCE_ABSTAINED,26,phase3:2021_car26,,2021-05-22T20:25:16Z,"{""note"": ""Realised horizon 132.8 min does not exactly match any calibrated anchor (15, 30, 60, 90, 120) and is not the pre-approved illustrative exception; historical scoring abstained rather than extrapolated or nearest-anchor-substituted."", ""realised_horizon_minutes"": 132.81666666666666, ""scope"": ""HISTORICAL_SCORING""}",,,0e5d9ab4560d2bd6e769aa5a3519073b1b4cbce772331f0f5114606eae38ee10,ABSTAINED,HORIZON_OUT_OF_SUPPORT
86:2021:FUTURE_ATTEMPT_OBSERVED:000139,2021,2021-05-22T21:02:45Z,FUTURE_ATTEMPT_OBSERVED,86,,,2021-05-22T21:02:45Z,"{""observed_delta_v"": -0.154, ""realised_horizon_minutes"": 231.15}",,,c5e1e24fec5d18a034816437e2e58917f27110898e7cbc3927db0480afa23c0e,OK,
86:2021:SHADOW_INFERENCE_ABSTAINED:000140,2021,2021-05-22T21:02:45Z,SHADOW_INFERENCE_ABSTAINED,86,phase3:2021_car86,,2021-05-22T21:02:45Z,"{""note"": ""Realised horizon 231.2 min does not exactly match any calibrated anchor (15, 30, 60, 90, 120) and is not the pre-approved illustrative exception; historical scoring abstained rather than extrapolated or nearest-anchor-substituted."", ""realised_horizon_minutes"": 231.15, ""scope"": ""HISTORICAL_SCORING""}",,,ec8e2c35fac0d762f5013379b5314e4bec79e825f9e72c64163e35d30b994aee,ABSTAINED,HORIZON_OUT_OF_SUPPORT
18:2021:FUTURE_ATTEMPT_OBSERVED:000027,2021,2021-05-22T21:07:57Z,FUTURE_ATTEMPT_OBSERVED,18,,,2021-05-22T21:07:57Z,"{""observed_delta_v"": 0.798, ""realised_horizon_minutes"": 288.01666666666665}",,,3a8f287da5fc60711c3df88371915117125b3370030b6ccc879d515cb883e0f8,OK,
18:2021:SHADOW_INFERENCE_ABSTAINED:000028,2021,2021-05-22T21:07:57Z,SHADOW_INFERENCE_ABSTAINED,18,phase3:2021_car18,,2021-05-22T21:07:57Z,"{""note"": ""Realised horizon 288.0 min does not exactly match any calibrated anchor (15, 30, 60, 90, 120) and is not the pre-approved illustrative exception; historical scoring abstained rather than extrapolated or nearest-anchor-substituted."", ""realised_horizon_minutes"": 288.01666666666665, ""scope"": ""HISTORICAL_SCORING""}",,,be9df089be8526943c18d9b47a341c0fc02bde1fd8011a25acf78a325e0b535a,ABSTAINED,HORIZON_OUT_OF_SUPPORT
7:2021:FUTURE_ATTEMPT_OBSERVED:000125,2021,2021-05-22T21:21:31Z,FUTURE_ATTEMPT_OBSERVED,7,,,2021-05-22T21:21:31Z,"{""observed_delta_v"": 0.246, ""realised_horizon_minutes"": 225.75}",,,9a67d0d8a2e7c3d81fd5efe690ac6c769822f837473f73494741c6750a8771b0,OK,
7:2021:SHADOW_INFERENCE_ABSTAINED:000126,2021,2021-05-22T21:21:31Z,SHADOW_INFERENCE_ABSTAINED,7,phase3:2021_car7,,2021-05-22T21:21:31Z,"{""note"": ""Realised horizon 225.8 min does not exactly match any calibrated anchor (15, 30, 60, 90, 120) and is not the pre-approved illustrative exception; historical scoring abstained rather than extrapolated or nearest-anchor-substituted."", ""realised_horizon_minutes"": 225.75, ""scope"": ""HISTORICAL_SCORING""}",,,7d5c3bb99b8cd6c57cd4214c57b9dfc9e00ceeae40c9f6240f9f92dab425c1fc,ABSTAINED,HORIZON_OUT_OF_SUPPORT
12:2021:FUTURE_ATTEMPT_OBSERVED:000013,2021,2021-05-22T21:33:54Z,FUTURE_ATTEMPT_OBSERVED,12,,,2021-05-22T21:33:54Z,"{""observed_delta_v"": 0.176, ""realised_horizon_minutes"": 252.3}",,,9a0221056a72a7b9537966724411839be58c12f2322738847a2878b331d71d71,OK,
12:2021:SHADOW_INFERENCE_ABSTAINED:000014,2021,2021-05-22T21:33:54Z,SHADOW_INFERENCE_ABSTAINED,12,phase3:2021_car12,,2021-05-22T21:33:54Z,"{""note"": ""Realised horizon 252.3 min does not exactly match any calibrated anchor (15, 30, 60, 90, 120) and is not the pre-approved illustrative exception; historical scoring abstained rather than extrapolated or nearest-anchor-substituted."", ""realised_horizon_minutes"": 252.3, ""scope"": ""HISTORICAL_SCORING""}",,,984b6303f47b81e5e1d8d91b0cba7aedb94e88a7765b09e6d8402a08adca902e,ABSTAINED,HORIZON_OUT_OF_SUPPORT
4:2021:FUTURE_ATTEMPT_OBSERVED:000083,2021,2021-05-22T21:46:39Z,FUTURE_ATTEMPT_OBSERVED,4,,,2021-05-22T21:46:39Z,"{""observed_delta_v"": -0.927, ""realised_horizon_minutes"": 241.71666666666667}",,,d537159264a1f52aadaf959b9e1a68b9dcfe857106c85eca9a943dfc8fac2d3b,OK,
4:2021:SHADOW_INFERENCE_ABSTAINED:000084,2021,2021-05-22T21:46:39Z,SHADOW_INFERENCE_ABSTAINED,4,phase3:2021_car4,,2021-05-22T21:46:39Z,"{""note"": ""Realised horizon 241.7 min does not exactly match any calibrated anchor (15, 30, 60, 90, 120) and is not the pre-approved illustrative exception; historical scoring abstained rather than extrapolated or nearest-anchor-substituted."", ""realised_horizon_minutes"": 241.71666666666667, ""scope"": ""HISTORICAL_SCORING""}",,,43c53543631711149b758000f91568af0af2a5a2dd7d748febb0e038ed784f6f,ABSTAINED,HORIZON_OUT_OF_SUPPORT
