transition_id,year,canonical_engineering_team,target_car,target_driver,strategy,window_min,direction,view,target_team_in_primary_layer,supported_t1,supported_t2,supported_both,delta_target,frozen_loyo_predicted_delta_mph,frozen_loyo_residual_raw_mph,team_control_t1,n_attempts_t1,n_cars_t1,cars_t1,attempts_t1,min_abs_offset_t1,max_abs_offset_t1,mean_signed_offset_t1,mean_track_t1,mean_ambient_t1,any_mixed_basis_t1,any_non_point_time_t1,any_pit_fragile_t1,any_same_ptsc_obs_t1,any_crosses_data_gap_t1,team_control_t2,n_attempts_t2,n_cars_t2,cars_t2,attempts_t2,min_abs_offset_t2,max_abs_offset_t2,mean_signed_offset_t2,mean_track_t2,mean_ambient_t2,any_mixed_basis_t2,any_non_point_time_t2,any_pit_fragile_t2,any_same_ptsc_obs_t2,any_crosses_data_gap_t2,delta_team_control,team_adjusted_delta,same_direction,same_teammate_car_set_both_endpoints,shared_teammate_attempts_between_endpoints,degenerate_identical_control,teammate_delta_track_c,teammate_delta_ambient_c,control_equals_other_frozen_transition,reciprocal_frozen_pair,frozen_delta_track_temp_c,frozen_delta_air_temp_c,transition_elapsed_min
9a2e168d-3dda-5e76-8daf-588c20d91341__TO__893c5471-df02-55c0-946f-0af9d0a835d9,2020,ED_CARPENTER_RACING,20,Ed Carpenter,WINDOW_MEDIAN,5,ANY,RETROSPECTIVE,True,False,False,False,0.4,0.4278728600311938,-0.0278728600311938,,,,,,,,,,,,,,,,,,,,,,,,,,,,,,,,,,,,,,,,False,3.88888889,2.776578861,140.08333333333334
9a2e168d-3dda-5e76-8daf-588c20d91341__TO__893c5471-df02-55c0-946f-0af9d0a835d9,2020,ED_CARPENTER_RACING,20,Ed Carpenter,WINDOW_MEDIAN,5,PRIOR,PIT_COMPATIBLE,True,False,False,False,0.4,0.4278728600311938,-0.0278728600311938,,,,,,,,,,,,,,,,,,,,,,,,,,,,,,,,,,,,,,,,False,3.88888889,2.776578861,140.08333333333334
9a2e168d-3dda-5e76-8daf-588c20d91341__TO__893c5471-df02-55c0-946f-0af9d0a835d9,2020,ED_CARPENTER_RACING,20,Ed Carpenter,WINDOW_MEDIAN,5,FUTURE,RETROSPECTIVE,True,False,False,False,0.4,0.4278728600311938,-0.0278728600311938,,,,,,,,,,,,,,,,,,,,,,,,,,,,,,,,,,,,,,,,False,3.88888889,2.776578861,140.08333333333334
9a2e168d-3dda-5e76-8daf-588c20d91341__TO__893c5471-df02-55c0-946f-0af9d0a835d9,2020,ED_CARPENTER_RACING,20,Ed Carpenter,WINDOW_MEDIAN,10,ANY,RETROSPECTIVE,True,False,False,False,0.4,0.4278728600311938,-0.0278728600311938,,,,,,,,,,,,,,,,,,,,,,,,,,,,,,,,,,,,,,,,False,3.88888889,2.776578861,140.08333333333334
9a2e168d-3dda-5e76-8daf-588c20d91341__TO__893c5471-df02-55c0-946f-0af9d0a835d9,2020,ED_CARPENTER_RACING,20,Ed Carpenter,WINDOW_MEDIAN,10,PRIOR,PIT_COMPATIBLE,True,False,False,False,0.4,0.4278728600311938,-0.0278728600311938,,,,,,,,,,,,,,,,,,,,,,,,,,,,,,,,,,,,,,,,False,3.88888889,2.776578861,140.08333333333334
9a2e168d-3dda-5e76-8daf-588c20d91341__TO__893c5471-df02-55c0-946f-0af9d0a835d9,2020,ED_CARPENTER_RACING,20,Ed Carpenter,WINDOW_MEDIAN,10,FUTURE,RETROSPECTIVE,True,False,False,False,0.4,0.4278728600311938,-0.0278728600311938,,,,,,,,,,,,,,,,,,,,,,,,,,,,,,,,,,,,,,,,False,3.88888889,2.776578861,140.08333333333334
9a2e168d-3dda-5e76-8daf-588c20d91341__TO__893c5471-df02-55c0-946f-0af9d0a835d9,2020,ED_CARPENTER_RACING,20,Ed Carpenter,WINDOW_MEDIAN,15,ANY,RETROSPECTIVE,True,False,True,False,0.4,0.4278728600311938,-0.0278728600311938,,,,,,,,,,,,,,,,229.955,1.0,1.0,47,df3c02a3-9655-512c-a2e6-4ffe9eadc505,13.333333333333334,13.333333333333334,13.333333333333334,50.55555556,30.85945494,False,False,False,False,False,,,,,,,,,,False,3.88888889,2.776578861,140.08333333333334
9a2e168d-3dda-5e76-8daf-588c20d91341__TO__893c5471-df02-55c0-946f-0af9d0a835d9,2020,ED_CARPENTER_RACING,20,Ed Carpenter,WINDOW_MEDIAN,15,PRIOR,PIT_COMPATIBLE,True,False,False,False,0.4,0.4278728600311938,-0.0278728600311938,,,,,,,,,,,,,,,,,,,,,,,,,,,,,,,,,,,,,,,,False,3.88888889,2.776578861,140.08333333333334
9a2e168d-3dda-5e76-8daf-588c20d91341__TO__893c5471-df02-55c0-946f-0af9d0a835d9,2020,ED_CARPENTER_RACING,20,Ed Carpenter,WINDOW_MEDIAN,15,FUTURE,RETROSPECTIVE,True,False,True,False,0.4,0.4278728600311938,-0.0278728600311938,,,,,,,,,,,,,,,,229.955,1.0,1.0,47,df3c02a3-9655-512c-a2e6-4ffe9eadc505,13.333333333333334,13.333333333333334,13.333333333333334,50.55555556,30.85945494,False,False,False,False,False,,,,,,,,,,False,3.88888889,2.776578861,140.08333333333334
9a2e168d-3dda-5e76-8daf-588c20d91341__TO__893c5471-df02-55c0-946f-0af9d0a835d9,2020,ED_CARPENTER_RACING,20,Ed Carpenter,WINDOW_MEDIAN,20,ANY,RETROSPECTIVE,True,False,True,False,0.4,0.4278728600311938,-0.0278728600311938,,,,,,,,,,,,,,,,229.955,1.0,1.0,47,df3c02a3-9655-512c-a2e6-4ffe9eadc505,13.333333333333334,13.333333333333334,13.333333333333334,50.55555556,30.85945494,False,False,False,False,False,,,,,,,,,,False,3.88888889,2.776578861,140.08333333333334
9a2e168d-3dda-5e76-8daf-588c20d91341__TO__893c5471-df02-55c0-946f-0af9d0a835d9,2020,ED_CARPENTER_RACING,20,Ed Carpenter,WINDOW_MEDIAN,20,PRIOR,PIT_COMPATIBLE,True,False,False,False,0.4,0.4278728600311938,-0.0278728600311938,,,,,,,,,,,,,,,,,,,,,,,,,,,,,,,,,,,,,,,,False,3.88888889,2.776578861,140.08333333333334
9a2e168d-3dda-5e76-8daf-588c20d91341__TO__893c5471-df02-55c0-946f-0af9d0a835d9,2020,ED_CARPENTER_RACING,20,Ed Carpenter,WINDOW_MEDIAN,20,FUTURE,RETROSPECTIVE,True,False,True,False,0.4,0.4278728600311938,-0.0278728600311938,,,,,,,,,,,,,,,,229.955,1.0,1.0,47,df3c02a3-9655-512c-a2e6-4ffe9eadc505,13.333333333333334,13.333333333333334,13.333333333333334,50.55555556,30.85945494,False,False,False,False,False,,,,,,,,,,False,3.88888889,2.776578861,140.08333333333334
9a2e168d-3dda-5e76-8daf-588c20d91341__TO__893c5471-df02-55c0-946f-0af9d0a835d9,2020,ED_CARPENTER_RACING,20,Ed Carpenter,WINDOW_MEDIAN,30,ANY,RETROSPECTIVE,True,False,True,False,0.4,0.4278728600311938,-0.0278728600311938,,,,,,,,,,,,,,,,229.955,1.0,1.0,47,df3c02a3-9655-512c-a2e6-4ffe9eadc505,13.333333333333334,13.333333333333334,13.333333333333334,50.55555556,30.85945494,False,False,False,False,False,,,,,,,,,,False,3.88888889,2.776578861,140.08333333333334
9a2e168d-3dda-5e76-8daf-588c20d91341__TO__893c5471-df02-55c0-946f-0af9d0a835d9,2020,ED_CARPENTER_RACING,20,Ed Carpenter,WINDOW_MEDIAN,30,PRIOR,PIT_COMPATIBLE,True,False,False,False,0.4,0.4278728600311938,-0.0278728600311938,,,,,,,,,,,,,,,,,,,,,,,,,,,,,,,,,,,,,,,,False,3.88888889,2.776578861,140.08333333333334
9a2e168d-3dda-5e76-8daf-588c20d91341__TO__893c5471-df02-55c0-946f-0af9d0a835d9,2020,ED_CARPENTER_RACING,20,Ed Carpenter,WINDOW_MEDIAN,30,FUTURE,RETROSPECTIVE,True,False,True,False,0.4,0.4278728600311938,-0.0278728600311938,,,,,,,,,,,,,,,,229.955,1.0,1.0,47,df3c02a3-9655-512c-a2e6-4ffe9eadc505,13.333333333333334,13.333333333333334,13.333333333333334,50.55555556,30.85945494,False,False,False,False,False,,,,,,,,,,False,3.88888889,2.776578861,140.08333333333334
9a2e168d-3dda-5e76-8daf-588c20d91341__TO__893c5471-df02-55c0-946f-0af9d0a835d9,2020,ED_CARPENTER_RACING,20,Ed Carpenter,WINDOW_MEDIAN,45,ANY,RETROSPECTIVE,True,True,True,True,0.4,0.4278728600311938,-0.0278728600311938,229.884,1.0,1.0,47,a7f0ef57-a971-5870-9606-1fe1cd378e2a,30.833333333333332,30.833333333333332,30.833333333333332,48.88888889,28.77914365,False,False,False,False,False,229.955,1.0,1.0,47,df3c02a3-9655-512c-a2e6-4ffe9eadc505,13.333333333333334,13.333333333333334,13.333333333333334,50.55555556,30.85945494,False,False,False,False,False,0.07100000000002638,0.32899999999997365,True,True,0.0,False,1.666666670000005,2.0803112899999974,a7f0ef57-a971-5870-9606-1fe1cd378e2a__TO__df3c02a3-9655-512c-a2e6-4ffe9eadc505,True,3.88888889,2.776578861,140.08333333333334
9a2e168d-3dda-5e76-8daf-588c20d91341__TO__893c5471-df02-55c0-946f-0af9d0a835d9,2020,ED_CARPENTER_RACING,20,Ed Carpenter,WINDOW_MEDIAN,45,PRIOR,PIT_COMPATIBLE,True,False,False,False,0.4,0.4278728600311938,-0.0278728600311938,,,,,,,,,,,,,,,,,,,,,,,,,,,,,,,,,,,,,,,,False,3.88888889,2.776578861,140.08333333333334
9a2e168d-3dda-5e76-8daf-588c20d91341__TO__893c5471-df02-55c0-946f-0af9d0a835d9,2020,ED_CARPENTER_RACING,20,Ed Carpenter,WINDOW_MEDIAN,45,FUTURE,RETROSPECTIVE,True,True,True,True,0.4,0.4278728600311938,-0.0278728600311938,229.884,1.0,1.0,47,a7f0ef57-a971-5870-9606-1fe1cd378e2a,30.833333333333332,30.833333333333332,30.833333333333332,48.88888889,28.77914365,False,False,False,False,False,229.955,1.0,1.0,47,df3c02a3-9655-512c-a2e6-4ffe9eadc505,13.333333333333334,13.333333333333334,13.333333333333334,50.55555556,30.85945494,False,False,False,False,False,0.07100000000002638,0.32899999999997365,True,True,0.0,False,1.666666670000005,2.0803112899999974,a7f0ef57-a971-5870-9606-1fe1cd378e2a__TO__df3c02a3-9655-512c-a2e6-4ffe9eadc505,False,3.88888889,2.776578861,140.08333333333334
9a2e168d-3dda-5e76-8daf-588c20d91341__TO__893c5471-df02-55c0-946f-0af9d0a835d9,2020,ED_CARPENTER_RACING,20,Ed Carpenter,WINDOW_MEDIAN,60,ANY,RETROSPECTIVE,True,True,True,True,0.4,0.4278728600311938,-0.0278728600311938,229.884,1.0,1.0,47,a7f0ef57-a971-5870-9606-1fe1cd378e2a,30.833333333333332,30.833333333333332,30.833333333333332,48.88888889,28.77914365,False,False,False,False,False,229.955,1.0,1.0,47,df3c02a3-9655-512c-a2e6-4ffe9eadc505,13.333333333333334,13.333333333333334,13.333333333333334,50.55555556,30.85945494,False,False,False,False,False,0.07100000000002638,0.32899999999997365,True,True,0.0,False,1.666666670000005,2.0803112899999974,a7f0ef57-a971-5870-9606-1fe1cd378e2a__TO__df3c02a3-9655-512c-a2e6-4ffe9eadc505,True,3.88888889,2.776578861,140.08333333333334
9a2e168d-3dda-5e76-8daf-588c20d91341__TO__893c5471-df02-55c0-946f-0af9d0a835d9,2020,ED_CARPENTER_RACING,20,Ed Carpenter,WINDOW_MEDIAN,60,PRIOR,PIT_COMPATIBLE,True,False,False,False,0.4,0.4278728600311938,-0.0278728600311938,,,,,,,,,,,,,,,,,,,,,,,,,,,,,,,,,,,,,,,,False,3.88888889,2.776578861,140.08333333333334
9a2e168d-3dda-5e76-8daf-588c20d91341__TO__893c5471-df02-55c0-946f-0af9d0a835d9,2020,ED_CARPENTER_RACING,20,Ed Carpenter,WINDOW_MEDIAN,60,FUTURE,RETROSPECTIVE,True,True,True,True,0.4,0.4278728600311938,-0.0278728600311938,229.884,1.0,1.0,47,a7f0ef57-a971-5870-9606-1fe1cd378e2a,30.833333333333332,30.833333333333332,30.833333333333332,48.88888889,28.77914365,False,False,False,False,False,229.955,1.0,1.0,47,df3c02a3-9655-512c-a2e6-4ffe9eadc505,13.333333333333334,13.333333333333334,13.333333333333334,50.55555556,30.85945494,False,False,False,False,False,0.07100000000002638,0.32899999999997365,True,True,0.0,False,1.666666670000005,2.0803112899999974,a7f0ef57-a971-5870-9606-1fe1cd378e2a__TO__df3c02a3-9655-512c-a2e6-4ffe9eadc505,False,3.88888889,2.776578861,140.08333333333334
f2f5d37e-6270-5e2d-8ae0-2e63cea098b3__TO__7799cc62-18bb-568d-9de2-16cb3622a0de,2020,TEAM_PENSKE,3,Helio Castroneves,WINDOW_MEDIAN,5,ANY,RETROSPECTIVE,True,False,False,False,0.258,0.2494398132934579,0.008560186706542,,,,,,,,,,,,,,,,,,,,,,,,,,,,,,,,,,,,,,,,False,1.66666666,1.515422821,125.08333333333333
f2f5d37e-6270-5e2d-8ae0-2e63cea098b3__TO__7799cc62-18bb-568d-9de2-16cb3622a0de,2020,TEAM_PENSKE,3,Helio Castroneves,WINDOW_MEDIAN,5,PRIOR,PIT_COMPATIBLE,True,False,False,False,0.258,0.2494398132934579,0.008560186706542,,,,,,,,,,,,,,,,,,,,,,,,,,,,,,,,,,,,,,,,False,1.66666666,1.515422821,125.08333333333333
f2f5d37e-6270-5e2d-8ae0-2e63cea098b3__TO__7799cc62-18bb-568d-9de2-16cb3622a0de,2020,TEAM_PENSKE,3,Helio Castroneves,WINDOW_MEDIAN,5,FUTURE,RETROSPECTIVE,True,False,False,False,0.258,0.2494398132934579,0.008560186706542,,,,,,,,,,,,,,,,,,,,,,,,,,,,,,,,,,,,,,,,False,1.66666666,1.515422821,125.08333333333333
f2f5d37e-6270-5e2d-8ae0-2e63cea098b3__TO__7799cc62-18bb-568d-9de2-16cb3622a0de,2020,TEAM_PENSKE,3,Helio Castroneves,WINDOW_MEDIAN,10,ANY,RETROSPECTIVE,True,False,False,False,0.258,0.2494398132934579,0.008560186706542,,,,,,,,,,,,,,,,,,,,,,,,,,,,,,,,,,,,,,,,False,1.66666666,1.515422821,125.08333333333333
f2f5d37e-6270-5e2d-8ae0-2e63cea098b3__TO__7799cc62-18bb-568d-9de2-16cb3622a0de,2020,TEAM_PENSKE,3,Helio Castroneves,WINDOW_MEDIAN,10,PRIOR,PIT_COMPATIBLE,True,False,False,False,0.258,0.2494398132934579,0.008560186706542,,,,,,,,,,,,,,,,,,,,,,,,,,,,,,,,,,,,,,,,False,1.66666666,1.515422821,125.08333333333333
f2f5d37e-6270-5e2d-8ae0-2e63cea098b3__TO__7799cc62-18bb-568d-9de2-16cb3622a0de,2020,TEAM_PENSKE,3,Helio Castroneves,WINDOW_MEDIAN,10,FUTURE,RETROSPECTIVE,True,False,False,False,0.258,0.2494398132934579,0.008560186706542,,,,,,,,,,,,,,,,,,,,,,,,,,,,,,,,,,,,,,,,False,1.66666666,1.515422821,125.08333333333333
f2f5d37e-6270-5e2d-8ae0-2e63cea098b3__TO__7799cc62-18bb-568d-9de2-16cb3622a0de,2020,TEAM_PENSKE,3,Helio Castroneves,WINDOW_MEDIAN,15,ANY,RETROSPECTIVE,True,False,False,False,0.258,0.2494398132934579,0.008560186706542,,,,,,,,,,,,,,,,,,,,,,,,,,,,,,,,,,,,,,,,False,1.66666666,1.515422821,125.08333333333333
f2f5d37e-6270-5e2d-8ae0-2e63cea098b3__TO__7799cc62-18bb-568d-9de2-16cb3622a0de,2020,TEAM_PENSKE,3,Helio Castroneves,WINDOW_MEDIAN,15,PRIOR,PIT_COMPATIBLE,True,False,False,False,0.258,0.2494398132934579,0.008560186706542,,,,,,,,,,,,,,,,,,,,,,,,,,,,,,,,,,,,,,,,False,1.66666666,1.515422821,125.08333333333333
f2f5d37e-6270-5e2d-8ae0-2e63cea098b3__TO__7799cc62-18bb-568d-9de2-16cb3622a0de,2020,TEAM_PENSKE,3,Helio Castroneves,WINDOW_MEDIAN,15,FUTURE,RETROSPECTIVE,True,False,False,False,0.258,0.2494398132934579,0.008560186706542,,,,,,,,,,,,,,,,,,,,,,,,,,,,,,,,,,,,,,,,False,1.66666666,1.515422821,125.08333333333333
f2f5d37e-6270-5e2d-8ae0-2e63cea098b3__TO__7799cc62-18bb-568d-9de2-16cb3622a0de,2020,TEAM_PENSKE,3,Helio Castroneves,WINDOW_MEDIAN,20,ANY,RETROSPECTIVE,True,False,False,False,0.258,0.2494398132934579,0.008560186706542,,,,,,,,,,,,,,,,,,,,,,,,,,,,,,,,,,,,,,,,False,1.66666666,1.515422821,125.08333333333333
f2f5d37e-6270-5e2d-8ae0-2e63cea098b3__TO__7799cc62-18bb-568d-9de2-16cb3622a0de,2020,TEAM_PENSKE,3,Helio Castroneves,WINDOW_MEDIAN,20,PRIOR,PIT_COMPATIBLE,True,False,False,False,0.258,0.2494398132934579,0.008560186706542,,,,,,,,,,,,,,,,,,,,,,,,,,,,,,,,,,,,,,,,False,1.66666666,1.515422821,125.08333333333333
f2f5d37e-6270-5e2d-8ae0-2e63cea098b3__TO__7799cc62-18bb-568d-9de2-16cb3622a0de,2020,TEAM_PENSKE,3,Helio Castroneves,WINDOW_MEDIAN,20,FUTURE,RETROSPECTIVE,True,False,False,False,0.258,0.2494398132934579,0.008560186706542,,,,,,,,,,,,,,,,,,,,,,,,,,,,,,,,,,,,,,,,False,1.66666666,1.515422821,125.08333333333333
f2f5d37e-6270-5e2d-8ae0-2e63cea098b3__TO__7799cc62-18bb-568d-9de2-16cb3622a0de,2020,TEAM_PENSKE,3,Helio Castroneves,WINDOW_MEDIAN,30,ANY,RETROSPECTIVE,True,True,False,False,0.258,0.2494398132934579,0.008560186706542,228.836,1.0,1.0,22,2fb75f25-92ad-5b41-90a1-3a1457ae8012,24.983333333333334,24.983333333333334,-24.983333333333334,50.0,29.00313187,False,False,False,False,False,,,,,,,,,,,,,,,,,,,,,,,,,False,1.66666666,1.515422821,125.08333333333333
f2f5d37e-6270-5e2d-8ae0-2e63cea098b3__TO__7799cc62-18bb-568d-9de2-16cb3622a0de,2020,TEAM_PENSKE,3,Helio Castroneves,WINDOW_MEDIAN,30,PRIOR,PIT_COMPATIBLE,True,True,False,False,0.258,0.2494398132934579,0.008560186706542,228.836,1.0,1.0,22,2fb75f25-92ad-5b41-90a1-3a1457ae8012,24.983333333333334,24.983333333333334,-24.983333333333334,50.0,29.00313187,False,False,False,False,False,,,,,,,,,,,,,,,,,,,,,,,,,False,1.66666666,1.515422821,125.08333333333333
f2f5d37e-6270-5e2d-8ae0-2e63cea098b3__TO__7799cc62-18bb-568d-9de2-16cb3622a0de,2020,TEAM_PENSKE,3,Helio Castroneves,WINDOW_MEDIAN,30,FUTURE,RETROSPECTIVE,True,False,False,False,0.258,0.2494398132934579,0.008560186706542,,,,,,,,,,,,,,,,,,,,,,,,,,,,,,,,,,,,,,,,False,1.66666666,1.515422821,125.08333333333333
f2f5d37e-6270-5e2d-8ae0-2e63cea098b3__TO__7799cc62-18bb-568d-9de2-16cb3622a0de,2020,TEAM_PENSKE,3,Helio Castroneves,WINDOW_MEDIAN,45,ANY,RETROSPECTIVE,True,True,False,False,0.258,0.2494398132934579,0.008560186706542,228.836,1.0,1.0,22,2fb75f25-92ad-5b41-90a1-3a1457ae8012,24.983333333333334,24.983333333333334,-24.983333333333334,50.0,29.00313187,False,False,False,False,False,,,,,,,,,,,,,,,,,,,,,,,,,False,1.66666666,1.515422821,125.08333333333333
f2f5d37e-6270-5e2d-8ae0-2e63cea098b3__TO__7799cc62-18bb-568d-9de2-16cb3622a0de,2020,TEAM_PENSKE,3,Helio Castroneves,WINDOW_MEDIAN,45,PRIOR,PIT_COMPATIBLE,True,True,False,False,0.258,0.2494398132934579,0.008560186706542,228.836,1.0,1.0,22,2fb75f25-92ad-5b41-90a1-3a1457ae8012,24.983333333333334,24.983333333333334,-24.983333333333334,50.0,29.00313187,False,False,False,False,False,,,,,,,,,,,,,,,,,,,,,,,,,False,1.66666666,1.515422821,125.08333333333333
f2f5d37e-6270-5e2d-8ae0-2e63cea098b3__TO__7799cc62-18bb-568d-9de2-16cb3622a0de,2020,TEAM_PENSKE,3,Helio Castroneves,WINDOW_MEDIAN,45,FUTURE,RETROSPECTIVE,True,False,False,False,0.258,0.2494398132934579,0.008560186706542,,,,,,,,,,,,,,,,,,,,,,,,,,,,,,,,,,,,,,,,False,1.66666666,1.515422821,125.08333333333333
f2f5d37e-6270-5e2d-8ae0-2e63cea098b3__TO__7799cc62-18bb-568d-9de2-16cb3622a0de,2020,TEAM_PENSKE,3,Helio Castroneves,WINDOW_MEDIAN,60,ANY,RETROSPECTIVE,True,True,False,False,0.258,0.2494398132934579,0.008560186706542,228.836,1.0,1.0,22,2fb75f25-92ad-5b41-90a1-3a1457ae8012,24.983333333333334,24.983333333333334,-24.983333333333334,50.0,29.00313187,False,False,False,False,False,,,,,,,,,,,,,,,,,,,,,,,,,False,1.66666666,1.515422821,125.08333333333333
f2f5d37e-6270-5e2d-8ae0-2e63cea098b3__TO__7799cc62-18bb-568d-9de2-16cb3622a0de,2020,TEAM_PENSKE,3,Helio Castroneves,WINDOW_MEDIAN,60,PRIOR,PIT_COMPATIBLE,True,True,False,False,0.258,0.2494398132934579,0.008560186706542,228.836,1.0,1.0,22,2fb75f25-92ad-5b41-90a1-3a1457ae8012,24.983333333333334,24.983333333333334,-24.983333333333334,50.0,29.00313187,False,False,False,False,False,,,,,,,,,,,,,,,,,,,,,,,,,False,1.66666666,1.515422821,125.08333333333333
f2f5d37e-6270-5e2d-8ae0-2e63cea098b3__TO__7799cc62-18bb-568d-9de2-16cb3622a0de,2020,TEAM_PENSKE,3,Helio Castroneves,WINDOW_MEDIAN,60,FUTURE,RETROSPECTIVE,True,False,False,False,0.258,0.2494398132934579,0.008560186706542,,,,,,,,,,,,,,,,,,,,,,,,,,,,,,,,,,,,,,,,False,1.66666666,1.515422821,125.08333333333333
a7f0ef57-a971-5870-9606-1fe1cd378e2a__TO__df3c02a3-9655-512c-a2e6-4ffe9eadc505,2020,ED_CARPENTER_RACING,47,Conor Daly,WINDOW_MEDIAN,5,ANY,RETROSPECTIVE,True,False,False,False,0.071,0.3641074132923614,-0.2931074132923614,,,,,,,,,,,,,,,,,,,,,,,,,,,,,,,,,,,,,,,,False,1.66666667,2.080311288,122.58333333333333
a7f0ef57-a971-5870-9606-1fe1cd378e2a__TO__df3c02a3-9655-512c-a2e6-4ffe9eadc505,2020,ED_CARPENTER_RACING,47,Conor Daly,WINDOW_MEDIAN,5,PRIOR,PIT_COMPATIBLE,True,False,False,False,0.071,0.3641074132923614,-0.2931074132923614,,,,,,,,,,,,,,,,,,,,,,,,,,,,,,,,,,,,,,,,False,1.66666667,2.080311288,122.58333333333333
a7f0ef57-a971-5870-9606-1fe1cd378e2a__TO__df3c02a3-9655-512c-a2e6-4ffe9eadc505,2020,ED_CARPENTER_RACING,47,Conor Daly,WINDOW_MEDIAN,5,FUTURE,RETROSPECTIVE,True,False,False,False,0.071,0.3641074132923614,-0.2931074132923614,,,,,,,,,,,,,,,,,,,,,,,,,,,,,,,,,,,,,,,,False,1.66666667,2.080311288,122.58333333333333
a7f0ef57-a971-5870-9606-1fe1cd378e2a__TO__df3c02a3-9655-512c-a2e6-4ffe9eadc505,2020,ED_CARPENTER_RACING,47,Conor Daly,WINDOW_MEDIAN,10,ANY,RETROSPECTIVE,True,False,False,False,0.071,0.3641074132923614,-0.2931074132923614,,,,,,,,,,,,,,,,,,,,,,,,,,,,,,,,,,,,,,,,False,1.66666667,2.080311288,122.58333333333333
a7f0ef57-a971-5870-9606-1fe1cd378e2a__TO__df3c02a3-9655-512c-a2e6-4ffe9eadc505,2020,ED_CARPENTER_RACING,47,Conor Daly,WINDOW_MEDIAN,10,PRIOR,PIT_COMPATIBLE,True,False,False,False,0.071,0.3641074132923614,-0.2931074132923614,,,,,,,,,,,,,,,,,,,,,,,,,,,,,,,,,,,,,,,,False,1.66666667,2.080311288,122.58333333333333
a7f0ef57-a971-5870-9606-1fe1cd378e2a__TO__df3c02a3-9655-512c-a2e6-4ffe9eadc505,2020,ED_CARPENTER_RACING,47,Conor Daly,WINDOW_MEDIAN,10,FUTURE,RETROSPECTIVE,True,False,False,False,0.071,0.3641074132923614,-0.2931074132923614,,,,,,,,,,,,,,,,,,,,,,,,,,,,,,,,,,,,,,,,False,1.66666667,2.080311288,122.58333333333333
a7f0ef57-a971-5870-9606-1fe1cd378e2a__TO__df3c02a3-9655-512c-a2e6-4ffe9eadc505,2020,ED_CARPENTER_RACING,47,Conor Daly,WINDOW_MEDIAN,15,ANY,RETROSPECTIVE,True,False,True,False,0.071,0.3641074132923614,-0.2931074132923614,,,,,,,,,,,,,,,,230.211,1.0,1.0,20,893c5471-df02-55c0-946f-0af9d0a835d9,13.333333333333334,13.333333333333334,-13.333333333333334,50.55555556,30.59866486,False,False,False,False,False,,,,,,,,,,False,1.66666667,2.080311288,122.58333333333333
a7f0ef57-a971-5870-9606-1fe1cd378e2a__TO__df3c02a3-9655-512c-a2e6-4ffe9eadc505,2020,ED_CARPENTER_RACING,47,Conor Daly,WINDOW_MEDIAN,15,PRIOR,PIT_COMPATIBLE,True,False,True,False,0.071,0.3641074132923614,-0.2931074132923614,,,,,,,,,,,,,,,,230.211,1.0,1.0,20,893c5471-df02-55c0-946f-0af9d0a835d9,13.333333333333334,13.333333333333334,-13.333333333333334,50.55555556,30.59866486,False,False,False,False,False,,,,,,,,,,False,1.66666667,2.080311288,122.58333333333333
a7f0ef57-a971-5870-9606-1fe1cd378e2a__TO__df3c02a3-9655-512c-a2e6-4ffe9eadc505,2020,ED_CARPENTER_RACING,47,Conor Daly,WINDOW_MEDIAN,15,FUTURE,RETROSPECTIVE,True,False,False,False,0.071,0.3641074132923614,-0.2931074132923614,,,,,,,,,,,,,,,,,,,,,,,,,,,,,,,,,,,,,,,,False,1.66666667,2.080311288,122.58333333333333
a7f0ef57-a971-5870-9606-1fe1cd378e2a__TO__df3c02a3-9655-512c-a2e6-4ffe9eadc505,2020,ED_CARPENTER_RACING,47,Conor Daly,WINDOW_MEDIAN,20,ANY,RETROSPECTIVE,True,False,True,False,0.071,0.3641074132923614,-0.2931074132923614,,,,,,,,,,,,,,,,230.211,1.0,1.0,20,893c5471-df02-55c0-946f-0af9d0a835d9,13.333333333333334,13.333333333333334,-13.333333333333334,50.55555556,30.59866486,False,False,False,False,False,,,,,,,,,,False,1.66666667,2.080311288,122.58333333333333
a7f0ef57-a971-5870-9606-1fe1cd378e2a__TO__df3c02a3-9655-512c-a2e6-4ffe9eadc505,2020,ED_CARPENTER_RACING,47,Conor Daly,WINDOW_MEDIAN,20,PRIOR,PIT_COMPATIBLE,True,False,True,False,0.071,0.3641074132923614,-0.2931074132923614,,,,,,,,,,,,,,,,230.211,1.0,1.0,20,893c5471-df02-55c0-946f-0af9d0a835d9,13.333333333333334,13.333333333333334,-13.333333333333334,50.55555556,30.59866486,False,False,False,False,False,,,,,,,,,,False,1.66666667,2.080311288,122.58333333333333
a7f0ef57-a971-5870-9606-1fe1cd378e2a__TO__df3c02a3-9655-512c-a2e6-4ffe9eadc505,2020,ED_CARPENTER_RACING,47,Conor Daly,WINDOW_MEDIAN,20,FUTURE,RETROSPECTIVE,True,False,False,False,0.071,0.3641074132923614,-0.2931074132923614,,,,,,,,,,,,,,,,,,,,,,,,,,,,,,,,,,,,,,,,False,1.66666667,2.080311288,122.58333333333333
a7f0ef57-a971-5870-9606-1fe1cd378e2a__TO__df3c02a3-9655-512c-a2e6-4ffe9eadc505,2020,ED_CARPENTER_RACING,47,Conor Daly,WINDOW_MEDIAN,30,ANY,RETROSPECTIVE,True,False,True,False,0.071,0.3641074132923614,-0.2931074132923614,,,,,,,,,,,,,,,,230.211,1.0,1.0,20,893c5471-df02-55c0-946f-0af9d0a835d9,13.333333333333334,13.333333333333334,-13.333333333333334,50.55555556,30.59866486,False,False,False,False,False,,,,,,,,,,False,1.66666667,2.080311288,122.58333333333333
a7f0ef57-a971-5870-9606-1fe1cd378e2a__TO__df3c02a3-9655-512c-a2e6-4ffe9eadc505,2020,ED_CARPENTER_RACING,47,Conor Daly,WINDOW_MEDIAN,30,PRIOR,PIT_COMPATIBLE,True,False,True,False,0.071,0.3641074132923614,-0.2931074132923614,,,,,,,,,,,,,,,,230.211,1.0,1.0,20,893c5471-df02-55c0-946f-0af9d0a835d9,13.333333333333334,13.333333333333334,-13.333333333333334,50.55555556,30.59866486,False,False,False,False,False,,,,,,,,,,False,1.66666667,2.080311288,122.58333333333333
a7f0ef57-a971-5870-9606-1fe1cd378e2a__TO__df3c02a3-9655-512c-a2e6-4ffe9eadc505,2020,ED_CARPENTER_RACING,47,Conor Daly,WINDOW_MEDIAN,30,FUTURE,RETROSPECTIVE,True,False,False,False,0.071,0.3641074132923614,-0.2931074132923614,,,,,,,,,,,,,,,,,,,,,,,,,,,,,,,,,,,,,,,,False,1.66666667,2.080311288,122.58333333333333
a7f0ef57-a971-5870-9606-1fe1cd378e2a__TO__df3c02a3-9655-512c-a2e6-4ffe9eadc505,2020,ED_CARPENTER_RACING,47,Conor Daly,WINDOW_MEDIAN,45,ANY,RETROSPECTIVE,True,True,True,True,0.071,0.3641074132923614,-0.2931074132923614,229.811,1.0,1.0,20,9a2e168d-3dda-5e76-8daf-588c20d91341,30.833333333333332,30.833333333333332,-30.833333333333332,46.66666667,27.822086,False,False,False,False,False,230.211,1.0,1.0,20,893c5471-df02-55c0-946f-0af9d0a835d9,13.333333333333334,13.333333333333334,-13.333333333333334,50.55555556,30.59866486,False,False,False,False,False,0.4000000000000057,-0.3290000000000057,True,True,0.0,False,3.888888890000004,2.7765788600000008,9a2e168d-3dda-5e76-8daf-588c20d91341__TO__893c5471-df02-55c0-946f-0af9d0a835d9,True,1.66666667,2.080311288,122.58333333333333
a7f0ef57-a971-5870-9606-1fe1cd378e2a__TO__df3c02a3-9655-512c-a2e6-4ffe9eadc505,2020,ED_CARPENTER_RACING,47,Conor Daly,WINDOW_MEDIAN,45,PRIOR,PIT_COMPATIBLE,True,True,True,True,0.071,0.3641074132923614,-0.2931074132923614,229.811,1.0,1.0,20,9a2e168d-3dda-5e76-8daf-588c20d91341,30.833333333333332,30.833333333333332,-30.833333333333332,46.66666667,27.822086,False,False,False,False,False,230.211,1.0,1.0,20,893c5471-df02-55c0-946f-0af9d0a835d9,13.333333333333334,13.333333333333334,-13.333333333333334,50.55555556,30.59866486,False,False,False,False,False,0.4000000000000057,-0.3290000000000057,True,True,0.0,False,3.888888890000004,2.7765788600000008,9a2e168d-3dda-5e76-8daf-588c20d91341__TO__893c5471-df02-55c0-946f-0af9d0a835d9,False,1.66666667,2.080311288,122.58333333333333
a7f0ef57-a971-5870-9606-1fe1cd378e2a__TO__df3c02a3-9655-512c-a2e6-4ffe9eadc505,2020,ED_CARPENTER_RACING,47,Conor Daly,WINDOW_MEDIAN,45,FUTURE,RETROSPECTIVE,True,False,False,False,0.071,0.3641074132923614,-0.2931074132923614,,,,,,,,,,,,,,,,,,,,,,,,,,,,,,,,,,,,,,,,False,1.66666667,2.080311288,122.58333333333333
a7f0ef57-a971-5870-9606-1fe1cd378e2a__TO__df3c02a3-9655-512c-a2e6-4ffe9eadc505,2020,ED_CARPENTER_RACING,47,Conor Daly,WINDOW_MEDIAN,60,ANY,RETROSPECTIVE,True,True,True,True,0.071,0.3641074132923614,-0.2931074132923614,229.811,1.0,1.0,20,9a2e168d-3dda-5e76-8daf-588c20d91341,30.833333333333332,30.833333333333332,-30.833333333333332,46.66666667,27.822086,False,False,False,False,False,230.211,1.0,1.0,20,893c5471-df02-55c0-946f-0af9d0a835d9,13.333333333333334,13.333333333333334,-13.333333333333334,50.55555556,30.59866486,False,False,False,False,False,0.4000000000000057,-0.3290000000000057,True,True,0.0,False,3.888888890000004,2.7765788600000008,9a2e168d-3dda-5e76-8daf-588c20d91341__TO__893c5471-df02-55c0-946f-0af9d0a835d9,True,1.66666667,2.080311288,122.58333333333333
a7f0ef57-a971-5870-9606-1fe1cd378e2a__TO__df3c02a3-9655-512c-a2e6-4ffe9eadc505,2020,ED_CARPENTER_RACING,47,Conor Daly,WINDOW_MEDIAN,60,PRIOR,PIT_COMPATIBLE,True,True,True,True,0.071,0.3641074132923614,-0.2931074132923614,229.811,1.0,1.0,20,9a2e168d-3dda-5e76-8daf-588c20d91341,30.833333333333332,30.833333333333332,-30.833333333333332,46.66666667,27.822086,False,False,False,False,False,230.211,1.0,1.0,20,893c5471-df02-55c0-946f-0af9d0a835d9,13.333333333333334,13.333333333333334,-13.333333333333334,50.55555556,30.59866486,False,False,False,False,False,0.4000000000000057,-0.3290000000000057,True,True,0.0,False,3.888888890000004,2.7765788600000008,9a2e168d-3dda-5e76-8daf-588c20d91341__TO__893c5471-df02-55c0-946f-0af9d0a835d9,False,1.66666667,2.080311288,122.58333333333333
a7f0ef57-a971-5870-9606-1fe1cd378e2a__TO__df3c02a3-9655-512c-a2e6-4ffe9eadc505,2020,ED_CARPENTER_RACING,47,Conor Daly,WINDOW_MEDIAN,60,FUTURE,RETROSPECTIVE,True,False,False,False,0.071,0.3641074132923614,-0.2931074132923614,,,,,,,,,,,,,,,,,,,,,,,,,,,,,,,,,,,,,,,,False,1.66666667,2.080311288,122.58333333333333
194c9baa-3297-571e-82bf-ac3ba81e07fc__TO__757828a3-822d-5bd8-b9f0-681a6918b48b,2020,ARROW_MCLAREN_SPM,5,Pato O'Ward,WINDOW_MEDIAN,5,ANY,RETROSPECTIVE,True,False,False,False,0.311,0.5788380662847412,-0.2678380662847412,,,,,,,,,,,,,,,,,,,,,,,,,,,,,,,,,,,,,,,,False,11.66666666,4.857767317,287.5833333333333
194c9baa-3297-571e-82bf-ac3ba81e07fc__TO__757828a3-822d-5bd8-b9f0-681a6918b48b,2020,ARROW_MCLAREN_SPM,5,Pato O'Ward,WINDOW_MEDIAN,5,PRIOR,PIT_COMPATIBLE,True,False,False,False,0.311,0.5788380662847412,-0.2678380662847412,,,,,,,,,,,,,,,,,,,,,,,,,,,,,,,,,,,,,,,,False,11.66666666,4.857767317,287.5833333333333
194c9baa-3297-571e-82bf-ac3ba81e07fc__TO__757828a3-822d-5bd8-b9f0-681a6918b48b,2020,ARROW_MCLAREN_SPM,5,Pato O'Ward,WINDOW_MEDIAN,5,FUTURE,RETROSPECTIVE,True,False,False,False,0.311,0.5788380662847412,-0.2678380662847412,,,,,,,,,,,,,,,,,,,,,,,,,,,,,,,,,,,,,,,,False,11.66666666,4.857767317,287.5833333333333
194c9baa-3297-571e-82bf-ac3ba81e07fc__TO__757828a3-822d-5bd8-b9f0-681a6918b48b,2020,ARROW_MCLAREN_SPM,5,Pato O'Ward,WINDOW_MEDIAN,10,ANY,RETROSPECTIVE,True,False,False,False,0.311,0.5788380662847412,-0.2678380662847412,,,,,,,,,,,,,,,,,,,,,,,,,,,,,,,,,,,,,,,,False,11.66666666,4.857767317,287.5833333333333
194c9baa-3297-571e-82bf-ac3ba81e07fc__TO__757828a3-822d-5bd8-b9f0-681a6918b48b,2020,ARROW_MCLAREN_SPM,5,Pato O'Ward,WINDOW_MEDIAN,10,PRIOR,PIT_COMPATIBLE,True,False,False,False,0.311,0.5788380662847412,-0.2678380662847412,,,,,,,,,,,,,,,,,,,,,,,,,,,,,,,,,,,,,,,,False,11.66666666,4.857767317,287.5833333333333
194c9baa-3297-571e-82bf-ac3ba81e07fc__TO__757828a3-822d-5bd8-b9f0-681a6918b48b,2020,ARROW_MCLAREN_SPM,5,Pato O'Ward,WINDOW_MEDIAN,10,FUTURE,RETROSPECTIVE,True,False,False,False,0.311,0.5788380662847412,-0.2678380662847412,,,,,,,,,,,,,,,,,,,,,,,,,,,,,,,,,,,,,,,,False,11.66666666,4.857767317,287.5833333333333
194c9baa-3297-571e-82bf-ac3ba81e07fc__TO__757828a3-822d-5bd8-b9f0-681a6918b48b,2020,ARROW_MCLAREN_SPM,5,Pato O'Ward,WINDOW_MEDIAN,15,ANY,RETROSPECTIVE,True,False,False,False,0.311,0.5788380662847412,-0.2678380662847412,,,,,,,,,,,,,,,,,,,,,,,,,,,,,,,,,,,,,,,,False,11.66666666,4.857767317,287.5833333333333
194c9baa-3297-571e-82bf-ac3ba81e07fc__TO__757828a3-822d-5bd8-b9f0-681a6918b48b,2020,ARROW_MCLAREN_SPM,5,Pato O'Ward,WINDOW_MEDIAN,15,PRIOR,PIT_COMPATIBLE,True,False,False,False,0.311,0.5788380662847412,-0.2678380662847412,,,,,,,,,,,,,,,,,,,,,,,,,,,,,,,,,,,,,,,,False,11.66666666,4.857767317,287.5833333333333
194c9baa-3297-571e-82bf-ac3ba81e07fc__TO__757828a3-822d-5bd8-b9f0-681a6918b48b,2020,ARROW_MCLAREN_SPM,5,Pato O'Ward,WINDOW_MEDIAN,15,FUTURE,RETROSPECTIVE,True,False,False,False,0.311,0.5788380662847412,-0.2678380662847412,,,,,,,,,,,,,,,,,,,,,,,,,,,,,,,,,,,,,,,,False,11.66666666,4.857767317,287.5833333333333
194c9baa-3297-571e-82bf-ac3ba81e07fc__TO__757828a3-822d-5bd8-b9f0-681a6918b48b,2020,ARROW_MCLAREN_SPM,5,Pato O'Ward,WINDOW_MEDIAN,20,ANY,RETROSPECTIVE,True,False,False,False,0.311,0.5788380662847412,-0.2678380662847412,,,,,,,,,,,,,,,,,,,,,,,,,,,,,,,,,,,,,,,,False,11.66666666,4.857767317,287.5833333333333
194c9baa-3297-571e-82bf-ac3ba81e07fc__TO__757828a3-822d-5bd8-b9f0-681a6918b48b,2020,ARROW_MCLAREN_SPM,5,Pato O'Ward,WINDOW_MEDIAN,20,PRIOR,PIT_COMPATIBLE,True,False,False,False,0.311,0.5788380662847412,-0.2678380662847412,,,,,,,,,,,,,,,,,,,,,,,,,,,,,,,,,,,,,,,,False,11.66666666,4.857767317,287.5833333333333
194c9baa-3297-571e-82bf-ac3ba81e07fc__TO__757828a3-822d-5bd8-b9f0-681a6918b48b,2020,ARROW_MCLAREN_SPM,5,Pato O'Ward,WINDOW_MEDIAN,20,FUTURE,RETROSPECTIVE,True,False,False,False,0.311,0.5788380662847412,-0.2678380662847412,,,,,,,,,,,,,,,,,,,,,,,,,,,,,,,,,,,,,,,,False,11.66666666,4.857767317,287.5833333333333
194c9baa-3297-571e-82bf-ac3ba81e07fc__TO__757828a3-822d-5bd8-b9f0-681a6918b48b,2020,ARROW_MCLAREN_SPM,5,Pato O'Ward,WINDOW_MEDIAN,30,ANY,RETROSPECTIVE,True,True,False,False,0.311,0.5788380662847412,-0.2678380662847412,228.768,1.0,1.0,66,c9ee13fe-3b9e-555c-9a7d-a078015b8b91,24.166666666666668,24.166666666666668,24.166666666666668,41.66666667,27.09917306,False,False,False,False,False,,,,,,,,,,,,,,,,,,,,,,,,,False,11.66666666,4.857767317,287.5833333333333
194c9baa-3297-571e-82bf-ac3ba81e07fc__TO__757828a3-822d-5bd8-b9f0-681a6918b48b,2020,ARROW_MCLAREN_SPM,5,Pato O'Ward,WINDOW_MEDIAN,30,PRIOR,PIT_COMPATIBLE,True,False,False,False,0.311,0.5788380662847412,-0.2678380662847412,,,,,,,,,,,,,,,,,,,,,,,,,,,,,,,,,,,,,,,,False,11.66666666,4.857767317,287.5833333333333
194c9baa-3297-571e-82bf-ac3ba81e07fc__TO__757828a3-822d-5bd8-b9f0-681a6918b48b,2020,ARROW_MCLAREN_SPM,5,Pato O'Ward,WINDOW_MEDIAN,30,FUTURE,RETROSPECTIVE,True,True,False,False,0.311,0.5788380662847412,-0.2678380662847412,228.768,1.0,1.0,66,c9ee13fe-3b9e-555c-9a7d-a078015b8b91,24.166666666666668,24.166666666666668,24.166666666666668,41.66666667,27.09917306,False,False,False,False,False,,,,,,,,,,,,,,,,,,,,,,,,,False,11.66666666,4.857767317,287.5833333333333
194c9baa-3297-571e-82bf-ac3ba81e07fc__TO__757828a3-822d-5bd8-b9f0-681a6918b48b,2020,ARROW_MCLAREN_SPM,5,Pato O'Ward,WINDOW_MEDIAN,45,ANY,RETROSPECTIVE,True,True,False,False,0.311,0.5788380662847412,-0.2678380662847412,229.264,2.0,2.0,7|66,c9ee13fe-3b9e-555c-9a7d-a078015b8b91|72b65040-5363-5722-b1cd-297bffa2af77,24.166666666666668,43.333333333333336,33.75,44.16666667,27.343803575,False,False,False,False,False,,,,,,,,,,,,,,,,,,,,,,,,,False,11.66666666,4.857767317,287.5833333333333
194c9baa-3297-571e-82bf-ac3ba81e07fc__TO__757828a3-822d-5bd8-b9f0-681a6918b48b,2020,ARROW_MCLAREN_SPM,5,Pato O'Ward,WINDOW_MEDIAN,45,PRIOR,PIT_COMPATIBLE,True,False,False,False,0.311,0.5788380662847412,-0.2678380662847412,,,,,,,,,,,,,,,,,,,,,,,,,,,,,,,,,,,,,,,,False,11.66666666,4.857767317,287.5833333333333
194c9baa-3297-571e-82bf-ac3ba81e07fc__TO__757828a3-822d-5bd8-b9f0-681a6918b48b,2020,ARROW_MCLAREN_SPM,5,Pato O'Ward,WINDOW_MEDIAN,45,FUTURE,RETROSPECTIVE,True,True,False,False,0.311,0.5788380662847412,-0.2678380662847412,229.264,2.0,2.0,7|66,c9ee13fe-3b9e-555c-9a7d-a078015b8b91|72b65040-5363-5722-b1cd-297bffa2af77,24.166666666666668,43.333333333333336,33.75,44.16666667,27.343803575,False,False,False,False,False,,,,,,,,,,,,,,,,,,,,,,,,,False,11.66666666,4.857767317,287.5833333333333
194c9baa-3297-571e-82bf-ac3ba81e07fc__TO__757828a3-822d-5bd8-b9f0-681a6918b48b,2020,ARROW_MCLAREN_SPM,5,Pato O'Ward,WINDOW_MEDIAN,60,ANY,RETROSPECTIVE,True,True,False,False,0.311,0.5788380662847412,-0.2678380662847412,229.264,2.0,2.0,7|66,c9ee13fe-3b9e-555c-9a7d-a078015b8b91|72b65040-5363-5722-b1cd-297bffa2af77,24.166666666666668,43.333333333333336,33.75,44.16666667,27.343803575,False,False,False,False,False,,,,,,,,,,,,,,,,,,,,,,,,,False,11.66666666,4.857767317,287.5833333333333
194c9baa-3297-571e-82bf-ac3ba81e07fc__TO__757828a3-822d-5bd8-b9f0-681a6918b48b,2020,ARROW_MCLAREN_SPM,5,Pato O'Ward,WINDOW_MEDIAN,60,PRIOR,PIT_COMPATIBLE,True,False,False,False,0.311,0.5788380662847412,-0.2678380662847412,,,,,,,,,,,,,,,,,,,,,,,,,,,,,,,,,,,,,,,,False,11.66666666,4.857767317,287.5833333333333
194c9baa-3297-571e-82bf-ac3ba81e07fc__TO__757828a3-822d-5bd8-b9f0-681a6918b48b,2020,ARROW_MCLAREN_SPM,5,Pato O'Ward,WINDOW_MEDIAN,60,FUTURE,RETROSPECTIVE,True,True,False,False,0.311,0.5788380662847412,-0.2678380662847412,229.264,2.0,2.0,7|66,c9ee13fe-3b9e-555c-9a7d-a078015b8b91|72b65040-5363-5722-b1cd-297bffa2af77,24.166666666666668,43.333333333333336,33.75,44.16666667,27.343803575,False,False,False,False,False,,,,,,,,,,,,,,,,,,,,,,,,,False,11.66666666,4.857767317,287.5833333333333
75519828-93ba-5485-a4bf-a06b93f7cec3__TO__fb65c8cf-d1c6-583e-9563-6c22e29bb081,2020,CARLIN,59,Max Chilton,WINDOW_MEDIAN,5,ANY,RETROSPECTIVE,True,False,False,False,1.484,0.2342194544143728,1.2497805455856272,,,,,,,,,,,,,,,,,,,,,,,,,,,,,,,,,,,,,,,,False,3.88888888,1.822581609,160.91666666666666
75519828-93ba-5485-a4bf-a06b93f7cec3__TO__fb65c8cf-d1c6-583e-9563-6c22e29bb081,2020,CARLIN,59,Max Chilton,WINDOW_MEDIAN,5,PRIOR,PIT_COMPATIBLE,True,False,False,False,1.484,0.2342194544143728,1.2497805455856272,,,,,,,,,,,,,,,,,,,,,,,,,,,,,,,,,,,,,,,,False,3.88888888,1.822581609,160.91666666666666
75519828-93ba-5485-a4bf-a06b93f7cec3__TO__fb65c8cf-d1c6-583e-9563-6c22e29bb081,2020,CARLIN,59,Max Chilton,WINDOW_MEDIAN,5,FUTURE,RETROSPECTIVE,True,False,False,False,1.484,0.2342194544143728,1.2497805455856272,,,,,,,,,,,,,,,,,,,,,,,,,,,,,,,,,,,,,,,,False,3.88888888,1.822581609,160.91666666666666
75519828-93ba-5485-a4bf-a06b93f7cec3__TO__fb65c8cf-d1c6-583e-9563-6c22e29bb081,2020,CARLIN,59,Max Chilton,WINDOW_MEDIAN,10,ANY,RETROSPECTIVE,True,False,False,False,1.484,0.2342194544143728,1.2497805455856272,,,,,,,,,,,,,,,,,,,,,,,,,,,,,,,,,,,,,,,,False,3.88888888,1.822581609,160.91666666666666
75519828-93ba-5485-a4bf-a06b93f7cec3__TO__fb65c8cf-d1c6-583e-9563-6c22e29bb081,2020,CARLIN,59,Max Chilton,WINDOW_MEDIAN,10,PRIOR,PIT_COMPATIBLE,True,False,False,False,1.484,0.2342194544143728,1.2497805455856272,,,,,,,,,,,,,,,,,,,,,,,,,,,,,,,,,,,,,,,,False,3.88888888,1.822581609,160.91666666666666
75519828-93ba-5485-a4bf-a06b93f7cec3__TO__fb65c8cf-d1c6-583e-9563-6c22e29bb081,2020,CARLIN,59,Max Chilton,WINDOW_MEDIAN,10,FUTURE,RETROSPECTIVE,True,False,False,False,1.484,0.2342194544143728,1.2497805455856272,,,,,,,,,,,,,,,,,,,,,,,,,,,,,,,,,,,,,,,,False,3.88888888,1.822581609,160.91666666666666
75519828-93ba-5485-a4bf-a06b93f7cec3__TO__fb65c8cf-d1c6-583e-9563-6c22e29bb081,2020,CARLIN,59,Max Chilton,WINDOW_MEDIAN,15,ANY,RETROSPECTIVE,True,False,False,False,1.484,0.2342194544143728,1.2497805455856272,,,,,,,,,,,,,,,,,,,,,,,,,,,,,,,,,,,,,,,,False,3.88888888,1.822581609,160.91666666666666
75519828-93ba-5485-a4bf-a06b93f7cec3__TO__fb65c8cf-d1c6-583e-9563-6c22e29bb081,2020,CARLIN,59,Max Chilton,WINDOW_MEDIAN,15,PRIOR,PIT_COMPATIBLE,True,False,False,False,1.484,0.2342194544143728,1.2497805455856272,,,,,,,,,,,,,,,,,,,,,,,,,,,,,,,,,,,,,,,,False,3.88888888,1.822581609,160.91666666666666
75519828-93ba-5485-a4bf-a06b93f7cec3__TO__fb65c8cf-d1c6-583e-9563-6c22e29bb081,2020,CARLIN,59,Max Chilton,WINDOW_MEDIAN,15,FUTURE,RETROSPECTIVE,True,False,False,False,1.484,0.2342194544143728,1.2497805455856272,,,,,,,,,,,,,,,,,,,,,,,,,,,,,,,,,,,,,,,,False,3.88888888,1.822581609,160.91666666666666
75519828-93ba-5485-a4bf-a06b93f7cec3__TO__fb65c8cf-d1c6-583e-9563-6c22e29bb081,2020,CARLIN,59,Max Chilton,WINDOW_MEDIAN,20,ANY,RETROSPECTIVE,True,False,False,False,1.484,0.2342194544143728,1.2497805455856272,,,,,,,,,,,,,,,,,,,,,,,,,,,,,,,,,,,,,,,,False,3.88888888,1.822581609,160.91666666666666
75519828-93ba-5485-a4bf-a06b93f7cec3__TO__fb65c8cf-d1c6-583e-9563-6c22e29bb081,2020,CARLIN,59,Max Chilton,WINDOW_MEDIAN,20,PRIOR,PIT_COMPATIBLE,True,False,False,False,1.484,0.2342194544143728,1.2497805455856272,,,,,,,,,,,,,,,,,,,,,,,,,,,,,,,,,,,,,,,,False,3.88888888,1.822581609,160.91666666666666
75519828-93ba-5485-a4bf-a06b93f7cec3__TO__fb65c8cf-d1c6-583e-9563-6c22e29bb081,2020,CARLIN,59,Max Chilton,WINDOW_MEDIAN,20,FUTURE,RETROSPECTIVE,True,False,False,False,1.484,0.2342194544143728,1.2497805455856272,,,,,,,,,,,,,,,,,,,,,,,,,,,,,,,,,,,,,,,,False,3.88888888,1.822581609,160.91666666666666
75519828-93ba-5485-a4bf-a06b93f7cec3__TO__fb65c8cf-d1c6-583e-9563-6c22e29bb081,2020,CARLIN,59,Max Chilton,WINDOW_MEDIAN,30,ANY,RETROSPECTIVE,True,False,False,False,1.484,0.2342194544143728,1.2497805455856272,,,,,,,,,,,,,,,,,,,,,,,,,,,,,,,,,,,,,,,,False,3.88888888,1.822581609,160.91666666666666
75519828-93ba-5485-a4bf-a06b93f7cec3__TO__fb65c8cf-d1c6-583e-9563-6c22e29bb081,2020,CARLIN,59,Max Chilton,WINDOW_MEDIAN,30,PRIOR,PIT_COMPATIBLE,True,False,False,False,1.484,0.2342194544143728,1.2497805455856272,,,,,,,,,,,,,,,,,,,,,,,,,,,,,,,,,,,,,,,,False,3.88888888,1.822581609,160.91666666666666
75519828-93ba-5485-a4bf-a06b93f7cec3__TO__fb65c8cf-d1c6-583e-9563-6c22e29bb081,2020,CARLIN,59,Max Chilton,WINDOW_MEDIAN,30,FUTURE,RETROSPECTIVE,True,False,False,False,1.484,0.2342194544143728,1.2497805455856272,,,,,,,,,,,,,,,,,,,,,,,,,,,,,,,,,,,,,,,,False,3.88888888,1.822581609,160.91666666666666
75519828-93ba-5485-a4bf-a06b93f7cec3__TO__fb65c8cf-d1c6-583e-9563-6c22e29bb081,2020,CARLIN,59,Max Chilton,WINDOW_MEDIAN,45,ANY,RETROSPECTIVE,True,False,False,False,1.484,0.2342194544143728,1.2497805455856272,,,,,,,,,,,,,,,,,,,,,,,,,,,,,,,,,,,,,,,,False,3.88888888,1.822581609,160.91666666666666
75519828-93ba-5485-a4bf-a06b93f7cec3__TO__fb65c8cf-d1c6-583e-9563-6c22e29bb081,2020,CARLIN,59,Max Chilton,WINDOW_MEDIAN,45,PRIOR,PIT_COMPATIBLE,True,False,False,False,1.484,0.2342194544143728,1.2497805455856272,,,,,,,,,,,,,,,,,,,,,,,,,,,,,,,,,,,,,,,,False,3.88888888,1.822581609,160.91666666666666
75519828-93ba-5485-a4bf-a06b93f7cec3__TO__fb65c8cf-d1c6-583e-9563-6c22e29bb081,2020,CARLIN,59,Max Chilton,WINDOW_MEDIAN,45,FUTURE,RETROSPECTIVE,True,False,False,False,1.484,0.2342194544143728,1.2497805455856272,,,,,,,,,,,,,,,,,,,,,,,,,,,,,,,,,,,,,,,,False,3.88888888,1.822581609,160.91666666666666
75519828-93ba-5485-a4bf-a06b93f7cec3__TO__fb65c8cf-d1c6-583e-9563-6c22e29bb081,2020,CARLIN,59,Max Chilton,WINDOW_MEDIAN,60,ANY,RETROSPECTIVE,True,False,False,False,1.484,0.2342194544143728,1.2497805455856272,,,,,,,,,,,,,,,,,,,,,,,,,,,,,,,,,,,,,,,,False,3.88888888,1.822581609,160.91666666666666
75519828-93ba-5485-a4bf-a06b93f7cec3__TO__fb65c8cf-d1c6-583e-9563-6c22e29bb081,2020,CARLIN,59,Max Chilton,WINDOW_MEDIAN,60,PRIOR,PIT_COMPATIBLE,True,False,False,False,1.484,0.2342194544143728,1.2497805455856272,,,,,,,,,,,,,,,,,,,,,,,,,,,,,,,,,,,,,,,,False,3.88888888,1.822581609,160.91666666666666
75519828-93ba-5485-a4bf-a06b93f7cec3__TO__fb65c8cf-d1c6-583e-9563-6c22e29bb081,2020,CARLIN,59,Max Chilton,WINDOW_MEDIAN,60,FUTURE,RETROSPECTIVE,True,False,False,False,1.484,0.2342194544143728,1.2497805455856272,,,,,,,,,,,,,,,,,,,,,,,,,,,,,,,,,,,,,,,,False,3.88888888,1.822581609,160.91666666666666
954d29f8-6770-5c41-9322-b23c885935ef__TO__e7089fb7-0048-5bb8-8589-cc5bbc59a6cd,2020,MEYER_SHANK_RACING,60,Jack Harvey,WINDOW_MEDIAN,5,ANY,RETROSPECTIVE,True,False,False,False,-0.104,0.2933133973504897,-0.3973133973504897,,,,,,,,,,,,,,,,,,,,,,,,,,,,,,,,,,,,,,,,False,13.88888889,3.833322525,155.0
954d29f8-6770-5c41-9322-b23c885935ef__TO__e7089fb7-0048-5bb8-8589-cc5bbc59a6cd,2020,MEYER_SHANK_RACING,60,Jack Harvey,WINDOW_MEDIAN,5,PRIOR,PIT_COMPATIBLE,True,False,False,False,-0.104,0.2933133973504897,-0.3973133973504897,,,,,,,,,,,,,,,,,,,,,,,,,,,,,,,,,,,,,,,,False,13.88888889,3.833322525,155.0
954d29f8-6770-5c41-9322-b23c885935ef__TO__e7089fb7-0048-5bb8-8589-cc5bbc59a6cd,2020,MEYER_SHANK_RACING,60,Jack Harvey,WINDOW_MEDIAN,5,FUTURE,RETROSPECTIVE,True,False,False,False,-0.104,0.2933133973504897,-0.3973133973504897,,,,,,,,,,,,,,,,,,,,,,,,,,,,,,,,,,,,,,,,False,13.88888889,3.833322525,155.0
954d29f8-6770-5c41-9322-b23c885935ef__TO__e7089fb7-0048-5bb8-8589-cc5bbc59a6cd,2020,MEYER_SHANK_RACING,60,Jack Harvey,WINDOW_MEDIAN,10,ANY,RETROSPECTIVE,True,False,False,False,-0.104,0.2933133973504897,-0.3973133973504897,,,,,,,,,,,,,,,,,,,,,,,,,,,,,,,,,,,,,,,,False,13.88888889,3.833322525,155.0
954d29f8-6770-5c41-9322-b23c885935ef__TO__e7089fb7-0048-5bb8-8589-cc5bbc59a6cd,2020,MEYER_SHANK_RACING,60,Jack Harvey,WINDOW_MEDIAN,10,PRIOR,PIT_COMPATIBLE,True,False,False,False,-0.104,0.2933133973504897,-0.3973133973504897,,,,,,,,,,,,,,,,,,,,,,,,,,,,,,,,,,,,,,,,False,13.88888889,3.833322525,155.0
954d29f8-6770-5c41-9322-b23c885935ef__TO__e7089fb7-0048-5bb8-8589-cc5bbc59a6cd,2020,MEYER_SHANK_RACING,60,Jack Harvey,WINDOW_MEDIAN,10,FUTURE,RETROSPECTIVE,True,False,False,False,-0.104,0.2933133973504897,-0.3973133973504897,,,,,,,,,,,,,,,,,,,,,,,,,,,,,,,,,,,,,,,,False,13.88888889,3.833322525,155.0
954d29f8-6770-5c41-9322-b23c885935ef__TO__e7089fb7-0048-5bb8-8589-cc5bbc59a6cd,2020,MEYER_SHANK_RACING,60,Jack Harvey,WINDOW_MEDIAN,15,ANY,RETROSPECTIVE,True,False,False,False,-0.104,0.2933133973504897,-0.3973133973504897,,,,,,,,,,,,,,,,,,,,,,,,,,,,,,,,,,,,,,,,False,13.88888889,3.833322525,155.0
954d29f8-6770-5c41-9322-b23c885935ef__TO__e7089fb7-0048-5bb8-8589-cc5bbc59a6cd,2020,MEYER_SHANK_RACING,60,Jack Harvey,WINDOW_MEDIAN,15,PRIOR,PIT_COMPATIBLE,True,False,False,False,-0.104,0.2933133973504897,-0.3973133973504897,,,,,,,,,,,,,,,,,,,,,,,,,,,,,,,,,,,,,,,,False,13.88888889,3.833322525,155.0
954d29f8-6770-5c41-9322-b23c885935ef__TO__e7089fb7-0048-5bb8-8589-cc5bbc59a6cd,2020,MEYER_SHANK_RACING,60,Jack Harvey,WINDOW_MEDIAN,15,FUTURE,RETROSPECTIVE,True,False,False,False,-0.104,0.2933133973504897,-0.3973133973504897,,,,,,,,,,,,,,,,,,,,,,,,,,,,,,,,,,,,,,,,False,13.88888889,3.833322525,155.0
954d29f8-6770-5c41-9322-b23c885935ef__TO__e7089fb7-0048-5bb8-8589-cc5bbc59a6cd,2020,MEYER_SHANK_RACING,60,Jack Harvey,WINDOW_MEDIAN,20,ANY,RETROSPECTIVE,True,False,False,False,-0.104,0.2933133973504897,-0.3973133973504897,,,,,,,,,,,,,,,,,,,,,,,,,,,,,,,,,,,,,,,,False,13.88888889,3.833322525,155.0
954d29f8-6770-5c41-9322-b23c885935ef__TO__e7089fb7-0048-5bb8-8589-cc5bbc59a6cd,2020,MEYER_SHANK_RACING,60,Jack Harvey,WINDOW_MEDIAN,20,PRIOR,PIT_COMPATIBLE,True,False,False,False,-0.104,0.2933133973504897,-0.3973133973504897,,,,,,,,,,,,,,,,,,,,,,,,,,,,,,,,,,,,,,,,False,13.88888889,3.833322525,155.0
954d29f8-6770-5c41-9322-b23c885935ef__TO__e7089fb7-0048-5bb8-8589-cc5bbc59a6cd,2020,MEYER_SHANK_RACING,60,Jack Harvey,WINDOW_MEDIAN,20,FUTURE,RETROSPECTIVE,True,False,False,False,-0.104,0.2933133973504897,-0.3973133973504897,,,,,,,,,,,,,,,,,,,,,,,,,,,,,,,,,,,,,,,,False,13.88888889,3.833322525,155.0
954d29f8-6770-5c41-9322-b23c885935ef__TO__e7089fb7-0048-5bb8-8589-cc5bbc59a6cd,2020,MEYER_SHANK_RACING,60,Jack Harvey,WINDOW_MEDIAN,30,ANY,RETROSPECTIVE,True,False,False,False,-0.104,0.2933133973504897,-0.3973133973504897,,,,,,,,,,,,,,,,,,,,,,,,,,,,,,,,,,,,,,,,False,13.88888889,3.833322525,155.0
954d29f8-6770-5c41-9322-b23c885935ef__TO__e7089fb7-0048-5bb8-8589-cc5bbc59a6cd,2020,MEYER_SHANK_RACING,60,Jack Harvey,WINDOW_MEDIAN,30,PRIOR,PIT_COMPATIBLE,True,False,False,False,-0.104,0.2933133973504897,-0.3973133973504897,,,,,,,,,,,,,,,,,,,,,,,,,,,,,,,,,,,,,,,,False,13.88888889,3.833322525,155.0
954d29f8-6770-5c41-9322-b23c885935ef__TO__e7089fb7-0048-5bb8-8589-cc5bbc59a6cd,2020,MEYER_SHANK_RACING,60,Jack Harvey,WINDOW_MEDIAN,30,FUTURE,RETROSPECTIVE,True,False,False,False,-0.104,0.2933133973504897,-0.3973133973504897,,,,,,,,,,,,,,,,,,,,,,,,,,,,,,,,,,,,,,,,False,13.88888889,3.833322525,155.0
954d29f8-6770-5c41-9322-b23c885935ef__TO__e7089fb7-0048-5bb8-8589-cc5bbc59a6cd,2020,MEYER_SHANK_RACING,60,Jack Harvey,WINDOW_MEDIAN,45,ANY,RETROSPECTIVE,True,False,False,False,-0.104,0.2933133973504897,-0.3973133973504897,,,,,,,,,,,,,,,,,,,,,,,,,,,,,,,,,,,,,,,,False,13.88888889,3.833322525,155.0
954d29f8-6770-5c41-9322-b23c885935ef__TO__e7089fb7-0048-5bb8-8589-cc5bbc59a6cd,2020,MEYER_SHANK_RACING,60,Jack Harvey,WINDOW_MEDIAN,45,PRIOR,PIT_COMPATIBLE,True,False,False,False,-0.104,0.2933133973504897,-0.3973133973504897,,,,,,,,,,,,,,,,,,,,,,,,,,,,,,,,,,,,,,,,False,13.88888889,3.833322525,155.0
954d29f8-6770-5c41-9322-b23c885935ef__TO__e7089fb7-0048-5bb8-8589-cc5bbc59a6cd,2020,MEYER_SHANK_RACING,60,Jack Harvey,WINDOW_MEDIAN,45,FUTURE,RETROSPECTIVE,True,False,False,False,-0.104,0.2933133973504897,-0.3973133973504897,,,,,,,,,,,,,,,,,,,,,,,,,,,,,,,,,,,,,,,,False,13.88888889,3.833322525,155.0
954d29f8-6770-5c41-9322-b23c885935ef__TO__e7089fb7-0048-5bb8-8589-cc5bbc59a6cd,2020,MEYER_SHANK_RACING,60,Jack Harvey,WINDOW_MEDIAN,60,ANY,RETROSPECTIVE,True,False,False,False,-0.104,0.2933133973504897,-0.3973133973504897,,,,,,,,,,,,,,,,,,,,,,,,,,,,,,,,,,,,,,,,False,13.88888889,3.833322525,155.0
954d29f8-6770-5c41-9322-b23c885935ef__TO__e7089fb7-0048-5bb8-8589-cc5bbc59a6cd,2020,MEYER_SHANK_RACING,60,Jack Harvey,WINDOW_MEDIAN,60,PRIOR,PIT_COMPATIBLE,True,False,False,False,-0.104,0.2933133973504897,-0.3973133973504897,,,,,,,,,,,,,,,,,,,,,,,,,,,,,,,,,,,,,,,,False,13.88888889,3.833322525,155.0
954d29f8-6770-5c41-9322-b23c885935ef__TO__e7089fb7-0048-5bb8-8589-cc5bbc59a6cd,2020,MEYER_SHANK_RACING,60,Jack Harvey,WINDOW_MEDIAN,60,FUTURE,RETROSPECTIVE,True,False,False,False,-0.104,0.2933133973504897,-0.3973133973504897,,,,,,,,,,,,,,,,,,,,,,,,,,,,,,,,,,,,,,,,False,13.88888889,3.833322525,155.0
518373d9-25de-58cf-8315-f6c215b6f672__TO__25ddda12-052a-5d71-ac52-6e96cf8edab9,2020,CHIP_GANASSI_RACING,8,Marcus Ericsson,WINDOW_MEDIAN,5,ANY,RETROSPECTIVE,True,False,False,False,0.094,0.2743187662722283,-0.1803187662722283,,,,,,,,,,,,,,,,,,,,,,,,,,,,,,,,,,,,,,,,False,7.77777778,2.688866679,123.33333333333333
518373d9-25de-58cf-8315-f6c215b6f672__TO__25ddda12-052a-5d71-ac52-6e96cf8edab9,2020,CHIP_GANASSI_RACING,8,Marcus Ericsson,WINDOW_MEDIAN,5,PRIOR,PIT_COMPATIBLE,True,False,False,False,0.094,0.2743187662722283,-0.1803187662722283,,,,,,,,,,,,,,,,,,,,,,,,,,,,,,,,,,,,,,,,False,7.77777778,2.688866679,123.33333333333333
518373d9-25de-58cf-8315-f6c215b6f672__TO__25ddda12-052a-5d71-ac52-6e96cf8edab9,2020,CHIP_GANASSI_RACING,8,Marcus Ericsson,WINDOW_MEDIAN,5,FUTURE,RETROSPECTIVE,True,False,False,False,0.094,0.2743187662722283,-0.1803187662722283,,,,,,,,,,,,,,,,,,,,,,,,,,,,,,,,,,,,,,,,False,7.77777778,2.688866679,123.33333333333333
518373d9-25de-58cf-8315-f6c215b6f672__TO__25ddda12-052a-5d71-ac52-6e96cf8edab9,2020,CHIP_GANASSI_RACING,8,Marcus Ericsson,WINDOW_MEDIAN,10,ANY,RETROSPECTIVE,True,True,False,False,0.094,0.2743187662722283,-0.1803187662722283,230.254,1.0,1.0,10,6041dd38-4b6d-5e38-81fd-8006cbe0bafd,9.166666666666666,9.166666666666666,9.166666666666666,46.66666667,27.6946395,False,False,False,False,False,,,,,,,,,,,,,,,,,,,,,,,,,False,7.77777778,2.688866679,123.33333333333333
518373d9-25de-58cf-8315-f6c215b6f672__TO__25ddda12-052a-5d71-ac52-6e96cf8edab9,2020,CHIP_GANASSI_RACING,8,Marcus Ericsson,WINDOW_MEDIAN,10,PRIOR,PIT_COMPATIBLE,True,False,False,False,0.094,0.2743187662722283,-0.1803187662722283,,,,,,,,,,,,,,,,,,,,,,,,,,,,,,,,,,,,,,,,False,7.77777778,2.688866679,123.33333333333333
518373d9-25de-58cf-8315-f6c215b6f672__TO__25ddda12-052a-5d71-ac52-6e96cf8edab9,2020,CHIP_GANASSI_RACING,8,Marcus Ericsson,WINDOW_MEDIAN,10,FUTURE,RETROSPECTIVE,True,True,False,False,0.094,0.2743187662722283,-0.1803187662722283,230.254,1.0,1.0,10,6041dd38-4b6d-5e38-81fd-8006cbe0bafd,9.166666666666666,9.166666666666666,9.166666666666666,46.66666667,27.6946395,False,False,False,False,False,,,,,,,,,,,,,,,,,,,,,,,,,False,7.77777778,2.688866679,123.33333333333333
518373d9-25de-58cf-8315-f6c215b6f672__TO__25ddda12-052a-5d71-ac52-6e96cf8edab9,2020,CHIP_GANASSI_RACING,8,Marcus Ericsson,WINDOW_MEDIAN,15,ANY,RETROSPECTIVE,True,True,False,False,0.094,0.2743187662722283,-0.1803187662722283,230.254,1.0,1.0,10,6041dd38-4b6d-5e38-81fd-8006cbe0bafd,9.166666666666666,9.166666666666666,9.166666666666666,46.66666667,27.6946395,False,False,False,False,False,,,,,,,,,,,,,,,,,,,,,,,,,False,7.77777778,2.688866679,123.33333333333333
518373d9-25de-58cf-8315-f6c215b6f672__TO__25ddda12-052a-5d71-ac52-6e96cf8edab9,2020,CHIP_GANASSI_RACING,8,Marcus Ericsson,WINDOW_MEDIAN,15,PRIOR,PIT_COMPATIBLE,True,False,False,False,0.094,0.2743187662722283,-0.1803187662722283,,,,,,,,,,,,,,,,,,,,,,,,,,,,,,,,,,,,,,,,False,7.77777778,2.688866679,123.33333333333333
518373d9-25de-58cf-8315-f6c215b6f672__TO__25ddda12-052a-5d71-ac52-6e96cf8edab9,2020,CHIP_GANASSI_RACING,8,Marcus Ericsson,WINDOW_MEDIAN,15,FUTURE,RETROSPECTIVE,True,True,False,False,0.094,0.2743187662722283,-0.1803187662722283,230.254,1.0,1.0,10,6041dd38-4b6d-5e38-81fd-8006cbe0bafd,9.166666666666666,9.166666666666666,9.166666666666666,46.66666667,27.6946395,False,False,False,False,False,,,,,,,,,,,,,,,,,,,,,,,,,False,7.77777778,2.688866679,123.33333333333333
518373d9-25de-58cf-8315-f6c215b6f672__TO__25ddda12-052a-5d71-ac52-6e96cf8edab9,2020,CHIP_GANASSI_RACING,8,Marcus Ericsson,WINDOW_MEDIAN,20,ANY,RETROSPECTIVE,True,True,True,True,0.094,0.2743187662722283,-0.1803187662722283,230.254,1.0,1.0,10,6041dd38-4b6d-5e38-81fd-8006cbe0bafd,9.166666666666666,9.166666666666666,9.166666666666666,46.66666667,27.6946395,False,False,False,False,False,231.053,1.0,1.0,9,33a57398-b346-53e3-b5e5-369a3ca71efc,15.833333333333334,15.833333333333334,-15.833333333333334,50.0,29.89255295,False,False,False,False,False,0.7990000000000066,-0.7050000000000066,True,False,0.0,False,3.333333330000002,2.197913449999998,,False,7.77777778,2.688866679,123.33333333333333
518373d9-25de-58cf-8315-f6c215b6f672__TO__25ddda12-052a-5d71-ac52-6e96cf8edab9,2020,CHIP_GANASSI_RACING,8,Marcus Ericsson,WINDOW_MEDIAN,20,PRIOR,PIT_COMPATIBLE,True,False,True,False,0.094,0.2743187662722283,-0.1803187662722283,,,,,,,,,,,,,,,,231.053,1.0,1.0,9,33a57398-b346-53e3-b5e5-369a3ca71efc,15.833333333333334,15.833333333333334,-15.833333333333334,50.0,29.89255295,False,False,False,False,False,,,,,,,,,,False,7.77777778,2.688866679,123.33333333333333
518373d9-25de-58cf-8315-f6c215b6f672__TO__25ddda12-052a-5d71-ac52-6e96cf8edab9,2020,CHIP_GANASSI_RACING,8,Marcus Ericsson,WINDOW_MEDIAN,20,FUTURE,RETROSPECTIVE,True,True,False,False,0.094,0.2743187662722283,-0.1803187662722283,230.254,1.0,1.0,10,6041dd38-4b6d-5e38-81fd-8006cbe0bafd,9.166666666666666,9.166666666666666,9.166666666666666,46.66666667,27.6946395,False,False,False,False,False,,,,,,,,,,,,,,,,,,,,,,,,,False,7.77777778,2.688866679,123.33333333333333
518373d9-25de-58cf-8315-f6c215b6f672__TO__25ddda12-052a-5d71-ac52-6e96cf8edab9,2020,CHIP_GANASSI_RACING,8,Marcus Ericsson,WINDOW_MEDIAN,30,ANY,RETROSPECTIVE,True,True,True,True,0.094,0.2743187662722283,-0.1803187662722283,230.254,1.0,1.0,10,6041dd38-4b6d-5e38-81fd-8006cbe0bafd,9.166666666666666,9.166666666666666,9.166666666666666,46.66666667,27.6946395,False,False,False,False,False,231.053,1.0,1.0,9,33a57398-b346-53e3-b5e5-369a3ca71efc,15.833333333333334,15.833333333333334,-15.833333333333334,50.0,29.89255295,False,False,False,False,False,0.7990000000000066,-0.7050000000000066,True,False,0.0,False,3.333333330000002,2.197913449999998,,False,7.77777778,2.688866679,123.33333333333333
518373d9-25de-58cf-8315-f6c215b6f672__TO__25ddda12-052a-5d71-ac52-6e96cf8edab9,2020,CHIP_GANASSI_RACING,8,Marcus Ericsson,WINDOW_MEDIAN,30,PRIOR,PIT_COMPATIBLE,True,False,True,False,0.094,0.2743187662722283,-0.1803187662722283,,,,,,,,,,,,,,,,231.053,1.0,1.0,9,33a57398-b346-53e3-b5e5-369a3ca71efc,15.833333333333334,15.833333333333334,-15.833333333333334,50.0,29.89255295,False,False,False,False,False,,,,,,,,,,False,7.77777778,2.688866679,123.33333333333333
518373d9-25de-58cf-8315-f6c215b6f672__TO__25ddda12-052a-5d71-ac52-6e96cf8edab9,2020,CHIP_GANASSI_RACING,8,Marcus Ericsson,WINDOW_MEDIAN,30,FUTURE,RETROSPECTIVE,True,True,False,False,0.094,0.2743187662722283,-0.1803187662722283,230.254,1.0,1.0,10,6041dd38-4b6d-5e38-81fd-8006cbe0bafd,9.166666666666666,9.166666666666666,9.166666666666666,46.66666667,27.6946395,False,False,False,False,False,,,,,,,,,,,,,,,,,,,,,,,,,False,7.77777778,2.688866679,123.33333333333333
518373d9-25de-58cf-8315-f6c215b6f672__TO__25ddda12-052a-5d71-ac52-6e96cf8edab9,2020,CHIP_GANASSI_RACING,8,Marcus Ericsson,WINDOW_MEDIAN,45,ANY,RETROSPECTIVE,True,True,True,True,0.094,0.2743187662722283,-0.1803187662722283,230.254,1.0,1.0,10,6041dd38-4b6d-5e38-81fd-8006cbe0bafd,9.166666666666666,9.166666666666666,9.166666666666666,46.66666667,27.6946395,False,False,False,False,False,231.053,1.0,1.0,9,33a57398-b346-53e3-b5e5-369a3ca71efc,15.833333333333334,15.833333333333334,-15.833333333333334,50.0,29.89255295,False,False,False,False,False,0.7990000000000066,-0.7050000000000066,True,False,0.0,False,3.333333330000002,2.197913449999998,,False,7.77777778,2.688866679,123.33333333333333
518373d9-25de-58cf-8315-f6c215b6f672__TO__25ddda12-052a-5d71-ac52-6e96cf8edab9,2020,CHIP_GANASSI_RACING,8,Marcus Ericsson,WINDOW_MEDIAN,45,PRIOR,PIT_COMPATIBLE,True,False,True,False,0.094,0.2743187662722283,-0.1803187662722283,,,,,,,,,,,,,,,,231.053,1.0,1.0,9,33a57398-b346-53e3-b5e5-369a3ca71efc,15.833333333333334,15.833333333333334,-15.833333333333334,50.0,29.89255295,False,False,False,False,False,,,,,,,,,,False,7.77777778,2.688866679,123.33333333333333
518373d9-25de-58cf-8315-f6c215b6f672__TO__25ddda12-052a-5d71-ac52-6e96cf8edab9,2020,CHIP_GANASSI_RACING,8,Marcus Ericsson,WINDOW_MEDIAN,45,FUTURE,RETROSPECTIVE,True,True,False,False,0.094,0.2743187662722283,-0.1803187662722283,230.254,1.0,1.0,10,6041dd38-4b6d-5e38-81fd-8006cbe0bafd,9.166666666666666,9.166666666666666,9.166666666666666,46.66666667,27.6946395,False,False,False,False,False,,,,,,,,,,,,,,,,,,,,,,,,,False,7.77777778,2.688866679,123.33333333333333
518373d9-25de-58cf-8315-f6c215b6f672__TO__25ddda12-052a-5d71-ac52-6e96cf8edab9,2020,CHIP_GANASSI_RACING,8,Marcus Ericsson,WINDOW_MEDIAN,60,ANY,RETROSPECTIVE,True,True,True,True,0.094,0.2743187662722283,-0.1803187662722283,230.67399999999998,2.0,2.0,9|10,6041dd38-4b6d-5e38-81fd-8006cbe0bafd|25f997a4-1a33-565b-b2b0-1c30d3a0f19c,9.166666666666666,47.5,-19.166666666666668,43.055555555,26.889103845,False,False,False,False,False,231.10399999999998,2.0,1.0,9,33a57398-b346-53e3-b5e5-369a3ca71efc|b4a08fbf-93db-50a2-9416-96b3b9d1b41a,15.833333333333334,58.416666666666664,21.291666666666664,50.555555555,30.458186724999997,False,False,False,False,True,0.4300000000000068,-0.33600000000000685,True,False,0.0,False,7.5,3.5690828799999963,,False,7.77777778,2.688866679,123.33333333333333
518373d9-25de-58cf-8315-f6c215b6f672__TO__25ddda12-052a-5d71-ac52-6e96cf8edab9,2020,CHIP_GANASSI_RACING,8,Marcus Ericsson,WINDOW_MEDIAN,60,PRIOR,PIT_COMPATIBLE,True,True,True,True,0.094,0.2743187662722283,-0.1803187662722283,231.094,1.0,1.0,9,25f997a4-1a33-565b-b2b0-1c30d3a0f19c,47.5,47.5,-47.5,39.44444444,26.08356819,False,False,False,False,False,231.053,1.0,1.0,9,33a57398-b346-53e3-b5e5-369a3ca71efc,15.833333333333334,15.833333333333334,-15.833333333333334,50.0,29.89255295,False,False,False,False,False,-0.04099999999999682,0.13499999999999682,False,True,0.0,False,10.555555560000002,3.8089847599999977,25f997a4-1a33-565b-b2b0-1c30d3a0f19c__TO__33a57398-b346-53e3-b5e5-369a3ca71efc,False,7.77777778,2.688866679,123.33333333333333
518373d9-25de-58cf-8315-f6c215b6f672__TO__25ddda12-052a-5d71-ac52-6e96cf8edab9,2020,CHIP_GANASSI_RACING,8,Marcus Ericsson,WINDOW_MEDIAN,60,FUTURE,RETROSPECTIVE,True,True,True,True,0.094,0.2743187662722283,-0.1803187662722283,230.254,1.0,1.0,10,6041dd38-4b6d-5e38-81fd-8006cbe0bafd,9.166666666666666,9.166666666666666,9.166666666666666,46.66666667,27.6946395,False,False,False,False,False,231.155,1.0,1.0,9,b4a08fbf-93db-50a2-9416-96b3b9d1b41a,58.416666666666664,58.416666666666664,58.416666666666664,51.11111111,31.0238205,False,False,False,False,True,0.9010000000000105,-0.8070000000000105,True,False,0.0,False,4.444444440000005,3.3291809999999984,,False,7.77777778,2.688866679,123.33333333333333
a3016f3b-449e-576c-bf0f-284c71eddb34__TO__b58b5c13-1a21-50cf-ab5b-8962cc4486f0,2020,DRAGONSPEED,81,Ben Hanley,WINDOW_MEDIAN,5,ANY,RETROSPECTIVE,True,False,False,False,1.971,0.3119725333153352,1.659027466684665,,,,,,,,,,,,,,,,,,,,,,,,,,,,,,,,,,,,,,,,False,5.55555555,2.492221875,174.25
a3016f3b-449e-576c-bf0f-284c71eddb34__TO__b58b5c13-1a21-50cf-ab5b-8962cc4486f0,2020,DRAGONSPEED,81,Ben Hanley,WINDOW_MEDIAN,5,PRIOR,PIT_COMPATIBLE,True,False,False,False,1.971,0.3119725333153352,1.659027466684665,,,,,,,,,,,,,,,,,,,,,,,,,,,,,,,,,,,,,,,,False,5.55555555,2.492221875,174.25
a3016f3b-449e-576c-bf0f-284c71eddb34__TO__b58b5c13-1a21-50cf-ab5b-8962cc4486f0,2020,DRAGONSPEED,81,Ben Hanley,WINDOW_MEDIAN,5,FUTURE,RETROSPECTIVE,True,False,False,False,1.971,0.3119725333153352,1.659027466684665,,,,,,,,,,,,,,,,,,,,,,,,,,,,,,,,,,,,,,,,False,5.55555555,2.492221875,174.25
a3016f3b-449e-576c-bf0f-284c71eddb34__TO__b58b5c13-1a21-50cf-ab5b-8962cc4486f0,2020,DRAGONSPEED,81,Ben Hanley,WINDOW_MEDIAN,10,ANY,RETROSPECTIVE,True,False,False,False,1.971,0.3119725333153352,1.659027466684665,,,,,,,,,,,,,,,,,,,,,,,,,,,,,,,,,,,,,,,,False,5.55555555,2.492221875,174.25
a3016f3b-449e-576c-bf0f-284c71eddb34__TO__b58b5c13-1a21-50cf-ab5b-8962cc4486f0,2020,DRAGONSPEED,81,Ben Hanley,WINDOW_MEDIAN,10,PRIOR,PIT_COMPATIBLE,True,False,False,False,1.971,0.3119725333153352,1.659027466684665,,,,,,,,,,,,,,,,,,,,,,,,,,,,,,,,,,,,,,,,False,5.55555555,2.492221875,174.25
a3016f3b-449e-576c-bf0f-284c71eddb34__TO__b58b5c13-1a21-50cf-ab5b-8962cc4486f0,2020,DRAGONSPEED,81,Ben Hanley,WINDOW_MEDIAN,10,FUTURE,RETROSPECTIVE,True,False,False,False,1.971,0.3119725333153352,1.659027466684665,,,,,,,,,,,,,,,,,,,,,,,,,,,,,,,,,,,,,,,,False,5.55555555,2.492221875,174.25
a3016f3b-449e-576c-bf0f-284c71eddb34__TO__b58b5c13-1a21-50cf-ab5b-8962cc4486f0,2020,DRAGONSPEED,81,Ben Hanley,WINDOW_MEDIAN,15,ANY,RETROSPECTIVE,True,False,False,False,1.971,0.3119725333153352,1.659027466684665,,,,,,,,,,,,,,,,,,,,,,,,,,,,,,,,,,,,,,,,False,5.55555555,2.492221875,174.25
a3016f3b-449e-576c-bf0f-284c71eddb34__TO__b58b5c13-1a21-50cf-ab5b-8962cc4486f0,2020,DRAGONSPEED,81,Ben Hanley,WINDOW_MEDIAN,15,PRIOR,PIT_COMPATIBLE,True,False,False,False,1.971,0.3119725333153352,1.659027466684665,,,,,,,,,,,,,,,,,,,,,,,,,,,,,,,,,,,,,,,,False,5.55555555,2.492221875,174.25
a3016f3b-449e-576c-bf0f-284c71eddb34__TO__b58b5c13-1a21-50cf-ab5b-8962cc4486f0,2020,DRAGONSPEED,81,Ben Hanley,WINDOW_MEDIAN,15,FUTURE,RETROSPECTIVE,True,False,False,False,1.971,0.3119725333153352,1.659027466684665,,,,,,,,,,,,,,,,,,,,,,,,,,,,,,,,,,,,,,,,False,5.55555555,2.492221875,174.25
a3016f3b-449e-576c-bf0f-284c71eddb34__TO__b58b5c13-1a21-50cf-ab5b-8962cc4486f0,2020,DRAGONSPEED,81,Ben Hanley,WINDOW_MEDIAN,20,ANY,RETROSPECTIVE,True,False,False,False,1.971,0.3119725333153352,1.659027466684665,,,,,,,,,,,,,,,,,,,,,,,,,,,,,,,,,,,,,,,,False,5.55555555,2.492221875,174.25
a3016f3b-449e-576c-bf0f-284c71eddb34__TO__b58b5c13-1a21-50cf-ab5b-8962cc4486f0,2020,DRAGONSPEED,81,Ben Hanley,WINDOW_MEDIAN,20,PRIOR,PIT_COMPATIBLE,True,False,False,False,1.971,0.3119725333153352,1.659027466684665,,,,,,,,,,,,,,,,,,,,,,,,,,,,,,,,,,,,,,,,False,5.55555555,2.492221875,174.25
a3016f3b-449e-576c-bf0f-284c71eddb34__TO__b58b5c13-1a21-50cf-ab5b-8962cc4486f0,2020,DRAGONSPEED,81,Ben Hanley,WINDOW_MEDIAN,20,FUTURE,RETROSPECTIVE,True,False,False,False,1.971,0.3119725333153352,1.659027466684665,,,,,,,,,,,,,,,,,,,,,,,,,,,,,,,,,,,,,,,,False,5.55555555,2.492221875,174.25
a3016f3b-449e-576c-bf0f-284c71eddb34__TO__b58b5c13-1a21-50cf-ab5b-8962cc4486f0,2020,DRAGONSPEED,81,Ben Hanley,WINDOW_MEDIAN,30,ANY,RETROSPECTIVE,True,False,False,False,1.971,0.3119725333153352,1.659027466684665,,,,,,,,,,,,,,,,,,,,,,,,,,,,,,,,,,,,,,,,False,5.55555555,2.492221875,174.25
a3016f3b-449e-576c-bf0f-284c71eddb34__TO__b58b5c13-1a21-50cf-ab5b-8962cc4486f0,2020,DRAGONSPEED,81,Ben Hanley,WINDOW_MEDIAN,30,PRIOR,PIT_COMPATIBLE,True,False,False,False,1.971,0.3119725333153352,1.659027466684665,,,,,,,,,,,,,,,,,,,,,,,,,,,,,,,,,,,,,,,,False,5.55555555,2.492221875,174.25
a3016f3b-449e-576c-bf0f-284c71eddb34__TO__b58b5c13-1a21-50cf-ab5b-8962cc4486f0,2020,DRAGONSPEED,81,Ben Hanley,WINDOW_MEDIAN,30,FUTURE,RETROSPECTIVE,True,False,False,False,1.971,0.3119725333153352,1.659027466684665,,,,,,,,,,,,,,,,,,,,,,,,,,,,,,,,,,,,,,,,False,5.55555555,2.492221875,174.25
a3016f3b-449e-576c-bf0f-284c71eddb34__TO__b58b5c13-1a21-50cf-ab5b-8962cc4486f0,2020,DRAGONSPEED,81,Ben Hanley,WINDOW_MEDIAN,45,ANY,RETROSPECTIVE,True,False,False,False,1.971,0.3119725333153352,1.659027466684665,,,,,,,,,,,,,,,,,,,,,,,,,,,,,,,,,,,,,,,,False,5.55555555,2.492221875,174.25
a3016f3b-449e-576c-bf0f-284c71eddb34__TO__b58b5c13-1a21-50cf-ab5b-8962cc4486f0,2020,DRAGONSPEED,81,Ben Hanley,WINDOW_MEDIAN,45,PRIOR,PIT_COMPATIBLE,True,False,False,False,1.971,0.3119725333153352,1.659027466684665,,,,,,,,,,,,,,,,,,,,,,,,,,,,,,,,,,,,,,,,False,5.55555555,2.492221875,174.25
a3016f3b-449e-576c-bf0f-284c71eddb34__TO__b58b5c13-1a21-50cf-ab5b-8962cc4486f0,2020,DRAGONSPEED,81,Ben Hanley,WINDOW_MEDIAN,45,FUTURE,RETROSPECTIVE,True,False,False,False,1.971,0.3119725333153352,1.659027466684665,,,,,,,,,,,,,,,,,,,,,,,,,,,,,,,,,,,,,,,,False,5.55555555,2.492221875,174.25
a3016f3b-449e-576c-bf0f-284c71eddb34__TO__b58b5c13-1a21-50cf-ab5b-8962cc4486f0,2020,DRAGONSPEED,81,Ben Hanley,WINDOW_MEDIAN,60,ANY,RETROSPECTIVE,True,False,False,False,1.971,0.3119725333153352,1.659027466684665,,,,,,,,,,,,,,,,,,,,,,,,,,,,,,,,,,,,,,,,False,5.55555555,2.492221875,174.25
a3016f3b-449e-576c-bf0f-284c71eddb34__TO__b58b5c13-1a21-50cf-ab5b-8962cc4486f0,2020,DRAGONSPEED,81,Ben Hanley,WINDOW_MEDIAN,60,PRIOR,PIT_COMPATIBLE,True,False,False,False,1.971,0.3119725333153352,1.659027466684665,,,,,,,,,,,,,,,,,,,,,,,,,,,,,,,,,,,,,,,,False,5.55555555,2.492221875,174.25
a3016f3b-449e-576c-bf0f-284c71eddb34__TO__b58b5c13-1a21-50cf-ab5b-8962cc4486f0,2020,DRAGONSPEED,81,Ben Hanley,WINDOW_MEDIAN,60,FUTURE,RETROSPECTIVE,True,False,False,False,1.971,0.3119725333153352,1.659027466684665,,,,,,,,,,,,,,,,,,,,,,,,,,,,,,,,,,,,,,,,False,5.55555555,2.492221875,174.25
9ed5a76f-1d6e-5759-8ffc-9c1344b26bfc__TO__0817e595-17c0-5e20-94bc-6778006bf613,2020,ANDRETTI,88,Colton Herta,WINDOW_MEDIAN,5,ANY,RETROSPECTIVE,True,False,False,False,0.215,0.3281918529354654,-0.1131918529354653,,,,,,,,,,,,,,,,,,,,,,,,,,,,,,,,,,,,,,,,False,0.0,1.616775725,101.75
9ed5a76f-1d6e-5759-8ffc-9c1344b26bfc__TO__0817e595-17c0-5e20-94bc-6778006bf613,2020,ANDRETTI,88,Colton Herta,WINDOW_MEDIAN,5,PRIOR,PIT_COMPATIBLE,True,False,False,False,0.215,0.3281918529354654,-0.1131918529354653,,,,,,,,,,,,,,,,,,,,,,,,,,,,,,,,,,,,,,,,False,0.0,1.616775725,101.75
9ed5a76f-1d6e-5759-8ffc-9c1344b26bfc__TO__0817e595-17c0-5e20-94bc-6778006bf613,2020,ANDRETTI,88,Colton Herta,WINDOW_MEDIAN,5,FUTURE,RETROSPECTIVE,True,False,False,False,0.215,0.3281918529354654,-0.1131918529354653,,,,,,,,,,,,,,,,,,,,,,,,,,,,,,,,,,,,,,,,False,0.0,1.616775725,101.75
9ed5a76f-1d6e-5759-8ffc-9c1344b26bfc__TO__0817e595-17c0-5e20-94bc-6778006bf613,2020,ANDRETTI,88,Colton Herta,WINDOW_MEDIAN,10,ANY,RETROSPECTIVE,True,True,False,False,0.215,0.3281918529354654,-0.1131918529354653,231.351,1.0,1.0,98,f50bf607-2eaa-51a1-a6d0-2049fcaf3dcd,10.0,10.0,-10.0,50.0,29.10209745,False,False,False,False,False,,,,,,,,,,,,,,,,,,,,,,,,,False,0.0,1.616775725,101.75
9ed5a76f-1d6e-5759-8ffc-9c1344b26bfc__TO__0817e595-17c0-5e20-94bc-6778006bf613,2020,ANDRETTI,88,Colton Herta,WINDOW_MEDIAN,10,PRIOR,PIT_COMPATIBLE,True,True,False,False,0.215,0.3281918529354654,-0.1131918529354653,231.351,1.0,1.0,98,f50bf607-2eaa-51a1-a6d0-2049fcaf3dcd,10.0,10.0,-10.0,50.0,29.10209745,False,False,False,False,False,,,,,,,,,,,,,,,,,,,,,,,,,False,0.0,1.616775725,101.75
9ed5a76f-1d6e-5759-8ffc-9c1344b26bfc__TO__0817e595-17c0-5e20-94bc-6778006bf613,2020,ANDRETTI,88,Colton Herta,WINDOW_MEDIAN,10,FUTURE,RETROSPECTIVE,True,False,False,False,0.215,0.3281918529354654,-0.1131918529354653,,,,,,,,,,,,,,,,,,,,,,,,,,,,,,,,,,,,,,,,False,0.0,1.616775725,101.75
9ed5a76f-1d6e-5759-8ffc-9c1344b26bfc__TO__0817e595-17c0-5e20-94bc-6778006bf613,2020,ANDRETTI,88,Colton Herta,WINDOW_MEDIAN,15,ANY,RETROSPECTIVE,True,True,False,False,0.215,0.3281918529354654,-0.1131918529354653,231.351,1.0,1.0,98,f50bf607-2eaa-51a1-a6d0-2049fcaf3dcd,10.0,10.0,-10.0,50.0,29.10209745,False,False,False,False,False,,,,,,,,,,,,,,,,,,,,,,,,,False,0.0,1.616775725,101.75
9ed5a76f-1d6e-5759-8ffc-9c1344b26bfc__TO__0817e595-17c0-5e20-94bc-6778006bf613,2020,ANDRETTI,88,Colton Herta,WINDOW_MEDIAN,15,PRIOR,PIT_COMPATIBLE,True,True,False,False,0.215,0.3281918529354654,-0.1131918529354653,231.351,1.0,1.0,98,f50bf607-2eaa-51a1-a6d0-2049fcaf3dcd,10.0,10.0,-10.0,50.0,29.10209745,False,False,False,False,False,,,,,,,,,,,,,,,,,,,,,,,,,False,0.0,1.616775725,101.75
9ed5a76f-1d6e-5759-8ffc-9c1344b26bfc__TO__0817e595-17c0-5e20-94bc-6778006bf613,2020,ANDRETTI,88,Colton Herta,WINDOW_MEDIAN,15,FUTURE,RETROSPECTIVE,True,False,False,False,0.215,0.3281918529354654,-0.1131918529354653,,,,,,,,,,,,,,,,,,,,,,,,,,,,,,,,,,,,,,,,False,0.0,1.616775725,101.75
9ed5a76f-1d6e-5759-8ffc-9c1344b26bfc__TO__0817e595-17c0-5e20-94bc-6778006bf613,2020,ANDRETTI,88,Colton Herta,WINDOW_MEDIAN,20,ANY,RETROSPECTIVE,True,True,False,False,0.215,0.3281918529354654,-0.1131918529354653,231.351,1.0,1.0,98,f50bf607-2eaa-51a1-a6d0-2049fcaf3dcd,10.0,10.0,-10.0,50.0,29.10209745,False,False,False,False,False,,,,,,,,,,,,,,,,,,,,,,,,,False,0.0,1.616775725,101.75
9ed5a76f-1d6e-5759-8ffc-9c1344b26bfc__TO__0817e595-17c0-5e20-94bc-6778006bf613,2020,ANDRETTI,88,Colton Herta,WINDOW_MEDIAN,20,PRIOR,PIT_COMPATIBLE,True,True,False,False,0.215,0.3281918529354654,-0.1131918529354653,231.351,1.0,1.0,98,f50bf607-2eaa-51a1-a6d0-2049fcaf3dcd,10.0,10.0,-10.0,50.0,29.10209745,False,False,False,False,False,,,,,,,,,,,,,,,,,,,,,,,,,False,0.0,1.616775725,101.75
9ed5a76f-1d6e-5759-8ffc-9c1344b26bfc__TO__0817e595-17c0-5e20-94bc-6778006bf613,2020,ANDRETTI,88,Colton Herta,WINDOW_MEDIAN,20,FUTURE,RETROSPECTIVE,True,False,False,False,0.215,0.3281918529354654,-0.1131918529354653,,,,,,,,,,,,,,,,,,,,,,,,,,,,,,,,,,,,,,,,False,0.0,1.616775725,101.75
9ed5a76f-1d6e-5759-8ffc-9c1344b26bfc__TO__0817e595-17c0-5e20-94bc-6778006bf613,2020,ANDRETTI,88,Colton Herta,WINDOW_MEDIAN,30,ANY,RETROSPECTIVE,True,True,False,False,0.215,0.3281918529354654,-0.1131918529354653,231.351,1.0,1.0,98,f50bf607-2eaa-51a1-a6d0-2049fcaf3dcd,10.0,10.0,-10.0,50.0,29.10209745,False,False,False,False,False,,,,,,,,,,,,,,,,,,,,,,,,,False,0.0,1.616775725,101.75
9ed5a76f-1d6e-5759-8ffc-9c1344b26bfc__TO__0817e595-17c0-5e20-94bc-6778006bf613,2020,ANDRETTI,88,Colton Herta,WINDOW_MEDIAN,30,PRIOR,PIT_COMPATIBLE,True,True,False,False,0.215,0.3281918529354654,-0.1131918529354653,231.351,1.0,1.0,98,f50bf607-2eaa-51a1-a6d0-2049fcaf3dcd,10.0,10.0,-10.0,50.0,29.10209745,False,False,False,False,False,,,,,,,,,,,,,,,,,,,,,,,,,False,0.0,1.616775725,101.75
9ed5a76f-1d6e-5759-8ffc-9c1344b26bfc__TO__0817e595-17c0-5e20-94bc-6778006bf613,2020,ANDRETTI,88,Colton Herta,WINDOW_MEDIAN,30,FUTURE,RETROSPECTIVE,True,False,False,False,0.215,0.3281918529354654,-0.1131918529354653,,,,,,,,,,,,,,,,,,,,,,,,,,,,,,,,,,,,,,,,False,0.0,1.616775725,101.75
9ed5a76f-1d6e-5759-8ffc-9c1344b26bfc__TO__0817e595-17c0-5e20-94bc-6778006bf613,2020,ANDRETTI,88,Colton Herta,WINDOW_MEDIAN,45,ANY,RETROSPECTIVE,True,True,False,False,0.215,0.3281918529354654,-0.1131918529354653,231.351,1.0,1.0,98,f50bf607-2eaa-51a1-a6d0-2049fcaf3dcd,10.0,10.0,-10.0,50.0,29.10209745,False,False,False,False,False,,,,,,,,,,,,,,,,,,,,,,,,,False,0.0,1.616775725,101.75
9ed5a76f-1d6e-5759-8ffc-9c1344b26bfc__TO__0817e595-17c0-5e20-94bc-6778006bf613,2020,ANDRETTI,88,Colton Herta,WINDOW_MEDIAN,45,PRIOR,PIT_COMPATIBLE,True,True,False,False,0.215,0.3281918529354654,-0.1131918529354653,231.351,1.0,1.0,98,f50bf607-2eaa-51a1-a6d0-2049fcaf3dcd,10.0,10.0,-10.0,50.0,29.10209745,False,False,False,False,False,,,,,,,,,,,,,,,,,,,,,,,,,False,0.0,1.616775725,101.75
9ed5a76f-1d6e-5759-8ffc-9c1344b26bfc__TO__0817e595-17c0-5e20-94bc-6778006bf613,2020,ANDRETTI,88,Colton Herta,WINDOW_MEDIAN,45,FUTURE,RETROSPECTIVE,True,False,False,False,0.215,0.3281918529354654,-0.1131918529354653,,,,,,,,,,,,,,,,,,,,,,,,,,,,,,,,,,,,,,,,False,0.0,1.616775725,101.75
9ed5a76f-1d6e-5759-8ffc-9c1344b26bfc__TO__0817e595-17c0-5e20-94bc-6778006bf613,2020,ANDRETTI,88,Colton Herta,WINDOW_MEDIAN,60,ANY,RETROSPECTIVE,True,True,False,False,0.215,0.3281918529354654,-0.1131918529354653,231.273,2.0,2.0,29|98,917d4c7e-5c5e-5976-aa32-50a7bc958440|f50bf607-2eaa-51a1-a6d0-2049fcaf3dcd,10.0,51.666666666666664,-30.833333333333332,48.888888890000004,28.62125812,False,False,False,False,False,,,,,,,,,,,,,,,,,,,,,,,,,False,0.0,1.616775725,101.75
9ed5a76f-1d6e-5759-8ffc-9c1344b26bfc__TO__0817e595-17c0-5e20-94bc-6778006bf613,2020,ANDRETTI,88,Colton Herta,WINDOW_MEDIAN,60,PRIOR,PIT_COMPATIBLE,True,True,False,False,0.215,0.3281918529354654,-0.1131918529354653,231.273,2.0,2.0,29|98,917d4c7e-5c5e-5976-aa32-50a7bc958440|f50bf607-2eaa-51a1-a6d0-2049fcaf3dcd,10.0,51.666666666666664,-30.833333333333332,48.888888890000004,28.62125812,False,False,False,False,False,,,,,,,,,,,,,,,,,,,,,,,,,False,0.0,1.616775725,101.75
9ed5a76f-1d6e-5759-8ffc-9c1344b26bfc__TO__0817e595-17c0-5e20-94bc-6778006bf613,2020,ANDRETTI,88,Colton Herta,WINDOW_MEDIAN,60,FUTURE,RETROSPECTIVE,True,False,False,False,0.215,0.3281918529354654,-0.1131918529354653,,,,,,,,,,,,,,,,,,,,,,,,,,,,,,,,,,,,,,,,False,0.0,1.616775725,101.75
25f997a4-1a33-565b-b2b0-1c30d3a0f19c__TO__33a57398-b346-53e3-b5e5-369a3ca71efc,2020,CHIP_GANASSI_RACING,9,Scott Dixon,WINDOW_MEDIAN,5,ANY,RETROSPECTIVE,True,False,False,False,-0.041,0.4047295434003767,-0.4457295434003767,,,,,,,,,,,,,,,,,,,,,,,,,,,,,,,,,,,,,,,,False,10.55555556,3.808984756,155.0
25f997a4-1a33-565b-b2b0-1c30d3a0f19c__TO__33a57398-b346-53e3-b5e5-369a3ca71efc,2020,CHIP_GANASSI_RACING,9,Scott Dixon,WINDOW_MEDIAN,5,PRIOR,PIT_COMPATIBLE,True,False,False,False,-0.041,0.4047295434003767,-0.4457295434003767,,,,,,,,,,,,,,,,,,,,,,,,,,,,,,,,,,,,,,,,False,10.55555556,3.808984756,155.0
25f997a4-1a33-565b-b2b0-1c30d3a0f19c__TO__33a57398-b346-53e3-b5e5-369a3ca71efc,2020,CHIP_GANASSI_RACING,9,Scott Dixon,WINDOW_MEDIAN,5,FUTURE,RETROSPECTIVE,True,False,False,False,-0.041,0.4047295434003767,-0.4457295434003767,,,,,,,,,,,,,,,,,,,,,,,,,,,,,,,,,,,,,,,,False,10.55555556,3.808984756,155.0
25f997a4-1a33-565b-b2b0-1c30d3a0f19c__TO__33a57398-b346-53e3-b5e5-369a3ca71efc,2020,CHIP_GANASSI_RACING,9,Scott Dixon,WINDOW_MEDIAN,10,ANY,RETROSPECTIVE,True,False,False,False,-0.041,0.4047295434003767,-0.4457295434003767,,,,,,,,,,,,,,,,,,,,,,,,,,,,,,,,,,,,,,,,False,10.55555556,3.808984756,155.0
25f997a4-1a33-565b-b2b0-1c30d3a0f19c__TO__33a57398-b346-53e3-b5e5-369a3ca71efc,2020,CHIP_GANASSI_RACING,9,Scott Dixon,WINDOW_MEDIAN,10,PRIOR,PIT_COMPATIBLE,True,False,False,False,-0.041,0.4047295434003767,-0.4457295434003767,,,,,,,,,,,,,,,,,,,,,,,,,,,,,,,,,,,,,,,,False,10.55555556,3.808984756,155.0
25f997a4-1a33-565b-b2b0-1c30d3a0f19c__TO__33a57398-b346-53e3-b5e5-369a3ca71efc,2020,CHIP_GANASSI_RACING,9,Scott Dixon,WINDOW_MEDIAN,10,FUTURE,RETROSPECTIVE,True,False,False,False,-0.041,0.4047295434003767,-0.4457295434003767,,,,,,,,,,,,,,,,,,,,,,,,,,,,,,,,,,,,,,,,False,10.55555556,3.808984756,155.0
25f997a4-1a33-565b-b2b0-1c30d3a0f19c__TO__33a57398-b346-53e3-b5e5-369a3ca71efc,2020,CHIP_GANASSI_RACING,9,Scott Dixon,WINDOW_MEDIAN,15,ANY,RETROSPECTIVE,True,False,False,False,-0.041,0.4047295434003767,-0.4457295434003767,,,,,,,,,,,,,,,,,,,,,,,,,,,,,,,,,,,,,,,,False,10.55555556,3.808984756,155.0
25f997a4-1a33-565b-b2b0-1c30d3a0f19c__TO__33a57398-b346-53e3-b5e5-369a3ca71efc,2020,CHIP_GANASSI_RACING,9,Scott Dixon,WINDOW_MEDIAN,15,PRIOR,PIT_COMPATIBLE,True,False,False,False,-0.041,0.4047295434003767,-0.4457295434003767,,,,,,,,,,,,,,,,,,,,,,,,,,,,,,,,,,,,,,,,False,10.55555556,3.808984756,155.0
25f997a4-1a33-565b-b2b0-1c30d3a0f19c__TO__33a57398-b346-53e3-b5e5-369a3ca71efc,2020,CHIP_GANASSI_RACING,9,Scott Dixon,WINDOW_MEDIAN,15,FUTURE,RETROSPECTIVE,True,False,False,False,-0.041,0.4047295434003767,-0.4457295434003767,,,,,,,,,,,,,,,,,,,,,,,,,,,,,,,,,,,,,,,,False,10.55555556,3.808984756,155.0
25f997a4-1a33-565b-b2b0-1c30d3a0f19c__TO__33a57398-b346-53e3-b5e5-369a3ca71efc,2020,CHIP_GANASSI_RACING,9,Scott Dixon,WINDOW_MEDIAN,20,ANY,RETROSPECTIVE,True,False,True,False,-0.041,0.4047295434003767,-0.4457295434003767,,,,,,,,,,,,,,,,230.566,1.0,1.0,8,25ddda12-052a-5d71-ac52-6e96cf8edab9,15.833333333333334,15.833333333333334,15.833333333333334,51.11111111,30.14985428,False,False,False,False,False,,,,,,,,,,False,10.55555556,3.808984756,155.0
25f997a4-1a33-565b-b2b0-1c30d3a0f19c__TO__33a57398-b346-53e3-b5e5-369a3ca71efc,2020,CHIP_GANASSI_RACING,9,Scott Dixon,WINDOW_MEDIAN,20,PRIOR,PIT_COMPATIBLE,True,False,False,False,-0.041,0.4047295434003767,-0.4457295434003767,,,,,,,,,,,,,,,,,,,,,,,,,,,,,,,,,,,,,,,,False,10.55555556,3.808984756,155.0
25f997a4-1a33-565b-b2b0-1c30d3a0f19c__TO__33a57398-b346-53e3-b5e5-369a3ca71efc,2020,CHIP_GANASSI_RACING,9,Scott Dixon,WINDOW_MEDIAN,20,FUTURE,RETROSPECTIVE,True,False,True,False,-0.041,0.4047295434003767,-0.4457295434003767,,,,,,,,,,,,,,,,230.566,1.0,1.0,8,25ddda12-052a-5d71-ac52-6e96cf8edab9,15.833333333333334,15.833333333333334,15.833333333333334,51.11111111,30.14985428,False,False,False,False,False,,,,,,,,,,False,10.55555556,3.808984756,155.0
25f997a4-1a33-565b-b2b0-1c30d3a0f19c__TO__33a57398-b346-53e3-b5e5-369a3ca71efc,2020,CHIP_GANASSI_RACING,9,Scott Dixon,WINDOW_MEDIAN,30,ANY,RETROSPECTIVE,True,False,True,False,-0.041,0.4047295434003767,-0.4457295434003767,,,,,,,,,,,,,,,,230.566,1.0,1.0,8,25ddda12-052a-5d71-ac52-6e96cf8edab9,15.833333333333334,15.833333333333334,15.833333333333334,51.11111111,30.14985428,False,False,False,False,False,,,,,,,,,,False,10.55555556,3.808984756,155.0
25f997a4-1a33-565b-b2b0-1c30d3a0f19c__TO__33a57398-b346-53e3-b5e5-369a3ca71efc,2020,CHIP_GANASSI_RACING,9,Scott Dixon,WINDOW_MEDIAN,30,PRIOR,PIT_COMPATIBLE,True,False,False,False,-0.041,0.4047295434003767,-0.4457295434003767,,,,,,,,,,,,,,,,,,,,,,,,,,,,,,,,,,,,,,,,False,10.55555556,3.808984756,155.0
25f997a4-1a33-565b-b2b0-1c30d3a0f19c__TO__33a57398-b346-53e3-b5e5-369a3ca71efc,2020,CHIP_GANASSI_RACING,9,Scott Dixon,WINDOW_MEDIAN,30,FUTURE,RETROSPECTIVE,True,False,True,False,-0.041,0.4047295434003767,-0.4457295434003767,,,,,,,,,,,,,,,,230.566,1.0,1.0,8,25ddda12-052a-5d71-ac52-6e96cf8edab9,15.833333333333334,15.833333333333334,15.833333333333334,51.11111111,30.14985428,False,False,False,False,False,,,,,,,,,,False,10.55555556,3.808984756,155.0
25f997a4-1a33-565b-b2b0-1c30d3a0f19c__TO__33a57398-b346-53e3-b5e5-369a3ca71efc,2020,CHIP_GANASSI_RACING,9,Scott Dixon,WINDOW_MEDIAN,45,ANY,RETROSPECTIVE,True,False,True,False,-0.041,0.4047295434003767,-0.4457295434003767,,,,,,,,,,,,,,,,230.566,1.0,1.0,8,25ddda12-052a-5d71-ac52-6e96cf8edab9,15.833333333333334,15.833333333333334,15.833333333333334,51.11111111,30.14985428,False,False,False,False,False,,,,,,,,,,False,10.55555556,3.808984756,155.0
25f997a4-1a33-565b-b2b0-1c30d3a0f19c__TO__33a57398-b346-53e3-b5e5-369a3ca71efc,2020,CHIP_GANASSI_RACING,9,Scott Dixon,WINDOW_MEDIAN,45,PRIOR,PIT_COMPATIBLE,True,False,False,False,-0.041,0.4047295434003767,-0.4457295434003767,,,,,,,,,,,,,,,,,,,,,,,,,,,,,,,,,,,,,,,,False,10.55555556,3.808984756,155.0
25f997a4-1a33-565b-b2b0-1c30d3a0f19c__TO__33a57398-b346-53e3-b5e5-369a3ca71efc,2020,CHIP_GANASSI_RACING,9,Scott Dixon,WINDOW_MEDIAN,45,FUTURE,RETROSPECTIVE,True,False,True,False,-0.041,0.4047295434003767,-0.4457295434003767,,,,,,,,,,,,,,,,230.566,1.0,1.0,8,25ddda12-052a-5d71-ac52-6e96cf8edab9,15.833333333333334,15.833333333333334,15.833333333333334,51.11111111,30.14985428,False,False,False,False,False,,,,,,,,,,False,10.55555556,3.808984756,155.0
25f997a4-1a33-565b-b2b0-1c30d3a0f19c__TO__33a57398-b346-53e3-b5e5-369a3ca71efc,2020,CHIP_GANASSI_RACING,9,Scott Dixon,WINDOW_MEDIAN,60,ANY,RETROSPECTIVE,True,True,True,True,-0.041,0.4047295434003767,-0.4457295434003767,230.363,2.0,2.0,8|10,6041dd38-4b6d-5e38-81fd-8006cbe0bafd|518373d9-25de-58cf-8315-f6c215b6f672,47.5,56.666666666666664,52.08333333333333,45.0,27.577813550000002,False,False,False,False,False,230.566,1.0,1.0,8,25ddda12-052a-5d71-ac52-6e96cf8edab9,15.833333333333334,15.833333333333334,15.833333333333334,51.11111111,30.14985428,False,False,False,False,False,0.20300000000000296,-0.24400000000000296,False,False,0.0,False,6.111111110000003,2.5720407299999977,,False,10.55555556,3.808984756,155.0
25f997a4-1a33-565b-b2b0-1c30d3a0f19c__TO__33a57398-b346-53e3-b5e5-369a3ca71efc,2020,CHIP_GANASSI_RACING,9,Scott Dixon,WINDOW_MEDIAN,60,PRIOR,PIT_COMPATIBLE,True,False,False,False,-0.041,0.4047295434003767,-0.4457295434003767,,,,,,,,,,,,,,,,,,,,,,,,,,,,,,,,,,,,,,,,False,10.55555556,3.808984756,155.0
25f997a4-1a33-565b-b2b0-1c30d3a0f19c__TO__33a57398-b346-53e3-b5e5-369a3ca71efc,2020,CHIP_GANASSI_RACING,9,Scott Dixon,WINDOW_MEDIAN,60,FUTURE,RETROSPECTIVE,True,True,True,True,-0.041,0.4047295434003767,-0.4457295434003767,230.363,2.0,2.0,8|10,6041dd38-4b6d-5e38-81fd-8006cbe0bafd|518373d9-25de-58cf-8315-f6c215b6f672,47.5,56.666666666666664,52.08333333333333,45.0,27.577813550000002,False,False,False,False,False,230.566,1.0,1.0,8,25ddda12-052a-5d71-ac52-6e96cf8edab9,15.833333333333334,15.833333333333334,15.833333333333334,51.11111111,30.14985428,False,False,False,False,False,0.20300000000000296,-0.24400000000000296,False,False,0.0,False,6.111111110000003,2.5720407299999977,,False,10.55555556,3.808984756,155.0
33a57398-b346-53e3-b5e5-369a3ca71efc__TO__b4a08fbf-93db-50a2-9416-96b3b9d1b41a,2020,CHIP_GANASSI_RACING,9,Scott Dixon,WINDOW_MEDIAN,5,ANY,RETROSPECTIVE,True,False,False,False,0.102,0.190852280067211,-0.088852280067211,,,,,,,,,,,,,,,,,,,,,,,,,,,,,,,,,,,,,,,,False,1.11111111,1.131267548,74.25
33a57398-b346-53e3-b5e5-369a3ca71efc__TO__b4a08fbf-93db-50a2-9416-96b3b9d1b41a,2020,CHIP_GANASSI_RACING,9,Scott Dixon,WINDOW_MEDIAN,5,PRIOR,PIT_COMPATIBLE,True,False,False,False,0.102,0.190852280067211,-0.088852280067211,,,,,,,,,,,,,,,,,,,,,,,,,,,,,,,,,,,,,,,,False,1.11111111,1.131267548,74.25
33a57398-b346-53e3-b5e5-369a3ca71efc__TO__b4a08fbf-93db-50a2-9416-96b3b9d1b41a,2020,CHIP_GANASSI_RACING,9,Scott Dixon,WINDOW_MEDIAN,5,FUTURE,RETROSPECTIVE,True,False,False,False,0.102,0.190852280067211,-0.088852280067211,,,,,,,,,,,,,,,,,,,,,,,,,,,,,,,,,,,,,,,,False,1.11111111,1.131267548,74.25
33a57398-b346-53e3-b5e5-369a3ca71efc__TO__b4a08fbf-93db-50a2-9416-96b3b9d1b41a,2020,CHIP_GANASSI_RACING,9,Scott Dixon,WINDOW_MEDIAN,10,ANY,RETROSPECTIVE,True,False,False,False,0.102,0.190852280067211,-0.088852280067211,,,,,,,,,,,,,,,,,,,,,,,,,,,,,,,,,,,,,,,,False,1.11111111,1.131267548,74.25
33a57398-b346-53e3-b5e5-369a3ca71efc__TO__b4a08fbf-93db-50a2-9416-96b3b9d1b41a,2020,CHIP_GANASSI_RACING,9,Scott Dixon,WINDOW_MEDIAN,10,PRIOR,PIT_COMPATIBLE,True,False,False,False,0.102,0.190852280067211,-0.088852280067211,,,,,,,,,,,,,,,,,,,,,,,,,,,,,,,,,,,,,,,,False,1.11111111,1.131267548,74.25
33a57398-b346-53e3-b5e5-369a3ca71efc__TO__b4a08fbf-93db-50a2-9416-96b3b9d1b41a,2020,CHIP_GANASSI_RACING,9,Scott Dixon,WINDOW_MEDIAN,10,FUTURE,RETROSPECTIVE,True,False,False,False,0.102,0.190852280067211,-0.088852280067211,,,,,,,,,,,,,,,,,,,,,,,,,,,,,,,,,,,,,,,,False,1.11111111,1.131267548,74.25
33a57398-b346-53e3-b5e5-369a3ca71efc__TO__b4a08fbf-93db-50a2-9416-96b3b9d1b41a,2020,CHIP_GANASSI_RACING,9,Scott Dixon,WINDOW_MEDIAN,15,ANY,RETROSPECTIVE,True,False,False,False,0.102,0.190852280067211,-0.088852280067211,,,,,,,,,,,,,,,,,,,,,,,,,,,,,,,,,,,,,,,,False,1.11111111,1.131267548,74.25
33a57398-b346-53e3-b5e5-369a3ca71efc__TO__b4a08fbf-93db-50a2-9416-96b3b9d1b41a,2020,CHIP_GANASSI_RACING,9,Scott Dixon,WINDOW_MEDIAN,15,PRIOR,PIT_COMPATIBLE,True,False,False,False,0.102,0.190852280067211,-0.088852280067211,,,,,,,,,,,,,,,,,,,,,,,,,,,,,,,,,,,,,,,,False,1.11111111,1.131267548,74.25
33a57398-b346-53e3-b5e5-369a3ca71efc__TO__b4a08fbf-93db-50a2-9416-96b3b9d1b41a,2020,CHIP_GANASSI_RACING,9,Scott Dixon,WINDOW_MEDIAN,15,FUTURE,RETROSPECTIVE,True,False,False,False,0.102,0.190852280067211,-0.088852280067211,,,,,,,,,,,,,,,,,,,,,,,,,,,,,,,,,,,,,,,,False,1.11111111,1.131267548,74.25
33a57398-b346-53e3-b5e5-369a3ca71efc__TO__b4a08fbf-93db-50a2-9416-96b3b9d1b41a,2020,CHIP_GANASSI_RACING,9,Scott Dixon,WINDOW_MEDIAN,20,ANY,RETROSPECTIVE,True,True,False,False,0.102,0.190852280067211,-0.088852280067211,230.566,1.0,1.0,8,25ddda12-052a-5d71-ac52-6e96cf8edab9,15.833333333333334,15.833333333333334,15.833333333333334,51.11111111,30.14985428,False,False,False,False,False,,,,,,,,,,,,,,,,,,,,,,,,,False,1.11111111,1.131267548,74.25
33a57398-b346-53e3-b5e5-369a3ca71efc__TO__b4a08fbf-93db-50a2-9416-96b3b9d1b41a,2020,CHIP_GANASSI_RACING,9,Scott Dixon,WINDOW_MEDIAN,20,PRIOR,PIT_COMPATIBLE,True,False,False,False,0.102,0.190852280067211,-0.088852280067211,,,,,,,,,,,,,,,,,,,,,,,,,,,,,,,,,,,,,,,,False,1.11111111,1.131267548,74.25
33a57398-b346-53e3-b5e5-369a3ca71efc__TO__b4a08fbf-93db-50a2-9416-96b3b9d1b41a,2020,CHIP_GANASSI_RACING,9,Scott Dixon,WINDOW_MEDIAN,20,FUTURE,RETROSPECTIVE,True,True,False,False,0.102,0.190852280067211,-0.088852280067211,230.566,1.0,1.0,8,25ddda12-052a-5d71-ac52-6e96cf8edab9,15.833333333333334,15.833333333333334,15.833333333333334,51.11111111,30.14985428,False,False,False,False,False,,,,,,,,,,,,,,,,,,,,,,,,,False,1.11111111,1.131267548,74.25
33a57398-b346-53e3-b5e5-369a3ca71efc__TO__b4a08fbf-93db-50a2-9416-96b3b9d1b41a,2020,CHIP_GANASSI_RACING,9,Scott Dixon,WINDOW_MEDIAN,30,ANY,RETROSPECTIVE,True,True,False,False,0.102,0.190852280067211,-0.088852280067211,230.566,1.0,1.0,8,25ddda12-052a-5d71-ac52-6e96cf8edab9,15.833333333333334,15.833333333333334,15.833333333333334,51.11111111,30.14985428,False,False,False,False,False,,,,,,,,,,,,,,,,,,,,,,,,,False,1.11111111,1.131267548,74.25
33a57398-b346-53e3-b5e5-369a3ca71efc__TO__b4a08fbf-93db-50a2-9416-96b3b9d1b41a,2020,CHIP_GANASSI_RACING,9,Scott Dixon,WINDOW_MEDIAN,30,PRIOR,PIT_COMPATIBLE,True,False,False,False,0.102,0.190852280067211,-0.088852280067211,,,,,,,,,,,,,,,,,,,,,,,,,,,,,,,,,,,,,,,,False,1.11111111,1.131267548,74.25
33a57398-b346-53e3-b5e5-369a3ca71efc__TO__b4a08fbf-93db-50a2-9416-96b3b9d1b41a,2020,CHIP_GANASSI_RACING,9,Scott Dixon,WINDOW_MEDIAN,30,FUTURE,RETROSPECTIVE,True,True,False,False,0.102,0.190852280067211,-0.088852280067211,230.566,1.0,1.0,8,25ddda12-052a-5d71-ac52-6e96cf8edab9,15.833333333333334,15.833333333333334,15.833333333333334,51.11111111,30.14985428,False,False,False,False,False,,,,,,,,,,,,,,,,,,,,,,,,,False,1.11111111,1.131267548,74.25
33a57398-b346-53e3-b5e5-369a3ca71efc__TO__b4a08fbf-93db-50a2-9416-96b3b9d1b41a,2020,CHIP_GANASSI_RACING,9,Scott Dixon,WINDOW_MEDIAN,45,ANY,RETROSPECTIVE,True,True,False,False,0.102,0.190852280067211,-0.088852280067211,230.566,1.0,1.0,8,25ddda12-052a-5d71-ac52-6e96cf8edab9,15.833333333333334,15.833333333333334,15.833333333333334,51.11111111,30.14985428,False,False,False,False,False,,,,,,,,,,,,,,,,,,,,,,,,,False,1.11111111,1.131267548,74.25
33a57398-b346-53e3-b5e5-369a3ca71efc__TO__b4a08fbf-93db-50a2-9416-96b3b9d1b41a,2020,CHIP_GANASSI_RACING,9,Scott Dixon,WINDOW_MEDIAN,45,PRIOR,PIT_COMPATIBLE,True,False,False,False,0.102,0.190852280067211,-0.088852280067211,,,,,,,,,,,,,,,,,,,,,,,,,,,,,,,,,,,,,,,,False,1.11111111,1.131267548,74.25
33a57398-b346-53e3-b5e5-369a3ca71efc__TO__b4a08fbf-93db-50a2-9416-96b3b9d1b41a,2020,CHIP_GANASSI_RACING,9,Scott Dixon,WINDOW_MEDIAN,45,FUTURE,RETROSPECTIVE,True,True,False,False,0.102,0.190852280067211,-0.088852280067211,230.566,1.0,1.0,8,25ddda12-052a-5d71-ac52-6e96cf8edab9,15.833333333333334,15.833333333333334,15.833333333333334,51.11111111,30.14985428,False,False,False,False,False,,,,,,,,,,,,,,,,,,,,,,,,,False,1.11111111,1.131267548,74.25
33a57398-b346-53e3-b5e5-369a3ca71efc__TO__b4a08fbf-93db-50a2-9416-96b3b9d1b41a,2020,CHIP_GANASSI_RACING,9,Scott Dixon,WINDOW_MEDIAN,60,ANY,RETROSPECTIVE,True,True,True,True,0.102,0.190852280067211,-0.088852280067211,230.566,1.0,1.0,8,25ddda12-052a-5d71-ac52-6e96cf8edab9,15.833333333333334,15.833333333333334,15.833333333333334,51.11111111,30.14985428,False,False,False,False,False,230.566,1.0,1.0,8,25ddda12-052a-5d71-ac52-6e96cf8edab9,58.416666666666664,58.416666666666664,-58.416666666666664,51.11111111,30.14985428,False,False,False,False,True,0.0,0.102,,True,1.0,True,0.0,0.0,,False,1.11111111,1.131267548,74.25
33a57398-b346-53e3-b5e5-369a3ca71efc__TO__b4a08fbf-93db-50a2-9416-96b3b9d1b41a,2020,CHIP_GANASSI_RACING,9,Scott Dixon,WINDOW_MEDIAN,60,PRIOR,PIT_COMPATIBLE,True,False,True,False,0.102,0.190852280067211,-0.088852280067211,,,,,,,,,,,,,,,,230.566,1.0,1.0,8,25ddda12-052a-5d71-ac52-6e96cf8edab9,58.416666666666664,58.416666666666664,-58.416666666666664,51.11111111,30.14985428,False,False,False,False,True,,,,,,,,,,False,1.11111111,1.131267548,74.25
33a57398-b346-53e3-b5e5-369a3ca71efc__TO__b4a08fbf-93db-50a2-9416-96b3b9d1b41a,2020,CHIP_GANASSI_RACING,9,Scott Dixon,WINDOW_MEDIAN,60,FUTURE,RETROSPECTIVE,True,True,False,False,0.102,0.190852280067211,-0.088852280067211,230.566,1.0,1.0,8,25ddda12-052a-5d71-ac52-6e96cf8edab9,15.833333333333334,15.833333333333334,15.833333333333334,51.11111111,30.14985428,False,False,False,False,False,,,,,,,,,,,,,,,,,,,,,,,,,False,1.11111111,1.131267548,74.25
6992580a-0371-5eda-b01d-2adaca099ff4__TO__5aa71106-e201-5143-bb9a-21ccf4063a9e,2021,TEAM_PENSKE,12,Will Power,WINDOW_MEDIAN,5,ANY,RETROSPECTIVE,True,False,False,False,0.176,0.0530843701501424,0.1229156298498575,,,,,,,,,,,,,,,,,,,,,,,,,,,,,,,,,,,,,,,,False,7.22222223,1.723967285,252.3
6992580a-0371-5eda-b01d-2adaca099ff4__TO__5aa71106-e201-5143-bb9a-21ccf4063a9e,2021,TEAM_PENSKE,12,Will Power,WINDOW_MEDIAN,5,PRIOR,PIT_COMPATIBLE,True,False,False,False,0.176,0.0530843701501424,0.1229156298498575,,,,,,,,,,,,,,,,,,,,,,,,,,,,,,,,,,,,,,,,False,7.22222223,1.723967285,252.3
6992580a-0371-5eda-b01d-2adaca099ff4__TO__5aa71106-e201-5143-bb9a-21ccf4063a9e,2021,TEAM_PENSKE,12,Will Power,WINDOW_MEDIAN,5,FUTURE,RETROSPECTIVE,True,False,False,False,0.176,0.0530843701501424,0.1229156298498575,,,,,,,,,,,,,,,,,,,,,,,,,,,,,,,,,,,,,,,,False,7.22222223,1.723967285,252.3
6992580a-0371-5eda-b01d-2adaca099ff4__TO__5aa71106-e201-5143-bb9a-21ccf4063a9e,2021,TEAM_PENSKE,12,Will Power,WINDOW_MEDIAN,10,ANY,RETROSPECTIVE,True,False,False,False,0.176,0.0530843701501424,0.1229156298498575,,,,,,,,,,,,,,,,,,,,,,,,,,,,,,,,,,,,,,,,False,7.22222223,1.723967285,252.3
6992580a-0371-5eda-b01d-2adaca099ff4__TO__5aa71106-e201-5143-bb9a-21ccf4063a9e,2021,TEAM_PENSKE,12,Will Power,WINDOW_MEDIAN,10,PRIOR,PIT_COMPATIBLE,True,False,False,False,0.176,0.0530843701501424,0.1229156298498575,,,,,,,,,,,,,,,,,,,,,,,,,,,,,,,,,,,,,,,,False,7.22222223,1.723967285,252.3
6992580a-0371-5eda-b01d-2adaca099ff4__TO__5aa71106-e201-5143-bb9a-21ccf4063a9e,2021,TEAM_PENSKE,12,Will Power,WINDOW_MEDIAN,10,FUTURE,RETROSPECTIVE,True,False,False,False,0.176,0.0530843701501424,0.1229156298498575,,,,,,,,,,,,,,,,,,,,,,,,,,,,,,,,,,,,,,,,False,7.22222223,1.723967285,252.3
6992580a-0371-5eda-b01d-2adaca099ff4__TO__5aa71106-e201-5143-bb9a-21ccf4063a9e,2021,TEAM_PENSKE,12,Will Power,WINDOW_MEDIAN,15,ANY,RETROSPECTIVE,True,False,False,False,0.176,0.0530843701501424,0.1229156298498575,,,,,,,,,,,,,,,,,,,,,,,,,,,,,,,,,,,,,,,,False,7.22222223,1.723967285,252.3
6992580a-0371-5eda-b01d-2adaca099ff4__TO__5aa71106-e201-5143-bb9a-21ccf4063a9e,2021,TEAM_PENSKE,12,Will Power,WINDOW_MEDIAN,15,PRIOR,PIT_COMPATIBLE,True,False,False,False,0.176,0.0530843701501424,0.1229156298498575,,,,,,,,,,,,,,,,,,,,,,,,,,,,,,,,,,,,,,,,False,7.22222223,1.723967285,252.3
6992580a-0371-5eda-b01d-2adaca099ff4__TO__5aa71106-e201-5143-bb9a-21ccf4063a9e,2021,TEAM_PENSKE,12,Will Power,WINDOW_MEDIAN,15,FUTURE,RETROSPECTIVE,True,False,False,False,0.176,0.0530843701501424,0.1229156298498575,,,,,,,,,,,,,,,,,,,,,,,,,,,,,,,,,,,,,,,,False,7.22222223,1.723967285,252.3
6992580a-0371-5eda-b01d-2adaca099ff4__TO__5aa71106-e201-5143-bb9a-21ccf4063a9e,2021,TEAM_PENSKE,12,Will Power,WINDOW_MEDIAN,20,ANY,RETROSPECTIVE,True,False,False,False,0.176,0.0530843701501424,0.1229156298498575,,,,,,,,,,,,,,,,,,,,,,,,,,,,,,,,,,,,,,,,False,7.22222223,1.723967285,252.3
6992580a-0371-5eda-b01d-2adaca099ff4__TO__5aa71106-e201-5143-bb9a-21ccf4063a9e,2021,TEAM_PENSKE,12,Will Power,WINDOW_MEDIAN,20,PRIOR,PIT_COMPATIBLE,True,False,False,False,0.176,0.0530843701501424,0.1229156298498575,,,,,,,,,,,,,,,,,,,,,,,,,,,,,,,,,,,,,,,,False,7.22222223,1.723967285,252.3
6992580a-0371-5eda-b01d-2adaca099ff4__TO__5aa71106-e201-5143-bb9a-21ccf4063a9e,2021,TEAM_PENSKE,12,Will Power,WINDOW_MEDIAN,20,FUTURE,RETROSPECTIVE,True,False,False,False,0.176,0.0530843701501424,0.1229156298498575,,,,,,,,,,,,,,,,,,,,,,,,,,,,,,,,,,,,,,,,False,7.22222223,1.723967285,252.3
6992580a-0371-5eda-b01d-2adaca099ff4__TO__5aa71106-e201-5143-bb9a-21ccf4063a9e,2021,TEAM_PENSKE,12,Will Power,WINDOW_MEDIAN,30,ANY,RETROSPECTIVE,True,False,False,False,0.176,0.0530843701501424,0.1229156298498575,,,,,,,,,,,,,,,,,,,,,,,,,,,,,,,,,,,,,,,,False,7.22222223,1.723967285,252.3
6992580a-0371-5eda-b01d-2adaca099ff4__TO__5aa71106-e201-5143-bb9a-21ccf4063a9e,2021,TEAM_PENSKE,12,Will Power,WINDOW_MEDIAN,30,PRIOR,PIT_COMPATIBLE,True,False,False,False,0.176,0.0530843701501424,0.1229156298498575,,,,,,,,,,,,,,,,,,,,,,,,,,,,,,,,,,,,,,,,False,7.22222223,1.723967285,252.3
6992580a-0371-5eda-b01d-2adaca099ff4__TO__5aa71106-e201-5143-bb9a-21ccf4063a9e,2021,TEAM_PENSKE,12,Will Power,WINDOW_MEDIAN,30,FUTURE,RETROSPECTIVE,True,False,False,False,0.176,0.0530843701501424,0.1229156298498575,,,,,,,,,,,,,,,,,,,,,,,,,,,,,,,,,,,,,,,,False,7.22222223,1.723967285,252.3
6992580a-0371-5eda-b01d-2adaca099ff4__TO__5aa71106-e201-5143-bb9a-21ccf4063a9e,2021,TEAM_PENSKE,12,Will Power,WINDOW_MEDIAN,45,ANY,RETROSPECTIVE,True,True,False,False,0.176,0.0530843701501424,0.1229156298498575,230.303,2.0,2.0,2|3,c4c9ba22-d28c-5937-b36c-72fffbbb67b5|20b68ba3-153d-53cd-9ef8-e81c295271bf,33.333333333333336,42.5,-37.91666666666667,35.555555555,26.11515431,False,False,False,False,False,,,,,,,,,,,,,,,,,,,,,,,,,False,7.22222223,1.723967285,252.3
6992580a-0371-5eda-b01d-2adaca099ff4__TO__5aa71106-e201-5143-bb9a-21ccf4063a9e,2021,TEAM_PENSKE,12,Will Power,WINDOW_MEDIAN,45,PRIOR,PIT_COMPATIBLE,True,True,False,False,0.176,0.0530843701501424,0.1229156298498575,230.303,2.0,2.0,2|3,c4c9ba22-d28c-5937-b36c-72fffbbb67b5|20b68ba3-153d-53cd-9ef8-e81c295271bf,33.333333333333336,42.5,-37.91666666666667,35.555555555,26.11515431,False,False,False,False,False,,,,,,,,,,,,,,,,,,,,,,,,,False,7.22222223,1.723967285,252.3
6992580a-0371-5eda-b01d-2adaca099ff4__TO__5aa71106-e201-5143-bb9a-21ccf4063a9e,2021,TEAM_PENSKE,12,Will Power,WINDOW_MEDIAN,45,FUTURE,RETROSPECTIVE,True,False,False,False,0.176,0.0530843701501424,0.1229156298498575,,,,,,,,,,,,,,,,,,,,,,,,,,,,,,,,,,,,,,,,False,7.22222223,1.723967285,252.3
6992580a-0371-5eda-b01d-2adaca099ff4__TO__5aa71106-e201-5143-bb9a-21ccf4063a9e,2021,TEAM_PENSKE,12,Will Power,WINDOW_MEDIAN,60,ANY,RETROSPECTIVE,True,True,False,False,0.176,0.0530843701501424,0.1229156298498575,230.049,3.0,3.0,2|3|22,c4c9ba22-d28c-5937-b36c-72fffbbb67b5|5f22f207-f450-5086-ab38-14fe980d9fed|20b68ba3-153d-53cd-9ef8-e81c295271bf,33.333333333333336,45.833333333333336,-10.0,36.29629629666667,26.71628610333333,False,False,False,False,False,,,,,,,,,,,,,,,,,,,,,,,,,False,7.22222223,1.723967285,252.3
6992580a-0371-5eda-b01d-2adaca099ff4__TO__5aa71106-e201-5143-bb9a-21ccf4063a9e,2021,TEAM_PENSKE,12,Will Power,WINDOW_MEDIAN,60,PRIOR,PIT_COMPATIBLE,True,True,False,False,0.176,0.0530843701501424,0.1229156298498575,230.303,2.0,2.0,2|3,c4c9ba22-d28c-5937-b36c-72fffbbb67b5|20b68ba3-153d-53cd-9ef8-e81c295271bf,33.333333333333336,42.5,-37.91666666666667,35.555555555,26.11515431,False,False,False,False,False,,,,,,,,,,,,,,,,,,,,,,,,,False,7.22222223,1.723967285,252.3
6992580a-0371-5eda-b01d-2adaca099ff4__TO__5aa71106-e201-5143-bb9a-21ccf4063a9e,2021,TEAM_PENSKE,12,Will Power,WINDOW_MEDIAN,60,FUTURE,RETROSPECTIVE,True,True,False,False,0.176,0.0530843701501424,0.1229156298498575,229.778,1.0,1.0,22,5f22f207-f450-5086-ab38-14fe980d9fed,45.833333333333336,45.833333333333336,45.833333333333336,37.77777778,27.91854969,False,False,False,False,False,,,,,,,,,,,,,,,,,,,,,,,,,False,7.22222223,1.723967285,252.3
8f660bff-74bd-551e-9007-95b730f87e7d__TO__adc26df0-920d-5dc7-a952-03b3fb57700a,2021,PARETTA_AUTOSPORT,16,Simona De Silvestro,WINDOW_MEDIAN,5,ANY,RETROSPECTIVE,False,False,False,False,0.222,-0.1494183475653465,0.3714183475653465,,,,,,,,,,,,,,,,,,,,,,,,,,,,,,,,,,,,,,,,False,7.77777778,0.6806170993,183.61666666666667
8f660bff-74bd-551e-9007-95b730f87e7d__TO__adc26df0-920d-5dc7-a952-03b3fb57700a,2021,PARETTA_AUTOSPORT,16,Simona De Silvestro,WINDOW_MEDIAN,5,PRIOR,PIT_COMPATIBLE,False,False,False,False,0.222,-0.1494183475653465,0.3714183475653465,,,,,,,,,,,,,,,,,,,,,,,,,,,,,,,,,,,,,,,,False,7.77777778,0.6806170993,183.61666666666667
8f660bff-74bd-551e-9007-95b730f87e7d__TO__adc26df0-920d-5dc7-a952-03b3fb57700a,2021,PARETTA_AUTOSPORT,16,Simona De Silvestro,WINDOW_MEDIAN,5,FUTURE,RETROSPECTIVE,False,False,False,False,0.222,-0.1494183475653465,0.3714183475653465,,,,,,,,,,,,,,,,,,,,,,,,,,,,,,,,,,,,,,,,False,7.77777778,0.6806170993,183.61666666666667
8f660bff-74bd-551e-9007-95b730f87e7d__TO__adc26df0-920d-5dc7-a952-03b3fb57700a,2021,PARETTA_AUTOSPORT,16,Simona De Silvestro,WINDOW_MEDIAN,10,ANY,RETROSPECTIVE,False,False,False,False,0.222,-0.1494183475653465,0.3714183475653465,,,,,,,,,,,,,,,,,,,,,,,,,,,,,,,,,,,,,,,,False,7.77777778,0.6806170993,183.61666666666667
8f660bff-74bd-551e-9007-95b730f87e7d__TO__adc26df0-920d-5dc7-a952-03b3fb57700a,2021,PARETTA_AUTOSPORT,16,Simona De Silvestro,WINDOW_MEDIAN,10,PRIOR,PIT_COMPATIBLE,False,False,False,False,0.222,-0.1494183475653465,0.3714183475653465,,,,,,,,,,,,,,,,,,,,,,,,,,,,,,,,,,,,,,,,False,7.77777778,0.6806170993,183.61666666666667
8f660bff-74bd-551e-9007-95b730f87e7d__TO__adc26df0-920d-5dc7-a952-03b3fb57700a,2021,PARETTA_AUTOSPORT,16,Simona De Silvestro,WINDOW_MEDIAN,10,FUTURE,RETROSPECTIVE,False,False,False,False,0.222,-0.1494183475653465,0.3714183475653465,,,,,,,,,,,,,,,,,,,,,,,,,,,,,,,,,,,,,,,,False,7.77777778,0.6806170993,183.61666666666667
8f660bff-74bd-551e-9007-95b730f87e7d__TO__adc26df0-920d-5dc7-a952-03b3fb57700a,2021,PARETTA_AUTOSPORT,16,Simona De Silvestro,WINDOW_MEDIAN,15,ANY,RETROSPECTIVE,False,False,False,False,0.222,-0.1494183475653465,0.3714183475653465,,,,,,,,,,,,,,,,,,,,,,,,,,,,,,,,,,,,,,,,False,7.77777778,0.6806170993,183.61666666666667
8f660bff-74bd-551e-9007-95b730f87e7d__TO__adc26df0-920d-5dc7-a952-03b3fb57700a,2021,PARETTA_AUTOSPORT,16,Simona De Silvestro,WINDOW_MEDIAN,15,PRIOR,PIT_COMPATIBLE,False,False,False,False,0.222,-0.1494183475653465,0.3714183475653465,,,,,,,,,,,,,,,,,,,,,,,,,,,,,,,,,,,,,,,,False,7.77777778,0.6806170993,183.61666666666667
8f660bff-74bd-551e-9007-95b730f87e7d__TO__adc26df0-920d-5dc7-a952-03b3fb57700a,2021,PARETTA_AUTOSPORT,16,Simona De Silvestro,WINDOW_MEDIAN,15,FUTURE,RETROSPECTIVE,False,False,False,False,0.222,-0.1494183475653465,0.3714183475653465,,,,,,,,,,,,,,,,,,,,,,,,,,,,,,,,,,,,,,,,False,7.77777778,0.6806170993,183.61666666666667
8f660bff-74bd-551e-9007-95b730f87e7d__TO__adc26df0-920d-5dc7-a952-03b3fb57700a,2021,PARETTA_AUTOSPORT,16,Simona De Silvestro,WINDOW_MEDIAN,20,ANY,RETROSPECTIVE,False,False,False,False,0.222,-0.1494183475653465,0.3714183475653465,,,,,,,,,,,,,,,,,,,,,,,,,,,,,,,,,,,,,,,,False,7.77777778,0.6806170993,183.61666666666667
8f660bff-74bd-551e-9007-95b730f87e7d__TO__adc26df0-920d-5dc7-a952-03b3fb57700a,2021,PARETTA_AUTOSPORT,16,Simona De Silvestro,WINDOW_MEDIAN,20,PRIOR,PIT_COMPATIBLE,False,False,False,False,0.222,-0.1494183475653465,0.3714183475653465,,,,,,,,,,,,,,,,,,,,,,,,,,,,,,,,,,,,,,,,False,7.77777778,0.6806170993,183.61666666666667
8f660bff-74bd-551e-9007-95b730f87e7d__TO__adc26df0-920d-5dc7-a952-03b3fb57700a,2021,PARETTA_AUTOSPORT,16,Simona De Silvestro,WINDOW_MEDIAN,20,FUTURE,RETROSPECTIVE,False,False,False,False,0.222,-0.1494183475653465,0.3714183475653465,,,,,,,,,,,,,,,,,,,,,,,,,,,,,,,,,,,,,,,,False,7.77777778,0.6806170993,183.61666666666667
8f660bff-74bd-551e-9007-95b730f87e7d__TO__adc26df0-920d-5dc7-a952-03b3fb57700a,2021,PARETTA_AUTOSPORT,16,Simona De Silvestro,WINDOW_MEDIAN,30,ANY,RETROSPECTIVE,False,False,False,False,0.222,-0.1494183475653465,0.3714183475653465,,,,,,,,,,,,,,,,,,,,,,,,,,,,,,,,,,,,,,,,False,7.77777778,0.6806170993,183.61666666666667
8f660bff-74bd-551e-9007-95b730f87e7d__TO__adc26df0-920d-5dc7-a952-03b3fb57700a,2021,PARETTA_AUTOSPORT,16,Simona De Silvestro,WINDOW_MEDIAN,30,PRIOR,PIT_COMPATIBLE,False,False,False,False,0.222,-0.1494183475653465,0.3714183475653465,,,,,,,,,,,,,,,,,,,,,,,,,,,,,,,,,,,,,,,,False,7.77777778,0.6806170993,183.61666666666667
8f660bff-74bd-551e-9007-95b730f87e7d__TO__adc26df0-920d-5dc7-a952-03b3fb57700a,2021,PARETTA_AUTOSPORT,16,Simona De Silvestro,WINDOW_MEDIAN,30,FUTURE,RETROSPECTIVE,False,False,False,False,0.222,-0.1494183475653465,0.3714183475653465,,,,,,,,,,,,,,,,,,,,,,,,,,,,,,,,,,,,,,,,False,7.77777778,0.6806170993,183.61666666666667
8f660bff-74bd-551e-9007-95b730f87e7d__TO__adc26df0-920d-5dc7-a952-03b3fb57700a,2021,PARETTA_AUTOSPORT,16,Simona De Silvestro,WINDOW_MEDIAN,45,ANY,RETROSPECTIVE,False,False,False,False,0.222,-0.1494183475653465,0.3714183475653465,,,,,,,,,,,,,,,,,,,,,,,,,,,,,,,,,,,,,,,,False,7.77777778,0.6806170993,183.61666666666667
8f660bff-74bd-551e-9007-95b730f87e7d__TO__adc26df0-920d-5dc7-a952-03b3fb57700a,2021,PARETTA_AUTOSPORT,16,Simona De Silvestro,WINDOW_MEDIAN,45,PRIOR,PIT_COMPATIBLE,False,False,False,False,0.222,-0.1494183475653465,0.3714183475653465,,,,,,,,,,,,,,,,,,,,,,,,,,,,,,,,,,,,,,,,False,7.77777778,0.6806170993,183.61666666666667
8f660bff-74bd-551e-9007-95b730f87e7d__TO__adc26df0-920d-5dc7-a952-03b3fb57700a,2021,PARETTA_AUTOSPORT,16,Simona De Silvestro,WINDOW_MEDIAN,45,FUTURE,RETROSPECTIVE,False,False,False,False,0.222,-0.1494183475653465,0.3714183475653465,,,,,,,,,,,,,,,,,,,,,,,,,,,,,,,,,,,,,,,,False,7.77777778,0.6806170993,183.61666666666667
8f660bff-74bd-551e-9007-95b730f87e7d__TO__adc26df0-920d-5dc7-a952-03b3fb57700a,2021,PARETTA_AUTOSPORT,16,Simona De Silvestro,WINDOW_MEDIAN,60,ANY,RETROSPECTIVE,False,False,False,False,0.222,-0.1494183475653465,0.3714183475653465,,,,,,,,,,,,,,,,,,,,,,,,,,,,,,,,,,,,,,,,False,7.77777778,0.6806170993,183.61666666666667
8f660bff-74bd-551e-9007-95b730f87e7d__TO__adc26df0-920d-5dc7-a952-03b3fb57700a,2021,PARETTA_AUTOSPORT,16,Simona De Silvestro,WINDOW_MEDIAN,60,PRIOR,PIT_COMPATIBLE,False,False,False,False,0.222,-0.1494183475653465,0.3714183475653465,,,,,,,,,,,,,,,,,,,,,,,,,,,,,,,,,,,,,,,,False,7.77777778,0.6806170993,183.61666666666667
8f660bff-74bd-551e-9007-95b730f87e7d__TO__adc26df0-920d-5dc7-a952-03b3fb57700a,2021,PARETTA_AUTOSPORT,16,Simona De Silvestro,WINDOW_MEDIAN,60,FUTURE,RETROSPECTIVE,False,False,False,False,0.222,-0.1494183475653465,0.3714183475653465,,,,,,,,,,,,,,,,,,,,,,,,,,,,,,,,,,,,,,,,False,7.77777778,0.6806170993,183.61666666666667
4e9e7c88-ddeb-5840-93be-4f539f6eaf04__TO__4085390f-e83a-5315-8def-464aeb920059,2021,DALE_COYNE_RACING,18,Ed Jones,WINDOW_MEDIAN,5,ANY,RETROSPECTIVE,True,False,False,False,0.798,0.1922637754325784,0.6057362245674216,,,,,,,,,,,,,,,,,,,,,,,,,,,,,,,,,,,,,,,,False,12.77777778,3.609912872,288.01666666666665
4e9e7c88-ddeb-5840-93be-4f539f6eaf04__TO__4085390f-e83a-5315-8def-464aeb920059,2021,DALE_COYNE_RACING,18,Ed Jones,WINDOW_MEDIAN,5,PRIOR,PIT_COMPATIBLE,True,False,False,False,0.798,0.1922637754325784,0.6057362245674216,,,,,,,,,,,,,,,,,,,,,,,,,,,,,,,,,,,,,,,,False,12.77777778,3.609912872,288.01666666666665
4e9e7c88-ddeb-5840-93be-4f539f6eaf04__TO__4085390f-e83a-5315-8def-464aeb920059,2021,DALE_COYNE_RACING,18,Ed Jones,WINDOW_MEDIAN,5,FUTURE,RETROSPECTIVE,True,False,False,False,0.798,0.1922637754325784,0.6057362245674216,,,,,,,,,,,,,,,,,,,,,,,,,,,,,,,,,,,,,,,,False,12.77777778,3.609912872,288.01666666666665
4e9e7c88-ddeb-5840-93be-4f539f6eaf04__TO__4085390f-e83a-5315-8def-464aeb920059,2021,DALE_COYNE_RACING,18,Ed Jones,WINDOW_MEDIAN,10,ANY,RETROSPECTIVE,True,False,False,False,0.798,0.1922637754325784,0.6057362245674216,,,,,,,,,,,,,,,,,,,,,,,,,,,,,,,,,,,,,,,,False,12.77777778,3.609912872,288.01666666666665
4e9e7c88-ddeb-5840-93be-4f539f6eaf04__TO__4085390f-e83a-5315-8def-464aeb920059,2021,DALE_COYNE_RACING,18,Ed Jones,WINDOW_MEDIAN,10,PRIOR,PIT_COMPATIBLE,True,False,False,False,0.798,0.1922637754325784,0.6057362245674216,,,,,,,,,,,,,,,,,,,,,,,,,,,,,,,,,,,,,,,,False,12.77777778,3.609912872,288.01666666666665
4e9e7c88-ddeb-5840-93be-4f539f6eaf04__TO__4085390f-e83a-5315-8def-464aeb920059,2021,DALE_COYNE_RACING,18,Ed Jones,WINDOW_MEDIAN,10,FUTURE,RETROSPECTIVE,True,False,False,False,0.798,0.1922637754325784,0.6057362245674216,,,,,,,,,,,,,,,,,,,,,,,,,,,,,,,,,,,,,,,,False,12.77777778,3.609912872,288.01666666666665
4e9e7c88-ddeb-5840-93be-4f539f6eaf04__TO__4085390f-e83a-5315-8def-464aeb920059,2021,DALE_COYNE_RACING,18,Ed Jones,WINDOW_MEDIAN,15,ANY,RETROSPECTIVE,True,False,False,False,0.798,0.1922637754325784,0.6057362245674216,,,,,,,,,,,,,,,,,,,,,,,,,,,,,,,,,,,,,,,,False,12.77777778,3.609912872,288.01666666666665
4e9e7c88-ddeb-5840-93be-4f539f6eaf04__TO__4085390f-e83a-5315-8def-464aeb920059,2021,DALE_COYNE_RACING,18,Ed Jones,WINDOW_MEDIAN,15,PRIOR,PIT_COMPATIBLE,True,False,False,False,0.798,0.1922637754325784,0.6057362245674216,,,,,,,,,,,,,,,,,,,,,,,,,,,,,,,,,,,,,,,,False,12.77777778,3.609912872,288.01666666666665
4e9e7c88-ddeb-5840-93be-4f539f6eaf04__TO__4085390f-e83a-5315-8def-464aeb920059,2021,DALE_COYNE_RACING,18,Ed Jones,WINDOW_MEDIAN,15,FUTURE,RETROSPECTIVE,True,False,False,False,0.798,0.1922637754325784,0.6057362245674216,,,,,,,,,,,,,,,,,,,,,,,,,,,,,,,,,,,,,,,,False,12.77777778,3.609912872,288.01666666666665
4e9e7c88-ddeb-5840-93be-4f539f6eaf04__TO__4085390f-e83a-5315-8def-464aeb920059,2021,DALE_COYNE_RACING,18,Ed Jones,WINDOW_MEDIAN,20,ANY,RETROSPECTIVE,True,False,False,False,0.798,0.1922637754325784,0.6057362245674216,,,,,,,,,,,,,,,,,,,,,,,,,,,,,,,,,,,,,,,,False,12.77777778,3.609912872,288.01666666666665
4e9e7c88-ddeb-5840-93be-4f539f6eaf04__TO__4085390f-e83a-5315-8def-464aeb920059,2021,DALE_COYNE_RACING,18,Ed Jones,WINDOW_MEDIAN,20,PRIOR,PIT_COMPATIBLE,True,False,False,False,0.798,0.1922637754325784,0.6057362245674216,,,,,,,,,,,,,,,,,,,,,,,,,,,,,,,,,,,,,,,,False,12.77777778,3.609912872,288.01666666666665
4e9e7c88-ddeb-5840-93be-4f539f6eaf04__TO__4085390f-e83a-5315-8def-464aeb920059,2021,DALE_COYNE_RACING,18,Ed Jones,WINDOW_MEDIAN,20,FUTURE,RETROSPECTIVE,True,False,False,False,0.798,0.1922637754325784,0.6057362245674216,,,,,,,,,,,,,,,,,,,,,,,,,,,,,,,,,,,,,,,,False,12.77777778,3.609912872,288.01666666666665
4e9e7c88-ddeb-5840-93be-4f539f6eaf04__TO__4085390f-e83a-5315-8def-464aeb920059,2021,DALE_COYNE_RACING,18,Ed Jones,WINDOW_MEDIAN,30,ANY,RETROSPECTIVE,True,False,False,False,0.798,0.1922637754325784,0.6057362245674216,,,,,,,,,,,,,,,,,,,,,,,,,,,,,,,,,,,,,,,,False,12.77777778,3.609912872,288.01666666666665
4e9e7c88-ddeb-5840-93be-4f539f6eaf04__TO__4085390f-e83a-5315-8def-464aeb920059,2021,DALE_COYNE_RACING,18,Ed Jones,WINDOW_MEDIAN,30,PRIOR,PIT_COMPATIBLE,True,False,False,False,0.798,0.1922637754325784,0.6057362245674216,,,,,,,,,,,,,,,,,,,,,,,,,,,,,,,,,,,,,,,,False,12.77777778,3.609912872,288.01666666666665
4e9e7c88-ddeb-5840-93be-4f539f6eaf04__TO__4085390f-e83a-5315-8def-464aeb920059,2021,DALE_COYNE_RACING,18,Ed Jones,WINDOW_MEDIAN,30,FUTURE,RETROSPECTIVE,True,False,False,False,0.798,0.1922637754325784,0.6057362245674216,,,,,,,,,,,,,,,,,,,,,,,,,,,,,,,,,,,,,,,,False,12.77777778,3.609912872,288.01666666666665
4e9e7c88-ddeb-5840-93be-4f539f6eaf04__TO__4085390f-e83a-5315-8def-464aeb920059,2021,DALE_COYNE_RACING,18,Ed Jones,WINDOW_MEDIAN,45,ANY,RETROSPECTIVE,True,False,False,False,0.798,0.1922637754325784,0.6057362245674216,,,,,,,,,,,,,,,,,,,,,,,,,,,,,,,,,,,,,,,,False,12.77777778,3.609912872,288.01666666666665
4e9e7c88-ddeb-5840-93be-4f539f6eaf04__TO__4085390f-e83a-5315-8def-464aeb920059,2021,DALE_COYNE_RACING,18,Ed Jones,WINDOW_MEDIAN,45,PRIOR,PIT_COMPATIBLE,True,False,False,False,0.798,0.1922637754325784,0.6057362245674216,,,,,,,,,,,,,,,,,,,,,,,,,,,,,,,,,,,,,,,,False,12.77777778,3.609912872,288.01666666666665
4e9e7c88-ddeb-5840-93be-4f539f6eaf04__TO__4085390f-e83a-5315-8def-464aeb920059,2021,DALE_COYNE_RACING,18,Ed Jones,WINDOW_MEDIAN,45,FUTURE,RETROSPECTIVE,True,False,False,False,0.798,0.1922637754325784,0.6057362245674216,,,,,,,,,,,,,,,,,,,,,,,,,,,,,,,,,,,,,,,,False,12.77777778,3.609912872,288.01666666666665
4e9e7c88-ddeb-5840-93be-4f539f6eaf04__TO__4085390f-e83a-5315-8def-464aeb920059,2021,DALE_COYNE_RACING,18,Ed Jones,WINDOW_MEDIAN,60,ANY,RETROSPECTIVE,True,True,False,False,0.798,0.1922637754325784,0.6057362245674216,230.846,1.0,1.0,51,98202c3a-5d68-52fe-91b3-2d520c933594,46.666666666666664,46.666666666666664,46.666666666666664,36.66666667,26.7046933,False,False,False,False,False,,,,,,,,,,,,,,,,,,,,,,,,,False,12.77777778,3.609912872,288.01666666666665
4e9e7c88-ddeb-5840-93be-4f539f6eaf04__TO__4085390f-e83a-5315-8def-464aeb920059,2021,DALE_COYNE_RACING,18,Ed Jones,WINDOW_MEDIAN,60,PRIOR,PIT_COMPATIBLE,True,False,False,False,0.798,0.1922637754325784,0.6057362245674216,,,,,,,,,,,,,,,,,,,,,,,,,,,,,,,,,,,,,,,,False,12.77777778,3.609912872,288.01666666666665
4e9e7c88-ddeb-5840-93be-4f539f6eaf04__TO__4085390f-e83a-5315-8def-464aeb920059,2021,DALE_COYNE_RACING,18,Ed Jones,WINDOW_MEDIAN,60,FUTURE,RETROSPECTIVE,True,True,False,False,0.798,0.1922637754325784,0.6057362245674216,230.846,1.0,1.0,51,98202c3a-5d68-52fe-91b3-2d520c933594,46.666666666666664,46.666666666666664,46.666666666666664,36.66666667,26.7046933,False,False,False,False,False,,,,,,,,,,,,,,,,,,,,,,,,,False,12.77777778,3.609912872,288.01666666666665
c4c9ba22-d28c-5937-b36c-72fffbbb67b5__TO__2493785c-dc47-5ba6-8d28-5398e7a11983,2021,TEAM_PENSKE,2,Josef Newgarden,WINDOW_MEDIAN,5,ANY,RETROSPECTIVE,True,False,False,False,0.022,0.3320839400636948,-0.3100839400636948,,,,,,,,,,,,,,,,,,,,,,,,,,,,,,,,,,,,,,,,False,3.33333333,2.546553633,125.83333333333333
c4c9ba22-d28c-5937-b36c-72fffbbb67b5__TO__2493785c-dc47-5ba6-8d28-5398e7a11983,2021,TEAM_PENSKE,2,Josef Newgarden,WINDOW_MEDIAN,5,PRIOR,PIT_COMPATIBLE,True,False,False,False,0.022,0.3320839400636948,-0.3100839400636948,,,,,,,,,,,,,,,,,,,,,,,,,,,,,,,,,,,,,,,,False,3.33333333,2.546553633,125.83333333333333
c4c9ba22-d28c-5937-b36c-72fffbbb67b5__TO__2493785c-dc47-5ba6-8d28-5398e7a11983,2021,TEAM_PENSKE,2,Josef Newgarden,WINDOW_MEDIAN,5,FUTURE,RETROSPECTIVE,True,False,False,False,0.022,0.3320839400636948,-0.3100839400636948,,,,,,,,,,,,,,,,,,,,,,,,,,,,,,,,,,,,,,,,False,3.33333333,2.546553633,125.83333333333333
c4c9ba22-d28c-5937-b36c-72fffbbb67b5__TO__2493785c-dc47-5ba6-8d28-5398e7a11983,2021,TEAM_PENSKE,2,Josef Newgarden,WINDOW_MEDIAN,10,ANY,RETROSPECTIVE,True,True,False,False,0.022,0.3320839400636948,-0.3100839400636948,230.557,1.0,1.0,3,20b68ba3-153d-53cd-9ef8-e81c295271bf,9.166666666666666,9.166666666666666,9.166666666666666,36.11111111,26.24844089,False,False,False,False,False,,,,,,,,,,,,,,,,,,,,,,,,,False,3.33333333,2.546553633,125.83333333333333
c4c9ba22-d28c-5937-b36c-72fffbbb67b5__TO__2493785c-dc47-5ba6-8d28-5398e7a11983,2021,TEAM_PENSKE,2,Josef Newgarden,WINDOW_MEDIAN,10,PRIOR,PIT_COMPATIBLE,True,False,False,False,0.022,0.3320839400636948,-0.3100839400636948,,,,,,,,,,,,,,,,,,,,,,,,,,,,,,,,,,,,,,,,False,3.33333333,2.546553633,125.83333333333333
c4c9ba22-d28c-5937-b36c-72fffbbb67b5__TO__2493785c-dc47-5ba6-8d28-5398e7a11983,2021,TEAM_PENSKE,2,Josef Newgarden,WINDOW_MEDIAN,10,FUTURE,RETROSPECTIVE,True,True,False,False,0.022,0.3320839400636948,-0.3100839400636948,230.557,1.0,1.0,3,20b68ba3-153d-53cd-9ef8-e81c295271bf,9.166666666666666,9.166666666666666,9.166666666666666,36.11111111,26.24844089,False,False,False,False,False,,,,,,,,,,,,,,,,,,,,,,,,,False,3.33333333,2.546553633,125.83333333333333
c4c9ba22-d28c-5937-b36c-72fffbbb67b5__TO__2493785c-dc47-5ba6-8d28-5398e7a11983,2021,TEAM_PENSKE,2,Josef Newgarden,WINDOW_MEDIAN,15,ANY,RETROSPECTIVE,True,True,False,False,0.022,0.3320839400636948,-0.3100839400636948,230.557,1.0,1.0,3,20b68ba3-153d-53cd-9ef8-e81c295271bf,9.166666666666666,9.166666666666666,9.166666666666666,36.11111111,26.24844089,False,False,False,False,False,,,,,,,,,,,,,,,,,,,,,,,,,False,3.33333333,2.546553633,125.83333333333333
c4c9ba22-d28c-5937-b36c-72fffbbb67b5__TO__2493785c-dc47-5ba6-8d28-5398e7a11983,2021,TEAM_PENSKE,2,Josef Newgarden,WINDOW_MEDIAN,15,PRIOR,PIT_COMPATIBLE,True,False,False,False,0.022,0.3320839400636948,-0.3100839400636948,,,,,,,,,,,,,,,,,,,,,,,,,,,,,,,,,,,,,,,,False,3.33333333,2.546553633,125.83333333333333
c4c9ba22-d28c-5937-b36c-72fffbbb67b5__TO__2493785c-dc47-5ba6-8d28-5398e7a11983,2021,TEAM_PENSKE,2,Josef Newgarden,WINDOW_MEDIAN,15,FUTURE,RETROSPECTIVE,True,True,False,False,0.022,0.3320839400636948,-0.3100839400636948,230.557,1.0,1.0,3,20b68ba3-153d-53cd-9ef8-e81c295271bf,9.166666666666666,9.166666666666666,9.166666666666666,36.11111111,26.24844089,False,False,False,False,False,,,,,,,,,,,,,,,,,,,,,,,,,False,3.33333333,2.546553633,125.83333333333333
c4c9ba22-d28c-5937-b36c-72fffbbb67b5__TO__2493785c-dc47-5ba6-8d28-5398e7a11983,2021,TEAM_PENSKE,2,Josef Newgarden,WINDOW_MEDIAN,20,ANY,RETROSPECTIVE,True,True,False,False,0.022,0.3320839400636948,-0.3100839400636948,230.557,1.0,1.0,3,20b68ba3-153d-53cd-9ef8-e81c295271bf,9.166666666666666,9.166666666666666,9.166666666666666,36.11111111,26.24844089,False,False,False,False,False,,,,,,,,,,,,,,,,,,,,,,,,,False,3.33333333,2.546553633,125.83333333333333
c4c9ba22-d28c-5937-b36c-72fffbbb67b5__TO__2493785c-dc47-5ba6-8d28-5398e7a11983,2021,TEAM_PENSKE,2,Josef Newgarden,WINDOW_MEDIAN,20,PRIOR,PIT_COMPATIBLE,True,False,False,False,0.022,0.3320839400636948,-0.3100839400636948,,,,,,,,,,,,,,,,,,,,,,,,,,,,,,,,,,,,,,,,False,3.33333333,2.546553633,125.83333333333333
c4c9ba22-d28c-5937-b36c-72fffbbb67b5__TO__2493785c-dc47-5ba6-8d28-5398e7a11983,2021,TEAM_PENSKE,2,Josef Newgarden,WINDOW_MEDIAN,20,FUTURE,RETROSPECTIVE,True,True,False,False,0.022,0.3320839400636948,-0.3100839400636948,230.557,1.0,1.0,3,20b68ba3-153d-53cd-9ef8-e81c295271bf,9.166666666666666,9.166666666666666,9.166666666666666,36.11111111,26.24844089,False,False,False,False,False,,,,,,,,,,,,,,,,,,,,,,,,,False,3.33333333,2.546553633,125.83333333333333
c4c9ba22-d28c-5937-b36c-72fffbbb67b5__TO__2493785c-dc47-5ba6-8d28-5398e7a11983,2021,TEAM_PENSKE,2,Josef Newgarden,WINDOW_MEDIAN,30,ANY,RETROSPECTIVE,True,True,False,False,0.022,0.3320839400636948,-0.3100839400636948,230.557,1.0,1.0,3,20b68ba3-153d-53cd-9ef8-e81c295271bf,9.166666666666666,9.166666666666666,9.166666666666666,36.11111111,26.24844089,False,False,False,False,False,,,,,,,,,,,,,,,,,,,,,,,,,False,3.33333333,2.546553633,125.83333333333333
c4c9ba22-d28c-5937-b36c-72fffbbb67b5__TO__2493785c-dc47-5ba6-8d28-5398e7a11983,2021,TEAM_PENSKE,2,Josef Newgarden,WINDOW_MEDIAN,30,PRIOR,PIT_COMPATIBLE,True,False,False,False,0.022,0.3320839400636948,-0.3100839400636948,,,,,,,,,,,,,,,,,,,,,,,,,,,,,,,,,,,,,,,,False,3.33333333,2.546553633,125.83333333333333
c4c9ba22-d28c-5937-b36c-72fffbbb67b5__TO__2493785c-dc47-5ba6-8d28-5398e7a11983,2021,TEAM_PENSKE,2,Josef Newgarden,WINDOW_MEDIAN,30,FUTURE,RETROSPECTIVE,True,True,False,False,0.022,0.3320839400636948,-0.3100839400636948,230.557,1.0,1.0,3,20b68ba3-153d-53cd-9ef8-e81c295271bf,9.166666666666666,9.166666666666666,9.166666666666666,36.11111111,26.24844089,False,False,False,False,False,,,,,,,,,,,,,,,,,,,,,,,,,False,3.33333333,2.546553633,125.83333333333333
c4c9ba22-d28c-5937-b36c-72fffbbb67b5__TO__2493785c-dc47-5ba6-8d28-5398e7a11983,2021,TEAM_PENSKE,2,Josef Newgarden,WINDOW_MEDIAN,45,ANY,RETROSPECTIVE,True,True,True,True,0.022,0.3320839400636948,-0.3100839400636948,229.8045,2.0,2.0,3|12,6992580a-0371-5eda-b01d-2adaca099ff4|20b68ba3-153d-53cd-9ef8-e81c295271bf,9.166666666666666,42.5,25.833333333333332,37.222222220000006,26.607292955,False,False,False,False,False,229.778,1.0,1.0,22,5f22f207-f450-5086-ab38-14fe980d9fed,37.5,37.5,-37.5,37.77777778,27.91854969,False,False,False,False,False,-0.026499999999998636,0.048499999999998634,False,False,0.0,False,0.5555555599999948,1.3112567350000006,,False,3.33333333,2.546553633,125.83333333333333
c4c9ba22-d28c-5937-b36c-72fffbbb67b5__TO__2493785c-dc47-5ba6-8d28-5398e7a11983,2021,TEAM_PENSKE,2,Josef Newgarden,WINDOW_MEDIAN,45,PRIOR,PIT_COMPATIBLE,True,False,True,False,0.022,0.3320839400636948,-0.3100839400636948,,,,,,,,,,,,,,,,229.778,1.0,1.0,22,5f22f207-f450-5086-ab38-14fe980d9fed,37.5,37.5,-37.5,37.77777778,27.91854969,False,False,False,False,False,,,,,,,,,,False,3.33333333,2.546553633,125.83333333333333
c4c9ba22-d28c-5937-b36c-72fffbbb67b5__TO__2493785c-dc47-5ba6-8d28-5398e7a11983,2021,TEAM_PENSKE,2,Josef Newgarden,WINDOW_MEDIAN,45,FUTURE,RETROSPECTIVE,True,True,False,False,0.022,0.3320839400636948,-0.3100839400636948,229.8045,2.0,2.0,3|12,6992580a-0371-5eda-b01d-2adaca099ff4|20b68ba3-153d-53cd-9ef8-e81c295271bf,9.166666666666666,42.5,25.833333333333332,37.222222220000006,26.607292955,False,False,False,False,False,,,,,,,,,,,,,,,,,,,,,,,,,False,3.33333333,2.546553633,125.83333333333333
c4c9ba22-d28c-5937-b36c-72fffbbb67b5__TO__2493785c-dc47-5ba6-8d28-5398e7a11983,2021,TEAM_PENSKE,2,Josef Newgarden,WINDOW_MEDIAN,60,ANY,RETROSPECTIVE,True,True,True,True,0.022,0.3320839400636948,-0.3100839400636948,229.8045,2.0,2.0,3|12,6992580a-0371-5eda-b01d-2adaca099ff4|20b68ba3-153d-53cd-9ef8-e81c295271bf,9.166666666666666,42.5,25.833333333333332,37.222222220000006,26.607292955,False,False,False,False,False,229.778,1.0,1.0,22,5f22f207-f450-5086-ab38-14fe980d9fed,37.5,37.5,-37.5,37.77777778,27.91854969,False,False,False,False,False,-0.026499999999998636,0.048499999999998634,False,False,0.0,False,0.5555555599999948,1.3112567350000006,,False,3.33333333,2.546553633,125.83333333333333
c4c9ba22-d28c-5937-b36c-72fffbbb67b5__TO__2493785c-dc47-5ba6-8d28-5398e7a11983,2021,TEAM_PENSKE,2,Josef Newgarden,WINDOW_MEDIAN,60,PRIOR,PIT_COMPATIBLE,True,False,True,False,0.022,0.3320839400636948,-0.3100839400636948,,,,,,,,,,,,,,,,229.778,1.0,1.0,22,5f22f207-f450-5086-ab38-14fe980d9fed,37.5,37.5,-37.5,37.77777778,27.91854969,False,False,False,False,False,,,,,,,,,,False,3.33333333,2.546553633,125.83333333333333
c4c9ba22-d28c-5937-b36c-72fffbbb67b5__TO__2493785c-dc47-5ba6-8d28-5398e7a11983,2021,TEAM_PENSKE,2,Josef Newgarden,WINDOW_MEDIAN,60,FUTURE,RETROSPECTIVE,True,True,False,False,0.022,0.3320839400636948,-0.3100839400636948,229.8045,2.0,2.0,3|12,6992580a-0371-5eda-b01d-2adaca099ff4|20b68ba3-153d-53cd-9ef8-e81c295271bf,9.166666666666666,42.5,25.833333333333332,37.222222220000006,26.607292955,False,False,False,False,False,,,,,,,,,,,,,,,,,,,,,,,,,False,3.33333333,2.546553633,125.83333333333333
407a503c-1695-5af6-9b88-28e9d802c8d1__TO__c10dbae2-ca30-5e09-88ab-298fcf7fa163,2021,ED_CARPENTER_RACING,21,Rinus VeeKay,WINDOW_MEDIAN,5,ANY,RETROSPECTIVE,True,False,False,False,0.642,0.2845894369880792,0.3574105630119207,,,,,,,,,,,,,,,,,,,,,,,,,,,,,,,,,,,,,,,,False,4.44444444,2.49493493,126.65
407a503c-1695-5af6-9b88-28e9d802c8d1__TO__c10dbae2-ca30-5e09-88ab-298fcf7fa163,2021,ED_CARPENTER_RACING,21,Rinus VeeKay,WINDOW_MEDIAN,5,PRIOR,PIT_COMPATIBLE,True,False,False,False,0.642,0.2845894369880792,0.3574105630119207,,,,,,,,,,,,,,,,,,,,,,,,,,,,,,,,,,,,,,,,False,4.44444444,2.49493493,126.65
407a503c-1695-5af6-9b88-28e9d802c8d1__TO__c10dbae2-ca30-5e09-88ab-298fcf7fa163,2021,ED_CARPENTER_RACING,21,Rinus VeeKay,WINDOW_MEDIAN,5,FUTURE,RETROSPECTIVE,True,False,False,False,0.642,0.2845894369880792,0.3574105630119207,,,,,,,,,,,,,,,,,,,,,,,,,,,,,,,,,,,,,,,,False,4.44444444,2.49493493,126.65
407a503c-1695-5af6-9b88-28e9d802c8d1__TO__c10dbae2-ca30-5e09-88ab-298fcf7fa163,2021,ED_CARPENTER_RACING,21,Rinus VeeKay,WINDOW_MEDIAN,10,ANY,RETROSPECTIVE,True,False,False,False,0.642,0.2845894369880792,0.3574105630119207,,,,,,,,,,,,,,,,,,,,,,,,,,,,,,,,,,,,,,,,False,4.44444444,2.49493493,126.65
407a503c-1695-5af6-9b88-28e9d802c8d1__TO__c10dbae2-ca30-5e09-88ab-298fcf7fa163,2021,ED_CARPENTER_RACING,21,Rinus VeeKay,WINDOW_MEDIAN,10,PRIOR,PIT_COMPATIBLE,True,False,False,False,0.642,0.2845894369880792,0.3574105630119207,,,,,,,,,,,,,,,,,,,,,,,,,,,,,,,,,,,,,,,,False,4.44444444,2.49493493,126.65
407a503c-1695-5af6-9b88-28e9d802c8d1__TO__c10dbae2-ca30-5e09-88ab-298fcf7fa163,2021,ED_CARPENTER_RACING,21,Rinus VeeKay,WINDOW_MEDIAN,10,FUTURE,RETROSPECTIVE,True,False,False,False,0.642,0.2845894369880792,0.3574105630119207,,,,,,,,,,,,,,,,,,,,,,,,,,,,,,,,,,,,,,,,False,4.44444444,2.49493493,126.65
407a503c-1695-5af6-9b88-28e9d802c8d1__TO__c10dbae2-ca30-5e09-88ab-298fcf7fa163,2021,ED_CARPENTER_RACING,21,Rinus VeeKay,WINDOW_MEDIAN,15,ANY,RETROSPECTIVE,True,False,False,False,0.642,0.2845894369880792,0.3574105630119207,,,,,,,,,,,,,,,,,,,,,,,,,,,,,,,,,,,,,,,,False,4.44444444,2.49493493,126.65
407a503c-1695-5af6-9b88-28e9d802c8d1__TO__c10dbae2-ca30-5e09-88ab-298fcf7fa163,2021,ED_CARPENTER_RACING,21,Rinus VeeKay,WINDOW_MEDIAN,15,PRIOR,PIT_COMPATIBLE,True,False,False,False,0.642,0.2845894369880792,0.3574105630119207,,,,,,,,,,,,,,,,,,,,,,,,,,,,,,,,,,,,,,,,False,4.44444444,2.49493493,126.65
407a503c-1695-5af6-9b88-28e9d802c8d1__TO__c10dbae2-ca30-5e09-88ab-298fcf7fa163,2021,ED_CARPENTER_RACING,21,Rinus VeeKay,WINDOW_MEDIAN,15,FUTURE,RETROSPECTIVE,True,False,False,False,0.642,0.2845894369880792,0.3574105630119207,,,,,,,,,,,,,,,,,,,,,,,,,,,,,,,,,,,,,,,,False,4.44444444,2.49493493,126.65
407a503c-1695-5af6-9b88-28e9d802c8d1__TO__c10dbae2-ca30-5e09-88ab-298fcf7fa163,2021,ED_CARPENTER_RACING,21,Rinus VeeKay,WINDOW_MEDIAN,20,ANY,RETROSPECTIVE,True,False,False,False,0.642,0.2845894369880792,0.3574105630119207,,,,,,,,,,,,,,,,,,,,,,,,,,,,,,,,,,,,,,,,False,4.44444444,2.49493493,126.65
407a503c-1695-5af6-9b88-28e9d802c8d1__TO__c10dbae2-ca30-5e09-88ab-298fcf7fa163,2021,ED_CARPENTER_RACING,21,Rinus VeeKay,WINDOW_MEDIAN,20,PRIOR,PIT_COMPATIBLE,True,False,False,False,0.642,0.2845894369880792,0.3574105630119207,,,,,,,,,,,,,,,,,,,,,,,,,,,,,,,,,,,,,,,,False,4.44444444,2.49493493,126.65
407a503c-1695-5af6-9b88-28e9d802c8d1__TO__c10dbae2-ca30-5e09-88ab-298fcf7fa163,2021,ED_CARPENTER_RACING,21,Rinus VeeKay,WINDOW_MEDIAN,20,FUTURE,RETROSPECTIVE,True,False,False,False,0.642,0.2845894369880792,0.3574105630119207,,,,,,,,,,,,,,,,,,,,,,,,,,,,,,,,,,,,,,,,False,4.44444444,2.49493493,126.65
407a503c-1695-5af6-9b88-28e9d802c8d1__TO__c10dbae2-ca30-5e09-88ab-298fcf7fa163,2021,ED_CARPENTER_RACING,21,Rinus VeeKay,WINDOW_MEDIAN,30,ANY,RETROSPECTIVE,True,False,False,False,0.642,0.2845894369880792,0.3574105630119207,,,,,,,,,,,,,,,,,,,,,,,,,,,,,,,,,,,,,,,,False,4.44444444,2.49493493,126.65
407a503c-1695-5af6-9b88-28e9d802c8d1__TO__c10dbae2-ca30-5e09-88ab-298fcf7fa163,2021,ED_CARPENTER_RACING,21,Rinus VeeKay,WINDOW_MEDIAN,30,PRIOR,PIT_COMPATIBLE,True,False,False,False,0.642,0.2845894369880792,0.3574105630119207,,,,,,,,,,,,,,,,,,,,,,,,,,,,,,,,,,,,,,,,False,4.44444444,2.49493493,126.65
407a503c-1695-5af6-9b88-28e9d802c8d1__TO__c10dbae2-ca30-5e09-88ab-298fcf7fa163,2021,ED_CARPENTER_RACING,21,Rinus VeeKay,WINDOW_MEDIAN,30,FUTURE,RETROSPECTIVE,True,False,False,False,0.642,0.2845894369880792,0.3574105630119207,,,,,,,,,,,,,,,,,,,,,,,,,,,,,,,,,,,,,,,,False,4.44444444,2.49493493,126.65
407a503c-1695-5af6-9b88-28e9d802c8d1__TO__c10dbae2-ca30-5e09-88ab-298fcf7fa163,2021,ED_CARPENTER_RACING,21,Rinus VeeKay,WINDOW_MEDIAN,45,ANY,RETROSPECTIVE,True,True,False,False,0.642,0.2845894369880792,0.3574105630119207,231.616,1.0,1.0,20,bcd24d81-7b19-5290-b6d7-b3ce5ce41195,42.5,42.5,42.5,38.33333333,27.0387705,False,False,False,False,False,,,,,,,,,,,,,,,,,,,,,,,,,False,4.44444444,2.49493493,126.65
407a503c-1695-5af6-9b88-28e9d802c8d1__TO__c10dbae2-ca30-5e09-88ab-298fcf7fa163,2021,ED_CARPENTER_RACING,21,Rinus VeeKay,WINDOW_MEDIAN,45,PRIOR,PIT_COMPATIBLE,True,False,False,False,0.642,0.2845894369880792,0.3574105630119207,,,,,,,,,,,,,,,,,,,,,,,,,,,,,,,,,,,,,,,,False,4.44444444,2.49493493,126.65
407a503c-1695-5af6-9b88-28e9d802c8d1__TO__c10dbae2-ca30-5e09-88ab-298fcf7fa163,2021,ED_CARPENTER_RACING,21,Rinus VeeKay,WINDOW_MEDIAN,45,FUTURE,RETROSPECTIVE,True,True,False,False,0.642,0.2845894369880792,0.3574105630119207,231.616,1.0,1.0,20,bcd24d81-7b19-5290-b6d7-b3ce5ce41195,42.5,42.5,42.5,38.33333333,27.0387705,False,False,False,False,False,,,,,,,,,,,,,,,,,,,,,,,,,False,4.44444444,2.49493493,126.65
407a503c-1695-5af6-9b88-28e9d802c8d1__TO__c10dbae2-ca30-5e09-88ab-298fcf7fa163,2021,ED_CARPENTER_RACING,21,Rinus VeeKay,WINDOW_MEDIAN,60,ANY,RETROSPECTIVE,True,True,False,False,0.642,0.2845894369880792,0.3574105630119207,231.616,1.0,1.0,20,bcd24d81-7b19-5290-b6d7-b3ce5ce41195,42.5,42.5,42.5,38.33333333,27.0387705,False,False,False,False,False,,,,,,,,,,,,,,,,,,,,,,,,,False,4.44444444,2.49493493,126.65
407a503c-1695-5af6-9b88-28e9d802c8d1__TO__c10dbae2-ca30-5e09-88ab-298fcf7fa163,2021,ED_CARPENTER_RACING,21,Rinus VeeKay,WINDOW_MEDIAN,60,PRIOR,PIT_COMPATIBLE,True,False,False,False,0.642,0.2845894369880792,0.3574105630119207,,,,,,,,,,,,,,,,,,,,,,,,,,,,,,,,,,,,,,,,False,4.44444444,2.49493493,126.65
407a503c-1695-5af6-9b88-28e9d802c8d1__TO__c10dbae2-ca30-5e09-88ab-298fcf7fa163,2021,ED_CARPENTER_RACING,21,Rinus VeeKay,WINDOW_MEDIAN,60,FUTURE,RETROSPECTIVE,True,True,False,False,0.642,0.2845894369880792,0.3574105630119207,231.616,1.0,1.0,20,bcd24d81-7b19-5290-b6d7-b3ce5ce41195,42.5,42.5,42.5,38.33333333,27.0387705,False,False,False,False,False,,,,,,,,,,,,,,,,,,,,,,,,,False,4.44444444,2.49493493,126.65
8c31470a-6324-527c-bfc3-fe19d8c1dc4d__TO__09935cc4-f542-569f-b50c-7460e0663860,2021,ANDRETTI,25,Stefan Wilson,WINDOW_MEDIAN,5,ANY,RETROSPECTIVE,True,True,False,False,-0.02,0.2701298374463623,-0.2901298374463623,230.563,1.0,1.0,29,95cca25b-de13-5fc7-81bf-9426674aa35c,5.0,5.0,-5.0,34.44444444,25.33194641,False,False,False,True,False,,,,,,,,,,,,,,,,,,,,,,,,,False,8.33333334,3.178205872,156.66666666666666
8c31470a-6324-527c-bfc3-fe19d8c1dc4d__TO__09935cc4-f542-569f-b50c-7460e0663860,2021,ANDRETTI,25,Stefan Wilson,WINDOW_MEDIAN,5,PRIOR,PIT_COMPATIBLE,True,True,False,False,-0.02,0.2701298374463623,-0.2901298374463623,230.563,1.0,1.0,29,95cca25b-de13-5fc7-81bf-9426674aa35c,5.0,5.0,-5.0,34.44444444,25.33194641,False,False,False,True,False,,,,,,,,,,,,,,,,,,,,,,,,,False,8.33333334,3.178205872,156.66666666666666
8c31470a-6324-527c-bfc3-fe19d8c1dc4d__TO__09935cc4-f542-569f-b50c-7460e0663860,2021,ANDRETTI,25,Stefan Wilson,WINDOW_MEDIAN,5,FUTURE,RETROSPECTIVE,True,False,False,False,-0.02,0.2701298374463623,-0.2901298374463623,,,,,,,,,,,,,,,,,,,,,,,,,,,,,,,,,,,,,,,,False,8.33333334,3.178205872,156.66666666666666
8c31470a-6324-527c-bfc3-fe19d8c1dc4d__TO__09935cc4-f542-569f-b50c-7460e0663860,2021,ANDRETTI,25,Stefan Wilson,WINDOW_MEDIAN,10,ANY,RETROSPECTIVE,True,True,False,False,-0.02,0.2701298374463623,-0.2901298374463623,230.563,1.0,1.0,29,95cca25b-de13-5fc7-81bf-9426674aa35c,5.0,5.0,-5.0,34.44444444,25.33194641,False,False,False,True,False,,,,,,,,,,,,,,,,,,,,,,,,,False,8.33333334,3.178205872,156.66666666666666
8c31470a-6324-527c-bfc3-fe19d8c1dc4d__TO__09935cc4-f542-569f-b50c-7460e0663860,2021,ANDRETTI,25,Stefan Wilson,WINDOW_MEDIAN,10,PRIOR,PIT_COMPATIBLE,True,True,False,False,-0.02,0.2701298374463623,-0.2901298374463623,230.563,1.0,1.0,29,95cca25b-de13-5fc7-81bf-9426674aa35c,5.0,5.0,-5.0,34.44444444,25.33194641,False,False,False,True,False,,,,,,,,,,,,,,,,,,,,,,,,,False,8.33333334,3.178205872,156.66666666666666
8c31470a-6324-527c-bfc3-fe19d8c1dc4d__TO__09935cc4-f542-569f-b50c-7460e0663860,2021,ANDRETTI,25,Stefan Wilson,WINDOW_MEDIAN,10,FUTURE,RETROSPECTIVE,True,False,False,False,-0.02,0.2701298374463623,-0.2901298374463623,,,,,,,,,,,,,,,,,,,,,,,,,,,,,,,,,,,,,,,,False,8.33333334,3.178205872,156.66666666666666
8c31470a-6324-527c-bfc3-fe19d8c1dc4d__TO__09935cc4-f542-569f-b50c-7460e0663860,2021,ANDRETTI,25,Stefan Wilson,WINDOW_MEDIAN,15,ANY,RETROSPECTIVE,True,True,True,True,-0.02,0.2701298374463623,-0.2901298374463623,230.563,1.0,1.0,29,95cca25b-de13-5fc7-81bf-9426674aa35c,5.0,5.0,-5.0,34.44444444,25.33194641,False,False,False,True,False,229.872,1.0,1.0,98,b671a083-ccd6-5511-a882-53e7bf202c19,11.683333333333334,11.683333333333334,-11.683333333333334,39.44444444,28.66775581,False,False,False,False,False,-0.6909999999999741,0.6709999999999741,True,False,0.0,False,5.0,3.3358093999999987,,False,8.33333334,3.178205872,156.66666666666666
8c31470a-6324-527c-bfc3-fe19d8c1dc4d__TO__09935cc4-f542-569f-b50c-7460e0663860,2021,ANDRETTI,25,Stefan Wilson,WINDOW_MEDIAN,15,PRIOR,PIT_COMPATIBLE,True,True,True,True,-0.02,0.2701298374463623,-0.2901298374463623,230.563,1.0,1.0,29,95cca25b-de13-5fc7-81bf-9426674aa35c,5.0,5.0,-5.0,34.44444444,25.33194641,False,False,False,True,False,229.872,1.0,1.0,98,b671a083-ccd6-5511-a882-53e7bf202c19,11.683333333333334,11.683333333333334,-11.683333333333334,39.44444444,28.66775581,False,False,False,False,False,-0.6909999999999741,0.6709999999999741,True,False,0.0,False,5.0,3.3358093999999987,,False,8.33333334,3.178205872,156.66666666666666
8c31470a-6324-527c-bfc3-fe19d8c1dc4d__TO__09935cc4-f542-569f-b50c-7460e0663860,2021,ANDRETTI,25,Stefan Wilson,WINDOW_MEDIAN,15,FUTURE,RETROSPECTIVE,True,False,False,False,-0.02,0.2701298374463623,-0.2901298374463623,,,,,,,,,,,,,,,,,,,,,,,,,,,,,,,,,,,,,,,,False,8.33333334,3.178205872,156.66666666666666
8c31470a-6324-527c-bfc3-fe19d8c1dc4d__TO__09935cc4-f542-569f-b50c-7460e0663860,2021,ANDRETTI,25,Stefan Wilson,WINDOW_MEDIAN,20,ANY,RETROSPECTIVE,True,True,True,True,-0.02,0.2701298374463623,-0.2901298374463623,230.851,2.0,2.0,28|29,88cb337e-a17d-5daf-a5c7-2770ed90181f|95cca25b-de13-5fc7-81bf-9426674aa35c,5.0,19.166666666666668,-12.083333333333334,34.44444444,25.08120445,False,False,False,True,False,229.872,1.0,1.0,98,b671a083-ccd6-5511-a882-53e7bf202c19,11.683333333333334,11.683333333333334,-11.683333333333334,39.44444444,28.66775581,False,False,False,False,False,-0.978999999999985,0.958999999999985,True,False,0.0,False,5.0,3.586551359999998,,False,8.33333334,3.178205872,156.66666666666666
8c31470a-6324-527c-bfc3-fe19d8c1dc4d__TO__09935cc4-f542-569f-b50c-7460e0663860,2021,ANDRETTI,25,Stefan Wilson,WINDOW_MEDIAN,20,PRIOR,PIT_COMPATIBLE,True,True,True,True,-0.02,0.2701298374463623,-0.2901298374463623,230.851,2.0,2.0,28|29,88cb337e-a17d-5daf-a5c7-2770ed90181f|95cca25b-de13-5fc7-81bf-9426674aa35c,5.0,19.166666666666668,-12.083333333333334,34.44444444,25.08120445,False,False,False,True,False,229.872,1.0,1.0,98,b671a083-ccd6-5511-a882-53e7bf202c19,11.683333333333334,11.683333333333334,-11.683333333333334,39.44444444,28.66775581,False,False,False,False,False,-0.978999999999985,0.958999999999985,True,False,0.0,False,5.0,3.586551359999998,,False,8.33333334,3.178205872,156.66666666666666
8c31470a-6324-527c-bfc3-fe19d8c1dc4d__TO__09935cc4-f542-569f-b50c-7460e0663860,2021,ANDRETTI,25,Stefan Wilson,WINDOW_MEDIAN,20,FUTURE,RETROSPECTIVE,True,False,False,False,-0.02,0.2701298374463623,-0.2901298374463623,,,,,,,,,,,,,,,,,,,,,,,,,,,,,,,,,,,,,,,,False,8.33333334,3.178205872,156.66666666666666
8c31470a-6324-527c-bfc3-fe19d8c1dc4d__TO__09935cc4-f542-569f-b50c-7460e0663860,2021,ANDRETTI,25,Stefan Wilson,WINDOW_MEDIAN,30,ANY,RETROSPECTIVE,True,True,True,True,-0.02,0.2701298374463623,-0.2901298374463623,230.563,3.0,3.0,28|29|98,88cb337e-a17d-5daf-a5c7-2770ed90181f|95cca25b-de13-5fc7-81bf-9426674aa35c|c2deab22-d3a0-5601-80f8-4cbf631c8f88,5.0,24.166666666666668,-16.11111111111111,34.44444444,24.93862569,False,False,False,True,False,229.872,1.0,1.0,98,b671a083-ccd6-5511-a882-53e7bf202c19,11.683333333333334,11.683333333333334,-11.683333333333334,39.44444444,28.66775581,False,False,False,False,False,-0.6909999999999741,0.6709999999999741,True,False,0.0,False,5.0,3.7291301200000007,,False,8.33333334,3.178205872,156.66666666666666
8c31470a-6324-527c-bfc3-fe19d8c1dc4d__TO__09935cc4-f542-569f-b50c-7460e0663860,2021,ANDRETTI,25,Stefan Wilson,WINDOW_MEDIAN,30,PRIOR,PIT_COMPATIBLE,True,True,True,True,-0.02,0.2701298374463623,-0.2901298374463623,230.563,3.0,3.0,28|29|98,88cb337e-a17d-5daf-a5c7-2770ed90181f|95cca25b-de13-5fc7-81bf-9426674aa35c|c2deab22-d3a0-5601-80f8-4cbf631c8f88,5.0,24.166666666666668,-16.11111111111111,34.44444444,24.93862569,False,False,False,True,False,229.872,1.0,1.0,98,b671a083-ccd6-5511-a882-53e7bf202c19,11.683333333333334,11.683333333333334,-11.683333333333334,39.44444444,28.66775581,False,False,False,False,False,-0.6909999999999741,0.6709999999999741,True,False,0.0,False,5.0,3.7291301200000007,,False,8.33333334,3.178205872,156.66666666666666
8c31470a-6324-527c-bfc3-fe19d8c1dc4d__TO__09935cc4-f542-569f-b50c-7460e0663860,2021,ANDRETTI,25,Stefan Wilson,WINDOW_MEDIAN,30,FUTURE,RETROSPECTIVE,True,False,False,False,-0.02,0.2701298374463623,-0.2901298374463623,,,,,,,,,,,,,,,,,,,,,,,,,,,,,,,,,,,,,,,,False,8.33333334,3.178205872,156.66666666666666
8c31470a-6324-527c-bfc3-fe19d8c1dc4d__TO__09935cc4-f542-569f-b50c-7460e0663860,2021,ANDRETTI,25,Stefan Wilson,WINDOW_MEDIAN,45,ANY,RETROSPECTIVE,True,True,True,True,-0.02,0.2701298374463623,-0.2901298374463623,230.563,3.0,3.0,28|29|98,88cb337e-a17d-5daf-a5c7-2770ed90181f|95cca25b-de13-5fc7-81bf-9426674aa35c|c2deab22-d3a0-5601-80f8-4cbf631c8f88,5.0,24.166666666666668,-16.11111111111111,34.44444444,24.93862569,False,False,False,True,False,229.872,1.0,1.0,98,b671a083-ccd6-5511-a882-53e7bf202c19,11.683333333333334,11.683333333333334,-11.683333333333334,39.44444444,28.66775581,False,False,False,False,False,-0.6909999999999741,0.6709999999999741,True,False,0.0,False,5.0,3.7291301200000007,,False,8.33333334,3.178205872,156.66666666666666
8c31470a-6324-527c-bfc3-fe19d8c1dc4d__TO__09935cc4-f542-569f-b50c-7460e0663860,2021,ANDRETTI,25,Stefan Wilson,WINDOW_MEDIAN,45,PRIOR,PIT_COMPATIBLE,True,True,True,True,-0.02,0.2701298374463623,-0.2901298374463623,230.563,3.0,3.0,28|29|98,88cb337e-a17d-5daf-a5c7-2770ed90181f|95cca25b-de13-5fc7-81bf-9426674aa35c|c2deab22-d3a0-5601-80f8-4cbf631c8f88,5.0,24.166666666666668,-16.11111111111111,34.44444444,24.93862569,False,False,False,True,False,229.872,1.0,1.0,98,b671a083-ccd6-5511-a882-53e7bf202c19,11.683333333333334,11.683333333333334,-11.683333333333334,39.44444444,28.66775581,False,False,False,False,False,-0.6909999999999741,0.6709999999999741,True,False,0.0,False,5.0,3.7291301200000007,,False,8.33333334,3.178205872,156.66666666666666
8c31470a-6324-527c-bfc3-fe19d8c1dc4d__TO__09935cc4-f542-569f-b50c-7460e0663860,2021,ANDRETTI,25,Stefan Wilson,WINDOW_MEDIAN,45,FUTURE,RETROSPECTIVE,True,False,False,False,-0.02,0.2701298374463623,-0.2901298374463623,,,,,,,,,,,,,,,,,,,,,,,,,,,,,,,,,,,,,,,,False,8.33333334,3.178205872,156.66666666666666
8c31470a-6324-527c-bfc3-fe19d8c1dc4d__TO__09935cc4-f542-569f-b50c-7460e0663860,2021,ANDRETTI,25,Stefan Wilson,WINDOW_MEDIAN,60,ANY,RETROSPECTIVE,True,True,True,True,-0.02,0.2701298374463623,-0.2901298374463623,230.563,3.0,3.0,28|29|98,88cb337e-a17d-5daf-a5c7-2770ed90181f|95cca25b-de13-5fc7-81bf-9426674aa35c|c2deab22-d3a0-5601-80f8-4cbf631c8f88,5.0,24.166666666666668,-16.11111111111111,34.44444444,24.93862569,False,False,False,True,False,231.046,3.0,3.0,26|27|98,e9da8645-6367-51bf-8601-3670e9e76c5e|69b27d9b-5386-5a2c-a855-449bb527fca1|b671a083-ccd6-5511-a882-53e7bf202c19,11.683333333333334,54.15,-38.333333333333336,38.333333333333336,28.192662600000002,False,False,False,False,False,0.4830000000000041,-0.5030000000000041,False,False,0.0,False,3.8888888933333376,3.2540369100000035,,False,8.33333334,3.178205872,156.66666666666666
8c31470a-6324-527c-bfc3-fe19d8c1dc4d__TO__09935cc4-f542-569f-b50c-7460e0663860,2021,ANDRETTI,25,Stefan Wilson,WINDOW_MEDIAN,60,PRIOR,PIT_COMPATIBLE,True,True,True,True,-0.02,0.2701298374463623,-0.2901298374463623,230.563,3.0,3.0,28|29|98,88cb337e-a17d-5daf-a5c7-2770ed90181f|95cca25b-de13-5fc7-81bf-9426674aa35c|c2deab22-d3a0-5601-80f8-4cbf631c8f88,5.0,24.166666666666668,-16.11111111111111,34.44444444,24.93862569,False,False,False,True,False,231.046,3.0,3.0,26|27|98,e9da8645-6367-51bf-8601-3670e9e76c5e|69b27d9b-5386-5a2c-a855-449bb527fca1|b671a083-ccd6-5511-a882-53e7bf202c19,11.683333333333334,54.15,-38.333333333333336,38.333333333333336,28.192662600000002,False,False,False,False,False,0.4830000000000041,-0.5030000000000041,False,False,0.0,False,3.8888888933333376,3.2540369100000035,,False,8.33333334,3.178205872,156.66666666666666
8c31470a-6324-527c-bfc3-fe19d8c1dc4d__TO__09935cc4-f542-569f-b50c-7460e0663860,2021,ANDRETTI,25,Stefan Wilson,WINDOW_MEDIAN,60,FUTURE,RETROSPECTIVE,True,False,False,False,-0.02,0.2701298374463623,-0.2901298374463623,,,,,,,,,,,,,,,,,,,,,,,,,,,,,,,,,,,,,,,,False,8.33333334,3.178205872,156.66666666666666
09935cc4-f542-569f-b50c-7460e0663860__TO__8ac7badc-828c-5c70-bbf4-d92f136c2564,2021,ANDRETTI,25,Stefan Wilson,WINDOW_MEDIAN,5,ANY,RETROSPECTIVE,True,False,False,False,-0.062,-0.1415725265351449,0.0795725265351449,,,,,,,,,,,,,,,,,,,,,,,,,,,,,,,,,,,,,,,,False,4.44444444,0.06906673855,125.83333333333333
09935cc4-f542-569f-b50c-7460e0663860__TO__8ac7badc-828c-5c70-bbf4-d92f136c2564,2021,ANDRETTI,25,Stefan Wilson,WINDOW_MEDIAN,5,PRIOR,PIT_COMPATIBLE,True,False,False,False,-0.062,-0.1415725265351449,0.0795725265351449,,,,,,,,,,,,,,,,,,,,,,,,,,,,,,,,,,,,,,,,False,4.44444444,0.06906673855,125.83333333333333
09935cc4-f542-569f-b50c-7460e0663860__TO__8ac7badc-828c-5c70-bbf4-d92f136c2564,2021,ANDRETTI,25,Stefan Wilson,WINDOW_MEDIAN,5,FUTURE,RETROSPECTIVE,True,False,False,False,-0.062,-0.1415725265351449,0.0795725265351449,,,,,,,,,,,,,,,,,,,,,,,,,,,,,,,,,,,,,,,,False,4.44444444,0.06906673855,125.83333333333333
09935cc4-f542-569f-b50c-7460e0663860__TO__8ac7badc-828c-5c70-bbf4-d92f136c2564,2021,ANDRETTI,25,Stefan Wilson,WINDOW_MEDIAN,10,ANY,RETROSPECTIVE,True,False,False,False,-0.062,-0.1415725265351449,0.0795725265351449,,,,,,,,,,,,,,,,,,,,,,,,,,,,,,,,,,,,,,,,False,4.44444444,0.06906673855,125.83333333333333
09935cc4-f542-569f-b50c-7460e0663860__TO__8ac7badc-828c-5c70-bbf4-d92f136c2564,2021,ANDRETTI,25,Stefan Wilson,WINDOW_MEDIAN,10,PRIOR,PIT_COMPATIBLE,True,False,False,False,-0.062,-0.1415725265351449,0.0795725265351449,,,,,,,,,,,,,,,,,,,,,,,,,,,,,,,,,,,,,,,,False,4.44444444,0.06906673855,125.83333333333333
09935cc4-f542-569f-b50c-7460e0663860__TO__8ac7badc-828c-5c70-bbf4-d92f136c2564,2021,ANDRETTI,25,Stefan Wilson,WINDOW_MEDIAN,10,FUTURE,RETROSPECTIVE,True,False,False,False,-0.062,-0.1415725265351449,0.0795725265351449,,,,,,,,,,,,,,,,,,,,,,,,,,,,,,,,,,,,,,,,False,4.44444444,0.06906673855,125.83333333333333
09935cc4-f542-569f-b50c-7460e0663860__TO__8ac7badc-828c-5c70-bbf4-d92f136c2564,2021,ANDRETTI,25,Stefan Wilson,WINDOW_MEDIAN,15,ANY,RETROSPECTIVE,True,True,True,True,-0.062,-0.1415725265351449,0.0795725265351449,229.872,1.0,1.0,98,b671a083-ccd6-5511-a882-53e7bf202c19,11.683333333333334,11.683333333333334,-11.683333333333334,39.44444444,28.66775581,False,False,False,False,False,229.87,1.0,1.0,98,cb6ab391-510a-562a-a1bc-a173959477a0,13.066666666666666,13.066666666666666,13.066666666666666,45.55555556,28.73099823,False,False,False,False,False,-0.0020000000000095497,-0.05999999999999045,True,True,0.0,False,6.111111120000004,0.06324242000000169,b671a083-ccd6-5511-a882-53e7bf202c19__TO__cb6ab391-510a-562a-a1bc-a173959477a0,True,4.44444444,0.06906673855,125.83333333333333
09935cc4-f542-569f-b50c-7460e0663860__TO__8ac7badc-828c-5c70-bbf4-d92f136c2564,2021,ANDRETTI,25,Stefan Wilson,WINDOW_MEDIAN,15,PRIOR,PIT_COMPATIBLE,True,True,False,False,-0.062,-0.1415725265351449,0.0795725265351449,229.872,1.0,1.0,98,b671a083-ccd6-5511-a882-53e7bf202c19,11.683333333333334,11.683333333333334,-11.683333333333334,39.44444444,28.66775581,False,False,False,False,False,,,,,,,,,,,,,,,,,,,,,,,,,False,4.44444444,0.06906673855,125.83333333333333
09935cc4-f542-569f-b50c-7460e0663860__TO__8ac7badc-828c-5c70-bbf4-d92f136c2564,2021,ANDRETTI,25,Stefan Wilson,WINDOW_MEDIAN,15,FUTURE,RETROSPECTIVE,True,False,True,False,-0.062,-0.1415725265351449,0.0795725265351449,,,,,,,,,,,,,,,,229.87,1.0,1.0,98,cb6ab391-510a-562a-a1bc-a173959477a0,13.066666666666666,13.066666666666666,13.066666666666666,45.55555556,28.73099823,False,False,False,False,False,,,,,,,,,,False,4.44444444,0.06906673855,125.83333333333333
09935cc4-f542-569f-b50c-7460e0663860__TO__8ac7badc-828c-5c70-bbf4-d92f136c2564,2021,ANDRETTI,25,Stefan Wilson,WINDOW_MEDIAN,20,ANY,RETROSPECTIVE,True,True,True,True,-0.062,-0.1415725265351449,0.0795725265351449,229.872,1.0,1.0,98,b671a083-ccd6-5511-a882-53e7bf202c19,11.683333333333334,11.683333333333334,-11.683333333333334,39.44444444,28.66775581,False,False,False,False,False,229.87,1.0,1.0,98,cb6ab391-510a-562a-a1bc-a173959477a0,13.066666666666666,13.066666666666666,13.066666666666666,45.55555556,28.73099823,False,False,False,False,False,-0.0020000000000095497,-0.05999999999999045,True,True,0.0,False,6.111111120000004,0.06324242000000169,b671a083-ccd6-5511-a882-53e7bf202c19__TO__cb6ab391-510a-562a-a1bc-a173959477a0,True,4.44444444,0.06906673855,125.83333333333333
09935cc4-f542-569f-b50c-7460e0663860__TO__8ac7badc-828c-5c70-bbf4-d92f136c2564,2021,ANDRETTI,25,Stefan Wilson,WINDOW_MEDIAN,20,PRIOR,PIT_COMPATIBLE,True,True,False,False,-0.062,-0.1415725265351449,0.0795725265351449,229.872,1.0,1.0,98,b671a083-ccd6-5511-a882-53e7bf202c19,11.683333333333334,11.683333333333334,-11.683333333333334,39.44444444,28.66775581,False,False,False,False,False,,,,,,,,,,,,,,,,,,,,,,,,,False,4.44444444,0.06906673855,125.83333333333333
09935cc4-f542-569f-b50c-7460e0663860__TO__8ac7badc-828c-5c70-bbf4-d92f136c2564,2021,ANDRETTI,25,Stefan Wilson,WINDOW_MEDIAN,20,FUTURE,RETROSPECTIVE,True,False,True,False,-0.062,-0.1415725265351449,0.0795725265351449,,,,,,,,,,,,,,,,229.87,1.0,1.0,98,cb6ab391-510a-562a-a1bc-a173959477a0,13.066666666666666,13.066666666666666,13.066666666666666,45.55555556,28.73099823,False,False,False,False,False,,,,,,,,,,False,4.44444444,0.06906673855,125.83333333333333
09935cc4-f542-569f-b50c-7460e0663860__TO__8ac7badc-828c-5c70-bbf4-d92f136c2564,2021,ANDRETTI,25,Stefan Wilson,WINDOW_MEDIAN,30,ANY,RETROSPECTIVE,True,True,True,True,-0.062,-0.1415725265351449,0.0795725265351449,229.872,1.0,1.0,98,b671a083-ccd6-5511-a882-53e7bf202c19,11.683333333333334,11.683333333333334,-11.683333333333334,39.44444444,28.66775581,False,False,False,False,False,229.87,1.0,1.0,98,cb6ab391-510a-562a-a1bc-a173959477a0,13.066666666666666,13.066666666666666,13.066666666666666,45.55555556,28.73099823,False,False,False,False,False,-0.0020000000000095497,-0.05999999999999045,True,True,0.0,False,6.111111120000004,0.06324242000000169,b671a083-ccd6-5511-a882-53e7bf202c19__TO__cb6ab391-510a-562a-a1bc-a173959477a0,True,4.44444444,0.06906673855,125.83333333333333
09935cc4-f542-569f-b50c-7460e0663860__TO__8ac7badc-828c-5c70-bbf4-d92f136c2564,2021,ANDRETTI,25,Stefan Wilson,WINDOW_MEDIAN,30,PRIOR,PIT_COMPATIBLE,True,True,False,False,-0.062,-0.1415725265351449,0.0795725265351449,229.872,1.0,1.0,98,b671a083-ccd6-5511-a882-53e7bf202c19,11.683333333333334,11.683333333333334,-11.683333333333334,39.44444444,28.66775581,False,False,False,False,False,,,,,,,,,,,,,,,,,,,,,,,,,False,4.44444444,0.06906673855,125.83333333333333
09935cc4-f542-569f-b50c-7460e0663860__TO__8ac7badc-828c-5c70-bbf4-d92f136c2564,2021,ANDRETTI,25,Stefan Wilson,WINDOW_MEDIAN,30,FUTURE,RETROSPECTIVE,True,False,True,False,-0.062,-0.1415725265351449,0.0795725265351449,,,,,,,,,,,,,,,,229.87,1.0,1.0,98,cb6ab391-510a-562a-a1bc-a173959477a0,13.066666666666666,13.066666666666666,13.066666666666666,45.55555556,28.73099823,False,False,False,False,False,,,,,,,,,,False,4.44444444,0.06906673855,125.83333333333333
09935cc4-f542-569f-b50c-7460e0663860__TO__8ac7badc-828c-5c70-bbf4-d92f136c2564,2021,ANDRETTI,25,Stefan Wilson,WINDOW_MEDIAN,45,ANY,RETROSPECTIVE,True,True,True,True,-0.062,-0.1415725265351449,0.0795725265351449,229.872,1.0,1.0,98,b671a083-ccd6-5511-a882-53e7bf202c19,11.683333333333334,11.683333333333334,-11.683333333333334,39.44444444,28.66775581,False,False,False,False,False,229.87,1.0,1.0,98,cb6ab391-510a-562a-a1bc-a173959477a0,13.066666666666666,13.066666666666666,13.066666666666666,45.55555556,28.73099823,False,False,False,False,False,-0.0020000000000095497,-0.05999999999999045,True,True,0.0,False,6.111111120000004,0.06324242000000169,b671a083-ccd6-5511-a882-53e7bf202c19__TO__cb6ab391-510a-562a-a1bc-a173959477a0,False,4.44444444,0.06906673855,125.83333333333333
09935cc4-f542-569f-b50c-7460e0663860__TO__8ac7badc-828c-5c70-bbf4-d92f136c2564,2021,ANDRETTI,25,Stefan Wilson,WINDOW_MEDIAN,45,PRIOR,PIT_COMPATIBLE,True,True,False,False,-0.062,-0.1415725265351449,0.0795725265351449,229.872,1.0,1.0,98,b671a083-ccd6-5511-a882-53e7bf202c19,11.683333333333334,11.683333333333334,-11.683333333333334,39.44444444,28.66775581,False,False,False,False,False,,,,,,,,,,,,,,,,,,,,,,,,,False,4.44444444,0.06906673855,125.83333333333333
09935cc4-f542-569f-b50c-7460e0663860__TO__8ac7badc-828c-5c70-bbf4-d92f136c2564,2021,ANDRETTI,25,Stefan Wilson,WINDOW_MEDIAN,45,FUTURE,RETROSPECTIVE,True,False,True,False,-0.062,-0.1415725265351449,0.0795725265351449,,,,,,,,,,,,,,,,229.87,1.0,1.0,98,cb6ab391-510a-562a-a1bc-a173959477a0,13.066666666666666,13.066666666666666,13.066666666666666,45.55555556,28.73099823,False,False,False,False,False,,,,,,,,,,False,4.44444444,0.06906673855,125.83333333333333
09935cc4-f542-569f-b50c-7460e0663860__TO__8ac7badc-828c-5c70-bbf4-d92f136c2564,2021,ANDRETTI,25,Stefan Wilson,WINDOW_MEDIAN,60,ANY,RETROSPECTIVE,True,True,True,True,-0.062,-0.1415725265351449,0.0795725265351449,231.046,3.0,3.0,26|27|98,e9da8645-6367-51bf-8601-3670e9e76c5e|69b27d9b-5386-5a2c-a855-449bb527fca1|b671a083-ccd6-5511-a882-53e7bf202c19,11.683333333333334,54.15,-38.333333333333336,38.333333333333336,28.192662600000002,False,False,False,False,False,230.04950000000002,2.0,2.0,26|98,90108456-7f40-5313-a9ff-43273b65d2f0|cb6ab391-510a-562a-a1bc-a173959477a0,13.066666666666666,47.166666666666664,-17.049999999999997,46.944444445,28.731846975,False,False,False,False,False,-0.9964999999999691,0.934499999999969,True,False,0.0,False,8.611111111666666,0.5391843749999978,,False,4.44444444,0.06906673855,125.83333333333333
09935cc4-f542-569f-b50c-7460e0663860__TO__8ac7badc-828c-5c70-bbf4-d92f136c2564,2021,ANDRETTI,25,Stefan Wilson,WINDOW_MEDIAN,60,PRIOR,PIT_COMPATIBLE,True,True,True,True,-0.062,-0.1415725265351449,0.0795725265351449,231.046,3.0,3.0,26|27|98,e9da8645-6367-51bf-8601-3670e9e76c5e|69b27d9b-5386-5a2c-a855-449bb527fca1|b671a083-ccd6-5511-a882-53e7bf202c19,11.683333333333334,54.15,-38.333333333333336,38.333333333333336,28.192662600000002,False,False,False,False,False,230.229,1.0,1.0,26,90108456-7f40-5313-a9ff-43273b65d2f0,47.166666666666664,47.166666666666664,-47.166666666666664,48.33333333,28.73269572,False,False,False,False,False,-0.8169999999999789,0.7549999999999788,True,False,0.0,False,9.999999996666666,0.5400331199999968,,False,4.44444444,0.06906673855,125.83333333333333
09935cc4-f542-569f-b50c-7460e0663860__TO__8ac7badc-828c-5c70-bbf4-d92f136c2564,2021,ANDRETTI,25,Stefan Wilson,WINDOW_MEDIAN,60,FUTURE,RETROSPECTIVE,True,False,True,False,-0.062,-0.1415725265351449,0.0795725265351449,,,,,,,,,,,,,,,,229.87,1.0,1.0,98,cb6ab391-510a-562a-a1bc-a173959477a0,13.066666666666666,13.066666666666666,13.066666666666666,45.55555556,28.73099823,False,False,False,False,False,,,,,,,,,,False,4.44444444,0.06906673855,125.83333333333333
e9da8645-6367-51bf-8601-3670e9e76c5e__TO__90108456-7f40-5313-a9ff-43273b65d2f0,2021,ANDRETTI,26,Colton Herta,WINDOW_MEDIAN,5,ANY,RETROSPECTIVE,True,True,False,False,-1.419,-0.2263188896613532,-1.1926811103386468,231.046,1.0,1.0,27,69b27d9b-5386-5a2c-a855-449bb527fca1,4.983333333333333,4.983333333333333,4.983333333333333,37.77777778,27.96725065,False,False,False,False,False,,,,,,,,,,,,,,,,,,,,,,,,,False,10.55555555,0.7897143809,132.81666666666666
e9da8645-6367-51bf-8601-3670e9e76c5e__TO__90108456-7f40-5313-a9ff-43273b65d2f0,2021,ANDRETTI,26,Colton Herta,WINDOW_MEDIAN,5,PRIOR,PIT_COMPATIBLE,True,False,False,False,-1.419,-0.2263188896613532,-1.1926811103386468,,,,,,,,,,,,,,,,,,,,,,,,,,,,,,,,,,,,,,,,False,10.55555555,0.7897143809,132.81666666666666
e9da8645-6367-51bf-8601-3670e9e76c5e__TO__90108456-7f40-5313-a9ff-43273b65d2f0,2021,ANDRETTI,26,Colton Herta,WINDOW_MEDIAN,5,FUTURE,RETROSPECTIVE,True,True,False,False,-1.419,-0.2263188896613532,-1.1926811103386468,231.046,1.0,1.0,27,69b27d9b-5386-5a2c-a855-449bb527fca1,4.983333333333333,4.983333333333333,4.983333333333333,37.77777778,27.96725065,False,False,False,False,False,,,,,,,,,,,,,,,,,,,,,,,,,False,10.55555555,0.7897143809,132.81666666666666
e9da8645-6367-51bf-8601-3670e9e76c5e__TO__90108456-7f40-5313-a9ff-43273b65d2f0,2021,ANDRETTI,26,Colton Herta,WINDOW_MEDIAN,10,ANY,RETROSPECTIVE,True,True,False,False,-1.419,-0.2263188896613532,-1.1926811103386468,231.046,1.0,1.0,27,69b27d9b-5386-5a2c-a855-449bb527fca1,4.983333333333333,4.983333333333333,4.983333333333333,37.77777778,27.96725065,False,False,False,False,False,,,,,,,,,,,,,,,,,,,,,,,,,False,10.55555555,0.7897143809,132.81666666666666
e9da8645-6367-51bf-8601-3670e9e76c5e__TO__90108456-7f40-5313-a9ff-43273b65d2f0,2021,ANDRETTI,26,Colton Herta,WINDOW_MEDIAN,10,PRIOR,PIT_COMPATIBLE,True,False,False,False,-1.419,-0.2263188896613532,-1.1926811103386468,,,,,,,,,,,,,,,,,,,,,,,,,,,,,,,,,,,,,,,,False,10.55555555,0.7897143809,132.81666666666666
e9da8645-6367-51bf-8601-3670e9e76c5e__TO__90108456-7f40-5313-a9ff-43273b65d2f0,2021,ANDRETTI,26,Colton Herta,WINDOW_MEDIAN,10,FUTURE,RETROSPECTIVE,True,True,False,False,-1.419,-0.2263188896613532,-1.1926811103386468,231.046,1.0,1.0,27,69b27d9b-5386-5a2c-a855-449bb527fca1,4.983333333333333,4.983333333333333,4.983333333333333,37.77777778,27.96725065,False,False,False,False,False,,,,,,,,,,,,,,,,,,,,,,,,,False,10.55555555,0.7897143809,132.81666666666666
e9da8645-6367-51bf-8601-3670e9e76c5e__TO__90108456-7f40-5313-a9ff-43273b65d2f0,2021,ANDRETTI,26,Colton Herta,WINDOW_MEDIAN,15,ANY,RETROSPECTIVE,True,True,False,False,-1.419,-0.2263188896613532,-1.1926811103386468,231.046,1.0,1.0,27,69b27d9b-5386-5a2c-a855-449bb527fca1,4.983333333333333,4.983333333333333,4.983333333333333,37.77777778,27.96725065,False,False,False,False,False,,,,,,,,,,,,,,,,,,,,,,,,,False,10.55555555,0.7897143809,132.81666666666666
e9da8645-6367-51bf-8601-3670e9e76c5e__TO__90108456-7f40-5313-a9ff-43273b65d2f0,2021,ANDRETTI,26,Colton Herta,WINDOW_MEDIAN,15,PRIOR,PIT_COMPATIBLE,True,False,False,False,-1.419,-0.2263188896613532,-1.1926811103386468,,,,,,,,,,,,,,,,,,,,,,,,,,,,,,,,,,,,,,,,False,10.55555555,0.7897143809,132.81666666666666
e9da8645-6367-51bf-8601-3670e9e76c5e__TO__90108456-7f40-5313-a9ff-43273b65d2f0,2021,ANDRETTI,26,Colton Herta,WINDOW_MEDIAN,15,FUTURE,RETROSPECTIVE,True,True,False,False,-1.419,-0.2263188896613532,-1.1926811103386468,231.046,1.0,1.0,27,69b27d9b-5386-5a2c-a855-449bb527fca1,4.983333333333333,4.983333333333333,4.983333333333333,37.77777778,27.96725065,False,False,False,False,False,,,,,,,,,,,,,,,,,,,,,,,,,False,10.55555555,0.7897143809,132.81666666666666
e9da8645-6367-51bf-8601-3670e9e76c5e__TO__90108456-7f40-5313-a9ff-43273b65d2f0,2021,ANDRETTI,26,Colton Herta,WINDOW_MEDIAN,20,ANY,RETROSPECTIVE,True,True,False,False,-1.419,-0.2263188896613532,-1.1926811103386468,231.046,1.0,1.0,27,69b27d9b-5386-5a2c-a855-449bb527fca1,4.983333333333333,4.983333333333333,4.983333333333333,37.77777778,27.96725065,False,False,False,False,False,,,,,,,,,,,,,,,,,,,,,,,,,False,10.55555555,0.7897143809,132.81666666666666
e9da8645-6367-51bf-8601-3670e9e76c5e__TO__90108456-7f40-5313-a9ff-43273b65d2f0,2021,ANDRETTI,26,Colton Herta,WINDOW_MEDIAN,20,PRIOR,PIT_COMPATIBLE,True,False,False,False,-1.419,-0.2263188896613532,-1.1926811103386468,,,,,,,,,,,,,,,,,,,,,,,,,,,,,,,,,,,,,,,,False,10.55555555,0.7897143809,132.81666666666666
e9da8645-6367-51bf-8601-3670e9e76c5e__TO__90108456-7f40-5313-a9ff-43273b65d2f0,2021,ANDRETTI,26,Colton Herta,WINDOW_MEDIAN,20,FUTURE,RETROSPECTIVE,True,True,False,False,-1.419,-0.2263188896613532,-1.1926811103386468,231.046,1.0,1.0,27,69b27d9b-5386-5a2c-a855-449bb527fca1,4.983333333333333,4.983333333333333,4.983333333333333,37.77777778,27.96725065,False,False,False,False,False,,,,,,,,,,,,,,,,,,,,,,,,,False,10.55555555,0.7897143809,132.81666666666666
e9da8645-6367-51bf-8601-3670e9e76c5e__TO__90108456-7f40-5313-a9ff-43273b65d2f0,2021,ANDRETTI,26,Colton Herta,WINDOW_MEDIAN,30,ANY,RETROSPECTIVE,True,True,False,False,-1.419,-0.2263188896613532,-1.1926811103386468,231.046,1.0,1.0,27,69b27d9b-5386-5a2c-a855-449bb527fca1,4.983333333333333,4.983333333333333,4.983333333333333,37.77777778,27.96725065,False,False,False,False,False,,,,,,,,,,,,,,,,,,,,,,,,,False,10.55555555,0.7897143809,132.81666666666666
e9da8645-6367-51bf-8601-3670e9e76c5e__TO__90108456-7f40-5313-a9ff-43273b65d2f0,2021,ANDRETTI,26,Colton Herta,WINDOW_MEDIAN,30,PRIOR,PIT_COMPATIBLE,True,False,False,False,-1.419,-0.2263188896613532,-1.1926811103386468,,,,,,,,,,,,,,,,,,,,,,,,,,,,,,,,,,,,,,,,False,10.55555555,0.7897143809,132.81666666666666
e9da8645-6367-51bf-8601-3670e9e76c5e__TO__90108456-7f40-5313-a9ff-43273b65d2f0,2021,ANDRETTI,26,Colton Herta,WINDOW_MEDIAN,30,FUTURE,RETROSPECTIVE,True,True,False,False,-1.419,-0.2263188896613532,-1.1926811103386468,231.046,1.0,1.0,27,69b27d9b-5386-5a2c-a855-449bb527fca1,4.983333333333333,4.983333333333333,4.983333333333333,37.77777778,27.96725065,False,False,False,False,False,,,,,,,,,,,,,,,,,,,,,,,,,False,10.55555555,0.7897143809,132.81666666666666
e9da8645-6367-51bf-8601-3670e9e76c5e__TO__90108456-7f40-5313-a9ff-43273b65d2f0,2021,ANDRETTI,26,Colton Herta,WINDOW_MEDIAN,45,ANY,RETROSPECTIVE,True,True,False,False,-1.419,-0.2263188896613532,-1.1926811103386468,230.459,2.0,2.0,27|98,69b27d9b-5386-5a2c-a855-449bb527fca1|b671a083-ccd6-5511-a882-53e7bf202c19,4.983333333333333,42.46666666666667,23.725,38.611111109999996,28.31750323,False,False,False,False,False,,,,,,,,,,,,,,,,,,,,,,,,,False,10.55555555,0.7897143809,132.81666666666666
e9da8645-6367-51bf-8601-3670e9e76c5e__TO__90108456-7f40-5313-a9ff-43273b65d2f0,2021,ANDRETTI,26,Colton Herta,WINDOW_MEDIAN,45,PRIOR,PIT_COMPATIBLE,True,False,False,False,-1.419,-0.2263188896613532,-1.1926811103386468,,,,,,,,,,,,,,,,,,,,,,,,,,,,,,,,,,,,,,,,False,10.55555555,0.7897143809,132.81666666666666
e9da8645-6367-51bf-8601-3670e9e76c5e__TO__90108456-7f40-5313-a9ff-43273b65d2f0,2021,ANDRETTI,26,Colton Herta,WINDOW_MEDIAN,45,FUTURE,RETROSPECTIVE,True,True,False,False,-1.419,-0.2263188896613532,-1.1926811103386468,230.459,2.0,2.0,27|98,69b27d9b-5386-5a2c-a855-449bb527fca1|b671a083-ccd6-5511-a882-53e7bf202c19,4.983333333333333,42.46666666666667,23.725,38.611111109999996,28.31750323,False,False,False,False,False,,,,,,,,,,,,,,,,,,,,,,,,,False,10.55555555,0.7897143809,132.81666666666666
e9da8645-6367-51bf-8601-3670e9e76c5e__TO__90108456-7f40-5313-a9ff-43273b65d2f0,2021,ANDRETTI,26,Colton Herta,WINDOW_MEDIAN,60,ANY,RETROSPECTIVE,True,True,True,True,-1.419,-0.2263188896613532,-1.1926811103386468,229.872,3.0,3.0,25|27|98,09935cc4-f542-569f-b50c-7460e0663860|69b27d9b-5386-5a2c-a855-449bb527fca1|b671a083-ccd6-5511-a882-53e7bf202c19,4.983333333333333,54.15,33.86666666666667,40.0,28.44071769,False,False,False,False,False,229.632,1.0,1.0,25,8ac7badc-828c-5c70-bbf4-d92f136c2564,47.166666666666664,47.166666666666664,47.166666666666664,47.22222222,28.75621334,False,False,False,False,False,-0.2400000000000091,-1.178999999999991,True,False,0.0,False,7.222222219999999,0.315495649999999,,False,10.55555555,0.7897143809,132.81666666666666
e9da8645-6367-51bf-8601-3670e9e76c5e__TO__90108456-7f40-5313-a9ff-43273b65d2f0,2021,ANDRETTI,26,Colton Herta,WINDOW_MEDIAN,60,PRIOR,PIT_COMPATIBLE,True,False,False,False,-1.419,-0.2263188896613532,-1.1926811103386468,,,,,,,,,,,,,,,,,,,,,,,,,,,,,,,,,,,,,,,,False,10.55555555,0.7897143809,132.81666666666666
e9da8645-6367-51bf-8601-3670e9e76c5e__TO__90108456-7f40-5313-a9ff-43273b65d2f0,2021,ANDRETTI,26,Colton Herta,WINDOW_MEDIAN,60,FUTURE,RETROSPECTIVE,True,True,True,True,-1.419,-0.2263188896613532,-1.1926811103386468,229.872,3.0,3.0,25|27|98,09935cc4-f542-569f-b50c-7460e0663860|69b27d9b-5386-5a2c-a855-449bb527fca1|b671a083-ccd6-5511-a882-53e7bf202c19,4.983333333333333,54.15,33.86666666666667,40.0,28.44071769,False,False,False,False,False,229.632,1.0,1.0,25,8ac7badc-828c-5c70-bbf4-d92f136c2564,47.166666666666664,47.166666666666664,47.166666666666664,47.22222222,28.75621334,False,False,False,False,False,-0.2400000000000091,-1.178999999999991,True,False,0.0,False,7.222222219999999,0.315495649999999,,False,10.55555555,0.7897143809,132.81666666666666
099ab32a-d351-5011-931c-148b9f3d7921__TO__a5d8e516-48e0-58b8-ac13-213c753fc12d,2021,AJ_FOYT,4,Dalton Kellett,WINDOW_MEDIAN,5,ANY,RETROSPECTIVE,True,False,False,False,-0.927,-0.0522116658109209,-0.8747883341890791,,,,,,,,,,,,,,,,,,,,,,,,,,,,,,,,,,,,,,,,False,6.66666667,1.015215522,241.71666666666667
099ab32a-d351-5011-931c-148b9f3d7921__TO__a5d8e516-48e0-58b8-ac13-213c753fc12d,2021,AJ_FOYT,4,Dalton Kellett,WINDOW_MEDIAN,5,PRIOR,PIT_COMPATIBLE,True,False,False,False,-0.927,-0.0522116658109209,-0.8747883341890791,,,,,,,,,,,,,,,,,,,,,,,,,,,,,,,,,,,,,,,,False,6.66666667,1.015215522,241.71666666666667
099ab32a-d351-5011-931c-148b9f3d7921__TO__a5d8e516-48e0-58b8-ac13-213c753fc12d,2021,AJ_FOYT,4,Dalton Kellett,WINDOW_MEDIAN,5,FUTURE,RETROSPECTIVE,True,False,False,False,-0.927,-0.0522116658109209,-0.8747883341890791,,,,,,,,,,,,,,,,,,,,,,,,,,,,,,,,,,,,,,,,False,6.66666667,1.015215522,241.71666666666667
099ab32a-d351-5011-931c-148b9f3d7921__TO__a5d8e516-48e0-58b8-ac13-213c753fc12d,2021,AJ_FOYT,4,Dalton Kellett,WINDOW_MEDIAN,10,ANY,RETROSPECTIVE,True,False,False,False,-0.927,-0.0522116658109209,-0.8747883341890791,,,,,,,,,,,,,,,,,,,,,,,,,,,,,,,,,,,,,,,,False,6.66666667,1.015215522,241.71666666666667
099ab32a-d351-5011-931c-148b9f3d7921__TO__a5d8e516-48e0-58b8-ac13-213c753fc12d,2021,AJ_FOYT,4,Dalton Kellett,WINDOW_MEDIAN,10,PRIOR,PIT_COMPATIBLE,True,False,False,False,-0.927,-0.0522116658109209,-0.8747883341890791,,,,,,,,,,,,,,,,,,,,,,,,,,,,,,,,,,,,,,,,False,6.66666667,1.015215522,241.71666666666667
099ab32a-d351-5011-931c-148b9f3d7921__TO__a5d8e516-48e0-58b8-ac13-213c753fc12d,2021,AJ_FOYT,4,Dalton Kellett,WINDOW_MEDIAN,10,FUTURE,RETROSPECTIVE,True,False,False,False,-0.927,-0.0522116658109209,-0.8747883341890791,,,,,,,,,,,,,,,,,,,,,,,,,,,,,,,,,,,,,,,,False,6.66666667,1.015215522,241.71666666666667
099ab32a-d351-5011-931c-148b9f3d7921__TO__a5d8e516-48e0-58b8-ac13-213c753fc12d,2021,AJ_FOYT,4,Dalton Kellett,WINDOW_MEDIAN,15,ANY,RETROSPECTIVE,True,False,False,False,-0.927,-0.0522116658109209,-0.8747883341890791,,,,,,,,,,,,,,,,,,,,,,,,,,,,,,,,,,,,,,,,False,6.66666667,1.015215522,241.71666666666667
099ab32a-d351-5011-931c-148b9f3d7921__TO__a5d8e516-48e0-58b8-ac13-213c753fc12d,2021,AJ_FOYT,4,Dalton Kellett,WINDOW_MEDIAN,15,PRIOR,PIT_COMPATIBLE,True,False,False,False,-0.927,-0.0522116658109209,-0.8747883341890791,,,,,,,,,,,,,,,,,,,,,,,,,,,,,,,,,,,,,,,,False,6.66666667,1.015215522,241.71666666666667
099ab32a-d351-5011-931c-148b9f3d7921__TO__a5d8e516-48e0-58b8-ac13-213c753fc12d,2021,AJ_FOYT,4,Dalton Kellett,WINDOW_MEDIAN,15,FUTURE,RETROSPECTIVE,True,False,False,False,-0.927,-0.0522116658109209,-0.8747883341890791,,,,,,,,,,,,,,,,,,,,,,,,,,,,,,,,,,,,,,,,False,6.66666667,1.015215522,241.71666666666667
099ab32a-d351-5011-931c-148b9f3d7921__TO__a5d8e516-48e0-58b8-ac13-213c753fc12d,2021,AJ_FOYT,4,Dalton Kellett,WINDOW_MEDIAN,20,ANY,RETROSPECTIVE,True,False,False,False,-0.927,-0.0522116658109209,-0.8747883341890791,,,,,,,,,,,,,,,,,,,,,,,,,,,,,,,,,,,,,,,,False,6.66666667,1.015215522,241.71666666666667
099ab32a-d351-5011-931c-148b9f3d7921__TO__a5d8e516-48e0-58b8-ac13-213c753fc12d,2021,AJ_FOYT,4,Dalton Kellett,WINDOW_MEDIAN,20,PRIOR,PIT_COMPATIBLE,True,False,False,False,-0.927,-0.0522116658109209,-0.8747883341890791,,,,,,,,,,,,,,,,,,,,,,,,,,,,,,,,,,,,,,,,False,6.66666667,1.015215522,241.71666666666667
099ab32a-d351-5011-931c-148b9f3d7921__TO__a5d8e516-48e0-58b8-ac13-213c753fc12d,2021,AJ_FOYT,4,Dalton Kellett,WINDOW_MEDIAN,20,FUTURE,RETROSPECTIVE,True,False,False,False,-0.927,-0.0522116658109209,-0.8747883341890791,,,,,,,,,,,,,,,,,,,,,,,,,,,,,,,,,,,,,,,,False,6.66666667,1.015215522,241.71666666666667
099ab32a-d351-5011-931c-148b9f3d7921__TO__a5d8e516-48e0-58b8-ac13-213c753fc12d,2021,AJ_FOYT,4,Dalton Kellett,WINDOW_MEDIAN,30,ANY,RETROSPECTIVE,True,True,False,False,-0.927,-0.0522116658109209,-0.8747883341890791,229.98,1.0,1.0,1,f31f214f-a151-5b1d-afaf-bb7103c2d514,28.333333333333332,28.333333333333332,-28.333333333333332,38.33333333,26.87899445,False,False,False,False,False,,,,,,,,,,,,,,,,,,,,,,,,,False,6.66666667,1.015215522,241.71666666666667
099ab32a-d351-5011-931c-148b9f3d7921__TO__a5d8e516-48e0-58b8-ac13-213c753fc12d,2021,AJ_FOYT,4,Dalton Kellett,WINDOW_MEDIAN,30,PRIOR,PIT_COMPATIBLE,True,True,False,False,-0.927,-0.0522116658109209,-0.8747883341890791,229.98,1.0,1.0,1,f31f214f-a151-5b1d-afaf-bb7103c2d514,28.333333333333332,28.333333333333332,-28.333333333333332,38.33333333,26.87899445,False,False,False,False,False,,,,,,,,,,,,,,,,,,,,,,,,,False,6.66666667,1.015215522,241.71666666666667
099ab32a-d351-5011-931c-148b9f3d7921__TO__a5d8e516-48e0-58b8-ac13-213c753fc12d,2021,AJ_FOYT,4,Dalton Kellett,WINDOW_MEDIAN,30,FUTURE,RETROSPECTIVE,True,False,False,False,-0.927,-0.0522116658109209,-0.8747883341890791,,,,,,,,,,,,,,,,,,,,,,,,,,,,,,,,,,,,,,,,False,6.66666667,1.015215522,241.71666666666667
099ab32a-d351-5011-931c-148b9f3d7921__TO__a5d8e516-48e0-58b8-ac13-213c753fc12d,2021,AJ_FOYT,4,Dalton Kellett,WINDOW_MEDIAN,45,ANY,RETROSPECTIVE,True,True,False,False,-0.927,-0.0522116658109209,-0.8747883341890791,229.98,1.0,1.0,1,f31f214f-a151-5b1d-afaf-bb7103c2d514,28.333333333333332,28.333333333333332,-28.333333333333332,38.33333333,26.87899445,False,False,False,False,False,,,,,,,,,,,,,,,,,,,,,,,,,False,6.66666667,1.015215522,241.71666666666667
099ab32a-d351-5011-931c-148b9f3d7921__TO__a5d8e516-48e0-58b8-ac13-213c753fc12d,2021,AJ_FOYT,4,Dalton Kellett,WINDOW_MEDIAN,45,PRIOR,PIT_COMPATIBLE,True,True,False,False,-0.927,-0.0522116658109209,-0.8747883341890791,229.98,1.0,1.0,1,f31f214f-a151-5b1d-afaf-bb7103c2d514,28.333333333333332,28.333333333333332,-28.333333333333332,38.33333333,26.87899445,False,False,False,False,False,,,,,,,,,,,,,,,,,,,,,,,,,False,6.66666667,1.015215522,241.71666666666667
099ab32a-d351-5011-931c-148b9f3d7921__TO__a5d8e516-48e0-58b8-ac13-213c753fc12d,2021,AJ_FOYT,4,Dalton Kellett,WINDOW_MEDIAN,45,FUTURE,RETROSPECTIVE,True,False,False,False,-0.927,-0.0522116658109209,-0.8747883341890791,,,,,,,,,,,,,,,,,,,,,,,,,,,,,,,,,,,,,,,,False,6.66666667,1.015215522,241.71666666666667
099ab32a-d351-5011-931c-148b9f3d7921__TO__a5d8e516-48e0-58b8-ac13-213c753fc12d,2021,AJ_FOYT,4,Dalton Kellett,WINDOW_MEDIAN,60,ANY,RETROSPECTIVE,True,True,False,False,-0.927,-0.0522116658109209,-0.8747883341890791,229.744,3.0,3.0,1|11|14,f31f214f-a151-5b1d-afaf-bb7103c2d514|c150c8f9-470c-58e6-8766-44b6b751369f|da571070-dc03-5eb8-ac88-efd026c446d8,28.333333333333332,50.86666666666667,22.794444444444448,38.33333333,27.87029284333333,False,False,False,False,False,,,,,,,,,,,,,,,,,,,,,,,,,False,6.66666667,1.015215522,241.71666666666667
099ab32a-d351-5011-931c-148b9f3d7921__TO__a5d8e516-48e0-58b8-ac13-213c753fc12d,2021,AJ_FOYT,4,Dalton Kellett,WINDOW_MEDIAN,60,PRIOR,PIT_COMPATIBLE,True,True,False,False,-0.927,-0.0522116658109209,-0.8747883341890791,229.98,1.0,1.0,1,f31f214f-a151-5b1d-afaf-bb7103c2d514,28.333333333333332,28.333333333333332,-28.333333333333332,38.33333333,26.87899445,False,False,False,False,False,,,,,,,,,,,,,,,,,,,,,,,,,False,6.66666667,1.015215522,241.71666666666667
099ab32a-d351-5011-931c-148b9f3d7921__TO__a5d8e516-48e0-58b8-ac13-213c753fc12d,2021,AJ_FOYT,4,Dalton Kellett,WINDOW_MEDIAN,60,FUTURE,RETROSPECTIVE,True,True,False,False,-0.927,-0.0522116658109209,-0.8747883341890791,229.0725,2.0,2.0,11|14,c150c8f9-470c-58e6-8766-44b6b751369f|da571070-dc03-5eb8-ac88-efd026c446d8,45.85,50.86666666666667,48.358333333333334,38.33333333,28.36594204,False,False,False,False,False,,,,,,,,,,,,,,,,,,,,,,,,,False,6.66666667,1.015215522,241.71666666666667
11be8bd4-5c39-5bd2-b24f-b6c87f0d885a__TO__fb947c1e-3d51-506f-bbbc-12ecbcdce5da,2021,ED_CARPENTER_RACING,47,Conor Daly,WINDOW_MEDIAN,5,ANY,RETROSPECTIVE,True,False,False,False,-0.154,-0.1202580957880802,-0.0337419042119198,,,,,,,,,,,,,,,,,,,,,,,,,,,,,,,,,,,,,,,,False,7.77777778,0.8466078101,126.81666666666666
11be8bd4-5c39-5bd2-b24f-b6c87f0d885a__TO__fb947c1e-3d51-506f-bbbc-12ecbcdce5da,2021,ED_CARPENTER_RACING,47,Conor Daly,WINDOW_MEDIAN,5,PRIOR,PIT_COMPATIBLE,True,False,False,False,-0.154,-0.1202580957880802,-0.0337419042119198,,,,,,,,,,,,,,,,,,,,,,,,,,,,,,,,,,,,,,,,False,7.77777778,0.8466078101,126.81666666666666
11be8bd4-5c39-5bd2-b24f-b6c87f0d885a__TO__fb947c1e-3d51-506f-bbbc-12ecbcdce5da,2021,ED_CARPENTER_RACING,47,Conor Daly,WINDOW_MEDIAN,5,FUTURE,RETROSPECTIVE,True,False,False,False,-0.154,-0.1202580957880802,-0.0337419042119198,,,,,,,,,,,,,,,,,,,,,,,,,,,,,,,,,,,,,,,,False,7.77777778,0.8466078101,126.81666666666666
11be8bd4-5c39-5bd2-b24f-b6c87f0d885a__TO__fb947c1e-3d51-506f-bbbc-12ecbcdce5da,2021,ED_CARPENTER_RACING,47,Conor Daly,WINDOW_MEDIAN,10,ANY,RETROSPECTIVE,True,False,False,False,-0.154,-0.1202580957880802,-0.0337419042119198,,,,,,,,,,,,,,,,,,,,,,,,,,,,,,,,,,,,,,,,False,7.77777778,0.8466078101,126.81666666666666
11be8bd4-5c39-5bd2-b24f-b6c87f0d885a__TO__fb947c1e-3d51-506f-bbbc-12ecbcdce5da,2021,ED_CARPENTER_RACING,47,Conor Daly,WINDOW_MEDIAN,10,PRIOR,PIT_COMPATIBLE,True,False,False,False,-0.154,-0.1202580957880802,-0.0337419042119198,,,,,,,,,,,,,,,,,,,,,,,,,,,,,,,,,,,,,,,,False,7.77777778,0.8466078101,126.81666666666666
11be8bd4-5c39-5bd2-b24f-b6c87f0d885a__TO__fb947c1e-3d51-506f-bbbc-12ecbcdce5da,2021,ED_CARPENTER_RACING,47,Conor Daly,WINDOW_MEDIAN,10,FUTURE,RETROSPECTIVE,True,False,False,False,-0.154,-0.1202580957880802,-0.0337419042119198,,,,,,,,,,,,,,,,,,,,,,,,,,,,,,,,,,,,,,,,False,7.77777778,0.8466078101,126.81666666666666
11be8bd4-5c39-5bd2-b24f-b6c87f0d885a__TO__fb947c1e-3d51-506f-bbbc-12ecbcdce5da,2021,ED_CARPENTER_RACING,47,Conor Daly,WINDOW_MEDIAN,15,ANY,RETROSPECTIVE,True,False,False,False,-0.154,-0.1202580957880802,-0.0337419042119198,,,,,,,,,,,,,,,,,,,,,,,,,,,,,,,,,,,,,,,,False,7.77777778,0.8466078101,126.81666666666666
11be8bd4-5c39-5bd2-b24f-b6c87f0d885a__TO__fb947c1e-3d51-506f-bbbc-12ecbcdce5da,2021,ED_CARPENTER_RACING,47,Conor Daly,WINDOW_MEDIAN,15,PRIOR,PIT_COMPATIBLE,True,False,False,False,-0.154,-0.1202580957880802,-0.0337419042119198,,,,,,,,,,,,,,,,,,,,,,,,,,,,,,,,,,,,,,,,False,7.77777778,0.8466078101,126.81666666666666
11be8bd4-5c39-5bd2-b24f-b6c87f0d885a__TO__fb947c1e-3d51-506f-bbbc-12ecbcdce5da,2021,ED_CARPENTER_RACING,47,Conor Daly,WINDOW_MEDIAN,15,FUTURE,RETROSPECTIVE,True,False,False,False,-0.154,-0.1202580957880802,-0.0337419042119198,,,,,,,,,,,,,,,,,,,,,,,,,,,,,,,,,,,,,,,,False,7.77777778,0.8466078101,126.81666666666666
11be8bd4-5c39-5bd2-b24f-b6c87f0d885a__TO__fb947c1e-3d51-506f-bbbc-12ecbcdce5da,2021,ED_CARPENTER_RACING,47,Conor Daly,WINDOW_MEDIAN,20,ANY,RETROSPECTIVE,True,False,False,False,-0.154,-0.1202580957880802,-0.0337419042119198,,,,,,,,,,,,,,,,,,,,,,,,,,,,,,,,,,,,,,,,False,7.77777778,0.8466078101,126.81666666666666
11be8bd4-5c39-5bd2-b24f-b6c87f0d885a__TO__fb947c1e-3d51-506f-bbbc-12ecbcdce5da,2021,ED_CARPENTER_RACING,47,Conor Daly,WINDOW_MEDIAN,20,PRIOR,PIT_COMPATIBLE,True,False,False,False,-0.154,-0.1202580957880802,-0.0337419042119198,,,,,,,,,,,,,,,,,,,,,,,,,,,,,,,,,,,,,,,,False,7.77777778,0.8466078101,126.81666666666666
11be8bd4-5c39-5bd2-b24f-b6c87f0d885a__TO__fb947c1e-3d51-506f-bbbc-12ecbcdce5da,2021,ED_CARPENTER_RACING,47,Conor Daly,WINDOW_MEDIAN,20,FUTURE,RETROSPECTIVE,True,False,False,False,-0.154,-0.1202580957880802,-0.0337419042119198,,,,,,,,,,,,,,,,,,,,,,,,,,,,,,,,,,,,,,,,False,7.77777778,0.8466078101,126.81666666666666
11be8bd4-5c39-5bd2-b24f-b6c87f0d885a__TO__fb947c1e-3d51-506f-bbbc-12ecbcdce5da,2021,ED_CARPENTER_RACING,47,Conor Daly,WINDOW_MEDIAN,30,ANY,RETROSPECTIVE,True,True,False,False,-0.154,-0.1202580957880802,-0.0337419042119198,231.616,1.0,1.0,20,bcd24d81-7b19-5290-b6d7-b3ce5ce41195,23.333333333333332,23.333333333333332,-23.333333333333332,38.33333333,27.0387705,False,False,False,False,False,,,,,,,,,,,,,,,,,,,,,,,,,False,7.77777778,0.8466078101,126.81666666666666
11be8bd4-5c39-5bd2-b24f-b6c87f0d885a__TO__fb947c1e-3d51-506f-bbbc-12ecbcdce5da,2021,ED_CARPENTER_RACING,47,Conor Daly,WINDOW_MEDIAN,30,PRIOR,PIT_COMPATIBLE,True,True,False,False,-0.154,-0.1202580957880802,-0.0337419042119198,231.616,1.0,1.0,20,bcd24d81-7b19-5290-b6d7-b3ce5ce41195,23.333333333333332,23.333333333333332,-23.333333333333332,38.33333333,27.0387705,False,False,False,False,False,,,,,,,,,,,,,,,,,,,,,,,,,False,7.77777778,0.8466078101,126.81666666666666
11be8bd4-5c39-5bd2-b24f-b6c87f0d885a__TO__fb947c1e-3d51-506f-bbbc-12ecbcdce5da,2021,ED_CARPENTER_RACING,47,Conor Daly,WINDOW_MEDIAN,30,FUTURE,RETROSPECTIVE,True,False,False,False,-0.154,-0.1202580957880802,-0.0337419042119198,,,,,,,,,,,,,,,,,,,,,,,,,,,,,,,,,,,,,,,,False,7.77777778,0.8466078101,126.81666666666666
11be8bd4-5c39-5bd2-b24f-b6c87f0d885a__TO__fb947c1e-3d51-506f-bbbc-12ecbcdce5da,2021,ED_CARPENTER_RACING,47,Conor Daly,WINDOW_MEDIAN,45,ANY,RETROSPECTIVE,True,True,False,False,-0.154,-0.1202580957880802,-0.0337419042119198,231.616,1.0,1.0,20,bcd24d81-7b19-5290-b6d7-b3ce5ce41195,23.333333333333332,23.333333333333332,-23.333333333333332,38.33333333,27.0387705,False,False,False,False,False,,,,,,,,,,,,,,,,,,,,,,,,,False,7.77777778,0.8466078101,126.81666666666666
11be8bd4-5c39-5bd2-b24f-b6c87f0d885a__TO__fb947c1e-3d51-506f-bbbc-12ecbcdce5da,2021,ED_CARPENTER_RACING,47,Conor Daly,WINDOW_MEDIAN,45,PRIOR,PIT_COMPATIBLE,True,True,False,False,-0.154,-0.1202580957880802,-0.0337419042119198,231.616,1.0,1.0,20,bcd24d81-7b19-5290-b6d7-b3ce5ce41195,23.333333333333332,23.333333333333332,-23.333333333333332,38.33333333,27.0387705,False,False,False,False,False,,,,,,,,,,,,,,,,,,,,,,,,,False,7.77777778,0.8466078101,126.81666666666666
11be8bd4-5c39-5bd2-b24f-b6c87f0d885a__TO__fb947c1e-3d51-506f-bbbc-12ecbcdce5da,2021,ED_CARPENTER_RACING,47,Conor Daly,WINDOW_MEDIAN,45,FUTURE,RETROSPECTIVE,True,False,False,False,-0.154,-0.1202580957880802,-0.0337419042119198,,,,,,,,,,,,,,,,,,,,,,,,,,,,,,,,,,,,,,,,False,7.77777778,0.8466078101,126.81666666666666
11be8bd4-5c39-5bd2-b24f-b6c87f0d885a__TO__fb947c1e-3d51-506f-bbbc-12ecbcdce5da,2021,ED_CARPENTER_RACING,47,Conor Daly,WINDOW_MEDIAN,60,ANY,RETROSPECTIVE,True,True,False,False,-0.154,-0.1202580957880802,-0.0337419042119198,231.616,1.0,1.0,20,bcd24d81-7b19-5290-b6d7-b3ce5ce41195,23.333333333333332,23.333333333333332,-23.333333333333332,38.33333333,27.0387705,False,False,False,False,False,,,,,,,,,,,,,,,,,,,,,,,,,False,7.77777778,0.8466078101,126.81666666666666
11be8bd4-5c39-5bd2-b24f-b6c87f0d885a__TO__fb947c1e-3d51-506f-bbbc-12ecbcdce5da,2021,ED_CARPENTER_RACING,47,Conor Daly,WINDOW_MEDIAN,60,PRIOR,PIT_COMPATIBLE,True,True,False,False,-0.154,-0.1202580957880802,-0.0337419042119198,231.616,1.0,1.0,20,bcd24d81-7b19-5290-b6d7-b3ce5ce41195,23.333333333333332,23.333333333333332,-23.333333333333332,38.33333333,27.0387705,False,False,False,False,False,,,,,,,,,,,,,,,,,,,,,,,,,False,7.77777778,0.8466078101,126.81666666666666
11be8bd4-5c39-5bd2-b24f-b6c87f0d885a__TO__fb947c1e-3d51-506f-bbbc-12ecbcdce5da,2021,ED_CARPENTER_RACING,47,Conor Daly,WINDOW_MEDIAN,60,FUTURE,RETROSPECTIVE,True,False,False,False,-0.154,-0.1202580957880802,-0.0337419042119198,,,,,,,,,,,,,,,,,,,,,,,,,,,,,,,,,,,,,,,,False,7.77777778,0.8466078101,126.81666666666666
7d5d82b7-9765-51c9-b149-cb7de00d3905__TO__8ff02437-bce9-5d86-b3c7-906d93963538,2021,MEYER_SHANK_RACING,60,Jack Harvey,WINDOW_MEDIAN,5,ANY,RETROSPECTIVE,True,False,False,False,4.695,-0.0021997052376199,4.697199705237621,,,,,,,,,,,,,,,,,,,,,,,,,,,,,,,,,,,,,,,,False,4.44444445,0.8624273003,64.13333333333334
7d5d82b7-9765-51c9-b149-cb7de00d3905__TO__8ff02437-bce9-5d86-b3c7-906d93963538,2021,MEYER_SHANK_RACING,60,Jack Harvey,WINDOW_MEDIAN,5,PRIOR,PIT_COMPATIBLE,True,False,False,False,4.695,-0.0021997052376199,4.697199705237621,,,,,,,,,,,,,,,,,,,,,,,,,,,,,,,,,,,,,,,,False,4.44444445,0.8624273003,64.13333333333334
7d5d82b7-9765-51c9-b149-cb7de00d3905__TO__8ff02437-bce9-5d86-b3c7-906d93963538,2021,MEYER_SHANK_RACING,60,Jack Harvey,WINDOW_MEDIAN,5,FUTURE,RETROSPECTIVE,True,False,False,False,4.695,-0.0021997052376199,4.697199705237621,,,,,,,,,,,,,,,,,,,,,,,,,,,,,,,,,,,,,,,,False,4.44444445,0.8624273003,64.13333333333334
7d5d82b7-9765-51c9-b149-cb7de00d3905__TO__8ff02437-bce9-5d86-b3c7-906d93963538,2021,MEYER_SHANK_RACING,60,Jack Harvey,WINDOW_MEDIAN,10,ANY,RETROSPECTIVE,True,False,False,False,4.695,-0.0021997052376199,4.697199705237621,,,,,,,,,,,,,,,,,,,,,,,,,,,,,,,,,,,,,,,,False,4.44444445,0.8624273003,64.13333333333334
7d5d82b7-9765-51c9-b149-cb7de00d3905__TO__8ff02437-bce9-5d86-b3c7-906d93963538,2021,MEYER_SHANK_RACING,60,Jack Harvey,WINDOW_MEDIAN,10,PRIOR,PIT_COMPATIBLE,True,False,False,False,4.695,-0.0021997052376199,4.697199705237621,,,,,,,,,,,,,,,,,,,,,,,,,,,,,,,,,,,,,,,,False,4.44444445,0.8624273003,64.13333333333334
7d5d82b7-9765-51c9-b149-cb7de00d3905__TO__8ff02437-bce9-5d86-b3c7-906d93963538,2021,MEYER_SHANK_RACING,60,Jack Harvey,WINDOW_MEDIAN,10,FUTURE,RETROSPECTIVE,True,False,False,False,4.695,-0.0021997052376199,4.697199705237621,,,,,,,,,,,,,,,,,,,,,,,,,,,,,,,,,,,,,,,,False,4.44444445,0.8624273003,64.13333333333334
7d5d82b7-9765-51c9-b149-cb7de00d3905__TO__8ff02437-bce9-5d86-b3c7-906d93963538,2021,MEYER_SHANK_RACING,60,Jack Harvey,WINDOW_MEDIAN,15,ANY,RETROSPECTIVE,True,False,False,False,4.695,-0.0021997052376199,4.697199705237621,,,,,,,,,,,,,,,,,,,,,,,,,,,,,,,,,,,,,,,,False,4.44444445,0.8624273003,64.13333333333334
7d5d82b7-9765-51c9-b149-cb7de00d3905__TO__8ff02437-bce9-5d86-b3c7-906d93963538,2021,MEYER_SHANK_RACING,60,Jack Harvey,WINDOW_MEDIAN,15,PRIOR,PIT_COMPATIBLE,True,False,False,False,4.695,-0.0021997052376199,4.697199705237621,,,,,,,,,,,,,,,,,,,,,,,,,,,,,,,,,,,,,,,,False,4.44444445,0.8624273003,64.13333333333334
7d5d82b7-9765-51c9-b149-cb7de00d3905__TO__8ff02437-bce9-5d86-b3c7-906d93963538,2021,MEYER_SHANK_RACING,60,Jack Harvey,WINDOW_MEDIAN,15,FUTURE,RETROSPECTIVE,True,False,False,False,4.695,-0.0021997052376199,4.697199705237621,,,,,,,,,,,,,,,,,,,,,,,,,,,,,,,,,,,,,,,,False,4.44444445,0.8624273003,64.13333333333334
7d5d82b7-9765-51c9-b149-cb7de00d3905__TO__8ff02437-bce9-5d86-b3c7-906d93963538,2021,MEYER_SHANK_RACING,60,Jack Harvey,WINDOW_MEDIAN,20,ANY,RETROSPECTIVE,True,False,False,False,4.695,-0.0021997052376199,4.697199705237621,,,,,,,,,,,,,,,,,,,,,,,,,,,,,,,,,,,,,,,,False,4.44444445,0.8624273003,64.13333333333334
7d5d82b7-9765-51c9-b149-cb7de00d3905__TO__8ff02437-bce9-5d86-b3c7-906d93963538,2021,MEYER_SHANK_RACING,60,Jack Harvey,WINDOW_MEDIAN,20,PRIOR,PIT_COMPATIBLE,True,False,False,False,4.695,-0.0021997052376199,4.697199705237621,,,,,,,,,,,,,,,,,,,,,,,,,,,,,,,,,,,,,,,,False,4.44444445,0.8624273003,64.13333333333334
7d5d82b7-9765-51c9-b149-cb7de00d3905__TO__8ff02437-bce9-5d86-b3c7-906d93963538,2021,MEYER_SHANK_RACING,60,Jack Harvey,WINDOW_MEDIAN,20,FUTURE,RETROSPECTIVE,True,False,False,False,4.695,-0.0021997052376199,4.697199705237621,,,,,,,,,,,,,,,,,,,,,,,,,,,,,,,,,,,,,,,,False,4.44444445,0.8624273003,64.13333333333334
7d5d82b7-9765-51c9-b149-cb7de00d3905__TO__8ff02437-bce9-5d86-b3c7-906d93963538,2021,MEYER_SHANK_RACING,60,Jack Harvey,WINDOW_MEDIAN,30,ANY,RETROSPECTIVE,True,False,False,False,4.695,-0.0021997052376199,4.697199705237621,,,,,,,,,,,,,,,,,,,,,,,,,,,,,,,,,,,,,,,,False,4.44444445,0.8624273003,64.13333333333334
7d5d82b7-9765-51c9-b149-cb7de00d3905__TO__8ff02437-bce9-5d86-b3c7-906d93963538,2021,MEYER_SHANK_RACING,60,Jack Harvey,WINDOW_MEDIAN,30,PRIOR,PIT_COMPATIBLE,True,False,False,False,4.695,-0.0021997052376199,4.697199705237621,,,,,,,,,,,,,,,,,,,,,,,,,,,,,,,,,,,,,,,,False,4.44444445,0.8624273003,64.13333333333334
7d5d82b7-9765-51c9-b149-cb7de00d3905__TO__8ff02437-bce9-5d86-b3c7-906d93963538,2021,MEYER_SHANK_RACING,60,Jack Harvey,WINDOW_MEDIAN,30,FUTURE,RETROSPECTIVE,True,False,False,False,4.695,-0.0021997052376199,4.697199705237621,,,,,,,,,,,,,,,,,,,,,,,,,,,,,,,,,,,,,,,,False,4.44444445,0.8624273003,64.13333333333334
7d5d82b7-9765-51c9-b149-cb7de00d3905__TO__8ff02437-bce9-5d86-b3c7-906d93963538,2021,MEYER_SHANK_RACING,60,Jack Harvey,WINDOW_MEDIAN,45,ANY,RETROSPECTIVE,True,False,False,False,4.695,-0.0021997052376199,4.697199705237621,,,,,,,,,,,,,,,,,,,,,,,,,,,,,,,,,,,,,,,,False,4.44444445,0.8624273003,64.13333333333334
7d5d82b7-9765-51c9-b149-cb7de00d3905__TO__8ff02437-bce9-5d86-b3c7-906d93963538,2021,MEYER_SHANK_RACING,60,Jack Harvey,WINDOW_MEDIAN,45,PRIOR,PIT_COMPATIBLE,True,False,False,False,4.695,-0.0021997052376199,4.697199705237621,,,,,,,,,,,,,,,,,,,,,,,,,,,,,,,,,,,,,,,,False,4.44444445,0.8624273003,64.13333333333334
7d5d82b7-9765-51c9-b149-cb7de00d3905__TO__8ff02437-bce9-5d86-b3c7-906d93963538,2021,MEYER_SHANK_RACING,60,Jack Harvey,WINDOW_MEDIAN,45,FUTURE,RETROSPECTIVE,True,False,False,False,4.695,-0.0021997052376199,4.697199705237621,,,,,,,,,,,,,,,,,,,,,,,,,,,,,,,,,,,,,,,,False,4.44444445,0.8624273003,64.13333333333334
7d5d82b7-9765-51c9-b149-cb7de00d3905__TO__8ff02437-bce9-5d86-b3c7-906d93963538,2021,MEYER_SHANK_RACING,60,Jack Harvey,WINDOW_MEDIAN,60,ANY,RETROSPECTIVE,True,False,False,False,4.695,-0.0021997052376199,4.697199705237621,,,,,,,,,,,,,,,,,,,,,,,,,,,,,,,,,,,,,,,,False,4.44444445,0.8624273003,64.13333333333334
7d5d82b7-9765-51c9-b149-cb7de00d3905__TO__8ff02437-bce9-5d86-b3c7-906d93963538,2021,MEYER_SHANK_RACING,60,Jack Harvey,WINDOW_MEDIAN,60,PRIOR,PIT_COMPATIBLE,True,False,False,False,4.695,-0.0021997052376199,4.697199705237621,,,,,,,,,,,,,,,,,,,,,,,,,,,,,,,,,,,,,,,,False,4.44444445,0.8624273003,64.13333333333334
7d5d82b7-9765-51c9-b149-cb7de00d3905__TO__8ff02437-bce9-5d86-b3c7-906d93963538,2021,MEYER_SHANK_RACING,60,Jack Harvey,WINDOW_MEDIAN,60,FUTURE,RETROSPECTIVE,True,False,False,False,4.695,-0.0021997052376199,4.697199705237621,,,,,,,,,,,,,,,,,,,,,,,,,,,,,,,,,,,,,,,,False,4.44444445,0.8624273003,64.13333333333334
4bfd7a23-3f35-5bcf-9655-c286d7ee30ed__TO__595096e7-98a7-552c-a5f8-f2f3eeb54d68,2021,ARROW_MCLAREN_SPM,7,Felix Rosenqvist,WINDOW_MEDIAN,5,ANY,RETROSPECTIVE,True,True,False,False,0.246,-0.0383737754762044,0.2843737754762044,230.864,1.0,1.0,5,258b87c8-7f46-5d1a-b0b9-73c0b2a871dc,5.0,5.0,-5.0,38.33333333,27.46373125,False,False,False,True,False,,,,,,,,,,,,,,,,,,,,,,,,,False,7.22222223,1.203354407,225.75
4bfd7a23-3f35-5bcf-9655-c286d7ee30ed__TO__595096e7-98a7-552c-a5f8-f2f3eeb54d68,2021,ARROW_MCLAREN_SPM,7,Felix Rosenqvist,WINDOW_MEDIAN,5,PRIOR,PIT_COMPATIBLE,True,True,False,False,0.246,-0.0383737754762044,0.2843737754762044,230.864,1.0,1.0,5,258b87c8-7f46-5d1a-b0b9-73c0b2a871dc,5.0,5.0,-5.0,38.33333333,27.46373125,False,False,False,True,False,,,,,,,,,,,,,,,,,,,,,,,,,False,7.22222223,1.203354407,225.75
4bfd7a23-3f35-5bcf-9655-c286d7ee30ed__TO__595096e7-98a7-552c-a5f8-f2f3eeb54d68,2021,ARROW_MCLAREN_SPM,7,Felix Rosenqvist,WINDOW_MEDIAN,5,FUTURE,RETROSPECTIVE,True,False,False,False,0.246,-0.0383737754762044,0.2843737754762044,,,,,,,,,,,,,,,,,,,,,,,,,,,,,,,,,,,,,,,,False,7.22222223,1.203354407,225.75
4bfd7a23-3f35-5bcf-9655-c286d7ee30ed__TO__595096e7-98a7-552c-a5f8-f2f3eeb54d68,2021,ARROW_MCLAREN_SPM,7,Felix Rosenqvist,WINDOW_MEDIAN,10,ANY,RETROSPECTIVE,True,True,False,False,0.246,-0.0383737754762044,0.2843737754762044,230.864,1.0,1.0,5,258b87c8-7f46-5d1a-b0b9-73c0b2a871dc,5.0,5.0,-5.0,38.33333333,27.46373125,False,False,False,True,False,,,,,,,,,,,,,,,,,,,,,,,,,False,7.22222223,1.203354407,225.75
4bfd7a23-3f35-5bcf-9655-c286d7ee30ed__TO__595096e7-98a7-552c-a5f8-f2f3eeb54d68,2021,ARROW_MCLAREN_SPM,7,Felix Rosenqvist,WINDOW_MEDIAN,10,PRIOR,PIT_COMPATIBLE,True,True,False,False,0.246,-0.0383737754762044,0.2843737754762044,230.864,1.0,1.0,5,258b87c8-7f46-5d1a-b0b9-73c0b2a871dc,5.0,5.0,-5.0,38.33333333,27.46373125,False,False,False,True,False,,,,,,,,,,,,,,,,,,,,,,,,,False,7.22222223,1.203354407,225.75
4bfd7a23-3f35-5bcf-9655-c286d7ee30ed__TO__595096e7-98a7-552c-a5f8-f2f3eeb54d68,2021,ARROW_MCLAREN_SPM,7,Felix Rosenqvist,WINDOW_MEDIAN,10,FUTURE,RETROSPECTIVE,True,False,False,False,0.246,-0.0383737754762044,0.2843737754762044,,,,,,,,,,,,,,,,,,,,,,,,,,,,,,,,,,,,,,,,False,7.22222223,1.203354407,225.75
4bfd7a23-3f35-5bcf-9655-c286d7ee30ed__TO__595096e7-98a7-552c-a5f8-f2f3eeb54d68,2021,ARROW_MCLAREN_SPM,7,Felix Rosenqvist,WINDOW_MEDIAN,15,ANY,RETROSPECTIVE,True,True,False,False,0.246,-0.0383737754762044,0.2843737754762044,230.864,1.0,1.0,5,258b87c8-7f46-5d1a-b0b9-73c0b2a871dc,5.0,5.0,-5.0,38.33333333,27.46373125,False,False,False,True,False,,,,,,,,,,,,,,,,,,,,,,,,,False,7.22222223,1.203354407,225.75
4bfd7a23-3f35-5bcf-9655-c286d7ee30ed__TO__595096e7-98a7-552c-a5f8-f2f3eeb54d68,2021,ARROW_MCLAREN_SPM,7,Felix Rosenqvist,WINDOW_MEDIAN,15,PRIOR,PIT_COMPATIBLE,True,True,False,False,0.246,-0.0383737754762044,0.2843737754762044,230.864,1.0,1.0,5,258b87c8-7f46-5d1a-b0b9-73c0b2a871dc,5.0,5.0,-5.0,38.33333333,27.46373125,False,False,False,True,False,,,,,,,,,,,,,,,,,,,,,,,,,False,7.22222223,1.203354407,225.75
4bfd7a23-3f35-5bcf-9655-c286d7ee30ed__TO__595096e7-98a7-552c-a5f8-f2f3eeb54d68,2021,ARROW_MCLAREN_SPM,7,Felix Rosenqvist,WINDOW_MEDIAN,15,FUTURE,RETROSPECTIVE,True,False,False,False,0.246,-0.0383737754762044,0.2843737754762044,,,,,,,,,,,,,,,,,,,,,,,,,,,,,,,,,,,,,,,,False,7.22222223,1.203354407,225.75
4bfd7a23-3f35-5bcf-9655-c286d7ee30ed__TO__595096e7-98a7-552c-a5f8-f2f3eeb54d68,2021,ARROW_MCLAREN_SPM,7,Felix Rosenqvist,WINDOW_MEDIAN,20,ANY,RETROSPECTIVE,True,True,True,True,0.246,-0.0383737754762044,0.2843737754762044,230.864,1.0,1.0,5,258b87c8-7f46-5d1a-b0b9-73c0b2a871dc,5.0,5.0,-5.0,38.33333333,27.46373125,False,False,False,True,False,229.737,1.0,1.0,86,f39f497a-d8a0-55e6-8bd1-ef646a4f6e71,18.766666666666666,18.766666666666666,-18.766666666666666,47.22222222,28.77489955,False,False,False,False,False,-1.1270000000000095,1.3730000000000095,False,False,0.0,False,8.888888889999997,1.311168300000002,,False,7.22222223,1.203354407,225.75
4bfd7a23-3f35-5bcf-9655-c286d7ee30ed__TO__595096e7-98a7-552c-a5f8-f2f3eeb54d68,2021,ARROW_MCLAREN_SPM,7,Felix Rosenqvist,WINDOW_MEDIAN,20,PRIOR,PIT_COMPATIBLE,True,True,True,True,0.246,-0.0383737754762044,0.2843737754762044,230.864,1.0,1.0,5,258b87c8-7f46-5d1a-b0b9-73c0b2a871dc,5.0,5.0,-5.0,38.33333333,27.46373125,False,False,False,True,False,229.737,1.0,1.0,86,f39f497a-d8a0-55e6-8bd1-ef646a4f6e71,18.766666666666666,18.766666666666666,-18.766666666666666,47.22222222,28.77489955,False,False,False,False,False,-1.1270000000000095,1.3730000000000095,False,False,0.0,False,8.888888889999997,1.311168300000002,,False,7.22222223,1.203354407,225.75
4bfd7a23-3f35-5bcf-9655-c286d7ee30ed__TO__595096e7-98a7-552c-a5f8-f2f3eeb54d68,2021,ARROW_MCLAREN_SPM,7,Felix Rosenqvist,WINDOW_MEDIAN,20,FUTURE,RETROSPECTIVE,True,False,False,False,0.246,-0.0383737754762044,0.2843737754762044,,,,,,,,,,,,,,,,,,,,,,,,,,,,,,,,,,,,,,,,False,7.22222223,1.203354407,225.75
4bfd7a23-3f35-5bcf-9655-c286d7ee30ed__TO__595096e7-98a7-552c-a5f8-f2f3eeb54d68,2021,ARROW_MCLAREN_SPM,7,Felix Rosenqvist,WINDOW_MEDIAN,30,ANY,RETROSPECTIVE,True,True,True,True,0.246,-0.0383737754762044,0.2843737754762044,230.3775,2.0,2.0,5|86,258b87c8-7f46-5d1a-b0b9-73c0b2a871dc|11bd473d-0cf3-56e2-9aa9-fb4487870c59,5.0,24.166666666666668,-14.583333333333334,37.5,27.12778756,False,False,False,True,False,229.737,1.0,1.0,86,f39f497a-d8a0-55e6-8bd1-ef646a4f6e71,18.766666666666666,18.766666666666666,-18.766666666666666,47.22222222,28.77489955,False,False,False,False,False,-0.640500000000003,0.886500000000003,False,False,0.0,False,9.722222219999999,1.647111989999999,,False,7.22222223,1.203354407,225.75
4bfd7a23-3f35-5bcf-9655-c286d7ee30ed__TO__595096e7-98a7-552c-a5f8-f2f3eeb54d68,2021,ARROW_MCLAREN_SPM,7,Felix Rosenqvist,WINDOW_MEDIAN,30,PRIOR,PIT_COMPATIBLE,True,True,True,True,0.246,-0.0383737754762044,0.2843737754762044,230.3775,2.0,2.0,5|86,258b87c8-7f46-5d1a-b0b9-73c0b2a871dc|11bd473d-0cf3-56e2-9aa9-fb4487870c59,5.0,24.166666666666668,-14.583333333333334,37.5,27.12778756,False,False,False,True,False,229.737,1.0,1.0,86,f39f497a-d8a0-55e6-8bd1-ef646a4f6e71,18.766666666666666,18.766666666666666,-18.766666666666666,47.22222222,28.77489955,False,False,False,False,False,-0.640500000000003,0.886500000000003,False,False,0.0,False,9.722222219999999,1.647111989999999,,False,7.22222223,1.203354407,225.75
4bfd7a23-3f35-5bcf-9655-c286d7ee30ed__TO__595096e7-98a7-552c-a5f8-f2f3eeb54d68,2021,ARROW_MCLAREN_SPM,7,Felix Rosenqvist,WINDOW_MEDIAN,30,FUTURE,RETROSPECTIVE,True,False,False,False,0.246,-0.0383737754762044,0.2843737754762044,,,,,,,,,,,,,,,,,,,,,,,,,,,,,,,,,,,,,,,,False,7.22222223,1.203354407,225.75
4bfd7a23-3f35-5bcf-9655-c286d7ee30ed__TO__595096e7-98a7-552c-a5f8-f2f3eeb54d68,2021,ARROW_MCLAREN_SPM,7,Felix Rosenqvist,WINDOW_MEDIAN,45,ANY,RETROSPECTIVE,True,True,True,True,0.246,-0.0383737754762044,0.2843737754762044,230.3775,2.0,2.0,5|86,258b87c8-7f46-5d1a-b0b9-73c0b2a871dc|11bd473d-0cf3-56e2-9aa9-fb4487870c59,5.0,24.166666666666668,-14.583333333333334,37.5,27.12778756,False,False,False,True,False,229.737,1.0,1.0,86,f39f497a-d8a0-55e6-8bd1-ef646a4f6e71,18.766666666666666,18.766666666666666,-18.766666666666666,47.22222222,28.77489955,False,False,False,False,False,-0.640500000000003,0.886500000000003,False,False,0.0,False,9.722222219999999,1.647111989999999,,False,7.22222223,1.203354407,225.75
4bfd7a23-3f35-5bcf-9655-c286d7ee30ed__TO__595096e7-98a7-552c-a5f8-f2f3eeb54d68,2021,ARROW_MCLAREN_SPM,7,Felix Rosenqvist,WINDOW_MEDIAN,45,PRIOR,PIT_COMPATIBLE,True,True,True,True,0.246,-0.0383737754762044,0.2843737754762044,230.3775,2.0,2.0,5|86,258b87c8-7f46-5d1a-b0b9-73c0b2a871dc|11bd473d-0cf3-56e2-9aa9-fb4487870c59,5.0,24.166666666666668,-14.583333333333334,37.5,27.12778756,False,False,False,True,False,229.737,1.0,1.0,86,f39f497a-d8a0-55e6-8bd1-ef646a4f6e71,18.766666666666666,18.766666666666666,-18.766666666666666,47.22222222,28.77489955,False,False,False,False,False,-0.640500000000003,0.886500000000003,False,False,0.0,False,9.722222219999999,1.647111989999999,,False,7.22222223,1.203354407,225.75
4bfd7a23-3f35-5bcf-9655-c286d7ee30ed__TO__595096e7-98a7-552c-a5f8-f2f3eeb54d68,2021,ARROW_MCLAREN_SPM,7,Felix Rosenqvist,WINDOW_MEDIAN,45,FUTURE,RETROSPECTIVE,True,False,False,False,0.246,-0.0383737754762044,0.2843737754762044,,,,,,,,,,,,,,,,,,,,,,,,,,,,,,,,,,,,,,,,False,7.22222223,1.203354407,225.75
4bfd7a23-3f35-5bcf-9655-c286d7ee30ed__TO__595096e7-98a7-552c-a5f8-f2f3eeb54d68,2021,ARROW_MCLAREN_SPM,7,Felix Rosenqvist,WINDOW_MEDIAN,60,ANY,RETROSPECTIVE,True,True,True,True,0.246,-0.0383737754762044,0.2843737754762044,230.3775,2.0,2.0,5|86,258b87c8-7f46-5d1a-b0b9-73c0b2a871dc|11bd473d-0cf3-56e2-9aa9-fb4487870c59,5.0,24.166666666666668,-14.583333333333334,37.5,27.12778756,False,False,False,True,False,229.737,1.0,1.0,86,f39f497a-d8a0-55e6-8bd1-ef646a4f6e71,18.766666666666666,18.766666666666666,-18.766666666666666,47.22222222,28.77489955,False,False,False,False,False,-0.640500000000003,0.886500000000003,False,False,0.0,False,9.722222219999999,1.647111989999999,,False,7.22222223,1.203354407,225.75
4bfd7a23-3f35-5bcf-9655-c286d7ee30ed__TO__595096e7-98a7-552c-a5f8-f2f3eeb54d68,2021,ARROW_MCLAREN_SPM,7,Felix Rosenqvist,WINDOW_MEDIAN,60,PRIOR,PIT_COMPATIBLE,True,True,True,True,0.246,-0.0383737754762044,0.2843737754762044,230.3775,2.0,2.0,5|86,258b87c8-7f46-5d1a-b0b9-73c0b2a871dc|11bd473d-0cf3-56e2-9aa9-fb4487870c59,5.0,24.166666666666668,-14.583333333333334,37.5,27.12778756,False,False,False,True,False,229.737,1.0,1.0,86,f39f497a-d8a0-55e6-8bd1-ef646a4f6e71,18.766666666666666,18.766666666666666,-18.766666666666666,47.22222222,28.77489955,False,False,False,False,False,-0.640500000000003,0.886500000000003,False,False,0.0,False,9.722222219999999,1.647111989999999,,False,7.22222223,1.203354407,225.75
4bfd7a23-3f35-5bcf-9655-c286d7ee30ed__TO__595096e7-98a7-552c-a5f8-f2f3eeb54d68,2021,ARROW_MCLAREN_SPM,7,Felix Rosenqvist,WINDOW_MEDIAN,60,FUTURE,RETROSPECTIVE,True,False,False,False,0.246,-0.0383737754762044,0.2843737754762044,,,,,,,,,,,,,,,,,,,,,,,,,,,,,,,,,,,,,,,,False,7.22222223,1.203354407,225.75
11bd473d-0cf3-56e2-9aa9-fb4487870c59__TO__f39f497a-d8a0-55e6-8bd1-ef646a4f6e71,2021,ARROW_MCLAREN_SPM,86,Juan Pablo Montoya,WINDOW_MEDIAN,5,ANY,RETROSPECTIVE,True,False,False,False,-0.154,-0.0166798538665589,-0.137320146133441,,,,,,,,,,,,,,,,,,,,,,,,,,,,,,,,,,,,,,,,False,10.55555555,1.983055674,231.15
11bd473d-0cf3-56e2-9aa9-fb4487870c59__TO__f39f497a-d8a0-55e6-8bd1-ef646a4f6e71,2021,ARROW_MCLAREN_SPM,86,Juan Pablo Montoya,WINDOW_MEDIAN,5,PRIOR,PIT_COMPATIBLE,True,False,False,False,-0.154,-0.0166798538665589,-0.137320146133441,,,,,,,,,,,,,,,,,,,,,,,,,,,,,,,,,,,,,,,,False,10.55555555,1.983055674,231.15
11bd473d-0cf3-56e2-9aa9-fb4487870c59__TO__f39f497a-d8a0-55e6-8bd1-ef646a4f6e71,2021,ARROW_MCLAREN_SPM,86,Juan Pablo Montoya,WINDOW_MEDIAN,5,FUTURE,RETROSPECTIVE,True,False,False,False,-0.154,-0.0166798538665589,-0.137320146133441,,,,,,,,,,,,,,,,,,,,,,,,,,,,,,,,,,,,,,,,False,10.55555555,1.983055674,231.15
11bd473d-0cf3-56e2-9aa9-fb4487870c59__TO__f39f497a-d8a0-55e6-8bd1-ef646a4f6e71,2021,ARROW_MCLAREN_SPM,86,Juan Pablo Montoya,WINDOW_MEDIAN,10,ANY,RETROSPECTIVE,True,False,False,False,-0.154,-0.0166798538665589,-0.137320146133441,,,,,,,,,,,,,,,,,,,,,,,,,,,,,,,,,,,,,,,,False,10.55555555,1.983055674,231.15
11bd473d-0cf3-56e2-9aa9-fb4487870c59__TO__f39f497a-d8a0-55e6-8bd1-ef646a4f6e71,2021,ARROW_MCLAREN_SPM,86,Juan Pablo Montoya,WINDOW_MEDIAN,10,PRIOR,PIT_COMPATIBLE,True,False,False,False,-0.154,-0.0166798538665589,-0.137320146133441,,,,,,,,,,,,,,,,,,,,,,,,,,,,,,,,,,,,,,,,False,10.55555555,1.983055674,231.15
11bd473d-0cf3-56e2-9aa9-fb4487870c59__TO__f39f497a-d8a0-55e6-8bd1-ef646a4f6e71,2021,ARROW_MCLAREN_SPM,86,Juan Pablo Montoya,WINDOW_MEDIAN,10,FUTURE,RETROSPECTIVE,True,False,False,False,-0.154,-0.0166798538665589,-0.137320146133441,,,,,,,,,,,,,,,,,,,,,,,,,,,,,,,,,,,,,,,,False,10.55555555,1.983055674,231.15
11bd473d-0cf3-56e2-9aa9-fb4487870c59__TO__f39f497a-d8a0-55e6-8bd1-ef646a4f6e71,2021,ARROW_MCLAREN_SPM,86,Juan Pablo Montoya,WINDOW_MEDIAN,15,ANY,RETROSPECTIVE,True,False,False,False,-0.154,-0.0166798538665589,-0.137320146133441,,,,,,,,,,,,,,,,,,,,,,,,,,,,,,,,,,,,,,,,False,10.55555555,1.983055674,231.15
11bd473d-0cf3-56e2-9aa9-fb4487870c59__TO__f39f497a-d8a0-55e6-8bd1-ef646a4f6e71,2021,ARROW_MCLAREN_SPM,86,Juan Pablo Montoya,WINDOW_MEDIAN,15,PRIOR,PIT_COMPATIBLE,True,False,False,False,-0.154,-0.0166798538665589,-0.137320146133441,,,,,,,,,,,,,,,,,,,,,,,,,,,,,,,,,,,,,,,,False,10.55555555,1.983055674,231.15
11bd473d-0cf3-56e2-9aa9-fb4487870c59__TO__f39f497a-d8a0-55e6-8bd1-ef646a4f6e71,2021,ARROW_MCLAREN_SPM,86,Juan Pablo Montoya,WINDOW_MEDIAN,15,FUTURE,RETROSPECTIVE,True,False,False,False,-0.154,-0.0166798538665589,-0.137320146133441,,,,,,,,,,,,,,,,,,,,,,,,,,,,,,,,,,,,,,,,False,10.55555555,1.983055674,231.15
11bd473d-0cf3-56e2-9aa9-fb4487870c59__TO__f39f497a-d8a0-55e6-8bd1-ef646a4f6e71,2021,ARROW_MCLAREN_SPM,86,Juan Pablo Montoya,WINDOW_MEDIAN,20,ANY,RETROSPECTIVE,True,True,True,True,-0.154,-0.0166798538665589,-0.137320146133441,230.864,1.0,1.0,5,258b87c8-7f46-5d1a-b0b9-73c0b2a871dc,19.166666666666668,19.166666666666668,19.166666666666668,38.33333333,27.46373125,False,False,False,False,False,230.744,1.0,1.0,7,595096e7-98a7-552c-a5f8-f2f3eeb54d68,18.766666666666666,18.766666666666666,18.766666666666666,45.55555556,28.73868498,False,False,False,False,False,-0.12000000000000455,-0.03399999999999545,True,False,0.0,False,7.22222223,1.27495373,,False,10.55555555,1.983055674,231.15
11bd473d-0cf3-56e2-9aa9-fb4487870c59__TO__f39f497a-d8a0-55e6-8bd1-ef646a4f6e71,2021,ARROW_MCLAREN_SPM,86,Juan Pablo Montoya,WINDOW_MEDIAN,20,PRIOR,PIT_COMPATIBLE,True,False,False,False,-0.154,-0.0166798538665589,-0.137320146133441,,,,,,,,,,,,,,,,,,,,,,,,,,,,,,,,,,,,,,,,False,10.55555555,1.983055674,231.15
11bd473d-0cf3-56e2-9aa9-fb4487870c59__TO__f39f497a-d8a0-55e6-8bd1-ef646a4f6e71,2021,ARROW_MCLAREN_SPM,86,Juan Pablo Montoya,WINDOW_MEDIAN,20,FUTURE,RETROSPECTIVE,True,True,True,True,-0.154,-0.0166798538665589,-0.137320146133441,230.864,1.0,1.0,5,258b87c8-7f46-5d1a-b0b9-73c0b2a871dc,19.166666666666668,19.166666666666668,19.166666666666668,38.33333333,27.46373125,False,False,False,False,False,230.744,1.0,1.0,7,595096e7-98a7-552c-a5f8-f2f3eeb54d68,18.766666666666666,18.766666666666666,18.766666666666666,45.55555556,28.73868498,False,False,False,False,False,-0.12000000000000455,-0.03399999999999545,True,False,0.0,False,7.22222223,1.27495373,,False,10.55555555,1.983055674,231.15
11bd473d-0cf3-56e2-9aa9-fb4487870c59__TO__f39f497a-d8a0-55e6-8bd1-ef646a4f6e71,2021,ARROW_MCLAREN_SPM,86,Juan Pablo Montoya,WINDOW_MEDIAN,30,ANY,RETROSPECTIVE,True,True,True,True,-0.154,-0.0166798538665589,-0.137320146133441,230.68099999999998,2.0,2.0,5|7,258b87c8-7f46-5d1a-b0b9-73c0b2a871dc|4bfd7a23-3f35-5bcf-9655-c286d7ee30ed,19.166666666666668,24.166666666666668,21.666666666666668,38.33333333,27.499530909999997,False,False,False,False,False,230.744,1.0,1.0,7,595096e7-98a7-552c-a5f8-f2f3eeb54d68,18.766666666666666,18.766666666666666,18.766666666666666,45.55555556,28.73868498,False,False,False,False,False,0.0630000000000166,-0.2170000000000166,False,False,0.0,False,7.22222223,1.2391540700000014,,False,10.55555555,1.983055674,231.15
11bd473d-0cf3-56e2-9aa9-fb4487870c59__TO__f39f497a-d8a0-55e6-8bd1-ef646a4f6e71,2021,ARROW_MCLAREN_SPM,86,Juan Pablo Montoya,WINDOW_MEDIAN,30,PRIOR,PIT_COMPATIBLE,True,False,False,False,-0.154,-0.0166798538665589,-0.137320146133441,,,,,,,,,,,,,,,,,,,,,,,,,,,,,,,,,,,,,,,,False,10.55555555,1.983055674,231.15
11bd473d-0cf3-56e2-9aa9-fb4487870c59__TO__f39f497a-d8a0-55e6-8bd1-ef646a4f6e71,2021,ARROW_MCLAREN_SPM,86,Juan Pablo Montoya,WINDOW_MEDIAN,30,FUTURE,RETROSPECTIVE,True,True,True,True,-0.154,-0.0166798538665589,-0.137320146133441,230.68099999999998,2.0,2.0,5|7,258b87c8-7f46-5d1a-b0b9-73c0b2a871dc|4bfd7a23-3f35-5bcf-9655-c286d7ee30ed,19.166666666666668,24.166666666666668,21.666666666666668,38.33333333,27.499530909999997,False,False,False,False,False,230.744,1.0,1.0,7,595096e7-98a7-552c-a5f8-f2f3eeb54d68,18.766666666666666,18.766666666666666,18.766666666666666,45.55555556,28.73868498,False,False,False,False,False,0.0630000000000166,-0.2170000000000166,False,False,0.0,False,7.22222223,1.2391540700000014,,False,10.55555555,1.983055674,231.15
11bd473d-0cf3-56e2-9aa9-fb4487870c59__TO__f39f497a-d8a0-55e6-8bd1-ef646a4f6e71,2021,ARROW_MCLAREN_SPM,86,Juan Pablo Montoya,WINDOW_MEDIAN,45,ANY,RETROSPECTIVE,True,True,True,True,-0.154,-0.0166798538665589,-0.137320146133441,230.68099999999998,2.0,2.0,5|7,258b87c8-7f46-5d1a-b0b9-73c0b2a871dc|4bfd7a23-3f35-5bcf-9655-c286d7ee30ed,19.166666666666668,24.166666666666668,21.666666666666668,38.33333333,27.499530909999997,False,False,False,False,False,230.744,1.0,1.0,7,595096e7-98a7-552c-a5f8-f2f3eeb54d68,18.766666666666666,18.766666666666666,18.766666666666666,45.55555556,28.73868498,False,False,False,False,False,0.0630000000000166,-0.2170000000000166,False,False,0.0,False,7.22222223,1.2391540700000014,,False,10.55555555,1.983055674,231.15
11bd473d-0cf3-56e2-9aa9-fb4487870c59__TO__f39f497a-d8a0-55e6-8bd1-ef646a4f6e71,2021,ARROW_MCLAREN_SPM,86,Juan Pablo Montoya,WINDOW_MEDIAN,45,PRIOR,PIT_COMPATIBLE,True,False,False,False,-0.154,-0.0166798538665589,-0.137320146133441,,,,,,,,,,,,,,,,,,,,,,,,,,,,,,,,,,,,,,,,False,10.55555555,1.983055674,231.15
11bd473d-0cf3-56e2-9aa9-fb4487870c59__TO__f39f497a-d8a0-55e6-8bd1-ef646a4f6e71,2021,ARROW_MCLAREN_SPM,86,Juan Pablo Montoya,WINDOW_MEDIAN,45,FUTURE,RETROSPECTIVE,True,True,True,True,-0.154,-0.0166798538665589,-0.137320146133441,230.68099999999998,2.0,2.0,5|7,258b87c8-7f46-5d1a-b0b9-73c0b2a871dc|4bfd7a23-3f35-5bcf-9655-c286d7ee30ed,19.166666666666668,24.166666666666668,21.666666666666668,38.33333333,27.499530909999997,False,False,False,False,False,230.744,1.0,1.0,7,595096e7-98a7-552c-a5f8-f2f3eeb54d68,18.766666666666666,18.766666666666666,18.766666666666666,45.55555556,28.73868498,False,False,False,False,False,0.0630000000000166,-0.2170000000000166,False,False,0.0,False,7.22222223,1.2391540700000014,,False,10.55555555,1.983055674,231.15
11bd473d-0cf3-56e2-9aa9-fb4487870c59__TO__f39f497a-d8a0-55e6-8bd1-ef646a4f6e71,2021,ARROW_MCLAREN_SPM,86,Juan Pablo Montoya,WINDOW_MEDIAN,60,ANY,RETROSPECTIVE,True,True,True,True,-0.154,-0.0166798538665589,-0.137320146133441,230.68099999999998,2.0,2.0,5|7,258b87c8-7f46-5d1a-b0b9-73c0b2a871dc|4bfd7a23-3f35-5bcf-9655-c286d7ee30ed,19.166666666666668,24.166666666666668,21.666666666666668,38.33333333,27.499530909999997,False,False,False,False,False,230.744,1.0,1.0,7,595096e7-98a7-552c-a5f8-f2f3eeb54d68,18.766666666666666,18.766666666666666,18.766666666666666,45.55555556,28.73868498,False,False,False,False,False,0.0630000000000166,-0.2170000000000166,False,False,0.0,False,7.22222223,1.2391540700000014,,False,10.55555555,1.983055674,231.15
11bd473d-0cf3-56e2-9aa9-fb4487870c59__TO__f39f497a-d8a0-55e6-8bd1-ef646a4f6e71,2021,ARROW_MCLAREN_SPM,86,Juan Pablo Montoya,WINDOW_MEDIAN,60,PRIOR,PIT_COMPATIBLE,True,False,False,False,-0.154,-0.0166798538665589,-0.137320146133441,,,,,,,,,,,,,,,,,,,,,,,,,,,,,,,,,,,,,,,,False,10.55555555,1.983055674,231.15
11bd473d-0cf3-56e2-9aa9-fb4487870c59__TO__f39f497a-d8a0-55e6-8bd1-ef646a4f6e71,2021,ARROW_MCLAREN_SPM,86,Juan Pablo Montoya,WINDOW_MEDIAN,60,FUTURE,RETROSPECTIVE,True,True,True,True,-0.154,-0.0166798538665589,-0.137320146133441,230.68099999999998,2.0,2.0,5|7,258b87c8-7f46-5d1a-b0b9-73c0b2a871dc|4bfd7a23-3f35-5bcf-9655-c286d7ee30ed,19.166666666666668,24.166666666666668,21.666666666666668,38.33333333,27.499530909999997,False,False,False,False,False,230.744,1.0,1.0,7,595096e7-98a7-552c-a5f8-f2f3eeb54d68,18.766666666666666,18.766666666666666,18.766666666666666,45.55555556,28.73868498,False,False,False,False,False,0.0630000000000166,-0.2170000000000166,False,False,0.0,False,7.22222223,1.2391540700000014,,False,10.55555555,1.983055674,231.15
c2deab22-d3a0-5601-80f8-4cbf631c8f88__TO__b671a083-ccd6-5511-a882-53e7bf202c19,2021,ANDRETTI,98,Marco Andretti,WINDOW_MEDIAN,5,ANY,RETROSPECTIVE,True,True,False,False,0.611,0.5322869811160035,0.0787130188839965,231.139,1.0,1.0,28,88cb337e-a17d-5daf-a5c7-2770ed90181f,5.0,5.0,5.0,34.44444444,24.83046249,False,False,False,True,False,,,,,,,,,,,,,,,,,,,,,,,,,False,5.0,4.014287635,169.15
c2deab22-d3a0-5601-80f8-4cbf631c8f88__TO__b671a083-ccd6-5511-a882-53e7bf202c19,2021,ANDRETTI,98,Marco Andretti,WINDOW_MEDIAN,5,PRIOR,PIT_COMPATIBLE,True,False,False,False,0.611,0.5322869811160035,0.0787130188839965,,,,,,,,,,,,,,,,,,,,,,,,,,,,,,,,,,,,,,,,False,5.0,4.014287635,169.15
c2deab22-d3a0-5601-80f8-4cbf631c8f88__TO__b671a083-ccd6-5511-a882-53e7bf202c19,2021,ANDRETTI,98,Marco Andretti,WINDOW_MEDIAN,5,FUTURE,RETROSPECTIVE,True,True,False,False,0.611,0.5322869811160035,0.0787130188839965,231.139,1.0,1.0,28,88cb337e-a17d-5daf-a5c7-2770ed90181f,5.0,5.0,5.0,34.44444444,24.83046249,False,False,False,True,False,,,,,,,,,,,,,,,,,,,,,,,,,False,5.0,4.014287635,169.15
c2deab22-d3a0-5601-80f8-4cbf631c8f88__TO__b671a083-ccd6-5511-a882-53e7bf202c19,2021,ANDRETTI,98,Marco Andretti,WINDOW_MEDIAN,10,ANY,RETROSPECTIVE,True,True,False,False,0.611,0.5322869811160035,0.0787130188839965,231.139,1.0,1.0,28,88cb337e-a17d-5daf-a5c7-2770ed90181f,5.0,5.0,5.0,34.44444444,24.83046249,False,False,False,True,False,,,,,,,,,,,,,,,,,,,,,,,,,False,5.0,4.014287635,169.15
c2deab22-d3a0-5601-80f8-4cbf631c8f88__TO__b671a083-ccd6-5511-a882-53e7bf202c19,2021,ANDRETTI,98,Marco Andretti,WINDOW_MEDIAN,10,PRIOR,PIT_COMPATIBLE,True,False,False,False,0.611,0.5322869811160035,0.0787130188839965,,,,,,,,,,,,,,,,,,,,,,,,,,,,,,,,,,,,,,,,False,5.0,4.014287635,169.15
c2deab22-d3a0-5601-80f8-4cbf631c8f88__TO__b671a083-ccd6-5511-a882-53e7bf202c19,2021,ANDRETTI,98,Marco Andretti,WINDOW_MEDIAN,10,FUTURE,RETROSPECTIVE,True,True,False,False,0.611,0.5322869811160035,0.0787130188839965,231.139,1.0,1.0,28,88cb337e-a17d-5daf-a5c7-2770ed90181f,5.0,5.0,5.0,34.44444444,24.83046249,False,False,False,True,False,,,,,,,,,,,,,,,,,,,,,,,,,False,5.0,4.014287635,169.15
c2deab22-d3a0-5601-80f8-4cbf631c8f88__TO__b671a083-ccd6-5511-a882-53e7bf202c19,2021,ANDRETTI,98,Marco Andretti,WINDOW_MEDIAN,15,ANY,RETROSPECTIVE,True,True,True,True,0.611,0.5322869811160035,0.0787130188839965,231.139,1.0,1.0,28,88cb337e-a17d-5daf-a5c7-2770ed90181f,5.0,5.0,5.0,34.44444444,24.83046249,False,False,False,True,False,229.694,1.0,1.0,25,09935cc4-f542-569f-b50c-7460e0663860,11.683333333333334,11.683333333333334,11.683333333333334,42.77777778,28.68714661,False,False,False,False,False,-1.4450000000000216,2.0560000000000214,False,False,0.0,False,8.333333340000003,3.8566841200000006,,False,5.0,4.014287635,169.15
c2deab22-d3a0-5601-80f8-4cbf631c8f88__TO__b671a083-ccd6-5511-a882-53e7bf202c19,2021,ANDRETTI,98,Marco Andretti,WINDOW_MEDIAN,15,PRIOR,PIT_COMPATIBLE,True,False,False,False,0.611,0.5322869811160035,0.0787130188839965,,,,,,,,,,,,,,,,,,,,,,,,,,,,,,,,,,,,,,,,False,5.0,4.014287635,169.15
c2deab22-d3a0-5601-80f8-4cbf631c8f88__TO__b671a083-ccd6-5511-a882-53e7bf202c19,2021,ANDRETTI,98,Marco Andretti,WINDOW_MEDIAN,15,FUTURE,RETROSPECTIVE,True,True,True,True,0.611,0.5322869811160035,0.0787130188839965,231.139,1.0,1.0,28,88cb337e-a17d-5daf-a5c7-2770ed90181f,5.0,5.0,5.0,34.44444444,24.83046249,False,False,False,True,False,229.694,1.0,1.0,25,09935cc4-f542-569f-b50c-7460e0663860,11.683333333333334,11.683333333333334,11.683333333333334,42.77777778,28.68714661,False,False,False,False,False,-1.4450000000000216,2.0560000000000214,False,False,0.0,False,8.333333340000003,3.8566841200000006,,False,5.0,4.014287635,169.15
c2deab22-d3a0-5601-80f8-4cbf631c8f88__TO__b671a083-ccd6-5511-a882-53e7bf202c19,2021,ANDRETTI,98,Marco Andretti,WINDOW_MEDIAN,20,ANY,RETROSPECTIVE,True,True,True,True,0.611,0.5322869811160035,0.0787130188839965,230.851,2.0,2.0,28|29,88cb337e-a17d-5daf-a5c7-2770ed90181f|95cca25b-de13-5fc7-81bf-9426674aa35c,5.0,19.166666666666668,12.083333333333334,34.44444444,25.08120445,False,False,False,True,False,229.694,1.0,1.0,25,09935cc4-f542-569f-b50c-7460e0663860,11.683333333333334,11.683333333333334,11.683333333333334,42.77777778,28.68714661,False,False,False,False,False,-1.1570000000000107,1.7680000000000107,False,False,0.0,False,8.333333340000003,3.605942159999998,,False,5.0,4.014287635,169.15
c2deab22-d3a0-5601-80f8-4cbf631c8f88__TO__b671a083-ccd6-5511-a882-53e7bf202c19,2021,ANDRETTI,98,Marco Andretti,WINDOW_MEDIAN,20,PRIOR,PIT_COMPATIBLE,True,False,False,False,0.611,0.5322869811160035,0.0787130188839965,,,,,,,,,,,,,,,,,,,,,,,,,,,,,,,,,,,,,,,,False,5.0,4.014287635,169.15
c2deab22-d3a0-5601-80f8-4cbf631c8f88__TO__b671a083-ccd6-5511-a882-53e7bf202c19,2021,ANDRETTI,98,Marco Andretti,WINDOW_MEDIAN,20,FUTURE,RETROSPECTIVE,True,True,True,True,0.611,0.5322869811160035,0.0787130188839965,230.851,2.0,2.0,28|29,88cb337e-a17d-5daf-a5c7-2770ed90181f|95cca25b-de13-5fc7-81bf-9426674aa35c,5.0,19.166666666666668,12.083333333333334,34.44444444,25.08120445,False,False,False,True,False,229.694,1.0,1.0,25,09935cc4-f542-569f-b50c-7460e0663860,11.683333333333334,11.683333333333334,11.683333333333334,42.77777778,28.68714661,False,False,False,False,False,-1.1570000000000107,1.7680000000000107,False,False,0.0,False,8.333333340000003,3.605942159999998,,False,5.0,4.014287635,169.15
c2deab22-d3a0-5601-80f8-4cbf631c8f88__TO__b671a083-ccd6-5511-a882-53e7bf202c19,2021,ANDRETTI,98,Marco Andretti,WINDOW_MEDIAN,30,ANY,RETROSPECTIVE,True,True,True,True,0.611,0.5322869811160035,0.0787130188839965,230.563,3.0,3.0,25|28|29,8c31470a-6324-527c-bfc3-fe19d8c1dc4d|88cb337e-a17d-5daf-a5c7-2770ed90181f|95cca25b-de13-5fc7-81bf-9426674aa35c,5.0,24.166666666666668,16.11111111111111,34.44444444,25.223783209999997,False,False,False,True,False,229.694,1.0,1.0,25,09935cc4-f542-569f-b50c-7460e0663860,11.683333333333334,11.683333333333334,11.683333333333334,42.77777778,28.68714661,False,False,False,False,False,-0.8689999999999998,1.4799999999999998,False,False,0.0,False,8.333333340000003,3.463363400000002,,False,5.0,4.014287635,169.15
c2deab22-d3a0-5601-80f8-4cbf631c8f88__TO__b671a083-ccd6-5511-a882-53e7bf202c19,2021,ANDRETTI,98,Marco Andretti,WINDOW_MEDIAN,30,PRIOR,PIT_COMPATIBLE,True,False,False,False,0.611,0.5322869811160035,0.0787130188839965,,,,,,,,,,,,,,,,,,,,,,,,,,,,,,,,,,,,,,,,False,5.0,4.014287635,169.15
c2deab22-d3a0-5601-80f8-4cbf631c8f88__TO__b671a083-ccd6-5511-a882-53e7bf202c19,2021,ANDRETTI,98,Marco Andretti,WINDOW_MEDIAN,30,FUTURE,RETROSPECTIVE,True,True,True,True,0.611,0.5322869811160035,0.0787130188839965,230.563,3.0,3.0,25|28|29,8c31470a-6324-527c-bfc3-fe19d8c1dc4d|88cb337e-a17d-5daf-a5c7-2770ed90181f|95cca25b-de13-5fc7-81bf-9426674aa35c,5.0,24.166666666666668,16.11111111111111,34.44444444,25.223783209999997,False,False,False,True,False,229.694,1.0,1.0,25,09935cc4-f542-569f-b50c-7460e0663860,11.683333333333334,11.683333333333334,11.683333333333334,42.77777778,28.68714661,False,False,False,False,False,-0.8689999999999998,1.4799999999999998,False,False,0.0,False,8.333333340000003,3.463363400000002,,False,5.0,4.014287635,169.15
c2deab22-d3a0-5601-80f8-4cbf631c8f88__TO__b671a083-ccd6-5511-a882-53e7bf202c19,2021,ANDRETTI,98,Marco Andretti,WINDOW_MEDIAN,45,ANY,RETROSPECTIVE,True,True,True,True,0.611,0.5322869811160035,0.0787130188839965,230.563,3.0,3.0,25|28|29,8c31470a-6324-527c-bfc3-fe19d8c1dc4d|88cb337e-a17d-5daf-a5c7-2770ed90181f|95cca25b-de13-5fc7-81bf-9426674aa35c,5.0,24.166666666666668,16.11111111111111,34.44444444,25.223783209999997,False,False,False,True,False,231.046,3.0,3.0,25|26|27,09935cc4-f542-569f-b50c-7460e0663860|e9da8645-6367-51bf-8601-3670e9e76c5e|69b27d9b-5386-5a2c-a855-449bb527fca1,11.683333333333334,42.46666666666667,-22.755555555555556,39.444444446666665,28.1991262,False,False,False,False,False,0.4830000000000041,0.1279999999999959,True,False,0.0,False,5.000000006666667,2.9753429900000015,,False,5.0,4.014287635,169.15
c2deab22-d3a0-5601-80f8-4cbf631c8f88__TO__b671a083-ccd6-5511-a882-53e7bf202c19,2021,ANDRETTI,98,Marco Andretti,WINDOW_MEDIAN,45,PRIOR,PIT_COMPATIBLE,True,False,True,False,0.611,0.5322869811160035,0.0787130188839965,,,,,,,,,,,,,,,,231.34699999999998,2.0,2.0,26|27,e9da8645-6367-51bf-8601-3670e9e76c5e|69b27d9b-5386-5a2c-a855-449bb527fca1,37.483333333333334,42.46666666666667,-39.975,37.77777778,27.955115995,False,False,False,False,False,,,,,,,,,,False,5.0,4.014287635,169.15
c2deab22-d3a0-5601-80f8-4cbf631c8f88__TO__b671a083-ccd6-5511-a882-53e7bf202c19,2021,ANDRETTI,98,Marco Andretti,WINDOW_MEDIAN,45,FUTURE,RETROSPECTIVE,True,True,True,True,0.611,0.5322869811160035,0.0787130188839965,230.563,3.0,3.0,25|28|29,8c31470a-6324-527c-bfc3-fe19d8c1dc4d|88cb337e-a17d-5daf-a5c7-2770ed90181f|95cca25b-de13-5fc7-81bf-9426674aa35c,5.0,24.166666666666668,16.11111111111111,34.44444444,25.223783209999997,False,False,False,True,False,229.694,1.0,1.0,25,09935cc4-f542-569f-b50c-7460e0663860,11.683333333333334,11.683333333333334,11.683333333333334,42.77777778,28.68714661,False,False,False,False,False,-0.8689999999999998,1.4799999999999998,False,False,0.0,False,8.333333340000003,3.463363400000002,,False,5.0,4.014287635,169.15
c2deab22-d3a0-5601-80f8-4cbf631c8f88__TO__b671a083-ccd6-5511-a882-53e7bf202c19,2021,ANDRETTI,98,Marco Andretti,WINDOW_MEDIAN,60,ANY,RETROSPECTIVE,True,True,True,True,0.611,0.5322869811160035,0.0787130188839965,230.563,3.0,3.0,25|28|29,8c31470a-6324-527c-bfc3-fe19d8c1dc4d|88cb337e-a17d-5daf-a5c7-2770ed90181f|95cca25b-de13-5fc7-81bf-9426674aa35c,5.0,24.166666666666668,16.11111111111111,34.44444444,25.223783209999997,False,False,False,True,False,231.046,3.0,3.0,25|26|27,09935cc4-f542-569f-b50c-7460e0663860|e9da8645-6367-51bf-8601-3670e9e76c5e|69b27d9b-5386-5a2c-a855-449bb527fca1,11.683333333333334,42.46666666666667,-22.755555555555556,39.444444446666665,28.1991262,False,False,False,False,False,0.4830000000000041,0.1279999999999959,True,False,0.0,False,5.000000006666667,2.9753429900000015,,False,5.0,4.014287635,169.15
c2deab22-d3a0-5601-80f8-4cbf631c8f88__TO__b671a083-ccd6-5511-a882-53e7bf202c19,2021,ANDRETTI,98,Marco Andretti,WINDOW_MEDIAN,60,PRIOR,PIT_COMPATIBLE,True,False,True,False,0.611,0.5322869811160035,0.0787130188839965,,,,,,,,,,,,,,,,231.34699999999998,2.0,2.0,26|27,e9da8645-6367-51bf-8601-3670e9e76c5e|69b27d9b-5386-5a2c-a855-449bb527fca1,37.483333333333334,42.46666666666667,-39.975,37.77777778,27.955115995,False,False,False,False,False,,,,,,,,,,False,5.0,4.014287635,169.15
c2deab22-d3a0-5601-80f8-4cbf631c8f88__TO__b671a083-ccd6-5511-a882-53e7bf202c19,2021,ANDRETTI,98,Marco Andretti,WINDOW_MEDIAN,60,FUTURE,RETROSPECTIVE,True,True,True,True,0.611,0.5322869811160035,0.0787130188839965,230.563,3.0,3.0,25|28|29,8c31470a-6324-527c-bfc3-fe19d8c1dc4d|88cb337e-a17d-5daf-a5c7-2770ed90181f|95cca25b-de13-5fc7-81bf-9426674aa35c,5.0,24.166666666666668,16.11111111111111,34.44444444,25.223783209999997,False,False,False,True,False,229.694,1.0,1.0,25,09935cc4-f542-569f-b50c-7460e0663860,11.683333333333334,11.683333333333334,11.683333333333334,42.77777778,28.68714661,False,False,False,False,False,-0.8689999999999998,1.4799999999999998,False,False,0.0,False,8.333333340000003,3.463363400000002,,False,5.0,4.014287635,169.15
b671a083-ccd6-5511-a882-53e7bf202c19__TO__cb6ab391-510a-562a-a1bc-a173959477a0,2021,ANDRETTI,98,Marco Andretti,WINDOW_MEDIAN,5,ANY,RETROSPECTIVE,True,False,False,False,-0.002,-0.2002353662560316,0.1982353662560316,,,,,,,,,,,,,,,,,,,,,,,,,,,,,,,,,,,,,,,,False,6.11111112,0.06324242486,150.58333333333334
b671a083-ccd6-5511-a882-53e7bf202c19__TO__cb6ab391-510a-562a-a1bc-a173959477a0,2021,ANDRETTI,98,Marco Andretti,WINDOW_MEDIAN,5,PRIOR,PIT_COMPATIBLE,True,False,False,False,-0.002,-0.2002353662560316,0.1982353662560316,,,,,,,,,,,,,,,,,,,,,,,,,,,,,,,,,,,,,,,,False,6.11111112,0.06324242486,150.58333333333334
b671a083-ccd6-5511-a882-53e7bf202c19__TO__cb6ab391-510a-562a-a1bc-a173959477a0,2021,ANDRETTI,98,Marco Andretti,WINDOW_MEDIAN,5,FUTURE,RETROSPECTIVE,True,False,False,False,-0.002,-0.2002353662560316,0.1982353662560316,,,,,,,,,,,,,,,,,,,,,,,,,,,,,,,,,,,,,,,,False,6.11111112,0.06324242486,150.58333333333334
b671a083-ccd6-5511-a882-53e7bf202c19__TO__cb6ab391-510a-562a-a1bc-a173959477a0,2021,ANDRETTI,98,Marco Andretti,WINDOW_MEDIAN,10,ANY,RETROSPECTIVE,True,False,False,False,-0.002,-0.2002353662560316,0.1982353662560316,,,,,,,,,,,,,,,,,,,,,,,,,,,,,,,,,,,,,,,,False,6.11111112,0.06324242486,150.58333333333334
b671a083-ccd6-5511-a882-53e7bf202c19__TO__cb6ab391-510a-562a-a1bc-a173959477a0,2021,ANDRETTI,98,Marco Andretti,WINDOW_MEDIAN,10,PRIOR,PIT_COMPATIBLE,True,False,False,False,-0.002,-0.2002353662560316,0.1982353662560316,,,,,,,,,,,,,,,,,,,,,,,,,,,,,,,,,,,,,,,,False,6.11111112,0.06324242486,150.58333333333334
b671a083-ccd6-5511-a882-53e7bf202c19__TO__cb6ab391-510a-562a-a1bc-a173959477a0,2021,ANDRETTI,98,Marco Andretti,WINDOW_MEDIAN,10,FUTURE,RETROSPECTIVE,True,False,False,False,-0.002,-0.2002353662560316,0.1982353662560316,,,,,,,,,,,,,,,,,,,,,,,,,,,,,,,,,,,,,,,,False,6.11111112,0.06324242486,150.58333333333334
b671a083-ccd6-5511-a882-53e7bf202c19__TO__cb6ab391-510a-562a-a1bc-a173959477a0,2021,ANDRETTI,98,Marco Andretti,WINDOW_MEDIAN,15,ANY,RETROSPECTIVE,True,True,True,True,-0.002,-0.2002353662560316,0.1982353662560316,229.694,1.0,1.0,25,09935cc4-f542-569f-b50c-7460e0663860,11.683333333333334,11.683333333333334,11.683333333333334,42.77777778,28.68714661,False,False,False,False,False,229.632,1.0,1.0,25,8ac7badc-828c-5c70-bbf4-d92f136c2564,13.066666666666666,13.066666666666666,-13.066666666666666,47.22222222,28.75621334,False,False,False,False,False,-0.0619999999999834,0.0599999999999834,True,True,0.0,False,4.444444439999998,0.06906672999999941,09935cc4-f542-569f-b50c-7460e0663860__TO__8ac7badc-828c-5c70-bbf4-d92f136c2564,True,6.11111112,0.06324242486,150.58333333333334
b671a083-ccd6-5511-a882-53e7bf202c19__TO__cb6ab391-510a-562a-a1bc-a173959477a0,2021,ANDRETTI,98,Marco Andretti,WINDOW_MEDIAN,15,PRIOR,PIT_COMPATIBLE,True,False,True,False,-0.002,-0.2002353662560316,0.1982353662560316,,,,,,,,,,,,,,,,229.632,1.0,1.0,25,8ac7badc-828c-5c70-bbf4-d92f136c2564,13.066666666666666,13.066666666666666,-13.066666666666666,47.22222222,28.75621334,False,False,False,False,False,,,,,,,,,,False,6.11111112,0.06324242486,150.58333333333334
b671a083-ccd6-5511-a882-53e7bf202c19__TO__cb6ab391-510a-562a-a1bc-a173959477a0,2021,ANDRETTI,98,Marco Andretti,WINDOW_MEDIAN,15,FUTURE,RETROSPECTIVE,True,True,False,False,-0.002,-0.2002353662560316,0.1982353662560316,229.694,1.0,1.0,25,09935cc4-f542-569f-b50c-7460e0663860,11.683333333333334,11.683333333333334,11.683333333333334,42.77777778,28.68714661,False,False,False,False,False,,,,,,,,,,,,,,,,,,,,,,,,,False,6.11111112,0.06324242486,150.58333333333334
b671a083-ccd6-5511-a882-53e7bf202c19__TO__cb6ab391-510a-562a-a1bc-a173959477a0,2021,ANDRETTI,98,Marco Andretti,WINDOW_MEDIAN,20,ANY,RETROSPECTIVE,True,True,True,True,-0.002,-0.2002353662560316,0.1982353662560316,229.694,1.0,1.0,25,09935cc4-f542-569f-b50c-7460e0663860,11.683333333333334,11.683333333333334,11.683333333333334,42.77777778,28.68714661,False,False,False,False,False,229.632,1.0,1.0,25,8ac7badc-828c-5c70-bbf4-d92f136c2564,13.066666666666666,13.066666666666666,-13.066666666666666,47.22222222,28.75621334,False,False,False,False,False,-0.0619999999999834,0.0599999999999834,True,True,0.0,False,4.444444439999998,0.06906672999999941,09935cc4-f542-569f-b50c-7460e0663860__TO__8ac7badc-828c-5c70-bbf4-d92f136c2564,True,6.11111112,0.06324242486,150.58333333333334
b671a083-ccd6-5511-a882-53e7bf202c19__TO__cb6ab391-510a-562a-a1bc-a173959477a0,2021,ANDRETTI,98,Marco Andretti,WINDOW_MEDIAN,20,PRIOR,PIT_COMPATIBLE,True,False,True,False,-0.002,-0.2002353662560316,0.1982353662560316,,,,,,,,,,,,,,,,229.632,1.0,1.0,25,8ac7badc-828c-5c70-bbf4-d92f136c2564,13.066666666666666,13.066666666666666,-13.066666666666666,47.22222222,28.75621334,False,False,False,False,False,,,,,,,,,,False,6.11111112,0.06324242486,150.58333333333334
b671a083-ccd6-5511-a882-53e7bf202c19__TO__cb6ab391-510a-562a-a1bc-a173959477a0,2021,ANDRETTI,98,Marco Andretti,WINDOW_MEDIAN,20,FUTURE,RETROSPECTIVE,True,True,False,False,-0.002,-0.2002353662560316,0.1982353662560316,229.694,1.0,1.0,25,09935cc4-f542-569f-b50c-7460e0663860,11.683333333333334,11.683333333333334,11.683333333333334,42.77777778,28.68714661,False,False,False,False,False,,,,,,,,,,,,,,,,,,,,,,,,,False,6.11111112,0.06324242486,150.58333333333334
b671a083-ccd6-5511-a882-53e7bf202c19__TO__cb6ab391-510a-562a-a1bc-a173959477a0,2021,ANDRETTI,98,Marco Andretti,WINDOW_MEDIAN,30,ANY,RETROSPECTIVE,True,True,True,True,-0.002,-0.2002353662560316,0.1982353662560316,229.694,1.0,1.0,25,09935cc4-f542-569f-b50c-7460e0663860,11.683333333333334,11.683333333333334,11.683333333333334,42.77777778,28.68714661,False,False,False,False,False,229.632,1.0,1.0,25,8ac7badc-828c-5c70-bbf4-d92f136c2564,13.066666666666666,13.066666666666666,-13.066666666666666,47.22222222,28.75621334,False,False,False,False,False,-0.0619999999999834,0.0599999999999834,True,True,0.0,False,4.444444439999998,0.06906672999999941,09935cc4-f542-569f-b50c-7460e0663860__TO__8ac7badc-828c-5c70-bbf4-d92f136c2564,True,6.11111112,0.06324242486,150.58333333333334
b671a083-ccd6-5511-a882-53e7bf202c19__TO__cb6ab391-510a-562a-a1bc-a173959477a0,2021,ANDRETTI,98,Marco Andretti,WINDOW_MEDIAN,30,PRIOR,PIT_COMPATIBLE,True,False,True,False,-0.002,-0.2002353662560316,0.1982353662560316,,,,,,,,,,,,,,,,229.632,1.0,1.0,25,8ac7badc-828c-5c70-bbf4-d92f136c2564,13.066666666666666,13.066666666666666,-13.066666666666666,47.22222222,28.75621334,False,False,False,False,False,,,,,,,,,,False,6.11111112,0.06324242486,150.58333333333334
b671a083-ccd6-5511-a882-53e7bf202c19__TO__cb6ab391-510a-562a-a1bc-a173959477a0,2021,ANDRETTI,98,Marco Andretti,WINDOW_MEDIAN,30,FUTURE,RETROSPECTIVE,True,True,False,False,-0.002,-0.2002353662560316,0.1982353662560316,229.694,1.0,1.0,25,09935cc4-f542-569f-b50c-7460e0663860,11.683333333333334,11.683333333333334,11.683333333333334,42.77777778,28.68714661,False,False,False,False,False,,,,,,,,,,,,,,,,,,,,,,,,,False,6.11111112,0.06324242486,150.58333333333334
b671a083-ccd6-5511-a882-53e7bf202c19__TO__cb6ab391-510a-562a-a1bc-a173959477a0,2021,ANDRETTI,98,Marco Andretti,WINDOW_MEDIAN,45,ANY,RETROSPECTIVE,True,True,True,True,-0.002,-0.2002353662560316,0.1982353662560316,231.046,3.0,3.0,25|26|27,09935cc4-f542-569f-b50c-7460e0663860|e9da8645-6367-51bf-8601-3670e9e76c5e|69b27d9b-5386-5a2c-a855-449bb527fca1,11.683333333333334,42.46666666666667,-22.755555555555556,39.444444446666665,28.1991262,False,False,False,False,False,229.632,1.0,1.0,25,8ac7badc-828c-5c70-bbf4-d92f136c2564,13.066666666666666,13.066666666666666,-13.066666666666666,47.22222222,28.75621334,False,False,False,False,False,-1.4139999999999873,1.4119999999999873,True,False,0.0,False,7.777777773333334,0.5570871400000001,,False,6.11111112,0.06324242486,150.58333333333334
b671a083-ccd6-5511-a882-53e7bf202c19__TO__cb6ab391-510a-562a-a1bc-a173959477a0,2021,ANDRETTI,98,Marco Andretti,WINDOW_MEDIAN,45,PRIOR,PIT_COMPATIBLE,True,True,True,True,-0.002,-0.2002353662560316,0.1982353662560316,231.34699999999998,2.0,2.0,26|27,e9da8645-6367-51bf-8601-3670e9e76c5e|69b27d9b-5386-5a2c-a855-449bb527fca1,37.483333333333334,42.46666666666667,-39.975,37.77777778,27.955115995,False,False,False,False,False,229.632,1.0,1.0,25,8ac7badc-828c-5c70-bbf4-d92f136c2564,13.066666666666666,13.066666666666666,-13.066666666666666,47.22222222,28.75621334,False,False,False,False,False,-1.714999999999975,1.712999999999975,True,False,0.0,False,9.444444439999998,0.8010973449999987,,False,6.11111112,0.06324242486,150.58333333333334
b671a083-ccd6-5511-a882-53e7bf202c19__TO__cb6ab391-510a-562a-a1bc-a173959477a0,2021,ANDRETTI,98,Marco Andretti,WINDOW_MEDIAN,45,FUTURE,RETROSPECTIVE,True,True,False,False,-0.002,-0.2002353662560316,0.1982353662560316,229.694,1.0,1.0,25,09935cc4-f542-569f-b50c-7460e0663860,11.683333333333334,11.683333333333334,11.683333333333334,42.77777778,28.68714661,False,False,False,False,False,,,,,,,,,,,,,,,,,,,,,,,,,False,6.11111112,0.06324242486,150.58333333333334
b671a083-ccd6-5511-a882-53e7bf202c19__TO__cb6ab391-510a-562a-a1bc-a173959477a0,2021,ANDRETTI,98,Marco Andretti,WINDOW_MEDIAN,60,ANY,RETROSPECTIVE,True,True,True,True,-0.002,-0.2002353662560316,0.1982353662560316,231.046,3.0,3.0,25|26|27,09935cc4-f542-569f-b50c-7460e0663860|e9da8645-6367-51bf-8601-3670e9e76c5e|69b27d9b-5386-5a2c-a855-449bb527fca1,11.683333333333334,42.46666666666667,-22.755555555555556,39.444444446666665,28.1991262,False,False,False,False,False,229.632,1.0,1.0,25,8ac7badc-828c-5c70-bbf4-d92f136c2564,13.066666666666666,13.066666666666666,-13.066666666666666,47.22222222,28.75621334,False,False,False,False,False,-1.4139999999999873,1.4119999999999873,True,False,0.0,False,7.777777773333334,0.5570871400000001,,False,6.11111112,0.06324242486,150.58333333333334
b671a083-ccd6-5511-a882-53e7bf202c19__TO__cb6ab391-510a-562a-a1bc-a173959477a0,2021,ANDRETTI,98,Marco Andretti,WINDOW_MEDIAN,60,PRIOR,PIT_COMPATIBLE,True,True,True,True,-0.002,-0.2002353662560316,0.1982353662560316,231.34699999999998,2.0,2.0,26|27,e9da8645-6367-51bf-8601-3670e9e76c5e|69b27d9b-5386-5a2c-a855-449bb527fca1,37.483333333333334,42.46666666666667,-39.975,37.77777778,27.955115995,False,False,False,False,False,229.632,1.0,1.0,25,8ac7badc-828c-5c70-bbf4-d92f136c2564,13.066666666666666,13.066666666666666,-13.066666666666666,47.22222222,28.75621334,False,False,False,False,False,-1.714999999999975,1.712999999999975,True,False,0.0,False,9.444444439999998,0.8010973449999987,,False,6.11111112,0.06324242486,150.58333333333334
b671a083-ccd6-5511-a882-53e7bf202c19__TO__cb6ab391-510a-562a-a1bc-a173959477a0,2021,ANDRETTI,98,Marco Andretti,WINDOW_MEDIAN,60,FUTURE,RETROSPECTIVE,True,True,False,False,-0.002,-0.2002353662560316,0.1982353662560316,229.694,1.0,1.0,25,09935cc4-f542-569f-b50c-7460e0663860,11.683333333333334,11.683333333333334,11.683333333333334,42.77777778,28.68714661,False,False,False,False,False,,,,,,,,,,,,,,,,,,,,,,,,,False,6.11111112,0.06324242486,150.58333333333334
55b6b39a-d64a-5a38-9dbc-84a9faac294b__TO__dd0ff96a-0d57-5ba5-8691-ebf2359edec4,2023,CHIP_GANASSI_RACING,11,Takuma Sato,WINDOW_MEDIAN,5,ANY,RETROSPECTIVE,True,False,False,False,0.465,-0.0065911790128801,0.4715911790128801,,,,,,,,,,,,,,,,,,,,,,,,,,,,,,,,,,,,,,,,False,3.960493823,0.833559299,177.43333333333334
55b6b39a-d64a-5a38-9dbc-84a9faac294b__TO__dd0ff96a-0d57-5ba5-8691-ebf2359edec4,2023,CHIP_GANASSI_RACING,11,Takuma Sato,WINDOW_MEDIAN,5,PRIOR,PIT_COMPATIBLE,True,False,False,False,0.465,-0.0065911790128801,0.4715911790128801,,,,,,,,,,,,,,,,,,,,,,,,,,,,,,,,,,,,,,,,False,3.960493823,0.833559299,177.43333333333334
55b6b39a-d64a-5a38-9dbc-84a9faac294b__TO__dd0ff96a-0d57-5ba5-8691-ebf2359edec4,2023,CHIP_GANASSI_RACING,11,Takuma Sato,WINDOW_MEDIAN,5,FUTURE,RETROSPECTIVE,True,False,False,False,0.465,-0.0065911790128801,0.4715911790128801,,,,,,,,,,,,,,,,,,,,,,,,,,,,,,,,,,,,,,,,False,3.960493823,0.833559299,177.43333333333334
55b6b39a-d64a-5a38-9dbc-84a9faac294b__TO__dd0ff96a-0d57-5ba5-8691-ebf2359edec4,2023,CHIP_GANASSI_RACING,11,Takuma Sato,WINDOW_MEDIAN,10,ANY,RETROSPECTIVE,True,False,True,False,0.465,-0.0065911790128801,0.4715911790128801,,,,,,,,,,,,,,,,233.03,1.0,1.0,8,79d389ee-b055-582a-8985-c09472aa4d69,8.916666666666666,8.916666666666666,8.916666666666666,44.44444444,18.64775087,False,False,False,True,False,,,,,,,,,,False,3.960493823,0.833559299,177.43333333333334
55b6b39a-d64a-5a38-9dbc-84a9faac294b__TO__dd0ff96a-0d57-5ba5-8691-ebf2359edec4,2023,CHIP_GANASSI_RACING,11,Takuma Sato,WINDOW_MEDIAN,10,PRIOR,PIT_COMPATIBLE,True,False,False,False,0.465,-0.0065911790128801,0.4715911790128801,,,,,,,,,,,,,,,,,,,,,,,,,,,,,,,,,,,,,,,,False,3.960493823,0.833559299,177.43333333333334
55b6b39a-d64a-5a38-9dbc-84a9faac294b__TO__dd0ff96a-0d57-5ba5-8691-ebf2359edec4,2023,CHIP_GANASSI_RACING,11,Takuma Sato,WINDOW_MEDIAN,10,FUTURE,RETROSPECTIVE,True,False,True,False,0.465,-0.0065911790128801,0.4715911790128801,,,,,,,,,,,,,,,,233.03,1.0,1.0,8,79d389ee-b055-582a-8985-c09472aa4d69,8.916666666666666,8.916666666666666,8.916666666666666,44.44444444,18.64775087,False,False,False,True,False,,,,,,,,,,False,3.960493823,0.833559299,177.43333333333334
55b6b39a-d64a-5a38-9dbc-84a9faac294b__TO__dd0ff96a-0d57-5ba5-8691-ebf2359edec4,2023,CHIP_GANASSI_RACING,11,Takuma Sato,WINDOW_MEDIAN,15,ANY,RETROSPECTIVE,True,True,True,True,0.465,-0.0065911790128801,0.4715911790128801,233.398,1.0,1.0,10,096ff05c-1785-53cf-be2f-65bbb6ce7cd1,14.233333333333333,14.233333333333333,14.233333333333333,41.11111111,18.09119525,True,False,False,False,False,233.03,1.0,1.0,8,79d389ee-b055-582a-8985-c09472aa4d69,8.916666666666666,8.916666666666666,8.916666666666666,44.44444444,18.64775087,False,False,False,True,False,-0.367999999999995,0.8329999999999951,False,False,0.0,False,3.333333329999995,0.556555620000001,,False,3.960493823,0.833559299,177.43333333333334
55b6b39a-d64a-5a38-9dbc-84a9faac294b__TO__dd0ff96a-0d57-5ba5-8691-ebf2359edec4,2023,CHIP_GANASSI_RACING,11,Takuma Sato,WINDOW_MEDIAN,15,PRIOR,PIT_COMPATIBLE,True,False,False,False,0.465,-0.0065911790128801,0.4715911790128801,,,,,,,,,,,,,,,,,,,,,,,,,,,,,,,,,,,,,,,,False,3.960493823,0.833559299,177.43333333333334
55b6b39a-d64a-5a38-9dbc-84a9faac294b__TO__dd0ff96a-0d57-5ba5-8691-ebf2359edec4,2023,CHIP_GANASSI_RACING,11,Takuma Sato,WINDOW_MEDIAN,15,FUTURE,RETROSPECTIVE,True,True,True,True,0.465,-0.0065911790128801,0.4715911790128801,233.398,1.0,1.0,10,096ff05c-1785-53cf-be2f-65bbb6ce7cd1,14.233333333333333,14.233333333333333,14.233333333333333,41.11111111,18.09119525,True,False,False,False,False,233.03,1.0,1.0,8,79d389ee-b055-582a-8985-c09472aa4d69,8.916666666666666,8.916666666666666,8.916666666666666,44.44444444,18.64775087,False,False,False,True,False,-0.367999999999995,0.8329999999999951,False,False,0.0,False,3.333333329999995,0.556555620000001,,False,3.960493823,0.833559299,177.43333333333334
55b6b39a-d64a-5a38-9dbc-84a9faac294b__TO__dd0ff96a-0d57-5ba5-8691-ebf2359edec4,2023,CHIP_GANASSI_RACING,11,Takuma Sato,WINDOW_MEDIAN,20,ANY,RETROSPECTIVE,True,True,True,True,0.465,-0.0065911790128801,0.4715911790128801,233.398,1.0,1.0,10,096ff05c-1785-53cf-be2f-65bbb6ce7cd1,14.233333333333333,14.233333333333333,14.233333333333333,41.11111111,18.09119525,True,False,False,False,False,233.03,1.0,1.0,8,79d389ee-b055-582a-8985-c09472aa4d69,8.916666666666666,8.916666666666666,8.916666666666666,44.44444444,18.64775087,False,False,False,True,False,-0.367999999999995,0.8329999999999951,False,False,0.0,False,3.333333329999995,0.556555620000001,,False,3.960493823,0.833559299,177.43333333333334
55b6b39a-d64a-5a38-9dbc-84a9faac294b__TO__dd0ff96a-0d57-5ba5-8691-ebf2359edec4,2023,CHIP_GANASSI_RACING,11,Takuma Sato,WINDOW_MEDIAN,20,PRIOR,PIT_COMPATIBLE,True,False,False,False,0.465,-0.0065911790128801,0.4715911790128801,,,,,,,,,,,,,,,,,,,,,,,,,,,,,,,,,,,,,,,,False,3.960493823,0.833559299,177.43333333333334
55b6b39a-d64a-5a38-9dbc-84a9faac294b__TO__dd0ff96a-0d57-5ba5-8691-ebf2359edec4,2023,CHIP_GANASSI_RACING,11,Takuma Sato,WINDOW_MEDIAN,20,FUTURE,RETROSPECTIVE,True,True,True,True,0.465,-0.0065911790128801,0.4715911790128801,233.398,1.0,1.0,10,096ff05c-1785-53cf-be2f-65bbb6ce7cd1,14.233333333333333,14.233333333333333,14.233333333333333,41.11111111,18.09119525,True,False,False,False,False,233.03,1.0,1.0,8,79d389ee-b055-582a-8985-c09472aa4d69,8.916666666666666,8.916666666666666,8.916666666666666,44.44444444,18.64775087,False,False,False,True,False,-0.367999999999995,0.8329999999999951,False,False,0.0,False,3.333333329999995,0.556555620000001,,False,3.960493823,0.833559299,177.43333333333334
55b6b39a-d64a-5a38-9dbc-84a9faac294b__TO__dd0ff96a-0d57-5ba5-8691-ebf2359edec4,2023,CHIP_GANASSI_RACING,11,Takuma Sato,WINDOW_MEDIAN,30,ANY,RETROSPECTIVE,True,True,True,True,0.465,-0.0065911790128801,0.4715911790128801,233.398,1.0,1.0,10,096ff05c-1785-53cf-be2f-65bbb6ce7cd1,14.233333333333333,14.233333333333333,14.233333333333333,41.11111111,18.09119525,True,False,False,False,False,233.03,1.0,1.0,8,79d389ee-b055-582a-8985-c09472aa4d69,8.916666666666666,8.916666666666666,8.916666666666666,44.44444444,18.64775087,False,False,False,True,False,-0.367999999999995,0.8329999999999951,False,False,0.0,False,3.333333329999995,0.556555620000001,,False,3.960493823,0.833559299,177.43333333333334
55b6b39a-d64a-5a38-9dbc-84a9faac294b__TO__dd0ff96a-0d57-5ba5-8691-ebf2359edec4,2023,CHIP_GANASSI_RACING,11,Takuma Sato,WINDOW_MEDIAN,30,PRIOR,PIT_COMPATIBLE,True,False,False,False,0.465,-0.0065911790128801,0.4715911790128801,,,,,,,,,,,,,,,,,,,,,,,,,,,,,,,,,,,,,,,,False,3.960493823,0.833559299,177.43333333333334
55b6b39a-d64a-5a38-9dbc-84a9faac294b__TO__dd0ff96a-0d57-5ba5-8691-ebf2359edec4,2023,CHIP_GANASSI_RACING,11,Takuma Sato,WINDOW_MEDIAN,30,FUTURE,RETROSPECTIVE,True,True,True,True,0.465,-0.0065911790128801,0.4715911790128801,233.398,1.0,1.0,10,096ff05c-1785-53cf-be2f-65bbb6ce7cd1,14.233333333333333,14.233333333333333,14.233333333333333,41.11111111,18.09119525,True,False,False,False,False,233.03,1.0,1.0,8,79d389ee-b055-582a-8985-c09472aa4d69,8.916666666666666,8.916666666666666,8.916666666666666,44.44444444,18.64775087,False,False,False,True,False,-0.367999999999995,0.8329999999999951,False,False,0.0,False,3.333333329999995,0.556555620000001,,False,3.960493823,0.833559299,177.43333333333334
55b6b39a-d64a-5a38-9dbc-84a9faac294b__TO__dd0ff96a-0d57-5ba5-8691-ebf2359edec4,2023,CHIP_GANASSI_RACING,11,Takuma Sato,WINDOW_MEDIAN,45,ANY,RETROSPECTIVE,True,True,True,True,0.465,-0.0065911790128801,0.4715911790128801,233.398,1.0,1.0,10,096ff05c-1785-53cf-be2f-65bbb6ce7cd1,14.233333333333333,14.233333333333333,14.233333333333333,41.11111111,18.09119525,True,False,False,False,False,233.2025,2.0,2.0,8|9,79d389ee-b055-582a-8985-c09472aa4d69|3a0bcd66-fa08-5944-bf0b-5ec6c5a10f91,8.916666666666666,41.3,-16.191666666666666,44.44444444,18.77126313,False,False,False,True,False,-0.19550000000000978,0.6605000000000099,False,False,0.0,False,3.333333329999995,0.6800678800000028,,False,3.960493823,0.833559299,177.43333333333334
55b6b39a-d64a-5a38-9dbc-84a9faac294b__TO__dd0ff96a-0d57-5ba5-8691-ebf2359edec4,2023,CHIP_GANASSI_RACING,11,Takuma Sato,WINDOW_MEDIAN,45,PRIOR,PIT_COMPATIBLE,True,False,True,False,0.465,-0.0065911790128801,0.4715911790128801,,,,,,,,,,,,,,,,233.375,1.0,1.0,9,3a0bcd66-fa08-5944-bf0b-5ec6c5a10f91,41.3,41.3,-41.3,44.44444444,18.89477539,False,False,False,False,False,,,,,,,,,,False,3.960493823,0.833559299,177.43333333333334
55b6b39a-d64a-5a38-9dbc-84a9faac294b__TO__dd0ff96a-0d57-5ba5-8691-ebf2359edec4,2023,CHIP_GANASSI_RACING,11,Takuma Sato,WINDOW_MEDIAN,45,FUTURE,RETROSPECTIVE,True,True,True,True,0.465,-0.0065911790128801,0.4715911790128801,233.398,1.0,1.0,10,096ff05c-1785-53cf-be2f-65bbb6ce7cd1,14.233333333333333,14.233333333333333,14.233333333333333,41.11111111,18.09119525,True,False,False,False,False,233.03,1.0,1.0,8,79d389ee-b055-582a-8985-c09472aa4d69,8.916666666666666,8.916666666666666,8.916666666666666,44.44444444,18.64775087,False,False,False,True,False,-0.367999999999995,0.8329999999999951,False,False,0.0,False,3.333333329999995,0.556555620000001,,False,3.960493823,0.833559299,177.43333333333334
55b6b39a-d64a-5a38-9dbc-84a9faac294b__TO__dd0ff96a-0d57-5ba5-8691-ebf2359edec4,2023,CHIP_GANASSI_RACING,11,Takuma Sato,WINDOW_MEDIAN,60,ANY,RETROSPECTIVE,True,True,True,True,0.465,-0.0065911790128801,0.4715911790128801,233.398,1.0,1.0,10,096ff05c-1785-53cf-be2f-65bbb6ce7cd1,14.233333333333333,14.233333333333333,14.233333333333333,41.11111111,18.09119525,True,False,False,False,False,233.2025,2.0,2.0,8|9,79d389ee-b055-582a-8985-c09472aa4d69|3a0bcd66-fa08-5944-bf0b-5ec6c5a10f91,8.916666666666666,41.3,-16.191666666666666,44.44444444,18.77126313,False,False,False,True,False,-0.19550000000000978,0.6605000000000099,False,False,0.0,False,3.333333329999995,0.6800678800000028,,False,3.960493823,0.833559299,177.43333333333334
55b6b39a-d64a-5a38-9dbc-84a9faac294b__TO__dd0ff96a-0d57-5ba5-8691-ebf2359edec4,2023,CHIP_GANASSI_RACING,11,Takuma Sato,WINDOW_MEDIAN,60,PRIOR,PIT_COMPATIBLE,True,False,True,False,0.465,-0.0065911790128801,0.4715911790128801,,,,,,,,,,,,,,,,233.375,1.0,1.0,9,3a0bcd66-fa08-5944-bf0b-5ec6c5a10f91,41.3,41.3,-41.3,44.44444444,18.89477539,False,False,False,False,False,,,,,,,,,,False,3.960493823,0.833559299,177.43333333333334
55b6b39a-d64a-5a38-9dbc-84a9faac294b__TO__dd0ff96a-0d57-5ba5-8691-ebf2359edec4,2023,CHIP_GANASSI_RACING,11,Takuma Sato,WINDOW_MEDIAN,60,FUTURE,RETROSPECTIVE,True,True,True,True,0.465,-0.0065911790128801,0.4715911790128801,233.398,1.0,1.0,10,096ff05c-1785-53cf-be2f-65bbb6ce7cd1,14.233333333333333,14.233333333333333,14.233333333333333,41.11111111,18.09119525,True,False,False,False,False,233.03,1.0,1.0,8,79d389ee-b055-582a-8985-c09472aa4d69,8.916666666666666,8.916666666666666,8.916666666666666,44.44444444,18.64775087,False,False,False,True,False,-0.367999999999995,0.8329999999999951,False,False,0.0,False,3.333333329999995,0.556555620000001,,False,3.960493823,0.833559299,177.43333333333334
dda33fdd-49c8-5082-a03d-252bf1a6fa49__TO__f9f206a7-b2ab-5eb9-8805-0d279c65164d,2023,ANDRETTI,27,Kyle Kirkwood,WINDOW_MEDIAN,5,ANY,RETROSPECTIVE,True,False,False,False,0.227,0.0504998661766324,0.1765001338233675,,,,,,,,,,,,,,,,,,,,,,,,,,,,,,,,,,,,,,,,False,2.304938272,0.74536989,122.2
dda33fdd-49c8-5082-a03d-252bf1a6fa49__TO__f9f206a7-b2ab-5eb9-8805-0d279c65164d,2023,ANDRETTI,27,Kyle Kirkwood,WINDOW_MEDIAN,5,PRIOR,PIT_COMPATIBLE,True,False,False,False,0.227,0.0504998661766324,0.1765001338233675,,,,,,,,,,,,,,,,,,,,,,,,,,,,,,,,,,,,,,,,False,2.304938272,0.74536989,122.2
dda33fdd-49c8-5082-a03d-252bf1a6fa49__TO__f9f206a7-b2ab-5eb9-8805-0d279c65164d,2023,ANDRETTI,27,Kyle Kirkwood,WINDOW_MEDIAN,5,FUTURE,RETROSPECTIVE,True,False,False,False,0.227,0.0504998661766324,0.1765001338233675,,,,,,,,,,,,,,,,,,,,,,,,,,,,,,,,,,,,,,,,False,2.304938272,0.74536989,122.2
dda33fdd-49c8-5082-a03d-252bf1a6fa49__TO__f9f206a7-b2ab-5eb9-8805-0d279c65164d,2023,ANDRETTI,27,Kyle Kirkwood,WINDOW_MEDIAN,10,ANY,RETROSPECTIVE,True,False,False,False,0.227,0.0504998661766324,0.1765001338233675,,,,,,,,,,,,,,,,,,,,,,,,,,,,,,,,,,,,,,,,False,2.304938272,0.74536989,122.2
dda33fdd-49c8-5082-a03d-252bf1a6fa49__TO__f9f206a7-b2ab-5eb9-8805-0d279c65164d,2023,ANDRETTI,27,Kyle Kirkwood,WINDOW_MEDIAN,10,PRIOR,PIT_COMPATIBLE,True,False,False,False,0.227,0.0504998661766324,0.1765001338233675,,,,,,,,,,,,,,,,,,,,,,,,,,,,,,,,,,,,,,,,False,2.304938272,0.74536989,122.2
dda33fdd-49c8-5082-a03d-252bf1a6fa49__TO__f9f206a7-b2ab-5eb9-8805-0d279c65164d,2023,ANDRETTI,27,Kyle Kirkwood,WINDOW_MEDIAN,10,FUTURE,RETROSPECTIVE,True,False,False,False,0.227,0.0504998661766324,0.1765001338233675,,,,,,,,,,,,,,,,,,,,,,,,,,,,,,,,,,,,,,,,False,2.304938272,0.74536989,122.2
dda33fdd-49c8-5082-a03d-252bf1a6fa49__TO__f9f206a7-b2ab-5eb9-8805-0d279c65164d,2023,ANDRETTI,27,Kyle Kirkwood,WINDOW_MEDIAN,15,ANY,RETROSPECTIVE,True,False,True,False,0.227,0.0504998661766324,0.1765001338233675,,,,,,,,,,,,,,,,231.353,1.0,1.0,29,ab6f7ab5-b6ba-5e02-9560-f89bd35b575c,12.283333333333333,12.283333333333333,-12.283333333333333,44.44444444,18.88855774,True,False,False,False,False,,,,,,,,,,False,2.304938272,0.74536989,122.2
dda33fdd-49c8-5082-a03d-252bf1a6fa49__TO__f9f206a7-b2ab-5eb9-8805-0d279c65164d,2023,ANDRETTI,27,Kyle Kirkwood,WINDOW_MEDIAN,15,PRIOR,PIT_COMPATIBLE,True,False,True,False,0.227,0.0504998661766324,0.1765001338233675,,,,,,,,,,,,,,,,231.353,1.0,1.0,29,ab6f7ab5-b6ba-5e02-9560-f89bd35b575c,12.283333333333333,12.283333333333333,-12.283333333333333,44.44444444,18.88855774,True,False,False,False,False,,,,,,,,,,False,2.304938272,0.74536989,122.2
dda33fdd-49c8-5082-a03d-252bf1a6fa49__TO__f9f206a7-b2ab-5eb9-8805-0d279c65164d,2023,ANDRETTI,27,Kyle Kirkwood,WINDOW_MEDIAN,15,FUTURE,RETROSPECTIVE,True,False,False,False,0.227,0.0504998661766324,0.1765001338233675,,,,,,,,,,,,,,,,,,,,,,,,,,,,,,,,,,,,,,,,False,2.304938272,0.74536989,122.2
dda33fdd-49c8-5082-a03d-252bf1a6fa49__TO__f9f206a7-b2ab-5eb9-8805-0d279c65164d,2023,ANDRETTI,27,Kyle Kirkwood,WINDOW_MEDIAN,20,ANY,RETROSPECTIVE,True,False,True,False,0.227,0.0504998661766324,0.1765001338233675,,,,,,,,,,,,,,,,231.353,1.0,1.0,29,ab6f7ab5-b6ba-5e02-9560-f89bd35b575c,12.283333333333333,12.283333333333333,-12.283333333333333,44.44444444,18.88855774,True,False,False,False,False,,,,,,,,,,False,2.304938272,0.74536989,122.2
dda33fdd-49c8-5082-a03d-252bf1a6fa49__TO__f9f206a7-b2ab-5eb9-8805-0d279c65164d,2023,ANDRETTI,27,Kyle Kirkwood,WINDOW_MEDIAN,20,PRIOR,PIT_COMPATIBLE,True,False,True,False,0.227,0.0504998661766324,0.1765001338233675,,,,,,,,,,,,,,,,231.353,1.0,1.0,29,ab6f7ab5-b6ba-5e02-9560-f89bd35b575c,12.283333333333333,12.283333333333333,-12.283333333333333,44.44444444,18.88855774,True,False,False,False,False,,,,,,,,,,False,2.304938272,0.74536989,122.2
dda33fdd-49c8-5082-a03d-252bf1a6fa49__TO__f9f206a7-b2ab-5eb9-8805-0d279c65164d,2023,ANDRETTI,27,Kyle Kirkwood,WINDOW_MEDIAN,20,FUTURE,RETROSPECTIVE,True,False,False,False,0.227,0.0504998661766324,0.1765001338233675,,,,,,,,,,,,,,,,,,,,,,,,,,,,,,,,,,,,,,,,False,2.304938272,0.74536989,122.2
dda33fdd-49c8-5082-a03d-252bf1a6fa49__TO__f9f206a7-b2ab-5eb9-8805-0d279c65164d,2023,ANDRETTI,27,Kyle Kirkwood,WINDOW_MEDIAN,30,ANY,RETROSPECTIVE,True,False,True,False,0.227,0.0504998661766324,0.1765001338233675,,,,,,,,,,,,,,,,231.353,1.0,1.0,29,ab6f7ab5-b6ba-5e02-9560-f89bd35b575c,12.283333333333333,12.283333333333333,-12.283333333333333,44.44444444,18.88855774,True,False,False,False,False,,,,,,,,,,False,2.304938272,0.74536989,122.2
dda33fdd-49c8-5082-a03d-252bf1a6fa49__TO__f9f206a7-b2ab-5eb9-8805-0d279c65164d,2023,ANDRETTI,27,Kyle Kirkwood,WINDOW_MEDIAN,30,PRIOR,PIT_COMPATIBLE,True,False,True,False,0.227,0.0504998661766324,0.1765001338233675,,,,,,,,,,,,,,,,231.353,1.0,1.0,29,ab6f7ab5-b6ba-5e02-9560-f89bd35b575c,12.283333333333333,12.283333333333333,-12.283333333333333,44.44444444,18.88855774,True,False,False,False,False,,,,,,,,,,False,2.304938272,0.74536989,122.2
dda33fdd-49c8-5082-a03d-252bf1a6fa49__TO__f9f206a7-b2ab-5eb9-8805-0d279c65164d,2023,ANDRETTI,27,Kyle Kirkwood,WINDOW_MEDIAN,30,FUTURE,RETROSPECTIVE,True,False,False,False,0.227,0.0504998661766324,0.1765001338233675,,,,,,,,,,,,,,,,,,,,,,,,,,,,,,,,,,,,,,,,False,2.304938272,0.74536989,122.2
dda33fdd-49c8-5082-a03d-252bf1a6fa49__TO__f9f206a7-b2ab-5eb9-8805-0d279c65164d,2023,ANDRETTI,27,Kyle Kirkwood,WINDOW_MEDIAN,45,ANY,RETROSPECTIVE,True,False,True,False,0.227,0.0504998661766324,0.1765001338233675,,,,,,,,,,,,,,,,231.353,1.0,1.0,29,ab6f7ab5-b6ba-5e02-9560-f89bd35b575c,12.283333333333333,12.283333333333333,-12.283333333333333,44.44444444,18.88855774,True,False,False,False,False,,,,,,,,,,False,2.304938272,0.74536989,122.2
dda33fdd-49c8-5082-a03d-252bf1a6fa49__TO__f9f206a7-b2ab-5eb9-8805-0d279c65164d,2023,ANDRETTI,27,Kyle Kirkwood,WINDOW_MEDIAN,45,PRIOR,PIT_COMPATIBLE,True,False,True,False,0.227,0.0504998661766324,0.1765001338233675,,,,,,,,,,,,,,,,231.353,1.0,1.0,29,ab6f7ab5-b6ba-5e02-9560-f89bd35b575c,12.283333333333333,12.283333333333333,-12.283333333333333,44.44444444,18.88855774,True,False,False,False,False,,,,,,,,,,False,2.304938272,0.74536989,122.2
dda33fdd-49c8-5082-a03d-252bf1a6fa49__TO__f9f206a7-b2ab-5eb9-8805-0d279c65164d,2023,ANDRETTI,27,Kyle Kirkwood,WINDOW_MEDIAN,45,FUTURE,RETROSPECTIVE,True,False,False,False,0.227,0.0504998661766324,0.1765001338233675,,,,,,,,,,,,,,,,,,,,,,,,,,,,,,,,,,,,,,,,False,2.304938272,0.74536989,122.2
dda33fdd-49c8-5082-a03d-252bf1a6fa49__TO__f9f206a7-b2ab-5eb9-8805-0d279c65164d,2023,ANDRETTI,27,Kyle Kirkwood,WINDOW_MEDIAN,60,ANY,RETROSPECTIVE,True,True,True,True,0.227,0.0504998661766324,0.1765001338233675,231.273,1.0,1.0,29,f10d3a91-6f0d-59f0-9ea9-4db5cf6e44b9,51.583333333333336,51.583333333333336,-51.583333333333336,38.1537037,16.70047907,False,False,False,False,False,231.353,1.0,1.0,29,ab6f7ab5-b6ba-5e02-9560-f89bd35b575c,12.283333333333333,12.283333333333333,-12.283333333333333,44.44444444,18.88855774,True,False,False,False,False,0.0800000000000125,0.1469999999999875,True,True,0.0,False,6.290740739999997,2.1880786699999994,f10d3a91-6f0d-59f0-9ea9-4db5cf6e44b9__TO__ab6f7ab5-b6ba-5e02-9560-f89bd35b575c,True,2.304938272,0.74536989,122.2
dda33fdd-49c8-5082-a03d-252bf1a6fa49__TO__f9f206a7-b2ab-5eb9-8805-0d279c65164d,2023,ANDRETTI,27,Kyle Kirkwood,WINDOW_MEDIAN,60,PRIOR,PIT_COMPATIBLE,True,True,True,True,0.227,0.0504998661766324,0.1765001338233675,231.273,1.0,1.0,29,f10d3a91-6f0d-59f0-9ea9-4db5cf6e44b9,51.583333333333336,51.583333333333336,-51.583333333333336,38.1537037,16.70047907,False,False,False,False,False,231.353,1.0,1.0,29,ab6f7ab5-b6ba-5e02-9560-f89bd35b575c,12.283333333333333,12.283333333333333,-12.283333333333333,44.44444444,18.88855774,True,False,False,False,False,0.0800000000000125,0.1469999999999875,True,True,0.0,False,6.290740739999997,2.1880786699999994,f10d3a91-6f0d-59f0-9ea9-4db5cf6e44b9__TO__ab6f7ab5-b6ba-5e02-9560-f89bd35b575c,False,2.304938272,0.74536989,122.2
dda33fdd-49c8-5082-a03d-252bf1a6fa49__TO__f9f206a7-b2ab-5eb9-8805-0d279c65164d,2023,ANDRETTI,27,Kyle Kirkwood,WINDOW_MEDIAN,60,FUTURE,RETROSPECTIVE,True,False,False,False,0.227,0.0504998661766324,0.1765001338233675,,,,,,,,,,,,,,,,,,,,,,,,,,,,,,,,,,,,,,,,False,2.304938272,0.74536989,122.2
f9f206a7-b2ab-5eb9-8805-0d279c65164d__TO__970e09d9-9783-53a2-ac70-f2117bee1d09,2023,ANDRETTI,27,Kyle Kirkwood,WINDOW_MEDIAN,5,ANY,RETROSPECTIVE,True,False,False,False,0.045,-0.0573114863634382,0.1023114863634382,,,,,,,,,,,,,,,,,,,,,,,,,,,,,,,,,,,,,,,,False,-0.08024691802,-0.2920346408,53.266666666666666
f9f206a7-b2ab-5eb9-8805-0d279c65164d__TO__970e09d9-9783-53a2-ac70-f2117bee1d09,2023,ANDRETTI,27,Kyle Kirkwood,WINDOW_MEDIAN,5,PRIOR,PIT_COMPATIBLE,True,False,False,False,0.045,-0.0573114863634382,0.1023114863634382,,,,,,,,,,,,,,,,,,,,,,,,,,,,,,,,,,,,,,,,False,-0.08024691802,-0.2920346408,53.266666666666666
f9f206a7-b2ab-5eb9-8805-0d279c65164d__TO__970e09d9-9783-53a2-ac70-f2117bee1d09,2023,ANDRETTI,27,Kyle Kirkwood,WINDOW_MEDIAN,5,FUTURE,RETROSPECTIVE,True,False,False,False,0.045,-0.0573114863634382,0.1023114863634382,,,,,,,,,,,,,,,,,,,,,,,,,,,,,,,,,,,,,,,,False,-0.08024691802,-0.2920346408,53.266666666666666
f9f206a7-b2ab-5eb9-8805-0d279c65164d__TO__970e09d9-9783-53a2-ac70-f2117bee1d09,2023,ANDRETTI,27,Kyle Kirkwood,WINDOW_MEDIAN,10,ANY,RETROSPECTIVE,True,False,False,False,0.045,-0.0573114863634382,0.1023114863634382,,,,,,,,,,,,,,,,,,,,,,,,,,,,,,,,,,,,,,,,False,-0.08024691802,-0.2920346408,53.266666666666666
f9f206a7-b2ab-5eb9-8805-0d279c65164d__TO__970e09d9-9783-53a2-ac70-f2117bee1d09,2023,ANDRETTI,27,Kyle Kirkwood,WINDOW_MEDIAN,10,PRIOR,PIT_COMPATIBLE,True,False,False,False,0.045,-0.0573114863634382,0.1023114863634382,,,,,,,,,,,,,,,,,,,,,,,,,,,,,,,,,,,,,,,,False,-0.08024691802,-0.2920346408,53.266666666666666
f9f206a7-b2ab-5eb9-8805-0d279c65164d__TO__970e09d9-9783-53a2-ac70-f2117bee1d09,2023,ANDRETTI,27,Kyle Kirkwood,WINDOW_MEDIAN,10,FUTURE,RETROSPECTIVE,True,False,False,False,0.045,-0.0573114863634382,0.1023114863634382,,,,,,,,,,,,,,,,,,,,,,,,,,,,,,,,,,,,,,,,False,-0.08024691802,-0.2920346408,53.266666666666666
f9f206a7-b2ab-5eb9-8805-0d279c65164d__TO__970e09d9-9783-53a2-ac70-f2117bee1d09,2023,ANDRETTI,27,Kyle Kirkwood,WINDOW_MEDIAN,15,ANY,RETROSPECTIVE,True,True,False,False,0.045,-0.0573114863634382,0.1023114863634382,231.353,1.0,1.0,29,ab6f7ab5-b6ba-5e02-9560-f89bd35b575c,12.283333333333333,12.283333333333333,-12.283333333333333,44.44444444,18.88855774,True,False,False,False,False,,,,,,,,,,,,,,,,,,,,,,,,,False,-0.08024691802,-0.2920346408,53.266666666666666
f9f206a7-b2ab-5eb9-8805-0d279c65164d__TO__970e09d9-9783-53a2-ac70-f2117bee1d09,2023,ANDRETTI,27,Kyle Kirkwood,WINDOW_MEDIAN,15,PRIOR,PIT_COMPATIBLE,True,True,False,False,0.045,-0.0573114863634382,0.1023114863634382,231.353,1.0,1.0,29,ab6f7ab5-b6ba-5e02-9560-f89bd35b575c,12.283333333333333,12.283333333333333,-12.283333333333333,44.44444444,18.88855774,True,False,False,False,False,,,,,,,,,,,,,,,,,,,,,,,,,False,-0.08024691802,-0.2920346408,53.266666666666666
f9f206a7-b2ab-5eb9-8805-0d279c65164d__TO__970e09d9-9783-53a2-ac70-f2117bee1d09,2023,ANDRETTI,27,Kyle Kirkwood,WINDOW_MEDIAN,15,FUTURE,RETROSPECTIVE,True,False,False,False,0.045,-0.0573114863634382,0.1023114863634382,,,,,,,,,,,,,,,,,,,,,,,,,,,,,,,,,,,,,,,,False,-0.08024691802,-0.2920346408,53.266666666666666
f9f206a7-b2ab-5eb9-8805-0d279c65164d__TO__970e09d9-9783-53a2-ac70-f2117bee1d09,2023,ANDRETTI,27,Kyle Kirkwood,WINDOW_MEDIAN,20,ANY,RETROSPECTIVE,True,True,False,False,0.045,-0.0573114863634382,0.1023114863634382,231.353,1.0,1.0,29,ab6f7ab5-b6ba-5e02-9560-f89bd35b575c,12.283333333333333,12.283333333333333,-12.283333333333333,44.44444444,18.88855774,True,False,False,False,False,,,,,,,,,,,,,,,,,,,,,,,,,False,-0.08024691802,-0.2920346408,53.266666666666666
f9f206a7-b2ab-5eb9-8805-0d279c65164d__TO__970e09d9-9783-53a2-ac70-f2117bee1d09,2023,ANDRETTI,27,Kyle Kirkwood,WINDOW_MEDIAN,20,PRIOR,PIT_COMPATIBLE,True,True,False,False,0.045,-0.0573114863634382,0.1023114863634382,231.353,1.0,1.0,29,ab6f7ab5-b6ba-5e02-9560-f89bd35b575c,12.283333333333333,12.283333333333333,-12.283333333333333,44.44444444,18.88855774,True,False,False,False,False,,,,,,,,,,,,,,,,,,,,,,,,,False,-0.08024691802,-0.2920346408,53.266666666666666
f9f206a7-b2ab-5eb9-8805-0d279c65164d__TO__970e09d9-9783-53a2-ac70-f2117bee1d09,2023,ANDRETTI,27,Kyle Kirkwood,WINDOW_MEDIAN,20,FUTURE,RETROSPECTIVE,True,False,False,False,0.045,-0.0573114863634382,0.1023114863634382,,,,,,,,,,,,,,,,,,,,,,,,,,,,,,,,,,,,,,,,False,-0.08024691802,-0.2920346408,53.266666666666666
f9f206a7-b2ab-5eb9-8805-0d279c65164d__TO__970e09d9-9783-53a2-ac70-f2117bee1d09,2023,ANDRETTI,27,Kyle Kirkwood,WINDOW_MEDIAN,30,ANY,RETROSPECTIVE,True,True,False,False,0.045,-0.0573114863634382,0.1023114863634382,231.353,1.0,1.0,29,ab6f7ab5-b6ba-5e02-9560-f89bd35b575c,12.283333333333333,12.283333333333333,-12.283333333333333,44.44444444,18.88855774,True,False,False,False,False,,,,,,,,,,,,,,,,,,,,,,,,,False,-0.08024691802,-0.2920346408,53.266666666666666
f9f206a7-b2ab-5eb9-8805-0d279c65164d__TO__970e09d9-9783-53a2-ac70-f2117bee1d09,2023,ANDRETTI,27,Kyle Kirkwood,WINDOW_MEDIAN,30,PRIOR,PIT_COMPATIBLE,True,True,False,False,0.045,-0.0573114863634382,0.1023114863634382,231.353,1.0,1.0,29,ab6f7ab5-b6ba-5e02-9560-f89bd35b575c,12.283333333333333,12.283333333333333,-12.283333333333333,44.44444444,18.88855774,True,False,False,False,False,,,,,,,,,,,,,,,,,,,,,,,,,False,-0.08024691802,-0.2920346408,53.266666666666666
f9f206a7-b2ab-5eb9-8805-0d279c65164d__TO__970e09d9-9783-53a2-ac70-f2117bee1d09,2023,ANDRETTI,27,Kyle Kirkwood,WINDOW_MEDIAN,30,FUTURE,RETROSPECTIVE,True,False,False,False,0.045,-0.0573114863634382,0.1023114863634382,,,,,,,,,,,,,,,,,,,,,,,,,,,,,,,,,,,,,,,,False,-0.08024691802,-0.2920346408,53.266666666666666
f9f206a7-b2ab-5eb9-8805-0d279c65164d__TO__970e09d9-9783-53a2-ac70-f2117bee1d09,2023,ANDRETTI,27,Kyle Kirkwood,WINDOW_MEDIAN,45,ANY,RETROSPECTIVE,True,True,False,False,0.045,-0.0573114863634382,0.1023114863634382,231.353,1.0,1.0,29,ab6f7ab5-b6ba-5e02-9560-f89bd35b575c,12.283333333333333,12.283333333333333,-12.283333333333333,44.44444444,18.88855774,True,False,False,False,False,,,,,,,,,,,,,,,,,,,,,,,,,False,-0.08024691802,-0.2920346408,53.266666666666666
f9f206a7-b2ab-5eb9-8805-0d279c65164d__TO__970e09d9-9783-53a2-ac70-f2117bee1d09,2023,ANDRETTI,27,Kyle Kirkwood,WINDOW_MEDIAN,45,PRIOR,PIT_COMPATIBLE,True,True,False,False,0.045,-0.0573114863634382,0.1023114863634382,231.353,1.0,1.0,29,ab6f7ab5-b6ba-5e02-9560-f89bd35b575c,12.283333333333333,12.283333333333333,-12.283333333333333,44.44444444,18.88855774,True,False,False,False,False,,,,,,,,,,,,,,,,,,,,,,,,,False,-0.08024691802,-0.2920346408,53.266666666666666
f9f206a7-b2ab-5eb9-8805-0d279c65164d__TO__970e09d9-9783-53a2-ac70-f2117bee1d09,2023,ANDRETTI,27,Kyle Kirkwood,WINDOW_MEDIAN,45,FUTURE,RETROSPECTIVE,True,False,False,False,0.045,-0.0573114863634382,0.1023114863634382,,,,,,,,,,,,,,,,,,,,,,,,,,,,,,,,,,,,,,,,False,-0.08024691802,-0.2920346408,53.266666666666666
f9f206a7-b2ab-5eb9-8805-0d279c65164d__TO__970e09d9-9783-53a2-ac70-f2117bee1d09,2023,ANDRETTI,27,Kyle Kirkwood,WINDOW_MEDIAN,60,ANY,RETROSPECTIVE,True,True,False,False,0.045,-0.0573114863634382,0.1023114863634382,231.353,1.0,1.0,29,ab6f7ab5-b6ba-5e02-9560-f89bd35b575c,12.283333333333333,12.283333333333333,-12.283333333333333,44.44444444,18.88855774,True,False,False,False,False,,,,,,,,,,,,,,,,,,,,,,,,,False,-0.08024691802,-0.2920346408,53.266666666666666
f9f206a7-b2ab-5eb9-8805-0d279c65164d__TO__970e09d9-9783-53a2-ac70-f2117bee1d09,2023,ANDRETTI,27,Kyle Kirkwood,WINDOW_MEDIAN,60,PRIOR,PIT_COMPATIBLE,True,True,False,False,0.045,-0.0573114863634382,0.1023114863634382,231.353,1.0,1.0,29,ab6f7ab5-b6ba-5e02-9560-f89bd35b575c,12.283333333333333,12.283333333333333,-12.283333333333333,44.44444444,18.88855774,True,False,False,False,False,,,,,,,,,,,,,,,,,,,,,,,,,False,-0.08024691802,-0.2920346408,53.266666666666666
f9f206a7-b2ab-5eb9-8805-0d279c65164d__TO__970e09d9-9783-53a2-ac70-f2117bee1d09,2023,ANDRETTI,27,Kyle Kirkwood,WINDOW_MEDIAN,60,FUTURE,RETROSPECTIVE,True,False,False,False,0.045,-0.0573114863634382,0.1023114863634382,,,,,,,,,,,,,,,,,,,,,,,,,,,,,,,,,,,,,,,,False,-0.08024691802,-0.2920346408,53.266666666666666
f10d3a91-6f0d-59f0-9ea9-4db5cf6e44b9__TO__ab6f7ab5-b6ba-5e02-9560-f89bd35b575c,2023,ANDRETTI,29,Devlin DeFrancesco,WINDOW_MEDIAN,5,ANY,RETROSPECTIVE,True,False,False,False,0.08,0.1699331837401284,-0.0899331837401284,,,,,,,,,,,,,,,,,,,,,,,,,,,,,,,,,,,,,,,,False,6.290740736,2.188078673,161.5
f10d3a91-6f0d-59f0-9ea9-4db5cf6e44b9__TO__ab6f7ab5-b6ba-5e02-9560-f89bd35b575c,2023,ANDRETTI,29,Devlin DeFrancesco,WINDOW_MEDIAN,5,PRIOR,PIT_COMPATIBLE,True,False,False,False,0.08,0.1699331837401284,-0.0899331837401284,,,,,,,,,,,,,,,,,,,,,,,,,,,,,,,,,,,,,,,,False,6.290740736,2.188078673,161.5
f10d3a91-6f0d-59f0-9ea9-4db5cf6e44b9__TO__ab6f7ab5-b6ba-5e02-9560-f89bd35b575c,2023,ANDRETTI,29,Devlin DeFrancesco,WINDOW_MEDIAN,5,FUTURE,RETROSPECTIVE,True,False,False,False,0.08,0.1699331837401284,-0.0899331837401284,,,,,,,,,,,,,,,,,,,,,,,,,,,,,,,,,,,,,,,,False,6.290740736,2.188078673,161.5
f10d3a91-6f0d-59f0-9ea9-4db5cf6e44b9__TO__ab6f7ab5-b6ba-5e02-9560-f89bd35b575c,2023,ANDRETTI,29,Devlin DeFrancesco,WINDOW_MEDIAN,10,ANY,RETROSPECTIVE,True,False,False,False,0.08,0.1699331837401284,-0.0899331837401284,,,,,,,,,,,,,,,,,,,,,,,,,,,,,,,,,,,,,,,,False,6.290740736,2.188078673,161.5
f10d3a91-6f0d-59f0-9ea9-4db5cf6e44b9__TO__ab6f7ab5-b6ba-5e02-9560-f89bd35b575c,2023,ANDRETTI,29,Devlin DeFrancesco,WINDOW_MEDIAN,10,PRIOR,PIT_COMPATIBLE,True,False,False,False,0.08,0.1699331837401284,-0.0899331837401284,,,,,,,,,,,,,,,,,,,,,,,,,,,,,,,,,,,,,,,,False,6.290740736,2.188078673,161.5
f10d3a91-6f0d-59f0-9ea9-4db5cf6e44b9__TO__ab6f7ab5-b6ba-5e02-9560-f89bd35b575c,2023,ANDRETTI,29,Devlin DeFrancesco,WINDOW_MEDIAN,10,FUTURE,RETROSPECTIVE,True,False,False,False,0.08,0.1699331837401284,-0.0899331837401284,,,,,,,,,,,,,,,,,,,,,,,,,,,,,,,,,,,,,,,,False,6.290740736,2.188078673,161.5
f10d3a91-6f0d-59f0-9ea9-4db5cf6e44b9__TO__ab6f7ab5-b6ba-5e02-9560-f89bd35b575c,2023,ANDRETTI,29,Devlin DeFrancesco,WINDOW_MEDIAN,15,ANY,RETROSPECTIVE,True,False,True,False,0.08,0.1699331837401284,-0.0899331837401284,,,,,,,,,,,,,,,,232.617,1.0,1.0,27,f9f206a7-b2ab-5eb9-8805-0d279c65164d,12.283333333333333,12.283333333333333,12.283333333333333,44.52469136,18.91599731,True,False,False,False,False,,,,,,,,,,False,6.290740736,2.188078673,161.5
f10d3a91-6f0d-59f0-9ea9-4db5cf6e44b9__TO__ab6f7ab5-b6ba-5e02-9560-f89bd35b575c,2023,ANDRETTI,29,Devlin DeFrancesco,WINDOW_MEDIAN,15,PRIOR,PIT_COMPATIBLE,True,False,False,False,0.08,0.1699331837401284,-0.0899331837401284,,,,,,,,,,,,,,,,,,,,,,,,,,,,,,,,,,,,,,,,False,6.290740736,2.188078673,161.5
f10d3a91-6f0d-59f0-9ea9-4db5cf6e44b9__TO__ab6f7ab5-b6ba-5e02-9560-f89bd35b575c,2023,ANDRETTI,29,Devlin DeFrancesco,WINDOW_MEDIAN,15,FUTURE,RETROSPECTIVE,True,False,True,False,0.08,0.1699331837401284,-0.0899331837401284,,,,,,,,,,,,,,,,232.617,1.0,1.0,27,f9f206a7-b2ab-5eb9-8805-0d279c65164d,12.283333333333333,12.283333333333333,12.283333333333333,44.52469136,18.91599731,True,False,False,False,False,,,,,,,,,,False,6.290740736,2.188078673,161.5
f10d3a91-6f0d-59f0-9ea9-4db5cf6e44b9__TO__ab6f7ab5-b6ba-5e02-9560-f89bd35b575c,2023,ANDRETTI,29,Devlin DeFrancesco,WINDOW_MEDIAN,20,ANY,RETROSPECTIVE,True,False,True,False,0.08,0.1699331837401284,-0.0899331837401284,,,,,,,,,,,,,,,,232.617,1.0,1.0,27,f9f206a7-b2ab-5eb9-8805-0d279c65164d,12.283333333333333,12.283333333333333,12.283333333333333,44.52469136,18.91599731,True,False,False,False,False,,,,,,,,,,False,6.290740736,2.188078673,161.5
f10d3a91-6f0d-59f0-9ea9-4db5cf6e44b9__TO__ab6f7ab5-b6ba-5e02-9560-f89bd35b575c,2023,ANDRETTI,29,Devlin DeFrancesco,WINDOW_MEDIAN,20,PRIOR,PIT_COMPATIBLE,True,False,False,False,0.08,0.1699331837401284,-0.0899331837401284,,,,,,,,,,,,,,,,,,,,,,,,,,,,,,,,,,,,,,,,False,6.290740736,2.188078673,161.5
f10d3a91-6f0d-59f0-9ea9-4db5cf6e44b9__TO__ab6f7ab5-b6ba-5e02-9560-f89bd35b575c,2023,ANDRETTI,29,Devlin DeFrancesco,WINDOW_MEDIAN,20,FUTURE,RETROSPECTIVE,True,False,True,False,0.08,0.1699331837401284,-0.0899331837401284,,,,,,,,,,,,,,,,232.617,1.0,1.0,27,f9f206a7-b2ab-5eb9-8805-0d279c65164d,12.283333333333333,12.283333333333333,12.283333333333333,44.52469136,18.91599731,True,False,False,False,False,,,,,,,,,,False,6.290740736,2.188078673,161.5
f10d3a91-6f0d-59f0-9ea9-4db5cf6e44b9__TO__ab6f7ab5-b6ba-5e02-9560-f89bd35b575c,2023,ANDRETTI,29,Devlin DeFrancesco,WINDOW_MEDIAN,30,ANY,RETROSPECTIVE,True,False,True,False,0.08,0.1699331837401284,-0.0899331837401284,,,,,,,,,,,,,,,,232.617,1.0,1.0,27,f9f206a7-b2ab-5eb9-8805-0d279c65164d,12.283333333333333,12.283333333333333,12.283333333333333,44.52469136,18.91599731,True,False,False,False,False,,,,,,,,,,False,6.290740736,2.188078673,161.5
f10d3a91-6f0d-59f0-9ea9-4db5cf6e44b9__TO__ab6f7ab5-b6ba-5e02-9560-f89bd35b575c,2023,ANDRETTI,29,Devlin DeFrancesco,WINDOW_MEDIAN,30,PRIOR,PIT_COMPATIBLE,True,False,False,False,0.08,0.1699331837401284,-0.0899331837401284,,,,,,,,,,,,,,,,,,,,,,,,,,,,,,,,,,,,,,,,False,6.290740736,2.188078673,161.5
f10d3a91-6f0d-59f0-9ea9-4db5cf6e44b9__TO__ab6f7ab5-b6ba-5e02-9560-f89bd35b575c,2023,ANDRETTI,29,Devlin DeFrancesco,WINDOW_MEDIAN,30,FUTURE,RETROSPECTIVE,True,False,True,False,0.08,0.1699331837401284,-0.0899331837401284,,,,,,,,,,,,,,,,232.617,1.0,1.0,27,f9f206a7-b2ab-5eb9-8805-0d279c65164d,12.283333333333333,12.283333333333333,12.283333333333333,44.52469136,18.91599731,True,False,False,False,False,,,,,,,,,,False,6.290740736,2.188078673,161.5
f10d3a91-6f0d-59f0-9ea9-4db5cf6e44b9__TO__ab6f7ab5-b6ba-5e02-9560-f89bd35b575c,2023,ANDRETTI,29,Devlin DeFrancesco,WINDOW_MEDIAN,45,ANY,RETROSPECTIVE,True,False,True,False,0.08,0.1699331837401284,-0.0899331837401284,,,,,,,,,,,,,,,,232.617,1.0,1.0,27,f9f206a7-b2ab-5eb9-8805-0d279c65164d,12.283333333333333,12.283333333333333,12.283333333333333,44.52469136,18.91599731,True,False,False,False,False,,,,,,,,,,False,6.290740736,2.188078673,161.5
f10d3a91-6f0d-59f0-9ea9-4db5cf6e44b9__TO__ab6f7ab5-b6ba-5e02-9560-f89bd35b575c,2023,ANDRETTI,29,Devlin DeFrancesco,WINDOW_MEDIAN,45,PRIOR,PIT_COMPATIBLE,True,False,False,False,0.08,0.1699331837401284,-0.0899331837401284,,,,,,,,,,,,,,,,,,,,,,,,,,,,,,,,,,,,,,,,False,6.290740736,2.188078673,161.5
f10d3a91-6f0d-59f0-9ea9-4db5cf6e44b9__TO__ab6f7ab5-b6ba-5e02-9560-f89bd35b575c,2023,ANDRETTI,29,Devlin DeFrancesco,WINDOW_MEDIAN,45,FUTURE,RETROSPECTIVE,True,False,True,False,0.08,0.1699331837401284,-0.0899331837401284,,,,,,,,,,,,,,,,232.617,1.0,1.0,27,f9f206a7-b2ab-5eb9-8805-0d279c65164d,12.283333333333333,12.283333333333333,12.283333333333333,44.52469136,18.91599731,True,False,False,False,False,,,,,,,,,,False,6.290740736,2.188078673,161.5
f10d3a91-6f0d-59f0-9ea9-4db5cf6e44b9__TO__ab6f7ab5-b6ba-5e02-9560-f89bd35b575c,2023,ANDRETTI,29,Devlin DeFrancesco,WINDOW_MEDIAN,60,ANY,RETROSPECTIVE,True,True,True,True,0.08,0.1699331837401284,-0.0899331837401284,232.39,1.0,1.0,27,dda33fdd-49c8-5082-a03d-252bf1a6fa49,51.583333333333336,51.583333333333336,51.583333333333336,42.21975309,18.17062742,False,False,False,False,False,232.617,1.0,1.0,27,f9f206a7-b2ab-5eb9-8805-0d279c65164d,12.283333333333333,12.283333333333333,12.283333333333333,44.52469136,18.91599731,True,False,False,False,False,0.22700000000000387,-0.14700000000000385,True,True,0.0,False,2.304938270000001,0.7453698900000028,dda33fdd-49c8-5082-a03d-252bf1a6fa49__TO__f9f206a7-b2ab-5eb9-8805-0d279c65164d,True,6.290740736,2.188078673,161.5
f10d3a91-6f0d-59f0-9ea9-4db5cf6e44b9__TO__ab6f7ab5-b6ba-5e02-9560-f89bd35b575c,2023,ANDRETTI,29,Devlin DeFrancesco,WINDOW_MEDIAN,60,PRIOR,PIT_COMPATIBLE,True,False,False,False,0.08,0.1699331837401284,-0.0899331837401284,,,,,,,,,,,,,,,,,,,,,,,,,,,,,,,,,,,,,,,,False,6.290740736,2.188078673,161.5
f10d3a91-6f0d-59f0-9ea9-4db5cf6e44b9__TO__ab6f7ab5-b6ba-5e02-9560-f89bd35b575c,2023,ANDRETTI,29,Devlin DeFrancesco,WINDOW_MEDIAN,60,FUTURE,RETROSPECTIVE,True,True,True,True,0.08,0.1699331837401284,-0.0899331837401284,232.39,1.0,1.0,27,dda33fdd-49c8-5082-a03d-252bf1a6fa49,51.583333333333336,51.583333333333336,51.583333333333336,42.21975309,18.17062742,False,False,False,False,False,232.617,1.0,1.0,27,f9f206a7-b2ab-5eb9-8805-0d279c65164d,12.283333333333333,12.283333333333333,12.283333333333333,44.52469136,18.91599731,True,False,False,False,False,0.22700000000000387,-0.14700000000000385,True,True,0.0,False,2.304938270000001,0.7453698900000028,dda33fdd-49c8-5082-a03d-252bf1a6fa49__TO__f9f206a7-b2ab-5eb9-8805-0d279c65164d,False,6.290740736,2.188078673,161.5
04dd64f3-9175-537b-b611-47d98856e4b7__TO__2b14c17d-769c-504e-819b-55270bb93b13,2023,ED_CARPENTER_RACING,33,Ed Carpenter,WINDOW_MEDIAN,5,ANY,RETROSPECTIVE,True,False,False,False,-0.109,0.1594545119426474,-0.2684545119426474,,,,,,,,,,,,,,,,,,,,,,,,,,,,,,,,,,,,,,,,False,8.347530864,2.587173504,200.6
04dd64f3-9175-537b-b611-47d98856e4b7__TO__2b14c17d-769c-504e-819b-55270bb93b13,2023,ED_CARPENTER_RACING,33,Ed Carpenter,WINDOW_MEDIAN,5,PRIOR,PIT_COMPATIBLE,True,False,False,False,-0.109,0.1594545119426474,-0.2684545119426474,,,,,,,,,,,,,,,,,,,,,,,,,,,,,,,,,,,,,,,,False,8.347530864,2.587173504,200.6
04dd64f3-9175-537b-b611-47d98856e4b7__TO__2b14c17d-769c-504e-819b-55270bb93b13,2023,ED_CARPENTER_RACING,33,Ed Carpenter,WINDOW_MEDIAN,5,FUTURE,RETROSPECTIVE,True,False,False,False,-0.109,0.1594545119426474,-0.2684545119426474,,,,,,,,,,,,,,,,,,,,,,,,,,,,,,,,,,,,,,,,False,8.347530864,2.587173504,200.6
04dd64f3-9175-537b-b611-47d98856e4b7__TO__2b14c17d-769c-504e-819b-55270bb93b13,2023,ED_CARPENTER_RACING,33,Ed Carpenter,WINDOW_MEDIAN,10,ANY,RETROSPECTIVE,True,False,False,False,-0.109,0.1594545119426474,-0.2684545119426474,,,,,,,,,,,,,,,,,,,,,,,,,,,,,,,,,,,,,,,,False,8.347530864,2.587173504,200.6
04dd64f3-9175-537b-b611-47d98856e4b7__TO__2b14c17d-769c-504e-819b-55270bb93b13,2023,ED_CARPENTER_RACING,33,Ed Carpenter,WINDOW_MEDIAN,10,PRIOR,PIT_COMPATIBLE,True,False,False,False,-0.109,0.1594545119426474,-0.2684545119426474,,,,,,,,,,,,,,,,,,,,,,,,,,,,,,,,,,,,,,,,False,8.347530864,2.587173504,200.6
04dd64f3-9175-537b-b611-47d98856e4b7__TO__2b14c17d-769c-504e-819b-55270bb93b13,2023,ED_CARPENTER_RACING,33,Ed Carpenter,WINDOW_MEDIAN,10,FUTURE,RETROSPECTIVE,True,False,False,False,-0.109,0.1594545119426474,-0.2684545119426474,,,,,,,,,,,,,,,,,,,,,,,,,,,,,,,,,,,,,,,,False,8.347530864,2.587173504,200.6
04dd64f3-9175-537b-b611-47d98856e4b7__TO__2b14c17d-769c-504e-819b-55270bb93b13,2023,ED_CARPENTER_RACING,33,Ed Carpenter,WINDOW_MEDIAN,15,ANY,RETROSPECTIVE,True,False,False,False,-0.109,0.1594545119426474,-0.2684545119426474,,,,,,,,,,,,,,,,,,,,,,,,,,,,,,,,,,,,,,,,False,8.347530864,2.587173504,200.6
04dd64f3-9175-537b-b611-47d98856e4b7__TO__2b14c17d-769c-504e-819b-55270bb93b13,2023,ED_CARPENTER_RACING,33,Ed Carpenter,WINDOW_MEDIAN,15,PRIOR,PIT_COMPATIBLE,True,False,False,False,-0.109,0.1594545119426474,-0.2684545119426474,,,,,,,,,,,,,,,,,,,,,,,,,,,,,,,,,,,,,,,,False,8.347530864,2.587173504,200.6
04dd64f3-9175-537b-b611-47d98856e4b7__TO__2b14c17d-769c-504e-819b-55270bb93b13,2023,ED_CARPENTER_RACING,33,Ed Carpenter,WINDOW_MEDIAN,15,FUTURE,RETROSPECTIVE,True,False,False,False,-0.109,0.1594545119426474,-0.2684545119426474,,,,,,,,,,,,,,,,,,,,,,,,,,,,,,,,,,,,,,,,False,8.347530864,2.587173504,200.6
04dd64f3-9175-537b-b611-47d98856e4b7__TO__2b14c17d-769c-504e-819b-55270bb93b13,2023,ED_CARPENTER_RACING,33,Ed Carpenter,WINDOW_MEDIAN,20,ANY,RETROSPECTIVE,True,False,False,False,-0.109,0.1594545119426474,-0.2684545119426474,,,,,,,,,,,,,,,,,,,,,,,,,,,,,,,,,,,,,,,,False,8.347530864,2.587173504,200.6
04dd64f3-9175-537b-b611-47d98856e4b7__TO__2b14c17d-769c-504e-819b-55270bb93b13,2023,ED_CARPENTER_RACING,33,Ed Carpenter,WINDOW_MEDIAN,20,PRIOR,PIT_COMPATIBLE,True,False,False,False,-0.109,0.1594545119426474,-0.2684545119426474,,,,,,,,,,,,,,,,,,,,,,,,,,,,,,,,,,,,,,,,False,8.347530864,2.587173504,200.6
04dd64f3-9175-537b-b611-47d98856e4b7__TO__2b14c17d-769c-504e-819b-55270bb93b13,2023,ED_CARPENTER_RACING,33,Ed Carpenter,WINDOW_MEDIAN,20,FUTURE,RETROSPECTIVE,True,False,False,False,-0.109,0.1594545119426474,-0.2684545119426474,,,,,,,,,,,,,,,,,,,,,,,,,,,,,,,,,,,,,,,,False,8.347530864,2.587173504,200.6
04dd64f3-9175-537b-b611-47d98856e4b7__TO__2b14c17d-769c-504e-819b-55270bb93b13,2023,ED_CARPENTER_RACING,33,Ed Carpenter,WINDOW_MEDIAN,30,ANY,RETROSPECTIVE,True,True,False,False,-0.109,0.1594545119426474,-0.2684545119426474,233.395,1.0,1.0,21,5d48192b-5510-5e99-b8c1-6f8dbd074ad7,27.366666666666667,27.366666666666667,27.366666666666667,38.88888889,17.39502118,True,False,False,False,False,,,,,,,,,,,,,,,,,,,,,,,,,False,8.347530864,2.587173504,200.6
04dd64f3-9175-537b-b611-47d98856e4b7__TO__2b14c17d-769c-504e-819b-55270bb93b13,2023,ED_CARPENTER_RACING,33,Ed Carpenter,WINDOW_MEDIAN,30,PRIOR,PIT_COMPATIBLE,True,False,False,False,-0.109,0.1594545119426474,-0.2684545119426474,,,,,,,,,,,,,,,,,,,,,,,,,,,,,,,,,,,,,,,,False,8.347530864,2.587173504,200.6
04dd64f3-9175-537b-b611-47d98856e4b7__TO__2b14c17d-769c-504e-819b-55270bb93b13,2023,ED_CARPENTER_RACING,33,Ed Carpenter,WINDOW_MEDIAN,30,FUTURE,RETROSPECTIVE,True,True,False,False,-0.109,0.1594545119426474,-0.2684545119426474,233.395,1.0,1.0,21,5d48192b-5510-5e99-b8c1-6f8dbd074ad7,27.366666666666667,27.366666666666667,27.366666666666667,38.88888889,17.39502118,True,False,False,False,False,,,,,,,,,,,,,,,,,,,,,,,,,False,8.347530864,2.587173504,200.6
04dd64f3-9175-537b-b611-47d98856e4b7__TO__2b14c17d-769c-504e-819b-55270bb93b13,2023,ED_CARPENTER_RACING,33,Ed Carpenter,WINDOW_MEDIAN,45,ANY,RETROSPECTIVE,True,True,False,False,-0.109,0.1594545119426474,-0.2684545119426474,233.395,1.0,1.0,21,5d48192b-5510-5e99-b8c1-6f8dbd074ad7,27.366666666666667,27.366666666666667,27.366666666666667,38.88888889,17.39502118,True,False,False,False,False,,,,,,,,,,,,,,,,,,,,,,,,,False,8.347530864,2.587173504,200.6
04dd64f3-9175-537b-b611-47d98856e4b7__TO__2b14c17d-769c-504e-819b-55270bb93b13,2023,ED_CARPENTER_RACING,33,Ed Carpenter,WINDOW_MEDIAN,45,PRIOR,PIT_COMPATIBLE,True,False,False,False,-0.109,0.1594545119426474,-0.2684545119426474,,,,,,,,,,,,,,,,,,,,,,,,,,,,,,,,,,,,,,,,False,8.347530864,2.587173504,200.6
04dd64f3-9175-537b-b611-47d98856e4b7__TO__2b14c17d-769c-504e-819b-55270bb93b13,2023,ED_CARPENTER_RACING,33,Ed Carpenter,WINDOW_MEDIAN,45,FUTURE,RETROSPECTIVE,True,True,False,False,-0.109,0.1594545119426474,-0.2684545119426474,233.395,1.0,1.0,21,5d48192b-5510-5e99-b8c1-6f8dbd074ad7,27.366666666666667,27.366666666666667,27.366666666666667,38.88888889,17.39502118,True,False,False,False,False,,,,,,,,,,,,,,,,,,,,,,,,,False,8.347530864,2.587173504,200.6
04dd64f3-9175-537b-b611-47d98856e4b7__TO__2b14c17d-769c-504e-819b-55270bb93b13,2023,ED_CARPENTER_RACING,33,Ed Carpenter,WINDOW_MEDIAN,60,ANY,RETROSPECTIVE,True,True,False,False,-0.109,0.1594545119426474,-0.2684545119426474,233.395,1.0,1.0,21,5d48192b-5510-5e99-b8c1-6f8dbd074ad7,27.366666666666667,27.366666666666667,27.366666666666667,38.88888889,17.39502118,True,False,False,False,False,,,,,,,,,,,,,,,,,,,,,,,,,False,8.347530864,2.587173504,200.6
04dd64f3-9175-537b-b611-47d98856e4b7__TO__2b14c17d-769c-504e-819b-55270bb93b13,2023,ED_CARPENTER_RACING,33,Ed Carpenter,WINDOW_MEDIAN,60,PRIOR,PIT_COMPATIBLE,True,False,False,False,-0.109,0.1594545119426474,-0.2684545119426474,,,,,,,,,,,,,,,,,,,,,,,,,,,,,,,,,,,,,,,,False,8.347530864,2.587173504,200.6
04dd64f3-9175-537b-b611-47d98856e4b7__TO__2b14c17d-769c-504e-819b-55270bb93b13,2023,ED_CARPENTER_RACING,33,Ed Carpenter,WINDOW_MEDIAN,60,FUTURE,RETROSPECTIVE,True,True,False,False,-0.109,0.1594545119426474,-0.2684545119426474,233.395,1.0,1.0,21,5d48192b-5510-5e99-b8c1-6f8dbd074ad7,27.366666666666667,27.366666666666667,27.366666666666667,38.88888889,17.39502118,True,False,False,False,False,,,,,,,,,,,,,,,,,,,,,,,,,False,8.347530864,2.587173504,200.6
2b14c17d-769c-504e-819b-55270bb93b13__TO__55035890-97e8-57a3-a2e1-4845f4b05eb9,2023,ED_CARPENTER_RACING,33,Ed Carpenter,WINDOW_MEDIAN,5,ANY,RETROSPECTIVE,True,False,False,False,0.178,-0.0810093703912734,0.2590093703912734,,,,,,,,,,,,,,,,,,,,,,,,,,,,,,,,,,,,,,,,False,-0.9561728384,-0.5968776957,81.68333333333334
2b14c17d-769c-504e-819b-55270bb93b13__TO__55035890-97e8-57a3-a2e1-4845f4b05eb9,2023,ED_CARPENTER_RACING,33,Ed Carpenter,WINDOW_MEDIAN,5,PRIOR,PIT_COMPATIBLE,True,False,False,False,0.178,-0.0810093703912734,0.2590093703912734,,,,,,,,,,,,,,,,,,,,,,,,,,,,,,,,,,,,,,,,False,-0.9561728384,-0.5968776957,81.68333333333334
2b14c17d-769c-504e-819b-55270bb93b13__TO__55035890-97e8-57a3-a2e1-4845f4b05eb9,2023,ED_CARPENTER_RACING,33,Ed Carpenter,WINDOW_MEDIAN,5,FUTURE,RETROSPECTIVE,True,False,False,False,0.178,-0.0810093703912734,0.2590093703912734,,,,,,,,,,,,,,,,,,,,,,,,,,,,,,,,,,,,,,,,False,-0.9561728384,-0.5968776957,81.68333333333334
2b14c17d-769c-504e-819b-55270bb93b13__TO__55035890-97e8-57a3-a2e1-4845f4b05eb9,2023,ED_CARPENTER_RACING,33,Ed Carpenter,WINDOW_MEDIAN,10,ANY,RETROSPECTIVE,True,False,False,False,0.178,-0.0810093703912734,0.2590093703912734,,,,,,,,,,,,,,,,,,,,,,,,,,,,,,,,,,,,,,,,False,-0.9561728384,-0.5968776957,81.68333333333334
2b14c17d-769c-504e-819b-55270bb93b13__TO__55035890-97e8-57a3-a2e1-4845f4b05eb9,2023,ED_CARPENTER_RACING,33,Ed Carpenter,WINDOW_MEDIAN,10,PRIOR,PIT_COMPATIBLE,True,False,False,False,0.178,-0.0810093703912734,0.2590093703912734,,,,,,,,,,,,,,,,,,,,,,,,,,,,,,,,,,,,,,,,False,-0.9561728384,-0.5968776957,81.68333333333334
2b14c17d-769c-504e-819b-55270bb93b13__TO__55035890-97e8-57a3-a2e1-4845f4b05eb9,2023,ED_CARPENTER_RACING,33,Ed Carpenter,WINDOW_MEDIAN,10,FUTURE,RETROSPECTIVE,True,False,False,False,0.178,-0.0810093703912734,0.2590093703912734,,,,,,,,,,,,,,,,,,,,,,,,,,,,,,,,,,,,,,,,False,-0.9561728384,-0.5968776957,81.68333333333334
2b14c17d-769c-504e-819b-55270bb93b13__TO__55035890-97e8-57a3-a2e1-4845f4b05eb9,2023,ED_CARPENTER_RACING,33,Ed Carpenter,WINDOW_MEDIAN,15,ANY,RETROSPECTIVE,True,False,False,False,0.178,-0.0810093703912734,0.2590093703912734,,,,,,,,,,,,,,,,,,,,,,,,,,,,,,,,,,,,,,,,False,-0.9561728384,-0.5968776957,81.68333333333334
2b14c17d-769c-504e-819b-55270bb93b13__TO__55035890-97e8-57a3-a2e1-4845f4b05eb9,2023,ED_CARPENTER_RACING,33,Ed Carpenter,WINDOW_MEDIAN,15,PRIOR,PIT_COMPATIBLE,True,False,False,False,0.178,-0.0810093703912734,0.2590093703912734,,,,,,,,,,,,,,,,,,,,,,,,,,,,,,,,,,,,,,,,False,-0.9561728384,-0.5968776957,81.68333333333334
2b14c17d-769c-504e-819b-55270bb93b13__TO__55035890-97e8-57a3-a2e1-4845f4b05eb9,2023,ED_CARPENTER_RACING,33,Ed Carpenter,WINDOW_MEDIAN,15,FUTURE,RETROSPECTIVE,True,False,False,False,0.178,-0.0810093703912734,0.2590093703912734,,,,,,,,,,,,,,,,,,,,,,,,,,,,,,,,,,,,,,,,False,-0.9561728384,-0.5968776957,81.68333333333334
2b14c17d-769c-504e-819b-55270bb93b13__TO__55035890-97e8-57a3-a2e1-4845f4b05eb9,2023,ED_CARPENTER_RACING,33,Ed Carpenter,WINDOW_MEDIAN,20,ANY,RETROSPECTIVE,True,False,False,False,0.178,-0.0810093703912734,0.2590093703912734,,,,,,,,,,,,,,,,,,,,,,,,,,,,,,,,,,,,,,,,False,-0.9561728384,-0.5968776957,81.68333333333334
2b14c17d-769c-504e-819b-55270bb93b13__TO__55035890-97e8-57a3-a2e1-4845f4b05eb9,2023,ED_CARPENTER_RACING,33,Ed Carpenter,WINDOW_MEDIAN,20,PRIOR,PIT_COMPATIBLE,True,False,False,False,0.178,-0.0810093703912734,0.2590093703912734,,,,,,,,,,,,,,,,,,,,,,,,,,,,,,,,,,,,,,,,False,-0.9561728384,-0.5968776957,81.68333333333334
2b14c17d-769c-504e-819b-55270bb93b13__TO__55035890-97e8-57a3-a2e1-4845f4b05eb9,2023,ED_CARPENTER_RACING,33,Ed Carpenter,WINDOW_MEDIAN,20,FUTURE,RETROSPECTIVE,True,False,False,False,0.178,-0.0810093703912734,0.2590093703912734,,,,,,,,,,,,,,,,,,,,,,,,,,,,,,,,,,,,,,,,False,-0.9561728384,-0.5968776957,81.68333333333334
2b14c17d-769c-504e-819b-55270bb93b13__TO__55035890-97e8-57a3-a2e1-4845f4b05eb9,2023,ED_CARPENTER_RACING,33,Ed Carpenter,WINDOW_MEDIAN,30,ANY,RETROSPECTIVE,True,False,False,False,0.178,-0.0810093703912734,0.2590093703912734,,,,,,,,,,,,,,,,,,,,,,,,,,,,,,,,,,,,,,,,False,-0.9561728384,-0.5968776957,81.68333333333334
2b14c17d-769c-504e-819b-55270bb93b13__TO__55035890-97e8-57a3-a2e1-4845f4b05eb9,2023,ED_CARPENTER_RACING,33,Ed Carpenter,WINDOW_MEDIAN,30,PRIOR,PIT_COMPATIBLE,True,False,False,False,0.178,-0.0810093703912734,0.2590093703912734,,,,,,,,,,,,,,,,,,,,,,,,,,,,,,,,,,,,,,,,False,-0.9561728384,-0.5968776957,81.68333333333334
2b14c17d-769c-504e-819b-55270bb93b13__TO__55035890-97e8-57a3-a2e1-4845f4b05eb9,2023,ED_CARPENTER_RACING,33,Ed Carpenter,WINDOW_MEDIAN,30,FUTURE,RETROSPECTIVE,True,False,False,False,0.178,-0.0810093703912734,0.2590093703912734,,,,,,,,,,,,,,,,,,,,,,,,,,,,,,,,,,,,,,,,False,-0.9561728384,-0.5968776957,81.68333333333334
2b14c17d-769c-504e-819b-55270bb93b13__TO__55035890-97e8-57a3-a2e1-4845f4b05eb9,2023,ED_CARPENTER_RACING,33,Ed Carpenter,WINDOW_MEDIAN,45,ANY,RETROSPECTIVE,True,False,False,False,0.178,-0.0810093703912734,0.2590093703912734,,,,,,,,,,,,,,,,,,,,,,,,,,,,,,,,,,,,,,,,False,-0.9561728384,-0.5968776957,81.68333333333334
2b14c17d-769c-504e-819b-55270bb93b13__TO__55035890-97e8-57a3-a2e1-4845f4b05eb9,2023,ED_CARPENTER_RACING,33,Ed Carpenter,WINDOW_MEDIAN,45,PRIOR,PIT_COMPATIBLE,True,False,False,False,0.178,-0.0810093703912734,0.2590093703912734,,,,,,,,,,,,,,,,,,,,,,,,,,,,,,,,,,,,,,,,False,-0.9561728384,-0.5968776957,81.68333333333334
2b14c17d-769c-504e-819b-55270bb93b13__TO__55035890-97e8-57a3-a2e1-4845f4b05eb9,2023,ED_CARPENTER_RACING,33,Ed Carpenter,WINDOW_MEDIAN,45,FUTURE,RETROSPECTIVE,True,False,False,False,0.178,-0.0810093703912734,0.2590093703912734,,,,,,,,,,,,,,,,,,,,,,,,,,,,,,,,,,,,,,,,False,-0.9561728384,-0.5968776957,81.68333333333334
2b14c17d-769c-504e-819b-55270bb93b13__TO__55035890-97e8-57a3-a2e1-4845f4b05eb9,2023,ED_CARPENTER_RACING,33,Ed Carpenter,WINDOW_MEDIAN,60,ANY,RETROSPECTIVE,True,False,False,False,0.178,-0.0810093703912734,0.2590093703912734,,,,,,,,,,,,,,,,,,,,,,,,,,,,,,,,,,,,,,,,False,-0.9561728384,-0.5968776957,81.68333333333334
2b14c17d-769c-504e-819b-55270bb93b13__TO__55035890-97e8-57a3-a2e1-4845f4b05eb9,2023,ED_CARPENTER_RACING,33,Ed Carpenter,WINDOW_MEDIAN,60,PRIOR,PIT_COMPATIBLE,True,False,False,False,0.178,-0.0810093703912734,0.2590093703912734,,,,,,,,,,,,,,,,,,,,,,,,,,,,,,,,,,,,,,,,False,-0.9561728384,-0.5968776957,81.68333333333334
2b14c17d-769c-504e-819b-55270bb93b13__TO__55035890-97e8-57a3-a2e1-4845f4b05eb9,2023,ED_CARPENTER_RACING,33,Ed Carpenter,WINDOW_MEDIAN,60,FUTURE,RETROSPECTIVE,True,False,False,False,0.178,-0.0810093703912734,0.2590093703912734,,,,,,,,,,,,,,,,,,,,,,,,,,,,,,,,,,,,,,,,False,-0.9561728384,-0.5968776957,81.68333333333334
09f4cf1e-3fb8-5bfc-808c-b733eb495b54__TO__fdb7fb74-bf21-54a6-8668-36c035e40628,2023,ARROW_MCLAREN_SPM,66,Tony Kanaan,WINDOW_MEDIAN,5,ANY,RETROSPECTIVE,True,False,False,False,0.174,0.1668642963937239,0.007135703606276,,,,,,,,,,,,,,,,,,,,,,,,,,,,,,,,,,,,,,,,False,8.269135802,2.605539644,177.88333333333333
09f4cf1e-3fb8-5bfc-808c-b733eb495b54__TO__fdb7fb74-bf21-54a6-8668-36c035e40628,2023,ARROW_MCLAREN_SPM,66,Tony Kanaan,WINDOW_MEDIAN,5,PRIOR,PIT_COMPATIBLE,True,False,False,False,0.174,0.1668642963937239,0.007135703606276,,,,,,,,,,,,,,,,,,,,,,,,,,,,,,,,,,,,,,,,False,8.269135802,2.605539644,177.88333333333333
09f4cf1e-3fb8-5bfc-808c-b733eb495b54__TO__fdb7fb74-bf21-54a6-8668-36c035e40628,2023,ARROW_MCLAREN_SPM,66,Tony Kanaan,WINDOW_MEDIAN,5,FUTURE,RETROSPECTIVE,True,False,False,False,0.174,0.1668642963937239,0.007135703606276,,,,,,,,,,,,,,,,,,,,,,,,,,,,,,,,,,,,,,,,False,8.269135802,2.605539644,177.88333333333333
09f4cf1e-3fb8-5bfc-808c-b733eb495b54__TO__fdb7fb74-bf21-54a6-8668-36c035e40628,2023,ARROW_MCLAREN_SPM,66,Tony Kanaan,WINDOW_MEDIAN,10,ANY,RETROSPECTIVE,True,True,False,False,0.174,0.1668642963937239,0.007135703606276,233.099,1.0,1.0,6,9c85ad9a-de5a-5a03-9262-9ef6823db9e8,5.866666666666666,5.866666666666666,-5.866666666666666,36.111111111111114,17.260858154296898,True,True,True,False,False,,,,,,,,,,,,,,,,,,,,,,,,,False,8.269135802,2.605539644,177.88333333333333
09f4cf1e-3fb8-5bfc-808c-b733eb495b54__TO__fdb7fb74-bf21-54a6-8668-36c035e40628,2023,ARROW_MCLAREN_SPM,66,Tony Kanaan,WINDOW_MEDIAN,10,PRIOR,PIT_COMPATIBLE,True,True,False,False,0.174,0.1668642963937239,0.007135703606276,233.099,1.0,1.0,6,9c85ad9a-de5a-5a03-9262-9ef6823db9e8,5.866666666666666,5.866666666666666,-5.866666666666666,36.111111111111114,17.260858154296898,True,True,True,False,False,,,,,,,,,,,,,,,,,,,,,,,,,False,8.269135802,2.605539644,177.88333333333333
09f4cf1e-3fb8-5bfc-808c-b733eb495b54__TO__fdb7fb74-bf21-54a6-8668-36c035e40628,2023,ARROW_MCLAREN_SPM,66,Tony Kanaan,WINDOW_MEDIAN,10,FUTURE,RETROSPECTIVE,True,False,False,False,0.174,0.1668642963937239,0.007135703606276,,,,,,,,,,,,,,,,,,,,,,,,,,,,,,,,,,,,,,,,False,8.269135802,2.605539644,177.88333333333333
09f4cf1e-3fb8-5bfc-808c-b733eb495b54__TO__fdb7fb74-bf21-54a6-8668-36c035e40628,2023,ARROW_MCLAREN_SPM,66,Tony Kanaan,WINDOW_MEDIAN,15,ANY,RETROSPECTIVE,True,True,False,False,0.174,0.1668642963937239,0.007135703606276,233.099,1.0,1.0,6,9c85ad9a-de5a-5a03-9262-9ef6823db9e8,5.866666666666666,5.866666666666666,-5.866666666666666,36.111111111111114,17.260858154296898,True,True,True,False,False,,,,,,,,,,,,,,,,,,,,,,,,,False,8.269135802,2.605539644,177.88333333333333
09f4cf1e-3fb8-5bfc-808c-b733eb495b54__TO__fdb7fb74-bf21-54a6-8668-36c035e40628,2023,ARROW_MCLAREN_SPM,66,Tony Kanaan,WINDOW_MEDIAN,15,PRIOR,PIT_COMPATIBLE,True,True,False,False,0.174,0.1668642963937239,0.007135703606276,233.099,1.0,1.0,6,9c85ad9a-de5a-5a03-9262-9ef6823db9e8,5.866666666666666,5.866666666666666,-5.866666666666666,36.111111111111114,17.260858154296898,True,True,True,False,False,,,,,,,,,,,,,,,,,,,,,,,,,False,8.269135802,2.605539644,177.88333333333333
09f4cf1e-3fb8-5bfc-808c-b733eb495b54__TO__fdb7fb74-bf21-54a6-8668-36c035e40628,2023,ARROW_MCLAREN_SPM,66,Tony Kanaan,WINDOW_MEDIAN,15,FUTURE,RETROSPECTIVE,True,False,False,False,0.174,0.1668642963937239,0.007135703606276,,,,,,,,,,,,,,,,,,,,,,,,,,,,,,,,,,,,,,,,False,8.269135802,2.605539644,177.88333333333333
09f4cf1e-3fb8-5bfc-808c-b733eb495b54__TO__fdb7fb74-bf21-54a6-8668-36c035e40628,2023,ARROW_MCLAREN_SPM,66,Tony Kanaan,WINDOW_MEDIAN,20,ANY,RETROSPECTIVE,True,True,False,False,0.174,0.1668642963937239,0.007135703606276,233.099,1.0,1.0,6,9c85ad9a-de5a-5a03-9262-9ef6823db9e8,5.866666666666666,5.866666666666666,-5.866666666666666,36.111111111111114,17.260858154296898,True,True,True,False,False,,,,,,,,,,,,,,,,,,,,,,,,,False,8.269135802,2.605539644,177.88333333333333
09f4cf1e-3fb8-5bfc-808c-b733eb495b54__TO__fdb7fb74-bf21-54a6-8668-36c035e40628,2023,ARROW_MCLAREN_SPM,66,Tony Kanaan,WINDOW_MEDIAN,20,PRIOR,PIT_COMPATIBLE,True,True,False,False,0.174,0.1668642963937239,0.007135703606276,233.099,1.0,1.0,6,9c85ad9a-de5a-5a03-9262-9ef6823db9e8,5.866666666666666,5.866666666666666,-5.866666666666666,36.111111111111114,17.260858154296898,True,True,True,False,False,,,,,,,,,,,,,,,,,,,,,,,,,False,8.269135802,2.605539644,177.88333333333333
09f4cf1e-3fb8-5bfc-808c-b733eb495b54__TO__fdb7fb74-bf21-54a6-8668-36c035e40628,2023,ARROW_MCLAREN_SPM,66,Tony Kanaan,WINDOW_MEDIAN,20,FUTURE,RETROSPECTIVE,True,False,False,False,0.174,0.1668642963937239,0.007135703606276,,,,,,,,,,,,,,,,,,,,,,,,,,,,,,,,,,,,,,,,False,8.269135802,2.605539644,177.88333333333333
09f4cf1e-3fb8-5bfc-808c-b733eb495b54__TO__fdb7fb74-bf21-54a6-8668-36c035e40628,2023,ARROW_MCLAREN_SPM,66,Tony Kanaan,WINDOW_MEDIAN,30,ANY,RETROSPECTIVE,True,True,False,False,0.174,0.1668642963937239,0.007135703606276,233.31349999999998,2.0,2.0,6|7,9c85ad9a-de5a-5a03-9262-9ef6823db9e8|14c2e6a1-d204-5d45-adf6-473781a78254,5.866666666666666,27.5,-16.683333333333334,34.72222222055556,16.52100513714845,True,True,True,False,False,,,,,,,,,,,,,,,,,,,,,,,,,False,8.269135802,2.605539644,177.88333333333333
09f4cf1e-3fb8-5bfc-808c-b733eb495b54__TO__fdb7fb74-bf21-54a6-8668-36c035e40628,2023,ARROW_MCLAREN_SPM,66,Tony Kanaan,WINDOW_MEDIAN,30,PRIOR,PIT_COMPATIBLE,True,True,False,False,0.174,0.1668642963937239,0.007135703606276,233.31349999999998,2.0,2.0,6|7,9c85ad9a-de5a-5a03-9262-9ef6823db9e8|14c2e6a1-d204-5d45-adf6-473781a78254,5.866666666666666,27.5,-16.683333333333334,34.72222222055556,16.52100513714845,True,True,True,False,False,,,,,,,,,,,,,,,,,,,,,,,,,False,8.269135802,2.605539644,177.88333333333333
09f4cf1e-3fb8-5bfc-808c-b733eb495b54__TO__fdb7fb74-bf21-54a6-8668-36c035e40628,2023,ARROW_MCLAREN_SPM,66,Tony Kanaan,WINDOW_MEDIAN,30,FUTURE,RETROSPECTIVE,True,False,False,False,0.174,0.1668642963937239,0.007135703606276,,,,,,,,,,,,,,,,,,,,,,,,,,,,,,,,,,,,,,,,False,8.269135802,2.605539644,177.88333333333333
09f4cf1e-3fb8-5bfc-808c-b733eb495b54__TO__fdb7fb74-bf21-54a6-8668-36c035e40628,2023,ARROW_MCLAREN_SPM,66,Tony Kanaan,WINDOW_MEDIAN,45,ANY,RETROSPECTIVE,True,True,False,False,0.174,0.1668642963937239,0.007135703606276,233.252,3.0,3.0,5|6|7,86528548-acb2-5972-a3cd-583a1a3f0514|9c85ad9a-de5a-5a03-9262-9ef6823db9e8|14c2e6a1-d204-5d45-adf6-473781a78254,5.866666666666666,36.45,1.0277777777777786,36.11111111037037,16.849542068098966,True,True,True,False,False,,,,,,,,,,,,,,,,,,,,,,,,,False,8.269135802,2.605539644,177.88333333333333
09f4cf1e-3fb8-5bfc-808c-b733eb495b54__TO__fdb7fb74-bf21-54a6-8668-36c035e40628,2023,ARROW_MCLAREN_SPM,66,Tony Kanaan,WINDOW_MEDIAN,45,PRIOR,PIT_COMPATIBLE,True,True,False,False,0.174,0.1668642963937239,0.007135703606276,233.31349999999998,2.0,2.0,6|7,9c85ad9a-de5a-5a03-9262-9ef6823db9e8|14c2e6a1-d204-5d45-adf6-473781a78254,5.866666666666666,27.5,-16.683333333333334,34.72222222055556,16.52100513714845,True,True,True,False,False,,,,,,,,,,,,,,,,,,,,,,,,,False,8.269135802,2.605539644,177.88333333333333
09f4cf1e-3fb8-5bfc-808c-b733eb495b54__TO__fdb7fb74-bf21-54a6-8668-36c035e40628,2023,ARROW_MCLAREN_SPM,66,Tony Kanaan,WINDOW_MEDIAN,45,FUTURE,RETROSPECTIVE,True,True,False,False,0.174,0.1668642963937239,0.007135703606276,233.252,1.0,1.0,5,86528548-acb2-5972-a3cd-583a1a3f0514,36.45,36.45,36.45,38.88888889,17.50661593,True,False,False,False,False,,,,,,,,,,,,,,,,,,,,,,,,,False,8.269135802,2.605539644,177.88333333333333
09f4cf1e-3fb8-5bfc-808c-b733eb495b54__TO__fdb7fb74-bf21-54a6-8668-36c035e40628,2023,ARROW_MCLAREN_SPM,66,Tony Kanaan,WINDOW_MEDIAN,60,ANY,RETROSPECTIVE,True,True,False,False,0.174,0.1668642963937239,0.007135703606276,233.252,3.0,3.0,5|6|7,86528548-acb2-5972-a3cd-583a1a3f0514|9c85ad9a-de5a-5a03-9262-9ef6823db9e8|14c2e6a1-d204-5d45-adf6-473781a78254,5.866666666666666,36.45,1.0277777777777786,36.11111111037037,16.849542068098966,True,True,True,False,False,,,,,,,,,,,,,,,,,,,,,,,,,False,8.269135802,2.605539644,177.88333333333333
09f4cf1e-3fb8-5bfc-808c-b733eb495b54__TO__fdb7fb74-bf21-54a6-8668-36c035e40628,2023,ARROW_MCLAREN_SPM,66,Tony Kanaan,WINDOW_MEDIAN,60,PRIOR,PIT_COMPATIBLE,True,True,False,False,0.174,0.1668642963937239,0.007135703606276,233.31349999999998,2.0,2.0,6|7,9c85ad9a-de5a-5a03-9262-9ef6823db9e8|14c2e6a1-d204-5d45-adf6-473781a78254,5.866666666666666,27.5,-16.683333333333334,34.72222222055556,16.52100513714845,True,True,True,False,False,,,,,,,,,,,,,,,,,,,,,,,,,False,8.269135802,2.605539644,177.88333333333333
09f4cf1e-3fb8-5bfc-808c-b733eb495b54__TO__fdb7fb74-bf21-54a6-8668-36c035e40628,2023,ARROW_MCLAREN_SPM,66,Tony Kanaan,WINDOW_MEDIAN,60,FUTURE,RETROSPECTIVE,True,True,False,False,0.174,0.1668642963937239,0.007135703606276,233.252,1.0,1.0,5,86528548-acb2-5972-a3cd-583a1a3f0514,36.45,36.45,36.45,38.88888889,17.50661593,True,False,False,False,False,,,,,,,,,,,,,,,,,,,,,,,,,False,8.269135802,2.605539644,177.88333333333333
fdb7fb74-bf21-54a6-8668-36c035e40628__TO__d1af19f4-254b-5058-b545-543906d4584e,2023,ARROW_MCLAREN_SPM,66,Tony Kanaan,WINDOW_MEDIAN,5,ANY,RETROSPECTIVE,True,False,False,False,0.727,-0.1213272768170505,0.8483272768170506,,,,,,,,,,,,,,,,,,,,,,,,,,,,,,,,,,,,,,,,False,-4.444444812e-09,-0.5811227417,95.1
fdb7fb74-bf21-54a6-8668-36c035e40628__TO__d1af19f4-254b-5058-b545-543906d4584e,2023,ARROW_MCLAREN_SPM,66,Tony Kanaan,WINDOW_MEDIAN,5,PRIOR,PIT_COMPATIBLE,True,False,False,False,0.727,-0.1213272768170505,0.8483272768170506,,,,,,,,,,,,,,,,,,,,,,,,,,,,,,,,,,,,,,,,False,-4.444444812e-09,-0.5811227417,95.1
fdb7fb74-bf21-54a6-8668-36c035e40628__TO__d1af19f4-254b-5058-b545-543906d4584e,2023,ARROW_MCLAREN_SPM,66,Tony Kanaan,WINDOW_MEDIAN,5,FUTURE,RETROSPECTIVE,True,False,False,False,0.727,-0.1213272768170505,0.8483272768170506,,,,,,,,,,,,,,,,,,,,,,,,,,,,,,,,,,,,,,,,False,-4.444444812e-09,-0.5811227417,95.1
fdb7fb74-bf21-54a6-8668-36c035e40628__TO__d1af19f4-254b-5058-b545-543906d4584e,2023,ARROW_MCLAREN_SPM,66,Tony Kanaan,WINDOW_MEDIAN,10,ANY,RETROSPECTIVE,True,False,True,False,0.727,-0.1213272768170505,0.8483272768170506,,,,,,,,,,,,,,,,233.947,1.0,1.0,6,f684d582-76d7-5411-83d0-39af174901c3,8.15,8.15,8.15,43.888888888888886,19.191979980468773,True,True,False,False,False,,,,,,,,,,False,-4.444444812e-09,-0.5811227417,95.1
fdb7fb74-bf21-54a6-8668-36c035e40628__TO__d1af19f4-254b-5058-b545-543906d4584e,2023,ARROW_MCLAREN_SPM,66,Tony Kanaan,WINDOW_MEDIAN,10,PRIOR,PIT_COMPATIBLE,True,False,False,False,0.727,-0.1213272768170505,0.8483272768170506,,,,,,,,,,,,,,,,,,,,,,,,,,,,,,,,,,,,,,,,False,-4.444444812e-09,-0.5811227417,95.1
fdb7fb74-bf21-54a6-8668-36c035e40628__TO__d1af19f4-254b-5058-b545-543906d4584e,2023,ARROW_MCLAREN_SPM,66,Tony Kanaan,WINDOW_MEDIAN,10,FUTURE,RETROSPECTIVE,True,False,True,False,0.727,-0.1213272768170505,0.8483272768170506,,,,,,,,,,,,,,,,233.947,1.0,1.0,6,f684d582-76d7-5411-83d0-39af174901c3,8.15,8.15,8.15,43.888888888888886,19.191979980468773,True,True,False,False,False,,,,,,,,,,False,-4.444444812e-09,-0.5811227417,95.1
fdb7fb74-bf21-54a6-8668-36c035e40628__TO__d1af19f4-254b-5058-b545-543906d4584e,2023,ARROW_MCLAREN_SPM,66,Tony Kanaan,WINDOW_MEDIAN,15,ANY,RETROSPECTIVE,True,False,True,False,0.727,-0.1213272768170505,0.8483272768170506,,,,,,,,,,,,,,,,233.947,1.0,1.0,6,f684d582-76d7-5411-83d0-39af174901c3,8.15,8.15,8.15,43.888888888888886,19.191979980468773,True,True,False,False,False,,,,,,,,,,False,-4.444444812e-09,-0.5811227417,95.1
fdb7fb74-bf21-54a6-8668-36c035e40628__TO__d1af19f4-254b-5058-b545-543906d4584e,2023,ARROW_MCLAREN_SPM,66,Tony Kanaan,WINDOW_MEDIAN,15,PRIOR,PIT_COMPATIBLE,True,False,False,False,0.727,-0.1213272768170505,0.8483272768170506,,,,,,,,,,,,,,,,,,,,,,,,,,,,,,,,,,,,,,,,False,-4.444444812e-09,-0.5811227417,95.1
fdb7fb74-bf21-54a6-8668-36c035e40628__TO__d1af19f4-254b-5058-b545-543906d4584e,2023,ARROW_MCLAREN_SPM,66,Tony Kanaan,WINDOW_MEDIAN,15,FUTURE,RETROSPECTIVE,True,False,True,False,0.727,-0.1213272768170505,0.8483272768170506,,,,,,,,,,,,,,,,233.947,1.0,1.0,6,f684d582-76d7-5411-83d0-39af174901c3,8.15,8.15,8.15,43.888888888888886,19.191979980468773,True,True,False,False,False,,,,,,,,,,False,-4.444444812e-09,-0.5811227417,95.1
fdb7fb74-bf21-54a6-8668-36c035e40628__TO__d1af19f4-254b-5058-b545-543906d4584e,2023,ARROW_MCLAREN_SPM,66,Tony Kanaan,WINDOW_MEDIAN,20,ANY,RETROSPECTIVE,True,False,True,False,0.727,-0.1213272768170505,0.8483272768170506,,,,,,,,,,,,,,,,233.947,1.0,1.0,6,f684d582-76d7-5411-83d0-39af174901c3,8.15,8.15,8.15,43.888888888888886,19.191979980468773,True,True,False,False,False,,,,,,,,,,False,-4.444444812e-09,-0.5811227417,95.1
fdb7fb74-bf21-54a6-8668-36c035e40628__TO__d1af19f4-254b-5058-b545-543906d4584e,2023,ARROW_MCLAREN_SPM,66,Tony Kanaan,WINDOW_MEDIAN,20,PRIOR,PIT_COMPATIBLE,True,False,False,False,0.727,-0.1213272768170505,0.8483272768170506,,,,,,,,,,,,,,,,,,,,,,,,,,,,,,,,,,,,,,,,False,-4.444444812e-09,-0.5811227417,95.1
fdb7fb74-bf21-54a6-8668-36c035e40628__TO__d1af19f4-254b-5058-b545-543906d4584e,2023,ARROW_MCLAREN_SPM,66,Tony Kanaan,WINDOW_MEDIAN,20,FUTURE,RETROSPECTIVE,True,False,True,False,0.727,-0.1213272768170505,0.8483272768170506,,,,,,,,,,,,,,,,233.947,1.0,1.0,6,f684d582-76d7-5411-83d0-39af174901c3,8.15,8.15,8.15,43.888888888888886,19.191979980468773,True,True,False,False,False,,,,,,,,,,False,-4.444444812e-09,-0.5811227417,95.1
fdb7fb74-bf21-54a6-8668-36c035e40628__TO__d1af19f4-254b-5058-b545-543906d4584e,2023,ARROW_MCLAREN_SPM,66,Tony Kanaan,WINDOW_MEDIAN,30,ANY,RETROSPECTIVE,True,False,True,False,0.727,-0.1213272768170505,0.8483272768170506,,,,,,,,,,,,,,,,233.947,1.0,1.0,6,f684d582-76d7-5411-83d0-39af174901c3,8.15,8.15,8.15,43.888888888888886,19.191979980468773,True,True,False,False,False,,,,,,,,,,False,-4.444444812e-09,-0.5811227417,95.1
fdb7fb74-bf21-54a6-8668-36c035e40628__TO__d1af19f4-254b-5058-b545-543906d4584e,2023,ARROW_MCLAREN_SPM,66,Tony Kanaan,WINDOW_MEDIAN,30,PRIOR,PIT_COMPATIBLE,True,False,False,False,0.727,-0.1213272768170505,0.8483272768170506,,,,,,,,,,,,,,,,,,,,,,,,,,,,,,,,,,,,,,,,False,-4.444444812e-09,-0.5811227417,95.1
fdb7fb74-bf21-54a6-8668-36c035e40628__TO__d1af19f4-254b-5058-b545-543906d4584e,2023,ARROW_MCLAREN_SPM,66,Tony Kanaan,WINDOW_MEDIAN,30,FUTURE,RETROSPECTIVE,True,False,True,False,0.727,-0.1213272768170505,0.8483272768170506,,,,,,,,,,,,,,,,233.947,1.0,1.0,6,f684d582-76d7-5411-83d0-39af174901c3,8.15,8.15,8.15,43.888888888888886,19.191979980468773,True,True,False,False,False,,,,,,,,,,False,-4.444444812e-09,-0.5811227417,95.1
fdb7fb74-bf21-54a6-8668-36c035e40628__TO__d1af19f4-254b-5058-b545-543906d4584e,2023,ARROW_MCLAREN_SPM,66,Tony Kanaan,WINDOW_MEDIAN,45,ANY,RETROSPECTIVE,True,False,True,False,0.727,-0.1213272768170505,0.8483272768170506,,,,,,,,,,,,,,,,233.947,1.0,1.0,6,f684d582-76d7-5411-83d0-39af174901c3,8.15,8.15,8.15,43.888888888888886,19.191979980468773,True,True,False,False,False,,,,,,,,,,False,-4.444444812e-09,-0.5811227417,95.1
fdb7fb74-bf21-54a6-8668-36c035e40628__TO__d1af19f4-254b-5058-b545-543906d4584e,2023,ARROW_MCLAREN_SPM,66,Tony Kanaan,WINDOW_MEDIAN,45,PRIOR,PIT_COMPATIBLE,True,False,False,False,0.727,-0.1213272768170505,0.8483272768170506,,,,,,,,,,,,,,,,,,,,,,,,,,,,,,,,,,,,,,,,False,-4.444444812e-09,-0.5811227417,95.1
fdb7fb74-bf21-54a6-8668-36c035e40628__TO__d1af19f4-254b-5058-b545-543906d4584e,2023,ARROW_MCLAREN_SPM,66,Tony Kanaan,WINDOW_MEDIAN,45,FUTURE,RETROSPECTIVE,True,False,True,False,0.727,-0.1213272768170505,0.8483272768170506,,,,,,,,,,,,,,,,233.947,1.0,1.0,6,f684d582-76d7-5411-83d0-39af174901c3,8.15,8.15,8.15,43.888888888888886,19.191979980468773,True,True,False,False,False,,,,,,,,,,False,-4.444444812e-09,-0.5811227417,95.1
fdb7fb74-bf21-54a6-8668-36c035e40628__TO__d1af19f4-254b-5058-b545-543906d4584e,2023,ARROW_MCLAREN_SPM,66,Tony Kanaan,WINDOW_MEDIAN,60,ANY,RETROSPECTIVE,True,False,True,False,0.727,-0.1213272768170505,0.8483272768170506,,,,,,,,,,,,,,,,233.947,1.0,1.0,6,f684d582-76d7-5411-83d0-39af174901c3,8.15,8.15,8.15,43.888888888888886,19.191979980468773,True,True,False,False,False,,,,,,,,,,False,-4.444444812e-09,-0.5811227417,95.1
fdb7fb74-bf21-54a6-8668-36c035e40628__TO__d1af19f4-254b-5058-b545-543906d4584e,2023,ARROW_MCLAREN_SPM,66,Tony Kanaan,WINDOW_MEDIAN,60,PRIOR,PIT_COMPATIBLE,True,False,False,False,0.727,-0.1213272768170505,0.8483272768170506,,,,,,,,,,,,,,,,,,,,,,,,,,,,,,,,,,,,,,,,False,-4.444444812e-09,-0.5811227417,95.1
fdb7fb74-bf21-54a6-8668-36c035e40628__TO__d1af19f4-254b-5058-b545-543906d4584e,2023,ARROW_MCLAREN_SPM,66,Tony Kanaan,WINDOW_MEDIAN,60,FUTURE,RETROSPECTIVE,True,False,True,False,0.727,-0.1213272768170505,0.8483272768170506,,,,,,,,,,,,,,,,233.947,1.0,1.0,6,f684d582-76d7-5411-83d0-39af174901c3,8.15,8.15,8.15,43.888888888888886,19.191979980468773,True,True,False,False,False,,,,,,,,,,False,-4.444444812e-09,-0.5811227417,95.1
f7e8b948-2fd0-5183-971b-aaea5c66c226__TO__333cf68d-54d9-5559-ac70-c73c27086892,2023,JUNCOS_HOLLINGER_RACING,77,Callum Ilott,WINDOW_MEDIAN,5,ANY,RETROSPECTIVE,True,False,False,False,3.462,-0.0097978829754853,3.4717978829754856,,,,,,,,,,,,,,,,,,,,,,,,,,,,,,,,,,,,,,,,False,5.55555555,1.166624942,123.3
f7e8b948-2fd0-5183-971b-aaea5c66c226__TO__333cf68d-54d9-5559-ac70-c73c27086892,2023,JUNCOS_HOLLINGER_RACING,77,Callum Ilott,WINDOW_MEDIAN,5,PRIOR,PIT_COMPATIBLE,True,False,False,False,3.462,-0.0097978829754853,3.4717978829754856,,,,,,,,,,,,,,,,,,,,,,,,,,,,,,,,,,,,,,,,False,5.55555555,1.166624942,123.3
f7e8b948-2fd0-5183-971b-aaea5c66c226__TO__333cf68d-54d9-5559-ac70-c73c27086892,2023,JUNCOS_HOLLINGER_RACING,77,Callum Ilott,WINDOW_MEDIAN,5,FUTURE,RETROSPECTIVE,True,False,False,False,3.462,-0.0097978829754853,3.4717978829754856,,,,,,,,,,,,,,,,,,,,,,,,,,,,,,,,,,,,,,,,False,5.55555555,1.166624942,123.3
f7e8b948-2fd0-5183-971b-aaea5c66c226__TO__333cf68d-54d9-5559-ac70-c73c27086892,2023,JUNCOS_HOLLINGER_RACING,77,Callum Ilott,WINDOW_MEDIAN,10,ANY,RETROSPECTIVE,True,False,False,False,3.462,-0.0097978829754853,3.4717978829754856,,,,,,,,,,,,,,,,,,,,,,,,,,,,,,,,,,,,,,,,False,5.55555555,1.166624942,123.3
f7e8b948-2fd0-5183-971b-aaea5c66c226__TO__333cf68d-54d9-5559-ac70-c73c27086892,2023,JUNCOS_HOLLINGER_RACING,77,Callum Ilott,WINDOW_MEDIAN,10,PRIOR,PIT_COMPATIBLE,True,False,False,False,3.462,-0.0097978829754853,3.4717978829754856,,,,,,,,,,,,,,,,,,,,,,,,,,,,,,,,,,,,,,,,False,5.55555555,1.166624942,123.3
f7e8b948-2fd0-5183-971b-aaea5c66c226__TO__333cf68d-54d9-5559-ac70-c73c27086892,2023,JUNCOS_HOLLINGER_RACING,77,Callum Ilott,WINDOW_MEDIAN,10,FUTURE,RETROSPECTIVE,True,False,False,False,3.462,-0.0097978829754853,3.4717978829754856,,,,,,,,,,,,,,,,,,,,,,,,,,,,,,,,,,,,,,,,False,5.55555555,1.166624942,123.3
f7e8b948-2fd0-5183-971b-aaea5c66c226__TO__333cf68d-54d9-5559-ac70-c73c27086892,2023,JUNCOS_HOLLINGER_RACING,77,Callum Ilott,WINDOW_MEDIAN,15,ANY,RETROSPECTIVE,True,False,False,False,3.462,-0.0097978829754853,3.4717978829754856,,,,,,,,,,,,,,,,,,,,,,,,,,,,,,,,,,,,,,,,False,5.55555555,1.166624942,123.3
f7e8b948-2fd0-5183-971b-aaea5c66c226__TO__333cf68d-54d9-5559-ac70-c73c27086892,2023,JUNCOS_HOLLINGER_RACING,77,Callum Ilott,WINDOW_MEDIAN,15,PRIOR,PIT_COMPATIBLE,True,False,False,False,3.462,-0.0097978829754853,3.4717978829754856,,,,,,,,,,,,,,,,,,,,,,,,,,,,,,,,,,,,,,,,False,5.55555555,1.166624942,123.3
f7e8b948-2fd0-5183-971b-aaea5c66c226__TO__333cf68d-54d9-5559-ac70-c73c27086892,2023,JUNCOS_HOLLINGER_RACING,77,Callum Ilott,WINDOW_MEDIAN,15,FUTURE,RETROSPECTIVE,True,False,False,False,3.462,-0.0097978829754853,3.4717978829754856,,,,,,,,,,,,,,,,,,,,,,,,,,,,,,,,,,,,,,,,False,5.55555555,1.166624942,123.3
f7e8b948-2fd0-5183-971b-aaea5c66c226__TO__333cf68d-54d9-5559-ac70-c73c27086892,2023,JUNCOS_HOLLINGER_RACING,77,Callum Ilott,WINDOW_MEDIAN,20,ANY,RETROSPECTIVE,True,False,False,False,3.462,-0.0097978829754853,3.4717978829754856,,,,,,,,,,,,,,,,,,,,,,,,,,,,,,,,,,,,,,,,False,5.55555555,1.166624942,123.3
f7e8b948-2fd0-5183-971b-aaea5c66c226__TO__333cf68d-54d9-5559-ac70-c73c27086892,2023,JUNCOS_HOLLINGER_RACING,77,Callum Ilott,WINDOW_MEDIAN,20,PRIOR,PIT_COMPATIBLE,True,False,False,False,3.462,-0.0097978829754853,3.4717978829754856,,,,,,,,,,,,,,,,,,,,,,,,,,,,,,,,,,,,,,,,False,5.55555555,1.166624942,123.3
f7e8b948-2fd0-5183-971b-aaea5c66c226__TO__333cf68d-54d9-5559-ac70-c73c27086892,2023,JUNCOS_HOLLINGER_RACING,77,Callum Ilott,WINDOW_MEDIAN,20,FUTURE,RETROSPECTIVE,True,False,False,False,3.462,-0.0097978829754853,3.4717978829754856,,,,,,,,,,,,,,,,,,,,,,,,,,,,,,,,,,,,,,,,False,5.55555555,1.166624942,123.3
f7e8b948-2fd0-5183-971b-aaea5c66c226__TO__333cf68d-54d9-5559-ac70-c73c27086892,2023,JUNCOS_HOLLINGER_RACING,77,Callum Ilott,WINDOW_MEDIAN,30,ANY,RETROSPECTIVE,True,False,False,False,3.462,-0.0097978829754853,3.4717978829754856,,,,,,,,,,,,,,,,,,,,,,,,,,,,,,,,,,,,,,,,False,5.55555555,1.166624942,123.3
f7e8b948-2fd0-5183-971b-aaea5c66c226__TO__333cf68d-54d9-5559-ac70-c73c27086892,2023,JUNCOS_HOLLINGER_RACING,77,Callum Ilott,WINDOW_MEDIAN,30,PRIOR,PIT_COMPATIBLE,True,False,False,False,3.462,-0.0097978829754853,3.4717978829754856,,,,,,,,,,,,,,,,,,,,,,,,,,,,,,,,,,,,,,,,False,5.55555555,1.166624942,123.3
f7e8b948-2fd0-5183-971b-aaea5c66c226__TO__333cf68d-54d9-5559-ac70-c73c27086892,2023,JUNCOS_HOLLINGER_RACING,77,Callum Ilott,WINDOW_MEDIAN,30,FUTURE,RETROSPECTIVE,True,False,False,False,3.462,-0.0097978829754853,3.4717978829754856,,,,,,,,,,,,,,,,,,,,,,,,,,,,,,,,,,,,,,,,False,5.55555555,1.166624942,123.3
f7e8b948-2fd0-5183-971b-aaea5c66c226__TO__333cf68d-54d9-5559-ac70-c73c27086892,2023,JUNCOS_HOLLINGER_RACING,77,Callum Ilott,WINDOW_MEDIAN,45,ANY,RETROSPECTIVE,True,False,False,False,3.462,-0.0097978829754853,3.4717978829754856,,,,,,,,,,,,,,,,,,,,,,,,,,,,,,,,,,,,,,,,False,5.55555555,1.166624942,123.3
f7e8b948-2fd0-5183-971b-aaea5c66c226__TO__333cf68d-54d9-5559-ac70-c73c27086892,2023,JUNCOS_HOLLINGER_RACING,77,Callum Ilott,WINDOW_MEDIAN,45,PRIOR,PIT_COMPATIBLE,True,False,False,False,3.462,-0.0097978829754853,3.4717978829754856,,,,,,,,,,,,,,,,,,,,,,,,,,,,,,,,,,,,,,,,False,5.55555555,1.166624942,123.3
f7e8b948-2fd0-5183-971b-aaea5c66c226__TO__333cf68d-54d9-5559-ac70-c73c27086892,2023,JUNCOS_HOLLINGER_RACING,77,Callum Ilott,WINDOW_MEDIAN,45,FUTURE,RETROSPECTIVE,True,False,False,False,3.462,-0.0097978829754853,3.4717978829754856,,,,,,,,,,,,,,,,,,,,,,,,,,,,,,,,,,,,,,,,False,5.55555555,1.166624942,123.3
f7e8b948-2fd0-5183-971b-aaea5c66c226__TO__333cf68d-54d9-5559-ac70-c73c27086892,2023,JUNCOS_HOLLINGER_RACING,77,Callum Ilott,WINDOW_MEDIAN,60,ANY,RETROSPECTIVE,True,False,False,False,3.462,-0.0097978829754853,3.4717978829754856,,,,,,,,,,,,,,,,,,,,,,,,,,,,,,,,,,,,,,,,False,5.55555555,1.166624942,123.3
f7e8b948-2fd0-5183-971b-aaea5c66c226__TO__333cf68d-54d9-5559-ac70-c73c27086892,2023,JUNCOS_HOLLINGER_RACING,77,Callum Ilott,WINDOW_MEDIAN,60,PRIOR,PIT_COMPATIBLE,True,False,False,False,3.462,-0.0097978829754853,3.4717978829754856,,,,,,,,,,,,,,,,,,,,,,,,,,,,,,,,,,,,,,,,False,5.55555555,1.166624942,123.3
f7e8b948-2fd0-5183-971b-aaea5c66c226__TO__333cf68d-54d9-5559-ac70-c73c27086892,2023,JUNCOS_HOLLINGER_RACING,77,Callum Ilott,WINDOW_MEDIAN,60,FUTURE,RETROSPECTIVE,True,False,False,False,3.462,-0.0097978829754853,3.4717978829754856,,,,,,,,,,,,,,,,,,,,,,,,,,,,,,,,,,,,,,,,False,5.55555555,1.166624942,123.3
67f2af5c-ca4c-55e7-8c2a-5361873b43cc__TO__fce06089-154b-512e-a547-fd144ec0961c,2023,CHIP_GANASSI_RACING,8,Marcus Ericsson,WINDOW_MEDIAN,5,ANY,RETROSPECTIVE,True,False,False,False,-0.314,0.0898893212032587,-0.4038893212032587,,,,,,,,,,,,,,,,,,,,,,,,,,,,,,,,,,,,,,,,False,12.64320988,3.192323168,169.73333333333332
67f2af5c-ca4c-55e7-8c2a-5361873b43cc__TO__fce06089-154b-512e-a547-fd144ec0961c,2023,CHIP_GANASSI_RACING,8,Marcus Ericsson,WINDOW_MEDIAN,5,PRIOR,PIT_COMPATIBLE,True,False,False,False,-0.314,0.0898893212032587,-0.4038893212032587,,,,,,,,,,,,,,,,,,,,,,,,,,,,,,,,,,,,,,,,False,12.64320988,3.192323168,169.73333333333332
67f2af5c-ca4c-55e7-8c2a-5361873b43cc__TO__fce06089-154b-512e-a547-fd144ec0961c,2023,CHIP_GANASSI_RACING,8,Marcus Ericsson,WINDOW_MEDIAN,5,FUTURE,RETROSPECTIVE,True,False,False,False,-0.314,0.0898893212032587,-0.4038893212032587,,,,,,,,,,,,,,,,,,,,,,,,,,,,,,,,,,,,,,,,False,12.64320988,3.192323168,169.73333333333332
67f2af5c-ca4c-55e7-8c2a-5361873b43cc__TO__fce06089-154b-512e-a547-fd144ec0961c,2023,CHIP_GANASSI_RACING,8,Marcus Ericsson,WINDOW_MEDIAN,10,ANY,RETROSPECTIVE,True,False,False,False,-0.314,0.0898893212032587,-0.4038893212032587,,,,,,,,,,,,,,,,,,,,,,,,,,,,,,,,,,,,,,,,False,12.64320988,3.192323168,169.73333333333332
67f2af5c-ca4c-55e7-8c2a-5361873b43cc__TO__fce06089-154b-512e-a547-fd144ec0961c,2023,CHIP_GANASSI_RACING,8,Marcus Ericsson,WINDOW_MEDIAN,10,PRIOR,PIT_COMPATIBLE,True,False,False,False,-0.314,0.0898893212032587,-0.4038893212032587,,,,,,,,,,,,,,,,,,,,,,,,,,,,,,,,,,,,,,,,False,12.64320988,3.192323168,169.73333333333332
67f2af5c-ca4c-55e7-8c2a-5361873b43cc__TO__fce06089-154b-512e-a547-fd144ec0961c,2023,CHIP_GANASSI_RACING,8,Marcus Ericsson,WINDOW_MEDIAN,10,FUTURE,RETROSPECTIVE,True,False,False,False,-0.314,0.0898893212032587,-0.4038893212032587,,,,,,,,,,,,,,,,,,,,,,,,,,,,,,,,,,,,,,,,False,12.64320988,3.192323168,169.73333333333332
67f2af5c-ca4c-55e7-8c2a-5361873b43cc__TO__fce06089-154b-512e-a547-fd144ec0961c,2023,CHIP_GANASSI_RACING,8,Marcus Ericsson,WINDOW_MEDIAN,15,ANY,RETROSPECTIVE,True,True,False,False,-0.314,0.0898893212032587,-0.4038893212032587,232.914,1.0,1.0,9,ad6c40ac-4389-5426-b8e5-1d130ac9da81,13.366666666666667,13.366666666666667,13.366666666666667,33.90617284,15.8575257,False,False,False,False,False,,,,,,,,,,,,,,,,,,,,,,,,,False,12.64320988,3.192323168,169.73333333333332
67f2af5c-ca4c-55e7-8c2a-5361873b43cc__TO__fce06089-154b-512e-a547-fd144ec0961c,2023,CHIP_GANASSI_RACING,8,Marcus Ericsson,WINDOW_MEDIAN,15,PRIOR,PIT_COMPATIBLE,True,False,False,False,-0.314,0.0898893212032587,-0.4038893212032587,,,,,,,,,,,,,,,,,,,,,,,,,,,,,,,,,,,,,,,,False,12.64320988,3.192323168,169.73333333333332
67f2af5c-ca4c-55e7-8c2a-5361873b43cc__TO__fce06089-154b-512e-a547-fd144ec0961c,2023,CHIP_GANASSI_RACING,8,Marcus Ericsson,WINDOW_MEDIAN,15,FUTURE,RETROSPECTIVE,True,True,False,False,-0.314,0.0898893212032587,-0.4038893212032587,232.914,1.0,1.0,9,ad6c40ac-4389-5426-b8e5-1d130ac9da81,13.366666666666667,13.366666666666667,13.366666666666667,33.90617284,15.8575257,False,False,False,False,False,,,,,,,,,,,,,,,,,,,,,,,,,False,12.64320988,3.192323168,169.73333333333332
67f2af5c-ca4c-55e7-8c2a-5361873b43cc__TO__fce06089-154b-512e-a547-fd144ec0961c,2023,CHIP_GANASSI_RACING,8,Marcus Ericsson,WINDOW_MEDIAN,20,ANY,RETROSPECTIVE,True,True,False,False,-0.314,0.0898893212032587,-0.4038893212032587,232.914,1.0,1.0,9,ad6c40ac-4389-5426-b8e5-1d130ac9da81,13.366666666666667,13.366666666666667,13.366666666666667,33.90617284,15.8575257,False,False,False,False,False,,,,,,,,,,,,,,,,,,,,,,,,,False,12.64320988,3.192323168,169.73333333333332
67f2af5c-ca4c-55e7-8c2a-5361873b43cc__TO__fce06089-154b-512e-a547-fd144ec0961c,2023,CHIP_GANASSI_RACING,8,Marcus Ericsson,WINDOW_MEDIAN,20,PRIOR,PIT_COMPATIBLE,True,False,False,False,-0.314,0.0898893212032587,-0.4038893212032587,,,,,,,,,,,,,,,,,,,,,,,,,,,,,,,,,,,,,,,,False,12.64320988,3.192323168,169.73333333333332
67f2af5c-ca4c-55e7-8c2a-5361873b43cc__TO__fce06089-154b-512e-a547-fd144ec0961c,2023,CHIP_GANASSI_RACING,8,Marcus Ericsson,WINDOW_MEDIAN,20,FUTURE,RETROSPECTIVE,True,True,False,False,-0.314,0.0898893212032587,-0.4038893212032587,232.914,1.0,1.0,9,ad6c40ac-4389-5426-b8e5-1d130ac9da81,13.366666666666667,13.366666666666667,13.366666666666667,33.90617284,15.8575257,False,False,False,False,False,,,,,,,,,,,,,,,,,,,,,,,,,False,12.64320988,3.192323168,169.73333333333332
67f2af5c-ca4c-55e7-8c2a-5361873b43cc__TO__fce06089-154b-512e-a547-fd144ec0961c,2023,CHIP_GANASSI_RACING,8,Marcus Ericsson,WINDOW_MEDIAN,30,ANY,RETROSPECTIVE,True,True,False,False,-0.314,0.0898893212032587,-0.4038893212032587,232.914,1.0,1.0,9,ad6c40ac-4389-5426-b8e5-1d130ac9da81,13.366666666666667,13.366666666666667,13.366666666666667,33.90617284,15.8575257,False,False,False,False,False,,,,,,,,,,,,,,,,,,,,,,,,,False,12.64320988,3.192323168,169.73333333333332
67f2af5c-ca4c-55e7-8c2a-5361873b43cc__TO__fce06089-154b-512e-a547-fd144ec0961c,2023,CHIP_GANASSI_RACING,8,Marcus Ericsson,WINDOW_MEDIAN,30,PRIOR,PIT_COMPATIBLE,True,False,False,False,-0.314,0.0898893212032587,-0.4038893212032587,,,,,,,,,,,,,,,,,,,,,,,,,,,,,,,,,,,,,,,,False,12.64320988,3.192323168,169.73333333333332
67f2af5c-ca4c-55e7-8c2a-5361873b43cc__TO__fce06089-154b-512e-a547-fd144ec0961c,2023,CHIP_GANASSI_RACING,8,Marcus Ericsson,WINDOW_MEDIAN,30,FUTURE,RETROSPECTIVE,True,True,False,False,-0.314,0.0898893212032587,-0.4038893212032587,232.914,1.0,1.0,9,ad6c40ac-4389-5426-b8e5-1d130ac9da81,13.366666666666667,13.366666666666667,13.366666666666667,33.90617284,15.8575257,False,False,False,False,False,,,,,,,,,,,,,,,,,,,,,,,,,False,12.64320988,3.192323168,169.73333333333332
67f2af5c-ca4c-55e7-8c2a-5361873b43cc__TO__fce06089-154b-512e-a547-fd144ec0961c,2023,CHIP_GANASSI_RACING,8,Marcus Ericsson,WINDOW_MEDIAN,45,ANY,RETROSPECTIVE,True,True,False,False,-0.314,0.0898893212032587,-0.4038893212032587,232.914,1.0,1.0,9,ad6c40ac-4389-5426-b8e5-1d130ac9da81,13.366666666666667,13.366666666666667,13.366666666666667,33.90617284,15.8575257,False,False,False,False,False,,,,,,,,,,,,,,,,,,,,,,,,,False,12.64320988,3.192323168,169.73333333333332
67f2af5c-ca4c-55e7-8c2a-5361873b43cc__TO__fce06089-154b-512e-a547-fd144ec0961c,2023,CHIP_GANASSI_RACING,8,Marcus Ericsson,WINDOW_MEDIAN,45,PRIOR,PIT_COMPATIBLE,True,False,False,False,-0.314,0.0898893212032587,-0.4038893212032587,,,,,,,,,,,,,,,,,,,,,,,,,,,,,,,,,,,,,,,,False,12.64320988,3.192323168,169.73333333333332
67f2af5c-ca4c-55e7-8c2a-5361873b43cc__TO__fce06089-154b-512e-a547-fd144ec0961c,2023,CHIP_GANASSI_RACING,8,Marcus Ericsson,WINDOW_MEDIAN,45,FUTURE,RETROSPECTIVE,True,True,False,False,-0.314,0.0898893212032587,-0.4038893212032587,232.914,1.0,1.0,9,ad6c40ac-4389-5426-b8e5-1d130ac9da81,13.366666666666667,13.366666666666667,13.366666666666667,33.90617284,15.8575257,False,False,False,False,False,,,,,,,,,,,,,,,,,,,,,,,,,False,12.64320988,3.192323168,169.73333333333332
67f2af5c-ca4c-55e7-8c2a-5361873b43cc__TO__fce06089-154b-512e-a547-fd144ec0961c,2023,CHIP_GANASSI_RACING,8,Marcus Ericsson,WINDOW_MEDIAN,60,ANY,RETROSPECTIVE,True,True,True,True,-0.314,0.0898893212032587,-0.4038893212032587,232.914,1.0,1.0,9,ad6c40ac-4389-5426-b8e5-1d130ac9da81,13.366666666666667,13.366666666666667,13.366666666666667,33.90617284,15.8575257,False,False,False,False,False,233.375,1.0,1.0,9,3a0bcd66-fa08-5944-bf0b-5ec6c5a10f91,53.56666666666667,53.56666666666667,53.56666666666667,44.44444444,18.89477539,True,False,False,False,False,0.46100000000001273,-0.7750000000000128,False,True,0.0,False,10.538271599999995,3.0372496899999994,ad6c40ac-4389-5426-b8e5-1d130ac9da81__TO__3a0bcd66-fa08-5944-bf0b-5ec6c5a10f91,False,12.64320988,3.192323168,169.73333333333332
67f2af5c-ca4c-55e7-8c2a-5361873b43cc__TO__fce06089-154b-512e-a547-fd144ec0961c,2023,CHIP_GANASSI_RACING,8,Marcus Ericsson,WINDOW_MEDIAN,60,PRIOR,PIT_COMPATIBLE,True,False,False,False,-0.314,0.0898893212032587,-0.4038893212032587,,,,,,,,,,,,,,,,,,,,,,,,,,,,,,,,,,,,,,,,False,12.64320988,3.192323168,169.73333333333332
67f2af5c-ca4c-55e7-8c2a-5361873b43cc__TO__fce06089-154b-512e-a547-fd144ec0961c,2023,CHIP_GANASSI_RACING,8,Marcus Ericsson,WINDOW_MEDIAN,60,FUTURE,RETROSPECTIVE,True,True,True,True,-0.314,0.0898893212032587,-0.4038893212032587,232.914,1.0,1.0,9,ad6c40ac-4389-5426-b8e5-1d130ac9da81,13.366666666666667,13.366666666666667,13.366666666666667,33.90617284,15.8575257,False,False,False,False,False,233.375,1.0,1.0,9,3a0bcd66-fa08-5944-bf0b-5ec6c5a10f91,53.56666666666667,53.56666666666667,53.56666666666667,44.44444444,18.89477539,True,False,False,False,False,0.46100000000001273,-0.7750000000000128,False,True,0.0,False,10.538271599999995,3.0372496899999994,ad6c40ac-4389-5426-b8e5-1d130ac9da81__TO__3a0bcd66-fa08-5944-bf0b-5ec6c5a10f91,False,12.64320988,3.192323168,169.73333333333332
fce06089-154b-512e-a547-fd144ec0961c__TO__79d389ee-b055-582a-8985-c09472aa4d69,2023,CHIP_GANASSI_RACING,8,Marcus Ericsson,WINDOW_MEDIAN,5,ANY,RETROSPECTIVE,True,False,False,False,0.609,0.0527950488276158,0.5562049511723841,,,,,,,,,,,,,,,,,,,,,,,,,,,,,,,,,,,,,,,,False,-0.4888888933,0.1460803392,103.78333333333333
fce06089-154b-512e-a547-fd144ec0961c__TO__79d389ee-b055-582a-8985-c09472aa4d69,2023,CHIP_GANASSI_RACING,8,Marcus Ericsson,WINDOW_MEDIAN,5,PRIOR,PIT_COMPATIBLE,True,False,False,False,0.609,0.0527950488276158,0.5562049511723841,,,,,,,,,,,,,,,,,,,,,,,,,,,,,,,,,,,,,,,,False,-0.4888888933,0.1460803392,103.78333333333333
fce06089-154b-512e-a547-fd144ec0961c__TO__79d389ee-b055-582a-8985-c09472aa4d69,2023,CHIP_GANASSI_RACING,8,Marcus Ericsson,WINDOW_MEDIAN,5,FUTURE,RETROSPECTIVE,True,False,False,False,0.609,0.0527950488276158,0.5562049511723841,,,,,,,,,,,,,,,,,,,,,,,,,,,,,,,,,,,,,,,,False,-0.4888888933,0.1460803392,103.78333333333333
fce06089-154b-512e-a547-fd144ec0961c__TO__79d389ee-b055-582a-8985-c09472aa4d69,2023,CHIP_GANASSI_RACING,8,Marcus Ericsson,WINDOW_MEDIAN,10,ANY,RETROSPECTIVE,True,False,True,False,0.609,0.0527950488276158,0.5562049511723841,,,,,,,,,,,,,,,,233.322,1.0,1.0,11,dd0ff96a-0d57-5ba5-8691-ebf2359edec4,8.916666666666666,8.916666666666666,-8.916666666666666,44.44444444,18.67535241,False,False,False,True,False,,,,,,,,,,False,-0.4888888933,0.1460803392,103.78333333333333
fce06089-154b-512e-a547-fd144ec0961c__TO__79d389ee-b055-582a-8985-c09472aa4d69,2023,CHIP_GANASSI_RACING,8,Marcus Ericsson,WINDOW_MEDIAN,10,PRIOR,PIT_COMPATIBLE,True,False,True,False,0.609,0.0527950488276158,0.5562049511723841,,,,,,,,,,,,,,,,233.322,1.0,1.0,11,dd0ff96a-0d57-5ba5-8691-ebf2359edec4,8.916666666666666,8.916666666666666,-8.916666666666666,44.44444444,18.67535241,False,False,False,True,False,,,,,,,,,,False,-0.4888888933,0.1460803392,103.78333333333333
fce06089-154b-512e-a547-fd144ec0961c__TO__79d389ee-b055-582a-8985-c09472aa4d69,2023,CHIP_GANASSI_RACING,8,Marcus Ericsson,WINDOW_MEDIAN,10,FUTURE,RETROSPECTIVE,True,False,False,False,0.609,0.0527950488276158,0.5562049511723841,,,,,,,,,,,,,,,,,,,,,,,,,,,,,,,,,,,,,,,,False,-0.4888888933,0.1460803392,103.78333333333333
fce06089-154b-512e-a547-fd144ec0961c__TO__79d389ee-b055-582a-8985-c09472aa4d69,2023,CHIP_GANASSI_RACING,8,Marcus Ericsson,WINDOW_MEDIAN,15,ANY,RETROSPECTIVE,True,False,True,False,0.609,0.0527950488276158,0.5562049511723841,,,,,,,,,,,,,,,,233.322,1.0,1.0,11,dd0ff96a-0d57-5ba5-8691-ebf2359edec4,8.916666666666666,8.916666666666666,-8.916666666666666,44.44444444,18.67535241,False,False,False,True,False,,,,,,,,,,False,-0.4888888933,0.1460803392,103.78333333333333
fce06089-154b-512e-a547-fd144ec0961c__TO__79d389ee-b055-582a-8985-c09472aa4d69,2023,CHIP_GANASSI_RACING,8,Marcus Ericsson,WINDOW_MEDIAN,15,PRIOR,PIT_COMPATIBLE,True,False,True,False,0.609,0.0527950488276158,0.5562049511723841,,,,,,,,,,,,,,,,233.322,1.0,1.0,11,dd0ff96a-0d57-5ba5-8691-ebf2359edec4,8.916666666666666,8.916666666666666,-8.916666666666666,44.44444444,18.67535241,False,False,False,True,False,,,,,,,,,,False,-0.4888888933,0.1460803392,103.78333333333333
fce06089-154b-512e-a547-fd144ec0961c__TO__79d389ee-b055-582a-8985-c09472aa4d69,2023,CHIP_GANASSI_RACING,8,Marcus Ericsson,WINDOW_MEDIAN,15,FUTURE,RETROSPECTIVE,True,False,False,False,0.609,0.0527950488276158,0.5562049511723841,,,,,,,,,,,,,,,,,,,,,,,,,,,,,,,,,,,,,,,,False,-0.4888888933,0.1460803392,103.78333333333333
fce06089-154b-512e-a547-fd144ec0961c__TO__79d389ee-b055-582a-8985-c09472aa4d69,2023,CHIP_GANASSI_RACING,8,Marcus Ericsson,WINDOW_MEDIAN,20,ANY,RETROSPECTIVE,True,False,True,False,0.609,0.0527950488276158,0.5562049511723841,,,,,,,,,,,,,,,,233.322,1.0,1.0,11,dd0ff96a-0d57-5ba5-8691-ebf2359edec4,8.916666666666666,8.916666666666666,-8.916666666666666,44.44444444,18.67535241,False,False,False,True,False,,,,,,,,,,False,-0.4888888933,0.1460803392,103.78333333333333
fce06089-154b-512e-a547-fd144ec0961c__TO__79d389ee-b055-582a-8985-c09472aa4d69,2023,CHIP_GANASSI_RACING,8,Marcus Ericsson,WINDOW_MEDIAN,20,PRIOR,PIT_COMPATIBLE,True,False,True,False,0.609,0.0527950488276158,0.5562049511723841,,,,,,,,,,,,,,,,233.322,1.0,1.0,11,dd0ff96a-0d57-5ba5-8691-ebf2359edec4,8.916666666666666,8.916666666666666,-8.916666666666666,44.44444444,18.67535241,False,False,False,True,False,,,,,,,,,,False,-0.4888888933,0.1460803392,103.78333333333333
fce06089-154b-512e-a547-fd144ec0961c__TO__79d389ee-b055-582a-8985-c09472aa4d69,2023,CHIP_GANASSI_RACING,8,Marcus Ericsson,WINDOW_MEDIAN,20,FUTURE,RETROSPECTIVE,True,False,False,False,0.609,0.0527950488276158,0.5562049511723841,,,,,,,,,,,,,,,,,,,,,,,,,,,,,,,,,,,,,,,,False,-0.4888888933,0.1460803392,103.78333333333333
fce06089-154b-512e-a547-fd144ec0961c__TO__79d389ee-b055-582a-8985-c09472aa4d69,2023,CHIP_GANASSI_RACING,8,Marcus Ericsson,WINDOW_MEDIAN,30,ANY,RETROSPECTIVE,True,False,True,False,0.609,0.0527950488276158,0.5562049511723841,,,,,,,,,,,,,,,,233.322,1.0,1.0,11,dd0ff96a-0d57-5ba5-8691-ebf2359edec4,8.916666666666666,8.916666666666666,-8.916666666666666,44.44444444,18.67535241,False,False,False,True,False,,,,,,,,,,False,-0.4888888933,0.1460803392,103.78333333333333
fce06089-154b-512e-a547-fd144ec0961c__TO__79d389ee-b055-582a-8985-c09472aa4d69,2023,CHIP_GANASSI_RACING,8,Marcus Ericsson,WINDOW_MEDIAN,30,PRIOR,PIT_COMPATIBLE,True,False,True,False,0.609,0.0527950488276158,0.5562049511723841,,,,,,,,,,,,,,,,233.322,1.0,1.0,11,dd0ff96a-0d57-5ba5-8691-ebf2359edec4,8.916666666666666,8.916666666666666,-8.916666666666666,44.44444444,18.67535241,False,False,False,True,False,,,,,,,,,,False,-0.4888888933,0.1460803392,103.78333333333333
fce06089-154b-512e-a547-fd144ec0961c__TO__79d389ee-b055-582a-8985-c09472aa4d69,2023,CHIP_GANASSI_RACING,8,Marcus Ericsson,WINDOW_MEDIAN,30,FUTURE,RETROSPECTIVE,True,False,False,False,0.609,0.0527950488276158,0.5562049511723841,,,,,,,,,,,,,,,,,,,,,,,,,,,,,,,,,,,,,,,,False,-0.4888888933,0.1460803392,103.78333333333333
fce06089-154b-512e-a547-fd144ec0961c__TO__79d389ee-b055-582a-8985-c09472aa4d69,2023,CHIP_GANASSI_RACING,8,Marcus Ericsson,WINDOW_MEDIAN,45,ANY,RETROSPECTIVE,True,False,True,False,0.609,0.0527950488276158,0.5562049511723841,,,,,,,,,,,,,,,,233.322,1.0,1.0,11,dd0ff96a-0d57-5ba5-8691-ebf2359edec4,8.916666666666666,8.916666666666666,-8.916666666666666,44.44444444,18.67535241,False,False,False,True,False,,,,,,,,,,False,-0.4888888933,0.1460803392,103.78333333333333
fce06089-154b-512e-a547-fd144ec0961c__TO__79d389ee-b055-582a-8985-c09472aa4d69,2023,CHIP_GANASSI_RACING,8,Marcus Ericsson,WINDOW_MEDIAN,45,PRIOR,PIT_COMPATIBLE,True,False,True,False,0.609,0.0527950488276158,0.5562049511723841,,,,,,,,,,,,,,,,233.322,1.0,1.0,11,dd0ff96a-0d57-5ba5-8691-ebf2359edec4,8.916666666666666,8.916666666666666,-8.916666666666666,44.44444444,18.67535241,False,False,False,True,False,,,,,,,,,,False,-0.4888888933,0.1460803392,103.78333333333333
fce06089-154b-512e-a547-fd144ec0961c__TO__79d389ee-b055-582a-8985-c09472aa4d69,2023,CHIP_GANASSI_RACING,8,Marcus Ericsson,WINDOW_MEDIAN,45,FUTURE,RETROSPECTIVE,True,False,False,False,0.609,0.0527950488276158,0.5562049511723841,,,,,,,,,,,,,,,,,,,,,,,,,,,,,,,,,,,,,,,,False,-0.4888888933,0.1460803392,103.78333333333333
fce06089-154b-512e-a547-fd144ec0961c__TO__79d389ee-b055-582a-8985-c09472aa4d69,2023,CHIP_GANASSI_RACING,8,Marcus Ericsson,WINDOW_MEDIAN,60,ANY,RETROSPECTIVE,True,True,True,True,0.609,0.0527950488276158,0.5562049511723841,233.375,1.0,1.0,9,3a0bcd66-fa08-5944-bf0b-5ec6c5a10f91,53.56666666666667,53.56666666666667,53.56666666666667,44.44444444,18.89477539,True,False,False,False,False,233.3485,2.0,2.0,9|11,dd0ff96a-0d57-5ba5-8691-ebf2359edec4|3a0bcd66-fa08-5944-bf0b-5ec6c5a10f91,8.916666666666666,50.21666666666667,-29.566666666666666,44.44444444,18.785063899999997,False,False,False,True,False,-0.026499999999998636,0.6354999999999986,False,False,1.0,False,0.0,-0.10971149000000224,,False,-0.4888888933,0.1460803392,103.78333333333333
fce06089-154b-512e-a547-fd144ec0961c__TO__79d389ee-b055-582a-8985-c09472aa4d69,2023,CHIP_GANASSI_RACING,8,Marcus Ericsson,WINDOW_MEDIAN,60,PRIOR,PIT_COMPATIBLE,True,False,True,False,0.609,0.0527950488276158,0.5562049511723841,,,,,,,,,,,,,,,,233.3485,2.0,2.0,9|11,dd0ff96a-0d57-5ba5-8691-ebf2359edec4|3a0bcd66-fa08-5944-bf0b-5ec6c5a10f91,8.916666666666666,50.21666666666667,-29.566666666666666,44.44444444,18.785063899999997,False,False,False,True,False,,,,,,,,,,False,-0.4888888933,0.1460803392,103.78333333333333
fce06089-154b-512e-a547-fd144ec0961c__TO__79d389ee-b055-582a-8985-c09472aa4d69,2023,CHIP_GANASSI_RACING,8,Marcus Ericsson,WINDOW_MEDIAN,60,FUTURE,RETROSPECTIVE,True,True,False,False,0.609,0.0527950488276158,0.5562049511723841,233.375,1.0,1.0,9,3a0bcd66-fa08-5944-bf0b-5ec6c5a10f91,53.56666666666667,53.56666666666667,53.56666666666667,44.44444444,18.89477539,True,False,False,False,False,,,,,,,,,,,,,,,,,,,,,,,,,False,-0.4888888933,0.1460803392,103.78333333333333
ad6c40ac-4389-5426-b8e5-1d130ac9da81__TO__3a0bcd66-fa08-5944-bf0b-5ec6c5a10f91,2023,CHIP_GANASSI_RACING,9,Scott Dixon,WINDOW_MEDIAN,5,ANY,RETROSPECTIVE,True,False,False,False,0.461,0.1535108140836307,0.3074891859163693,,,,,,,,,,,,,,,,,,,,,,,,,,,,,,,,,,,,,,,,False,10.5382716,3.037249688,209.93333333333334
ad6c40ac-4389-5426-b8e5-1d130ac9da81__TO__3a0bcd66-fa08-5944-bf0b-5ec6c5a10f91,2023,CHIP_GANASSI_RACING,9,Scott Dixon,WINDOW_MEDIAN,5,PRIOR,PIT_COMPATIBLE,True,False,False,False,0.461,0.1535108140836307,0.3074891859163693,,,,,,,,,,,,,,,,,,,,,,,,,,,,,,,,,,,,,,,,False,10.5382716,3.037249688,209.93333333333334
ad6c40ac-4389-5426-b8e5-1d130ac9da81__TO__3a0bcd66-fa08-5944-bf0b-5ec6c5a10f91,2023,CHIP_GANASSI_RACING,9,Scott Dixon,WINDOW_MEDIAN,5,FUTURE,RETROSPECTIVE,True,False,False,False,0.461,0.1535108140836307,0.3074891859163693,,,,,,,,,,,,,,,,,,,,,,,,,,,,,,,,,,,,,,,,False,10.5382716,3.037249688,209.93333333333334
ad6c40ac-4389-5426-b8e5-1d130ac9da81__TO__3a0bcd66-fa08-5944-bf0b-5ec6c5a10f91,2023,CHIP_GANASSI_RACING,9,Scott Dixon,WINDOW_MEDIAN,10,ANY,RETROSPECTIVE,True,False,False,False,0.461,0.1535108140836307,0.3074891859163693,,,,,,,,,,,,,,,,,,,,,,,,,,,,,,,,,,,,,,,,False,10.5382716,3.037249688,209.93333333333334
ad6c40ac-4389-5426-b8e5-1d130ac9da81__TO__3a0bcd66-fa08-5944-bf0b-5ec6c5a10f91,2023,CHIP_GANASSI_RACING,9,Scott Dixon,WINDOW_MEDIAN,10,PRIOR,PIT_COMPATIBLE,True,False,False,False,0.461,0.1535108140836307,0.3074891859163693,,,,,,,,,,,,,,,,,,,,,,,,,,,,,,,,,,,,,,,,False,10.5382716,3.037249688,209.93333333333334
ad6c40ac-4389-5426-b8e5-1d130ac9da81__TO__3a0bcd66-fa08-5944-bf0b-5ec6c5a10f91,2023,CHIP_GANASSI_RACING,9,Scott Dixon,WINDOW_MEDIAN,10,FUTURE,RETROSPECTIVE,True,False,False,False,0.461,0.1535108140836307,0.3074891859163693,,,,,,,,,,,,,,,,,,,,,,,,,,,,,,,,,,,,,,,,False,10.5382716,3.037249688,209.93333333333334
ad6c40ac-4389-5426-b8e5-1d130ac9da81__TO__3a0bcd66-fa08-5944-bf0b-5ec6c5a10f91,2023,CHIP_GANASSI_RACING,9,Scott Dixon,WINDOW_MEDIAN,15,ANY,RETROSPECTIVE,True,True,False,False,0.461,0.1535108140836307,0.3074891859163693,232.735,1.0,1.0,8,67f2af5c-ca4c-55e7-8c2a-5361873b43cc,13.366666666666667,13.366666666666667,-13.366666666666667,32.29012346,15.30934736,False,False,False,False,False,,,,,,,,,,,,,,,,,,,,,,,,,False,10.5382716,3.037249688,209.93333333333334
ad6c40ac-4389-5426-b8e5-1d130ac9da81__TO__3a0bcd66-fa08-5944-bf0b-5ec6c5a10f91,2023,CHIP_GANASSI_RACING,9,Scott Dixon,WINDOW_MEDIAN,15,PRIOR,PIT_COMPATIBLE,True,True,False,False,0.461,0.1535108140836307,0.3074891859163693,232.735,1.0,1.0,8,67f2af5c-ca4c-55e7-8c2a-5361873b43cc,13.366666666666667,13.366666666666667,-13.366666666666667,32.29012346,15.30934736,False,False,False,False,False,,,,,,,,,,,,,,,,,,,,,,,,,False,10.5382716,3.037249688,209.93333333333334
ad6c40ac-4389-5426-b8e5-1d130ac9da81__TO__3a0bcd66-fa08-5944-bf0b-5ec6c5a10f91,2023,CHIP_GANASSI_RACING,9,Scott Dixon,WINDOW_MEDIAN,15,FUTURE,RETROSPECTIVE,True,False,False,False,0.461,0.1535108140836307,0.3074891859163693,,,,,,,,,,,,,,,,,,,,,,,,,,,,,,,,,,,,,,,,False,10.5382716,3.037249688,209.93333333333334
ad6c40ac-4389-5426-b8e5-1d130ac9da81__TO__3a0bcd66-fa08-5944-bf0b-5ec6c5a10f91,2023,CHIP_GANASSI_RACING,9,Scott Dixon,WINDOW_MEDIAN,20,ANY,RETROSPECTIVE,True,True,False,False,0.461,0.1535108140836307,0.3074891859163693,232.735,1.0,1.0,8,67f2af5c-ca4c-55e7-8c2a-5361873b43cc,13.366666666666667,13.366666666666667,-13.366666666666667,32.29012346,15.30934736,False,False,False,False,False,,,,,,,,,,,,,,,,,,,,,,,,,False,10.5382716,3.037249688,209.93333333333334
ad6c40ac-4389-5426-b8e5-1d130ac9da81__TO__3a0bcd66-fa08-5944-bf0b-5ec6c5a10f91,2023,CHIP_GANASSI_RACING,9,Scott Dixon,WINDOW_MEDIAN,20,PRIOR,PIT_COMPATIBLE,True,True,False,False,0.461,0.1535108140836307,0.3074891859163693,232.735,1.0,1.0,8,67f2af5c-ca4c-55e7-8c2a-5361873b43cc,13.366666666666667,13.366666666666667,-13.366666666666667,32.29012346,15.30934736,False,False,False,False,False,,,,,,,,,,,,,,,,,,,,,,,,,False,10.5382716,3.037249688,209.93333333333334
ad6c40ac-4389-5426-b8e5-1d130ac9da81__TO__3a0bcd66-fa08-5944-bf0b-5ec6c5a10f91,2023,CHIP_GANASSI_RACING,9,Scott Dixon,WINDOW_MEDIAN,20,FUTURE,RETROSPECTIVE,True,False,False,False,0.461,0.1535108140836307,0.3074891859163693,,,,,,,,,,,,,,,,,,,,,,,,,,,,,,,,,,,,,,,,False,10.5382716,3.037249688,209.93333333333334
ad6c40ac-4389-5426-b8e5-1d130ac9da81__TO__3a0bcd66-fa08-5944-bf0b-5ec6c5a10f91,2023,CHIP_GANASSI_RACING,9,Scott Dixon,WINDOW_MEDIAN,30,ANY,RETROSPECTIVE,True,True,False,False,0.461,0.1535108140836307,0.3074891859163693,232.735,1.0,1.0,8,67f2af5c-ca4c-55e7-8c2a-5361873b43cc,13.366666666666667,13.366666666666667,-13.366666666666667,32.29012346,15.30934736,False,False,False,False,False,,,,,,,,,,,,,,,,,,,,,,,,,False,10.5382716,3.037249688,209.93333333333334
ad6c40ac-4389-5426-b8e5-1d130ac9da81__TO__3a0bcd66-fa08-5944-bf0b-5ec6c5a10f91,2023,CHIP_GANASSI_RACING,9,Scott Dixon,WINDOW_MEDIAN,30,PRIOR,PIT_COMPATIBLE,True,True,False,False,0.461,0.1535108140836307,0.3074891859163693,232.735,1.0,1.0,8,67f2af5c-ca4c-55e7-8c2a-5361873b43cc,13.366666666666667,13.366666666666667,-13.366666666666667,32.29012346,15.30934736,False,False,False,False,False,,,,,,,,,,,,,,,,,,,,,,,,,False,10.5382716,3.037249688,209.93333333333334
ad6c40ac-4389-5426-b8e5-1d130ac9da81__TO__3a0bcd66-fa08-5944-bf0b-5ec6c5a10f91,2023,CHIP_GANASSI_RACING,9,Scott Dixon,WINDOW_MEDIAN,30,FUTURE,RETROSPECTIVE,True,False,False,False,0.461,0.1535108140836307,0.3074891859163693,,,,,,,,,,,,,,,,,,,,,,,,,,,,,,,,,,,,,,,,False,10.5382716,3.037249688,209.93333333333334
ad6c40ac-4389-5426-b8e5-1d130ac9da81__TO__3a0bcd66-fa08-5944-bf0b-5ec6c5a10f91,2023,CHIP_GANASSI_RACING,9,Scott Dixon,WINDOW_MEDIAN,45,ANY,RETROSPECTIVE,True,True,True,True,0.461,0.1535108140836307,0.3074891859163693,232.735,1.0,1.0,8,67f2af5c-ca4c-55e7-8c2a-5361873b43cc,13.366666666666667,13.366666666666667,-13.366666666666667,32.29012346,15.30934736,False,False,False,False,False,233.322,1.0,1.0,11,dd0ff96a-0d57-5ba5-8691-ebf2359edec4,41.3,41.3,41.3,44.44444444,18.67535241,False,False,False,False,False,0.5869999999999891,-0.12599999999998907,True,False,0.0,False,12.154320980000001,3.3660050499999983,,False,10.5382716,3.037249688,209.93333333333334
ad6c40ac-4389-5426-b8e5-1d130ac9da81__TO__3a0bcd66-fa08-5944-bf0b-5ec6c5a10f91,2023,CHIP_GANASSI_RACING,9,Scott Dixon,WINDOW_MEDIAN,45,PRIOR,PIT_COMPATIBLE,True,True,False,False,0.461,0.1535108140836307,0.3074891859163693,232.735,1.0,1.0,8,67f2af5c-ca4c-55e7-8c2a-5361873b43cc,13.366666666666667,13.366666666666667,-13.366666666666667,32.29012346,15.30934736,False,False,False,False,False,,,,,,,,,,,,,,,,,,,,,,,,,False,10.5382716,3.037249688,209.93333333333334
ad6c40ac-4389-5426-b8e5-1d130ac9da81__TO__3a0bcd66-fa08-5944-bf0b-5ec6c5a10f91,2023,CHIP_GANASSI_RACING,9,Scott Dixon,WINDOW_MEDIAN,45,FUTURE,RETROSPECTIVE,True,False,True,False,0.461,0.1535108140836307,0.3074891859163693,,,,,,,,,,,,,,,,233.322,1.0,1.0,11,dd0ff96a-0d57-5ba5-8691-ebf2359edec4,41.3,41.3,41.3,44.44444444,18.67535241,False,False,False,False,False,,,,,,,,,,False,10.5382716,3.037249688,209.93333333333334
ad6c40ac-4389-5426-b8e5-1d130ac9da81__TO__3a0bcd66-fa08-5944-bf0b-5ec6c5a10f91,2023,CHIP_GANASSI_RACING,9,Scott Dixon,WINDOW_MEDIAN,60,ANY,RETROSPECTIVE,True,True,True,True,0.461,0.1535108140836307,0.3074891859163693,232.735,1.0,1.0,8,67f2af5c-ca4c-55e7-8c2a-5361873b43cc,13.366666666666667,13.366666666666667,-13.366666666666667,32.29012346,15.30934736,False,False,False,False,False,233.03,3.0,2.0,8|11,dd0ff96a-0d57-5ba5-8691-ebf2359edec4|fce06089-154b-512e-a547-fd144ec0961c|79d389ee-b055-582a-8985-c09472aa4d69,41.3,53.56666666666667,12.649999999999999,44.60740740333333,18.608257936666664,True,False,False,False,False,0.2949999999999875,0.16600000000001253,True,False,0.0,False,12.317283943333337,3.298910576666664,,False,10.5382716,3.037249688,209.93333333333334
ad6c40ac-4389-5426-b8e5-1d130ac9da81__TO__3a0bcd66-fa08-5944-bf0b-5ec6c5a10f91,2023,CHIP_GANASSI_RACING,9,Scott Dixon,WINDOW_MEDIAN,60,PRIOR,PIT_COMPATIBLE,True,True,True,True,0.461,0.1535108140836307,0.3074891859163693,232.735,1.0,1.0,8,67f2af5c-ca4c-55e7-8c2a-5361873b43cc,13.366666666666667,13.366666666666667,-13.366666666666667,32.29012346,15.30934736,False,False,False,False,False,232.421,1.0,1.0,8,fce06089-154b-512e-a547-fd144ec0961c,53.56666666666667,53.56666666666667,-53.56666666666667,44.93333333,18.50167053,True,False,False,False,False,-0.3140000000000214,0.7750000000000214,False,True,0.0,False,12.643209870000007,3.192323169999998,67f2af5c-ca4c-55e7-8c2a-5361873b43cc__TO__fce06089-154b-512e-a547-fd144ec0961c,False,10.5382716,3.037249688,209.93333333333334
ad6c40ac-4389-5426-b8e5-1d130ac9da81__TO__3a0bcd66-fa08-5944-bf0b-5ec6c5a10f91,2023,CHIP_GANASSI_RACING,9,Scott Dixon,WINDOW_MEDIAN,60,FUTURE,RETROSPECTIVE,True,False,True,False,0.461,0.1535108140836307,0.3074891859163693,,,,,,,,,,,,,,,,233.176,2.0,2.0,8|11,dd0ff96a-0d57-5ba5-8691-ebf2359edec4|79d389ee-b055-582a-8985-c09472aa4d69,41.3,50.21666666666667,45.75833333333333,44.44444444,18.66155164,False,False,False,False,False,,,,,,,,,,False,10.5382716,3.037249688,209.93333333333334
9c85ad9a-de5a-5a03-9262-9ef6823db9e8__TO__f684d582-76d7-5411-83d0-39af174901c3,2023,ARROW_MCLAREN_SPM,6,Felix Rosenqvist,WINDOW_MEDIAN,5,ANY,RETROSPECTIVE,True,False,False,False,0.848,0.0484676822095394,0.7995323177904605,,,,,,,,,,,,,,,,,,,,,,,,,,,,,,,,,,,,,,,,False,7.7777777777777715,1.931121826171875,287.0
9c85ad9a-de5a-5a03-9262-9ef6823db9e8__TO__f684d582-76d7-5411-83d0-39af174901c3,2023,ARROW_MCLAREN_SPM,6,Felix Rosenqvist,WINDOW_MEDIAN,5,PRIOR,PIT_COMPATIBLE,True,False,False,False,0.848,0.0484676822095394,0.7995323177904605,,,,,,,,,,,,,,,,,,,,,,,,,,,,,,,,,,,,,,,,False,7.7777777777777715,1.931121826171875,287.0
9c85ad9a-de5a-5a03-9262-9ef6823db9e8__TO__f684d582-76d7-5411-83d0-39af174901c3,2023,ARROW_MCLAREN_SPM,6,Felix Rosenqvist,WINDOW_MEDIAN,5,FUTURE,RETROSPECTIVE,True,False,False,False,0.848,0.0484676822095394,0.7995323177904605,,,,,,,,,,,,,,,,,,,,,,,,,,,,,,,,,,,,,,,,False,7.7777777777777715,1.931121826171875,287.0
9c85ad9a-de5a-5a03-9262-9ef6823db9e8__TO__f684d582-76d7-5411-83d0-39af174901c3,2023,ARROW_MCLAREN_SPM,6,Felix Rosenqvist,WINDOW_MEDIAN,10,ANY,RETROSPECTIVE,True,True,True,True,0.848,0.0484676822095394,0.7995323177904605,232.446,1.0,1.0,66,09f4cf1e-3fb8-5bfc-808c-b733eb495b54,5.866666666666666,5.866666666666666,5.866666666666666,36.17530864,16.26378116,True,False,False,False,False,233.347,1.0,1.0,66,d1af19f4-254b-5058-b545-543906d4584e,8.15,8.15,-8.15,44.44444444,18.28819806,True,False,False,False,False,0.9010000000000105,-0.05300000000001048,True,True,0.0,False,8.2691358,2.0244168999999985,,False,7.7777777777777715,1.931121826171875,287.0
9c85ad9a-de5a-5a03-9262-9ef6823db9e8__TO__f684d582-76d7-5411-83d0-39af174901c3,2023,ARROW_MCLAREN_SPM,6,Felix Rosenqvist,WINDOW_MEDIAN,10,PRIOR,PIT_COMPATIBLE,True,False,True,False,0.848,0.0484676822095394,0.7995323177904605,,,,,,,,,,,,,,,,233.347,1.0,1.0,66,d1af19f4-254b-5058-b545-543906d4584e,8.15,8.15,-8.15,44.44444444,18.28819806,True,False,False,False,False,,,,,,,,,,False,7.7777777777777715,1.931121826171875,287.0
9c85ad9a-de5a-5a03-9262-9ef6823db9e8__TO__f684d582-76d7-5411-83d0-39af174901c3,2023,ARROW_MCLAREN_SPM,6,Felix Rosenqvist,WINDOW_MEDIAN,10,FUTURE,RETROSPECTIVE,True,True,False,False,0.848,0.0484676822095394,0.7995323177904605,232.446,1.0,1.0,66,09f4cf1e-3fb8-5bfc-808c-b733eb495b54,5.866666666666666,5.866666666666666,5.866666666666666,36.17530864,16.26378116,True,False,False,False,False,,,,,,,,,,,,,,,,,,,,,,,,,False,7.7777777777777715,1.931121826171875,287.0
9c85ad9a-de5a-5a03-9262-9ef6823db9e8__TO__f684d582-76d7-5411-83d0-39af174901c3,2023,ARROW_MCLAREN_SPM,6,Felix Rosenqvist,WINDOW_MEDIAN,15,ANY,RETROSPECTIVE,True,True,True,True,0.848,0.0484676822095394,0.7995323177904605,232.446,1.0,1.0,66,09f4cf1e-3fb8-5bfc-808c-b733eb495b54,5.866666666666666,5.866666666666666,5.866666666666666,36.17530864,16.26378116,True,False,False,False,False,233.347,1.0,1.0,66,d1af19f4-254b-5058-b545-543906d4584e,8.15,8.15,-8.15,44.44444444,18.28819806,True,False,False,False,False,0.9010000000000105,-0.05300000000001048,True,True,0.0,False,8.2691358,2.0244168999999985,,False,7.7777777777777715,1.931121826171875,287.0
9c85ad9a-de5a-5a03-9262-9ef6823db9e8__TO__f684d582-76d7-5411-83d0-39af174901c3,2023,ARROW_MCLAREN_SPM,6,Felix Rosenqvist,WINDOW_MEDIAN,15,PRIOR,PIT_COMPATIBLE,True,False,True,False,0.848,0.0484676822095394,0.7995323177904605,,,,,,,,,,,,,,,,233.347,1.0,1.0,66,d1af19f4-254b-5058-b545-543906d4584e,8.15,8.15,-8.15,44.44444444,18.28819806,True,False,False,False,False,,,,,,,,,,False,7.7777777777777715,1.931121826171875,287.0
9c85ad9a-de5a-5a03-9262-9ef6823db9e8__TO__f684d582-76d7-5411-83d0-39af174901c3,2023,ARROW_MCLAREN_SPM,6,Felix Rosenqvist,WINDOW_MEDIAN,15,FUTURE,RETROSPECTIVE,True,True,False,False,0.848,0.0484676822095394,0.7995323177904605,232.446,1.0,1.0,66,09f4cf1e-3fb8-5bfc-808c-b733eb495b54,5.866666666666666,5.866666666666666,5.866666666666666,36.17530864,16.26378116,True,False,False,False,False,,,,,,,,,,,,,,,,,,,,,,,,,False,7.7777777777777715,1.931121826171875,287.0
9c85ad9a-de5a-5a03-9262-9ef6823db9e8__TO__f684d582-76d7-5411-83d0-39af174901c3,2023,ARROW_MCLAREN_SPM,6,Felix Rosenqvist,WINDOW_MEDIAN,20,ANY,RETROSPECTIVE,True,True,True,True,0.848,0.0484676822095394,0.7995323177904605,232.446,1.0,1.0,66,09f4cf1e-3fb8-5bfc-808c-b733eb495b54,5.866666666666666,5.866666666666666,5.866666666666666,36.17530864,16.26378116,True,False,False,False,False,233.347,1.0,1.0,66,d1af19f4-254b-5058-b545-543906d4584e,8.15,8.15,-8.15,44.44444444,18.28819806,True,False,False,False,False,0.9010000000000105,-0.05300000000001048,True,True,0.0,False,8.2691358,2.0244168999999985,,False,7.7777777777777715,1.931121826171875,287.0
9c85ad9a-de5a-5a03-9262-9ef6823db9e8__TO__f684d582-76d7-5411-83d0-39af174901c3,2023,ARROW_MCLAREN_SPM,6,Felix Rosenqvist,WINDOW_MEDIAN,20,PRIOR,PIT_COMPATIBLE,True,False,True,False,0.848,0.0484676822095394,0.7995323177904605,,,,,,,,,,,,,,,,233.347,1.0,1.0,66,d1af19f4-254b-5058-b545-543906d4584e,8.15,8.15,-8.15,44.44444444,18.28819806,True,False,False,False,False,,,,,,,,,,False,7.7777777777777715,1.931121826171875,287.0
9c85ad9a-de5a-5a03-9262-9ef6823db9e8__TO__f684d582-76d7-5411-83d0-39af174901c3,2023,ARROW_MCLAREN_SPM,6,Felix Rosenqvist,WINDOW_MEDIAN,20,FUTURE,RETROSPECTIVE,True,True,False,False,0.848,0.0484676822095394,0.7995323177904605,232.446,1.0,1.0,66,09f4cf1e-3fb8-5bfc-808c-b733eb495b54,5.866666666666666,5.866666666666666,5.866666666666666,36.17530864,16.26378116,True,False,False,False,False,,,,,,,,,,,,,,,,,,,,,,,,,False,7.7777777777777715,1.931121826171875,287.0
9c85ad9a-de5a-5a03-9262-9ef6823db9e8__TO__f684d582-76d7-5411-83d0-39af174901c3,2023,ARROW_MCLAREN_SPM,6,Felix Rosenqvist,WINDOW_MEDIAN,30,ANY,RETROSPECTIVE,True,True,True,True,0.848,0.0484676822095394,0.7995323177904605,232.987,2.0,2.0,7|66,09f4cf1e-3fb8-5bfc-808c-b733eb495b54|14c2e6a1-d204-5d45-adf6-473781a78254,5.866666666666666,21.633333333333333,-7.883333333333333,34.754320985,16.02246664,True,False,False,False,False,233.347,1.0,1.0,66,d1af19f4-254b-5058-b545-543906d4584e,8.15,8.15,-8.15,44.44444444,18.28819806,True,False,False,False,False,0.36000000000001364,0.48799999999998633,True,False,0.0,False,9.690123454999998,2.265731419999998,,False,7.7777777777777715,1.931121826171875,287.0
9c85ad9a-de5a-5a03-9262-9ef6823db9e8__TO__f684d582-76d7-5411-83d0-39af174901c3,2023,ARROW_MCLAREN_SPM,6,Felix Rosenqvist,WINDOW_MEDIAN,30,PRIOR,PIT_COMPATIBLE,True,True,True,True,0.848,0.0484676822095394,0.7995323177904605,233.528,1.0,1.0,7,14c2e6a1-d204-5d45-adf6-473781a78254,21.633333333333333,21.633333333333333,-21.633333333333333,33.33333333,15.78115212,True,False,False,False,False,233.347,1.0,1.0,66,d1af19f4-254b-5058-b545-543906d4584e,8.15,8.15,-8.15,44.44444444,18.28819806,True,False,False,False,False,-0.18099999999998317,1.028999999999983,False,False,0.0,False,11.111111109999996,2.5070459399999994,,False,7.7777777777777715,1.931121826171875,287.0
9c85ad9a-de5a-5a03-9262-9ef6823db9e8__TO__f684d582-76d7-5411-83d0-39af174901c3,2023,ARROW_MCLAREN_SPM,6,Felix Rosenqvist,WINDOW_MEDIAN,30,FUTURE,RETROSPECTIVE,True,True,False,False,0.848,0.0484676822095394,0.7995323177904605,232.446,1.0,1.0,66,09f4cf1e-3fb8-5bfc-808c-b733eb495b54,5.866666666666666,5.866666666666666,5.866666666666666,36.17530864,16.26378116,True,False,False,False,False,,,,,,,,,,,,,,,,,,,,,,,,,False,7.7777777777777715,1.931121826171875,287.0
9c85ad9a-de5a-5a03-9262-9ef6823db9e8__TO__f684d582-76d7-5411-83d0-39af174901c3,2023,ARROW_MCLAREN_SPM,6,Felix Rosenqvist,WINDOW_MEDIAN,45,ANY,RETROSPECTIVE,True,True,True,True,0.848,0.0484676822095394,0.7995323177904605,233.252,3.0,3.0,5|7|66,86528548-acb2-5972-a3cd-583a1a3f0514|09f4cf1e-3fb8-5bfc-808c-b733eb495b54|14c2e6a1-d204-5d45-adf6-473781a78254,5.866666666666666,42.31666666666667,8.850000000000001,36.132510286666665,16.51718307,True,False,False,False,False,233.347,1.0,1.0,66,d1af19f4-254b-5058-b545-543906d4584e,8.15,8.15,-8.15,44.44444444,18.28819806,True,False,False,False,False,0.09499999999999886,0.7530000000000011,True,False,0.0,False,8.311934153333333,1.7710149899999976,,False,7.7777777777777715,1.931121826171875,287.0
9c85ad9a-de5a-5a03-9262-9ef6823db9e8__TO__f684d582-76d7-5411-83d0-39af174901c3,2023,ARROW_MCLAREN_SPM,6,Felix Rosenqvist,WINDOW_MEDIAN,45,PRIOR,PIT_COMPATIBLE,True,True,True,True,0.848,0.0484676822095394,0.7995323177904605,233.528,1.0,1.0,7,14c2e6a1-d204-5d45-adf6-473781a78254,21.633333333333333,21.633333333333333,-21.633333333333333,33.33333333,15.78115212,True,False,False,False,False,233.347,1.0,1.0,66,d1af19f4-254b-5058-b545-543906d4584e,8.15,8.15,-8.15,44.44444444,18.28819806,True,False,False,False,False,-0.18099999999998317,1.028999999999983,False,False,0.0,False,11.111111109999996,2.5070459399999994,,False,7.7777777777777715,1.931121826171875,287.0
9c85ad9a-de5a-5a03-9262-9ef6823db9e8__TO__f684d582-76d7-5411-83d0-39af174901c3,2023,ARROW_MCLAREN_SPM,6,Felix Rosenqvist,WINDOW_MEDIAN,45,FUTURE,RETROSPECTIVE,True,True,False,False,0.848,0.0484676822095394,0.7995323177904605,232.849,2.0,2.0,5|66,86528548-acb2-5972-a3cd-583a1a3f0514|09f4cf1e-3fb8-5bfc-808c-b733eb495b54,5.866666666666666,42.31666666666667,24.09166666666667,37.532098765,16.885198545,True,False,False,False,False,,,,,,,,,,,,,,,,,,,,,,,,,False,7.7777777777777715,1.931121826171875,287.0
9c85ad9a-de5a-5a03-9262-9ef6823db9e8__TO__f684d582-76d7-5411-83d0-39af174901c3,2023,ARROW_MCLAREN_SPM,6,Felix Rosenqvist,WINDOW_MEDIAN,60,ANY,RETROSPECTIVE,True,True,True,True,0.848,0.0484676822095394,0.7995323177904605,233.252,3.0,3.0,5|7|66,86528548-acb2-5972-a3cd-583a1a3f0514|09f4cf1e-3fb8-5bfc-808c-b733eb495b54|14c2e6a1-d204-5d45-adf6-473781a78254,5.866666666666666,42.31666666666667,8.850000000000001,36.132510286666665,16.51718307,True,False,False,False,False,233.347,1.0,1.0,66,d1af19f4-254b-5058-b545-543906d4584e,8.15,8.15,-8.15,44.44444444,18.28819806,True,False,False,False,False,0.09499999999999886,0.7530000000000011,True,False,0.0,False,8.311934153333333,1.7710149899999976,,False,7.7777777777777715,1.931121826171875,287.0
9c85ad9a-de5a-5a03-9262-9ef6823db9e8__TO__f684d582-76d7-5411-83d0-39af174901c3,2023,ARROW_MCLAREN_SPM,6,Felix Rosenqvist,WINDOW_MEDIAN,60,PRIOR,PIT_COMPATIBLE,True,True,True,True,0.848,0.0484676822095394,0.7995323177904605,233.528,1.0,1.0,7,14c2e6a1-d204-5d45-adf6-473781a78254,21.633333333333333,21.633333333333333,-21.633333333333333,33.33333333,15.78115212,True,False,False,False,False,233.347,1.0,1.0,66,d1af19f4-254b-5058-b545-543906d4584e,8.15,8.15,-8.15,44.44444444,18.28819806,True,False,False,False,False,-0.18099999999998317,1.028999999999983,False,False,0.0,False,11.111111109999996,2.5070459399999994,,False,7.7777777777777715,1.931121826171875,287.0
9c85ad9a-de5a-5a03-9262-9ef6823db9e8__TO__f684d582-76d7-5411-83d0-39af174901c3,2023,ARROW_MCLAREN_SPM,6,Felix Rosenqvist,WINDOW_MEDIAN,60,FUTURE,RETROSPECTIVE,True,True,False,False,0.848,0.0484676822095394,0.7995323177904605,232.849,2.0,2.0,5|66,86528548-acb2-5972-a3cd-583a1a3f0514|09f4cf1e-3fb8-5bfc-808c-b733eb495b54,5.866666666666666,42.31666666666667,24.09166666666667,37.532098765,16.885198545,True,False,False,False,False,,,,,,,,,,,,,,,,,,,,,,,,,False,7.7777777777777715,1.931121826171875,287.0
135b66b6-87b3-5cb3-ba14-d2d21ed2fa92__TO__d8d8f4a5-fd52-51ca-bdc6-e2ddbea561ca,2024,ED_CARPENTER_RACING,21,Rinus VeeKay,WINDOW_MEDIAN,5,ANY,RETROSPECTIVE,True,False,False,False,1.253,0.1000996596046387,1.152900340395361,,,,,,,,,,,,,,,,,,,,,,,,,,,,,,,,,,,,,,,,False,-2.2222222222222214,0.214111328125,118.91666666666667
135b66b6-87b3-5cb3-ba14-d2d21ed2fa92__TO__d8d8f4a5-fd52-51ca-bdc6-e2ddbea561ca,2024,ED_CARPENTER_RACING,21,Rinus VeeKay,WINDOW_MEDIAN,5,PRIOR,PIT_COMPATIBLE,True,False,False,False,1.253,0.1000996596046387,1.152900340395361,,,,,,,,,,,,,,,,,,,,,,,,,,,,,,,,,,,,,,,,False,-2.2222222222222214,0.214111328125,118.91666666666667
135b66b6-87b3-5cb3-ba14-d2d21ed2fa92__TO__d8d8f4a5-fd52-51ca-bdc6-e2ddbea561ca,2024,ED_CARPENTER_RACING,21,Rinus VeeKay,WINDOW_MEDIAN,5,FUTURE,RETROSPECTIVE,True,False,False,False,1.253,0.1000996596046387,1.152900340395361,,,,,,,,,,,,,,,,,,,,,,,,,,,,,,,,,,,,,,,,False,-2.2222222222222214,0.214111328125,118.91666666666667
135b66b6-87b3-5cb3-ba14-d2d21ed2fa92__TO__d8d8f4a5-fd52-51ca-bdc6-e2ddbea561ca,2024,ED_CARPENTER_RACING,21,Rinus VeeKay,WINDOW_MEDIAN,10,ANY,RETROSPECTIVE,True,False,False,False,1.253,0.1000996596046387,1.152900340395361,,,,,,,,,,,,,,,,,,,,,,,,,,,,,,,,,,,,,,,,False,-2.2222222222222214,0.214111328125,118.91666666666667
135b66b6-87b3-5cb3-ba14-d2d21ed2fa92__TO__d8d8f4a5-fd52-51ca-bdc6-e2ddbea561ca,2024,ED_CARPENTER_RACING,21,Rinus VeeKay,WINDOW_MEDIAN,10,PRIOR,PIT_COMPATIBLE,True,False,False,False,1.253,0.1000996596046387,1.152900340395361,,,,,,,,,,,,,,,,,,,,,,,,,,,,,,,,,,,,,,,,False,-2.2222222222222214,0.214111328125,118.91666666666667
135b66b6-87b3-5cb3-ba14-d2d21ed2fa92__TO__d8d8f4a5-fd52-51ca-bdc6-e2ddbea561ca,2024,ED_CARPENTER_RACING,21,Rinus VeeKay,WINDOW_MEDIAN,10,FUTURE,RETROSPECTIVE,True,False,False,False,1.253,0.1000996596046387,1.152900340395361,,,,,,,,,,,,,,,,,,,,,,,,,,,,,,,,,,,,,,,,False,-2.2222222222222214,0.214111328125,118.91666666666667
135b66b6-87b3-5cb3-ba14-d2d21ed2fa92__TO__d8d8f4a5-fd52-51ca-bdc6-e2ddbea561ca,2024,ED_CARPENTER_RACING,21,Rinus VeeKay,WINDOW_MEDIAN,15,ANY,RETROSPECTIVE,True,False,False,False,1.253,0.1000996596046387,1.152900340395361,,,,,,,,,,,,,,,,,,,,,,,,,,,,,,,,,,,,,,,,False,-2.2222222222222214,0.214111328125,118.91666666666667
135b66b6-87b3-5cb3-ba14-d2d21ed2fa92__TO__d8d8f4a5-fd52-51ca-bdc6-e2ddbea561ca,2024,ED_CARPENTER_RACING,21,Rinus VeeKay,WINDOW_MEDIAN,15,PRIOR,PIT_COMPATIBLE,True,False,False,False,1.253,0.1000996596046387,1.152900340395361,,,,,,,,,,,,,,,,,,,,,,,,,,,,,,,,,,,,,,,,False,-2.2222222222222214,0.214111328125,118.91666666666667
135b66b6-87b3-5cb3-ba14-d2d21ed2fa92__TO__d8d8f4a5-fd52-51ca-bdc6-e2ddbea561ca,2024,ED_CARPENTER_RACING,21,Rinus VeeKay,WINDOW_MEDIAN,15,FUTURE,RETROSPECTIVE,True,False,False,False,1.253,0.1000996596046387,1.152900340395361,,,,,,,,,,,,,,,,,,,,,,,,,,,,,,,,,,,,,,,,False,-2.2222222222222214,0.214111328125,118.91666666666667
135b66b6-87b3-5cb3-ba14-d2d21ed2fa92__TO__d8d8f4a5-fd52-51ca-bdc6-e2ddbea561ca,2024,ED_CARPENTER_RACING,21,Rinus VeeKay,WINDOW_MEDIAN,20,ANY,RETROSPECTIVE,True,False,False,False,1.253,0.1000996596046387,1.152900340395361,,,,,,,,,,,,,,,,,,,,,,,,,,,,,,,,,,,,,,,,False,-2.2222222222222214,0.214111328125,118.91666666666667
135b66b6-87b3-5cb3-ba14-d2d21ed2fa92__TO__d8d8f4a5-fd52-51ca-bdc6-e2ddbea561ca,2024,ED_CARPENTER_RACING,21,Rinus VeeKay,WINDOW_MEDIAN,20,PRIOR,PIT_COMPATIBLE,True,False,False,False,1.253,0.1000996596046387,1.152900340395361,,,,,,,,,,,,,,,,,,,,,,,,,,,,,,,,,,,,,,,,False,-2.2222222222222214,0.214111328125,118.91666666666667
135b66b6-87b3-5cb3-ba14-d2d21ed2fa92__TO__d8d8f4a5-fd52-51ca-bdc6-e2ddbea561ca,2024,ED_CARPENTER_RACING,21,Rinus VeeKay,WINDOW_MEDIAN,20,FUTURE,RETROSPECTIVE,True,False,False,False,1.253,0.1000996596046387,1.152900340395361,,,,,,,,,,,,,,,,,,,,,,,,,,,,,,,,,,,,,,,,False,-2.2222222222222214,0.214111328125,118.91666666666667
135b66b6-87b3-5cb3-ba14-d2d21ed2fa92__TO__d8d8f4a5-fd52-51ca-bdc6-e2ddbea561ca,2024,ED_CARPENTER_RACING,21,Rinus VeeKay,WINDOW_MEDIAN,30,ANY,RETROSPECTIVE,True,False,False,False,1.253,0.1000996596046387,1.152900340395361,,,,,,,,,,,,,,,,,,,,,,,,,,,,,,,,,,,,,,,,False,-2.2222222222222214,0.214111328125,118.91666666666667
135b66b6-87b3-5cb3-ba14-d2d21ed2fa92__TO__d8d8f4a5-fd52-51ca-bdc6-e2ddbea561ca,2024,ED_CARPENTER_RACING,21,Rinus VeeKay,WINDOW_MEDIAN,30,PRIOR,PIT_COMPATIBLE,True,False,False,False,1.253,0.1000996596046387,1.152900340395361,,,,,,,,,,,,,,,,,,,,,,,,,,,,,,,,,,,,,,,,False,-2.2222222222222214,0.214111328125,118.91666666666667
135b66b6-87b3-5cb3-ba14-d2d21ed2fa92__TO__d8d8f4a5-fd52-51ca-bdc6-e2ddbea561ca,2024,ED_CARPENTER_RACING,21,Rinus VeeKay,WINDOW_MEDIAN,30,FUTURE,RETROSPECTIVE,True,False,False,False,1.253,0.1000996596046387,1.152900340395361,,,,,,,,,,,,,,,,,,,,,,,,,,,,,,,,,,,,,,,,False,-2.2222222222222214,0.214111328125,118.91666666666667
135b66b6-87b3-5cb3-ba14-d2d21ed2fa92__TO__d8d8f4a5-fd52-51ca-bdc6-e2ddbea561ca,2024,ED_CARPENTER_RACING,21,Rinus VeeKay,WINDOW_MEDIAN,45,ANY,RETROSPECTIVE,True,False,False,False,1.253,0.1000996596046387,1.152900340395361,,,,,,,,,,,,,,,,,,,,,,,,,,,,,,,,,,,,,,,,False,-2.2222222222222214,0.214111328125,118.91666666666667
135b66b6-87b3-5cb3-ba14-d2d21ed2fa92__TO__d8d8f4a5-fd52-51ca-bdc6-e2ddbea561ca,2024,ED_CARPENTER_RACING,21,Rinus VeeKay,WINDOW_MEDIAN,45,PRIOR,PIT_COMPATIBLE,True,False,False,False,1.253,0.1000996596046387,1.152900340395361,,,,,,,,,,,,,,,,,,,,,,,,,,,,,,,,,,,,,,,,False,-2.2222222222222214,0.214111328125,118.91666666666667
135b66b6-87b3-5cb3-ba14-d2d21ed2fa92__TO__d8d8f4a5-fd52-51ca-bdc6-e2ddbea561ca,2024,ED_CARPENTER_RACING,21,Rinus VeeKay,WINDOW_MEDIAN,45,FUTURE,RETROSPECTIVE,True,False,False,False,1.253,0.1000996596046387,1.152900340395361,,,,,,,,,,,,,,,,,,,,,,,,,,,,,,,,,,,,,,,,False,-2.2222222222222214,0.214111328125,118.91666666666667
135b66b6-87b3-5cb3-ba14-d2d21ed2fa92__TO__d8d8f4a5-fd52-51ca-bdc6-e2ddbea561ca,2024,ED_CARPENTER_RACING,21,Rinus VeeKay,WINDOW_MEDIAN,60,ANY,RETROSPECTIVE,True,False,False,False,1.253,0.1000996596046387,1.152900340395361,,,,,,,,,,,,,,,,,,,,,,,,,,,,,,,,,,,,,,,,False,-2.2222222222222214,0.214111328125,118.91666666666667
135b66b6-87b3-5cb3-ba14-d2d21ed2fa92__TO__d8d8f4a5-fd52-51ca-bdc6-e2ddbea561ca,2024,ED_CARPENTER_RACING,21,Rinus VeeKay,WINDOW_MEDIAN,60,PRIOR,PIT_COMPATIBLE,True,False,False,False,1.253,0.1000996596046387,1.152900340395361,,,,,,,,,,,,,,,,,,,,,,,,,,,,,,,,,,,,,,,,False,-2.2222222222222214,0.214111328125,118.91666666666667
135b66b6-87b3-5cb3-ba14-d2d21ed2fa92__TO__d8d8f4a5-fd52-51ca-bdc6-e2ddbea561ca,2024,ED_CARPENTER_RACING,21,Rinus VeeKay,WINDOW_MEDIAN,60,FUTURE,RETROSPECTIVE,True,False,False,False,1.253,0.1000996596046387,1.152900340395361,,,,,,,,,,,,,,,,,,,,,,,,,,,,,,,,,,,,,,,,False,-2.2222222222222214,0.214111328125,118.91666666666667
2c6a50e6-564c-5b01-bb51-6a1d93ae56d7__TO__592e992b-5103-52a6-b623-e25e826386bc,2024,ARROW_MCLAREN_SPM,5,Pato O'Ward,WINDOW_MEDIAN,5,ANY,RETROSPECTIVE,True,False,True,False,0.601,0.0502578409256041,0.5507421590743958,,,,,,,,,,,,,,,,232.6495,2.0,2.0,6|7,411accca-4d36-5e24-a0fe-6db5a36714c5|8ec48ba2-cd65-5a70-94b7-6bd93fe67f38,4.0,4.016666666666667,4.008333333333333,50.55555555777778,27.123300119023448,True,True,False,True,False,,,,,,,,,,False,1.1111111111111145,0.50457763671875,52.0
2c6a50e6-564c-5b01-bb51-6a1d93ae56d7__TO__592e992b-5103-52a6-b623-e25e826386bc,2024,ARROW_MCLAREN_SPM,5,Pato O'Ward,WINDOW_MEDIAN,5,PRIOR,PIT_COMPATIBLE,True,False,False,False,0.601,0.0502578409256041,0.5507421590743958,,,,,,,,,,,,,,,,,,,,,,,,,,,,,,,,,,,,,,,,False,1.1111111111111145,0.50457763671875,52.0
2c6a50e6-564c-5b01-bb51-6a1d93ae56d7__TO__592e992b-5103-52a6-b623-e25e826386bc,2024,ARROW_MCLAREN_SPM,5,Pato O'Ward,WINDOW_MEDIAN,5,FUTURE,RETROSPECTIVE,True,False,True,False,0.601,0.0502578409256041,0.5507421590743958,,,,,,,,,,,,,,,,232.6495,2.0,2.0,6|7,411accca-4d36-5e24-a0fe-6db5a36714c5|8ec48ba2-cd65-5a70-94b7-6bd93fe67f38,4.0,4.016666666666667,4.008333333333333,50.55555555777778,27.123300119023448,True,True,False,True,False,,,,,,,,,,False,1.1111111111111145,0.50457763671875,52.0
2c6a50e6-564c-5b01-bb51-6a1d93ae56d7__TO__592e992b-5103-52a6-b623-e25e826386bc,2024,ARROW_MCLAREN_SPM,5,Pato O'Ward,WINDOW_MEDIAN,10,ANY,RETROSPECTIVE,True,False,True,False,0.601,0.0502578409256041,0.5507421590743958,,,,,,,,,,,,,,,,232.6495,2.0,2.0,6|7,411accca-4d36-5e24-a0fe-6db5a36714c5|8ec48ba2-cd65-5a70-94b7-6bd93fe67f38,4.0,4.016666666666667,4.008333333333333,50.55555555777778,27.123300119023448,True,True,False,True,False,,,,,,,,,,False,1.1111111111111145,0.50457763671875,52.0
2c6a50e6-564c-5b01-bb51-6a1d93ae56d7__TO__592e992b-5103-52a6-b623-e25e826386bc,2024,ARROW_MCLAREN_SPM,5,Pato O'Ward,WINDOW_MEDIAN,10,PRIOR,PIT_COMPATIBLE,True,False,False,False,0.601,0.0502578409256041,0.5507421590743958,,,,,,,,,,,,,,,,,,,,,,,,,,,,,,,,,,,,,,,,False,1.1111111111111145,0.50457763671875,52.0
2c6a50e6-564c-5b01-bb51-6a1d93ae56d7__TO__592e992b-5103-52a6-b623-e25e826386bc,2024,ARROW_MCLAREN_SPM,5,Pato O'Ward,WINDOW_MEDIAN,10,FUTURE,RETROSPECTIVE,True,False,True,False,0.601,0.0502578409256041,0.5507421590743958,,,,,,,,,,,,,,,,232.6495,2.0,2.0,6|7,411accca-4d36-5e24-a0fe-6db5a36714c5|8ec48ba2-cd65-5a70-94b7-6bd93fe67f38,4.0,4.016666666666667,4.008333333333333,50.55555555777778,27.123300119023448,True,True,False,True,False,,,,,,,,,,False,1.1111111111111145,0.50457763671875,52.0
2c6a50e6-564c-5b01-bb51-6a1d93ae56d7__TO__592e992b-5103-52a6-b623-e25e826386bc,2024,ARROW_MCLAREN_SPM,5,Pato O'Ward,WINDOW_MEDIAN,15,ANY,RETROSPECTIVE,True,False,True,False,0.601,0.0502578409256041,0.5507421590743958,,,,,,,,,,,,,,,,232.6495,2.0,2.0,6|7,411accca-4d36-5e24-a0fe-6db5a36714c5|8ec48ba2-cd65-5a70-94b7-6bd93fe67f38,4.0,4.016666666666667,4.008333333333333,50.55555555777778,27.123300119023448,True,True,False,True,False,,,,,,,,,,False,1.1111111111111145,0.50457763671875,52.0
2c6a50e6-564c-5b01-bb51-6a1d93ae56d7__TO__592e992b-5103-52a6-b623-e25e826386bc,2024,ARROW_MCLAREN_SPM,5,Pato O'Ward,WINDOW_MEDIAN,15,PRIOR,PIT_COMPATIBLE,True,False,False,False,0.601,0.0502578409256041,0.5507421590743958,,,,,,,,,,,,,,,,,,,,,,,,,,,,,,,,,,,,,,,,False,1.1111111111111145,0.50457763671875,52.0
2c6a50e6-564c-5b01-bb51-6a1d93ae56d7__TO__592e992b-5103-52a6-b623-e25e826386bc,2024,ARROW_MCLAREN_SPM,5,Pato O'Ward,WINDOW_MEDIAN,15,FUTURE,RETROSPECTIVE,True,False,True,False,0.601,0.0502578409256041,0.5507421590743958,,,,,,,,,,,,,,,,232.6495,2.0,2.0,6|7,411accca-4d36-5e24-a0fe-6db5a36714c5|8ec48ba2-cd65-5a70-94b7-6bd93fe67f38,4.0,4.016666666666667,4.008333333333333,50.55555555777778,27.123300119023448,True,True,False,True,False,,,,,,,,,,False,1.1111111111111145,0.50457763671875,52.0
2c6a50e6-564c-5b01-bb51-6a1d93ae56d7__TO__592e992b-5103-52a6-b623-e25e826386bc,2024,ARROW_MCLAREN_SPM,5,Pato O'Ward,WINDOW_MEDIAN,20,ANY,RETROSPECTIVE,True,False,True,False,0.601,0.0502578409256041,0.5507421590743958,,,,,,,,,,,,,,,,232.6495,2.0,2.0,6|7,411accca-4d36-5e24-a0fe-6db5a36714c5|8ec48ba2-cd65-5a70-94b7-6bd93fe67f38,4.0,4.016666666666667,4.008333333333333,50.55555555777778,27.123300119023448,True,True,False,True,False,,,,,,,,,,False,1.1111111111111145,0.50457763671875,52.0
2c6a50e6-564c-5b01-bb51-6a1d93ae56d7__TO__592e992b-5103-52a6-b623-e25e826386bc,2024,ARROW_MCLAREN_SPM,5,Pato O'Ward,WINDOW_MEDIAN,20,PRIOR,PIT_COMPATIBLE,True,False,False,False,0.601,0.0502578409256041,0.5507421590743958,,,,,,,,,,,,,,,,,,,,,,,,,,,,,,,,,,,,,,,,False,1.1111111111111145,0.50457763671875,52.0
2c6a50e6-564c-5b01-bb51-6a1d93ae56d7__TO__592e992b-5103-52a6-b623-e25e826386bc,2024,ARROW_MCLAREN_SPM,5,Pato O'Ward,WINDOW_MEDIAN,20,FUTURE,RETROSPECTIVE,True,False,True,False,0.601,0.0502578409256041,0.5507421590743958,,,,,,,,,,,,,,,,232.6495,2.0,2.0,6|7,411accca-4d36-5e24-a0fe-6db5a36714c5|8ec48ba2-cd65-5a70-94b7-6bd93fe67f38,4.0,4.016666666666667,4.008333333333333,50.55555555777778,27.123300119023448,True,True,False,True,False,,,,,,,,,,False,1.1111111111111145,0.50457763671875,52.0
2c6a50e6-564c-5b01-bb51-6a1d93ae56d7__TO__592e992b-5103-52a6-b623-e25e826386bc,2024,ARROW_MCLAREN_SPM,5,Pato O'Ward,WINDOW_MEDIAN,30,ANY,RETROSPECTIVE,True,False,True,False,0.601,0.0502578409256041,0.5507421590743958,,,,,,,,,,,,,,,,232.6495,2.0,2.0,6|7,411accca-4d36-5e24-a0fe-6db5a36714c5|8ec48ba2-cd65-5a70-94b7-6bd93fe67f38,4.0,4.016666666666667,4.008333333333333,50.55555555777778,27.123300119023448,True,True,False,True,False,,,,,,,,,,False,1.1111111111111145,0.50457763671875,52.0
2c6a50e6-564c-5b01-bb51-6a1d93ae56d7__TO__592e992b-5103-52a6-b623-e25e826386bc,2024,ARROW_MCLAREN_SPM,5,Pato O'Ward,WINDOW_MEDIAN,30,PRIOR,PIT_COMPATIBLE,True,False,False,False,0.601,0.0502578409256041,0.5507421590743958,,,,,,,,,,,,,,,,,,,,,,,,,,,,,,,,,,,,,,,,False,1.1111111111111145,0.50457763671875,52.0
2c6a50e6-564c-5b01-bb51-6a1d93ae56d7__TO__592e992b-5103-52a6-b623-e25e826386bc,2024,ARROW_MCLAREN_SPM,5,Pato O'Ward,WINDOW_MEDIAN,30,FUTURE,RETROSPECTIVE,True,False,True,False,0.601,0.0502578409256041,0.5507421590743958,,,,,,,,,,,,,,,,232.6495,2.0,2.0,6|7,411accca-4d36-5e24-a0fe-6db5a36714c5|8ec48ba2-cd65-5a70-94b7-6bd93fe67f38,4.0,4.016666666666667,4.008333333333333,50.55555555777778,27.123300119023448,True,True,False,True,False,,,,,,,,,,False,1.1111111111111145,0.50457763671875,52.0
2c6a50e6-564c-5b01-bb51-6a1d93ae56d7__TO__592e992b-5103-52a6-b623-e25e826386bc,2024,ARROW_MCLAREN_SPM,5,Pato O'Ward,WINDOW_MEDIAN,45,ANY,RETROSPECTIVE,True,False,True,False,0.601,0.0502578409256041,0.5507421590743958,,,,,,,,,,,,,,,,232.6495,2.0,2.0,6|7,411accca-4d36-5e24-a0fe-6db5a36714c5|8ec48ba2-cd65-5a70-94b7-6bd93fe67f38,4.0,4.016666666666667,4.008333333333333,50.55555555777778,27.123300119023448,True,True,False,True,False,,,,,,,,,,False,1.1111111111111145,0.50457763671875,52.0
2c6a50e6-564c-5b01-bb51-6a1d93ae56d7__TO__592e992b-5103-52a6-b623-e25e826386bc,2024,ARROW_MCLAREN_SPM,5,Pato O'Ward,WINDOW_MEDIAN,45,PRIOR,PIT_COMPATIBLE,True,False,False,False,0.601,0.0502578409256041,0.5507421590743958,,,,,,,,,,,,,,,,,,,,,,,,,,,,,,,,,,,,,,,,False,1.1111111111111145,0.50457763671875,52.0
2c6a50e6-564c-5b01-bb51-6a1d93ae56d7__TO__592e992b-5103-52a6-b623-e25e826386bc,2024,ARROW_MCLAREN_SPM,5,Pato O'Ward,WINDOW_MEDIAN,45,FUTURE,RETROSPECTIVE,True,False,True,False,0.601,0.0502578409256041,0.5507421590743958,,,,,,,,,,,,,,,,232.6495,2.0,2.0,6|7,411accca-4d36-5e24-a0fe-6db5a36714c5|8ec48ba2-cd65-5a70-94b7-6bd93fe67f38,4.0,4.016666666666667,4.008333333333333,50.55555555777778,27.123300119023448,True,True,False,True,False,,,,,,,,,,False,1.1111111111111145,0.50457763671875,52.0
2c6a50e6-564c-5b01-bb51-6a1d93ae56d7__TO__592e992b-5103-52a6-b623-e25e826386bc,2024,ARROW_MCLAREN_SPM,5,Pato O'Ward,WINDOW_MEDIAN,60,ANY,RETROSPECTIVE,True,True,True,True,0.601,0.0502578409256041,0.5507421590743958,232.6495,2.0,2.0,6|7,411accca-4d36-5e24-a0fe-6db5a36714c5|8ec48ba2-cd65-5a70-94b7-6bd93fe67f38,56.0,56.016666666666666,56.00833333333333,50.55555555777778,27.123300119023448,True,True,False,False,False,232.6495,2.0,2.0,6|7,411accca-4d36-5e24-a0fe-6db5a36714c5|8ec48ba2-cd65-5a70-94b7-6bd93fe67f38,4.0,4.016666666666667,4.008333333333333,50.55555555777778,27.123300119023448,True,True,False,True,False,0.0,0.601,,True,2.0,True,0.0,0.0,,False,1.1111111111111145,0.50457763671875,52.0
2c6a50e6-564c-5b01-bb51-6a1d93ae56d7__TO__592e992b-5103-52a6-b623-e25e826386bc,2024,ARROW_MCLAREN_SPM,5,Pato O'Ward,WINDOW_MEDIAN,60,PRIOR,PIT_COMPATIBLE,True,False,False,False,0.601,0.0502578409256041,0.5507421590743958,,,,,,,,,,,,,,,,,,,,,,,,,,,,,,,,,,,,,,,,False,1.1111111111111145,0.50457763671875,52.0
2c6a50e6-564c-5b01-bb51-6a1d93ae56d7__TO__592e992b-5103-52a6-b623-e25e826386bc,2024,ARROW_MCLAREN_SPM,5,Pato O'Ward,WINDOW_MEDIAN,60,FUTURE,RETROSPECTIVE,True,True,True,True,0.601,0.0502578409256041,0.5507421590743958,232.6495,2.0,2.0,6|7,411accca-4d36-5e24-a0fe-6db5a36714c5|8ec48ba2-cd65-5a70-94b7-6bd93fe67f38,56.0,56.016666666666666,56.00833333333333,50.55555555777778,27.123300119023448,True,True,False,False,False,232.6495,2.0,2.0,6|7,411accca-4d36-5e24-a0fe-6db5a36714c5|8ec48ba2-cd65-5a70-94b7-6bd93fe67f38,4.0,4.016666666666667,4.008333333333333,50.55555555777778,27.123300119023448,True,True,False,True,False,0.0,0.601,,True,2.0,True,0.0,0.0,,False,1.1111111111111145,0.50457763671875,52.0
