year,event,official_session_id,official_session_name,session_date,session_type_code,official_records,official_json,official_reports,normalized_category,subtype,era,state_class,lap_level_session_key,session_key,raw_laps_all,valid_laps,cars,drivers,canonical_teams,multi_car_teams,teams_3plus,valid_laps_multi_car_teams,same_car_pairs_le1,same_team_pairs_le1,diff_team_pairs_le1,same_car_pairs_le2,same_team_pairs_le2,diff_team_pairs_le2,same_car_pairs_le5,same_team_pairs_le5,diff_team_pairs_le5,same_car_pairs_le10,same_team_pairs_le10,diff_team_pairs_le10,same_car_pairs_le15,same_team_pairs_le15,diff_team_pairs_le15,same_car_pairs_le30,same_team_pairs_le30,diff_team_pairs_le30,distinct_same_team_car_pairs_le5,distinct_team_5min_cells_2plus_cars,teams_with_same_team_overlap_le5,cars_ge2,cars_ge3,cars_ge5,cars_ge10,same_car_gap_min_p10,same_car_gap_min_median,same_car_gap_min_p90,nearest_teammate_min_p010,nearest_teammate_min_p025,nearest_teammate_min_p050,nearest_teammate_min_p075,nearest_teammate_min_p090,nearest_teammate_min_p100,nearest_teammate_min_n,teammate_abs_dtrack_c_p010,teammate_abs_dtrack_c_p025,teammate_abs_dtrack_c_p050,teammate_abs_dtrack_c_p075,teammate_abs_dtrack_c_p090,teammate_abs_dtrack_c_p100,teammate_abs_dtrack_c_n,teammate_abs_dambient_c_p010,teammate_abs_dambient_c_p025,teammate_abs_dambient_c_p050,teammate_abs_dambient_c_p075,teammate_abs_dambient_c_p090,teammate_abs_dambient_c_p100,teammate_abs_dambient_c_n,ref_nearest_or_loo_mean_le1,ref_loo_median_le1,ref_nearest_or_loo_mean_le2,ref_loo_median_le2,ref_nearest_or_loo_mean_le5,ref_loo_median_le5,ref_nearest_or_loo_mean_le10,ref_loo_median_le10,ref_nearest_or_loo_mean_le15,ref_loo_median_le15,ref_nearest_or_loo_mean_le30,ref_loo_median_le30,ref_temporally_weighted_le30,valid_laps_in_multi_car_team_timed,valid_laps_per_car_median,stints_with_valid_laps,valid_laps_per_stint_median,within_stint_lag1_autocorr_median,stints_for_autocorr,hier_A_same_car,hier_B_same_team,hier_C_diff_team,hier_all_three,source_files,formats,timing_span_start_utc,timing_span_min,observed_lap_timestamp_share,derived_consistent_share,T_lap_timestamps,identity_match_share,unmatched_cars,ptsc_obs_in_span,weather_observed_in_span,P_provenance,non_at_speed_laps,technical_partnership_valid_laps,weather_ptsc_on_date,quality_tier,tier_reason,source_availability,timing_resolution,lap_data_shared_by_n_official_segments
2018,102nd Running of the Indianapolis 500,5225.0,Race,2018-05-27,R,33,r6_regime_extension/evidence/official_api_v2/2018_session_5225_raw.json,Box Score|Event Summary|Lap Chart|Leader Lap Summary|Pit Stop Summary|Results|Section Results|Top Section Times,RACE,,ERA_A_PRE_AEROSCREEN,RACE_STATE_CONFOUNDED,5225,5225,5829.0,4031.0,33.0,33.0,13.0,10.0,6.0,3656.0,3990.0,10887.0,133368.0,7788.0,21310.0,260876.0,23991.0,51813.0,636864.0,43584.0,95873.0,1182155.0,61163.0,134310.0,1660544.0,97758.0,214370.0,2649237.0,37.0,210.0,10.0,33.0,33.0,33.0,33.0,0.6845515020688375,0.6976608335971832,0.7203183341026307,0.015081663926442465,0.04707166850566864,0.1307575007279714,0.24655166467030842,0.8227591673533121,77.91076333522797,3656.0,0.0,0.0,0.0,0.0,0.0,6.666666666666664,3656.0,0.0,0.0,0.0,0.0,0.0,2.777777777777775,3656.0,3321.0,1911.0,3426.0,1984.0,3526.0,2067.0,3565.0,2095.0,3576.0,2110.0,3583.0,2133.0,3583.0,3890.0,131.0,177.0,27.0,0.5219601787634789,169.0,True,True,True,True,1.0,LEGACY,2018-05-27 16:13:35.850399971+00:00,187.53582666714985,0.0,0.02852890101711734,False,1.0,,16.0,True,True,1748.0,141.0,True,D,not T / not I / <2 multi-car teams / aggregate,OFFICIAL_SESSION_JSON+TIMING71_LAP_JSON,STINT_TIMESTAMP_ONLY (lap times derived),1
2018,102nd Running of the Indianapolis 500,5325.0,Final Practice,2018-05-25,P,33,r6_regime_extension/evidence/official_api_v2/2018_session_5325_raw.json,Combined Results|Results|Section Results|Top Section Times,CARB_DAY,,ERA_A_PRE_AEROSCREEN,OPEN_TRACK_UNOBSERVED_RUN_PLAN,5325,5325,1171.0,812.0,33.0,33.0,13.0,10.0,6.0,739.0,659.0,1055.0,12538.0,1195.0,1972.0,24365.0,2826.0,4475.0,56283.0,4073.0,7627.0,100602.0,5329.0,10448.0,139345.0,8462.0,17226.0,231349.0,37.0,71.0,10.0,33.0,33.0,33.0,31.0,0.6781463336944581,0.6872133334477742,6.178789666493737,0.01897700150807698,0.06924916704495748,0.2448183337847392,1.4181516687075297,3.351636667251587,19.193928333123527,739.0,0.0,0.0,0.0,0.0,0.0,2.7777777777777786,739.0,0.0,0.0,0.0,0.0,0.0,1.1111111111111107,739.0,518.0,280.0,597.0,362.0,697.0,470.0,720.0,511.0,727.0,525.0,739.0,532.0,739.0,786.0,25.0,149.0,3.0,0.10082022196766412,63.0,True,True,True,True,1.0,LEGACY,2018-05-25 15:00:23.664700031+00:00,61.23892166614532,0.0,0.3879310344827586,False,1.0,,5.0,True,True,343.0,26.0,True,D,not T / not I / <2 multi-car teams / aggregate,OFFICIAL_SESSION_JSON+TIMING71_LAP_JSON,STINT_TIMESTAMP_ONLY (lap times derived),1
2018,102nd Running of the Indianapolis 500,5326.0,Practice 8,2018-05-21,P,33,r6_regime_extension/evidence/official_api_v2/2018_session_5326_raw.json,Combined Results|Results|Section Results|Top Section Times,POST_QUALIFYING_PRACTICE,Practice 8,ERA_A_PRE_AEROSCREEN,OPEN_TRACK_UNOBSERVED_RUN_PLAN,5326,5326,2416.0,1876.0,32.0,32.0,13.0,9.0,6.0,1642.0,1636.0,2556.0,26132.0,3062.0,4819.0,51474.0,7756.0,11253.0,116976.0,11258.0,18695.0,198630.0,14051.0,24034.0,263679.0,22581.0,41063.0,491847.0,36.0,125.0,9.0,32.0,32.0,32.0,32.0,0.6781610000133514,0.6907841662565867,6.924522999127706,0.0220283309618632,0.05601291557153066,0.1910199999809265,1.7141045838594438,4.122721664905548,64.75,1642.0,0.0,0.0,0.0,0.0,0.0,3.8888888888888857,1642.0,0.0,0.0,0.0,0.0,0.0,2.7777777777777786,1642.0,1124.0,544.0,1269.0,655.0,1521.0,985.0,1607.0,1133.0,1614.0,1164.0,1623.0,1220.0,1623.0,1810.0,56.0,246.0,6.0,0.1796542677836231,146.0,True,True,True,True,1.0,LEGACY,2018-05-21 17:00:57.475699902+00:00,181.342071668307,0.0,0.35927505330490406,False,1.0,,13.0,True,True,527.0,66.0,True,D,not T / not I / <2 multi-car teams / aggregate,OFFICIAL_SESSION_JSON+TIMING71_LAP_JSON,STINT_TIMESTAMP_ONLY (lap times derived),1
2018,102nd Running of the Indianapolis 500,5323.0,Qualifications - Fast 9,2018-05-20,Q,9,r6_regime_extension/evidence/official_api_v2/2018_session_5323_raw.json,Overall Results|Results|Section Results|Top Section Times,QUALIFYING_OTHER,Qualifications - Fast 9,ERA_A_PRE_AEROSCREEN,SOLO_RUN_FORMAT,5323,5323,45.0,36.0,9.0,9.0,4.0,2.0,2.0,28.0,27.0,0.0,0.0,54.0,0.0,0.0,54.0,6.0,62.0,54.0,26.0,171.0,54.0,61.0,233.0,54.0,122.0,394.0,1.0,0.0,1.0,9.0,9.0,0.0,0.0,0.6549963339169821,0.6573633352915446,0.6601743316650391,4.021645665963491,5.334134583671887,12.403140000502269,13.988027501106263,17.734708834091823,19.5,28.0,0.0,0.5555555555555571,0.5555555555555571,1.1111111111111072,1.1111111111111072,1.1111111111111072,28.0,0.0,0.0,0.0,0.0,0.0,0.0,28.0,0.0,0.0,0.0,0.0,6.0,0.0,12.0,4.0,24.0,11.0,28.0,20.0,28.0,36.0,4.0,9.0,4.0,,0.0,True,True,True,True,1.0,LEGACY,2018-05-20 21:02:20.167399883+00:00,41.713876668612166,0.0,0.0,False,1.0,,4.0,True,True,0.0,0.0,True,D,not T / not I / <2 multi-car teams / aggregate,OFFICIAL_SESSION_JSON+TIMING71_LAP_JSON,STINT_TIMESTAMP_ONLY (lap times derived),1
2018,102nd Running of the Indianapolis 500,5322.0,Qualifications - Positions 10-33,2018-05-20,Q,24,r6_regime_extension/evidence/official_api_v2/2018_session_5322_raw.json,Overall Results|Section Results|Top Section Times,QUALIFYING_OTHER,Qualifications - Positions 10-33,ERA_A_PRE_AEROSCREEN,SOLO_RUN_FORMAT,2018|2018-05-20|QUALIFYING_OTHER|5322+5323,2018|2018-05-20|QUALIFYING_OTHER|5322+5323,47.0,36.0,9.0,9.0,5.0,2.0,1.0,24.0,27.0,0.0,0.0,52.0,0.0,0.0,54.0,20.0,59.0,54.0,45.0,171.0,54.0,63.0,261.0,54.0,97.0,432.0,2.0,2.0,2.0,9.0,9.0,0.0,0.0,0.6595620012283325,0.663183331489563,0.667423001130422,2.521371666590373,3.1591583331425985,4.128699167569478,7.583467084169388,16.78872450153033,18.333333333333332,24.0,0.0,0.0,0.0,0.6944444444444464,1.6666666666666714,1.6666666666666714,24.0,0.0,0.0,0.0,0.0,0.0,0.5555555555555571,24.0,0.0,0.0,0.0,0.0,16.0,0.0,20.0,4.0,20.0,12.0,24.0,16.0,24.0,36.0,4.0,9.0,4.0,,0.0,True,True,True,True,1.0,LEGACY,2018-05-20 19:55:43.275500059+00:00,39.5787416656812,0.0,0.2222222222222222,False,1.0,,5.0,True,True,0.0,0.0,True,D,not T / not I / <2 multi-car teams / aggregate,OFFICIAL_SESSION_JSON+TIMING71_LAP_JSON,STINT_TIMESTAMP_ONLY (lap times derived),1
2018,102nd Running of the Indianapolis 500,5324.0,Practice 7,2018-05-20,P,24,r6_regime_extension/evidence/official_api_v2/2018_session_5324_raw.json,Combined Results|Results|Section Results|Top Section Times,QUALIFYING_WEEKEND_PRACTICE,Practice 7,ERA_A_PRE_AEROSCREEN,OPEN_TRACK_UNOBSERVED_RUN_PLAN,5324,5324,356.0,205.0,24.0,24.0,10.0,7.0,3.0,188.0,139.0,78.0,519.0,273.0,177.0,1068.0,328.0,525.0,2682.0,401.0,1131.0,5111.0,583.0,1545.0,6958.0,847.0,2445.0,10968.0,25.0,18.0,6.0,24.0,23.0,21.0,10.0,0.6561066667238872,0.6611066659291586,11.000054999192555,0.10683000087738037,0.3026883323987325,1.7138833324114482,4.33627333343029,7.39276183525722,26.083333333333332,188.0,0.0,0.0,0.0,1.1111111111111072,1.6666666666666714,2.7777777777777786,188.0,0.0,0.0,0.0,0.5555555555555536,0.5555555555555536,1.6666666666666643,188.0,78.0,11.0,99.0,43.0,152.0,99.0,177.0,123.0,182.0,129.0,188.0,133.0,188.0,203.0,8.5,62.0,3.0,-0.5265344944060103,18.0,True,True,True,True,1.0,LEGACY,2018-05-20 16:01:15.249000072+00:00,119.96251666545868,0.0,0.5024390243902439,False,1.0,,9.0,True,True,139.0,2.0,True,D,not T / not I / <2 multi-car teams / aggregate,OFFICIAL_SESSION_JSON+TIMING71_LAP_JSON,STINT_TIMESTAMP_ONLY (lap times derived),1
2018,102nd Running of the Indianapolis 500,5320.0,Qualifications - Day 1,2018-05-19,Q,48,r6_regime_extension/evidence/official_api_v2/2018_session_5320_raw.json,Overall Results|Results|Section Results|Top Section Times,QUALIFYING_DAY1,Qualifications - Day 1,ERA_A_PRE_AEROSCREEN,SOLO_RUN_FORMAT,5320,5320,101.0,73.0,24.0,24.0,12.0,7.0,3.0,57.0,49.0,0.0,7.0,88.0,0.0,15.0,91.0,20.0,148.0,91.0,38.0,386.0,91.0,73.0,581.0,91.0,143.0,1017.0,2.0,1.0,2.0,23.0,12.0,2.0,0.0,0.6588590010007223,0.6634233315785726,0.6682123351097107,3.277810666561127,7.425635000069936,26.270489998658498,33.33161166508992,188.8475959976514,213.67186833222706,57.0,0.0,0.0,2.7777777777777786,4.444444444444443,7.777777777777779,11.111111111111114,57.0,0.0,0.0,1.1111111111111107,1.6666666666666643,2.222222222222225,2.7777777777777786,57.0,0.0,0.0,0.0,0.0,14.0,0.0,22.0,4.0,27.0,12.0,37.0,21.0,37.0,71.0,3.0,24.0,3.0,0.8651533496155208,2.0,True,True,True,True,1.0,LEGACY,2018-05-19 15:08:14.677999973+00:00,247.0720333337784,0.0,0.0547945205479452,False,1.0,,19.0,True,True,2.0,2.0,True,D,not T / not I / <2 multi-car teams / aggregate,OFFICIAL_SESSION_JSON+TIMING71_LAP_JSON,STINT_TIMESTAMP_ONLY (lap times derived),1
2018,102nd Running of the Indianapolis 500,5321.0,Practice 6,2018-05-19,P,11,r6_regime_extension/evidence/official_api_v2/2018_session_5321_raw.json,Combined Results|Results|Section Results|Top Section Times,QUALIFYING_WEEKEND_PRACTICE,Practice 6,ERA_A_PRE_AEROSCREEN,OPEN_TRACK_UNOBSERVED_RUN_PLAN,5321,5321,92.0,51.0,10.0,10.0,5.0,3.0,2.0,36.0,35.0,0.0,17.0,70.0,0.0,42.0,87.0,13.0,173.0,122.0,22.0,378.0,141.0,48.0,551.0,145.0,132.0,879.0,3.0,0.0,2.0,10.0,8.0,5.0,1.0,0.6583933353424072,0.6634900013605753,5.875844999154409,2.5378583331902824,3.264465414484342,5.986436665058136,13.329835001627604,17.225576665004095,19.558739999930065,36.0,0.0,0.0,0.0,0.5555555555555536,0.5555555555555536,0.5555555555555536,36.0,0.0,0.0,0.0,0.0,0.0,0.0,36.0,0.0,0.0,0.0,0.0,14.0,0.0,24.0,0.0,29.0,9.0,36.0,25.0,36.0,51.0,4.5,12.0,4.5,-0.19920223991705394,6.0,True,True,True,True,1.0,LEGACY,2018-05-19 12:36:53.161700010+00:00,48.49730499982834,0.0,0.1568627450980392,False,1.0,,5.0,True,True,39.0,0.0,True,D,not T / not I / <2 multi-car teams / aggregate,OFFICIAL_SESSION_JSON+TIMING71_LAP_JSON,STINT_TIMESTAMP_ONLY (lap times derived),1
2018,102nd Running of the Indianapolis 500,5319.0,Practice 5,2018-05-18,P,35,r6_regime_extension/evidence/official_api_v2/2018_session_5319_raw.json,Combined Results|Results|Section Results|Top Section Times,FAST_FRIDAY,Practice 5,ERA_A_PRE_AEROSCREEN,OPEN_TRACK_UNOBSERVED_RUN_PLAN,5319,5319,1281.0,845.0,35.0,35.0,13.0,10.0,7.0,756.0,612.0,101.0,1615.0,1238.0,211.0,3290.0,1415.0,637.0,8747.0,1553.0,1571.0,17249.0,1848.0,2402.0,24719.0,2914.0,4328.0,46679.0,35.0,40.0,10.0,35.0,35.0,35.0,34.0,0.6573860001564026,0.6642291645208995,29.85249866962436,0.44191833337148034,2.3822491655747093,5.746133333444595,18.142910835146907,45.48258666793505,191.4649100025495,756.0,0.0,0.0,0.0,0.0,0.5555555555555571,2.2222222222222214,726.0,0.0,0.0,0.0,0.5555555555555536,0.5555555555555571,2.222222222222225,726.0,108.0,3.0,167.0,12.0,340.0,69.0,516.0,238.0,550.0,316.0,636.0,424.0,636.0,833.0,24.0,201.0,5.0,-0.11802305762166448,106.0,True,True,True,True,1.0,LEGACY,2018-05-18 13:22:15.579799891+00:00,502.20700333515805,0.0,0.2556213017751479,False,1.0,,30.0,True,True,413.0,12.0,True,D,not T / not I / <2 multi-car teams / aggregate,OFFICIAL_SESSION_JSON+TIMING71_LAP_JSON,STINT_TIMESTAMP_ONLY (lap times derived),1
2018,102nd Running of the Indianapolis 500,5318.0,Practice 4,2018-05-17,P,35,r6_regime_extension/evidence/official_api_v2/2018_session_5318_raw.json,Combined Results|Results|Section Results|Top Section Times,PRACTICE,Practice 4,ERA_A_PRE_AEROSCREEN,OPEN_TRACK_UNOBSERVED_RUN_PLAN,5318,5318,2696.0,1854.0,35.0,35.0,13.0,10.0,7.0,1680.0,1401.0,1758.0,13710.0,2431.0,3346.0,27096.0,4754.0,7569.0,62948.0,6082.0,11654.0,104993.0,7563.0,14346.0,136689.0,12083.0,23346.0,239476.0,42.0,134.0,10.0,35.0,35.0,35.0,35.0,0.6766920018196106,0.6898949980735779,15.9033043328921,0.0187416672706604,0.08281499942143758,0.8586683332920075,4.40355083545049,23.510063000917434,125.40705833435058,1680.0,0.0,0.0,0.0,0.0,1.1111111111111143,6.111111111111114,1624.0,0.0,0.0,0.0,0.0,0.5555555555555536,5.555555555555557,1624.0,862.0,373.0,1004.0,492.0,1284.0,766.0,1397.0,970.0,1448.0,1048.0,1545.0,1258.0,1545.0,1789.0,52.0,416.0,3.0,-0.046992141457470646,143.0,True,True,True,True,1.0,LEGACY,2018-05-17 11:20:12.559900045+00:00,641.0906683325768,0.0,0.319848975188781,False,1.0,,30.0,True,True,782.0,65.0,True,D,not T / not I / <2 multi-car teams / aggregate,OFFICIAL_SESSION_JSON+TIMING71_LAP_JSON,STINT_TIMESTAMP_ONLY (lap times derived),1
2018,102nd Running of the Indianapolis 500,5317.0,Practice 3,2018-05-16,P,35,r6_regime_extension/evidence/official_api_v2/2018_session_5317_raw.json,Combined Results|Results|Section Results|Top Section Times,PRACTICE,Practice 3,ERA_A_PRE_AEROSCREEN,OPEN_TRACK_UNOBSERVED_RUN_PLAN,5317,5317,3240.0,2403.0,35.0,35.0,13.0,10.0,7.0,2192.0,1973.0,3222.0,17801.0,3565.0,5910.0,35063.0,8160.0,13806.0,84217.0,11657.0,22511.0,152764.0,14522.0,29197.0,215939.0,20108.0,43309.0,375878.0,42.0,173.0,10.0,35.0,35.0,35.0,35.0,0.6766795015335083,0.6893716673056285,12.555917164882059,0.008868332703908284,0.042397916316986084,0.2916641672452291,3.419461667537689,13.200809666315735,347.2009400010109,2192.0,0.0,0.0,0.0,0.0,0.5555555555555571,3.3333333333333357,2064.0,0.0,0.0,0.0,0.0,0.5555555555555536,1.6666666666666679,2064.0,1339.0,719.0,1485.0,852.0,1761.0,1148.0,1908.0,1397.0,1992.0,1508.0,2122.0,1743.0,2122.0,2322.0,66.0,435.0,4.0,0.030097673127532594,176.0,True,True,True,True,1.0,LEGACY,2018-05-16 07:41:29.943300009+00:00,859.3009449998538,0.0,0.27798585101955886,False,1.0,,30.0,True,True,802.0,81.0,True,D,not T / not I / <2 multi-car teams / aggregate,OFFICIAL_SESSION_JSON+TIMING71_LAP_JSON,STINT_TIMESTAMP_ONLY (lap times derived),1
2018,102nd Running of the Indianapolis 500,5316.0,Practice 2,2018-05-15,P,34,r6_regime_extension/evidence/official_api_v2/2018_session_5316_raw.json,Combined Results|Results|Section Results|Top Section Times,PRACTICE,Practice 2,ERA_A_PRE_AEROSCREEN,OPEN_TRACK_UNOBSERVED_RUN_PLAN,5316,5316,1370.0,970.0,34.0,34.0,13.0,10.0,6.0,871.0,762.0,1332.0,8742.0,1356.0,2305.0,17139.0,2831.0,5323.0,41591.0,3807.0,7815.0,77445.0,5210.0,10423.0,111870.0,8359.0,18684.0,191019.0,36.0,70.0,9.0,34.0,34.0,33.0,32.0,0.6781741678714752,0.689706665277481,9.975046666463216,0.006633333365122477,0.049020834763844806,0.39704166650772094,3.6644749999046327,13.416666666666666,126.5,871.0,0.0,0.0,0.0,0.0,1.6666666666666643,6.111111111111114,871.0,0.0,0.0,0.0,0.0,0.5555555555555536,2.777777777777775,871.0,499.0,249.0,566.0,316.0,711.0,441.0,761.0,503.0,790.0,541.0,839.0,593.0,839.0,920.0,26.0,197.0,4.0,0.09687403948834492,78.0,True,True,True,True,1.0,LEGACY,2018-05-15 17:42:07.687500+00:00,259.171875,0.0,0.2907216494845361,False,1.0,,19.0,True,True,370.0,50.0,True,D,not T / not I / <2 multi-car teams / aggregate,OFFICIAL_SESSION_JSON+TIMING71_LAP_JSON,STINT_TIMESTAMP_ONLY (lap times derived),1
2018,102nd Running of the Indianapolis 500,5315.0,Practice 1,2018-05-15,P,23,r6_regime_extension/evidence/official_api_v2/2018_session_5315_raw.json,Results|Section Results|Top Section Times,PRACTICE,Practice 1,ERA_A_PRE_AEROSCREEN,OPEN_TRACK_UNOBSERVED_RUN_PLAN,5315,5315,502.0,295.0,22.0,22.0,11.0,6.0,2.0,235.0,196.0,239.0,1408.0,311.0,422.0,2601.0,407.0,729.0,4893.0,473.0,1002.0,7098.0,692.0,1543.0,10407.0,1105.0,2350.0,16964.0,20.0,20.0,6.0,21.0,21.0,20.0,15.0,0.6790036638577779,0.6860116680463155,16.577138666311907,0.012009333769480402,0.0685449997584025,0.3745449980099996,2.696416666110357,11.048627998828888,80.68454333146413,235.0,0.0,0.0,0.0,0.0,0.888888888888884,2.7777777777777786,235.0,0.0,0.0,0.0,0.0,0.0,1.1111111111111107,235.0,141.0,78.0,163.0,96.0,196.0,125.0,207.0,133.0,219.0,140.0,227.0,147.0,227.0,271.0,15.0,98.0,3.0,-0.24715281593556232,15.0,True,True,True,True,1.0,LEGACY,2018-05-15 14:09:39.713299990+00:00,171.904778333505,0.0,0.17288135593220338,False,1.0,,11.0,True,True,194.0,24.0,True,D,not T / not I / <2 multi-car teams / aggregate,OFFICIAL_SESSION_JSON+TIMING71_LAP_JSON,STINT_TIMESTAMP_ONLY (lap times derived),1
2019,103rd Running of the Indianapolis 500,5473.0,Race,2019-05-26,R,33,r6_regime_extension/evidence/official_api_v2/2019_session_5473_raw.json,Box Score|Event Summary|Lap Chart|Leader Lap Summary|Pit Stop Summary|Results|Section Results|Top Section Times,RACE,,ERA_A_PRE_AEROSCREEN,RACE_STATE_CONFOUNDED,5473,5473,6071.0,4786.0,33.0,33.0,15.0,9.0,6.0,4204.0,4785.0,13136.0,180088.0,9433.0,25721.0,350224.0,29723.0,62086.0,856870.0,54905.0,114256.0,1582487.0,77691.0,160284.0,2222603.0,138533.0,283033.0,3920088.0,31.0,228.0,9.0,33.0,32.0,32.0,32.0,0.6768620006243388,0.686698333422343,0.70130100329717,0.016633083820343016,0.04566382666428884,0.0933729867140452,0.1701945036649704,0.27180606683095315,7.805582582950592,4204.0,0.0,0.0,0.0,0.0,0.0,3.8888888888888857,4204.0,0.0,0.0,0.0,0.0,0.0,1.1111111111111107,4204.0,4107.0,3083.0,4164.0,3188.0,4197.0,3244.0,4204.0,3257.0,4204.0,3257.0,4204.0,3257.0,4204.0,4784.0,155.0,177.0,30.0,0.49030601354679015,164.0,True,True,True,True,1.0,LEGACY,2019-05-26 16:41:11.308820009+00:00,186.37250136534374,0.0,0.04847471792728792,False,1.0,,15.0,True,True,1241.0,2.0,True,D,not T / not I / <2 multi-car teams / aggregate,OFFICIAL_SESSION_JSON+TIMING71_LAP_JSON,STINT_TIMESTAMP_ONLY (lap times derived),1
2019,103rd Running of the Indianapolis 500,5558.0,Practice Final,2019-05-24,P,33,r6_regime_extension/evidence/official_api_v2/2019_session_5558_raw.json,Combined Results|Results|Section Results|Top Section Times,CARB_DAY,,ERA_A_PRE_AEROSCREEN,OPEN_TRACK_UNOBSERVED_RUN_PLAN,,,,,,,,,,,,,,,,,,,,,,,,,,,,,,,,,,,,,,,,,,,,,,,,,,,,,,,,,,,,,,,,,,,,,,,,,,,,,,,,,,,,,,,,,False,,,,True,,,,True,D,not T / not I / <2 multi-car teams / aggregate,OFFICIAL_SESSION_JSON_ONLY(+official PDFs not ingested),SESSION_LEVEL_ONLY,0
2019,103rd Running of the Indianapolis 500,5557.0,Practice 8,2019-05-20,P,34,r6_regime_extension/evidence/official_api_v2/2019_session_5557_raw.json,Combined Results|Results|Section Results|Top Section Times,POST_QUALIFYING_PRACTICE,Practice 8,ERA_A_PRE_AEROSCREEN,OPEN_TRACK_UNOBSERVED_RUN_PLAN,,,,,,,,,,,,,,,,,,,,,,,,,,,,,,,,,,,,,,,,,,,,,,,,,,,,,,,,,,,,,,,,,,,,,,,,,,,,,,,,,,,,,,,,,False,,,,True,,,,True,D,not T / not I / <2 multi-car teams / aggregate,OFFICIAL_SESSION_JSON_ONLY(+official PDFs not ingested),SESSION_LEVEL_ONLY,0
2019,103rd Running of the Indianapolis 500,5556.0,Qualifications - Fast 9,2019-05-19,Q,9,r6_regime_extension/evidence/official_api_v2/2019_session_5556_raw.json,Overall Results|Results|Section Results|Top Section Times,QUALIFYING_OTHER,Qualifications - Fast 9,ERA_A_PRE_AEROSCREEN,SOLO_RUN_FORMAT,2019|2019-05-19|QUALIFYING_OTHER|5555+5556,2019|2019-05-19|QUALIFYING_OTHER|5555+5556,75.0,57.0,15.0,15.0,10.0,3.0,2.0,30.0,42.0,0.0,76.0,82.0,0.0,122.0,82.0,33.0,216.0,82.0,62.0,412.0,82.0,72.0,581.0,82.0,101.0,1049.0,4.0,1.0,3.0,15.0,14.0,0.0,0.0,0.6527828331788381,0.6567483345667522,0.6606191651026407,2.53888551791509,3.071474995215734,3.766396560271581,4.499414267142614,22.858497933149337,24.7518954316775,30.0,0.0,0.0,0.0,0.5555555555555571,0.6111111111111133,1.1111111111111107,30.0,0.0,0.0,0.0,0.0,0.0,0.0,30.0,0.0,0.0,0.0,0.0,24.0,3.0,26.0,10.0,26.0,12.0,30.0,24.0,30.0,49.0,4.0,15.0,4.0,,0.0,True,True,True,True,1.0,LEGACY,2019-05-19 20:52:39.590285063+00:00,51.739824330806734,0.0,0.07017543859649122,False,1.0,,5.0,True,True,0.0,8.0,True,D,not T / not I / <2 multi-car teams / aggregate,OFFICIAL_SESSION_JSON+TIMING71_LAP_JSON,STINT_TIMESTAMP_ONLY (lap times derived),2
2019,103rd Running of the Indianapolis 500,5555.0,Qualifications - Positions 31-33,2019-05-19,Q,6,r6_regime_extension/evidence/official_api_v2/2019_session_5555_raw.json,Overall Results|Section Results|Top Section Times,QUALIFYING_OTHER,Qualifications - Positions 31-33,ERA_A_PRE_AEROSCREEN,SOLO_RUN_FORMAT,2019|2019-05-19|QUALIFYING_OTHER|5555+5556,2019|2019-05-19|QUALIFYING_OTHER|5555+5556,75.0,57.0,15.0,15.0,10.0,3.0,2.0,30.0,42.0,0.0,76.0,82.0,0.0,122.0,82.0,33.0,216.0,82.0,62.0,412.0,82.0,72.0,581.0,82.0,101.0,1049.0,4.0,1.0,3.0,15.0,14.0,0.0,0.0,0.6527828331788381,0.6567483345667522,0.6606191651026407,2.53888551791509,3.071474995215734,3.766396560271581,4.499414267142614,22.858497933149337,24.7518954316775,30.0,0.0,0.0,0.0,0.5555555555555571,0.6111111111111133,1.1111111111111107,30.0,0.0,0.0,0.0,0.0,0.0,0.0,30.0,0.0,0.0,0.0,0.0,24.0,3.0,26.0,10.0,26.0,12.0,30.0,24.0,30.0,49.0,4.0,15.0,4.0,,0.0,True,True,True,True,1.0,LEGACY,2019-05-19 20:52:39.590285063+00:00,51.739824330806734,0.0,0.07017543859649122,False,1.0,,5.0,True,True,0.0,8.0,True,D,not T / not I / <2 multi-car teams / aggregate,OFFICIAL_SESSION_JSON+TIMING71_LAP_JSON,STINT_TIMESTAMP_ONLY (lap times derived),2
2019,103rd Running of the Indianapolis 500,5564.0,Practice 6,2019-05-19,P,5,r6_regime_extension/evidence/official_api_v2/2019_session_5564_raw.json,Combined Results|Results|Section Results|Top Section Times,QUALIFYING_WEEKEND_PRACTICE,Practice 6,ERA_A_PRE_AEROSCREEN,OPEN_TRACK_UNOBSERVED_RUN_PLAN,5564,5564,46.0,28.0,5.0,5.0,4.0,1.0,0.0,13.0,21.0,3.0,49.0,42.0,5.0,92.0,56.0,28.0,139.0,64.0,42.0,213.0,78.0,42.0,247.0,79.0,42.0,257.0,1.0,2.0,1.0,4.0,4.0,4.0,0.0,0.6581160004933676,0.6617300033569335,0.6967213352521261,0.1918944994608562,0.731533165772756,2.2889208674430845,2.9485408663749695,3.4794515355428066,4.273530868689219,13.0,0.0,0.0,0.0,0.0,0.0,0.0,13.0,0.0,0.0,0.0,0.0,0.0,0.0,13.0,4.0,0.0,5.0,0.0,13.0,0.0,13.0,0.0,13.0,0.0,13.0,0.0,13.0,27.0,6.0,7.0,4.0,0.5985503103794539,3.0,True,True,True,True,1.0,LEGACY,2019-05-19 14:16:26.929103136+00:00,19.4589804649353,0.0,0.5,False,1.0,,2.0,True,True,17.0,1.0,True,D,not T / not I / <2 multi-car teams / aggregate,OFFICIAL_SESSION_JSON+TIMING71_LAP_JSON,STINT_TIMESTAMP_ONLY (lap times derived),1
2019,103rd Running of the Indianapolis 500,5565.0,Qualifications - Day 1,2019-05-18,Q,30,r6_regime_extension/evidence/official_api_v2/2019_session_5565_raw.json,Overall Results|Results|Section Results|Top Section Times,QUALIFYING_DAY1,Qualifications - Day 1,ERA_A_PRE_AEROSCREEN,SOLO_RUN_FORMAT,5565,5565,787.0,405.0,34.0,34.0,16.0,10.0,5.0,291.0,279.0,44.0,1013.0,601.0,81.0,1838.0,916.0,164.0,3236.0,1535.0,305.0,5929.0,1944.0,405.0,8308.0,2930.0,617.0,15513.0,6.0,7.0,4.0,34.0,34.0,16.0,12.0,0.6569366693496704,0.6624266664187114,4.296530000368754,0.1986229658126831,8.101631397008896,29.489990365505218,62.149911266565326,133.85158341725668,319.0868157466253,291.0,0.0,0.0,1.1111111111111143,2.2222222222222214,3.888888888888893,16.111111111111114,291.0,0.0,0.0,0.0,0.5555555555555571,0.5555555555555571,4.444444444444443,291.0,39.0,0.0,44.0,4.0,58.0,12.0,94.0,22.0,119.0,26.0,147.0,38.0,147.0,355.0,4.0,48.0,4.0,0.0225873587673945,20.0,True,True,True,True,3.0,LEGACY,2019-05-18 15:07:42.269666910+00:00,403.3194940686226,0.0,0.022222222222222223,False,1.0,,29.0,True,True,103.0,50.0,True,D,not T / not I / <2 multi-car teams / aggregate,OFFICIAL_SESSION_JSON+TIMING71_LAP_JSON,STINT_TIMESTAMP_ONLY (lap times derived),1
2019,103rd Running of the Indianapolis 500,5563.0,Practice 5,2019-05-18,P,6,r6_regime_extension/evidence/official_api_v2/2019_session_5563_raw.json,Combined Results|Results|Section Results|Top Section Times,QUALIFYING_WEEKEND_PRACTICE,Practice 5,ERA_A_PRE_AEROSCREEN,OPEN_TRACK_UNOBSERVED_RUN_PLAN,5563,5563,65.0,46.0,6.0,6.0,5.0,1.0,0.0,9.0,34.0,0.0,22.0,69.0,0.0,38.0,77.0,0.0,80.0,83.0,0.0,122.0,129.0,0.0,237.0,215.0,0.0,422.0,0.0,0.0,0.0,6.0,5.0,4.0,1.0,0.6601408342520396,0.6652258336544037,7.451900955835982,58.25931514898936,58.927431813875835,59.66689348220825,74.83589380184809,75.63422113498052,76.16685713529587,9.0,4.444444444444446,4.444444444444446,4.444444444444446,5.555555555555557,6.666666666666668,6.666666666666668,9.0,3.3333333333333357,3.3333333333333357,3.3333333333333357,3.8888888888888893,4.444444444444446,4.444444444444446,9.0,0.0,0.0,0.0,0.0,0.0,0.0,0.0,0.0,0.0,0.0,0.0,0.0,0.0,37.0,6.0,12.0,4.0,-0.10853973097347885,4.0,True,False,True,False,1.0,LEGACY,2019-05-18 12:12:54.216663837+00:00,77.82538418769836,0.0,0.30434782608695654,False,1.0,,7.0,True,True,19.0,9.0,True,D,not T / not I / <2 multi-car teams / aggregate,OFFICIAL_SESSION_JSON+TIMING71_LAP_JSON,STINT_TIMESTAMP_ONLY (lap times derived),1
2019,103rd Running of the Indianapolis 500,5562.0,Practice 4,2019-05-17,P,37,r6_regime_extension/evidence/official_api_v2/2019_session_5562_raw.json,Combined Results|Results|Section Results|Top Section Times,FAST_FRIDAY,Practice 4,ERA_A_PRE_AEROSCREEN,OPEN_TRACK_UNOBSERVED_RUN_PLAN,5562,5562,1435.0,840.0,35.0,35.0,15.0,10.0,7.0,671.0,592.0,84.0,2050.0,1156.0,181.0,4021.0,1343.0,554.0,10090.0,1401.0,1167.0,19238.0,1604.0,1646.0,27623.0,2409.0,2985.0,48754.0,27.0,31.0,9.0,35.0,35.0,34.0,33.0,0.6545416665077209,0.6627150019009908,47.95006330728532,0.8757534662882487,2.6216570854187013,5.654687102635702,12.918337724606197,33.08630536794662,127.64586138327917,671.0,0.0,0.0,0.0,0.55555555555555,2.7777777777777715,11.111111111111114,658.0,0.0,0.0,0.0,0.5555555555555536,0.7222222222222611,2.777777777777775,658.0,82.0,11.0,137.0,22.0,309.0,64.0,457.0,140.0,520.0,206.0,589.0,354.0,589.0,776.0,23.0,226.0,4.0,-0.5860170562150935,83.0,True,True,True,True,1.0,LEGACY,2019-05-17 09:02:19.661152124+00:00,778.9043191313743,0.0,0.1523809523809524,False,1.0,,33.0,True,True,561.0,64.0,True,D,not T / not I / <2 multi-car teams / aggregate,OFFICIAL_SESSION_JSON+TIMING71_LAP_JSON,STINT_TIMESTAMP_ONLY (lap times derived),1
2019,103rd Running of the Indianapolis 500,5561.0,Practice 3,2019-05-16,P,35,r6_regime_extension/evidence/official_api_v2/2019_session_5561_raw.json,Combined Results|Results|Section Results|Top Section Times,PRACTICE,Practice 3,ERA_A_PRE_AEROSCREEN,OPEN_TRACK_UNOBSERVED_RUN_PLAN,5561,5561,1712.0,1172.0,35.0,35.0,15.0,10.0,7.0,1006.0,907.0,591.0,5073.0,1613.0,1083.0,9815.0,3251.0,2530.0,23837.0,3985.0,3937.0,42645.0,4674.0,4954.0,58946.0,7471.0,8532.0,106491.0,32.0,64.0,10.0,35.0,35.0,34.0,34.0,0.6710253334045411,0.683068331082662,15.445882666905721,0.025712500015894573,0.18194583257039387,2.679940833648046,9.359718749920527,26.194594166676204,174.36508166392645,1006.0,0.0,0.0,0.0,1.1111111111111143,2.2222222222222214,9.444444444444443,986.0,0.0,0.0,0.0,0.5555555555555536,0.5555555555555571,2.7777777777777786,986.0,382.0,107.0,454.0,150.0,631.0,242.0,767.0,342.0,813.0,438.0,927.0,576.0,927.0,1124.0,31.0,227.0,5.0,0.16709523128444298,114.0,True,True,True,True,1.0,LEGACY,2019-05-16 12:22:35.240799904+00:00,486.8293200016022,0.0,0.2696245733788396,False,1.0,,26.0,True,True,506.0,48.0,True,D,not T / not I / <2 multi-car teams / aggregate,OFFICIAL_SESSION_JSON+TIMING71_LAP_JSON,STINT_TIMESTAMP_ONLY (lap times derived),1
2019,103rd Running of the Indianapolis 500,5560.0,Practice 2,2019-05-15,P,36,r6_regime_extension/evidence/official_api_v2/2019_session_5560_raw.json,Combined Results|Results|Section Results|Top Section Times,PRACTICE,Practice 2,ERA_A_PRE_AEROSCREEN,OPEN_TRACK_UNOBSERVED_RUN_PLAN,5560,5560,3117.0,2344.0,36.0,36.0,16.0,10.0,7.0,2015.0,1925.0,1704.0,17721.0,3486.0,3252.0,35339.0,7421.0,7468.0,82272.0,9565.0,11976.0,142554.0,11983.0,15558.0,198179.0,19695.0,28579.0,385170.0,34.0,143.0,10.0,36.0,36.0,36.0,36.0,0.6698048321406047,0.6812699993451437,12.628334923585268,0.029674033323923748,0.13775541186332702,0.9382521192232768,4.79320326646169,22.204666684468595,197.16906611522037,2015.0,0.0,0.0,0.0,0.0,1.6666666666666643,9.444444444444443,1945.0,0.0,0.0,0.0,0.0,0.5555555555555536,1.6666666666666643,1945.0,1016.0,359.0,1187.0,495.0,1525.0,809.0,1668.0,1062.0,1745.0,1198.0,1865.0,1446.0,1865.0,2241.0,69.0,411.0,5.0,0.01609002632236557,207.0,True,True,True,True,1.0,LEGACY,2019-05-15 12:14:21.465911150+00:00,577.8376162489255,0.0,0.32551194539249145,False,1.0,,30.0,True,True,728.0,103.0,True,D,not T / not I / <2 multi-car teams / aggregate,OFFICIAL_SESSION_JSON+TIMING71_LAP_JSON,STINT_TIMESTAMP_ONLY (lap times derived),1
2019,103rd Running of the Indianapolis 500,5559.0,Practice 1,2019-05-14,P,39,r6_regime_extension/evidence/official_api_v2/2019_session_5559_raw.json,Results|Section Results|Top Section Times,PRACTICE,Practice 1,ERA_A_PRE_AEROSCREEN,OPEN_TRACK_UNOBSERVED_RUN_PLAN,5559,5559,2318.0,1710.0,36.0,35.0,16.0,10.0,7.0,1583.0,1356.0,1116.0,11400.0,2388.0,2121.0,22444.0,4696.0,5013.0,53277.0,6181.0,8358.0,95342.0,7938.0,11347.0,132496.0,13184.0,21015.0,257006.0,30.0,117.0,10.0,36.0,35.0,35.0,34.0,0.6692831651369731,0.680026666323344,12.35704029083252,0.024317671457926446,0.19138136704762776,1.6648062030474344,7.547860674063365,28.870150074958776,359.6684819658597,1583.0,0.0,0.0,0.0,0.5555555555555571,2.2222222222222214,12.222222222222221,1575.0,0.0,0.0,0.0,0.0,0.5555555555555571,5.0,1575.0,671.0,227.0,852.0,321.0,1117.0,611.0,1239.0,743.0,1309.0,778.0,1432.0,881.0,1432.0,1634.0,52.0,297.0,4.0,-0.0700072423395063,147.0,True,True,True,True,2.0,LEGACY,2019-05-14 14:37:16.852672815+00:00,443.8307817697525,0.0,0.3830409356725146,False,1.0,,29.0,True,True,582.0,76.0,True,D,not T / not I / <2 multi-car teams / aggregate,OFFICIAL_SESSION_JSON+TIMING71_LAP_JSON,STINT_TIMESTAMP_ONLY (lap times derived),1
2020,104th Running of the Indianapolis 500,5777.0,Race,2020-08-23,R,33,v4_team_normalized/evidence/phase4e/official_session_details/2020_session_5777_raw.json,Box Score|Event Summary|Lap Chart|Leader Lap Summary|Pit Stop Summary|Results|Section Results|Top Section Times,RACE,,ERA_B_REFERENCE,RACE_STATE_CONFOUNDED,5777,5777,5482.0,3573.0,32.0,32.0,12.0,9.0,7.0,3198.0,3389.0,9770.0,110588.0,6594.0,18346.0,215750.0,19883.0,44016.0,507793.0,32950.0,74995.0,869371.0,43113.0,99896.0,1153840.0,75227.0,173268.0,1997401.0,38.0,197.0,9.0,31.0,31.0,31.0,31.0,0.6896083315213521,0.6991299986839294,0.7142683307329813,0.010779264370600386,0.03300970792770386,0.08954219420750936,0.21121437052885692,0.5255200032393145,92.46158310174943,3198.0,0.0,0.0,0.0,0.0,0.0,1.6666666666666643,3198.0,0.0,0.0,0.0,0.0,0.0,1.1111111111111107,3198.0,2955.0,1915.0,3039.0,2000.0,3115.0,2121.0,3140.0,2174.0,3147.0,2199.0,3153.0,2245.0,3153.0,3573.0,122.0,170.0,22.0,0.47891433915809206,152.0,True,True,True,True,1.0,LEGACY,2020-08-23 18:16:17.379101515+00:00,189.1868728041649,0.0,0.06717044500419815,False,1.0,,15.0,True,True,1852.0,0.0,True,D,not T / not I / <2 multi-car teams / aggregate,OFFICIAL_SESSION_JSON+TIMING71_LAP_JSON,STINT_TIMESTAMP_ONLY (lap times derived),1
2020,104th Running of the Indianapolis 500,5776.0,Final Practice (Carb Day),2020-08-21,P,33,v4_team_normalized/evidence/phase4e/official_session_details/2020_session_5776_raw.json,Combined Results|Results|Section Results|Top Section Times,CARB_DAY,,ERA_B_REFERENCE,OPEN_TRACK_UNOBSERVED_RUN_PLAN,5776,5776,2354.0,1767.0,33.0,33.0,12.0,9.0,8.0,1581.0,1517.0,2716.0,27153.0,2825.0,4881.0,53735.0,7028.0,11791.0,129459.0,10275.0,20909.0,243027.0,13999.0,30430.0,350536.0,24208.0,55386.0,635536.0,40.0,138.0,9.0,33.0,33.0,33.0,33.0,0.6788896644115447,0.6919649998346964,6.162680310408275,0.01482995351155599,0.03264321883519491,0.10830682516098022,0.6772519071896871,2.493997017542521,30.130483281612396,1581.0,0.0,0.0,0.0,0.0,0.0,2.7777777777777786,1581.0,0.0,0.0,0.0,0.0,0.0,1.6666666666666643,1581.0,1252.0,619.0,1370.0,797.0,1553.0,1284.0,1570.0,1460.0,1572.0,1512.0,1580.0,1527.0,1580.0,1767.0,55.0,239.0,5.0,0.1790634178963487,149.0,True,True,True,True,1.0,LEGACY,2020-08-21 14:36:22.846550226+00:00,144.96154751380286,0.0,0.027730616864742503,False,1.0,,11.0,True,True,566.0,0.0,True,D,not T / not I / <2 multi-car teams / aggregate,OFFICIAL_SESSION_JSON+TIMING71_LAP_JSON,STINT_TIMESTAMP_ONLY (lap times derived),1
2020,104th Running of the Indianapolis 500,5775.0,Practice 6,2020-08-16,P,32,v4_team_normalized/evidence/phase4e/official_session_details/2020_session_5775_raw.json,Combined Results|Results|Section Results|Top Section Times,QUALIFYING_WEEKEND_PRACTICE,Practice 6,ERA_B_REFERENCE,OPEN_TRACK_UNOBSERVED_RUN_PLAN,5775,5775,2322.0,1828.0,32.0,32.0,12.0,9.0,7.0,1618.0,1585.0,2188.0,24292.0,2959.0,4138.0,46444.0,7552.0,10064.0,112625.0,11219.0,18285.0,207469.0,14616.0,25821.0,292764.0,24562.0,47555.0,560890.0,38.0,121.0,9.0,32.0,32.0,32.0,31.0,0.6837683339913686,0.6942016661167145,4.159369103113811,0.019738756020863852,0.07396562695503235,0.2309833606084188,1.7261835585037866,5.188957765102386,59.27472686767578,1618.0,0.0,0.0,0.0,0.0,0.0,2.2222222222222285,1616.0,0.0,0.0,0.0,0.0,0.0,1.1111111111111107,1616.0,1101.0,557.0,1245.0,675.0,1452.0,992.0,1529.0,1118.0,1553.0,1161.0,1592.0,1262.0,1592.0,1828.0,63.5,228.0,6.0,0.1020141230575417,143.0,True,True,True,True,1.0,LEGACY,2020-08-16 18:58:14.394615650+00:00,183.01446828047435,0.0,0.07056892778993436,False,1.0,,13.0,True,True,462.0,0.0,True,D,not T / not I / <2 multi-car teams / aggregate,OFFICIAL_SESSION_JSON+TIMING71_LAP_JSON,STINT_TIMESTAMP_ONLY (lap times derived),1
2020,104th Running of the Indianapolis 500,5774.0,Qualifications (Fast 9),2020-08-16,Q,68,v4_team_normalized/evidence/phase4e/official_session_details/2020_session_5774_raw.json,Results|Section Results|Top Section Times,QUALIFYING_OTHER,Qualifications (Fast 9),ERA_B_REFERENCE,SOLO_RUN_FORMAT,5774,5774,44.0,34.0,9.0,9.0,5.0,2.0,1.0,22.0,25.0,0.0,0.0,49.0,3.0,0.0,49.0,27.0,36.0,49.0,69.0,97.0,49.0,91.0,164.0,49.0,104.0,350.0,4.0,4.0,2.0,9.0,8.0,0.0,0.0,0.6495206650098165,0.6511800010999044,0.6572933332125346,1.7421616331736247,2.8844364285469055,3.5345122615496316,4.104054758946101,4.802604094346365,5.825216420491537,22.0,0.0,0.0,0.0,0.0,2.2222222222222214,2.2222222222222214,22.0,0.0,0.0,0.0,0.0,0.0,0.5555555555555536,22.0,0.0,0.0,4.0,0.0,20.0,4.0,22.0,14.0,22.0,16.0,22.0,16.0,22.0,34.0,4.0,9.0,4.0,,0.0,True,True,True,True,1.0,LEGACY,2020-08-16 17:21:04.177287579+00:00,39.934357806046805,0.0,0.11764705882352941,False,1.0,,4.0,True,True,0.0,0.0,True,D,not T / not I / <2 multi-car teams / aggregate,OFFICIAL_SESSION_JSON+TIMING71_LAP_JSON,STINT_TIMESTAMP_ONLY (lap times derived),1
2020,104th Running of the Indianapolis 500,5772.0,Practice 5,2020-08-16,P,2,v4_team_normalized/evidence/phase4e/official_session_details/2020_session_5772_raw.json,Combined Results|Results|Section Results|Top Section Times,QUALIFYING_WEEKEND_PRACTICE,Practice 5,ERA_B_REFERENCE,OPEN_TRACK_UNOBSERVED_RUN_PLAN,5772,5772,22.0,15.0,2.0,2.0,1.0,1.0,0.0,15.0,11.0,0.0,0.0,23.0,0.0,0.0,27.0,3.0,0.0,27.0,32.0,0.0,37.0,34.0,0.0,55.0,50.0,0.0,1.0,1.0,1.0,2.0,2.0,2.0,1.0,0.6506019997596741,0.6537949999173482,10.507357866764076,4.331932807763417,5.004384011030197,5.3808884739875795,6.315481511751811,7.012810118198394,7.374975140889486,15.0,0.0,0.0,0.0,0.0,0.0,0.0,15.0,0.0,0.0,0.0,0.0,0.0,0.0,15.0,0.0,0.0,0.0,0.0,4.0,0.0,15.0,0.0,15.0,0.0,15.0,0.0,15.0,15.0,7.5,4.0,4.0,0.5831421534588389,1.0,True,True,False,False,1.0,LEGACY,2020-08-16 15:01:32.964676380+00:00,25.784288720289865,0.0,0.0,False,1.0,,3.0,True,True,5.0,0.0,True,D,not T / not I / <2 multi-car teams / aggregate,OFFICIAL_SESSION_JSON+TIMING71_LAP_JSON,STINT_TIMESTAMP_ONLY (lap times derived),1
2020,104th Running of the Indianapolis 500,5771.0,Qualifications (Day 1),2020-08-15,Q,59,v4_team_normalized/evidence/phase4e/official_session_details/2020_session_5771_raw.json,Results|Section Results|Top Section Times,QUALIFYING_DAY1,Qualifications (Day 1),ERA_B_REFERENCE,SOLO_RUN_FORMAT,5771,5771,697.0,199.0,16.0,16.0,10.0,4.0,2.0,150.0,131.0,71.0,587.0,263.0,131.0,1070.0,397.0,272.0,1832.0,690.0,594.0,3030.0,854.0,840.0,4077.0,1363.0,1497.0,6240.0,8.0,16.0,4.0,16.0,15.0,9.0,6.0,0.6508883317311605,0.6591583331425984,9.133320001761119,0.004278330008188883,0.262430410583814,1.3756395796934764,5.654211672147115,22.524127075672148,41.38524333238602,150.0,0.0,0.0,0.0,0.0,2.2222222222222214,2.2222222222222214,150.0,0.0,0.0,0.0,0.0,0.6111111111111094,1.1111111111111107,150.0,68.0,9.0,82.0,22.0,110.0,40.0,123.0,75.0,127.0,86.0,143.0,97.0,143.0,199.0,5.0,18.0,4.0,-0.5373965136048987,6.0,True,True,True,True,1.0,LEGACY,2020-08-11 11:40:09.939840078+00:00,6311.931797420979,0.0,0.010050251256281407,False,1.0,,202.0,True,True,43.0,0.0,True,D,not T / not I / <2 multi-car teams / aggregate,OFFICIAL_SESSION_JSON+TIMING71_LAP_JSON,STINT_TIMESTAMP_ONLY (lap times derived),1
2020,104th Running of the Indianapolis 500,5770.0,Practice 4,2020-08-15,P,7,v4_team_normalized/evidence/phase4e/official_session_details/2020_session_5770_raw.json,Combined Results|Results|Section Results|Top Section Times,QUALIFYING_WEEKEND_PRACTICE,Practice 4,ERA_B_REFERENCE,OPEN_TRACK_UNOBSERVED_RUN_PLAN,5770,5770,240.0,171.0,33.0,33.0,12.0,9.0,8.0,147.0,127.0,4.0,91.0,253.0,12.0,174.0,268.0,81.0,565.0,284.0,179.0,1201.0,332.0,241.0,1695.0,342.0,360.0,2605.0,6.0,4.0,5.0,33.0,33.0,13.0,1.0,0.6496830002466838,0.6530733327070872,0.6778896653652191,2.3308673373858135,3.6183919270833336,8.60339674949646,22.041167976458865,123.03870470523835,168.54195761680603,147.0,0.0,0.0,1.1111111111111072,3.3333333333333286,11.666666666666664,12.777777777777775,147.0,0.0,0.0,0.5555555555555536,1.1111111111111143,2.7777777777777786,3.8888888888888893,147.0,6.0,0.0,13.0,0.0,54.0,0.0,83.0,8.0,95.0,23.0,120.0,43.0,120.0,171.0,4.0,44.0,4.0,-0.11054088845322048,9.0,True,True,True,True,2.0,LEGACY,2020-08-15 13:00:57.049648285+00:00,320.3137941281001,0.0,0.23391812865497075,False,1.0,,19.0,True,True,29.0,0.0,True,D,not T / not I / <2 multi-car teams / aggregate,OFFICIAL_SESSION_JSON+TIMING71_LAP_JSON,STINT_TIMESTAMP_ONLY (lap times derived),1
2020,104th Running of the Indianapolis 500,5767.0,Practice 3 (Fast Friday),2020-08-14,P,33,v4_team_normalized/evidence/phase4e/official_session_details/2020_session_5767_raw.json,Combined Results|Results|Section Results|Top Section Times,FAST_FRIDAY,Practice 3 (Fast Friday),ERA_B_REFERENCE,OPEN_TRACK_UNOBSERVED_RUN_PLAN,5767,5767,1299.0,756.0,33.0,33.0,12.0,9.0,8.0,659.0,503.0,244.0,2527.0,953.0,406.0,5068.0,1085.0,847.0,10207.0,1258.0,1703.0,16952.0,1419.0,2201.0,22542.0,2148.0,3785.0,40135.0,39.0,50.0,9.0,33.0,33.0,33.0,33.0,0.6501016672452291,0.6597500006357829,47.50903379042944,0.04480633258819577,0.7532269060611725,3.7961840271949767,9.117360297838847,23.33784585873286,159.84434864123662,659.0,0.0,0.0,0.0,1.1111111111111072,1.6666666666666714,10.0,641.0,0.0,0.0,0.0,0.0,0.5555555555555571,2.7777777777777786,641.0,176.0,64.0,232.0,79.0,384.0,156.0,509.0,293.0,540.0,365.0,622.0,446.0,622.0,756.0,22.0,215.0,3.0,-0.5485321858550555,55.0,True,True,True,True,1.0,LEGACY,2020-08-14 12:59:43.079257965+00:00,510.9665820042292,0.0,0.18915343915343916,False,1.0,,28.0,True,True,515.0,0.0,True,D,not T / not I / <2 multi-car teams / aggregate,OFFICIAL_SESSION_JSON+TIMING71_LAP_JSON,STINT_TIMESTAMP_ONLY (lap times derived),1
2020,104th Running of the Indianapolis 500,5769.0,Practice 2,2020-08-13,P,32,v4_team_normalized/evidence/phase4e/official_session_details/2020_session_5769_raw.json,Combined Results|Results|Section Results|Top Section Times,PRACTICE,Practice 2,ERA_B_REFERENCE,OPEN_TRACK_UNOBSERVED_RUN_PLAN,5769,5769,3352.0,2606.0,32.0,32.0,11.0,9.0,8.0,2474.0,2193.0,3271.0,24214.0,4022.0,5897.0,47879.0,9629.0,14363.0,112708.0,14096.0,24465.0,202203.0,17721.0,32139.0,280547.0,25662.0,51168.0,492909.0,40.0,194.0,9.0,32.0,32.0,32.0,32.0,0.6789571650822958,0.6898699998855591,10.433098998467138,0.014558653036753336,0.04265696704387665,0.21763216455777484,2.1730336527029674,6.90794383645058,71.63428155978521,2474.0,0.0,0.0,0.0,0.0,0.5555555555555571,43.888888888888886,2474.0,0.0,0.0,0.0,0.0,0.5555555555555536,33.827160493827165,2474.0,1645.0,748.0,1809.0,956.0,2148.0,1403.0,2295.0,1667.0,2362.0,1817.0,2437.0,2119.0,2437.0,2606.0,82.0,400.0,5.0,0.11351095834723865,207.0,True,True,True,True,1.0,LEGACY,2020-08-13 14:00:55.555903196+00:00,450.49497929016746,0.0,0.29547198772064465,False,1.0,,64.0,True,True,677.0,0.0,True,D,not T / not I / <2 multi-car teams / aggregate,OFFICIAL_SESSION_JSON+TIMING71_LAP_JSON,STINT_TIMESTAMP_ONLY (lap times derived),1
2020,104th Running of the Indianapolis 500,5768.0,Practice 1,2020-08-12,P,33,v4_team_normalized/evidence/phase4e/official_session_details/2020_session_5768_raw.json,Results|Section Results|Top Section Times,PRACTICE,Practice 1,ERA_B_REFERENCE,OPEN_TRACK_UNOBSERVED_RUN_PLAN,5768,5768,2273.0,1701.0,32.0,32.0,11.0,9.0,8.0,1600.0,1361.0,1730.0,15017.0,2426.0,3289.0,29609.0,5346.0,7924.0,70775.0,7624.0,13936.0,128867.0,10008.0,19001.0,184791.0,15725.0,33791.0,343058.0,40.0,145.0,9.0,32.0,32.0,32.0,32.0,0.6812186654408773,0.6921266674995422,11.325037668546042,0.01140000025431315,0.06080000003178914,0.3274950007597605,2.4339754154284794,5.945055168469751,289.3670733332634,1600.0,0.0,0.0,0.0,0.0,0.9259259259259245,44.01234567901234,1600.0,0.0,0.0,0.0,0.0,0.0,32.65432098765432,1600.0,977.0,336.0,1129.0,467.0,1411.0,812.0,1505.0,1069.0,1532.0,1220.0,1576.0,1363.0,1576.0,1701.0,53.0,239.0,5.0,0.21928362672095,134.0,True,True,True,True,2.0,LEGACY,2020-08-12 15:01:25+00:00,389.5833333333333,0.0,0.18812463256907702,False,1.0,,63.0,True,True,553.0,0.0,True,D,not T / not I / <2 multi-car teams / aggregate,OFFICIAL_SESSION_JSON+TIMING71_LAP_JSON,STINT_TIMESTAMP_ONLY (lap times derived),1
2021,105th Running of the Indianapolis 500,5807.0,Race,2021-05-30,R,33,v4_team_normalized/evidence/phase4e/official_session_details/2021_session_5807_raw.json,Box Score|Event Summary|Lap Chart|Leader Lap Summary|Pit Stop Summary|Results|Section Results|Top Section Times,RACE,,ERA_B_REFERENCE,RACE_STATE_CONFOUNDED,5807,5807,6195.0,5158.0,33.0,33.0,12.0,9.0,7.0,4682.0,5154.0,15563.0,196388.0,10216.0,30364.0,384343.0,32930.0,75279.0,945715.0,60975.0,139469.0,1764544.0,85175.0,194056.0,2462474.0,145746.0,329583.0,4190865.0,41.0,227.0,9.0,33.0,33.0,33.0,33.0,0.6777640008926392,0.6898333311080933,0.7070553318659465,0.008769647280375163,0.030051899949709575,0.0770193894704183,0.14740327894687652,0.27344915747642534,14.994692945480347,4682.0,0.0,0.0,0.0,0.0,0.0,1.6666666666666714,4682.0,0.0,0.0,0.0,0.0,0.0,1.6666666666666679,4682.0,4547.0,3623.0,4597.0,3730.0,4645.0,3814.0,4669.0,3857.0,4682.0,3892.0,4682.0,3942.0,4682.0,5000.0,158.0,167.0,33.0,0.529688225759672,163.0,True,True,True,True,1.0,LEGACY,2021-05-30 16:37:56.442610502+00:00,166.34333168268205,0.0,0.03935633966653742,False,1.0,,13.0,True,True,1008.0,158.0,True,D,not T / not I / <2 multi-car teams / aggregate,OFFICIAL_SESSION_JSON+TIMING71_LAP_JSON,STINT_TIMESTAMP_ONLY (lap times derived),1
2021,105th Running of the Indianapolis 500,5841.0,Final Practice (Carb Day),2021-05-28,P,33,v4_team_normalized/evidence/phase4e/official_session_details/2021_session_5841_raw.json,Combined Results|Results|Section Results|Top Section Times,CARB_DAY,,ERA_B_REFERENCE,OPEN_TRACK_UNOBSERVED_RUN_PLAN,5841,5841,2191.0,1754.0,33.0,33.0,12.0,9.0,7.0,1580.0,1565.0,2505.0,28622.0,2962.0,4814.0,56719.0,7936.0,12138.0,141148.0,12060.0,22901.0,276768.0,16095.0,33142.0,405810.0,27614.0,60711.0,739708.0,41.0,109.0,9.0,33.0,33.0,33.0,33.0,0.6737149993578593,0.687066666285197,0.7200566689173381,0.024261736869812013,0.054900344212849936,0.19993539651234943,0.9821282784144083,4.10302034974099,30.610390690962472,1580.0,0.0,0.0,0.0,0.0,0.0,3.8888888888888893,1580.0,0.0,0.0,0.0,0.0,0.0,1.1111111111111107,1580.0,1188.0,627.0,1299.0,822.0,1451.0,1126.0,1506.0,1238.0,1536.0,1288.0,1579.0,1335.0,1579.0,1704.0,50.0,188.0,7.0,0.051552652579476804,134.0,True,True,True,True,1.0,LEGACY,2021-05-28 17:40:37.435144663+00:00,105.83365898132324,0.0,0.026225769669327253,False,1.0,,9.0,True,True,433.0,50.0,True,D,not T / not I / <2 multi-car teams / aggregate,OFFICIAL_SESSION_JSON+TIMING71_LAP_JSON,STINT_TIMESTAMP_ONLY (lap times derived),1
2021,105th Running of the Indianapolis 500,5849.0,Practice 8,2021-05-23,P,33,v4_team_normalized/evidence/phase4e/official_session_details/2021_session_5849_raw.json,Combined Results|Results|Section Results|Top Section Times,QUALIFYING_WEEKEND_PRACTICE,Practice 8,ERA_B_REFERENCE,OPEN_TRACK_UNOBSERVED_RUN_PLAN,5849,5849,1990.0,1564.0,33.0,33.0,12.0,9.0,7.0,1450.0,1376.0,2087.0,21704.0,2573.0,4233.0,43310.0,6589.0,10289.0,103387.0,9494.0,18578.0,183750.0,11927.0,25520.0,253166.0,19797.0,45142.0,465486.0,40.0,116.0,9.0,33.0,33.0,33.0,33.0,0.6796899994214376,0.6904983321825663,4.068501603603363,0.023351176579793295,0.06775909662246704,0.26286340157190957,1.2688885152339935,3.6630130680402146,32.03909632762273,1450.0,0.0,0.0,0.0,0.0,0.0,3.3333333333333357,1450.0,0.0,0.0,0.0,0.0,0.0,1.1111111111111107,1450.0,1056.0,477.0,1174.0,614.0,1347.0,927.0,1401.0,1061.0,1419.0,1140.0,1444.0,1193.0,1444.0,1538.0,50.0,193.0,7.0,0.010689244234063212,121.0,True,True,True,True,1.0,LEGACY,2021-05-23 21:01:07.223347425+00:00,120.49697753588359,0.0,0.35485933503836314,False,1.0,,9.0,True,True,401.0,26.0,True,D,not T / not I / <2 multi-car teams / aggregate,OFFICIAL_SESSION_JSON+TIMING71_LAP_JSON,STINT_TIMESTAMP_ONLY (lap times derived),1
2021,105th Running of the Indianapolis 500,5848.0,Qualifications - Fast 9,2021-05-23,Q,75,v4_team_normalized/evidence/phase4e/official_session_details/2021_session_5848_raw.json,Results|Section Results|Top Section Times,QUALIFYING_OTHER,Qualifications - Fast 9,ERA_B_REFERENCE,SOLO_RUN_FORMAT,2021|2021-05-23|QUALIFYING_OTHER|5847+5848,2021|2021-05-23|QUALIFYING_OTHER|5847+5848,87.0,65.0,14.0,14.0,9.0,3.0,1.0,32.0,48.0,0.0,0.0,97.0,0.0,0.0,100.0,10.0,115.0,100.0,42.0,283.0,100.0,48.0,437.0,100.0,112.0,609.0,1.0,0.0,1.0,14.0,14.0,3.0,0.0,0.6484149972597758,0.6529300014177958,0.6613699992497762,3.434888286590576,6.326978658636412,7.943615645170212,13.121778107682864,26.705238749186197,27.428575416405995,32.0,0.0,0.0,0.0,0.8333333333333339,3.3333333333333357,3.3333333333333357,32.0,0.0,0.0,0.0,0.13888888888888928,0.5555555555555571,0.5555555555555571,32.0,0.0,0.0,0.0,0.0,8.0,0.0,24.0,0.0,24.0,0.0,32.0,16.0,32.0,61.0,4.0,16.0,4.0,0.8435047562510971,1.0,True,True,True,True,2.0,LEGACY,2021-05-23 17:16:15.626235247+00:00,145.17298409541448,0.0,0.24615384615384617,False,1.0,,11.0,True,True,0.0,4.0,True,D,not T / not I / <2 multi-car teams / aggregate,OFFICIAL_SESSION_JSON+TIMING71_LAP_JSON,STINT_TIMESTAMP_ONLY (lap times derived),2
2021,105th Running of the Indianapolis 500,5847.0,Qualifications - Last Row,2021-05-23,Q,7,v4_team_normalized/evidence/phase4e/official_session_details/2021_session_5847_raw.json,,QUALIFYING_OTHER,Qualifications - Last Row,ERA_B_REFERENCE,SOLO_RUN_FORMAT,2021|2021-05-23|QUALIFYING_OTHER|5847+5848,2021|2021-05-23|QUALIFYING_OTHER|5847+5848,87.0,65.0,14.0,14.0,9.0,3.0,1.0,32.0,48.0,0.0,0.0,97.0,0.0,0.0,100.0,10.0,115.0,100.0,42.0,283.0,100.0,48.0,437.0,100.0,112.0,609.0,1.0,0.0,1.0,14.0,14.0,3.0,0.0,0.6484149972597758,0.6529300014177958,0.6613699992497762,3.434888286590576,6.326978658636412,7.943615645170212,13.121778107682864,26.705238749186197,27.428575416405995,32.0,0.0,0.0,0.0,0.8333333333333339,3.3333333333333357,3.3333333333333357,32.0,0.0,0.0,0.0,0.13888888888888928,0.5555555555555571,0.5555555555555571,32.0,0.0,0.0,0.0,0.0,8.0,0.0,24.0,0.0,24.0,0.0,32.0,16.0,32.0,61.0,4.0,16.0,4.0,0.8435047562510971,1.0,True,True,True,True,2.0,LEGACY,2021-05-23 17:16:15.626235247+00:00,145.17298409541448,0.0,0.24615384615384617,False,1.0,,11.0,True,True,0.0,4.0,True,D,not T / not I / <2 multi-car teams / aggregate,OFFICIAL_SESSION_JSON+TIMING71_LAP_JSON,STINT_TIMESTAMP_ONLY (lap times derived),2
2021,105th Running of the Indianapolis 500,5839.0,Practice 7,2021-05-23,P,6,v4_team_normalized/evidence/phase4e/official_session_details/2021_session_5839_raw.json,Combined Results|Results|Section Results|Top Section Times,QUALIFYING_WEEKEND_PRACTICE,Practice 7,ERA_B_REFERENCE,OPEN_TRACK_UNOBSERVED_RUN_PLAN,5839,5839,61.0,34.0,6.0,6.0,6.0,0.0,0.0,0.0,24.0,0.0,7.0,46.0,0.0,15.0,48.0,0.0,41.0,53.0,0.0,93.0,56.0,0.0,156.0,93.0,0.0,262.0,0.0,0.0,0.0,6.0,6.0,3.0,1.0,0.6520201690991719,0.656978331009547,8.963519742091497,,,,,,,0.0,,,,,,,0.0,,,,,,,0.0,0.0,0.0,0.0,0.0,0.0,0.0,0.0,0.0,0.0,0.0,0.0,0.0,0.0,30.0,5.0,10.0,3.5,0.13733642737223362,2.0,True,False,True,False,1.0,LEGACY,2021-05-23 15:01:28.921795607+00:00,60.74025974671046,0.0,0.23529411764705882,False,1.0,,5.0,True,True,22.0,4.0,True,D,not T / not I / <2 multi-car teams / aggregate,OFFICIAL_SESSION_JSON+TIMING71_LAP_JSON,STINT_TIMESTAMP_ONLY (lap times derived),1
2021,105th Running of the Indianapolis 500,5838.0,Qualifications - Day 1,2021-05-22,Q,59,v4_team_normalized/evidence/phase4e/official_session_details/2021_session_5838_raw.json,Results|Section Results|Top Section Times,QUALIFYING_DAY1,Qualifications - Day 1,ERA_B_REFERENCE,SOLO_RUN_FORMAT,5838,5838,549.0,198.0,19.0,19.0,11.0,7.0,1.0,120.0,164.0,0.0,30.0,401.0,0.0,61.0,681.0,2.0,292.0,1183.0,13.0,653.0,1494.0,26.0,1036.0,2152.0,45.0,2304.0,1.0,1.0,1.0,17.0,15.0,5.0,2.0,0.6518933343887329,0.6548816680908203,0.6604876669247945,12.35480855623881,35.64981784125169,62.97217158873876,80.47464117209117,131.34715908726074,168.6074976960818,120.0,0.5555555555555571,1.1111111111111072,1.6666666666666643,3.3333333333333286,6.111111111111114,7.777777777777779,120.0,0.0,0.0,0.0,0.5555555555555571,1.6666666666666643,2.7777777777777786,120.0,0.0,0.0,0.0,0.0,3.0,0.0,10.0,0.0,18.0,0.0,26.0,0.0,26.0,190.0,4.0,23.0,4.0,-0.14965551700391758,5.0,True,True,True,True,1.0,LEGACY,2021-05-22 16:25:13.656294823+00:00,329.8455265243848,0.0,0.06565656565656566,False,1.0,,24.0,True,True,3.0,8.0,True,D,not T / not I / <2 multi-car teams / aggregate,OFFICIAL_SESSION_JSON+TIMING71_LAP_JSON,STINT_TIMESTAMP_ONLY (lap times derived),1
2021,105th Running of the Indianapolis 500,5840.0,Practice 6,2021-05-22,P,9,v4_team_normalized/evidence/phase4e/official_session_details/2021_session_5840_raw.json,Combined Results|Results|Section Results|Top Section Times,QUALIFYING_WEEKEND_PRACTICE,Practice 6,ERA_B_REFERENCE,OPEN_TRACK_UNOBSERVED_RUN_PLAN,5840,5840,100.0,65.0,9.0,9.0,5.0,2.0,1.0,45.0,51.0,13.0,38.0,113.0,23.0,77.0,127.0,43.0,182.0,135.0,100.0,462.0,177.0,136.0,669.0,227.0,280.0,1156.0,3.0,3.0,2.0,9.0,9.0,9.0,2.0,0.6522800008455912,0.6541216671466827,0.686175000667572,0.0004900018374125163,2.0083743770917257,4.624736042817434,6.381201990445455,15.488741442362485,23.173918302853902,45.0,0.0,0.0,0.0,0.0,0.6666666666666681,1.1111111111111107,45.0,0.0,0.0,0.0,0.0,0.3333333333333329,0.5555555555555536,45.0,10.0,0.0,10.0,0.0,24.0,0.0,40.0,0.0,40.0,15.0,45.0,21.0,45.0,65.0,6.0,13.0,5.0,-0.816029208059474,11.0,True,True,True,True,1.0,LEGACY,2021-05-22 13:31:08.560767889+00:00,60.46486576795578,0.0,0.2923076923076923,False,1.0,,5.0,True,True,33.0,0.0,True,D,not T / not I / <2 multi-car teams / aggregate,OFFICIAL_SESSION_JSON+TIMING71_LAP_JSON,STINT_TIMESTAMP_ONLY (lap times derived),1
2021,105th Running of the Indianapolis 500,5846.0,Practice 5,2021-05-21,P,35,v4_team_normalized/evidence/phase4e/official_session_details/2021_session_5846_raw.json,Combined Results|Results|Section Results|Top Section Times,FAST_FRIDAY,Practice 5,ERA_B_REFERENCE,OPEN_TRACK_UNOBSERVED_RUN_PLAN,5846,5846,1153.0,670.0,35.0,35.0,13.0,9.0,7.0,575.0,456.0,167.0,1799.0,925.0,297.0,3500.0,1037.0,646.0,7612.0,1145.0,1074.0,13505.0,1329.0,1531.0,19180.0,1631.0,2867.0,33299.0,37.0,44.0,9.0,35.0,35.0,35.0,35.0,0.6504376673698425,0.6564099987347921,48.59496942281724,0.10153978029886902,0.726826665798823,4.009515857696533,16.899852174520493,32.648840347131106,141.0510217308998,575.0,0.0,0.0,0.0,0.5555555555555571,2.722222222222242,6.666666666666664,552.0,0.0,0.0,0.0,0.0,0.5555555555555536,1.6666666666666643,552.0,155.0,16.0,205.0,29.0,315.0,112.0,366.0,180.0,418.0,241.0,510.0,360.0,510.0,652.0,19.0,173.0,4.0,-0.7126867408024844,75.0,True,True,True,True,1.0,LEGACY,2021-05-21 14:04:15.235696077+00:00,477.2144366343816,0.0,0.11343283582089553,False,1.0,,27.0,True,True,458.0,18.0,True,D,not T / not I / <2 multi-car teams / aggregate,OFFICIAL_SESSION_JSON+TIMING71_LAP_JSON,STINT_TIMESTAMP_ONLY (lap times derived),1
2021,105th Running of the Indianapolis 500,5845.0,Practice 4,2021-05-20,P,35,v4_team_normalized/evidence/phase4e/official_session_details/2021_session_5845_raw.json,Combined Results|Results|Section Results|Top Section Times,PRACTICE,Practice 4,ERA_B_REFERENCE,OPEN_TRACK_UNOBSERVED_RUN_PLAN,5845,5845,2713.0,1970.0,35.0,35.0,13.0,9.0,7.0,1789.0,1635.0,2327.0,16608.0,2957.0,4051.0,32789.0,6768.0,9273.0,74321.0,9578.0,15328.0,134501.0,12040.0,21065.0,195562.0,18261.0,38345.0,369228.0,44.0,136.0,9.0,35.0,35.0,35.0,35.0,0.6804350002606709,0.6919183333714803,12.26639600833257,0.009474388758341471,0.04080910285313924,0.28236053387324017,3.442981966336568,12.313579517205556,86.82979102134705,1789.0,0.0,0.0,0.0,0.0,0.5555555555555571,4.444444444444443,1784.0,0.0,0.0,0.0,0.0,0.0,1.1111111111111107,1784.0,1090.0,540.0,1201.0,652.0,1447.0,933.0,1577.0,1091.0,1660.0,1205.0,1755.0,1396.0,1755.0,1919.0,58.0,331.0,4.0,-0.001358898782021378,162.0,True,True,True,True,1.0,LEGACY,2021-05-20 15:26:02.937162638+00:00,393.489248696963,0.0,0.2624365482233503,False,1.0,,27.0,True,True,723.0,51.0,True,D,not T / not I / <2 multi-car teams / aggregate,OFFICIAL_SESSION_JSON+TIMING71_LAP_JSON,STINT_TIMESTAMP_ONLY (lap times derived),1
2021,105th Running of the Indianapolis 500,5844.0,Practice 3,2021-05-19,P,34,v4_team_normalized/evidence/phase4e/official_session_details/2021_session_5844_raw.json,Combined Results|Results|Section Results|Top Section Times,PRACTICE,Practice 3,ERA_B_REFERENCE,OPEN_TRACK_UNOBSERVED_RUN_PLAN,5844,5844,3120.0,2442.0,34.0,34.0,12.0,9.0,7.0,2231.0,2036.0,2861.0,22949.0,3726.0,5191.0,45684.0,8874.0,12554.0,112433.0,12831.0,20627.0,214121.0,16055.0,27324.0,305426.0,23597.0,45156.0,528159.0,44.0,168.0,9.0,34.0,34.0,34.0,34.0,0.6787258342901866,0.6893483320871989,10.318766804536184,0.009890000025431315,0.037696947654088334,0.2758576512336731,3.14767315586408,9.70616457859675,76.33660312493642,2231.0,0.0,0.0,0.0,0.0,0.5555555555555571,6.111111111111111,2230.0,0.0,0.0,0.0,0.0,0.0,1.1111111111111143,2230.0,1333.0,620.0,1495.0,783.0,1842.0,1192.0,2016.0,1417.0,2067.0,1549.0,2158.0,1698.0,2158.0,2344.0,75.0,376.0,5.0,0.05541151729454585,192.0,True,True,True,True,1.0,LEGACY,2021-05-19 14:39:15.597982645+00:00,450.111133646965,0.0,0.28624078624078625,False,1.0,,28.0,True,True,646.0,98.0,True,D,not T / not I / <2 multi-car teams / aggregate,OFFICIAL_SESSION_JSON+TIMING71_LAP_JSON,STINT_TIMESTAMP_ONLY (lap times derived),1
2021,105th Running of the Indianapolis 500,5843.0,Practice 2,2021-05-18,P,34,v4_team_normalized/evidence/phase4e/official_session_details/2021_session_5843_raw.json,Combined Results|Results|Section Results|Top Section Times,PRACTICE,Practice 2,ERA_B_REFERENCE,OPEN_TRACK_UNOBSERVED_RUN_PLAN,5843,5843,1663.0,1345.0,35.0,35.0,13.0,9.0,7.0,1201.0,1142.0,2137.0,17517.0,2100.0,4017.0,33870.0,4896.0,9163.0,76636.0,6748.0,15358.0,137575.0,9076.0,20434.0,202103.0,14506.0,32889.0,368590.0,43.0,95.0,9.0,35.0,35.0,35.0,35.0,0.6776135007540385,0.6887491663297017,8.466364777485536,0.01442251205444336,0.04092281262079875,0.15830833117167156,1.2644559303919474,4.199832844734192,47.098570283253984,1201.0,0.0,0.0,0.0,0.0,0.0,3.888888888888893,1201.0,0.0,0.0,0.0,0.0,0.0,0.5555555555555571,1201.0,876.0,563.0,965.0,677.0,1113.0,858.0,1153.0,942.0,1167.0,971.0,1181.0,1011.0,1181.0,1291.0,41.0,198.0,5.0,-0.04832787555884169,120.0,True,True,True,True,1.0,LEGACY,2021-05-18 18:56:31.999357700+00:00,184.75125786860784,0.0,0.37174721189591076,False,1.0,,13.0,True,True,289.0,54.0,True,D,not T / not I / <2 multi-car teams / aggregate,OFFICIAL_SESSION_JSON+TIMING71_LAP_JSON,STINT_TIMESTAMP_ONLY (lap times derived),1
2021,105th Running of the Indianapolis 500,5842.0,Practice 1,2021-05-18,P,30,v4_team_normalized/evidence/phase4e/official_session_details/2021_session_5842_raw.json,Results|Section Results|Top Section Times,PRACTICE,Practice 1,ERA_B_REFERENCE,OPEN_TRACK_UNOBSERVED_RUN_PLAN,5842,5842,457.0,284.0,29.0,29.0,12.0,7.0,6.0,237.0,194.0,142.0,1615.0,320.0,251.0,3198.0,502.0,534.0,7398.0,622.0,1080.0,13335.0,823.0,1451.0,18658.0,1261.0,2098.0,27924.0,30.0,28.0,7.0,29.0,28.0,27.0,15.0,0.6806103348731994,0.6913666685422262,12.448523512681325,0.08329351902008059,0.2430902401606242,1.1704551617304484,3.3586069027582806,5.138038961092631,47.64572632312775,237.0,0.0,0.0,0.0,0.0,0.5555555555555536,1.6666666666666643,237.0,0.0,0.0,0.0,0.0,0.0,0.5555555555555536,237.0,114.0,35.0,140.0,53.0,207.0,94.0,229.0,161.0,229.0,171.0,234.0,198.0,234.0,278.0,10.0,86.0,3.0,-0.133757624109582,19.0,True,True,True,True,1.0,LEGACY,2021-05-18 14:09:11.997781992+00:00,96.25152150392532,0.0,0.22183098591549297,False,1.0,,9.0,True,True,165.0,6.0,True,D,not T / not I / <2 multi-car teams / aggregate,OFFICIAL_SESSION_JSON+TIMING71_LAP_JSON,STINT_TIMESTAMP_ONLY (lap times derived),1
2022,106th Running of the Indianapolis 500,5909.0,Race,2022-05-29,R,33,v4_team_normalized/evidence/phase4e/official_session_details/2022_session_5909_raw.json,Box Score|Event Summary|Lap Chart|Leader Lap Summary|Pit Stop Summary|Results|Section Results|Top Section Times,RACE,,ERA_B_REFERENCE,RACE_STATE_CONFOUNDED,,,,,,,,,,,,,,,,,,,,,,,,,,,,,,,,,,,,,,,,,,,,,,,,,,,,,,,,,,,,,,,,,,,,,,,,,,,,,,,,,,,,,,,,,False,,,,True,,,,True,D,not T / not I / <2 multi-car teams / aggregate,OFFICIAL_SESSION_JSON_ONLY(+official PDFs not ingested),SESSION_LEVEL_ONLY,0
2022,106th Running of the Indianapolis 500,6039.0,Practice 9 (Carb Day),2022-05-27,P,33,v4_team_normalized/evidence/phase4e/official_session_details/2022_session_6039_raw.json,Combined Results|Results|Section Results|Top Section Times,CARB_DAY,,ERA_B_REFERENCE,OPEN_TRACK_UNOBSERVED_RUN_PLAN,,,,,,,,,,,,,,,,,,,,,,,,,,,,,,,,,,,,,,,,,,,,,,,,,,,,,,,,,,,,,,,,,,,,,,,,,,,,,,,,,,,,,,,,,False,,,,True,,,,True,D,not T / not I / <2 multi-car teams / aggregate,OFFICIAL_SESSION_JSON_ONLY(+official PDFs not ingested),SESSION_LEVEL_ONLY,0
2022,106th Running of the Indianapolis 500,6038.0,Practice 8,2022-05-23,P,33,v4_team_normalized/evidence/phase4e/official_session_details/2022_session_6038_raw.json,Combined Results|Results|Section Results|Top Section Times,POST_QUALIFYING_PRACTICE,Practice 8,ERA_B_REFERENCE,OPEN_TRACK_UNOBSERVED_RUN_PLAN,,,,,,,,,,,,,,,,,,,,,,,,,,,,,,,,,,,,,,,,,,,,,,,,,,,,,,,,,,,,,,,,,,,,,,,,,,,,,,,,,,,,,,,,,False,,,,True,,,,True,D,not T / not I / <2 multi-car teams / aggregate,OFFICIAL_SESSION_JSON_ONLY(+official PDFs not ingested),SESSION_LEVEL_ONLY,0
2022,106th Running of the Indianapolis 500,6037.0,Qualifications - Firestone Fast 6,2022-05-22,Q,6,v4_team_normalized/evidence/phase4e/official_session_details/2022_session_6037_raw.json,Overall Results|Results|Section Results|Top Section Times,QUALIFYING_OTHER,Qualifications - Firestone Fast 6,ERA_B_REFERENCE,SOLO_RUN_FORMAT,,,,,,,,,,,,,,,,,,,,,,,,,,,,,,,,,,,,,,,,,,,,,,,,,,,,,,,,,,,,,,,,,,,,,,,,,,,,,,,,,,,,,,,,,False,,,,False,,,,False,D,not T / not I / <2 multi-car teams / aggregate,OFFICIAL_SESSION_JSON_ONLY(+official PDFs not ingested),SESSION_LEVEL_ONLY,0
2022,106th Running of the Indianapolis 500,6036.0,Qualifications - Top 12,2022-05-22,Q,12,v4_team_normalized/evidence/phase4e/official_session_details/2022_session_6036_raw.json,Results|Section Results|Top Section Times,QUALIFYING_OTHER,Qualifications - Top 12,ERA_B_REFERENCE,SOLO_RUN_FORMAT,,,,,,,,,,,,,,,,,,,,,,,,,,,,,,,,,,,,,,,,,,,,,,,,,,,,,,,,,,,,,,,,,,,,,,,,,,,,,,,,,,,,,,,,,False,,,,False,,,,False,D,not T / not I / <2 multi-car teams / aggregate,OFFICIAL_SESSION_JSON_ONLY(+official PDFs not ingested),SESSION_LEVEL_ONLY,0
2022,106th Running of the Indianapolis 500,6034.0,Practice 7,2022-05-22,P,12,v4_team_normalized/evidence/phase4e/official_session_details/2022_session_6034_raw.json,Combined Results|Results|Section Results|Top Section Times,QUALIFYING_WEEKEND_PRACTICE,Practice 7,ERA_B_REFERENCE,OPEN_TRACK_UNOBSERVED_RUN_PLAN,,,,,,,,,,,,,,,,,,,,,,,,,,,,,,,,,,,,,,,,,,,,,,,,,,,,,,,,,,,,,,,,,,,,,,,,,,,,,,,,,,,,,,,,,False,,,,False,,,,False,D,not T / not I / <2 multi-car teams / aggregate,OFFICIAL_SESSION_JSON_ONLY(+official PDFs not ingested),SESSION_LEVEL_ONLY,0
2022,106th Running of the Indianapolis 500,6033.0,Qualifications - Day 1,2022-05-21,Q,44,v4_team_normalized/evidence/phase4e/official_session_details/2022_session_6033_raw.json,Results|Section Results|Top Section Times,QUALIFYING_DAY1,Qualifications - Day 1,ERA_B_REFERENCE,SOLO_RUN_FORMAT,,,,,,,,,,,,,,,,,,,,,,,,,,,,,,,,,,,,,,,,,,,,,,,,,,,,,,,,,,,,,,,,,,,,,,,,,,,,,,,,,,,,,,,,,False,,,,True,,,,True,D,not T / not I / <2 multi-car teams / aggregate,OFFICIAL_SESSION_JSON_ONLY(+official PDFs not ingested),SESSION_LEVEL_ONLY,0
2022,106th Running of the Indianapolis 500,6032.0,Practice 6,2022-05-21,P,23,v4_team_normalized/evidence/phase4e/official_session_details/2022_session_6032_raw.json,Combined Results|Results|Section Results|Top Section Times,QUALIFYING_WEEKEND_PRACTICE,Practice 6,ERA_B_REFERENCE,OPEN_TRACK_UNOBSERVED_RUN_PLAN,,,,,,,,,,,,,,,,,,,,,,,,,,,,,,,,,,,,,,,,,,,,,,,,,,,,,,,,,,,,,,,,,,,,,,,,,,,,,,,,,,,,,,,,,False,,,,True,,,,True,D,not T / not I / <2 multi-car teams / aggregate,OFFICIAL_SESSION_JSON_ONLY(+official PDFs not ingested),SESSION_LEVEL_ONLY,0
2022,106th Running of the Indianapolis 500,6031.0,Practice 5 (Fast Friday),2022-05-20,P,33,v4_team_normalized/evidence/phase4e/official_session_details/2022_session_6031_raw.json,Combined Results|Results|Section Results|Top Section Times,FAST_FRIDAY,Practice 5 (Fast Friday),ERA_B_REFERENCE,OPEN_TRACK_UNOBSERVED_RUN_PLAN,,,,,,,,,,,,,,,,,,,,,,,,,,,,,,,,,,,,,,,,,,,,,,,,,,,,,,,,,,,,,,,,,,,,,,,,,,,,,,,,,,,,,,,,,False,,,,True,,,,True,D,not T / not I / <2 multi-car teams / aggregate,OFFICIAL_SESSION_JSON_ONLY(+official PDFs not ingested),SESSION_LEVEL_ONLY,0
2022,106th Running of the Indianapolis 500,6030.0,Practice 4,2022-05-19,P,33,v4_team_normalized/evidence/phase4e/official_session_details/2022_session_6030_raw.json,Combined Results|Results|Section Results|Top Section Times,PRACTICE,Practice 4,ERA_B_REFERENCE,OPEN_TRACK_UNOBSERVED_RUN_PLAN,,,,,,,,,,,,,,,,,,,,,,,,,,,,,,,,,,,,,,,,,,,,,,,,,,,,,,,,,,,,,,,,,,,,,,,,,,,,,,,,,,,,,,,,,False,,,,True,,,,True,D,not T / not I / <2 multi-car teams / aggregate,OFFICIAL_SESSION_JSON_ONLY(+official PDFs not ingested),SESSION_LEVEL_ONLY,0
2022,106th Running of the Indianapolis 500,6028.0,Practice 2 (All Cars),2022-05-17,P,33,v4_team_normalized/evidence/phase4e/official_session_details/2022_session_6028_raw.json,Combined Results|Results|Section Results|Top Section Times,PRACTICE,Practice 2 (All Cars),ERA_B_REFERENCE,OPEN_TRACK_UNOBSERVED_RUN_PLAN,,,,,,,,,,,,,,,,,,,,,,,,,,,,,,,,,,,,,,,,,,,,,,,,,,,,,,,,,,,,,,,,,,,,,,,,,,,,,,,,,,,,,,,,,False,,,,True,,,,True,D,not T / not I / <2 multi-car teams / aggregate,OFFICIAL_SESSION_JSON_ONLY(+official PDFs not ingested),SESSION_LEVEL_ONLY,0
2022,106th Running of the Indianapolis 500,6027.0,Practice 1 (Oval Veterans),2022-05-17,P,32,v4_team_normalized/evidence/phase4e/official_session_details/2022_session_6027_raw.json,Results|Results|Section Results|Section Results|Top Section Times|Top Section Times,PRACTICE,Practice 1 (Oval Veterans),ERA_B_REFERENCE,OPEN_TRACK_UNOBSERVED_RUN_PLAN,,,,,,,,,,,,,,,,,,,,,,,,,,,,,,,,,,,,,,,,,,,,,,,,,,,,,,,,,,,,,,,,,,,,,,,,,,,,,,,,,,,,,,,,,False,,,,True,,,,True,D,not T / not I / <2 multi-car teams / aggregate,OFFICIAL_SESSION_JSON_ONLY(+official PDFs not ingested),SESSION_LEVEL_ONLY,0
2023,107th Running of the Indianapolis 500,6135.0,Race,2023-05-28,R,33,v4_team_normalized/evidence/phase4e/official_session_details/2023_session_6135_raw.json,Box Score|Event Summary|Lap Chart|Leader Lap Summary|Pit Stop Summary|Results|Section Results|Top Section Times,RACE,,ERA_B_REFERENCE,RACE_STATE_CONFOUNDED,6135,6135,1196.0,647.0,33.0,33.0,12.0,11.0,6.0,635.0,26.0,674.0,8416.0,26.0,674.0,8416.0,566.0,1846.0,23934.0,1101.0,3017.0,39162.0,1415.0,3719.0,48237.0,2724.0,6636.0,85745.0,36.0,156.0,11.0,33.0,33.0,33.0,32.0,2.218583333492279,4.402900000413259,15.428116667270661,0.0,0.0,0.0,0.0,0.0,52.97494999965032,635.0,0.0,0.0,0.0,0.0,0.0,2.2222222222222214,635.0,0.0,0.0,0.0,0.0,0.0,0.5555555555555571,635.0,591.0,385.0,591.0,385.0,614.0,406.0,628.0,425.0,631.0,428.0,634.0,430.0,634.0,647.0,20.0,70.0,7.0,0.14597528443774985,43.0,True,True,True,True,1.0,MODERN,2023-05-28 16:48:51.769999981+00:00,205.89235000212986,1.0,0.0,True,1.0,,15.0,True,True,451.0,0.0,True,C,race state confounded; limitations: none,OFFICIAL_SESSION_JSON+TIMING71_LAP_JSON,OBSERVED_LAP_TIMESTAMP,1
2023,107th Running of the Indianapolis 500,6208.0,Final Practice,2023-05-26,P,33,v4_team_normalized/evidence/phase4e/official_session_details/2023_session_6208_raw.json,Combined Results|Results|Section Results|Top Section Times,CARB_DAY,,ERA_B_REFERENCE,OPEN_TRACK_UNOBSERVED_RUN_PLAN,6208,6208,2363.0,1763.0,33.0,33.0,12.0,11.0,6.0,1710.0,1562.0,2830.0,36697.0,2943.0,4929.0,66085.0,7639.0,12346.0,160382.0,11138.0,21036.0,268993.0,14582.0,29788.0,380424.0,26332.0,54084.0,719768.0,36.0,128.0,11.0,33.0,33.0,33.0,33.0,0.6685983324050904,0.6961333314577739,0.7544933307170868,0.0,0.027783331274986268,0.055700000127156576,0.7245916664600373,3.3794749999046325,32.83861666520436,1710.0,0.0,0.0,0.0,0.0,0.0,3.333333333333332,1710.0,0.0,0.0,0.0,0.0,0.0,1.6666666666666679,1710.0,1321.0,653.0,1419.0,762.0,1616.0,1006.0,1668.0,1077.0,1677.0,1114.0,1705.0,1153.0,1705.0,1763.0,56.0,197.0,7.0,-0.006453604369573147,136.0,True,True,True,True,2.0,MODERN,2023-05-26 15:06:20.805000067+00:00,201.41044999758404,1.0,0.0,True,1.0,,9.0,True,True,590.0,0.0,True,B,limitation: state_open_track,OFFICIAL_SESSION_JSON+TIMING71_LAP_JSON,OBSERVED_LAP_TIMESTAMP,1
2023,107th Running of the Indianapolis 500,6207.0,Practice 8,2023-05-22,P,33,v4_team_normalized/evidence/phase4e/official_session_details/2023_session_6207_raw.json,Combined Results|Results|Section Results|Top Section Times,POST_QUALIFYING_PRACTICE,Practice 8,ERA_B_REFERENCE,OPEN_TRACK_UNOBSERVED_RUN_PLAN,6207,6207,1875.0,1392.0,33.0,33.0,12.0,11.0,6.0,1343.0,1185.0,2120.0,23953.0,2202.0,3653.0,43237.0,5475.0,8861.0,105480.0,7662.0,13962.0,175407.0,9222.0,17795.0,226098.0,13385.0,26334.0,339321.0,36.0,104.0,11.0,33.0,33.0,33.0,33.0,0.6684966659545899,0.6965499997138977,7.464663333098097,0.0,0.027816665172576905,0.056333335240681966,1.3373083333174387,3.42194666703542,96.12928333282471,1343.0,0.0,0.0,0.0,0.0,0.0,4.444444444444443,1343.0,0.0,0.0,0.0,0.0,0.0,1.1111111111111107,1343.0,976.0,509.0,1079.0,586.0,1262.0,792.0,1292.0,870.0,1300.0,888.0,1308.0,888.0,1308.0,1392.0,42.0,198.0,5.5,0.021621185076700973,109.0,True,True,True,True,1.0,MODERN,2023-05-22 17:01:11.421999931+00:00,120.67546666860581,1.0,0.0,True,1.0,,10.0,True,True,458.0,0.0,True,B,limitation: state_open_track,OFFICIAL_SESSION_JSON+TIMING71_LAP_JSON,OBSERVED_LAP_TIMESTAMP,1
2023,107th Running of the Indianapolis 500,6206.0,Qualifications - Firestone Fast 6,2023-05-21,Q,6,v4_team_normalized/evidence/phase4e/official_session_details/2023_session_6206_raw.json,Overall Results|Results|Section Results|Top Section Times,QUALIFYING_OTHER,Qualifications - Firestone Fast 6,ERA_B_REFERENCE,SOLO_RUN_FORMAT,2023|2023-05-21|QUALIFYING_OTHER|6204+6205+6206,2023|2023-05-21|QUALIFYING_OTHER|6204+6205+6206,104.0,77.0,16.0,16.0,7.0,4.0,3.0,65.0,60.0,0.0,0.0,93.0,0.0,0.0,93.0,13.0,92.0,120.0,59.0,225.0,121.0,81.0,341.0,121.0,144.0,576.0,3.0,0.0,3.0,16.0,16.0,7.0,1.0,0.616016666094462,0.6415833353996276,36.36359999974569,3.963579998811086,5.691200002034505,8.439000002543132,21.97066666682561,36.60694333553315,213.50941666762034,65.0,0.0,0.0,0.55555555555555,1.1111111111111072,1.1111111111111143,2.7777777777777786,65.0,0.0,0.0,0.5555555555555536,0.5555555555555536,1.1111111111111107,2.7777777777777786,65.0,0.0,0.0,0.0,0.0,14.0,0.0,39.0,3.0,45.0,9.0,51.0,33.0,51.0,77.0,3.0,16.0,3.0,-0.19625505364592602,7.0,True,True,True,True,3.0,MODERN,2023-05-21 18:02:41.549000025+00:00,224.4353500008583,1.0,0.0,True,1.0,,15.0,True,True,2.0,0.0,True,B,limitation: O,OFFICIAL_SESSION_JSON+TIMING71_LAP_JSON,OBSERVED_LAP_TIMESTAMP,3
2023,107th Running of the Indianapolis 500,6205.0,Qualifications - Last Chance,2023-05-21,Q,4,v4_team_normalized/evidence/phase4e/official_session_details/2023_session_6205_raw.json,Results|Section Results|Top Section Times,QUALIFYING_OTHER,Qualifications - Last Chance,ERA_B_REFERENCE,SOLO_RUN_FORMAT,2023|2023-05-21|QUALIFYING_OTHER|6204+6205+6206,2023|2023-05-21|QUALIFYING_OTHER|6204+6205+6206,104.0,77.0,16.0,16.0,7.0,4.0,3.0,65.0,60.0,0.0,0.0,93.0,0.0,0.0,93.0,13.0,92.0,120.0,59.0,225.0,121.0,81.0,341.0,121.0,144.0,576.0,3.0,0.0,3.0,16.0,16.0,7.0,1.0,0.616016666094462,0.6415833353996276,36.36359999974569,3.963579998811086,5.691200002034505,8.439000002543132,21.97066666682561,36.60694333553315,213.50941666762034,65.0,0.0,0.0,0.55555555555555,1.1111111111111072,1.1111111111111143,2.7777777777777786,65.0,0.0,0.0,0.5555555555555536,0.5555555555555536,1.1111111111111107,2.7777777777777786,65.0,0.0,0.0,0.0,0.0,14.0,0.0,39.0,3.0,45.0,9.0,51.0,33.0,51.0,77.0,3.0,16.0,3.0,-0.19625505364592602,7.0,True,True,True,True,3.0,MODERN,2023-05-21 18:02:41.549000025+00:00,224.4353500008583,1.0,0.0,True,1.0,,15.0,True,True,2.0,0.0,True,B,limitation: O,OFFICIAL_SESSION_JSON+TIMING71_LAP_JSON,OBSERVED_LAP_TIMESTAMP,3
2023,107th Running of the Indianapolis 500,6204.0,Qualifications - Top-12,2023-05-21,Q,12,v4_team_normalized/evidence/phase4e/official_session_details/2023_session_6204_raw.json,Results|Section Results|Top Section Times,QUALIFYING_OTHER,Qualifications - Top-12,ERA_B_REFERENCE,SOLO_RUN_FORMAT,2023|2023-05-21|QUALIFYING_OTHER|6204+6205+6206,2023|2023-05-21|QUALIFYING_OTHER|6204+6205+6206,104.0,77.0,16.0,16.0,7.0,4.0,3.0,65.0,60.0,0.0,0.0,93.0,0.0,0.0,93.0,13.0,92.0,120.0,59.0,225.0,121.0,81.0,341.0,121.0,144.0,576.0,3.0,0.0,3.0,16.0,16.0,7.0,1.0,0.616016666094462,0.6415833353996276,36.36359999974569,3.963579998811086,5.691200002034505,8.439000002543132,21.97066666682561,36.60694333553315,213.50941666762034,65.0,0.0,0.0,0.55555555555555,1.1111111111111072,1.1111111111111143,2.7777777777777786,65.0,0.0,0.0,0.5555555555555536,0.5555555555555536,1.1111111111111107,2.7777777777777786,65.0,0.0,0.0,0.0,0.0,14.0,0.0,39.0,3.0,45.0,9.0,51.0,33.0,51.0,77.0,3.0,16.0,3.0,-0.19625505364592602,7.0,True,True,True,True,3.0,MODERN,2023-05-21 18:02:41.549000025+00:00,224.4353500008583,1.0,0.0,True,1.0,,15.0,True,True,2.0,0.0,True,B,limitation: O,OFFICIAL_SESSION_JSON+TIMING71_LAP_JSON,OBSERVED_LAP_TIMESTAMP,3
2023,107th Running of the Indianapolis 500,6203.0,Practice 7,2023-05-21,P,15,v4_team_normalized/evidence/phase4e/official_session_details/2023_session_6203_raw.json,Combined Results|Results|Section Results|Top Section Times,QUALIFYING_WEEKEND_PRACTICE,Practice 7,ERA_B_REFERENCE,OPEN_TRACK_UNOBSERVED_RUN_PLAN,6203,6203,197.0,94.0,15.0,15.0,7.0,4.0,3.0,78.0,99.0,56.0,93.0,179.0,83.0,175.0,190.0,172.0,514.0,199.0,256.0,758.0,205.0,368.0,881.0,253.0,546.0,1303.0,8.0,5.0,3.0,15.0,14.0,10.0,1.0,0.013186666965484619,0.641700001557668,1.416950000127167,0.11100833336512247,0.16638333002726238,1.7458416680494944,5.915683332085609,17.603103333711623,23.159850001335144,78.0,0.0,0.0,0.0,0.0,1.6666666666666643,1.6666666666666643,78.0,0.0,0.0,0.0,0.0,1.1111111111111107,1.1111111111111107,78.0,31.0,0.0,40.0,0.0,51.0,30.0,67.0,46.0,67.0,58.0,78.0,72.0,78.0,94.0,6.0,22.0,4.0,-0.1441615563439369,10.0,True,True,True,True,2.0,MODERN,2023-05-21 15:32:58.196000099+00:00,117.84638333320618,1.0,0.0,True,1.0,,10.0,True,True,78.0,0.0,True,B,limitation: state_open_track,OFFICIAL_SESSION_JSON+TIMING71_LAP_JSON,OBSERVED_LAP_TIMESTAMP,1
2023,107th Running of the Indianapolis 500,6202.0,Qualifications - Day 1,2023-05-20,Q,34,v4_team_normalized/evidence/phase4e/official_session_details/2023_session_6202_raw.json,Overall Results|Results|Results|Section Results|Top Section Times,QUALIFYING_DAY1,Qualifications - Day 1,ERA_B_REFERENCE,SOLO_RUN_FORMAT,6202,6202,285.0,233.0,34.0,34.0,12.0,11.0,6.0,229.0,133.0,33.0,463.0,218.0,36.0,553.0,222.0,61.0,1030.0,222.0,128.0,1677.0,222.0,210.0,2288.0,244.0,333.0,4424.0,34.0,12.0,11.0,34.0,34.0,22.0,7.0,0.6405000011126201,0.6676500002543132,103.39858666578937,0.0,4.907633332411448,13.181783334414165,33.91111666758855,56.01803666909537,149.7700833360354,229.0,0.0,0.0,0.5555555555555571,1.6666666666666714,2.7777777777777786,13.333333333333336,229.0,0.0,0.0,0.0,0.5555555555555536,1.1111111111111107,2.222222222222223,229.0,31.0,19.0,34.0,19.0,60.0,19.0,94.0,25.0,129.0,42.0,168.0,72.0,168.0,233.0,7.0,34.0,7.0,0.14193490264167835,22.0,True,True,True,True,1.0,MODERN,2023-05-20 15:03:03.102999926+00:00,347.88960000276563,1.0,0.0,True,1.0,,25.0,True,True,0.0,0.0,True,A,all criteria met,OFFICIAL_SESSION_JSON+TIMING71_LAP_JSON,OBSERVED_LAP_TIMESTAMP,1
2023,107th Running of the Indianapolis 500,6201.0,Practice 6,2023-05-20,P,10,v4_team_normalized/evidence/phase4e/official_session_details/2023_session_6201_raw.json,Combined Results|Results|Section Results|Top Section Times,QUALIFYING_WEEKEND_PRACTICE,Practice 6,ERA_B_REFERENCE,OPEN_TRACK_UNOBSERVED_RUN_PLAN,6201,6201,98.0,48.0,7.0,7.0,4.0,2.0,1.0,36.0,34.0,0.0,17.0,69.0,0.0,51.0,74.0,9.0,171.0,106.0,31.0,340.0,132.0,74.0,477.0,152.0,162.0,743.0,2.0,1.0,2.0,7.0,7.0,6.0,0.0,0.6172833323478699,0.66703333457311,6.650866667429606,4.097491667668025,4.82327916820844,6.421541668971379,15.061475000778834,16.876858333746593,24.656966666380566,36.0,0.0,0.0,0.5555555555555571,0.5555555555555571,1.1111111111111107,1.1111111111111107,36.0,0.0,0.0,0.0,0.0,0.5555555555555554,0.5555555555555554,36.0,0.0,0.0,0.0,0.0,11.0,0.0,21.0,0.0,27.0,4.0,36.0,14.0,36.0,48.0,7.0,12.0,4.0,-0.7865362663579071,3.0,True,True,True,True,1.0,MODERN,2023-05-20 12:51:08.703000069+00:00,39.12429999907811,1.0,0.0,True,1.0,,4.0,True,True,44.0,0.0,True,C,"limitations: state_open_track,M,O",OFFICIAL_SESSION_JSON+TIMING71_LAP_JSON,OBSERVED_LAP_TIMESTAMP,1
2023,107th Running of the Indianapolis 500,6200.0,Practice 5,2023-05-19,P,34,v4_team_normalized/evidence/phase4e/official_session_details/2023_session_6200_raw.json,Combined Results|Results|Section Results|Top Section Times,FAST_FRIDAY,Practice 5,ERA_B_REFERENCE,OPEN_TRACK_UNOBSERVED_RUN_PLAN,6200,6200,1051.0,515.0,34.0,34.0,12.0,11.0,6.0,492.0,359.0,24.0,503.0,723.0,49.0,1067.0,768.0,220.0,3077.0,797.0,633.0,6462.0,851.0,978.0,9722.0,998.0,1781.0,19183.0,26.0,12.0,8.0,34.0,33.0,33.0,29.0,0.6405500014623006,0.6444000005722046,77.59364999930064,2.2582616690794626,4.8484791656335195,8.626416665315627,18.928624997536343,46.82282833576218,259.7195333321889,492.0,0.0,0.0,0.5555555555555571,1.1111111111111143,2.2222222222222214,5.0,492.0,0.0,0.0,0.0,0.5555555555555571,1.1111111111111107,2.2222222222222214,492.0,26.0,1.0,44.0,5.0,132.0,30.0,278.0,74.0,329.0,150.0,425.0,268.0,425.0,515.0,15.5,135.0,4.0,-0.6725491806950954,46.0,True,True,True,True,1.0,MODERN,2023-05-19 16:01:19.506999969+00:00,358.0150833328565,1.0,0.0,True,1.0,,25.0,True,True,465.0,0.0,True,B,limitation: state_open_track,OFFICIAL_SESSION_JSON+TIMING71_LAP_JSON,OBSERVED_LAP_TIMESTAMP,1
2023,107th Running of the Indianapolis 500,6199.0,Practice 4,2023-05-18,P,34,v4_team_normalized/evidence/phase4e/official_session_details/2023_session_6199_raw.json,Combined Results|Results|Section Results|Top Section Times,PRACTICE,Practice 4,ERA_B_REFERENCE,OPEN_TRACK_UNOBSERVED_RUN_PLAN,6199,6199,3284.0,2340.0,34.0,34.0,12.0,11.0,6.0,2297.0,1964.0,2682.0,19959.0,3616.0,4583.0,36517.0,8496.0,12198.0,96004.0,12000.0,21024.0,175614.0,15083.0,28141.0,247471.0,24000.0,45704.0,450638.0,39.0,170.0,11.0,34.0,34.0,34.0,34.0,0.6681999961535136,0.6950666666030884,10.970666664838792,0.0,0.027783334255218506,0.11226666768391927,2.9281000018119814,7.124380002021792,97.10204999844233,2297.0,0.0,0.0,0.0,0.0,0.5555555555555571,6.111111111111107,2297.0,0.0,0.0,0.0,0.0,0.0,2.2222222222222214,2297.0,1377.0,576.0,1533.0,698.0,1971.0,1124.0,2120.0,1355.0,2182.0,1461.0,2252.0,1587.0,2252.0,2340.0,66.5,355.0,5.0,-0.02213555073905357,182.0,True,True,True,True,1.0,MODERN,2023-05-18 16:01:23.595000029+00:00,359.56986666520436,1.0,0.0,True,1.0,,25.0,True,True,825.0,0.0,True,B,limitation: state_open_track,OFFICIAL_SESSION_JSON+TIMING71_LAP_JSON,OBSERVED_LAP_TIMESTAMP,1
2023,107th Running of the Indianapolis 500,6198.0,Practice 3,2023-05-17,P,34,v4_team_normalized/evidence/phase4e/official_session_details/2023_session_6198_raw.json,Results|Section Results|Combined Results|Top Section Times,PRACTICE,Practice 3,ERA_B_REFERENCE,OPEN_TRACK_UNOBSERVED_RUN_PLAN,6198,6198,3595.0,2552.0,34.0,34.0,12.0,11.0,6.0,2516.0,2108.0,3297.0,28016.0,3840.0,5780.0,51697.0,8829.0,14812.0,134061.0,12416.0,25061.0,241865.0,16000.0,32634.0,337610.0,25833.0,52970.0,586776.0,39.0,196.0,11.0,34.0,34.0,34.0,34.0,0.668916666507721,0.6967166662216187,11.478406667311997,0.0,0.027866669495900474,0.19516666730244955,2.6263166666030884,6.577549999952316,50.694200003147124,2516.0,0.0,0.0,0.0,0.0,0.5555555555555571,2.7777777777777786,2516.0,0.0,0.0,0.0,0.0,0.0,1.6666666666666679,2516.0,1585.0,713.0,1794.0,889.0,2171.0,1319.0,2356.0,1528.0,2387.0,1616.0,2474.0,1733.0,2474.0,2552.0,79.0,408.0,4.0,0.02778412003842376,196.0,True,True,True,True,2.0,MODERN,2023-05-17 14:03:08.411000013+00:00,477.14984999895097,1.0,0.0,True,1.0,,33.0,True,True,959.0,0.0,True,B,limitation: state_open_track,OFFICIAL_SESSION_JSON+TIMING71_LAP_JSON,OBSERVED_LAP_TIMESTAMP,1
2024,108th Running of the Indianapolis 500,6309.0,Race,2024-05-26,R,33,v4_team_normalized/evidence/phase4e/official_session_details/2024_session_6309_raw.json,Box Score|Event Summary|Lap Chart|Leader Lap Summary|Pit Stop Summary|Results|Section Results|Top Section Times,RACE,,ERA_B_REFERENCE,RACE_STATE_CONFOUNDED,6309,6309,7474.0,5104.0,29.0,29.0,11.0,10.0,6.0,5087.0,45504.0,16778.0,265109.0,85032.0,29759.0,478678.0,175520.0,66253.0,1051498.0,236786.0,100306.0,1559563.0,260870.0,119837.0,1839781.0,527957.0,240642.0,3859001.0,28.0,210.0,10.0,29.0,29.0,29.0,29.0,0.027516667048136392,0.6435166676839192,0.7840699998537707,0.0,0.0,0.053083332379659016,0.13761666615804036,0.29829333384831747,127.71353333393732,5087.0,0.0,0.0,0.0,0.0,0.0,5.0000000000000036,5087.0,0.0,0.0,0.0,0.0,0.0,1.6666666666666679,5087.0,4931.0,2608.0,4957.0,2661.0,4967.0,2671.0,4973.0,2680.0,4975.0,2682.0,4998.0,2758.0,4998.0,5104.0,153.0,167.0,24.0,0.40000585920341886,165.0,True,True,True,True,1.0,MODERN,2024-05-26 20:46:36.384000063+00:00,178.04684999783834,1.0,0.0,True,1.0,,13.0,True,True,2362.0,0.0,True,C,race state confounded; limitations: none,OFFICIAL_SESSION_JSON+TIMING71_LAP_JSON,OBSERVED_LAP_TIMESTAMP,1
2024,108th Running of the Indianapolis 500,6388.0,Final Practice (Carb Day),2024-05-24,P,33,v4_team_normalized/evidence/phase4e/official_session_details/2024_session_6388_raw.json,Combined Results|Results|Section Results|Top Section Times|Top Section Times,CARB_DAY,,ERA_B_REFERENCE,OPEN_TRACK_UNOBSERVED_RUN_PLAN,6388,6388,2728.0,2120.0,33.0,33.0,11.0,10.0,7.0,2054.0,1918.0,3683.0,41593.0,3679.0,6606.0,75630.0,10268.0,17765.0,198484.0,16180.0,32596.0,366071.0,21573.0,46784.0,538376.0,36785.0,85967.0,991171.0,40.0,135.0,10.0,33.0,33.0,33.0,33.0,0.6609833319981893,0.6884833335876465,0.716816668510437,0.0,0.027516663074493408,0.05509999990463257,0.6333625018596649,2.810618332227071,30.577266665299735,2054.0,0.0,0.0,0.0,0.0,0.0,2.2222222222222214,2054.0,0.0,0.0,0.0,0.0,0.0,1.1111111111111107,2054.0,1633.0,886.0,1741.0,1062.0,1952.0,1475.0,2014.0,1562.0,2042.0,1605.0,2053.0,1670.0,2053.0,2120.0,65.0,197.0,8.0,0.042289245637787506,136.0,True,True,True,True,2.0,MODERN,2024-05-24 15:01:27.040999889+00:00,205.867700000604,1.0,0.0,True,1.0,,9.0,True,True,602.0,0.0,True,B,limitation: state_open_track,OFFICIAL_SESSION_JSON+TIMING71_LAP_JSON,OBSERVED_LAP_TIMESTAMP,1
2024,108th Running of the Indianapolis 500,6387.0,Practice 8,2024-05-20,P,33,v4_team_normalized/evidence/phase4e/official_session_details/2024_session_6387_raw.json,Combined Results|Results|Section Results|Top Section Times,POST_QUALIFYING_PRACTICE,Practice 8,ERA_B_REFERENCE,OPEN_TRACK_UNOBSERVED_RUN_PLAN,6387,6387,2502.0,1960.0,33.0,33.0,11.0,10.0,7.0,1923.0,1748.0,3156.0,38046.0,3327.0,5672.0,69057.0,8933.0,14577.0,175675.0,13241.0,26267.0,309105.0,16927.0,36528.0,427660.0,28593.0,65835.0,772861.0,40.0,137.0,10.0,33.0,33.0,33.0,33.0,0.6657500012715657,0.6934999982515971,0.7671333344777439,0.0,0.027583332856496175,0.05581666628519694,0.6200999995072682,3.425479998588562,73.12165000041325,1923.0,0.0,0.0,0.0,0.0,0.0,2.2222222222222214,1923.0,0.0,0.0,0.0,0.0,0.0,1.1111111111111107,1923.0,1504.0,831.0,1607.0,1025.0,1806.0,1448.0,1872.0,1559.0,1891.0,1582.0,1900.0,1596.0,1900.0,1960.0,59.0,196.0,7.0,0.09299944391267932,138.0,True,True,True,True,1.0,MODERN,2024-05-20 17:01:43.444999933+00:00,119.18428333600362,1.0,0.0,True,1.0,,9.0,True,True,509.0,0.0,True,B,limitation: state_open_track,OFFICIAL_SESSION_JSON+TIMING71_LAP_JSON,OBSERVED_LAP_TIMESTAMP,1
2024,108th Running of the Indianapolis 500,6386.0,Qualifications - Firestone Fast 6,2024-05-19,Q,6,v4_team_normalized/evidence/phase4e/official_session_details/2024_session_6386_raw.json,Overall Results|Results|Section Results|Top Section Times,QUALIFYING_OTHER,Qualifications - Firestone Fast 6,ERA_B_REFERENCE,SOLO_RUN_FORMAT,6386,6386,46.0,31.0,10.0,10.0,6.0,3.0,1.0,19.0,20.0,0.0,0.0,31.0,0.0,0.0,31.0,21.0,18.0,31.0,35.0,61.0,31.0,36.0,97.0,31.0,36.0,165.0,3.0,0.0,2.0,9.0,9.0,1.0,0.0,0.627133329709371,0.6521166682243347,0.6774333318074545,3.074486668109894,3.3609333356221516,3.736200002829234,4.502291667461395,44.241330000559486,45.41581666469574,19.0,0.0,1.1111111111111072,1.6666666666666714,1.6666666666666714,2.7777777777777786,2.7777777777777786,19.0,0.0,0.0,1.1111111111111107,1.1111111111111107,1.6666666666666679,1.6666666666666679,19.0,0.0,0.0,0.0,0.0,15.0,3.0,15.0,9.0,15.0,9.0,15.0,9.0,15.0,31.0,3.0,10.0,3.0,0.716618829297737,1.0,True,True,True,True,2.0,MODERN,2024-05-19 20:12:42.812000036+00:00,93.93348333438237,1.0,0.0,True,1.0,,8.0,True,True,5.0,0.0,True,B,limitation: O,OFFICIAL_SESSION_JSON+TIMING71_LAP_JSON,OBSERVED_LAP_TIMESTAMP,1
2024,108th Running of the Indianapolis 500,6385.0,Qualifications - Last Chance,2024-05-19,Q,4,v4_team_normalized/evidence/phase4e/official_session_details/2024_session_6385_raw.json,Results|Section Results|Top Section Times,QUALIFYING_OTHER,Qualifications - Last Chance,ERA_B_REFERENCE,SOLO_RUN_FORMAT,,,,,,,,,,,,,,,,,,,,,,,,,,,,,,,,,,,,,,,,,,,,,,,,,,,,,,,,,,,,,,,,,,,,,,,,,,,,,,,,,,,,,,,,,False,,,,True,,,,True,D,not T / not I / <2 multi-car teams / aggregate,OFFICIAL_SESSION_JSON_ONLY(+official PDFs not ingested),SESSION_LEVEL_ONLY,0
2024,108th Running of the Indianapolis 500,6384.0,Qualifications - Top-12,2024-05-19,Q,12,v4_team_normalized/evidence/phase4e/official_session_details/2024_session_6384_raw.json,Results|Section Results|Top Section Times,QUALIFYING_OTHER,Qualifications - Top-12,ERA_B_REFERENCE,SOLO_RUN_FORMAT,6384,6384,48.0,36.0,12.0,12.0,8.0,2.0,2.0,18.0,24.0,0.0,0.0,36.0,0.0,0.0,36.0,12.0,60.0,36.0,33.0,142.0,36.0,36.0,231.0,36.0,54.0,405.0,2.0,2.0,1.0,12.0,12.0,0.0,0.0,0.6271599984169006,0.6522083342075348,0.6528566650549571,3.55098166624705,4.1674333343903225,6.112933335701625,8.501295835773151,17.005171666145326,18.096266667048138,18.0,0.0,0.0,0.0,1.6666666666666714,2.7777777777777786,2.7777777777777786,18.0,0.0,0.0,0.0,0.0,0.5555555555555536,0.5555555555555536,18.0,0.0,0.0,0.0,0.0,9.0,3.0,15.0,9.0,15.0,9.0,18.0,18.0,18.0,36.0,3.0,12.0,3.0,,0.0,True,True,True,True,1.0,MODERN,2024-05-19 19:02:58.415999889+00:00,51.99695000251134,1.0,0.0,True,1.0,,5.0,True,True,0.0,0.0,True,C,"limitations: M,O",OFFICIAL_SESSION_JSON+TIMING71_LAP_JSON,OBSERVED_LAP_TIMESTAMP,1
2024,108th Running of the Indianapolis 500,6383.0,Practice 7,2024-05-19,P,15,v4_team_normalized/evidence/phase4e/official_session_details/2024_session_6383_raw.json,Combined Results|Results|Section Results|Top Section Times,QUALIFYING_WEEKEND_PRACTICE,Practice 7,ERA_B_REFERENCE,OPEN_TRACK_UNOBSERVED_RUN_PLAN,6383,6383,196.0,96.0,15.0,15.0,8.0,5.0,2.0,76.0,68.0,0.0,54.0,135.0,2.0,112.0,145.0,26.0,387.0,151.0,120.0,781.0,163.0,192.0,1150.0,265.0,285.0,2006.0,4.0,3.0,2.0,15.0,14.0,11.0,2.0,0.6278666655222574,0.6527833342552185,14.933616665999095,2.865216666460037,4.535650000969569,14.623766666650772,33.336262499292694,54.63409166733424,80.20285000006358,76.0,0.0,0.0,0.8333333333333321,3.888888888888893,5.555555555555557,5.555555555555557,76.0,0.0,0.0,0.0,0.0,1.1111111111111143,1.1111111111111143,76.0,0.0,0.0,3.0,0.0,21.0,3.0,34.0,20.0,40.0,34.0,57.0,36.0,57.0,96.0,7.0,26.0,4.0,-0.367843375702879,9.0,True,True,True,True,1.0,MODERN,2024-05-19 16:01:38.862999916+00:00,108.580233335495,1.0,0.0,True,1.0,,9.0,True,True,84.0,0.0,True,C,"limitations: state_open_track,O",OFFICIAL_SESSION_JSON+TIMING71_LAP_JSON,OBSERVED_LAP_TIMESTAMP,1
2024,108th Running of the Indianapolis 500,6382.0,Qualifications - Day 1,2024-05-18,Q,34,v4_team_normalized/evidence/phase4e/official_session_details/2024_session_6382_raw.json,Results|Section Results|Top Section Times,QUALIFYING_DAY1,Qualifications - Day 1,ERA_B_REFERENCE,SOLO_RUN_FORMAT,6382,6382,210.0,161.0,27.0,27.0,11.0,9.0,5.0,151.0,106.0,2.0,13.0,173.0,2.0,18.0,173.0,35.0,178.0,173.0,72.0,485.0,173.0,117.0,761.0,174.0,186.0,1566.0,5.0,3.0,3.0,27.0,26.0,17.0,4.0,0.6244866665204366,0.6520500004291534,163.93942000309627,3.693833335240682,11.213724998633067,23.44561666647593,58.23893333474795,99.69793333609898,320.34118333260216,151.0,0.0,0.5555555555555571,1.6666666666666643,2.7777777777777786,5.0,11.111111111111107,151.0,0.0,0.0,0.5555555555555536,0.5555555555555571,1.1111111111111107,3.8888888888888893,151.0,3.0,0.0,3.0,0.0,26.0,4.0,35.0,17.0,62.0,21.0,82.0,33.0,82.0,161.0,6.0,27.0,6.0,0.07353774715136382,17.0,True,True,True,True,1.0,MODERN,2024-05-18 15:02:23.448999882+00:00,407.4005000034968,1.0,0.0,True,1.0,,29.0,True,True,2.0,0.0,True,A,all criteria met,OFFICIAL_SESSION_JSON+TIMING71_LAP_JSON,OBSERVED_LAP_TIMESTAMP,1
2024,108th Running of the Indianapolis 500,6381.0,Practice 6,2024-05-18,P,9,v4_team_normalized/evidence/phase4e/official_session_details/2024_session_6381_raw.json,Combined Results|Results|Section Results|Top Section Times,QUALIFYING_WEEKEND_PRACTICE,Practice 6,ERA_B_REFERENCE,OPEN_TRACK_UNOBSERVED_RUN_PLAN,6381,6381,63.0,34.0,5.0,5.0,3.0,1.0,1.0,22.0,26.0,0.0,16.0,53.0,0.0,31.0,59.0,17.0,80.0,59.0,84.0,159.0,77.0,120.0,195.0,110.0,155.0,296.0,3.0,0.0,1.0,5.0,5.0,4.0,1.0,0.6275899998346964,0.6529333313306173,2.9484800004959024,3.4390833338101703,3.634495831529299,4.155024999380112,5.70927916765213,7.069169999758404,8.464866665999095,22.0,0.0,0.0,0.0,0.5555555555555536,0.5555555555555536,0.5555555555555536,22.0,0.0,0.0,0.0,0.5555555555555571,0.5555555555555571,0.5555555555555571,22.0,0.0,0.0,0.0,0.0,15.0,2.0,22.0,12.0,22.0,17.0,22.0,22.0,22.0,34.0,7.0,8.0,4.5,-0.7780530586381563,4.0,True,True,True,True,1.0,MODERN,2024-05-18 13:01:26.147000074+00:00,30.282299999396006,1.0,0.0,True,1.0,,4.0,True,True,25.0,0.0,True,D,not T / not I / <2 multi-car teams / aggregate,OFFICIAL_SESSION_JSON+TIMING71_LAP_JSON,OBSERVED_LAP_TIMESTAMP,1
2024,108th Running of the Indianapolis 500,6380.0,Practice 5,2024-05-17,P,34,v4_team_normalized/evidence/phase4e/official_session_details/2024_session_6380_raw.json,Combined Results|Results|Section Results|Top Section Times,FAST_FRIDAY,Practice 5,ERA_B_REFERENCE,OPEN_TRACK_UNOBSERVED_RUN_PLAN,6380,6380,301.0,164.0,27.0,27.0,10.0,8.0,4.0,149.0,117.0,21.0,365.0,242.0,48.0,757.0,264.0,203.0,1942.0,273.0,416.0,3834.0,330.0,604.0,5514.0,490.0,955.0,9078.0,17.0,14.0,6.0,26.0,24.0,16.0,5.0,0.6246400006612142,0.6516999999682108,11.592553334236145,0.4798133341471355,1.7372000018755596,2.958216667175293,7.274383334318797,12.720180001258852,32.52710000276566,149.0,0.0,0.0,0.0,0.5555555555555571,1.1111111111111072,1.1111111111111143,149.0,0.0,0.0,0.0,0.5555555555555536,0.5555555555555536,0.5555555555555536,149.0,22.0,0.0,44.0,1.0,98.0,40.0,126.0,79.0,141.0,90.0,145.0,106.0,145.0,164.0,5.0,43.0,4.0,-0.669511917578215,19.0,True,True,True,True,1.0,MODERN,2024-05-17 20:58:57.068000078+00:00,62.126449998219805,1.0,0.0,True,1.0,,6.0,True,True,127.0,0.0,True,B,limitation: state_open_track,OFFICIAL_SESSION_JSON+TIMING71_LAP_JSON,OBSERVED_LAP_TIMESTAMP,1
2024,108th Running of the Indianapolis 500,6379.0,Practice 4,2024-05-16,P,34,v4_team_normalized/evidence/phase4e/official_session_details/2024_session_6379_raw.json,Combined Results|Results|Section Results|Top Section Times,PRACTICE,Practice 4,ERA_B_REFERENCE,OPEN_TRACK_UNOBSERVED_RUN_PLAN,,,,,,,,,,,,,,,,,,,,,,,,,,,,,,,,,,,,,,,,,,,,,,,,,,,,,,,,,,,,,,,,,,,,,,,,,,,,,,,,,,,,,,,,,False,,,,True,,,,True,D,not T / not I / <2 multi-car teams / aggregate,OFFICIAL_SESSION_JSON_ONLY(+official PDFs not ingested),SESSION_LEVEL_ONLY,0
2024,108th Running of the Indianapolis 500,6378.0,Practice 3,2024-05-15,P,34,v4_team_normalized/evidence/phase4e/official_session_details/2024_session_6378_raw.json,Combined Results|Results|Section Results|Top Section Times,PRACTICE,Practice 3,ERA_B_REFERENCE,OPEN_TRACK_UNOBSERVED_RUN_PLAN,6378,6378,2134.0,1577.0,34.0,34.0,11.0,11.0,7.0,1577.0,1394.0,2681.0,25097.0,2597.0,4712.0,46204.0,6103.0,10855.0,107374.0,7685.0,16075.0,164200.0,8878.0,19292.0,204546.0,14261.0,29810.0,341231.0,41.0,124.0,11.0,34.0,34.0,34.0,33.0,0.6623033348719278,0.6898666699727376,9.549896667798354,0.0,0.02763333320617676,0.05588333209355672,0.9374499996503194,4.189976667563123,39.6655833363533,1577.0,0.0,0.0,0.0,0.0,0.0,2.2222222222222285,1577.0,0.0,0.0,0.0,0.0,0.0,1.1111111111111107,1577.0,1185.0,605.0,1281.0,756.0,1444.0,1079.0,1504.0,1176.0,1517.0,1206.0,1570.0,1230.0,1570.0,1577.0,48.5,215.0,6.0,-0.02130266555722685,139.0,True,True,True,True,1.0,MODERN,2024-05-15 19:06:58.006000042+00:00,170.7025499979655,1.0,0.0,True,1.0,,13.0,True,True,503.0,0.0,True,B,limitation: state_open_track,OFFICIAL_SESSION_JSON+TIMING71_LAP_JSON,OBSERVED_LAP_TIMESTAMP,1
2024,108th Running of the Indianapolis 500,6375.0,Practice 1,2024-05-14,P,29,v4_team_normalized/evidence/phase4e/official_session_details/2024_session_6375_raw.json,Results|Section Results|Top Section Times,PRACTICE,Practice 1,ERA_B_REFERENCE,OPEN_TRACK_UNOBSERVED_RUN_PLAN,6375,6375,238.0,128.0,24.0,24.0,11.0,7.0,5.0,108.0,103.0,213.0,1122.0,190.0,375.0,2288.0,370.0,754.0,5020.0,385.0,810.0,6780.0,392.0,817.0,6919.0,392.0,817.0,6919.0,17.0,8.0,7.0,22.0,19.0,12.0,4.0,0.6472766665617625,0.675950002670288,0.7046066653728486,0.0,0.0,0.09852499961853028,0.6825666666030883,3.105395000378289,9.59993333419164,108.0,0.0,0.0,0.0,0.0,0.0,0.5555555555555571,108.0,0.0,0.0,0.0,0.0,0.0,0.0,108.0,86.0,55.0,91.0,65.0,106.0,78.0,108.0,86.0,108.0,91.0,108.0,91.0,108.0,128.0,4.5,25.0,4.0,0.20864043408094538,11.0,True,True,True,True,1.0,MODERN,2024-05-14 13:12:04.765000105+00:00,77.11471666495005,1.0,0.0,True,1.0,,7.0,True,True,78.0,0.0,True,B,limitation: state_open_track,OFFICIAL_SESSION_JSON+TIMING71_LAP_JSON,OBSERVED_LAP_TIMESTAMP,1
2025,109th Running of the Indianapolis 500,6460.0,Race,2025-05-25,R,33,r6_regime_extension/evidence/official_api_v2/2025_session_6460_raw.json,Box Score|Event Summary|Lap Chart|Leader Lap Summary|Pit Stop Summary|Results|Section Results|Top Section Times,RACE,,ERA_C_HYBRID,RACE_STATE_CONFOUNDED,6460,6460,5672.0,4039.0,31.0,31.0,12.0,11.0,6.0,3973.0,4561.0,10291.0,149890.0,8908.0,19047.0,276040.0,26171.0,46872.0,675813.0,47840.0,84115.0,1212346.0,66351.0,115921.0,1667216.0,111291.0,191536.0,2744994.0,29.0,221.0,11.0,31.0,31.0,31.0,31.0,0.6623499989509583,0.6938499967257182,0.7220999995867411,0.0,0.027749999364217123,0.055533333619435625,0.11111666361490885,0.3051066668828329,103.93913333415985,3973.0,0.0,0.0,0.0,0.0,0.0,1.1111111111111107,3973.0,0.0,0.0,0.0,0.0,0.0,0.5555555555555571,3973.0,3669.0,2289.0,3704.0,2354.0,3712.0,2359.0,3727.0,2363.0,3741.0,2363.0,3768.0,2363.0,3768.0,4039.0,148.0,164.0,27.0,0.6119507193423331,161.0,True,True,True,True,1.0,MODERN,2025-05-25 17:30:55.342999935+00:00,176.932366669178,1.0,0.0,True,1.0,,13.0,True,True,1629.0,0.0,True,C,race state confounded; limitations: none,OFFICIAL_SESSION_JSON+TIMING71_LAP_JSON,OBSERVED_LAP_TIMESTAMP,1
2025,109th Running of the Indianapolis 500,6662.0,Final Practice (Carb Day),2025-05-23,P,33,r6_regime_extension/evidence/official_api_v2/2025_session_6662_raw.json,Combined Results|Results|Section Results|Top Section Times,CARB_DAY,,ERA_C_HYBRID,OPEN_TRACK_UNOBSERVED_RUN_PLAN,6662,6662,1988.0,1414.0,33.0,33.0,12.0,11.0,7.0,1365.0,1235.0,2135.0,27743.0,2322.0,3706.0,48843.0,6069.0,9200.0,121251.0,9107.0,16096.0,212941.0,11118.0,21174.0,282052.0,16307.0,31170.0,440045.0,33.0,110.0,11.0,33.0,33.0,32.0,32.0,0.6673833330472311,0.6952333331108094,2.671583334604899,0.0,0.027816665172576905,0.08334999879201253,0.6671499967575073,3.2036666671435112,14.687916668256124,1365.0,0.0,0.0,0.0,0.0,0.0,2.222222222222225,1365.0,0.0,0.0,0.0,0.0,0.0,1.1111111111111107,1365.0,1068.0,474.0,1137.0,579.0,1311.0,818.0,1358.0,958.0,1365.0,980.0,1365.0,985.0,1365.0,1414.0,44.0,173.0,6.0,0.19503577947238912,108.0,True,True,True,True,3.0,MODERN,2025-05-23 15:01:19.964999914+00:00,206.1110833366712,1.0,0.0,True,1.0,,9.0,True,True,559.0,0.0,True,B,limitation: state_open_track,OFFICIAL_SESSION_JSON+TIMING71_LAP_JSON,OBSERVED_LAP_TIMESTAMP,1
2025,109th Running of the Indianapolis 500,6663.0,Practice 8,2025-05-19,P,33,r6_regime_extension/evidence/official_api_v2/2025_session_6663_raw.json,Combined Results|Results|Section Results|Top Section Times,POST_QUALIFYING_PRACTICE,Practice 8,ERA_C_HYBRID,OPEN_TRACK_UNOBSERVED_RUN_PLAN,6663,6663,2076.0,1548.0,33.0,33.0,12.0,11.0,7.0,1493.0,1346.0,1913.0,26607.0,2524.0,3401.0,46926.0,6456.0,8500.0,116730.0,9095.0,14025.0,196517.0,11568.0,19035.0,277197.0,20790.0,35375.0,521837.0,34.0,132.0,11.0,33.0,33.0,32.0,31.0,0.6670000012715658,0.6948499997456868,5.55757333358129,0.027550001939137776,0.05516666571299235,0.11111666758855183,1.4188000003496806,4.0413833324114465,41.72018333276113,1493.0,0.0,0.0,0.0,0.0,0.0,3.3333333333333357,1493.0,0.0,0.0,0.0,0.0,0.0,1.6666666666666679,1493.0,1051.0,362.0,1169.0,452.0,1389.0,719.0,1442.0,831.0,1471.0,875.0,1485.0,935.0,1485.0,1548.0,51.0,193.0,6.0,0.1066100648826461,123.0,True,True,True,True,1.0,MODERN,2025-05-19 17:01:13.944999933+00:00,119.67996666828792,1.0,0.0,True,1.0,,9.0,True,True,517.0,0.0,True,B,limitation: state_open_track,OFFICIAL_SESSION_JSON+TIMING71_LAP_JSON,OBSERVED_LAP_TIMESTAMP,1
2025,109th Running of the Indianapolis 500,6617.0,Combined Qualifications,2025-05-18,Q,34,r6_regime_extension/evidence/official_api_v2/2025_session_6617_raw.json,Overall Results,AGGREGATE_RESULT,combined result table,ERA_C_HYBRID,NOT_A_SESSION,,,,,,,,,,,,,,,,,,,,,,,,,,,,,,,,,,,,,,,,,,,,,,,,,,,,,,,,,,,,,,,,,,,,,,,,,,,,,,,,,,,,,,,,,False,,,,True,,,,True,D,not T / not I / <2 multi-car teams / aggregate,OFFICIAL_SESSION_JSON_ONLY(+official PDFs not ingested),SESSION_LEVEL_ONLY,0
2025,109th Running of the Indianapolis 500,6660.0,Qualifications - Firestone Fast 6,2025-05-18,Q,6,r6_regime_extension/evidence/official_api_v2/2025_session_6660_raw.json,Overall Results|Results|Section Results|Top Section Times,QUALIFYING_OTHER,Qualifications - Firestone Fast 6,ERA_C_HYBRID,SOLO_RUN_FORMAT,6660,6660,61.0,40.0,10.0,10.0,7.0,3.0,0.0,25.0,26.0,0.0,0.0,49.0,0.0,0.0,49.0,17.0,28.0,49.0,30.0,102.0,49.0,30.0,174.0,49.0,30.0,293.0,2.0,0.0,2.0,10.0,9.0,2.0,0.0,0.6393116660912832,0.6399416665236155,1.304766670068105,3.4792999982833863,4.119199999173483,4.760283335049947,5.501649999618531,92.81461999893189,93.73591666618982,25.0,0.0,0.0,0.0,0.5555555555555571,5.555555555555557,5.555555555555557,25.0,0.0,0.0,0.0,0.0,0.5555555555555571,0.5555555555555571,25.0,0.0,0.0,0.0,0.0,16.0,0.0,19.0,0.0,19.0,0.0,19.0,0.0,19.0,40.0,4.0,10.0,4.0,0.8937294385000992,2.0,True,True,True,True,2.0,MODERN,2025-05-18 21:22:16.697000027+00:00,95.70594999790191,1.0,0.0,True,1.0,,8.0,True,True,2.0,0.0,True,B,limitation: O,OFFICIAL_SESSION_JSON+TIMING71_LAP_JSON,OBSERVED_LAP_TIMESTAMP,1
2025,109th Running of the Indianapolis 500,6659.0,Qualifications - Last Chance,2025-05-18,Q,5,r6_regime_extension/evidence/official_api_v2/2025_session_6659_raw.json,Overall Results|Results|Section Results|Top Section Times,QUALIFYING_OTHER,Qualifications - Last Chance,ERA_C_HYBRID,SOLO_RUN_FORMAT,6659,6659,40.0,29.0,9.0,9.0,7.0,2.0,0.0,13.0,19.0,0.0,0.0,35.0,0.0,0.0,35.0,0.0,49.0,35.0,4.0,130.0,35.0,6.0,194.0,35.0,6.0,331.0,0.0,0.0,0.0,9.0,7.0,0.0,0.0,0.6395299994945527,0.6397499998410543,0.6654883317152659,8.781223336855572,9.31373333533605,31.172166669368742,32.451049999396005,32.988440000216166,33.11681666771571,13.0,0.55555555555555,0.55555555555555,0.55555555555555,0.55555555555555,0.55555555555555,0.55555555555555,13.0,0.5555555555555571,0.5555555555555571,0.5555555555555571,0.5555555555555571,0.5555555555555571,0.5555555555555571,13.0,0.0,0.0,0.0,0.0,0.0,0.0,4.0,0.0,5.0,0.0,5.0,0.0,5.0,29.0,3.0,9.0,3.0,,0.0,True,False,True,False,1.0,MODERN,2025-05-18 20:06:52.040999889+00:00,40.99675000111262,1.0,0.0,True,1.0,,5.0,True,True,0.0,0.0,True,C,"limitations: M,O",OFFICIAL_SESSION_JSON+TIMING71_LAP_JSON,OBSERVED_LAP_TIMESTAMP,1
2025,109th Running of the Indianapolis 500,6658.0,Qualifications - Top-12,2025-05-18,Q,9,r6_regime_extension/evidence/official_api_v2/2025_session_6658_raw.json,Overall Results|Results|Section Results|Top Section Times,QUALIFYING_OTHER,Qualifications - Top-12,ERA_C_HYBRID,SOLO_RUN_FORMAT,,,,,,,,,,,,,,,,,,,,,,,,,,,,,,,,,,,,,,,,,,,,,,,,,,,,,,,,,,,,,,,,,,,,,,,,,,,,,,,,,,,,,,,,,False,,,,True,,,,True,D,not T / not I / <2 multi-car teams / aggregate,OFFICIAL_SESSION_JSON_ONLY(+official PDFs not ingested),SESSION_LEVEL_ONLY,0
2025,109th Running of the Indianapolis 500,6661.0,Practice 7,2025-05-18,P,14,r6_regime_extension/evidence/official_api_v2/2025_session_6661_raw.json,Combined Results|Results|Section Results|Top Section Times,QUALIFYING_WEEKEND_PRACTICE,Practice 7,ERA_C_HYBRID,OPEN_TRACK_UNOBSERVED_RUN_PLAN,6661,6661,118.0,60.0,11.0,11.0,7.0,3.0,1.0,40.0,45.0,0.0,70.0,90.0,0.0,126.0,94.0,36.0,328.0,94.0,75.0,589.0,94.0,81.0,676.0,94.0,81.0,704.0,3.0,0.0,3.0,11.0,11.0,5.0,0.0,0.6398333326975505,0.6405999978383382,0.6672466651598612,2.753023332754771,3.3008708318074547,4.022516667842865,5.22485000093778,8.810045000712076,10.0906999985377,40.0,0.0,0.0,0.0,0.0,0.0,1.1111111111111072,40.0,0.0,0.0,0.0,0.0,0.0,0.5555555555555571,40.0,0.0,0.0,0.0,0.0,29.0,0.0,39.0,0.0,40.0,0.0,40.0,0.0,40.0,60.0,4.0,15.0,4.0,-0.8473861701845185,4.0,True,True,True,True,1.0,MODERN,2025-05-18 17:01:14.634999990+00:00,69.23508333365122,1.0,0.0,True,1.0,,6.0,True,True,47.0,0.0,True,B,limitation: state_open_track,OFFICIAL_SESSION_JSON+TIMING71_LAP_JSON,OBSERVED_LAP_TIMESTAMP,1
2025,109th Running of the Indianapolis 500,6656.0,Qualifications - Day 1,2025-05-17,Q,34,r6_regime_extension/evidence/official_api_v2/2025_session_6656_raw.json,Overall Results|Results|Section Results|Top Section Times,QUALIFYING_DAY1,Qualifications - Day 1,ERA_C_HYBRID,SOLO_RUN_FORMAT,6656,6656,337.0,263.0,34.0,34.0,12.0,12.0,7.0,263.0,191.0,0.0,0.0,368.0,0.0,0.0,368.0,30.0,506.0,368.0,85.0,1411.0,368.0,139.0,2243.0,368.0,270.0,4431.0,3.0,2.0,3.0,34.0,34.0,28.0,6.0,0.6389633313814799,0.6402666687965393,152.76157333294552,6.918133334318797,12.84521666765213,31.38029999732971,59.980333334207536,128.6329433321955,308.3338833332062,263.0,0.0,0.55555555555555,1.1111111111111143,2.7777777777777786,5.555555555555557,8.888888888888886,263.0,0.0,0.0,0.5555555555555571,1.1111111111111107,1.1111111111111107,2.7777777777777786,263.0,0.0,0.0,0.0,0.0,24.0,0.0,50.0,0.0,80.0,3.0,130.0,21.0,130.0,263.0,8.0,34.0,8.0,0.056859644645102056,28.0,True,True,True,True,1.0,MODERN,2025-05-17 15:05:46.878000021+00:00,404.4936166644096,1.0,0.0,True,1.0,,28.0,True,True,0.0,0.0,True,A,all criteria met,OFFICIAL_SESSION_JSON+TIMING71_LAP_JSON,OBSERVED_LAP_TIMESTAMP,1
2025,109th Running of the Indianapolis 500,6657.0,Practice 6,2025-05-17,P,23,r6_regime_extension/evidence/official_api_v2/2025_session_6657_raw.json,Combined Results|Results|Section Results|Top Section Times,QUALIFYING_WEEKEND_PRACTICE,Practice 6,ERA_C_HYBRID,OPEN_TRACK_UNOBSERVED_RUN_PLAN,6657,6657,202.0,108.0,23.0,23.0,11.0,8.0,3.0,95.0,72.0,18.0,240.0,137.0,33.0,473.0,142.0,68.0,1090.0,155.0,97.0,1670.0,171.0,105.0,2296.0,207.0,208.0,3348.0,8.0,6.0,5.0,22.0,21.0,10.0,0.0,0.6390699990590414,0.6655166665712993,8.266806665261612,0.1281500013669332,2.148799999554952,9.046466664473217,32.429749999443686,39.765719998677575,58.26270000139872,95.0,0.0,0.0,0.5555555555555571,2.7777777777777786,3.333333333333332,3.8888888888888893,95.0,0.0,0.0,0.0,0.5555555555555536,0.5555555555555536,0.5555555555555536,95.0,17.0,0.0,23.0,0.0,42.0,6.0,48.0,9.0,48.0,11.0,70.0,30.0,70.0,108.0,4.0,31.0,4.0,-0.6533762875513565,6.0,True,True,True,True,1.0,MODERN,2025-05-17 12:31:47.688999891+00:00,64.85893333355585,1.0,0.0,True,1.0,,5.0,True,True,76.0,0.0,True,B,limitation: state_open_track,OFFICIAL_SESSION_JSON+TIMING71_LAP_JSON,OBSERVED_LAP_TIMESTAMP,1
2025,109th Running of the Indianapolis 500,6655.0,Practice 5,2025-05-16,P,34,r6_regime_extension/evidence/official_api_v2/2025_session_6655_raw.json,Combined Results|Results|Section Results|Top Section Times,FAST_FRIDAY,Practice 5,ERA_C_HYBRID,OPEN_TRACK_UNOBSERVED_RUN_PLAN,6655,6655,618.0,313.0,33.0,33.0,12.0,12.0,6.0,313.0,212.0,8.0,289.0,438.0,13.0,562.0,488.0,94.0,1460.0,518.0,264.0,2803.0,548.0,408.0,4264.0,672.0,730.0,7865.0,9.0,6.0,8.0,32.0,32.0,30.0,16.0,0.6392483333746592,0.6671666661898296,66.0566849998633,3.0295400007565814,5.1979333360989886,12.278916664918263,34.494683333237965,71.40863000233969,197.42861666679383,313.0,0.0,0.0,1.1111111111111143,3.3333333333333286,5.0,7.777777777777779,313.0,0.0,0.0,0.0,0.5555555555555571,1.6666666666666643,3.333333333333332,313.0,12.0,0.0,16.0,0.0,71.0,0.0,133.0,5.0,181.0,26.0,224.0,73.0,224.0,313.0,9.0,82.0,4.0,-0.5386172603401345,40.0,True,True,True,True,1.0,MODERN,2025-05-16 16:02:47.523000001+00:00,354.27874999841055,1.0,0.0,True,1.0,,24.0,True,True,280.0,0.0,True,B,limitation: state_open_track,OFFICIAL_SESSION_JSON+TIMING71_LAP_JSON,OBSERVED_LAP_TIMESTAMP,1
2025,109th Running of the Indianapolis 500,6654.0,Practice 4,2025-05-15,P,34,r6_regime_extension/evidence/official_api_v2/2025_session_6654_raw.json,Combined Results|Results|Section Results|Top Section Times,PRACTICE,Practice 4,ERA_C_HYBRID,OPEN_TRACK_UNOBSERVED_RUN_PLAN,6654,6654,2399.0,1714.0,34.0,35.0,12.0,12.0,7.0,1714.0,1446.0,1613.0,11301.0,2646.0,2682.0,20168.0,6221.0,6999.0,53193.0,8276.0,11102.0,93406.0,9848.0,14249.0,127494.0,15450.0,24993.0,230325.0,32.0,113.0,12.0,34.0,34.0,34.0,34.0,0.6709483329455058,0.6991166671117147,12.715549999872866,0.0,0.02790000041325887,1.1128000020980835,6.657241667310397,24.376436665455504,148.23888333241146,1714.0,0.0,0.0,0.0,0.0,2.2222222222222214,11.666666666666668,1714.0,0.0,0.0,0.0,0.0,0.5555555555555571,2.7777777777777786,1714.0,851.0,345.0,935.0,405.0,1228.0,629.0,1373.0,789.0,1454.0,907.0,1578.0,1110.0,1578.0,1714.0,52.0,251.0,5.0,0.02732873090293883,140.0,True,True,True,True,2.0,MODERN,2025-05-15 14:25:05.585999966+00:00,465.04158333539965,1.0,0.0,True,1.0,,32.0,True,True,651.0,0.0,True,B,limitation: state_open_track,OFFICIAL_SESSION_JSON+TIMING71_LAP_JSON,OBSERVED_LAP_TIMESTAMP,1
2025,109th Running of the Indianapolis 500,6653.0,Practice 3,2025-05-14,P,34,r6_regime_extension/evidence/official_api_v2/2025_session_6653_raw.json,Combined Results|Results|Section Results|Top Section Times,PRACTICE,Practice 3,ERA_C_HYBRID,OPEN_TRACK_UNOBSERVED_RUN_PLAN,6653,6653,1033.0,730.0,34.0,34.0,12.0,12.0,7.0,730.0,578.0,471.0,5984.0,1035.0,875.0,11245.0,2027.0,2304.0,28735.0,2529.0,3730.0,53070.0,3468.0,5107.0,72892.0,5171.0,8184.0,119919.0,34.0,68.0,12.0,34.0,34.0,33.0,26.0,0.6712250014146168,0.699399999777476,10.244233334064482,0.0,0.08396666546662648,1.3154833316802979,3.4899541676044463,11.910068334341052,68.94084999958675,730.0,0.0,0.0,0.0,0.0,1.6666666666666643,5.0,730.0,0.0,0.0,0.0,0.0,0.5555555555555571,2.7777777777777786,730.0,338.0,83.0,426.0,135.0,600.0,340.0,644.0,416.0,670.0,437.0,691.0,459.0,691.0,730.0,22.0,139.0,4.0,0.06274489663711849,66.0,True,True,True,True,1.0,MODERN,2025-05-14 17:09:45.296999931+00:00,107.34968333641687,1.0,0.0,True,1.0,,10.0,True,True,281.0,0.0,True,B,limitation: state_open_track,OFFICIAL_SESSION_JSON+TIMING71_LAP_JSON,OBSERVED_LAP_TIMESTAMP,1
2025,109th Running of the Indianapolis 500,6651.0,Practice 1,2025-05-13,P,34,r6_regime_extension/evidence/official_api_v2/2025_session_6651_raw.json,Combined Results|Results|Section Results|Top Section Times,PRACTICE,Practice 1,ERA_C_HYBRID,OPEN_TRACK_UNOBSERVED_RUN_PLAN,6651,6651,863.0,596.0,34.0,34.0,12.0,12.0,7.0,596.0,479.0,532.0,5292.0,856.0,913.0,9539.0,1813.0,2198.0,23001.0,2212.0,3198.0,35368.0,2542.0,3778.0,44891.0,4121.0,6356.0,79134.0,29.0,56.0,11.0,33.0,33.0,32.0,27.0,0.6716166694959005,0.6996000011761984,9.582153333028165,0.0,0.028016666571299236,0.33640000224113464,3.004254165291786,7.460308335224788,68.2234833319982,596.0,0.0,0.0,0.0,0.0,0.5555555555555571,2.7777777777777786,596.0,0.0,0.0,0.0,0.0,0.0,0.5555555555555536,596.0,345.0,90.0,395.0,120.0,514.0,222.0,547.0,291.0,558.0,312.0,578.0,419.0,578.0,596.0,16.0,110.0,4.0,0.08703642497382479,53.0,True,True,True,True,1.0,MODERN,2025-05-13 19:57:12.559000015+00:00,89.86173333326975,1.0,0.0,True,1.0,,8.0,True,True,264.0,0.0,True,B,limitation: state_open_track,OFFICIAL_SESSION_JSON+TIMING71_LAP_JSON,OBSERVED_LAP_TIMESTAMP,1
2023,Indianapolis 500,,(not in official list) Practice 1,2023-05-16,,0,,,PRACTICE,T71_ONLY:Practice 1,ERA_B_REFERENCE,OPEN_TRACK_UNOBSERVED_RUN_PLAN,2023|2023-05-16|PRACTICE|T71_ONLY:Practice 1,2023|2023-05-16|PRACTICE|T71_ONLY:Practice 1,27.0,0.0,0.0,0.0,0.0,0.0,0.0,0.0,0.0,0.0,0.0,0.0,0.0,0.0,0.0,0.0,0.0,0.0,0.0,0.0,0.0,0.0,0.0,0.0,0.0,0.0,0.0,0.0,0.0,0.0,0.0,0.0,0.0,,,,,,,,,,0.0,,,,,,,0.0,,,,,,,0.0,0.0,0.0,0.0,0.0,0.0,0.0,0.0,0.0,0.0,0.0,0.0,0.0,0.0,0.0,,0.0,,,0.0,False,False,False,False,1.0,MODERN,2023-05-16 16:57:53.862999916+00:00,0.0,0.0,0.0,False,0.0,,0.0,False,False,27.0,0.0,True,D,not T / not I / <2 multi-car teams / aggregate,OFFICIAL_SESSION_JSON+TIMING71_LAP_JSON,STINT_TIMESTAMP_ONLY (lap times derived),1
