year,current_time_utc,future_time_utc,requested_horizon_min,actual_horizon_min,target_time_error_min,current_track_temp_c,future_track_temp_c,delta_track_temp_c,current_ambient_temp_c,future_ambient_temp_c,delta_ambient_temp_c,current_shortwave_wm2,future_shortwave_wm2,delta_shortwave_wm2,current_cloud_pct,future_cloud_pct,delta_cloud_pct,current_wind_ms,future_wind_ms,delta_wind_ms,current_gust_ms,future_gust_ms,delta_gust_ms
2020,2020-08-15 12:15:00+00:00,2020-08-15 12:30:00+00:00,15,15.0,0.0,26.666666666666668,27.22222222222222,0.5555555555555536,19.094506835937523,19.094506835937523,0.0,138.1,138.1,0.0,1.375,1.375,0.0,0.673767997843418,0.673767997843418,0.0,0.908822864294052,0.908822864294052,0.0
2020,2020-08-15 12:15:00+00:00,2020-08-15 12:45:00+00:00,30,30.0,0.0,26.666666666666668,27.77777777777778,1.1111111111111107,19.094506835937523,21.178826904296898,2.084320068359375,138.1,335.20000000000005,197.10000000000005,1.375,0.0,-1.375,0.673767997843418,1.3135441473597769,0.6397761495163589,0.908822864294052,1.4195531122386456,0.5107302479445935
2020,2020-08-15 12:15:00+00:00,2020-08-15 13:00:00+00:00,45,45.0,0.0,26.666666666666668,28.88888888888889,2.2222222222222214,19.094506835937523,21.178826904296898,2.084320068359375,138.1,335.20000000000005,197.10000000000005,1.375,0.0,-1.375,0.673767997843418,1.3135441473597769,0.6397761495163589,0.908822864294052,1.4195531122386456,0.5107302479445935
2020,2020-08-15 12:15:00+00:00,2020-08-15 13:15:00+00:00,60,60.0,0.0,26.666666666666668,30.0,3.333333333333332,19.094506835937523,21.178826904296898,2.084320068359375,138.1,335.20000000000005,197.10000000000005,1.375,0.0,-1.375,0.673767997843418,1.3135441473597769,0.6397761495163589,0.908822864294052,1.4195531122386456,0.5107302479445935
2020,2020-08-15 12:30:00+00:00,2020-08-15 12:45:00+00:00,15,15.0,0.0,27.22222222222222,27.77777777777778,0.5555555555555571,19.094506835937523,21.178826904296898,2.084320068359375,138.1,335.20000000000005,197.10000000000005,1.375,0.0,-1.375,0.673767997843418,1.3135441473597769,0.6397761495163589,0.908822864294052,1.4195531122386456,0.5107302479445935
2020,2020-08-15 12:30:00+00:00,2020-08-15 13:00:00+00:00,30,30.0,0.0,27.22222222222222,28.88888888888889,1.6666666666666679,19.094506835937523,21.178826904296898,2.084320068359375,138.1,335.20000000000005,197.10000000000005,1.375,0.0,-1.375,0.673767997843418,1.3135441473597769,0.6397761495163589,0.908822864294052,1.4195531122386456,0.5107302479445935
2020,2020-08-15 12:30:00+00:00,2020-08-15 13:15:00+00:00,45,45.0,0.0,27.22222222222222,30.0,2.7777777777777786,19.094506835937523,21.178826904296898,2.084320068359375,138.1,335.20000000000005,197.10000000000005,1.375,0.0,-1.375,0.673767997843418,1.3135441473597769,0.6397761495163589,0.908822864294052,1.4195531122386456,0.5107302479445935
2020,2020-08-15 12:30:00+00:00,2020-08-15 13:30:00+00:00,60,60.0,0.0,27.22222222222222,31.11111111111111,3.8888888888888893,19.094506835937523,21.178826904296898,2.084320068359375,138.1,335.20000000000005,197.10000000000005,1.375,0.0,-1.375,0.673767997843418,1.3135441473597769,0.6397761495163589,0.908822864294052,1.4195531122386456,0.5107302479445935
2020,2020-08-15 12:45:00+00:00,2020-08-15 13:00:00+00:00,15,15.0,0.0,27.77777777777778,28.88888888888889,1.1111111111111107,21.178826904296898,21.178826904296898,0.0,335.20000000000005,335.20000000000005,0.0,0.0,0.0,0.0,1.3135441473597769,1.3135441473597769,0.0,1.4195531122386456,1.4195531122386456,0.0
2020,2020-08-15 12:45:00+00:00,2020-08-15 13:15:00+00:00,30,30.0,0.0,27.77777777777778,30.0,2.2222222222222214,21.178826904296898,21.178826904296898,0.0,335.20000000000005,335.20000000000005,0.0,0.0,0.0,0.0,1.3135441473597769,1.3135441473597769,0.0,1.4195531122386456,1.4195531122386456,0.0
2020,2020-08-15 12:45:00+00:00,2020-08-15 13:30:00+00:00,45,45.0,0.0,27.77777777777778,31.11111111111111,3.333333333333332,21.178826904296898,21.178826904296898,0.0,335.20000000000005,335.20000000000005,0.0,0.0,0.0,0.0,1.3135441473597769,1.3135441473597769,0.0,1.4195531122386456,1.4195531122386456,0.0
2020,2020-08-15 13:00:00+00:00,2020-08-15 13:15:00+00:00,15,15.0,0.0,28.88888888888889,30.0,1.1111111111111107,21.178826904296898,21.178826904296898,0.0,335.20000000000005,335.20000000000005,0.0,0.0,0.0,0.0,1.3135441473597769,1.3135441473597769,0.0,1.4195531122386456,1.4195531122386456,0.0
2020,2020-08-15 13:00:00+00:00,2020-08-15 13:30:00+00:00,30,30.0,0.0,28.88888888888889,31.11111111111111,2.2222222222222214,21.178826904296898,21.178826904296898,0.0,335.20000000000005,335.20000000000005,0.0,0.0,0.0,0.0,1.3135441473597769,1.3135441473597769,0.0,1.4195531122386456,1.4195531122386456,0.0
2020,2020-08-15 13:15:00+00:00,2020-08-15 13:30:00+00:00,15,15.0,0.0,30.0,31.11111111111111,1.1111111111111107,21.178826904296898,21.178826904296898,0.0,335.20000000000005,335.20000000000005,0.0,0.0,0.0,0.0,1.3135441473597769,1.3135441473597769,0.0,1.4195531122386456,1.4195531122386456,0.0
2020,2020-08-15 14:45:00+00:00,2020-08-15 15:00:00+00:00,15,15.0,0.0,37.22222222222222,38.333333333333336,1.1111111111111143,25.113610839843773,25.113610839843773,0.0,697.5,697.5,0.0,0.0,0.0,0.0,0.4815214243127341,0.4815214243127341,0.0,2.9325572177767754,2.9325572177767754,0.0
2020,2020-08-15 14:45:00+00:00,2020-08-15 15:15:00+00:00,30,30.0,0.0,37.22222222222222,39.44444444444444,2.2222222222222214,25.113610839843773,25.113610839843773,0.0,697.5,697.5,0.0,0.0,0.0,0.0,0.4815214243127341,0.4815214243127341,0.0,2.9325572177767754,2.9325572177767754,0.0
2020,2020-08-15 14:45:00+00:00,2020-08-15 15:30:00+00:00,45,45.0,0.0,37.22222222222222,40.55555555555556,3.3333333333333357,25.113610839843773,25.113610839843773,0.0,697.5,697.5,0.0,0.0,0.0,0.0,0.4815214243127341,0.4815214243127341,0.0,2.9325572177767754,2.9325572177767754,0.0
2020,2020-08-15 14:45:00+00:00,2020-08-15 15:45:00+00:00,60,60.0,0.0,37.22222222222222,41.666666666666664,4.444444444444443,25.113610839843773,26.437951660156273,1.3243408203125,697.5,827.3000000000001,129.80000000000007,0.0,0.0,0.0,0.4815214243127341,0.6330890744471747,0.15156765013444057,2.9325572177767754,1.8355552405118944,-1.097001977264881
2020,2020-08-15 15:00:00+00:00,2020-08-15 15:15:00+00:00,15,15.0,0.0,38.333333333333336,39.44444444444444,1.1111111111111072,25.113610839843773,25.113610839843773,0.0,697.5,697.5,0.0,0.0,0.0,0.0,0.4815214243127341,0.4815214243127341,0.0,2.9325572177767754,2.9325572177767754,0.0
2020,2020-08-15 15:00:00+00:00,2020-08-15 15:30:00+00:00,30,30.0,0.0,38.333333333333336,40.55555555555556,2.2222222222222214,25.113610839843773,25.113610839843773,0.0,697.5,697.5,0.0,0.0,0.0,0.0,0.4815214243127341,0.4815214243127341,0.0,2.9325572177767754,2.9325572177767754,0.0
2020,2020-08-15 15:00:00+00:00,2020-08-15 15:45:00+00:00,45,45.0,0.0,38.333333333333336,41.666666666666664,3.3333333333333286,25.113610839843773,26.437951660156273,1.3243408203125,697.5,827.3000000000001,129.80000000000007,0.0,0.0,0.0,0.4815214243127341,0.6330890744471747,0.15156765013444057,2.9325572177767754,1.8355552405118944,-1.097001977264881
2020,2020-08-15 15:00:00+00:00,2020-08-15 16:00:00+00:00,60,60.0,0.0,38.333333333333336,43.333333333333336,5.0,25.113610839843773,26.437951660156273,1.3243408203125,697.5,827.3000000000001,129.80000000000007,0.0,0.0,0.0,0.4815214243127341,0.6330890744471747,0.15156765013444057,2.9325572177767754,1.8355552405118944,-1.097001977264881
2020,2020-08-15 15:15:00+00:00,2020-08-15 15:30:00+00:00,15,15.0,0.0,39.44444444444444,40.55555555555556,1.1111111111111143,25.113610839843773,25.113610839843773,0.0,697.5,697.5,0.0,0.0,0.0,0.0,0.4815214243127341,0.4815214243127341,0.0,2.9325572177767754,2.9325572177767754,0.0
2020,2020-08-15 15:15:00+00:00,2020-08-15 15:45:00+00:00,30,30.0,0.0,39.44444444444444,41.666666666666664,2.2222222222222214,25.113610839843773,26.437951660156273,1.3243408203125,697.5,827.3000000000001,129.80000000000007,0.0,0.0,0.0,0.4815214243127341,0.6330890744471747,0.15156765013444057,2.9325572177767754,1.8355552405118944,-1.097001977264881
2020,2020-08-15 15:15:00+00:00,2020-08-15 16:00:00+00:00,45,45.0,0.0,39.44444444444444,43.333333333333336,3.888888888888893,25.113610839843773,26.437951660156273,1.3243408203125,697.5,827.3000000000001,129.80000000000007,0.0,0.0,0.0,0.4815214243127341,0.6330890744471747,0.15156765013444057,2.9325572177767754,1.8355552405118944,-1.097001977264881
2020,2020-08-15 15:15:00+00:00,2020-08-15 16:15:00+00:00,60,60.0,0.0,39.44444444444444,46.666666666666664,7.222222222222221,25.113610839843773,26.437951660156273,1.3243408203125,697.5,827.3000000000001,129.80000000000007,0.0,0.0,0.0,0.4815214243127341,0.6330890744471747,0.15156765013444057,2.9325572177767754,1.8355552405118944,-1.097001977264881
2020,2020-08-15 15:30:00+00:00,2020-08-15 15:45:00+00:00,15,15.0,0.0,40.55555555555556,41.666666666666664,1.1111111111111072,25.113610839843773,26.437951660156273,1.3243408203125,697.5,827.3000000000001,129.80000000000007,0.0,0.0,0.0,0.4815214243127341,0.6330890744471747,0.15156765013444057,2.9325572177767754,1.8355552405118944,-1.097001977264881
2020,2020-08-15 15:30:00+00:00,2020-08-15 16:00:00+00:00,30,30.0,0.0,40.55555555555556,43.333333333333336,2.7777777777777786,25.113610839843773,26.437951660156273,1.3243408203125,697.5,827.3000000000001,129.80000000000007,0.0,0.0,0.0,0.4815214243127341,0.6330890744471747,0.15156765013444057,2.9325572177767754,1.8355552405118944,-1.097001977264881
2020,2020-08-15 15:30:00+00:00,2020-08-15 16:15:00+00:00,45,45.0,0.0,40.55555555555556,46.666666666666664,6.111111111111107,25.113610839843773,26.437951660156273,1.3243408203125,697.5,827.3000000000001,129.80000000000007,0.0,0.0,0.0,0.4815214243127341,0.6330890744471747,0.15156765013444057,2.9325572177767754,1.8355552405118944,-1.097001977264881
2020,2020-08-15 15:30:00+00:00,2020-08-15 16:30:00+00:00,60,60.0,0.0,40.55555555555556,47.77777777777778,7.222222222222221,25.113610839843773,26.437951660156273,1.3243408203125,697.5,827.3000000000001,129.80000000000007,0.0,0.0,0.0,0.4815214243127341,0.6330890744471747,0.15156765013444057,2.9325572177767754,1.8355552405118944,-1.097001977264881
2020,2020-08-15 15:45:00+00:00,2020-08-15 16:00:00+00:00,15,15.0,0.0,41.666666666666664,43.333333333333336,1.6666666666666714,26.437951660156273,26.437951660156273,0.0,827.3000000000001,827.3000000000001,0.0,0.0,0.0,0.0,0.6330890744471747,0.6330890744471747,0.0,1.8355552405118944,1.8355552405118944,0.0
2020,2020-08-15 15:45:00+00:00,2020-08-15 16:15:00+00:00,30,30.0,0.0,41.666666666666664,46.666666666666664,5.0,26.437951660156273,26.437951660156273,0.0,827.3000000000001,827.3000000000001,0.0,0.0,0.0,0.0,0.6330890744471747,0.6330890744471747,0.0,1.8355552405118944,1.8355552405118944,0.0
2020,2020-08-15 15:45:00+00:00,2020-08-15 16:30:00+00:00,45,45.0,0.0,41.666666666666664,47.77777777777778,6.111111111111114,26.437951660156273,26.437951660156273,0.0,827.3000000000001,827.3000000000001,0.0,0.0,0.0,0.0,0.6330890744471747,0.6330890744471747,0.0,1.8355552405118944,1.8355552405118944,0.0
2020,2020-08-15 15:45:00+00:00,2020-08-15 16:45:00+00:00,60,60.0,0.0,41.666666666666664,48.888888888888886,7.222222222222221,26.437951660156273,27.686303710937523,1.24835205078125,827.3000000000001,555.0,-272.30000000000007,0.0,8.625,8.625,0.6330890744471747,1.0142571245011491,0.38116805005397447,1.8355552405118944,1.15544743090868,-0.6801078096032145
2020,2020-08-15 16:00:00+00:00,2020-08-15 16:15:00+00:00,15,15.0,0.0,43.333333333333336,46.666666666666664,3.3333333333333286,26.437951660156273,26.437951660156273,0.0,827.3000000000001,827.3000000000001,0.0,0.0,0.0,0.0,0.6330890744471747,0.6330890744471747,0.0,1.8355552405118944,1.8355552405118944,0.0
2020,2020-08-15 16:00:00+00:00,2020-08-15 16:30:00+00:00,30,30.0,0.0,43.333333333333336,47.77777777777778,4.444444444444443,26.437951660156273,26.437951660156273,0.0,827.3000000000001,827.3000000000001,0.0,0.0,0.0,0.0,0.6330890744471747,0.6330890744471747,0.0,1.8355552405118944,1.8355552405118944,0.0
2020,2020-08-15 16:00:00+00:00,2020-08-15 16:45:00+00:00,45,45.0,0.0,43.333333333333336,48.888888888888886,5.55555555555555,26.437951660156273,27.686303710937523,1.24835205078125,827.3000000000001,555.0,-272.30000000000007,0.0,8.625,8.625,0.6330890744471747,1.0142571245011491,0.38116805005397447,1.8355552405118944,1.15544743090868,-0.6801078096032145
2020,2020-08-15 16:00:00+00:00,2020-08-15 17:00:00+00:00,60,60.0,0.0,43.333333333333336,50.0,6.666666666666664,26.437951660156273,27.686303710937523,1.24835205078125,827.3000000000001,555.0,-272.30000000000007,0.0,8.625,8.625,0.6330890744471747,1.0142571245011491,0.38116805005397447,1.8355552405118944,1.15544743090868,-0.6801078096032145
2020,2020-08-15 16:15:00+00:00,2020-08-15 16:30:00+00:00,15,15.0,0.0,46.666666666666664,47.77777777777778,1.1111111111111143,26.437951660156273,26.437951660156273,0.0,827.3000000000001,827.3000000000001,0.0,0.0,0.0,0.0,0.6330890744471747,0.6330890744471747,0.0,1.8355552405118944,1.8355552405118944,0.0
2020,2020-08-15 16:15:00+00:00,2020-08-15 16:45:00+00:00,30,30.0,0.0,46.666666666666664,48.888888888888886,2.2222222222222214,26.437951660156273,27.686303710937523,1.24835205078125,827.3000000000001,555.0,-272.30000000000007,0.0,8.625,8.625,0.6330890744471747,1.0142571245011491,0.38116805005397447,1.8355552405118944,1.15544743090868,-0.6801078096032145
2020,2020-08-15 16:15:00+00:00,2020-08-15 17:00:00+00:00,45,45.0,0.0,46.666666666666664,50.0,3.3333333333333357,26.437951660156273,27.686303710937523,1.24835205078125,827.3000000000001,555.0,-272.30000000000007,0.0,8.625,8.625,0.6330890744471747,1.0142571245011491,0.38116805005397447,1.8355552405118944,1.15544743090868,-0.6801078096032145
2020,2020-08-15 16:15:00+00:00,2020-08-15 17:15:00+00:00,60,60.0,0.0,46.666666666666664,50.55555555555556,3.888888888888893,26.437951660156273,27.686303710937523,1.24835205078125,827.3000000000001,555.0,-272.30000000000007,0.0,8.625,8.625,0.6330890744471747,1.0142571245011491,0.38116805005397447,1.8355552405118944,1.15544743090868,-0.6801078096032145
2020,2020-08-15 16:30:00+00:00,2020-08-15 16:45:00+00:00,15,15.0,0.0,47.77777777777778,48.888888888888886,1.1111111111111072,26.437951660156273,27.686303710937523,1.24835205078125,827.3000000000001,555.0,-272.30000000000007,0.0,8.625,8.625,0.6330890744471747,1.0142571245011491,0.38116805005397447,1.8355552405118944,1.15544743090868,-0.6801078096032145
2020,2020-08-15 16:30:00+00:00,2020-08-15 17:00:00+00:00,30,30.0,0.0,47.77777777777778,50.0,2.2222222222222214,26.437951660156273,27.686303710937523,1.24835205078125,827.3000000000001,555.0,-272.30000000000007,0.0,8.625,8.625,0.6330890744471747,1.0142571245011491,0.38116805005397447,1.8355552405118944,1.15544743090868,-0.6801078096032145
2020,2020-08-15 16:30:00+00:00,2020-08-15 17:15:00+00:00,45,45.0,0.0,47.77777777777778,50.55555555555556,2.7777777777777786,26.437951660156273,27.686303710937523,1.24835205078125,827.3000000000001,555.0,-272.30000000000007,0.0,8.625,8.625,0.6330890744471747,1.0142571245011491,0.38116805005397447,1.8355552405118944,1.15544743090868,-0.6801078096032145
2020,2020-08-15 16:30:00+00:00,2020-08-15 17:30:00+00:00,60,60.0,0.0,47.77777777777778,51.666666666666664,3.8888888888888857,26.437951660156273,27.686303710937523,1.24835205078125,827.3000000000001,555.0,-272.30000000000007,0.0,8.625,8.625,0.6330890744471747,1.0142571245011491,0.38116805005397447,1.8355552405118944,1.15544743090868,-0.6801078096032145
2020,2020-08-15 16:45:00+00:00,2020-08-15 17:00:00+00:00,15,15.0,0.0,48.888888888888886,50.0,1.1111111111111143,27.686303710937523,27.686303710937523,0.0,555.0,555.0,0.0,8.625,8.625,0.0,1.0142571245011491,1.0142571245011491,0.0,1.15544743090868,1.15544743090868,0.0
2020,2020-08-15 16:45:00+00:00,2020-08-15 17:15:00+00:00,30,30.0,0.0,48.888888888888886,50.55555555555556,1.6666666666666714,27.686303710937523,27.686303710937523,0.0,555.0,555.0,0.0,8.625,8.625,0.0,1.0142571245011491,1.0142571245011491,0.0,1.15544743090868,1.15544743090868,0.0
2020,2020-08-15 16:45:00+00:00,2020-08-15 17:30:00+00:00,45,45.0,0.0,48.888888888888886,51.666666666666664,2.7777777777777786,27.686303710937523,27.686303710937523,0.0,555.0,555.0,0.0,8.625,8.625,0.0,1.0142571245011491,1.0142571245011491,0.0,1.15544743090868,1.15544743090868,0.0
2020,2020-08-15 16:45:00+00:00,2020-08-15 17:45:00+00:00,60,60.0,0.0,48.888888888888886,53.333333333333336,4.44444444444445,27.686303710937523,28.430261230468773,0.74395751953125,555.0,920.0,365.0,8.625,12.75,4.125,1.0142571245011491,0.8244819405075211,-0.18977518399362803,1.15544743090868,1.4857953488826752,0.3303479179739952
2020,2020-08-15 17:00:00+00:00,2020-08-15 17:15:00+00:00,15,15.0,0.0,50.0,50.55555555555556,0.5555555555555571,27.686303710937523,27.686303710937523,0.0,555.0,555.0,0.0,8.625,8.625,0.0,1.0142571245011491,1.0142571245011491,0.0,1.15544743090868,1.15544743090868,0.0
2020,2020-08-15 17:00:00+00:00,2020-08-15 17:30:00+00:00,30,30.0,0.0,50.0,51.666666666666664,1.6666666666666643,27.686303710937523,27.686303710937523,0.0,555.0,555.0,0.0,8.625,8.625,0.0,1.0142571245011491,1.0142571245011491,0.0,1.15544743090868,1.15544743090868,0.0
2020,2020-08-15 17:00:00+00:00,2020-08-15 17:45:00+00:00,45,45.0,0.0,50.0,53.333333333333336,3.3333333333333357,27.686303710937523,28.430261230468773,0.74395751953125,555.0,920.0,365.0,8.625,12.75,4.125,1.0142571245011491,0.8244819405075211,-0.18977518399362803,1.15544743090868,1.4857953488826752,0.3303479179739952
2020,2020-08-15 17:00:00+00:00,2020-08-15 18:00:00+00:00,60,60.0,0.0,50.0,50.0,0.0,27.686303710937523,28.430261230468773,0.74395751953125,555.0,920.0,365.0,8.625,12.75,4.125,1.0142571245011491,0.8244819405075211,-0.18977518399362803,1.15544743090868,1.4857953488826752,0.3303479179739952
2020,2020-08-15 17:15:00+00:00,2020-08-15 17:30:00+00:00,15,15.0,0.0,50.55555555555556,51.666666666666664,1.1111111111111072,27.686303710937523,27.686303710937523,0.0,555.0,555.0,0.0,8.625,8.625,0.0,1.0142571245011491,1.0142571245011491,0.0,1.15544743090868,1.15544743090868,0.0
2020,2020-08-15 17:15:00+00:00,2020-08-15 17:45:00+00:00,30,30.0,0.0,50.55555555555556,53.333333333333336,2.7777777777777786,27.686303710937523,28.430261230468773,0.74395751953125,555.0,920.0,365.0,8.625,12.75,4.125,1.0142571245011491,0.8244819405075211,-0.18977518399362803,1.15544743090868,1.4857953488826752,0.3303479179739952
2020,2020-08-15 17:15:00+00:00,2020-08-15 18:00:00+00:00,45,45.0,0.0,50.55555555555556,50.0,-0.5555555555555571,27.686303710937523,28.430261230468773,0.74395751953125,555.0,920.0,365.0,8.625,12.75,4.125,1.0142571245011491,0.8244819405075211,-0.18977518399362803,1.15544743090868,1.4857953488826752,0.3303479179739952
2020,2020-08-15 17:15:00+00:00,2020-08-15 18:15:00+00:00,60,60.0,0.0,50.55555555555556,51.111111111111114,0.5555555555555571,27.686303710937523,28.430261230468773,0.74395751953125,555.0,920.0,365.0,8.625,12.75,4.125,1.0142571245011491,0.8244819405075211,-0.18977518399362803,1.15544743090868,1.4857953488826752,0.3303479179739952
2020,2020-08-15 17:30:00+00:00,2020-08-15 17:45:00+00:00,15,15.0,0.0,51.666666666666664,53.333333333333336,1.6666666666666714,27.686303710937523,28.430261230468773,0.74395751953125,555.0,920.0,365.0,8.625,12.75,4.125,1.0142571245011491,0.8244819405075211,-0.18977518399362803,1.15544743090868,1.4857953488826752,0.3303479179739952
2020,2020-08-15 17:30:00+00:00,2020-08-15 18:00:00+00:00,30,30.0,0.0,51.666666666666664,50.0,-1.6666666666666643,27.686303710937523,28.430261230468773,0.74395751953125,555.0,920.0,365.0,8.625,12.75,4.125,1.0142571245011491,0.8244819405075211,-0.18977518399362803,1.15544743090868,1.4857953488826752,0.3303479179739952
2020,2020-08-15 17:30:00+00:00,2020-08-15 18:15:00+00:00,45,45.0,0.0,51.666666666666664,51.111111111111114,-0.55555555555555,27.686303710937523,28.430261230468773,0.74395751953125,555.0,920.0,365.0,8.625,12.75,4.125,1.0142571245011491,0.8244819405075211,-0.18977518399362803,1.15544743090868,1.4857953488826752,0.3303479179739952
2020,2020-08-15 17:30:00+00:00,2020-08-15 18:30:00+00:00,60,60.0,0.0,51.666666666666664,53.888888888888886,2.2222222222222214,27.686303710937523,28.430261230468773,0.74395751953125,555.0,920.0,365.0,8.625,12.75,4.125,1.0142571245011491,0.8244819405075211,-0.18977518399362803,1.15544743090868,1.4857953488826752,0.3303479179739952
2020,2020-08-15 17:45:00+00:00,2020-08-15 18:00:00+00:00,15,15.0,0.0,53.333333333333336,50.0,-3.3333333333333357,28.430261230468773,28.430261230468773,0.0,920.0,920.0,0.0,12.75,12.75,0.0,0.8244819405075211,0.8244819405075211,0.0,1.4857953488826752,1.4857953488826752,0.0
2020,2020-08-15 17:45:00+00:00,2020-08-15 18:15:00+00:00,30,30.0,0.0,53.333333333333336,51.111111111111114,-2.2222222222222214,28.430261230468773,28.430261230468773,0.0,920.0,920.0,0.0,12.75,12.75,0.0,0.8244819405075211,0.8244819405075211,0.0,1.4857953488826752,1.4857953488826752,0.0
2020,2020-08-15 17:45:00+00:00,2020-08-15 18:30:00+00:00,45,45.0,0.0,53.333333333333336,53.888888888888886,0.55555555555555,28.430261230468773,28.430261230468773,0.0,920.0,920.0,0.0,12.75,12.75,0.0,0.8244819405075211,0.8244819405075211,0.0,1.4857953488826752,1.4857953488826752,0.0
2020,2020-08-15 17:45:00+00:00,2020-08-15 18:45:00+00:00,60,60.0,0.0,53.333333333333336,50.55555555555556,-2.7777777777777786,28.430261230468773,29.144738769531273,0.7144775390625,920.0,876.0,-44.0,12.75,1.375,-11.375,0.8244819405075211,0.9724943463088004,0.14801240580127928,1.4857953488826752,1.7402615249156952,0.25446617603302
2020,2020-08-15 18:00:00+00:00,2020-08-15 18:15:00+00:00,15,15.0,0.0,50.0,51.111111111111114,1.1111111111111143,28.430261230468773,28.430261230468773,0.0,920.0,920.0,0.0,12.75,12.75,0.0,0.8244819405075211,0.8244819405075211,0.0,1.4857953488826752,1.4857953488826752,0.0
2020,2020-08-15 18:00:00+00:00,2020-08-15 18:30:00+00:00,30,30.0,0.0,50.0,53.888888888888886,3.8888888888888857,28.430261230468773,28.430261230468773,0.0,920.0,920.0,0.0,12.75,12.75,0.0,0.8244819405075211,0.8244819405075211,0.0,1.4857953488826752,1.4857953488826752,0.0
2020,2020-08-15 18:00:00+00:00,2020-08-15 18:45:00+00:00,45,45.0,0.0,50.0,50.55555555555556,0.5555555555555571,28.430261230468773,29.144738769531273,0.7144775390625,920.0,876.0,-44.0,12.75,1.375,-11.375,0.8244819405075211,0.9724943463088004,0.14801240580127928,1.4857953488826752,1.7402615249156952,0.25446617603302
2020,2020-08-15 18:00:00+00:00,2020-08-15 19:00:00+00:00,60,60.0,0.0,50.0,50.55555555555556,0.5555555555555571,28.430261230468773,29.144738769531273,0.7144775390625,920.0,876.0,-44.0,12.75,1.375,-11.375,0.8244819405075211,0.9724943463088004,0.14801240580127928,1.4857953488826752,1.7402615249156952,0.25446617603302
2020,2020-08-15 18:15:00+00:00,2020-08-15 18:30:00+00:00,15,15.0,0.0,51.111111111111114,53.888888888888886,2.7777777777777715,28.430261230468773,28.430261230468773,0.0,920.0,920.0,0.0,12.75,12.75,0.0,0.8244819405075211,0.8244819405075211,0.0,1.4857953488826752,1.4857953488826752,0.0
2020,2020-08-15 18:15:00+00:00,2020-08-15 18:45:00+00:00,30,30.0,0.0,51.111111111111114,50.55555555555556,-0.5555555555555571,28.430261230468773,29.144738769531273,0.7144775390625,920.0,876.0,-44.0,12.75,1.375,-11.375,0.8244819405075211,0.9724943463088004,0.14801240580127928,1.4857953488826752,1.7402615249156952,0.25446617603302
2020,2020-08-15 18:15:00+00:00,2020-08-15 19:00:00+00:00,45,45.0,0.0,51.111111111111114,50.55555555555556,-0.5555555555555571,28.430261230468773,29.144738769531273,0.7144775390625,920.0,876.0,-44.0,12.75,1.375,-11.375,0.8244819405075211,0.9724943463088004,0.14801240580127928,1.4857953488826752,1.7402615249156952,0.25446617603302
2020,2020-08-15 18:15:00+00:00,2020-08-15 19:15:00+00:00,60,60.0,0.0,51.111111111111114,51.111111111111114,0.0,28.430261230468773,29.144738769531273,0.7144775390625,920.0,876.0,-44.0,12.75,1.375,-11.375,0.8244819405075211,0.9724943463088004,0.14801240580127928,1.4857953488826752,1.7402615249156952,0.25446617603302
2020,2020-08-15 18:30:00+00:00,2020-08-15 18:45:00+00:00,15,15.0,0.0,53.888888888888886,50.55555555555556,-3.3333333333333286,28.430261230468773,29.144738769531273,0.7144775390625,920.0,876.0,-44.0,12.75,1.375,-11.375,0.8244819405075211,0.9724943463088004,0.14801240580127928,1.4857953488826752,1.7402615249156952,0.25446617603302
2020,2020-08-15 18:30:00+00:00,2020-08-15 19:00:00+00:00,30,30.0,0.0,53.888888888888886,50.55555555555556,-3.3333333333333286,28.430261230468773,29.144738769531273,0.7144775390625,920.0,876.0,-44.0,12.75,1.375,-11.375,0.8244819405075211,0.9724943463088004,0.14801240580127928,1.4857953488826752,1.7402615249156952,0.25446617603302
2020,2020-08-15 18:30:00+00:00,2020-08-15 19:15:00+00:00,45,45.0,0.0,53.888888888888886,51.111111111111114,-2.7777777777777715,28.430261230468773,29.144738769531273,0.7144775390625,920.0,876.0,-44.0,12.75,1.375,-11.375,0.8244819405075211,0.9724943463088004,0.14801240580127928,1.4857953488826752,1.7402615249156952,0.25446617603302
2020,2020-08-15 18:30:00+00:00,2020-08-15 19:30:00+00:00,60,60.0,0.0,53.888888888888886,53.333333333333336,-0.55555555555555,28.430261230468773,29.652551269531273,1.2222900390625,920.0,779.0,-141.0,12.75,0.5,-12.25,0.8244819405075211,0.5772180226017434,-0.24726391790577773,1.4857953488826752,2.058558266609907,0.572762917727232
2020,2020-08-15 18:45:00+00:00,2020-08-15 19:00:00+00:00,15,15.0,0.0,50.55555555555556,50.55555555555556,0.0,29.144738769531273,29.144738769531273,0.0,876.0,876.0,0.0,1.375,1.375,0.0,0.9724943463088004,0.9724943463088004,0.0,1.7402615249156952,1.7402615249156952,0.0
2020,2020-08-15 18:45:00+00:00,2020-08-15 19:15:00+00:00,30,30.0,0.0,50.55555555555556,51.111111111111114,0.5555555555555571,29.144738769531273,29.144738769531273,0.0,876.0,876.0,0.0,1.375,1.375,0.0,0.9724943463088004,0.9724943463088004,0.0,1.7402615249156952,1.7402615249156952,0.0
2020,2020-08-15 18:45:00+00:00,2020-08-15 19:30:00+00:00,45,45.0,0.0,50.55555555555556,53.333333333333336,2.7777777777777786,29.144738769531273,29.652551269531273,0.5078125,876.0,779.0,-97.0,1.375,0.5,-0.875,0.9724943463088004,0.5772180226017434,-0.395276323707057,1.7402615249156952,2.058558266609907,0.31829674169421196
2020,2020-08-15 18:45:00+00:00,2020-08-15 19:45:00+00:00,60,60.0,0.0,50.55555555555556,54.44444444444444,3.8888888888888857,29.144738769531273,29.652551269531273,0.5078125,876.0,779.0,-97.0,1.375,0.5,-0.875,0.9724943463088004,0.5772180226017434,-0.395276323707057,1.7402615249156952,2.058558266609907,0.31829674169421196
2020,2020-08-15 19:00:00+00:00,2020-08-15 19:15:00+00:00,15,15.0,0.0,50.55555555555556,51.111111111111114,0.5555555555555571,29.144738769531273,29.144738769531273,0.0,876.0,876.0,0.0,1.375,1.375,0.0,0.9724943463088004,0.9724943463088004,0.0,1.7402615249156952,1.7402615249156952,0.0
2020,2020-08-15 19:00:00+00:00,2020-08-15 19:30:00+00:00,30,30.0,0.0,50.55555555555556,53.333333333333336,2.7777777777777786,29.144738769531273,29.652551269531273,0.5078125,876.0,779.0,-97.0,1.375,0.5,-0.875,0.9724943463088004,0.5772180226017434,-0.395276323707057,1.7402615249156952,2.058558266609907,0.31829674169421196
2020,2020-08-15 19:00:00+00:00,2020-08-15 19:45:00+00:00,45,45.0,0.0,50.55555555555556,54.44444444444444,3.8888888888888857,29.144738769531273,29.652551269531273,0.5078125,876.0,779.0,-97.0,1.375,0.5,-0.875,0.9724943463088004,0.5772180226017434,-0.395276323707057,1.7402615249156952,2.058558266609907,0.31829674169421196
2020,2020-08-15 19:00:00+00:00,2020-08-15 20:00:00+00:00,60,60.0,0.0,50.55555555555556,54.44444444444444,3.8888888888888857,29.144738769531273,29.652551269531273,0.5078125,876.0,779.0,-97.0,1.375,0.5,-0.875,0.9724943463088004,0.5772180226017434,-0.395276323707057,1.7402615249156952,2.058558266609907,0.31829674169421196
2020,2020-08-15 19:15:00+00:00,2020-08-15 19:30:00+00:00,15,15.0,0.0,51.111111111111114,53.333333333333336,2.2222222222222214,29.144738769531273,29.652551269531273,0.5078125,876.0,779.0,-97.0,1.375,0.5,-0.875,0.9724943463088004,0.5772180226017434,-0.395276323707057,1.7402615249156952,2.058558266609907,0.31829674169421196
2020,2020-08-15 19:15:00+00:00,2020-08-15 19:45:00+00:00,30,30.0,0.0,51.111111111111114,54.44444444444444,3.3333333333333286,29.144738769531273,29.652551269531273,0.5078125,876.0,779.0,-97.0,1.375,0.5,-0.875,0.9724943463088004,0.5772180226017434,-0.395276323707057,1.7402615249156952,2.058558266609907,0.31829674169421196
2020,2020-08-15 19:15:00+00:00,2020-08-15 20:00:00+00:00,45,45.0,0.0,51.111111111111114,54.44444444444444,3.3333333333333286,29.144738769531273,29.652551269531273,0.5078125,876.0,779.0,-97.0,1.375,0.5,-0.875,0.9724943463088004,0.5772180226017434,-0.395276323707057,1.7402615249156952,2.058558266609907,0.31829674169421196
2020,2020-08-15 19:15:00+00:00,2020-08-15 20:15:00+00:00,60,60.0,0.0,51.111111111111114,52.22222222222222,1.1111111111111072,29.144738769531273,29.652551269531273,0.5078125,876.0,779.0,-97.0,1.375,0.5,-0.875,0.9724943463088004,0.5772180226017434,-0.395276323707057,1.7402615249156952,2.058558266609907,0.31829674169421196
2020,2020-08-15 19:30:00+00:00,2020-08-15 19:45:00+00:00,15,15.0,0.0,53.333333333333336,54.44444444444444,1.1111111111111072,29.652551269531273,29.652551269531273,0.0,779.0,779.0,0.0,0.5,0.5,0.0,0.5772180226017434,0.5772180226017434,0.0,2.058558266609907,2.058558266609907,0.0
2020,2020-08-15 19:30:00+00:00,2020-08-15 20:00:00+00:00,30,30.0,0.0,53.333333333333336,54.44444444444444,1.1111111111111072,29.652551269531273,29.652551269531273,0.0,779.0,779.0,0.0,0.5,0.5,0.0,0.5772180226017434,0.5772180226017434,0.0,2.058558266609907,2.058558266609907,0.0
2020,2020-08-15 19:30:00+00:00,2020-08-15 20:15:00+00:00,45,45.0,0.0,53.333333333333336,52.22222222222222,-1.1111111111111143,29.652551269531273,29.652551269531273,0.0,779.0,779.0,0.0,0.5,0.5,0.0,0.5772180226017434,0.5772180226017434,0.0,2.058558266609907,2.058558266609907,0.0
2020,2020-08-15 19:30:00+00:00,2020-08-15 20:30:00+00:00,60,60.0,0.0,53.333333333333336,52.22222222222222,-1.1111111111111143,29.652551269531273,29.652551269531273,0.0,779.0,779.0,0.0,0.5,0.5,0.0,0.5772180226017434,0.5772180226017434,0.0,2.058558266609907,2.058558266609907,0.0
2020,2020-08-15 19:45:00+00:00,2020-08-15 20:00:00+00:00,15,15.0,0.0,54.44444444444444,54.44444444444444,0.0,29.652551269531273,29.652551269531273,0.0,779.0,779.0,0.0,0.5,0.5,0.0,0.5772180226017434,0.5772180226017434,0.0,2.058558266609907,2.058558266609907,0.0
2020,2020-08-15 19:45:00+00:00,2020-08-15 20:15:00+00:00,30,30.0,0.0,54.44444444444444,52.22222222222222,-2.2222222222222214,29.652551269531273,29.652551269531273,0.0,779.0,779.0,0.0,0.5,0.5,0.0,0.5772180226017434,0.5772180226017434,0.0,2.058558266609907,2.058558266609907,0.0
2020,2020-08-15 19:45:00+00:00,2020-08-15 20:30:00+00:00,45,45.0,0.0,54.44444444444444,52.22222222222222,-2.2222222222222214,29.652551269531273,29.652551269531273,0.0,779.0,779.0,0.0,0.5,0.5,0.0,0.5772180226017434,0.5772180226017434,0.0,2.058558266609907,2.058558266609907,0.0
2020,2020-08-15 19:45:00+00:00,2020-08-15 20:45:00+00:00,60,60.0,0.0,54.44444444444444,53.333333333333336,-1.1111111111111072,29.652551269531273,30.175836181640648,0.523284912109375,779.0,632.0,-147.0,0.5,0.5,0.0,0.5772180226017434,0.9670578936460468,0.3898398710443034,2.058558266609907,2.1756360232830048,0.11707775667309761
2020,2020-08-15 20:00:00+00:00,2020-08-15 20:15:00+00:00,15,15.0,0.0,54.44444444444444,52.22222222222222,-2.2222222222222214,29.652551269531273,29.652551269531273,0.0,779.0,779.0,0.0,0.5,0.5,0.0,0.5772180226017434,0.5772180226017434,0.0,2.058558266609907,2.058558266609907,0.0
2020,2020-08-15 20:00:00+00:00,2020-08-15 20:30:00+00:00,30,30.0,0.0,54.44444444444444,52.22222222222222,-2.2222222222222214,29.652551269531273,29.652551269531273,0.0,779.0,779.0,0.0,0.5,0.5,0.0,0.5772180226017434,0.5772180226017434,0.0,2.058558266609907,2.058558266609907,0.0
2020,2020-08-15 20:00:00+00:00,2020-08-15 20:45:00+00:00,45,45.0,0.0,54.44444444444444,53.333333333333336,-1.1111111111111072,29.652551269531273,30.175836181640648,0.523284912109375,779.0,632.0,-147.0,0.5,0.5,0.0,0.5772180226017434,0.9670578936460468,0.3898398710443034,2.058558266609907,2.1756360232830048,0.11707775667309761
2020,2020-08-15 20:15:00+00:00,2020-08-15 20:30:00+00:00,15,15.0,0.0,52.22222222222222,52.22222222222222,0.0,29.652551269531273,29.652551269531273,0.0,779.0,779.0,0.0,0.5,0.5,0.0,0.5772180226017434,0.5772180226017434,0.0,2.058558266609907,2.058558266609907,0.0
2020,2020-08-15 20:15:00+00:00,2020-08-15 20:45:00+00:00,30,30.0,0.0,52.22222222222222,53.333333333333336,1.1111111111111143,29.652551269531273,30.175836181640648,0.523284912109375,779.0,632.0,-147.0,0.5,0.5,0.0,0.5772180226017434,0.9670578936460468,0.3898398710443034,2.058558266609907,2.1756360232830048,0.11707775667309761
2020,2020-08-15 20:30:00+00:00,2020-08-15 20:45:00+00:00,15,15.0,0.0,52.22222222222222,53.333333333333336,1.1111111111111143,29.652551269531273,30.175836181640648,0.523284912109375,779.0,632.0,-147.0,0.5,0.5,0.0,0.5772180226017434,0.9670578936460468,0.3898398710443034,2.058558266609907,2.1756360232830048,0.11707775667309761
2021,2021-05-22 12:45:00+00:00,2021-05-22 13:15:00+00:00,30,30.0,0.0,24.444444444444443,25.555555555555557,1.1111111111111143,19.44129333496096,19.44129333496096,0.0,421.4,421.4,0.0,24.0,24.0,0.0,0.5517051892307472,0.5517051892307472,0.0,2.059329580515623,2.059329580515623,0.0
2021,2021-05-22 12:45:00+00:00,2021-05-22 13:30:00+00:00,45,45.0,0.0,24.444444444444443,26.11111111111111,1.6666666666666679,19.44129333496096,21.944741821289085,2.503448486328125,421.4,613.8000000000001,192.4000000000001,24.0,24.0,0.0,0.5517051892307472,0.7032972471921012,0.151592057961354,2.059329580515623,4.090895501896739,2.031565921381116
2021,2021-05-22 12:45:00+00:00,2021-05-22 13:45:00+00:00,60,60.0,0.0,24.444444444444443,26.666666666666668,2.222222222222225,19.44129333496096,21.944741821289085,2.503448486328125,421.4,613.8000000000001,192.4000000000001,24.0,24.0,0.0,0.5517051892307472,0.7032972471921012,0.151592057961354,2.059329580515623,4.090895501896739,2.031565921381116
2021,2021-05-22 13:15:00+00:00,2021-05-22 13:30:00+00:00,15,15.0,0.0,25.555555555555557,26.11111111111111,0.5555555555555536,19.44129333496096,21.944741821289085,2.503448486328125,421.4,613.8000000000001,192.4000000000001,24.0,24.0,0.0,0.5517051892307472,0.7032972471921012,0.151592057961354,2.059329580515623,4.090895501896739,2.031565921381116
2021,2021-05-22 13:15:00+00:00,2021-05-22 13:45:00+00:00,30,30.0,0.0,25.555555555555557,26.666666666666668,1.1111111111111107,19.44129333496096,21.944741821289085,2.503448486328125,421.4,613.8000000000001,192.4000000000001,24.0,24.0,0.0,0.5517051892307472,0.7032972471921012,0.151592057961354,2.059329580515623,4.090895501896739,2.031565921381116
2021,2021-05-22 13:15:00+00:00,2021-05-22 14:00:00+00:00,45,45.0,0.0,25.555555555555557,26.666666666666668,1.1111111111111107,19.44129333496096,21.944741821289085,2.503448486328125,421.4,613.8000000000001,192.4000000000001,24.0,24.0,0.0,0.5517051892307472,0.7032972471921012,0.151592057961354,2.059329580515623,4.090895501896739,2.031565921381116
2021,2021-05-22 13:15:00+00:00,2021-05-22 14:15:00+00:00,60,60.0,0.0,25.555555555555557,27.77777777777778,2.2222222222222214,19.44129333496096,21.944741821289085,2.503448486328125,421.4,613.8000000000001,192.4000000000001,24.0,24.0,0.0,0.5517051892307472,0.7032972471921012,0.151592057961354,2.059329580515623,4.090895501896739,2.031565921381116
2021,2021-05-22 13:30:00+00:00,2021-05-22 13:45:00+00:00,15,15.0,0.0,26.11111111111111,26.666666666666668,0.5555555555555571,21.944741821289085,21.944741821289085,0.0,613.8000000000001,613.8000000000001,0.0,24.0,24.0,0.0,0.7032972471921012,0.7032972471921012,0.0,4.090895501896739,4.090895501896739,0.0
2021,2021-05-22 13:30:00+00:00,2021-05-22 14:00:00+00:00,30,30.0,0.0,26.11111111111111,26.666666666666668,0.5555555555555571,21.944741821289085,21.944741821289085,0.0,613.8000000000001,613.8000000000001,0.0,24.0,24.0,0.0,0.7032972471921012,0.7032972471921012,0.0,4.090895501896739,4.090895501896739,0.0
2021,2021-05-22 13:30:00+00:00,2021-05-22 14:15:00+00:00,45,45.0,0.0,26.11111111111111,27.77777777777778,1.6666666666666679,21.944741821289085,21.944741821289085,0.0,613.8000000000001,613.8000000000001,0.0,24.0,24.0,0.0,0.7032972471921012,0.7032972471921012,0.0,4.090895501896739,4.090895501896739,0.0
2021,2021-05-22 13:30:00+00:00,2021-05-22 14:30:00+00:00,60,60.0,0.0,26.11111111111111,28.333333333333332,2.2222222222222214,21.944741821289085,21.944741821289085,0.0,613.8000000000001,613.8000000000001,0.0,24.0,24.0,0.0,0.7032972471921012,0.7032972471921012,0.0,4.090895501896739,4.090895501896739,0.0
2021,2021-05-22 13:45:00+00:00,2021-05-22 14:00:00+00:00,15,15.0,0.0,26.666666666666668,26.666666666666668,0.0,21.944741821289085,21.944741821289085,0.0,613.8000000000001,613.8000000000001,0.0,24.0,24.0,0.0,0.7032972471921012,0.7032972471921012,0.0,4.090895501896739,4.090895501896739,0.0
2021,2021-05-22 13:45:00+00:00,2021-05-22 14:15:00+00:00,30,30.0,0.0,26.666666666666668,27.77777777777778,1.1111111111111107,21.944741821289085,21.944741821289085,0.0,613.8000000000001,613.8000000000001,0.0,24.0,24.0,0.0,0.7032972471921012,0.7032972471921012,0.0,4.090895501896739,4.090895501896739,0.0
2021,2021-05-22 13:45:00+00:00,2021-05-22 14:30:00+00:00,45,45.0,0.0,26.666666666666668,28.333333333333332,1.6666666666666643,21.944741821289085,21.944741821289085,0.0,613.8000000000001,613.8000000000001,0.0,24.0,24.0,0.0,0.7032972471921012,0.7032972471921012,0.0,4.090895501896739,4.090895501896739,0.0
2021,2021-05-22 14:00:00+00:00,2021-05-22 14:15:00+00:00,15,15.0,0.0,26.666666666666668,27.77777777777778,1.1111111111111107,21.944741821289085,21.944741821289085,0.0,613.8000000000001,613.8000000000001,0.0,24.0,24.0,0.0,0.7032972471921012,0.7032972471921012,0.0,4.090895501896739,4.090895501896739,0.0
2021,2021-05-22 14:00:00+00:00,2021-05-22 14:30:00+00:00,30,30.0,0.0,26.666666666666668,28.333333333333332,1.6666666666666643,21.944741821289085,21.944741821289085,0.0,613.8000000000001,613.8000000000001,0.0,24.0,24.0,0.0,0.7032972471921012,0.7032972471921012,0.0,4.090895501896739,4.090895501896739,0.0
2021,2021-05-22 14:15:00+00:00,2021-05-22 14:30:00+00:00,15,15.0,0.0,27.77777777777778,28.333333333333332,0.5555555555555536,21.944741821289085,21.944741821289085,0.0,613.8000000000001,613.8000000000001,0.0,24.0,24.0,0.0,0.7032972471921012,0.7032972471921012,0.0,4.090895501896739,4.090895501896739,0.0
2021,2021-05-22 15:45:00+00:00,2021-05-22 16:00:00+00:00,15,15.0,0.0,32.77777777777778,34.44444444444444,1.6666666666666643,25.353234863281273,25.353234863281273,0.0,577.0,577.0,0.0,63.0,63.0,0.0,1.5122662954857713,1.5122662954857713,0.0,5.101456731557846,5.101456731557846,0.0
2021,2021-05-22 15:45:00+00:00,2021-05-22 16:15:00+00:00,30,30.0,0.0,32.77777777777778,34.44444444444444,1.6666666666666643,25.353234863281273,25.353234863281273,0.0,577.0,577.0,0.0,63.0,63.0,0.0,1.5122662954857713,1.5122662954857713,0.0,5.101456731557846,5.101456731557846,0.0
2021,2021-05-22 15:45:00+00:00,2021-05-22 16:30:00+00:00,45,45.0,0.0,32.77777777777778,35.0,2.2222222222222214,25.353234863281273,26.869470214843773,1.5162353515625,577.0,404.0,-173.0,63.0,92.0,29.0,1.5122662954857713,2.317209274352185,0.8049429788664137,5.101456731557846,4.822602137923241,-0.2788545936346054
2021,2021-05-22 15:45:00+00:00,2021-05-22 16:45:00+00:00,60,60.0,0.0,32.77777777777778,36.111111111111114,3.3333333333333357,25.353234863281273,26.869470214843773,1.5162353515625,577.0,404.0,-173.0,63.0,92.0,29.0,1.5122662954857713,2.317209274352185,0.8049429788664137,5.101456731557846,4.822602137923241,-0.2788545936346054
2021,2021-05-22 16:00:00+00:00,2021-05-22 16:15:00+00:00,15,15.0,0.0,34.44444444444444,34.44444444444444,0.0,25.353234863281273,25.353234863281273,0.0,577.0,577.0,0.0,63.0,63.0,0.0,1.5122662954857713,1.5122662954857713,0.0,5.101456731557846,5.101456731557846,0.0
2021,2021-05-22 16:00:00+00:00,2021-05-22 16:30:00+00:00,30,30.0,0.0,34.44444444444444,35.0,0.5555555555555571,25.353234863281273,26.869470214843773,1.5162353515625,577.0,404.0,-173.0,63.0,92.0,29.0,1.5122662954857713,2.317209274352185,0.8049429788664137,5.101456731557846,4.822602137923241,-0.2788545936346054
2021,2021-05-22 16:00:00+00:00,2021-05-22 16:45:00+00:00,45,45.0,0.0,34.44444444444444,36.111111111111114,1.6666666666666714,25.353234863281273,26.869470214843773,1.5162353515625,577.0,404.0,-173.0,63.0,92.0,29.0,1.5122662954857713,2.317209274352185,0.8049429788664137,5.101456731557846,4.822602137923241,-0.2788545936346054
2021,2021-05-22 16:00:00+00:00,2021-05-22 17:00:00+00:00,60,60.0,0.0,34.44444444444444,36.666666666666664,2.2222222222222214,25.353234863281273,26.869470214843773,1.5162353515625,577.0,404.0,-173.0,63.0,92.0,29.0,1.5122662954857713,2.317209274352185,0.8049429788664137,5.101456731557846,4.822602137923241,-0.2788545936346054
2021,2021-05-22 16:15:00+00:00,2021-05-22 16:30:00+00:00,15,15.0,0.0,34.44444444444444,35.0,0.5555555555555571,25.353234863281273,26.869470214843773,1.5162353515625,577.0,404.0,-173.0,63.0,92.0,29.0,1.5122662954857713,2.317209274352185,0.8049429788664137,5.101456731557846,4.822602137923241,-0.2788545936346054
2021,2021-05-22 16:15:00+00:00,2021-05-22 16:45:00+00:00,30,30.0,0.0,34.44444444444444,36.111111111111114,1.6666666666666714,25.353234863281273,26.869470214843773,1.5162353515625,577.0,404.0,-173.0,63.0,92.0,29.0,1.5122662954857713,2.317209274352185,0.8049429788664137,5.101456731557846,4.822602137923241,-0.2788545936346054
2021,2021-05-22 16:15:00+00:00,2021-05-22 17:00:00+00:00,45,45.0,0.0,34.44444444444444,36.666666666666664,2.2222222222222214,25.353234863281273,26.869470214843773,1.5162353515625,577.0,404.0,-173.0,63.0,92.0,29.0,1.5122662954857713,2.317209274352185,0.8049429788664137,5.101456731557846,4.822602137923241,-0.2788545936346054
2021,2021-05-22 16:15:00+00:00,2021-05-22 17:15:00+00:00,60,60.0,0.0,34.44444444444444,38.333333333333336,3.888888888888893,25.353234863281273,26.869470214843773,1.5162353515625,577.0,404.0,-173.0,63.0,92.0,29.0,1.5122662954857713,2.317209274352185,0.8049429788664137,5.101456731557846,4.822602137923241,-0.2788545936346054
2021,2021-05-22 16:30:00+00:00,2021-05-22 16:45:00+00:00,15,15.0,0.0,35.0,36.111111111111114,1.1111111111111143,26.869470214843773,26.869470214843773,0.0,404.0,404.0,0.0,92.0,92.0,0.0,2.317209274352185,2.317209274352185,0.0,4.822602137923241,4.822602137923241,0.0
2021,2021-05-22 16:30:00+00:00,2021-05-22 17:00:00+00:00,30,30.0,0.0,35.0,36.666666666666664,1.6666666666666643,26.869470214843773,26.869470214843773,0.0,404.0,404.0,0.0,92.0,92.0,0.0,2.317209274352185,2.317209274352185,0.0,4.822602137923241,4.822602137923241,0.0
2021,2021-05-22 16:30:00+00:00,2021-05-22 17:15:00+00:00,45,45.0,0.0,35.0,38.333333333333336,3.3333333333333357,26.869470214843773,26.869470214843773,0.0,404.0,404.0,0.0,92.0,92.0,0.0,2.317209274352185,2.317209274352185,0.0,4.822602137923241,4.822602137923241,0.0
2021,2021-05-22 16:30:00+00:00,2021-05-22 17:30:00+00:00,60,60.0,0.0,35.0,38.333333333333336,3.3333333333333357,26.869470214843773,27.679406738281273,0.8099365234375,404.0,436.0,32.0,92.0,99.0,7.0,2.317209274352185,3.656830596694636,1.3396213223424511,4.822602137923241,5.550645887851715,0.7280437499284744
2021,2021-05-22 16:45:00+00:00,2021-05-22 17:00:00+00:00,15,15.0,0.0,36.111111111111114,36.666666666666664,0.55555555555555,26.869470214843773,26.869470214843773,0.0,404.0,404.0,0.0,92.0,92.0,0.0,2.317209274352185,2.317209274352185,0.0,4.822602137923241,4.822602137923241,0.0
2021,2021-05-22 16:45:00+00:00,2021-05-22 17:15:00+00:00,30,30.0,0.0,36.111111111111114,38.333333333333336,2.2222222222222214,26.869470214843773,26.869470214843773,0.0,404.0,404.0,0.0,92.0,92.0,0.0,2.317209274352185,2.317209274352185,0.0,4.822602137923241,4.822602137923241,0.0
2021,2021-05-22 16:45:00+00:00,2021-05-22 17:30:00+00:00,45,45.0,0.0,36.111111111111114,38.333333333333336,2.2222222222222214,26.869470214843773,27.679406738281273,0.8099365234375,404.0,436.0,32.0,92.0,99.0,7.0,2.317209274352185,3.656830596694636,1.3396213223424511,4.822602137923241,5.550645887851715,0.7280437499284744
2021,2021-05-22 16:45:00+00:00,2021-05-22 17:45:00+00:00,60,60.0,0.0,36.111111111111114,38.333333333333336,2.2222222222222214,26.869470214843773,27.679406738281273,0.8099365234375,404.0,436.0,32.0,92.0,99.0,7.0,2.317209274352185,3.656830596694636,1.3396213223424511,4.822602137923241,5.550645887851715,0.7280437499284744
2021,2021-05-22 17:00:00+00:00,2021-05-22 17:15:00+00:00,15,15.0,0.0,36.666666666666664,38.333333333333336,1.6666666666666714,26.869470214843773,26.869470214843773,0.0,404.0,404.0,0.0,92.0,92.0,0.0,2.317209274352185,2.317209274352185,0.0,4.822602137923241,4.822602137923241,0.0
2021,2021-05-22 17:00:00+00:00,2021-05-22 17:30:00+00:00,30,30.0,0.0,36.666666666666664,38.333333333333336,1.6666666666666714,26.869470214843773,27.679406738281273,0.8099365234375,404.0,436.0,32.0,92.0,99.0,7.0,2.317209274352185,3.656830596694636,1.3396213223424511,4.822602137923241,5.550645887851715,0.7280437499284744
2021,2021-05-22 17:00:00+00:00,2021-05-22 17:45:00+00:00,45,45.0,0.0,36.666666666666664,38.333333333333336,1.6666666666666714,26.869470214843773,27.679406738281273,0.8099365234375,404.0,436.0,32.0,92.0,99.0,7.0,2.317209274352185,3.656830596694636,1.3396213223424511,4.822602137923241,5.550645887851715,0.7280437499284744
2021,2021-05-22 17:00:00+00:00,2021-05-22 18:00:00+00:00,60,60.0,0.0,36.666666666666664,37.77777777777778,1.1111111111111143,26.869470214843773,27.679406738281273,0.8099365234375,404.0,436.0,32.0,92.0,99.0,7.0,2.317209274352185,3.656830596694636,1.3396213223424511,4.822602137923241,5.550645887851715,0.7280437499284744
2021,2021-05-22 17:15:00+00:00,2021-05-22 17:30:00+00:00,15,15.0,0.0,38.333333333333336,38.333333333333336,0.0,26.869470214843773,27.679406738281273,0.8099365234375,404.0,436.0,32.0,92.0,99.0,7.0,2.317209274352185,3.656830596694636,1.3396213223424511,4.822602137923241,5.550645887851715,0.7280437499284744
2021,2021-05-22 17:15:00+00:00,2021-05-22 17:45:00+00:00,30,30.0,0.0,38.333333333333336,38.333333333333336,0.0,26.869470214843773,27.679406738281273,0.8099365234375,404.0,436.0,32.0,92.0,99.0,7.0,2.317209274352185,3.656830596694636,1.3396213223424511,4.822602137923241,5.550645887851715,0.7280437499284744
2021,2021-05-22 17:15:00+00:00,2021-05-22 18:00:00+00:00,45,45.0,0.0,38.333333333333336,37.77777777777778,-0.5555555555555571,26.869470214843773,27.679406738281273,0.8099365234375,404.0,436.0,32.0,92.0,99.0,7.0,2.317209274352185,3.656830596694636,1.3396213223424511,4.822602137923241,5.550645887851715,0.7280437499284744
2021,2021-05-22 17:15:00+00:00,2021-05-22 18:15:00+00:00,60,60.0,0.0,38.333333333333336,37.77777777777778,-0.5555555555555571,26.869470214843773,27.679406738281273,0.8099365234375,404.0,436.0,32.0,92.0,99.0,7.0,2.317209274352185,3.656830596694636,1.3396213223424511,4.822602137923241,5.550645887851715,0.7280437499284744
2021,2021-05-22 17:30:00+00:00,2021-05-22 17:45:00+00:00,15,15.0,0.0,38.333333333333336,38.333333333333336,0.0,27.679406738281273,27.679406738281273,0.0,436.0,436.0,0.0,99.0,99.0,0.0,3.656830596694636,3.656830596694636,0.0,5.550645887851715,5.550645887851715,0.0
2021,2021-05-22 17:30:00+00:00,2021-05-22 18:00:00+00:00,30,30.0,0.0,38.333333333333336,37.77777777777778,-0.5555555555555571,27.679406738281273,27.679406738281273,0.0,436.0,436.0,0.0,99.0,99.0,0.0,3.656830596694636,3.656830596694636,0.0,5.550645887851715,5.550645887851715,0.0
2021,2021-05-22 17:30:00+00:00,2021-05-22 18:15:00+00:00,45,45.0,0.0,38.333333333333336,37.77777777777778,-0.5555555555555571,27.679406738281273,27.679406738281273,0.0,436.0,436.0,0.0,99.0,99.0,0.0,3.656830596694636,3.656830596694636,0.0,5.550645887851715,5.550645887851715,0.0
2021,2021-05-22 17:30:00+00:00,2021-05-22 18:30:00+00:00,60,60.0,0.0,38.333333333333336,38.333333333333336,0.0,27.679406738281273,27.937615966796898,0.258209228515625,436.0,609.0,173.0,99.0,78.0,-21.0,3.656830596694636,2.6216918003307224,-1.0351387963639138,5.550645887851715,5.142399728298187,-0.40824615955352783
2021,2021-05-22 17:45:00+00:00,2021-05-22 18:00:00+00:00,15,15.0,0.0,38.333333333333336,37.77777777777778,-0.5555555555555571,27.679406738281273,27.679406738281273,0.0,436.0,436.0,0.0,99.0,99.0,0.0,3.656830596694636,3.656830596694636,0.0,5.550645887851715,5.550645887851715,0.0
2021,2021-05-22 17:45:00+00:00,2021-05-22 18:15:00+00:00,30,30.0,0.0,38.333333333333336,37.77777777777778,-0.5555555555555571,27.679406738281273,27.679406738281273,0.0,436.0,436.0,0.0,99.0,99.0,0.0,3.656830596694636,3.656830596694636,0.0,5.550645887851715,5.550645887851715,0.0
2021,2021-05-22 17:45:00+00:00,2021-05-22 18:30:00+00:00,45,45.0,0.0,38.333333333333336,38.333333333333336,0.0,27.679406738281273,27.937615966796898,0.258209228515625,436.0,609.0,173.0,99.0,78.0,-21.0,3.656830596694636,2.6216918003307224,-1.0351387963639138,5.550645887851715,5.142399728298187,-0.40824615955352783
2021,2021-05-22 17:45:00+00:00,2021-05-22 18:45:00+00:00,60,60.0,0.0,38.333333333333336,39.44444444444444,1.1111111111111072,27.679406738281273,27.937615966796898,0.258209228515625,436.0,609.0,173.0,99.0,78.0,-21.0,3.656830596694636,2.6216918003307224,-1.0351387963639138,5.550645887851715,5.142399728298187,-0.40824615955352783
2021,2021-05-22 18:00:00+00:00,2021-05-22 18:15:00+00:00,15,15.0,0.0,37.77777777777778,37.77777777777778,0.0,27.679406738281273,27.679406738281273,0.0,436.0,436.0,0.0,99.0,99.0,0.0,3.656830596694636,3.656830596694636,0.0,5.550645887851715,5.550645887851715,0.0
2021,2021-05-22 18:00:00+00:00,2021-05-22 18:30:00+00:00,30,30.0,0.0,37.77777777777778,38.333333333333336,0.5555555555555571,27.679406738281273,27.937615966796898,0.258209228515625,436.0,609.0,173.0,99.0,78.0,-21.0,3.656830596694636,2.6216918003307224,-1.0351387963639138,5.550645887851715,5.142399728298187,-0.40824615955352783
2021,2021-05-22 18:00:00+00:00,2021-05-22 18:45:00+00:00,45,45.0,0.0,37.77777777777778,39.44444444444444,1.6666666666666643,27.679406738281273,27.937615966796898,0.258209228515625,436.0,609.0,173.0,99.0,78.0,-21.0,3.656830596694636,2.6216918003307224,-1.0351387963639138,5.550645887851715,5.142399728298187,-0.40824615955352783
2021,2021-05-22 18:00:00+00:00,2021-05-22 19:00:00+00:00,60,60.0,0.0,37.77777777777778,42.77777777777778,5.0,27.679406738281273,27.937615966796898,0.258209228515625,436.0,609.0,173.0,99.0,78.0,-21.0,3.656830596694636,2.6216918003307224,-1.0351387963639138,5.550645887851715,5.142399728298187,-0.40824615955352783
2021,2021-05-22 18:15:00+00:00,2021-05-22 18:30:00+00:00,15,15.0,0.0,37.77777777777778,38.333333333333336,0.5555555555555571,27.679406738281273,27.937615966796898,0.258209228515625,436.0,609.0,173.0,99.0,78.0,-21.0,3.656830596694636,2.6216918003307224,-1.0351387963639138,5.550645887851715,5.142399728298187,-0.40824615955352783
2021,2021-05-22 18:15:00+00:00,2021-05-22 18:45:00+00:00,30,30.0,0.0,37.77777777777778,39.44444444444444,1.6666666666666643,27.679406738281273,27.937615966796898,0.258209228515625,436.0,609.0,173.0,99.0,78.0,-21.0,3.656830596694636,2.6216918003307224,-1.0351387963639138,5.550645887851715,5.142399728298187,-0.40824615955352783
2021,2021-05-22 18:15:00+00:00,2021-05-22 19:00:00+00:00,45,45.0,0.0,37.77777777777778,42.77777777777778,5.0,27.679406738281273,27.937615966796898,0.258209228515625,436.0,609.0,173.0,99.0,78.0,-21.0,3.656830596694636,2.6216918003307224,-1.0351387963639138,5.550645887851715,5.142399728298187,-0.40824615955352783
2021,2021-05-22 18:15:00+00:00,2021-05-22 19:15:00+00:00,60,60.0,0.0,37.77777777777778,44.44444444444444,6.666666666666664,27.679406738281273,27.937615966796898,0.258209228515625,436.0,609.0,173.0,99.0,78.0,-21.0,3.656830596694636,2.6216918003307224,-1.0351387963639138,5.550645887851715,5.142399728298187,-0.40824615955352783
2021,2021-05-22 18:30:00+00:00,2021-05-22 18:45:00+00:00,15,15.0,0.0,38.333333333333336,39.44444444444444,1.1111111111111072,27.937615966796898,27.937615966796898,0.0,609.0,609.0,0.0,78.0,78.0,0.0,2.6216918003307224,2.6216918003307224,0.0,5.142399728298187,5.142399728298187,0.0
2021,2021-05-22 18:30:00+00:00,2021-05-22 19:00:00+00:00,30,30.0,0.0,38.333333333333336,42.77777777777778,4.444444444444443,27.937615966796898,27.937615966796898,0.0,609.0,609.0,0.0,78.0,78.0,0.0,2.6216918003307224,2.6216918003307224,0.0,5.142399728298187,5.142399728298187,0.0
2021,2021-05-22 18:30:00+00:00,2021-05-22 19:15:00+00:00,45,45.0,0.0,38.333333333333336,44.44444444444444,6.111111111111107,27.937615966796898,27.937615966796898,0.0,609.0,609.0,0.0,78.0,78.0,0.0,2.6216918003307224,2.6216918003307224,0.0,5.142399728298187,5.142399728298187,0.0
2021,2021-05-22 18:30:00+00:00,2021-05-22 19:30:00+00:00,60,60.0,0.0,38.333333333333336,45.55555555555556,7.222222222222221,27.937615966796898,28.8737731933594,0.9361572265625036,609.0,818.0,209.0,78.0,3.0,-75.0,2.6216918003307224,3.4378614874150992,0.8161696870843769,5.142399728298187,5.113488398492336,-0.028911329805850983
2021,2021-05-22 18:45:00+00:00,2021-05-22 19:00:00+00:00,15,15.0,0.0,39.44444444444444,42.77777777777778,3.3333333333333357,27.937615966796898,27.937615966796898,0.0,609.0,609.0,0.0,78.0,78.0,0.0,2.6216918003307224,2.6216918003307224,0.0,5.142399728298187,5.142399728298187,0.0
2021,2021-05-22 18:45:00+00:00,2021-05-22 19:15:00+00:00,30,30.0,0.0,39.44444444444444,44.44444444444444,5.0,27.937615966796898,27.937615966796898,0.0,609.0,609.0,0.0,78.0,78.0,0.0,2.6216918003307224,2.6216918003307224,0.0,5.142399728298187,5.142399728298187,0.0
2021,2021-05-22 18:45:00+00:00,2021-05-22 19:30:00+00:00,45,45.0,0.0,39.44444444444444,45.55555555555556,6.111111111111114,27.937615966796898,28.8737731933594,0.9361572265625036,609.0,818.0,209.0,78.0,3.0,-75.0,2.6216918003307224,3.4378614874150992,0.8161696870843769,5.142399728298187,5.113488398492336,-0.028911329805850983
2021,2021-05-22 18:45:00+00:00,2021-05-22 19:45:00+00:00,60,60.0,0.0,39.44444444444444,46.111111111111114,6.666666666666671,27.937615966796898,28.8737731933594,0.9361572265625036,609.0,818.0,209.0,78.0,3.0,-75.0,2.6216918003307224,3.4378614874150992,0.8161696870843769,5.142399728298187,5.113488398492336,-0.028911329805850983
2021,2021-05-22 19:00:00+00:00,2021-05-22 19:15:00+00:00,15,15.0,0.0,42.77777777777778,44.44444444444444,1.6666666666666643,27.937615966796898,27.937615966796898,0.0,609.0,609.0,0.0,78.0,78.0,0.0,2.6216918003307224,2.6216918003307224,0.0,5.142399728298187,5.142399728298187,0.0
2021,2021-05-22 19:00:00+00:00,2021-05-22 19:30:00+00:00,30,30.0,0.0,42.77777777777778,45.55555555555556,2.7777777777777786,27.937615966796898,28.8737731933594,0.9361572265625036,609.0,818.0,209.0,78.0,3.0,-75.0,2.6216918003307224,3.4378614874150992,0.8161696870843769,5.142399728298187,5.113488398492336,-0.028911329805850983
2021,2021-05-22 19:00:00+00:00,2021-05-22 19:45:00+00:00,45,45.0,0.0,42.77777777777778,46.111111111111114,3.3333333333333357,27.937615966796898,28.8737731933594,0.9361572265625036,609.0,818.0,209.0,78.0,3.0,-75.0,2.6216918003307224,3.4378614874150992,0.8161696870843769,5.142399728298187,5.113488398492336,-0.028911329805850983
2021,2021-05-22 19:00:00+00:00,2021-05-22 20:00:00+00:00,60,60.0,0.0,42.77777777777778,47.22222222222222,4.444444444444443,27.937615966796898,28.8737731933594,0.9361572265625036,609.0,818.0,209.0,78.0,3.0,-75.0,2.6216918003307224,3.4378614874150992,0.8161696870843769,5.142399728298187,5.113488398492336,-0.028911329805850983
2021,2021-05-22 19:15:00+00:00,2021-05-22 19:30:00+00:00,15,15.0,0.0,44.44444444444444,45.55555555555556,1.1111111111111143,27.937615966796898,28.8737731933594,0.9361572265625036,609.0,818.0,209.0,78.0,3.0,-75.0,2.6216918003307224,3.4378614874150992,0.8161696870843769,5.142399728298187,5.113488398492336,-0.028911329805850983
2021,2021-05-22 19:15:00+00:00,2021-05-22 19:45:00+00:00,30,30.0,0.0,44.44444444444444,46.111111111111114,1.6666666666666714,27.937615966796898,28.8737731933594,0.9361572265625036,609.0,818.0,209.0,78.0,3.0,-75.0,2.6216918003307224,3.4378614874150992,0.8161696870843769,5.142399728298187,5.113488398492336,-0.028911329805850983
2021,2021-05-22 19:15:00+00:00,2021-05-22 20:00:00+00:00,45,45.0,0.0,44.44444444444444,47.22222222222222,2.7777777777777786,27.937615966796898,28.8737731933594,0.9361572265625036,609.0,818.0,209.0,78.0,3.0,-75.0,2.6216918003307224,3.4378614874150992,0.8161696870843769,5.142399728298187,5.113488398492336,-0.028911329805850983
2021,2021-05-22 19:15:00+00:00,2021-05-22 20:15:00+00:00,60,60.0,0.0,44.44444444444444,48.333333333333336,3.888888888888893,27.937615966796898,28.8737731933594,0.9361572265625036,609.0,818.0,209.0,78.0,3.0,-75.0,2.6216918003307224,3.4378614874150992,0.8161696870843769,5.142399728298187,5.113488398492336,-0.028911329805850983
2021,2021-05-22 19:30:00+00:00,2021-05-22 19:45:00+00:00,15,15.0,0.0,45.55555555555556,46.111111111111114,0.5555555555555571,28.8737731933594,28.8737731933594,0.0,818.0,818.0,0.0,3.0,3.0,0.0,3.4378614874150992,3.4378614874150992,0.0,5.113488398492336,5.113488398492336,0.0
2021,2021-05-22 19:30:00+00:00,2021-05-22 20:00:00+00:00,30,30.0,0.0,45.55555555555556,47.22222222222222,1.6666666666666643,28.8737731933594,28.8737731933594,0.0,818.0,818.0,0.0,3.0,3.0,0.0,3.4378614874150992,3.4378614874150992,0.0,5.113488398492336,5.113488398492336,0.0
2021,2021-05-22 19:30:00+00:00,2021-05-22 20:15:00+00:00,45,45.0,0.0,45.55555555555556,48.333333333333336,2.7777777777777786,28.8737731933594,28.8737731933594,0.0,818.0,818.0,0.0,3.0,3.0,0.0,3.4378614874150992,3.4378614874150992,0.0,5.113488398492336,5.113488398492336,0.0
2021,2021-05-22 19:30:00+00:00,2021-05-22 20:30:00+00:00,60,60.0,0.0,45.55555555555556,48.333333333333336,2.7777777777777786,28.8737731933594,29.279382324218773,0.40560913085937145,818.0,632.0,-186.0,3.0,32.0,29.0,3.4378614874150992,3.2807435763267816,-0.15711791108831763,5.113488398492336,4.8105839639902115,-0.3029044345021248
2021,2021-05-22 19:45:00+00:00,2021-05-22 20:00:00+00:00,15,15.0,0.0,46.111111111111114,47.22222222222222,1.1111111111111072,28.8737731933594,28.8737731933594,0.0,818.0,818.0,0.0,3.0,3.0,0.0,3.4378614874150992,3.4378614874150992,0.0,5.113488398492336,5.113488398492336,0.0
2021,2021-05-22 19:45:00+00:00,2021-05-22 20:15:00+00:00,30,30.0,0.0,46.111111111111114,48.333333333333336,2.2222222222222214,28.8737731933594,28.8737731933594,0.0,818.0,818.0,0.0,3.0,3.0,0.0,3.4378614874150992,3.4378614874150992,0.0,5.113488398492336,5.113488398492336,0.0
2021,2021-05-22 19:45:00+00:00,2021-05-22 20:30:00+00:00,45,45.0,0.0,46.111111111111114,48.333333333333336,2.2222222222222214,28.8737731933594,29.279382324218773,0.40560913085937145,818.0,632.0,-186.0,3.0,32.0,29.0,3.4378614874150992,3.2807435763267816,-0.15711791108831763,5.113488398492336,4.8105839639902115,-0.3029044345021248
2021,2021-05-22 19:45:00+00:00,2021-05-22 20:45:00+00:00,60,60.0,0.0,46.111111111111114,47.77777777777778,1.6666666666666643,28.8737731933594,29.279382324218773,0.40560913085937145,818.0,632.0,-186.0,3.0,32.0,29.0,3.4378614874150992,3.2807435763267816,-0.15711791108831763,5.113488398492336,4.8105839639902115,-0.3029044345021248
2021,2021-05-22 20:00:00+00:00,2021-05-22 20:15:00+00:00,15,15.0,0.0,47.22222222222222,48.333333333333336,1.1111111111111143,28.8737731933594,28.8737731933594,0.0,818.0,818.0,0.0,3.0,3.0,0.0,3.4378614874150992,3.4378614874150992,0.0,5.113488398492336,5.113488398492336,0.0
2021,2021-05-22 20:00:00+00:00,2021-05-22 20:30:00+00:00,30,30.0,0.0,47.22222222222222,48.333333333333336,1.1111111111111143,28.8737731933594,29.279382324218773,0.40560913085937145,818.0,632.0,-186.0,3.0,32.0,29.0,3.4378614874150992,3.2807435763267816,-0.15711791108831763,5.113488398492336,4.8105839639902115,-0.3029044345021248
2021,2021-05-22 20:00:00+00:00,2021-05-22 20:45:00+00:00,45,45.0,0.0,47.22222222222222,47.77777777777778,0.5555555555555571,28.8737731933594,29.279382324218773,0.40560913085937145,818.0,632.0,-186.0,3.0,32.0,29.0,3.4378614874150992,3.2807435763267816,-0.15711791108831763,5.113488398492336,4.8105839639902115,-0.3029044345021248
2021,2021-05-22 20:00:00+00:00,2021-05-22 21:00:00+00:00,60,60.0,0.0,47.22222222222222,47.22222222222222,0.0,28.8737731933594,29.279382324218773,0.40560913085937145,818.0,632.0,-186.0,3.0,32.0,29.0,3.4378614874150992,3.2807435763267816,-0.15711791108831763,5.113488398492336,4.8105839639902115,-0.3029044345021248
2021,2021-05-22 20:15:00+00:00,2021-05-22 20:30:00+00:00,15,15.0,0.0,48.333333333333336,48.333333333333336,0.0,28.8737731933594,29.279382324218773,0.40560913085937145,818.0,632.0,-186.0,3.0,32.0,29.0,3.4378614874150992,3.2807435763267816,-0.15711791108831763,5.113488398492336,4.8105839639902115,-0.3029044345021248
2021,2021-05-22 20:15:00+00:00,2021-05-22 20:45:00+00:00,30,30.0,0.0,48.333333333333336,47.77777777777778,-0.5555555555555571,28.8737731933594,29.279382324218773,0.40560913085937145,818.0,632.0,-186.0,3.0,32.0,29.0,3.4378614874150992,3.2807435763267816,-0.15711791108831763,5.113488398492336,4.8105839639902115,-0.3029044345021248
2021,2021-05-22 20:15:00+00:00,2021-05-22 21:00:00+00:00,45,45.0,0.0,48.333333333333336,47.22222222222222,-1.1111111111111143,28.8737731933594,29.279382324218773,0.40560913085937145,818.0,632.0,-186.0,3.0,32.0,29.0,3.4378614874150992,3.2807435763267816,-0.15711791108831763,5.113488398492336,4.8105839639902115,-0.3029044345021248
2021,2021-05-22 20:15:00+00:00,2021-05-22 21:15:00+00:00,60,60.0,0.0,48.333333333333336,45.55555555555556,-2.7777777777777786,28.8737731933594,29.279382324218773,0.40560913085937145,818.0,632.0,-186.0,3.0,32.0,29.0,3.4378614874150992,3.2807435763267816,-0.15711791108831763,5.113488398492336,4.8105839639902115,-0.3029044345021248
2021,2021-05-22 20:30:00+00:00,2021-05-22 20:45:00+00:00,15,15.0,0.0,48.333333333333336,47.77777777777778,-0.5555555555555571,29.279382324218773,29.279382324218773,0.0,632.0,632.0,0.0,32.0,32.0,0.0,3.2807435763267816,3.2807435763267816,0.0,4.8105839639902115,4.8105839639902115,0.0
2021,2021-05-22 20:30:00+00:00,2021-05-22 21:00:00+00:00,30,30.0,0.0,48.333333333333336,47.22222222222222,-1.1111111111111143,29.279382324218773,29.279382324218773,0.0,632.0,632.0,0.0,32.0,32.0,0.0,3.2807435763267816,3.2807435763267816,0.0,4.8105839639902115,4.8105839639902115,0.0
2021,2021-05-22 20:30:00+00:00,2021-05-22 21:15:00+00:00,45,45.0,0.0,48.333333333333336,45.55555555555556,-2.7777777777777786,29.279382324218773,29.279382324218773,0.0,632.0,632.0,0.0,32.0,32.0,0.0,3.2807435763267816,3.2807435763267816,0.0,4.8105839639902115,4.8105839639902115,0.0
2021,2021-05-22 20:30:00+00:00,2021-05-22 21:30:00+00:00,60,60.0,0.0,48.333333333333336,45.55555555555556,-2.7777777777777786,29.279382324218773,28.833398437500023,-0.44598388671875,632.0,484.9,-147.10000000000002,32.0,1.0,-31.0,3.2807435763267816,3.478708511216542,0.19796493488976052,4.8105839639902115,4.571876257658005,-0.23870770633220673
2021,2021-05-22 20:45:00+00:00,2021-05-22 21:00:00+00:00,15,15.0,0.0,47.77777777777778,47.22222222222222,-0.5555555555555571,29.279382324218773,29.279382324218773,0.0,632.0,632.0,0.0,32.0,32.0,0.0,3.2807435763267816,3.2807435763267816,0.0,4.8105839639902115,4.8105839639902115,0.0
2021,2021-05-22 20:45:00+00:00,2021-05-22 21:15:00+00:00,30,30.0,0.0,47.77777777777778,45.55555555555556,-2.2222222222222214,29.279382324218773,29.279382324218773,0.0,632.0,632.0,0.0,32.0,32.0,0.0,3.2807435763267816,3.2807435763267816,0.0,4.8105839639902115,4.8105839639902115,0.0
2021,2021-05-22 20:45:00+00:00,2021-05-22 21:30:00+00:00,45,45.0,0.0,47.77777777777778,45.55555555555556,-2.2222222222222214,29.279382324218773,28.833398437500023,-0.44598388671875,632.0,484.9,-147.10000000000002,32.0,1.0,-31.0,3.2807435763267816,3.478708511216542,0.19796493488976052,4.8105839639902115,4.571876257658005,-0.23870770633220673
2021,2021-05-22 20:45:00+00:00,2021-05-22 21:45:00+00:00,60,60.0,0.0,47.77777777777778,45.0,-2.7777777777777786,29.279382324218773,28.833398437500023,-0.44598388671875,632.0,484.9,-147.10000000000002,32.0,1.0,-31.0,3.2807435763267816,3.478708511216542,0.19796493488976052,4.8105839639902115,4.571876257658005,-0.23870770633220673
2021,2021-05-22 21:00:00+00:00,2021-05-22 21:15:00+00:00,15,15.0,0.0,47.22222222222222,45.55555555555556,-1.6666666666666643,29.279382324218773,29.279382324218773,0.0,632.0,632.0,0.0,32.0,32.0,0.0,3.2807435763267816,3.2807435763267816,0.0,4.8105839639902115,4.8105839639902115,0.0
2021,2021-05-22 21:00:00+00:00,2021-05-22 21:30:00+00:00,30,30.0,0.0,47.22222222222222,45.55555555555556,-1.6666666666666643,29.279382324218773,28.833398437500023,-0.44598388671875,632.0,484.9,-147.10000000000002,32.0,1.0,-31.0,3.2807435763267816,3.478708511216542,0.19796493488976052,4.8105839639902115,4.571876257658005,-0.23870770633220673
2021,2021-05-22 21:00:00+00:00,2021-05-22 21:45:00+00:00,45,45.0,0.0,47.22222222222222,45.0,-2.2222222222222214,29.279382324218773,28.833398437500023,-0.44598388671875,632.0,484.9,-147.10000000000002,32.0,1.0,-31.0,3.2807435763267816,3.478708511216542,0.19796493488976052,4.8105839639902115,4.571876257658005,-0.23870770633220673
2021,2021-05-22 21:15:00+00:00,2021-05-22 21:30:00+00:00,15,15.0,0.0,45.55555555555556,45.55555555555556,0.0,29.279382324218773,28.833398437500023,-0.44598388671875,632.0,484.9,-147.10000000000002,32.0,1.0,-31.0,3.2807435763267816,3.478708511216542,0.19796493488976052,4.8105839639902115,4.571876257658005,-0.23870770633220673
2021,2021-05-22 21:15:00+00:00,2021-05-22 21:45:00+00:00,30,30.0,0.0,45.55555555555556,45.0,-0.5555555555555571,29.279382324218773,28.833398437500023,-0.44598388671875,632.0,484.9,-147.10000000000002,32.0,1.0,-31.0,3.2807435763267816,3.478708511216542,0.19796493488976052,4.8105839639902115,4.571876257658005,-0.23870770633220673
2021,2021-05-22 21:30:00+00:00,2021-05-22 21:45:00+00:00,15,15.0,0.0,45.55555555555556,45.0,-0.5555555555555571,28.833398437500023,28.833398437500023,0.0,484.9,484.9,0.0,1.0,1.0,0.0,3.478708511216542,3.478708511216542,0.0,4.571876257658005,4.571876257658005,0.0
2022,2022-05-21 12:00:00+00:00,2022-05-21 12:15:00+00:00,15,15.0,0.0,25.555555555555557,26.11111111111111,0.5555555555555536,24.057550048828148,24.057550048828148,0.0,2.4000000000000004,2.4000000000000004,0.0,100.0,100.0,0.0,1.7004986329447391,1.7004986329447391,0.0,9.308694001287222,9.308694001287222,0.0
2022,2022-05-21 12:00:00+00:00,2022-05-21 12:30:00+00:00,30,30.0,0.0,25.555555555555557,26.666666666666668,1.1111111111111107,24.057550048828148,23.729302978515648,-0.3282470703125,2.4000000000000004,127.8,125.39999999999999,100.0,89.0,-11.0,1.7004986329447391,2.7233159689265753,1.0228173359818362,9.308694001287222,7.546354182064533,-1.7623398192226887
2022,2022-05-21 12:00:00+00:00,2022-05-21 12:45:00+00:00,45,45.0,0.0,25.555555555555557,27.77777777777778,2.2222222222222214,24.057550048828148,23.729302978515648,-0.3282470703125,2.4000000000000004,127.8,125.39999999999999,100.0,89.0,-11.0,1.7004986329447391,2.7233159689265753,1.0228173359818362,9.308694001287222,7.546354182064533,-1.7623398192226887
2022,2022-05-21 12:00:00+00:00,2022-05-21 13:00:00+00:00,60,60.0,0.0,25.555555555555557,29.444444444444443,3.8888888888888857,24.057550048828148,23.729302978515648,-0.3282470703125,2.4000000000000004,127.8,125.39999999999999,100.0,89.0,-11.0,1.7004986329447391,2.7233159689265753,1.0228173359818362,9.308694001287222,7.546354182064533,-1.7623398192226887
2022,2022-05-21 12:15:00+00:00,2022-05-21 12:30:00+00:00,15,15.0,0.0,26.11111111111111,26.666666666666668,0.5555555555555571,24.057550048828148,23.729302978515648,-0.3282470703125,2.4000000000000004,127.8,125.39999999999999,100.0,89.0,-11.0,1.7004986329447391,2.7233159689265753,1.0228173359818362,9.308694001287222,7.546354182064533,-1.7623398192226887
2022,2022-05-21 12:15:00+00:00,2022-05-21 12:45:00+00:00,30,30.0,0.0,26.11111111111111,27.77777777777778,1.6666666666666679,24.057550048828148,23.729302978515648,-0.3282470703125,2.4000000000000004,127.8,125.39999999999999,100.0,89.0,-11.0,1.7004986329447391,2.7233159689265753,1.0228173359818362,9.308694001287222,7.546354182064533,-1.7623398192226887
2022,2022-05-21 12:15:00+00:00,2022-05-21 13:00:00+00:00,45,45.0,0.0,26.11111111111111,29.444444444444443,3.333333333333332,24.057550048828148,23.729302978515648,-0.3282470703125,2.4000000000000004,127.8,125.39999999999999,100.0,89.0,-11.0,1.7004986329447391,2.7233159689265753,1.0228173359818362,9.308694001287222,7.546354182064533,-1.7623398192226887
2022,2022-05-21 12:15:00+00:00,2022-05-21 13:15:00+00:00,60,60.0,0.0,26.11111111111111,29.444444444444443,3.333333333333332,24.057550048828148,23.729302978515648,-0.3282470703125,2.4000000000000004,127.8,125.39999999999999,100.0,89.0,-11.0,1.7004986329447391,2.7233159689265753,1.0228173359818362,9.308694001287222,7.546354182064533,-1.7623398192226887
2022,2022-05-21 12:30:00+00:00,2022-05-21 12:45:00+00:00,15,15.0,0.0,26.666666666666668,27.77777777777778,1.1111111111111107,23.729302978515648,23.729302978515648,0.0,127.8,127.8,0.0,89.0,89.0,0.0,2.7233159689265753,2.7233159689265753,0.0,7.546354182064533,7.546354182064533,0.0
2022,2022-05-21 12:30:00+00:00,2022-05-21 13:00:00+00:00,30,30.0,0.0,26.666666666666668,29.444444444444443,2.777777777777775,23.729302978515648,23.729302978515648,0.0,127.8,127.8,0.0,89.0,89.0,0.0,2.7233159689265753,2.7233159689265753,0.0,7.546354182064533,7.546354182064533,0.0
2022,2022-05-21 12:30:00+00:00,2022-05-21 13:15:00+00:00,45,45.0,0.0,26.666666666666668,29.444444444444443,2.777777777777775,23.729302978515648,23.729302978515648,0.0,127.8,127.8,0.0,89.0,89.0,0.0,2.7233159689265753,2.7233159689265753,0.0,7.546354182064533,7.546354182064533,0.0
2022,2022-05-21 12:30:00+00:00,2022-05-21 13:30:00+00:00,60,60.0,0.0,26.666666666666668,30.0,3.333333333333332,23.729302978515648,24.98145446777346,1.2521514892578125,127.8,78.10000000000001,-49.69999999999999,89.0,99.0,10.0,2.7233159689265753,3.6121937285837498,0.8888777596571744,7.546354182064533,10.615130424499512,3.0687762424349785
2022,2022-05-21 12:45:00+00:00,2022-05-21 13:00:00+00:00,15,15.0,0.0,27.77777777777778,29.444444444444443,1.6666666666666643,23.729302978515648,23.729302978515648,0.0,127.8,127.8,0.0,89.0,89.0,0.0,2.7233159689265753,2.7233159689265753,0.0,7.546354182064533,7.546354182064533,0.0
2022,2022-05-21 12:45:00+00:00,2022-05-21 13:15:00+00:00,30,30.0,0.0,27.77777777777778,29.444444444444443,1.6666666666666643,23.729302978515648,23.729302978515648,0.0,127.8,127.8,0.0,89.0,89.0,0.0,2.7233159689265753,2.7233159689265753,0.0,7.546354182064533,7.546354182064533,0.0
2022,2022-05-21 12:45:00+00:00,2022-05-21 13:30:00+00:00,45,45.0,0.0,27.77777777777778,30.0,2.2222222222222214,23.729302978515648,24.98145446777346,1.2521514892578125,127.8,78.10000000000001,-49.69999999999999,89.0,99.0,10.0,2.7233159689265753,3.6121937285837498,0.8888777596571744,7.546354182064533,10.615130424499512,3.0687762424349785
2022,2022-05-21 13:00:00+00:00,2022-05-21 13:15:00+00:00,15,15.0,0.0,29.444444444444443,29.444444444444443,0.0,23.729302978515648,23.729302978515648,0.0,127.8,127.8,0.0,89.0,89.0,0.0,2.7233159689265753,2.7233159689265753,0.0,7.546354182064533,7.546354182064533,0.0
2022,2022-05-21 13:00:00+00:00,2022-05-21 13:30:00+00:00,30,30.0,0.0,29.444444444444443,30.0,0.5555555555555571,23.729302978515648,24.98145446777346,1.2521514892578125,127.8,78.10000000000001,-49.69999999999999,89.0,99.0,10.0,2.7233159689265753,3.6121937285837498,0.8888777596571744,7.546354182064533,10.615130424499512,3.0687762424349785
2022,2022-05-21 13:15:00+00:00,2022-05-21 13:30:00+00:00,15,15.0,0.0,29.444444444444443,30.0,0.5555555555555571,23.729302978515648,24.98145446777346,1.2521514892578125,127.8,78.10000000000001,-49.69999999999999,89.0,99.0,10.0,2.7233159689265753,3.6121937285837498,0.8888777596571744,7.546354182064533,10.615130424499512,3.0687762424349785
2022,2022-05-21 13:30:00+00:00,2022-05-21 14:30:00+00:00,60,60.0,0.0,30.0,30.0,0.0,24.98145446777346,23.724908447265648,-1.2565460205078125,78.10000000000001,10.6,-67.50000000000001,99.0,99.0,0.0,3.6121937285837498,2.186817999529022,-1.425375729054728,10.615130424499512,4.328962177038193,-6.286168247461319
2022,2022-05-21 14:30:00+00:00,2022-05-21 14:45:00+00:00,15,15.0,0.0,30.0,30.0,0.0,23.724908447265648,23.724908447265648,0.0,10.6,10.6,0.0,99.0,99.0,0.0,2.186817999529022,2.186817999529022,0.0,4.328962177038193,4.328962177038193,0.0
2022,2022-05-21 14:30:00+00:00,2022-05-21 15:00:00+00:00,30,30.0,0.0,30.0,30.0,0.0,23.724908447265648,23.724908447265648,0.0,10.6,10.6,0.0,99.0,99.0,0.0,2.186817999529022,2.186817999529022,0.0,4.328962177038193,4.328962177038193,0.0
2022,2022-05-21 14:30:00+00:00,2022-05-21 15:15:00+00:00,45,45.0,0.0,30.0,30.0,0.0,23.724908447265648,23.724908447265648,0.0,10.6,10.6,0.0,99.0,99.0,0.0,2.186817999529022,2.186817999529022,0.0,4.328962177038193,4.328962177038193,0.0
2022,2022-05-21 14:30:00+00:00,2022-05-21 15:30:00+00:00,60,60.0,0.0,30.0,31.11111111111111,1.1111111111111107,23.724908447265648,25.723565673828148,1.9986572265625,10.6,815.0,804.4,99.0,69.0,-30.0,2.186817999529022,1.726534244321843,-0.4602837552071788,4.328962177038193,1.784188747406006,-2.544773429632187
2022,2022-05-21 14:45:00+00:00,2022-05-21 15:00:00+00:00,15,15.0,0.0,30.0,30.0,0.0,23.724908447265648,23.724908447265648,0.0,10.6,10.6,0.0,99.0,99.0,0.0,2.186817999529022,2.186817999529022,0.0,4.328962177038193,4.328962177038193,0.0
2022,2022-05-21 14:45:00+00:00,2022-05-21 15:15:00+00:00,30,30.0,0.0,30.0,30.0,0.0,23.724908447265648,23.724908447265648,0.0,10.6,10.6,0.0,99.0,99.0,0.0,2.186817999529022,2.186817999529022,0.0,4.328962177038193,4.328962177038193,0.0
2022,2022-05-21 14:45:00+00:00,2022-05-21 15:30:00+00:00,45,45.0,0.0,30.0,31.11111111111111,1.1111111111111107,23.724908447265648,25.723565673828148,1.9986572265625,10.6,815.0,804.4,99.0,69.0,-30.0,2.186817999529022,1.726534244321843,-0.4602837552071788,4.328962177038193,1.784188747406006,-2.544773429632187
2022,2022-05-21 14:45:00+00:00,2022-05-21 15:45:00+00:00,60,60.0,0.0,30.0,32.77777777777778,2.7777777777777786,23.724908447265648,25.723565673828148,1.9986572265625,10.6,815.0,804.4,99.0,69.0,-30.0,2.186817999529022,1.726534244321843,-0.4602837552071788,4.328962177038193,1.784188747406006,-2.544773429632187
2022,2022-05-21 15:00:00+00:00,2022-05-21 15:15:00+00:00,15,15.0,0.0,30.0,30.0,0.0,23.724908447265648,23.724908447265648,0.0,10.6,10.6,0.0,99.0,99.0,0.0,2.186817999529022,2.186817999529022,0.0,4.328962177038193,4.328962177038193,0.0
2022,2022-05-21 15:00:00+00:00,2022-05-21 15:30:00+00:00,30,30.0,0.0,30.0,31.11111111111111,1.1111111111111107,23.724908447265648,25.723565673828148,1.9986572265625,10.6,815.0,804.4,99.0,69.0,-30.0,2.186817999529022,1.726534244321843,-0.4602837552071788,4.328962177038193,1.784188747406006,-2.544773429632187
2022,2022-05-21 15:00:00+00:00,2022-05-21 15:45:00+00:00,45,45.0,0.0,30.0,32.77777777777778,2.7777777777777786,23.724908447265648,25.723565673828148,1.9986572265625,10.6,815.0,804.4,99.0,69.0,-30.0,2.186817999529022,1.726534244321843,-0.4602837552071788,4.328962177038193,1.784188747406006,-2.544773429632187
2022,2022-05-21 15:00:00+00:00,2022-05-21 16:00:00+00:00,60,60.0,0.0,30.0,33.333333333333336,3.3333333333333357,23.724908447265648,25.723565673828148,1.9986572265625,10.6,815.0,804.4,99.0,69.0,-30.0,2.186817999529022,1.726534244321843,-0.4602837552071788,4.328962177038193,1.784188747406006,-2.544773429632187
2022,2022-05-21 15:15:00+00:00,2022-05-21 15:30:00+00:00,15,15.0,0.0,30.0,31.11111111111111,1.1111111111111107,23.724908447265648,25.723565673828148,1.9986572265625,10.6,815.0,804.4,99.0,69.0,-30.0,2.186817999529022,1.726534244321843,-0.4602837552071788,4.328962177038193,1.784188747406006,-2.544773429632187
2022,2022-05-21 15:15:00+00:00,2022-05-21 15:45:00+00:00,30,30.0,0.0,30.0,32.77777777777778,2.7777777777777786,23.724908447265648,25.723565673828148,1.9986572265625,10.6,815.0,804.4,99.0,69.0,-30.0,2.186817999529022,1.726534244321843,-0.4602837552071788,4.328962177038193,1.784188747406006,-2.544773429632187
2022,2022-05-21 15:15:00+00:00,2022-05-21 16:00:00+00:00,45,45.0,0.0,30.0,33.333333333333336,3.3333333333333357,23.724908447265648,25.723565673828148,1.9986572265625,10.6,815.0,804.4,99.0,69.0,-30.0,2.186817999529022,1.726534244321843,-0.4602837552071788,4.328962177038193,1.784188747406006,-2.544773429632187
2022,2022-05-21 15:15:00+00:00,2022-05-21 16:15:00+00:00,60,60.0,0.0,30.0,37.22222222222222,7.222222222222221,23.724908447265648,25.723565673828148,1.9986572265625,10.6,815.0,804.4,99.0,69.0,-30.0,2.186817999529022,1.726534244321843,-0.4602837552071788,4.328962177038193,1.784188747406006,-2.544773429632187
2022,2022-05-21 15:30:00+00:00,2022-05-21 15:45:00+00:00,15,15.0,0.0,31.11111111111111,32.77777777777778,1.6666666666666679,25.723565673828148,25.723565673828148,0.0,815.0,815.0,0.0,69.0,69.0,0.0,1.726534244321843,1.726534244321843,0.0,1.784188747406006,1.784188747406006,0.0
2022,2022-05-21 15:30:00+00:00,2022-05-21 16:00:00+00:00,30,30.0,0.0,31.11111111111111,33.333333333333336,2.222222222222225,25.723565673828148,25.723565673828148,0.0,815.0,815.0,0.0,69.0,69.0,0.0,1.726534244321843,1.726534244321843,0.0,1.784188747406006,1.784188747406006,0.0
2022,2022-05-21 15:30:00+00:00,2022-05-21 16:15:00+00:00,45,45.0,0.0,31.11111111111111,37.22222222222222,6.111111111111111,25.723565673828148,25.723565673828148,0.0,815.0,815.0,0.0,69.0,69.0,0.0,1.726534244321843,1.726534244321843,0.0,1.784188747406006,1.784188747406006,0.0
2022,2022-05-21 15:30:00+00:00,2022-05-21 16:30:00+00:00,60,60.0,0.0,31.11111111111111,40.55555555555556,9.444444444444446,25.723565673828148,27.6061950683594,1.8826293945312536,815.0,912.0,97.0,69.0,82.0,13.0,1.726534244321843,4.703741447220912,2.977207202899069,1.784188747406006,5.943898856639862,4.159710109233856
2022,2022-05-21 15:45:00+00:00,2022-05-21 16:00:00+00:00,15,15.0,0.0,32.77777777777778,33.333333333333336,0.5555555555555571,25.723565673828148,25.723565673828148,0.0,815.0,815.0,0.0,69.0,69.0,0.0,1.726534244321843,1.726534244321843,0.0,1.784188747406006,1.784188747406006,0.0
2022,2022-05-21 15:45:00+00:00,2022-05-21 16:15:00+00:00,30,30.0,0.0,32.77777777777778,37.22222222222222,4.444444444444443,25.723565673828148,25.723565673828148,0.0,815.0,815.0,0.0,69.0,69.0,0.0,1.726534244321843,1.726534244321843,0.0,1.784188747406006,1.784188747406006,0.0
2022,2022-05-21 15:45:00+00:00,2022-05-21 16:30:00+00:00,45,45.0,0.0,32.77777777777778,40.55555555555556,7.777777777777779,25.723565673828148,27.6061950683594,1.8826293945312536,815.0,912.0,97.0,69.0,82.0,13.0,1.726534244321843,4.703741447220912,2.977207202899069,1.784188747406006,5.943898856639862,4.159710109233856
2022,2022-05-21 15:45:00+00:00,2022-05-21 16:45:00+00:00,60,60.0,0.0,32.77777777777778,41.666666666666664,8.888888888888886,25.723565673828148,27.6061950683594,1.8826293945312536,815.0,912.0,97.0,69.0,82.0,13.0,1.726534244321843,4.703741447220912,2.977207202899069,1.784188747406006,5.943898856639862,4.159710109233856
2022,2022-05-21 16:00:00+00:00,2022-05-21 16:15:00+00:00,15,15.0,0.0,33.333333333333336,37.22222222222222,3.8888888888888857,25.723565673828148,25.723565673828148,0.0,815.0,815.0,0.0,69.0,69.0,0.0,1.726534244321843,1.726534244321843,0.0,1.784188747406006,1.784188747406006,0.0
2022,2022-05-21 16:00:00+00:00,2022-05-21 16:30:00+00:00,30,30.0,0.0,33.333333333333336,40.55555555555556,7.222222222222221,25.723565673828148,27.6061950683594,1.8826293945312536,815.0,912.0,97.0,69.0,82.0,13.0,1.726534244321843,4.703741447220912,2.977207202899069,1.784188747406006,5.943898856639862,4.159710109233856
2022,2022-05-21 16:00:00+00:00,2022-05-21 16:45:00+00:00,45,45.0,0.0,33.333333333333336,41.666666666666664,8.333333333333329,25.723565673828148,27.6061950683594,1.8826293945312536,815.0,912.0,97.0,69.0,82.0,13.0,1.726534244321843,4.703741447220912,2.977207202899069,1.784188747406006,5.943898856639862,4.159710109233856
2022,2022-05-21 16:00:00+00:00,2022-05-21 17:00:00+00:00,60,60.0,0.0,33.333333333333336,43.333333333333336,10.0,25.723565673828148,27.6061950683594,1.8826293945312536,815.0,912.0,97.0,69.0,82.0,13.0,1.726534244321843,4.703741447220912,2.977207202899069,1.784188747406006,5.943898856639862,4.159710109233856
2022,2022-05-21 16:15:00+00:00,2022-05-21 16:30:00+00:00,15,15.0,0.0,37.22222222222222,40.55555555555556,3.3333333333333357,25.723565673828148,27.6061950683594,1.8826293945312536,815.0,912.0,97.0,69.0,82.0,13.0,1.726534244321843,4.703741447220912,2.977207202899069,1.784188747406006,5.943898856639862,4.159710109233856
2022,2022-05-21 16:15:00+00:00,2022-05-21 16:45:00+00:00,30,30.0,0.0,37.22222222222222,41.666666666666664,4.444444444444443,25.723565673828148,27.6061950683594,1.8826293945312536,815.0,912.0,97.0,69.0,82.0,13.0,1.726534244321843,4.703741447220912,2.977207202899069,1.784188747406006,5.943898856639862,4.159710109233856
2022,2022-05-21 16:15:00+00:00,2022-05-21 17:00:00+00:00,45,45.0,0.0,37.22222222222222,43.333333333333336,6.111111111111114,25.723565673828148,27.6061950683594,1.8826293945312536,815.0,912.0,97.0,69.0,82.0,13.0,1.726534244321843,4.703741447220912,2.977207202899069,1.784188747406006,5.943898856639862,4.159710109233856
2022,2022-05-21 16:15:00+00:00,2022-05-21 17:15:00+00:00,60,60.0,0.0,37.22222222222222,41.666666666666664,4.444444444444443,25.723565673828148,27.6061950683594,1.8826293945312536,815.0,912.0,97.0,69.0,82.0,13.0,1.726534244321843,4.703741447220912,2.977207202899069,1.784188747406006,5.943898856639862,4.159710109233856
2022,2022-05-21 16:30:00+00:00,2022-05-21 16:45:00+00:00,15,15.0,0.0,40.55555555555556,41.666666666666664,1.1111111111111072,27.6061950683594,27.6061950683594,0.0,912.0,912.0,0.0,82.0,82.0,0.0,4.703741447220912,4.703741447220912,0.0,5.943898856639862,5.943898856639862,0.0
2022,2022-05-21 16:30:00+00:00,2022-05-21 17:00:00+00:00,30,30.0,0.0,40.55555555555556,43.333333333333336,2.7777777777777786,27.6061950683594,27.6061950683594,0.0,912.0,912.0,0.0,82.0,82.0,0.0,4.703741447220912,4.703741447220912,0.0,5.943898856639862,5.943898856639862,0.0
2022,2022-05-21 16:30:00+00:00,2022-05-21 17:15:00+00:00,45,45.0,0.0,40.55555555555556,41.666666666666664,1.1111111111111072,27.6061950683594,27.6061950683594,0.0,912.0,912.0,0.0,82.0,82.0,0.0,4.703741447220912,4.703741447220912,0.0,5.943898856639862,5.943898856639862,0.0
2022,2022-05-21 16:30:00+00:00,2022-05-21 17:30:00+00:00,60,60.0,0.0,40.55555555555556,41.111111111111114,0.5555555555555571,27.6061950683594,27.205224609375023,-0.40097045898437855,912.0,413.0,-499.0,82.0,100.0,18.0,4.703741447220912,5.812465712048518,1.1087242648276066,5.943898856639862,9.068944826722143,3.1250459700822812
2022,2022-05-21 16:45:00+00:00,2022-05-21 17:00:00+00:00,15,15.0,0.0,41.666666666666664,43.333333333333336,1.6666666666666714,27.6061950683594,27.6061950683594,0.0,912.0,912.0,0.0,82.0,82.0,0.0,4.703741447220912,4.703741447220912,0.0,5.943898856639862,5.943898856639862,0.0
2022,2022-05-21 16:45:00+00:00,2022-05-21 17:15:00+00:00,30,30.0,0.0,41.666666666666664,41.666666666666664,0.0,27.6061950683594,27.6061950683594,0.0,912.0,912.0,0.0,82.0,82.0,0.0,4.703741447220912,4.703741447220912,0.0,5.943898856639862,5.943898856639862,0.0
2022,2022-05-21 16:45:00+00:00,2022-05-21 17:30:00+00:00,45,45.0,0.0,41.666666666666664,41.111111111111114,-0.55555555555555,27.6061950683594,27.205224609375023,-0.40097045898437855,912.0,413.0,-499.0,82.0,100.0,18.0,4.703741447220912,5.812465712048518,1.1087242648276066,5.943898856639862,9.068944826722143,3.1250459700822812
2022,2022-05-21 16:45:00+00:00,2022-05-21 17:45:00+00:00,60,60.0,0.0,41.666666666666664,38.333333333333336,-3.3333333333333286,27.6061950683594,27.205224609375023,-0.40097045898437855,912.0,413.0,-499.0,82.0,100.0,18.0,4.703741447220912,5.812465712048518,1.1087242648276066,5.943898856639862,9.068944826722143,3.1250459700822812
2022,2022-05-21 17:00:00+00:00,2022-05-21 17:15:00+00:00,15,15.0,0.0,43.333333333333336,41.666666666666664,-1.6666666666666714,27.6061950683594,27.6061950683594,0.0,912.0,912.0,0.0,82.0,82.0,0.0,4.703741447220912,4.703741447220912,0.0,5.943898856639862,5.943898856639862,0.0
2022,2022-05-21 17:00:00+00:00,2022-05-21 17:30:00+00:00,30,30.0,0.0,43.333333333333336,41.111111111111114,-2.2222222222222214,27.6061950683594,27.205224609375023,-0.40097045898437855,912.0,413.0,-499.0,82.0,100.0,18.0,4.703741447220912,5.812465712048518,1.1087242648276066,5.943898856639862,9.068944826722143,3.1250459700822812
2022,2022-05-21 17:00:00+00:00,2022-05-21 17:45:00+00:00,45,45.0,0.0,43.333333333333336,38.333333333333336,-5.0,27.6061950683594,27.205224609375023,-0.40097045898437855,912.0,413.0,-499.0,82.0,100.0,18.0,4.703741447220912,5.812465712048518,1.1087242648276066,5.943898856639862,9.068944826722143,3.1250459700822812
2022,2022-05-21 17:00:00+00:00,2022-05-21 18:00:00+00:00,60,60.0,0.0,43.333333333333336,37.77777777777778,-5.555555555555557,27.6061950683594,27.205224609375023,-0.40097045898437855,912.0,413.0,-499.0,82.0,100.0,18.0,4.703741447220912,5.812465712048518,1.1087242648276066,5.943898856639862,9.068944826722143,3.1250459700822812
2022,2022-05-21 17:15:00+00:00,2022-05-21 17:30:00+00:00,15,15.0,0.0,41.666666666666664,41.111111111111114,-0.55555555555555,27.6061950683594,27.205224609375023,-0.40097045898437855,912.0,413.0,-499.0,82.0,100.0,18.0,4.703741447220912,5.812465712048518,1.1087242648276066,5.943898856639862,9.068944826722143,3.1250459700822812
2022,2022-05-21 17:15:00+00:00,2022-05-21 17:45:00+00:00,30,30.0,0.0,41.666666666666664,38.333333333333336,-3.3333333333333286,27.6061950683594,27.205224609375023,-0.40097045898437855,912.0,413.0,-499.0,82.0,100.0,18.0,4.703741447220912,5.812465712048518,1.1087242648276066,5.943898856639862,9.068944826722143,3.1250459700822812
2022,2022-05-21 17:15:00+00:00,2022-05-21 18:00:00+00:00,45,45.0,0.0,41.666666666666664,37.77777777777778,-3.8888888888888857,27.6061950683594,27.205224609375023,-0.40097045898437855,912.0,413.0,-499.0,82.0,100.0,18.0,4.703741447220912,5.812465712048518,1.1087242648276066,5.943898856639862,9.068944826722143,3.1250459700822812
2022,2022-05-21 17:15:00+00:00,2022-05-21 18:15:00+00:00,60,60.0,0.0,41.666666666666664,39.44444444444444,-2.2222222222222214,27.6061950683594,27.205224609375023,-0.40097045898437855,912.0,413.0,-499.0,82.0,100.0,18.0,4.703741447220912,5.812465712048518,1.1087242648276066,5.943898856639862,9.068944826722143,3.1250459700822812
2022,2022-05-21 17:30:00+00:00,2022-05-21 17:45:00+00:00,15,15.0,0.0,41.111111111111114,38.333333333333336,-2.7777777777777786,27.205224609375023,27.205224609375023,0.0,413.0,413.0,0.0,100.0,100.0,0.0,5.812465712048518,5.812465712048518,0.0,9.068944826722143,9.068944826722143,0.0
2022,2022-05-21 17:30:00+00:00,2022-05-21 18:00:00+00:00,30,30.0,0.0,41.111111111111114,37.77777777777778,-3.3333333333333357,27.205224609375023,27.205224609375023,0.0,413.0,413.0,0.0,100.0,100.0,0.0,5.812465712048518,5.812465712048518,0.0,9.068944826722143,9.068944826722143,0.0
2022,2022-05-21 17:30:00+00:00,2022-05-21 18:15:00+00:00,45,45.0,0.0,41.111111111111114,39.44444444444444,-1.6666666666666714,27.205224609375023,27.205224609375023,0.0,413.0,413.0,0.0,100.0,100.0,0.0,5.812465712048518,5.812465712048518,0.0,9.068944826722143,9.068944826722143,0.0
2022,2022-05-21 17:30:00+00:00,2022-05-21 18:30:00+00:00,60,60.0,0.0,41.111111111111114,33.888888888888886,-7.2222222222222285,27.205224609375023,27.205224609375023,0.0,413.0,413.0,0.0,100.0,100.0,0.0,5.812465712048518,5.812465712048518,0.0,9.068944826722143,9.068944826722143,0.0
2022,2022-05-21 17:45:00+00:00,2022-05-21 18:00:00+00:00,15,15.0,0.0,38.333333333333336,37.77777777777778,-0.5555555555555571,27.205224609375023,27.205224609375023,0.0,413.0,413.0,0.0,100.0,100.0,0.0,5.812465712048518,5.812465712048518,0.0,9.068944826722143,9.068944826722143,0.0
2022,2022-05-21 17:45:00+00:00,2022-05-21 18:15:00+00:00,30,30.0,0.0,38.333333333333336,39.44444444444444,1.1111111111111072,27.205224609375023,27.205224609375023,0.0,413.0,413.0,0.0,100.0,100.0,0.0,5.812465712048518,5.812465712048518,0.0,9.068944826722143,9.068944826722143,0.0
2022,2022-05-21 17:45:00+00:00,2022-05-21 18:30:00+00:00,45,45.0,0.0,38.333333333333336,33.888888888888886,-4.44444444444445,27.205224609375023,27.205224609375023,0.0,413.0,413.0,0.0,100.0,100.0,0.0,5.812465712048518,5.812465712048518,0.0,9.068944826722143,9.068944826722143,0.0
2022,2022-05-21 17:45:00+00:00,2022-05-21 18:45:00+00:00,60,60.0,0.0,38.333333333333336,33.333333333333336,-5.0,27.205224609375023,25.336389160156273,-1.86883544921875,413.0,587.0,174.0,100.0,100.0,0.0,5.812465712048518,5.7451972658594235,-0.06726844618909489,9.068944826722143,7.723746120929718,-1.3451987057924253
2022,2022-05-21 18:00:00+00:00,2022-05-21 18:15:00+00:00,15,15.0,0.0,37.77777777777778,39.44444444444444,1.6666666666666643,27.205224609375023,27.205224609375023,0.0,413.0,413.0,0.0,100.0,100.0,0.0,5.812465712048518,5.812465712048518,0.0,9.068944826722143,9.068944826722143,0.0
2022,2022-05-21 18:00:00+00:00,2022-05-21 18:30:00+00:00,30,30.0,0.0,37.77777777777778,33.888888888888886,-3.888888888888893,27.205224609375023,27.205224609375023,0.0,413.0,413.0,0.0,100.0,100.0,0.0,5.812465712048518,5.812465712048518,0.0,9.068944826722143,9.068944826722143,0.0
2022,2022-05-21 18:00:00+00:00,2022-05-21 18:45:00+00:00,45,45.0,0.0,37.77777777777778,33.333333333333336,-4.444444444444443,27.205224609375023,25.336389160156273,-1.86883544921875,413.0,587.0,174.0,100.0,100.0,0.0,5.812465712048518,5.7451972658594235,-0.06726844618909489,9.068944826722143,7.723746120929718,-1.3451987057924253
2022,2022-05-21 18:00:00+00:00,2022-05-21 19:00:00+00:00,60,60.0,0.0,37.77777777777778,34.44444444444444,-3.3333333333333357,27.205224609375023,25.336389160156273,-1.86883544921875,413.0,587.0,174.0,100.0,100.0,0.0,5.812465712048518,5.7451972658594235,-0.06726844618909489,9.068944826722143,7.723746120929718,-1.3451987057924253
2022,2022-05-21 18:15:00+00:00,2022-05-21 18:30:00+00:00,15,15.0,0.0,39.44444444444444,33.888888888888886,-5.555555555555557,27.205224609375023,27.205224609375023,0.0,413.0,413.0,0.0,100.0,100.0,0.0,5.812465712048518,5.812465712048518,0.0,9.068944826722143,9.068944826722143,0.0
2022,2022-05-21 18:15:00+00:00,2022-05-21 18:45:00+00:00,30,30.0,0.0,39.44444444444444,33.333333333333336,-6.111111111111107,27.205224609375023,25.336389160156273,-1.86883544921875,413.0,587.0,174.0,100.0,100.0,0.0,5.812465712048518,5.7451972658594235,-0.06726844618909489,9.068944826722143,7.723746120929718,-1.3451987057924253
2022,2022-05-21 18:15:00+00:00,2022-05-21 19:00:00+00:00,45,45.0,0.0,39.44444444444444,34.44444444444444,-5.0,27.205224609375023,25.336389160156273,-1.86883544921875,413.0,587.0,174.0,100.0,100.0,0.0,5.812465712048518,5.7451972658594235,-0.06726844618909489,9.068944826722143,7.723746120929718,-1.3451987057924253
2022,2022-05-21 18:15:00+00:00,2022-05-21 19:15:00+00:00,60,60.0,0.0,39.44444444444444,36.111111111111114,-3.3333333333333286,27.205224609375023,25.336389160156273,-1.86883544921875,413.0,587.0,174.0,100.0,100.0,0.0,5.812465712048518,5.7451972658594235,-0.06726844618909489,9.068944826722143,7.723746120929718,-1.3451987057924253
2022,2022-05-21 18:30:00+00:00,2022-05-21 18:45:00+00:00,15,15.0,0.0,33.888888888888886,33.333333333333336,-0.55555555555555,27.205224609375023,25.336389160156273,-1.86883544921875,413.0,587.0,174.0,100.0,100.0,0.0,5.812465712048518,5.7451972658594235,-0.06726844618909489,9.068944826722143,7.723746120929718,-1.3451987057924253
2022,2022-05-21 18:30:00+00:00,2022-05-21 19:00:00+00:00,30,30.0,0.0,33.888888888888886,34.44444444444444,0.5555555555555571,27.205224609375023,25.336389160156273,-1.86883544921875,413.0,587.0,174.0,100.0,100.0,0.0,5.812465712048518,5.7451972658594235,-0.06726844618909489,9.068944826722143,7.723746120929718,-1.3451987057924253
2022,2022-05-21 18:30:00+00:00,2022-05-21 19:15:00+00:00,45,45.0,0.0,33.888888888888886,36.111111111111114,2.2222222222222285,27.205224609375023,25.336389160156273,-1.86883544921875,413.0,587.0,174.0,100.0,100.0,0.0,5.812465712048518,5.7451972658594235,-0.06726844618909489,9.068944826722143,7.723746120929718,-1.3451987057924253
2022,2022-05-21 18:30:00+00:00,2022-05-21 19:30:00+00:00,60,60.0,0.0,33.888888888888886,35.0,1.1111111111111143,27.205224609375023,25.336389160156273,-1.86883544921875,413.0,587.0,174.0,100.0,100.0,0.0,5.812465712048518,5.7451972658594235,-0.06726844618909489,9.068944826722143,7.723746120929718,-1.3451987057924253
2022,2022-05-21 18:45:00+00:00,2022-05-21 19:00:00+00:00,15,15.0,0.0,33.333333333333336,34.44444444444444,1.1111111111111072,25.336389160156273,25.336389160156273,0.0,587.0,587.0,0.0,100.0,100.0,0.0,5.7451972658594235,5.7451972658594235,0.0,7.723746120929718,7.723746120929718,0.0
2022,2022-05-21 18:45:00+00:00,2022-05-21 19:15:00+00:00,30,30.0,0.0,33.333333333333336,36.111111111111114,2.7777777777777786,25.336389160156273,25.336389160156273,0.0,587.0,587.0,0.0,100.0,100.0,0.0,5.7451972658594235,5.7451972658594235,0.0,7.723746120929718,7.723746120929718,0.0
2022,2022-05-21 18:45:00+00:00,2022-05-21 19:30:00+00:00,45,45.0,0.0,33.333333333333336,35.0,1.6666666666666643,25.336389160156273,25.336389160156273,0.0,587.0,587.0,0.0,100.0,100.0,0.0,5.7451972658594235,5.7451972658594235,0.0,7.723746120929718,7.723746120929718,0.0
2022,2022-05-21 18:45:00+00:00,2022-05-21 19:45:00+00:00,60,60.0,0.0,33.333333333333336,32.77777777777778,-0.5555555555555571,25.336389160156273,21.303735351562523,-4.03265380859375,587.0,147.0,-440.0,100.0,100.0,0.0,5.7451972658594235,4.922506373676366,-0.8226908921830578,7.723746120929718,7.67110387980938,-0.05264224112033844
2022,2022-05-21 19:00:00+00:00,2022-05-21 19:15:00+00:00,15,15.0,0.0,34.44444444444444,36.111111111111114,1.6666666666666714,25.336389160156273,25.336389160156273,0.0,587.0,587.0,0.0,100.0,100.0,0.0,5.7451972658594235,5.7451972658594235,0.0,7.723746120929718,7.723746120929718,0.0
2022,2022-05-21 19:00:00+00:00,2022-05-21 19:30:00+00:00,30,30.0,0.0,34.44444444444444,35.0,0.5555555555555571,25.336389160156273,25.336389160156273,0.0,587.0,587.0,0.0,100.0,100.0,0.0,5.7451972658594235,5.7451972658594235,0.0,7.723746120929718,7.723746120929718,0.0
2022,2022-05-21 19:00:00+00:00,2022-05-21 19:45:00+00:00,45,45.0,0.0,34.44444444444444,32.77777777777778,-1.6666666666666643,25.336389160156273,21.303735351562523,-4.03265380859375,587.0,147.0,-440.0,100.0,100.0,0.0,5.7451972658594235,4.922506373676366,-0.8226908921830578,7.723746120929718,7.67110387980938,-0.05264224112033844
2022,2022-05-21 19:00:00+00:00,2022-05-21 20:00:00+00:00,60,60.0,0.0,34.44444444444444,32.22222222222222,-2.2222222222222214,25.336389160156273,21.303735351562523,-4.03265380859375,587.0,147.0,-440.0,100.0,100.0,0.0,5.7451972658594235,4.922506373676366,-0.8226908921830578,7.723746120929718,7.67110387980938,-0.05264224112033844
2022,2022-05-21 19:15:00+00:00,2022-05-21 19:30:00+00:00,15,15.0,0.0,36.111111111111114,35.0,-1.1111111111111143,25.336389160156273,25.336389160156273,0.0,587.0,587.0,0.0,100.0,100.0,0.0,5.7451972658594235,5.7451972658594235,0.0,7.723746120929718,7.723746120929718,0.0
2022,2022-05-21 19:15:00+00:00,2022-05-21 19:45:00+00:00,30,30.0,0.0,36.111111111111114,32.77777777777778,-3.3333333333333357,25.336389160156273,21.303735351562523,-4.03265380859375,587.0,147.0,-440.0,100.0,100.0,0.0,5.7451972658594235,4.922506373676366,-0.8226908921830578,7.723746120929718,7.67110387980938,-0.05264224112033844
2022,2022-05-21 19:15:00+00:00,2022-05-21 20:00:00+00:00,45,45.0,0.0,36.111111111111114,32.22222222222222,-3.888888888888893,25.336389160156273,21.303735351562523,-4.03265380859375,587.0,147.0,-440.0,100.0,100.0,0.0,5.7451972658594235,4.922506373676366,-0.8226908921830578,7.723746120929718,7.67110387980938,-0.05264224112033844
2022,2022-05-21 19:15:00+00:00,2022-05-21 20:15:00+00:00,60,60.0,0.0,36.111111111111114,28.88888888888889,-7.222222222222225,25.336389160156273,21.303735351562523,-4.03265380859375,587.0,147.0,-440.0,100.0,100.0,0.0,5.7451972658594235,4.922506373676366,-0.8226908921830578,7.723746120929718,7.67110387980938,-0.05264224112033844
2022,2022-05-21 19:30:00+00:00,2022-05-21 19:45:00+00:00,15,15.0,0.0,35.0,32.77777777777778,-2.2222222222222214,25.336389160156273,21.303735351562523,-4.03265380859375,587.0,147.0,-440.0,100.0,100.0,0.0,5.7451972658594235,4.922506373676366,-0.8226908921830578,7.723746120929718,7.67110387980938,-0.05264224112033844
2022,2022-05-21 19:30:00+00:00,2022-05-21 20:00:00+00:00,30,30.0,0.0,35.0,32.22222222222222,-2.7777777777777786,25.336389160156273,21.303735351562523,-4.03265380859375,587.0,147.0,-440.0,100.0,100.0,0.0,5.7451972658594235,4.922506373676366,-0.8226908921830578,7.723746120929718,7.67110387980938,-0.05264224112033844
2022,2022-05-21 19:30:00+00:00,2022-05-21 20:15:00+00:00,45,45.0,0.0,35.0,28.88888888888889,-6.111111111111111,25.336389160156273,21.303735351562523,-4.03265380859375,587.0,147.0,-440.0,100.0,100.0,0.0,5.7451972658594235,4.922506373676366,-0.8226908921830578,7.723746120929718,7.67110387980938,-0.05264224112033844
2022,2022-05-21 19:45:00+00:00,2022-05-21 20:00:00+00:00,15,15.0,0.0,32.77777777777778,32.22222222222222,-0.5555555555555571,21.303735351562523,21.303735351562523,0.0,147.0,147.0,0.0,100.0,100.0,0.0,4.922506373676366,4.922506373676366,0.0,7.67110387980938,7.67110387980938,0.0
2022,2022-05-21 19:45:00+00:00,2022-05-21 20:15:00+00:00,30,30.0,0.0,32.77777777777778,28.88888888888889,-3.8888888888888893,21.303735351562523,21.303735351562523,0.0,147.0,147.0,0.0,100.0,100.0,0.0,4.922506373676366,4.922506373676366,0.0,7.67110387980938,7.67110387980938,0.0
2022,2022-05-21 20:00:00+00:00,2022-05-21 20:15:00+00:00,15,15.0,0.0,32.22222222222222,28.88888888888889,-3.333333333333332,21.303735351562523,21.303735351562523,0.0,147.0,147.0,0.0,100.0,100.0,0.0,4.922506373676366,4.922506373676366,0.0,7.67110387980938,7.67110387980938,0.0
2023,2023-05-20 12:15:00+00:00,2023-05-20 12:30:00+00:00,15,15.0,0.0,18.333333333333332,18.88888888888889,0.5555555555555571,12.182092285156273,12.182092285156273,0.0,230.6,230.6,0.0,10.0,10.0,0.0,2.5791746798676085,2.5791746798676085,0.0,6.614184711128473,6.614184711128473,0.0
2023,2023-05-20 12:15:00+00:00,2023-05-20 12:45:00+00:00,30,30.0,0.0,18.333333333333332,20.0,1.6666666666666679,12.182092285156273,13.145440673828148,0.963348388671875,230.6,441.3,210.70000000000002,10.0,4.0,-6.0,2.5791746798676085,4.365809711156459,1.7866350312888502,6.614184711128473,6.854688849300146,0.24050413817167282
2023,2023-05-20 12:15:00+00:00,2023-05-20 13:00:00+00:00,45,45.0,0.0,18.333333333333332,20.555555555555557,2.222222222222225,12.182092285156273,13.145440673828148,0.963348388671875,230.6,441.3,210.70000000000002,10.0,4.0,-6.0,2.5791746798676085,4.365809711156459,1.7866350312888502,6.614184711128473,6.854688849300146,0.24050413817167282
2023,2023-05-20 12:15:00+00:00,2023-05-20 13:15:00+00:00,60,60.0,0.0,18.333333333333332,21.666666666666668,3.3333333333333357,12.182092285156273,13.145440673828148,0.963348388671875,230.6,441.3,210.70000000000002,10.0,4.0,-6.0,2.5791746798676085,4.365809711156459,1.7866350312888502,6.614184711128473,6.854688849300146,0.24050413817167282
2023,2023-05-20 12:30:00+00:00,2023-05-20 12:45:00+00:00,15,15.0,0.0,18.88888888888889,20.0,1.1111111111111107,12.182092285156273,13.145440673828148,0.963348388671875,230.6,441.3,210.70000000000002,10.0,4.0,-6.0,2.5791746798676085,4.365809711156459,1.7866350312888502,6.614184711128473,6.854688849300146,0.24050413817167282
2023,2023-05-20 12:30:00+00:00,2023-05-20 13:00:00+00:00,30,30.0,0.0,18.88888888888889,20.555555555555557,1.6666666666666679,12.182092285156273,13.145440673828148,0.963348388671875,230.6,441.3,210.70000000000002,10.0,4.0,-6.0,2.5791746798676085,4.365809711156459,1.7866350312888502,6.614184711128473,6.854688849300146,0.24050413817167282
2023,2023-05-20 12:30:00+00:00,2023-05-20 13:15:00+00:00,45,45.0,0.0,18.88888888888889,21.666666666666668,2.7777777777777786,12.182092285156273,13.145440673828148,0.963348388671875,230.6,441.3,210.70000000000002,10.0,4.0,-6.0,2.5791746798676085,4.365809711156459,1.7866350312888502,6.614184711128473,6.854688849300146,0.24050413817167282
2023,2023-05-20 12:30:00+00:00,2023-05-20 13:30:00+00:00,60,60.0,0.0,18.88888888888889,22.22222222222222,3.333333333333332,12.182092285156273,13.145440673828148,0.963348388671875,230.6,441.3,210.70000000000002,10.0,4.0,-6.0,2.5791746798676085,4.365809711156459,1.7866350312888502,6.614184711128473,6.854688849300146,0.24050413817167282
2023,2023-05-20 12:45:00+00:00,2023-05-20 13:00:00+00:00,15,15.0,0.0,20.0,20.555555555555557,0.5555555555555571,13.145440673828148,13.145440673828148,0.0,441.3,441.3,0.0,4.0,4.0,0.0,4.365809711156459,4.365809711156459,0.0,6.854688849300146,6.854688849300146,0.0
2023,2023-05-20 12:45:00+00:00,2023-05-20 13:15:00+00:00,30,30.0,0.0,20.0,21.666666666666668,1.6666666666666679,13.145440673828148,13.145440673828148,0.0,441.3,441.3,0.0,4.0,4.0,0.0,4.365809711156459,4.365809711156459,0.0,6.854688849300146,6.854688849300146,0.0
2023,2023-05-20 12:45:00+00:00,2023-05-20 13:30:00+00:00,45,45.0,0.0,20.0,22.22222222222222,2.2222222222222214,13.145440673828148,13.145440673828148,0.0,441.3,441.3,0.0,4.0,4.0,0.0,4.365809711156459,4.365809711156459,0.0,6.854688849300146,6.854688849300146,0.0
2023,2023-05-20 13:00:00+00:00,2023-05-20 13:15:00+00:00,15,15.0,0.0,20.555555555555557,21.666666666666668,1.1111111111111107,13.145440673828148,13.145440673828148,0.0,441.3,441.3,0.0,4.0,4.0,0.0,4.365809711156459,4.365809711156459,0.0,6.854688849300146,6.854688849300146,0.0
2023,2023-05-20 13:00:00+00:00,2023-05-20 13:30:00+00:00,30,30.0,0.0,20.555555555555557,22.22222222222222,1.6666666666666643,13.145440673828148,13.145440673828148,0.0,441.3,441.3,0.0,4.0,4.0,0.0,4.365809711156459,4.365809711156459,0.0,6.854688849300146,6.854688849300146,0.0
2023,2023-05-20 13:15:00+00:00,2023-05-20 13:30:00+00:00,15,15.0,0.0,21.666666666666668,22.22222222222222,0.5555555555555536,13.145440673828148,13.145440673828148,0.0,441.3,441.3,0.0,4.0,4.0,0.0,4.365809711156459,4.365809711156459,0.0,6.854688849300146,6.854688849300146,0.0
2023,2023-05-20 14:45:00+00:00,2023-05-20 15:00:00+00:00,15,15.0,0.0,28.333333333333332,29.444444444444443,1.1111111111111107,16.258721923828148,16.258721923828148,0.0,799.5,799.5,0.0,5.0,5.0,0.0,3.510731284058481,3.510731284058481,0.0,6.3230841383337975,6.3230841383337975,0.0
2023,2023-05-20 14:45:00+00:00,2023-05-20 15:15:00+00:00,30,30.0,0.0,28.333333333333332,30.555555555555557,2.222222222222225,16.258721923828148,16.258721923828148,0.0,799.5,799.5,0.0,5.0,5.0,0.0,3.510731284058481,3.510731284058481,0.0,6.3230841383337975,6.3230841383337975,0.0
2023,2023-05-20 14:45:00+00:00,2023-05-20 15:30:00+00:00,45,45.0,0.0,28.333333333333332,33.333333333333336,5.0000000000000036,16.258721923828148,17.260858154296898,1.00213623046875,799.5,923.7,124.20000000000005,5.0,2.0,-3.0,3.510731284058481,4.107239820140483,0.5965085360820024,6.3230841383337975,5.809485495090485,-0.5135986432433128
2023,2023-05-20 14:45:00+00:00,2023-05-20 15:45:00+00:00,60,60.0,0.0,28.333333333333332,34.44444444444444,6.111111111111111,16.258721923828148,17.260858154296898,1.00213623046875,799.5,923.7,124.20000000000005,5.0,2.0,-3.0,3.510731284058481,4.107239820140483,0.5965085360820024,6.3230841383337975,5.809485495090485,-0.5135986432433128
2023,2023-05-20 15:00:00+00:00,2023-05-20 15:15:00+00:00,15,15.0,0.0,29.444444444444443,30.555555555555557,1.1111111111111143,16.258721923828148,16.258721923828148,0.0,799.5,799.5,0.0,5.0,5.0,0.0,3.510731284058481,3.510731284058481,0.0,6.3230841383337975,6.3230841383337975,0.0
2023,2023-05-20 15:00:00+00:00,2023-05-20 15:30:00+00:00,30,30.0,0.0,29.444444444444443,33.333333333333336,3.888888888888893,16.258721923828148,17.260858154296898,1.00213623046875,799.5,923.7,124.20000000000005,5.0,2.0,-3.0,3.510731284058481,4.107239820140483,0.5965085360820024,6.3230841383337975,5.809485495090485,-0.5135986432433128
2023,2023-05-20 15:00:00+00:00,2023-05-20 15:45:00+00:00,45,45.0,0.0,29.444444444444443,34.44444444444444,5.0,16.258721923828148,17.260858154296898,1.00213623046875,799.5,923.7,124.20000000000005,5.0,2.0,-3.0,3.510731284058481,4.107239820140483,0.5965085360820024,6.3230841383337975,5.809485495090485,-0.5135986432433128
2023,2023-05-20 15:00:00+00:00,2023-05-20 16:00:00+00:00,60,60.0,0.0,29.444444444444443,36.111111111111114,6.666666666666671,16.258721923828148,17.260858154296898,1.00213623046875,799.5,923.7,124.20000000000005,5.0,2.0,-3.0,3.510731284058481,4.107239820140483,0.5965085360820024,6.3230841383337975,5.809485495090485,-0.5135986432433128
2023,2023-05-20 15:15:00+00:00,2023-05-20 15:30:00+00:00,15,15.0,0.0,30.555555555555557,33.333333333333336,2.7777777777777786,16.258721923828148,17.260858154296898,1.00213623046875,799.5,923.7,124.20000000000005,5.0,2.0,-3.0,3.510731284058481,4.107239820140483,0.5965085360820024,6.3230841383337975,5.809485495090485,-0.5135986432433128
2023,2023-05-20 15:15:00+00:00,2023-05-20 15:45:00+00:00,30,30.0,0.0,30.555555555555557,34.44444444444444,3.8888888888888857,16.258721923828148,17.260858154296898,1.00213623046875,799.5,923.7,124.20000000000005,5.0,2.0,-3.0,3.510731284058481,4.107239820140483,0.5965085360820024,6.3230841383337975,5.809485495090485,-0.5135986432433128
2023,2023-05-20 15:15:00+00:00,2023-05-20 16:00:00+00:00,45,45.0,0.0,30.555555555555557,36.111111111111114,5.555555555555557,16.258721923828148,17.260858154296898,1.00213623046875,799.5,923.7,124.20000000000005,5.0,2.0,-3.0,3.510731284058481,4.107239820140483,0.5965085360820024,6.3230841383337975,5.809485495090485,-0.5135986432433128
2023,2023-05-20 15:15:00+00:00,2023-05-20 16:15:00+00:00,60,60.0,0.0,30.555555555555557,37.22222222222222,6.666666666666664,16.258721923828148,17.260858154296898,1.00213623046875,799.5,923.7,124.20000000000005,5.0,2.0,-3.0,3.510731284058481,4.107239820140483,0.5965085360820024,6.3230841383337975,5.809485495090485,-0.5135986432433128
2023,2023-05-20 15:30:00+00:00,2023-05-20 15:45:00+00:00,15,15.0,0.0,33.333333333333336,34.44444444444444,1.1111111111111072,17.260858154296898,17.260858154296898,0.0,923.7,923.7,0.0,2.0,2.0,0.0,4.107239820140483,4.107239820140483,0.0,5.809485495090485,5.809485495090485,0.0
2023,2023-05-20 15:30:00+00:00,2023-05-20 16:00:00+00:00,30,30.0,0.0,33.333333333333336,36.111111111111114,2.7777777777777786,17.260858154296898,17.260858154296898,0.0,923.7,923.7,0.0,2.0,2.0,0.0,4.107239820140483,4.107239820140483,0.0,5.809485495090485,5.809485495090485,0.0
2023,2023-05-20 15:30:00+00:00,2023-05-20 16:15:00+00:00,45,45.0,0.0,33.333333333333336,37.22222222222222,3.8888888888888857,17.260858154296898,17.260858154296898,0.0,923.7,923.7,0.0,2.0,2.0,0.0,4.107239820140483,4.107239820140483,0.0,5.809485495090485,5.809485495090485,0.0
2023,2023-05-20 15:30:00+00:00,2023-05-20 16:30:00+00:00,60,60.0,0.0,33.333333333333336,38.888888888888886,5.55555555555555,17.260858154296898,18.246881103515648,0.98602294921875,923.7,985.0,61.299999999999955,2.0,4.0,2.0,4.107239820140483,4.135855124459339,0.028615304318855728,5.809485495090485,5.243177875876427,-0.5663076192140579
2023,2023-05-20 15:45:00+00:00,2023-05-20 16:00:00+00:00,15,15.0,0.0,34.44444444444444,36.111111111111114,1.6666666666666714,17.260858154296898,17.260858154296898,0.0,923.7,923.7,0.0,2.0,2.0,0.0,4.107239820140483,4.107239820140483,0.0,5.809485495090485,5.809485495090485,0.0
2023,2023-05-20 15:45:00+00:00,2023-05-20 16:15:00+00:00,30,30.0,0.0,34.44444444444444,37.22222222222222,2.7777777777777786,17.260858154296898,17.260858154296898,0.0,923.7,923.7,0.0,2.0,2.0,0.0,4.107239820140483,4.107239820140483,0.0,5.809485495090485,5.809485495090485,0.0
2023,2023-05-20 15:45:00+00:00,2023-05-20 16:30:00+00:00,45,45.0,0.0,34.44444444444444,38.888888888888886,4.444444444444443,17.260858154296898,18.246881103515648,0.98602294921875,923.7,985.0,61.299999999999955,2.0,4.0,2.0,4.107239820140483,4.135855124459339,0.028615304318855728,5.809485495090485,5.243177875876427,-0.5663076192140579
2023,2023-05-20 15:45:00+00:00,2023-05-20 16:45:00+00:00,60,60.0,0.0,34.44444444444444,40.0,5.555555555555557,17.260858154296898,18.246881103515648,0.98602294921875,923.7,985.0,61.299999999999955,2.0,4.0,2.0,4.107239820140483,4.135855124459339,0.028615304318855728,5.809485495090485,5.243177875876427,-0.5663076192140579
2023,2023-05-20 16:00:00+00:00,2023-05-20 16:15:00+00:00,15,15.0,0.0,36.111111111111114,37.22222222222222,1.1111111111111072,17.260858154296898,17.260858154296898,0.0,923.7,923.7,0.0,2.0,2.0,0.0,4.107239820140483,4.107239820140483,0.0,5.809485495090485,5.809485495090485,0.0
2023,2023-05-20 16:00:00+00:00,2023-05-20 16:30:00+00:00,30,30.0,0.0,36.111111111111114,38.888888888888886,2.7777777777777715,17.260858154296898,18.246881103515648,0.98602294921875,923.7,985.0,61.299999999999955,2.0,4.0,2.0,4.107239820140483,4.135855124459339,0.028615304318855728,5.809485495090485,5.243177875876427,-0.5663076192140579
2023,2023-05-20 16:00:00+00:00,2023-05-20 16:45:00+00:00,45,45.0,0.0,36.111111111111114,40.0,3.8888888888888857,17.260858154296898,18.246881103515648,0.98602294921875,923.7,985.0,61.299999999999955,2.0,4.0,2.0,4.107239820140483,4.135855124459339,0.028615304318855728,5.809485495090485,5.243177875876427,-0.5663076192140579
2023,2023-05-20 16:00:00+00:00,2023-05-20 17:00:00+00:00,60,60.0,0.0,36.111111111111114,41.111111111111114,5.0,17.260858154296898,18.246881103515648,0.98602294921875,923.7,985.0,61.299999999999955,2.0,4.0,2.0,4.107239820140483,4.135855124459339,0.028615304318855728,5.809485495090485,5.243177875876427,-0.5663076192140579
2023,2023-05-20 16:15:00+00:00,2023-05-20 16:30:00+00:00,15,15.0,0.0,37.22222222222222,38.888888888888886,1.6666666666666643,17.260858154296898,18.246881103515648,0.98602294921875,923.7,985.0,61.299999999999955,2.0,4.0,2.0,4.107239820140483,4.135855124459339,0.028615304318855728,5.809485495090485,5.243177875876427,-0.5663076192140579
2023,2023-05-20 16:15:00+00:00,2023-05-20 16:45:00+00:00,30,30.0,0.0,37.22222222222222,40.0,2.7777777777777786,17.260858154296898,18.246881103515648,0.98602294921875,923.7,985.0,61.299999999999955,2.0,4.0,2.0,4.107239820140483,4.135855124459339,0.028615304318855728,5.809485495090485,5.243177875876427,-0.5663076192140579
2023,2023-05-20 16:15:00+00:00,2023-05-20 17:00:00+00:00,45,45.0,0.0,37.22222222222222,41.111111111111114,3.888888888888893,17.260858154296898,18.246881103515648,0.98602294921875,923.7,985.0,61.299999999999955,2.0,4.0,2.0,4.107239820140483,4.135855124459339,0.028615304318855728,5.809485495090485,5.243177875876427,-0.5663076192140579
2023,2023-05-20 16:15:00+00:00,2023-05-20 17:15:00+00:00,60,60.0,0.0,37.22222222222222,42.22222222222222,5.0,17.260858154296898,18.246881103515648,0.98602294921875,923.7,985.0,61.299999999999955,2.0,4.0,2.0,4.107239820140483,4.135855124459339,0.028615304318855728,5.809485495090485,5.243177875876427,-0.5663076192140579
2023,2023-05-20 16:30:00+00:00,2023-05-20 16:45:00+00:00,15,15.0,0.0,38.888888888888886,40.0,1.1111111111111143,18.246881103515648,18.246881103515648,0.0,985.0,985.0,0.0,4.0,4.0,0.0,4.135855124459339,4.135855124459339,0.0,5.243177875876427,5.243177875876427,0.0
2023,2023-05-20 16:30:00+00:00,2023-05-20 17:00:00+00:00,30,30.0,0.0,38.888888888888886,41.111111111111114,2.2222222222222285,18.246881103515648,18.246881103515648,0.0,985.0,985.0,0.0,4.0,4.0,0.0,4.135855124459339,4.135855124459339,0.0,5.243177875876427,5.243177875876427,0.0
2023,2023-05-20 16:30:00+00:00,2023-05-20 17:15:00+00:00,45,45.0,0.0,38.888888888888886,42.22222222222222,3.3333333333333357,18.246881103515648,18.246881103515648,0.0,985.0,985.0,0.0,4.0,4.0,0.0,4.135855124459339,4.135855124459339,0.0,5.243177875876427,5.243177875876427,0.0
2023,2023-05-20 16:30:00+00:00,2023-05-20 17:30:00+00:00,60,60.0,0.0,38.888888888888886,42.77777777777778,3.888888888888893,18.246881103515648,18.920373535156273,0.673492431640625,985.0,997.0,12.0,4.0,13.0,9.0,4.135855124459339,5.21353789210369,1.077682767644351,5.243177875876427,6.920341573655605,1.6771636977791786
2023,2023-05-20 16:45:00+00:00,2023-05-20 17:00:00+00:00,15,15.0,0.0,40.0,41.111111111111114,1.1111111111111143,18.246881103515648,18.246881103515648,0.0,985.0,985.0,0.0,4.0,4.0,0.0,4.135855124459339,4.135855124459339,0.0,5.243177875876427,5.243177875876427,0.0
2023,2023-05-20 16:45:00+00:00,2023-05-20 17:15:00+00:00,30,30.0,0.0,40.0,42.22222222222222,2.2222222222222214,18.246881103515648,18.246881103515648,0.0,985.0,985.0,0.0,4.0,4.0,0.0,4.135855124459339,4.135855124459339,0.0,5.243177875876427,5.243177875876427,0.0
2023,2023-05-20 16:45:00+00:00,2023-05-20 17:30:00+00:00,45,45.0,0.0,40.0,42.77777777777778,2.7777777777777786,18.246881103515648,18.920373535156273,0.673492431640625,985.0,997.0,12.0,4.0,13.0,9.0,4.135855124459339,5.21353789210369,1.077682767644351,5.243177875876427,6.920341573655605,1.6771636977791786
2023,2023-05-20 16:45:00+00:00,2023-05-20 17:45:00+00:00,60,60.0,0.0,40.0,42.77777777777778,2.7777777777777786,18.246881103515648,18.920373535156273,0.673492431640625,985.0,997.0,12.0,4.0,13.0,9.0,4.135855124459339,5.21353789210369,1.077682767644351,5.243177875876427,6.920341573655605,1.6771636977791786
2023,2023-05-20 17:00:00+00:00,2023-05-20 17:15:00+00:00,15,15.0,0.0,41.111111111111114,42.22222222222222,1.1111111111111072,18.246881103515648,18.246881103515648,0.0,985.0,985.0,0.0,4.0,4.0,0.0,4.135855124459339,4.135855124459339,0.0,5.243177875876427,5.243177875876427,0.0
2023,2023-05-20 17:00:00+00:00,2023-05-20 17:30:00+00:00,30,30.0,0.0,41.111111111111114,42.77777777777778,1.6666666666666643,18.246881103515648,18.920373535156273,0.673492431640625,985.0,997.0,12.0,4.0,13.0,9.0,4.135855124459339,5.21353789210369,1.077682767644351,5.243177875876427,6.920341573655605,1.6771636977791786
2023,2023-05-20 17:00:00+00:00,2023-05-20 17:45:00+00:00,45,45.0,0.0,41.111111111111114,42.77777777777778,1.6666666666666643,18.246881103515648,18.920373535156273,0.673492431640625,985.0,997.0,12.0,4.0,13.0,9.0,4.135855124459339,5.21353789210369,1.077682767644351,5.243177875876427,6.920341573655605,1.6771636977791786
2023,2023-05-20 17:00:00+00:00,2023-05-20 18:00:00+00:00,60,60.0,0.0,41.111111111111114,43.888888888888886,2.7777777777777715,18.246881103515648,18.920373535156273,0.673492431640625,985.0,997.0,12.0,4.0,13.0,9.0,4.135855124459339,5.21353789210369,1.077682767644351,5.243177875876427,6.920341573655605,1.6771636977791786
2023,2023-05-20 17:15:00+00:00,2023-05-20 17:30:00+00:00,15,15.0,0.0,42.22222222222222,42.77777777777778,0.5555555555555571,18.246881103515648,18.920373535156273,0.673492431640625,985.0,997.0,12.0,4.0,13.0,9.0,4.135855124459339,5.21353789210369,1.077682767644351,5.243177875876427,6.920341573655605,1.6771636977791786
2023,2023-05-20 17:15:00+00:00,2023-05-20 17:45:00+00:00,30,30.0,0.0,42.22222222222222,42.77777777777778,0.5555555555555571,18.246881103515648,18.920373535156273,0.673492431640625,985.0,997.0,12.0,4.0,13.0,9.0,4.135855124459339,5.21353789210369,1.077682767644351,5.243177875876427,6.920341573655605,1.6771636977791786
2023,2023-05-20 17:15:00+00:00,2023-05-20 18:00:00+00:00,45,45.0,0.0,42.22222222222222,43.888888888888886,1.6666666666666643,18.246881103515648,18.920373535156273,0.673492431640625,985.0,997.0,12.0,4.0,13.0,9.0,4.135855124459339,5.21353789210369,1.077682767644351,5.243177875876427,6.920341573655605,1.6771636977791786
2023,2023-05-20 17:15:00+00:00,2023-05-20 18:15:00+00:00,60,60.0,0.0,42.22222222222222,45.0,2.7777777777777786,18.246881103515648,18.920373535156273,0.673492431640625,985.0,997.0,12.0,4.0,13.0,9.0,4.135855124459339,5.21353789210369,1.077682767644351,5.243177875876427,6.920341573655605,1.6771636977791786
2023,2023-05-20 17:30:00+00:00,2023-05-20 17:45:00+00:00,15,15.0,0.0,42.77777777777778,42.77777777777778,0.0,18.920373535156273,18.920373535156273,0.0,997.0,997.0,0.0,13.0,13.0,0.0,5.21353789210369,5.21353789210369,0.0,6.920341573655605,6.920341573655605,0.0
2023,2023-05-20 17:30:00+00:00,2023-05-20 18:00:00+00:00,30,30.0,0.0,42.77777777777778,43.888888888888886,1.1111111111111072,18.920373535156273,18.920373535156273,0.0,997.0,997.0,0.0,13.0,13.0,0.0,5.21353789210369,5.21353789210369,0.0,6.920341573655605,6.920341573655605,0.0
2023,2023-05-20 17:30:00+00:00,2023-05-20 18:15:00+00:00,45,45.0,0.0,42.77777777777778,45.0,2.2222222222222214,18.920373535156273,18.920373535156273,0.0,997.0,997.0,0.0,13.0,13.0,0.0,5.21353789210369,5.21353789210369,0.0,6.920341573655605,6.920341573655605,0.0
2023,2023-05-20 17:30:00+00:00,2023-05-20 18:30:00+00:00,60,60.0,0.0,42.77777777777778,45.0,2.2222222222222214,18.920373535156273,19.332421875000023,0.41204833984375,997.0,357.0,-640.0,13.0,100.0,87.0,5.21353789210369,5.100390975370445,-0.11314691673324528,6.920341573655605,6.585857167840004,-0.33448440581560135
2023,2023-05-20 17:45:00+00:00,2023-05-20 18:00:00+00:00,15,15.0,0.0,42.77777777777778,43.888888888888886,1.1111111111111072,18.920373535156273,18.920373535156273,0.0,997.0,997.0,0.0,13.0,13.0,0.0,5.21353789210369,5.21353789210369,0.0,6.920341573655605,6.920341573655605,0.0
2023,2023-05-20 17:45:00+00:00,2023-05-20 18:15:00+00:00,30,30.0,0.0,42.77777777777778,45.0,2.2222222222222214,18.920373535156273,18.920373535156273,0.0,997.0,997.0,0.0,13.0,13.0,0.0,5.21353789210369,5.21353789210369,0.0,6.920341573655605,6.920341573655605,0.0
2023,2023-05-20 17:45:00+00:00,2023-05-20 18:30:00+00:00,45,45.0,0.0,42.77777777777778,45.0,2.2222222222222214,18.920373535156273,19.332421875000023,0.41204833984375,997.0,357.0,-640.0,13.0,100.0,87.0,5.21353789210369,5.100390975370445,-0.11314691673324528,6.920341573655605,6.585857167840004,-0.33448440581560135
2023,2023-05-20 17:45:00+00:00,2023-05-20 18:45:00+00:00,60,60.0,0.0,42.77777777777778,44.44444444444444,1.6666666666666643,18.920373535156273,19.332421875000023,0.41204833984375,997.0,357.0,-640.0,13.0,100.0,87.0,5.21353789210369,5.100390975370445,-0.11314691673324528,6.920341573655605,6.585857167840004,-0.33448440581560135
2023,2023-05-20 18:00:00+00:00,2023-05-20 18:15:00+00:00,15,15.0,0.0,43.888888888888886,45.0,1.1111111111111143,18.920373535156273,18.920373535156273,0.0,997.0,997.0,0.0,13.0,13.0,0.0,5.21353789210369,5.21353789210369,0.0,6.920341573655605,6.920341573655605,0.0
2023,2023-05-20 18:00:00+00:00,2023-05-20 18:30:00+00:00,30,30.0,0.0,43.888888888888886,45.0,1.1111111111111143,18.920373535156273,19.332421875000023,0.41204833984375,997.0,357.0,-640.0,13.0,100.0,87.0,5.21353789210369,5.100390975370445,-0.11314691673324528,6.920341573655605,6.585857167840004,-0.33448440581560135
2023,2023-05-20 18:00:00+00:00,2023-05-20 18:45:00+00:00,45,45.0,0.0,43.888888888888886,44.44444444444444,0.5555555555555571,18.920373535156273,19.332421875000023,0.41204833984375,997.0,357.0,-640.0,13.0,100.0,87.0,5.21353789210369,5.100390975370445,-0.11314691673324528,6.920341573655605,6.585857167840004,-0.33448440581560135
2023,2023-05-20 18:00:00+00:00,2023-05-20 19:00:00+00:00,60,60.0,0.0,43.888888888888886,44.44444444444444,0.5555555555555571,18.920373535156273,19.332421875000023,0.41204833984375,997.0,357.0,-640.0,13.0,100.0,87.0,5.21353789210369,5.100390975370445,-0.11314691673324528,6.920341573655605,6.585857167840004,-0.33448440581560135
2023,2023-05-20 18:15:00+00:00,2023-05-20 18:30:00+00:00,15,15.0,0.0,45.0,45.0,0.0,18.920373535156273,19.332421875000023,0.41204833984375,997.0,357.0,-640.0,13.0,100.0,87.0,5.21353789210369,5.100390975370445,-0.11314691673324528,6.920341573655605,6.585857167840004,-0.33448440581560135
2023,2023-05-20 18:15:00+00:00,2023-05-20 18:45:00+00:00,30,30.0,0.0,45.0,44.44444444444444,-0.5555555555555571,18.920373535156273,19.332421875000023,0.41204833984375,997.0,357.0,-640.0,13.0,100.0,87.0,5.21353789210369,5.100390975370445,-0.11314691673324528,6.920341573655605,6.585857167840004,-0.33448440581560135
2023,2023-05-20 18:15:00+00:00,2023-05-20 19:00:00+00:00,45,45.0,0.0,45.0,44.44444444444444,-0.5555555555555571,18.920373535156273,19.332421875000023,0.41204833984375,997.0,357.0,-640.0,13.0,100.0,87.0,5.21353789210369,5.100390975370445,-0.11314691673324528,6.920341573655605,6.585857167840004,-0.33448440581560135
2023,2023-05-20 18:15:00+00:00,2023-05-20 19:15:00+00:00,60,60.0,0.0,45.0,44.44444444444444,-0.5555555555555571,18.920373535156273,19.332421875000023,0.41204833984375,997.0,357.0,-640.0,13.0,100.0,87.0,5.21353789210369,5.100390975370445,-0.11314691673324528,6.920341573655605,6.585857167840004,-0.33448440581560135
2023,2023-05-20 18:30:00+00:00,2023-05-20 18:45:00+00:00,15,15.0,0.0,45.0,44.44444444444444,-0.5555555555555571,19.332421875000023,19.332421875000023,0.0,357.0,357.0,0.0,100.0,100.0,0.0,5.100390975370445,5.100390975370445,0.0,6.585857167840004,6.585857167840004,0.0
2023,2023-05-20 18:30:00+00:00,2023-05-20 19:00:00+00:00,30,30.0,0.0,45.0,44.44444444444444,-0.5555555555555571,19.332421875000023,19.332421875000023,0.0,357.0,357.0,0.0,100.0,100.0,0.0,5.100390975370445,5.100390975370445,0.0,6.585857167840004,6.585857167840004,0.0
2023,2023-05-20 18:30:00+00:00,2023-05-20 19:15:00+00:00,45,45.0,0.0,45.0,44.44444444444444,-0.5555555555555571,19.332421875000023,19.332421875000023,0.0,357.0,357.0,0.0,100.0,100.0,0.0,5.100390975370445,5.100390975370445,0.0,6.585857167840004,6.585857167840004,0.0
2023,2023-05-20 18:30:00+00:00,2023-05-20 19:30:00+00:00,60,60.0,0.0,45.0,45.0,0.0,19.332421875000023,19.179254150390648,-0.153167724609375,357.0,844.0,487.0,100.0,15.0,-85.0,5.100390975370445,4.968757351961313,-0.1316336234091322,6.585857167840004,6.348734959959984,-0.23712220788002014
2023,2023-05-20 18:45:00+00:00,2023-05-20 19:00:00+00:00,15,15.0,0.0,44.44444444444444,44.44444444444444,0.0,19.332421875000023,19.332421875000023,0.0,357.0,357.0,0.0,100.0,100.0,0.0,5.100390975370445,5.100390975370445,0.0,6.585857167840004,6.585857167840004,0.0
2023,2023-05-20 18:45:00+00:00,2023-05-20 19:15:00+00:00,30,30.0,0.0,44.44444444444444,44.44444444444444,0.0,19.332421875000023,19.332421875000023,0.0,357.0,357.0,0.0,100.0,100.0,0.0,5.100390975370445,5.100390975370445,0.0,6.585857167840004,6.585857167840004,0.0
2023,2023-05-20 18:45:00+00:00,2023-05-20 19:30:00+00:00,45,45.0,0.0,44.44444444444444,45.0,0.5555555555555571,19.332421875000023,19.179254150390648,-0.153167724609375,357.0,844.0,487.0,100.0,15.0,-85.0,5.100390975370445,4.968757351961313,-0.1316336234091322,6.585857167840004,6.348734959959984,-0.23712220788002014
2023,2023-05-20 18:45:00+00:00,2023-05-20 19:45:00+00:00,60,60.0,0.0,44.44444444444444,44.44444444444444,0.0,19.332421875000023,19.179254150390648,-0.153167724609375,357.0,844.0,487.0,100.0,15.0,-85.0,5.100390975370445,4.968757351961313,-0.1316336234091322,6.585857167840004,6.348734959959984,-0.23712220788002014
2023,2023-05-20 19:00:00+00:00,2023-05-20 19:15:00+00:00,15,15.0,0.0,44.44444444444444,44.44444444444444,0.0,19.332421875000023,19.332421875000023,0.0,357.0,357.0,0.0,100.0,100.0,0.0,5.100390975370445,5.100390975370445,0.0,6.585857167840004,6.585857167840004,0.0
2023,2023-05-20 19:00:00+00:00,2023-05-20 19:30:00+00:00,30,30.0,0.0,44.44444444444444,45.0,0.5555555555555571,19.332421875000023,19.179254150390648,-0.153167724609375,357.0,844.0,487.0,100.0,15.0,-85.0,5.100390975370445,4.968757351961313,-0.1316336234091322,6.585857167840004,6.348734959959984,-0.23712220788002014
2023,2023-05-20 19:00:00+00:00,2023-05-20 19:45:00+00:00,45,45.0,0.0,44.44444444444444,44.44444444444444,0.0,19.332421875000023,19.179254150390648,-0.153167724609375,357.0,844.0,487.0,100.0,15.0,-85.0,5.100390975370445,4.968757351961313,-0.1316336234091322,6.585857167840004,6.348734959959984,-0.23712220788002014
2023,2023-05-20 19:00:00+00:00,2023-05-20 20:00:00+00:00,60,60.0,0.0,44.44444444444444,44.44444444444444,0.0,19.332421875000023,19.179254150390648,-0.153167724609375,357.0,844.0,487.0,100.0,15.0,-85.0,5.100390975370445,4.968757351961313,-0.1316336234091322,6.585857167840004,6.348734959959984,-0.23712220788002014
2023,2023-05-20 19:15:00+00:00,2023-05-20 19:30:00+00:00,15,15.0,0.0,44.44444444444444,45.0,0.5555555555555571,19.332421875000023,19.179254150390648,-0.153167724609375,357.0,844.0,487.0,100.0,15.0,-85.0,5.100390975370445,4.968757351961313,-0.1316336234091322,6.585857167840004,6.348734959959984,-0.23712220788002014
2023,2023-05-20 19:15:00+00:00,2023-05-20 19:45:00+00:00,30,30.0,0.0,44.44444444444444,44.44444444444444,0.0,19.332421875000023,19.179254150390648,-0.153167724609375,357.0,844.0,487.0,100.0,15.0,-85.0,5.100390975370445,4.968757351961313,-0.1316336234091322,6.585857167840004,6.348734959959984,-0.23712220788002014
2023,2023-05-20 19:15:00+00:00,2023-05-20 20:00:00+00:00,45,45.0,0.0,44.44444444444444,44.44444444444444,0.0,19.332421875000023,19.179254150390648,-0.153167724609375,357.0,844.0,487.0,100.0,15.0,-85.0,5.100390975370445,4.968757351961313,-0.1316336234091322,6.585857167840004,6.348734959959984,-0.23712220788002014
2023,2023-05-20 19:15:00+00:00,2023-05-20 20:15:00+00:00,60,60.0,0.0,44.44444444444444,44.44444444444444,0.0,19.332421875000023,19.179254150390648,-0.153167724609375,357.0,844.0,487.0,100.0,15.0,-85.0,5.100390975370445,4.968757351961313,-0.1316336234091322,6.585857167840004,6.348734959959984,-0.23712220788002014
2023,2023-05-20 19:30:00+00:00,2023-05-20 19:45:00+00:00,15,15.0,0.0,45.0,44.44444444444444,-0.5555555555555571,19.179254150390648,19.179254150390648,0.0,844.0,844.0,0.0,15.0,15.0,0.0,4.968757351961313,4.968757351961313,0.0,6.348734959959984,6.348734959959984,0.0
2023,2023-05-20 19:30:00+00:00,2023-05-20 20:00:00+00:00,30,30.0,0.0,45.0,44.44444444444444,-0.5555555555555571,19.179254150390648,19.179254150390648,0.0,844.0,844.0,0.0,15.0,15.0,0.0,4.968757351961313,4.968757351961313,0.0,6.348734959959984,6.348734959959984,0.0
2023,2023-05-20 19:30:00+00:00,2023-05-20 20:15:00+00:00,45,45.0,0.0,45.0,44.44444444444444,-0.5555555555555571,19.179254150390648,19.179254150390648,0.0,844.0,844.0,0.0,15.0,15.0,0.0,4.968757351961313,4.968757351961313,0.0,6.348734959959984,6.348734959959984,0.0
2023,2023-05-20 19:30:00+00:00,2023-05-20 20:30:00+00:00,60,60.0,0.0,45.0,44.44444444444444,-0.5555555555555571,19.179254150390648,19.191979980468773,0.012725830078125,844.0,691.0,-153.0,15.0,40.0,25.0,4.968757351961313,4.78668373021887,-0.18207362174244235,6.348734959959984,8.249429404735565,1.9006944447755814
2023,2023-05-20 19:45:00+00:00,2023-05-20 20:00:00+00:00,15,15.0,0.0,44.44444444444444,44.44444444444444,0.0,19.179254150390648,19.179254150390648,0.0,844.0,844.0,0.0,15.0,15.0,0.0,4.968757351961313,4.968757351961313,0.0,6.348734959959984,6.348734959959984,0.0
2023,2023-05-20 19:45:00+00:00,2023-05-20 20:15:00+00:00,30,30.0,0.0,44.44444444444444,44.44444444444444,0.0,19.179254150390648,19.179254150390648,0.0,844.0,844.0,0.0,15.0,15.0,0.0,4.968757351961313,4.968757351961313,0.0,6.348734959959984,6.348734959959984,0.0
2023,2023-05-20 19:45:00+00:00,2023-05-20 20:30:00+00:00,45,45.0,0.0,44.44444444444444,44.44444444444444,0.0,19.179254150390648,19.191979980468773,0.012725830078125,844.0,691.0,-153.0,15.0,40.0,25.0,4.968757351961313,4.78668373021887,-0.18207362174244235,6.348734959959984,8.249429404735565,1.9006944447755814
2023,2023-05-20 19:45:00+00:00,2023-05-20 20:45:00+00:00,60,60.0,0.0,44.44444444444444,43.888888888888886,-0.5555555555555571,19.179254150390648,19.191979980468773,0.012725830078125,844.0,691.0,-153.0,15.0,40.0,25.0,4.968757351961313,4.78668373021887,-0.18207362174244235,6.348734959959984,8.249429404735565,1.9006944447755814
2023,2023-05-20 20:00:00+00:00,2023-05-20 20:15:00+00:00,15,15.0,0.0,44.44444444444444,44.44444444444444,0.0,19.179254150390648,19.179254150390648,0.0,844.0,844.0,0.0,15.0,15.0,0.0,4.968757351961313,4.968757351961313,0.0,6.348734959959984,6.348734959959984,0.0
2023,2023-05-20 20:00:00+00:00,2023-05-20 20:30:00+00:00,30,30.0,0.0,44.44444444444444,44.44444444444444,0.0,19.179254150390648,19.191979980468773,0.012725830078125,844.0,691.0,-153.0,15.0,40.0,25.0,4.968757351961313,4.78668373021887,-0.18207362174244235,6.348734959959984,8.249429404735565,1.9006944447755814
2023,2023-05-20 20:00:00+00:00,2023-05-20 20:45:00+00:00,45,45.0,0.0,44.44444444444444,43.888888888888886,-0.5555555555555571,19.179254150390648,19.191979980468773,0.012725830078125,844.0,691.0,-153.0,15.0,40.0,25.0,4.968757351961313,4.78668373021887,-0.18207362174244235,6.348734959959984,8.249429404735565,1.9006944447755814
2023,2023-05-20 20:00:00+00:00,2023-05-20 21:00:00+00:00,60,60.0,0.0,44.44444444444444,41.666666666666664,-2.7777777777777786,19.179254150390648,19.191979980468773,0.012725830078125,844.0,691.0,-153.0,15.0,40.0,25.0,4.968757351961313,4.78668373021887,-0.18207362174244235,6.348734959959984,8.249429404735565,1.9006944447755814
2023,2023-05-20 20:15:00+00:00,2023-05-20 20:30:00+00:00,15,15.0,0.0,44.44444444444444,44.44444444444444,0.0,19.179254150390648,19.191979980468773,0.012725830078125,844.0,691.0,-153.0,15.0,40.0,25.0,4.968757351961313,4.78668373021887,-0.18207362174244235,6.348734959959984,8.249429404735565,1.9006944447755814
2023,2023-05-20 20:15:00+00:00,2023-05-20 20:45:00+00:00,30,30.0,0.0,44.44444444444444,43.888888888888886,-0.5555555555555571,19.179254150390648,19.191979980468773,0.012725830078125,844.0,691.0,-153.0,15.0,40.0,25.0,4.968757351961313,4.78668373021887,-0.18207362174244235,6.348734959959984,8.249429404735565,1.9006944447755814
2023,2023-05-20 20:15:00+00:00,2023-05-20 21:00:00+00:00,45,45.0,0.0,44.44444444444444,41.666666666666664,-2.7777777777777786,19.179254150390648,19.191979980468773,0.012725830078125,844.0,691.0,-153.0,15.0,40.0,25.0,4.968757351961313,4.78668373021887,-0.18207362174244235,6.348734959959984,8.249429404735565,1.9006944447755814
2023,2023-05-20 20:15:00+00:00,2023-05-20 21:15:00+00:00,60,60.0,0.0,44.44444444444444,41.666666666666664,-2.7777777777777786,19.179254150390648,19.191979980468773,0.012725830078125,844.0,691.0,-153.0,15.0,40.0,25.0,4.968757351961313,4.78668373021887,-0.18207362174244235,6.348734959959984,8.249429404735565,1.9006944447755814
2023,2023-05-20 20:30:00+00:00,2023-05-20 20:45:00+00:00,15,15.0,0.0,44.44444444444444,43.888888888888886,-0.5555555555555571,19.191979980468773,19.191979980468773,0.0,691.0,691.0,0.0,40.0,40.0,0.0,4.78668373021887,4.78668373021887,0.0,8.249429404735565,8.249429404735565,0.0
2023,2023-05-20 20:30:00+00:00,2023-05-20 21:00:00+00:00,30,30.0,0.0,44.44444444444444,41.666666666666664,-2.7777777777777786,19.191979980468773,19.191979980468773,0.0,691.0,691.0,0.0,40.0,40.0,0.0,4.78668373021887,4.78668373021887,0.0,8.249429404735565,8.249429404735565,0.0
2023,2023-05-20 20:30:00+00:00,2023-05-20 21:15:00+00:00,45,45.0,0.0,44.44444444444444,41.666666666666664,-2.7777777777777786,19.191979980468773,19.191979980468773,0.0,691.0,691.0,0.0,40.0,40.0,0.0,4.78668373021887,4.78668373021887,0.0,8.249429404735565,8.249429404735565,0.0
2023,2023-05-20 20:30:00+00:00,2023-05-20 21:30:00+00:00,60,60.0,0.0,44.44444444444444,40.55555555555556,-3.8888888888888857,19.191979980468773,18.981561279296898,-0.210418701171875,691.0,501.7000000000001,-189.2999999999999,40.0,27.0,-13.0,4.78668373021887,5.133723125007749,0.3470393947888786,8.249429404735565,8.481694549322128,0.2322651445865631
2023,2023-05-20 20:45:00+00:00,2023-05-20 21:00:00+00:00,15,15.0,0.0,43.888888888888886,41.666666666666664,-2.2222222222222214,19.191979980468773,19.191979980468773,0.0,691.0,691.0,0.0,40.0,40.0,0.0,4.78668373021887,4.78668373021887,0.0,8.249429404735565,8.249429404735565,0.0
2023,2023-05-20 20:45:00+00:00,2023-05-20 21:15:00+00:00,30,30.0,0.0,43.888888888888886,41.666666666666664,-2.2222222222222214,19.191979980468773,19.191979980468773,0.0,691.0,691.0,0.0,40.0,40.0,0.0,4.78668373021887,4.78668373021887,0.0,8.249429404735565,8.249429404735565,0.0
2023,2023-05-20 20:45:00+00:00,2023-05-20 21:30:00+00:00,45,45.0,0.0,43.888888888888886,40.55555555555556,-3.3333333333333286,19.191979980468773,18.981561279296898,-0.210418701171875,691.0,501.7000000000001,-189.2999999999999,40.0,27.0,-13.0,4.78668373021887,5.133723125007749,0.3470393947888786,8.249429404735565,8.481694549322128,0.2322651445865631
2023,2023-05-20 20:45:00+00:00,2023-05-20 21:45:00+00:00,60,60.0,0.0,43.888888888888886,38.888888888888886,-5.0,19.191979980468773,18.981561279296898,-0.210418701171875,691.0,501.7000000000001,-189.2999999999999,40.0,27.0,-13.0,4.78668373021887,5.133723125007749,0.3470393947888786,8.249429404735565,8.481694549322128,0.2322651445865631
2023,2023-05-20 21:00:00+00:00,2023-05-20 21:15:00+00:00,15,15.0,0.0,41.666666666666664,41.666666666666664,0.0,19.191979980468773,19.191979980468773,0.0,691.0,691.0,0.0,40.0,40.0,0.0,4.78668373021887,4.78668373021887,0.0,8.249429404735565,8.249429404735565,0.0
2023,2023-05-20 21:00:00+00:00,2023-05-20 21:30:00+00:00,30,30.0,0.0,41.666666666666664,40.55555555555556,-1.1111111111111072,19.191979980468773,18.981561279296898,-0.210418701171875,691.0,501.7000000000001,-189.2999999999999,40.0,27.0,-13.0,4.78668373021887,5.133723125007749,0.3470393947888786,8.249429404735565,8.481694549322128,0.2322651445865631
2023,2023-05-20 21:00:00+00:00,2023-05-20 21:45:00+00:00,45,45.0,0.0,41.666666666666664,38.888888888888886,-2.7777777777777786,19.191979980468773,18.981561279296898,-0.210418701171875,691.0,501.7000000000001,-189.2999999999999,40.0,27.0,-13.0,4.78668373021887,5.133723125007749,0.3470393947888786,8.249429404735565,8.481694549322128,0.2322651445865631
2023,2023-05-20 21:15:00+00:00,2023-05-20 21:30:00+00:00,15,15.0,0.0,41.666666666666664,40.55555555555556,-1.1111111111111072,19.191979980468773,18.981561279296898,-0.210418701171875,691.0,501.7000000000001,-189.2999999999999,40.0,27.0,-13.0,4.78668373021887,5.133723125007749,0.3470393947888786,8.249429404735565,8.481694549322128,0.2322651445865631
2023,2023-05-20 21:15:00+00:00,2023-05-20 21:45:00+00:00,30,30.0,0.0,41.666666666666664,38.888888888888886,-2.7777777777777786,19.191979980468773,18.981561279296898,-0.210418701171875,691.0,501.7000000000001,-189.2999999999999,40.0,27.0,-13.0,4.78668373021887,5.133723125007749,0.3470393947888786,8.249429404735565,8.481694549322128,0.2322651445865631
2023,2023-05-20 21:30:00+00:00,2023-05-20 21:45:00+00:00,15,15.0,0.0,40.55555555555556,38.888888888888886,-1.6666666666666714,18.981561279296898,18.981561279296898,0.0,501.7000000000001,501.7000000000001,0.0,27.0,27.0,0.0,5.133723125007749,5.133723125007749,0.0,8.481694549322128,8.481694549322128,0.0
2024,2024-05-18 12:45:00+00:00,2024-05-18 13:00:00+00:00,15,15.0,0.0,24.444444444444443,25.555555555555557,1.1111111111111143,18.1086364746094,18.1086364746094,0.0,233.4,233.4,0.0,100.0,100.0,0.0,1.4917512903650674,1.4917512903650674,0.0,3.3100133016705513,3.3100133016705513,0.0
2024,2024-05-18 12:45:00+00:00,2024-05-18 13:15:00+00:00,30,30.0,0.0,24.444444444444443,26.11111111111111,1.6666666666666679,18.1086364746094,18.1086364746094,0.0,233.4,233.4,0.0,100.0,100.0,0.0,1.4917512903650674,1.4917512903650674,0.0,3.3100133016705513,3.3100133016705513,0.0
2024,2024-05-18 12:45:00+00:00,2024-05-18 13:30:00+00:00,45,45.0,0.0,24.444444444444443,27.22222222222222,2.7777777777777786,18.1086364746094,19.715997314453148,1.6073608398437464,233.4,596.8000000000001,363.4000000000001,100.0,13.0,-87.0,1.4917512903650674,1.073520524678172,-0.4182307656868953,3.3100133016705513,1.481091447174549,-1.8289218544960022
2024,2024-05-18 12:45:00+00:00,2024-05-18 13:45:00+00:00,60,60.0,0.0,24.444444444444443,28.88888888888889,4.444444444444446,18.1086364746094,19.715997314453148,1.6073608398437464,233.4,596.8000000000001,363.4000000000001,100.0,13.0,-87.0,1.4917512903650674,1.073520524678172,-0.4182307656868953,3.3100133016705513,1.481091447174549,-1.8289218544960022
2024,2024-05-18 13:00:00+00:00,2024-05-18 13:15:00+00:00,15,15.0,0.0,25.555555555555557,26.11111111111111,0.5555555555555536,18.1086364746094,18.1086364746094,0.0,233.4,233.4,0.0,100.0,100.0,0.0,1.4917512903650674,1.4917512903650674,0.0,3.3100133016705513,3.3100133016705513,0.0
2024,2024-05-18 13:00:00+00:00,2024-05-18 13:30:00+00:00,30,30.0,0.0,25.555555555555557,27.22222222222222,1.6666666666666643,18.1086364746094,19.715997314453148,1.6073608398437464,233.4,596.8000000000001,363.4000000000001,100.0,13.0,-87.0,1.4917512903650674,1.073520524678172,-0.4182307656868953,3.3100133016705513,1.481091447174549,-1.8289218544960022
2024,2024-05-18 13:00:00+00:00,2024-05-18 13:45:00+00:00,45,45.0,0.0,25.555555555555557,28.88888888888889,3.333333333333332,18.1086364746094,19.715997314453148,1.6073608398437464,233.4,596.8000000000001,363.4000000000001,100.0,13.0,-87.0,1.4917512903650674,1.073520524678172,-0.4182307656868953,3.3100133016705513,1.481091447174549,-1.8289218544960022
2024,2024-05-18 13:00:00+00:00,2024-05-18 14:00:00+00:00,60,60.0,0.0,25.555555555555557,30.555555555555557,5.0,18.1086364746094,19.715997314453148,1.6073608398437464,233.4,596.8000000000001,363.4000000000001,100.0,13.0,-87.0,1.4917512903650674,1.073520524678172,-0.4182307656868953,3.3100133016705513,1.481091447174549,-1.8289218544960022
2024,2024-05-18 13:15:00+00:00,2024-05-18 13:30:00+00:00,15,15.0,0.0,26.11111111111111,27.22222222222222,1.1111111111111107,18.1086364746094,19.715997314453148,1.6073608398437464,233.4,596.8000000000001,363.4000000000001,100.0,13.0,-87.0,1.4917512903650674,1.073520524678172,-0.4182307656868953,3.3100133016705513,1.481091447174549,-1.8289218544960022
2024,2024-05-18 13:15:00+00:00,2024-05-18 13:45:00+00:00,30,30.0,0.0,26.11111111111111,28.88888888888889,2.7777777777777786,18.1086364746094,19.715997314453148,1.6073608398437464,233.4,596.8000000000001,363.4000000000001,100.0,13.0,-87.0,1.4917512903650674,1.073520524678172,-0.4182307656868953,3.3100133016705513,1.481091447174549,-1.8289218544960022
2024,2024-05-18 13:15:00+00:00,2024-05-18 14:00:00+00:00,45,45.0,0.0,26.11111111111111,30.555555555555557,4.444444444444446,18.1086364746094,19.715997314453148,1.6073608398437464,233.4,596.8000000000001,363.4000000000001,100.0,13.0,-87.0,1.4917512903650674,1.073520524678172,-0.4182307656868953,3.3100133016705513,1.481091447174549,-1.8289218544960022
2024,2024-05-18 13:30:00+00:00,2024-05-18 13:45:00+00:00,15,15.0,0.0,27.22222222222222,28.88888888888889,1.6666666666666679,19.715997314453148,19.715997314453148,0.0,596.8000000000001,596.8000000000001,0.0,13.0,13.0,0.0,1.073520524678172,1.073520524678172,0.0,1.481091447174549,1.481091447174549,0.0
2024,2024-05-18 13:30:00+00:00,2024-05-18 14:00:00+00:00,30,30.0,0.0,27.22222222222222,30.555555555555557,3.3333333333333357,19.715997314453148,19.715997314453148,0.0,596.8000000000001,596.8000000000001,0.0,13.0,13.0,0.0,1.073520524678172,1.073520524678172,0.0,1.481091447174549,1.481091447174549,0.0
2024,2024-05-18 13:45:00+00:00,2024-05-18 14:00:00+00:00,15,15.0,0.0,28.88888888888889,30.555555555555557,1.6666666666666679,19.715997314453148,19.715997314453148,0.0,596.8000000000001,596.8000000000001,0.0,13.0,13.0,0.0,1.073520524678172,1.073520524678172,0.0,1.481091447174549,1.481091447174549,0.0
2024,2024-05-18 13:45:00+00:00,2024-05-18 14:45:00+00:00,60,60.0,0.0,28.88888888888889,34.44444444444444,5.555555555555554,19.715997314453148,22.098809814453148,2.3828125,596.8000000000001,761.5,164.69999999999993,13.0,15.0,2.0,1.073520524678172,0.3816135393140105,-0.6919069853641615,1.481091447174549,1.725515142083168,0.24442369490861893
2024,2024-05-18 14:00:00+00:00,2024-05-18 14:45:00+00:00,45,45.0,0.0,30.555555555555557,34.44444444444444,3.8888888888888857,19.715997314453148,22.098809814453148,2.3828125,596.8000000000001,761.5,164.69999999999993,13.0,15.0,2.0,1.073520524678172,0.3816135393140105,-0.6919069853641615,1.481091447174549,1.725515142083168,0.24442369490861893
2024,2024-05-18 14:00:00+00:00,2024-05-18 15:00:00+00:00,60,60.0,0.0,30.555555555555557,35.0,4.444444444444443,19.715997314453148,22.098809814453148,2.3828125,596.8000000000001,761.5,164.69999999999993,13.0,15.0,2.0,1.073520524678172,0.3816135393140105,-0.6919069853641615,1.481091447174549,1.725515142083168,0.24442369490861893
2024,2024-05-18 14:45:00+00:00,2024-05-18 15:00:00+00:00,15,15.0,0.0,34.44444444444444,35.0,0.5555555555555571,22.098809814453148,22.098809814453148,0.0,761.5,761.5,0.0,15.0,15.0,0.0,0.3816135393140105,0.3816135393140105,0.0,1.725515142083168,1.725515142083168,0.0
2024,2024-05-18 14:45:00+00:00,2024-05-18 15:15:00+00:00,30,30.0,0.0,34.44444444444444,36.666666666666664,2.2222222222222214,22.098809814453148,22.098809814453148,0.0,761.5,761.5,0.0,15.0,15.0,0.0,0.3816135393140105,0.3816135393140105,0.0,1.725515142083168,1.725515142083168,0.0
2024,2024-05-18 14:45:00+00:00,2024-05-18 15:30:00+00:00,45,45.0,0.0,34.44444444444444,37.22222222222222,2.7777777777777786,22.098809814453148,23.5266052246094,1.4277954101562536,761.5,792.0,30.5,15.0,28.0,13.0,0.3816135393140105,1.9679119302445411,1.5862983909305306,1.725515142083168,2.4722864478826523,0.7467713057994843
2024,2024-05-18 14:45:00+00:00,2024-05-18 15:45:00+00:00,60,60.0,0.0,34.44444444444444,37.77777777777778,3.3333333333333357,22.098809814453148,23.5266052246094,1.4277954101562536,761.5,792.0,30.5,15.0,28.0,13.0,0.3816135393140105,1.9679119302445411,1.5862983909305306,1.725515142083168,2.4722864478826523,0.7467713057994843
2024,2024-05-18 15:00:00+00:00,2024-05-18 15:15:00+00:00,15,15.0,0.0,35.0,36.666666666666664,1.6666666666666643,22.098809814453148,22.098809814453148,0.0,761.5,761.5,0.0,15.0,15.0,0.0,0.3816135393140105,0.3816135393140105,0.0,1.725515142083168,1.725515142083168,0.0
2024,2024-05-18 15:00:00+00:00,2024-05-18 15:30:00+00:00,30,30.0,0.0,35.0,37.22222222222222,2.2222222222222214,22.098809814453148,23.5266052246094,1.4277954101562536,761.5,792.0,30.5,15.0,28.0,13.0,0.3816135393140105,1.9679119302445411,1.5862983909305306,1.725515142083168,2.4722864478826523,0.7467713057994843
2024,2024-05-18 15:00:00+00:00,2024-05-18 15:45:00+00:00,45,45.0,0.0,35.0,37.77777777777778,2.7777777777777786,22.098809814453148,23.5266052246094,1.4277954101562536,761.5,792.0,30.5,15.0,28.0,13.0,0.3816135393140105,1.9679119302445411,1.5862983909305306,1.725515142083168,2.4722864478826523,0.7467713057994843
2024,2024-05-18 15:00:00+00:00,2024-05-18 16:00:00+00:00,60,60.0,0.0,35.0,40.0,5.0,22.098809814453148,23.5266052246094,1.4277954101562536,761.5,792.0,30.5,15.0,28.0,13.0,0.3816135393140105,1.9679119302445411,1.5862983909305306,1.725515142083168,2.4722864478826523,0.7467713057994843
2024,2024-05-18 15:15:00+00:00,2024-05-18 15:30:00+00:00,15,15.0,0.0,36.666666666666664,37.22222222222222,0.5555555555555571,22.098809814453148,23.5266052246094,1.4277954101562536,761.5,792.0,30.5,15.0,28.0,13.0,0.3816135393140105,1.9679119302445411,1.5862983909305306,1.725515142083168,2.4722864478826523,0.7467713057994843
2024,2024-05-18 15:15:00+00:00,2024-05-18 15:45:00+00:00,30,30.0,0.0,36.666666666666664,37.77777777777778,1.1111111111111143,22.098809814453148,23.5266052246094,1.4277954101562536,761.5,792.0,30.5,15.0,28.0,13.0,0.3816135393140105,1.9679119302445411,1.5862983909305306,1.725515142083168,2.4722864478826523,0.7467713057994843
2024,2024-05-18 15:15:00+00:00,2024-05-18 16:00:00+00:00,45,45.0,0.0,36.666666666666664,40.0,3.3333333333333357,22.098809814453148,23.5266052246094,1.4277954101562536,761.5,792.0,30.5,15.0,28.0,13.0,0.3816135393140105,1.9679119302445411,1.5862983909305306,1.725515142083168,2.4722864478826523,0.7467713057994843
2024,2024-05-18 15:15:00+00:00,2024-05-18 16:15:00+00:00,60,60.0,0.0,36.666666666666664,38.888888888888886,2.2222222222222214,22.098809814453148,23.5266052246094,1.4277954101562536,761.5,792.0,30.5,15.0,28.0,13.0,0.3816135393140105,1.9679119302445411,1.5862983909305306,1.725515142083168,2.4722864478826523,0.7467713057994843
2024,2024-05-18 15:30:00+00:00,2024-05-18 15:45:00+00:00,15,15.0,0.0,37.22222222222222,37.77777777777778,0.5555555555555571,23.5266052246094,23.5266052246094,0.0,792.0,792.0,0.0,28.0,28.0,0.0,1.9679119302445411,1.9679119302445411,0.0,2.4722864478826523,2.4722864478826523,0.0
2024,2024-05-18 15:30:00+00:00,2024-05-18 16:00:00+00:00,30,30.0,0.0,37.22222222222222,40.0,2.7777777777777786,23.5266052246094,23.5266052246094,0.0,792.0,792.0,0.0,28.0,28.0,0.0,1.9679119302445411,1.9679119302445411,0.0,2.4722864478826523,2.4722864478826523,0.0
2024,2024-05-18 15:30:00+00:00,2024-05-18 16:15:00+00:00,45,45.0,0.0,37.22222222222222,38.888888888888886,1.6666666666666643,23.5266052246094,23.5266052246094,0.0,792.0,792.0,0.0,28.0,28.0,0.0,1.9679119302445411,1.9679119302445411,0.0,2.4722864478826523,2.4722864478826523,0.0
2024,2024-05-18 15:30:00+00:00,2024-05-18 16:30:00+00:00,60,60.0,0.0,37.22222222222222,40.55555555555556,3.3333333333333357,23.5266052246094,24.014611816406273,0.48800659179687145,792.0,743.0,-49.0,28.0,23.0,-5.0,1.9679119302445411,1.5355587354429097,-0.4323531948016315,2.4722864478826523,1.7867980301380155,-0.6854884177446368
2024,2024-05-18 15:45:00+00:00,2024-05-18 16:00:00+00:00,15,15.0,0.0,37.77777777777778,40.0,2.2222222222222214,23.5266052246094,23.5266052246094,0.0,792.0,792.0,0.0,28.0,28.0,0.0,1.9679119302445411,1.9679119302445411,0.0,2.4722864478826523,2.4722864478826523,0.0
2024,2024-05-18 15:45:00+00:00,2024-05-18 16:15:00+00:00,30,30.0,0.0,37.77777777777778,38.888888888888886,1.1111111111111072,23.5266052246094,23.5266052246094,0.0,792.0,792.0,0.0,28.0,28.0,0.0,1.9679119302445411,1.9679119302445411,0.0,2.4722864478826523,2.4722864478826523,0.0
2024,2024-05-18 15:45:00+00:00,2024-05-18 16:30:00+00:00,45,45.0,0.0,37.77777777777778,40.55555555555556,2.7777777777777786,23.5266052246094,24.014611816406273,0.48800659179687145,792.0,743.0,-49.0,28.0,23.0,-5.0,1.9679119302445411,1.5355587354429097,-0.4323531948016315,2.4722864478826523,1.7867980301380155,-0.6854884177446368
2024,2024-05-18 15:45:00+00:00,2024-05-18 16:45:00+00:00,60,60.0,0.0,37.77777777777778,42.22222222222222,4.444444444444443,23.5266052246094,24.014611816406273,0.48800659179687145,792.0,743.0,-49.0,28.0,23.0,-5.0,1.9679119302445411,1.5355587354429097,-0.4323531948016315,2.4722864478826523,1.7867980301380155,-0.6854884177446368
2024,2024-05-18 16:00:00+00:00,2024-05-18 16:15:00+00:00,15,15.0,0.0,40.0,38.888888888888886,-1.1111111111111143,23.5266052246094,23.5266052246094,0.0,792.0,792.0,0.0,28.0,28.0,0.0,1.9679119302445411,1.9679119302445411,0.0,2.4722864478826523,2.4722864478826523,0.0
2024,2024-05-18 16:00:00+00:00,2024-05-18 16:30:00+00:00,30,30.0,0.0,40.0,40.55555555555556,0.5555555555555571,23.5266052246094,24.014611816406273,0.48800659179687145,792.0,743.0,-49.0,28.0,23.0,-5.0,1.9679119302445411,1.5355587354429097,-0.4323531948016315,2.4722864478826523,1.7867980301380155,-0.6854884177446368
2024,2024-05-18 16:00:00+00:00,2024-05-18 16:45:00+00:00,45,45.0,0.0,40.0,42.22222222222222,2.2222222222222214,23.5266052246094,24.014611816406273,0.48800659179687145,792.0,743.0,-49.0,28.0,23.0,-5.0,1.9679119302445411,1.5355587354429097,-0.4323531948016315,2.4722864478826523,1.7867980301380155,-0.6854884177446368
2024,2024-05-18 16:00:00+00:00,2024-05-18 17:00:00+00:00,60,60.0,0.0,40.0,41.111111111111114,1.1111111111111143,23.5266052246094,24.014611816406273,0.48800659179687145,792.0,743.0,-49.0,28.0,23.0,-5.0,1.9679119302445411,1.5355587354429097,-0.4323531948016315,2.4722864478826523,1.7867980301380155,-0.6854884177446368
2024,2024-05-18 16:15:00+00:00,2024-05-18 16:30:00+00:00,15,15.0,0.0,38.888888888888886,40.55555555555556,1.6666666666666714,23.5266052246094,24.014611816406273,0.48800659179687145,792.0,743.0,-49.0,28.0,23.0,-5.0,1.9679119302445411,1.5355587354429097,-0.4323531948016315,2.4722864478826523,1.7867980301380155,-0.6854884177446368
2024,2024-05-18 16:15:00+00:00,2024-05-18 16:45:00+00:00,30,30.0,0.0,38.888888888888886,42.22222222222222,3.3333333333333357,23.5266052246094,24.014611816406273,0.48800659179687145,792.0,743.0,-49.0,28.0,23.0,-5.0,1.9679119302445411,1.5355587354429097,-0.4323531948016315,2.4722864478826523,1.7867980301380155,-0.6854884177446368
2024,2024-05-18 16:15:00+00:00,2024-05-18 17:00:00+00:00,45,45.0,0.0,38.888888888888886,41.111111111111114,2.2222222222222285,23.5266052246094,24.014611816406273,0.48800659179687145,792.0,743.0,-49.0,28.0,23.0,-5.0,1.9679119302445411,1.5355587354429097,-0.4323531948016315,2.4722864478826523,1.7867980301380155,-0.6854884177446368
2024,2024-05-18 16:15:00+00:00,2024-05-18 17:15:00+00:00,60,60.0,0.0,38.888888888888886,45.0,6.111111111111114,23.5266052246094,24.014611816406273,0.48800659179687145,792.0,743.0,-49.0,28.0,23.0,-5.0,1.9679119302445411,1.5355587354429097,-0.4323531948016315,2.4722864478826523,1.7867980301380155,-0.6854884177446368
2024,2024-05-18 16:30:00+00:00,2024-05-18 16:45:00+00:00,15,15.0,0.0,40.55555555555556,42.22222222222222,1.6666666666666643,24.014611816406273,24.014611816406273,0.0,743.0,743.0,0.0,23.0,23.0,0.0,1.5355587354429097,1.5355587354429097,0.0,1.7867980301380155,1.7867980301380155,0.0
2024,2024-05-18 16:30:00+00:00,2024-05-18 17:00:00+00:00,30,30.0,0.0,40.55555555555556,41.111111111111114,0.5555555555555571,24.014611816406273,24.014611816406273,0.0,743.0,743.0,0.0,23.0,23.0,0.0,1.5355587354429097,1.5355587354429097,0.0,1.7867980301380155,1.7867980301380155,0.0
2024,2024-05-18 16:30:00+00:00,2024-05-18 17:15:00+00:00,45,45.0,0.0,40.55555555555556,45.0,4.444444444444443,24.014611816406273,24.014611816406273,0.0,743.0,743.0,0.0,23.0,23.0,0.0,1.5355587354429097,1.5355587354429097,0.0,1.7867980301380155,1.7867980301380155,0.0
2024,2024-05-18 16:30:00+00:00,2024-05-18 17:30:00+00:00,60,60.0,0.0,40.55555555555556,45.55555555555556,5.0,24.014611816406273,25.423455810546898,1.408843994140625,743.0,938.0,195.0,23.0,35.0,12.0,1.5355587354429097,2.50500038329279,0.9694416478498802,1.7867980301380155,2.8662963062524796,1.079498276114464
2024,2024-05-18 16:45:00+00:00,2024-05-18 17:00:00+00:00,15,15.0,0.0,42.22222222222222,41.111111111111114,-1.1111111111111072,24.014611816406273,24.014611816406273,0.0,743.0,743.0,0.0,23.0,23.0,0.0,1.5355587354429097,1.5355587354429097,0.0,1.7867980301380155,1.7867980301380155,0.0
2024,2024-05-18 16:45:00+00:00,2024-05-18 17:15:00+00:00,30,30.0,0.0,42.22222222222222,45.0,2.7777777777777786,24.014611816406273,24.014611816406273,0.0,743.0,743.0,0.0,23.0,23.0,0.0,1.5355587354429097,1.5355587354429097,0.0,1.7867980301380155,1.7867980301380155,0.0
2024,2024-05-18 16:45:00+00:00,2024-05-18 17:30:00+00:00,45,45.0,0.0,42.22222222222222,45.55555555555556,3.3333333333333357,24.014611816406273,25.423455810546898,1.408843994140625,743.0,938.0,195.0,23.0,35.0,12.0,1.5355587354429097,2.50500038329279,0.9694416478498802,1.7867980301380155,2.8662963062524796,1.079498276114464
2024,2024-05-18 16:45:00+00:00,2024-05-18 17:45:00+00:00,60,60.0,0.0,42.22222222222222,45.55555555555556,3.3333333333333357,24.014611816406273,25.423455810546898,1.408843994140625,743.0,938.0,195.0,23.0,35.0,12.0,1.5355587354429097,2.50500038329279,0.9694416478498802,1.7867980301380155,2.8662963062524796,1.079498276114464
2024,2024-05-18 17:00:00+00:00,2024-05-18 17:15:00+00:00,15,15.0,0.0,41.111111111111114,45.0,3.8888888888888857,24.014611816406273,24.014611816406273,0.0,743.0,743.0,0.0,23.0,23.0,0.0,1.5355587354429097,1.5355587354429097,0.0,1.7867980301380155,1.7867980301380155,0.0
2024,2024-05-18 17:00:00+00:00,2024-05-18 17:30:00+00:00,30,30.0,0.0,41.111111111111114,45.55555555555556,4.444444444444443,24.014611816406273,25.423455810546898,1.408843994140625,743.0,938.0,195.0,23.0,35.0,12.0,1.5355587354429097,2.50500038329279,0.9694416478498802,1.7867980301380155,2.8662963062524796,1.079498276114464
2024,2024-05-18 17:00:00+00:00,2024-05-18 17:45:00+00:00,45,45.0,0.0,41.111111111111114,45.55555555555556,4.444444444444443,24.014611816406273,25.423455810546898,1.408843994140625,743.0,938.0,195.0,23.0,35.0,12.0,1.5355587354429097,2.50500038329279,0.9694416478498802,1.7867980301380155,2.8662963062524796,1.079498276114464
2024,2024-05-18 17:00:00+00:00,2024-05-18 18:00:00+00:00,60,60.0,0.0,41.111111111111114,45.0,3.8888888888888857,24.014611816406273,25.423455810546898,1.408843994140625,743.0,938.0,195.0,23.0,35.0,12.0,1.5355587354429097,2.50500038329279,0.9694416478498802,1.7867980301380155,2.8662963062524796,1.079498276114464
2024,2024-05-18 17:15:00+00:00,2024-05-18 17:30:00+00:00,15,15.0,0.0,45.0,45.55555555555556,0.5555555555555571,24.014611816406273,25.423455810546898,1.408843994140625,743.0,938.0,195.0,23.0,35.0,12.0,1.5355587354429097,2.50500038329279,0.9694416478498802,1.7867980301380155,2.8662963062524796,1.079498276114464
2024,2024-05-18 17:15:00+00:00,2024-05-18 17:45:00+00:00,30,30.0,0.0,45.0,45.55555555555556,0.5555555555555571,24.014611816406273,25.423455810546898,1.408843994140625,743.0,938.0,195.0,23.0,35.0,12.0,1.5355587354429097,2.50500038329279,0.9694416478498802,1.7867980301380155,2.8662963062524796,1.079498276114464
2024,2024-05-18 17:15:00+00:00,2024-05-18 18:00:00+00:00,45,45.0,0.0,45.0,45.0,0.0,24.014611816406273,25.423455810546898,1.408843994140625,743.0,938.0,195.0,23.0,35.0,12.0,1.5355587354429097,2.50500038329279,0.9694416478498802,1.7867980301380155,2.8662963062524796,1.079498276114464
2024,2024-05-18 17:15:00+00:00,2024-05-18 18:15:00+00:00,60,60.0,0.0,45.0,47.22222222222222,2.2222222222222214,24.014611816406273,25.423455810546898,1.408843994140625,743.0,938.0,195.0,23.0,35.0,12.0,1.5355587354429097,2.50500038329279,0.9694416478498802,1.7867980301380155,2.8662963062524796,1.079498276114464
2024,2024-05-18 17:30:00+00:00,2024-05-18 17:45:00+00:00,15,15.0,0.0,45.55555555555556,45.55555555555556,0.0,25.423455810546898,25.423455810546898,0.0,938.0,938.0,0.0,35.0,35.0,0.0,2.50500038329279,2.50500038329279,0.0,2.8662963062524796,2.8662963062524796,0.0
2024,2024-05-18 17:30:00+00:00,2024-05-18 18:00:00+00:00,30,30.0,0.0,45.55555555555556,45.0,-0.5555555555555571,25.423455810546898,25.423455810546898,0.0,938.0,938.0,0.0,35.0,35.0,0.0,2.50500038329279,2.50500038329279,0.0,2.8662963062524796,2.8662963062524796,0.0
2024,2024-05-18 17:30:00+00:00,2024-05-18 18:15:00+00:00,45,45.0,0.0,45.55555555555556,47.22222222222222,1.6666666666666643,25.423455810546898,25.423455810546898,0.0,938.0,938.0,0.0,35.0,35.0,0.0,2.50500038329279,2.50500038329279,0.0,2.8662963062524796,2.8662963062524796,0.0
2024,2024-05-18 17:30:00+00:00,2024-05-18 18:30:00+00:00,60,60.0,0.0,45.55555555555556,48.888888888888886,3.3333333333333286,25.423455810546898,26.288995361328148,0.86553955078125,938.0,878.0,-60.0,35.0,23.0,-12.0,2.50500038329279,2.2281409460815413,-0.2768594372112485,2.8662963062524796,2.961003065109253,0.09470675885677338
2024,2024-05-18 17:45:00+00:00,2024-05-18 18:00:00+00:00,15,15.0,0.0,45.55555555555556,45.0,-0.5555555555555571,25.423455810546898,25.423455810546898,0.0,938.0,938.0,0.0,35.0,35.0,0.0,2.50500038329279,2.50500038329279,0.0,2.8662963062524796,2.8662963062524796,0.0
2024,2024-05-18 17:45:00+00:00,2024-05-18 18:15:00+00:00,30,30.0,0.0,45.55555555555556,47.22222222222222,1.6666666666666643,25.423455810546898,25.423455810546898,0.0,938.0,938.0,0.0,35.0,35.0,0.0,2.50500038329279,2.50500038329279,0.0,2.8662963062524796,2.8662963062524796,0.0
2024,2024-05-18 17:45:00+00:00,2024-05-18 18:30:00+00:00,45,45.0,0.0,45.55555555555556,48.888888888888886,3.3333333333333286,25.423455810546898,26.288995361328148,0.86553955078125,938.0,878.0,-60.0,35.0,23.0,-12.0,2.50500038329279,2.2281409460815413,-0.2768594372112485,2.8662963062524796,2.961003065109253,0.09470675885677338
2024,2024-05-18 17:45:00+00:00,2024-05-18 18:45:00+00:00,60,60.0,0.0,45.55555555555556,47.77777777777778,2.2222222222222214,25.423455810546898,26.288995361328148,0.86553955078125,938.0,878.0,-60.0,35.0,23.0,-12.0,2.50500038329279,2.2281409460815413,-0.2768594372112485,2.8662963062524796,2.961003065109253,0.09470675885677338
2024,2024-05-18 18:00:00+00:00,2024-05-18 18:15:00+00:00,15,15.0,0.0,45.0,47.22222222222222,2.2222222222222214,25.423455810546898,25.423455810546898,0.0,938.0,938.0,0.0,35.0,35.0,0.0,2.50500038329279,2.50500038329279,0.0,2.8662963062524796,2.8662963062524796,0.0
2024,2024-05-18 18:00:00+00:00,2024-05-18 18:30:00+00:00,30,30.0,0.0,45.0,48.888888888888886,3.8888888888888857,25.423455810546898,26.288995361328148,0.86553955078125,938.0,878.0,-60.0,35.0,23.0,-12.0,2.50500038329279,2.2281409460815413,-0.2768594372112485,2.8662963062524796,2.961003065109253,0.09470675885677338
2024,2024-05-18 18:00:00+00:00,2024-05-18 18:45:00+00:00,45,45.0,0.0,45.0,47.77777777777778,2.7777777777777786,25.423455810546898,26.288995361328148,0.86553955078125,938.0,878.0,-60.0,35.0,23.0,-12.0,2.50500038329279,2.2281409460815413,-0.2768594372112485,2.8662963062524796,2.961003065109253,0.09470675885677338
2024,2024-05-18 18:00:00+00:00,2024-05-18 19:00:00+00:00,60,60.0,0.0,45.0,48.333333333333336,3.3333333333333357,25.423455810546898,26.288995361328148,0.86553955078125,938.0,878.0,-60.0,35.0,23.0,-12.0,2.50500038329279,2.2281409460815413,-0.2768594372112485,2.8662963062524796,2.961003065109253,0.09470675885677338
2024,2024-05-18 18:15:00+00:00,2024-05-18 18:30:00+00:00,15,15.0,0.0,47.22222222222222,48.888888888888886,1.6666666666666643,25.423455810546898,26.288995361328148,0.86553955078125,938.0,878.0,-60.0,35.0,23.0,-12.0,2.50500038329279,2.2281409460815413,-0.2768594372112485,2.8662963062524796,2.961003065109253,0.09470675885677338
2024,2024-05-18 18:15:00+00:00,2024-05-18 18:45:00+00:00,30,30.0,0.0,47.22222222222222,47.77777777777778,0.5555555555555571,25.423455810546898,26.288995361328148,0.86553955078125,938.0,878.0,-60.0,35.0,23.0,-12.0,2.50500038329279,2.2281409460815413,-0.2768594372112485,2.8662963062524796,2.961003065109253,0.09470675885677338
2024,2024-05-18 18:15:00+00:00,2024-05-18 19:00:00+00:00,45,45.0,0.0,47.22222222222222,48.333333333333336,1.1111111111111143,25.423455810546898,26.288995361328148,0.86553955078125,938.0,878.0,-60.0,35.0,23.0,-12.0,2.50500038329279,2.2281409460815413,-0.2768594372112485,2.8662963062524796,2.961003065109253,0.09470675885677338
2024,2024-05-18 18:15:00+00:00,2024-05-18 19:15:00+00:00,60,60.0,0.0,47.22222222222222,49.44444444444444,2.2222222222222214,25.423455810546898,26.288995361328148,0.86553955078125,938.0,878.0,-60.0,35.0,23.0,-12.0,2.50500038329279,2.2281409460815413,-0.2768594372112485,2.8662963062524796,2.961003065109253,0.09470675885677338
2024,2024-05-18 18:30:00+00:00,2024-05-18 18:45:00+00:00,15,15.0,0.0,48.888888888888886,47.77777777777778,-1.1111111111111072,26.288995361328148,26.288995361328148,0.0,878.0,878.0,0.0,23.0,23.0,0.0,2.2281409460815413,2.2281409460815413,0.0,2.961003065109253,2.961003065109253,0.0
2024,2024-05-18 18:30:00+00:00,2024-05-18 19:00:00+00:00,30,30.0,0.0,48.888888888888886,48.333333333333336,-0.55555555555555,26.288995361328148,26.288995361328148,0.0,878.0,878.0,0.0,23.0,23.0,0.0,2.2281409460815413,2.2281409460815413,0.0,2.961003065109253,2.961003065109253,0.0
2024,2024-05-18 18:30:00+00:00,2024-05-18 19:15:00+00:00,45,45.0,0.0,48.888888888888886,49.44444444444444,0.5555555555555571,26.288995361328148,26.288995361328148,0.0,878.0,878.0,0.0,23.0,23.0,0.0,2.2281409460815413,2.2281409460815413,0.0,2.961003065109253,2.961003065109253,0.0
2024,2024-05-18 18:30:00+00:00,2024-05-18 19:30:00+00:00,60,60.0,0.0,48.888888888888886,50.55555555555556,1.6666666666666714,26.288995361328148,27.312432861328148,1.0234375,878.0,815.0,-63.0,23.0,8.0,-15.0,2.2281409460815413,1.5877071763691506,-0.6404337697123907,2.961003065109253,1.8900528699159624,-1.0709501951932905
2024,2024-05-18 18:45:00+00:00,2024-05-18 19:00:00+00:00,15,15.0,0.0,47.77777777777778,48.333333333333336,0.5555555555555571,26.288995361328148,26.288995361328148,0.0,878.0,878.0,0.0,23.0,23.0,0.0,2.2281409460815413,2.2281409460815413,0.0,2.961003065109253,2.961003065109253,0.0
2024,2024-05-18 18:45:00+00:00,2024-05-18 19:15:00+00:00,30,30.0,0.0,47.77777777777778,49.44444444444444,1.6666666666666643,26.288995361328148,26.288995361328148,0.0,878.0,878.0,0.0,23.0,23.0,0.0,2.2281409460815413,2.2281409460815413,0.0,2.961003065109253,2.961003065109253,0.0
2024,2024-05-18 18:45:00+00:00,2024-05-18 19:30:00+00:00,45,45.0,0.0,47.77777777777778,50.55555555555556,2.7777777777777786,26.288995361328148,27.312432861328148,1.0234375,878.0,815.0,-63.0,23.0,8.0,-15.0,2.2281409460815413,1.5877071763691506,-0.6404337697123907,2.961003065109253,1.8900528699159624,-1.0709501951932905
2024,2024-05-18 18:45:00+00:00,2024-05-18 19:45:00+00:00,60,60.0,0.0,47.77777777777778,49.44444444444444,1.6666666666666643,26.288995361328148,27.312432861328148,1.0234375,878.0,815.0,-63.0,23.0,8.0,-15.0,2.2281409460815413,1.5877071763691506,-0.6404337697123907,2.961003065109253,1.8900528699159624,-1.0709501951932905
2024,2024-05-18 19:00:00+00:00,2024-05-18 19:15:00+00:00,15,15.0,0.0,48.333333333333336,49.44444444444444,1.1111111111111072,26.288995361328148,26.288995361328148,0.0,878.0,878.0,0.0,23.0,23.0,0.0,2.2281409460815413,2.2281409460815413,0.0,2.961003065109253,2.961003065109253,0.0
2024,2024-05-18 19:00:00+00:00,2024-05-18 19:30:00+00:00,30,30.0,0.0,48.333333333333336,50.55555555555556,2.2222222222222214,26.288995361328148,27.312432861328148,1.0234375,878.0,815.0,-63.0,23.0,8.0,-15.0,2.2281409460815413,1.5877071763691506,-0.6404337697123907,2.961003065109253,1.8900528699159624,-1.0709501951932905
2024,2024-05-18 19:00:00+00:00,2024-05-18 19:45:00+00:00,45,45.0,0.0,48.333333333333336,49.44444444444444,1.1111111111111072,26.288995361328148,27.312432861328148,1.0234375,878.0,815.0,-63.0,23.0,8.0,-15.0,2.2281409460815413,1.5877071763691506,-0.6404337697123907,2.961003065109253,1.8900528699159624,-1.0709501951932905
2024,2024-05-18 19:00:00+00:00,2024-05-18 20:00:00+00:00,60,60.0,0.0,48.333333333333336,47.77777777777778,-0.5555555555555571,26.288995361328148,27.312432861328148,1.0234375,878.0,815.0,-63.0,23.0,8.0,-15.0,2.2281409460815413,1.5877071763691506,-0.6404337697123907,2.961003065109253,1.8900528699159624,-1.0709501951932905
2024,2024-05-18 19:15:00+00:00,2024-05-18 19:30:00+00:00,15,15.0,0.0,49.44444444444444,50.55555555555556,1.1111111111111143,26.288995361328148,27.312432861328148,1.0234375,878.0,815.0,-63.0,23.0,8.0,-15.0,2.2281409460815413,1.5877071763691506,-0.6404337697123907,2.961003065109253,1.8900528699159624,-1.0709501951932905
2024,2024-05-18 19:15:00+00:00,2024-05-18 19:45:00+00:00,30,30.0,0.0,49.44444444444444,49.44444444444444,0.0,26.288995361328148,27.312432861328148,1.0234375,878.0,815.0,-63.0,23.0,8.0,-15.0,2.2281409460815413,1.5877071763691506,-0.6404337697123907,2.961003065109253,1.8900528699159624,-1.0709501951932905
2024,2024-05-18 19:15:00+00:00,2024-05-18 20:00:00+00:00,45,45.0,0.0,49.44444444444444,47.77777777777778,-1.6666666666666643,26.288995361328148,27.312432861328148,1.0234375,878.0,815.0,-63.0,23.0,8.0,-15.0,2.2281409460815413,1.5877071763691506,-0.6404337697123907,2.961003065109253,1.8900528699159624,-1.0709501951932905
2024,2024-05-18 19:15:00+00:00,2024-05-18 20:15:00+00:00,60,60.0,0.0,49.44444444444444,50.0,0.5555555555555571,26.288995361328148,27.312432861328148,1.0234375,878.0,815.0,-63.0,23.0,8.0,-15.0,2.2281409460815413,1.5877071763691506,-0.6404337697123907,2.961003065109253,1.8900528699159624,-1.0709501951932905
2024,2024-05-18 19:30:00+00:00,2024-05-18 19:45:00+00:00,15,15.0,0.0,50.55555555555556,49.44444444444444,-1.1111111111111143,27.312432861328148,27.312432861328148,0.0,815.0,815.0,0.0,8.0,8.0,0.0,1.5877071763691506,1.5877071763691506,0.0,1.8900528699159624,1.8900528699159624,0.0
2024,2024-05-18 19:30:00+00:00,2024-05-18 20:00:00+00:00,30,30.0,0.0,50.55555555555556,47.77777777777778,-2.7777777777777786,27.312432861328148,27.312432861328148,0.0,815.0,815.0,0.0,8.0,8.0,0.0,1.5877071763691506,1.5877071763691506,0.0,1.8900528699159624,1.8900528699159624,0.0
2024,2024-05-18 19:30:00+00:00,2024-05-18 20:15:00+00:00,45,45.0,0.0,50.55555555555556,50.0,-0.5555555555555571,27.312432861328148,27.312432861328148,0.0,815.0,815.0,0.0,8.0,8.0,0.0,1.5877071763691506,1.5877071763691506,0.0,1.8900528699159624,1.8900528699159624,0.0
2024,2024-05-18 19:30:00+00:00,2024-05-18 20:30:00+00:00,60,60.0,0.0,50.55555555555556,50.55555555555556,0.0,27.312432861328148,27.817010498046898,0.50457763671875,815.0,665.0,-150.0,8.0,14.0,6.0,1.5877071763691506,1.1729568342017824,-0.41475034216736817,1.8900528699159624,1.5890091806650162,-0.30104368925094627
2024,2024-05-18 19:45:00+00:00,2024-05-18 20:00:00+00:00,15,15.0,0.0,49.44444444444444,47.77777777777778,-1.6666666666666643,27.312432861328148,27.312432861328148,0.0,815.0,815.0,0.0,8.0,8.0,0.0,1.5877071763691506,1.5877071763691506,0.0,1.8900528699159624,1.8900528699159624,0.0
2024,2024-05-18 19:45:00+00:00,2024-05-18 20:15:00+00:00,30,30.0,0.0,49.44444444444444,50.0,0.5555555555555571,27.312432861328148,27.312432861328148,0.0,815.0,815.0,0.0,8.0,8.0,0.0,1.5877071763691506,1.5877071763691506,0.0,1.8900528699159624,1.8900528699159624,0.0
2024,2024-05-18 19:45:00+00:00,2024-05-18 20:30:00+00:00,45,45.0,0.0,49.44444444444444,50.55555555555556,1.1111111111111143,27.312432861328148,27.817010498046898,0.50457763671875,815.0,665.0,-150.0,8.0,14.0,6.0,1.5877071763691506,1.1729568342017824,-0.41475034216736817,1.8900528699159624,1.5890091806650162,-0.30104368925094627
2024,2024-05-18 19:45:00+00:00,2024-05-18 20:45:00+00:00,60,60.0,0.0,49.44444444444444,51.111111111111114,1.6666666666666714,27.312432861328148,27.817010498046898,0.50457763671875,815.0,665.0,-150.0,8.0,14.0,6.0,1.5877071763691506,1.1729568342017824,-0.41475034216736817,1.8900528699159624,1.5890091806650162,-0.30104368925094627
2024,2024-05-18 20:00:00+00:00,2024-05-18 20:15:00+00:00,15,15.0,0.0,47.77777777777778,50.0,2.2222222222222214,27.312432861328148,27.312432861328148,0.0,815.0,815.0,0.0,8.0,8.0,0.0,1.5877071763691506,1.5877071763691506,0.0,1.8900528699159624,1.8900528699159624,0.0
2024,2024-05-18 20:00:00+00:00,2024-05-18 20:30:00+00:00,30,30.0,0.0,47.77777777777778,50.55555555555556,2.7777777777777786,27.312432861328148,27.817010498046898,0.50457763671875,815.0,665.0,-150.0,8.0,14.0,6.0,1.5877071763691506,1.1729568342017824,-0.41475034216736817,1.8900528699159624,1.5890091806650162,-0.30104368925094627
2024,2024-05-18 20:00:00+00:00,2024-05-18 20:45:00+00:00,45,45.0,0.0,47.77777777777778,51.111111111111114,3.3333333333333357,27.312432861328148,27.817010498046898,0.50457763671875,815.0,665.0,-150.0,8.0,14.0,6.0,1.5877071763691506,1.1729568342017824,-0.41475034216736817,1.8900528699159624,1.5890091806650162,-0.30104368925094627
2024,2024-05-18 20:00:00+00:00,2024-05-18 21:00:00+00:00,60,60.0,0.0,47.77777777777778,50.0,2.2222222222222214,27.312432861328148,27.817010498046898,0.50457763671875,815.0,665.0,-150.0,8.0,14.0,6.0,1.5877071763691506,1.1729568342017824,-0.41475034216736817,1.8900528699159624,1.5890091806650162,-0.30104368925094627
2024,2024-05-18 20:15:00+00:00,2024-05-18 20:30:00+00:00,15,15.0,0.0,50.0,50.55555555555556,0.5555555555555571,27.312432861328148,27.817010498046898,0.50457763671875,815.0,665.0,-150.0,8.0,14.0,6.0,1.5877071763691506,1.1729568342017824,-0.41475034216736817,1.8900528699159624,1.5890091806650162,-0.30104368925094627
2024,2024-05-18 20:15:00+00:00,2024-05-18 20:45:00+00:00,30,30.0,0.0,50.0,51.111111111111114,1.1111111111111143,27.312432861328148,27.817010498046898,0.50457763671875,815.0,665.0,-150.0,8.0,14.0,6.0,1.5877071763691506,1.1729568342017824,-0.41475034216736817,1.8900528699159624,1.5890091806650162,-0.30104368925094627
2024,2024-05-18 20:15:00+00:00,2024-05-18 21:00:00+00:00,45,45.0,0.0,50.0,50.0,0.0,27.312432861328148,27.817010498046898,0.50457763671875,815.0,665.0,-150.0,8.0,14.0,6.0,1.5877071763691506,1.1729568342017824,-0.41475034216736817,1.8900528699159624,1.5890091806650162,-0.30104368925094627
2024,2024-05-18 20:15:00+00:00,2024-05-18 21:15:00+00:00,60,60.0,0.0,50.0,48.888888888888886,-1.1111111111111143,27.312432861328148,27.817010498046898,0.50457763671875,815.0,665.0,-150.0,8.0,14.0,6.0,1.5877071763691506,1.1729568342017824,-0.41475034216736817,1.8900528699159624,1.5890091806650162,-0.30104368925094627
2024,2024-05-18 20:30:00+00:00,2024-05-18 20:45:00+00:00,15,15.0,0.0,50.55555555555556,51.111111111111114,0.5555555555555571,27.817010498046898,27.817010498046898,0.0,665.0,665.0,0.0,14.0,14.0,0.0,1.1729568342017824,1.1729568342017824,0.0,1.5890091806650162,1.5890091806650162,0.0
2024,2024-05-18 20:30:00+00:00,2024-05-18 21:00:00+00:00,30,30.0,0.0,50.55555555555556,50.0,-0.5555555555555571,27.817010498046898,27.817010498046898,0.0,665.0,665.0,0.0,14.0,14.0,0.0,1.1729568342017824,1.1729568342017824,0.0,1.5890091806650162,1.5890091806650162,0.0
2024,2024-05-18 20:30:00+00:00,2024-05-18 21:15:00+00:00,45,45.0,0.0,50.55555555555556,48.888888888888886,-1.6666666666666714,27.817010498046898,27.817010498046898,0.0,665.0,665.0,0.0,14.0,14.0,0.0,1.1729568342017824,1.1729568342017824,0.0,1.5890091806650162,1.5890091806650162,0.0
2024,2024-05-18 20:30:00+00:00,2024-05-18 21:30:00+00:00,60,60.0,0.0,50.55555555555556,48.333333333333336,-2.2222222222222214,27.817010498046898,27.526544189453148,-0.29046630859375,665.0,482.0,-183.0,14.0,0.0,-14.0,1.1729568342017824,1.813446678491815,0.6404898442900326,1.5890091806650162,1.992172822356224,0.4031636416912079
2024,2024-05-18 20:45:00+00:00,2024-05-18 21:00:00+00:00,15,15.0,0.0,51.111111111111114,50.0,-1.1111111111111143,27.817010498046898,27.817010498046898,0.0,665.0,665.0,0.0,14.0,14.0,0.0,1.1729568342017824,1.1729568342017824,0.0,1.5890091806650162,1.5890091806650162,0.0
2024,2024-05-18 20:45:00+00:00,2024-05-18 21:15:00+00:00,30,30.0,0.0,51.111111111111114,48.888888888888886,-2.2222222222222285,27.817010498046898,27.817010498046898,0.0,665.0,665.0,0.0,14.0,14.0,0.0,1.1729568342017824,1.1729568342017824,0.0,1.5890091806650162,1.5890091806650162,0.0
2024,2024-05-18 20:45:00+00:00,2024-05-18 21:30:00+00:00,45,45.0,0.0,51.111111111111114,48.333333333333336,-2.7777777777777786,27.817010498046898,27.526544189453148,-0.29046630859375,665.0,482.0,-183.0,14.0,0.0,-14.0,1.1729568342017824,1.813446678491815,0.6404898442900326,1.5890091806650162,1.992172822356224,0.4031636416912079
2024,2024-05-18 20:45:00+00:00,2024-05-18 21:45:00+00:00,60,60.0,0.0,51.111111111111114,47.22222222222222,-3.888888888888893,27.817010498046898,27.526544189453148,-0.29046630859375,665.0,482.0,-183.0,14.0,0.0,-14.0,1.1729568342017824,1.813446678491815,0.6404898442900326,1.5890091806650162,1.992172822356224,0.4031636416912079
2024,2024-05-18 21:00:00+00:00,2024-05-18 21:15:00+00:00,15,15.0,0.0,50.0,48.888888888888886,-1.1111111111111143,27.817010498046898,27.817010498046898,0.0,665.0,665.0,0.0,14.0,14.0,0.0,1.1729568342017824,1.1729568342017824,0.0,1.5890091806650162,1.5890091806650162,0.0
2024,2024-05-18 21:00:00+00:00,2024-05-18 21:30:00+00:00,30,30.0,0.0,50.0,48.333333333333336,-1.6666666666666643,27.817010498046898,27.526544189453148,-0.29046630859375,665.0,482.0,-183.0,14.0,0.0,-14.0,1.1729568342017824,1.813446678491815,0.6404898442900326,1.5890091806650162,1.992172822356224,0.4031636416912079
2024,2024-05-18 21:00:00+00:00,2024-05-18 21:45:00+00:00,45,45.0,0.0,50.0,47.22222222222222,-2.7777777777777786,27.817010498046898,27.526544189453148,-0.29046630859375,665.0,482.0,-183.0,14.0,0.0,-14.0,1.1729568342017824,1.813446678491815,0.6404898442900326,1.5890091806650162,1.992172822356224,0.4031636416912079
2024,2024-05-18 21:00:00+00:00,2024-05-18 21:52:00+00:00,60,52.0,8.0,50.0,47.22222222222222,-2.7777777777777786,27.817010498046898,27.526544189453148,-0.29046630859375,665.0,482.0,-183.0,14.0,0.0,-14.0,1.1729568342017824,1.813446678491815,0.6404898442900326,1.5890091806650162,1.992172822356224,0.4031636416912079
2024,2024-05-18 21:15:00+00:00,2024-05-18 21:30:00+00:00,15,15.0,0.0,48.888888888888886,48.333333333333336,-0.55555555555555,27.817010498046898,27.526544189453148,-0.29046630859375,665.0,482.0,-183.0,14.0,0.0,-14.0,1.1729568342017824,1.813446678491815,0.6404898442900326,1.5890091806650162,1.992172822356224,0.4031636416912079
2024,2024-05-18 21:15:00+00:00,2024-05-18 21:45:00+00:00,30,30.0,0.0,48.888888888888886,47.22222222222222,-1.6666666666666643,27.817010498046898,27.526544189453148,-0.29046630859375,665.0,482.0,-183.0,14.0,0.0,-14.0,1.1729568342017824,1.813446678491815,0.6404898442900326,1.5890091806650162,1.992172822356224,0.4031636416912079
2024,2024-05-18 21:15:00+00:00,2024-05-18 21:52:00+00:00,45,37.0,8.0,48.888888888888886,47.22222222222222,-1.6666666666666643,27.817010498046898,27.526544189453148,-0.29046630859375,665.0,482.0,-183.0,14.0,0.0,-14.0,1.1729568342017824,1.813446678491815,0.6404898442900326,1.5890091806650162,1.992172822356224,0.4031636416912079
2024,2024-05-18 21:30:00+00:00,2024-05-18 21:45:00+00:00,15,15.0,0.0,48.333333333333336,47.22222222222222,-1.1111111111111143,27.526544189453148,27.526544189453148,0.0,482.0,482.0,0.0,0.0,0.0,0.0,1.813446678491815,1.813446678491815,0.0,1.992172822356224,1.992172822356224,0.0
2024,2024-05-18 21:30:00+00:00,2024-05-18 21:52:00+00:00,30,22.0,8.0,48.333333333333336,47.22222222222222,-1.1111111111111143,27.526544189453148,27.526544189453148,0.0,482.0,482.0,0.0,0.0,0.0,0.0,1.813446678491815,1.813446678491815,0.0,1.992172822356224,1.992172822356224,0.0
2024,2024-05-18 21:45:00+00:00,2024-05-18 21:52:00+00:00,15,7.0,8.0,47.22222222222222,47.22222222222222,0.0,27.526544189453148,27.526544189453148,0.0,482.0,482.0,0.0,0.0,0.0,0.0,1.813446678491815,1.813446678491815,0.0,1.992172822356224,1.992172822356224,0.0
