relative_path,size_bytes,sha256,phase,artifact_role
v4_team_normalized/README.md,9937,8e1d23c453a53e84b1dbe63a207160bbb159c76f90cc45c0642e91c9ca04036a,v4,REPORT
v4_team_normalized/evidence/entry_lists/2018_indy500_entry_list.pdf,34652,edc82aed81c49ff8421c161f9b205f05b09d81b4d42c68b3fcaf5b8444840637,phase1_2,SOURCE_EVIDENCE
v4_team_normalized/evidence/entry_lists/2018_indy500_entry_list.txt,6313,acb8760c973ae3825f4d09b767cf8509b7ec2cde7d5cbd872a694e389a809b80,phase1_2,SOURCE_EVIDENCE
v4_team_normalized/evidence/entry_lists/2019_indy500_entry_list.pdf,70789,83f2c16b8bc9788ec3a228a97595b51c4a2109fbfc06cae68e2f23c5701a3507,phase1_2,SOURCE_EVIDENCE
v4_team_normalized/evidence/entry_lists/2019_indy500_entry_list.txt,6942,47d45aae8a88223ee078e517ecf0015ceb0294493ea00ff80f5f8b1e91188b25,phase1_2,SOURCE_EVIDENCE
v4_team_normalized/evidence/entry_lists/2020_indy500_entry_list.pdf,50189,3c183c538f2b1f44900f473743ad4b274ea73245a30a275368413c1b4a100f34,phase1_2,SOURCE_EVIDENCE
v4_team_normalized/evidence/entry_lists/2020_indy500_entry_list.txt,7131,3434044b41c39b604af9d1248f602daa49c9eb5a0d18ced736c785b833148358,phase1_2,SOURCE_EVIDENCE
v4_team_normalized/evidence/entry_lists/2021_indy500_entry_list.pdf,67187,4f5d8b983cec6110db4821dbb3de2f5a82da070958581cbd8fb566b224bbd9c9,phase1_2,SOURCE_EVIDENCE
v4_team_normalized/evidence/entry_lists/2021_indy500_entry_list.txt,6801,1dcfbdbdcc19dfc8f24e8511c72cea3eb2f15328d6ec99e09bc53e06d333d6c2,phase1_2,SOURCE_EVIDENCE
v4_team_normalized/evidence/entry_lists/2022_indy500_entry_list.pdf,112579,1e958bc119ad49d6bf8176f9701f26783560263f4487b379d07c972b45154a19,phase1_2,SOURCE_EVIDENCE
v4_team_normalized/evidence/entry_lists/2022_indy500_entry_list.txt,6407,eca936a22b4362a4233ea352d9c3794c6a679b58b06b2608b2bb89227c098272,phase1_2,SOURCE_EVIDENCE
v4_team_normalized/evidence/entry_lists/2023_indy500_entry_list.pdf,88367,fe12b33639a3db0e7192c7318fb4f7d44c70513b3157b746f881d45467e7c3f7,phase1_2,SOURCE_EVIDENCE
v4_team_normalized/evidence/entry_lists/2023_indy500_entry_list.txt,6582,d38376891fdac1ba012433e4b8efbcf05d7087e83ff9d658167a60ec70d3e95a,phase1_2,SOURCE_EVIDENCE
v4_team_normalized/evidence/entry_lists/2024_indy500_entry_list.pdf,128441,8273b5acbb0b761c59a56501a2b4ced970b5d54981ea22186b2312f66a3b2680,phase1_2,SOURCE_EVIDENCE
v4_team_normalized/evidence/entry_lists/2024_indy500_entry_list.txt,6814,268bbc720eb6665718346b02d4908a6f78c811f1c70207fda80e7c84be2afc30,phase1_2,SOURCE_EVIDENCE
v4_team_normalized/evidence/entry_lists/2025_indy500_entry_list.pdf,129371,1693c8940fad215e9bf33513014323ee2f6ce218a50b99f7a910e5157cc3be5d,phase1_2,SOURCE_EVIDENCE
v4_team_normalized/evidence/entry_lists/2025_indy500_entry_list.txt,6586,f723d439a35e5804aaa531466e6b701e834fd6e6e0da4ab9ca32198ea7605565,phase1_2,SOURCE_EVIDENCE
v4_team_normalized/evidence/phase4e/official_session_details/2020_session_5767_raw.json,24413,c01eea2a01e7822abfdbdd6730f2753aa57d183836d0eaf816217b8c73d1a0dc,phase4e,SOURCE_EVIDENCE
v4_team_normalized/evidence/phase4e/official_session_details/2020_session_5768_raw.json,24113,2fd71d8b62a61b00c0ac7256c18f8b24c0a39e2490320e46d50d30995348fda1,phase4e,SOURCE_EVIDENCE
v4_team_normalized/evidence/phase4e/official_session_details/2020_session_5769_raw.json,23731,faed3e56937746a8bd19d2dc6fa1b32627feef2f37253695de14c9feb6693867,phase4e,SOURCE_EVIDENCE
v4_team_normalized/evidence/phase4e/official_session_details/2020_session_5770_raw.json,6147,be6b3f9839016af73093da3ad0155c240e7e9fc9df8c774222751f6186b0aa35,phase4e,SOURCE_EVIDENCE
v4_team_normalized/evidence/phase4e/official_session_details/2020_session_5771_raw.json,43454,da923b77141101566fdc20d5228cb2bc3c05e63e64733609f507046e9a284592,phase4e,SOURCE_EVIDENCE
v4_team_normalized/evidence/phase4e/official_session_details/2020_session_5772_raw.json,2767,278b84c4db6c639c08132cd7945105502221af6c6f7d6f4335e4cc6991bad65f,phase4e,SOURCE_EVIDENCE
v4_team_normalized/evidence/phase4e/official_session_details/2020_session_5774_raw.json,49989,b5e9365d7ab75bf4c9306400e560abb655a2ea77dc4ba26151924b95a5db9321,phase4e,SOURCE_EVIDENCE
v4_team_normalized/evidence/phase4e/official_session_details/2020_session_5775_raw.json,23673,c8f5e88e361f744ed36e4928afbdc7651bfcb021a8b5254df7eff55ed69ea9f1,phase4e,SOURCE_EVIDENCE
v4_team_normalized/evidence/phase4e/official_session_details/2020_session_5776_raw.json,24412,103e2a9927cca34170a306582a78f8d581edcadfe2acc332bbe46e82ed7ee258,phase4e,SOURCE_EVIDENCE
v4_team_normalized/evidence/phase4e/official_session_details/2020_session_5777_raw.json,27809,a329566d61a22c92fc5d7d51936b91fa4ea68d08b4edbad1737d8ab291e857fc,phase4e,SOURCE_EVIDENCE
v4_team_normalized/evidence/phase4e/official_session_details/2021_session_5807_raw.json,26585,6fe9c4de668db6eb954e63338a55c347fdf53d59c3c8afcc4c806723497ebeba,phase4e,SOURCE_EVIDENCE
v4_team_normalized/evidence/phase4e/official_session_details/2021_session_5838_raw.json,43481,966134f3735659c3695e0c8df27fb7c2c5352a09ec699442c46b841668f55ca9,phase4e,SOURCE_EVIDENCE
v4_team_normalized/evidence/phase4e/official_session_details/2021_session_5839_raw.json,5539,59fa32d0166df489205bf19169734b5fdd51ae441ec0d69870ab34eb5096b1c9,phase4e,SOURCE_EVIDENCE
v4_team_normalized/evidence/phase4e/official_session_details/2021_session_5840_raw.json,7641,7ce5fb617145effe169cde9c1bc53a383f6c700d7d018225b3e309c8e8c49ff3,phase4e,SOURCE_EVIDENCE
v4_team_normalized/evidence/phase4e/official_session_details/2021_session_5841_raw.json,24431,69a66c127103252b0feaedb28d052bcbcb2874218abb7adbd89c1aa3df9e4902,phase4e,SOURCE_EVIDENCE
v4_team_normalized/evidence/phase4e/official_session_details/2021_session_5842_raw.json,22050,bafbff5b5100f0916279131ddc11b3faa1665783be22c0f206d2973a036a803f,phase4e,SOURCE_EVIDENCE
v4_team_normalized/evidence/phase4e/official_session_details/2021_session_5843_raw.json,25107,f94c6096cfc09432b5d6cb16c917f2eb7c2a88e6eed716a3fe54df4066271ece,phase4e,SOURCE_EVIDENCE
v4_team_normalized/evidence/phase4e/official_session_details/2021_session_5844_raw.json,25136,212f4414a7c8844bef1d9d471c80e27981037c8c639af3f78980f96679748f6b,phase4e,SOURCE_EVIDENCE
v4_team_normalized/evidence/phase4e/official_session_details/2021_session_5845_raw.json,25795,b052b0d10caca2c29980b42aa3f1c4048ca4f1139cf081c8bf197f1121d1743e,phase4e,SOURCE_EVIDENCE
v4_team_normalized/evidence/phase4e/official_session_details/2021_session_5846_raw.json,25786,e52df04552f4d41563c373f016622369ffda1ac9ea37470fe3c4d96a93dccd72,phase4e,SOURCE_EVIDENCE
v4_team_normalized/evidence/phase4e/official_session_details/2021_session_5847_raw.json,5189,3f3a7b7c4f216e4f22d045f51a6afd7202f4bcbe0b9d41d81b23b76aa5e96b11,phase4e,SOURCE_EVIDENCE
v4_team_normalized/evidence/phase4e/official_session_details/2021_session_5848_raw.json,54937,02030310ee805844c2123d2cb2118020e96d1cff10a9f548cd90b720aec184fd,phase4e,SOURCE_EVIDENCE
v4_team_normalized/evidence/phase4e/official_session_details/2021_session_5849_raw.json,24414,75a79a0539a68f42a2d040853db51642b40aed1bfdf2f4f72d179c1925999c06,phase4e,SOURCE_EVIDENCE
v4_team_normalized/evidence/phase4e/official_session_details/2022_session_5909_raw.json,27467,60925817c9cc27275a94ed6292be9fea25ee45b5aa988e02843e575e6e39c8f7,phase4e,SOURCE_EVIDENCE
v4_team_normalized/evidence/phase4e/official_session_details/2022_session_6027_raw.json,24391,9681b96425edc0173974c971b303f7d3bba9780e7f7694b1e6d74ae05af57e9d,phase4e,SOURCE_EVIDENCE
v4_team_normalized/evidence/phase4e/official_session_details/2022_session_6028_raw.json,24540,78b9e9fdb12d8cbbec0b4e5a23de4b2f8f1ae89058f7520e818e2ea3e92246f4,phase4e,SOURCE_EVIDENCE
v4_team_normalized/evidence/phase4e/official_session_details/2022_session_6030_raw.json,24543,e6fd188539aa48b2dcac5ae796d7b1f5fa776efa2d857c964a4dcb8eb7302658,phase4e,SOURCE_EVIDENCE
v4_team_normalized/evidence/phase4e/official_session_details/2022_session_6031_raw.json,24517,38b5741f677823a5c2d8288f3135afd2b772e1948c194a5b06b66c0edf10f76a,phase4e,SOURCE_EVIDENCE
v4_team_normalized/evidence/phase4e/official_session_details/2022_session_6032_raw.json,17496,dc55cdea2870a68ca728c1b73c3d4671e616840fbaf2e73579a06dcccc2dabcf,phase4e,SOURCE_EVIDENCE
v4_team_normalized/evidence/phase4e/official_session_details/2022_session_6033_raw.json,32922,060a982c2ccb0b2406208ff63db28ffa510fe8d0ea4ae184b45f4076b5b19eee,phase4e,SOURCE_EVIDENCE
v4_team_normalized/evidence/phase4e/official_session_details/2022_session_6034_raw.json,9708,aa435debbd0d7d2724851b5520380432f9b4f70ee2a73254518da0051b480eba,phase4e,SOURCE_EVIDENCE
v4_team_normalized/evidence/phase4e/official_session_details/2022_session_6036_raw.json,9729,91564757428652487c294f6f09bb3440b1f2960a07c9cffcc26121f3cacc1a12,phase4e,SOURCE_EVIDENCE
v4_team_normalized/evidence/phase4e/official_session_details/2022_session_6037_raw.json,5703,9a3a2fa2da55f6e67c364d446eaccd20eccb417ecaaffe91c2e52ce3c9445bf3,phase4e,SOURCE_EVIDENCE
v4_team_normalized/evidence/phase4e/official_session_details/2022_session_6038_raw.json,24532,37fc06c3444d70114d3af36f0477d630f1c82f8493b7086b098b1c52d381b6ca,phase4e,SOURCE_EVIDENCE
v4_team_normalized/evidence/phase4e/official_session_details/2022_session_6039_raw.json,24531,2d7b0c660245aac4f0a9fb31a0ba697d168f168e19fe2ea0972329b880aeaee4,phase4e,SOURCE_EVIDENCE
v4_team_normalized/evidence/phase4e/official_session_details/2023_session_6135_raw.json,25982,9e2819b5e875979321280df05a3f226da2fc1f5bc190af5454606c77075339c6,phase4e,SOURCE_EVIDENCE
v4_team_normalized/evidence/phase4e/official_session_details/2023_session_6198_raw.json,25319,0f0041af9718dca729a346db7399103bf2e89675bb92323a4bf4b311aa66ff05,phase4e,SOURCE_EVIDENCE
v4_team_normalized/evidence/phase4e/official_session_details/2023_session_6199_raw.json,25300,35da4412b9c2ebd5918c28037e2e6e9e98c2f58a88603fb10cabd0f537881d7c,phase4e,SOURCE_EVIDENCE
v4_team_normalized/evidence/phase4e/official_session_details/2023_session_6200_raw.json,25283,13399f0c7c5e9f18a43aeea22228b5f67e64f4562580be4dd81be0f2058b66b7,phase4e,SOURCE_EVIDENCE
v4_team_normalized/evidence/phase4e/official_session_details/2023_session_6201_raw.json,8304,2061346e4d9b2e87d19289064480b5cdc11890513be24706013bfed3cf6eb7cb,phase4e,SOURCE_EVIDENCE
v4_team_normalized/evidence/phase4e/official_session_details/2023_session_6202_raw.json,26302,81394ddde635e4948554bb40d5b5408a6ae56efa7776f6c9be5f3a955c79a069,phase4e,SOURCE_EVIDENCE
v4_team_normalized/evidence/phase4e/official_session_details/2023_session_6203_raw.json,11917,c1a44dc22aa52b5ef47bb6f7df43d36e6e38d68397e9e565aa59d686231d29d1,phase4e,SOURCE_EVIDENCE
v4_team_normalized/evidence/phase4e/official_session_details/2023_session_6204_raw.json,9749,3045223b45435a4b863c3ce389910658d722a9b0939b1ef9efae493513347a2a,phase4e,SOURCE_EVIDENCE
v4_team_normalized/evidence/phase4e/official_session_details/2023_session_6205_raw.json,4073,bd2889a73f457317a5163492462b8278415603c5affeb5bec3db14f369c2409b,phase4e,SOURCE_EVIDENCE
v4_team_normalized/evidence/phase4e/official_session_details/2023_session_6206_raw.json,5736,880c2abe5fabce8b44d40c2b3060ec00ae301459442384da75e40f9f769f2889,phase4e,SOURCE_EVIDENCE
v4_team_normalized/evidence/phase4e/official_session_details/2023_session_6207_raw.json,24564,a02a6d715bc49e2561f5142dfc33a011a2488bfb23c16265645aa36e61e8d4ec,phase4e,SOURCE_EVIDENCE
v4_team_normalized/evidence/phase4e/official_session_details/2023_session_6208_raw.json,24589,00527c06b8d9efa7c8445f91e3dae2ee7bd59dff431aa66d4702bdfd6e78f025,phase4e,SOURCE_EVIDENCE
v4_team_normalized/evidence/phase4e/official_session_details/2024_session_6309_raw.json,25959,9484307b262a0adeec8c5aa042e8ba51112573f999a6f792e4cb6640fd9f55e8,phase4e,SOURCE_EVIDENCE
v4_team_normalized/evidence/phase4e/official_session_details/2024_session_6375_raw.json,21465,84ffef37a7f9f117d50269e3b60d51652bd719402bab97fff1e341d1da0754b4,phase4e,SOURCE_EVIDENCE
v4_team_normalized/evidence/phase4e/official_session_details/2024_session_6378_raw.json,25312,d28386d6513b6c84030aafcf758d356d95bb94ea278c408f5fc69518981ef462,phase4e,SOURCE_EVIDENCE
v4_team_normalized/evidence/phase4e/official_session_details/2024_session_6379_raw.json,25302,6f0411b0eda8d4a0c473fd9f23736a033b1f0ee0cbe9657b2c5d7282cb47c2cf,phase4e,SOURCE_EVIDENCE
v4_team_normalized/evidence/phase4e/official_session_details/2024_session_6380_raw.json,25306,b7d2d75a8232bb4bede8768d0e44e3f8d9a967e97739a277e20c5af0e79a1218,phase4e,SOURCE_EVIDENCE
v4_team_normalized/evidence/phase4e/official_session_details/2024_session_6381_raw.json,7677,4a8130eb7922088d0cfcc42cb6a89f1d8b7b5ec795d60910b9b1db95b5f27ae7,phase4e,SOURCE_EVIDENCE
v4_team_normalized/evidence/phase4e/official_session_details/2024_session_6382_raw.json,25743,799115c38360c8298bec537800e4f9ba3fa61a202131027c74e76451593b88d4,phase4e,SOURCE_EVIDENCE
v4_team_normalized/evidence/phase4e/official_session_details/2024_session_6383_raw.json,11915,6d7c2f3500bef34223cda27f1f845591a123bc0efe9447bcd0c7e85339fab076,phase4e,SOURCE_EVIDENCE
v4_team_normalized/evidence/phase4e/official_session_details/2024_session_6384_raw.json,9799,fa306a8be651c786b2420a349e7a157b58b9b0fd27c4057d6620181469cacfd2,phase4e,SOURCE_EVIDENCE
v4_team_normalized/evidence/phase4e/official_session_details/2024_session_6385_raw.json,4038,8c9f49752a9a8e8844efad238a4af215e464ee3926b27f3f3d31623ca4f6629d,phase4e,SOURCE_EVIDENCE
v4_team_normalized/evidence/phase4e/official_session_details/2024_session_6386_raw.json,5722,75bcaae5400a86a1fe8150c1d025a8e08a5d87aef1eb343417f3adfbc638fa60,phase4e,SOURCE_EVIDENCE
v4_team_normalized/evidence/phase4e/official_session_details/2024_session_6387_raw.json,24608,2a79097f2f4dde75da9dcd1305ac2a00485b01cb9761127f756855e96eb0a9d7,phase4e,SOURCE_EVIDENCE
v4_team_normalized/evidence/phase4e/official_session_details/2024_session_6388_raw.json,24910,1bc027da7efcd17c580758bdd03722f09e36c7efc836bd1ff4d75d83f70142ea,phase4e,SOURCE_EVIDENCE
v4_team_normalized/evidence/phase4e/retrieval_manifest.csv,63361,6981833a86fa8f6ab6c5b05d4b7dc40a9c02d136dbe207ad5036f1b7548cb02c,phase4e,SOURCE_EVIDENCE
v4_team_normalized/evidence/phase4e/timing71_analysis/2018_0109ce8c651a4cc6b443ff2d3b9c1ac5_analysis.json,91527,578c4cb50df2cee3864d05d5b708436aae10d1058d5147e8281dbd67b66026f2,phase4e,SOURCE_EVIDENCE
v4_team_normalized/evidence/phase4e/timing71_analysis/2018_1e1704caa44f4c6f85a782d500b402f9_analysis.json,60456,e1cf491b7f1a734c82dcf69921167bf4caa27c2fcdb091a008bba734335f1207,phase4e,SOURCE_EVIDENCE
v4_team_normalized/evidence/phase4e/timing71_analysis/2018_372f28bae3744a08b76546f2add30b2d_analysis.json,1121,c175ce14f3519b713be1e0b18fec1ef9ec57314fa87965c7f092a32752a931ff,phase4e,SOURCE_EVIDENCE
v4_team_normalized/evidence/phase4e/timing71_analysis/2018_3e210d60f8b1415d8a74bb5358c328cc_analysis.json,117612,d0dd9689f8b2f5f60560bc73a6719cc8c5aae5321ea59b07d217acdafa3ed32f,phase4e,SOURCE_EVIDENCE
v4_team_normalized/evidence/phase4e/timing71_analysis/2018_4e88a49a90e64324a4cac3a85f679dc8_1_analysis.json,16848,bb311dcf437d1eebc0b7f5b99cc939ac11d5c4cec721d295086a6cc49814af96,phase4e,SOURCE_EVIDENCE
v4_team_normalized/evidence/phase4e/timing71_analysis/2018_4e88a49a90e64324a4cac3a85f679dc8_analysis.json,14127,989f10fdcfa270f2f45ee3915e2b9735e4b1bccf7ebfb658fb90b3e5dd998a92,phase4e,SOURCE_EVIDENCE
v4_team_normalized/evidence/phase4e/timing71_analysis/2018_575b6666e48b4fd08944990291bc0de3_1_analysis.json,14790,dd181e713e7b7f61c279ec3746c2e52fa048b39ceed3b1a066a85b1d9b2957cb,phase4e,SOURCE_EVIDENCE
v4_team_normalized/evidence/phase4e/timing71_analysis/2018_58d9ba477dc9492ba52d2784795567b2_analysis.json,62038,d17ef62c0280c48f7cbe9c0d0f5ac85bd5353099ebefdb63965de583e9edbfbd,phase4e,SOURCE_EVIDENCE
v4_team_normalized/evidence/phase4e/timing71_analysis/2018_636153469c914790a89e6c482811cab4_analysis.json,108625,5d71704794369e5a06fa55e6db033f0338def16c86bf65c77eeaf584de077035,phase4e,SOURCE_EVIDENCE
v4_team_normalized/evidence/phase4e/timing71_analysis/2018_74622252638746b2821d6822ae31527a_analysis.json,18695,9a08bd4028305376ed7108c454b108ddc99952511b36c077686172d444e6df97,phase4e,SOURCE_EVIDENCE
v4_team_normalized/evidence/phase4e/timing71_analysis/2018_a9fce767cc014c269de43154e1c3fb3e_analysis.json,120544,ad4a689b29a969d0a7cccb2717c758e0943611e845ab4b3cf1a907b68b8371c3,phase4e,SOURCE_EVIDENCE
v4_team_normalized/evidence/phase4e/timing71_analysis/2018_cf2bb67da88646ad8c574b344d2f94a1_analysis.json,28210,ac13cbf0744cccb49b0f1cfb1fe6892d8350c9efe22ce9cba7c1abea82b4dfeb,phase4e,SOURCE_EVIDENCE
v4_team_normalized/evidence/phase4e/timing71_analysis/2018_e383a3c60876495b9b6a63ae3dac2f55_analysis.json,40368,b3fcc1b98e34ec402ba703a23edc8d56ba93f6ce0aa945611ad6cfe904c15fb6,phase4e,SOURCE_EVIDENCE
v4_team_normalized/evidence/phase4e/timing71_analysis/2018_eb7f6a300bbb4401916a9ef0dc3927b7_analysis.json,65512,8558026bd74c4ba4268432ec2dd04e861f4fe4d984cff3957505473c15490037,phase4e,SOURCE_EVIDENCE
v4_team_normalized/evidence/phase4e/timing71_analysis/2019_067067fc7f434108b4d1577c7ee69bd0_analysis.json,133137,e86516118a0ecf579ff94d2c4f7385bd494cd92d6f4617713dab4b244f3cc632,phase4e,SOURCE_EVIDENCE
v4_team_normalized/evidence/phase4e/timing71_analysis/2019_0ae48a1c0c9244f282ecbc41632f4b71_analysis.json,127166,4debaf0f0a72e7ad8beaca5c6885232003a9f7b7dea7dda44885f8eff5d20a46,phase4e,SOURCE_EVIDENCE
v4_team_normalized/evidence/phase4e/timing71_analysis/2019_17189526be6a4835a7052abbfdacf202_analysis.json,7565,36a566d4413a82e704b6c4687b34fb5a17a5533ae9fdbc72c00d19cba4920293,phase4e,SOURCE_EVIDENCE
v4_team_normalized/evidence/phase4e/timing71_analysis/2019_339740c8b37b49b7bde3aa9c5156b4e4_2_analysis.json,76940,713c960eef281366f93faa176e288b956208175eedcd318768da131875c3a466,phase4e,SOURCE_EVIDENCE
v4_team_normalized/evidence/phase4e/timing71_analysis/2019_339740c8b37b49b7bde3aa9c5156b4e4_analysis.json,47833,92c03e5fd1613f326f308807886950dca6f51cae698ab0db2df4590892f325e2,phase4e,SOURCE_EVIDENCE
v4_team_normalized/evidence/phase4e/timing71_analysis/2019_3b72711fde2b4a4995bda77e415980e9_analysis.json,10300,0bbe97441ea1ad2a21f667140b6e0caa64bd05f09d5903c22ce7464e53350eb3,phase4e,SOURCE_EVIDENCE
v4_team_normalized/evidence/phase4e/timing71_analysis/2019_5250b13f10ce468d85c6ed97731ec2e3_1_analysis.json,23163,feddc41953c9860350a6b65020c7fd830517eb46920dc605f86eae6b483164e7,phase4e,SOURCE_EVIDENCE
v4_team_normalized/evidence/phase4e/timing71_analysis/2019_5250b13f10ce468d85c6ed97731ec2e3_2_analysis.json,27610,7aa2c6650a74c4ad8e99ded54c7addd803bd887a0cbf1894ccf136b7e59ff394,phase4e,SOURCE_EVIDENCE
v4_team_normalized/evidence/phase4e/timing71_analysis/2019_5250b13f10ce468d85c6ed97731ec2e3_analysis.json,21655,0749b65db5dfc1ccd6cbff4b99a676d89a05ee07846d094e1d5d3f80b7078e09,phase4e,SOURCE_EVIDENCE
v4_team_normalized/evidence/phase4e/timing71_analysis/2019_9f3dba2ffec941aa8aa5b4ed0880161f_analysis.json,71962,66ed63a9f068338de854dad9c330cb542970646d82b05fa2e9083765daddcffc,phase4e,SOURCE_EVIDENCE
v4_team_normalized/evidence/phase4e/timing71_analysis/2019_bff394403c124302affda084d6d338d6_1_analysis.json,51613,0dfe6c802fa5cf6fd92f0258e7e5f14d1eae2eaaf44f5b62c0d883c5f89a268b,phase4e,SOURCE_EVIDENCE
v4_team_normalized/evidence/phase4e/timing71_analysis/2019_d16190c5cfa34bdb889a8b83258f69cf_analysis.json,65677,4ce254f614b2c3601244a9533683ebd900e63503c77148edc41bb9694e44c934,phase4e,SOURCE_EVIDENCE
v4_team_normalized/evidence/phase4e/timing71_analysis/2019_d68de57785fb470aafef66da6c9bf572_1_analysis.json,21739,24a7c9b74500d187fb298db423eed2c7690606ae25af07eab71ef14613b3fa7e,phase4e,SOURCE_EVIDENCE
v4_team_normalized/evidence/phase4e/timing71_analysis/2019_e758f642bdec479b9696d4ed4910502d_analysis.json,62963,04e67609d2a50be2546ad6daccee28c59a995673f83aaf2d6e232f029e02afea,phase4e,SOURCE_EVIDENCE
v4_team_normalized/evidence/phase4e/timing71_analysis/2020_00e5134d143e437590dbac343d24665f_analysis.json,153581,df503b913689610e3df76d230d8711e0c032bf0022e345fac7bbe71a5325be4c,phase4e,SOURCE_EVIDENCE
v4_team_normalized/evidence/phase4e/timing71_analysis/2020_027333f0270d41118f6eeccb9ddd25e5_1_analysis.json,38581,30244333ab04688dcd0540b4ae7b2238aca6a831261293a88d7cfd03fe9f58ea,phase4e,SOURCE_EVIDENCE
v4_team_normalized/evidence/phase4e/timing71_analysis/2020_027333f0270d41118f6eeccb9ddd25e5_analysis.json,31323,60a4df31bc0da8fbe2a2dc34f3a0ecb49c8e75c8eff8eca6638dbaecd39c9b39,phase4e,SOURCE_EVIDENCE
v4_team_normalized/evidence/phase4e/timing71_analysis/2020_2d1869ed81eb40e9a2b232bc26bae5a4_analysis.json,67086,f0c4671267eb446b10eab8618e21018dfe8b1a8b0a43f4b369007ee9efb0c7ec,phase4e,SOURCE_EVIDENCE
v4_team_normalized/evidence/phase4e/timing71_analysis/2020_5974f4a368c74e23b95319bc6da2f30a_analysis.json,99233,24da659a2a5a5076377dde7b97071c351bbe8fad0b19e53e2d65dee568db0043,phase4e,SOURCE_EVIDENCE
v4_team_normalized/evidence/phase4e/timing71_analysis/2020_6c0805e08fdf4223b5d0bf825c7ef6e0_analysis.json,104784,5ca4668868760446c584f66b9efef31fde5dcfdf407a9131506fe228313030cc,phase4e,SOURCE_EVIDENCE
v4_team_normalized/evidence/phase4e/timing71_analysis/2020_79d7dad95913427391defdfc48bd1e0a_analysis.json,11936,806963c3ffd70babf5a179cba39ee1181498f899e34dd3a2f7a26156e9f42a0d,phase4e,SOURCE_EVIDENCE
v4_team_normalized/evidence/phase4e/timing71_analysis/2020_7f52aa8e7a9845d8aa910632426e5049_analysis.json,3867,ef49918d000e9e3002a967f8246bcb93b17602b32a2d91c6d869c6e490e87aef,phase4e,SOURCE_EVIDENCE
v4_team_normalized/evidence/phase4e/timing71_analysis/2020_85dd8f4149b04eea83257d1d52e60913_2_analysis.json,46591,ae86dc260397c2cbaa3736a7b02906f40f5154ef1b60702f8e1d5e1476c2fb5f,phase4e,SOURCE_EVIDENCE
v4_team_normalized/evidence/phase4e/timing71_analysis/2020_85dd8f4149b04eea83257d1d52e60913_analysis.json,42945,d86f52e90c5c4e378ac762d5395fdd9190ae3911286c883efc802ade875ce63b,phase4e,SOURCE_EVIDENCE
v4_team_normalized/evidence/phase4e/timing71_analysis/2020_ac44583f83e048c7b1b4cdb0953074e1_analysis.json,20135,ad328871a9f4fae891f2f2aa2bb464299e23977dc0bfa8c414aa6efd1384d291,phase4e,SOURCE_EVIDENCE
v4_team_normalized/evidence/phase4e/timing71_analysis/2020_cb0a5ab58997430683c2aade1e1e4209_analysis.json,90700,a65c031b84379fc3b5db915bdbc05f9dcae22ecaadccf1e0b1d10139237bd578,phase4e,SOURCE_EVIDENCE
v4_team_normalized/evidence/phase4e/timing71_analysis/2021_0e68f1f7779544689fce3b4970a74f09_analysis.json,83723,e13c9812dc9d5ce4016dc7a082118d9ca56403f55da403056a223212a61d3f20,phase4e,SOURCE_EVIDENCE
v4_team_normalized/evidence/phase4e/timing71_analysis/2021_207c2d9765124bb8996840c6e02e0369_analysis.json,148725,bdadae8c7086989c94860b1599ca8a23683da109e51616e11b41c4aebe09a351,phase4e,SOURCE_EVIDENCE
v4_team_normalized/evidence/phase4e/timing71_analysis/2021_23953b38c38342afa23912822f48df0f_analysis.json,10860,2bde934567452e0222cd21d968a31c97ec85a430d08bbe1cd8089eeac3bb83d5,phase4e,SOURCE_EVIDENCE
v4_team_normalized/evidence/phase4e/timing71_analysis/2021_3a2e3c4a0453452f8a5ab50b967bf62b_analysis.json,59362,4e9d683265cf0f90dc15481b0bf23778d759c310613e0659e04755215a4e6645,phase4e,SOURCE_EVIDENCE
v4_team_normalized/evidence/phase4e/timing71_analysis/2021_4219bfb4505c408a805de938010654df_1_analysis.json,77287,92554e7e5568e3cb79264ad33aa784da2ea3b7272ff7dcf90ca6328ffd313425,phase4e,SOURCE_EVIDENCE
v4_team_normalized/evidence/phase4e/timing71_analysis/2021_59d903093fbc4717832e528ef0ac53a3_analysis.json,13740,a5b06d8758157dd1787ee4ea6931a1ebf12067a256c2d9b0990725b93615ed32,phase4e,SOURCE_EVIDENCE
v4_team_normalized/evidence/phase4e/timing71_analysis/2021_6c4f0bd7fb1a43c1923254077583c1bf_analysis.json,117205,4d1acd80471dd3d09b5ca496d8486b37ff07cb89b5b4eed58d6a3957fd567863,phase4e,SOURCE_EVIDENCE
v4_team_normalized/evidence/phase4e/timing71_analysis/2021_7e2c11f021464086b1d10e2f414cf9c5_analysis.json,16524,4d6c47660d078960d769a52942af4da7adbf48b8e7d9552c36645c81f270720f,phase4e,SOURCE_EVIDENCE
v4_team_normalized/evidence/phase4e/timing71_analysis/2021_86b0fc8a4b424ce6b00b7bb152f69b7f_1_analysis.json,108812,cb85a2204db4aa6a771aeb3b9f8602b6f5ea38f58ee3c0582a51158d405b8589,phase4e,SOURCE_EVIDENCE
v4_team_normalized/evidence/phase4e/timing71_analysis/2021_8866c7494bb7488d8e714babd05952e2_analysis.json,48298,4d623cfbd218960d579c98674132a704eb645c57a330392915a8a5bbb3fe944c,phase4e,SOURCE_EVIDENCE
v4_team_normalized/evidence/phase4e/timing71_analysis/2021_ab10fda8aff14b64b6336695170d6ede_analysis.json,70211,7fe045ff7ba80a4d1140a2c55520a83107708cd59384af6de4b36f1bc91279c6,phase4e,SOURCE_EVIDENCE
v4_team_normalized/evidence/phase4e/timing71_analysis/2021_af3be483c7244697887abec429db7dd5_analysis.json,90964,240b2dd2f36946fa8c045022dd959f5bb63f3a43efdaf26af2ab86f03d90ab72,phase4e,SOURCE_EVIDENCE
v4_team_normalized/evidence/phase4e/timing71_analysis/2021_bc77d2cd1d104378b6bde7c3d8b980d3_analysis.json,12022,81424b8e3171935eaee2fa1aad41e062e77c292bc937ff0690e0c06fa436f804,phase4e,SOURCE_EVIDENCE
v4_team_normalized/evidence/phase4e/timing71_analysis/2021_ca6ccfa649b248f6a911397acb755081_analysis.json,10686,79f45b214754f8fce0efdbfdb017e472290517980b970787fae552d14200abf5,phase4e,SOURCE_EVIDENCE
v4_team_normalized/evidence/phase4e/timing71_analysis/2023_0da08a56-52ca-47e3-bc8c-765dd756210a_analysis.json,415821,0e66d12830c900404eb7049943a577f482f1cdc5f5bfcd287a7089c6142191ac,phase4e,SOURCE_EVIDENCE
v4_team_normalized/evidence/phase4e/timing71_analysis/2023_5360c682-1c5b-424d-b3af-6e900523e6f2_analysis.json,19028,a9db3cd6dba0007df56ed4da78fbaf84d7612acd703a41e5d608067902a8d6d3,phase4e,SOURCE_EVIDENCE
v4_team_normalized/evidence/phase4e/timing71_analysis/2023_73de22c0-a7b5-4162-9649-249e1d773647_analysis.json,15964,20ce32f164e2e89184e24d52bfe65d901608efa3f3c62e98844b2025aa2caaff,phase4e,SOURCE_EVIDENCE
v4_team_normalized/evidence/phase4e/timing71_analysis/2023_8198a0ed-c303-4c87-915c-862ed6c2823f_analysis.json,9158,6fc88c7eb959cc985d0124db5cc3012451265aed8652e10d36eba9ba874c6b5f,phase4e,SOURCE_EVIDENCE
v4_team_normalized/evidence/phase4e/timing71_analysis/2023_90cddd1b-24bc-4d0a-b2b1-dfd5048eb89d_analysis.json,7382,0dd6231d83b3e4abce25372448aebc77e49533fa835e78c56000f1ca62c4be37,phase4e,SOURCE_EVIDENCE
v4_team_normalized/evidence/phase4e/timing71_analysis/2023_9daa4599-35b8-4106-8ac7-4cd95a4d13b7_analysis.json,186811,8078a5c1c56c40c1a6308017134acb4b10b1702ecbcaa5914f50823979b87245,phase4e,SOURCE_EVIDENCE
v4_team_normalized/evidence/phase4e/timing71_analysis/2023_a2854e6b-fb5a-4b3b-b246-d9eb230029f1_analysis.json,561021,039084af2d365dda92f23b67908f4d84f915c12b58f3f6a3c7c0f88fdbc84b6c,phase4e,SOURCE_EVIDENCE
v4_team_normalized/evidence/phase4e/timing71_analysis/2023_a2b295ca-3252-4082-ac05-368efcaf0786_analysis.json,16910,e2eeb95c44fa78300078f7442fa4db6a524457f801423a7a192a5a9f247d99bd,phase4e,SOURCE_EVIDENCE
v4_team_normalized/evidence/phase4e/timing71_analysis/2023_a9e341f1-22b9-47e8-ab97-a64df42a1303_analysis.json,322428,4275f674cebb60d8c4fce4fb465a018305571026174ef501b28badfb309be623,phase4e,SOURCE_EVIDENCE
v4_team_normalized/evidence/phase4e/timing71_analysis/2023_b58fc21c-1be0-46c6-ae31-04940d6b01ef_analysis.json,256635,0c36346f7c4ce39bb56730660cd2a894a6831e39ef19b819c1ae5e8922bb1237,phase4e,SOURCE_EVIDENCE
v4_team_normalized/evidence/phase4e/timing71_analysis/2023_c1654a67-dde5-480a-929a-bb8307d5fa18_analysis.json,50454,6ab815aa2b6530c0c20d3d5e0ec32cfe3ae86c73ac739a3afbe0e9bb22090186,phase4e,SOURCE_EVIDENCE
v4_team_normalized/evidence/phase4e/timing71_analysis/2023_ceb845a6-cc87-48c3-838a-01e851f0b415_analysis.json,75409,eda64e2d044a98ef8a385f7777e113367c248978735be59689d032f8e866d980,phase4e,SOURCE_EVIDENCE
v4_team_normalized/evidence/phase4e/timing71_analysis/2023_d44edbc0-eed3-4c8d-b90a-c3b37f2baba7_analysis.json,593815,be139d0e8dc4808a2bc2a43c993c3682eb8b836db61fce6fac70a73e80c26690,phase4e,SOURCE_EVIDENCE
v4_team_normalized/evidence/phase4e/timing71_analysis/2023_d48af4c3-0bf4-48c1-b35e-be18a931be0d_analysis.json,158718,5aaa4568ff1b38e5ffd2931c94c86c0311aff681ab1997575632257416f58ae0,phase4e,SOURCE_EVIDENCE
v4_team_normalized/evidence/phase4e/timing71_analysis/2023_dda5e326-aac2-4fff-8830-84feba09414a_analysis.json,32743,b92e134c5f2c5bcf70cab0892a79d84071f8ea01e39c3b1dbcdf0c183d62d0ef,phase4e,SOURCE_EVIDENCE
v4_team_normalized/evidence/phase4e/timing71_analysis/2023_e3070055-d9ba-4616-9118-18a4ddf7bdf3_analysis.json,31347,6a27451cff4ef4bf0bd741ee911a16a7ccc2562438f30dada3d0b387f364cc57,phase4e,SOURCE_EVIDENCE
v4_team_normalized/evidence/phase4e/timing71_analysis/2023_e56a6d62-3bc9-481b-8bc0-3916c7780b97_analysis.json,11334,6db03ebce84f897990a891d0bb5505f99ddbe42146742878b2ca02b0502a3402,phase4e,SOURCE_EVIDENCE
v4_team_normalized/evidence/phase4e/timing71_analysis/2024_04161f2d-97e1-48cc-a994-e33dc8747d6d_analysis.json,397033,688ea703e8f088f906b96a7d0b1ab465ef557e97ce4b373b5512a906c9f88a4e,phase4e,SOURCE_EVIDENCE
v4_team_normalized/evidence/phase4e/timing71_analysis/2024_1c492a60-2887-4505-bbaa-fb4bd39e118e_analysis.json,19384,ead6693893bc8330ceeddb2909ae5c32a5d805d33c35229cbd44f1b847d0e41f,phase4e,SOURCE_EVIDENCE
v4_team_normalized/evidence/phase4e/timing71_analysis/2024_33f831b2-18fb-48b8-a363-c13df4b764d9_analysis.json,16472,f8f3047fcc27b85f5e64a02769ea8d297d936f8a8405401b5b7956ef0d398bd8,phase4e,SOURCE_EVIDENCE
v4_team_normalized/evidence/phase4e/timing71_analysis/2024_4146f406-154f-4065-bd5f-10d0bd349b77_analysis.json,67098,ba1c5874fc0706206b478dffdecbf8d70bd5e3dffb4b4c1b255ecf3cd9ba8e0c,phase4e,SOURCE_EVIDENCE
v4_team_normalized/evidence/phase4e/timing71_analysis/2024_46688442-a91a-4dc0-94c1-a968f9a03958_analysis.json,8321,3a392ae8576e34b272836d1dd8311fca6819cb592f0f4419d6a840257f2ed085,phase4e,SOURCE_EVIDENCE
v4_team_normalized/evidence/phase4e/timing71_analysis/2024_78b8abc0-6b3c-4315-b757-fbef0250cc16_analysis.json,57420,e7cf6b491164e9777c459ddd52ad879b84703d64f49fcfdc8dde39332939b9e0,phase4e,SOURCE_EVIDENCE
v4_team_normalized/evidence/phase4e/timing71_analysis/2024_8761dfcf-bba2-4b30-bd88-c8931620cb94_analysis.json,358844,4f2d69730c1f25ba422493e96e0bdb0e0ffa0ac56fe9d266bb63d839cd143157,phase4e,SOURCE_EVIDENCE
v4_team_normalized/evidence/phase4e/timing71_analysis/2024_8d618fe6-c038-4070-84e8-1be8d2a770d5_analysis.json,868055,22ba2b5e7e9bddef982d6ceacd49734f8643aaf171d7b0646ad4fe9038ee6561,phase4e,SOURCE_EVIDENCE
v4_team_normalized/evidence/phase4e/timing71_analysis/2024_a8c14db2-718c-4433-8987-31d39e3adeca_analysis.json,449030,ee8b868aeade859128c3fd81bf3478b0a2ac65ba5bb12c08c559a256a65d8534,phase4e,SOURCE_EVIDENCE
v4_team_normalized/evidence/phase4e/timing71_analysis/2024_bfda10da-cb78-46a8-b336-76ff94523cb6_analysis.json,77749,20e990d9cd1fbca5d1b5c0b7a11fd3db971092f1e4eee140d82a509605c5b2c3,phase4e,SOURCE_EVIDENCE
v4_team_normalized/evidence/phase4e/timing71_analysis/2024_e4477909-8573-4ed4-940d-88688cb7f184_analysis.json,80770,a2b77231347bb28314b43c28595f91f15ea942a0e43b9d1b7f431bececdbb63f,phase4e,SOURCE_EVIDENCE
v4_team_normalized/evidence/phase4e/timing71_analysis/2024_ef4ae689-9672-4f23-9c55-25eef9e064ca_analysis.json,6620,d5740a3ffe246bef59c1e931ed48d01f1e0aee3158e61edda1af72942f44eead,phase4e,SOURCE_EVIDENCE
v4_team_normalized/evidence/phase4e/timing71_analysis/2024_ef6a65d3-5a1d-4f45-8898-80d2a0b0f930_analysis.json,17917,981a1a99009fdf0b40bdfc25e950db39eb408ef4f36addd72d21f398657f7043,phase4e,SOURCE_EVIDENCE
v4_team_normalized/evidence/phase4e/timing71_analysis/2024_fd006d74-35b8-4734-a437-8016621f7606_analysis.json,22966,d26afc57cb8fe66e3e51573240ce32742258e2302fd9007a7494808701f56fb4,phase4e,SOURCE_EVIDENCE
v4_team_normalized/evidence/phase4e/timing71_analysis/2025_03072250-77e5-43d5-9844-4550ecd8ae34_analysis.json,95150,2ca77fbfced379e93885dfe62cda4bcde7ad0011f31319b80274c40624ee7d84,phase4e,SOURCE_EVIDENCE
v4_team_normalized/evidence/phase4e/timing71_analysis/2025_1bff3f3a-65e7-44b5-8b5a-151c8e72ea16_analysis.json,42355,d35c6cf46a3e25d97d9d18aa0d11812de06fce305629e230ef81ccac4b289289,phase4e,SOURCE_EVIDENCE
v4_team_normalized/evidence/phase4e/timing71_analysis/2025_1c059e6a-1d63-4269-b8b2-59cebaf85c2d_analysis.json,18057,9e73779157d08c5bf0e94230d8799c873c484ca8f5a61e576759d77693bc79d2,phase4e,SOURCE_EVIDENCE
v4_team_normalized/evidence/phase4e/timing71_analysis/2025_2fa0061e-58b3-4e23-8f62-25e72ad8a206_analysis.json,213183,55929adacce325f6980004135e2f87a96fb9430587ac5dd80baedaa992ca36e8,phase4e,SOURCE_EVIDENCE
v4_team_normalized/evidence/phase4e/timing71_analysis/2025_3e99e30c-75f8-46ce-9fd2-a73007de610d_analysis.json,367398,248ccb517bd633a484dc368425cca7dc13adbaeea210f7e0e70e76c6ff39e205,phase4e,SOURCE_EVIDENCE
v4_team_normalized/evidence/phase4e/timing71_analysis/2025_534ab460-a8d5-40ea-9dbe-02714c5e6ba7_analysis.json,74297,b10251de0a3bd2e6916c5508d6311900a242831afc25a2c73bfbeb56167e482e,phase4e,SOURCE_EVIDENCE
v4_team_normalized/evidence/phase4e/timing71_analysis/2025_64ee56ca-719a-4d02-9bf0-0c74be0c07b2_analysis.json,359907,0b74267f6593fff1d157a4ad2f9def23da4e315482eb7f35c6f9c824fb8e8bba,phase4e,SOURCE_EVIDENCE
v4_team_normalized/evidence/phase4e/timing71_analysis/2025_783a363f-d860-483f-812e-fe986b7952d7_analysis.json,9494,6e4efe0532b98d03d5bbef996d4ce070c97be1b1e891466afe95c6ac144c2ccb,phase4e,SOURCE_EVIDENCE
v4_team_normalized/evidence/phase4e/timing71_analysis/2025_99885030-ae56-49ef-8933-4db68649b9fa_analysis.json,18057,f13c9ca4e87100353591845ab287e76aef49e4982a522ae5aa692c8c056f7fa5,phase4e,SOURCE_EVIDENCE
v4_team_normalized/evidence/phase4e/timing71_analysis/2025_9a68bf34-286b-482e-8a0b-579ecff97a94_analysis.json,39986,b7fff61c2bd733d04ba2e290ed4174ed74022a5b579ebfc8a532567c689eefd0,phase4e,SOURCE_EVIDENCE
v4_team_normalized/evidence/phase4e/timing71_analysis/2025_a1982d2c-0412-473f-8db8-413bffb57bee_analysis.json,711396,2e596ca8ba4012015880102fdd40bd2de485756fc8b5607329fec12b5a83f1f3,phase4e,SOURCE_EVIDENCE
v4_team_normalized/evidence/phase4e/timing71_analysis/2025_a2809f3f-785c-4fad-af3d-e3fbf44969b4_analysis.json,388946,f835dabe97e99f6b102745c3e46d6f62fd810d8ce6b6479ef902127d844f2028,phase4e,SOURCE_EVIDENCE
v4_team_normalized/evidence/phase4e/timing71_analysis/2025_aee01985-ecf0-474c-acc8-832a0f833295_analysis.json,165670,2b3380f1785b11fc2f1680d11aae0fa4dce86d6bf3dcde72191d5b6e693e5fda,phase4e,SOURCE_EVIDENCE
v4_team_normalized/evidence/phase4e/timing71_analysis/2025_c1a9335c-8ae0-4e41-af89-f82cb8bdac25_analysis.json,12454,762b0ed80c73a429d266766e5a354ef778bb788d2fe0b9de8159fc01d61b3b6b,phase4e,SOURCE_EVIDENCE
v4_team_normalized/evidence/phase4e/timing71_analysis/2025_cb100469-8536-4dd6-9428-4370c1f02c79_analysis.json,16141,8d2800ecdec145b971a61ea408e9ceecf68b798debd714f606f883b4e86000fe,phase4e,SOURCE_EVIDENCE
v4_team_normalized/evidence/phase4e/timing71_analysis/2025_e6c88ad3-b5b2-495a-91d2-e7ff8e334f53_analysis.json,154996,dc41d3e201ab67253b88e7fe013097087876d31acd223f49def055aa14dc75e6,phase4e,SOURCE_EVIDENCE
v4_team_normalized/manual/v4_team_mapping_rules.csv,11175,c34a79da4eaed5e7ff851dbbba38325d35fbebd7bb7a3a42cf0f2a7985a9db67,phase1_2,MANUAL_RULES
v4_team_normalized/output/phase3/comparability_by_team.csv,38627,c44848d5e43587df83fae231f52e00bfad8e5bf9692d70f8844c8b670ad69e86,phase3,RESULT_TABLE
v4_team_normalized/output/phase3/comparability_by_year.csv,12071,38c691815e6d12de0f146b35ff998553565263f674e68935938f0de2d7825dfc,phase3,RESULT_TABLE
v4_team_normalized/output/phase3/comparability_summary.csv,5794,7a6610ae6412c5ca44073bae0d0d3e6372a9c6826c7e7afea404e0cf3497ad8e,phase3,RESULT_TABLE
v4_team_normalized/output/phase3/comparability_window_counts.csv,1180,cb9949810afc9e498797544964f99270ed16da74a5e7ae8bc5614c84c6619544,phase3,RESULT_TABLE
v4_team_normalized/output/phase3/figures/fig1_teammate_time_separation_distribution.png,63043,b5fb08145b0ccdaf057fd634bf05f5aac16e1a1a163ce5f72ffe87679395be70,phase3,FIGURE
v4_team_normalized/output/phase3/figures/fig2_candidate_count_vs_max_time_separation.png,74034,43997607875baf68c637e49f96272432f55afa828dccb0eff104b0aac24d6d24,phase3,FIGURE
v4_team_normalized/output/phase3/figures/fig3_track_temp_diff_vs_time_separation.png,99465,b1cd56437c3bb28ec09a7c11b1a2c5ab4026fe0f9cd402ba1d1239038336fb2c,phase3,FIGURE
v4_team_normalized/output/phase3/figures/fig4_ambient_temp_diff_vs_time_separation.png,98796,5fdb4ebfc0adac742ce722033ab9fbf219d19526ac3839d6130dd935b92dc2d2,phase3,FIGURE
v4_team_normalized/output/phase3/figures/fig5_candidate_availability_by_year.png,75989,336af879571e848b21410d95eaf39e5afa4d2405875fac2df5ef50e49e9163bc,phase3,FIGURE
v4_team_normalized/output/phase3/figures/fig6_candidate_availability_by_team.png,185840,c1272ce697f2166168f01f75092580ccaf81710693188d758213a06afbae27c8,phase3,FIGURE
v4_team_normalized/output/phase3/frozen_same_car_overlap.csv,6449,e8ec230ac87b75958e880bb7c815a91ff092864d1629757fc1fee83ffcfed95e,phase3,RESULT_TABLE
v4_team_normalized/output/phase3/nearest_teammate_candidates.csv,168337,335f7a9764432bb049df14ae3ffb6c0b0b962072c3ca3c45e4cbe2a25d04456b,phase3,RESULT_TABLE
v4_team_normalized/output/phase3/phase3_checks_log.txt,1203,62d3b54d9289fd427df42e02e632dfff0f81f5e38744dad3c03342b04ad5f212,phase3,CHECK_LOG
v4_team_normalized/output/phase3/phase3_comparability_report.md,17368,6521a1ce586d9a9dae189ea8ab7e5da6a3e0dcb706546775d640948c68671330,phase3,REPORT
v4_team_normalized/output/phase3/phase3_data_quality_report.md,10070,6548bdf361a3adcd073df1701514fb44161f6e9f56ef99a8315fd214eb347eaf,phase3,REPORT
v4_team_normalized/output/phase3/team_attempt_join.csv,396905,ebc732c06e5d1af6fcbc281690ba1d97c437bce766d86878d10e42004f627c0a,phase3,RESULT_TABLE
v4_team_normalized/output/phase3/teammate_attempt_candidates.csv,513094,8c66b763500cf7eb96c56fe868206f2860ebe5651e78e43b7e67a0b9ee55a9e0,phase3,RESULT_TABLE
v4_team_normalized/output/phase4a/all_matched_controls.csv,2126327,981c3935c80414beff75b27e7787d09aba50f324fc624764d64539f870ea170e,phase4a,RESULT_TABLE
v4_team_normalized/output/phase4a/dependence_audit.csv,10362,d41f141e6debc7787e15173dc871931217678a0ff4390202b868023d2bde4a08,phase4a,RESULT_TABLE
v4_team_normalized/output/phase4a/endpoint_support_by_window.csv,19469,05321f5ff8333e9e9ed72df57612d06f6f73c6a472e15d3be3bbe3a4f532e17f,phase4a,RESULT_TABLE
v4_team_normalized/output/phase4a/figures/fig1_both_endpoint_support_vs_window.png,82249,10863fba95b51eac37319da2d76866cbbf0d6a85c68e29265400205c7428c460,phase4a,FIGURE
v4_team_normalized/output/phase4a/figures/fig2_endpoint_nearest_teammate_distance.png,54188,a2a1157d524b4a2b2c5311ecf8f92f771e1dddc892bd93310f01217dab399e22,phase4a,FIGURE
v4_team_normalized/output/phase4a/figures/fig3_delta_target_vs_team_control_by_strategy.png,108777,ba672cb96e319038ce4a36326b10a5af79c8035311bc1dff11b98a743c03e0bb,phase4a,FIGURE
v4_team_normalized/output/phase4a/figures/fig4_same_direction_fraction_vs_window.png,72107,19d6e01d37a642646cdb74d735a6ec48e65258bcc560ab8e02852f30767432ff,phase4a,FIGURE
v4_team_normalized/output/phase4a/figures/fig5_team_adjusted_delta_distribution.png,54861,c86414d4d06ce026f78f710b758a5968caa6b4e7e9686354b272f2ec15a678cc,phase4a,FIGURE
v4_team_normalized/output/phase4a/figures/fig6_support_by_year.png,46415,c9810405fe28496306d433587d0864026a1d555e75360155738bd6cd9a783f5d,phase4a,FIGURE
v4_team_normalized/output/phase4a/figures/fig7_support_by_team.png,114926,bd9c8e1b2ca3eff9c36eefeb81495153d7d488eab5a6afa446204c9ba1c82a1d,phase4a,FIGURE
v4_team_normalized/output/phase4a/figures/fig8_retrospective_vs_pit_support.png,93792,f629088e3a24e3046193560135d4a64571d8a63bc845e5a5d247790f544e8397,phase4a,PRE_REGISTRATION
v4_team_normalized/output/phase4a/frozen_transition_anchors.csv,28635,7cdb4e9c43ddb145839cf72b0fe14013058dac46d1616941ba2a00c712a7257b,phase4a,RESULT_TABLE
v4_team_normalized/output/phase4a/frozen_transition_teammate_candidates.csv,179874,9a7e11d769827d450d1a375de31d780259b89b041d573a37de06feb9f970b845,phase4a,RESULT_TABLE
v4_team_normalized/output/phase4a/matched_controls_car_balanced.csv,647741,a9714c099bb4f72942cadbc5243c26387347d6c99aaa8b6d6ec9d10ce7234127,phase4a,RESULT_TABLE
v4_team_normalized/output/phase4a/matched_controls_nearest.csv,797082,f6c3d6282cd04cbdd44f574a3518998b2597d3a392d5816a562ce30b6f551e56,phase4a,RESULT_TABLE
v4_team_normalized/output/phase4a/matched_controls_window_mean.csv,341661,052791df2f46e097bf325d3f041f589943c14ed43790b34335ccc603b2c8c93f,phase4a,RESULT_TABLE
v4_team_normalized/output/phase4a/matched_controls_window_median.csv,343149,6465e95173dc28f803a34ef9a8b8b15adad46ae0c7ee872bee9ab9e8776fe2b7,phase4a,RESULT_TABLE
v4_team_normalized/output/phase4a/phase4a_checks_log.txt,1599,4d161563a0add635ec04477adecd898a675cbcb2064d69e669154a017237f428,phase4a,CHECK_LOG
v4_team_normalized/output/phase4a/phase4a_data_quality_report.md,2260,aff2351d755ef2c2825a20ffa75995224de81e33e80fe903d91f4cac6a0c4e96,phase4a,REPORT
v4_team_normalized/output/phase4a/phase4a_matching_report.md,25612,785ce97100d7f897fb4cea339a85ad4022b118698aeb90d53d01587388dd0079,phase4a,REPORT
v4_team_normalized/output/phase4a/pit_prior_only_controls.csv,666824,d0927cbd3c2b0439a29d60eea535f61d46c053171fe2068f5c31ada9dbddedeb,phase4a,RESULT_TABLE
v4_team_normalized/output/phase4a/strategy_summary.csv,28384,00c434034cd86bb5b21f0d5975116bf0507f0f21068b9be14587b69aaa9ec6dc,phase4a,RESULT_TABLE
v4_team_normalized/output/phase4b/car_baseline_summary.csv,54576,017bd79d0554ee659374d478a9dcc2fef3cb77c5a638fe73f3807d207bc7f6b3,phase4b,RESULT_TABLE
v4_team_normalized/output/phase4b/car_time_confounding_audit.csv,15058,9f55f33e7d39620eb50ab136dbdf6e4ff6fb92b07ced35ac201729ef471a6cc1,phase4b,RESULT_TABLE
v4_team_normalized/output/phase4b/cluster_counts.csv,358,0b5faaac49fc48c453fd1d40ab0dfb8a35d1b4cb546f840ab61fb063a53534ba,phase4b,RESULT_TABLE
v4_team_normalized/output/phase4b/common_movement_exploration.csv,7979,b32123f2c98b7edcbbaa3bff619d3ca69f5eed3a5ddbe577940dfdcae5232f35,phase4b,RESULT_TABLE
v4_team_normalized/output/phase4b/consecutive_team_observations.csv,52409,6077158fedf1d9fbba834dbba8dc528dfcb9fc9a3723956029279483e7db939f,phase4b,RESULT_TABLE
v4_team_normalized/output/phase4b/figures/centered_timelines/2018_ANDRETTI_centered.png,110771,d20a2abd998c7e30b06f54c3beafc89cba9d0c60e8cab34756b2037ac643cf52,phase4b,FIGURE
v4_team_normalized/output/phase4b/figures/centered_timelines/2018_DALE_COYNE_RACING_centered.png,105368,0951430373b3b3d9d9f4201261fca5a780dce92f747394ba4ad5632d0aa8f304,phase4b,FIGURE
v4_team_normalized/output/phase4b/figures/centered_timelines/2019_AJ_FOYT_centered.png,105590,3038de74119bfc32fb08a124319d464cadd4d682d69bd46e0241bff9bc41bffa,phase4b,FIGURE
v4_team_normalized/output/phase4b/figures/centered_timelines/2019_ANDRETTI_centered.png,113099,a2d8846074703eef065112387cc5b4378944eb97bacee74122708989d7bb2839,phase4b,FIGURE
v4_team_normalized/output/phase4b/figures/centered_timelines/2019_ARROW_MCLAREN_SPM_centered.png,98057,6d4b57c4e940b263c231c4827b382fb3c99d0610beee051b974b2110ec1fa3c3,phase4b,FIGURE
v4_team_normalized/output/phase4b/figures/centered_timelines/2019_CARLIN_centered.png,102694,11276612530106313afca9815bafde02e479c9c40f026bff7526b231b2982467,phase4b,FIGURE
v4_team_normalized/output/phase4b/figures/centered_timelines/2019_CHIP_GANASSI_RACING_centered.png,108807,14713101be20af3d077676e7c53352b52faf8e4adc69d10e7d9e6feff535d540,phase4b,FIGURE
v4_team_normalized/output/phase4b/figures/centered_timelines/2019_DALE_COYNE_RACING_centered.png,101123,462370ee6a99fc654bfbf5eda3f350595520d502509c76a4a9af8239a2c06a6c,phase4b,FIGURE
v4_team_normalized/output/phase4b/figures/centered_timelines/2019_DRAGONSPEED_centered.png,108421,40476756f53079ed34b273b47ac2bce4f253d4e3808e8d4e2e5dca791c0ab9f4,phase4b,FIGURE
v4_team_normalized/output/phase4b/figures/centered_timelines/2019_DREYER_REINBOLD_RACING_centered.png,116836,7ad617a9a49ad96aca4d5b1745c2e4b2d26d76d955fd1ec02a0f6e0ff0502f4e,phase4b,FIGURE
v4_team_normalized/output/phase4b/figures/centered_timelines/2019_ED_CARPENTER_RACING_centered.png,100589,42b9f5e638e89058fd458b53b144eca3dfbaea6c3ae2a17fcaf21f3aee2fc727,phase4b,FIGURE
v4_team_normalized/output/phase4b/figures/centered_timelines/2019_RAHAL_LETTERMAN_LANIGAN_centered.png,111450,a90d65a556ce2686bd640a6c815f0db38605336b2488d36cad6ebcbcf8c793bf,phase4b,FIGURE
v4_team_normalized/output/phase4b/figures/centered_timelines/2019_TEAM_PENSKE_centered.png,107822,983daf081b67f53f68b1108d8d1555c0c5987e05c789ef79801b1f6348c1fd5e,phase4b,FIGURE
v4_team_normalized/output/phase4b/figures/centered_timelines/2020_AJ_FOYT_centered.png,97489,0773b15fb7f12c25f691e7bf340bb43107d792dfb3b718bdc42d118c8f1bb881,phase4b,FIGURE
v4_team_normalized/output/phase4b/figures/centered_timelines/2020_ANDRETTI_centered.png,125975,21640b44d0dbf92ac996479f187e8db7a4a230e312e544ba48ae7430dbb73e2a,phase4b,FIGURE
v4_team_normalized/output/phase4b/figures/centered_timelines/2020_ARROW_MCLAREN_SPM_centered.png,127247,6a6e6b014d569ece0070071ea59da4a8adbae4831bf510c96c6b8d1ebd60f6a7,phase4b,FIGURE
v4_team_normalized/output/phase4b/figures/centered_timelines/2020_CARLIN_centered.png,120419,ba811076ad508327c1b639c0b7ba785f6e680e9d0057b78b47768b9215a168bb,phase4b,FIGURE
v4_team_normalized/output/phase4b/figures/centered_timelines/2020_CHIP_GANASSI_RACING_centered.png,143627,ea3d3504063ce777a2bd541d6be200f1ed781feeec2f01a1d57d007f29b5532b,phase4b,FIGURE
v4_team_normalized/output/phase4b/figures/centered_timelines/2020_DALE_COYNE_RACING_centered.png,100166,8cc1e373e2d91538b623b9f01c92570beed9e8a2fbeec4a2cf9bf5f490665564,phase4b,FIGURE
v4_team_normalized/output/phase4b/figures/centered_timelines/2020_DRAGONSPEED_centered.png,114722,8ea1d2b68a232e03ba2fedc6a605425813de1db01bc88c697773097155e70373,phase4b,FIGURE
v4_team_normalized/output/phase4b/figures/centered_timelines/2020_DREYER_REINBOLD_RACING_centered.png,99532,b26cdb5f3cf7d1ed9419ea08eee4374231ab09d76da64b9fc088d37fd4a29ca2,phase4b,FIGURE
v4_team_normalized/output/phase4b/figures/centered_timelines/2020_ED_CARPENTER_RACING_centered.png,130607,3c80c76a922641242b2d86d9d54bef8e1e92445a0ac506ec9be59310c02f6b07,phase4b,FIGURE
v4_team_normalized/output/phase4b/figures/centered_timelines/2020_MEYER_SHANK_RACING_centered.png,113832,952fe1baea7e7eed623610f56cd2167c11be5bf845312221c3ae83dc176603d9,phase4b,FIGURE
v4_team_normalized/output/phase4b/figures/centered_timelines/2020_RAHAL_LETTERMAN_LANIGAN_centered.png,101600,e96dd9fd37907154bcf19951c7d386932b89144a68eac24241108228a0f21a77,phase4b,FIGURE
v4_team_normalized/output/phase4b/figures/centered_timelines/2020_TEAM_PENSKE_centered.png,118803,84ca2291f4d018bc412d6bde8a3f50801df4829ecbdab833f853c94d029a3cf4,phase4b,FIGURE
v4_team_normalized/output/phase4b/figures/centered_timelines/2021_AJ_FOYT_centered.png,123130,39888fe778e240865c98f765b4e4b2ff828b09068d62c0caa10b85bd3e7c633b,phase4b,FIGURE
v4_team_normalized/output/phase4b/figures/centered_timelines/2021_ANDRETTI_centered.png,162112,e461df406df8ef5055cb898c5d8a9b89be31f29032d8f37a9c44ebbe63b5dd70,phase4b,FIGURE
v4_team_normalized/output/phase4b/figures/centered_timelines/2021_ARROW_MCLAREN_SPM_centered.png,140155,04b35404d99848d221f41c48fb934d0f0e2bfcddd4bdc5c81af87d69b53f742b,phase4b,FIGURE
v4_team_normalized/output/phase4b/figures/centered_timelines/2021_CHIP_GANASSI_RACING_centered.png,96068,a50d963f5c8319fc329d4f30a1f735d1df03f1ee5aa3f12ec722a1cee716bed5,phase4b,FIGURE
v4_team_normalized/output/phase4b/figures/centered_timelines/2021_DALE_COYNE_RACING_centered.png,113392,024e82083cdf461d1a5a6058e4774f776d7ea61bc37bee0b7ad84f446490cf59,phase4b,FIGURE
v4_team_normalized/output/phase4b/figures/centered_timelines/2021_ED_CARPENTER_RACING_centered.png,123893,e2efa148a9cfe8583b04280fc7549fe4accb7b98c7b1d26848330806bfdfad74,phase4b,FIGURE
v4_team_normalized/output/phase4b/figures/centered_timelines/2021_MEYER_SHANK_RACING_centered.png,103407,277e7be0f3cb9f728716e5d2108c3e3670b7a87e6c64f6c44dd1bc2fa415d07b,phase4b,FIGURE
v4_team_normalized/output/phase4b/figures/centered_timelines/2021_RAHAL_LETTERMAN_LANIGAN_centered.png,99265,501cd49e8951a1fa061ee91904de909d141f70431f8057587421efd78b819002,phase4b,FIGURE
v4_team_normalized/output/phase4b/figures/centered_timelines/2021_TEAM_PENSKE_centered.png,125316,e83ac6a7616b13ea856ab6d852a399ca2009e3df79c8fac8b346ceb859cca052,phase4b,FIGURE
v4_team_normalized/output/phase4b/figures/centered_timelines/2022_ARROW_MCLAREN_SPM_centered.png,105851,d0bb339e2d3a99c5f96269af9afea1a78adae92b35edffa69980ac6b3ba53542,phase4b,FIGURE
v4_team_normalized/output/phase4b/figures/centered_timelines/2023_AJ_FOYT_centered.png,95455,be67fc9f81f063ece44bd5a3e1f13745640397ba320e642a5d6eb107b2f7e2e4,phase4b,FIGURE
v4_team_normalized/output/phase4b/figures/centered_timelines/2023_ANDRETTI_centered.png,135249,de89b1d7e059b48b1f93c3f8a0371c0207ddcf82ce489108fea929afdf1990f8,phase4b,FIGURE
v4_team_normalized/output/phase4b/figures/centered_timelines/2023_ARROW_MCLAREN_SPM_centered.png,147939,be47c916f2cb8e25950f4185d9b357a5c516b53b8140f4bf137167ae9da82fc2,phase4b,FIGURE
v4_team_normalized/output/phase4b/figures/centered_timelines/2023_CHIP_GANASSI_RACING_centered.png,163911,ca607629d3ef1e33870d0a68cb4876d41c33d7b6c763812788983e07ad8fd5e9,phase4b,FIGURE
v4_team_normalized/output/phase4b/figures/centered_timelines/2023_ED_CARPENTER_RACING_centered.png,119624,51597d056c603628e1e88c64d9702a6ce0df775f948252ebd8d3ff05507af13d,phase4b,FIGURE
v4_team_normalized/output/phase4b/figures/centered_timelines/2023_JUNCOS_HOLLINGER_RACING_centered.png,108609,8b448ae27d3dfa5b07bfd896534b092bb2e82c934bfd80484cbb4bfa5897308a,phase4b,FIGURE
v4_team_normalized/output/phase4b/figures/centered_timelines/2024_ARROW_MCLAREN_SPM_centered.png,142346,5934401074952e5dddc286afcf4b77285a9c28ae40d3f6a3e7845010dc1c85ee,phase4b,FIGURE
v4_team_normalized/output/phase4b/figures/centered_timelines/2024_CHIP_GANASSI_RACING_centered.png,98728,5be363c90c7a89a3807c87f7d56f0484a724c4e6e1c95e8aef66d5f865c0b85b,phase4b,FIGURE
v4_team_normalized/output/phase4b/figures/centered_timelines/2024_ED_CARPENTER_RACING_centered.png,114598,ac9d4a1f3c15ab4fd3fe907b56d827f4db4383a479437da671a8e3dc9ce13882,phase4b,FIGURE
v4_team_normalized/output/phase4b/figures/centered_timelines/2024_TEAM_PENSKE_centered.png,92796,00ff8ff8fa6fe4c03431e6653d1c220cd2e125c85fa1e346133dff56f3ffc19b,phase4b,FIGURE
v4_team_normalized/output/phase4b/figures/centered_timelines/2025_AJ_FOYT_centered.png,118469,d4a155ba1bb7f05c252e091293169a6c7af81df530b0accc7b73743a8babee5b,phase4b,FIGURE
v4_team_normalized/output/phase4b/figures/centered_timelines/2025_ANDRETTI_centered.png,126447,b5b668ac6369c33c5c3794acb3a9179edc3c6fe6c85d0e3da639629fb0fe5793,phase4b,FIGURE
v4_team_normalized/output/phase4b/figures/centered_timelines/2025_ARROW_MCLAREN_SPM_centered.png,145492,df398ec58b449f937a146c92d29413448e32675904b69aa3fd6065fde278d9d7,phase4b,FIGURE
v4_team_normalized/output/phase4b/figures/centered_timelines/2025_CHIP_GANASSI_RACING_centered.png,98482,574b2a7e3e0105db772b2fd1b0bddd20967bf2f4ebbccc23fc19f89c9056b7b7,phase4b,FIGURE
v4_team_normalized/output/phase4b/figures/centered_timelines/2025_DALE_COYNE_RACING_centered.png,115729,f74e5bd8461b05635a25f609bddb64a4bdcde67b56359e9d885488709c18c82a,phase4b,FIGURE
v4_team_normalized/output/phase4b/figures/centered_timelines/2025_DREYER_REINBOLD_RACING_centered.png,122260,ef1fe4d8f33d3fafa55edd1be4eea24fdd59ef10333a60f4b6c0e00d67b5d763,phase4b,FIGURE
v4_team_normalized/output/phase4b/figures/centered_timelines/2025_ED_CARPENTER_RACING_centered.png,128538,970197366f068854e201cd06c4e256b8c395d71b5e595e24bf44c193af443ae2,phase4b,FIGURE
v4_team_normalized/output/phase4b/figures/centered_timelines/2025_JUNCOS_HOLLINGER_RACING_centered.png,125086,435fcc6bb84726ba5fb9b1203be176f9376e00f8f63e210e783d0ea8e5ae3b5c,phase4b,FIGURE
v4_team_normalized/output/phase4b/figures/centered_timelines/2025_PREMA_RACING_centered.png,108095,a3eb6487a33f04b7131fdc15964fcc699499c27b3183efc8576ad71ae3e51788,phase4b,FIGURE
v4_team_normalized/output/phase4b/figures/centered_timelines/2025_RAHAL_LETTERMAN_LANIGAN_centered.png,140186,4ae1ef0d68b7d01e26d08edda1a12a2bfdc91ac863682e3cbfe09c11905cc6e6,phase4b,FIGURE
v4_team_normalized/output/phase4b/figures/centered_timelines/2025_TEAM_PENSKE_centered.png,111645,7e0ec9dc350ca4a6c983ff3724af9390fa356c11575b27f942c8f858401a8617,phase4b,FIGURE
v4_team_normalized/output/phase4b/figures/priority_cases/2019_ANDRETTI_centered.png,116072,018850e72c8d601f3015d1387ac99b45c45bd16cdfdaf90de7486316002fee0a,phase4b,FIGURE
v4_team_normalized/output/phase4b/figures/priority_cases/2019_ANDRETTI_raw.png,91992,5f0191d7462fb58028c7dfa9126cac4473be9b2e11a6b84a1d195667931eacc5,phase4b,FIGURE
v4_team_normalized/output/phase4b/figures/priority_cases/2020_ANDRETTI_centered.png,132177,831a2fdb715ff67c86c8c49d923fde7f20dfb67cc5e8de592589f0395b152c3d,phase4b,FIGURE
v4_team_normalized/output/phase4b/figures/priority_cases/2020_ANDRETTI_raw.png,99306,246f9439b97d335eaeed4f9f38cd357930062b5e62af909271ea6c0cf29ef3ec,phase4b,FIGURE
v4_team_normalized/output/phase4b/figures/priority_cases/2021_ANDRETTI_centered.png,167955,9debaff26d8a2ded66ad1353314cb500dfd9dd7af2f338832d4baa397cd1ebf9,phase4b,FIGURE
v4_team_normalized/output/phase4b/figures/priority_cases/2021_ANDRETTI_raw.png,116818,93eb2d6b7865bcae755a4e1cf8762cede768b89f5b68924f7223f04eaf22d4b2,phase4b,FIGURE
v4_team_normalized/output/phase4b/figures/priority_cases/2022_ARROW_MCLAREN_SPM_centered.png,111364,d6f048b0cddb180458880db6a4b87275f5d666c6ffa3732b149165897c5765b9,phase4b,FIGURE
v4_team_normalized/output/phase4b/figures/priority_cases/2022_ARROW_MCLAREN_SPM_raw.png,96260,cf5dda6af5305289dd741eba945995b7d4c2c7626c9422445b33a9f7d0582dc2,phase4b,FIGURE
v4_team_normalized/output/phase4b/figures/priority_cases/2023_ARROW_MCLAREN_SPM_centered.png,152279,b917c0bca0cc66aa268232ccdfc60e27dcb101c687c98d6c7fe6aa3199168525,phase4b,FIGURE
v4_team_normalized/output/phase4b/figures/priority_cases/2023_ARROW_MCLAREN_SPM_raw.png,110745,f4ff3e4476fd2410224c8e5446e0655f6a54ec1278a3f4a1993721e9efab37c7,phase4b,FIGURE
v4_team_normalized/output/phase4b/figures/priority_cases/2023_CHIP_GANASSI_RACING_centered.png,167980,77ccc66d139787593a47678cd73ae146bea4a22b926f6130dffd090a7f5262ed,phase4b,FIGURE
v4_team_normalized/output/phase4b/figures/priority_cases/2023_CHIP_GANASSI_RACING_raw.png,117911,5e4a8d827624d687c83ae6c17e8eb7a7995bba3148e35734b866861a580e0dbd,phase4b,FIGURE
v4_team_normalized/output/phase4b/figures/priority_cases/2024_ARROW_MCLAREN_SPM_centered.png,147209,3292c06e4dff9de1132d8cbd226460a0678d4721177cf49c8967c90a1fd8b546,phase4b,FIGURE
v4_team_normalized/output/phase4b/figures/priority_cases/2024_ARROW_MCLAREN_SPM_raw.png,108339,24360726e6225fd836e2f0686daeb4c4d07c1a1477a380e7b36084722ae17c68,phase4b,FIGURE
v4_team_normalized/output/phase4b/figures/priority_cases/2025_ANDRETTI_centered.png,133500,206c647161c47440ff065c3082a8e3fa83afbaa8150eae7db40da2e8ef8773d1,phase4b,FIGURE
v4_team_normalized/output/phase4b/figures/priority_cases/2025_ANDRETTI_raw.png,94913,37289db2e4586a0d1ffacefe40c81c1ae44c7aadbabc0b9dedcc71082fdf055f,phase4b,FIGURE
v4_team_normalized/output/phase4b/figures/priority_cases/2025_ARROW_MCLAREN_SPM_centered.png,151472,968ec188ec3c5929ec2878cab10f6f1d2fe13554d11765a1cdc208d978b252ee,phase4b,FIGURE
v4_team_normalized/output/phase4b/figures/priority_cases/2025_ARROW_MCLAREN_SPM_raw.png,104945,c1029a93afb97ec1e2ec4e3c7a4b385cf03da98fffc3a9914d72efc5ad605921,phase4b,FIGURE
v4_team_normalized/output/phase4b/figures/raw_timelines/2018_ANDRETTI_raw.png,88606,9a403578cf908980dd219ba9e9b37c460b9aabe8c8f72b4aa4c44cfcaceab094,phase4b,FIGURE
v4_team_normalized/output/phase4b/figures/raw_timelines/2018_DALE_COYNE_RACING_raw.png,85171,acbb944437d36fadd91b3b2384c9aabf14f27acee0b0883cfb20b482467ee3c9,phase4b,FIGURE
v4_team_normalized/output/phase4b/figures/raw_timelines/2019_AJ_FOYT_raw.png,84052,402d753415a39edf4ab794cf64d009d95ffe083cff7525265bcb28ce6fb9c175,phase4b,FIGURE
v4_team_normalized/output/phase4b/figures/raw_timelines/2019_ANDRETTI_raw.png,88561,c3cd21e4abbeb6832677edff1ea36396f32701b6796f63282533603c81ba8bf1,phase4b,FIGURE
v4_team_normalized/output/phase4b/figures/raw_timelines/2019_ARROW_MCLAREN_SPM_raw.png,80852,b673c2318063cc2ea9fc85c5342ab5fff6f474bad3dfaac425c11111fbe724d2,phase4b,FIGURE
v4_team_normalized/output/phase4b/figures/raw_timelines/2019_CARLIN_raw.png,82159,7b96ba3dffb75875b8255dd497063dfe649b78b25eaeb6c4cae0f7df5d7cf953,phase4b,FIGURE
v4_team_normalized/output/phase4b/figures/raw_timelines/2019_CHIP_GANASSI_RACING_raw.png,82892,3d8b84314dd1c77ca5b71906153cfb3d1259fe9f83f37c1fc07d12b6e3282ec6,phase4b,FIGURE
v4_team_normalized/output/phase4b/figures/raw_timelines/2019_DALE_COYNE_RACING_raw.png,81622,acfc02fb80295942e30f89b6dfd9bbdf96568cc0197d35666fc2575650eaec13,phase4b,FIGURE
v4_team_normalized/output/phase4b/figures/raw_timelines/2019_DRAGONSPEED_raw.png,82952,c0df5f1576e4ec6779ca3ab8c1af4f559ad70d9fc38c47fbdf72c9b4e73babe1,phase4b,FIGURE
v4_team_normalized/output/phase4b/figures/raw_timelines/2019_DREYER_REINBOLD_RACING_raw.png,89275,a15ef71759cc14b9e85561bcd1d6e40d60546384099941327deace90fa22b1bb,phase4b,FIGURE
v4_team_normalized/output/phase4b/figures/raw_timelines/2019_ED_CARPENTER_RACING_raw.png,79498,bc5e59b83e986e22fdbdeca9fcc6b184bddd55e26e3ff031ba147c441159c015,phase4b,FIGURE
v4_team_normalized/output/phase4b/figures/raw_timelines/2019_RAHAL_LETTERMAN_LANIGAN_raw.png,85791,5cad131b43c035c67d7c2e5683bf9ebb49826f42f7f22927d9e8048ce972a3f1,phase4b,FIGURE
v4_team_normalized/output/phase4b/figures/raw_timelines/2019_TEAM_PENSKE_raw.png,88513,f6ae67da7a525037ba24be2c6ebcd447720a39f25e0e8091adb8ef27dbea41e5,phase4b,FIGURE
v4_team_normalized/output/phase4b/figures/raw_timelines/2020_AJ_FOYT_raw.png,81924,c3c8d871b56fb9bd3dc3b47518e5ceed0e2e0010c6c0ee6e69e751c3b2f3518d,phase4b,FIGURE
v4_team_normalized/output/phase4b/figures/raw_timelines/2020_ANDRETTI_raw.png,93824,29a64f64be0d241f1fb5c26279b0beee6fcdf83210c8738bbc917387176103df,phase4b,FIGURE
v4_team_normalized/output/phase4b/figures/raw_timelines/2020_ARROW_MCLAREN_SPM_raw.png,94350,27e1886a03b337f8ad9c51ecac8ba2c7c07cc6ca7063a06b6867301059bfe401,phase4b,FIGURE
v4_team_normalized/output/phase4b/figures/raw_timelines/2020_CARLIN_raw.png,89513,6d88f48c8f2a34731f4058fdc0ddda6633b5efdbbf487fb01c0078dc772def49,phase4b,FIGURE
v4_team_normalized/output/phase4b/figures/raw_timelines/2020_CHIP_GANASSI_RACING_raw.png,101342,9d2c5f0e41447040b054908c54836d95b48555a90d093e9d6f295708b15bbfa5,phase4b,FIGURE
v4_team_normalized/output/phase4b/figures/raw_timelines/2020_DALE_COYNE_RACING_raw.png,81340,6dc323d5bab34acac209ac6c5d60c282d93064204495a565b06ee2d1fb752abc,phase4b,FIGURE
v4_team_normalized/output/phase4b/figures/raw_timelines/2020_DRAGONSPEED_raw.png,88702,3f1864e7139d194687533c59218fbfea9a9e31c0b886dbba13f84786bbc9bdab,phase4b,FIGURE
v4_team_normalized/output/phase4b/figures/raw_timelines/2020_DREYER_REINBOLD_RACING_raw.png,79225,489f93268fd275c6300f46ea6f6a839789a3d53cfae37f09dc9edbe2f7539a8a,phase4b,FIGURE
v4_team_normalized/output/phase4b/figures/raw_timelines/2020_ED_CARPENTER_RACING_raw.png,98884,edcc3de87c03a5c721ad31133d704ae1b84aa6e95b6d2742d65db7c978bca4dd,phase4b,FIGURE
v4_team_normalized/output/phase4b/figures/raw_timelines/2020_MEYER_SHANK_RACING_raw.png,91804,8f321b81461045d7e40ccbb860d5ee028c52dcad15a88a981ecf95df97ffb4be,phase4b,FIGURE
v4_team_normalized/output/phase4b/figures/raw_timelines/2020_RAHAL_LETTERMAN_LANIGAN_raw.png,86327,87a1224ddb869182130039bafdf6c014a7f4039e0ebcdfdc6966069b543aa1d9,phase4b,FIGURE
v4_team_normalized/output/phase4b/figures/raw_timelines/2020_TEAM_PENSKE_raw.png,90040,5ed732db6515fc619c15f9cfb67296d2c851277df23cca3323a105b5ea2c9082,phase4b,FIGURE
v4_team_normalized/output/phase4b/figures/raw_timelines/2021_AJ_FOYT_raw.png,92575,371ca9cc65e554b740a6f888ce63421da8f2060c16acb9998fe85580535f9745,phase4b,FIGURE
v4_team_normalized/output/phase4b/figures/raw_timelines/2021_ANDRETTI_raw.png,111306,34ea8e33444cd653aa65b9bf2c872d61207b985b66fbcc8fac19dfeb8ab1ed5b,phase4b,FIGURE
v4_team_normalized/output/phase4b/figures/raw_timelines/2021_ARROW_MCLAREN_SPM_raw.png,102758,2e8830325766ddfbec6a1ec8bb370fc23eb4a0b8a92fe183d4f9245370ec6054,phase4b,FIGURE
v4_team_normalized/output/phase4b/figures/raw_timelines/2021_CHIP_GANASSI_RACING_raw.png,76549,46d497767938ee578cff87d8944f9c55755e2afb7a2641fe0b9901e7a3bdd874,phase4b,FIGURE
v4_team_normalized/output/phase4b/figures/raw_timelines/2021_DALE_COYNE_RACING_raw.png,85455,17187dd1a3d88e5b32ea9d8727ccc13c15da6a2d997be70b8ef1416352c0cc31,phase4b,FIGURE
v4_team_normalized/output/phase4b/figures/raw_timelines/2021_ED_CARPENTER_RACING_raw.png,96105,bb2cf1aac491b69eb69e28ac56a4ca015ceedf1be98b32a3a29409becfc2d6e7,phase4b,FIGURE
v4_team_normalized/output/phase4b/figures/raw_timelines/2021_MEYER_SHANK_RACING_raw.png,80941,35e5c4d67c2f0e1a53b17acdefc74b78be81885a64be4c81ecd598e85ed8595d,phase4b,FIGURE
v4_team_normalized/output/phase4b/figures/raw_timelines/2021_RAHAL_LETTERMAN_LANIGAN_raw.png,78311,c0a3ce8cf90e4ef8a98306bbb0b58ea8473f5fb8f3e39d7cd0c668e9361db8dd,phase4b,FIGURE
v4_team_normalized/output/phase4b/figures/raw_timelines/2021_TEAM_PENSKE_raw.png,95461,12add6e125dfba7fe2004dd298727f2e49a277a455eb995bdb2efcb47ee7c4a9,phase4b,FIGURE
v4_team_normalized/output/phase4b/figures/raw_timelines/2022_ARROW_MCLAREN_SPM_raw.png,90368,8140fe38c1a1040e70756331704781019a776b01f8943e12364b0b4edd8e8b26,phase4b,FIGURE
v4_team_normalized/output/phase4b/figures/raw_timelines/2023_AJ_FOYT_raw.png,76074,e0cd1a492e5be5a3b1b82031cce686556cfdad2fcbde9d0003cccbb26e0a6c17,phase4b,FIGURE
v4_team_normalized/output/phase4b/figures/raw_timelines/2023_ANDRETTI_raw.png,96833,49ae63bf3a824d9f7273e6ad10288b7f3739ddfb84326f17670982b6c73c4a88,phase4b,FIGURE
v4_team_normalized/output/phase4b/figures/raw_timelines/2023_ARROW_MCLAREN_SPM_raw.png,109700,bdccc51235d50bd07f225cef27b40a360d5b62a37e0d72e1d15931687abd34af,phase4b,FIGURE
v4_team_normalized/output/phase4b/figures/raw_timelines/2023_CHIP_GANASSI_RACING_raw.png,113240,fd92aff19ef3715ee11e97905a8ff2fbe544d4482490f6161e7d737895b2dc66,phase4b,FIGURE
v4_team_normalized/output/phase4b/figures/raw_timelines/2023_ED_CARPENTER_RACING_raw.png,89470,71335a87b3cb626f5c9d623aa1a0207a0b9e60907cb5ff186134b84d599ec958,phase4b,FIGURE
v4_team_normalized/output/phase4b/figures/raw_timelines/2023_JUNCOS_HOLLINGER_RACING_raw.png,85963,4ca1cb15dc633750571db4227d3faee574fc71ec146d3db76c8ab4414bc5206a,phase4b,FIGURE
v4_team_normalized/output/phase4b/figures/raw_timelines/2024_ARROW_MCLAREN_SPM_raw.png,101998,e75acb7ed25ad71a5807ac043df51e91538c6bebd0283efe694957ad0e59e9bb,phase4b,FIGURE
v4_team_normalized/output/phase4b/figures/raw_timelines/2024_CHIP_GANASSI_RACING_raw.png,81088,a5ff99e2c00b2f8d9a664f8ef86b001dd0c28c94579d20a9b7f03b5a766e2238,phase4b,FIGURE
v4_team_normalized/output/phase4b/figures/raw_timelines/2024_ED_CARPENTER_RACING_raw.png,86774,00904fa05ccceaafc143f57db7efe4263874b059562eda17ccffd3b7c1c64f5c,phase4b,FIGURE
v4_team_normalized/output/phase4b/figures/raw_timelines/2024_TEAM_PENSKE_raw.png,73371,f9fc176e30d310fae48428a84638e04b0cc04763dd8a7466041bbee10d260e34,phase4b,FIGURE
v4_team_normalized/output/phase4b/figures/raw_timelines/2025_AJ_FOYT_raw.png,86839,6f451da3fdd126251fc1df447492d98caca6e3cc8d156c1db70577a0e79e7a15,phase4b,FIGURE
v4_team_normalized/output/phase4b/figures/raw_timelines/2025_ANDRETTI_raw.png,92596,f3764cd55ca8908c3d3a522bb8f1ffb3d34a65c434637442500defd2f2a5f2f9,phase4b,FIGURE
v4_team_normalized/output/phase4b/figures/raw_timelines/2025_ARROW_MCLAREN_SPM_raw.png,102588,760e7cd990adf499b85b80f24ea1a2f3dc65319d17a4f0c73f0a70800f9ec92f,phase4b,FIGURE
v4_team_normalized/output/phase4b/figures/raw_timelines/2025_CHIP_GANASSI_RACING_raw.png,81157,eb5116e20c87500ea4c5f1d7d89d6a70b4f896e056b83d2f322afcec4cb7150c,phase4b,FIGURE
v4_team_normalized/output/phase4b/figures/raw_timelines/2025_DALE_COYNE_RACING_raw.png,86733,074a3d3d6ead9578c79082c007195b921b02f057bbc8247d4d0270ee49815794,phase4b,FIGURE
v4_team_normalized/output/phase4b/figures/raw_timelines/2025_DREYER_REINBOLD_RACING_raw.png,93675,a55d483f329686a784029e3198a44d6719a6bef1c4d13653ca352c229faba234,phase4b,FIGURE
v4_team_normalized/output/phase4b/figures/raw_timelines/2025_ED_CARPENTER_RACING_raw.png,98634,d69e11e0003ef1c519101f12cdb9be79988c5a16ae1bc2311f2631c790b2258a,phase4b,FIGURE
v4_team_normalized/output/phase4b/figures/raw_timelines/2025_JUNCOS_HOLLINGER_RACING_raw.png,93529,9c41e91d49f069606aa3ad7013aa02216cb9fda09690d95f1eea7df768e367c3,phase4b,FIGURE
v4_team_normalized/output/phase4b/figures/raw_timelines/2025_PREMA_RACING_raw.png,79305,ae94decf7abfd2993f21911931199cda427b8c8cd089f9b80fc28626b40634b6,phase4b,FIGURE
v4_team_normalized/output/phase4b/figures/raw_timelines/2025_RAHAL_LETTERMAN_LANIGAN_raw.png,96219,ca2aefa4fe9081dd5a4103f922d01c7b26933f63f68b931241ae312fc506e468,phase4b,FIGURE
v4_team_normalized/output/phase4b/figures/raw_timelines/2025_TEAM_PENSKE_raw.png,87307,221a68eef54405ef249a5424da6f047a2c8a832090e3558d252005271013dc67,phase4b,FIGURE
v4_team_normalized/output/phase4b/figures/summary1_attempts_per_team_year.png,105018,065b8c7ee09e1edf7666d857398e7d9ee66b1979300be2e54f7b6817cd3851dc,phase4b,FIGURE
v4_team_normalized/output/phase4b/figures/summary2_cars_per_team_year.png,104102,9ad31b952a9d714a90111002adce04fd818ea09ee70683f3da55b2ee48975494,phase4b,FIGURE
v4_team_normalized/output/phase4b/figures/summary3_median_gap_per_team_year.png,113492,6f2f98878c585e39bfa405066a0a0df8a8f5cb50a72cf18d034d395e11ee63bb,phase4b,FIGURE
v4_team_normalized/output/phase4b/figures/summary4_span_per_team_year.png,124913,2b8a1fd7aca04192588670eabc0225d65848d2a5bdf4523931970e82cfb67e03,phase4b,FIGURE
v4_team_normalized/output/phase4b/figures/summary5_weather_range_per_team_year.png,65558,e994355ab6185445bbb8c75e6ee70b3e5405599b89884b922f011a2c7d75a69d,phase4b,FIGURE
v4_team_normalized/output/phase4b/figures/summary6_car_time_confounding.png,277466,b2a395ad1b1672ebdc4d35268127740e3789039cb3122f5eec1d97c4a6263981,phase4b,FIGURE
v4_team_normalized/output/phase4b/figures/summary7_frozen_core_context.png,46122,0de5adae892c0f1a639b696e84472af7670aee652672df286eff0f3de4409aa6,phase4b,FIGURE
v4_team_normalized/output/phase4b/frozen_core_timeline_context.csv,11699,eee70b8db7a27e212a98f738edc45054b5620f54554be38267b0b2fe76b31858,phase4b,RESULT_TABLE
v4_team_normalized/output/phase4b/phase4b_checks_log.txt,1231,05bfc14b4013ca922086147dfb367c9530b85fc393ca5892e4b7a4adfc4151e4,phase4b,CHECK_LOG
v4_team_normalized/output/phase4b/phase4b_sampling_bias_report.md,16216,59f47ce4bf8796c1fe761992cb4b483ce9483e01ca7c130b2d64a44b977337dc,phase4b,REPORT
v4_team_normalized/output/phase4b/phase4b_team_timeline_report.md,17309,6412505c27b3634217ec15ec9987910b91ff49b359261898785e9f06a4c9e202,phase4b,REPORT
v4_team_normalized/output/phase4b/phase4b_weather_identifiability_report.md,15448,007de0b5cb0969d2c0a5c3bca867e4041f128a83470ebd55bd50c9143da24e12,phase4b,REPORT
v4_team_normalized/output/phase4b/priority_case_selection.csv,947,6549b842c363bb9b8a9d33014acf30a16e4f085743cef39008a8dca70a90d791,phase4b,RESULT_TABLE
v4_team_normalized/output/phase4b/team_timeline_long.csv,501297,6fed3e3315d022e39531b205fc6c64875c873ff969b8ceb5e70d115f1fc54702,phase4b,RESULT_TABLE
v4_team_normalized/output/phase4b/team_timeline_sampling_summary.csv,14971,04ad7e00c1823213a654c9d1f3a22ebf9e288f1f6b1bdfe6c89dcd3ef087cc81,phase4b,RESULT_TABLE
v4_team_normalized/output/phase4b/weather_identifiability_audit.csv,27148,52468b3c08b4e9797a46f3d269ace45dbe8a990819bce10d2345992f0550d3d4,phase4b,RESULT_TABLE
v4_team_normalized/output/phase4c/analysis_population.csv,2743,0116b061c89ae36310d88c254d784a33682fde857e0c918e6a72b4ef25c414b0,phase4c,RESULT_TABLE
v4_team_normalized/output/phase4c/case_evaluation.csv,280,7dbf9df8039670943cb874d987dfc71c7bf7a3aa85f419eba7b4f54c29e6355b,phase4c,RESULT_TABLE
v4_team_normalized/output/phase4c/figures/fig01_02_state_vs_time_and_track_vs_ambient.png,102522,2dd9a501a7549425ec3bf44b5fc12100e22288b29150f427c599264ccb377102,phase4c,FIGURE
v4_team_normalized/output/phase4c/figures/fig03_raw_speed_vs_time_by_team.png,222122,7d8e8569426beb4b11bc257950fe384a77703d6f5aca47072f45d73550e06293,phase4c,FIGURE
v4_team_normalized/output/phase4c/figures/fig04_centered_speed_vs_time_by_team.png,192952,c5702f5681101dcd9352bb1d2e0bfbd74cdf9ca062912fd85fb2b8a146fffe0f,phase4c,FIGURE
v4_team_normalized/output/phase4c/figures/fig05_centered_speed_vs_centered_track.png,80644,39b2558c4315cec3d70be0631c390df1c8387263288ad67e72afca6addbc7aa3,phase4c,FIGURE
v4_team_normalized/output/phase4c/figures/fig06_centered_speed_vs_centered_ambient.png,81332,976d05ad5aaec410d9708d3e62af73a38e5bba031cf763e3ef9122df2bf7f7b1,phase4c,FIGURE
v4_team_normalized/output/phase4c/figures/fig07_coefficients_M1_M2_M3.png,75579,2ad451ed4457fd8ff48ef06e536a85f19f76870fc39c4e5c958cbedd30cb653f,phase4c,FIGURE
v4_team_normalized/output/phase4c/figures/fig08_leave_one_team_out.png,73392,1bf571613d0c749f98b3802f997849e61290b30299b8409e46cbf1519e16ce8a,phase4c,FIGURE
v4_team_normalized/output/phase4c/figures/fig09_leave_one_car_out.png,75838,4d0db7ff821eb86d69f19099d3393758ffe15f4bbd811ea42f9516a9a0745e6d,phase4c,FIGURE
v4_team_normalized/output/phase4c/figures/fig10_observed_vs_fitted_M2_M3.png,95384,9d2bb4bcc2c01ae3a5ed5335e72e4fe74d2f43a5e1cd3baf20ecb1c9cd7f8aea,phase4c,FIGURE
v4_team_normalized/output/phase4c/fixed_effects_results.csv,3519,8cfaf80b8c5541b36315c79ae42e43eefd5b0ef5dfd117b655620a484890a617,phase4c,RESULT_TABLE
v4_team_normalized/output/phase4c/identifiability_diagnostics.csv,3468,4f5b36a9489bff875083615f9dd62613f1cc64c61158682d765fe75bd8a186ed,phase4c,RESULT_TABLE
v4_team_normalized/output/phase4c/leave_one_car_out.csv,4849,4562ff3d9a421ae7852eab933178cab5e9ff1dc9c32e442fb0c6fc51befd24a0,phase4c,RESULT_TABLE
v4_team_normalized/output/phase4c/leave_one_team_out.csv,2124,63ef500e4a46d39a526ddf07f68fcdfb3b1c41dce654cf275873dbc659827e91,phase4c,RESULT_TABLE
v4_team_normalized/output/phase4c/mixed_effects_results.csv,1534,d49be801398a1f6797bc51ff50b7ea2b2dba72e9a44effec14ad9853ccad302c,phase4c,RESULT_TABLE
v4_team_normalized/output/phase4c/model_comparison.csv,2537,fcbbd7daba4f61a336b37eb38167e7de16733af51c12f771ea8b4a7432a66c79,phase4c,RESULT_TABLE
v4_team_normalized/output/phase4c/phase4c_checks_log.txt,1917,efc84f19d45ca45edddf800dc10bcf5444fcc8d220af4debad03e8f9f4be8d59,phase4c,CHECK_LOG
v4_team_normalized/output/phase4c/phase4c_exploratory_panel_report.md,14631,3866f9bb20dfca127aeb6a257d3c94b7fae24fa0f8076b52a3bd413671890405,phase4c,REPORT
v4_team_normalized/output/phase4c/phase4c_identifiability_report.md,3893,1e480549b0d1891423fd8c3a0c1b8f419d51111433299e5928d1215985a17554,phase4c,REPORT
v4_team_normalized/output/phase4c/phase4c_prespecified_analysis.md,11648,7f72f78b6a34df7b4eb905939198e39cdb822bc01793ff0d40c5ec367a560feb,phase4c,PRE_REGISTRATION
v4_team_normalized/output/phase4c/phase4c_stability_report.md,7605,b824fcb922626b5d2354988ac991cacf2b5ff525a1113a8f9487cabf3c20eec6,phase4c,REPORT
v4_team_normalized/output/phase4c/strategy_sensitivity_results.csv,1272,748b17db18841dba5088c6b1f941ff425d09d088062968a362953bea804a0d6f,phase4c,RESULT_TABLE
v4_team_normalized/output/phase4c/within_transformation_results.csv,657,e5cd63194a2608ec6aca1deba22553fb1684fbc21579f6abc79c3651fdeb70bf,phase4c,RESULT_TABLE
v4_team_normalized/output/phase4d/evidence_independence_audit.csv,69590,85a506a083428a6ee1232f63482342ba0b27f0f824e72a082e19de241378a829,phase4d,RESULT_TABLE
v4_team_normalized/output/phase4d/extension_2025_alignment.csv,67757,46c9ed89cf81c5228de3f41867d7aa63ac7cc4ff7c00b7d0cb9b0a58728ca55e,phase4d,RESULT_TABLE
v4_team_normalized/output/phase4d/extension_2025_identifiability.csv,28484,4c3ff5d260ff7cca2493ce0fea0495dff11a8efe3dad823ea7b863490798f5b9,phase4d,RESULT_TABLE
v4_team_normalized/output/phase4d/feasibility_case_evaluation.csv,290,2d7076aacd73a6ba60ac88f906b1aa8c7e6aa22e45b60ffbe1fe652be29b4ca5,phase4d,RESULT_TABLE
v4_team_normalized/output/phase4d/figures/2021_andretti/andretti_2021_25_09935cc4.png,131877,ca55e8995bbb04eead05d90784d67751f5edab494a6252d4a4062b016d7d21c3,phase4d,FIGURE
v4_team_normalized/output/phase4d/figures/2021_andretti/andretti_2021_25_8c31470a.png,131513,7892a9cda8d54505c9bfb395071e7f8737009724ea5bf4f3954eddd6b8390ab4,phase4d,FIGURE
v4_team_normalized/output/phase4d/figures/2021_andretti/andretti_2021_26_e9da8645.png,132376,10461f35ca8a75602264e93be50e0246ca35d68f49bee38e3f9666dd912d90ed,phase4d,FIGURE
v4_team_normalized/output/phase4d/figures/2021_andretti/andretti_2021_98_b671a083.png,129407,385c85a570a7dd704b7da8058a7aab1060f78dbde230ad7046e12d47f01035d2,phase4d,FIGURE
v4_team_normalized/output/phase4d/figures/2021_andretti/andretti_2021_98_c2deab22.png,132935,b83ed0cca70ac7fde4cb690db38a9abc5c64ac32bb73cf61d0feab3670ed8e45,phase4d,FIGURE
v4_team_normalized/output/phase4d/figures/2021_andretti/andretti_2021_team_overview.png,111958,a5e0c8346c62619ef40c694325c266b37e57b306b7cdbab3c3087cea38575794,phase4d,FIGURE
v4_team_normalized/output/phase4d/figures/context_timelines/2020_ANDRETTI_88_9ed5a76f.png,115959,5d36e3e817025e2267aba8fc53472f880f8a8e9ab6818be328681d75bcc80733,phase4d,FIGURE
v4_team_normalized/output/phase4d/figures/context_timelines/2020_ARROW_MCLAREN_SPM_5_194c9baa.png,113337,aeaed71b82405cc9c48763c05822fc5c586f02735981f548d7c9cdb697a4c782,phase4d,FIGURE
v4_team_normalized/output/phase4d/figures/context_timelines/2020_CHIP_GANASSI_RACING_8_518373d9.png,124121,bd66179df8e21361471b9fab51229325afaff18ef634ce43b8bad0397a44b99e,phase4d,FIGURE
v4_team_normalized/output/phase4d/figures/context_timelines/2020_CHIP_GANASSI_RACING_9_25f997a4.png,117196,122fd31a74c8999838db4e7244577d1ce58502fa7bacc5d7e817c0e7eb287756,phase4d,FIGURE
v4_team_normalized/output/phase4d/figures/context_timelines/2020_CHIP_GANASSI_RACING_9_33a57398.png,116584,cc1432c8fae84452780e9fb02f3bc7f809957ef9b04290a02e311430755917c0,phase4d,FIGURE
v4_team_normalized/output/phase4d/figures/context_timelines/2020_ED_CARPENTER_RACING_20_9a2e168d.png,118403,c2a9167b2b5516ba85c00deed49aa158fce3649ed0ce0307785a9e4295d7598f,phase4d,FIGURE
v4_team_normalized/output/phase4d/figures/context_timelines/2020_ED_CARPENTER_RACING_47_a7f0ef57.png,116810,572a0874f2f301aae2b5d41908a26236478b7c7d5cdf7d2a4b706b7ac73217e0,phase4d,FIGURE
v4_team_normalized/output/phase4d/figures/context_timelines/2020_TEAM_PENSKE_3_f2f5d37e.png,110949,f89c4a95dec6b88882480cc09dcc75f85029b8b82c4669aa5aa8753f3f1931cf,phase4d,FIGURE
v4_team_normalized/output/phase4d/figures/context_timelines/2021_AJ_FOYT_4_099ab32a.png,113696,f9ddb566567c4a544b55253f09264598df7f16fa59d00b64b5faee4ec54a0523,phase4d,FIGURE
v4_team_normalized/output/phase4d/figures/context_timelines/2021_ANDRETTI_25_09935cc4.png,129294,e079b1867cdf649e555781d891b011f379c32ae7fde2aec1b2540cc23869e157,phase4d,FIGURE
v4_team_normalized/output/phase4d/figures/context_timelines/2021_ANDRETTI_25_8c31470a.png,128950,5184104438dde0d59e7a871d7e0810ab59c1241821222a38d475e66573d617fd,phase4d,FIGURE
v4_team_normalized/output/phase4d/figures/context_timelines/2021_ANDRETTI_26_e9da8645.png,129986,b5c564b6ec591001fd9317fb2f3692c1c2b5189a19f173e09eb537b19e4eafa6,phase4d,FIGURE
v4_team_normalized/output/phase4d/figures/context_timelines/2021_ANDRETTI_98_b671a083.png,126837,d9c8234088059034d530cc8dd217ec48284cd3acf07ad15b274a284d7c7b766b,phase4d,FIGURE
v4_team_normalized/output/phase4d/figures/context_timelines/2021_ANDRETTI_98_c2deab22.png,130403,fbeafaeb255272ed00f2ff200e997448c8c2470c61542956aad70b466d64e81b,phase4d,FIGURE
v4_team_normalized/output/phase4d/figures/context_timelines/2021_ARROW_MCLAREN_SPM_7_4bfd7a23.png,119051,59c68429177956dc9546b027f14b0ad1c28d4d30663a5003e00ff6d5cbfce040,phase4d,FIGURE
v4_team_normalized/output/phase4d/figures/context_timelines/2021_ARROW_MCLAREN_SPM_86_11bd473d.png,118178,48c3bd21e07996101506e9c786c3ab9288f6fd1e8acb3ac60862e8ef0bb80689,phase4d,FIGURE
v4_team_normalized/output/phase4d/figures/context_timelines/2021_DALE_COYNE_RACING_18_4e9e7c88.png,106187,75c683f8999be927a8ee34a9fcc28e98ae21006e1ab3002aa183668f0019b588,phase4d,FIGURE
v4_team_normalized/output/phase4d/figures/context_timelines/2021_ED_CARPENTER_RACING_21_407a503c.png,117304,d9927f332fdf34d96a985b49e5aaa236062461aa4f082e2df918feb4a219aa1d,phase4d,FIGURE
v4_team_normalized/output/phase4d/figures/context_timelines/2021_ED_CARPENTER_RACING_47_11be8bd4.png,113750,cc41ac529d06e4f1511972d397d713c02f3086f2b3d0df2620064105dc8ade2b,phase4d,FIGURE
v4_team_normalized/output/phase4d/figures/context_timelines/2021_TEAM_PENSKE_12_6992580a.png,118622,a9a6ddf590b389734edd458b571ff6f995e633caffc03693476c766371a0f8f6,phase4d,FIGURE
v4_team_normalized/output/phase4d/figures/context_timelines/2021_TEAM_PENSKE_2_c4c9ba22.png,116301,efcbd02c0f18bc2a821c96cae766746f079f345f89dc0eb1cce9abede684861c,phase4d,FIGURE
v4_team_normalized/output/phase4d/figures/context_timelines/2023_ANDRETTI_27_dda33fdd.png,111819,200be58a8556abe8adcd06c29f0f210ad17eb0cf60158b1cd81d9a7a27180e09,phase4d,FIGURE
v4_team_normalized/output/phase4d/figures/context_timelines/2023_ANDRETTI_27_f9f206a7.png,107648,8d7461ec8bb55c08c8ced2195077815da67e55897f31bf528dae1d77ae287bcc,phase4d,FIGURE
v4_team_normalized/output/phase4d/figures/context_timelines/2023_ANDRETTI_29_f10d3a91.png,111838,ad08e0a0443f854ab3e964d1a26ed1661310ae74db7c1a1bde7ea7f88b988fff,phase4d,FIGURE
v4_team_normalized/output/phase4d/figures/context_timelines/2023_ARROW_MCLAREN_SPM_66_09f4cf1e.png,116628,c6ef2190ffff292ba7ff8d8617a84dda6bd76e25fbda5a82ab5672c25fe3081a,phase4d,FIGURE
v4_team_normalized/output/phase4d/figures/context_timelines/2023_ARROW_MCLAREN_SPM_66_fdb7fb74.png,119778,e181a4762ac4bea701c6d551c8c5768b9ced284c097021d13c9a895dc0faf54f,phase4d,FIGURE
v4_team_normalized/output/phase4d/figures/context_timelines/2023_ARROW_MCLAREN_SPM_6_9c85ad9a.png,124012,82846f8872d57e0e9841f8d7232c9979e6aac91d4e76fcc57ff180d5d573a5a9,phase4d,FIGURE
v4_team_normalized/output/phase4d/figures/context_timelines/2023_CHIP_GANASSI_RACING_11_55b6b39a.png,132451,1a09d371296819f4b8b9c61c51c1ae3e30b5d0ff3991015da470f555a1850a49,phase4d,FIGURE
v4_team_normalized/output/phase4d/figures/context_timelines/2023_CHIP_GANASSI_RACING_8_67f2af5c.png,127696,e2dda390999e1ca369e1953c85ca638c08c72d22bdbb934c1ce1b1a050379658,phase4d,FIGURE
v4_team_normalized/output/phase4d/figures/context_timelines/2023_CHIP_GANASSI_RACING_8_fce06089.png,126573,aa8216deb614f0283448bfa8466bd07e77f99418ac15917f83f1c4435bd93438,phase4d,FIGURE
v4_team_normalized/output/phase4d/figures/context_timelines/2023_CHIP_GANASSI_RACING_9_ad6c40ac.png,133391,74e41863fb7d20bb08be60706577bc91157e70dc2e5b79af0db2f48485494a67,phase4d,FIGURE
v4_team_normalized/output/phase4d/figures/context_timelines/2023_ED_CARPENTER_RACING_33_04dd64f3.png,109323,301f94cf1a2f46cab6fe7728a46fe24177adf9f4853d819526bec1ee11048d2d,phase4d,FIGURE
v4_team_normalized/output/phase4d/figures/context_timelines/2024_ARROW_MCLAREN_SPM_5_2c6a50e6.png,119963,e47df9459510ff71d60b1127b680ab836c42890370b24502ef03e840fedb87a7,phase4d,FIGURE
v4_team_normalized/output/phase4d/figures/large_residual_cases/rank01_2021_60.png,107184,b7f2888c6cda4160cd240b962febff5b6178e761fbcdcbcd80ed329f30aca2e8,phase4d,FIGURE
v4_team_normalized/output/phase4d/figures/large_residual_cases/rank02_2023_77.png,105190,ed5f8bc31590364f981b9710307f77dfa3a0b126017463767d111dde4a2d0773,phase4d,FIGURE
v4_team_normalized/output/phase4d/figures/large_residual_cases/rank03_2020_81.png,110747,7c234e708e8a086063f2bbb283f2f09cb5701a3664d16b64e3062d8f7610b7db,phase4d,FIGURE
v4_team_normalized/output/phase4d/figures/large_residual_cases/rank04_2020_59.png,108781,22cf235e5679a92a44a9f8e4d94b36cd868af726573234fdf77abc16ae7a4931,phase4d,FIGURE
v4_team_normalized/output/phase4d/figures/large_residual_cases/rank05_2021_26.png,135611,de0e8323f2ffe135ed2afa36d3d4bd78d8f0ea13b49cb4225bf1dd9d6b878fad,phase4d,FIGURE
v4_team_normalized/output/phase4d/figures/large_residual_cases/rank06_2024_21.png,104599,26d4a9642cbc59f44704bdc549c865acda22814a40e9f2a5c2d464b527aab084,phase4d,FIGURE
v4_team_normalized/output/phase4d/figures/large_residual_cases/rank07_2021_4.png,116872,bbc4cc90f8ec15ca04b6846733a99f497bc7e9912067f9e49e949a7a1d02a78f,phase4d,FIGURE
v4_team_normalized/output/phase4d/figures/large_residual_cases/rank08_2023_66.png,122707,1f539f6f41cfd3c9876cbc5625bf618ac217a07d2fef7efd1ef156917d7fa2cd,phase4d,FIGURE
v4_team_normalized/output/phase4d/figures/placebo/fig4_same_team_vs_shuffled_permutation.png,64268,fbca9c30338727752a44deacd91cadc43cdf3269e27ef12306ad0a4f0e799922,phase4d,FIGURE
v4_team_normalized/output/phase4d/figures/summary/fig1_evidence_attrition.png,55837,58f912653eae0f03347dc17cda48fee2d7c841858ddd77947aa9cd12a0569009,phase4d,FIGURE
v4_team_normalized/output/phase4d/figures/summary/fig2_independent_evidence_per_transition.png,153013,b92ecea8412a0912144dabd936c5f9a2aa23b708de6c51a76d7a6ea15148aba4,phase4d,FIGURE
v4_team_normalized/output/phase4d/figures/summary/fig3_residual_vs_team_context.png,97917,5b543c1b679681fe4ee7f4856a50cff0cd7a09a2e5161bb25db04386a45956e2,phase4d,FIGURE
v4_team_normalized/output/phase4d/figures/summary/fig5_identifiability_categories.png,56371,d38b20af4773a5f73d4903e6bc931181517aecfe979a1f5a768dfec420d0930d,phase4d,FIGURE
v4_team_normalized/output/phase4d/identifiability_by_transition.csv,52107,89ca893a8c55c1a9367cd69540473cb5a3a1cd5b7571847c098c4fae5958e604,phase4d,RESULT_TABLE
v4_team_normalized/output/phase4d/large_residual_case_summary.csv,7157,9a35ee7cabd194dc834e91589324886fb764882e68dfa928e864e0ee72e48349,phase4d,RESULT_TABLE
v4_team_normalized/output/phase4d/permutation_diagnostic.csv,608,75a592387263a381049daf04f8e444af087676ae8725e782da24b40efee0804b,phase4d,RESULT_TABLE
v4_team_normalized/output/phase4d/permutation_draws.csv,68769,865cd8a6d89e45cbe2aed6beb59798a36eebd67a6d4c07dde6b6071d10683f69,phase4d,RESULT_TABLE
v4_team_normalized/output/phase4d/phase4d_checks_log.txt,2014,c2704993b06eba46a18d68a0b35b42f22892f5cf8ed74f8acc1fac88d7e36f64,phase4d,CHECK_LOG
v4_team_normalized/output/phase4d/phase4d_feasibility_report.md,15664,64cfd0f11461aa6ae361ea1fd3ace220c5ec0a7228005e370420f57ecf5c3fa3,phase4d,REPORT
v4_team_normalized/output/phase4d/phase4d_identifiability_spec.md,13084,2b34eabda958588f38345cc8a2cb7020b4e7338e40da3e550f2dfe064d5dc065,phase4d,PRE_REGISTRATION
v4_team_normalized/output/phase4d/phase4d_independence_report.md,1629,abc387dbb86ad11fd7091ba7e47e0f120de8a3e8da24a786b16d873e241f63bf,phase4d,REPORT
v4_team_normalized/output/phase4d/phase4d_placebo_report.md,2064,f1a99b9d5aabfc0b1dca780e624fee96a08367fc1c7d8a9196b29ed4690d629f,phase4d,REPORT
v4_team_normalized/output/phase4d/residual_context_alignment.csv,112465,4a7216de522a242aafede0ab2e0385575701e394d224c74570d5ba842535dfdb,phase4d,RESULT_TABLE
v4_team_normalized/output/phase4d/team_context_observations.csv,116310,6c3c3b5f9eb4c305a87ddbb6f252015e02da1e3f3bac144f6ddddeba0335382c,phase4d,RESULT_TABLE
v4_team_normalized/output/phase4d/team_context_summary.csv,43378,b9f3519508b8971b8f0986bb494cdb65754368d03b318cbadb48cc368ce50692,phase4d,RESULT_TABLE
v4_team_normalized/output/phase4d/transition_team_context.csv,32845,f17bad7f3b6b97ac9f8015deff53469131b98e966476261719527547dbfc0970,phase4d,RESULT_TABLE
v4_team_normalized/output/phase4d/unrelated_team_placebo.csv,218,e97f3c476543663b89bcdc800525ba70ac7d38f3f715a8320cc492543e194aa5,phase4d,RESULT_TABLE
v4_team_normalized/output/phase4e/cross_session_identity.csv,39265,41ae6ca389d2158099b2230c678fe57ce07f24b6e24fb559084210a054060eb2,phase4e,RESULT_TABLE
v4_team_normalized/output/phase4e/cross_year_team_coverage.csv,3383,c1b07e5db3af041f42f709bcf091cf1226dc34d4e0855ea6f805c0f5568817a0,phase4e,RESULT_TABLE
v4_team_normalized/output/phase4e/different_team_opportunities.csv,12920,c17c601d7eea0a0243703b50c9309cc9446b0d6720b99a89555031178e980580,phase4e,RESULT_TABLE
v4_team_normalized/output/phase4e/evidence_hierarchy_feasibility.csv,11982,cae27e197e964199e1891722094e6b080b1251acf296af187e1cf660eb1e8ab0,phase4e,RESULT_TABLE
v4_team_normalized/output/phase4e/figures/fig01_availability_tier_heatmap.png,88638,0fedd48b1d8d28de6619c1effaa375261b3391b3dad66eaac364304a8e262bca,phase4e,FIGURE
v4_team_normalized/output/phase4e/figures/fig02_same_team_opportunities_by_session_type.png,119189,49b2729206fdc746bdc95ed48c5540c09c392c5e1d6f175185c7e7a08d16ed31,phase4e,FIGURE
v4_team_normalized/output/phase4e/figures/fig03_samecar_sameteam_diffteam_counts.png,95549,5b0b84ca62e4892b106fb090a31978a264a45fae761277b7e54020d6bd1a5ffc,phase4e,FIGURE
v4_team_normalized/output/phase4e/figures/fig04_teammate_gap_by_session_type.png,91046,79c8abc03a9f59fcdf1bd763122fb8e7bdd564590bb3d73e9407e6c843d9238d,phase4e,FIGURE
v4_team_normalized/output/phase4e/figures/fig05_weather_coverage.png,99967,04ab8b0fbd600a32b00cd658121d68787ee421afe8e5f12c359a7867e44377c1,phase4e,FIGURE
v4_team_normalized/output/phase4e/figures/fig06_cross_session_identity.png,76593,f0bc820f7bd83650accdf0420cd9d6a4f4217da72dda7953129fe9d91e054e97,phase4e,FIGURE
v4_team_normalized/output/phase4e/figures/fig07_raw_vs_effective_information.png,74929,6606c51d2fa148472ed7c0b31c45ea39ee6c4db1609ea32346c2c484fe6cde21,phase4e,FIGURE
v4_team_normalized/output/phase4e/figures/fig08_quality_tier_distribution.png,35870,72ee6fcf736b0fa63a5c56861ad4d5de64a8757c6ba363961a9b2b62e328bddb,phase4e,FIGURE
v4_team_normalized/output/phase4e/figures/fig09_team_longitudinal_coverage.png,137594,8fc8fd616307f2b582d8d18b22cf5cea86e4148834a07b7326ef68e9e141ee73,phase4e,FIGURE
v4_team_normalized/output/phase4e/figures/fig10_future_design_feasibility.png,76182,7edda5ee520f07026b01f7b6852661c989159949a3a998b6bf58ed8b080bf9cd,phase4e,FIGURE
v4_team_normalized/output/phase4e/future_design_feasibility.csv,3252,51c8326fdcf5950aaf5ff2a3a7cde199812dc4cf44470640481d55fabb27bb4a,phase4e,RESULT_TABLE
v4_team_normalized/output/phase4e/inputs/ptsc_event_observations_extracted.csv,743110,c4665060b2cadf1a8d723533b57cc5476d4780c103c1a8f0011cbfa9824f1f9e,phase4e,RESULT_TABLE
v4_team_normalized/output/phase4e/inputs/timing71_indy500_candidates_head_probe.csv,36067,9eae608372062fd1d3c4891ed261b50338beebe0dd0045cb57f09a3d0043ed49,phase4e,RESULT_TABLE
v4_team_normalized/output/phase4e/observation_granularity.csv,39591,584783c85c735ee7f7028efbea1c4dc96db4f34b052de71e1fce69463354c1a7,phase4e,RESULT_TABLE
v4_team_normalized/output/phase4e/opportunity_matrix.csv,8150,3f0d4794235910167e491022903681200fe40b0a4a02500d96c18b37459fe766,phase4e,RESULT_TABLE
v4_team_normalized/output/phase4e/phase4e_checks_log.txt,2201,758d5beca886c1e929a722342d4bf8afa94ac92fb1a6e409347ea8cdc55370f6,phase4e,CHECK_LOG
v4_team_normalized/output/phase4e/phase4e_data_opportunity_report.md,33524,2372b698b9769c75dd81601dce77b262a3d5ee76e8516314718195af007bc8d2,phase4e,REPORT
v4_team_normalized/output/phase4e/phase4e_future_design_report.md,4480,835bc818314cca3a252a7bc7dd2cdc56183ebd0fc03b47baaa0ef1cff3dfa46b,phase4e,REPORT
v4_team_normalized/output/phase4e/phase4e_limitations_report.md,3199,40b4c194ef0b7710f0ce0f2ce5aa570e58e6a48f4e8d2f4a7f70d2ab5cb9f232,phase4e,REPORT
v4_team_normalized/output/phase4e/phase4e_quality_tier_spec.md,9354,8570a0af660da7fc05163b4dc0afcea974820858460fa3f56cd9c1b9907f9a1e,phase4e,PRE_REGISTRATION
v4_team_normalized/output/phase4e/phase4e_session_coverage_report.md,21647,b5fc6b02be8bace8ae77b2689a68c6e59350259dbc1bf410c846d7afdd7abb36,phase4e,REPORT
v4_team_normalized/output/phase4e/same_car_opportunities.csv,23768,342ca569d11dc683037480d28b79e0cbaa2471860351238276cb5a8306cfca90,phase4e,RESULT_TABLE
v4_team_normalized/output/phase4e/same_team_opportunities.csv,13204,d3cb5d17a903ab2da32127f7e82432f06cc96c78f1e806e7d8430a4e0b78a290,phase4e,RESULT_TABLE
v4_team_normalized/output/phase4e/sampling_dependence_audit.csv,26776,ac6414734bf71b718a8405e4689ce231286b1a8975393fc14d0a9ca5f1b8593c,phase4e,RESULT_TABLE
v4_team_normalized/output/phase4e/session_inventory.csv,37762,979644ac7e4b0bc190616f09689d6b7074db72a6e1095e18151b2594753498d4,phase4e,RESULT_TABLE
v4_team_normalized/output/phase4e/session_quality_tiers.csv,17090,5c518e5380fd00332ad1b66750c6d949f049431fdfd7aa91c41076efe2b6cbd0,phase4e,RESULT_TABLE
v4_team_normalized/output/phase4e/session_quality_tiers_full.csv,107656,90012a5ac90ab6f7f757676b2f9a4b7d9bb9889a159e27d9ff96eaa2c14bbe0c,phase4e,RESULT_TABLE
v4_team_normalized/output/phase4e/source_inventory.csv,189480,aadb34bcb57caac2d059daf6a7b934aaac345835882e3ecb33108e2e17369a03,phase4e,RESULT_TABLE
v4_team_normalized/output/phase4e/team_join_coverage.csv,43359,a1f2884c21914060093325c95eaa91ffbded8188d71408c72953f8c2663d233e,phase4e,RESULT_TABLE
v4_team_normalized/output/phase4e/team_reference_feasibility.csv,16109,4a53bd86537c654073c4226ffc85aef58e3ed9172c0141a43fd1a101a782cc76,phase4e,RESULT_TABLE
v4_team_normalized/output/phase4e/temporal_overlap_summary.csv,28477,81f14657b4d2cff3d0ae8457688c99a75bb2549e13465eeea72e736eb9d4877b,phase4e,RESULT_TABLE
v4_team_normalized/output/phase4e/weather_coverage.csv,38190,00c372d20fa825675c2a17a7764376dde78346f537ee64c8657b07ee94efcc59,phase4e,RESULT_TABLE
v4_team_normalized/output/phase4f/analysis_population.csv,5172,632780ab36b9b67cae3b659858a56ab30b09bc740704d052cce865cdf54dc4c9,phase4f,RESULT_TABLE
v4_team_normalized/output/phase4f/block_level_contrasts.csv,123336,b9b7fbeecdc194327d2013640382ebbdcec23a0765195d8dc03be1fc3e3ea5a5,phase4f,RESULT_TABLE
v4_team_normalized/output/phase4f/car_block_observations.csv,2927358,94a2a55aabe8b687398799f1292048f1f0f8e3f7f67113453d0999a0ec50ae02,phase4f,RESULT_TABLE
v4_team_normalized/output/phase4f/car_block_validity.csv,3758,4dbdacad79a8775d6ed1fbc32e89f597dd56bb5ec2aa35cfcf9a76027811367a,phase4f,RESULT_TABLE
v4_team_normalized/output/phase4f/case_evaluation.csv,227,2b9d59ce2fe1217d8e9088db01df5ecf189cc3af8a4349ab563b3659494d916b,phase4f,RESULT_TABLE
v4_team_normalized/output/phase4f/comparison_distribution_summary.csv,3547,285f8654d231834b4c8a0e3a936a170529d027cfe42c7aab54a61b74fa938bd1,phase4f,RESULT_TABLE
v4_team_normalized/output/phase4f/comparison_pairs.csv,3348580,e6f4de1831d62789bdc3324cae593b91cae09f1de704702d3fc249b50a031343,phase4f,RESULT_TABLE
v4_team_normalized/output/phase4f/cross_session_persistence.csv,1582,a0beb64bcef04294e519806c016bac61bc26b7c4b92548ee38d0ec1b3bd46fdb,phase4f,RESULT_TABLE
v4_team_normalized/output/phase4f/dependence_audit.csv,580,abe9024450371e9c803e7a8ffa9262452ae506004680e75f98b622fd48d62532,phase4f,RESULT_TABLE
v4_team_normalized/output/phase4f/figures/fig00_car_block_validity.png,61240,184b15ce4ffb987d465b4a165b60b73074ae891776500b14af103de98d85e501,phase4f,FIGURE
v4_team_normalized/output/phase4f/figures/fig01_D_distributions.png,87051,78fd7abc834535e4754a4b6b1664c6121c0e228ee2a133ee6a5d9cdcd09e8a29,phase4f,FIGURE
v4_team_normalized/output/phase4f/figures/fig02_block_contrast_by_session.png,74980,0513c6e0f930ac08008d0af89f83d3b0113f4880e64e0ecaa059ab6a8aaa9633,phase4f,FIGURE
v4_team_normalized/output/phase4f/figures/fig03_contrast_by_year.png,40790,5ad08712cd85d79acf9072ca24b53eac481b139e4605b6b925e49161bc15e351,phase4f,FIGURE
v4_team_normalized/output/phase4f/figures/fig04_contrast_by_category.png,55026,ef0d91b9c368aafab1c239a145948a16958bf77a2b7601356a1e7231a0ee4ab6,phase4f,FIGURE
v4_team_normalized/output/phase4f/figures/fig05_06_layer_and_window_sensitivity.png,96991,4bff882a9c21d907f7e2f3369416764fe76fcbda9488e22b00492e9631e6a13b,phase4f,FIGURE
v4_team_normalized/output/phase4f/figures/fig07_leave_one_team_out.png,62293,ecdcd74eed5b8ccea9d71de91ae16a2e9daa87e7d12ce12bb38bc603e2bfb897,phase4f,FIGURE
v4_team_normalized/output/phase4f/figures/fig08_same_car_fairness.png,63073,6ac1d059744e8f4d155d21ad5313e8499eb45c0ef0337770775f97472507f74a,phase4f,FIGURE
v4_team_normalized/output/phase4f/figures/fig08b_primary_control_adjacency_diagnostic.png,68350,3a637a619a20947a13846d241e8d14fe2336f1b71e134732bd877fa880695842,phase4f,FIGURE
v4_team_normalized/output/phase4f/figures/fig09_team_relative_deviation.png,49884,ee4618f2104774cb18d6e672b2758c3cdf652004cbb71c8b24fe91e63a524829,phase4f,FIGURE
v4_team_normalized/output/phase4f/figures/fig10_cross_session_persistence.png,67682,05fdbdf0e09ecaf49a3a10b5f62945500606102b11722a64df6dec9b9858e72b,phase4f,FIGURE
v4_team_normalized/output/phase4f/leave_one_team_out.csv,666,056b1072df9ff743b805d3c677794c4d3ced604ef4066574a42cd9005435fcc5,phase4f,RESULT_TABLE
v4_team_normalized/output/phase4f/official_crosscheck.csv,3374,a5318bff68fb3a06eba669f152e51f080f826da3500254540ff14601b4ac4635,phase4f,RESULT_TABLE
v4_team_normalized/output/phase4f/phase4f_checks_log.txt,2308,ab622efeb32cc8cc6b11c4f6db9d5501dbd1631120d4a3a90212b614f08f20ef,phase4f,CHECK_LOG
v4_team_normalized/output/phase4f/phase4f_comparability_report.md,9853,54bedab8a8bdf4bfbd3c0620d0163c3c3d5f47c4360bfb48cde0b23fee847bb2,phase4f,REPORT
v4_team_normalized/output/phase4f/phase4f_cross_session_report.md,3382,960e2ac186832d2cab35639c768da6931e905c650d1eae704a0a42a9e9757a26,phase4f,REPORT
v4_team_normalized/output/phase4f/phase4f_dependence_report.md,1197,973177ab394cec63884e7c2e346cc055de985c24d25718f392f79ba7aacc48b5,phase4f,REPORT
v4_team_normalized/output/phase4f/phase4f_evidence_hierarchy_report.md,20439,492082f5f0461389501d342a94df46d82110a91944b90c6b08d13b93911459d4,phase4f,REPORT
v4_team_normalized/output/phase4f/phase4f_prespecified_design.md,11766,d6a9d8f77fec63b085694bd7de2205741fdd74be9df80b2fe27ab5c8f299cb34,phase4f,PRE_REGISTRATION
v4_team_normalized/output/phase4f/race_appendix_structural.csv,279,f6a159610f69321d84002824053770e681886d2426e28e765400a4a905b3512d,phase4f,RESULT_TABLE
v4_team_normalized/output/phase4f/same_car_fairness.csv,1626,68e8c758c50e4a5c8de576db0d6bed2948d818551c21777125a4cd8cea9fa3c4,phase4f,RESULT_TABLE
v4_team_normalized/output/phase4f/session_balanced_results.csv,10454,c5bbc81b4f7a7e3da6c805c17f712519be13176c442e795b7a7bf4d40630b346,phase4f,RESULT_TABLE
v4_team_normalized/output/phase4f/session_type_sensitivity.csv,917,9da7406f6d55bd635713599fb1455a7c206b90cf8ee3c381cbd00d02e4f708d2,phase4f,RESULT_TABLE
v4_team_normalized/output/phase4f/team_relative_deviations.csv,392340,fbf3598d1a63e89e3c77c0e35cdf6da18e76e73716be5d247a73805999c38eae,phase4f,RESULT_TABLE
v4_team_normalized/output/phase4f/weather_block_diagnostic.csv,7857,03b397ad19dbb59d1dbea45bf84e33bb529c3b6d091bc11a1bf30b9cbeede14e,phase4f,RESULT_TABLE
v4_team_normalized/output/phase4f/year_sensitivity.csv,470,4ea524972d42eefe1a69dca3fe4704def6e09d9194e016d9571f0717c61903aa,phase4f,RESULT_TABLE
v4_team_normalized/output/phase4g/adjacency_distribution_summary.csv,11049,e59900b9b7177aff91c6edfa7863d43ff5b7bb3df75496b2ed00f65ae9eeffc9,phase4g,RESULT_TABLE
v4_team_normalized/output/phase4g/control_reuse_audit.csv,3118,5e0f268c6803558415373638289f6abf822fadc3a9032fb845336fec56192c20,phase4g,RESULT_TABLE
v4_team_normalized/output/phase4g/design_population_comparison.csv,4643,1b102e7d033f006397977a98407ff6de28582e9222f4cf9562d8435207ab3fd2,phase4g,RESULT_TABLE
v4_team_normalized/output/phase4g/design_population_verification.csv,340,c16d2e561f69afea0acbe38cac12dc954ca7561c60b6d894f1734d55ca3adafa,phase4g,RESULT_TABLE
v4_team_normalized/output/phase4g/different_team_adjacency_strata.csv,11427,30fbfd346a9f8c6e580d5ddf4bc1c70cc30be168f91ee37e0150b554f23b5835,phase4g,RESULT_TABLE
v4_team_normalized/output/phase4g/figures/fig01_control_vs_candidate_adjacency.png,130942,92889c10018305809b638dd6bfa3904dac2cdbfa90bb4e030095a6c3b5881375,phase4g,FIGURE
v4_team_normalized/output/phase4g/figures/fig02_timestamp_separation.png,57585,cb4e93f415a0b44f5ad66733a8355b2252156eb61dbc3e86d114559076aa2721,phase4g,FIGURE
v4_team_normalized/output/phase4g/figures/fig03_D_by_adjacency_stratum.png,96711,d1799b0755105f3dbb07d9396e4a31982a2a7e7f4914fd6ece30aac4208f4994,phase4g,FIGURE
v4_team_normalized/output/phase4g/figures/fig04_adjacency_by_year.png,58754,9e5cb5493bc963d11eb3dc676563a21e213266893800696f9a71bb340546eec1,phase4g,FIGURE
v4_team_normalized/output/phase4g/figures/fig05_adjacency_by_session_category.png,87758,7745d6ce10786660588384407c4d1039b7e0258faf8666760d72017f4c635bba,phase4g,FIGURE
v4_team_normalized/output/phase4g/figures/fig06_negative_vs_positive_block_adjacency.png,84588,2c5be949ab2d8bd0d77ea87e93e2d88942a97a12cf3dd9725bfc084363eae761,phase4g,FIGURE
v4_team_normalized/output/phase4g/figures/fig07_primary_vs_team_balanced_population.png,95008,e2df4074dd52a82bc2f1a33e4f09a784ca82acfdfdd31ff2a209893fe1f6b798,phase4g,FIGURE
v4_team_normalized/output/phase4g/future_evidence_feasibility.csv,1984,67cedaf76510808fdfe54f512e4a8dfdc2be6a369cd4552940a88e5944ec8cdb,phase4g,RESULT_TABLE
v4_team_normalized/output/phase4g/negative_positive_block_diagnostics.csv,35108,0895bbf9c080c2be049ce6e6a76df79eabf8e366c1dd73fe7af6a5be782b55e2,phase4g,RESULT_TABLE
v4_team_normalized/output/phase4g/phase4f_freeze_record.csv,4909,41a7efe444f20dd1c584c193736fa6368038fc3d38738a36e6ceb8363bd832e7,phase4g,FREEZE_RECORD
v4_team_normalized/output/phase4g/phase4g_adjacency_report.md,11619,1531ce16d658143eab9e3972156c5e0dc3539d5a9186e2503acd595accc69b2e,phase4g,REPORT
v4_team_normalized/output/phase4g/phase4g_case_evaluation.csv,884,aeec60c3cb7214056fa42bbac333fe56cc362fb0aeb45249a38107afc1ce6347,phase4g,RESULT_TABLE
v4_team_normalized/output/phase4g/phase4g_checks_log.txt,3558,94efaeae428b01ec3728ea77f825623b4f86309a92e5bac4b1b9801f25049f6e,phase4g,CHECK_LOG
v4_team_normalized/output/phase4g/phase4g_control_selection_report.md,18126,f19300e82b226cd094c5e3e9ef7c9f046963f96dbc0c20584d111e9327dd1d36,phase4g,REPORT
v4_team_normalized/output/phase4g/phase4g_design_diagnostic_spec.md,12709,a4c07582fb5f9de61b8c1f8c5d929f2c5b4293c7b52239ce73bbc841740e7e82,phase4g,PRE_REGISTRATION
v4_team_normalized/output/phase4g/phase4g_limitations_report.md,2776,99a6115b5d48d601182b4beba0e09d2aad6459b52f1dd8919f92bf9062f0619c,phase4g,REPORT
v4_team_normalized/output/phase4g/primary_control_reconstruction.csv,858191,940c3a005e6d2f2494442571541dc2b8efe8a9466ebca0b32a1fc9d398c9f817,phase4g,RESULT_TABLE
v4_team_normalized/output/phase4g/reproduction_verification.csv,228,ecca44a4253102d8cdeaf814633b4d596284e1484e9c9f3f11d9abf0cb5fd718,phase4g,RESULT_TABLE
v4_team_normalized/output/phase4g/sequence_completeness.csv,5114,50eb94a619f8a2d1a8f00963bfa819d0f7067fd5792bba4afb4e2e21e78a4596,phase4g,RESULT_TABLE
v4_team_normalized/output/phase4g/timing_sequence_adjacency.csv,22879689,68339e75d66ef4ca4caac690d965c173879c49937b8da6afa9bff84bf9ffa33b,phase4g,RESULT_TABLE
v4_team_normalized/output/phase4g/year_session_adjacency.csv,5910,a44fad8ab3468e8b068b6254265cec2bbf09c5d57e555ac9c34ac98e4ef2eea9,phase4g,RESULT_TABLE
v4_team_normalized/output/phase4h/adjacency_run_state_audit.csv,7003,a6fdd5855e7f9f398ef77fd310af570be9fc2cb9f5bf368144d442169b980c21,phase4h,RESULT_TABLE
v4_team_normalized/output/phase4h/case_evaluation.csv,900,3b5766bec32515f777c688e12c2b033e4a3cd2c1e714cde9e5230f7d22c9416b,phase4h,RESULT_TABLE
v4_team_normalized/output/phase4h/classification_rule_audit.csv,2810,359d2f87d20297fa8a1d666fc3b97ef9a6660f3a0f226bdbaa776f8673ea0d39,phase4h,RESULT_TABLE
v4_team_normalized/output/phase4h/figures/fig01_qualifying_vs_practice_speed.png,79319,7d3ab3b9c7599960b402fd1a0756d5bd1c21055ff0194c636047a636e1beaa7d,phase4h,FIGURE
v4_team_normalized/output/phase4h/figures/fig02_practice_deficit_to_session_best.png,58640,db6943400ff17013bd59e3321d49e286bc3eb0d6278e2bbb156bb16e902dac94,phase4h,FIGURE
v4_team_normalized/output/phase4h/figures/fig03_practice_deficit_to_stint_best.png,58304,f1582e134cd9d8a3a422682ac47fdd63ecfa28c9eba0e9672cc1aee31993768b,phase4h,FIGURE
v4_team_normalized/output/phase4h/figures/fig04_within_stint_trajectories.png,179789,ba8d89112d75e122d87097b8c803c079f6f9b5f9b25a7c3349d8f7ddd9dba1b0,phase4h,FIGURE
v4_team_normalized/output/phase4h/figures/fig05_lap_position_vs_speed.png,95043,c7d2142829d2d1d578d454f4f31683840b4c2e6d5a0f845dfae5ff7405f1d239,phase4h,FIGURE
v4_team_normalized/output/phase4h/figures/fig06_run_state_by_session_category.png,73278,f20010f1a3fe84c12db21dff28cb62c552879e24aa4fac39161bb5fba06868c1,phase4h,FIGURE
v4_team_normalized/output/phase4h/figures/fig07_adjacency_vs_run_state.png,146120,893dc5b3c16e195e66baeea707166a4d8f7a25b6ac29c9f125b15f5b156a9067,phase4h,FIGURE
v4_team_normalized/output/phase4h/figures/fig08_phase4f_population_run_state.png,60636,3f1bf3b468269b12ba37389d3b3676d6ff2be2e2f7b52e306c658cd52f99117e,phase4h,FIGURE
v4_team_normalized/output/phase4h/phase4f_population_run_state_audit.csv,2606,eace430f2bfaf2a3cc2102b50dc7787e653aaee82317c3d714444fe64b6a0e15,phase4h,RESULT_TABLE
v4_team_normalized/output/phase4h/phase4h_checks_log.txt,2815,196005a8e1008760645344ccf6b0600ada02d4c781373208e6ff961b060dfe0f,phase4h,CHECK_LOG
v4_team_normalized/output/phase4h/phase4h_freeze_record.csv,9113,027586eddc238745b70d442bd99b00f6fe5fdb631ddff92731946bde32d154da,phase4h,FREEZE_RECORD
v4_team_normalized/output/phase4h/phase4h_limitations_report.md,2330,e5851a6e8cb5b32589bcc502903e5ad5c6888d5e5209fd1189a6fa349e1758a4,phase4h,REPORT
v4_team_normalized/output/phase4h/phase4h_performance_validity_report.md,21113,7b5d043981a2c6807d8a2f659073729f25499008af31192b03aa293419b12ec6,phase4h,REPORT
v4_team_normalized/output/phase4h/phase4h_performance_validity_spec.md,12782,0e4a858db41c86e4909123cd952a429bdb6794cd9b5c41b0657076da59ee8f03,phase4h,PRE_REGISTRATION
v4_team_normalized/output/phase4h/phase4h_run_state_report.md,7633,4e223ae13e43d461fa1fe63e8375043b524d2874470302b3125687903413d350,phase4h,REPORT
v4_team_normalized/output/phase4h/practice_lap_inventory.csv,15434222,4dc2486516890cdcbc9a43e06b4bc64b9bba8eb14e78239e69df5291033acb28,phase4h,RESULT_TABLE
v4_team_normalized/output/phase4h/practice_speed_distribution.csv,39215,8abddee305c22afc156c4dad7037f7d6c1f9447c56e3ff249f41cf33b3ac027d,phase4h,RESULT_TABLE
v4_team_normalized/output/phase4h/qualifying_calibration.csv,3521,5375f1c8a5d6b1431ee27ee9df593ff9f8f5b542e7d600082f247ee087451121,phase4h,RESULT_TABLE
v4_team_normalized/output/phase4h/qualifying_performance_reference.csv,536595,96373ddf0effa8ea2bca885b92431f77694d0b5abe1ee5d0e23ab8787a1370cb,phase4h,RESULT_TABLE
v4_team_normalized/output/phase4h/run_state_classification.csv,22781,5561a0444f0f30f32b271721860ccb6ed798b7e77d36f795586beb3a0d4cd8a8,phase4h,RESULT_TABLE
v4_team_normalized/output/phase4h/session_year_validity_summary.csv,9177,8865916139f569a8fd110c521d28b0d2f0accbf58c5be4f098624cc68513623b,phase4h,RESULT_TABLE
v4_team_normalized/output/phase4h/stint_sequence_audit.csv,953826,7f1ec6cc58f369bc9944d2cf146478d9b521ad7df73a80b3e0c8d71b3c17b709,phase4h,RESULT_TABLE
v4_team_normalized/output/phase4i/adjacency_support.csv,22853,23ac1ad42b54535ae41e264d8397f939d3fc62b1086beb2c018c74554442f74c,phase4i,RESULT_TABLE
v4_team_normalized/output/phase4i/case_evaluation.csv,2021,975c109326af4d3ac7ea376a61cbf03b990bf12c328498da886b6b9d81d3759d,phase4i,RESULT_TABLE
v4_team_normalized/output/phase4i/common_support_by_block.csv,73554,6ac70b17da4bda5fbe2be1efd8ef43460066b797545f18c9c83600a8bb4ab01e,phase4i,RESULT_TABLE
v4_team_normalized/output/phase4i/common_support_by_session.csv,3768,e5b9682a9659da330bb0350a593150546191083226621eb2cc91e6f6d9e64d86,phase4i,RESULT_TABLE
v4_team_normalized/output/phase4i/different_team_candidate_support.csv,1626,4abd2a61d5d25d3aebb02bb761fa407eb2c5614223da1281cc5fbc38542f67b2,phase4i,RESULT_TABLE
v4_team_normalized/output/phase4i/eligible_observations.csv,1604675,1c22445aad4f28ecb288d3213ef971fc6bddf6a326fd495f4bb188a6f621d0f6,phase4i,RESULT_TABLE
v4_team_normalized/output/phase4i/figures/fig01_eligible_by_session.png,76683,df268e6e50f7b753edfe5d51d8d39beb0948f2a84c0129432061f255bcda9163,phase4i,FIGURE
v4_team_normalized/output/phase4i/figures/fig02_tier1_vs_tier2_support.png,77657,6fd500e99af8ce5c983bdc715cb82552b56810e0b14464f9c13afd4f1d1c8021,phase4i,FIGURE
v4_team_normalized/output/phase4i/figures/fig03_layers_by_session.png,79078,f701e5f0792e50f832ca3c5d5bd0763b9635f824b7f1f70349b1162e2b277881,phase4i,FIGURE
v4_team_normalized/output/phase4i/figures/fig04_common_support_by_session.png,86107,c31386e4c510132f4d46cc6db1153c875707ebe55a2184c37b41bbb646a4ca98,phase4i,FIGURE
v4_team_normalized/output/phase4i/figures/fig05_same_team_time_separation.png,73366,0fe30918b2b79c6322cd137a292a6460248c6685268ce42a2310f7fe8b252a7d,phase4i,FIGURE
v4_team_normalized/output/phase4i/figures/fig06_adjacency_support.png,68666,1ee6ad739f084b88e41b19dd24aa1135d6edd1da20f4b9321e4233e4bdfad1a0,phase4i,FIGURE
v4_team_normalized/output/phase4i/figures/fig07_reuse_concentration.png,121149,43a0f6de9bf0996dcf6cf89ad94daa9b1d035a14c868fe94ed45d85ef1f20a21,phase4i,FIGURE
v4_team_normalized/output/phase4i/figures/fig08_performance_scale_reference.png,82687,63fa0c640f66fd0a2df2dbe2b3edcd19e0d666fe2f94ebb317a6b9893fb4b2f0,phase4i,FIGURE
v4_team_normalized/output/phase4i/performance_scale_reference.csv,2094,6cb45e5f204dfb131c979e055b586592f75c2fee1da103058a284785d024eb14,phase4i,RESULT_TABLE
v4_team_normalized/output/phase4i/phase4i_checks_log.txt,2425,a8e200bd1ff7c2f5b60ec76a15f590346fedf669dfd4fb22170f2eba8e04ad7e,phase4i,CHECK_LOG
v4_team_normalized/output/phase4i/phase4i_common_support_report.md,22718,33121119e555aae85e1eabba7cf060d97cbac3bb5bbd61690c1d690fdd67400d,phase4i,REPORT
v4_team_normalized/output/phase4i/phase4i_dependence_report.md,5227,c7ddec9fd9085459757d00eb4d5a30cec98771d4cceed7365f6ee2eb126878df,phase4i,REPORT
v4_team_normalized/output/phase4i/phase4i_freeze_record.csv,59271,c254ea83251fa63dbc85bbe8133d4c6eb5fd175d7e5abc00efb941a9184d0503,phase4i,FREEZE_RECORD
v4_team_normalized/output/phase4i/phase4i_limitations_report.md,6050,cbf75602d492156f9fecc46a280f67f1a03214d9d46b770a1cc0a780a7dddb2c,phase4i,REPORT
v4_team_normalized/output/phase4i/phase4i_support_audit_spec.md,10689,690e4acca64fbb2904db069503292db1e2d739de972184807c4b7d1558ee7d3d,phase4i,PRE_REGISTRATION
v4_team_normalized/output/phase4i/phase4i_support_report.md,25525,9119cf8cdddab5cdbc3ca5341d771e21b58e78fa314209d80bfeeb5345b65ecc,phase4i,REPORT
v4_team_normalized/output/phase4i/reuse_dependence_audit.csv,4967,2e8892f875af621b08467e6dbcebac872aeaa067f1b59321063c5001e19e4c56,phase4i,RESULT_TABLE
v4_team_normalized/output/phase4i/same_car_pairs.csv,1235337,b7808ba741de662bdb04c2b2c4df2b074241d3b0a8ac9d08ac01f16140cb931d,phase4i,RESULT_TABLE
v4_team_normalized/output/phase4i/same_car_support.csv,2687,069ab090783f848b4fe3490907e79ab9addc47d1068d067c9b1f1db4ad0dbbd2,phase4i,RESULT_TABLE
v4_team_normalized/output/phase4i/same_team_support.csv,9871,cc65b2c03a98ef248e6a02be69b0a525c2009d3b6faa9f84ec9bf4eece3f02ec,phase4i,RESULT_TABLE
v4_team_normalized/output/phase4i/tier1_strict_support.csv,45141,1ba7566a54eb3883ee86c7472729843913eee38fdd4637e2c04f6094a0d8bac3,phase4i,RESULT_TABLE
v4_team_normalized/output/phase4i/tier2_extended_support.csv,50666,497e69891c25f6a2ce814f6b9b0f442ea5ac3e486f550a3fb8945c43195f93b6,phase4i,RESULT_TABLE
v4_team_normalized/output/phase4i/within_block_pairs.csv,451818,9e50218002ef5c0da5651aacc28c2df447aa09da60e30f449f0f17ebc9a5ab28,phase4i,RESULT_TABLE
v4_team_normalized/output/phase4i/year_era_support.csv,2123,40967d4347a8b3d7a50c0075dc39c8cfdbe144bf90558e8642ae5f8fb013edd1,phase4i,RESULT_TABLE
v4_team_normalized/output/phase4j/case_evaluation.csv,445,0a1ccf200d78ad72b86fda353640a2164a590b8cab8a3f4804bb755d8366495d,phase4j,RESULT_TABLE
v4_team_normalized/output/phase4j/different_team_candidates.csv,52194,2944bd9454c86731b5567487d13c8c2c42601e13f7748e6e39e9e73db6f9ac70,phase4j,RESULT_TABLE
v4_team_normalized/output/phase4j/different_team_context_aggregate.csv,12782,d66975fd8d728f47ddb08f0064fad2ea0ade046a1e4f691251e39707bb1acd4c,phase4j,RESULT_TABLE
v4_team_normalized/output/phase4j/figures/fig01_three_layer_tier1.png,80452,c365b1c9821f926c2cefff6f2e57623a92338c02b2491225ac319b74afd7d9ce,phase4j,FIGURE
v4_team_normalized/output/phase4j/figures/fig02_session_level_hierarchy.png,75965,76bce4ba03b79c6142e7d2dd35959d10b4e85a96b89874daa6071699b174990c,phase4j,FIGURE
v4_team_normalized/output/phase4j/figures/fig03_contrasts_by_session.png,42373,637ac5f253d430bef75cffde1f397eb050552053751006073e9973f59d7837bf,phase4j,FIGURE
v4_team_normalized/output/phase4j/figures/fig04_common_support_adjacency.png,52181,90f1898aeb2ff7b68c053e1fcba14c53c4024d2a012a5e298a12ae20158c36e6,phase4j,FIGURE
v4_team_normalized/output/phase4j/figures/fig05_leave_one_out.png,83141,7da01bab28253344a2178032e2f93a8ade818cc40ae104de28d23bd9b405338c,phase4j,FIGURE
v4_team_normalized/output/phase4j/figures/fig06_tier1_vs_tier2.png,62454,6a9997e011e40886276538a8009bb7282423070494218b125894b1b09a967e62,phase4j,FIGURE
v4_team_normalized/output/phase4j/figures/fig07_2023_24_vs_2025.png,65187,d4b7016000cde36b714839f81ad6bd953581433144bf3bafa823fe0bd07bfa64,phase4j,FIGURE
v4_team_normalized/output/phase4j/figures/fig08_performance_scale_context.png,101634,1749e43eaba536312ea257256dba60271046bad53f8d40d8f9a971252a11dd52,phase4j,FIGURE
v4_team_normalized/output/phase4j/hierarchy_contrasts.csv,2211,b5508e293fe1a7b75e0df7de0c199ba5c7023b38481a96cf71f5d81c5e8896ac,phase4j,RESULT_TABLE
v4_team_normalized/output/phase4j/hierarchy_summary_all_analyses.csv,1649,949a8f53ca2ef4725c1ce1be49ed5c2e6c58cb434d3b7f20025cea03b6bba561,phase4j,RESULT_TABLE
v4_team_normalized/output/phase4j/leave_one_session_out.csv,1770,edef43bef28fcbe6d412db31cdc93dad013dd41a2a49b017ebf8f7881a94f121,phase4j,RESULT_TABLE
v4_team_normalized/output/phase4j/leave_one_team_out.csv,2742,6f32b3e494cc106ad0b45d057539a723ac588dda6855b8c620f02d0b7e768aa2,phase4j,RESULT_TABLE
v4_team_normalized/output/phase4j/performance_scale_context.csv,3111,8bc29bdbc7625f611dd9e2281e1f50d48ab146fbf4b87defe8af361b0c1770c3,phase4j,RESULT_TABLE
v4_team_normalized/output/phase4j/phase4j_checks_log.txt,3141,6bd5b6a57f72233fc5dadd72a51bd980d9eda05d829d542278ce16eb946cb8a2,phase4j,CHECK_LOG
v4_team_normalized/output/phase4j/phase4j_common_support_report.md,5039,82b1cd4a3fa8b6ae5451975b32baa296b904e5710f674143104cfba7c17b49b0,phase4j,REPORT
v4_team_normalized/output/phase4j/phase4j_final_hierarchy_report.md,11239,6329fd90ab700d3ce19d7298b17b4bbf087c045e1069f5e9b24cbc580d07ab9b,phase4j,REPORT
v4_team_normalized/output/phase4j/phase4j_final_hierarchy_spec.md,8715,53a430c46d551d0fd8ec0cf30549db4adc1227f99177c130e02d9a3fda8947d6,phase4j,PRE_REGISTRATION
v4_team_normalized/output/phase4j/phase4j_freeze_record.csv,63411,bf72f53ddca20a7263a0b8ffb95388d402e839c7536a46a38fde5342d4a1486e,phase4j,FREEZE_RECORD
v4_team_normalized/output/phase4j/phase4j_input_verification.csv,486,e7f9d3223561d190d247bd5b3438a87f516779cebd2a81b8fdeb883b25f55ca8,phase4j,FREEZE_RECORD
v4_team_normalized/output/phase4j/phase4j_limitations_report.md,1859,17ec58b7261ece95eb262174bdb155d0523b6dc1303a0edd9cfccd6e80b67e8c,phase4j,REPORT
v4_team_normalized/output/phase4j/phase4j_robustness_report.md,4028,45acba1ff0692de0fdb782d79ad52499a4becff324c1bf849b3971445f83d969,phase4j,REPORT
v4_team_normalized/output/phase4j/primary_common_support.csv,21168,063f48e13ff5f4a3b6f616d4fb4d3f18a97e84998ecdfc2e32469dc107a30a77,phase4j,RESULT_TABLE
v4_team_normalized/output/phase4j/primary_composition.csv,235,2513cf0a490417301dac973fa22ebf6e53d571581dae54d95ef11e9715829644,phase4j,RESULT_TABLE
v4_team_normalized/output/phase4j/primary_hierarchy_summary.csv,842,54564faf2ce245425c8ecf18d6a47c5b11496e4529867e5b4f3e27b5c1159a72,phase4j,RESULT_TABLE
v4_team_normalized/output/phase4j/replication_2025.csv,5481,c690f277fd31f4d46e4d58c18275f90844ab339b952eccbf1d0fca44af901917,phase4j,RESULT_TABLE
v4_team_normalized/output/phase4j/same_car_primary.csv,12655,95a792ea79da3394e99c462db6f3cc0218eb7d3d84332dbf1ea9baebc8eaf7a3,phase4j,RESULT_TABLE
v4_team_normalized/output/phase4j/same_team_primary.csv,2008,8acaa068078d18fcf9ae2ad8fcf56ed8797a7deb03a9dfdb6766a96ae1c634c1,phase4j,RESULT_TABLE
v4_team_normalized/output/phase4j/session_level_hierarchy.csv,4082,178fbd337238bcd6aa01f9b76a4a55e61f18984d1987695fa2758ec6cad095f8,phase4j,RESULT_TABLE
v4_team_normalized/output/phase4j/tier2_sensitivity.csv,8808,477bee5813394fe9d4fa177a588a191b9a37c70270e78546a8f8fd97a82da4c4,phase4j,RESULT_TABLE
v4_team_normalized/output/phase4k/case_evaluation.csv,285,7cd3f893ccbc9ad5e28b00b2a94715513b222f12afa106e0bc38917fe3242571,phase4k,RESULT_TABLE
v4_team_normalized/output/phase4k/event_attrition.csv,2366,131387015176b1203014afb0d041e3035ac3e0c661c8db2f9fb9dc784de285a3,phase4k,RESULT_TABLE
v4_team_normalized/output/phase4k/event_overlap_dependence.csv,1467,29944d747ebf8f8dfe3e298d0a3edf07554cfd57ce17f8c21a79e81892ecc4e0,phase4k,RESULT_TABLE
v4_team_normalized/output/phase4k/figures/fig01_attrition.png,118715,9be3311a2900f5b3ebf70fef120a108c6b40c03b51bf9d9a995e4ec85ae32a84,phase4k,FIGURE
v4_team_normalized/output/phase4k/figures/fig02_events_by_session.png,36901,c430bcfd9443977d71ba15024d6f8991626a83884d55e6c3ce12e53de38cb826,phase4k,FIGURE
v4_team_normalized/output/phase4k/figures/fig03_events_by_target_team.png,72458,10ce95c24a97dd049eb50803911e05a6ed161969b00bd7e34c4a64519bdfe5b4,phase4k,FIGURE
v4_team_normalized/output/phase4k/figures/fig04_target_horizon.png,44107,0a89e8392ddfa2903cfb383e3be8e32f01cf9b8fedcde2446dcaf1af906a191c,phase4k,FIGURE
v4_team_normalized/output/phase4k/figures/fig05_teammate_signal_age.png,38735,3f86c09ee852b25ea40fe9115f2a7cdaa829118f55b006db8a2fcd0c0a5bbe4c,phase4k,FIGURE
v4_team_normalized/output/phase4k/figures/fig06_teammate_movement_interval.png,37079,eb669197b3d543fc3749e364e72d7c0e00e9961dbe620bbf54fc7d93a0f26dd4,phase4k,FIGURE
v4_team_normalized/output/phase4k/figures/fig07_teammate_vs_placebo_support.png,44101,293c22925bea3edff35c529a159183c533731b0e62c56cfe085ea29e05d11026,phase4k,FIGURE
v4_team_normalized/output/phase4k/figures/fig08_reuse_dependence.png,106186,fa7fdbec736fd4057cc23f54b32109ed071e6e950aac12861ce64fef10a634f9,phase4k,FIGURE
v4_team_normalized/output/phase4k/fully_comparable_events.csv,3639,07473986186af4def1a89863a761523a875006ec85bf4523dbc716888a04ec07,phase4k,RESULT_TABLE
v4_team_normalized/output/phase4k/horizon_structure.csv,9357,70cee8ab34385f892ce682054f1d132f6430b2fc1759df90c71386fdea7dbbb3,phase4k,RESULT_TABLE
v4_team_normalized/output/phase4k/model_free_support.csv,1281,c1ff9b8c33b78b94c6fa8c704bcec78c77b90d579e94d17cfec9cc483936bb4c,phase4k,RESULT_TABLE
v4_team_normalized/output/phase4k/phase4k_checks_log.txt,2996,c8e04126eb98e160c7f9b9ab81837194195bbfb365e80aac92eb073b2b690c1a,phase4k,CHECK_LOG
v4_team_normalized/output/phase4k/phase4k_chronology_leakage_report.md,8914,f6884fec10eba8c126cbf7276e5ef7f27b0a1746cc7a462fed497d898776abfc,phase4k,REPORT
v4_team_normalized/output/phase4k/phase4k_dependence_report.md,8493,55fc597bd6d0d3178787d765ae3507cebf9937fdedddab0526e381aa30b24d79,phase4k,REPORT
v4_team_normalized/output/phase4k/phase4k_freeze_record.csv,67828,cd4325c60bddf2195fa0d6e92dba1aff957a821cd9b098a259f2b74c93d688aa,phase4k,FREEZE_RECORD
v4_team_normalized/output/phase4k/phase4k_limitations_report.md,1340,0aef82769c703fdfbd9b95ca55f67dc0b70ec541514f999a03617326bad8fa8a,phase4k,REPORT
v4_team_normalized/output/phase4k/phase4k_prediction_feasibility_report.md,7881,6817680801b7120b855338bf6e752fa23a0ad585e2adcf4d24b82db79c531938,phase4k,REPORT
v4_team_normalized/output/phase4k/phase4k_prediction_feasibility_spec.md,11011,b3719018d89aaa3993f50ef605431fcf73ed0dc596cca2006c9754fed4d76680,phase4k,PRE_REGISTRATION
v4_team_normalized/output/phase4k/physical_input_support.csv,831,925908ac141e84d34723014408f304c21a8f670ae8620d33e33c9d23d0604753,phase4k,RESULT_TABLE
v4_team_normalized/output/phase4k/placebo_signal_support.csv,10596,d37c8129df9bb05fa46d081df31fcbe13ab1b2ab625754373a12ac72e6828a4c,phase4k,RESULT_TABLE
v4_team_normalized/output/phase4k/replication_2025_feasibility.csv,614,9e231891c2ca9f45962b71fbe3f0906af564fc020b4b2fb929cb77e8fbb25549,phase4k,RESULT_TABLE
v4_team_normalized/output/phase4k/session_team_coverage.csv,14436,d7e8c75dce41b1f3e686bf324038cfaf996c29f21b4650064b4e7da29812c2bd,phase4k,RESULT_TABLE
v4_team_normalized/output/phase4k/target_prediction_events.csv,89312,4636de268da58f1ddc7668254b2aa50d2d5a648a293290cd4ac370814b4cf43f,phase4k,RESULT_TABLE
v4_team_normalized/output/phase4k/teammate_signal_support.csv,15603,0ac976501c2f43a866f81443054a67c134d3e26d4c91a0d6a960e5a5c2d5a98b,phase4k,RESULT_TABLE
v4_team_normalized/output/phase4k/tier2_feasibility.csv,900,bff1b9a5e5283d9a5bee73e2ab0b7ee03400ff156019001884d9e1b349f506e2,phase4k,RESULT_TABLE
v4_team_normalized/output/phase4l/phase4l_claims_matrix.csv,2551,bad6a55404df44fa1aaa71cac2755090cb28a836cfceab61e9ef5a43f4ecdc8d,phase4l,SYNTHESIS
v4_team_normalized/output/phase4l/phase4l_evidence_chain.md,2053,e362019262ab5b3a84a7887e5b6cc44f3ec355d402216e62b546c0851e2b3b62,phase4l,SYNTHESIS
v4_team_normalized/output/phase4l/phase4l_final_scientific_synthesis.md,11337,627fe63e00a930fc1c1ac1c478d2220e0d0b35b4e391f136fdbd095155c618d6,phase4l,SYNTHESIS
v4_team_normalized/output/phase4l/phase4l_future_data_requirements.md,1311,65ebdc55e26e8de6d904720fa91c3fed931768b053142b6f33246570e2f1ef41,phase4l,SYNTHESIS
v4_team_normalized/output/phase4l/phase4l_key_results_table.csv,6996,cb85e2f9a6897b77445c12497896aef8dbadc3b984b43febc20a96e71d3ae1de,phase4l,SYNTHESIS
v4_team_normalized/output/phase4l/phase4l_limitations.md,1506,e855f14c3a2fcaf2479c06220ba9c3fe37460dfe1081ac940e95fa92c40f17a6,phase4l,SYNTHESIS
v4_team_normalized/output/phase4l/phase4l_paper_integration_map.md,2672,82af3cc17139437020a31bdad77a9d18916a399ac53f4456ae666716ff8fe339,phase4l,SYNTHESIS
v4_team_normalized/output/phase4l/phase4l_phase_outcomes.csv,1756,02d8751e92c5343f9044eaf56bb407cea642e879d932ca1429214177cc426556,phase4l,SYNTHESIS
v4_team_normalized/output/v4_api_record_anomalies.csv,484,936ab4b3e6d9ac9e6c1ff6b40d4f0587258b2a734ea176d6c8afdddaf3abd720,phase1_2,RESULT_TABLE
v4_team_normalized/output/v4_official_entry_lists_parsed.csv,82116,3ff0a35d8e6c0d2af2c2e521e6c975f8d04f111dedf84d6f0e3288fcccd8e6ee,phase1_2,RESULT_TABLE
v4_team_normalized/output/v4_team_affiliation_links.csv,1448,c029a2a6b6dff5989b9760233dc71af2e95fa33c86a0637f293dee97b287abce,phase1_2,RESULT_TABLE
v4_team_normalized/output/v4_team_entry_registry.csv,120234,5935f1b40691f5427f9d7fc917c8ab4031253919073b875096d2b326a3c8ff7f,phase1_2,RESULT_TABLE
v4_team_normalized/output/v4_team_normalization_audit.csv,66057,f94ca04db1576e9c936be116cd26986a5755565b89579b3c7595d2cb3c9b949e,phase1_2,RESULT_TABLE
v4_team_normalized/output/v4_team_normalization_report.md,8335,d3e2bf4e97154b13bd6548ec50df4b0861d5c9cb84b2698c9243c6a63c7787c6,phase1_2,REPORT
v4_team_normalized/output/v4_teammate_pair_changes.csv,112374,8bacf89f4e36cde12ff453496433bc7f1441dce4250f10e97c501c92c116674b,phase1_2,RESULT_TABLE
v4_team_normalized/scripts/v4_build_team_registry.py,23425,6485faf85f81c1c4e24ab5b78ad468afc9198218090875993fedf153b94b1433,phase1_2,CODE
v4_team_normalized/scripts/v4_parse_entry_lists.py,3515,7c5898ec345b6c5d10dc00b5540fe0be5f049a2165e7748cba5e01a5717d25d7,phase1_2,CODE
v4_team_normalized/scripts/v4_phase3_candidates.py,33785,7feac325d14b9533cacf31146e2a09f5968e5bded9e0db4300dc556af0cb9f60,phase3,CODE
v4_team_normalized/scripts/v4_phase3_checks.py,6823,fef0a00ca52024a4f19da7eeb449d1885e7ae54aa5cb2a596f36078c88137441,phase3,CODE
v4_team_normalized/scripts/v4_phase3_reports.py,32311,e4d06052f3adf5900bf9b11054c2bbcbfe49905362723e021b02de3dc3554257,phase3,CODE
v4_team_normalized/scripts/v4_phase4a_checks.py,7293,6cd2317a5528009f8698220a1d28e8036f5d6dda9bcbdd58c64ee123b24eab3b,phase4a,CODE
v4_team_normalized/scripts/v4_phase4a_matching.py,24637,f90a9b9d4b80d9c502e504a407f0e93902d4fb433617f58aad3a7163d7513ea4,phase4a,CODE
v4_team_normalized/scripts/v4_phase4a_reports.py,26628,dc86f0d5ad140d7398b1fb71968c4fa407a73d0de46f435f64a506326ab547d3,phase4a,CODE
v4_team_normalized/scripts/v4_phase4b_checks.py,6006,31ef8c375b43412aebef62554e0e20e2861265191c04be4c50298c0551ba73cd,phase4b,CODE
v4_team_normalized/scripts/v4_phase4b_reports.py,36180,be74e382042a9702a697214672bdf11f1ccfaf0162c48ff4d7fca7b8d570ff4d,phase4b,CODE
v4_team_normalized/scripts/v4_phase4b_timelines.py,26342,2bd8ae82f668efbde8acdc8b40b7c61eb9b27610a3e6131f81e1ff49ccbe3b1c,phase4b,CODE
v4_team_normalized/scripts/v4_phase4c_checks.py,6117,d12c004a78793ddb721a2fc45026c2249254be3764ed20ca6d242ca99f3e60eb,phase4c,CODE
v4_team_normalized/scripts/v4_phase4c_panel.py,21123,6ce98b45d745e84ce7de9e4827f49a44dc7dda2851f9febfa138678ee7b9aabd,phase4c,CODE
v4_team_normalized/scripts/v4_phase4c_reports.py,26702,8fdafc872e301cf4c6f40ca496d9b6a986c32e8a704f976df3fffe74774beb05,phase4c,CODE
v4_team_normalized/scripts/v4_phase4d_checks.py,8118,cbf569f850c1ce14ed74290cdd7db48e77ca9bebf9e9056b89b2d7ddce97418b,phase4d,CODE
v4_team_normalized/scripts/v4_phase4d_feasibility.py,31195,c47e687adfbfa94256311d1a7ae9b32f02a99159de4dd6688f9dbcc40b5553b3,phase4d,CODE
v4_team_normalized/scripts/v4_phase4d_reports.py,34048,4b355d8c8a8dd3e619c0c6b142a7387d3835d9815ab31afa9bb9e9ee5e43d211,phase4d,CODE
v4_team_normalized/scripts/v4_phase4e_audit.py,32700,cbf742044ec76e3579602ee9b0d054a59b503d4690bfe676a8abb1d0f293e4c2,phase4e,CODE
v4_team_normalized/scripts/v4_phase4e_checks.py,8254,c582c25bd67a6aa85a231718f1085f531fae0b862d40640aaa4b108577235978,phase4e,CODE
v4_team_normalized/scripts/v4_phase4e_outputs.py,48909,2fc01cd47d48c26bbc3adf9ee4a1874d33548f6a81547c1f6e10cd9cf25eff08,phase4e,CODE
v4_team_normalized/scripts/v4_phase4e_retrieve.py,3268,5b1e55a26874fb2a0f70d9e26217ced6f559ff054b07631251ebe29c00f4d2e6,phase4e,CODE
v4_team_normalized/scripts/v4_phase4e_source_inventory.py,10738,78abfd22a9c8758dec00c594bab02502f8c0550daf125e29f0f2bc1e5da8d283,phase4e,CODE
v4_team_normalized/scripts/v4_phase4f_checks.py,7472,fe652b9ac1f1573b2ddcc9bda743f20aeb0202b2673bee8e2b17e0687f8b9567,phase4f,CODE
v4_team_normalized/scripts/v4_phase4f_hierarchy.py,31085,1655f2ee9acce30ef14e0602df8168dff47d4121ceaf05d806b0d448ec8832d7,phase4f,CODE
v4_team_normalized/scripts/v4_phase4f_reports.py,24552,06e150895b871f1f20e1a97fe0388d7adf31ffa848c0fc7b3970351cd7daac6f,phase4f,CODE
v4_team_normalized/scripts/v4_phase4g_adjacency.py,35464,1d19624204514bc62ced6613206cf84fd2300b19a0f6e50d809ebcff8c3588de,phase4g,CODE
v4_team_normalized/scripts/v4_phase4g_checks.py,12279,1f38af7d42794bb750c187eb457327587c5d88657e41093007a05ec4d5915baf,phase4g,CODE
v4_team_normalized/scripts/v4_phase4g_reports.py,31111,c254b600a22399319cf9ced9b6ac4396ed39db8c8716fc55b89d4dce105be379,phase4g,CODE
v4_team_normalized/scripts/v4_phase4h_audit.py,37562,8799743e6f284acd20375fb7b06d818e291b27b944a750e078497b7602bfbfb2,phase4h,CODE
v4_team_normalized/scripts/v4_phase4h_checks.py,12103,2d5862402aac95c8f943db23b2a32e72c21b5d1a8a6edbf6440243669296e376,phase4h,CODE
v4_team_normalized/scripts/v4_phase4h_reports.py,26551,45e705f15ae318fcad93149358ae7703e9f13b67155b46b4b4ee958409ac1239,phase4h,CODE
v4_team_normalized/scripts/v4_phase4i_checks.py,11546,e65a3d056cd39a3e9ca5ba390371abbd09d49cd599c2df303753b2833b2ccf88,phase4i,CODE
v4_team_normalized/scripts/v4_phase4i_reports.py,22953,d2f6eae12e1eeb9cfd6ef94447514e31f8799de42a64c03ab2418601463de37c,phase4i,CODE
v4_team_normalized/scripts/v4_phase4i_support.py,31206,7cb89ab318bb860837714b24ef8eb81798682297b231d9bf76104e13781bacc8,phase4i,CODE
v4_team_normalized/scripts/v4_phase4j_checks.py,11271,536cce2a1ecaf45508084787c503f34292fc195154a0522f7960b8dbecedacc8,phase4j,CODE
v4_team_normalized/scripts/v4_phase4j_hierarchy.py,18761,b0a43468c902bf8211153452b8ec338eea36e50b538573f3155020756acd0742,phase4j,CODE
v4_team_normalized/scripts/v4_phase4j_reports.py,18175,e51a9e1479688aad9d1714e6bae171a6bbeaddfc973a89ec1d31b6df869b80f1,phase4j,CODE
v4_team_normalized/scripts/v4_phase4j_verify_inputs.py,3962,5c023418615858106ddf1421fe9e88ec13355d3fda77848eb88fcd4d3080ddcc,phase4j,CODE
v4_team_normalized/scripts/v4_phase4k_checks.py,10117,a10a08960dabedabe9dffcf9f9167947840ddb91765d901a2703c44669ca82bc,phase4k,CODE
v4_team_normalized/scripts/v4_phase4k_feasibility.py,22811,f4e16696d7570a26ba0071ff028eb2f6dff2517562db08abc2e3d071f3b71bb7,phase4k,CODE
v4_team_normalized/scripts/v4_phase4k_reports.py,14358,a7d7aa8b472165e9590ba58acf29ee6ef8b7c9ade13bfaea964ae7e3cec2b545,phase4k,CODE
v4_team_normalized/scripts/v4_phase4l_checks.py,10215,30b999120a5f3aed966286406cac5271ec6ac8c67a3180bbbfdeffb2ae1d80e4,phase4l,CODE
v4_team_normalized/scripts/v4_phase4l_freeze.py,4525,8e193b27b4748251c183b909085d616d5c1821a680d1415a393be90d04f58529,phase4l,CODE
v4_team_normalized/scripts/v4_phase4l_synthesis.py,42611,ac7c1655b6fe1030a5951a3c0dd24841aa8d071ed2f98b010c651d8a7ccf13e3,phase4l,CODE
