observation_id,year,session_date,evidence_type,stated_local_time,local_timezone,normalized_utc,value_numeric,unit,normalized_value_c,stated_value_text,session_semantics,source_title,source_url,source_class,evidence_quality,measurement_semantics,observation_status,evidence_context,local_asset,review_note
TC2020-Q01,2020,2020-08-15,GENERAL_CONDITION,,America/Indiana/Indianapolis,,,,,best weather conditions of the day,Day 1 qualifying; early draw/run context,"VeeKay, Palou Make Strong First Impressions To Reach Fast Nine Shootout",https://www.indianapolismotorspeedway.com/news-multimedia/news/2020/08/15/veekay-palou-make-strong-first-impressions-to-reach-fast-nine-shootout,IMS_OFFICIAL_EDITORIAL,OFFICIAL_EDITORIAL,QUALITATIVE_WEATHER_CONTEXT,QUALITATIVE_OBSERVED,IMS describes favorable weather but supplies no numerical environmental measurement.,,
TC2021-Q01,2021,2021-05-22,GENERAL_CONDITION,afternoon,America/Indiana/Indianapolis,,,,,warmer part of the afternoon,Day 1 qualifying; second Ferrucci attempt,"Paddock Buzz: Nervous Sunday Ahead for Power, Four Others",https://www.indycar.com/news/2021/05/05-22-paddockbuzz,INDYCAR_OFFICIAL_EDITORIAL,OFFICIAL_EDITORIAL,QUALITATIVE_WEATHER_CONTEXT,QUALITATIVE_OBSERVED,INDYCAR describes a warmer afternoon without a number or exact time.,,
TC2022-T01,2022,2022-05-21,TRACK_TEMPERATURE,11:00 a.m. EDT,America/Indiana/Indianapolis,2022-05-21T15:00:00Z,85,degF,29.4444444444,85°F,Day 1 qualifying opening,Paddock Buzz: Sato Sneaks into Fast 12 after Eventful Day,https://www.indycar.com/news/2022/05/05-21-buzz,INDYCAR_OFFICIAL_EDITORIAL,OFFICIAL_EDITORIAL,EXPLICIT_TRACK_TEMPERATURE,DIRECT_NUMERIC_OBSERVATION,Official report states the track was 85°F at opening.,weather/evidence/raw_pages/2022_www.indycar.com_news_2022_05_05-21-buzz.txt,
TC2022-T02,2022,2022-05-21,TRACK_TEMPERATURE,12:30 p.m. EDT,America/Indiana/Indianapolis,2022-05-21T16:30:00Z,107,degF,41.6666666667,107°F,Day 1 qualifying in progress,Paddock Buzz: Sato Sneaks into Fast 12 after Eventful Day,https://www.indycar.com/news/2022/05/05-21-buzz,INDYCAR_OFFICIAL_EDITORIAL,OFFICIAL_EDITORIAL,EXPLICIT_ASPHALT_TEMPERATURE,DIRECT_NUMERIC_OBSERVATION,Official report states asphalt had heated to 107°F.,weather/evidence/raw_pages/2022_www.indycar.com_news_2022_05_05-21-buzz.txt,
TC2022-Q01,2022,2022-05-21,WIND,early afternoon,America/Indiana/Indianapolis,,,,,wind affected drivability,Day 1 qualifying; Montoya context,Paddock Buzz: Sato Sneaks into Fast 12 after Eventful Day,https://www.indycar.com/news/2022/05/05-21-buzz,INDYCAR_OFFICIAL_EDITORIAL,OFFICIAL_EDITORIAL,QUALITATIVE_OBSERVED_WIND,QUALITATIVE_OBSERVED,Official report describes wind effects but gives no speed or direction.,weather/evidence/raw_pages/2022_www.indycar.com_news_2022_05_05-21-buzz.txt,
TC2023-Q01,2023,2023-05-20,GENERAL_CONDITION,session-wide,America/Indiana/Indianapolis,,,,,sunny skies; temperatures in the mid-70s°F,Day 1 qualifying general conditions,"Rosenqvist Paces Epic, Historic First Qualifying Day at Indy",https://www.indycar.com/News/2023/05/05-20-FirstDayQuals,INDYCAR_OFFICIAL_EDITORIAL,OFFICIAL_EDITORIAL,QUALITATIVE_OBSERVED_WEATHER,QUALITATIVE_OBSERVED,Official recap gives general conditions without a precise time or sensor semantics.,,
TC2024-T01,2024,2024-05-18,TRACK_TEMPERATURE,11:00 a.m. EDT,America/Indiana/Indianapolis,2024-05-18T15:00:00Z,94.6,degF,34.7777777778,94.6°F,Day 1 qualifying opening,Race Report: 2024 Indianapolis 500,https://www.theapex.racing/2024/05/2024-indianapolis-500/,REPUTABLE_SECONDARY_SESSION_REPORT,REPUTABLE_EDITORIAL,EXPLICIT_TRACK_TEMPERATURE,DIRECT_NUMERIC_OBSERVATION,Secondary report attributes the reading to Firestone engineers.,,The located publication is secondary rather than INDYCAR/IMS.
TC2024-A01,2024,2024-05-18,AIR_TEMPERATURE,11:00 a.m. EDT,America/Indiana/Indianapolis,2024-05-18T15:00:00Z,73,degF,22.7777777778,73°F,Day 1 qualifying opening,Race Report: 2024 Indianapolis 500,https://www.theapex.racing/2024/05/2024-indianapolis-500/,REPUTABLE_SECONDARY_SESSION_REPORT,REPUTABLE_EDITORIAL,EXPLICIT_AMBIENT_TEMPERATURE,DIRECT_NUMERIC_OBSERVATION,Secondary report gives ambient temperature as 73°F.,,
TC2024-H01,2024,2024-05-18,RELATIVE_HUMIDITY,11:00 a.m. EDT,America/Indiana/Indianapolis,2024-05-18T15:00:00Z,80,percent,,80%,Day 1 qualifying opening,Race Report: 2024 Indianapolis 500,https://www.theapex.racing/2024/05/2024-indianapolis-500/,REPUTABLE_SECONDARY_SESSION_REPORT,REPUTABLE_EDITORIAL,EXPLICIT_AMBIENT_HUMIDITY,DIRECT_NUMERIC_OBSERVATION,Secondary report gives relative humidity as 80%.,,
TC2024-S01,2024,2024-05-18,SKY_CONDITION,11:00 a.m. EDT,America/Indiana/Indianapolis,2024-05-18T15:00:00Z,,,,mostly cloudy,Day 1 qualifying opening,Race Report: 2024 Indianapolis 500,https://www.theapex.racing/2024/05/2024-indianapolis-500/,REPUTABLE_SECONDARY_SESSION_REPORT,REPUTABLE_EDITORIAL,OBSERVED_GENERAL_SKY_CONDITION,QUALITATIVE_OBSERVED,General sky condition does not establish corner-level shade.,,
TC2024-Q01,2024,2024-05-18,AIR_TEMPERATURE,session-wide,America/Indiana/Indianapolis,,,,,low 80s°F maximum/range description,Day 1 qualifying general conditions,Power Fastest as Penske Eyes Pole after Top Three Sweep,https://www.indycar.com/News/2024/05/05-18-Quals-Day1,INDYCAR_OFFICIAL_EDITORIAL,OFFICIAL_EDITORIAL,QUALITATIVE_AIR_TEMPERATURE_RANGE,QUALITATIVE_OBSERVED,Official recap gives a range without an exact observation time.,,
PTSC2020-0325,2020,2020-08-15,TRACK_TEMPERATURE,08:15:00,America/Indiana/Indianapolis,2020-08-15T12:15:00Z,80.0,degF,26.666666666666668,80°F,Target-date structured observation; rows outside qualifying hours remain Day 1 date context,PTSC-hosted FirestoneTemperatures workbook,https://ptscin.com/wp-content/uploads/2025/06/FirestoneTemperatures.xlsx,PTSC_HOSTED_FIRESTONE_NAMED_WORKBOOK,STRUCTURED_OBSERVED_SOURCE_WITH_UNIT_LIMITATIONS,EXPLICIT_WORKBOOK_TRACK_TEMPERATURE,DIRECT_NUMERIC_OBSERVATION,Sheet 2020 Temp Archive; source row 325; selected date-block occurrence 1; sensor average 79.7°F.,weather/evidence/ptsc/FirestoneTemperatures_current.xlsx,Not INDYCAR official. PTSC hosts a Firestone-named workbook; local metadata does not independently authenticate authorship or measurement operator.
PTSC2020-0326,2020,2020-08-15,TRACK_TEMPERATURE,08:30:00,America/Indiana/Indianapolis,2020-08-15T12:30:00Z,81.0,degF,27.22222222222222,81°F,Target-date structured observation; rows outside qualifying hours remain Day 1 date context,PTSC-hosted FirestoneTemperatures workbook,https://ptscin.com/wp-content/uploads/2025/06/FirestoneTemperatures.xlsx,PTSC_HOSTED_FIRESTONE_NAMED_WORKBOOK,STRUCTURED_OBSERVED_SOURCE_WITH_UNIT_LIMITATIONS,EXPLICIT_WORKBOOK_TRACK_TEMPERATURE,DIRECT_NUMERIC_OBSERVATION,Sheet 2020 Temp Archive; source row 326; selected date-block occurrence 1; sensor average 80.825°F.,weather/evidence/ptsc/FirestoneTemperatures_current.xlsx,Not INDYCAR official. PTSC hosts a Firestone-named workbook; local metadata does not independently authenticate authorship or measurement operator.
PTSC2020-0327,2020,2020-08-15,TRACK_TEMPERATURE,08:45:00,America/Indiana/Indianapolis,2020-08-15T12:45:00Z,82.0,degF,27.77777777777778,82°F,Target-date structured observation; rows outside qualifying hours remain Day 1 date context,PTSC-hosted FirestoneTemperatures workbook,https://ptscin.com/wp-content/uploads/2025/06/FirestoneTemperatures.xlsx,PTSC_HOSTED_FIRESTONE_NAMED_WORKBOOK,STRUCTURED_OBSERVED_SOURCE_WITH_UNIT_LIMITATIONS,EXPLICIT_WORKBOOK_TRACK_TEMPERATURE,DIRECT_NUMERIC_OBSERVATION,Sheet 2020 Temp Archive; source row 327; selected date-block occurrence 1; sensor average 82.325°F.,weather/evidence/ptsc/FirestoneTemperatures_current.xlsx,Not INDYCAR official. PTSC hosts a Firestone-named workbook; local metadata does not independently authenticate authorship or measurement operator.
PTSC2020-0328,2020,2020-08-15,TRACK_TEMPERATURE,09:00:00,America/Indiana/Indianapolis,2020-08-15T13:00:00Z,84.0,degF,28.88888888888889,84°F,Target-date structured observation; rows outside qualifying hours remain Day 1 date context,PTSC-hosted FirestoneTemperatures workbook,https://ptscin.com/wp-content/uploads/2025/06/FirestoneTemperatures.xlsx,PTSC_HOSTED_FIRESTONE_NAMED_WORKBOOK,STRUCTURED_OBSERVED_SOURCE_WITH_UNIT_LIMITATIONS,EXPLICIT_WORKBOOK_TRACK_TEMPERATURE,DIRECT_NUMERIC_OBSERVATION,Sheet 2020 Temp Archive; source row 328; selected date-block occurrence 1; sensor average 83.8°F.,weather/evidence/ptsc/FirestoneTemperatures_current.xlsx,Not INDYCAR official. PTSC hosts a Firestone-named workbook; local metadata does not independently authenticate authorship or measurement operator.
PTSC2020-0329,2020,2020-08-15,TRACK_TEMPERATURE,09:15:00,America/Indiana/Indianapolis,2020-08-15T13:15:00Z,86.0,degF,30.0,86°F,Target-date structured observation; rows outside qualifying hours remain Day 1 date context,PTSC-hosted FirestoneTemperatures workbook,https://ptscin.com/wp-content/uploads/2025/06/FirestoneTemperatures.xlsx,PTSC_HOSTED_FIRESTONE_NAMED_WORKBOOK,STRUCTURED_OBSERVED_SOURCE_WITH_UNIT_LIMITATIONS,EXPLICIT_WORKBOOK_TRACK_TEMPERATURE,DIRECT_NUMERIC_OBSERVATION,Sheet 2020 Temp Archive; source row 329; selected date-block occurrence 1; sensor average 85.75°F.,weather/evidence/ptsc/FirestoneTemperatures_current.xlsx,Not INDYCAR official. PTSC hosts a Firestone-named workbook; local metadata does not independently authenticate authorship or measurement operator.
PTSC2020-0330,2020,2020-08-15,TRACK_TEMPERATURE,09:30:00,America/Indiana/Indianapolis,2020-08-15T13:30:00Z,88.0,degF,31.11111111111111,88°F,Target-date structured observation; rows outside qualifying hours remain Day 1 date context,PTSC-hosted FirestoneTemperatures workbook,https://ptscin.com/wp-content/uploads/2025/06/FirestoneTemperatures.xlsx,PTSC_HOSTED_FIRESTONE_NAMED_WORKBOOK,STRUCTURED_OBSERVED_SOURCE_WITH_UNIT_LIMITATIONS,EXPLICIT_WORKBOOK_TRACK_TEMPERATURE,DIRECT_NUMERIC_OBSERVATION,Sheet 2020 Temp Archive; source row 330; selected date-block occurrence 1; sensor average 87.775°F.,weather/evidence/ptsc/FirestoneTemperatures_current.xlsx,Not INDYCAR official. PTSC hosts a Firestone-named workbook; local metadata does not independently authenticate authorship or measurement operator.
PTSC2020-0331,2020,2020-08-15,TRACK_TEMPERATURE,10:45:00,America/Indiana/Indianapolis,2020-08-15T14:45:00Z,99.0,degF,37.22222222222222,99°F,Target-date structured observation; rows outside qualifying hours remain Day 1 date context,PTSC-hosted FirestoneTemperatures workbook,https://ptscin.com/wp-content/uploads/2025/06/FirestoneTemperatures.xlsx,PTSC_HOSTED_FIRESTONE_NAMED_WORKBOOK,STRUCTURED_OBSERVED_SOURCE_WITH_UNIT_LIMITATIONS,EXPLICIT_WORKBOOK_TRACK_TEMPERATURE,DIRECT_NUMERIC_OBSERVATION,Sheet 2020 Temp Archive; source row 331; selected date-block occurrence 1; sensor average 99.025°F.,weather/evidence/ptsc/FirestoneTemperatures_current.xlsx,Not INDYCAR official. PTSC hosts a Firestone-named workbook; local metadata does not independently authenticate authorship or measurement operator.
PTSC2020-0332,2020,2020-08-15,TRACK_TEMPERATURE,11:00:00,America/Indiana/Indianapolis,2020-08-15T15:00:00Z,101.0,degF,38.333333333333336,101°F,Target-date structured observation; rows outside qualifying hours remain Day 1 date context,PTSC-hosted FirestoneTemperatures workbook,https://ptscin.com/wp-content/uploads/2025/06/FirestoneTemperatures.xlsx,PTSC_HOSTED_FIRESTONE_NAMED_WORKBOOK,STRUCTURED_OBSERVED_SOURCE_WITH_UNIT_LIMITATIONS,EXPLICIT_WORKBOOK_TRACK_TEMPERATURE,DIRECT_NUMERIC_OBSERVATION,Sheet 2020 Temp Archive; source row 332; selected date-block occurrence 1; sensor average 100.675°F.,weather/evidence/ptsc/FirestoneTemperatures_current.xlsx,Not INDYCAR official. PTSC hosts a Firestone-named workbook; local metadata does not independently authenticate authorship or measurement operator.
PTSC2020-0333,2020,2020-08-15,TRACK_TEMPERATURE,11:15:00,America/Indiana/Indianapolis,2020-08-15T15:15:00Z,103.0,degF,39.44444444444444,103°F,Target-date structured observation; rows outside qualifying hours remain Day 1 date context,PTSC-hosted FirestoneTemperatures workbook,https://ptscin.com/wp-content/uploads/2025/06/FirestoneTemperatures.xlsx,PTSC_HOSTED_FIRESTONE_NAMED_WORKBOOK,STRUCTURED_OBSERVED_SOURCE_WITH_UNIT_LIMITATIONS,EXPLICIT_WORKBOOK_TRACK_TEMPERATURE,DIRECT_NUMERIC_OBSERVATION,Sheet 2020 Temp Archive; source row 333; selected date-block occurrence 1; sensor average 102.95°F.,weather/evidence/ptsc/FirestoneTemperatures_current.xlsx,Not INDYCAR official. PTSC hosts a Firestone-named workbook; local metadata does not independently authenticate authorship or measurement operator.
PTSC2020-0334,2020,2020-08-15,TRACK_TEMPERATURE,11:30:00,America/Indiana/Indianapolis,2020-08-15T15:30:00Z,105.0,degF,40.55555555555556,105°F,Target-date structured observation; rows outside qualifying hours remain Day 1 date context,PTSC-hosted FirestoneTemperatures workbook,https://ptscin.com/wp-content/uploads/2025/06/FirestoneTemperatures.xlsx,PTSC_HOSTED_FIRESTONE_NAMED_WORKBOOK,STRUCTURED_OBSERVED_SOURCE_WITH_UNIT_LIMITATIONS,EXPLICIT_WORKBOOK_TRACK_TEMPERATURE,DIRECT_NUMERIC_OBSERVATION,Sheet 2020 Temp Archive; source row 334; selected date-block occurrence 1; sensor average 105.175°F.,weather/evidence/ptsc/FirestoneTemperatures_current.xlsx,Not INDYCAR official. PTSC hosts a Firestone-named workbook; local metadata does not independently authenticate authorship or measurement operator.
PTSC2020-0335,2020,2020-08-15,TRACK_TEMPERATURE,11:45:00,America/Indiana/Indianapolis,2020-08-15T15:45:00Z,107.0,degF,41.666666666666664,107°F,Target-date structured observation; rows outside qualifying hours remain Day 1 date context,PTSC-hosted FirestoneTemperatures workbook,https://ptscin.com/wp-content/uploads/2025/06/FirestoneTemperatures.xlsx,PTSC_HOSTED_FIRESTONE_NAMED_WORKBOOK,STRUCTURED_OBSERVED_SOURCE_WITH_UNIT_LIMITATIONS,EXPLICIT_WORKBOOK_TRACK_TEMPERATURE,DIRECT_NUMERIC_OBSERVATION,Sheet 2020 Temp Archive; source row 335; selected date-block occurrence 1; sensor average 106.5°F.,weather/evidence/ptsc/FirestoneTemperatures_current.xlsx,Not INDYCAR official. PTSC hosts a Firestone-named workbook; local metadata does not independently authenticate authorship or measurement operator.
PTSC2020-0336,2020,2020-08-15,TRACK_TEMPERATURE,12:00:00,America/Indiana/Indianapolis,2020-08-15T16:00:00Z,110.0,degF,43.333333333333336,110°F,Target-date structured observation; rows outside qualifying hours remain Day 1 date context,PTSC-hosted FirestoneTemperatures workbook,https://ptscin.com/wp-content/uploads/2025/06/FirestoneTemperatures.xlsx,PTSC_HOSTED_FIRESTONE_NAMED_WORKBOOK,STRUCTURED_OBSERVED_SOURCE_WITH_UNIT_LIMITATIONS,EXPLICIT_WORKBOOK_TRACK_TEMPERATURE,DIRECT_NUMERIC_OBSERVATION,Sheet 2020 Temp Archive; source row 336; selected date-block occurrence 1; sensor average 110.1°F.,weather/evidence/ptsc/FirestoneTemperatures_current.xlsx,Not INDYCAR official. PTSC hosts a Firestone-named workbook; local metadata does not independently authenticate authorship or measurement operator.
PTSC2020-0337,2020,2020-08-15,TRACK_TEMPERATURE,12:15:00,America/Indiana/Indianapolis,2020-08-15T16:15:00Z,116.0,degF,46.666666666666664,116°F,Target-date structured observation; rows outside qualifying hours remain Day 1 date context,PTSC-hosted FirestoneTemperatures workbook,https://ptscin.com/wp-content/uploads/2025/06/FirestoneTemperatures.xlsx,PTSC_HOSTED_FIRESTONE_NAMED_WORKBOOK,STRUCTURED_OBSERVED_SOURCE_WITH_UNIT_LIMITATIONS,EXPLICIT_WORKBOOK_TRACK_TEMPERATURE,DIRECT_NUMERIC_OBSERVATION,Sheet 2020 Temp Archive; source row 337; selected date-block occurrence 1; sensor average 115.57500000000002°F.,weather/evidence/ptsc/FirestoneTemperatures_current.xlsx,Not INDYCAR official. PTSC hosts a Firestone-named workbook; local metadata does not independently authenticate authorship or measurement operator.
PTSC2020-0338,2020,2020-08-15,TRACK_TEMPERATURE,12:30:00,America/Indiana/Indianapolis,2020-08-15T16:30:00Z,118.0,degF,47.77777777777778,118°F,Target-date structured observation; rows outside qualifying hours remain Day 1 date context,PTSC-hosted FirestoneTemperatures workbook,https://ptscin.com/wp-content/uploads/2025/06/FirestoneTemperatures.xlsx,PTSC_HOSTED_FIRESTONE_NAMED_WORKBOOK,STRUCTURED_OBSERVED_SOURCE_WITH_UNIT_LIMITATIONS,EXPLICIT_WORKBOOK_TRACK_TEMPERATURE,DIRECT_NUMERIC_OBSERVATION,Sheet 2020 Temp Archive; source row 338; selected date-block occurrence 1; sensor average 117.85°F.,weather/evidence/ptsc/FirestoneTemperatures_current.xlsx,Not INDYCAR official. PTSC hosts a Firestone-named workbook; local metadata does not independently authenticate authorship or measurement operator.
PTSC2020-0339,2020,2020-08-15,TRACK_TEMPERATURE,12:45:00,America/Indiana/Indianapolis,2020-08-15T16:45:00Z,120.0,degF,48.888888888888886,120°F,Target-date structured observation; rows outside qualifying hours remain Day 1 date context,PTSC-hosted FirestoneTemperatures workbook,https://ptscin.com/wp-content/uploads/2025/06/FirestoneTemperatures.xlsx,PTSC_HOSTED_FIRESTONE_NAMED_WORKBOOK,STRUCTURED_OBSERVED_SOURCE_WITH_UNIT_LIMITATIONS,EXPLICIT_WORKBOOK_TRACK_TEMPERATURE,DIRECT_NUMERIC_OBSERVATION,Sheet 2020 Temp Archive; source row 339; selected date-block occurrence 1; sensor average 120.25°F.,weather/evidence/ptsc/FirestoneTemperatures_current.xlsx,Not INDYCAR official. PTSC hosts a Firestone-named workbook; local metadata does not independently authenticate authorship or measurement operator.
PTSC2020-0340,2020,2020-08-15,TRACK_TEMPERATURE,13:00:00,America/Indiana/Indianapolis,2020-08-15T17:00:00Z,122.0,degF,50.0,122°F,Target-date structured observation; rows outside qualifying hours remain Day 1 date context,PTSC-hosted FirestoneTemperatures workbook,https://ptscin.com/wp-content/uploads/2025/06/FirestoneTemperatures.xlsx,PTSC_HOSTED_FIRESTONE_NAMED_WORKBOOK,STRUCTURED_OBSERVED_SOURCE_WITH_UNIT_LIMITATIONS,EXPLICIT_WORKBOOK_TRACK_TEMPERATURE,DIRECT_NUMERIC_OBSERVATION,Sheet 2020 Temp Archive; source row 340; selected date-block occurrence 1; sensor average 121.55°F.,weather/evidence/ptsc/FirestoneTemperatures_current.xlsx,Not INDYCAR official. PTSC hosts a Firestone-named workbook; local metadata does not independently authenticate authorship or measurement operator.
PTSC2020-0341,2020,2020-08-15,TRACK_TEMPERATURE,13:15:00,America/Indiana/Indianapolis,2020-08-15T17:15:00Z,123.0,degF,50.55555555555556,123°F,Target-date structured observation; rows outside qualifying hours remain Day 1 date context,PTSC-hosted FirestoneTemperatures workbook,https://ptscin.com/wp-content/uploads/2025/06/FirestoneTemperatures.xlsx,PTSC_HOSTED_FIRESTONE_NAMED_WORKBOOK,STRUCTURED_OBSERVED_SOURCE_WITH_UNIT_LIMITATIONS,EXPLICIT_WORKBOOK_TRACK_TEMPERATURE,DIRECT_NUMERIC_OBSERVATION,Sheet 2020 Temp Archive; source row 341; selected date-block occurrence 1; sensor average 123.05°F.,weather/evidence/ptsc/FirestoneTemperatures_current.xlsx,Not INDYCAR official. PTSC hosts a Firestone-named workbook; local metadata does not independently authenticate authorship or measurement operator.
PTSC2020-0342,2020,2020-08-15,TRACK_TEMPERATURE,13:30:00,America/Indiana/Indianapolis,2020-08-15T17:30:00Z,125.0,degF,51.666666666666664,125°F,Target-date structured observation; rows outside qualifying hours remain Day 1 date context,PTSC-hosted FirestoneTemperatures workbook,https://ptscin.com/wp-content/uploads/2025/06/FirestoneTemperatures.xlsx,PTSC_HOSTED_FIRESTONE_NAMED_WORKBOOK,STRUCTURED_OBSERVED_SOURCE_WITH_UNIT_LIMITATIONS,EXPLICIT_WORKBOOK_TRACK_TEMPERATURE,DIRECT_NUMERIC_OBSERVATION,Sheet 2020 Temp Archive; source row 342; selected date-block occurrence 1; sensor average 125.25°F.,weather/evidence/ptsc/FirestoneTemperatures_current.xlsx,Not INDYCAR official. PTSC hosts a Firestone-named workbook; local metadata does not independently authenticate authorship or measurement operator.
PTSC2020-0343,2020,2020-08-15,TRACK_TEMPERATURE,13:45:00,America/Indiana/Indianapolis,2020-08-15T17:45:00Z,128.0,degF,53.333333333333336,128°F,Target-date structured observation; rows outside qualifying hours remain Day 1 date context,PTSC-hosted FirestoneTemperatures workbook,https://ptscin.com/wp-content/uploads/2025/06/FirestoneTemperatures.xlsx,PTSC_HOSTED_FIRESTONE_NAMED_WORKBOOK,STRUCTURED_OBSERVED_SOURCE_WITH_UNIT_LIMITATIONS,EXPLICIT_WORKBOOK_TRACK_TEMPERATURE,DIRECT_NUMERIC_OBSERVATION,Sheet 2020 Temp Archive; source row 343; selected date-block occurrence 1; sensor average 127.95°F.,weather/evidence/ptsc/FirestoneTemperatures_current.xlsx,Not INDYCAR official. PTSC hosts a Firestone-named workbook; local metadata does not independently authenticate authorship or measurement operator.
PTSC2020-0344,2020,2020-08-15,TRACK_TEMPERATURE,14:00:00,America/Indiana/Indianapolis,2020-08-15T18:00:00Z,122.0,degF,50.0,122°F,Target-date structured observation; rows outside qualifying hours remain Day 1 date context,PTSC-hosted FirestoneTemperatures workbook,https://ptscin.com/wp-content/uploads/2025/06/FirestoneTemperatures.xlsx,PTSC_HOSTED_FIRESTONE_NAMED_WORKBOOK,STRUCTURED_OBSERVED_SOURCE_WITH_UNIT_LIMITATIONS,EXPLICIT_WORKBOOK_TRACK_TEMPERATURE,DIRECT_NUMERIC_OBSERVATION,Sheet 2020 Temp Archive; source row 344; selected date-block occurrence 1; sensor average 122.075°F.,weather/evidence/ptsc/FirestoneTemperatures_current.xlsx,Not INDYCAR official. PTSC hosts a Firestone-named workbook; local metadata does not independently authenticate authorship or measurement operator.
PTSC2020-0345,2020,2020-08-15,TRACK_TEMPERATURE,14:15:00,America/Indiana/Indianapolis,2020-08-15T18:15:00Z,124.0,degF,51.111111111111114,124°F,Target-date structured observation; rows outside qualifying hours remain Day 1 date context,PTSC-hosted FirestoneTemperatures workbook,https://ptscin.com/wp-content/uploads/2025/06/FirestoneTemperatures.xlsx,PTSC_HOSTED_FIRESTONE_NAMED_WORKBOOK,STRUCTURED_OBSERVED_SOURCE_WITH_UNIT_LIMITATIONS,EXPLICIT_WORKBOOK_TRACK_TEMPERATURE,DIRECT_NUMERIC_OBSERVATION,Sheet 2020 Temp Archive; source row 345; selected date-block occurrence 1; sensor average 123.75°F.,weather/evidence/ptsc/FirestoneTemperatures_current.xlsx,Not INDYCAR official. PTSC hosts a Firestone-named workbook; local metadata does not independently authenticate authorship or measurement operator.
PTSC2020-0346,2020,2020-08-15,TRACK_TEMPERATURE,14:30:00,America/Indiana/Indianapolis,2020-08-15T18:30:00Z,129.0,degF,53.888888888888886,129°F,Target-date structured observation; rows outside qualifying hours remain Day 1 date context,PTSC-hosted FirestoneTemperatures workbook,https://ptscin.com/wp-content/uploads/2025/06/FirestoneTemperatures.xlsx,PTSC_HOSTED_FIRESTONE_NAMED_WORKBOOK,STRUCTURED_OBSERVED_SOURCE_WITH_UNIT_LIMITATIONS,EXPLICIT_WORKBOOK_TRACK_TEMPERATURE,DIRECT_NUMERIC_OBSERVATION,Sheet 2020 Temp Archive; source row 346; selected date-block occurrence 1; sensor average 129.35°F.,weather/evidence/ptsc/FirestoneTemperatures_current.xlsx,Not INDYCAR official. PTSC hosts a Firestone-named workbook; local metadata does not independently authenticate authorship or measurement operator.
PTSC2020-0347,2020,2020-08-15,TRACK_TEMPERATURE,14:45:00,America/Indiana/Indianapolis,2020-08-15T18:45:00Z,123.0,degF,50.55555555555556,123°F,Target-date structured observation; rows outside qualifying hours remain Day 1 date context,PTSC-hosted FirestoneTemperatures workbook,https://ptscin.com/wp-content/uploads/2025/06/FirestoneTemperatures.xlsx,PTSC_HOSTED_FIRESTONE_NAMED_WORKBOOK,STRUCTURED_OBSERVED_SOURCE_WITH_UNIT_LIMITATIONS,EXPLICIT_WORKBOOK_TRACK_TEMPERATURE,DIRECT_NUMERIC_OBSERVATION,Sheet 2020 Temp Archive; source row 347; selected date-block occurrence 1; sensor average 123.375°F.,weather/evidence/ptsc/FirestoneTemperatures_current.xlsx,Not INDYCAR official. PTSC hosts a Firestone-named workbook; local metadata does not independently authenticate authorship or measurement operator.
PTSC2020-0348,2020,2020-08-15,TRACK_TEMPERATURE,15:00:00,America/Indiana/Indianapolis,2020-08-15T19:00:00Z,123.0,degF,50.55555555555556,123°F,Target-date structured observation; rows outside qualifying hours remain Day 1 date context,PTSC-hosted FirestoneTemperatures workbook,https://ptscin.com/wp-content/uploads/2025/06/FirestoneTemperatures.xlsx,PTSC_HOSTED_FIRESTONE_NAMED_WORKBOOK,STRUCTURED_OBSERVED_SOURCE_WITH_UNIT_LIMITATIONS,EXPLICIT_WORKBOOK_TRACK_TEMPERATURE,DIRECT_NUMERIC_OBSERVATION,Sheet 2020 Temp Archive; source row 348; selected date-block occurrence 1; sensor average 122.725°F.,weather/evidence/ptsc/FirestoneTemperatures_current.xlsx,Not INDYCAR official. PTSC hosts a Firestone-named workbook; local metadata does not independently authenticate authorship or measurement operator.
PTSC2020-0349,2020,2020-08-15,TRACK_TEMPERATURE,15:15:00,America/Indiana/Indianapolis,2020-08-15T19:15:00Z,124.0,degF,51.111111111111114,124°F,Target-date structured observation; rows outside qualifying hours remain Day 1 date context,PTSC-hosted FirestoneTemperatures workbook,https://ptscin.com/wp-content/uploads/2025/06/FirestoneTemperatures.xlsx,PTSC_HOSTED_FIRESTONE_NAMED_WORKBOOK,STRUCTURED_OBSERVED_SOURCE_WITH_UNIT_LIMITATIONS,EXPLICIT_WORKBOOK_TRACK_TEMPERATURE,DIRECT_NUMERIC_OBSERVATION,Sheet 2020 Temp Archive; source row 349; selected date-block occurrence 1; sensor average 124.25°F.,weather/evidence/ptsc/FirestoneTemperatures_current.xlsx,Not INDYCAR official. PTSC hosts a Firestone-named workbook; local metadata does not independently authenticate authorship or measurement operator.
PTSC2020-0350,2020,2020-08-15,TRACK_TEMPERATURE,15:30:00,America/Indiana/Indianapolis,2020-08-15T19:30:00Z,128.0,degF,53.333333333333336,128°F,Target-date structured observation; rows outside qualifying hours remain Day 1 date context,PTSC-hosted FirestoneTemperatures workbook,https://ptscin.com/wp-content/uploads/2025/06/FirestoneTemperatures.xlsx,PTSC_HOSTED_FIRESTONE_NAMED_WORKBOOK,STRUCTURED_OBSERVED_SOURCE_WITH_UNIT_LIMITATIONS,EXPLICIT_WORKBOOK_TRACK_TEMPERATURE,DIRECT_NUMERIC_OBSERVATION,Sheet 2020 Temp Archive; source row 350; selected date-block occurrence 1; sensor average 127.525°F.,weather/evidence/ptsc/FirestoneTemperatures_current.xlsx,Not INDYCAR official. PTSC hosts a Firestone-named workbook; local metadata does not independently authenticate authorship or measurement operator.
PTSC2020-0351,2020,2020-08-15,TRACK_TEMPERATURE,15:45:00,America/Indiana/Indianapolis,2020-08-15T19:45:00Z,130.0,degF,54.44444444444444,130°F,Target-date structured observation; rows outside qualifying hours remain Day 1 date context,PTSC-hosted FirestoneTemperatures workbook,https://ptscin.com/wp-content/uploads/2025/06/FirestoneTemperatures.xlsx,PTSC_HOSTED_FIRESTONE_NAMED_WORKBOOK,STRUCTURED_OBSERVED_SOURCE_WITH_UNIT_LIMITATIONS,EXPLICIT_WORKBOOK_TRACK_TEMPERATURE,DIRECT_NUMERIC_OBSERVATION,Sheet 2020 Temp Archive; source row 351; selected date-block occurrence 1; sensor average 130.22500000000002°F.,weather/evidence/ptsc/FirestoneTemperatures_current.xlsx,Not INDYCAR official. PTSC hosts a Firestone-named workbook; local metadata does not independently authenticate authorship or measurement operator.
PTSC2020-0352,2020,2020-08-15,TRACK_TEMPERATURE,16:00:00,America/Indiana/Indianapolis,2020-08-15T20:00:00Z,130.0,degF,54.44444444444444,130°F,Target-date structured observation; rows outside qualifying hours remain Day 1 date context,PTSC-hosted FirestoneTemperatures workbook,https://ptscin.com/wp-content/uploads/2025/06/FirestoneTemperatures.xlsx,PTSC_HOSTED_FIRESTONE_NAMED_WORKBOOK,STRUCTURED_OBSERVED_SOURCE_WITH_UNIT_LIMITATIONS,EXPLICIT_WORKBOOK_TRACK_TEMPERATURE,DIRECT_NUMERIC_OBSERVATION,Sheet 2020 Temp Archive; source row 352; selected date-block occurrence 1; sensor average 129.825°F.,weather/evidence/ptsc/FirestoneTemperatures_current.xlsx,Not INDYCAR official. PTSC hosts a Firestone-named workbook; local metadata does not independently authenticate authorship or measurement operator.
PTSC2020-0353,2020,2020-08-15,TRACK_TEMPERATURE,16:15:00,America/Indiana/Indianapolis,2020-08-15T20:15:00Z,126.0,degF,52.22222222222222,126°F,Target-date structured observation; rows outside qualifying hours remain Day 1 date context,PTSC-hosted FirestoneTemperatures workbook,https://ptscin.com/wp-content/uploads/2025/06/FirestoneTemperatures.xlsx,PTSC_HOSTED_FIRESTONE_NAMED_WORKBOOK,STRUCTURED_OBSERVED_SOURCE_WITH_UNIT_LIMITATIONS,EXPLICIT_WORKBOOK_TRACK_TEMPERATURE,DIRECT_NUMERIC_OBSERVATION,Sheet 2020 Temp Archive; source row 353; selected date-block occurrence 1; sensor average 126.15°F.,weather/evidence/ptsc/FirestoneTemperatures_current.xlsx,Not INDYCAR official. PTSC hosts a Firestone-named workbook; local metadata does not independently authenticate authorship or measurement operator.
PTSC2020-0354,2020,2020-08-15,TRACK_TEMPERATURE,16:30:00,America/Indiana/Indianapolis,2020-08-15T20:30:00Z,126.0,degF,52.22222222222222,126°F,Target-date structured observation; rows outside qualifying hours remain Day 1 date context,PTSC-hosted FirestoneTemperatures workbook,https://ptscin.com/wp-content/uploads/2025/06/FirestoneTemperatures.xlsx,PTSC_HOSTED_FIRESTONE_NAMED_WORKBOOK,STRUCTURED_OBSERVED_SOURCE_WITH_UNIT_LIMITATIONS,EXPLICIT_WORKBOOK_TRACK_TEMPERATURE,DIRECT_NUMERIC_OBSERVATION,Sheet 2020 Temp Archive; source row 354; selected date-block occurrence 1; sensor average 126.4°F.,weather/evidence/ptsc/FirestoneTemperatures_current.xlsx,Not INDYCAR official. PTSC hosts a Firestone-named workbook; local metadata does not independently authenticate authorship or measurement operator.
PTSC2020-0355,2020,2020-08-15,TRACK_TEMPERATURE,16:45:00,America/Indiana/Indianapolis,2020-08-15T20:45:00Z,128.0,degF,53.333333333333336,128°F,Target-date structured observation; rows outside qualifying hours remain Day 1 date context,PTSC-hosted FirestoneTemperatures workbook,https://ptscin.com/wp-content/uploads/2025/06/FirestoneTemperatures.xlsx,PTSC_HOSTED_FIRESTONE_NAMED_WORKBOOK,STRUCTURED_OBSERVED_SOURCE_WITH_UNIT_LIMITATIONS,EXPLICIT_WORKBOOK_TRACK_TEMPERATURE,DIRECT_NUMERIC_OBSERVATION,Sheet 2020 Temp Archive; source row 355; selected date-block occurrence 1; sensor average 127.975°F.,weather/evidence/ptsc/FirestoneTemperatures_current.xlsx,Not INDYCAR official. PTSC hosts a Firestone-named workbook; local metadata does not independently authenticate authorship or measurement operator.
PTSC2020-0356,2020,2020-08-15,TRACK_TEMPERATURE,16:50:00,America/Indiana/Indianapolis,2020-08-15T20:50:00Z,127.0,degF,52.77777777777778,127°F,Target-date structured observation; rows outside qualifying hours remain Day 1 date context,PTSC-hosted FirestoneTemperatures workbook,https://ptscin.com/wp-content/uploads/2025/06/FirestoneTemperatures.xlsx,PTSC_HOSTED_FIRESTONE_NAMED_WORKBOOK,STRUCTURED_OBSERVED_SOURCE_WITH_UNIT_LIMITATIONS,EXPLICIT_WORKBOOK_TRACK_TEMPERATURE,DIRECT_NUMERIC_OBSERVATION,Sheet 2020 Temp Archive; source row 356; selected date-block occurrence 1; sensor average 126.75°F.,weather/evidence/ptsc/FirestoneTemperatures_current.xlsx,Not INDYCAR official. PTSC hosts a Firestone-named workbook; local metadata does not independently authenticate authorship or measurement operator.
PTSC2021-0342,2021,2021-05-22,TRACK_TEMPERATURE,08:45:00,America/Indiana/Indianapolis,2021-05-22T12:45:00Z,76.0,degF,24.444444444444443,76°F,Target-date structured observation; rows outside qualifying hours remain Day 1 date context,PTSC-hosted FirestoneTemperatures workbook,https://ptscin.com/wp-content/uploads/2025/06/FirestoneTemperatures.xlsx,PTSC_HOSTED_FIRESTONE_NAMED_WORKBOOK,STRUCTURED_OBSERVED_SOURCE_WITH_UNIT_LIMITATIONS,EXPLICIT_WORKBOOK_TRACK_TEMPERATURE,DIRECT_NUMERIC_OBSERVATION,Sheet 2021 Temp Archive; source row 342; selected date-block occurrence 1; sensor average 75.5°F.,weather/evidence/ptsc/FirestoneTemperatures_current.xlsx,Not INDYCAR official. PTSC hosts a Firestone-named workbook; local metadata does not independently authenticate authorship or measurement operator.
PTSC2021-0343,2021,2021-05-22,TRACK_TEMPERATURE,09:15:00,America/Indiana/Indianapolis,2021-05-22T13:15:00Z,78.0,degF,25.555555555555557,78°F,Target-date structured observation; rows outside qualifying hours remain Day 1 date context,PTSC-hosted FirestoneTemperatures workbook,https://ptscin.com/wp-content/uploads/2025/06/FirestoneTemperatures.xlsx,PTSC_HOSTED_FIRESTONE_NAMED_WORKBOOK,STRUCTURED_OBSERVED_SOURCE_WITH_UNIT_LIMITATIONS,EXPLICIT_WORKBOOK_TRACK_TEMPERATURE,DIRECT_NUMERIC_OBSERVATION,Sheet 2021 Temp Archive; source row 343; selected date-block occurrence 1; sensor average 78.075°F.,weather/evidence/ptsc/FirestoneTemperatures_current.xlsx,Not INDYCAR official. PTSC hosts a Firestone-named workbook; local metadata does not independently authenticate authorship or measurement operator.
PTSC2021-0344,2021,2021-05-22,TRACK_TEMPERATURE,09:30:00,America/Indiana/Indianapolis,2021-05-22T13:30:00Z,79.0,degF,26.11111111111111,79°F,Target-date structured observation; rows outside qualifying hours remain Day 1 date context,PTSC-hosted FirestoneTemperatures workbook,https://ptscin.com/wp-content/uploads/2025/06/FirestoneTemperatures.xlsx,PTSC_HOSTED_FIRESTONE_NAMED_WORKBOOK,STRUCTURED_OBSERVED_SOURCE_WITH_UNIT_LIMITATIONS,EXPLICIT_WORKBOOK_TRACK_TEMPERATURE,DIRECT_NUMERIC_OBSERVATION,Sheet 2021 Temp Archive; source row 344; selected date-block occurrence 1; sensor average 78.85°F.,weather/evidence/ptsc/FirestoneTemperatures_current.xlsx,Not INDYCAR official. PTSC hosts a Firestone-named workbook; local metadata does not independently authenticate authorship or measurement operator.
PTSC2021-0345,2021,2021-05-22,TRACK_TEMPERATURE,09:45:00,America/Indiana/Indianapolis,2021-05-22T13:45:00Z,80.0,degF,26.666666666666668,80°F,Target-date structured observation; rows outside qualifying hours remain Day 1 date context,PTSC-hosted FirestoneTemperatures workbook,https://ptscin.com/wp-content/uploads/2025/06/FirestoneTemperatures.xlsx,PTSC_HOSTED_FIRESTONE_NAMED_WORKBOOK,STRUCTURED_OBSERVED_SOURCE_WITH_UNIT_LIMITATIONS,EXPLICIT_WORKBOOK_TRACK_TEMPERATURE,DIRECT_NUMERIC_OBSERVATION,Sheet 2021 Temp Archive; source row 345; selected date-block occurrence 1; sensor average 79.75°F.,weather/evidence/ptsc/FirestoneTemperatures_current.xlsx,Not INDYCAR official. PTSC hosts a Firestone-named workbook; local metadata does not independently authenticate authorship or measurement operator.
PTSC2021-0346,2021,2021-05-22,TRACK_TEMPERATURE,10:00:00,America/Indiana/Indianapolis,2021-05-22T14:00:00Z,80.0,degF,26.666666666666668,80°F,Target-date structured observation; rows outside qualifying hours remain Day 1 date context,PTSC-hosted FirestoneTemperatures workbook,https://ptscin.com/wp-content/uploads/2025/06/FirestoneTemperatures.xlsx,PTSC_HOSTED_FIRESTONE_NAMED_WORKBOOK,STRUCTURED_OBSERVED_SOURCE_WITH_UNIT_LIMITATIONS,EXPLICIT_WORKBOOK_TRACK_TEMPERATURE,DIRECT_NUMERIC_OBSERVATION,Sheet 2021 Temp Archive; source row 346; selected date-block occurrence 1; sensor average 80.1°F.,weather/evidence/ptsc/FirestoneTemperatures_current.xlsx,Not INDYCAR official. PTSC hosts a Firestone-named workbook; local metadata does not independently authenticate authorship or measurement operator.
PTSC2021-0347,2021,2021-05-22,TRACK_TEMPERATURE,10:15:00,America/Indiana/Indianapolis,2021-05-22T14:15:00Z,82.0,degF,27.77777777777778,82°F,Target-date structured observation; rows outside qualifying hours remain Day 1 date context,PTSC-hosted FirestoneTemperatures workbook,https://ptscin.com/wp-content/uploads/2025/06/FirestoneTemperatures.xlsx,PTSC_HOSTED_FIRESTONE_NAMED_WORKBOOK,STRUCTURED_OBSERVED_SOURCE_WITH_UNIT_LIMITATIONS,EXPLICIT_WORKBOOK_TRACK_TEMPERATURE,DIRECT_NUMERIC_OBSERVATION,Sheet 2021 Temp Archive; source row 347; selected date-block occurrence 1; sensor average 81.525°F.,weather/evidence/ptsc/FirestoneTemperatures_current.xlsx,Not INDYCAR official. PTSC hosts a Firestone-named workbook; local metadata does not independently authenticate authorship or measurement operator.
PTSC2021-0348,2021,2021-05-22,TRACK_TEMPERATURE,10:30:00,America/Indiana/Indianapolis,2021-05-22T14:30:00Z,83.0,degF,28.333333333333332,83°F,Target-date structured observation; rows outside qualifying hours remain Day 1 date context,PTSC-hosted FirestoneTemperatures workbook,https://ptscin.com/wp-content/uploads/2025/06/FirestoneTemperatures.xlsx,PTSC_HOSTED_FIRESTONE_NAMED_WORKBOOK,STRUCTURED_OBSERVED_SOURCE_WITH_UNIT_LIMITATIONS,EXPLICIT_WORKBOOK_TRACK_TEMPERATURE,DIRECT_NUMERIC_OBSERVATION,Sheet 2021 Temp Archive; source row 348; selected date-block occurrence 1; sensor average 82.675°F.,weather/evidence/ptsc/FirestoneTemperatures_current.xlsx,Not INDYCAR official. PTSC hosts a Firestone-named workbook; local metadata does not independently authenticate authorship or measurement operator.
PTSC2021-0349,2021,2021-05-22,TRACK_TEMPERATURE,11:45:00,America/Indiana/Indianapolis,2021-05-22T15:45:00Z,91.0,degF,32.77777777777778,91°F,Target-date structured observation; rows outside qualifying hours remain Day 1 date context,PTSC-hosted FirestoneTemperatures workbook,https://ptscin.com/wp-content/uploads/2025/06/FirestoneTemperatures.xlsx,PTSC_HOSTED_FIRESTONE_NAMED_WORKBOOK,STRUCTURED_OBSERVED_SOURCE_WITH_UNIT_LIMITATIONS,EXPLICIT_WORKBOOK_TRACK_TEMPERATURE,DIRECT_NUMERIC_OBSERVATION,Sheet 2021 Temp Archive; source row 349; selected date-block occurrence 1; sensor average 91.075°F.,weather/evidence/ptsc/FirestoneTemperatures_current.xlsx,Not INDYCAR official. PTSC hosts a Firestone-named workbook; local metadata does not independently authenticate authorship or measurement operator.
PTSC2021-0350,2021,2021-05-22,TRACK_TEMPERATURE,12:00:00,America/Indiana/Indianapolis,2021-05-22T16:00:00Z,94.0,degF,34.44444444444444,94°F,Target-date structured observation; rows outside qualifying hours remain Day 1 date context,PTSC-hosted FirestoneTemperatures workbook,https://ptscin.com/wp-content/uploads/2025/06/FirestoneTemperatures.xlsx,PTSC_HOSTED_FIRESTONE_NAMED_WORKBOOK,STRUCTURED_OBSERVED_SOURCE_WITH_UNIT_LIMITATIONS,EXPLICIT_WORKBOOK_TRACK_TEMPERATURE,DIRECT_NUMERIC_OBSERVATION,Sheet 2021 Temp Archive; source row 350; selected date-block occurrence 1; sensor average 93.7°F.,weather/evidence/ptsc/FirestoneTemperatures_current.xlsx,Not INDYCAR official. PTSC hosts a Firestone-named workbook; local metadata does not independently authenticate authorship or measurement operator.
PTSC2021-0351,2021,2021-05-22,TRACK_TEMPERATURE,12:15:00,America/Indiana/Indianapolis,2021-05-22T16:15:00Z,94.0,degF,34.44444444444444,94°F,Target-date structured observation; rows outside qualifying hours remain Day 1 date context,PTSC-hosted FirestoneTemperatures workbook,https://ptscin.com/wp-content/uploads/2025/06/FirestoneTemperatures.xlsx,PTSC_HOSTED_FIRESTONE_NAMED_WORKBOOK,STRUCTURED_OBSERVED_SOURCE_WITH_UNIT_LIMITATIONS,EXPLICIT_WORKBOOK_TRACK_TEMPERATURE,DIRECT_NUMERIC_OBSERVATION,Sheet 2021 Temp Archive; source row 351; selected date-block occurrence 1; sensor average 94.225°F.,weather/evidence/ptsc/FirestoneTemperatures_current.xlsx,Not INDYCAR official. PTSC hosts a Firestone-named workbook; local metadata does not independently authenticate authorship or measurement operator.
PTSC2021-0352,2021,2021-05-22,TRACK_TEMPERATURE,12:30:00,America/Indiana/Indianapolis,2021-05-22T16:30:00Z,95.0,degF,35.0,95°F,Target-date structured observation; rows outside qualifying hours remain Day 1 date context,PTSC-hosted FirestoneTemperatures workbook,https://ptscin.com/wp-content/uploads/2025/06/FirestoneTemperatures.xlsx,PTSC_HOSTED_FIRESTONE_NAMED_WORKBOOK,STRUCTURED_OBSERVED_SOURCE_WITH_UNIT_LIMITATIONS,EXPLICIT_WORKBOOK_TRACK_TEMPERATURE,DIRECT_NUMERIC_OBSERVATION,Sheet 2021 Temp Archive; source row 352; selected date-block occurrence 1; sensor average 94.7°F.,weather/evidence/ptsc/FirestoneTemperatures_current.xlsx,Not INDYCAR official. PTSC hosts a Firestone-named workbook; local metadata does not independently authenticate authorship or measurement operator.
PTSC2021-0353,2021,2021-05-22,TRACK_TEMPERATURE,12:45:00,America/Indiana/Indianapolis,2021-05-22T16:45:00Z,97.0,degF,36.111111111111114,97°F,Target-date structured observation; rows outside qualifying hours remain Day 1 date context,PTSC-hosted FirestoneTemperatures workbook,https://ptscin.com/wp-content/uploads/2025/06/FirestoneTemperatures.xlsx,PTSC_HOSTED_FIRESTONE_NAMED_WORKBOOK,STRUCTURED_OBSERVED_SOURCE_WITH_UNIT_LIMITATIONS,EXPLICIT_WORKBOOK_TRACK_TEMPERATURE,DIRECT_NUMERIC_OBSERVATION,Sheet 2021 Temp Archive; source row 353; selected date-block occurrence 1; sensor average 96.675°F.,weather/evidence/ptsc/FirestoneTemperatures_current.xlsx,Not INDYCAR official. PTSC hosts a Firestone-named workbook; local metadata does not independently authenticate authorship or measurement operator.
PTSC2021-0354,2021,2021-05-22,TRACK_TEMPERATURE,13:00:00,America/Indiana/Indianapolis,2021-05-22T17:00:00Z,98.0,degF,36.666666666666664,98°F,Target-date structured observation; rows outside qualifying hours remain Day 1 date context,PTSC-hosted FirestoneTemperatures workbook,https://ptscin.com/wp-content/uploads/2025/06/FirestoneTemperatures.xlsx,PTSC_HOSTED_FIRESTONE_NAMED_WORKBOOK,STRUCTURED_OBSERVED_SOURCE_WITH_UNIT_LIMITATIONS,EXPLICIT_WORKBOOK_TRACK_TEMPERATURE,DIRECT_NUMERIC_OBSERVATION,Sheet 2021 Temp Archive; source row 354; selected date-block occurrence 1; sensor average 97.75°F.,weather/evidence/ptsc/FirestoneTemperatures_current.xlsx,Not INDYCAR official. PTSC hosts a Firestone-named workbook; local metadata does not independently authenticate authorship or measurement operator.
PTSC2021-0355,2021,2021-05-22,TRACK_TEMPERATURE,13:15:00,America/Indiana/Indianapolis,2021-05-22T17:15:00Z,101.0,degF,38.333333333333336,101°F,Target-date structured observation; rows outside qualifying hours remain Day 1 date context,PTSC-hosted FirestoneTemperatures workbook,https://ptscin.com/wp-content/uploads/2025/06/FirestoneTemperatures.xlsx,PTSC_HOSTED_FIRESTONE_NAMED_WORKBOOK,STRUCTURED_OBSERVED_SOURCE_WITH_UNIT_LIMITATIONS,EXPLICIT_WORKBOOK_TRACK_TEMPERATURE,DIRECT_NUMERIC_OBSERVATION,Sheet 2021 Temp Archive; source row 355; selected date-block occurrence 1; sensor average 101.45°F.,weather/evidence/ptsc/FirestoneTemperatures_current.xlsx,Not INDYCAR official. PTSC hosts a Firestone-named workbook; local metadata does not independently authenticate authorship or measurement operator.
PTSC2021-0356,2021,2021-05-22,TRACK_TEMPERATURE,13:30:00,America/Indiana/Indianapolis,2021-05-22T17:30:00Z,101.0,degF,38.333333333333336,101°F,Target-date structured observation; rows outside qualifying hours remain Day 1 date context,PTSC-hosted FirestoneTemperatures workbook,https://ptscin.com/wp-content/uploads/2025/06/FirestoneTemperatures.xlsx,PTSC_HOSTED_FIRESTONE_NAMED_WORKBOOK,STRUCTURED_OBSERVED_SOURCE_WITH_UNIT_LIMITATIONS,EXPLICIT_WORKBOOK_TRACK_TEMPERATURE,DIRECT_NUMERIC_OBSERVATION,Sheet 2021 Temp Archive; source row 356; selected date-block occurrence 1; sensor average 101.475°F.,weather/evidence/ptsc/FirestoneTemperatures_current.xlsx,Not INDYCAR official. PTSC hosts a Firestone-named workbook; local metadata does not independently authenticate authorship or measurement operator.
PTSC2021-0357,2021,2021-05-22,TRACK_TEMPERATURE,13:45:00,America/Indiana/Indianapolis,2021-05-22T17:45:00Z,101.0,degF,38.333333333333336,101°F,Target-date structured observation; rows outside qualifying hours remain Day 1 date context,PTSC-hosted FirestoneTemperatures workbook,https://ptscin.com/wp-content/uploads/2025/06/FirestoneTemperatures.xlsx,PTSC_HOSTED_FIRESTONE_NAMED_WORKBOOK,STRUCTURED_OBSERVED_SOURCE_WITH_UNIT_LIMITATIONS,EXPLICIT_WORKBOOK_TRACK_TEMPERATURE,DIRECT_NUMERIC_OBSERVATION,Sheet 2021 Temp Archive; source row 357; selected date-block occurrence 1; sensor average 100.825°F.,weather/evidence/ptsc/FirestoneTemperatures_current.xlsx,Not INDYCAR official. PTSC hosts a Firestone-named workbook; local metadata does not independently authenticate authorship or measurement operator.
PTSC2021-0358,2021,2021-05-22,TRACK_TEMPERATURE,14:00:00,America/Indiana/Indianapolis,2021-05-22T18:00:00Z,100.0,degF,37.77777777777778,100°F,Target-date structured observation; rows outside qualifying hours remain Day 1 date context,PTSC-hosted FirestoneTemperatures workbook,https://ptscin.com/wp-content/uploads/2025/06/FirestoneTemperatures.xlsx,PTSC_HOSTED_FIRESTONE_NAMED_WORKBOOK,STRUCTURED_OBSERVED_SOURCE_WITH_UNIT_LIMITATIONS,EXPLICIT_WORKBOOK_TRACK_TEMPERATURE,DIRECT_NUMERIC_OBSERVATION,Sheet 2021 Temp Archive; source row 358; selected date-block occurrence 1; sensor average 99.85°F.,weather/evidence/ptsc/FirestoneTemperatures_current.xlsx,Not INDYCAR official. PTSC hosts a Firestone-named workbook; local metadata does not independently authenticate authorship or measurement operator.
PTSC2021-0359,2021,2021-05-22,TRACK_TEMPERATURE,14:15:00,America/Indiana/Indianapolis,2021-05-22T18:15:00Z,100.0,degF,37.77777777777778,100°F,Target-date structured observation; rows outside qualifying hours remain Day 1 date context,PTSC-hosted FirestoneTemperatures workbook,https://ptscin.com/wp-content/uploads/2025/06/FirestoneTemperatures.xlsx,PTSC_HOSTED_FIRESTONE_NAMED_WORKBOOK,STRUCTURED_OBSERVED_SOURCE_WITH_UNIT_LIMITATIONS,EXPLICIT_WORKBOOK_TRACK_TEMPERATURE,DIRECT_NUMERIC_OBSERVATION,Sheet 2021 Temp Archive; source row 359; selected date-block occurrence 1; sensor average 99.9°F.,weather/evidence/ptsc/FirestoneTemperatures_current.xlsx,Not INDYCAR official. PTSC hosts a Firestone-named workbook; local metadata does not independently authenticate authorship or measurement operator.
PTSC2021-0360,2021,2021-05-22,TRACK_TEMPERATURE,14:30:00,America/Indiana/Indianapolis,2021-05-22T18:30:00Z,101.0,degF,38.333333333333336,101°F,Target-date structured observation; rows outside qualifying hours remain Day 1 date context,PTSC-hosted FirestoneTemperatures workbook,https://ptscin.com/wp-content/uploads/2025/06/FirestoneTemperatures.xlsx,PTSC_HOSTED_FIRESTONE_NAMED_WORKBOOK,STRUCTURED_OBSERVED_SOURCE_WITH_UNIT_LIMITATIONS,EXPLICIT_WORKBOOK_TRACK_TEMPERATURE,DIRECT_NUMERIC_OBSERVATION,Sheet 2021 Temp Archive; source row 360; selected date-block occurrence 1; sensor average 100.6°F.,weather/evidence/ptsc/FirestoneTemperatures_current.xlsx,Not INDYCAR official. PTSC hosts a Firestone-named workbook; local metadata does not independently authenticate authorship or measurement operator.
PTSC2021-0361,2021,2021-05-22,TRACK_TEMPERATURE,14:45:00,America/Indiana/Indianapolis,2021-05-22T18:45:00Z,103.0,degF,39.44444444444444,103°F,Target-date structured observation; rows outside qualifying hours remain Day 1 date context,PTSC-hosted FirestoneTemperatures workbook,https://ptscin.com/wp-content/uploads/2025/06/FirestoneTemperatures.xlsx,PTSC_HOSTED_FIRESTONE_NAMED_WORKBOOK,STRUCTURED_OBSERVED_SOURCE_WITH_UNIT_LIMITATIONS,EXPLICIT_WORKBOOK_TRACK_TEMPERATURE,DIRECT_NUMERIC_OBSERVATION,Sheet 2021 Temp Archive; source row 361; selected date-block occurrence 1; sensor average 103.35°F.,weather/evidence/ptsc/FirestoneTemperatures_current.xlsx,Not INDYCAR official. PTSC hosts a Firestone-named workbook; local metadata does not independently authenticate authorship or measurement operator.
PTSC2021-0362,2021,2021-05-22,TRACK_TEMPERATURE,15:00:00,America/Indiana/Indianapolis,2021-05-22T19:00:00Z,109.0,degF,42.77777777777778,109°F,Target-date structured observation; rows outside qualifying hours remain Day 1 date context,PTSC-hosted FirestoneTemperatures workbook,https://ptscin.com/wp-content/uploads/2025/06/FirestoneTemperatures.xlsx,PTSC_HOSTED_FIRESTONE_NAMED_WORKBOOK,STRUCTURED_OBSERVED_SOURCE_WITH_UNIT_LIMITATIONS,EXPLICIT_WORKBOOK_TRACK_TEMPERATURE,DIRECT_NUMERIC_OBSERVATION,Sheet 2021 Temp Archive; source row 362; selected date-block occurrence 1; sensor average 109.275°F.,weather/evidence/ptsc/FirestoneTemperatures_current.xlsx,Not INDYCAR official. PTSC hosts a Firestone-named workbook; local metadata does not independently authenticate authorship or measurement operator.
PTSC2021-0363,2021,2021-05-22,TRACK_TEMPERATURE,15:15:00,America/Indiana/Indianapolis,2021-05-22T19:15:00Z,112.0,degF,44.44444444444444,112°F,Target-date structured observation; rows outside qualifying hours remain Day 1 date context,PTSC-hosted FirestoneTemperatures workbook,https://ptscin.com/wp-content/uploads/2025/06/FirestoneTemperatures.xlsx,PTSC_HOSTED_FIRESTONE_NAMED_WORKBOOK,STRUCTURED_OBSERVED_SOURCE_WITH_UNIT_LIMITATIONS,EXPLICIT_WORKBOOK_TRACK_TEMPERATURE,DIRECT_NUMERIC_OBSERVATION,Sheet 2021 Temp Archive; source row 363; selected date-block occurrence 1; sensor average 111.825°F.,weather/evidence/ptsc/FirestoneTemperatures_current.xlsx,Not INDYCAR official. PTSC hosts a Firestone-named workbook; local metadata does not independently authenticate authorship or measurement operator.
PTSC2021-0364,2021,2021-05-22,TRACK_TEMPERATURE,15:30:00,America/Indiana/Indianapolis,2021-05-22T19:30:00Z,114.0,degF,45.55555555555556,114°F,Target-date structured observation; rows outside qualifying hours remain Day 1 date context,PTSC-hosted FirestoneTemperatures workbook,https://ptscin.com/wp-content/uploads/2025/06/FirestoneTemperatures.xlsx,PTSC_HOSTED_FIRESTONE_NAMED_WORKBOOK,STRUCTURED_OBSERVED_SOURCE_WITH_UNIT_LIMITATIONS,EXPLICIT_WORKBOOK_TRACK_TEMPERATURE,DIRECT_NUMERIC_OBSERVATION,Sheet 2021 Temp Archive; source row 364; selected date-block occurrence 1; sensor average 114.425°F.,weather/evidence/ptsc/FirestoneTemperatures_current.xlsx,Not INDYCAR official. PTSC hosts a Firestone-named workbook; local metadata does not independently authenticate authorship or measurement operator.
PTSC2021-0365,2021,2021-05-22,TRACK_TEMPERATURE,15:45:00,America/Indiana/Indianapolis,2021-05-22T19:45:00Z,115.0,degF,46.111111111111114,115°F,Target-date structured observation; rows outside qualifying hours remain Day 1 date context,PTSC-hosted FirestoneTemperatures workbook,https://ptscin.com/wp-content/uploads/2025/06/FirestoneTemperatures.xlsx,PTSC_HOSTED_FIRESTONE_NAMED_WORKBOOK,STRUCTURED_OBSERVED_SOURCE_WITH_UNIT_LIMITATIONS,EXPLICIT_WORKBOOK_TRACK_TEMPERATURE,DIRECT_NUMERIC_OBSERVATION,Sheet 2021 Temp Archive; source row 365; selected date-block occurrence 1; sensor average 114.775°F.,weather/evidence/ptsc/FirestoneTemperatures_current.xlsx,Not INDYCAR official. PTSC hosts a Firestone-named workbook; local metadata does not independently authenticate authorship or measurement operator.
PTSC2021-0366,2021,2021-05-22,TRACK_TEMPERATURE,16:00:00,America/Indiana/Indianapolis,2021-05-22T20:00:00Z,117.0,degF,47.22222222222222,117°F,Target-date structured observation; rows outside qualifying hours remain Day 1 date context,PTSC-hosted FirestoneTemperatures workbook,https://ptscin.com/wp-content/uploads/2025/06/FirestoneTemperatures.xlsx,PTSC_HOSTED_FIRESTONE_NAMED_WORKBOOK,STRUCTURED_OBSERVED_SOURCE_WITH_UNIT_LIMITATIONS,EXPLICIT_WORKBOOK_TRACK_TEMPERATURE,DIRECT_NUMERIC_OBSERVATION,Sheet 2021 Temp Archive; source row 366; selected date-block occurrence 1; sensor average 116.75°F.,weather/evidence/ptsc/FirestoneTemperatures_current.xlsx,Not INDYCAR official. PTSC hosts a Firestone-named workbook; local metadata does not independently authenticate authorship or measurement operator.
PTSC2021-0367,2021,2021-05-22,TRACK_TEMPERATURE,16:15:00,America/Indiana/Indianapolis,2021-05-22T20:15:00Z,119.0,degF,48.333333333333336,119°F,Target-date structured observation; rows outside qualifying hours remain Day 1 date context,PTSC-hosted FirestoneTemperatures workbook,https://ptscin.com/wp-content/uploads/2025/06/FirestoneTemperatures.xlsx,PTSC_HOSTED_FIRESTONE_NAMED_WORKBOOK,STRUCTURED_OBSERVED_SOURCE_WITH_UNIT_LIMITATIONS,EXPLICIT_WORKBOOK_TRACK_TEMPERATURE,DIRECT_NUMERIC_OBSERVATION,Sheet 2021 Temp Archive; source row 367; selected date-block occurrence 1; sensor average 118.8°F.,weather/evidence/ptsc/FirestoneTemperatures_current.xlsx,Not INDYCAR official. PTSC hosts a Firestone-named workbook; local metadata does not independently authenticate authorship or measurement operator.
PTSC2021-0368,2021,2021-05-22,TRACK_TEMPERATURE,16:30:00,America/Indiana/Indianapolis,2021-05-22T20:30:00Z,119.0,degF,48.333333333333336,119°F,Target-date structured observation; rows outside qualifying hours remain Day 1 date context,PTSC-hosted FirestoneTemperatures workbook,https://ptscin.com/wp-content/uploads/2025/06/FirestoneTemperatures.xlsx,PTSC_HOSTED_FIRESTONE_NAMED_WORKBOOK,STRUCTURED_OBSERVED_SOURCE_WITH_UNIT_LIMITATIONS,EXPLICIT_WORKBOOK_TRACK_TEMPERATURE,DIRECT_NUMERIC_OBSERVATION,Sheet 2021 Temp Archive; source row 368; selected date-block occurrence 1; sensor average 119.2°F.,weather/evidence/ptsc/FirestoneTemperatures_current.xlsx,Not INDYCAR official. PTSC hosts a Firestone-named workbook; local metadata does not independently authenticate authorship or measurement operator.
PTSC2021-0369,2021,2021-05-22,TRACK_TEMPERATURE,16:45:00,America/Indiana/Indianapolis,2021-05-22T20:45:00Z,118.0,degF,47.77777777777778,118°F,Target-date structured observation; rows outside qualifying hours remain Day 1 date context,PTSC-hosted FirestoneTemperatures workbook,https://ptscin.com/wp-content/uploads/2025/06/FirestoneTemperatures.xlsx,PTSC_HOSTED_FIRESTONE_NAMED_WORKBOOK,STRUCTURED_OBSERVED_SOURCE_WITH_UNIT_LIMITATIONS,EXPLICIT_WORKBOOK_TRACK_TEMPERATURE,DIRECT_NUMERIC_OBSERVATION,Sheet 2021 Temp Archive; source row 369; selected date-block occurrence 1; sensor average 117.85°F.,weather/evidence/ptsc/FirestoneTemperatures_current.xlsx,Not INDYCAR official. PTSC hosts a Firestone-named workbook; local metadata does not independently authenticate authorship or measurement operator.
PTSC2021-0370,2021,2021-05-22,TRACK_TEMPERATURE,17:00:00,America/Indiana/Indianapolis,2021-05-22T21:00:00Z,117.0,degF,47.22222222222222,117°F,Target-date structured observation; rows outside qualifying hours remain Day 1 date context,PTSC-hosted FirestoneTemperatures workbook,https://ptscin.com/wp-content/uploads/2025/06/FirestoneTemperatures.xlsx,PTSC_HOSTED_FIRESTONE_NAMED_WORKBOOK,STRUCTURED_OBSERVED_SOURCE_WITH_UNIT_LIMITATIONS,EXPLICIT_WORKBOOK_TRACK_TEMPERATURE,DIRECT_NUMERIC_OBSERVATION,Sheet 2021 Temp Archive; source row 370; selected date-block occurrence 1; sensor average 116.7°F.,weather/evidence/ptsc/FirestoneTemperatures_current.xlsx,Not INDYCAR official. PTSC hosts a Firestone-named workbook; local metadata does not independently authenticate authorship or measurement operator.
PTSC2021-0371,2021,2021-05-22,TRACK_TEMPERATURE,17:15:00,America/Indiana/Indianapolis,2021-05-22T21:15:00Z,114.0,degF,45.55555555555556,114°F,Target-date structured observation; rows outside qualifying hours remain Day 1 date context,PTSC-hosted FirestoneTemperatures workbook,https://ptscin.com/wp-content/uploads/2025/06/FirestoneTemperatures.xlsx,PTSC_HOSTED_FIRESTONE_NAMED_WORKBOOK,STRUCTURED_OBSERVED_SOURCE_WITH_UNIT_LIMITATIONS,EXPLICIT_WORKBOOK_TRACK_TEMPERATURE,DIRECT_NUMERIC_OBSERVATION,Sheet 2021 Temp Archive; source row 371; selected date-block occurrence 1; sensor average 114.175°F.,weather/evidence/ptsc/FirestoneTemperatures_current.xlsx,Not INDYCAR official. PTSC hosts a Firestone-named workbook; local metadata does not independently authenticate authorship or measurement operator.
PTSC2021-0372,2021,2021-05-22,TRACK_TEMPERATURE,17:30:00,America/Indiana/Indianapolis,2021-05-22T21:30:00Z,114.0,degF,45.55555555555556,114°F,Target-date structured observation; rows outside qualifying hours remain Day 1 date context,PTSC-hosted FirestoneTemperatures workbook,https://ptscin.com/wp-content/uploads/2025/06/FirestoneTemperatures.xlsx,PTSC_HOSTED_FIRESTONE_NAMED_WORKBOOK,STRUCTURED_OBSERVED_SOURCE_WITH_UNIT_LIMITATIONS,EXPLICIT_WORKBOOK_TRACK_TEMPERATURE,DIRECT_NUMERIC_OBSERVATION,Sheet 2021 Temp Archive; source row 372; selected date-block occurrence 1; sensor average 113.95°F.,weather/evidence/ptsc/FirestoneTemperatures_current.xlsx,Not INDYCAR official. PTSC hosts a Firestone-named workbook; local metadata does not independently authenticate authorship or measurement operator.
PTSC2021-0373,2021,2021-05-22,TRACK_TEMPERATURE,17:45:00,America/Indiana/Indianapolis,2021-05-22T21:45:00Z,113.0,degF,45.0,113°F,Target-date structured observation; rows outside qualifying hours remain Day 1 date context,PTSC-hosted FirestoneTemperatures workbook,https://ptscin.com/wp-content/uploads/2025/06/FirestoneTemperatures.xlsx,PTSC_HOSTED_FIRESTONE_NAMED_WORKBOOK,STRUCTURED_OBSERVED_SOURCE_WITH_UNIT_LIMITATIONS,EXPLICIT_WORKBOOK_TRACK_TEMPERATURE,DIRECT_NUMERIC_OBSERVATION,Sheet 2021 Temp Archive; source row 373; selected date-block occurrence 1; sensor average 113.2°F.,weather/evidence/ptsc/FirestoneTemperatures_current.xlsx,Not INDYCAR official. PTSC hosts a Firestone-named workbook; local metadata does not independently authenticate authorship or measurement operator.
PTSC2021-0374,2021,2021-05-22,TRACK_TEMPERATURE,17:50:00,America/Indiana/Indianapolis,2021-05-22T21:50:00Z,112.0,degF,44.44444444444444,112°F,Target-date structured observation; rows outside qualifying hours remain Day 1 date context,PTSC-hosted FirestoneTemperatures workbook,https://ptscin.com/wp-content/uploads/2025/06/FirestoneTemperatures.xlsx,PTSC_HOSTED_FIRESTONE_NAMED_WORKBOOK,STRUCTURED_OBSERVED_SOURCE_WITH_UNIT_LIMITATIONS,EXPLICIT_WORKBOOK_TRACK_TEMPERATURE,DIRECT_NUMERIC_OBSERVATION,Sheet 2021 Temp Archive; source row 374; selected date-block occurrence 1; sensor average 111.85°F.,weather/evidence/ptsc/FirestoneTemperatures_current.xlsx,Not INDYCAR official. PTSC hosts a Firestone-named workbook; local metadata does not independently authenticate authorship or measurement operator.
PTSC2022-0376,2022,2022-05-21,TRACK_TEMPERATURE,08:00:00,America/Indiana/Indianapolis,2022-05-21T12:00:00Z,78.0,degF,25.555555555555557,78°F,Target-date structured observation; rows outside qualifying hours remain Day 1 date context,PTSC-hosted FirestoneTemperatures workbook,https://ptscin.com/wp-content/uploads/2025/06/FirestoneTemperatures.xlsx,PTSC_HOSTED_FIRESTONE_NAMED_WORKBOOK,STRUCTURED_OBSERVED_SOURCE_WITH_UNIT_LIMITATIONS,EXPLICIT_WORKBOOK_TRACK_TEMPERATURE,DIRECT_NUMERIC_OBSERVATION,Sheet 2022 Temp Archive; source row 376; selected date-block occurrence 1; sensor average 78.35000000000001°F.,weather/evidence/ptsc/FirestoneTemperatures_current.xlsx,Not INDYCAR official. PTSC hosts a Firestone-named workbook; local metadata does not independently authenticate authorship or measurement operator.
PTSC2022-0377,2022,2022-05-21,TRACK_TEMPERATURE,08:15:00,America/Indiana/Indianapolis,2022-05-21T12:15:00Z,79.0,degF,26.11111111111111,79°F,Target-date structured observation; rows outside qualifying hours remain Day 1 date context,PTSC-hosted FirestoneTemperatures workbook,https://ptscin.com/wp-content/uploads/2025/06/FirestoneTemperatures.xlsx,PTSC_HOSTED_FIRESTONE_NAMED_WORKBOOK,STRUCTURED_OBSERVED_SOURCE_WITH_UNIT_LIMITATIONS,EXPLICIT_WORKBOOK_TRACK_TEMPERATURE,DIRECT_NUMERIC_OBSERVATION,Sheet 2022 Temp Archive; source row 377; selected date-block occurrence 1; sensor average 78.4°F.,weather/evidence/ptsc/FirestoneTemperatures_current.xlsx,Not INDYCAR official. PTSC hosts a Firestone-named workbook; local metadata does not independently authenticate authorship or measurement operator.
PTSC2022-0378,2022,2022-05-21,TRACK_TEMPERATURE,08:30:00,America/Indiana/Indianapolis,2022-05-21T12:30:00Z,80.0,degF,26.666666666666668,80°F,Target-date structured observation; rows outside qualifying hours remain Day 1 date context,PTSC-hosted FirestoneTemperatures workbook,https://ptscin.com/wp-content/uploads/2025/06/FirestoneTemperatures.xlsx,PTSC_HOSTED_FIRESTONE_NAMED_WORKBOOK,STRUCTURED_OBSERVED_SOURCE_WITH_UNIT_LIMITATIONS,EXPLICIT_WORKBOOK_TRACK_TEMPERATURE,DIRECT_NUMERIC_OBSERVATION,Sheet 2022 Temp Archive; source row 378; selected date-block occurrence 1; sensor average 80.07499999999999°F.,weather/evidence/ptsc/FirestoneTemperatures_current.xlsx,Not INDYCAR official. PTSC hosts a Firestone-named workbook; local metadata does not independently authenticate authorship or measurement operator.
PTSC2022-0379,2022,2022-05-21,TRACK_TEMPERATURE,08:45:00,America/Indiana/Indianapolis,2022-05-21T12:45:00Z,82.0,degF,27.77777777777778,82°F,Target-date structured observation; rows outside qualifying hours remain Day 1 date context,PTSC-hosted FirestoneTemperatures workbook,https://ptscin.com/wp-content/uploads/2025/06/FirestoneTemperatures.xlsx,PTSC_HOSTED_FIRESTONE_NAMED_WORKBOOK,STRUCTURED_OBSERVED_SOURCE_WITH_UNIT_LIMITATIONS,EXPLICIT_WORKBOOK_TRACK_TEMPERATURE,DIRECT_NUMERIC_OBSERVATION,Sheet 2022 Temp Archive; source row 379; selected date-block occurrence 1; sensor average 82.0°F.,weather/evidence/ptsc/FirestoneTemperatures_current.xlsx,Not INDYCAR official. PTSC hosts a Firestone-named workbook; local metadata does not independently authenticate authorship or measurement operator.
PTSC2022-0380,2022,2022-05-21,TRACK_TEMPERATURE,09:00:00,America/Indiana/Indianapolis,2022-05-21T13:00:00Z,85.0,degF,29.444444444444443,85°F,Target-date structured observation; rows outside qualifying hours remain Day 1 date context,PTSC-hosted FirestoneTemperatures workbook,https://ptscin.com/wp-content/uploads/2025/06/FirestoneTemperatures.xlsx,PTSC_HOSTED_FIRESTONE_NAMED_WORKBOOK,STRUCTURED_OBSERVED_SOURCE_WITH_UNIT_LIMITATIONS,EXPLICIT_WORKBOOK_TRACK_TEMPERATURE,DIRECT_NUMERIC_OBSERVATION,Sheet 2022 Temp Archive; source row 380; selected date-block occurrence 1; sensor average 84.6°F.,weather/evidence/ptsc/FirestoneTemperatures_current.xlsx,Not INDYCAR official. PTSC hosts a Firestone-named workbook; local metadata does not independently authenticate authorship or measurement operator.
PTSC2022-0381,2022,2022-05-21,TRACK_TEMPERATURE,09:15:00,America/Indiana/Indianapolis,2022-05-21T13:15:00Z,85.0,degF,29.444444444444443,85°F,Target-date structured observation; rows outside qualifying hours remain Day 1 date context,PTSC-hosted FirestoneTemperatures workbook,https://ptscin.com/wp-content/uploads/2025/06/FirestoneTemperatures.xlsx,PTSC_HOSTED_FIRESTONE_NAMED_WORKBOOK,STRUCTURED_OBSERVED_SOURCE_WITH_UNIT_LIMITATIONS,EXPLICIT_WORKBOOK_TRACK_TEMPERATURE,DIRECT_NUMERIC_OBSERVATION,Sheet 2022 Temp Archive; source row 381; selected date-block occurrence 1; sensor average 85.32499999999999°F.,weather/evidence/ptsc/FirestoneTemperatures_current.xlsx,Not INDYCAR official. PTSC hosts a Firestone-named workbook; local metadata does not independently authenticate authorship or measurement operator.
PTSC2022-0382,2022,2022-05-21,TRACK_TEMPERATURE,09:30:00,America/Indiana/Indianapolis,2022-05-21T13:30:00Z,86.0,degF,30.0,86°F,Target-date structured observation; rows outside qualifying hours remain Day 1 date context,PTSC-hosted FirestoneTemperatures workbook,https://ptscin.com/wp-content/uploads/2025/06/FirestoneTemperatures.xlsx,PTSC_HOSTED_FIRESTONE_NAMED_WORKBOOK,STRUCTURED_OBSERVED_SOURCE_WITH_UNIT_LIMITATIONS,EXPLICIT_WORKBOOK_TRACK_TEMPERATURE,DIRECT_NUMERIC_OBSERVATION,Sheet 2022 Temp Archive; source row 382; selected date-block occurrence 1; sensor average 86.275°F.,weather/evidence/ptsc/FirestoneTemperatures_current.xlsx,Not INDYCAR official. PTSC hosts a Firestone-named workbook; local metadata does not independently authenticate authorship or measurement operator.
PTSC2022-0383,2022,2022-05-21,TRACK_TEMPERATURE,10:30:00,America/Indiana/Indianapolis,2022-05-21T14:30:00Z,86.0,degF,30.0,86°F,Target-date structured observation; rows outside qualifying hours remain Day 1 date context,PTSC-hosted FirestoneTemperatures workbook,https://ptscin.com/wp-content/uploads/2025/06/FirestoneTemperatures.xlsx,PTSC_HOSTED_FIRESTONE_NAMED_WORKBOOK,STRUCTURED_OBSERVED_SOURCE_WITH_UNIT_LIMITATIONS,EXPLICIT_WORKBOOK_TRACK_TEMPERATURE,DIRECT_NUMERIC_OBSERVATION,Sheet 2022 Temp Archive; source row 383; selected date-block occurrence 1; sensor average 86.175°F.,weather/evidence/ptsc/FirestoneTemperatures_current.xlsx,Not INDYCAR official. PTSC hosts a Firestone-named workbook; local metadata does not independently authenticate authorship or measurement operator.
PTSC2022-0384,2022,2022-05-21,TRACK_TEMPERATURE,10:45:00,America/Indiana/Indianapolis,2022-05-21T14:45:00Z,86.0,degF,30.0,86°F,Target-date structured observation; rows outside qualifying hours remain Day 1 date context,PTSC-hosted FirestoneTemperatures workbook,https://ptscin.com/wp-content/uploads/2025/06/FirestoneTemperatures.xlsx,PTSC_HOSTED_FIRESTONE_NAMED_WORKBOOK,STRUCTURED_OBSERVED_SOURCE_WITH_UNIT_LIMITATIONS,EXPLICIT_WORKBOOK_TRACK_TEMPERATURE,DIRECT_NUMERIC_OBSERVATION,Sheet 2022 Temp Archive; source row 384; selected date-block occurrence 1; sensor average 85.475°F.,weather/evidence/ptsc/FirestoneTemperatures_current.xlsx,Not INDYCAR official. PTSC hosts a Firestone-named workbook; local metadata does not independently authenticate authorship or measurement operator.
PTSC2022-0385,2022,2022-05-21,TRACK_TEMPERATURE,11:00:00,America/Indiana/Indianapolis,2022-05-21T15:00:00Z,86.0,degF,30.0,86°F,Target-date structured observation; rows outside qualifying hours remain Day 1 date context,PTSC-hosted FirestoneTemperatures workbook,https://ptscin.com/wp-content/uploads/2025/06/FirestoneTemperatures.xlsx,PTSC_HOSTED_FIRESTONE_NAMED_WORKBOOK,STRUCTURED_OBSERVED_SOURCE_WITH_UNIT_LIMITATIONS,EXPLICIT_WORKBOOK_TRACK_TEMPERATURE,DIRECT_NUMERIC_OBSERVATION,Sheet 2022 Temp Archive; source row 385; selected date-block occurrence 1; sensor average 85.625°F.,weather/evidence/ptsc/FirestoneTemperatures_current.xlsx,Not INDYCAR official. PTSC hosts a Firestone-named workbook; local metadata does not independently authenticate authorship or measurement operator.
PTSC2022-0386,2022,2022-05-21,TRACK_TEMPERATURE,11:15:00,America/Indiana/Indianapolis,2022-05-21T15:15:00Z,86.0,degF,30.0,86°F,Target-date structured observation; rows outside qualifying hours remain Day 1 date context,PTSC-hosted FirestoneTemperatures workbook,https://ptscin.com/wp-content/uploads/2025/06/FirestoneTemperatures.xlsx,PTSC_HOSTED_FIRESTONE_NAMED_WORKBOOK,STRUCTURED_OBSERVED_SOURCE_WITH_UNIT_LIMITATIONS,EXPLICIT_WORKBOOK_TRACK_TEMPERATURE,DIRECT_NUMERIC_OBSERVATION,Sheet 2022 Temp Archive; source row 386; selected date-block occurrence 1; sensor average 86.5°F.,weather/evidence/ptsc/FirestoneTemperatures_current.xlsx,Not INDYCAR official. PTSC hosts a Firestone-named workbook; local metadata does not independently authenticate authorship or measurement operator.
PTSC2022-0387,2022,2022-05-21,TRACK_TEMPERATURE,11:30:00,America/Indiana/Indianapolis,2022-05-21T15:30:00Z,88.0,degF,31.11111111111111,88°F,Target-date structured observation; rows outside qualifying hours remain Day 1 date context,PTSC-hosted FirestoneTemperatures workbook,https://ptscin.com/wp-content/uploads/2025/06/FirestoneTemperatures.xlsx,PTSC_HOSTED_FIRESTONE_NAMED_WORKBOOK,STRUCTURED_OBSERVED_SOURCE_WITH_UNIT_LIMITATIONS,EXPLICIT_WORKBOOK_TRACK_TEMPERATURE,DIRECT_NUMERIC_OBSERVATION,Sheet 2022 Temp Archive; source row 387; selected date-block occurrence 1; sensor average 88.275°F.,weather/evidence/ptsc/FirestoneTemperatures_current.xlsx,Not INDYCAR official. PTSC hosts a Firestone-named workbook; local metadata does not independently authenticate authorship or measurement operator.
PTSC2022-0388,2022,2022-05-21,TRACK_TEMPERATURE,11:45:00,America/Indiana/Indianapolis,2022-05-21T15:45:00Z,91.0,degF,32.77777777777778,91°F,Target-date structured observation; rows outside qualifying hours remain Day 1 date context,PTSC-hosted FirestoneTemperatures workbook,https://ptscin.com/wp-content/uploads/2025/06/FirestoneTemperatures.xlsx,PTSC_HOSTED_FIRESTONE_NAMED_WORKBOOK,STRUCTURED_OBSERVED_SOURCE_WITH_UNIT_LIMITATIONS,EXPLICIT_WORKBOOK_TRACK_TEMPERATURE,DIRECT_NUMERIC_OBSERVATION,Sheet 2022 Temp Archive; source row 388; selected date-block occurrence 1; sensor average 91.1°F.,weather/evidence/ptsc/FirestoneTemperatures_current.xlsx,Not INDYCAR official. PTSC hosts a Firestone-named workbook; local metadata does not independently authenticate authorship or measurement operator.
PTSC2022-0389,2022,2022-05-21,TRACK_TEMPERATURE,12:00:00,America/Indiana/Indianapolis,2022-05-21T16:00:00Z,92.0,degF,33.333333333333336,92°F,Target-date structured observation; rows outside qualifying hours remain Day 1 date context,PTSC-hosted FirestoneTemperatures workbook,https://ptscin.com/wp-content/uploads/2025/06/FirestoneTemperatures.xlsx,PTSC_HOSTED_FIRESTONE_NAMED_WORKBOOK,STRUCTURED_OBSERVED_SOURCE_WITH_UNIT_LIMITATIONS,EXPLICIT_WORKBOOK_TRACK_TEMPERATURE,DIRECT_NUMERIC_OBSERVATION,Sheet 2022 Temp Archive; source row 389; selected date-block occurrence 1; sensor average 91.85°F.,weather/evidence/ptsc/FirestoneTemperatures_current.xlsx,Not INDYCAR official. PTSC hosts a Firestone-named workbook; local metadata does not independently authenticate authorship or measurement operator.
PTSC2022-0390,2022,2022-05-21,TRACK_TEMPERATURE,12:15:00,America/Indiana/Indianapolis,2022-05-21T16:15:00Z,99.0,degF,37.22222222222222,99°F,Target-date structured observation; rows outside qualifying hours remain Day 1 date context,PTSC-hosted FirestoneTemperatures workbook,https://ptscin.com/wp-content/uploads/2025/06/FirestoneTemperatures.xlsx,PTSC_HOSTED_FIRESTONE_NAMED_WORKBOOK,STRUCTURED_OBSERVED_SOURCE_WITH_UNIT_LIMITATIONS,EXPLICIT_WORKBOOK_TRACK_TEMPERATURE,DIRECT_NUMERIC_OBSERVATION,Sheet 2022 Temp Archive; source row 390; selected date-block occurrence 1; sensor average 99.55°F.,weather/evidence/ptsc/FirestoneTemperatures_current.xlsx,Not INDYCAR official. PTSC hosts a Firestone-named workbook; local metadata does not independently authenticate authorship or measurement operator.
PTSC2022-0391,2022,2022-05-21,TRACK_TEMPERATURE,12:30:00,America/Indiana/Indianapolis,2022-05-21T16:30:00Z,105.0,degF,40.55555555555556,105°F,Target-date structured observation; rows outside qualifying hours remain Day 1 date context,PTSC-hosted FirestoneTemperatures workbook,https://ptscin.com/wp-content/uploads/2025/06/FirestoneTemperatures.xlsx,PTSC_HOSTED_FIRESTONE_NAMED_WORKBOOK,STRUCTURED_OBSERVED_SOURCE_WITH_UNIT_LIMITATIONS,EXPLICIT_WORKBOOK_TRACK_TEMPERATURE,DIRECT_NUMERIC_OBSERVATION,Sheet 2022 Temp Archive; source row 391; selected date-block occurrence 1; sensor average 105.3°F.,weather/evidence/ptsc/FirestoneTemperatures_current.xlsx,Not INDYCAR official. PTSC hosts a Firestone-named workbook; local metadata does not independently authenticate authorship or measurement operator.
PTSC2022-0392,2022,2022-05-21,TRACK_TEMPERATURE,12:45:00,America/Indiana/Indianapolis,2022-05-21T16:45:00Z,107.0,degF,41.666666666666664,107°F,Target-date structured observation; rows outside qualifying hours remain Day 1 date context,PTSC-hosted FirestoneTemperatures workbook,https://ptscin.com/wp-content/uploads/2025/06/FirestoneTemperatures.xlsx,PTSC_HOSTED_FIRESTONE_NAMED_WORKBOOK,STRUCTURED_OBSERVED_SOURCE_WITH_UNIT_LIMITATIONS,EXPLICIT_WORKBOOK_TRACK_TEMPERATURE,DIRECT_NUMERIC_OBSERVATION,Sheet 2022 Temp Archive; source row 392; selected date-block occurrence 1; sensor average 107.225°F.,weather/evidence/ptsc/FirestoneTemperatures_current.xlsx,Not INDYCAR official. PTSC hosts a Firestone-named workbook; local metadata does not independently authenticate authorship or measurement operator.
PTSC2022-0393,2022,2022-05-21,TRACK_TEMPERATURE,13:00:00,America/Indiana/Indianapolis,2022-05-21T17:00:00Z,110.0,degF,43.333333333333336,110°F,Target-date structured observation; rows outside qualifying hours remain Day 1 date context,PTSC-hosted FirestoneTemperatures workbook,https://ptscin.com/wp-content/uploads/2025/06/FirestoneTemperatures.xlsx,PTSC_HOSTED_FIRESTONE_NAMED_WORKBOOK,STRUCTURED_OBSERVED_SOURCE_WITH_UNIT_LIMITATIONS,EXPLICIT_WORKBOOK_TRACK_TEMPERATURE,DIRECT_NUMERIC_OBSERVATION,Sheet 2022 Temp Archive; source row 393; selected date-block occurrence 1; sensor average 110.075°F.,weather/evidence/ptsc/FirestoneTemperatures_current.xlsx,Not INDYCAR official. PTSC hosts a Firestone-named workbook; local metadata does not independently authenticate authorship or measurement operator.
PTSC2022-0394,2022,2022-05-21,TRACK_TEMPERATURE,13:15:00,America/Indiana/Indianapolis,2022-05-21T17:15:00Z,107.0,degF,41.666666666666664,107°F,Target-date structured observation; rows outside qualifying hours remain Day 1 date context,PTSC-hosted FirestoneTemperatures workbook,https://ptscin.com/wp-content/uploads/2025/06/FirestoneTemperatures.xlsx,PTSC_HOSTED_FIRESTONE_NAMED_WORKBOOK,STRUCTURED_OBSERVED_SOURCE_WITH_UNIT_LIMITATIONS,EXPLICIT_WORKBOOK_TRACK_TEMPERATURE,DIRECT_NUMERIC_OBSERVATION,Sheet 2022 Temp Archive; source row 394; selected date-block occurrence 1; sensor average 106.6425°F.,weather/evidence/ptsc/FirestoneTemperatures_current.xlsx,Not INDYCAR official. PTSC hosts a Firestone-named workbook; local metadata does not independently authenticate authorship or measurement operator.
PTSC2022-0395,2022,2022-05-21,TRACK_TEMPERATURE,13:30:00,America/Indiana/Indianapolis,2022-05-21T17:30:00Z,106.0,degF,41.111111111111114,106°F,Target-date structured observation; rows outside qualifying hours remain Day 1 date context,PTSC-hosted FirestoneTemperatures workbook,https://ptscin.com/wp-content/uploads/2025/06/FirestoneTemperatures.xlsx,PTSC_HOSTED_FIRESTONE_NAMED_WORKBOOK,STRUCTURED_OBSERVED_SOURCE_WITH_UNIT_LIMITATIONS,EXPLICIT_WORKBOOK_TRACK_TEMPERATURE,DIRECT_NUMERIC_OBSERVATION,Sheet 2022 Temp Archive; source row 395; selected date-block occurrence 1; sensor average 105.725°F.,weather/evidence/ptsc/FirestoneTemperatures_current.xlsx,Not INDYCAR official. PTSC hosts a Firestone-named workbook; local metadata does not independently authenticate authorship or measurement operator.
PTSC2022-0396,2022,2022-05-21,TRACK_TEMPERATURE,13:45:00,America/Indiana/Indianapolis,2022-05-21T17:45:00Z,101.0,degF,38.333333333333336,101°F,Target-date structured observation; rows outside qualifying hours remain Day 1 date context,PTSC-hosted FirestoneTemperatures workbook,https://ptscin.com/wp-content/uploads/2025/06/FirestoneTemperatures.xlsx,PTSC_HOSTED_FIRESTONE_NAMED_WORKBOOK,STRUCTURED_OBSERVED_SOURCE_WITH_UNIT_LIMITATIONS,EXPLICIT_WORKBOOK_TRACK_TEMPERATURE,DIRECT_NUMERIC_OBSERVATION,Sheet 2022 Temp Archive; source row 396; selected date-block occurrence 1; sensor average 101.4°F.,weather/evidence/ptsc/FirestoneTemperatures_current.xlsx,Not INDYCAR official. PTSC hosts a Firestone-named workbook; local metadata does not independently authenticate authorship or measurement operator.
PTSC2022-0397,2022,2022-05-21,TRACK_TEMPERATURE,14:00:00,America/Indiana/Indianapolis,2022-05-21T18:00:00Z,100.0,degF,37.77777777777778,100°F,Target-date structured observation; rows outside qualifying hours remain Day 1 date context,PTSC-hosted FirestoneTemperatures workbook,https://ptscin.com/wp-content/uploads/2025/06/FirestoneTemperatures.xlsx,PTSC_HOSTED_FIRESTONE_NAMED_WORKBOOK,STRUCTURED_OBSERVED_SOURCE_WITH_UNIT_LIMITATIONS,EXPLICIT_WORKBOOK_TRACK_TEMPERATURE,DIRECT_NUMERIC_OBSERVATION,Sheet 2022 Temp Archive; source row 397; selected date-block occurrence 1; sensor average 101.925°F.,weather/evidence/ptsc/FirestoneTemperatures_current.xlsx,Not INDYCAR official. PTSC hosts a Firestone-named workbook; local metadata does not independently authenticate authorship or measurement operator.
PTSC2022-0398,2022,2022-05-21,TRACK_TEMPERATURE,14:15:00,America/Indiana/Indianapolis,2022-05-21T18:15:00Z,103.0,degF,39.44444444444444,103°F,Target-date structured observation; rows outside qualifying hours remain Day 1 date context,PTSC-hosted FirestoneTemperatures workbook,https://ptscin.com/wp-content/uploads/2025/06/FirestoneTemperatures.xlsx,PTSC_HOSTED_FIRESTONE_NAMED_WORKBOOK,STRUCTURED_OBSERVED_SOURCE_WITH_UNIT_LIMITATIONS,EXPLICIT_WORKBOOK_TRACK_TEMPERATURE,DIRECT_NUMERIC_OBSERVATION,Sheet 2022 Temp Archive; source row 398; selected date-block occurrence 1; sensor average 102.25°F.,weather/evidence/ptsc/FirestoneTemperatures_current.xlsx,Not INDYCAR official. PTSC hosts a Firestone-named workbook; local metadata does not independently authenticate authorship or measurement operator.
PTSC2022-0399,2022,2022-05-21,TRACK_TEMPERATURE,14:30:00,America/Indiana/Indianapolis,2022-05-21T18:30:00Z,93.0,degF,33.888888888888886,93°F,Target-date structured observation; rows outside qualifying hours remain Day 1 date context,PTSC-hosted FirestoneTemperatures workbook,https://ptscin.com/wp-content/uploads/2025/06/FirestoneTemperatures.xlsx,PTSC_HOSTED_FIRESTONE_NAMED_WORKBOOK,STRUCTURED_OBSERVED_SOURCE_WITH_UNIT_LIMITATIONS,EXPLICIT_WORKBOOK_TRACK_TEMPERATURE,DIRECT_NUMERIC_OBSERVATION,Sheet 2022 Temp Archive; source row 399; selected date-block occurrence 1; sensor average 93.05°F.,weather/evidence/ptsc/FirestoneTemperatures_current.xlsx,Not INDYCAR official. PTSC hosts a Firestone-named workbook; local metadata does not independently authenticate authorship or measurement operator.
PTSC2022-0400,2022,2022-05-21,TRACK_TEMPERATURE,14:45:00,America/Indiana/Indianapolis,2022-05-21T18:45:00Z,92.0,degF,33.333333333333336,92°F,Target-date structured observation; rows outside qualifying hours remain Day 1 date context,PTSC-hosted FirestoneTemperatures workbook,https://ptscin.com/wp-content/uploads/2025/06/FirestoneTemperatures.xlsx,PTSC_HOSTED_FIRESTONE_NAMED_WORKBOOK,STRUCTURED_OBSERVED_SOURCE_WITH_UNIT_LIMITATIONS,EXPLICIT_WORKBOOK_TRACK_TEMPERATURE,DIRECT_NUMERIC_OBSERVATION,Sheet 2022 Temp Archive; source row 400; selected date-block occurrence 1; sensor average 91.65°F.,weather/evidence/ptsc/FirestoneTemperatures_current.xlsx,Not INDYCAR official. PTSC hosts a Firestone-named workbook; local metadata does not independently authenticate authorship or measurement operator.
PTSC2022-0401,2022,2022-05-21,TRACK_TEMPERATURE,15:00:00,America/Indiana/Indianapolis,2022-05-21T19:00:00Z,94.0,degF,34.44444444444444,94°F,Target-date structured observation; rows outside qualifying hours remain Day 1 date context,PTSC-hosted FirestoneTemperatures workbook,https://ptscin.com/wp-content/uploads/2025/06/FirestoneTemperatures.xlsx,PTSC_HOSTED_FIRESTONE_NAMED_WORKBOOK,STRUCTURED_OBSERVED_SOURCE_WITH_UNIT_LIMITATIONS,EXPLICIT_WORKBOOK_TRACK_TEMPERATURE,DIRECT_NUMERIC_OBSERVATION,Sheet 2022 Temp Archive; source row 401; selected date-block occurrence 1; sensor average 93.7°F.,weather/evidence/ptsc/FirestoneTemperatures_current.xlsx,Not INDYCAR official. PTSC hosts a Firestone-named workbook; local metadata does not independently authenticate authorship or measurement operator.
PTSC2022-0402,2022,2022-05-21,TRACK_TEMPERATURE,15:15:00,America/Indiana/Indianapolis,2022-05-21T19:15:00Z,97.0,degF,36.111111111111114,97°F,Target-date structured observation; rows outside qualifying hours remain Day 1 date context,PTSC-hosted FirestoneTemperatures workbook,https://ptscin.com/wp-content/uploads/2025/06/FirestoneTemperatures.xlsx,PTSC_HOSTED_FIRESTONE_NAMED_WORKBOOK,STRUCTURED_OBSERVED_SOURCE_WITH_UNIT_LIMITATIONS,EXPLICIT_WORKBOOK_TRACK_TEMPERATURE,DIRECT_NUMERIC_OBSERVATION,Sheet 2022 Temp Archive; source row 402; selected date-block occurrence 1; sensor average 96.8°F.,weather/evidence/ptsc/FirestoneTemperatures_current.xlsx,Not INDYCAR official. PTSC hosts a Firestone-named workbook; local metadata does not independently authenticate authorship or measurement operator.
PTSC2022-0403,2022,2022-05-21,TRACK_TEMPERATURE,15:30:00,America/Indiana/Indianapolis,2022-05-21T19:30:00Z,95.0,degF,35.0,95°F,Target-date structured observation; rows outside qualifying hours remain Day 1 date context,PTSC-hosted FirestoneTemperatures workbook,https://ptscin.com/wp-content/uploads/2025/06/FirestoneTemperatures.xlsx,PTSC_HOSTED_FIRESTONE_NAMED_WORKBOOK,STRUCTURED_OBSERVED_SOURCE_WITH_UNIT_LIMITATIONS,EXPLICIT_WORKBOOK_TRACK_TEMPERATURE,DIRECT_NUMERIC_OBSERVATION,Sheet 2022 Temp Archive; source row 403; selected date-block occurrence 1; sensor average 95.075°F.,weather/evidence/ptsc/FirestoneTemperatures_current.xlsx,Not INDYCAR official. PTSC hosts a Firestone-named workbook; local metadata does not independently authenticate authorship or measurement operator.
PTSC2022-0404,2022,2022-05-21,TRACK_TEMPERATURE,15:45:00,America/Indiana/Indianapolis,2022-05-21T19:45:00Z,91.0,degF,32.77777777777778,91°F,Target-date structured observation; rows outside qualifying hours remain Day 1 date context,PTSC-hosted FirestoneTemperatures workbook,https://ptscin.com/wp-content/uploads/2025/06/FirestoneTemperatures.xlsx,PTSC_HOSTED_FIRESTONE_NAMED_WORKBOOK,STRUCTURED_OBSERVED_SOURCE_WITH_UNIT_LIMITATIONS,EXPLICIT_WORKBOOK_TRACK_TEMPERATURE,DIRECT_NUMERIC_OBSERVATION,Sheet 2022 Temp Archive; source row 404; selected date-block occurrence 1; sensor average 91.325°F.,weather/evidence/ptsc/FirestoneTemperatures_current.xlsx,Not INDYCAR official. PTSC hosts a Firestone-named workbook; local metadata does not independently authenticate authorship or measurement operator.
PTSC2022-0405,2022,2022-05-21,TRACK_TEMPERATURE,16:00:00,America/Indiana/Indianapolis,2022-05-21T20:00:00Z,90.0,degF,32.22222222222222,90°F,Target-date structured observation; rows outside qualifying hours remain Day 1 date context,PTSC-hosted FirestoneTemperatures workbook,https://ptscin.com/wp-content/uploads/2025/06/FirestoneTemperatures.xlsx,PTSC_HOSTED_FIRESTONE_NAMED_WORKBOOK,STRUCTURED_OBSERVED_SOURCE_WITH_UNIT_LIMITATIONS,EXPLICIT_WORKBOOK_TRACK_TEMPERATURE,DIRECT_NUMERIC_OBSERVATION,Sheet 2022 Temp Archive; source row 405; selected date-block occurrence 1; sensor average 89.92500000000001°F.,weather/evidence/ptsc/FirestoneTemperatures_current.xlsx,Not INDYCAR official. PTSC hosts a Firestone-named workbook; local metadata does not independently authenticate authorship or measurement operator.
PTSC2022-0406,2022,2022-05-21,TRACK_TEMPERATURE,16:15:00,America/Indiana/Indianapolis,2022-05-21T20:15:00Z,84.0,degF,28.88888888888889,84°F,Target-date structured observation; rows outside qualifying hours remain Day 1 date context,PTSC-hosted FirestoneTemperatures workbook,https://ptscin.com/wp-content/uploads/2025/06/FirestoneTemperatures.xlsx,PTSC_HOSTED_FIRESTONE_NAMED_WORKBOOK,STRUCTURED_OBSERVED_SOURCE_WITH_UNIT_LIMITATIONS,EXPLICIT_WORKBOOK_TRACK_TEMPERATURE,DIRECT_NUMERIC_OBSERVATION,Sheet 2022 Temp Archive; source row 406; selected date-block occurrence 1; sensor average 84.42500000000001°F.,weather/evidence/ptsc/FirestoneTemperatures_current.xlsx,Not INDYCAR official. PTSC hosts a Firestone-named workbook; local metadata does not independently authenticate authorship or measurement operator.
PTSC2023-0466,2023,2023-05-20,TRACK_TEMPERATURE,08:15:00,America/Indiana/Indianapolis,2023-05-20T12:15:00Z,65.0,degF,18.333333333333332,65°F,Target-date structured observation; rows outside qualifying hours remain Day 1 date context,PTSC-hosted FirestoneTemperatures workbook,https://ptscin.com/wp-content/uploads/2025/06/FirestoneTemperatures.xlsx,PTSC_HOSTED_FIRESTONE_NAMED_WORKBOOK,STRUCTURED_OBSERVED_SOURCE_WITH_UNIT_LIMITATIONS,EXPLICIT_WORKBOOK_TRACK_TEMPERATURE,DIRECT_NUMERIC_OBSERVATION,Sheet 2023 Temp Archive; source row 466; selected date-block occurrence 1; sensor average 64.57499999999999°F.,weather/evidence/ptsc/FirestoneTemperatures_current.xlsx,Not INDYCAR official. PTSC hosts a Firestone-named workbook; local metadata does not independently authenticate authorship or measurement operator.
PTSC2023-0467,2023,2023-05-20,TRACK_TEMPERATURE,08:30:00,America/Indiana/Indianapolis,2023-05-20T12:30:00Z,66.0,degF,18.88888888888889,66°F,Target-date structured observation; rows outside qualifying hours remain Day 1 date context,PTSC-hosted FirestoneTemperatures workbook,https://ptscin.com/wp-content/uploads/2025/06/FirestoneTemperatures.xlsx,PTSC_HOSTED_FIRESTONE_NAMED_WORKBOOK,STRUCTURED_OBSERVED_SOURCE_WITH_UNIT_LIMITATIONS,EXPLICIT_WORKBOOK_TRACK_TEMPERATURE,DIRECT_NUMERIC_OBSERVATION,Sheet 2023 Temp Archive; source row 467; selected date-block occurrence 1; sensor average 65.9°F.,weather/evidence/ptsc/FirestoneTemperatures_current.xlsx,Not INDYCAR official. PTSC hosts a Firestone-named workbook; local metadata does not independently authenticate authorship or measurement operator.
PTSC2023-0468,2023,2023-05-20,TRACK_TEMPERATURE,08:45:00,America/Indiana/Indianapolis,2023-05-20T12:45:00Z,68.0,degF,20.0,68°F,Target-date structured observation; rows outside qualifying hours remain Day 1 date context,PTSC-hosted FirestoneTemperatures workbook,https://ptscin.com/wp-content/uploads/2025/06/FirestoneTemperatures.xlsx,PTSC_HOSTED_FIRESTONE_NAMED_WORKBOOK,STRUCTURED_OBSERVED_SOURCE_WITH_UNIT_LIMITATIONS,EXPLICIT_WORKBOOK_TRACK_TEMPERATURE,DIRECT_NUMERIC_OBSERVATION,Sheet 2023 Temp Archive; source row 468; selected date-block occurrence 1; sensor average 67.6°F.,weather/evidence/ptsc/FirestoneTemperatures_current.xlsx,Not INDYCAR official. PTSC hosts a Firestone-named workbook; local metadata does not independently authenticate authorship or measurement operator.
PTSC2023-0469,2023,2023-05-20,TRACK_TEMPERATURE,09:00:00,America/Indiana/Indianapolis,2023-05-20T13:00:00Z,69.0,degF,20.555555555555557,69°F,Target-date structured observation; rows outside qualifying hours remain Day 1 date context,PTSC-hosted FirestoneTemperatures workbook,https://ptscin.com/wp-content/uploads/2025/06/FirestoneTemperatures.xlsx,PTSC_HOSTED_FIRESTONE_NAMED_WORKBOOK,STRUCTURED_OBSERVED_SOURCE_WITH_UNIT_LIMITATIONS,EXPLICIT_WORKBOOK_TRACK_TEMPERATURE,DIRECT_NUMERIC_OBSERVATION,Sheet 2023 Temp Archive; source row 469; selected date-block occurrence 1; sensor average 69.07499999999999°F.,weather/evidence/ptsc/FirestoneTemperatures_current.xlsx,Not INDYCAR official. PTSC hosts a Firestone-named workbook; local metadata does not independently authenticate authorship or measurement operator.
PTSC2023-0470,2023,2023-05-20,TRACK_TEMPERATURE,09:15:00,America/Indiana/Indianapolis,2023-05-20T13:15:00Z,71.0,degF,21.666666666666668,71°F,Target-date structured observation; rows outside qualifying hours remain Day 1 date context,PTSC-hosted FirestoneTemperatures workbook,https://ptscin.com/wp-content/uploads/2025/06/FirestoneTemperatures.xlsx,PTSC_HOSTED_FIRESTONE_NAMED_WORKBOOK,STRUCTURED_OBSERVED_SOURCE_WITH_UNIT_LIMITATIONS,EXPLICIT_WORKBOOK_TRACK_TEMPERATURE,DIRECT_NUMERIC_OBSERVATION,Sheet 2023 Temp Archive; source row 470; selected date-block occurrence 1; sensor average 70.775°F.,weather/evidence/ptsc/FirestoneTemperatures_current.xlsx,Not INDYCAR official. PTSC hosts a Firestone-named workbook; local metadata does not independently authenticate authorship or measurement operator.
PTSC2023-0471,2023,2023-05-20,TRACK_TEMPERATURE,09:30:00,America/Indiana/Indianapolis,2023-05-20T13:30:00Z,72.0,degF,22.22222222222222,72°F,Target-date structured observation; rows outside qualifying hours remain Day 1 date context,PTSC-hosted FirestoneTemperatures workbook,https://ptscin.com/wp-content/uploads/2025/06/FirestoneTemperatures.xlsx,PTSC_HOSTED_FIRESTONE_NAMED_WORKBOOK,STRUCTURED_OBSERVED_SOURCE_WITH_UNIT_LIMITATIONS,EXPLICIT_WORKBOOK_TRACK_TEMPERATURE,DIRECT_NUMERIC_OBSERVATION,Sheet 2023 Temp Archive; source row 471; selected date-block occurrence 1; sensor average 72.375°F.,weather/evidence/ptsc/FirestoneTemperatures_current.xlsx,Not INDYCAR official. PTSC hosts a Firestone-named workbook; local metadata does not independently authenticate authorship or measurement operator.
PTSC2023-0472,2023,2023-05-20,TRACK_TEMPERATURE,10:45:00,America/Indiana/Indianapolis,2023-05-20T14:45:00Z,83.0,degF,28.333333333333332,83°F,Target-date structured observation; rows outside qualifying hours remain Day 1 date context,PTSC-hosted FirestoneTemperatures workbook,https://ptscin.com/wp-content/uploads/2025/06/FirestoneTemperatures.xlsx,PTSC_HOSTED_FIRESTONE_NAMED_WORKBOOK,STRUCTURED_OBSERVED_SOURCE_WITH_UNIT_LIMITATIONS,EXPLICIT_WORKBOOK_TRACK_TEMPERATURE,DIRECT_NUMERIC_OBSERVATION,Sheet 2023 Temp Archive; source row 472; selected date-block occurrence 1; sensor average 83.025°F.,weather/evidence/ptsc/FirestoneTemperatures_current.xlsx,Not INDYCAR official. PTSC hosts a Firestone-named workbook; local metadata does not independently authenticate authorship or measurement operator.
PTSC2023-0473,2023,2023-05-20,TRACK_TEMPERATURE,11:00:00,America/Indiana/Indianapolis,2023-05-20T15:00:00Z,85.0,degF,29.444444444444443,85°F,Target-date structured observation; rows outside qualifying hours remain Day 1 date context,PTSC-hosted FirestoneTemperatures workbook,https://ptscin.com/wp-content/uploads/2025/06/FirestoneTemperatures.xlsx,PTSC_HOSTED_FIRESTONE_NAMED_WORKBOOK,STRUCTURED_OBSERVED_SOURCE_WITH_UNIT_LIMITATIONS,EXPLICIT_WORKBOOK_TRACK_TEMPERATURE,DIRECT_NUMERIC_OBSERVATION,Sheet 2023 Temp Archive; source row 473; selected date-block occurrence 1; sensor average 85.125°F.,weather/evidence/ptsc/FirestoneTemperatures_current.xlsx,Not INDYCAR official. PTSC hosts a Firestone-named workbook; local metadata does not independently authenticate authorship or measurement operator.
PTSC2023-0474,2023,2023-05-20,TRACK_TEMPERATURE,11:15:00,America/Indiana/Indianapolis,2023-05-20T15:15:00Z,87.0,degF,30.555555555555557,87°F,Target-date structured observation; rows outside qualifying hours remain Day 1 date context,PTSC-hosted FirestoneTemperatures workbook,https://ptscin.com/wp-content/uploads/2025/06/FirestoneTemperatures.xlsx,PTSC_HOSTED_FIRESTONE_NAMED_WORKBOOK,STRUCTURED_OBSERVED_SOURCE_WITH_UNIT_LIMITATIONS,EXPLICIT_WORKBOOK_TRACK_TEMPERATURE,DIRECT_NUMERIC_OBSERVATION,Sheet 2023 Temp Archive; source row 474; selected date-block occurrence 1; sensor average 87.275°F.,weather/evidence/ptsc/FirestoneTemperatures_current.xlsx,Not INDYCAR official. PTSC hosts a Firestone-named workbook; local metadata does not independently authenticate authorship or measurement operator.
PTSC2023-0475,2023,2023-05-20,TRACK_TEMPERATURE,11:30:00,America/Indiana/Indianapolis,2023-05-20T15:30:00Z,92.0,degF,33.333333333333336,92°F,Target-date structured observation; rows outside qualifying hours remain Day 1 date context,PTSC-hosted FirestoneTemperatures workbook,https://ptscin.com/wp-content/uploads/2025/06/FirestoneTemperatures.xlsx,PTSC_HOSTED_FIRESTONE_NAMED_WORKBOOK,STRUCTURED_OBSERVED_SOURCE_WITH_UNIT_LIMITATIONS,EXPLICIT_WORKBOOK_TRACK_TEMPERATURE,DIRECT_NUMERIC_OBSERVATION,Sheet 2023 Temp Archive; source row 475; selected date-block occurrence 1; sensor average 91.9°F.,weather/evidence/ptsc/FirestoneTemperatures_current.xlsx,Not INDYCAR official. PTSC hosts a Firestone-named workbook; local metadata does not independently authenticate authorship or measurement operator.
PTSC2023-0476,2023,2023-05-20,TRACK_TEMPERATURE,11:45:00,America/Indiana/Indianapolis,2023-05-20T15:45:00Z,94.0,degF,34.44444444444444,94°F,Target-date structured observation; rows outside qualifying hours remain Day 1 date context,PTSC-hosted FirestoneTemperatures workbook,https://ptscin.com/wp-content/uploads/2025/06/FirestoneTemperatures.xlsx,PTSC_HOSTED_FIRESTONE_NAMED_WORKBOOK,STRUCTURED_OBSERVED_SOURCE_WITH_UNIT_LIMITATIONS,EXPLICIT_WORKBOOK_TRACK_TEMPERATURE,DIRECT_NUMERIC_OBSERVATION,Sheet 2023 Temp Archive; source row 476; selected date-block occurrence 1; sensor average 94.375°F.,weather/evidence/ptsc/FirestoneTemperatures_current.xlsx,Not INDYCAR official. PTSC hosts a Firestone-named workbook; local metadata does not independently authenticate authorship or measurement operator.
PTSC2023-0477,2023,2023-05-20,TRACK_TEMPERATURE,12:00:00,America/Indiana/Indianapolis,2023-05-20T16:00:00Z,97.0,degF,36.111111111111114,97°F,Target-date structured observation; rows outside qualifying hours remain Day 1 date context,PTSC-hosted FirestoneTemperatures workbook,https://ptscin.com/wp-content/uploads/2025/06/FirestoneTemperatures.xlsx,PTSC_HOSTED_FIRESTONE_NAMED_WORKBOOK,STRUCTURED_OBSERVED_SOURCE_WITH_UNIT_LIMITATIONS,EXPLICIT_WORKBOOK_TRACK_TEMPERATURE,DIRECT_NUMERIC_OBSERVATION,Sheet 2023 Temp Archive; source row 477; selected date-block occurrence 1; sensor average 96.7°F.,weather/evidence/ptsc/FirestoneTemperatures_current.xlsx,Not INDYCAR official. PTSC hosts a Firestone-named workbook; local metadata does not independently authenticate authorship or measurement operator.
PTSC2023-0478,2023,2023-05-20,TRACK_TEMPERATURE,12:15:00,America/Indiana/Indianapolis,2023-05-20T16:15:00Z,99.0,degF,37.22222222222222,99°F,Target-date structured observation; rows outside qualifying hours remain Day 1 date context,PTSC-hosted FirestoneTemperatures workbook,https://ptscin.com/wp-content/uploads/2025/06/FirestoneTemperatures.xlsx,PTSC_HOSTED_FIRESTONE_NAMED_WORKBOOK,STRUCTURED_OBSERVED_SOURCE_WITH_UNIT_LIMITATIONS,EXPLICIT_WORKBOOK_TRACK_TEMPERATURE,DIRECT_NUMERIC_OBSERVATION,Sheet 2023 Temp Archive; source row 478; selected date-block occurrence 1; sensor average 98.7°F.,weather/evidence/ptsc/FirestoneTemperatures_current.xlsx,Not INDYCAR official. PTSC hosts a Firestone-named workbook; local metadata does not independently authenticate authorship or measurement operator.
PTSC2023-0479,2023,2023-05-20,TRACK_TEMPERATURE,12:30:00,America/Indiana/Indianapolis,2023-05-20T16:30:00Z,102.0,degF,38.888888888888886,102°F,Target-date structured observation; rows outside qualifying hours remain Day 1 date context,PTSC-hosted FirestoneTemperatures workbook,https://ptscin.com/wp-content/uploads/2025/06/FirestoneTemperatures.xlsx,PTSC_HOSTED_FIRESTONE_NAMED_WORKBOOK,STRUCTURED_OBSERVED_SOURCE_WITH_UNIT_LIMITATIONS,EXPLICIT_WORKBOOK_TRACK_TEMPERATURE,DIRECT_NUMERIC_OBSERVATION,Sheet 2023 Temp Archive; source row 479; selected date-block occurrence 1; sensor average 101.625°F.,weather/evidence/ptsc/FirestoneTemperatures_current.xlsx,Not INDYCAR official. PTSC hosts a Firestone-named workbook; local metadata does not independently authenticate authorship or measurement operator.
PTSC2023-0480,2023,2023-05-20,TRACK_TEMPERATURE,12:45:00,America/Indiana/Indianapolis,2023-05-20T16:45:00Z,104.0,degF,40.0,104°F,Target-date structured observation; rows outside qualifying hours remain Day 1 date context,PTSC-hosted FirestoneTemperatures workbook,https://ptscin.com/wp-content/uploads/2025/06/FirestoneTemperatures.xlsx,PTSC_HOSTED_FIRESTONE_NAMED_WORKBOOK,STRUCTURED_OBSERVED_SOURCE_WITH_UNIT_LIMITATIONS,EXPLICIT_WORKBOOK_TRACK_TEMPERATURE,DIRECT_NUMERIC_OBSERVATION,Sheet 2023 Temp Archive; source row 480; selected date-block occurrence 1; sensor average 103.65°F.,weather/evidence/ptsc/FirestoneTemperatures_current.xlsx,Not INDYCAR official. PTSC hosts a Firestone-named workbook; local metadata does not independently authenticate authorship or measurement operator.
PTSC2023-0481,2023,2023-05-20,TRACK_TEMPERATURE,13:00:00,America/Indiana/Indianapolis,2023-05-20T17:00:00Z,106.0,degF,41.111111111111114,106°F,Target-date structured observation; rows outside qualifying hours remain Day 1 date context,PTSC-hosted FirestoneTemperatures workbook,https://ptscin.com/wp-content/uploads/2025/06/FirestoneTemperatures.xlsx,PTSC_HOSTED_FIRESTONE_NAMED_WORKBOOK,STRUCTURED_OBSERVED_SOURCE_WITH_UNIT_LIMITATIONS,EXPLICIT_WORKBOOK_TRACK_TEMPERATURE,DIRECT_NUMERIC_OBSERVATION,Sheet 2023 Temp Archive; source row 481; selected date-block occurrence 1; sensor average 105.75°F.,weather/evidence/ptsc/FirestoneTemperatures_current.xlsx,Not INDYCAR official. PTSC hosts a Firestone-named workbook; local metadata does not independently authenticate authorship or measurement operator.
PTSC2023-0482,2023,2023-05-20,TRACK_TEMPERATURE,13:15:00,America/Indiana/Indianapolis,2023-05-20T17:15:00Z,108.0,degF,42.22222222222222,108°F,Target-date structured observation; rows outside qualifying hours remain Day 1 date context,PTSC-hosted FirestoneTemperatures workbook,https://ptscin.com/wp-content/uploads/2025/06/FirestoneTemperatures.xlsx,PTSC_HOSTED_FIRESTONE_NAMED_WORKBOOK,STRUCTURED_OBSERVED_SOURCE_WITH_UNIT_LIMITATIONS,EXPLICIT_WORKBOOK_TRACK_TEMPERATURE,DIRECT_NUMERIC_OBSERVATION,Sheet 2023 Temp Archive; source row 482; selected date-block occurrence 1; sensor average 108.05°F.,weather/evidence/ptsc/FirestoneTemperatures_current.xlsx,Not INDYCAR official. PTSC hosts a Firestone-named workbook; local metadata does not independently authenticate authorship or measurement operator.
PTSC2023-0483,2023,2023-05-20,TRACK_TEMPERATURE,13:30:00,America/Indiana/Indianapolis,2023-05-20T17:30:00Z,109.0,degF,42.77777777777778,109°F,Target-date structured observation; rows outside qualifying hours remain Day 1 date context,PTSC-hosted FirestoneTemperatures workbook,https://ptscin.com/wp-content/uploads/2025/06/FirestoneTemperatures.xlsx,PTSC_HOSTED_FIRESTONE_NAMED_WORKBOOK,STRUCTURED_OBSERVED_SOURCE_WITH_UNIT_LIMITATIONS,EXPLICIT_WORKBOOK_TRACK_TEMPERATURE,DIRECT_NUMERIC_OBSERVATION,Sheet 2023 Temp Archive; source row 483; selected date-block occurrence 1; sensor average 108.8°F.,weather/evidence/ptsc/FirestoneTemperatures_current.xlsx,Not INDYCAR official. PTSC hosts a Firestone-named workbook; local metadata does not independently authenticate authorship or measurement operator.
PTSC2023-0484,2023,2023-05-20,TRACK_TEMPERATURE,13:45:00,America/Indiana/Indianapolis,2023-05-20T17:45:00Z,109.0,degF,42.77777777777778,109°F,Target-date structured observation; rows outside qualifying hours remain Day 1 date context,PTSC-hosted FirestoneTemperatures workbook,https://ptscin.com/wp-content/uploads/2025/06/FirestoneTemperatures.xlsx,PTSC_HOSTED_FIRESTONE_NAMED_WORKBOOK,STRUCTURED_OBSERVED_SOURCE_WITH_UNIT_LIMITATIONS,EXPLICIT_WORKBOOK_TRACK_TEMPERATURE,DIRECT_NUMERIC_OBSERVATION,Sheet 2023 Temp Archive; source row 484; selected date-block occurrence 1; sensor average 108.8°F.,weather/evidence/ptsc/FirestoneTemperatures_current.xlsx,Not INDYCAR official. PTSC hosts a Firestone-named workbook; local metadata does not independently authenticate authorship or measurement operator.
PTSC2023-0485,2023,2023-05-20,TRACK_TEMPERATURE,14:00:00,America/Indiana/Indianapolis,2023-05-20T18:00:00Z,111.0,degF,43.888888888888886,111°F,Target-date structured observation; rows outside qualifying hours remain Day 1 date context,PTSC-hosted FirestoneTemperatures workbook,https://ptscin.com/wp-content/uploads/2025/06/FirestoneTemperatures.xlsx,PTSC_HOSTED_FIRESTONE_NAMED_WORKBOOK,STRUCTURED_OBSERVED_SOURCE_WITH_UNIT_LIMITATIONS,EXPLICIT_WORKBOOK_TRACK_TEMPERATURE,DIRECT_NUMERIC_OBSERVATION,Sheet 2023 Temp Archive; source row 485; selected date-block occurrence 1; sensor average 111.375°F.,weather/evidence/ptsc/FirestoneTemperatures_current.xlsx,Not INDYCAR official. PTSC hosts a Firestone-named workbook; local metadata does not independently authenticate authorship or measurement operator.
PTSC2023-0486,2023,2023-05-20,TRACK_TEMPERATURE,14:15:00,America/Indiana/Indianapolis,2023-05-20T18:15:00Z,113.0,degF,45.0,113°F,Target-date structured observation; rows outside qualifying hours remain Day 1 date context,PTSC-hosted FirestoneTemperatures workbook,https://ptscin.com/wp-content/uploads/2025/06/FirestoneTemperatures.xlsx,PTSC_HOSTED_FIRESTONE_NAMED_WORKBOOK,STRUCTURED_OBSERVED_SOURCE_WITH_UNIT_LIMITATIONS,EXPLICIT_WORKBOOK_TRACK_TEMPERATURE,DIRECT_NUMERIC_OBSERVATION,Sheet 2023 Temp Archive; source row 486; selected date-block occurrence 1; sensor average 112.775°F.,weather/evidence/ptsc/FirestoneTemperatures_current.xlsx,Not INDYCAR official. PTSC hosts a Firestone-named workbook; local metadata does not independently authenticate authorship or measurement operator.
PTSC2023-0487,2023,2023-05-20,TRACK_TEMPERATURE,14:30:00,America/Indiana/Indianapolis,2023-05-20T18:30:00Z,113.0,degF,45.0,113°F,Target-date structured observation; rows outside qualifying hours remain Day 1 date context,PTSC-hosted FirestoneTemperatures workbook,https://ptscin.com/wp-content/uploads/2025/06/FirestoneTemperatures.xlsx,PTSC_HOSTED_FIRESTONE_NAMED_WORKBOOK,STRUCTURED_OBSERVED_SOURCE_WITH_UNIT_LIMITATIONS,EXPLICIT_WORKBOOK_TRACK_TEMPERATURE,DIRECT_NUMERIC_OBSERVATION,Sheet 2023 Temp Archive; source row 487; selected date-block occurrence 1; sensor average 112.725°F.,weather/evidence/ptsc/FirestoneTemperatures_current.xlsx,Not INDYCAR official. PTSC hosts a Firestone-named workbook; local metadata does not independently authenticate authorship or measurement operator.
PTSC2023-0488,2023,2023-05-20,TRACK_TEMPERATURE,14:45:00,America/Indiana/Indianapolis,2023-05-20T18:45:00Z,112.0,degF,44.44444444444444,112°F,Target-date structured observation; rows outside qualifying hours remain Day 1 date context,PTSC-hosted FirestoneTemperatures workbook,https://ptscin.com/wp-content/uploads/2025/06/FirestoneTemperatures.xlsx,PTSC_HOSTED_FIRESTONE_NAMED_WORKBOOK,STRUCTURED_OBSERVED_SOURCE_WITH_UNIT_LIMITATIONS,EXPLICIT_WORKBOOK_TRACK_TEMPERATURE,DIRECT_NUMERIC_OBSERVATION,Sheet 2023 Temp Archive; source row 488; selected date-block occurrence 1; sensor average 111.925°F.,weather/evidence/ptsc/FirestoneTemperatures_current.xlsx,Not INDYCAR official. PTSC hosts a Firestone-named workbook; local metadata does not independently authenticate authorship or measurement operator.
PTSC2023-0489,2023,2023-05-20,TRACK_TEMPERATURE,15:00:00,America/Indiana/Indianapolis,2023-05-20T19:00:00Z,112.0,degF,44.44444444444444,112°F,Target-date structured observation; rows outside qualifying hours remain Day 1 date context,PTSC-hosted FirestoneTemperatures workbook,https://ptscin.com/wp-content/uploads/2025/06/FirestoneTemperatures.xlsx,PTSC_HOSTED_FIRESTONE_NAMED_WORKBOOK,STRUCTURED_OBSERVED_SOURCE_WITH_UNIT_LIMITATIONS,EXPLICIT_WORKBOOK_TRACK_TEMPERATURE,DIRECT_NUMERIC_OBSERVATION,Sheet 2023 Temp Archive; source row 489; selected date-block occurrence 1; sensor average 111.725°F.,weather/evidence/ptsc/FirestoneTemperatures_current.xlsx,Not INDYCAR official. PTSC hosts a Firestone-named workbook; local metadata does not independently authenticate authorship or measurement operator.
PTSC2023-0490,2023,2023-05-20,TRACK_TEMPERATURE,15:15:00,America/Indiana/Indianapolis,2023-05-20T19:15:00Z,112.0,degF,44.44444444444444,112°F,Target-date structured observation; rows outside qualifying hours remain Day 1 date context,PTSC-hosted FirestoneTemperatures workbook,https://ptscin.com/wp-content/uploads/2025/06/FirestoneTemperatures.xlsx,PTSC_HOSTED_FIRESTONE_NAMED_WORKBOOK,STRUCTURED_OBSERVED_SOURCE_WITH_UNIT_LIMITATIONS,EXPLICIT_WORKBOOK_TRACK_TEMPERATURE,DIRECT_NUMERIC_OBSERVATION,Sheet 2023 Temp Archive; source row 490; selected date-block occurrence 1; sensor average 112.475°F.,weather/evidence/ptsc/FirestoneTemperatures_current.xlsx,Not INDYCAR official. PTSC hosts a Firestone-named workbook; local metadata does not independently authenticate authorship or measurement operator.
PTSC2023-0491,2023,2023-05-20,TRACK_TEMPERATURE,15:30:00,America/Indiana/Indianapolis,2023-05-20T19:30:00Z,113.0,degF,45.0,113°F,Target-date structured observation; rows outside qualifying hours remain Day 1 date context,PTSC-hosted FirestoneTemperatures workbook,https://ptscin.com/wp-content/uploads/2025/06/FirestoneTemperatures.xlsx,PTSC_HOSTED_FIRESTONE_NAMED_WORKBOOK,STRUCTURED_OBSERVED_SOURCE_WITH_UNIT_LIMITATIONS,EXPLICIT_WORKBOOK_TRACK_TEMPERATURE,DIRECT_NUMERIC_OBSERVATION,Sheet 2023 Temp Archive; source row 491; selected date-block occurrence 1; sensor average 112.65°F.,weather/evidence/ptsc/FirestoneTemperatures_current.xlsx,Not INDYCAR official. PTSC hosts a Firestone-named workbook; local metadata does not independently authenticate authorship or measurement operator.
PTSC2023-0492,2023,2023-05-20,TRACK_TEMPERATURE,15:45:00,America/Indiana/Indianapolis,2023-05-20T19:45:00Z,112.0,degF,44.44444444444444,112°F,Target-date structured observation; rows outside qualifying hours remain Day 1 date context,PTSC-hosted FirestoneTemperatures workbook,https://ptscin.com/wp-content/uploads/2025/06/FirestoneTemperatures.xlsx,PTSC_HOSTED_FIRESTONE_NAMED_WORKBOOK,STRUCTURED_OBSERVED_SOURCE_WITH_UNIT_LIMITATIONS,EXPLICIT_WORKBOOK_TRACK_TEMPERATURE,DIRECT_NUMERIC_OBSERVATION,Sheet 2023 Temp Archive; source row 492; selected date-block occurrence 1; sensor average 111.6°F.,weather/evidence/ptsc/FirestoneTemperatures_current.xlsx,Not INDYCAR official. PTSC hosts a Firestone-named workbook; local metadata does not independently authenticate authorship or measurement operator.
PTSC2023-0493,2023,2023-05-20,TRACK_TEMPERATURE,16:00:00,America/Indiana/Indianapolis,2023-05-20T20:00:00Z,112.0,degF,44.44444444444444,112°F,Target-date structured observation; rows outside qualifying hours remain Day 1 date context,PTSC-hosted FirestoneTemperatures workbook,https://ptscin.com/wp-content/uploads/2025/06/FirestoneTemperatures.xlsx,PTSC_HOSTED_FIRESTONE_NAMED_WORKBOOK,STRUCTURED_OBSERVED_SOURCE_WITH_UNIT_LIMITATIONS,EXPLICIT_WORKBOOK_TRACK_TEMPERATURE,DIRECT_NUMERIC_OBSERVATION,Sheet 2023 Temp Archive; source row 493; selected date-block occurrence 1; sensor average 112.175°F.,weather/evidence/ptsc/FirestoneTemperatures_current.xlsx,Not INDYCAR official. PTSC hosts a Firestone-named workbook; local metadata does not independently authenticate authorship or measurement operator.
PTSC2023-0494,2023,2023-05-20,TRACK_TEMPERATURE,16:15:00,America/Indiana/Indianapolis,2023-05-20T20:15:00Z,112.0,degF,44.44444444444444,112°F,Target-date structured observation; rows outside qualifying hours remain Day 1 date context,PTSC-hosted FirestoneTemperatures workbook,https://ptscin.com/wp-content/uploads/2025/06/FirestoneTemperatures.xlsx,PTSC_HOSTED_FIRESTONE_NAMED_WORKBOOK,STRUCTURED_OBSERVED_SOURCE_WITH_UNIT_LIMITATIONS,EXPLICIT_WORKBOOK_TRACK_TEMPERATURE,DIRECT_NUMERIC_OBSERVATION,Sheet 2023 Temp Archive; source row 494; selected date-block occurrence 1; sensor average 111.925°F.,weather/evidence/ptsc/FirestoneTemperatures_current.xlsx,Not INDYCAR official. PTSC hosts a Firestone-named workbook; local metadata does not independently authenticate authorship or measurement operator.
PTSC2023-0495,2023,2023-05-20,TRACK_TEMPERATURE,16:30:00,America/Indiana/Indianapolis,2023-05-20T20:30:00Z,112.0,degF,44.44444444444444,112°F,Target-date structured observation; rows outside qualifying hours remain Day 1 date context,PTSC-hosted FirestoneTemperatures workbook,https://ptscin.com/wp-content/uploads/2025/06/FirestoneTemperatures.xlsx,PTSC_HOSTED_FIRESTONE_NAMED_WORKBOOK,STRUCTURED_OBSERVED_SOURCE_WITH_UNIT_LIMITATIONS,EXPLICIT_WORKBOOK_TRACK_TEMPERATURE,DIRECT_NUMERIC_OBSERVATION,Sheet 2023 Temp Archive; source row 495; selected date-block occurrence 1; sensor average 111.975°F.,weather/evidence/ptsc/FirestoneTemperatures_current.xlsx,Not INDYCAR official. PTSC hosts a Firestone-named workbook; local metadata does not independently authenticate authorship or measurement operator.
PTSC2023-0496,2023,2023-05-20,TRACK_TEMPERATURE,16:45:00,America/Indiana/Indianapolis,2023-05-20T20:45:00Z,111.0,degF,43.888888888888886,111°F,Target-date structured observation; rows outside qualifying hours remain Day 1 date context,PTSC-hosted FirestoneTemperatures workbook,https://ptscin.com/wp-content/uploads/2025/06/FirestoneTemperatures.xlsx,PTSC_HOSTED_FIRESTONE_NAMED_WORKBOOK,STRUCTURED_OBSERVED_SOURCE_WITH_UNIT_LIMITATIONS,EXPLICIT_WORKBOOK_TRACK_TEMPERATURE,DIRECT_NUMERIC_OBSERVATION,Sheet 2023 Temp Archive; source row 496; selected date-block occurrence 1; sensor average 110.85°F.,weather/evidence/ptsc/FirestoneTemperatures_current.xlsx,Not INDYCAR official. PTSC hosts a Firestone-named workbook; local metadata does not independently authenticate authorship or measurement operator.
PTSC2023-0497,2023,2023-05-20,TRACK_TEMPERATURE,17:00:00,America/Indiana/Indianapolis,2023-05-20T21:00:00Z,107.0,degF,41.666666666666664,107°F,Target-date structured observation; rows outside qualifying hours remain Day 1 date context,PTSC-hosted FirestoneTemperatures workbook,https://ptscin.com/wp-content/uploads/2025/06/FirestoneTemperatures.xlsx,PTSC_HOSTED_FIRESTONE_NAMED_WORKBOOK,STRUCTURED_OBSERVED_SOURCE_WITH_UNIT_LIMITATIONS,EXPLICIT_WORKBOOK_TRACK_TEMPERATURE,DIRECT_NUMERIC_OBSERVATION,Sheet 2023 Temp Archive; source row 497; selected date-block occurrence 1; sensor average 106.875°F.,weather/evidence/ptsc/FirestoneTemperatures_current.xlsx,Not INDYCAR official. PTSC hosts a Firestone-named workbook; local metadata does not independently authenticate authorship or measurement operator.
PTSC2023-0498,2023,2023-05-20,TRACK_TEMPERATURE,17:15:00,America/Indiana/Indianapolis,2023-05-20T21:15:00Z,107.0,degF,41.666666666666664,107°F,Target-date structured observation; rows outside qualifying hours remain Day 1 date context,PTSC-hosted FirestoneTemperatures workbook,https://ptscin.com/wp-content/uploads/2025/06/FirestoneTemperatures.xlsx,PTSC_HOSTED_FIRESTONE_NAMED_WORKBOOK,STRUCTURED_OBSERVED_SOURCE_WITH_UNIT_LIMITATIONS,EXPLICIT_WORKBOOK_TRACK_TEMPERATURE,DIRECT_NUMERIC_OBSERVATION,Sheet 2023 Temp Archive; source row 498; selected date-block occurrence 1; sensor average 106.6°F.,weather/evidence/ptsc/FirestoneTemperatures_current.xlsx,Not INDYCAR official. PTSC hosts a Firestone-named workbook; local metadata does not independently authenticate authorship or measurement operator.
PTSC2023-0499,2023,2023-05-20,TRACK_TEMPERATURE,17:30:00,America/Indiana/Indianapolis,2023-05-20T21:30:00Z,105.0,degF,40.55555555555556,105°F,Target-date structured observation; rows outside qualifying hours remain Day 1 date context,PTSC-hosted FirestoneTemperatures workbook,https://ptscin.com/wp-content/uploads/2025/06/FirestoneTemperatures.xlsx,PTSC_HOSTED_FIRESTONE_NAMED_WORKBOOK,STRUCTURED_OBSERVED_SOURCE_WITH_UNIT_LIMITATIONS,EXPLICIT_WORKBOOK_TRACK_TEMPERATURE,DIRECT_NUMERIC_OBSERVATION,Sheet 2023 Temp Archive; source row 499; selected date-block occurrence 1; sensor average 104.625°F.,weather/evidence/ptsc/FirestoneTemperatures_current.xlsx,Not INDYCAR official. PTSC hosts a Firestone-named workbook; local metadata does not independently authenticate authorship or measurement operator.
PTSC2023-0500,2023,2023-05-20,TRACK_TEMPERATURE,17:45:00,America/Indiana/Indianapolis,2023-05-20T21:45:00Z,102.0,degF,38.888888888888886,102°F,Target-date structured observation; rows outside qualifying hours remain Day 1 date context,PTSC-hosted FirestoneTemperatures workbook,https://ptscin.com/wp-content/uploads/2025/06/FirestoneTemperatures.xlsx,PTSC_HOSTED_FIRESTONE_NAMED_WORKBOOK,STRUCTURED_OBSERVED_SOURCE_WITH_UNIT_LIMITATIONS,EXPLICIT_WORKBOOK_TRACK_TEMPERATURE,DIRECT_NUMERIC_OBSERVATION,Sheet 2023 Temp Archive; source row 500; selected date-block occurrence 1; sensor average 102.275°F.,weather/evidence/ptsc/FirestoneTemperatures_current.xlsx,Not INDYCAR official. PTSC hosts a Firestone-named workbook; local metadata does not independently authenticate authorship or measurement operator.
PTSC2023-0501,2023,2023-05-20,TRACK_TEMPERATURE,17:50:00,America/Indiana/Indianapolis,2023-05-20T21:50:00Z,102.0,degF,38.888888888888886,102°F,Target-date structured observation; rows outside qualifying hours remain Day 1 date context,PTSC-hosted FirestoneTemperatures workbook,https://ptscin.com/wp-content/uploads/2025/06/FirestoneTemperatures.xlsx,PTSC_HOSTED_FIRESTONE_NAMED_WORKBOOK,STRUCTURED_OBSERVED_SOURCE_WITH_UNIT_LIMITATIONS,EXPLICIT_WORKBOOK_TRACK_TEMPERATURE,DIRECT_NUMERIC_OBSERVATION,Sheet 2023 Temp Archive; source row 501; selected date-block occurrence 1; sensor average 101.825°F.,weather/evidence/ptsc/FirestoneTemperatures_current.xlsx,Not INDYCAR official. PTSC hosts a Firestone-named workbook; local metadata does not independently authenticate authorship or measurement operator.
PTSC2024-0462,2024,2024-05-18,TRACK_TEMPERATURE,08:45:00,America/Indiana/Indianapolis,2024-05-18T12:45:00Z,76.0,degF,24.444444444444443,76°F,Target-date structured observation; rows outside qualifying hours remain Day 1 date context,PTSC-hosted FirestoneTemperatures workbook,https://ptscin.com/wp-content/uploads/2025/06/FirestoneTemperatures.xlsx,PTSC_HOSTED_FIRESTONE_NAMED_WORKBOOK,STRUCTURED_OBSERVED_SOURCE_WITH_UNIT_LIMITATIONS,EXPLICIT_WORKBOOK_TRACK_TEMPERATURE,DIRECT_NUMERIC_OBSERVATION,Sheet 2024 Temp Archive; source row 462; selected date-block occurrence 1; sensor average 76.275°F.,weather/evidence/ptsc/FirestoneTemperatures_current.xlsx,Not INDYCAR official. PTSC hosts a Firestone-named workbook; local metadata does not independently authenticate authorship or measurement operator.
PTSC2024-0463,2024,2024-05-18,TRACK_TEMPERATURE,09:00:00,America/Indiana/Indianapolis,2024-05-18T13:00:00Z,78.0,degF,25.555555555555557,78°F,Target-date structured observation; rows outside qualifying hours remain Day 1 date context,PTSC-hosted FirestoneTemperatures workbook,https://ptscin.com/wp-content/uploads/2025/06/FirestoneTemperatures.xlsx,PTSC_HOSTED_FIRESTONE_NAMED_WORKBOOK,STRUCTURED_OBSERVED_SOURCE_WITH_UNIT_LIMITATIONS,EXPLICIT_WORKBOOK_TRACK_TEMPERATURE,DIRECT_NUMERIC_OBSERVATION,Sheet 2024 Temp Archive; source row 463; selected date-block occurrence 1; sensor average 77.925°F.,weather/evidence/ptsc/FirestoneTemperatures_current.xlsx,Not INDYCAR official. PTSC hosts a Firestone-named workbook; local metadata does not independently authenticate authorship or measurement operator.
PTSC2024-0464,2024,2024-05-18,TRACK_TEMPERATURE,09:15:00,America/Indiana/Indianapolis,2024-05-18T13:15:00Z,79.0,degF,26.11111111111111,79°F,Target-date structured observation; rows outside qualifying hours remain Day 1 date context,PTSC-hosted FirestoneTemperatures workbook,https://ptscin.com/wp-content/uploads/2025/06/FirestoneTemperatures.xlsx,PTSC_HOSTED_FIRESTONE_NAMED_WORKBOOK,STRUCTURED_OBSERVED_SOURCE_WITH_UNIT_LIMITATIONS,EXPLICIT_WORKBOOK_TRACK_TEMPERATURE,DIRECT_NUMERIC_OBSERVATION,Sheet 2024 Temp Archive; source row 464; selected date-block occurrence 1; sensor average 79.3°F.,weather/evidence/ptsc/FirestoneTemperatures_current.xlsx,Not INDYCAR official. PTSC hosts a Firestone-named workbook; local metadata does not independently authenticate authorship or measurement operator.
PTSC2024-0465,2024,2024-05-18,TRACK_TEMPERATURE,09:30:00,America/Indiana/Indianapolis,2024-05-18T13:30:00Z,81.0,degF,27.22222222222222,81°F,Target-date structured observation; rows outside qualifying hours remain Day 1 date context,PTSC-hosted FirestoneTemperatures workbook,https://ptscin.com/wp-content/uploads/2025/06/FirestoneTemperatures.xlsx,PTSC_HOSTED_FIRESTONE_NAMED_WORKBOOK,STRUCTURED_OBSERVED_SOURCE_WITH_UNIT_LIMITATIONS,EXPLICIT_WORKBOOK_TRACK_TEMPERATURE,DIRECT_NUMERIC_OBSERVATION,Sheet 2024 Temp Archive; source row 465; selected date-block occurrence 1; sensor average 81.25°F.,weather/evidence/ptsc/FirestoneTemperatures_current.xlsx,Not INDYCAR official. PTSC hosts a Firestone-named workbook; local metadata does not independently authenticate authorship or measurement operator.
PTSC2024-0466,2024,2024-05-18,TRACK_TEMPERATURE,09:45:00,America/Indiana/Indianapolis,2024-05-18T13:45:00Z,84.0,degF,28.88888888888889,84°F,Target-date structured observation; rows outside qualifying hours remain Day 1 date context,PTSC-hosted FirestoneTemperatures workbook,https://ptscin.com/wp-content/uploads/2025/06/FirestoneTemperatures.xlsx,PTSC_HOSTED_FIRESTONE_NAMED_WORKBOOK,STRUCTURED_OBSERVED_SOURCE_WITH_UNIT_LIMITATIONS,EXPLICIT_WORKBOOK_TRACK_TEMPERATURE,DIRECT_NUMERIC_OBSERVATION,Sheet 2024 Temp Archive; source row 466; selected date-block occurrence 1; sensor average 84.17500000000001°F.,weather/evidence/ptsc/FirestoneTemperatures_current.xlsx,Not INDYCAR official. PTSC hosts a Firestone-named workbook; local metadata does not independently authenticate authorship or measurement operator.
PTSC2024-0467,2024,2024-05-18,TRACK_TEMPERATURE,10:00:00,America/Indiana/Indianapolis,2024-05-18T14:00:00Z,87.0,degF,30.555555555555557,87°F,Target-date structured observation; rows outside qualifying hours remain Day 1 date context,PTSC-hosted FirestoneTemperatures workbook,https://ptscin.com/wp-content/uploads/2025/06/FirestoneTemperatures.xlsx,PTSC_HOSTED_FIRESTONE_NAMED_WORKBOOK,STRUCTURED_OBSERVED_SOURCE_WITH_UNIT_LIMITATIONS,EXPLICIT_WORKBOOK_TRACK_TEMPERATURE,DIRECT_NUMERIC_OBSERVATION,Sheet 2024 Temp Archive; source row 467; selected date-block occurrence 1; sensor average 86.975°F.,weather/evidence/ptsc/FirestoneTemperatures_current.xlsx,Not INDYCAR official. PTSC hosts a Firestone-named workbook; local metadata does not independently authenticate authorship or measurement operator.
PTSC2024-0468,2024,2024-05-18,TRACK_TEMPERATURE,10:45:00,America/Indiana/Indianapolis,2024-05-18T14:45:00Z,94.0,degF,34.44444444444444,94°F,Target-date structured observation; rows outside qualifying hours remain Day 1 date context,PTSC-hosted FirestoneTemperatures workbook,https://ptscin.com/wp-content/uploads/2025/06/FirestoneTemperatures.xlsx,PTSC_HOSTED_FIRESTONE_NAMED_WORKBOOK,STRUCTURED_OBSERVED_SOURCE_WITH_UNIT_LIMITATIONS,EXPLICIT_WORKBOOK_TRACK_TEMPERATURE,DIRECT_NUMERIC_OBSERVATION,Sheet 2024 Temp Archive; source row 468; selected date-block occurrence 1; sensor average 93.85°F.,weather/evidence/ptsc/FirestoneTemperatures_current.xlsx,Not INDYCAR official. PTSC hosts a Firestone-named workbook; local metadata does not independently authenticate authorship or measurement operator.
PTSC2024-0469,2024,2024-05-18,TRACK_TEMPERATURE,11:00:00,America/Indiana/Indianapolis,2024-05-18T15:00:00Z,95.0,degF,35.0,95°F,Target-date structured observation; rows outside qualifying hours remain Day 1 date context,PTSC-hosted FirestoneTemperatures workbook,https://ptscin.com/wp-content/uploads/2025/06/FirestoneTemperatures.xlsx,PTSC_HOSTED_FIRESTONE_NAMED_WORKBOOK,STRUCTURED_OBSERVED_SOURCE_WITH_UNIT_LIMITATIONS,EXPLICIT_WORKBOOK_TRACK_TEMPERATURE,DIRECT_NUMERIC_OBSERVATION,Sheet 2024 Temp Archive; source row 469; selected date-block occurrence 1; sensor average 94.95°F.,weather/evidence/ptsc/FirestoneTemperatures_current.xlsx,Not INDYCAR official. PTSC hosts a Firestone-named workbook; local metadata does not independently authenticate authorship or measurement operator.
PTSC2024-0470,2024,2024-05-18,TRACK_TEMPERATURE,11:15:00,America/Indiana/Indianapolis,2024-05-18T15:15:00Z,98.0,degF,36.666666666666664,98°F,Target-date structured observation; rows outside qualifying hours remain Day 1 date context,PTSC-hosted FirestoneTemperatures workbook,https://ptscin.com/wp-content/uploads/2025/06/FirestoneTemperatures.xlsx,PTSC_HOSTED_FIRESTONE_NAMED_WORKBOOK,STRUCTURED_OBSERVED_SOURCE_WITH_UNIT_LIMITATIONS,EXPLICIT_WORKBOOK_TRACK_TEMPERATURE,DIRECT_NUMERIC_OBSERVATION,Sheet 2024 Temp Archive; source row 470; selected date-block occurrence 1; sensor average 98.05°F.,weather/evidence/ptsc/FirestoneTemperatures_current.xlsx,Not INDYCAR official. PTSC hosts a Firestone-named workbook; local metadata does not independently authenticate authorship or measurement operator.
PTSC2024-0471,2024,2024-05-18,TRACK_TEMPERATURE,11:30:00,America/Indiana/Indianapolis,2024-05-18T15:30:00Z,99.0,degF,37.22222222222222,99°F,Target-date structured observation; rows outside qualifying hours remain Day 1 date context,PTSC-hosted FirestoneTemperatures workbook,https://ptscin.com/wp-content/uploads/2025/06/FirestoneTemperatures.xlsx,PTSC_HOSTED_FIRESTONE_NAMED_WORKBOOK,STRUCTURED_OBSERVED_SOURCE_WITH_UNIT_LIMITATIONS,EXPLICIT_WORKBOOK_TRACK_TEMPERATURE,DIRECT_NUMERIC_OBSERVATION,Sheet 2024 Temp Archive; source row 471; selected date-block occurrence 1; sensor average 98.5°F.,weather/evidence/ptsc/FirestoneTemperatures_current.xlsx,Not INDYCAR official. PTSC hosts a Firestone-named workbook; local metadata does not independently authenticate authorship or measurement operator.
PTSC2024-0472,2024,2024-05-18,TRACK_TEMPERATURE,11:45:00,America/Indiana/Indianapolis,2024-05-18T15:45:00Z,100.0,degF,37.77777777777778,100°F,Target-date structured observation; rows outside qualifying hours remain Day 1 date context,PTSC-hosted FirestoneTemperatures workbook,https://ptscin.com/wp-content/uploads/2025/06/FirestoneTemperatures.xlsx,PTSC_HOSTED_FIRESTONE_NAMED_WORKBOOK,STRUCTURED_OBSERVED_SOURCE_WITH_UNIT_LIMITATIONS,EXPLICIT_WORKBOOK_TRACK_TEMPERATURE,DIRECT_NUMERIC_OBSERVATION,Sheet 2024 Temp Archive; source row 472; selected date-block occurrence 1; sensor average 100.475°F.,weather/evidence/ptsc/FirestoneTemperatures_current.xlsx,Not INDYCAR official. PTSC hosts a Firestone-named workbook; local metadata does not independently authenticate authorship or measurement operator.
PTSC2024-0473,2024,2024-05-18,TRACK_TEMPERATURE,12:00:00,America/Indiana/Indianapolis,2024-05-18T16:00:00Z,104.0,degF,40.0,104°F,Target-date structured observation; rows outside qualifying hours remain Day 1 date context,PTSC-hosted FirestoneTemperatures workbook,https://ptscin.com/wp-content/uploads/2025/06/FirestoneTemperatures.xlsx,PTSC_HOSTED_FIRESTONE_NAMED_WORKBOOK,STRUCTURED_OBSERVED_SOURCE_WITH_UNIT_LIMITATIONS,EXPLICIT_WORKBOOK_TRACK_TEMPERATURE,DIRECT_NUMERIC_OBSERVATION,Sheet 2024 Temp Archive; source row 473; selected date-block occurrence 1; sensor average 104.275°F.,weather/evidence/ptsc/FirestoneTemperatures_current.xlsx,Not INDYCAR official. PTSC hosts a Firestone-named workbook; local metadata does not independently authenticate authorship or measurement operator.
PTSC2024-0474,2024,2024-05-18,TRACK_TEMPERATURE,12:15:00,America/Indiana/Indianapolis,2024-05-18T16:15:00Z,102.0,degF,38.888888888888886,102°F,Target-date structured observation; rows outside qualifying hours remain Day 1 date context,PTSC-hosted FirestoneTemperatures workbook,https://ptscin.com/wp-content/uploads/2025/06/FirestoneTemperatures.xlsx,PTSC_HOSTED_FIRESTONE_NAMED_WORKBOOK,STRUCTURED_OBSERVED_SOURCE_WITH_UNIT_LIMITATIONS,EXPLICIT_WORKBOOK_TRACK_TEMPERATURE,DIRECT_NUMERIC_OBSERVATION,Sheet 2024 Temp Archive; source row 474; selected date-block occurrence 1; sensor average 101.825°F.,weather/evidence/ptsc/FirestoneTemperatures_current.xlsx,Not INDYCAR official. PTSC hosts a Firestone-named workbook; local metadata does not independently authenticate authorship or measurement operator.
PTSC2024-0475,2024,2024-05-18,TRACK_TEMPERATURE,12:30:00,America/Indiana/Indianapolis,2024-05-18T16:30:00Z,105.0,degF,40.55555555555556,105°F,Target-date structured observation; rows outside qualifying hours remain Day 1 date context,PTSC-hosted FirestoneTemperatures workbook,https://ptscin.com/wp-content/uploads/2025/06/FirestoneTemperatures.xlsx,PTSC_HOSTED_FIRESTONE_NAMED_WORKBOOK,STRUCTURED_OBSERVED_SOURCE_WITH_UNIT_LIMITATIONS,EXPLICIT_WORKBOOK_TRACK_TEMPERATURE,DIRECT_NUMERIC_OBSERVATION,Sheet 2024 Temp Archive; source row 475; selected date-block occurrence 1; sensor average 105.25°F.,weather/evidence/ptsc/FirestoneTemperatures_current.xlsx,Not INDYCAR official. PTSC hosts a Firestone-named workbook; local metadata does not independently authenticate authorship or measurement operator.
PTSC2024-0476,2024,2024-05-18,TRACK_TEMPERATURE,12:45:00,America/Indiana/Indianapolis,2024-05-18T16:45:00Z,108.0,degF,42.22222222222222,108°F,Target-date structured observation; rows outside qualifying hours remain Day 1 date context,PTSC-hosted FirestoneTemperatures workbook,https://ptscin.com/wp-content/uploads/2025/06/FirestoneTemperatures.xlsx,PTSC_HOSTED_FIRESTONE_NAMED_WORKBOOK,STRUCTURED_OBSERVED_SOURCE_WITH_UNIT_LIMITATIONS,EXPLICIT_WORKBOOK_TRACK_TEMPERATURE,DIRECT_NUMERIC_OBSERVATION,Sheet 2024 Temp Archive; source row 476; selected date-block occurrence 1; sensor average 108.1°F.,weather/evidence/ptsc/FirestoneTemperatures_current.xlsx,Not INDYCAR official. PTSC hosts a Firestone-named workbook; local metadata does not independently authenticate authorship or measurement operator.
PTSC2024-0477,2024,2024-05-18,TRACK_TEMPERATURE,13:00:00,America/Indiana/Indianapolis,2024-05-18T17:00:00Z,106.0,degF,41.111111111111114,106°F,Target-date structured observation; rows outside qualifying hours remain Day 1 date context,PTSC-hosted FirestoneTemperatures workbook,https://ptscin.com/wp-content/uploads/2025/06/FirestoneTemperatures.xlsx,PTSC_HOSTED_FIRESTONE_NAMED_WORKBOOK,STRUCTURED_OBSERVED_SOURCE_WITH_UNIT_LIMITATIONS,EXPLICIT_WORKBOOK_TRACK_TEMPERATURE,DIRECT_NUMERIC_OBSERVATION,Sheet 2024 Temp Archive; source row 477; selected date-block occurrence 1; sensor average 105.85°F.,weather/evidence/ptsc/FirestoneTemperatures_current.xlsx,Not INDYCAR official. PTSC hosts a Firestone-named workbook; local metadata does not independently authenticate authorship or measurement operator.
PTSC2024-0478,2024,2024-05-18,TRACK_TEMPERATURE,13:15:00,America/Indiana/Indianapolis,2024-05-18T17:15:00Z,113.0,degF,45.0,113°F,Target-date structured observation; rows outside qualifying hours remain Day 1 date context,PTSC-hosted FirestoneTemperatures workbook,https://ptscin.com/wp-content/uploads/2025/06/FirestoneTemperatures.xlsx,PTSC_HOSTED_FIRESTONE_NAMED_WORKBOOK,STRUCTURED_OBSERVED_SOURCE_WITH_UNIT_LIMITATIONS,EXPLICIT_WORKBOOK_TRACK_TEMPERATURE,DIRECT_NUMERIC_OBSERVATION,Sheet 2024 Temp Archive; source row 478; selected date-block occurrence 1; sensor average 113.125°F.,weather/evidence/ptsc/FirestoneTemperatures_current.xlsx,Not INDYCAR official. PTSC hosts a Firestone-named workbook; local metadata does not independently authenticate authorship or measurement operator.
PTSC2024-0479,2024,2024-05-18,TRACK_TEMPERATURE,13:30:00,America/Indiana/Indianapolis,2024-05-18T17:30:00Z,114.0,degF,45.55555555555556,114°F,Target-date structured observation; rows outside qualifying hours remain Day 1 date context,PTSC-hosted FirestoneTemperatures workbook,https://ptscin.com/wp-content/uploads/2025/06/FirestoneTemperatures.xlsx,PTSC_HOSTED_FIRESTONE_NAMED_WORKBOOK,STRUCTURED_OBSERVED_SOURCE_WITH_UNIT_LIMITATIONS,EXPLICIT_WORKBOOK_TRACK_TEMPERATURE,DIRECT_NUMERIC_OBSERVATION,Sheet 2024 Temp Archive; source row 479; selected date-block occurrence 1; sensor average 114.15°F.,weather/evidence/ptsc/FirestoneTemperatures_current.xlsx,Not INDYCAR official. PTSC hosts a Firestone-named workbook; local metadata does not independently authenticate authorship or measurement operator.
PTSC2024-0480,2024,2024-05-18,TRACK_TEMPERATURE,13:45:00,America/Indiana/Indianapolis,2024-05-18T17:45:00Z,114.0,degF,45.55555555555556,114°F,Target-date structured observation; rows outside qualifying hours remain Day 1 date context,PTSC-hosted FirestoneTemperatures workbook,https://ptscin.com/wp-content/uploads/2025/06/FirestoneTemperatures.xlsx,PTSC_HOSTED_FIRESTONE_NAMED_WORKBOOK,STRUCTURED_OBSERVED_SOURCE_WITH_UNIT_LIMITATIONS,EXPLICIT_WORKBOOK_TRACK_TEMPERATURE,DIRECT_NUMERIC_OBSERVATION,Sheet 2024 Temp Archive; source row 480; selected date-block occurrence 1; sensor average 114.125°F.,weather/evidence/ptsc/FirestoneTemperatures_current.xlsx,Not INDYCAR official. PTSC hosts a Firestone-named workbook; local metadata does not independently authenticate authorship or measurement operator.
PTSC2024-0481,2024,2024-05-18,TRACK_TEMPERATURE,14:00:00,America/Indiana/Indianapolis,2024-05-18T18:00:00Z,113.0,degF,45.0,113°F,Target-date structured observation; rows outside qualifying hours remain Day 1 date context,PTSC-hosted FirestoneTemperatures workbook,https://ptscin.com/wp-content/uploads/2025/06/FirestoneTemperatures.xlsx,PTSC_HOSTED_FIRESTONE_NAMED_WORKBOOK,STRUCTURED_OBSERVED_SOURCE_WITH_UNIT_LIMITATIONS,EXPLICIT_WORKBOOK_TRACK_TEMPERATURE,DIRECT_NUMERIC_OBSERVATION,Sheet 2024 Temp Archive; source row 481; selected date-block occurrence 1; sensor average 112.9°F.,weather/evidence/ptsc/FirestoneTemperatures_current.xlsx,Not INDYCAR official. PTSC hosts a Firestone-named workbook; local metadata does not independently authenticate authorship or measurement operator.
PTSC2024-0482,2024,2024-05-18,TRACK_TEMPERATURE,14:15:00,America/Indiana/Indianapolis,2024-05-18T18:15:00Z,117.0,degF,47.22222222222222,117°F,Target-date structured observation; rows outside qualifying hours remain Day 1 date context,PTSC-hosted FirestoneTemperatures workbook,https://ptscin.com/wp-content/uploads/2025/06/FirestoneTemperatures.xlsx,PTSC_HOSTED_FIRESTONE_NAMED_WORKBOOK,STRUCTURED_OBSERVED_SOURCE_WITH_UNIT_LIMITATIONS,EXPLICIT_WORKBOOK_TRACK_TEMPERATURE,DIRECT_NUMERIC_OBSERVATION,Sheet 2024 Temp Archive; source row 482; selected date-block occurrence 1; sensor average 116.7°F.,weather/evidence/ptsc/FirestoneTemperatures_current.xlsx,Not INDYCAR official. PTSC hosts a Firestone-named workbook; local metadata does not independently authenticate authorship or measurement operator.
PTSC2024-0483,2024,2024-05-18,TRACK_TEMPERATURE,14:30:00,America/Indiana/Indianapolis,2024-05-18T18:30:00Z,120.0,degF,48.888888888888886,120°F,Target-date structured observation; rows outside qualifying hours remain Day 1 date context,PTSC-hosted FirestoneTemperatures workbook,https://ptscin.com/wp-content/uploads/2025/06/FirestoneTemperatures.xlsx,PTSC_HOSTED_FIRESTONE_NAMED_WORKBOOK,STRUCTURED_OBSERVED_SOURCE_WITH_UNIT_LIMITATIONS,EXPLICIT_WORKBOOK_TRACK_TEMPERATURE,DIRECT_NUMERIC_OBSERVATION,Sheet 2024 Temp Archive; source row 483; selected date-block occurrence 1; sensor average 120.025°F.,weather/evidence/ptsc/FirestoneTemperatures_current.xlsx,Not INDYCAR official. PTSC hosts a Firestone-named workbook; local metadata does not independently authenticate authorship or measurement operator.
PTSC2024-0484,2024,2024-05-18,TRACK_TEMPERATURE,14:45:00,America/Indiana/Indianapolis,2024-05-18T18:45:00Z,118.0,degF,47.77777777777778,118°F,Target-date structured observation; rows outside qualifying hours remain Day 1 date context,PTSC-hosted FirestoneTemperatures workbook,https://ptscin.com/wp-content/uploads/2025/06/FirestoneTemperatures.xlsx,PTSC_HOSTED_FIRESTONE_NAMED_WORKBOOK,STRUCTURED_OBSERVED_SOURCE_WITH_UNIT_LIMITATIONS,EXPLICIT_WORKBOOK_TRACK_TEMPERATURE,DIRECT_NUMERIC_OBSERVATION,Sheet 2024 Temp Archive; source row 484; selected date-block occurrence 1; sensor average 118.275°F.,weather/evidence/ptsc/FirestoneTemperatures_current.xlsx,Not INDYCAR official. PTSC hosts a Firestone-named workbook; local metadata does not independently authenticate authorship or measurement operator.
PTSC2024-0485,2024,2024-05-18,TRACK_TEMPERATURE,15:00:00,America/Indiana/Indianapolis,2024-05-18T19:00:00Z,119.0,degF,48.333333333333336,119°F,Target-date structured observation; rows outside qualifying hours remain Day 1 date context,PTSC-hosted FirestoneTemperatures workbook,https://ptscin.com/wp-content/uploads/2025/06/FirestoneTemperatures.xlsx,PTSC_HOSTED_FIRESTONE_NAMED_WORKBOOK,STRUCTURED_OBSERVED_SOURCE_WITH_UNIT_LIMITATIONS,EXPLICIT_WORKBOOK_TRACK_TEMPERATURE,DIRECT_NUMERIC_OBSERVATION,Sheet 2024 Temp Archive; source row 485; selected date-block occurrence 1; sensor average 119.0°F.,weather/evidence/ptsc/FirestoneTemperatures_current.xlsx,Not INDYCAR official. PTSC hosts a Firestone-named workbook; local metadata does not independently authenticate authorship or measurement operator.
PTSC2024-0486,2024,2024-05-18,TRACK_TEMPERATURE,15:15:00,America/Indiana/Indianapolis,2024-05-18T19:15:00Z,121.0,degF,49.44444444444444,121°F,Target-date structured observation; rows outside qualifying hours remain Day 1 date context,PTSC-hosted FirestoneTemperatures workbook,https://ptscin.com/wp-content/uploads/2025/06/FirestoneTemperatures.xlsx,PTSC_HOSTED_FIRESTONE_NAMED_WORKBOOK,STRUCTURED_OBSERVED_SOURCE_WITH_UNIT_LIMITATIONS,EXPLICIT_WORKBOOK_TRACK_TEMPERATURE,DIRECT_NUMERIC_OBSERVATION,Sheet 2024 Temp Archive; source row 486; selected date-block occurrence 1; sensor average 121.65°F.,weather/evidence/ptsc/FirestoneTemperatures_current.xlsx,Not INDYCAR official. PTSC hosts a Firestone-named workbook; local metadata does not independently authenticate authorship or measurement operator.
PTSC2024-0487,2024,2024-05-18,TRACK_TEMPERATURE,15:30:00,America/Indiana/Indianapolis,2024-05-18T19:30:00Z,123.0,degF,50.55555555555556,123°F,Target-date structured observation; rows outside qualifying hours remain Day 1 date context,PTSC-hosted FirestoneTemperatures workbook,https://ptscin.com/wp-content/uploads/2025/06/FirestoneTemperatures.xlsx,PTSC_HOSTED_FIRESTONE_NAMED_WORKBOOK,STRUCTURED_OBSERVED_SOURCE_WITH_UNIT_LIMITATIONS,EXPLICIT_WORKBOOK_TRACK_TEMPERATURE,DIRECT_NUMERIC_OBSERVATION,Sheet 2024 Temp Archive; source row 487; selected date-block occurrence 1; sensor average 123.375°F.,weather/evidence/ptsc/FirestoneTemperatures_current.xlsx,Not INDYCAR official. PTSC hosts a Firestone-named workbook; local metadata does not independently authenticate authorship or measurement operator.
PTSC2024-0488,2024,2024-05-18,TRACK_TEMPERATURE,15:45:00,America/Indiana/Indianapolis,2024-05-18T19:45:00Z,121.0,degF,49.44444444444444,121°F,Target-date structured observation; rows outside qualifying hours remain Day 1 date context,PTSC-hosted FirestoneTemperatures workbook,https://ptscin.com/wp-content/uploads/2025/06/FirestoneTemperatures.xlsx,PTSC_HOSTED_FIRESTONE_NAMED_WORKBOOK,STRUCTURED_OBSERVED_SOURCE_WITH_UNIT_LIMITATIONS,EXPLICIT_WORKBOOK_TRACK_TEMPERATURE,DIRECT_NUMERIC_OBSERVATION,Sheet 2024 Temp Archive; source row 488; selected date-block occurrence 1; sensor average 120.6°F.,weather/evidence/ptsc/FirestoneTemperatures_current.xlsx,Not INDYCAR official. PTSC hosts a Firestone-named workbook; local metadata does not independently authenticate authorship or measurement operator.
PTSC2024-0489,2024,2024-05-18,TRACK_TEMPERATURE,16:00:00,America/Indiana/Indianapolis,2024-05-18T20:00:00Z,118.0,degF,47.77777777777778,118°F,Target-date structured observation; rows outside qualifying hours remain Day 1 date context,PTSC-hosted FirestoneTemperatures workbook,https://ptscin.com/wp-content/uploads/2025/06/FirestoneTemperatures.xlsx,PTSC_HOSTED_FIRESTONE_NAMED_WORKBOOK,STRUCTURED_OBSERVED_SOURCE_WITH_UNIT_LIMITATIONS,EXPLICIT_WORKBOOK_TRACK_TEMPERATURE,DIRECT_NUMERIC_OBSERVATION,Sheet 2024 Temp Archive; source row 489; selected date-block occurrence 1; sensor average 118.22°F.,weather/evidence/ptsc/FirestoneTemperatures_current.xlsx,Not INDYCAR official. PTSC hosts a Firestone-named workbook; local metadata does not independently authenticate authorship or measurement operator.
PTSC2024-0490,2024,2024-05-18,TRACK_TEMPERATURE,16:15:00,America/Indiana/Indianapolis,2024-05-18T20:15:00Z,122.0,degF,50.0,122°F,Target-date structured observation; rows outside qualifying hours remain Day 1 date context,PTSC-hosted FirestoneTemperatures workbook,https://ptscin.com/wp-content/uploads/2025/06/FirestoneTemperatures.xlsx,PTSC_HOSTED_FIRESTONE_NAMED_WORKBOOK,STRUCTURED_OBSERVED_SOURCE_WITH_UNIT_LIMITATIONS,EXPLICIT_WORKBOOK_TRACK_TEMPERATURE,DIRECT_NUMERIC_OBSERVATION,Sheet 2024 Temp Archive; source row 490; selected date-block occurrence 1; sensor average 122.025°F.,weather/evidence/ptsc/FirestoneTemperatures_current.xlsx,Not INDYCAR official. PTSC hosts a Firestone-named workbook; local metadata does not independently authenticate authorship or measurement operator.
PTSC2024-0491,2024,2024-05-18,TRACK_TEMPERATURE,16:30:00,America/Indiana/Indianapolis,2024-05-18T20:30:00Z,123.0,degF,50.55555555555556,123°F,Target-date structured observation; rows outside qualifying hours remain Day 1 date context,PTSC-hosted FirestoneTemperatures workbook,https://ptscin.com/wp-content/uploads/2025/06/FirestoneTemperatures.xlsx,PTSC_HOSTED_FIRESTONE_NAMED_WORKBOOK,STRUCTURED_OBSERVED_SOURCE_WITH_UNIT_LIMITATIONS,EXPLICIT_WORKBOOK_TRACK_TEMPERATURE,DIRECT_NUMERIC_OBSERVATION,Sheet 2024 Temp Archive; source row 491; selected date-block occurrence 1; sensor average 122.9°F.,weather/evidence/ptsc/FirestoneTemperatures_current.xlsx,Not INDYCAR official. PTSC hosts a Firestone-named workbook; local metadata does not independently authenticate authorship or measurement operator.
PTSC2024-0492,2024,2024-05-18,TRACK_TEMPERATURE,16:45:00,America/Indiana/Indianapolis,2024-05-18T20:45:00Z,124.0,degF,51.111111111111114,124°F,Target-date structured observation; rows outside qualifying hours remain Day 1 date context,PTSC-hosted FirestoneTemperatures workbook,https://ptscin.com/wp-content/uploads/2025/06/FirestoneTemperatures.xlsx,PTSC_HOSTED_FIRESTONE_NAMED_WORKBOOK,STRUCTURED_OBSERVED_SOURCE_WITH_UNIT_LIMITATIONS,EXPLICIT_WORKBOOK_TRACK_TEMPERATURE,DIRECT_NUMERIC_OBSERVATION,Sheet 2024 Temp Archive; source row 492; selected date-block occurrence 1; sensor average 123.625°F.,weather/evidence/ptsc/FirestoneTemperatures_current.xlsx,Not INDYCAR official. PTSC hosts a Firestone-named workbook; local metadata does not independently authenticate authorship or measurement operator.
PTSC2024-0493,2024,2024-05-18,TRACK_TEMPERATURE,17:00:00,America/Indiana/Indianapolis,2024-05-18T21:00:00Z,122.0,degF,50.0,122°F,Target-date structured observation; rows outside qualifying hours remain Day 1 date context,PTSC-hosted FirestoneTemperatures workbook,https://ptscin.com/wp-content/uploads/2025/06/FirestoneTemperatures.xlsx,PTSC_HOSTED_FIRESTONE_NAMED_WORKBOOK,STRUCTURED_OBSERVED_SOURCE_WITH_UNIT_LIMITATIONS,EXPLICIT_WORKBOOK_TRACK_TEMPERATURE,DIRECT_NUMERIC_OBSERVATION,Sheet 2024 Temp Archive; source row 493; selected date-block occurrence 1; sensor average 121.8°F.,weather/evidence/ptsc/FirestoneTemperatures_current.xlsx,Not INDYCAR official. PTSC hosts a Firestone-named workbook; local metadata does not independently authenticate authorship or measurement operator.
PTSC2024-0494,2024,2024-05-18,TRACK_TEMPERATURE,17:15:00,America/Indiana/Indianapolis,2024-05-18T21:15:00Z,120.0,degF,48.888888888888886,120°F,Target-date structured observation; rows outside qualifying hours remain Day 1 date context,PTSC-hosted FirestoneTemperatures workbook,https://ptscin.com/wp-content/uploads/2025/06/FirestoneTemperatures.xlsx,PTSC_HOSTED_FIRESTONE_NAMED_WORKBOOK,STRUCTURED_OBSERVED_SOURCE_WITH_UNIT_LIMITATIONS,EXPLICIT_WORKBOOK_TRACK_TEMPERATURE,DIRECT_NUMERIC_OBSERVATION,Sheet 2024 Temp Archive; source row 494; selected date-block occurrence 1; sensor average 120.375°F.,weather/evidence/ptsc/FirestoneTemperatures_current.xlsx,Not INDYCAR official. PTSC hosts a Firestone-named workbook; local metadata does not independently authenticate authorship or measurement operator.
PTSC2024-0495,2024,2024-05-18,TRACK_TEMPERATURE,17:30:00,America/Indiana/Indianapolis,2024-05-18T21:30:00Z,119.0,degF,48.333333333333336,119°F,Target-date structured observation; rows outside qualifying hours remain Day 1 date context,PTSC-hosted FirestoneTemperatures workbook,https://ptscin.com/wp-content/uploads/2025/06/FirestoneTemperatures.xlsx,PTSC_HOSTED_FIRESTONE_NAMED_WORKBOOK,STRUCTURED_OBSERVED_SOURCE_WITH_UNIT_LIMITATIONS,EXPLICIT_WORKBOOK_TRACK_TEMPERATURE,DIRECT_NUMERIC_OBSERVATION,Sheet 2024 Temp Archive; source row 495; selected date-block occurrence 1; sensor average 118.825°F.,weather/evidence/ptsc/FirestoneTemperatures_current.xlsx,Not INDYCAR official. PTSC hosts a Firestone-named workbook; local metadata does not independently authenticate authorship or measurement operator.
PTSC2024-0496,2024,2024-05-18,TRACK_TEMPERATURE,17:45:00,America/Indiana/Indianapolis,2024-05-18T21:45:00Z,117.0,degF,47.22222222222222,117°F,Target-date structured observation; rows outside qualifying hours remain Day 1 date context,PTSC-hosted FirestoneTemperatures workbook,https://ptscin.com/wp-content/uploads/2025/06/FirestoneTemperatures.xlsx,PTSC_HOSTED_FIRESTONE_NAMED_WORKBOOK,STRUCTURED_OBSERVED_SOURCE_WITH_UNIT_LIMITATIONS,EXPLICIT_WORKBOOK_TRACK_TEMPERATURE,DIRECT_NUMERIC_OBSERVATION,Sheet 2024 Temp Archive; source row 496; selected date-block occurrence 1; sensor average 117.325°F.,weather/evidence/ptsc/FirestoneTemperatures_current.xlsx,Not INDYCAR official. PTSC hosts a Firestone-named workbook; local metadata does not independently authenticate authorship or measurement operator.
PTSC2024-0497,2024,2024-05-18,TRACK_TEMPERATURE,17:52:00,America/Indiana/Indianapolis,2024-05-18T21:52:00Z,117.0,degF,47.22222222222222,117°F,Target-date structured observation; rows outside qualifying hours remain Day 1 date context,PTSC-hosted FirestoneTemperatures workbook,https://ptscin.com/wp-content/uploads/2025/06/FirestoneTemperatures.xlsx,PTSC_HOSTED_FIRESTONE_NAMED_WORKBOOK,STRUCTURED_OBSERVED_SOURCE_WITH_UNIT_LIMITATIONS,EXPLICIT_WORKBOOK_TRACK_TEMPERATURE,DIRECT_NUMERIC_OBSERVATION,Sheet 2024 Temp Archive; source row 497; selected date-block occurrence 1; sensor average 116.525°F.,weather/evidence/ptsc/FirestoneTemperatures_current.xlsx,Not INDYCAR official. PTSC hosts a Firestone-named workbook; local metadata does not independently authenticate authorship or measurement operator.
