year,id,json_path,key,value_preview
2018,74622252638746b2821d6822ae31527a,$.service.startTime,startTime,1526741675
2018,74622252638746b2821d6822ae31527a,$.driver,driver,"{'60': ['Jack Harvey'], '64': ['Oriol Servia'], '66': ['JR Hildebrand'], '25': ['Stefan Wilson'], '26': ['Zach Veach'], '27': ['Alexander Rossi'], '21': ['Spencer Pigot'], '22': ['Simon Pagenaud'], '28': ['Ryan Hunter-Reay'], '3': ['Helio Castroneves'], '5': ['James Hinchcliffe'], '4': ['Matheus Leist'], '7': ['Jay Howard'], '6': ['Robert Wickens'], '9': ['Scott Dixon'], '98': ['Marco Andretti'], '59': ['Max Chilton'], '10': ['Ed Jones'], '13': ['Danica Patrick'], '15': ['Graham Rahal'], '17': [..."
2018,74622252638746b2821d6822ae31527a,$.state.cars,cars,"[['3', 'PIT', 'Helio Castroneves', '4', ['P', 'tyre-medium'], ['0', ''], '', '', ['', 'pb'], ['', 'old'], ['', 'pb'], ['', 'old'], [39.3444, ''], '228.749', [39.2828, 'sb'], '229.108', '0'], ['22', 'PIT', 'Simon Pagenaud', '4', ['P', 'tyre-medium'], ['0', ''], '0.1149', '0.1149', ['', 'pb'], ['', 'old'], ['', 'pb'], ['', 'old'], [39.4477, ''], '228.150', [39.3977, ''], '228.440', '0'], ['18', 'PIT', 'Sebastien Bourdais', '4', ['P', 'tyre-medium'], ['0', ''], '0.1328', '0.0179', ['', 'pb'], ['', ..."
2018,74622252638746b2821d6822ae31527a,$.state.session,session,"{'lapsRemain': 4, 'timeRemain': 6204, 'flagState': 'caution', 'timeElapsed': 18392}"
2018,74622252638746b2821d6822ae31527a,$.state.session.lapsRemain,lapsRemain,4
2018,74622252638746b2821d6822ae31527a,$.state.session.timeRemain,timeRemain,6204
2018,74622252638746b2821d6822ae31527a,$.state.session.timeElapsed,timeElapsed,18392
2018,74622252638746b2821d6822ae31527a,$.session,session,"{'currentTimestamp': 1526766029, 'flagStats': [[0, 0, 1526741675, 0, 1526742009], [9, 0, 1526742009, 0, 1526742159], [1, 0, 1526742159, 4.0, 1526742294], [9, 4.0, 1526742294, 4.0, 1526742429], [1, 4.0, 1526742429, 4.0, 1526742564], [9, 4.0, 1526742564, 4.0, 1526742694], [1, 4.0, 1526742694, 4.0, 1526742829], [9, 4.0, 1526742829, 4.0, 1526743009], [1, 4.0, 1526743009, 4.0, 1526743144], [9, 4.0, 1526743144, 4.0, 1526743304], [1, 4.0, 1526743304, 4.0, 1526743439], [9, 4.0, 1526743439, 4.0, 15267435..."
2018,74622252638746b2821d6822ae31527a,$.session.currentTimestamp,currentTimestamp,1526766029
2018,74622252638746b2821d6822ae31527a,$.session.leaderLap,leaderLap,4.0
2018,74622252638746b2821d6822ae31527a,$.lap,lap,"{'60': [None, 1526742814], '64': [None, 1526744789], '66': [None, 1526756589], '25': [None, 1526755484], '26': [None, 1526757124], '27': [None, 1526756314], '21': [None, 1526743419], '22': [None, 1526745109], '28': [None, 1526742544], '3': [None, 1526743124], '5': [None, 1526753809], '4': [None, 1526755779], '7': [None, 1526743964], '6': [None, 1526757269], '9': [None, 1526743694], '98': [None, 1526756864], '59': [None, 1526755204], '10': [None, 1526744249], '13': [None, 1526754639], '15': [None..."
2019,5250b13f10ce468d85c6ed97731ec2e3,$.service.startTime,startTime,1558207053.814313
2019,5250b13f10ce468d85c6ed97731ec2e3,$.driver,driver,"{'28': ['Ryan Hunter-Reay', ' '], '60': ['Jack Harvey', ' '], '88': ['Colton Herta', ' '], '63': [' '], '66': ['Fernando Alonso'], '81': ['Ben Hanley', ' '], '24': [' '], '25': ['Conor Daly', ' '], '26': ['Zach Veach'], '27': ['Alexander Rossi', ' '], '20': ['Ed Carpenter'], '21': ['Spencer Pigot'], '22': ['Simon Pagenaud'], '23': ['Charlie Kimball'], '42': ['Jordan King'], '3': [' '], '2': ['Josef Newgarden'], '5': [' '], '4': ['Matheus Leist'], '7': ['Marcus Ericsson', ' '], '9': ['Scott Dixon..."
2019,5250b13f10ce468d85c6ed97731ec2e3,$.state.cars,cars,"[['63', 'PIT', ' ', '', '5', '', ['0', ''], '', '', ['', 'pb'], ['', 'old'], ['', 'pb'], ['', 'old'], ['', ''], ['', ''], [39.5439, ''], '227.595', [38.9585, 'sb'], '231.015', '0'], ['98', 'PIT', ' ', '', '9', '', ['0', ''], '0.2356', '0.0072', ['', 'pb'], ['', 'old'], ['', 'pb'], ['', 'old'], ['', ''], ['', ''], [39.5281, ''], '227.686', [39.1941, ''], '229.626', '0'], ['3', 'PIT', ' ', '', '5', '', ['0', ''], '0.2498', '0.0142', ['', 'pb'], ['', 'old'], ['', 'pb'], ['', 'old'], ['', ''], ['', ..."
2019,5250b13f10ce468d85c6ed97731ec2e3,$.state.session,session,"{'lapsRemain': 0, 'timeRemain': 9145, 'flagState': 'green', 'timeElapsed': 15457}"
2019,5250b13f10ce468d85c6ed97731ec2e3,$.state.session.lapsRemain,lapsRemain,0
2019,5250b13f10ce468d85c6ed97731ec2e3,$.state.session.timeRemain,timeRemain,9145
2019,5250b13f10ce468d85c6ed97731ec2e3,$.state.session.timeElapsed,timeElapsed,15457
2019,5250b13f10ce468d85c6ed97731ec2e3,$.session,session,"{'currentTimestamp': 1558207048.738597, 'flagStats': [[1, 0, 1558207053.732603, None, None]], 'leaderLap': 0}"
2019,5250b13f10ce468d85c6ed97731ec2e3,$.session.currentTimestamp,currentTimestamp,1558207048.738597
2019,5250b13f10ce468d85c6ed97731ec2e3,$.session.leaderLap,leaderLap,0
2019,5250b13f10ce468d85c6ed97731ec2e3,$.lap,lap,"{'77': [[1, 1558199513.870232, 5.0, 1558199723.87043, True, 0, 39.3764, 1, 39.63096, [[46.1755, 0], [40.2539, 9], [39.3764, 1], [39.4116, 1], [39.5047, 1], [39.6082, 1]]], 1558199728.873499], '10': [[1, 1558203028.851053, 5.0, 1558203238.848245, True, 0, 39.7241, 0, 39.73716666666667, [[41.7908, 1], [39.7418, 1], [39.7241, 1], [39.7456, 1]]], 1558203243.853323], '28': [[1, 1558202578.860761, 5.0, 1558202793.853216, True, 0, 39.3605, 0, 39.53979999999999, [[39.3605, 1], [39.4598, 1], [39.5725, 1]..."
2019,5250b13f10ce468d85c6ed97731ec2e3:1,$.service.startTime,startTime,1558212583.821156
2019,5250b13f10ce468d85c6ed97731ec2e3:1,$.driver,driver,"{'28': ['Ryan Hunter-Reay'], '60': ['Jack Harvey'], '88': ['Colton Herta'], '63': ['Ed Jones'], '66': ['Fernando Alonso'], '81': ['Ben Hanley'], '24': ['Sage Karam'], '25': [' '], '26': ['Zach Veach'], '27': ['Alexander Rossi'], '20': ['Ed Carpenter'], '21': ['Spencer Pigot'], '22': ['Simon Pagenaud'], '23': ['Charlie Kimball'], '42': ['Jordan King'], '3': ['Helio Castroneves'], '2': ['Josef Newgarden'], '5': ['James Hinchcliffe'], '4': ['Matheus Leist'], '7': ['Marcus Ericsson'], '5T': ['James ..."
2019,5250b13f10ce468d85c6ed97731ec2e3:1,$.state.cars,cars,"[['25', 'PIT', ' ', '', '11', '', ['0', ''], '0.3041', '0.0036', ['', 'pb'], ['', 'old'], ['', 'pb'], ['', 'old'], ['', ''], ['', ''], [39.4143, ''], '228.344', [39.2626, 'sb'], '229.226', '0'], ['48', 'PIT', ' ', '', '11', '', ['0', ''], '0.3066', '0.0025', ['', 'pb'], ['', 'old'], ['', 'pb'], ['', 'old'], ['', ''], ['', ''], [39.7751, ''], '226.272', [39.2651, ''], '229.211', '0'], ['19', 'PIT', ' ', '', '5', '', ['0', ''], '0.4645', '0.0020', ['', 'pb'], ['', 'old'], ['', 'pb'], ['', 'old'], ..."
2019,5250b13f10ce468d85c6ed97731ec2e3:1,$.state.session,session,"{'timeRemain': 3616, 'flagState': 'caution', 'timeElapsed': 20983}"
2019,5250b13f10ce468d85c6ed97731ec2e3:1,$.state.session.timeRemain,timeRemain,3616
2019,5250b13f10ce468d85c6ed97731ec2e3:1,$.state.session.timeElapsed,timeElapsed,20983
2019,5250b13f10ce468d85c6ed97731ec2e3:1,$.session,session,"{'currentTimestamp': 1558212578.960259, 'flagStats': [[9, 0, 1558212583.737262, None, None]], 'leaderLap': 0}"
2019,5250b13f10ce468d85c6ed97731ec2e3:1,$.session.currentTimestamp,currentTimestamp,1558212578.960259
2019,5250b13f10ce468d85c6ed97731ec2e3:1,$.session.leaderLap,leaderLap,0
2019,5250b13f10ce468d85c6ed97731ec2e3:1,$.lap,lap,"{'77': [[1, 1558199513.870232, 5.0, 1558199723.87043, True, 0, 39.3764, 1, 39.63096, [[46.1755, 0], [40.2539, 9], [39.3764, 1], [39.4116, 1], [39.5047, 1], [39.6082, 1]]], 1558199728.873499], '10': [[1, 1558208258.954807, 0.0, 1558208503.960087, True, 0, 39.4707, 3, 39.657183333333336, [[5062.1552, 9], [39.7456, 9], [39.7456, 9], [39.4707, 1], [39.6126, 1], [39.6845, 1], [39.6841, 1]]], 1558208508.963711], '28': [[1, 1558202578.860761, 5.0, 1558202793.853216, True, 0, 39.3605, 0, 39.539799999999..."
2019,5250b13f10ce468d85c6ed97731ec2e3:2,$.service.startTime,startTime,1558212588
2019,5250b13f10ce468d85c6ed97731ec2e3:2,$.driver,driver,"{'28': ['Ryan Hunter-Reay'], '60': ['Jack Harvey'], '88': ['Colton Herta'], '63': ['Ed Jones'], '66': ['Fernando Alonso'], '81': ['Ben Hanley'], '24': ['Sage Karam'], '25': ['Conor Daly'], '26': ['Zach Veach'], '27': ['Alexander Rossi'], '20': ['Ed Carpenter'], '21': ['Spencer Pigot'], '22': ['Simon Pagenaud'], '23': ['Charlie Kimball'], '42': ['Jordan King'], '3': ['Helio Castroneves'], '2': ['Josef Newgarden'], '5': ['James Hinchcliffe'], '4': ['Matheus Leist'], '7': ['Marcus Ericsson'], '5T':..."
2019,5250b13f10ce468d85c6ed97731ec2e3:2,$.state.cars,cars,"[['21', 'PIT', 'Spencer Pigot', 'Ed Carpenter Racing', '5', ['P', 'tyre-medium'], ['0', ''], '0.0363', '0.0363', ['', 'pb'], ['', 'old'], ['', 'pb'], ['', 'old'], ['', ''], ['', ''], [39.1886, ''], '229.659', [38.9948, ''], '230.800', '0'], ['12', 'PIT', 'Will Power', 'Team Penske', '5', ['P', 'tyre-medium'], ['0', ''], '0.0984', '0.0149', ['', 'pb'], ['', 'old'], ['', 'pb'], ['', 'old'], ['', ''], ['', ''], [39.1584, ''], '229.836', [39.0569, ''], '230.433', '0'], ['22', 'PIT', 'Simon Pagenaud'..."
2019,5250b13f10ce468d85c6ed97731ec2e3:2,$.state.session,session,"{'lapsRemain': 4, 'timeRemain': 0, 'flagState': 'none', 'timeElapsed': 24658}"
2019,5250b13f10ce468d85c6ed97731ec2e3:2,$.state.session.lapsRemain,lapsRemain,4
2019,5250b13f10ce468d85c6ed97731ec2e3:2,$.state.session.timeRemain,timeRemain,0
2019,5250b13f10ce468d85c6ed97731ec2e3:2,$.state.session.timeElapsed,timeElapsed,24658
2019,5250b13f10ce468d85c6ed97731ec2e3:2,$.session,session,"{'currentTimestamp': 1558216286.110538, 'flagStats': [[9, 0, 1558212588.740666, 22.0, 1558212633.961743], [1, 22.0, 1558212633.961743, 22.0, 1558212813.972723], [9, 22.0, 1558212813.972723, 22.0, 1558212923.960869], [1, 22.0, 1558212923.960869, 22.0, 1558213103.96126], [9, 22.0, 1558213103.96126, 22.0, 1558213333.961311], [1, 22.0, 1558213333.961311, 23.0, 1558213508.961393], [9, 23.0, 1558213508.961393, 23.0, 1558213623.955502], [1, 23.0, 1558213623.955502, 23.0, 1558213803.955872], [9, 23.0, 1..."
2019,5250b13f10ce468d85c6ed97731ec2e3:2,$.session.currentTimestamp,currentTimestamp,1558216286.110538
2019,5250b13f10ce468d85c6ed97731ec2e3:2,$.session.leaderLap,leaderLap,28.0
2019,5250b13f10ce468d85c6ed97731ec2e3:2,$.lap,lap,"{'77': [[1, 1558199513.870232, 5.0, 1558199723.87043, True, 0, 39.3764, 1, 39.63096, [[46.1755, 0], [40.2539, 9], [39.3764, 1], [39.4116, 1], [39.5047, 1], [39.6082, 1]]], 1558199728.873499], '10': [[1, 1558214634.373853, 0.0, 1558214874.645812, True, 0, 39.518299999999996, 4, 39.976000000000006, [[39.7456, 9], [40.1247, 9], [39.6841, 9], [41.6398, 9], [39.518299999999996, 1], [39.5561, 1], [39.615, 1], [39.694, 1]]], 1558214879.011897], '28': [None, 1558212618.950001], '26': [None, 1558216279.2..."
2025,03072250-77e5-43d5-9844-4550ecd8ae34,$.cars,cars,"{'cars': {'2': {'raceNum': '2', 'raceClass': None, 'teamName': 'Team Penske', 'make': None, 'drivers': [{'idx': 0, 'car': '2', 'name': 'Josef Newgarden'}], 'currentLap': 6, 'stints': [{'startLap': 1, 'startTime': 1747505220153, 'car': '2', 'driver': 0, 'laps': [{'lapNumber': 1, 'laptime': 41.4324, 'driver': 0, 'flag': 'yellow', 'timestamp': 1747505220195, 'car': '2'}, {'lapNumber': 2, 'laptime': 38.6151, 'driver': 0, 'flag': 'green', 'timestamp': 1747505258737, 'car': '2'}, {'lapNumber': 3, 'lap..."
2025,03072250-77e5-43d5-9844-4550ecd8ae34,$.cars.cars,cars,"{'2': {'raceNum': '2', 'raceClass': None, 'teamName': 'Team Penske', 'make': None, 'drivers': [{'idx': 0, 'car': '2', 'name': 'Josef Newgarden'}], 'currentLap': 6, 'stints': [{'startLap': 1, 'startTime': 1747505220153, 'car': '2', 'driver': 0, 'laps': [{'lapNumber': 1, 'laptime': 41.4324, 'driver': 0, 'flag': 'yellow', 'timestamp': 1747505220195, 'car': '2'}, {'lapNumber': 2, 'laptime': 38.6151, 'driver': 0, 'flag': 'green', 'timestamp': 1747505258737, 'car': '2'}, {'lapNumber': 3, 'laptime': 38..."
2025,03072250-77e5-43d5-9844-4550ecd8ae34,$.cars.cars.2.drivers,drivers,"[{'idx': 0, 'car': '2', 'name': 'Josef Newgarden'}]"
2025,03072250-77e5-43d5-9844-4550ecd8ae34,$.cars.cars.2.drivers[0].car,car,2
2025,03072250-77e5-43d5-9844-4550ecd8ae34,$.cars.cars.2.currentLap,currentLap,6
2025,03072250-77e5-43d5-9844-4550ecd8ae34,$.cars.cars.2.stints[0].startLap,startLap,1
2025,03072250-77e5-43d5-9844-4550ecd8ae34,$.cars.cars.2.stints[0].startTime,startTime,1747505220153
2025,03072250-77e5-43d5-9844-4550ecd8ae34,$.cars.cars.2.stints[0].car,car,2
2025,03072250-77e5-43d5-9844-4550ecd8ae34,$.cars.cars.2.stints[0].driver,driver,0
2025,03072250-77e5-43d5-9844-4550ecd8ae34,$.cars.cars.2.stints[0].laps,laps,"[{'lapNumber': 1, 'laptime': 41.4324, 'driver': 0, 'flag': 'yellow', 'timestamp': 1747505220195, 'car': '2'}, {'lapNumber': 2, 'laptime': 38.6151, 'driver': 0, 'flag': 'green', 'timestamp': 1747505258737, 'car': '2'}, {'lapNumber': 3, 'laptime': 38.6252, 'driver': 0, 'flag': 'green', 'timestamp': 1747505297102, 'car': '2'}, {'lapNumber': 4, 'laptime': 38.6271, 'driver': 0, 'flag': 'green', 'timestamp': 1747505335449, 'car': '2'}, {'lapNumber': 5, 'laptime': 38.6362, 'driver': 0, 'flag': 'green',..."
2025,03072250-77e5-43d5-9844-4550ecd8ae34,$.cars.cars.2.stints[0].laps[0].lapNumber,lapNumber,1
2025,03072250-77e5-43d5-9844-4550ecd8ae34,$.cars.cars.2.stints[0].laps[0].laptime,laptime,41.4324
2025,03072250-77e5-43d5-9844-4550ecd8ae34,$.cars.cars.2.stints[0].laps[0].driver,driver,0
2025,03072250-77e5-43d5-9844-4550ecd8ae34,$.cars.cars.2.stints[0].laps[0].timestamp,timestamp,1747505220195
2025,03072250-77e5-43d5-9844-4550ecd8ae34,$.cars.cars.2.stints[0].laps[0].car,car,2
2025,03072250-77e5-43d5-9844-4550ecd8ae34,$.cars.cars.2.stints[0].laps[1].lapNumber,lapNumber,2
2025,03072250-77e5-43d5-9844-4550ecd8ae34,$.cars.cars.2.stints[0].laps[1].laptime,laptime,38.6151
2025,03072250-77e5-43d5-9844-4550ecd8ae34,$.cars.cars.2.stints[0].laps[1].driver,driver,0
2025,03072250-77e5-43d5-9844-4550ecd8ae34,$.cars.cars.2.stints[0].laps[1].timestamp,timestamp,1747505258737
2025,03072250-77e5-43d5-9844-4550ecd8ae34,$.cars.cars.2.stints[0].laps[1].car,car,2
2025,03072250-77e5-43d5-9844-4550ecd8ae34,$.cars.cars.2.stints[0].laps[2].lapNumber,lapNumber,3
2025,03072250-77e5-43d5-9844-4550ecd8ae34,$.cars.cars.2.stints[0].laps[2].laptime,laptime,38.6252
2025,03072250-77e5-43d5-9844-4550ecd8ae34,$.cars.cars.2.stints[0].laps[2].driver,driver,0
2025,03072250-77e5-43d5-9844-4550ecd8ae34,$.cars.cars.2.stints[0].laps[2].timestamp,timestamp,1747505297102
2025,03072250-77e5-43d5-9844-4550ecd8ae34,$.cars.cars.2.stints[0].laps[2].car,car,2
2025,03072250-77e5-43d5-9844-4550ecd8ae34,$.cars.cars.2.stints[0].laps[3].lapNumber,lapNumber,4
2025,03072250-77e5-43d5-9844-4550ecd8ae34,$.cars.cars.2.stints[0].laps[3].laptime,laptime,38.6271
2025,03072250-77e5-43d5-9844-4550ecd8ae34,$.cars.cars.2.stints[0].laps[3].driver,driver,0
2025,03072250-77e5-43d5-9844-4550ecd8ae34,$.cars.cars.2.stints[0].laps[3].timestamp,timestamp,1747505335449
2025,03072250-77e5-43d5-9844-4550ecd8ae34,$.cars.cars.2.stints[0].laps[3].car,car,2
2025,03072250-77e5-43d5-9844-4550ecd8ae34,$.cars.cars.2.stints[0].laps[4].lapNumber,lapNumber,5
2025,03072250-77e5-43d5-9844-4550ecd8ae34,$.cars.cars.2.stints[0].laps[4].laptime,laptime,38.6362
2025,03072250-77e5-43d5-9844-4550ecd8ae34,$.cars.cars.2.stints[0].laps[4].driver,driver,0
2025,03072250-77e5-43d5-9844-4550ecd8ae34,$.cars.cars.2.stints[0].laps[4].timestamp,timestamp,1747505373835
2025,03072250-77e5-43d5-9844-4550ecd8ae34,$.cars.cars.2.stints[0].laps[4].car,car,2
2025,03072250-77e5-43d5-9844-4550ecd8ae34,$.cars.cars.2.highestSeenFlagThisLap,highestSeenFlagThisLap,1
2025,03072250-77e5-43d5-9844-4550ecd8ae34,$.cars.cars.3.drivers,drivers,"[{'idx': 0, 'car': '3', 'name': 'Scott McLaughlin'}]"
2025,03072250-77e5-43d5-9844-4550ecd8ae34,$.cars.cars.3.drivers[0].car,car,3
2025,03072250-77e5-43d5-9844-4550ecd8ae34,$.cars.cars.3.currentLap,currentLap,6
2025,03072250-77e5-43d5-9844-4550ecd8ae34,$.cars.cars.3.stints[0].startLap,startLap,1
2025,03072250-77e5-43d5-9844-4550ecd8ae34,$.cars.cars.3.stints[0].startTime,startTime,1747501934890
2025,03072250-77e5-43d5-9844-4550ecd8ae34,$.cars.cars.3.stints[0].car,car,3
2025,03072250-77e5-43d5-9844-4550ecd8ae34,$.cars.cars.3.stints[0].driver,driver,0
2025,03072250-77e5-43d5-9844-4550ecd8ae34,$.cars.cars.3.stints[0].laps,laps,"[{'lapNumber': 1, 'laptime': 41.1147, 'driver': 0, 'flag': 'yellow', 'timestamp': 1747501934932, 'car': '3'}, {'lapNumber': 2, 'laptime': 38.6043, 'driver': 0, 'flag': 'green', 'timestamp': 1747501974935, 'car': '3'}, {'lapNumber': 3, 'laptime': 38.7107, 'driver': 0, 'flag': 'green', 'timestamp': 1747502013290, 'car': '3'}, {'lapNumber': 4, 'laptime': 38.5799, 'driver': 0, 'flag': 'green', 'timestamp': 1747502051645, 'car': '3'}, {'lapNumber': 5, 'laptime': 38.603, 'driver': 0, 'flag': 'green', ..."
2025,03072250-77e5-43d5-9844-4550ecd8ae34,$.cars.cars.3.stints[0].laps[0].lapNumber,lapNumber,1
2025,03072250-77e5-43d5-9844-4550ecd8ae34,$.cars.cars.3.stints[0].laps[0].laptime,laptime,41.1147
2025,03072250-77e5-43d5-9844-4550ecd8ae34,$.cars.cars.3.stints[0].laps[0].driver,driver,0
2025,03072250-77e5-43d5-9844-4550ecd8ae34,$.cars.cars.3.stints[0].laps[0].timestamp,timestamp,1747501934932
2025,03072250-77e5-43d5-9844-4550ecd8ae34,$.cars.cars.3.stints[0].laps[0].car,car,3
2025,03072250-77e5-43d5-9844-4550ecd8ae34,$.cars.cars.3.stints[0].laps[1].lapNumber,lapNumber,2
2025,03072250-77e5-43d5-9844-4550ecd8ae34,$.cars.cars.3.stints[0].laps[1].laptime,laptime,38.6043
2025,03072250-77e5-43d5-9844-4550ecd8ae34,$.cars.cars.3.stints[0].laps[1].driver,driver,0
2025,03072250-77e5-43d5-9844-4550ecd8ae34,$.cars.cars.3.stints[0].laps[1].timestamp,timestamp,1747501974935
2025,03072250-77e5-43d5-9844-4550ecd8ae34,$.cars.cars.3.stints[0].laps[1].car,car,3
2025,03072250-77e5-43d5-9844-4550ecd8ae34,$.cars.cars.3.stints[0].laps[2].lapNumber,lapNumber,3
2025,03072250-77e5-43d5-9844-4550ecd8ae34,$.cars.cars.3.stints[0].laps[2].laptime,laptime,38.7107
2025,03072250-77e5-43d5-9844-4550ecd8ae34,$.cars.cars.3.stints[0].laps[2].driver,driver,0
2025,03072250-77e5-43d5-9844-4550ecd8ae34,$.cars.cars.3.stints[0].laps[2].timestamp,timestamp,1747502013290
2025,03072250-77e5-43d5-9844-4550ecd8ae34,$.cars.cars.3.stints[0].laps[2].car,car,3
2025,03072250-77e5-43d5-9844-4550ecd8ae34,$.cars.cars.3.stints[0].laps[3].lapNumber,lapNumber,4
2025,03072250-77e5-43d5-9844-4550ecd8ae34,$.cars.cars.3.stints[0].laps[3].laptime,laptime,38.5799
2025,03072250-77e5-43d5-9844-4550ecd8ae34,$.cars.cars.3.stints[0].laps[3].driver,driver,0
2025,03072250-77e5-43d5-9844-4550ecd8ae34,$.cars.cars.3.stints[0].laps[3].timestamp,timestamp,1747502051645
2025,03072250-77e5-43d5-9844-4550ecd8ae34,$.cars.cars.3.stints[0].laps[3].car,car,3
2025,03072250-77e5-43d5-9844-4550ecd8ae34,$.cars.cars.3.stints[0].laps[4].lapNumber,lapNumber,5
2025,03072250-77e5-43d5-9844-4550ecd8ae34,$.cars.cars.3.stints[0].laps[4].laptime,laptime,38.603
2025,03072250-77e5-43d5-9844-4550ecd8ae34,$.cars.cars.3.stints[0].laps[4].driver,driver,0
2025,03072250-77e5-43d5-9844-4550ecd8ae34,$.cars.cars.3.stints[0].laps[4].timestamp,timestamp,1747502090409
2025,03072250-77e5-43d5-9844-4550ecd8ae34,$.cars.cars.3.stints[0].laps[4].car,car,3
2025,03072250-77e5-43d5-9844-4550ecd8ae34,$.cars.cars.3.highestSeenFlagThisLap,highestSeenFlagThisLap,1
2025,03072250-77e5-43d5-9844-4550ecd8ae34,$.cars.cars.4.drivers,drivers,"[{'idx': 0, 'car': '4', 'name': 'David Malukas'}]"
2025,03072250-77e5-43d5-9844-4550ecd8ae34,$.cars.cars.4.drivers[0].car,car,4
2025,03072250-77e5-43d5-9844-4550ecd8ae34,$.cars.cars.4.currentLap,currentLap,11
2025,03072250-77e5-43d5-9844-4550ecd8ae34,$.cars.cars.4.stints[0].startLap,startLap,1
2025,03072250-77e5-43d5-9844-4550ecd8ae34,$.cars.cars.4.stints[0].startTime,startTime,1747499114023
2025,03072250-77e5-43d5-9844-4550ecd8ae34,$.cars.cars.4.stints[0].car,car,4
2025,03072250-77e5-43d5-9844-4550ecd8ae34,$.cars.cars.4.stints[0].driver,driver,0
2025,03072250-77e5-43d5-9844-4550ecd8ae34,$.cars.cars.4.stints[0].laps,laps,"[{'lapNumber': 1, 'laptime': 40.6665, 'driver': 0, 'flag': 'yellow', 'timestamp': 1747499114064, 'car': '4'}, {'lapNumber': 2, 'laptime': 38.8124, 'driver': 0, 'flag': 'green', 'timestamp': 1747499152396, 'car': '4'}, {'lapNumber': 3, 'laptime': 38.813, 'driver': 0, 'flag': 'green', 'timestamp': 1747499190676, 'car': '4'}, {'lapNumber': 4, 'laptime': 38.7028, 'driver': 0, 'flag': 'green', 'timestamp': 1747499228963, 'car': '4'}, {'lapNumber': 5, 'laptime': 38.7144, 'driver': 0, 'flag': 'green', ..."
2025,03072250-77e5-43d5-9844-4550ecd8ae34,$.cars.cars.4.stints[0].laps[0].lapNumber,lapNumber,1
2025,03072250-77e5-43d5-9844-4550ecd8ae34,$.cars.cars.4.stints[0].laps[0].laptime,laptime,40.6665
2025,03072250-77e5-43d5-9844-4550ecd8ae34,$.cars.cars.4.stints[0].laps[0].driver,driver,0
2025,03072250-77e5-43d5-9844-4550ecd8ae34,$.cars.cars.4.stints[0].laps[0].timestamp,timestamp,1747499114064
2025,03072250-77e5-43d5-9844-4550ecd8ae34,$.cars.cars.4.stints[0].laps[0].car,car,4
2025,03072250-77e5-43d5-9844-4550ecd8ae34,$.cars.cars.4.stints[0].laps[1].lapNumber,lapNumber,2
2025,03072250-77e5-43d5-9844-4550ecd8ae34,$.cars.cars.4.stints[0].laps[1].laptime,laptime,38.8124
2025,03072250-77e5-43d5-9844-4550ecd8ae34,$.cars.cars.4.stints[0].laps[1].driver,driver,0
2025,03072250-77e5-43d5-9844-4550ecd8ae34,$.cars.cars.4.stints[0].laps[1].timestamp,timestamp,1747499152396
2025,03072250-77e5-43d5-9844-4550ecd8ae34,$.cars.cars.4.stints[0].laps[1].car,car,4
2025,03072250-77e5-43d5-9844-4550ecd8ae34,$.cars.cars.4.stints[0].laps[2].lapNumber,lapNumber,3
2025,03072250-77e5-43d5-9844-4550ecd8ae34,$.cars.cars.4.stints[0].laps[2].laptime,laptime,38.813
2025,03072250-77e5-43d5-9844-4550ecd8ae34,$.cars.cars.4.stints[0].laps[2].driver,driver,0
2025,03072250-77e5-43d5-9844-4550ecd8ae34,$.cars.cars.4.stints[0].laps[2].timestamp,timestamp,1747499190676
2025,03072250-77e5-43d5-9844-4550ecd8ae34,$.cars.cars.4.stints[0].laps[2].car,car,4
2025,03072250-77e5-43d5-9844-4550ecd8ae34,$.cars.cars.4.stints[0].laps[3].lapNumber,lapNumber,4
2025,03072250-77e5-43d5-9844-4550ecd8ae34,$.cars.cars.4.stints[0].laps[3].laptime,laptime,38.7028
2025,03072250-77e5-43d5-9844-4550ecd8ae34,$.cars.cars.4.stints[0].laps[3].driver,driver,0
2025,03072250-77e5-43d5-9844-4550ecd8ae34,$.cars.cars.4.stints[0].laps[3].timestamp,timestamp,1747499228963
2025,03072250-77e5-43d5-9844-4550ecd8ae34,$.cars.cars.4.stints[0].laps[3].car,car,4
2025,03072250-77e5-43d5-9844-4550ecd8ae34,$.cars.cars.4.stints[0].laps[4].lapNumber,lapNumber,5
2025,03072250-77e5-43d5-9844-4550ecd8ae34,$.cars.cars.4.stints[0].laps[4].laptime,laptime,38.7144
2025,03072250-77e5-43d5-9844-4550ecd8ae34,$.cars.cars.4.stints[0].laps[4].driver,driver,0
2025,03072250-77e5-43d5-9844-4550ecd8ae34,$.cars.cars.4.stints[0].laps[4].timestamp,timestamp,1747499268945
2025,03072250-77e5-43d5-9844-4550ecd8ae34,$.cars.cars.4.stints[0].laps[4].car,car,4
2025,03072250-77e5-43d5-9844-4550ecd8ae34,$.cars.cars.4.stints[0].laps[5].lapNumber,lapNumber,6
2025,03072250-77e5-43d5-9844-4550ecd8ae34,$.cars.cars.4.stints[0].laps[5].laptime,laptime,41.4149
2025,03072250-77e5-43d5-9844-4550ecd8ae34,$.cars.cars.4.stints[0].laps[5].driver,driver,0
2025,03072250-77e5-43d5-9844-4550ecd8ae34,$.cars.cars.4.stints[0].laps[5].timestamp,timestamp,1747516647445
2025,03072250-77e5-43d5-9844-4550ecd8ae34,$.cars.cars.4.stints[0].laps[5].car,car,4
2025,03072250-77e5-43d5-9844-4550ecd8ae34,$.cars.cars.4.stints[0].laps[6].lapNumber,lapNumber,7
2025,03072250-77e5-43d5-9844-4550ecd8ae34,$.cars.cars.4.stints[0].laps[6].laptime,laptime,38.6251
2025,03072250-77e5-43d5-9844-4550ecd8ae34,$.cars.cars.4.stints[0].laps[6].driver,driver,0
2025,03072250-77e5-43d5-9844-4550ecd8ae34,$.cars.cars.4.stints[0].laps[6].timestamp,timestamp,1747516687503
2025,03072250-77e5-43d5-9844-4550ecd8ae34,$.cars.cars.4.stints[0].laps[6].car,car,4
2025,03072250-77e5-43d5-9844-4550ecd8ae34,$.cars.cars.4.stints[0].laps[7].lapNumber,lapNumber,8
2025,03072250-77e5-43d5-9844-4550ecd8ae34,$.cars.cars.4.stints[0].laps[7].laptime,laptime,38.6378
2025,03072250-77e5-43d5-9844-4550ecd8ae34,$.cars.cars.4.stints[0].laps[7].driver,driver,0
2025,03072250-77e5-43d5-9844-4550ecd8ae34,$.cars.cars.4.stints[0].laps[7].timestamp,timestamp,1747516724617
2025,03072250-77e5-43d5-9844-4550ecd8ae34,$.cars.cars.4.stints[0].laps[7].car,car,4
2025,03072250-77e5-43d5-9844-4550ecd8ae34,$.cars.cars.4.stints[0].laps[8].lapNumber,lapNumber,9
2025,03072250-77e5-43d5-9844-4550ecd8ae34,$.cars.cars.4.stints[0].laps[8].laptime,laptime,38.7685
2025,03072250-77e5-43d5-9844-4550ecd8ae34,$.cars.cars.4.stints[0].laps[8].driver,driver,0
2025,03072250-77e5-43d5-9844-4550ecd8ae34,$.cars.cars.4.stints[0].laps[8].timestamp,timestamp,1747516762979
2025,03072250-77e5-43d5-9844-4550ecd8ae34,$.cars.cars.4.stints[0].laps[8].car,car,4
2025,03072250-77e5-43d5-9844-4550ecd8ae34,$.cars.cars.4.stints[0].laps[9].lapNumber,lapNumber,10
2025,03072250-77e5-43d5-9844-4550ecd8ae34,$.cars.cars.4.stints[0].laps[9].laptime,laptime,38.7766
2025,03072250-77e5-43d5-9844-4550ecd8ae34,$.cars.cars.4.stints[0].laps[9].driver,driver,0
2025,03072250-77e5-43d5-9844-4550ecd8ae34,$.cars.cars.4.stints[0].laps[9].timestamp,timestamp,1747516803027
2025,03072250-77e5-43d5-9844-4550ecd8ae34,$.cars.cars.4.stints[0].laps[9].car,car,4
2025,03072250-77e5-43d5-9844-4550ecd8ae34,$.cars.cars.4.highestSeenFlagThisLap,highestSeenFlagThisLap,1
2025,03072250-77e5-43d5-9844-4550ecd8ae34,$.cars.cars.5.drivers,drivers,"[{'idx': 0, 'car': '5', 'name': ""Pato O'Ward""}]"
2025,03072250-77e5-43d5-9844-4550ecd8ae34,$.cars.cars.5.drivers[0].car,car,5
2025,03072250-77e5-43d5-9844-4550ecd8ae34,$.cars.cars.5.currentLap,currentLap,8
2025,03072250-77e5-43d5-9844-4550ecd8ae34,$.cars.cars.5.stints[0].startLap,startLap,1
2025,03072250-77e5-43d5-9844-4550ecd8ae34,$.cars.cars.5.stints[0].startTime,startTime,1747494632408
2025,03072250-77e5-43d5-9844-4550ecd8ae34,$.cars.cars.5.stints[0].car,car,5
2025,03072250-77e5-43d5-9844-4550ecd8ae34,$.cars.cars.5.stints[0].driver,driver,0
2025,03072250-77e5-43d5-9844-4550ecd8ae34,$.cars.cars.5.stints[0].laps,laps,"[{'lapNumber': 1, 'laptime': 41.3227, 'driver': 0, 'flag': 'yellow', 'timestamp': 1747494632450, 'car': '5'}, {'lapNumber': 2, 'laptime': 38.6512, 'driver': 0, 'flag': 'green', 'timestamp': 1747494670831, 'car': '5'}, {'lapNumber': 3, 'laptime': 38.6486, 'driver': 0, 'flag': 'green', 'timestamp': 1747494709190, 'car': '5'}, {'lapNumber': 4, 'laptime': 38.6614, 'driver': 0, 'flag': 'green', 'timestamp': 1747494747585, 'car': '5'}, {'lapNumber': 5, 'laptime': 38.6645, 'driver': 0, 'flag': 'green',..."
2025,03072250-77e5-43d5-9844-4550ecd8ae34,$.cars.cars.5.stints[0].laps[0].lapNumber,lapNumber,1
2025,03072250-77e5-43d5-9844-4550ecd8ae34,$.cars.cars.5.stints[0].laps[0].laptime,laptime,41.3227
2025,03072250-77e5-43d5-9844-4550ecd8ae34,$.cars.cars.5.stints[0].laps[0].driver,driver,0
2025,03072250-77e5-43d5-9844-4550ecd8ae34,$.cars.cars.5.stints[0].laps[0].timestamp,timestamp,1747494632450
2025,03072250-77e5-43d5-9844-4550ecd8ae34,$.cars.cars.5.stints[0].laps[0].car,car,5
2025,03072250-77e5-43d5-9844-4550ecd8ae34,$.cars.cars.5.stints[0].laps[1].lapNumber,lapNumber,2
2025,03072250-77e5-43d5-9844-4550ecd8ae34,$.cars.cars.5.stints[0].laps[1].laptime,laptime,38.6512
2025,03072250-77e5-43d5-9844-4550ecd8ae34,$.cars.cars.5.stints[0].laps[1].driver,driver,0
2025,03072250-77e5-43d5-9844-4550ecd8ae34,$.cars.cars.5.stints[0].laps[1].timestamp,timestamp,1747494670831
2025,03072250-77e5-43d5-9844-4550ecd8ae34,$.cars.cars.5.stints[0].laps[1].car,car,5
2025,03072250-77e5-43d5-9844-4550ecd8ae34,$.cars.cars.5.stints[0].laps[2].lapNumber,lapNumber,3
2025,03072250-77e5-43d5-9844-4550ecd8ae34,$.cars.cars.5.stints[0].laps[2].laptime,laptime,38.6486
2025,03072250-77e5-43d5-9844-4550ecd8ae34,$.cars.cars.5.stints[0].laps[2].driver,driver,0
2025,03072250-77e5-43d5-9844-4550ecd8ae34,$.cars.cars.5.stints[0].laps[2].timestamp,timestamp,1747494709190
2025,03072250-77e5-43d5-9844-4550ecd8ae34,$.cars.cars.5.stints[0].laps[2].car,car,5
2025,03072250-77e5-43d5-9844-4550ecd8ae34,$.cars.cars.5.stints[0].laps[3].lapNumber,lapNumber,4
2025,03072250-77e5-43d5-9844-4550ecd8ae34,$.cars.cars.5.stints[0].laps[3].laptime,laptime,38.6614
2025,03072250-77e5-43d5-9844-4550ecd8ae34,$.cars.cars.5.stints[0].laps[3].driver,driver,0
2025,03072250-77e5-43d5-9844-4550ecd8ae34,$.cars.cars.5.stints[0].laps[3].timestamp,timestamp,1747494747585
2025,03072250-77e5-43d5-9844-4550ecd8ae34,$.cars.cars.5.stints[0].laps[3].car,car,5
2025,03072250-77e5-43d5-9844-4550ecd8ae34,$.cars.cars.5.stints[0].laps[4].lapNumber,lapNumber,5
2025,03072250-77e5-43d5-9844-4550ecd8ae34,$.cars.cars.5.stints[0].laps[4].laptime,laptime,38.6645
2025,03072250-77e5-43d5-9844-4550ecd8ae34,$.cars.cars.5.stints[0].laps[4].driver,driver,0
2025,03072250-77e5-43d5-9844-4550ecd8ae34,$.cars.cars.5.stints[0].laps[4].timestamp,timestamp,1747494785961
2025,03072250-77e5-43d5-9844-4550ecd8ae34,$.cars.cars.5.stints[0].laps[4].car,car,5
2025,03072250-77e5-43d5-9844-4550ecd8ae34,$.cars.cars.5.stints[0].laps[5].lapNumber,lapNumber,6
2025,03072250-77e5-43d5-9844-4550ecd8ae34,$.cars.cars.5.stints[0].laps[5].laptime,laptime,41.3579
2025,03072250-77e5-43d5-9844-4550ecd8ae34,$.cars.cars.5.stints[0].laps[5].driver,driver,0
2025,03072250-77e5-43d5-9844-4550ecd8ae34,$.cars.cars.5.stints[0].laps[5].timestamp,timestamp,1747513187877
2025,03072250-77e5-43d5-9844-4550ecd8ae34,$.cars.cars.5.stints[0].laps[5].car,car,5
2025,03072250-77e5-43d5-9844-4550ecd8ae34,$.cars.cars.5.stints[0].laps[6].lapNumber,lapNumber,7
2025,03072250-77e5-43d5-9844-4550ecd8ae34,$.cars.cars.5.stints[0].laps[6].laptime,laptime,38.6964
2025,03072250-77e5-43d5-9844-4550ecd8ae34,$.cars.cars.5.stints[0].laps[6].driver,driver,0
2025,03072250-77e5-43d5-9844-4550ecd8ae34,$.cars.cars.5.stints[0].laps[6].timestamp,timestamp,1747513226312
2025,03072250-77e5-43d5-9844-4550ecd8ae34,$.cars.cars.5.stints[0].laps[6].car,car,5
2025,03072250-77e5-43d5-9844-4550ecd8ae34,$.cars.cars.5.highestSeenFlagThisLap,highestSeenFlagThisLap,1
2025,03072250-77e5-43d5-9844-4550ecd8ae34,$.cars.cars.6.drivers,drivers,"[{'idx': 0, 'car': '6', 'name': 'Nolan Siegel'}]"
2025,03072250-77e5-43d5-9844-4550ecd8ae34,$.cars.cars.6.drivers[0].car,car,6
2025,03072250-77e5-43d5-9844-4550ecd8ae34,$.cars.cars.6.currentLap,currentLap,11
2025,03072250-77e5-43d5-9844-4550ecd8ae34,$.cars.cars.6.stints[0].startLap,startLap,1
2025,03072250-77e5-43d5-9844-4550ecd8ae34,$.cars.cars.6.stints[0].startTime,startTime,1747496841962
2025,03072250-77e5-43d5-9844-4550ecd8ae34,$.cars.cars.6.stints[0].car,car,6
2025,03072250-77e5-43d5-9844-4550ecd8ae34,$.cars.cars.6.stints[0].driver,driver,0
2025,03072250-77e5-43d5-9844-4550ecd8ae34,$.cars.cars.6.stints[0].laps,laps,"[{'lapNumber': 1, 'laptime': 41.8953, 'driver': 0, 'flag': 'yellow', 'timestamp': 1747496842004, 'car': '6'}, {'lapNumber': 2, 'laptime': 38.9652, 'driver': 0, 'flag': 'green', 'timestamp': 1747496881961, 'car': '6'}, {'lapNumber': 3, 'laptime': 38.9952, 'driver': 0, 'flag': 'green', 'timestamp': 1747496920364, 'car': '6'}, {'lapNumber': 4, 'laptime': 39.0642, 'driver': 0, 'flag': 'green', 'timestamp': 1747496958766, 'car': '6'}, {'lapNumber': 5, 'laptime': 39.1096, 'driver': 0, 'flag': 'green',..."
2025,03072250-77e5-43d5-9844-4550ecd8ae34,$.cars.cars.6.stints[0].laps[0].lapNumber,lapNumber,1
2025,03072250-77e5-43d5-9844-4550ecd8ae34,$.cars.cars.6.stints[0].laps[0].laptime,laptime,41.8953
2025,03072250-77e5-43d5-9844-4550ecd8ae34,$.cars.cars.6.stints[0].laps[0].driver,driver,0
2025,03072250-77e5-43d5-9844-4550ecd8ae34,$.cars.cars.6.stints[0].laps[0].timestamp,timestamp,1747496842004
2025,03072250-77e5-43d5-9844-4550ecd8ae34,$.cars.cars.6.stints[0].laps[0].car,car,6
2025,03072250-77e5-43d5-9844-4550ecd8ae34,$.cars.cars.6.stints[0].laps[1].lapNumber,lapNumber,2
2025,03072250-77e5-43d5-9844-4550ecd8ae34,$.cars.cars.6.stints[0].laps[1].laptime,laptime,38.9652
2025,03072250-77e5-43d5-9844-4550ecd8ae34,$.cars.cars.6.stints[0].laps[1].driver,driver,0
2025,03072250-77e5-43d5-9844-4550ecd8ae34,$.cars.cars.6.stints[0].laps[1].timestamp,timestamp,1747496881961
2025,03072250-77e5-43d5-9844-4550ecd8ae34,$.cars.cars.6.stints[0].laps[1].car,car,6
2025,03072250-77e5-43d5-9844-4550ecd8ae34,$.cars.cars.6.stints[0].laps[2].lapNumber,lapNumber,3
2025,03072250-77e5-43d5-9844-4550ecd8ae34,$.cars.cars.6.stints[0].laps[2].laptime,laptime,38.9952
2025,03072250-77e5-43d5-9844-4550ecd8ae34,$.cars.cars.6.stints[0].laps[2].driver,driver,0
2025,03072250-77e5-43d5-9844-4550ecd8ae34,$.cars.cars.6.stints[0].laps[2].timestamp,timestamp,1747496920364
2025,03072250-77e5-43d5-9844-4550ecd8ae34,$.cars.cars.6.stints[0].laps[2].car,car,6
2025,03072250-77e5-43d5-9844-4550ecd8ae34,$.cars.cars.6.stints[0].laps[3].lapNumber,lapNumber,4
2025,03072250-77e5-43d5-9844-4550ecd8ae34,$.cars.cars.6.stints[0].laps[3].laptime,laptime,39.0642
2025,03072250-77e5-43d5-9844-4550ecd8ae34,$.cars.cars.6.stints[0].laps[3].driver,driver,0
2025,03072250-77e5-43d5-9844-4550ecd8ae34,$.cars.cars.6.stints[0].laps[3].timestamp,timestamp,1747496958766
2025,03072250-77e5-43d5-9844-4550ecd8ae34,$.cars.cars.6.stints[0].laps[3].car,car,6
2025,03072250-77e5-43d5-9844-4550ecd8ae34,$.cars.cars.6.stints[0].laps[4].lapNumber,lapNumber,5
2025,03072250-77e5-43d5-9844-4550ecd8ae34,$.cars.cars.6.stints[0].laps[4].laptime,laptime,39.1096
2025,03072250-77e5-43d5-9844-4550ecd8ae34,$.cars.cars.6.stints[0].laps[4].driver,driver,0
2025,03072250-77e5-43d5-9844-4550ecd8ae34,$.cars.cars.6.stints[0].laps[4].timestamp,timestamp,1747496998708
2025,03072250-77e5-43d5-9844-4550ecd8ae34,$.cars.cars.6.stints[0].laps[4].car,car,6
2025,03072250-77e5-43d5-9844-4550ecd8ae34,$.cars.cars.6.stints[0].laps[5].lapNumber,lapNumber,6
2025,03072250-77e5-43d5-9844-4550ecd8ae34,$.cars.cars.6.stints[0].laps[5].laptime,laptime,41.7695
2025,03072250-77e5-43d5-9844-4550ecd8ae34,$.cars.cars.6.stints[0].laps[5].driver,driver,0
2025,03072250-77e5-43d5-9844-4550ecd8ae34,$.cars.cars.6.stints[0].laps[5].timestamp,timestamp,1747508967667
2025,03072250-77e5-43d5-9844-4550ecd8ae34,$.cars.cars.6.stints[0].laps[5].car,car,6
2025,03072250-77e5-43d5-9844-4550ecd8ae34,$.cars.cars.6.stints[0].laps[6].lapNumber,lapNumber,7
2025,03072250-77e5-43d5-9844-4550ecd8ae34,$.cars.cars.6.stints[0].laps[6].laptime,laptime,39.0525
2025,03072250-77e5-43d5-9844-4550ecd8ae34,$.cars.cars.6.stints[0].laps[6].driver,driver,0
2025,03072250-77e5-43d5-9844-4550ecd8ae34,$.cars.cars.6.stints[0].laps[6].timestamp,timestamp,1747509006035
2025,03072250-77e5-43d5-9844-4550ecd8ae34,$.cars.cars.6.stints[0].laps[6].car,car,6
2025,03072250-77e5-43d5-9844-4550ecd8ae34,$.cars.cars.6.stints[0].laps[7].lapNumber,lapNumber,8
2025,03072250-77e5-43d5-9844-4550ecd8ae34,$.cars.cars.6.stints[0].laps[7].laptime,laptime,39.1262
2025,03072250-77e5-43d5-9844-4550ecd8ae34,$.cars.cars.6.stints[0].laps[7].driver,driver,0
2025,03072250-77e5-43d5-9844-4550ecd8ae34,$.cars.cars.6.stints[0].laps[7].timestamp,timestamp,1747509046087
2025,03072250-77e5-43d5-9844-4550ecd8ae34,$.cars.cars.6.stints[0].laps[7].car,car,6
2025,03072250-77e5-43d5-9844-4550ecd8ae34,$.cars.cars.6.stints[0].laps[8].lapNumber,lapNumber,9
2025,03072250-77e5-43d5-9844-4550ecd8ae34,$.cars.cars.6.stints[0].laps[8].laptime,laptime,39.1257
2025,03072250-77e5-43d5-9844-4550ecd8ae34,$.cars.cars.6.stints[0].laps[8].driver,driver,0
2025,03072250-77e5-43d5-9844-4550ecd8ae34,$.cars.cars.6.stints[0].laps[8].timestamp,timestamp,1747509084467
2025,03072250-77e5-43d5-9844-4550ecd8ae34,$.cars.cars.6.stints[0].laps[8].car,car,6
2025,03072250-77e5-43d5-9844-4550ecd8ae34,$.cars.cars.6.stints[0].laps[9].lapNumber,lapNumber,10
2025,03072250-77e5-43d5-9844-4550ecd8ae34,$.cars.cars.6.stints[0].laps[9].laptime,laptime,39.15
2025,03072250-77e5-43d5-9844-4550ecd8ae34,$.cars.cars.6.stints[0].laps[9].driver,driver,0
2025,03072250-77e5-43d5-9844-4550ecd8ae34,$.cars.cars.6.stints[0].laps[9].timestamp,timestamp,1747509122848
2025,03072250-77e5-43d5-9844-4550ecd8ae34,$.cars.cars.6.stints[0].laps[9].car,car,6
2025,03072250-77e5-43d5-9844-4550ecd8ae34,$.cars.cars.6.highestSeenFlagThisLap,highestSeenFlagThisLap,1
2025,03072250-77e5-43d5-9844-4550ecd8ae34,$.cars.cars.7.drivers,drivers,"[{'idx': 0, 'car': '7', 'name': 'Christian Lundgaard'}]"
2025,03072250-77e5-43d5-9844-4550ecd8ae34,$.cars.cars.7.drivers[0].car,car,7
2025,03072250-77e5-43d5-9844-4550ecd8ae34,$.cars.cars.7.currentLap,currentLap,11
2025,03072250-77e5-43d5-9844-4550ecd8ae34,$.cars.cars.7.stints[0].startLap,startLap,1
2025,03072250-77e5-43d5-9844-4550ecd8ae34,$.cars.cars.7.stints[0].startTime,startTime,1747496311656
2025,03072250-77e5-43d5-9844-4550ecd8ae34,$.cars.cars.7.stints[0].car,car,7
2025,03072250-77e5-43d5-9844-4550ecd8ae34,$.cars.cars.7.stints[0].driver,driver,0
2025,03072250-77e5-43d5-9844-4550ecd8ae34,$.cars.cars.7.stints[0].laps,laps,"[{'lapNumber': 1, 'laptime': 41.5517, 'driver': 0, 'flag': 'yellow', 'timestamp': 1747496311698, 'car': '7'}, {'lapNumber': 2, 'laptime': 39.389, 'driver': 0, 'flag': 'green', 'timestamp': 1747496350104, 'car': '7'}, {'lapNumber': 3, 'laptime': 39.0007, 'driver': 0, 'flag': 'green', 'timestamp': 1747496388488, 'car': '7'}, {'lapNumber': 4, 'laptime': 39.0994, 'driver': 0, 'flag': 'green', 'timestamp': 1747496428467, 'car': '7'}, {'lapNumber': 5, 'laptime': 38.8263, 'driver': 0, 'flag': 'green', ..."
2025,03072250-77e5-43d5-9844-4550ecd8ae34,$.cars.cars.7.stints[0].laps[0].lapNumber,lapNumber,1
2025,03072250-77e5-43d5-9844-4550ecd8ae34,$.cars.cars.7.stints[0].laps[0].laptime,laptime,41.5517
2025,03072250-77e5-43d5-9844-4550ecd8ae34,$.cars.cars.7.stints[0].laps[0].driver,driver,0
2025,03072250-77e5-43d5-9844-4550ecd8ae34,$.cars.cars.7.stints[0].laps[0].timestamp,timestamp,1747496311698
2025,03072250-77e5-43d5-9844-4550ecd8ae34,$.cars.cars.7.stints[0].laps[0].car,car,7
2025,03072250-77e5-43d5-9844-4550ecd8ae34,$.cars.cars.7.stints[0].laps[1].lapNumber,lapNumber,2
2025,03072250-77e5-43d5-9844-4550ecd8ae34,$.cars.cars.7.stints[0].laps[1].laptime,laptime,39.389
2025,03072250-77e5-43d5-9844-4550ecd8ae34,$.cars.cars.7.stints[0].laps[1].driver,driver,0
2025,03072250-77e5-43d5-9844-4550ecd8ae34,$.cars.cars.7.stints[0].laps[1].timestamp,timestamp,1747496350104
2025,03072250-77e5-43d5-9844-4550ecd8ae34,$.cars.cars.7.stints[0].laps[1].car,car,7
2025,03072250-77e5-43d5-9844-4550ecd8ae34,$.cars.cars.7.stints[0].laps[2].lapNumber,lapNumber,3
2025,03072250-77e5-43d5-9844-4550ecd8ae34,$.cars.cars.7.stints[0].laps[2].laptime,laptime,39.0007
2025,03072250-77e5-43d5-9844-4550ecd8ae34,$.cars.cars.7.stints[0].laps[2].driver,driver,0
2025,03072250-77e5-43d5-9844-4550ecd8ae34,$.cars.cars.7.stints[0].laps[2].timestamp,timestamp,1747496388488
2025,03072250-77e5-43d5-9844-4550ecd8ae34,$.cars.cars.7.stints[0].laps[2].car,car,7
2025,03072250-77e5-43d5-9844-4550ecd8ae34,$.cars.cars.7.stints[0].laps[3].lapNumber,lapNumber,4
2025,03072250-77e5-43d5-9844-4550ecd8ae34,$.cars.cars.7.stints[0].laps[3].laptime,laptime,39.0994
2025,03072250-77e5-43d5-9844-4550ecd8ae34,$.cars.cars.7.stints[0].laps[3].driver,driver,0
2025,03072250-77e5-43d5-9844-4550ecd8ae34,$.cars.cars.7.stints[0].laps[3].timestamp,timestamp,1747496428467
2025,03072250-77e5-43d5-9844-4550ecd8ae34,$.cars.cars.7.stints[0].laps[3].car,car,7
2025,03072250-77e5-43d5-9844-4550ecd8ae34,$.cars.cars.7.stints[0].laps[4].lapNumber,lapNumber,5
2025,03072250-77e5-43d5-9844-4550ecd8ae34,$.cars.cars.7.stints[0].laps[4].laptime,laptime,38.8263
2025,03072250-77e5-43d5-9844-4550ecd8ae34,$.cars.cars.7.stints[0].laps[4].driver,driver,0
2025,03072250-77e5-43d5-9844-4550ecd8ae34,$.cars.cars.7.stints[0].laps[4].timestamp,timestamp,1747496466873
2025,03072250-77e5-43d5-9844-4550ecd8ae34,$.cars.cars.7.stints[0].laps[4].car,car,7
2025,03072250-77e5-43d5-9844-4550ecd8ae34,$.cars.cars.7.stints[0].laps[5].lapNumber,lapNumber,6
2025,03072250-77e5-43d5-9844-4550ecd8ae34,$.cars.cars.7.stints[0].laps[5].laptime,laptime,41.5108
2025,03072250-77e5-43d5-9844-4550ecd8ae34,$.cars.cars.7.stints[0].laps[5].driver,driver,0
2025,03072250-77e5-43d5-9844-4550ecd8ae34,$.cars.cars.7.stints[0].laps[5].timestamp,timestamp,1747511610757
2025,03072250-77e5-43d5-9844-4550ecd8ae34,$.cars.cars.7.stints[0].laps[5].car,car,7
2025,03072250-77e5-43d5-9844-4550ecd8ae34,$.cars.cars.7.stints[0].laps[6].lapNumber,lapNumber,7
2025,03072250-77e5-43d5-9844-4550ecd8ae34,$.cars.cars.7.stints[0].laps[6].laptime,laptime,38.8304
2025,03072250-77e5-43d5-9844-4550ecd8ae34,$.cars.cars.7.stints[0].laps[6].driver,driver,0
2025,03072250-77e5-43d5-9844-4550ecd8ae34,$.cars.cars.7.stints[0].laps[6].timestamp,timestamp,1747511649157
2025,03072250-77e5-43d5-9844-4550ecd8ae34,$.cars.cars.7.stints[0].laps[6].car,car,7
2025,03072250-77e5-43d5-9844-4550ecd8ae34,$.cars.cars.7.stints[0].laps[7].lapNumber,lapNumber,8
2025,03072250-77e5-43d5-9844-4550ecd8ae34,$.cars.cars.7.stints[0].laps[7].laptime,laptime,38.7789
2025,03072250-77e5-43d5-9844-4550ecd8ae34,$.cars.cars.7.stints[0].laps[7].driver,driver,0
2025,03072250-77e5-43d5-9844-4550ecd8ae34,$.cars.cars.7.stints[0].laps[7].timestamp,timestamp,1747511689223
2025,03072250-77e5-43d5-9844-4550ecd8ae34,$.cars.cars.7.stints[0].laps[7].car,car,7
2025,03072250-77e5-43d5-9844-4550ecd8ae34,$.cars.cars.7.stints[0].laps[8].lapNumber,lapNumber,9
2025,03072250-77e5-43d5-9844-4550ecd8ae34,$.cars.cars.7.stints[0].laps[8].laptime,laptime,38.8518
2025,03072250-77e5-43d5-9844-4550ecd8ae34,$.cars.cars.7.stints[0].laps[8].driver,driver,0
2025,03072250-77e5-43d5-9844-4550ecd8ae34,$.cars.cars.7.stints[0].laps[8].timestamp,timestamp,1747511727617
2025,03072250-77e5-43d5-9844-4550ecd8ae34,$.cars.cars.7.stints[0].laps[8].car,car,7
2025,03072250-77e5-43d5-9844-4550ecd8ae34,$.cars.cars.7.stints[0].laps[9].lapNumber,lapNumber,10
2025,03072250-77e5-43d5-9844-4550ecd8ae34,$.cars.cars.7.stints[0].laps[9].laptime,laptime,38.8393
2025,03072250-77e5-43d5-9844-4550ecd8ae34,$.cars.cars.7.stints[0].laps[9].driver,driver,0
2025,03072250-77e5-43d5-9844-4550ecd8ae34,$.cars.cars.7.stints[0].laps[9].timestamp,timestamp,1747511765983
2025,03072250-77e5-43d5-9844-4550ecd8ae34,$.cars.cars.7.stints[0].laps[9].car,car,7
2025,03072250-77e5-43d5-9844-4550ecd8ae34,$.cars.cars.7.highestSeenFlagThisLap,highestSeenFlagThisLap,1
2025,03072250-77e5-43d5-9844-4550ecd8ae34,$.cars.cars.8.drivers,drivers,"[{'idx': 0, 'car': '8', 'name': 'Kyffin Simpson'}]"
2025,03072250-77e5-43d5-9844-4550ecd8ae34,$.cars.cars.8.drivers[0].car,car,8
2025,03072250-77e5-43d5-9844-4550ecd8ae34,$.cars.cars.8.currentLap,currentLap,10
2025,03072250-77e5-43d5-9844-4550ecd8ae34,$.cars.cars.8.stints[0].startLap,startLap,1
2025,03072250-77e5-43d5-9844-4550ecd8ae34,$.cars.cars.8.stints[0].startTime,startTime,1747494901070
2025,03072250-77e5-43d5-9844-4550ecd8ae34,$.cars.cars.8.stints[0].car,car,8
2025,03072250-77e5-43d5-9844-4550ecd8ae34,$.cars.cars.8.stints[0].driver,driver,0
2025,03072250-77e5-43d5-9844-4550ecd8ae34,$.cars.cars.8.stints[0].laps,laps,"[{'lapNumber': 1, 'laptime': 41.2551, 'driver': 0, 'flag': 'yellow', 'timestamp': 1747494901112, 'car': '8'}, {'lapNumber': 2, 'laptime': 38.7937, 'driver': 0, 'flag': 'green', 'timestamp': 1747494940501, 'car': '8'}, {'lapNumber': 3, 'laptime': 38.8439, 'driver': 0, 'flag': 'green', 'timestamp': 1747494978884, 'car': '8'}, {'lapNumber': 4, 'laptime': 38.921, 'driver': 0, 'flag': 'green', 'timestamp': 1747495018796, 'car': '8'}, {'lapNumber': 5, 'laptime': 38.8541, 'driver': 0, 'flag': 'green', ..."
2025,03072250-77e5-43d5-9844-4550ecd8ae34,$.cars.cars.8.stints[0].laps[0].lapNumber,lapNumber,1
2025,03072250-77e5-43d5-9844-4550ecd8ae34,$.cars.cars.8.stints[0].laps[0].laptime,laptime,41.2551
2025,03072250-77e5-43d5-9844-4550ecd8ae34,$.cars.cars.8.stints[0].laps[0].driver,driver,0
2025,03072250-77e5-43d5-9844-4550ecd8ae34,$.cars.cars.8.stints[0].laps[0].timestamp,timestamp,1747494901112
2025,03072250-77e5-43d5-9844-4550ecd8ae34,$.cars.cars.8.stints[0].laps[0].car,car,8
2025,03072250-77e5-43d5-9844-4550ecd8ae34,$.cars.cars.8.stints[0].laps[1].lapNumber,lapNumber,2
2025,03072250-77e5-43d5-9844-4550ecd8ae34,$.cars.cars.8.stints[0].laps[1].laptime,laptime,38.7937
2025,03072250-77e5-43d5-9844-4550ecd8ae34,$.cars.cars.8.stints[0].laps[1].driver,driver,0
2025,03072250-77e5-43d5-9844-4550ecd8ae34,$.cars.cars.8.stints[0].laps[1].timestamp,timestamp,1747494940501
2025,03072250-77e5-43d5-9844-4550ecd8ae34,$.cars.cars.8.stints[0].laps[1].car,car,8
2025,03072250-77e5-43d5-9844-4550ecd8ae34,$.cars.cars.8.stints[0].laps[2].lapNumber,lapNumber,3
2025,03072250-77e5-43d5-9844-4550ecd8ae34,$.cars.cars.8.stints[0].laps[2].laptime,laptime,38.8439
2025,03072250-77e5-43d5-9844-4550ecd8ae34,$.cars.cars.8.stints[0].laps[2].driver,driver,0
2025,03072250-77e5-43d5-9844-4550ecd8ae34,$.cars.cars.8.stints[0].laps[2].timestamp,timestamp,1747494978884
2025,03072250-77e5-43d5-9844-4550ecd8ae34,$.cars.cars.8.stints[0].laps[2].car,car,8
2025,03072250-77e5-43d5-9844-4550ecd8ae34,$.cars.cars.8.stints[0].laps[3].lapNumber,lapNumber,4
2025,03072250-77e5-43d5-9844-4550ecd8ae34,$.cars.cars.8.stints[0].laps[3].laptime,laptime,38.921
2025,03072250-77e5-43d5-9844-4550ecd8ae34,$.cars.cars.8.stints[0].laps[3].driver,driver,0
2025,03072250-77e5-43d5-9844-4550ecd8ae34,$.cars.cars.8.stints[0].laps[3].timestamp,timestamp,1747495018796
2025,03072250-77e5-43d5-9844-4550ecd8ae34,$.cars.cars.8.stints[0].laps[3].car,car,8
2025,03072250-77e5-43d5-9844-4550ecd8ae34,$.cars.cars.8.stints[0].laps[4].lapNumber,lapNumber,5
2025,03072250-77e5-43d5-9844-4550ecd8ae34,$.cars.cars.8.stints[0].laps[4].laptime,laptime,38.8541
2025,03072250-77e5-43d5-9844-4550ecd8ae34,$.cars.cars.8.stints[0].laps[4].driver,driver,0
2025,03072250-77e5-43d5-9844-4550ecd8ae34,$.cars.cars.8.stints[0].laps[4].timestamp,timestamp,1747495055643
2025,03072250-77e5-43d5-9844-4550ecd8ae34,$.cars.cars.8.stints[0].laps[4].car,car,8
2025,03072250-77e5-43d5-9844-4550ecd8ae34,$.cars.cars.8.stints[0].laps[5].lapNumber,lapNumber,6
2025,03072250-77e5-43d5-9844-4550ecd8ae34,$.cars.cars.8.stints[0].laps[5].laptime,laptime,41.2628
2025,03072250-77e5-43d5-9844-4550ecd8ae34,$.cars.cars.8.stints[0].laps[5].driver,driver,0
2025,03072250-77e5-43d5-9844-4550ecd8ae34,$.cars.cars.8.stints[0].laps[5].timestamp,timestamp,1747511901149
2025,03072250-77e5-43d5-9844-4550ecd8ae34,$.cars.cars.8.stints[0].laps[5].car,car,8
2025,03072250-77e5-43d5-9844-4550ecd8ae34,$.cars.cars.8.stints[0].laps[6].lapNumber,lapNumber,7
2025,03072250-77e5-43d5-9844-4550ecd8ae34,$.cars.cars.8.stints[0].laps[6].laptime,laptime,38.8335
2025,03072250-77e5-43d5-9844-4550ecd8ae34,$.cars.cars.8.stints[0].laps[6].driver,driver,0
2025,03072250-77e5-43d5-9844-4550ecd8ae34,$.cars.cars.8.stints[0].laps[6].timestamp,timestamp,1747511939682
2025,03072250-77e5-43d5-9844-4550ecd8ae34,$.cars.cars.8.stints[0].laps[6].car,car,8
2025,03072250-77e5-43d5-9844-4550ecd8ae34,$.cars.cars.8.stints[0].laps[7].lapNumber,lapNumber,8
2025,03072250-77e5-43d5-9844-4550ecd8ae34,$.cars.cars.8.stints[0].laps[7].laptime,laptime,38.8754
2025,03072250-77e5-43d5-9844-4550ecd8ae34,$.cars.cars.8.stints[0].laps[7].driver,driver,0
2025,03072250-77e5-43d5-9844-4550ecd8ae34,$.cars.cars.8.stints[0].laps[7].timestamp,timestamp,1747511978098
2025,03072250-77e5-43d5-9844-4550ecd8ae34,$.cars.cars.8.stints[0].laps[7].car,car,8
2025,03072250-77e5-43d5-9844-4550ecd8ae34,$.cars.cars.8.stints[0].laps[8].lapNumber,lapNumber,9
2025,03072250-77e5-43d5-9844-4550ecd8ae34,$.cars.cars.8.stints[0].laps[8].laptime,laptime,38.9272
2025,03072250-77e5-43d5-9844-4550ecd8ae34,$.cars.cars.8.stints[0].laps[8].driver,driver,0
2025,03072250-77e5-43d5-9844-4550ecd8ae34,$.cars.cars.8.stints[0].laps[8].timestamp,timestamp,1747512018140
2025,03072250-77e5-43d5-9844-4550ecd8ae34,$.cars.cars.8.stints[0].laps[8].car,car,8
2025,03072250-77e5-43d5-9844-4550ecd8ae34,$.cars.cars.8.highestSeenFlagThisLap,highestSeenFlagThisLap,1
2025,03072250-77e5-43d5-9844-4550ecd8ae34,$.cars.cars.9.drivers,drivers,"[{'idx': 0, 'car': '9', 'name': 'Scott Dixon'}]"
2025,03072250-77e5-43d5-9844-4550ecd8ae34,$.cars.cars.9.drivers[0].car,car,9
2025,03072250-77e5-43d5-9844-4550ecd8ae34,$.cars.cars.9.currentLap,currentLap,7
2025,03072250-77e5-43d5-9844-4550ecd8ae34,$.cars.cars.9.stints[0].startLap,startLap,1
2025,03072250-77e5-43d5-9844-4550ecd8ae34,$.cars.cars.9.stints[0].startTime,startTime,1747497674717
2025,03072250-77e5-43d5-9844-4550ecd8ae34,$.cars.cars.9.stints[0].car,car,9
2025,03072250-77e5-43d5-9844-4550ecd8ae34,$.cars.cars.9.stints[0].driver,driver,0
2025,03072250-77e5-43d5-9844-4550ecd8ae34,$.cars.cars.9.stints[0].laps,laps,"[{'lapNumber': 1, 'laptime': 41.1864, 'driver': 0, 'flag': 'yellow', 'timestamp': 1747497674759, 'car': '9'}, {'lapNumber': 2, 'laptime': 38.6806, 'driver': 0, 'flag': 'green', 'timestamp': 1747497753098, 'car': '9'}, {'lapNumber': 3, 'laptime': 38.6962, 'driver': 0, 'flag': 'green', 'timestamp': 1747497791493, 'car': '9'}, {'lapNumber': 4, 'laptime': 38.6667, 'driver': 0, 'flag': 'green', 'timestamp': 1747497829907, 'car': '9'}, {'lapNumber': 5, 'laptime': 41.1691, 'driver': 0, 'flag': 'yellow'..."
2025,03072250-77e5-43d5-9844-4550ecd8ae34,$.cars.cars.9.stints[0].laps[0].lapNumber,lapNumber,1
2025,03072250-77e5-43d5-9844-4550ecd8ae34,$.cars.cars.9.stints[0].laps[0].laptime,laptime,41.1864
2025,03072250-77e5-43d5-9844-4550ecd8ae34,$.cars.cars.9.stints[0].laps[0].driver,driver,0
2025,03072250-77e5-43d5-9844-4550ecd8ae34,$.cars.cars.9.stints[0].laps[0].timestamp,timestamp,1747497674759
2025,03072250-77e5-43d5-9844-4550ecd8ae34,$.cars.cars.9.stints[0].laps[0].car,car,9
2025,03072250-77e5-43d5-9844-4550ecd8ae34,$.cars.cars.9.stints[0].laps[1].lapNumber,lapNumber,2
2025,03072250-77e5-43d5-9844-4550ecd8ae34,$.cars.cars.9.stints[0].laps[1].laptime,laptime,38.6806
2025,03072250-77e5-43d5-9844-4550ecd8ae34,$.cars.cars.9.stints[0].laps[1].driver,driver,0
2025,03072250-77e5-43d5-9844-4550ecd8ae34,$.cars.cars.9.stints[0].laps[1].timestamp,timestamp,1747497753098
2025,03072250-77e5-43d5-9844-4550ecd8ae34,$.cars.cars.9.stints[0].laps[1].car,car,9
2025,03072250-77e5-43d5-9844-4550ecd8ae34,$.cars.cars.9.stints[0].laps[2].lapNumber,lapNumber,3
2025,03072250-77e5-43d5-9844-4550ecd8ae34,$.cars.cars.9.stints[0].laps[2].laptime,laptime,38.6962
2025,03072250-77e5-43d5-9844-4550ecd8ae34,$.cars.cars.9.stints[0].laps[2].driver,driver,0
2025,03072250-77e5-43d5-9844-4550ecd8ae34,$.cars.cars.9.stints[0].laps[2].timestamp,timestamp,1747497791493
2025,03072250-77e5-43d5-9844-4550ecd8ae34,$.cars.cars.9.stints[0].laps[2].car,car,9
2025,03072250-77e5-43d5-9844-4550ecd8ae34,$.cars.cars.9.stints[0].laps[3].lapNumber,lapNumber,4
2025,03072250-77e5-43d5-9844-4550ecd8ae34,$.cars.cars.9.stints[0].laps[3].laptime,laptime,38.6667
2025,03072250-77e5-43d5-9844-4550ecd8ae34,$.cars.cars.9.stints[0].laps[3].driver,driver,0
2025,03072250-77e5-43d5-9844-4550ecd8ae34,$.cars.cars.9.stints[0].laps[3].timestamp,timestamp,1747497829907
2025,03072250-77e5-43d5-9844-4550ecd8ae34,$.cars.cars.9.stints[0].laps[3].car,car,9
2025,03072250-77e5-43d5-9844-4550ecd8ae34,$.cars.cars.9.stints[0].laps[4].lapNumber,lapNumber,5
2025,03072250-77e5-43d5-9844-4550ecd8ae34,$.cars.cars.9.stints[0].laps[4].laptime,laptime,41.1691
2025,03072250-77e5-43d5-9844-4550ecd8ae34,$.cars.cars.9.stints[0].laps[4].driver,driver,0
2025,03072250-77e5-43d5-9844-4550ecd8ae34,$.cars.cars.9.stints[0].laps[4].timestamp,timestamp,1747512463885
2025,03072250-77e5-43d5-9844-4550ecd8ae34,$.cars.cars.9.stints[0].laps[4].car,car,9
2025,03072250-77e5-43d5-9844-4550ecd8ae34,$.cars.cars.9.stints[0].laps[5].lapNumber,lapNumber,6
2025,03072250-77e5-43d5-9844-4550ecd8ae34,$.cars.cars.9.stints[0].laps[5].laptime,laptime,38.7702
2025,03072250-77e5-43d5-9844-4550ecd8ae34,$.cars.cars.9.stints[0].laps[5].driver,driver,0
2025,03072250-77e5-43d5-9844-4550ecd8ae34,$.cars.cars.9.stints[0].laps[5].timestamp,timestamp,1747512503936
2025,03072250-77e5-43d5-9844-4550ecd8ae34,$.cars.cars.9.stints[0].laps[5].car,car,9
2025,03072250-77e5-43d5-9844-4550ecd8ae34,$.cars.cars.9.highestSeenFlagThisLap,highestSeenFlagThisLap,1
2025,03072250-77e5-43d5-9844-4550ecd8ae34,$.cars.cars.10.drivers,drivers,"[{'idx': 0, 'car': '10', 'name': 'Alex Palou'}]"
2025,03072250-77e5-43d5-9844-4550ecd8ae34,$.cars.cars.10.drivers[0].car,car,10
2025,03072250-77e5-43d5-9844-4550ecd8ae34,$.cars.cars.10.currentLap,currentLap,6
2025,03072250-77e5-43d5-9844-4550ecd8ae34,$.cars.cars.10.stints[0].startLap,startLap,1
2025,03072250-77e5-43d5-9844-4550ecd8ae34,$.cars.cars.10.stints[0].startTime,startTime,1747501366528
2025,03072250-77e5-43d5-9844-4550ecd8ae34,$.cars.cars.10.stints[0].car,car,10
2025,03072250-77e5-43d5-9844-4550ecd8ae34,$.cars.cars.10.stints[0].driver,driver,0
2025,03072250-77e5-43d5-9844-4550ecd8ae34,$.cars.cars.10.stints[0].laps,laps,"[{'lapNumber': 1, 'laptime': 40.8961, 'driver': 0, 'flag': 'yellow', 'timestamp': 1747501366569, 'car': '10'}, {'lapNumber': 2, 'laptime': 38.6133, 'driver': 0, 'flag': 'green', 'timestamp': 1747501406578, 'car': '10'}, {'lapNumber': 3, 'laptime': 38.6088, 'driver': 0, 'flag': 'green', 'timestamp': 1747501444888, 'car': '10'}, {'lapNumber': 4, 'laptime': 38.6325, 'driver': 0, 'flag': 'green', 'timestamp': 1747501483213, 'car': '10'}, {'lapNumber': 5, 'laptime': 38.6235, 'driver': 0, 'flag': 'gre..."
2025,03072250-77e5-43d5-9844-4550ecd8ae34,$.cars.cars.10.stints[0].laps[0].lapNumber,lapNumber,1
2025,03072250-77e5-43d5-9844-4550ecd8ae34,$.cars.cars.10.stints[0].laps[0].laptime,laptime,40.8961
2025,03072250-77e5-43d5-9844-4550ecd8ae34,$.cars.cars.10.stints[0].laps[0].driver,driver,0
2025,03072250-77e5-43d5-9844-4550ecd8ae34,$.cars.cars.10.stints[0].laps[0].timestamp,timestamp,1747501366569
2025,03072250-77e5-43d5-9844-4550ecd8ae34,$.cars.cars.10.stints[0].laps[0].car,car,10
2025,03072250-77e5-43d5-9844-4550ecd8ae34,$.cars.cars.10.stints[0].laps[1].lapNumber,lapNumber,2
2025,03072250-77e5-43d5-9844-4550ecd8ae34,$.cars.cars.10.stints[0].laps[1].laptime,laptime,38.6133
2025,03072250-77e5-43d5-9844-4550ecd8ae34,$.cars.cars.10.stints[0].laps[1].driver,driver,0
2025,03072250-77e5-43d5-9844-4550ecd8ae34,$.cars.cars.10.stints[0].laps[1].timestamp,timestamp,1747501406578
2025,03072250-77e5-43d5-9844-4550ecd8ae34,$.cars.cars.10.stints[0].laps[1].car,car,10
2025,03072250-77e5-43d5-9844-4550ecd8ae34,$.cars.cars.10.stints[0].laps[2].lapNumber,lapNumber,3
2025,03072250-77e5-43d5-9844-4550ecd8ae34,$.cars.cars.10.stints[0].laps[2].laptime,laptime,38.6088
2025,03072250-77e5-43d5-9844-4550ecd8ae34,$.cars.cars.10.stints[0].laps[2].driver,driver,0
2025,03072250-77e5-43d5-9844-4550ecd8ae34,$.cars.cars.10.stints[0].laps[2].timestamp,timestamp,1747501444888
2025,03072250-77e5-43d5-9844-4550ecd8ae34,$.cars.cars.10.stints[0].laps[2].car,car,10
2025,03072250-77e5-43d5-9844-4550ecd8ae34,$.cars.cars.10.stints[0].laps[3].lapNumber,lapNumber,4
2025,03072250-77e5-43d5-9844-4550ecd8ae34,$.cars.cars.10.stints[0].laps[3].laptime,laptime,38.6325
2025,03072250-77e5-43d5-9844-4550ecd8ae34,$.cars.cars.10.stints[0].laps[3].driver,driver,0
2025,03072250-77e5-43d5-9844-4550ecd8ae34,$.cars.cars.10.stints[0].laps[3].timestamp,timestamp,1747501483213
2025,03072250-77e5-43d5-9844-4550ecd8ae34,$.cars.cars.10.stints[0].laps[3].car,car,10
2025,03072250-77e5-43d5-9844-4550ecd8ae34,$.cars.cars.10.stints[0].laps[4].lapNumber,lapNumber,5
2025,03072250-77e5-43d5-9844-4550ecd8ae34,$.cars.cars.10.stints[0].laps[4].laptime,laptime,38.6235
2025,03072250-77e5-43d5-9844-4550ecd8ae34,$.cars.cars.10.stints[0].laps[4].driver,driver,0
2025,03072250-77e5-43d5-9844-4550ecd8ae34,$.cars.cars.10.stints[0].laps[4].timestamp,timestamp,1747501521536
2025,03072250-77e5-43d5-9844-4550ecd8ae34,$.cars.cars.10.stints[0].laps[4].car,car,10
2025,03072250-77e5-43d5-9844-4550ecd8ae34,$.cars.cars.10.highestSeenFlagThisLap,highestSeenFlagThisLap,1
2025,03072250-77e5-43d5-9844-4550ecd8ae34,$.cars.cars.12.drivers,drivers,"[{'idx': 0, 'car': '12', 'name': 'Will Power'}]"
2025,03072250-77e5-43d5-9844-4550ecd8ae34,$.cars.cars.12.drivers[0].car,car,12
2025,03072250-77e5-43d5-9844-4550ecd8ae34,$.cars.cars.12.currentLap,currentLap,15
2025,03072250-77e5-43d5-9844-4550ecd8ae34,$.cars.cars.12.stints[0].startLap,startLap,1
2025,03072250-77e5-43d5-9844-4550ecd8ae34,$.cars.cars.12.stints[0].startTime,startTime,1747499645470
2025,03072250-77e5-43d5-9844-4550ecd8ae34,$.cars.cars.12.stints[0].car,car,12
2025,03072250-77e5-43d5-9844-4550ecd8ae34,$.cars.cars.12.stints[0].driver,driver,0
2025,03072250-77e5-43d5-9844-4550ecd8ae34,$.cars.cars.12.stints[0].laps,laps,"[{'lapNumber': 1, 'laptime': 41.1875, 'driver': 0, 'flag': 'yellow', 'timestamp': 1747499645512, 'car': '12'}, {'lapNumber': 2, 'laptime': 38.6933, 'driver': 0, 'flag': 'green', 'timestamp': 1747499723825, 'car': '12'}, {'lapNumber': 3, 'laptime': 38.7225, 'driver': 0, 'flag': 'green', 'timestamp': 1747499762138, 'car': '12'}, {'lapNumber': 4, 'laptime': 39.1554, 'driver': 0, 'flag': 'green', 'timestamp': 1747499800464, 'car': '12'}, {'lapNumber': 5, 'laptime': 41.4574, 'driver': 0, 'flag': 'yel..."
2025,03072250-77e5-43d5-9844-4550ecd8ae34,$.cars.cars.12.stints[0].laps[0].lapNumber,lapNumber,1
2025,03072250-77e5-43d5-9844-4550ecd8ae34,$.cars.cars.12.stints[0].laps[0].laptime,laptime,41.1875
2025,03072250-77e5-43d5-9844-4550ecd8ae34,$.cars.cars.12.stints[0].laps[0].driver,driver,0
2025,03072250-77e5-43d5-9844-4550ecd8ae34,$.cars.cars.12.stints[0].laps[0].timestamp,timestamp,1747499645512
2025,03072250-77e5-43d5-9844-4550ecd8ae34,$.cars.cars.12.stints[0].laps[0].car,car,12
2025,03072250-77e5-43d5-9844-4550ecd8ae34,$.cars.cars.12.stints[0].laps[1].lapNumber,lapNumber,2
2025,03072250-77e5-43d5-9844-4550ecd8ae34,$.cars.cars.12.stints[0].laps[1].laptime,laptime,38.6933
2025,03072250-77e5-43d5-9844-4550ecd8ae34,$.cars.cars.12.stints[0].laps[1].driver,driver,0
2025,03072250-77e5-43d5-9844-4550ecd8ae34,$.cars.cars.12.stints[0].laps[1].timestamp,timestamp,1747499723825
2025,03072250-77e5-43d5-9844-4550ecd8ae34,$.cars.cars.12.stints[0].laps[1].car,car,12
2025,03072250-77e5-43d5-9844-4550ecd8ae34,$.cars.cars.12.stints[0].laps[2].lapNumber,lapNumber,3
2025,03072250-77e5-43d5-9844-4550ecd8ae34,$.cars.cars.12.stints[0].laps[2].laptime,laptime,38.7225
2025,03072250-77e5-43d5-9844-4550ecd8ae34,$.cars.cars.12.stints[0].laps[2].driver,driver,0
2025,03072250-77e5-43d5-9844-4550ecd8ae34,$.cars.cars.12.stints[0].laps[2].timestamp,timestamp,1747499762138
2025,03072250-77e5-43d5-9844-4550ecd8ae34,$.cars.cars.12.stints[0].laps[2].car,car,12
2025,03072250-77e5-43d5-9844-4550ecd8ae34,$.cars.cars.12.stints[0].laps[3].lapNumber,lapNumber,4
2025,03072250-77e5-43d5-9844-4550ecd8ae34,$.cars.cars.12.stints[0].laps[3].laptime,laptime,39.1554
2025,03072250-77e5-43d5-9844-4550ecd8ae34,$.cars.cars.12.stints[0].laps[3].driver,driver,0
2025,03072250-77e5-43d5-9844-4550ecd8ae34,$.cars.cars.12.stints[0].laps[3].timestamp,timestamp,1747499800464
2025,03072250-77e5-43d5-9844-4550ecd8ae34,$.cars.cars.12.stints[0].laps[3].car,car,12
2025,03072250-77e5-43d5-9844-4550ecd8ae34,$.cars.cars.12.stints[0].laps[4].lapNumber,lapNumber,5
2025,03072250-77e5-43d5-9844-4550ecd8ae34,$.cars.cars.12.stints[0].laps[4].laptime,laptime,41.4574
2025,03072250-77e5-43d5-9844-4550ecd8ae34,$.cars.cars.12.stints[0].laps[4].driver,driver,0
2025,03072250-77e5-43d5-9844-4550ecd8ae34,$.cars.cars.12.stints[0].laps[4].timestamp,timestamp,1747508700823
2025,03072250-77e5-43d5-9844-4550ecd8ae34,$.cars.cars.12.stints[0].laps[4].car,car,12
2025,03072250-77e5-43d5-9844-4550ecd8ae34,$.cars.cars.12.stints[0].laps[5].lapNumber,lapNumber,6
2025,03072250-77e5-43d5-9844-4550ecd8ae34,$.cars.cars.12.stints[0].laps[5].laptime,laptime,38.7638
2025,03072250-77e5-43d5-9844-4550ecd8ae34,$.cars.cars.12.stints[0].laps[5].driver,driver,0
2025,03072250-77e5-43d5-9844-4550ecd8ae34,$.cars.cars.12.stints[0].laps[5].timestamp,timestamp,1747508740844
2025,03072250-77e5-43d5-9844-4550ecd8ae34,$.cars.cars.12.stints[0].laps[5].car,car,12
2025,03072250-77e5-43d5-9844-4550ecd8ae34,$.cars.cars.12.stints[0].laps[6].lapNumber,lapNumber,7
2025,03072250-77e5-43d5-9844-4550ecd8ae34,$.cars.cars.12.stints[0].laps[6].laptime,laptime,38.7848
2025,03072250-77e5-43d5-9844-4550ecd8ae34,$.cars.cars.12.stints[0].laps[6].driver,driver,0
2025,03072250-77e5-43d5-9844-4550ecd8ae34,$.cars.cars.12.stints[0].laps[6].timestamp,timestamp,1747508779188
2025,03072250-77e5-43d5-9844-4550ecd8ae34,$.cars.cars.12.stints[0].laps[6].car,car,12
2025,03072250-77e5-43d5-9844-4550ecd8ae34,$.cars.cars.12.stints[0].laps[7].lapNumber,lapNumber,8
2025,03072250-77e5-43d5-9844-4550ecd8ae34,$.cars.cars.12.stints[0].laps[7].laptime,laptime,38.7879
2025,03072250-77e5-43d5-9844-4550ecd8ae34,$.cars.cars.12.stints[0].laps[7].driver,driver,0
2025,03072250-77e5-43d5-9844-4550ecd8ae34,$.cars.cars.12.stints[0].laps[7].timestamp,timestamp,1747508819201
2025,03072250-77e5-43d5-9844-4550ecd8ae34,$.cars.cars.12.stints[0].laps[7].car,car,12
2025,03072250-77e5-43d5-9844-4550ecd8ae34,$.cars.cars.12.stints[0].laps[8].lapNumber,lapNumber,9
2025,03072250-77e5-43d5-9844-4550ecd8ae34,$.cars.cars.12.stints[0].laps[8].laptime,laptime,38.7395
2025,03072250-77e5-43d5-9844-4550ecd8ae34,$.cars.cars.12.stints[0].laps[8].driver,driver,0
2025,03072250-77e5-43d5-9844-4550ecd8ae34,$.cars.cars.12.stints[0].laps[8].timestamp,timestamp,1747508855921
2025,03072250-77e5-43d5-9844-4550ecd8ae34,$.cars.cars.12.stints[0].laps[8].car,car,12
2025,03072250-77e5-43d5-9844-4550ecd8ae34,$.cars.cars.12.stints[0].laps[9].lapNumber,lapNumber,10
2025,03072250-77e5-43d5-9844-4550ecd8ae34,$.cars.cars.12.stints[0].laps[9].laptime,laptime,41.3065
2025,03072250-77e5-43d5-9844-4550ecd8ae34,$.cars.cars.12.stints[0].laps[9].driver,driver,0
2025,03072250-77e5-43d5-9844-4550ecd8ae34,$.cars.cars.12.stints[0].laps[9].timestamp,timestamp,1747516908143
2025,03072250-77e5-43d5-9844-4550ecd8ae34,$.cars.cars.12.stints[0].laps[9].car,car,12
2025,03072250-77e5-43d5-9844-4550ecd8ae34,$.cars.cars.12.stints[0].laps[10].lapNumber,lapNumber,11
2025,03072250-77e5-43d5-9844-4550ecd8ae34,$.cars.cars.12.stints[0].laps[10].laptime,laptime,38.7421
2025,03072250-77e5-43d5-9844-4550ecd8ae34,$.cars.cars.12.stints[0].laps[10].driver,driver,0
2025,03072250-77e5-43d5-9844-4550ecd8ae34,$.cars.cars.12.stints[0].laps[10].timestamp,timestamp,1747516944844
2025,03072250-77e5-43d5-9844-4550ecd8ae34,$.cars.cars.12.stints[0].laps[10].car,car,12
2025,03072250-77e5-43d5-9844-4550ecd8ae34,$.cars.cars.12.stints[0].laps[11].lapNumber,lapNumber,12
2025,03072250-77e5-43d5-9844-4550ecd8ae34,$.cars.cars.12.stints[0].laps[11].laptime,laptime,38.7966
2025,03072250-77e5-43d5-9844-4550ecd8ae34,$.cars.cars.12.stints[0].laps[11].driver,driver,0
2025,03072250-77e5-43d5-9844-4550ecd8ae34,$.cars.cars.12.stints[0].laps[11].timestamp,timestamp,1747516984890
2025,03072250-77e5-43d5-9844-4550ecd8ae34,$.cars.cars.12.stints[0].laps[11].car,car,12
2025,03072250-77e5-43d5-9844-4550ecd8ae34,$.cars.cars.12.stints[0].laps[12].lapNumber,lapNumber,13
2025,03072250-77e5-43d5-9844-4550ecd8ae34,$.cars.cars.12.stints[0].laps[12].laptime,laptime,38.8589
2025,03072250-77e5-43d5-9844-4550ecd8ae34,$.cars.cars.12.stints[0].laps[12].driver,driver,0
2025,03072250-77e5-43d5-9844-4550ecd8ae34,$.cars.cars.12.stints[0].laps[12].timestamp,timestamp,1747517023238
2025,03072250-77e5-43d5-9844-4550ecd8ae34,$.cars.cars.12.stints[0].laps[12].car,car,12
2025,03072250-77e5-43d5-9844-4550ecd8ae34,$.cars.cars.12.stints[0].laps[13].lapNumber,lapNumber,14
2025,03072250-77e5-43d5-9844-4550ecd8ae34,$.cars.cars.12.stints[0].laps[13].laptime,laptime,39.0297
2025,03072250-77e5-43d5-9844-4550ecd8ae34,$.cars.cars.12.stints[0].laps[13].driver,driver,0
2025,03072250-77e5-43d5-9844-4550ecd8ae34,$.cars.cars.12.stints[0].laps[13].timestamp,timestamp,1747517063247
2025,03072250-77e5-43d5-9844-4550ecd8ae34,$.cars.cars.12.stints[0].laps[13].car,car,12
2025,03072250-77e5-43d5-9844-4550ecd8ae34,$.cars.cars.12.highestSeenFlagThisLap,highestSeenFlagThisLap,1
2025,03072250-77e5-43d5-9844-4550ecd8ae34,$.cars.cars.14.drivers,drivers,"[{'idx': 0, 'car': '14', 'name': 'Santino Ferrucci'}]"
2025,03072250-77e5-43d5-9844-4550ecd8ae34,$.cars.cars.14.drivers[0].car,car,14
2025,03072250-77e5-43d5-9844-4550ecd8ae34,$.cars.cars.14.currentLap,currentLap,14
2025,03072250-77e5-43d5-9844-4550ecd8ae34,$.cars.cars.14.stints[0].startLap,startLap,1
2025,03072250-77e5-43d5-9844-4550ecd8ae34,$.cars.cars.14.stints[0].startTime,startTime,1747499380516
2025,03072250-77e5-43d5-9844-4550ecd8ae34,$.cars.cars.14.stints[0].car,car,14
2025,03072250-77e5-43d5-9844-4550ecd8ae34,$.cars.cars.14.stints[0].driver,driver,0
2025,03072250-77e5-43d5-9844-4550ecd8ae34,$.cars.cars.14.stints[0].laps,laps,"[{'lapNumber': 1, 'laptime': 41.5096, 'driver': 0, 'flag': 'yellow', 'timestamp': 1747499380558, 'car': '14'}, {'lapNumber': 2, 'laptime': 38.8551, 'driver': 0, 'flag': 'green', 'timestamp': 1747499420544, 'car': '14'}, {'lapNumber': 3, 'laptime': 39.1399, 'driver': 0, 'flag': 'green', 'timestamp': 1747499458868, 'car': '14'}, {'lapNumber': 4, 'laptime': 38.9947, 'driver': 0, 'flag': 'green', 'timestamp': 1747499497188, 'car': '14'}, {'lapNumber': 5, 'laptime': 38.9647, 'driver': 0, 'flag': 'gre..."
2025,03072250-77e5-43d5-9844-4550ecd8ae34,$.cars.cars.14.stints[0].laps[0].lapNumber,lapNumber,1
2025,03072250-77e5-43d5-9844-4550ecd8ae34,$.cars.cars.14.stints[0].laps[0].laptime,laptime,41.5096
2025,03072250-77e5-43d5-9844-4550ecd8ae34,$.cars.cars.14.stints[0].laps[0].driver,driver,0
2025,03072250-77e5-43d5-9844-4550ecd8ae34,$.cars.cars.14.stints[0].laps[0].timestamp,timestamp,1747499380558
2025,03072250-77e5-43d5-9844-4550ecd8ae34,$.cars.cars.14.stints[0].laps[0].car,car,14
2025,03072250-77e5-43d5-9844-4550ecd8ae34,$.cars.cars.14.stints[0].laps[1].lapNumber,lapNumber,2
2025,03072250-77e5-43d5-9844-4550ecd8ae34,$.cars.cars.14.stints[0].laps[1].laptime,laptime,38.8551
2025,03072250-77e5-43d5-9844-4550ecd8ae34,$.cars.cars.14.stints[0].laps[1].driver,driver,0
2025,03072250-77e5-43d5-9844-4550ecd8ae34,$.cars.cars.14.stints[0].laps[1].timestamp,timestamp,1747499420544
2025,03072250-77e5-43d5-9844-4550ecd8ae34,$.cars.cars.14.stints[0].laps[1].car,car,14
2025,03072250-77e5-43d5-9844-4550ecd8ae34,$.cars.cars.14.stints[0].laps[2].lapNumber,lapNumber,3
2025,03072250-77e5-43d5-9844-4550ecd8ae34,$.cars.cars.14.stints[0].laps[2].laptime,laptime,39.1399
2025,03072250-77e5-43d5-9844-4550ecd8ae34,$.cars.cars.14.stints[0].laps[2].driver,driver,0
2025,03072250-77e5-43d5-9844-4550ecd8ae34,$.cars.cars.14.stints[0].laps[2].timestamp,timestamp,1747499458868
2025,03072250-77e5-43d5-9844-4550ecd8ae34,$.cars.cars.14.stints[0].laps[2].car,car,14
2025,03072250-77e5-43d5-9844-4550ecd8ae34,$.cars.cars.14.stints[0].laps[3].lapNumber,lapNumber,4
2025,03072250-77e5-43d5-9844-4550ecd8ae34,$.cars.cars.14.stints[0].laps[3].laptime,laptime,38.9947
2025,03072250-77e5-43d5-9844-4550ecd8ae34,$.cars.cars.14.stints[0].laps[3].driver,driver,0
2025,03072250-77e5-43d5-9844-4550ecd8ae34,$.cars.cars.14.stints[0].laps[3].timestamp,timestamp,1747499497188
2025,03072250-77e5-43d5-9844-4550ecd8ae34,$.cars.cars.14.stints[0].laps[3].car,car,14
2025,03072250-77e5-43d5-9844-4550ecd8ae34,$.cars.cars.14.stints[0].laps[4].lapNumber,lapNumber,5
2025,03072250-77e5-43d5-9844-4550ecd8ae34,$.cars.cars.14.stints[0].laps[4].laptime,laptime,38.9647
2025,03072250-77e5-43d5-9844-4550ecd8ae34,$.cars.cars.14.stints[0].laps[4].driver,driver,0
2025,03072250-77e5-43d5-9844-4550ecd8ae34,$.cars.cars.14.stints[0].laps[4].timestamp,timestamp,1747499535536
2025,03072250-77e5-43d5-9844-4550ecd8ae34,$.cars.cars.14.stints[0].laps[4].car,car,14
2025,03072250-77e5-43d5-9844-4550ecd8ae34,$.cars.cars.14.stints[0].laps[5].lapNumber,lapNumber,6
2025,03072250-77e5-43d5-9844-4550ecd8ae34,$.cars.cars.14.stints[0].laps[5].laptime,laptime,40.8214
2025,03072250-77e5-43d5-9844-4550ecd8ae34,$.cars.cars.14.stints[0].laps[5].driver,driver,0
2025,03072250-77e5-43d5-9844-4550ecd8ae34,$.cars.cars.14.stints[0].laps[5].timestamp,timestamp,1747509853554
2025,03072250-77e5-43d5-9844-4550ecd8ae34,$.cars.cars.14.stints[0].laps[5].car,car,14
2025,03072250-77e5-43d5-9844-4550ecd8ae34,$.cars.cars.14.stints[0].laps[6].lapNumber,lapNumber,7
2025,03072250-77e5-43d5-9844-4550ecd8ae34,$.cars.cars.14.stints[0].laps[6].laptime,laptime,38.8371
2025,03072250-77e5-43d5-9844-4550ecd8ae34,$.cars.cars.14.stints[0].laps[6].driver,driver,0
2025,03072250-77e5-43d5-9844-4550ecd8ae34,$.cars.cars.14.stints[0].laps[6].timestamp,timestamp,1747509891900
2025,03072250-77e5-43d5-9844-4550ecd8ae34,$.cars.cars.14.stints[0].laps[6].car,car,14
2025,03072250-77e5-43d5-9844-4550ecd8ae34,$.cars.cars.14.stints[0].laps[7].lapNumber,lapNumber,8
2025,03072250-77e5-43d5-9844-4550ecd8ae34,$.cars.cars.14.stints[0].laps[7].laptime,laptime,38.8373
2025,03072250-77e5-43d5-9844-4550ecd8ae34,$.cars.cars.14.stints[0].laps[7].driver,driver,0
2025,03072250-77e5-43d5-9844-4550ecd8ae34,$.cars.cars.14.stints[0].laps[7].timestamp,timestamp,1747509930258
2025,03072250-77e5-43d5-9844-4550ecd8ae34,$.cars.cars.14.stints[0].laps[7].car,car,14
2025,03072250-77e5-43d5-9844-4550ecd8ae34,$.cars.cars.14.stints[0].laps[8].lapNumber,lapNumber,9
2025,03072250-77e5-43d5-9844-4550ecd8ae34,$.cars.cars.14.stints[0].laps[8].laptime,laptime,38.8351
2025,03072250-77e5-43d5-9844-4550ecd8ae34,$.cars.cars.14.stints[0].laps[8].driver,driver,0
2025,03072250-77e5-43d5-9844-4550ecd8ae34,$.cars.cars.14.stints[0].laps[8].timestamp,timestamp,1747509970298
2025,03072250-77e5-43d5-9844-4550ecd8ae34,$.cars.cars.14.stints[0].laps[8].car,car,14
2025,03072250-77e5-43d5-9844-4550ecd8ae34,$.cars.cars.14.stints[0].laps[9].lapNumber,lapNumber,10
2025,03072250-77e5-43d5-9844-4550ecd8ae34,$.cars.cars.14.stints[0].laps[9].laptime,laptime,38.9358
2025,03072250-77e5-43d5-9844-4550ecd8ae34,$.cars.cars.14.stints[0].laps[9].driver,driver,0
2025,03072250-77e5-43d5-9844-4550ecd8ae34,$.cars.cars.14.stints[0].laps[9].timestamp,timestamp,1747510008659
2025,03072250-77e5-43d5-9844-4550ecd8ae34,$.cars.cars.14.stints[0].laps[9].car,car,14
2025,03072250-77e5-43d5-9844-4550ecd8ae34,$.cars.cars.14.stints[0].laps[10].lapNumber,lapNumber,11
2025,03072250-77e5-43d5-9844-4550ecd8ae34,$.cars.cars.14.stints[0].laps[10].laptime,laptime,40.6199
2025,03072250-77e5-43d5-9844-4550ecd8ae34,$.cars.cars.14.stints[0].laps[10].driver,driver,0
2025,03072250-77e5-43d5-9844-4550ecd8ae34,$.cars.cars.14.stints[0].laps[10].timestamp,timestamp,1747517170022
2025,03072250-77e5-43d5-9844-4550ecd8ae34,$.cars.cars.14.stints[0].laps[10].car,car,14
2025,03072250-77e5-43d5-9844-4550ecd8ae34,$.cars.cars.14.stints[0].laps[11].lapNumber,lapNumber,12
2025,03072250-77e5-43d5-9844-4550ecd8ae34,$.cars.cars.14.stints[0].laps[11].laptime,laptime,38.7043
2025,03072250-77e5-43d5-9844-4550ecd8ae34,$.cars.cars.14.stints[0].laps[11].driver,driver,0
2025,03072250-77e5-43d5-9844-4550ecd8ae34,$.cars.cars.14.stints[0].laps[11].timestamp,timestamp,1747517210053
2025,03072250-77e5-43d5-9844-4550ecd8ae34,$.cars.cars.14.stints[0].laps[11].car,car,14
2025,03072250-77e5-43d5-9844-4550ecd8ae34,$.cars.cars.14.stints[0].laps[12].lapNumber,lapNumber,13
2025,03072250-77e5-43d5-9844-4550ecd8ae34,$.cars.cars.14.stints[0].laps[12].laptime,laptime,39.4455
2025,03072250-77e5-43d5-9844-4550ecd8ae34,$.cars.cars.14.stints[0].laps[12].driver,driver,0
2025,03072250-77e5-43d5-9844-4550ecd8ae34,$.cars.cars.14.stints[0].laps[12].timestamp,timestamp,1747517248443
2025,03072250-77e5-43d5-9844-4550ecd8ae34,$.cars.cars.14.stints[0].laps[12].car,car,14
2025,03072250-77e5-43d5-9844-4550ecd8ae34,$.cars.cars.14.highestSeenFlagThisLap,highestSeenFlagThisLap,1
2025,03072250-77e5-43d5-9844-4550ecd8ae34,$.cars.cars.15.drivers,drivers,"[{'idx': 0, 'car': '15', 'name': 'Graham Rahal'}]"
2025,03072250-77e5-43d5-9844-4550ecd8ae34,$.cars.cars.15.drivers[0].car,car,15
2025,03072250-77e5-43d5-9844-4550ecd8ae34,$.cars.cars.15.currentLap,currentLap,10
2025,03072250-77e5-43d5-9844-4550ecd8ae34,$.cars.cars.15.stints[0].startLap,startLap,1
2025,03072250-77e5-43d5-9844-4550ecd8ae34,$.cars.cars.15.stints[0].startTime,startTime,1747496577486
2025,03072250-77e5-43d5-9844-4550ecd8ae34,$.cars.cars.15.stints[0].car,car,15
2025,03072250-77e5-43d5-9844-4550ecd8ae34,$.cars.cars.15.stints[0].driver,driver,0
2025,03072250-77e5-43d5-9844-4550ecd8ae34,$.cars.cars.15.stints[0].laps,laps,"[{'lapNumber': 1, 'laptime': 41.465, 'driver': 0, 'flag': 'yellow', 'timestamp': 1747496577528, 'car': '15'}, {'lapNumber': 2, 'laptime': 39.1342, 'driver': 0, 'flag': 'green', 'timestamp': 1747496616044, 'car': '15'}, {'lapNumber': 3, 'laptime': 39.1119, 'driver': 0, 'flag': 'green', 'timestamp': 1747496656044, 'car': '15'}, {'lapNumber': 4, 'laptime': 39.5575, 'driver': 0, 'flag': 'green', 'timestamp': 1747496694467, 'car': '15'}, {'lapNumber': 5, 'laptime': 39.6174, 'driver': 0, 'flag': 'gree..."
2025,03072250-77e5-43d5-9844-4550ecd8ae34,$.cars.cars.15.stints[0].laps[0].lapNumber,lapNumber,1
2025,03072250-77e5-43d5-9844-4550ecd8ae34,$.cars.cars.15.stints[0].laps[0].laptime,laptime,41.465
2025,03072250-77e5-43d5-9844-4550ecd8ae34,$.cars.cars.15.stints[0].laps[0].driver,driver,0
2025,03072250-77e5-43d5-9844-4550ecd8ae34,$.cars.cars.15.stints[0].laps[0].timestamp,timestamp,1747496577528
2025,03072250-77e5-43d5-9844-4550ecd8ae34,$.cars.cars.15.stints[0].laps[0].car,car,15
2025,03072250-77e5-43d5-9844-4550ecd8ae34,$.cars.cars.15.stints[0].laps[1].lapNumber,lapNumber,2
2025,03072250-77e5-43d5-9844-4550ecd8ae34,$.cars.cars.15.stints[0].laps[1].laptime,laptime,39.1342
2025,03072250-77e5-43d5-9844-4550ecd8ae34,$.cars.cars.15.stints[0].laps[1].driver,driver,0
2025,03072250-77e5-43d5-9844-4550ecd8ae34,$.cars.cars.15.stints[0].laps[1].timestamp,timestamp,1747496616044
2025,03072250-77e5-43d5-9844-4550ecd8ae34,$.cars.cars.15.stints[0].laps[1].car,car,15
2025,03072250-77e5-43d5-9844-4550ecd8ae34,$.cars.cars.15.stints[0].laps[2].lapNumber,lapNumber,3
2025,03072250-77e5-43d5-9844-4550ecd8ae34,$.cars.cars.15.stints[0].laps[2].laptime,laptime,39.1119
2025,03072250-77e5-43d5-9844-4550ecd8ae34,$.cars.cars.15.stints[0].laps[2].driver,driver,0
2025,03072250-77e5-43d5-9844-4550ecd8ae34,$.cars.cars.15.stints[0].laps[2].timestamp,timestamp,1747496656044
2025,03072250-77e5-43d5-9844-4550ecd8ae34,$.cars.cars.15.stints[0].laps[2].car,car,15
2025,03072250-77e5-43d5-9844-4550ecd8ae34,$.cars.cars.15.stints[0].laps[3].lapNumber,lapNumber,4
2025,03072250-77e5-43d5-9844-4550ecd8ae34,$.cars.cars.15.stints[0].laps[3].laptime,laptime,39.5575
2025,03072250-77e5-43d5-9844-4550ecd8ae34,$.cars.cars.15.stints[0].laps[3].driver,driver,0
2025,03072250-77e5-43d5-9844-4550ecd8ae34,$.cars.cars.15.stints[0].laps[3].timestamp,timestamp,1747496694467
2025,03072250-77e5-43d5-9844-4550ecd8ae34,$.cars.cars.15.stints[0].laps[3].car,car,15
2025,03072250-77e5-43d5-9844-4550ecd8ae34,$.cars.cars.15.stints[0].laps[4].lapNumber,lapNumber,5
2025,03072250-77e5-43d5-9844-4550ecd8ae34,$.cars.cars.15.stints[0].laps[4].laptime,laptime,39.6174
2025,03072250-77e5-43d5-9844-4550ecd8ae34,$.cars.cars.15.stints[0].laps[4].driver,driver,0
2025,03072250-77e5-43d5-9844-4550ecd8ae34,$.cars.cars.15.stints[0].laps[4].timestamp,timestamp,1747496734438
2025,03072250-77e5-43d5-9844-4550ecd8ae34,$.cars.cars.15.stints[0].laps[4].car,car,15
2025,03072250-77e5-43d5-9844-4550ecd8ae34,$.cars.cars.15.stints[0].laps[5].lapNumber,lapNumber,6
2025,03072250-77e5-43d5-9844-4550ecd8ae34,$.cars.cars.15.stints[0].laps[5].laptime,laptime,41.2517
2025,03072250-77e5-43d5-9844-4550ecd8ae34,$.cars.cars.15.stints[0].laps[5].driver,driver,0
2025,03072250-77e5-43d5-9844-4550ecd8ae34,$.cars.cars.15.stints[0].laps[5].timestamp,timestamp,1747510123742
2025,03072250-77e5-43d5-9844-4550ecd8ae34,$.cars.cars.15.stints[0].laps[5].car,car,15
2025,03072250-77e5-43d5-9844-4550ecd8ae34,$.cars.cars.15.stints[0].laps[6].lapNumber,lapNumber,7
2025,03072250-77e5-43d5-9844-4550ecd8ae34,$.cars.cars.15.stints[0].laps[6].laptime,laptime,39.1385
2025,03072250-77e5-43d5-9844-4550ecd8ae34,$.cars.cars.15.stints[0].laps[6].driver,driver,0
2025,03072250-77e5-43d5-9844-4550ecd8ae34,$.cars.cars.15.stints[0].laps[6].timestamp,timestamp,1747510202179
2025,03072250-77e5-43d5-9844-4550ecd8ae34,$.cars.cars.15.stints[0].laps[6].car,car,15
2025,03072250-77e5-43d5-9844-4550ecd8ae34,$.cars.cars.15.stints[0].laps[7].lapNumber,lapNumber,8
2025,03072250-77e5-43d5-9844-4550ecd8ae34,$.cars.cars.15.stints[0].laps[7].laptime,laptime,39.2382
2025,03072250-77e5-43d5-9844-4550ecd8ae34,$.cars.cars.15.stints[0].laps[7].driver,driver,0
2025,03072250-77e5-43d5-9844-4550ecd8ae34,$.cars.cars.15.stints[0].laps[7].timestamp,timestamp,1747510242245
2025,03072250-77e5-43d5-9844-4550ecd8ae34,$.cars.cars.15.stints[0].laps[7].car,car,15
2025,03072250-77e5-43d5-9844-4550ecd8ae34,$.cars.cars.15.stints[0].laps[8].lapNumber,lapNumber,9
2025,03072250-77e5-43d5-9844-4550ecd8ae34,$.cars.cars.15.stints[0].laps[8].laptime,laptime,39.2083
2025,03072250-77e5-43d5-9844-4550ecd8ae34,$.cars.cars.15.stints[0].laps[8].driver,driver,0
2025,03072250-77e5-43d5-9844-4550ecd8ae34,$.cars.cars.15.stints[0].laps[8].timestamp,timestamp,1747510280605
2025,03072250-77e5-43d5-9844-4550ecd8ae34,$.cars.cars.15.stints[0].laps[8].car,car,15
2025,03072250-77e5-43d5-9844-4550ecd8ae34,$.cars.cars.15.highestSeenFlagThisLap,highestSeenFlagThisLap,1
2025,03072250-77e5-43d5-9844-4550ecd8ae34,$.cars.cars.17.drivers,drivers,"[{'idx': 0, 'car': '17', 'name': 'Kyle Larson'}]"
2025,03072250-77e5-43d5-9844-4550ecd8ae34,$.cars.cars.17.drivers[0].car,car,17
2025,03072250-77e5-43d5-9844-4550ecd8ae34,$.cars.cars.17.currentLap,currentLap,11
2025,03072250-77e5-43d5-9844-4550ecd8ae34,$.cars.cars.17.stints[0].startLap,startLap,1
2025,03072250-77e5-43d5-9844-4550ecd8ae34,$.cars.cars.17.stints[0].startTime,startTime,1747499927066
2025,03072250-77e5-43d5-9844-4550ecd8ae34,$.cars.cars.17.stints[0].car,car,17
2025,03072250-77e5-43d5-9844-4550ecd8ae34,$.cars.cars.17.stints[0].driver,driver,0
2025,03072250-77e5-43d5-9844-4550ecd8ae34,$.cars.cars.17.stints[0].laps,laps,"[{'lapNumber': 1, 'laptime': 41.9277, 'driver': 0, 'flag': 'yellow', 'timestamp': 1747499927108, 'car': '17'}, {'lapNumber': 2, 'laptime': 39.0386, 'driver': 0, 'flag': 'green', 'timestamp': 1747499967091, 'car': '17'}, {'lapNumber': 3, 'laptime': 39.0349, 'driver': 0, 'flag': 'green', 'timestamp': 1747500005429, 'car': '17'}, {'lapNumber': 4, 'laptime': 39.1709, 'driver': 0, 'flag': 'green', 'timestamp': 1747500045409, 'car': '17'}, {'lapNumber': 5, 'laptime': 39.2411, 'driver': 0, 'flag': 'gre..."
2025,03072250-77e5-43d5-9844-4550ecd8ae34,$.cars.cars.17.stints[0].laps[0].lapNumber,lapNumber,1
2025,03072250-77e5-43d5-9844-4550ecd8ae34,$.cars.cars.17.stints[0].laps[0].laptime,laptime,41.9277
2025,03072250-77e5-43d5-9844-4550ecd8ae34,$.cars.cars.17.stints[0].laps[0].driver,driver,0
2025,03072250-77e5-43d5-9844-4550ecd8ae34,$.cars.cars.17.stints[0].laps[0].timestamp,timestamp,1747499927108
2025,03072250-77e5-43d5-9844-4550ecd8ae34,$.cars.cars.17.stints[0].laps[0].car,car,17
2025,03072250-77e5-43d5-9844-4550ecd8ae34,$.cars.cars.17.stints[0].laps[1].lapNumber,lapNumber,2
2025,03072250-77e5-43d5-9844-4550ecd8ae34,$.cars.cars.17.stints[0].laps[1].laptime,laptime,39.0386
2025,03072250-77e5-43d5-9844-4550ecd8ae34,$.cars.cars.17.stints[0].laps[1].driver,driver,0
2025,03072250-77e5-43d5-9844-4550ecd8ae34,$.cars.cars.17.stints[0].laps[1].timestamp,timestamp,1747499967091
2025,03072250-77e5-43d5-9844-4550ecd8ae34,$.cars.cars.17.stints[0].laps[1].car,car,17
2025,03072250-77e5-43d5-9844-4550ecd8ae34,$.cars.cars.17.stints[0].laps[2].lapNumber,lapNumber,3
2025,03072250-77e5-43d5-9844-4550ecd8ae34,$.cars.cars.17.stints[0].laps[2].laptime,laptime,39.0349
2025,03072250-77e5-43d5-9844-4550ecd8ae34,$.cars.cars.17.stints[0].laps[2].driver,driver,0
2025,03072250-77e5-43d5-9844-4550ecd8ae34,$.cars.cars.17.stints[0].laps[2].timestamp,timestamp,1747500005429
2025,03072250-77e5-43d5-9844-4550ecd8ae34,$.cars.cars.17.stints[0].laps[2].car,car,17
2025,03072250-77e5-43d5-9844-4550ecd8ae34,$.cars.cars.17.stints[0].laps[3].lapNumber,lapNumber,4
2025,03072250-77e5-43d5-9844-4550ecd8ae34,$.cars.cars.17.stints[0].laps[3].laptime,laptime,39.1709
2025,03072250-77e5-43d5-9844-4550ecd8ae34,$.cars.cars.17.stints[0].laps[3].driver,driver,0
2025,03072250-77e5-43d5-9844-4550ecd8ae34,$.cars.cars.17.stints[0].laps[3].timestamp,timestamp,1747500045409
2025,03072250-77e5-43d5-9844-4550ecd8ae34,$.cars.cars.17.stints[0].laps[3].car,car,17
2025,03072250-77e5-43d5-9844-4550ecd8ae34,$.cars.cars.17.stints[0].laps[4].lapNumber,lapNumber,5
2025,03072250-77e5-43d5-9844-4550ecd8ae34,$.cars.cars.17.stints[0].laps[4].laptime,laptime,39.2411
2025,03072250-77e5-43d5-9844-4550ecd8ae34,$.cars.cars.17.stints[0].laps[4].driver,driver,0
2025,03072250-77e5-43d5-9844-4550ecd8ae34,$.cars.cars.17.stints[0].laps[4].timestamp,timestamp,1747500083746
2025,03072250-77e5-43d5-9844-4550ecd8ae34,$.cars.cars.17.stints[0].laps[4].car,car,17
2025,03072250-77e5-43d5-9844-4550ecd8ae34,$.cars.cars.17.stints[0].laps[5].lapNumber,lapNumber,6
2025,03072250-77e5-43d5-9844-4550ecd8ae34,$.cars.cars.17.stints[0].laps[5].laptime,laptime,41.6206
2025,03072250-77e5-43d5-9844-4550ecd8ae34,$.cars.cars.17.stints[0].laps[5].driver,driver,0
2025,03072250-77e5-43d5-9844-4550ecd8ae34,$.cars.cars.17.stints[0].laps[5].timestamp,timestamp,1747509231317
2025,03072250-77e5-43d5-9844-4550ecd8ae34,$.cars.cars.17.stints[0].laps[5].car,car,17
2025,03072250-77e5-43d5-9844-4550ecd8ae34,$.cars.cars.17.stints[0].laps[6].lapNumber,lapNumber,7
2025,03072250-77e5-43d5-9844-4550ecd8ae34,$.cars.cars.17.stints[0].laps[6].laptime,laptime,38.8021
2025,03072250-77e5-43d5-9844-4550ecd8ae34,$.cars.cars.17.stints[0].laps[6].driver,driver,0
2025,03072250-77e5-43d5-9844-4550ecd8ae34,$.cars.cars.17.stints[0].laps[6].timestamp,timestamp,1747509269666
2025,03072250-77e5-43d5-9844-4550ecd8ae34,$.cars.cars.17.stints[0].laps[6].car,car,17
2025,03072250-77e5-43d5-9844-4550ecd8ae34,$.cars.cars.17.stints[0].laps[7].lapNumber,lapNumber,8
2025,03072250-77e5-43d5-9844-4550ecd8ae34,$.cars.cars.17.stints[0].laps[7].laptime,laptime,38.8883
2025,03072250-77e5-43d5-9844-4550ecd8ae34,$.cars.cars.17.stints[0].laps[7].driver,driver,0
2025,03072250-77e5-43d5-9844-4550ecd8ae34,$.cars.cars.17.stints[0].laps[7].timestamp,timestamp,1747509308051
2025,03072250-77e5-43d5-9844-4550ecd8ae34,$.cars.cars.17.stints[0].laps[7].car,car,17
2025,03072250-77e5-43d5-9844-4550ecd8ae34,$.cars.cars.17.stints[0].laps[8].lapNumber,lapNumber,9
2025,03072250-77e5-43d5-9844-4550ecd8ae34,$.cars.cars.17.stints[0].laps[8].laptime,laptime,38.9354
2025,03072250-77e5-43d5-9844-4550ecd8ae34,$.cars.cars.17.stints[0].laps[8].driver,driver,0
2025,03072250-77e5-43d5-9844-4550ecd8ae34,$.cars.cars.17.stints[0].laps[8].timestamp,timestamp,1747509348067
2025,03072250-77e5-43d5-9844-4550ecd8ae34,$.cars.cars.17.stints[0].laps[8].car,car,17
2025,03072250-77e5-43d5-9844-4550ecd8ae34,$.cars.cars.17.stints[0].laps[9].lapNumber,lapNumber,10
2025,03072250-77e5-43d5-9844-4550ecd8ae34,$.cars.cars.17.stints[0].laps[9].laptime,laptime,38.9984
2025,03072250-77e5-43d5-9844-4550ecd8ae34,$.cars.cars.17.stints[0].laps[9].driver,driver,0
2025,03072250-77e5-43d5-9844-4550ecd8ae34,$.cars.cars.17.stints[0].laps[9].timestamp,timestamp,1747509386436
2025,03072250-77e5-43d5-9844-4550ecd8ae34,$.cars.cars.17.stints[0].laps[9].car,car,17
2025,03072250-77e5-43d5-9844-4550ecd8ae34,$.cars.cars.17.highestSeenFlagThisLap,highestSeenFlagThisLap,1
2025,03072250-77e5-43d5-9844-4550ecd8ae34,$.cars.cars.18.drivers,drivers,"[{'idx': 0, 'car': '18', 'name': 'Rinus Veekay'}]"
2025,03072250-77e5-43d5-9844-4550ecd8ae34,$.cars.cars.18.drivers[0].car,car,18
2025,03072250-77e5-43d5-9844-4550ecd8ae34,$.cars.cars.18.currentLap,currentLap,15
2025,03072250-77e5-43d5-9844-4550ecd8ae34,$.cars.cars.18.stints[0].startLap,startLap,1
2025,03072250-77e5-43d5-9844-4550ecd8ae34,$.cars.cars.18.stints[0].startTime,startTime,1747503636496
2025,03072250-77e5-43d5-9844-4550ecd8ae34,$.cars.cars.18.stints[0].car,car,18
2025,03072250-77e5-43d5-9844-4550ecd8ae34,$.cars.cars.18.stints[0].driver,driver,0
2025,03072250-77e5-43d5-9844-4550ecd8ae34,$.cars.cars.18.stints[0].laps,laps,"[{'lapNumber': 1, 'laptime': 41.9963, 'driver': 0, 'flag': 'yellow', 'timestamp': 1747503636538, 'car': '18'}, {'lapNumber': 2, 'laptime': 39.2308, 'driver': 0, 'flag': 'green', 'timestamp': 1747503675054, 'car': '18'}, {'lapNumber': 3, 'laptime': 39.2621, 'driver': 0, 'flag': 'green', 'timestamp': 1747503715079, 'car': '18'}, {'lapNumber': 4, 'laptime': 39.2902, 'driver': 0, 'flag': 'green', 'timestamp': 1747503755128, 'car': '18'}, {'lapNumber': 5, 'laptime': 39.266, 'driver': 0, 'flag': 'gree..."
2025,03072250-77e5-43d5-9844-4550ecd8ae34,$.cars.cars.18.stints[0].laps[0].lapNumber,lapNumber,1
2025,03072250-77e5-43d5-9844-4550ecd8ae34,$.cars.cars.18.stints[0].laps[0].laptime,laptime,41.9963
2025,03072250-77e5-43d5-9844-4550ecd8ae34,$.cars.cars.18.stints[0].laps[0].driver,driver,0
2025,03072250-77e5-43d5-9844-4550ecd8ae34,$.cars.cars.18.stints[0].laps[0].timestamp,timestamp,1747503636538
2025,03072250-77e5-43d5-9844-4550ecd8ae34,$.cars.cars.18.stints[0].laps[0].car,car,18
2025,03072250-77e5-43d5-9844-4550ecd8ae34,$.cars.cars.18.stints[0].laps[1].lapNumber,lapNumber,2
2025,03072250-77e5-43d5-9844-4550ecd8ae34,$.cars.cars.18.stints[0].laps[1].laptime,laptime,39.2308
2025,03072250-77e5-43d5-9844-4550ecd8ae34,$.cars.cars.18.stints[0].laps[1].driver,driver,0
2025,03072250-77e5-43d5-9844-4550ecd8ae34,$.cars.cars.18.stints[0].laps[1].timestamp,timestamp,1747503675054
2025,03072250-77e5-43d5-9844-4550ecd8ae34,$.cars.cars.18.stints[0].laps[1].car,car,18
2025,03072250-77e5-43d5-9844-4550ecd8ae34,$.cars.cars.18.stints[0].laps[2].lapNumber,lapNumber,3
2025,03072250-77e5-43d5-9844-4550ecd8ae34,$.cars.cars.18.stints[0].laps[2].laptime,laptime,39.2621
2025,03072250-77e5-43d5-9844-4550ecd8ae34,$.cars.cars.18.stints[0].laps[2].driver,driver,0
2025,03072250-77e5-43d5-9844-4550ecd8ae34,$.cars.cars.18.stints[0].laps[2].timestamp,timestamp,1747503715079
2025,03072250-77e5-43d5-9844-4550ecd8ae34,$.cars.cars.18.stints[0].laps[2].car,car,18
2025,03072250-77e5-43d5-9844-4550ecd8ae34,$.cars.cars.18.stints[0].laps[3].lapNumber,lapNumber,4
2025,03072250-77e5-43d5-9844-4550ecd8ae34,$.cars.cars.18.stints[0].laps[3].laptime,laptime,39.2902
2025,03072250-77e5-43d5-9844-4550ecd8ae34,$.cars.cars.18.stints[0].laps[3].driver,driver,0
2025,03072250-77e5-43d5-9844-4550ecd8ae34,$.cars.cars.18.stints[0].laps[3].timestamp,timestamp,1747503755128
2025,03072250-77e5-43d5-9844-4550ecd8ae34,$.cars.cars.18.stints[0].laps[3].car,car,18
2025,03072250-77e5-43d5-9844-4550ecd8ae34,$.cars.cars.18.stints[0].laps[4].lapNumber,lapNumber,5
2025,03072250-77e5-43d5-9844-4550ecd8ae34,$.cars.cars.18.stints[0].laps[4].laptime,laptime,39.266
2025,03072250-77e5-43d5-9844-4550ecd8ae34,$.cars.cars.18.stints[0].laps[4].driver,driver,0
2025,03072250-77e5-43d5-9844-4550ecd8ae34,$.cars.cars.18.stints[0].laps[4].timestamp,timestamp,1747503793500
2025,03072250-77e5-43d5-9844-4550ecd8ae34,$.cars.cars.18.stints[0].laps[4].car,car,18
2025,03072250-77e5-43d5-9844-4550ecd8ae34,$.cars.cars.18.stints[0].laps[5].lapNumber,lapNumber,6
2025,03072250-77e5-43d5-9844-4550ecd8ae34,$.cars.cars.18.stints[0].laps[5].laptime,laptime,40.8288
2025,03072250-77e5-43d5-9844-4550ecd8ae34,$.cars.cars.18.stints[0].laps[5].driver,driver,0
2025,03072250-77e5-43d5-9844-4550ecd8ae34,$.cars.cars.18.stints[0].laps[5].timestamp,timestamp,1747513404813
2025,03072250-77e5-43d5-9844-4550ecd8ae34,$.cars.cars.18.stints[0].laps[5].car,car,18
2025,03072250-77e5-43d5-9844-4550ecd8ae34,$.cars.cars.18.stints[0].laps[6].lapNumber,lapNumber,7
2025,03072250-77e5-43d5-9844-4550ecd8ae34,$.cars.cars.18.stints[0].laps[6].laptime,laptime,39.1007
2025,03072250-77e5-43d5-9844-4550ecd8ae34,$.cars.cars.18.stints[0].laps[6].driver,driver,0
2025,03072250-77e5-43d5-9844-4550ecd8ae34,$.cars.cars.18.stints[0].laps[6].timestamp,timestamp,1747513443159
2025,03072250-77e5-43d5-9844-4550ecd8ae34,$.cars.cars.18.stints[0].laps[6].car,car,18
2025,03072250-77e5-43d5-9844-4550ecd8ae34,$.cars.cars.18.stints[0].laps[7].lapNumber,lapNumber,8
2025,03072250-77e5-43d5-9844-4550ecd8ae34,$.cars.cars.18.stints[0].laps[7].laptime,laptime,39.0825
2025,03072250-77e5-43d5-9844-4550ecd8ae34,$.cars.cars.18.stints[0].laps[7].driver,driver,0
2025,03072250-77e5-43d5-9844-4550ecd8ae34,$.cars.cars.18.stints[0].laps[7].timestamp,timestamp,1747513483185
2025,03072250-77e5-43d5-9844-4550ecd8ae34,$.cars.cars.18.stints[0].laps[7].car,car,18
2025,03072250-77e5-43d5-9844-4550ecd8ae34,$.cars.cars.18.stints[0].laps[8].lapNumber,lapNumber,9
2025,03072250-77e5-43d5-9844-4550ecd8ae34,$.cars.cars.18.stints[0].laps[8].laptime,laptime,39.1754
2025,03072250-77e5-43d5-9844-4550ecd8ae34,$.cars.cars.18.stints[0].laps[8].driver,driver,0
2025,03072250-77e5-43d5-9844-4550ecd8ae34,$.cars.cars.18.stints[0].laps[8].timestamp,timestamp,1747513521545
2025,03072250-77e5-43d5-9844-4550ecd8ae34,$.cars.cars.18.stints[0].laps[8].car,car,18
2025,03072250-77e5-43d5-9844-4550ecd8ae34,$.cars.cars.18.stints[0].laps[9].lapNumber,lapNumber,10
2025,03072250-77e5-43d5-9844-4550ecd8ae34,$.cars.cars.18.stints[0].laps[9].laptime,laptime,39.4915
2025,03072250-77e5-43d5-9844-4550ecd8ae34,$.cars.cars.18.stints[0].laps[9].driver,driver,0
2025,03072250-77e5-43d5-9844-4550ecd8ae34,$.cars.cars.18.stints[0].laps[9].timestamp,timestamp,1747513561546
2025,03072250-77e5-43d5-9844-4550ecd8ae34,$.cars.cars.18.stints[0].laps[9].car,car,18
2025,03072250-77e5-43d5-9844-4550ecd8ae34,$.cars.cars.18.stints[0].laps[10].lapNumber,lapNumber,11
2025,03072250-77e5-43d5-9844-4550ecd8ae34,$.cars.cars.18.stints[0].laps[10].laptime,laptime,41.2601
2025,03072250-77e5-43d5-9844-4550ecd8ae34,$.cars.cars.18.stints[0].laps[10].driver,driver,0
2025,03072250-77e5-43d5-9844-4550ecd8ae34,$.cars.cars.18.stints[0].laps[10].timestamp,timestamp,1747517947432
2025,03072250-77e5-43d5-9844-4550ecd8ae34,$.cars.cars.18.stints[0].laps[10].car,car,18
2025,03072250-77e5-43d5-9844-4550ecd8ae34,$.cars.cars.18.stints[0].laps[11].lapNumber,lapNumber,12
2025,03072250-77e5-43d5-9844-4550ecd8ae34,$.cars.cars.18.stints[0].laps[11].laptime,laptime,39.184
2025,03072250-77e5-43d5-9844-4550ecd8ae34,$.cars.cars.18.stints[0].laps[11].driver,driver,0
2025,03072250-77e5-43d5-9844-4550ecd8ae34,$.cars.cars.18.stints[0].laps[11].timestamp,timestamp,1747517985975
2025,03072250-77e5-43d5-9844-4550ecd8ae34,$.cars.cars.18.stints[0].laps[11].car,car,18
2025,03072250-77e5-43d5-9844-4550ecd8ae34,$.cars.cars.18.stints[0].laps[12].lapNumber,lapNumber,13
2025,03072250-77e5-43d5-9844-4550ecd8ae34,$.cars.cars.18.stints[0].laps[12].laptime,laptime,39.2878
2025,03072250-77e5-43d5-9844-4550ecd8ae34,$.cars.cars.18.stints[0].laps[12].driver,driver,0
2025,03072250-77e5-43d5-9844-4550ecd8ae34,$.cars.cars.18.stints[0].laps[12].timestamp,timestamp,1747518026032
2025,03072250-77e5-43d5-9844-4550ecd8ae34,$.cars.cars.18.stints[0].laps[12].car,car,18
2025,03072250-77e5-43d5-9844-4550ecd8ae34,$.cars.cars.18.stints[0].laps[13].lapNumber,lapNumber,14
2025,03072250-77e5-43d5-9844-4550ecd8ae34,$.cars.cars.18.stints[0].laps[13].laptime,laptime,39.3557
2025,03072250-77e5-43d5-9844-4550ecd8ae34,$.cars.cars.18.stints[0].laps[13].driver,driver,0
2025,03072250-77e5-43d5-9844-4550ecd8ae34,$.cars.cars.18.stints[0].laps[13].timestamp,timestamp,1747518066062
2025,03072250-77e5-43d5-9844-4550ecd8ae34,$.cars.cars.18.stints[0].laps[13].car,car,18
2025,03072250-77e5-43d5-9844-4550ecd8ae34,$.cars.cars.18.highestSeenFlagThisLap,highestSeenFlagThisLap,1
2025,03072250-77e5-43d5-9844-4550ecd8ae34,$.cars.cars.20.drivers,drivers,"[{'idx': 0, 'car': '20', 'name': 'Alexander Rossi'}]"
2025,03072250-77e5-43d5-9844-4550ecd8ae34,$.cars.cars.20.drivers[0].car,car,20
2025,03072250-77e5-43d5-9844-4550ecd8ae34,$.cars.cars.20.currentLap,currentLap,21
2025,03072250-77e5-43d5-9844-4550ecd8ae34,$.cars.cars.20.stints[0].startLap,startLap,1
2025,03072250-77e5-43d5-9844-4550ecd8ae34,$.cars.cars.20.stints[0].startTime,startTime,1747495442554
2025,03072250-77e5-43d5-9844-4550ecd8ae34,$.cars.cars.20.stints[0].car,car,20
2025,03072250-77e5-43d5-9844-4550ecd8ae34,$.cars.cars.20.stints[0].driver,driver,0
2025,03072250-77e5-43d5-9844-4550ecd8ae34,$.cars.cars.20.stints[0].laps,laps,"[{'lapNumber': 1, 'laptime': 41.2214, 'driver': 0, 'flag': 'yellow', 'timestamp': 1747495442596, 'car': '20'}, {'lapNumber': 2, 'laptime': 38.6972, 'driver': 0, 'flag': 'green', 'timestamp': 1747495480985, 'car': '20'}, {'lapNumber': 3, 'laptime': 38.8683, 'driver': 0, 'flag': 'green', 'timestamp': 1747495520905, 'car': '20'}, {'lapNumber': 4, 'laptime': 38.8927, 'driver': 0, 'flag': 'green', 'timestamp': 1747495557767, 'car': '20'}, {'lapNumber': 5, 'laptime': 39.0424, 'driver': 0, 'flag': 'gre..."
2025,03072250-77e5-43d5-9844-4550ecd8ae34,$.cars.cars.20.stints[0].laps[0].lapNumber,lapNumber,1
2025,03072250-77e5-43d5-9844-4550ecd8ae34,$.cars.cars.20.stints[0].laps[0].laptime,laptime,41.2214
2025,03072250-77e5-43d5-9844-4550ecd8ae34,$.cars.cars.20.stints[0].laps[0].driver,driver,0
2025,03072250-77e5-43d5-9844-4550ecd8ae34,$.cars.cars.20.stints[0].laps[0].timestamp,timestamp,1747495442596
2025,03072250-77e5-43d5-9844-4550ecd8ae34,$.cars.cars.20.stints[0].laps[0].car,car,20
2025,03072250-77e5-43d5-9844-4550ecd8ae34,$.cars.cars.20.stints[0].laps[1].lapNumber,lapNumber,2
2025,03072250-77e5-43d5-9844-4550ecd8ae34,$.cars.cars.20.stints[0].laps[1].laptime,laptime,38.6972
2025,03072250-77e5-43d5-9844-4550ecd8ae34,$.cars.cars.20.stints[0].laps[1].driver,driver,0
2025,03072250-77e5-43d5-9844-4550ecd8ae34,$.cars.cars.20.stints[0].laps[1].timestamp,timestamp,1747495480985
2025,03072250-77e5-43d5-9844-4550ecd8ae34,$.cars.cars.20.stints[0].laps[1].car,car,20
2025,03072250-77e5-43d5-9844-4550ecd8ae34,$.cars.cars.20.stints[0].laps[2].lapNumber,lapNumber,3
2025,03072250-77e5-43d5-9844-4550ecd8ae34,$.cars.cars.20.stints[0].laps[2].laptime,laptime,38.8683
2025,03072250-77e5-43d5-9844-4550ecd8ae34,$.cars.cars.20.stints[0].laps[2].driver,driver,0
2025,03072250-77e5-43d5-9844-4550ecd8ae34,$.cars.cars.20.stints[0].laps[2].timestamp,timestamp,1747495520905
2025,03072250-77e5-43d5-9844-4550ecd8ae34,$.cars.cars.20.stints[0].laps[2].car,car,20
2025,03072250-77e5-43d5-9844-4550ecd8ae34,$.cars.cars.20.stints[0].laps[3].lapNumber,lapNumber,4
2025,03072250-77e5-43d5-9844-4550ecd8ae34,$.cars.cars.20.stints[0].laps[3].laptime,laptime,38.8927
2025,03072250-77e5-43d5-9844-4550ecd8ae34,$.cars.cars.20.stints[0].laps[3].driver,driver,0
2025,03072250-77e5-43d5-9844-4550ecd8ae34,$.cars.cars.20.stints[0].laps[3].timestamp,timestamp,1747495557767
2025,03072250-77e5-43d5-9844-4550ecd8ae34,$.cars.cars.20.stints[0].laps[3].car,car,20
2025,03072250-77e5-43d5-9844-4550ecd8ae34,$.cars.cars.20.stints[0].laps[4].lapNumber,lapNumber,5
2025,03072250-77e5-43d5-9844-4550ecd8ae34,$.cars.cars.20.stints[0].laps[4].laptime,laptime,39.0424
2025,03072250-77e5-43d5-9844-4550ecd8ae34,$.cars.cars.20.stints[0].laps[4].driver,driver,0
2025,03072250-77e5-43d5-9844-4550ecd8ae34,$.cars.cars.20.stints[0].laps[4].timestamp,timestamp,1747495597691
2025,03072250-77e5-43d5-9844-4550ecd8ae34,$.cars.cars.20.stints[0].laps[4].car,car,20
2025,03072250-77e5-43d5-9844-4550ecd8ae34,$.cars.cars.20.stints[0].laps[5].lapNumber,lapNumber,6
2025,03072250-77e5-43d5-9844-4550ecd8ae34,$.cars.cars.20.stints[0].laps[5].laptime,laptime,41.3998
2025,03072250-77e5-43d5-9844-4550ecd8ae34,$.cars.cars.20.stints[0].laps[5].driver,driver,0
2025,03072250-77e5-43d5-9844-4550ecd8ae34,$.cars.cars.20.stints[0].laps[5].timestamp,timestamp,1747505774027
2025,03072250-77e5-43d5-9844-4550ecd8ae34,$.cars.cars.20.stints[0].laps[5].car,car,20
2025,03072250-77e5-43d5-9844-4550ecd8ae34,$.cars.cars.20.stints[0].laps[6].lapNumber,lapNumber,7
2025,03072250-77e5-43d5-9844-4550ecd8ae34,$.cars.cars.20.stints[0].laps[6].laptime,laptime,38.8206
2025,03072250-77e5-43d5-9844-4550ecd8ae34,$.cars.cars.20.stints[0].laps[6].driver,driver,0
2025,03072250-77e5-43d5-9844-4550ecd8ae34,$.cars.cars.20.stints[0].laps[6].timestamp,timestamp,1747505812386
2025,03072250-77e5-43d5-9844-4550ecd8ae34,$.cars.cars.20.stints[0].laps[6].car,car,20
2025,03072250-77e5-43d5-9844-4550ecd8ae34,$.cars.cars.20.stints[0].laps[7].lapNumber,lapNumber,8
2025,03072250-77e5-43d5-9844-4550ecd8ae34,$.cars.cars.20.stints[0].laps[7].laptime,laptime,38.8893
2025,03072250-77e5-43d5-9844-4550ecd8ae34,$.cars.cars.20.stints[0].laps[7].driver,driver,0
2025,03072250-77e5-43d5-9844-4550ecd8ae34,$.cars.cars.20.stints[0].laps[7].timestamp,timestamp,1747505850769
2025,03072250-77e5-43d5-9844-4550ecd8ae34,$.cars.cars.20.stints[0].laps[7].car,car,20
2025,03072250-77e5-43d5-9844-4550ecd8ae34,$.cars.cars.20.stints[0].laps[8].lapNumber,lapNumber,9
2025,03072250-77e5-43d5-9844-4550ecd8ae34,$.cars.cars.20.stints[0].laps[8].laptime,laptime,38.8778
2025,03072250-77e5-43d5-9844-4550ecd8ae34,$.cars.cars.20.stints[0].laps[8].driver,driver,0
2025,03072250-77e5-43d5-9844-4550ecd8ae34,$.cars.cars.20.stints[0].laps[8].timestamp,timestamp,1747505890817
2025,03072250-77e5-43d5-9844-4550ecd8ae34,$.cars.cars.20.stints[0].laps[8].car,car,20
2025,03072250-77e5-43d5-9844-4550ecd8ae34,$.cars.cars.20.stints[0].laps[9].lapNumber,lapNumber,10
2025,03072250-77e5-43d5-9844-4550ecd8ae34,$.cars.cars.20.stints[0].laps[9].laptime,laptime,39.0213
2025,03072250-77e5-43d5-9844-4550ecd8ae34,$.cars.cars.20.stints[0].laps[9].driver,driver,0
2025,03072250-77e5-43d5-9844-4550ecd8ae34,$.cars.cars.20.stints[0].laps[9].timestamp,timestamp,1747505929177
2025,03072250-77e5-43d5-9844-4550ecd8ae34,$.cars.cars.20.stints[0].laps[9].car,car,20
2025,03072250-77e5-43d5-9844-4550ecd8ae34,$.cars.cars.20.stints[0].laps[10].lapNumber,lapNumber,11
2025,03072250-77e5-43d5-9844-4550ecd8ae34,$.cars.cars.20.stints[0].laps[10].laptime,laptime,41.1458
2025,03072250-77e5-43d5-9844-4550ecd8ae34,$.cars.cars.20.stints[0].laps[10].driver,driver,0
2025,03072250-77e5-43d5-9844-4550ecd8ae34,$.cars.cars.20.stints[0].laps[10].timestamp,timestamp,1747510661289
2025,03072250-77e5-43d5-9844-4550ecd8ae34,$.cars.cars.20.stints[0].laps[10].car,car,20
2025,03072250-77e5-43d5-9844-4550ecd8ae34,$.cars.cars.20.stints[0].laps[11].lapNumber,lapNumber,12
2025,03072250-77e5-43d5-9844-4550ecd8ae34,$.cars.cars.20.stints[0].laps[11].laptime,laptime,38.671
2025,03072250-77e5-43d5-9844-4550ecd8ae34,$.cars.cars.20.stints[0].laps[11].driver,driver,0
2025,03072250-77e5-43d5-9844-4550ecd8ae34,$.cars.cars.20.stints[0].laps[11].timestamp,timestamp,1747510701328
2025,03072250-77e5-43d5-9844-4550ecd8ae34,$.cars.cars.20.stints[0].laps[11].car,car,20
2025,03072250-77e5-43d5-9844-4550ecd8ae34,$.cars.cars.20.stints[0].laps[12].lapNumber,lapNumber,13
2025,03072250-77e5-43d5-9844-4550ecd8ae34,$.cars.cars.20.stints[0].laps[12].laptime,laptime,38.8792
2025,03072250-77e5-43d5-9844-4550ecd8ae34,$.cars.cars.20.stints[0].laps[12].driver,driver,0
2025,03072250-77e5-43d5-9844-4550ecd8ae34,$.cars.cars.20.stints[0].laps[12].timestamp,timestamp,1747510739684
2025,03072250-77e5-43d5-9844-4550ecd8ae34,$.cars.cars.20.stints[0].laps[12].car,car,20
2025,03072250-77e5-43d5-9844-4550ecd8ae34,$.cars.cars.20.stints[0].laps[13].lapNumber,lapNumber,14
2025,03072250-77e5-43d5-9844-4550ecd8ae34,$.cars.cars.20.stints[0].laps[13].laptime,laptime,38.8304
2025,03072250-77e5-43d5-9844-4550ecd8ae34,$.cars.cars.20.stints[0].laps[13].driver,driver,0
2025,03072250-77e5-43d5-9844-4550ecd8ae34,$.cars.cars.20.stints[0].laps[13].timestamp,timestamp,1747510778094
2025,03072250-77e5-43d5-9844-4550ecd8ae34,$.cars.cars.20.stints[0].laps[13].car,car,20
2025,03072250-77e5-43d5-9844-4550ecd8ae34,$.cars.cars.20.stints[0].laps[14].lapNumber,lapNumber,15
2025,03072250-77e5-43d5-9844-4550ecd8ae34,$.cars.cars.20.stints[0].laps[14].laptime,laptime,38.9919
2025,03072250-77e5-43d5-9844-4550ecd8ae34,$.cars.cars.20.stints[0].laps[14].driver,driver,0
2025,03072250-77e5-43d5-9844-4550ecd8ae34,$.cars.cars.20.stints[0].laps[14].timestamp,timestamp,1747510818147
2025,03072250-77e5-43d5-9844-4550ecd8ae34,$.cars.cars.20.stints[0].laps[14].car,car,20
2025,03072250-77e5-43d5-9844-4550ecd8ae34,$.cars.cars.20.stints[0].laps[15].lapNumber,lapNumber,16
2025,03072250-77e5-43d5-9844-4550ecd8ae34,$.cars.cars.20.stints[0].laps[15].laptime,laptime,41.3452
2025,03072250-77e5-43d5-9844-4550ecd8ae34,$.cars.cars.20.stints[0].laps[15].driver,driver,0
2025,03072250-77e5-43d5-9844-4550ecd8ae34,$.cars.cars.20.stints[0].laps[15].timestamp,timestamp,1747516109113
2025,03072250-77e5-43d5-9844-4550ecd8ae34,$.cars.cars.20.stints[0].laps[15].car,car,20
2025,03072250-77e5-43d5-9844-4550ecd8ae34,$.cars.cars.20.stints[0].laps[16].lapNumber,lapNumber,17
2025,03072250-77e5-43d5-9844-4550ecd8ae34,$.cars.cars.20.stints[0].laps[16].laptime,laptime,38.7909
2025,03072250-77e5-43d5-9844-4550ecd8ae34,$.cars.cars.20.stints[0].laps[16].driver,driver,0
2025,03072250-77e5-43d5-9844-4550ecd8ae34,$.cars.cars.20.stints[0].laps[16].timestamp,timestamp,1747516149149
2025,03072250-77e5-43d5-9844-4550ecd8ae34,$.cars.cars.20.stints[0].laps[16].car,car,20
2025,03072250-77e5-43d5-9844-4550ecd8ae34,$.cars.cars.20.stints[0].laps[17].lapNumber,lapNumber,18
2025,03072250-77e5-43d5-9844-4550ecd8ae34,$.cars.cars.20.stints[0].laps[17].laptime,laptime,38.8244
2025,03072250-77e5-43d5-9844-4550ecd8ae34,$.cars.cars.20.stints[0].laps[17].driver,driver,0
2025,03072250-77e5-43d5-9844-4550ecd8ae34,$.cars.cars.20.stints[0].laps[17].timestamp,timestamp,1747516187494
2025,03072250-77e5-43d5-9844-4550ecd8ae34,$.cars.cars.20.stints[0].laps[17].car,car,20
2025,03072250-77e5-43d5-9844-4550ecd8ae34,$.cars.cars.20.stints[0].laps[18].lapNumber,lapNumber,19
2025,03072250-77e5-43d5-9844-4550ecd8ae34,$.cars.cars.20.stints[0].laps[18].laptime,laptime,38.8711
2025,03072250-77e5-43d5-9844-4550ecd8ae34,$.cars.cars.20.stints[0].laps[18].driver,driver,0
2025,03072250-77e5-43d5-9844-4550ecd8ae34,$.cars.cars.20.stints[0].laps[18].timestamp,timestamp,1747516225921
2025,03072250-77e5-43d5-9844-4550ecd8ae34,$.cars.cars.20.stints[0].laps[18].car,car,20
2025,03072250-77e5-43d5-9844-4550ecd8ae34,$.cars.cars.20.stints[0].laps[19].lapNumber,lapNumber,20
2025,03072250-77e5-43d5-9844-4550ecd8ae34,$.cars.cars.20.stints[0].laps[19].laptime,laptime,38.9052
2025,03072250-77e5-43d5-9844-4550ecd8ae34,$.cars.cars.20.stints[0].laps[19].driver,driver,0
2025,03072250-77e5-43d5-9844-4550ecd8ae34,$.cars.cars.20.stints[0].laps[19].timestamp,timestamp,1747516265953
2025,03072250-77e5-43d5-9844-4550ecd8ae34,$.cars.cars.20.stints[0].laps[19].car,car,20
2025,03072250-77e5-43d5-9844-4550ecd8ae34,$.cars.cars.20.highestSeenFlagThisLap,highestSeenFlagThisLap,1
2025,03072250-77e5-43d5-9844-4550ecd8ae34,$.cars.cars.21.drivers,drivers,"[{'idx': 0, 'car': '21', 'name': 'Christian Rasmussen'}]"
2025,03072250-77e5-43d5-9844-4550ecd8ae34,$.cars.cars.21.drivers[0].car,car,21
2025,03072250-77e5-43d5-9844-4550ecd8ae34,$.cars.cars.21.currentLap,currentLap,10
2025,03072250-77e5-43d5-9844-4550ecd8ae34,$.cars.cars.21.stints[0].startLap,startLap,1
2025,03072250-77e5-43d5-9844-4550ecd8ae34,$.cars.cars.21.stints[0].startTime,startTime,1747502475744
2025,03072250-77e5-43d5-9844-4550ecd8ae34,$.cars.cars.21.stints[0].car,car,21
2025,03072250-77e5-43d5-9844-4550ecd8ae34,$.cars.cars.21.stints[0].driver,driver,0
2025,03072250-77e5-43d5-9844-4550ecd8ae34,$.cars.cars.21.stints[0].laps,laps,"[{'lapNumber': 1, 'laptime': 40.9689, 'driver': 0, 'flag': 'green', 'timestamp': 1747502475785, 'car': '21'}, {'lapNumber': 2, 'laptime': 38.9281, 'driver': 0, 'flag': 'green', 'timestamp': 1747502554177, 'car': '21'}, {'lapNumber': 3, 'laptime': 38.9435, 'driver': 0, 'flag': 'green', 'timestamp': 1747502594186, 'car': '21'}, {'lapNumber': 4, 'laptime': 38.9127, 'driver': 0, 'flag': 'yellow', 'timestamp': 1747502632529, 'car': '21'}, {'lapNumber': 5, 'laptime': 41.2975, 'driver': 0, 'flag': 'yel..."
2025,03072250-77e5-43d5-9844-4550ecd8ae34,$.cars.cars.21.stints[0].laps[0].lapNumber,lapNumber,1
2025,03072250-77e5-43d5-9844-4550ecd8ae34,$.cars.cars.21.stints[0].laps[0].laptime,laptime,40.9689
2025,03072250-77e5-43d5-9844-4550ecd8ae34,$.cars.cars.21.stints[0].laps[0].driver,driver,0
2025,03072250-77e5-43d5-9844-4550ecd8ae34,$.cars.cars.21.stints[0].laps[0].timestamp,timestamp,1747502475785
2025,03072250-77e5-43d5-9844-4550ecd8ae34,$.cars.cars.21.stints[0].laps[0].car,car,21
2025,03072250-77e5-43d5-9844-4550ecd8ae34,$.cars.cars.21.stints[0].laps[1].lapNumber,lapNumber,2
2025,03072250-77e5-43d5-9844-4550ecd8ae34,$.cars.cars.21.stints[0].laps[1].laptime,laptime,38.9281
2025,03072250-77e5-43d5-9844-4550ecd8ae34,$.cars.cars.21.stints[0].laps[1].driver,driver,0
2025,03072250-77e5-43d5-9844-4550ecd8ae34,$.cars.cars.21.stints[0].laps[1].timestamp,timestamp,1747502554177
2025,03072250-77e5-43d5-9844-4550ecd8ae34,$.cars.cars.21.stints[0].laps[1].car,car,21
2025,03072250-77e5-43d5-9844-4550ecd8ae34,$.cars.cars.21.stints[0].laps[2].lapNumber,lapNumber,3
2025,03072250-77e5-43d5-9844-4550ecd8ae34,$.cars.cars.21.stints[0].laps[2].laptime,laptime,38.9435
2025,03072250-77e5-43d5-9844-4550ecd8ae34,$.cars.cars.21.stints[0].laps[2].driver,driver,0
2025,03072250-77e5-43d5-9844-4550ecd8ae34,$.cars.cars.21.stints[0].laps[2].timestamp,timestamp,1747502594186
2025,03072250-77e5-43d5-9844-4550ecd8ae34,$.cars.cars.21.stints[0].laps[2].car,car,21
2025,03072250-77e5-43d5-9844-4550ecd8ae34,$.cars.cars.21.stints[0].laps[3].lapNumber,lapNumber,4
2025,03072250-77e5-43d5-9844-4550ecd8ae34,$.cars.cars.21.stints[0].laps[3].laptime,laptime,38.9127
2025,03072250-77e5-43d5-9844-4550ecd8ae34,$.cars.cars.21.stints[0].laps[3].driver,driver,0
2025,03072250-77e5-43d5-9844-4550ecd8ae34,$.cars.cars.21.stints[0].laps[3].timestamp,timestamp,1747502632529
2025,03072250-77e5-43d5-9844-4550ecd8ae34,$.cars.cars.21.stints[0].laps[3].car,car,21
2025,03072250-77e5-43d5-9844-4550ecd8ae34,$.cars.cars.21.stints[0].laps[4].lapNumber,lapNumber,5
2025,03072250-77e5-43d5-9844-4550ecd8ae34,$.cars.cars.21.stints[0].laps[4].laptime,laptime,41.2975
2025,03072250-77e5-43d5-9844-4550ecd8ae34,$.cars.cars.21.stints[0].laps[4].driver,driver,0
2025,03072250-77e5-43d5-9844-4550ecd8ae34,$.cars.cars.21.stints[0].laps[4].timestamp,timestamp,1747512180260
2025,03072250-77e5-43d5-9844-4550ecd8ae34,$.cars.cars.21.stints[0].laps[4].car,car,21
2025,03072250-77e5-43d5-9844-4550ecd8ae34,$.cars.cars.21.stints[0].laps[5].lapNumber,lapNumber,6
2025,03072250-77e5-43d5-9844-4550ecd8ae34,$.cars.cars.21.stints[0].laps[5].laptime,laptime,38.8525
2025,03072250-77e5-43d5-9844-4550ecd8ae34,$.cars.cars.21.stints[0].laps[5].driver,driver,0
2025,03072250-77e5-43d5-9844-4550ecd8ae34,$.cars.cars.21.stints[0].laps[5].timestamp,timestamp,1747512218625
2025,03072250-77e5-43d5-9844-4550ecd8ae34,$.cars.cars.21.stints[0].laps[5].car,car,21
2025,03072250-77e5-43d5-9844-4550ecd8ae34,$.cars.cars.21.stints[0].laps[6].lapNumber,lapNumber,7
2025,03072250-77e5-43d5-9844-4550ecd8ae34,$.cars.cars.21.stints[0].laps[6].laptime,laptime,38.9401
2025,03072250-77e5-43d5-9844-4550ecd8ae34,$.cars.cars.21.stints[0].laps[6].driver,driver,0
2025,03072250-77e5-43d5-9844-4550ecd8ae34,$.cars.cars.21.stints[0].laps[6].timestamp,timestamp,1747512256977
2025,03072250-77e5-43d5-9844-4550ecd8ae34,$.cars.cars.21.stints[0].laps[6].car,car,21
2025,03072250-77e5-43d5-9844-4550ecd8ae34,$.cars.cars.21.stints[0].laps[7].lapNumber,lapNumber,8
2025,03072250-77e5-43d5-9844-4550ecd8ae34,$.cars.cars.21.stints[0].laps[7].laptime,laptime,38.9435
2025,03072250-77e5-43d5-9844-4550ecd8ae34,$.cars.cars.21.stints[0].laps[7].driver,driver,0
2025,03072250-77e5-43d5-9844-4550ecd8ae34,$.cars.cars.21.stints[0].laps[7].timestamp,timestamp,1747512297012
2025,03072250-77e5-43d5-9844-4550ecd8ae34,$.cars.cars.21.stints[0].laps[7].car,car,21
2025,03072250-77e5-43d5-9844-4550ecd8ae34,$.cars.cars.21.stints[0].laps[8].lapNumber,lapNumber,9
2025,03072250-77e5-43d5-9844-4550ecd8ae34,$.cars.cars.21.stints[0].laps[8].laptime,laptime,38.9694
2025,03072250-77e5-43d5-9844-4550ecd8ae34,$.cars.cars.21.stints[0].laps[8].driver,driver,0
2025,03072250-77e5-43d5-9844-4550ecd8ae34,$.cars.cars.21.stints[0].laps[8].timestamp,timestamp,1747512335395
2025,03072250-77e5-43d5-9844-4550ecd8ae34,$.cars.cars.21.stints[0].laps[8].car,car,21
2025,03072250-77e5-43d5-9844-4550ecd8ae34,$.cars.cars.21.highestSeenFlagThisLap,highestSeenFlagThisLap,1
2025,03072250-77e5-43d5-9844-4550ecd8ae34,$.cars.cars.23.drivers,drivers,"[{'idx': 0, 'car': '23', 'name': 'Ryan Hunter-Reay'}]"
2025,03072250-77e5-43d5-9844-4550ecd8ae34,$.cars.cars.23.drivers[0].car,car,23
2025,03072250-77e5-43d5-9844-4550ecd8ae34,$.cars.cars.23.currentLap,currentLap,11
2025,03072250-77e5-43d5-9844-4550ecd8ae34,$.cars.cars.23.stints[0].startLap,startLap,1
2025,03072250-77e5-43d5-9844-4550ecd8ae34,$.cars.cars.23.stints[0].startTime,startTime,1747495728152
2025,03072250-77e5-43d5-9844-4550ecd8ae34,$.cars.cars.23.stints[0].car,car,23
2025,03072250-77e5-43d5-9844-4550ecd8ae34,$.cars.cars.23.stints[0].driver,driver,0
2025,03072250-77e5-43d5-9844-4550ecd8ae34,$.cars.cars.23.stints[0].laps,laps,"[{'lapNumber': 1, 'laptime': 43.0982, 'driver': 0, 'flag': 'yellow', 'timestamp': 1747495728196, 'car': '23'}, {'lapNumber': 2, 'laptime': 39.073, 'driver': 0, 'flag': 'green', 'timestamp': 1747495766584, 'car': '23'}, {'lapNumber': 3, 'laptime': 39.0746, 'driver': 0, 'flag': 'green', 'timestamp': 1747495806528, 'car': '23'}, {'lapNumber': 4, 'laptime': 39.074, 'driver': 0, 'flag': 'green', 'timestamp': 1747495844912, 'car': '23'}, {'lapNumber': 5, 'laptime': 39.1398, 'driver': 0, 'flag': 'green..."
2025,03072250-77e5-43d5-9844-4550ecd8ae34,$.cars.cars.23.stints[0].laps[0].lapNumber,lapNumber,1
2025,03072250-77e5-43d5-9844-4550ecd8ae34,$.cars.cars.23.stints[0].laps[0].laptime,laptime,43.0982
2025,03072250-77e5-43d5-9844-4550ecd8ae34,$.cars.cars.23.stints[0].laps[0].driver,driver,0
2025,03072250-77e5-43d5-9844-4550ecd8ae34,$.cars.cars.23.stints[0].laps[0].timestamp,timestamp,1747495728196
2025,03072250-77e5-43d5-9844-4550ecd8ae34,$.cars.cars.23.stints[0].laps[0].car,car,23
2025,03072250-77e5-43d5-9844-4550ecd8ae34,$.cars.cars.23.stints[0].laps[1].lapNumber,lapNumber,2
2025,03072250-77e5-43d5-9844-4550ecd8ae34,$.cars.cars.23.stints[0].laps[1].laptime,laptime,39.073
2025,03072250-77e5-43d5-9844-4550ecd8ae34,$.cars.cars.23.stints[0].laps[1].driver,driver,0
2025,03072250-77e5-43d5-9844-4550ecd8ae34,$.cars.cars.23.stints[0].laps[1].timestamp,timestamp,1747495766584
2025,03072250-77e5-43d5-9844-4550ecd8ae34,$.cars.cars.23.stints[0].laps[1].car,car,23
2025,03072250-77e5-43d5-9844-4550ecd8ae34,$.cars.cars.23.stints[0].laps[2].lapNumber,lapNumber,3
2025,03072250-77e5-43d5-9844-4550ecd8ae34,$.cars.cars.23.stints[0].laps[2].laptime,laptime,39.0746
2025,03072250-77e5-43d5-9844-4550ecd8ae34,$.cars.cars.23.stints[0].laps[2].driver,driver,0
2025,03072250-77e5-43d5-9844-4550ecd8ae34,$.cars.cars.23.stints[0].laps[2].timestamp,timestamp,1747495806528
2025,03072250-77e5-43d5-9844-4550ecd8ae34,$.cars.cars.23.stints[0].laps[2].car,car,23
2025,03072250-77e5-43d5-9844-4550ecd8ae34,$.cars.cars.23.stints[0].laps[3].lapNumber,lapNumber,4
2025,03072250-77e5-43d5-9844-4550ecd8ae34,$.cars.cars.23.stints[0].laps[3].laptime,laptime,39.074
2025,03072250-77e5-43d5-9844-4550ecd8ae34,$.cars.cars.23.stints[0].laps[3].driver,driver,0
2025,03072250-77e5-43d5-9844-4550ecd8ae34,$.cars.cars.23.stints[0].laps[3].timestamp,timestamp,1747495844912
2025,03072250-77e5-43d5-9844-4550ecd8ae34,$.cars.cars.23.stints[0].laps[3].car,car,23
2025,03072250-77e5-43d5-9844-4550ecd8ae34,$.cars.cars.23.stints[0].laps[4].lapNumber,lapNumber,5
2025,03072250-77e5-43d5-9844-4550ecd8ae34,$.cars.cars.23.stints[0].laps[4].laptime,laptime,39.1398
2025,03072250-77e5-43d5-9844-4550ecd8ae34,$.cars.cars.23.stints[0].laps[4].driver,driver,0
2025,03072250-77e5-43d5-9844-4550ecd8ae34,$.cars.cars.23.stints[0].laps[4].timestamp,timestamp,1747495884844
2025,03072250-77e5-43d5-9844-4550ecd8ae34,$.cars.cars.23.stints[0].laps[4].car,car,23
2025,03072250-77e5-43d5-9844-4550ecd8ae34,$.cars.cars.23.stints[0].laps[5].lapNumber,lapNumber,6
2025,03072250-77e5-43d5-9844-4550ecd8ae34,$.cars.cars.23.stints[0].laps[5].laptime,laptime,42.8814
2025,03072250-77e5-43d5-9844-4550ecd8ae34,$.cars.cars.23.stints[0].laps[5].driver,driver,0
2025,03072250-77e5-43d5-9844-4550ecd8ae34,$.cars.cars.23.stints[0].laps[5].timestamp,timestamp,1747514188876
2025,03072250-77e5-43d5-9844-4550ecd8ae34,$.cars.cars.23.stints[0].laps[5].car,car,23
2025,03072250-77e5-43d5-9844-4550ecd8ae34,$.cars.cars.23.stints[0].laps[6].lapNumber,lapNumber,7
2025,03072250-77e5-43d5-9844-4550ecd8ae34,$.cars.cars.23.stints[0].laps[6].laptime,laptime,39.0208
2025,03072250-77e5-43d5-9844-4550ecd8ae34,$.cars.cars.23.stints[0].laps[6].driver,driver,0
2025,03072250-77e5-43d5-9844-4550ecd8ae34,$.cars.cars.23.stints[0].laps[6].timestamp,timestamp,1747514228891
2025,03072250-77e5-43d5-9844-4550ecd8ae34,$.cars.cars.23.stints[0].laps[6].car,car,23
2025,03072250-77e5-43d5-9844-4550ecd8ae34,$.cars.cars.23.stints[0].laps[7].lapNumber,lapNumber,8
2025,03072250-77e5-43d5-9844-4550ecd8ae34,$.cars.cars.23.stints[0].laps[7].laptime,laptime,39.0438
2025,03072250-77e5-43d5-9844-4550ecd8ae34,$.cars.cars.23.stints[0].laps[7].driver,driver,0
2025,03072250-77e5-43d5-9844-4550ecd8ae34,$.cars.cars.23.stints[0].laps[7].timestamp,timestamp,1747514267249
2025,03072250-77e5-43d5-9844-4550ecd8ae34,$.cars.cars.23.stints[0].laps[7].car,car,23
2025,03072250-77e5-43d5-9844-4550ecd8ae34,$.cars.cars.23.stints[0].laps[8].lapNumber,lapNumber,9
2025,03072250-77e5-43d5-9844-4550ecd8ae34,$.cars.cars.23.stints[0].laps[8].laptime,laptime,39.1288
2025,03072250-77e5-43d5-9844-4550ecd8ae34,$.cars.cars.23.stints[0].laps[8].driver,driver,0
2025,03072250-77e5-43d5-9844-4550ecd8ae34,$.cars.cars.23.stints[0].laps[8].timestamp,timestamp,1747514307269
2025,03072250-77e5-43d5-9844-4550ecd8ae34,$.cars.cars.23.stints[0].laps[8].car,car,23
2025,03072250-77e5-43d5-9844-4550ecd8ae34,$.cars.cars.23.stints[0].laps[9].lapNumber,lapNumber,10
2025,03072250-77e5-43d5-9844-4550ecd8ae34,$.cars.cars.23.stints[0].laps[9].laptime,laptime,39.0818
2025,03072250-77e5-43d5-9844-4550ecd8ae34,$.cars.cars.23.stints[0].laps[9].driver,driver,0
2025,03072250-77e5-43d5-9844-4550ecd8ae34,$.cars.cars.23.stints[0].laps[9].timestamp,timestamp,1747514345636
2025,03072250-77e5-43d5-9844-4550ecd8ae34,$.cars.cars.23.stints[0].laps[9].car,car,23
2025,03072250-77e5-43d5-9844-4550ecd8ae34,$.cars.cars.23.highestSeenFlagThisLap,highestSeenFlagThisLap,1
2025,03072250-77e5-43d5-9844-4550ecd8ae34,$.cars.cars.24.drivers,drivers,"[{'idx': 0, 'car': '24', 'name': 'Jack Harvey'}]"
2025,03072250-77e5-43d5-9844-4550ecd8ae34,$.cars.cars.24.drivers[0].car,car,24
2025,03072250-77e5-43d5-9844-4550ecd8ae34,$.cars.cars.24.currentLap,currentLap,11
2025,03072250-77e5-43d5-9844-4550ecd8ae34,$.cars.cars.24.stints[0].startLap,startLap,1
2025,03072250-77e5-43d5-9844-4550ecd8ae34,$.cars.cars.24.stints[0].startTime,startTime,1747496001472
2025,03072250-77e5-43d5-9844-4550ecd8ae34,$.cars.cars.24.stints[0].car,car,24
2025,03072250-77e5-43d5-9844-4550ecd8ae34,$.cars.cars.24.stints[0].driver,driver,0
2025,03072250-77e5-43d5-9844-4550ecd8ae34,$.cars.cars.24.stints[0].laps,laps,"[{'lapNumber': 1, 'laptime': 42.3706, 'driver': 0, 'flag': 'yellow', 'timestamp': 1747496001515, 'car': '24'}, {'lapNumber': 2, 'laptime': 38.9101, 'driver': 0, 'flag': 'green', 'timestamp': 1747496041442, 'car': '24'}, {'lapNumber': 3, 'laptime': 39.0487, 'driver': 0, 'flag': 'green', 'timestamp': 1747496079818, 'car': '24'}, {'lapNumber': 4, 'laptime': 39.2036, 'driver': 0, 'flag': 'green', 'timestamp': 1747496119737, 'car': '24'}, {'lapNumber': 5, 'laptime': 39.1229, 'driver': 0, 'flag': 'gre..."
2025,03072250-77e5-43d5-9844-4550ecd8ae34,$.cars.cars.24.stints[0].laps[0].lapNumber,lapNumber,1
2025,03072250-77e5-43d5-9844-4550ecd8ae34,$.cars.cars.24.stints[0].laps[0].laptime,laptime,42.3706
2025,03072250-77e5-43d5-9844-4550ecd8ae34,$.cars.cars.24.stints[0].laps[0].driver,driver,0
2025,03072250-77e5-43d5-9844-4550ecd8ae34,$.cars.cars.24.stints[0].laps[0].timestamp,timestamp,1747496001515
2025,03072250-77e5-43d5-9844-4550ecd8ae34,$.cars.cars.24.stints[0].laps[0].car,car,24
2025,03072250-77e5-43d5-9844-4550ecd8ae34,$.cars.cars.24.stints[0].laps[1].lapNumber,lapNumber,2
2025,03072250-77e5-43d5-9844-4550ecd8ae34,$.cars.cars.24.stints[0].laps[1].laptime,laptime,38.9101
2025,03072250-77e5-43d5-9844-4550ecd8ae34,$.cars.cars.24.stints[0].laps[1].driver,driver,0
2025,03072250-77e5-43d5-9844-4550ecd8ae34,$.cars.cars.24.stints[0].laps[1].timestamp,timestamp,1747496041442
2025,03072250-77e5-43d5-9844-4550ecd8ae34,$.cars.cars.24.stints[0].laps[1].car,car,24
2025,03072250-77e5-43d5-9844-4550ecd8ae34,$.cars.cars.24.stints[0].laps[2].lapNumber,lapNumber,3
2025,03072250-77e5-43d5-9844-4550ecd8ae34,$.cars.cars.24.stints[0].laps[2].laptime,laptime,39.0487
2025,03072250-77e5-43d5-9844-4550ecd8ae34,$.cars.cars.24.stints[0].laps[2].driver,driver,0
2025,03072250-77e5-43d5-9844-4550ecd8ae34,$.cars.cars.24.stints[0].laps[2].timestamp,timestamp,1747496079818
2025,03072250-77e5-43d5-9844-4550ecd8ae34,$.cars.cars.24.stints[0].laps[2].car,car,24
2025,03072250-77e5-43d5-9844-4550ecd8ae34,$.cars.cars.24.stints[0].laps[3].lapNumber,lapNumber,4
2025,03072250-77e5-43d5-9844-4550ecd8ae34,$.cars.cars.24.stints[0].laps[3].laptime,laptime,39.2036
2025,03072250-77e5-43d5-9844-4550ecd8ae34,$.cars.cars.24.stints[0].laps[3].driver,driver,0
2025,03072250-77e5-43d5-9844-4550ecd8ae34,$.cars.cars.24.stints[0].laps[3].timestamp,timestamp,1747496119737
2025,03072250-77e5-43d5-9844-4550ecd8ae34,$.cars.cars.24.stints[0].laps[3].car,car,24
2025,03072250-77e5-43d5-9844-4550ecd8ae34,$.cars.cars.24.stints[0].laps[4].lapNumber,lapNumber,5
2025,03072250-77e5-43d5-9844-4550ecd8ae34,$.cars.cars.24.stints[0].laps[4].laptime,laptime,39.1229
2025,03072250-77e5-43d5-9844-4550ecd8ae34,$.cars.cars.24.stints[0].laps[4].driver,driver,0
2025,03072250-77e5-43d5-9844-4550ecd8ae34,$.cars.cars.24.stints[0].laps[4].timestamp,timestamp,1747496158117
2025,03072250-77e5-43d5-9844-4550ecd8ae34,$.cars.cars.24.stints[0].laps[4].car,car,24
2025,03072250-77e5-43d5-9844-4550ecd8ae34,$.cars.cars.24.stints[0].laps[5].lapNumber,lapNumber,6
2025,03072250-77e5-43d5-9844-4550ecd8ae34,$.cars.cars.24.stints[0].laps[5].laptime,laptime,42.1077
2025,03072250-77e5-43d5-9844-4550ecd8ae34,$.cars.cars.24.stints[0].laps[5].driver,driver,0
2025,03072250-77e5-43d5-9844-4550ecd8ae34,$.cars.cars.24.stints[0].laps[5].timestamp,timestamp,1747515076333
2025,03072250-77e5-43d5-9844-4550ecd8ae34,$.cars.cars.24.stints[0].laps[5].car,car,24
2025,03072250-77e5-43d5-9844-4550ecd8ae34,$.cars.cars.24.stints[0].laps[6].lapNumber,lapNumber,7
2025,03072250-77e5-43d5-9844-4550ecd8ae34,$.cars.cars.24.stints[0].laps[6].laptime,laptime,39.0065
2025,03072250-77e5-43d5-9844-4550ecd8ae34,$.cars.cars.24.stints[0].laps[6].driver,driver,0
2025,03072250-77e5-43d5-9844-4550ecd8ae34,$.cars.cars.24.stints[0].laps[6].timestamp,timestamp,1747515116349
2025,03072250-77e5-43d5-9844-4550ecd8ae34,$.cars.cars.24.stints[0].laps[6].car,car,24
2025,03072250-77e5-43d5-9844-4550ecd8ae34,$.cars.cars.24.stints[0].laps[7].lapNumber,lapNumber,8
2025,03072250-77e5-43d5-9844-4550ecd8ae34,$.cars.cars.24.stints[0].laps[7].laptime,laptime,39.0799
2025,03072250-77e5-43d5-9844-4550ecd8ae34,$.cars.cars.24.stints[0].laps[7].driver,driver,0
2025,03072250-77e5-43d5-9844-4550ecd8ae34,$.cars.cars.24.stints[0].laps[7].timestamp,timestamp,1747515154881
2025,03072250-77e5-43d5-9844-4550ecd8ae34,$.cars.cars.24.stints[0].laps[7].car,car,24
2025,03072250-77e5-43d5-9844-4550ecd8ae34,$.cars.cars.24.stints[0].laps[8].lapNumber,lapNumber,9
2025,03072250-77e5-43d5-9844-4550ecd8ae34,$.cars.cars.24.stints[0].laps[8].laptime,laptime,39.177
2025,03072250-77e5-43d5-9844-4550ecd8ae34,$.cars.cars.24.stints[0].laps[8].driver,driver,0
2025,03072250-77e5-43d5-9844-4550ecd8ae34,$.cars.cars.24.stints[0].laps[8].timestamp,timestamp,1747515193245
2025,03072250-77e5-43d5-9844-4550ecd8ae34,$.cars.cars.24.stints[0].laps[8].car,car,24
2025,03072250-77e5-43d5-9844-4550ecd8ae34,$.cars.cars.24.stints[0].laps[9].lapNumber,lapNumber,10
2025,03072250-77e5-43d5-9844-4550ecd8ae34,$.cars.cars.24.stints[0].laps[9].laptime,laptime,39.2503
2025,03072250-77e5-43d5-9844-4550ecd8ae34,$.cars.cars.24.stints[0].laps[9].driver,driver,0
2025,03072250-77e5-43d5-9844-4550ecd8ae34,$.cars.cars.24.stints[0].laps[9].timestamp,timestamp,1747515233249
2025,03072250-77e5-43d5-9844-4550ecd8ae34,$.cars.cars.24.stints[0].laps[9].car,car,24
2025,03072250-77e5-43d5-9844-4550ecd8ae34,$.cars.cars.24.highestSeenFlagThisLap,highestSeenFlagThisLap,1
2025,03072250-77e5-43d5-9844-4550ecd8ae34,$.cars.cars.26.drivers,drivers,"[{'idx': 0, 'car': '26', 'name': 'Colton Herta'}]"
2025,03072250-77e5-43d5-9844-4550ecd8ae34,$.cars.cars.26.drivers[0].car,car,26
2025,03072250-77e5-43d5-9844-4550ecd8ae34,$.cars.cars.26.currentLap,currentLap,7
2025,03072250-77e5-43d5-9844-4550ecd8ae34,$.cars.cars.26.stints[0].startLap,startLap,1
2025,03072250-77e5-43d5-9844-4550ecd8ae34,$.cars.cars.26.stints[0].startTime,startTime,1747497962547
2025,03072250-77e5-43d5-9844-4550ecd8ae34,$.cars.cars.26.stints[0].car,car,26
2025,03072250-77e5-43d5-9844-4550ecd8ae34,$.cars.cars.26.stints[0].driver,driver,0
2025,03072250-77e5-43d5-9844-4550ecd8ae34,$.cars.cars.26.stints[0].laps,laps,"[{'lapNumber': 1, 'laptime': 40.6946, 'driver': 0, 'flag': 'yellow', 'timestamp': 1747497962588, 'car': '26'}, {'lapNumber': 2, 'laptime': 41.1013, 'driver': 0, 'flag': 'yellow', 'timestamp': 1747514797745, 'car': '26'}, {'lapNumber': 3, 'laptime': 39.1173, 'driver': 0, 'flag': 'green', 'timestamp': 1747514836121, 'car': '26'}, {'lapNumber': 4, 'laptime': 39.0871, 'driver': 0, 'flag': 'green', 'timestamp': 1747514876129, 'car': '26'}, {'lapNumber': 5, 'laptime': 39.0924, 'driver': 0, 'flag': 'gr..."
2025,03072250-77e5-43d5-9844-4550ecd8ae34,$.cars.cars.26.stints[0].laps[0].lapNumber,lapNumber,1
2025,03072250-77e5-43d5-9844-4550ecd8ae34,$.cars.cars.26.stints[0].laps[0].laptime,laptime,40.6946
2025,03072250-77e5-43d5-9844-4550ecd8ae34,$.cars.cars.26.stints[0].laps[0].driver,driver,0
2025,03072250-77e5-43d5-9844-4550ecd8ae34,$.cars.cars.26.stints[0].laps[0].timestamp,timestamp,1747497962588
2025,03072250-77e5-43d5-9844-4550ecd8ae34,$.cars.cars.26.stints[0].laps[0].car,car,26
2025,03072250-77e5-43d5-9844-4550ecd8ae34,$.cars.cars.26.stints[0].laps[1].lapNumber,lapNumber,2
2025,03072250-77e5-43d5-9844-4550ecd8ae34,$.cars.cars.26.stints[0].laps[1].laptime,laptime,41.1013
2025,03072250-77e5-43d5-9844-4550ecd8ae34,$.cars.cars.26.stints[0].laps[1].driver,driver,0
2025,03072250-77e5-43d5-9844-4550ecd8ae34,$.cars.cars.26.stints[0].laps[1].timestamp,timestamp,1747514797745
2025,03072250-77e5-43d5-9844-4550ecd8ae34,$.cars.cars.26.stints[0].laps[1].car,car,26
2025,03072250-77e5-43d5-9844-4550ecd8ae34,$.cars.cars.26.stints[0].laps[2].lapNumber,lapNumber,3
2025,03072250-77e5-43d5-9844-4550ecd8ae34,$.cars.cars.26.stints[0].laps[2].laptime,laptime,39.1173
2025,03072250-77e5-43d5-9844-4550ecd8ae34,$.cars.cars.26.stints[0].laps[2].driver,driver,0
2025,03072250-77e5-43d5-9844-4550ecd8ae34,$.cars.cars.26.stints[0].laps[2].timestamp,timestamp,1747514836121
2025,03072250-77e5-43d5-9844-4550ecd8ae34,$.cars.cars.26.stints[0].laps[2].car,car,26
2025,03072250-77e5-43d5-9844-4550ecd8ae34,$.cars.cars.26.stints[0].laps[3].lapNumber,lapNumber,4
2025,03072250-77e5-43d5-9844-4550ecd8ae34,$.cars.cars.26.stints[0].laps[3].laptime,laptime,39.0871
2025,03072250-77e5-43d5-9844-4550ecd8ae34,$.cars.cars.26.stints[0].laps[3].driver,driver,0
2025,03072250-77e5-43d5-9844-4550ecd8ae34,$.cars.cars.26.stints[0].laps[3].timestamp,timestamp,1747514876129
2025,03072250-77e5-43d5-9844-4550ecd8ae34,$.cars.cars.26.stints[0].laps[3].car,car,26
2025,03072250-77e5-43d5-9844-4550ecd8ae34,$.cars.cars.26.stints[0].laps[4].lapNumber,lapNumber,5
2025,03072250-77e5-43d5-9844-4550ecd8ae34,$.cars.cars.26.stints[0].laps[4].laptime,laptime,39.0924
2025,03072250-77e5-43d5-9844-4550ecd8ae34,$.cars.cars.26.stints[0].laps[4].driver,driver,0
2025,03072250-77e5-43d5-9844-4550ecd8ae34,$.cars.cars.26.stints[0].laps[4].timestamp,timestamp,1747514916169
2025,03072250-77e5-43d5-9844-4550ecd8ae34,$.cars.cars.26.stints[0].laps[4].car,car,26
2025,03072250-77e5-43d5-9844-4550ecd8ae34,$.cars.cars.26.stints[0].laps[5].lapNumber,lapNumber,6
2025,03072250-77e5-43d5-9844-4550ecd8ae34,$.cars.cars.26.stints[0].laps[5].laptime,laptime,39.0942
2025,03072250-77e5-43d5-9844-4550ecd8ae34,$.cars.cars.26.stints[0].laps[5].driver,driver,0
2025,03072250-77e5-43d5-9844-4550ecd8ae34,$.cars.cars.26.stints[0].laps[5].timestamp,timestamp,1747514954537
2025,03072250-77e5-43d5-9844-4550ecd8ae34,$.cars.cars.26.stints[0].laps[5].car,car,26
2025,03072250-77e5-43d5-9844-4550ecd8ae34,$.cars.cars.26.highestSeenFlagThisLap,highestSeenFlagThisLap,1
2025,03072250-77e5-43d5-9844-4550ecd8ae34,$.cars.cars.27.drivers,drivers,"[{'idx': 0, 'car': '27', 'name': 'Kyle Kirkwood'}]"
2025,03072250-77e5-43d5-9844-4550ecd8ae34,$.cars.cars.27.drivers[0].car,car,27
2025,03072250-77e5-43d5-9844-4550ecd8ae34,$.cars.cars.27.currentLap,currentLap,11
2025,03072250-77e5-43d5-9844-4550ecd8ae34,$.cars.cars.27.stints[0].startLap,startLap,1
2025,03072250-77e5-43d5-9844-4550ecd8ae34,$.cars.cars.27.stints[0].startTime,startTime,1747502780929
2025,03072250-77e5-43d5-9844-4550ecd8ae34,$.cars.cars.27.stints[0].car,car,27
2025,03072250-77e5-43d5-9844-4550ecd8ae34,$.cars.cars.27.stints[0].driver,driver,0
2025,03072250-77e5-43d5-9844-4550ecd8ae34,$.cars.cars.27.stints[0].laps,laps,"[{'lapNumber': 1, 'laptime': 40.7741, 'driver': 0, 'flag': 'yellow', 'timestamp': 1747502780970, 'car': '27'}, {'lapNumber': 2, 'laptime': 38.8022, 'driver': 0, 'flag': 'green', 'timestamp': 1747502819314, 'car': '27'}, {'lapNumber': 3, 'laptime': 38.9161, 'driver': 0, 'flag': 'green', 'timestamp': 1747502857688, 'car': '27'}, {'lapNumber': 4, 'laptime': 38.9177, 'driver': 0, 'flag': 'green', 'timestamp': 1747502896056, 'car': '27'}, {'lapNumber': 5, 'laptime': 39.2639, 'driver': 0, 'flag': 'gre..."
2025,03072250-77e5-43d5-9844-4550ecd8ae34,$.cars.cars.27.stints[0].laps[0].lapNumber,lapNumber,1
2025,03072250-77e5-43d5-9844-4550ecd8ae34,$.cars.cars.27.stints[0].laps[0].laptime,laptime,40.7741
2025,03072250-77e5-43d5-9844-4550ecd8ae34,$.cars.cars.27.stints[0].laps[0].driver,driver,0
2025,03072250-77e5-43d5-9844-4550ecd8ae34,$.cars.cars.27.stints[0].laps[0].timestamp,timestamp,1747502780970
2025,03072250-77e5-43d5-9844-4550ecd8ae34,$.cars.cars.27.stints[0].laps[0].car,car,27
2025,03072250-77e5-43d5-9844-4550ecd8ae34,$.cars.cars.27.stints[0].laps[1].lapNumber,lapNumber,2
2025,03072250-77e5-43d5-9844-4550ecd8ae34,$.cars.cars.27.stints[0].laps[1].laptime,laptime,38.8022
2025,03072250-77e5-43d5-9844-4550ecd8ae34,$.cars.cars.27.stints[0].laps[1].driver,driver,0
2025,03072250-77e5-43d5-9844-4550ecd8ae34,$.cars.cars.27.stints[0].laps[1].timestamp,timestamp,1747502819314
2025,03072250-77e5-43d5-9844-4550ecd8ae34,$.cars.cars.27.stints[0].laps[1].car,car,27
2025,03072250-77e5-43d5-9844-4550ecd8ae34,$.cars.cars.27.stints[0].laps[2].lapNumber,lapNumber,3
2025,03072250-77e5-43d5-9844-4550ecd8ae34,$.cars.cars.27.stints[0].laps[2].laptime,laptime,38.9161
2025,03072250-77e5-43d5-9844-4550ecd8ae34,$.cars.cars.27.stints[0].laps[2].driver,driver,0
2025,03072250-77e5-43d5-9844-4550ecd8ae34,$.cars.cars.27.stints[0].laps[2].timestamp,timestamp,1747502857688
2025,03072250-77e5-43d5-9844-4550ecd8ae34,$.cars.cars.27.stints[0].laps[2].car,car,27
2025,03072250-77e5-43d5-9844-4550ecd8ae34,$.cars.cars.27.stints[0].laps[3].lapNumber,lapNumber,4
2025,03072250-77e5-43d5-9844-4550ecd8ae34,$.cars.cars.27.stints[0].laps[3].laptime,laptime,38.9177
2025,03072250-77e5-43d5-9844-4550ecd8ae34,$.cars.cars.27.stints[0].laps[3].driver,driver,0
2025,03072250-77e5-43d5-9844-4550ecd8ae34,$.cars.cars.27.stints[0].laps[3].timestamp,timestamp,1747502896056
2025,03072250-77e5-43d5-9844-4550ecd8ae34,$.cars.cars.27.stints[0].laps[3].car,car,27
2025,03072250-77e5-43d5-9844-4550ecd8ae34,$.cars.cars.27.stints[0].laps[4].lapNumber,lapNumber,5
2025,03072250-77e5-43d5-9844-4550ecd8ae34,$.cars.cars.27.stints[0].laps[4].laptime,laptime,39.2639
2025,03072250-77e5-43d5-9844-4550ecd8ae34,$.cars.cars.27.stints[0].laps[4].driver,driver,0
2025,03072250-77e5-43d5-9844-4550ecd8ae34,$.cars.cars.27.stints[0].laps[4].timestamp,timestamp,1747502936080
2025,03072250-77e5-43d5-9844-4550ecd8ae34,$.cars.cars.27.stints[0].laps[4].car,car,27
2025,03072250-77e5-43d5-9844-4550ecd8ae34,$.cars.cars.27.stints[0].laps[5].lapNumber,lapNumber,6
2025,03072250-77e5-43d5-9844-4550ecd8ae34,$.cars.cars.27.stints[0].laps[5].laptime,laptime,40.8838
2025,03072250-77e5-43d5-9844-4550ecd8ae34,$.cars.cars.27.stints[0].laps[5].driver,driver,0
2025,03072250-77e5-43d5-9844-4550ecd8ae34,$.cars.cars.27.stints[0].laps[5].timestamp,timestamp,1747511066726
2025,03072250-77e5-43d5-9844-4550ecd8ae34,$.cars.cars.27.stints[0].laps[5].car,car,27
2025,03072250-77e5-43d5-9844-4550ecd8ae34,$.cars.cars.27.stints[0].laps[6].lapNumber,lapNumber,7
2025,03072250-77e5-43d5-9844-4550ecd8ae34,$.cars.cars.27.stints[0].laps[6].laptime,laptime,39.0036
2025,03072250-77e5-43d5-9844-4550ecd8ae34,$.cars.cars.27.stints[0].laps[6].driver,driver,0
2025,03072250-77e5-43d5-9844-4550ecd8ae34,$.cars.cars.27.stints[0].laps[6].timestamp,timestamp,1747511105117
2025,03072250-77e5-43d5-9844-4550ecd8ae34,$.cars.cars.27.stints[0].laps[6].car,car,27
2025,03072250-77e5-43d5-9844-4550ecd8ae34,$.cars.cars.27.stints[0].laps[7].lapNumber,lapNumber,8
2025,03072250-77e5-43d5-9844-4550ecd8ae34,$.cars.cars.27.stints[0].laps[7].laptime,laptime,39.0055
2025,03072250-77e5-43d5-9844-4550ecd8ae34,$.cars.cars.27.stints[0].laps[7].driver,driver,0
2025,03072250-77e5-43d5-9844-4550ecd8ae34,$.cars.cars.27.stints[0].laps[7].timestamp,timestamp,1747511145168
2025,03072250-77e5-43d5-9844-4550ecd8ae34,$.cars.cars.27.stints[0].laps[7].car,car,27
2025,03072250-77e5-43d5-9844-4550ecd8ae34,$.cars.cars.27.stints[0].laps[8].lapNumber,lapNumber,9
2025,03072250-77e5-43d5-9844-4550ecd8ae34,$.cars.cars.27.stints[0].laps[8].laptime,laptime,38.9944
2025,03072250-77e5-43d5-9844-4550ecd8ae34,$.cars.cars.27.stints[0].laps[8].driver,driver,0
2025,03072250-77e5-43d5-9844-4550ecd8ae34,$.cars.cars.27.stints[0].laps[8].timestamp,timestamp,1747511183545
2025,03072250-77e5-43d5-9844-4550ecd8ae34,$.cars.cars.27.stints[0].laps[8].car,car,27
2025,03072250-77e5-43d5-9844-4550ecd8ae34,$.cars.cars.27.stints[0].laps[9].lapNumber,lapNumber,10
2025,03072250-77e5-43d5-9844-4550ecd8ae34,$.cars.cars.27.stints[0].laps[9].laptime,laptime,38.93
2025,03072250-77e5-43d5-9844-4550ecd8ae34,$.cars.cars.27.stints[0].laps[9].driver,driver,0
2025,03072250-77e5-43d5-9844-4550ecd8ae34,$.cars.cars.27.stints[0].laps[9].timestamp,timestamp,1747511221908
2025,03072250-77e5-43d5-9844-4550ecd8ae34,$.cars.cars.27.stints[0].laps[9].car,car,27
2025,03072250-77e5-43d5-9844-4550ecd8ae34,$.cars.cars.27.highestSeenFlagThisLap,highestSeenFlagThisLap,1
2025,03072250-77e5-43d5-9844-4550ecd8ae34,$.cars.cars.28.drivers,drivers,"[{'idx': 0, 'car': '28', 'name': 'Marcus Ericsson'}]"
2025,03072250-77e5-43d5-9844-4550ecd8ae34,$.cars.cars.28.drivers[0].car,car,28
2025,03072250-77e5-43d5-9844-4550ecd8ae34,$.cars.cars.28.currentLap,currentLap,13
2025,03072250-77e5-43d5-9844-4550ecd8ae34,$.cars.cars.28.stints[0].startLap,startLap,1
2025,03072250-77e5-43d5-9844-4550ecd8ae34,$.cars.cars.28.stints[0].startTime,startTime,1747494346836
2025,03072250-77e5-43d5-9844-4550ecd8ae34,$.cars.cars.28.stints[0].car,car,28
2025,03072250-77e5-43d5-9844-4550ecd8ae34,$.cars.cars.28.stints[0].driver,driver,0
2025,03072250-77e5-43d5-9844-4550ecd8ae34,$.cars.cars.28.stints[0].laps,laps,"[{'lapNumber': 1, 'laptime': 41.1636, 'driver': 0, 'flag': 'yellow', 'timestamp': 1747494346878, 'car': '28'}, {'lapNumber': 2, 'laptime': 38.7726, 'driver': 0, 'flag': 'green', 'timestamp': 1747494386800, 'car': '28'}, {'lapNumber': 3, 'laptime': 38.7193, 'driver': 0, 'flag': 'green', 'timestamp': 1747494425185, 'car': '28'}, {'lapNumber': 4, 'laptime': 38.7681, 'driver': 0, 'flag': 'green', 'timestamp': 1747494463541, 'car': '28'}, {'lapNumber': 5, 'laptime': 38.8243, 'driver': 0, 'flag': 'gre..."
2025,03072250-77e5-43d5-9844-4550ecd8ae34,$.cars.cars.28.stints[0].laps[0].lapNumber,lapNumber,1
2025,03072250-77e5-43d5-9844-4550ecd8ae34,$.cars.cars.28.stints[0].laps[0].laptime,laptime,41.1636
2025,03072250-77e5-43d5-9844-4550ecd8ae34,$.cars.cars.28.stints[0].laps[0].driver,driver,0
2025,03072250-77e5-43d5-9844-4550ecd8ae34,$.cars.cars.28.stints[0].laps[0].timestamp,timestamp,1747494346878
2025,03072250-77e5-43d5-9844-4550ecd8ae34,$.cars.cars.28.stints[0].laps[0].car,car,28
2025,03072250-77e5-43d5-9844-4550ecd8ae34,$.cars.cars.28.stints[0].laps[1].lapNumber,lapNumber,2
2025,03072250-77e5-43d5-9844-4550ecd8ae34,$.cars.cars.28.stints[0].laps[1].laptime,laptime,38.7726
2025,03072250-77e5-43d5-9844-4550ecd8ae34,$.cars.cars.28.stints[0].laps[1].driver,driver,0
2025,03072250-77e5-43d5-9844-4550ecd8ae34,$.cars.cars.28.stints[0].laps[1].timestamp,timestamp,1747494386800
2025,03072250-77e5-43d5-9844-4550ecd8ae34,$.cars.cars.28.stints[0].laps[1].car,car,28
2025,03072250-77e5-43d5-9844-4550ecd8ae34,$.cars.cars.28.stints[0].laps[2].lapNumber,lapNumber,3
2025,03072250-77e5-43d5-9844-4550ecd8ae34,$.cars.cars.28.stints[0].laps[2].laptime,laptime,38.7193
2025,03072250-77e5-43d5-9844-4550ecd8ae34,$.cars.cars.28.stints[0].laps[2].driver,driver,0
2025,03072250-77e5-43d5-9844-4550ecd8ae34,$.cars.cars.28.stints[0].laps[2].timestamp,timestamp,1747494425185
2025,03072250-77e5-43d5-9844-4550ecd8ae34,$.cars.cars.28.stints[0].laps[2].car,car,28
2025,03072250-77e5-43d5-9844-4550ecd8ae34,$.cars.cars.28.stints[0].laps[3].lapNumber,lapNumber,4
2025,03072250-77e5-43d5-9844-4550ecd8ae34,$.cars.cars.28.stints[0].laps[3].laptime,laptime,38.7681
2025,03072250-77e5-43d5-9844-4550ecd8ae34,$.cars.cars.28.stints[0].laps[3].driver,driver,0
2025,03072250-77e5-43d5-9844-4550ecd8ae34,$.cars.cars.28.stints[0].laps[3].timestamp,timestamp,1747494463541
2025,03072250-77e5-43d5-9844-4550ecd8ae34,$.cars.cars.28.stints[0].laps[3].car,car,28
2025,03072250-77e5-43d5-9844-4550ecd8ae34,$.cars.cars.28.stints[0].laps[4].lapNumber,lapNumber,5
2025,03072250-77e5-43d5-9844-4550ecd8ae34,$.cars.cars.28.stints[0].laps[4].laptime,laptime,38.8243
2025,03072250-77e5-43d5-9844-4550ecd8ae34,$.cars.cars.28.stints[0].laps[4].driver,driver,0
2025,03072250-77e5-43d5-9844-4550ecd8ae34,$.cars.cars.28.stints[0].laps[4].timestamp,timestamp,1747494501923
2025,03072250-77e5-43d5-9844-4550ecd8ae34,$.cars.cars.28.stints[0].laps[4].car,car,28
2025,03072250-77e5-43d5-9844-4550ecd8ae34,$.cars.cars.28.stints[0].laps[5].lapNumber,lapNumber,6
2025,03072250-77e5-43d5-9844-4550ecd8ae34,$.cars.cars.28.stints[0].laps[5].laptime,laptime,41.1705
2025,03072250-77e5-43d5-9844-4550ecd8ae34,$.cars.cars.28.stints[0].laps[5].driver,driver,0
2025,03072250-77e5-43d5-9844-4550ecd8ae34,$.cars.cars.28.stints[0].laps[5].timestamp,timestamp,1747509581580
2025,03072250-77e5-43d5-9844-4550ecd8ae34,$.cars.cars.28.stints[0].laps[5].car,car,28
2025,03072250-77e5-43d5-9844-4550ecd8ae34,$.cars.cars.28.stints[0].laps[6].lapNumber,lapNumber,7
2025,03072250-77e5-43d5-9844-4550ecd8ae34,$.cars.cars.28.stints[0].laps[6].laptime,laptime,38.8887
2025,03072250-77e5-43d5-9844-4550ecd8ae34,$.cars.cars.28.stints[0].laps[6].driver,driver,0
2025,03072250-77e5-43d5-9844-4550ecd8ae34,$.cars.cars.28.stints[0].laps[6].timestamp,timestamp,1747509619971
2025,03072250-77e5-43d5-9844-4550ecd8ae34,$.cars.cars.28.stints[0].laps[6].car,car,28
2025,03072250-77e5-43d5-9844-4550ecd8ae34,$.cars.cars.28.stints[0].laps[7].lapNumber,lapNumber,8
2025,03072250-77e5-43d5-9844-4550ecd8ae34,$.cars.cars.28.stints[0].laps[7].laptime,laptime,38.8865
2025,03072250-77e5-43d5-9844-4550ecd8ae34,$.cars.cars.28.stints[0].laps[7].driver,driver,0
2025,03072250-77e5-43d5-9844-4550ecd8ae34,$.cars.cars.28.stints[0].laps[7].timestamp,timestamp,1747509660045
2025,03072250-77e5-43d5-9844-4550ecd8ae34,$.cars.cars.28.stints[0].laps[7].car,car,28
2025,03072250-77e5-43d5-9844-4550ecd8ae34,$.cars.cars.28.stints[0].laps[8].lapNumber,lapNumber,9
2025,03072250-77e5-43d5-9844-4550ecd8ae34,$.cars.cars.28.stints[0].laps[8].laptime,laptime,38.8941
2025,03072250-77e5-43d5-9844-4550ecd8ae34,$.cars.cars.28.stints[0].laps[8].driver,driver,0
2025,03072250-77e5-43d5-9844-4550ecd8ae34,$.cars.cars.28.stints[0].laps[8].timestamp,timestamp,1747509696754
2025,03072250-77e5-43d5-9844-4550ecd8ae34,$.cars.cars.28.stints[0].laps[8].car,car,28
2025,03072250-77e5-43d5-9844-4550ecd8ae34,$.cars.cars.28.stints[0].laps[9].lapNumber,lapNumber,10
2025,03072250-77e5-43d5-9844-4550ecd8ae34,$.cars.cars.28.stints[0].laps[9].laptime,laptime,41.2747
2025,03072250-77e5-43d5-9844-4550ecd8ae34,$.cars.cars.28.stints[0].laps[9].driver,driver,0
2025,03072250-77e5-43d5-9844-4550ecd8ae34,$.cars.cars.28.stints[0].laps[9].timestamp,timestamp,1747513946962
2025,03072250-77e5-43d5-9844-4550ecd8ae34,$.cars.cars.28.stints[0].laps[9].car,car,28
2025,03072250-77e5-43d5-9844-4550ecd8ae34,$.cars.cars.28.stints[0].laps[10].lapNumber,lapNumber,11
2025,03072250-77e5-43d5-9844-4550ecd8ae34,$.cars.cars.28.stints[0].laps[10].laptime,laptime,38.8949
2025,03072250-77e5-43d5-9844-4550ecd8ae34,$.cars.cars.28.stints[0].laps[10].driver,driver,0
2025,03072250-77e5-43d5-9844-4550ecd8ae34,$.cars.cars.28.stints[0].laps[10].timestamp,timestamp,1747513985338
2025,03072250-77e5-43d5-9844-4550ecd8ae34,$.cars.cars.28.stints[0].laps[10].car,car,28
2025,03072250-77e5-43d5-9844-4550ecd8ae34,$.cars.cars.28.stints[0].laps[11].lapNumber,lapNumber,12
2025,03072250-77e5-43d5-9844-4550ecd8ae34,$.cars.cars.28.stints[0].laps[11].laptime,laptime,38.8852
2025,03072250-77e5-43d5-9844-4550ecd8ae34,$.cars.cars.28.stints[0].laps[11].driver,driver,0
2025,03072250-77e5-43d5-9844-4550ecd8ae34,$.cars.cars.28.stints[0].laps[11].timestamp,timestamp,1747514023702
2025,03072250-77e5-43d5-9844-4550ecd8ae34,$.cars.cars.28.stints[0].laps[11].car,car,28
2025,03072250-77e5-43d5-9844-4550ecd8ae34,$.cars.cars.28.highestSeenFlagThisLap,highestSeenFlagThisLap,1
2025,03072250-77e5-43d5-9844-4550ecd8ae34,$.cars.cars.30.drivers,drivers,"[{'idx': 0, 'car': '30', 'name': 'Devlin DeFrancesco'}]"
2025,03072250-77e5-43d5-9844-4550ecd8ae34,$.cars.cars.30.drivers[0].car,car,30
2025,03072250-77e5-43d5-9844-4550ecd8ae34,$.cars.cars.30.currentLap,currentLap,11
2025,03072250-77e5-43d5-9844-4550ecd8ae34,$.cars.cars.30.stints[0].startLap,startLap,1
2025,03072250-77e5-43d5-9844-4550ecd8ae34,$.cars.cars.30.stints[0].startTime,startTime,1747503062795
2025,03072250-77e5-43d5-9844-4550ecd8ae34,$.cars.cars.30.stints[0].car,car,30
2025,03072250-77e5-43d5-9844-4550ecd8ae34,$.cars.cars.30.stints[0].driver,driver,0
2025,03072250-77e5-43d5-9844-4550ecd8ae34,$.cars.cars.30.stints[0].laps,laps,"[{'lapNumber': 1, 'laptime': 41.1283, 'driver': 0, 'flag': 'yellow', 'timestamp': 1747503062837, 'car': '30'}, {'lapNumber': 2, 'laptime': 38.7916, 'driver': 0, 'flag': 'green', 'timestamp': 1747503101191, 'car': '30'}, {'lapNumber': 3, 'laptime': 39.2063, 'driver': 0, 'flag': 'green', 'timestamp': 1747503141218, 'car': '30'}, {'lapNumber': 4, 'laptime': 39.1234, 'driver': 0, 'flag': 'green', 'timestamp': 1747503179575, 'car': '30'}, {'lapNumber': 5, 'laptime': 39.1183, 'driver': 0, 'flag': 'gre..."
2025,03072250-77e5-43d5-9844-4550ecd8ae34,$.cars.cars.30.stints[0].laps[0].lapNumber,lapNumber,1
2025,03072250-77e5-43d5-9844-4550ecd8ae34,$.cars.cars.30.stints[0].laps[0].laptime,laptime,41.1283
2025,03072250-77e5-43d5-9844-4550ecd8ae34,$.cars.cars.30.stints[0].laps[0].driver,driver,0
2025,03072250-77e5-43d5-9844-4550ecd8ae34,$.cars.cars.30.stints[0].laps[0].timestamp,timestamp,1747503062837
2025,03072250-77e5-43d5-9844-4550ecd8ae34,$.cars.cars.30.stints[0].laps[0].car,car,30
2025,03072250-77e5-43d5-9844-4550ecd8ae34,$.cars.cars.30.stints[0].laps[1].lapNumber,lapNumber,2
2025,03072250-77e5-43d5-9844-4550ecd8ae34,$.cars.cars.30.stints[0].laps[1].laptime,laptime,38.7916
2025,03072250-77e5-43d5-9844-4550ecd8ae34,$.cars.cars.30.stints[0].laps[1].driver,driver,0
2025,03072250-77e5-43d5-9844-4550ecd8ae34,$.cars.cars.30.stints[0].laps[1].timestamp,timestamp,1747503101191
2025,03072250-77e5-43d5-9844-4550ecd8ae34,$.cars.cars.30.stints[0].laps[1].car,car,30
2025,03072250-77e5-43d5-9844-4550ecd8ae34,$.cars.cars.30.stints[0].laps[2].lapNumber,lapNumber,3
2025,03072250-77e5-43d5-9844-4550ecd8ae34,$.cars.cars.30.stints[0].laps[2].laptime,laptime,39.2063
2025,03072250-77e5-43d5-9844-4550ecd8ae34,$.cars.cars.30.stints[0].laps[2].driver,driver,0
2025,03072250-77e5-43d5-9844-4550ecd8ae34,$.cars.cars.30.stints[0].laps[2].timestamp,timestamp,1747503141218
2025,03072250-77e5-43d5-9844-4550ecd8ae34,$.cars.cars.30.stints[0].laps[2].car,car,30
2025,03072250-77e5-43d5-9844-4550ecd8ae34,$.cars.cars.30.stints[0].laps[3].lapNumber,lapNumber,4
2025,03072250-77e5-43d5-9844-4550ecd8ae34,$.cars.cars.30.stints[0].laps[3].laptime,laptime,39.1234
2025,03072250-77e5-43d5-9844-4550ecd8ae34,$.cars.cars.30.stints[0].laps[3].driver,driver,0
2025,03072250-77e5-43d5-9844-4550ecd8ae34,$.cars.cars.30.stints[0].laps[3].timestamp,timestamp,1747503179575
2025,03072250-77e5-43d5-9844-4550ecd8ae34,$.cars.cars.30.stints[0].laps[3].car,car,30
2025,03072250-77e5-43d5-9844-4550ecd8ae34,$.cars.cars.30.stints[0].laps[4].lapNumber,lapNumber,5
2025,03072250-77e5-43d5-9844-4550ecd8ae34,$.cars.cars.30.stints[0].laps[4].laptime,laptime,39.1183
2025,03072250-77e5-43d5-9844-4550ecd8ae34,$.cars.cars.30.stints[0].laps[4].driver,driver,0
2025,03072250-77e5-43d5-9844-4550ecd8ae34,$.cars.cars.30.stints[0].laps[4].timestamp,timestamp,1747503217935
2025,03072250-77e5-43d5-9844-4550ecd8ae34,$.cars.cars.30.stints[0].laps[4].car,car,30
2025,03072250-77e5-43d5-9844-4550ecd8ae34,$.cars.cars.30.stints[0].laps[5].lapNumber,lapNumber,6
2025,03072250-77e5-43d5-9844-4550ecd8ae34,$.cars.cars.30.stints[0].laps[5].laptime,laptime,41.1782
2025,03072250-77e5-43d5-9844-4550ecd8ae34,$.cars.cars.30.stints[0].laps[5].driver,driver,0
2025,03072250-77e5-43d5-9844-4550ecd8ae34,$.cars.cars.30.stints[0].laps[5].timestamp,timestamp,1747512920977
2025,03072250-77e5-43d5-9844-4550ecd8ae34,$.cars.cars.30.stints[0].laps[5].car,car,30
2025,03072250-77e5-43d5-9844-4550ecd8ae34,$.cars.cars.30.stints[0].laps[6].lapNumber,lapNumber,7
2025,03072250-77e5-43d5-9844-4550ecd8ae34,$.cars.cars.30.stints[0].laps[6].laptime,laptime,38.7468
2025,03072250-77e5-43d5-9844-4550ecd8ae34,$.cars.cars.30.stints[0].laps[6].driver,driver,0
2025,03072250-77e5-43d5-9844-4550ecd8ae34,$.cars.cars.30.stints[0].laps[6].timestamp,timestamp,1747512959327
2025,03072250-77e5-43d5-9844-4550ecd8ae34,$.cars.cars.30.stints[0].laps[6].car,car,30
2025,03072250-77e5-43d5-9844-4550ecd8ae34,$.cars.cars.30.stints[0].laps[7].lapNumber,lapNumber,8
2025,03072250-77e5-43d5-9844-4550ecd8ae34,$.cars.cars.30.stints[0].laps[7].laptime,laptime,38.8389
2025,03072250-77e5-43d5-9844-4550ecd8ae34,$.cars.cars.30.stints[0].laps[7].driver,driver,0
2025,03072250-77e5-43d5-9844-4550ecd8ae34,$.cars.cars.30.stints[0].laps[7].timestamp,timestamp,1747512997683
2025,03072250-77e5-43d5-9844-4550ecd8ae34,$.cars.cars.30.stints[0].laps[7].car,car,30
2025,03072250-77e5-43d5-9844-4550ecd8ae34,$.cars.cars.30.stints[0].laps[8].lapNumber,lapNumber,9
2025,03072250-77e5-43d5-9844-4550ecd8ae34,$.cars.cars.30.stints[0].laps[8].laptime,laptime,38.8811
2025,03072250-77e5-43d5-9844-4550ecd8ae34,$.cars.cars.30.stints[0].laps[8].driver,driver,0
2025,03072250-77e5-43d5-9844-4550ecd8ae34,$.cars.cars.30.stints[0].laps[8].timestamp,timestamp,1747513036054
2025,03072250-77e5-43d5-9844-4550ecd8ae34,$.cars.cars.30.stints[0].laps[8].car,car,30
2025,03072250-77e5-43d5-9844-4550ecd8ae34,$.cars.cars.30.stints[0].laps[9].lapNumber,lapNumber,10
2025,03072250-77e5-43d5-9844-4550ecd8ae34,$.cars.cars.30.stints[0].laps[9].laptime,laptime,38.9907
2025,03072250-77e5-43d5-9844-4550ecd8ae34,$.cars.cars.30.stints[0].laps[9].driver,driver,0
2025,03072250-77e5-43d5-9844-4550ecd8ae34,$.cars.cars.30.stints[0].laps[9].timestamp,timestamp,1747513076122
2025,03072250-77e5-43d5-9844-4550ecd8ae34,$.cars.cars.30.stints[0].laps[9].car,car,30
2025,03072250-77e5-43d5-9844-4550ecd8ae34,$.cars.cars.30.highestSeenFlagThisLap,highestSeenFlagThisLap,1
2025,03072250-77e5-43d5-9844-4550ecd8ae34,$.cars.cars.33.drivers,drivers,"[{'idx': 0, 'car': '33', 'name': 'Ed Carpenter'}]"
2025,03072250-77e5-43d5-9844-4550ecd8ae34,$.cars.cars.33.drivers[0].car,car,33
2025,03072250-77e5-43d5-9844-4550ecd8ae34,$.cars.cars.33.currentLap,currentLap,11
2025,03072250-77e5-43d5-9844-4550ecd8ae34,$.cars.cars.33.stints[0].startLap,startLap,1
2025,03072250-77e5-43d5-9844-4550ecd8ae34,$.cars.cars.33.stints[0].startTime,startTime,1747500478616
2025,03072250-77e5-43d5-9844-4550ecd8ae34,$.cars.cars.33.stints[0].car,car,33
2025,03072250-77e5-43d5-9844-4550ecd8ae34,$.cars.cars.33.stints[0].driver,driver,0
2025,03072250-77e5-43d5-9844-4550ecd8ae34,$.cars.cars.33.stints[0].laps,laps,"[{'lapNumber': 1, 'laptime': 41.4463, 'driver': 0, 'flag': 'yellow', 'timestamp': 1747500478658, 'car': '33'}, {'lapNumber': 2, 'laptime': 38.7285, 'driver': 0, 'flag': 'green', 'timestamp': 1747500518665, 'car': '33'}, {'lapNumber': 3, 'laptime': 38.9669, 'driver': 0, 'flag': 'green', 'timestamp': 1747500556974, 'car': '33'}, {'lapNumber': 4, 'laptime': 38.9237, 'driver': 0, 'flag': 'green', 'timestamp': 1747500593633, 'car': '33'}, {'lapNumber': 5, 'laptime': 38.961, 'driver': 0, 'flag': 'gree..."
2025,03072250-77e5-43d5-9844-4550ecd8ae34,$.cars.cars.33.stints[0].laps[0].lapNumber,lapNumber,1
2025,03072250-77e5-43d5-9844-4550ecd8ae34,$.cars.cars.33.stints[0].laps[0].laptime,laptime,41.4463
2025,03072250-77e5-43d5-9844-4550ecd8ae34,$.cars.cars.33.stints[0].laps[0].driver,driver,0
2025,03072250-77e5-43d5-9844-4550ecd8ae34,$.cars.cars.33.stints[0].laps[0].timestamp,timestamp,1747500478658
2025,03072250-77e5-43d5-9844-4550ecd8ae34,$.cars.cars.33.stints[0].laps[0].car,car,33
2025,03072250-77e5-43d5-9844-4550ecd8ae34,$.cars.cars.33.stints[0].laps[1].lapNumber,lapNumber,2
2025,03072250-77e5-43d5-9844-4550ecd8ae34,$.cars.cars.33.stints[0].laps[1].laptime,laptime,38.7285
2025,03072250-77e5-43d5-9844-4550ecd8ae34,$.cars.cars.33.stints[0].laps[1].driver,driver,0
2025,03072250-77e5-43d5-9844-4550ecd8ae34,$.cars.cars.33.stints[0].laps[1].timestamp,timestamp,1747500518665
2025,03072250-77e5-43d5-9844-4550ecd8ae34,$.cars.cars.33.stints[0].laps[1].car,car,33
2025,03072250-77e5-43d5-9844-4550ecd8ae34,$.cars.cars.33.stints[0].laps[2].lapNumber,lapNumber,3
2025,03072250-77e5-43d5-9844-4550ecd8ae34,$.cars.cars.33.stints[0].laps[2].laptime,laptime,38.9669
2025,03072250-77e5-43d5-9844-4550ecd8ae34,$.cars.cars.33.stints[0].laps[2].driver,driver,0
2025,03072250-77e5-43d5-9844-4550ecd8ae34,$.cars.cars.33.stints[0].laps[2].timestamp,timestamp,1747500556974
2025,03072250-77e5-43d5-9844-4550ecd8ae34,$.cars.cars.33.stints[0].laps[2].car,car,33
2025,03072250-77e5-43d5-9844-4550ecd8ae34,$.cars.cars.33.stints[0].laps[3].lapNumber,lapNumber,4
2025,03072250-77e5-43d5-9844-4550ecd8ae34,$.cars.cars.33.stints[0].laps[3].laptime,laptime,38.9237
2025,03072250-77e5-43d5-9844-4550ecd8ae34,$.cars.cars.33.stints[0].laps[3].driver,driver,0
2025,03072250-77e5-43d5-9844-4550ecd8ae34,$.cars.cars.33.stints[0].laps[3].timestamp,timestamp,1747500593633
2025,03072250-77e5-43d5-9844-4550ecd8ae34,$.cars.cars.33.stints[0].laps[3].car,car,33
2025,03072250-77e5-43d5-9844-4550ecd8ae34,$.cars.cars.33.stints[0].laps[4].lapNumber,lapNumber,5
2025,03072250-77e5-43d5-9844-4550ecd8ae34,$.cars.cars.33.stints[0].laps[4].laptime,laptime,38.961
2025,03072250-77e5-43d5-9844-4550ecd8ae34,$.cars.cars.33.stints[0].laps[4].driver,driver,0
2025,03072250-77e5-43d5-9844-4550ecd8ae34,$.cars.cars.33.stints[0].laps[4].timestamp,timestamp,1747500633656
2025,03072250-77e5-43d5-9844-4550ecd8ae34,$.cars.cars.33.stints[0].laps[4].car,car,33
2025,03072250-77e5-43d5-9844-4550ecd8ae34,$.cars.cars.33.stints[0].laps[5].lapNumber,lapNumber,6
2025,03072250-77e5-43d5-9844-4550ecd8ae34,$.cars.cars.33.stints[0].laps[5].laptime,laptime,41.4617
2025,03072250-77e5-43d5-9844-4550ecd8ae34,$.cars.cars.33.stints[0].laps[5].driver,driver,0
2025,03072250-77e5-43d5-9844-4550ecd8ae34,$.cars.cars.33.stints[0].laps[5].timestamp,timestamp,1747514510721
2025,03072250-77e5-43d5-9844-4550ecd8ae34,$.cars.cars.33.stints[0].laps[5].car,car,33
2025,03072250-77e5-43d5-9844-4550ecd8ae34,$.cars.cars.33.stints[0].laps[6].lapNumber,lapNumber,7
2025,03072250-77e5-43d5-9844-4550ecd8ae34,$.cars.cars.33.stints[0].laps[6].laptime,laptime,38.7904
2025,03072250-77e5-43d5-9844-4550ecd8ae34,$.cars.cars.33.stints[0].laps[6].driver,driver,0
2025,03072250-77e5-43d5-9844-4550ecd8ae34,$.cars.cars.33.stints[0].laps[6].timestamp,timestamp,1747514549095
2025,03072250-77e5-43d5-9844-4550ecd8ae34,$.cars.cars.33.stints[0].laps[6].car,car,33
2025,03072250-77e5-43d5-9844-4550ecd8ae34,$.cars.cars.33.stints[0].laps[7].lapNumber,lapNumber,8
2025,03072250-77e5-43d5-9844-4550ecd8ae34,$.cars.cars.33.stints[0].laps[7].laptime,laptime,38.8833
2025,03072250-77e5-43d5-9844-4550ecd8ae34,$.cars.cars.33.stints[0].laps[7].driver,driver,0
2025,03072250-77e5-43d5-9844-4550ecd8ae34,$.cars.cars.33.stints[0].laps[7].timestamp,timestamp,1747514587648
2025,03072250-77e5-43d5-9844-4550ecd8ae34,$.cars.cars.33.stints[0].laps[7].car,car,33
2025,03072250-77e5-43d5-9844-4550ecd8ae34,$.cars.cars.33.stints[0].laps[8].lapNumber,lapNumber,9
2025,03072250-77e5-43d5-9844-4550ecd8ae34,$.cars.cars.33.stints[0].laps[8].laptime,laptime,38.8448
2025,03072250-77e5-43d5-9844-4550ecd8ae34,$.cars.cars.33.stints[0].laps[8].driver,driver,0
2025,03072250-77e5-43d5-9844-4550ecd8ae34,$.cars.cars.33.stints[0].laps[8].timestamp,timestamp,1747514625992
2025,03072250-77e5-43d5-9844-4550ecd8ae34,$.cars.cars.33.stints[0].laps[8].car,car,33
2025,03072250-77e5-43d5-9844-4550ecd8ae34,$.cars.cars.33.stints[0].laps[9].lapNumber,lapNumber,10
2025,03072250-77e5-43d5-9844-4550ecd8ae34,$.cars.cars.33.stints[0].laps[9].laptime,laptime,38.8995
2025,03072250-77e5-43d5-9844-4550ecd8ae34,$.cars.cars.33.stints[0].laps[9].driver,driver,0
2025,03072250-77e5-43d5-9844-4550ecd8ae34,$.cars.cars.33.stints[0].laps[9].timestamp,timestamp,1747514666021
2025,03072250-77e5-43d5-9844-4550ecd8ae34,$.cars.cars.33.stints[0].laps[9].car,car,33
2025,03072250-77e5-43d5-9844-4550ecd8ae34,$.cars.cars.33.highestSeenFlagThisLap,highestSeenFlagThisLap,1
2025,03072250-77e5-43d5-9844-4550ecd8ae34,$.cars.cars.45.drivers,drivers,"[{'idx': 0, 'car': '45', 'name': 'Louis Foster'}]"
2025,03072250-77e5-43d5-9844-4550ecd8ae34,$.cars.cars.45.drivers[0].car,car,45
2025,03072250-77e5-43d5-9844-4550ecd8ae34,$.cars.cars.45.currentLap,currentLap,11
2025,03072250-77e5-43d5-9844-4550ecd8ae34,$.cars.cars.45.stints[0].startLap,startLap,1
2025,03072250-77e5-43d5-9844-4550ecd8ae34,$.cars.cars.45.stints[0].startTime,startTime,1747501651458
2025,03072250-77e5-43d5-9844-4550ecd8ae34,$.cars.cars.45.stints[0].car,car,45
2025,03072250-77e5-43d5-9844-4550ecd8ae34,$.cars.cars.45.stints[0].driver,driver,0
2025,03072250-77e5-43d5-9844-4550ecd8ae34,$.cars.cars.45.stints[0].laps,laps,"[{'lapNumber': 1, 'laptime': 41.4573, 'driver': 0, 'flag': 'yellow', 'timestamp': 1747501651500, 'car': '45'}, {'lapNumber': 2, 'laptime': 38.953, 'driver': 0, 'flag': 'green', 'timestamp': 1747501691494, 'car': '45'}, {'lapNumber': 3, 'laptime': 38.9981, 'driver': 0, 'flag': 'green', 'timestamp': 1747501729817, 'car': '45'}, {'lapNumber': 4, 'laptime': 39.0988, 'driver': 0, 'flag': 'green', 'timestamp': 1747501769848, 'car': '45'}, {'lapNumber': 5, 'laptime': 39.0877, 'driver': 0, 'flag': 'gree..."
2025,03072250-77e5-43d5-9844-4550ecd8ae34,$.cars.cars.45.stints[0].laps[0].lapNumber,lapNumber,1
2025,03072250-77e5-43d5-9844-4550ecd8ae34,$.cars.cars.45.stints[0].laps[0].laptime,laptime,41.4573
2025,03072250-77e5-43d5-9844-4550ecd8ae34,$.cars.cars.45.stints[0].laps[0].driver,driver,0
2025,03072250-77e5-43d5-9844-4550ecd8ae34,$.cars.cars.45.stints[0].laps[0].timestamp,timestamp,1747501651500
2025,03072250-77e5-43d5-9844-4550ecd8ae34,$.cars.cars.45.stints[0].laps[0].car,car,45
2025,03072250-77e5-43d5-9844-4550ecd8ae34,$.cars.cars.45.stints[0].laps[1].lapNumber,lapNumber,2
2025,03072250-77e5-43d5-9844-4550ecd8ae34,$.cars.cars.45.stints[0].laps[1].laptime,laptime,38.953
2025,03072250-77e5-43d5-9844-4550ecd8ae34,$.cars.cars.45.stints[0].laps[1].driver,driver,0
2025,03072250-77e5-43d5-9844-4550ecd8ae34,$.cars.cars.45.stints[0].laps[1].timestamp,timestamp,1747501691494
2025,03072250-77e5-43d5-9844-4550ecd8ae34,$.cars.cars.45.stints[0].laps[1].car,car,45
2025,03072250-77e5-43d5-9844-4550ecd8ae34,$.cars.cars.45.stints[0].laps[2].lapNumber,lapNumber,3
2025,03072250-77e5-43d5-9844-4550ecd8ae34,$.cars.cars.45.stints[0].laps[2].laptime,laptime,38.9981
2025,03072250-77e5-43d5-9844-4550ecd8ae34,$.cars.cars.45.stints[0].laps[2].driver,driver,0
2025,03072250-77e5-43d5-9844-4550ecd8ae34,$.cars.cars.45.stints[0].laps[2].timestamp,timestamp,1747501729817
2025,03072250-77e5-43d5-9844-4550ecd8ae34,$.cars.cars.45.stints[0].laps[2].car,car,45
2025,03072250-77e5-43d5-9844-4550ecd8ae34,$.cars.cars.45.stints[0].laps[3].lapNumber,lapNumber,4
2025,03072250-77e5-43d5-9844-4550ecd8ae34,$.cars.cars.45.stints[0].laps[3].laptime,laptime,39.0988
2025,03072250-77e5-43d5-9844-4550ecd8ae34,$.cars.cars.45.stints[0].laps[3].driver,driver,0
2025,03072250-77e5-43d5-9844-4550ecd8ae34,$.cars.cars.45.stints[0].laps[3].timestamp,timestamp,1747501769848
2025,03072250-77e5-43d5-9844-4550ecd8ae34,$.cars.cars.45.stints[0].laps[3].car,car,45
2025,03072250-77e5-43d5-9844-4550ecd8ae34,$.cars.cars.45.stints[0].laps[4].lapNumber,lapNumber,5
2025,03072250-77e5-43d5-9844-4550ecd8ae34,$.cars.cars.45.stints[0].laps[4].laptime,laptime,39.0877
2025,03072250-77e5-43d5-9844-4550ecd8ae34,$.cars.cars.45.stints[0].laps[4].driver,driver,0
2025,03072250-77e5-43d5-9844-4550ecd8ae34,$.cars.cars.45.stints[0].laps[4].timestamp,timestamp,1747501808194
2025,03072250-77e5-43d5-9844-4550ecd8ae34,$.cars.cars.45.stints[0].laps[4].car,car,45
2025,03072250-77e5-43d5-9844-4550ecd8ae34,$.cars.cars.45.stints[0].laps[5].lapNumber,lapNumber,6
2025,03072250-77e5-43d5-9844-4550ecd8ae34,$.cars.cars.45.stints[0].laps[5].laptime,laptime,40.6554
2025,03072250-77e5-43d5-9844-4550ecd8ae34,$.cars.cars.45.stints[0].laps[5].driver,driver,0
2025,03072250-77e5-43d5-9844-4550ecd8ae34,$.cars.cars.45.stints[0].laps[5].timestamp,timestamp,1747516383325
2025,03072250-77e5-43d5-9844-4550ecd8ae34,$.cars.cars.45.stints[0].laps[5].car,car,45
2025,03072250-77e5-43d5-9844-4550ecd8ae34,$.cars.cars.45.stints[0].laps[6].lapNumber,lapNumber,7
2025,03072250-77e5-43d5-9844-4550ecd8ae34,$.cars.cars.45.stints[0].laps[6].laptime,laptime,38.8669
2025,03072250-77e5-43d5-9844-4550ecd8ae34,$.cars.cars.45.stints[0].laps[6].driver,driver,0
2025,03072250-77e5-43d5-9844-4550ecd8ae34,$.cars.cars.45.stints[0].laps[6].timestamp,timestamp,1747516421995
2025,03072250-77e5-43d5-9844-4550ecd8ae34,$.cars.cars.45.stints[0].laps[6].car,car,45
2025,03072250-77e5-43d5-9844-4550ecd8ae34,$.cars.cars.45.stints[0].laps[7].lapNumber,lapNumber,8
2025,03072250-77e5-43d5-9844-4550ecd8ae34,$.cars.cars.45.stints[0].laps[7].laptime,laptime,38.9154
2025,03072250-77e5-43d5-9844-4550ecd8ae34,$.cars.cars.45.stints[0].laps[7].driver,driver,0
2025,03072250-77e5-43d5-9844-4550ecd8ae34,$.cars.cars.45.stints[0].laps[7].timestamp,timestamp,1747516460376
2025,03072250-77e5-43d5-9844-4550ecd8ae34,$.cars.cars.45.stints[0].laps[7].car,car,45
2025,03072250-77e5-43d5-9844-4550ecd8ae34,$.cars.cars.45.stints[0].laps[8].lapNumber,lapNumber,9
2025,03072250-77e5-43d5-9844-4550ecd8ae34,$.cars.cars.45.stints[0].laps[8].laptime,laptime,39.012
2025,03072250-77e5-43d5-9844-4550ecd8ae34,$.cars.cars.45.stints[0].laps[8].driver,driver,0
2025,03072250-77e5-43d5-9844-4550ecd8ae34,$.cars.cars.45.stints[0].laps[8].timestamp,timestamp,1747516498828
2025,03072250-77e5-43d5-9844-4550ecd8ae34,$.cars.cars.45.stints[0].laps[8].car,car,45
2025,03072250-77e5-43d5-9844-4550ecd8ae34,$.cars.cars.45.stints[0].laps[9].lapNumber,lapNumber,10
2025,03072250-77e5-43d5-9844-4550ecd8ae34,$.cars.cars.45.stints[0].laps[9].laptime,laptime,39.0106
2025,03072250-77e5-43d5-9844-4550ecd8ae34,$.cars.cars.45.stints[0].laps[9].driver,driver,0
2025,03072250-77e5-43d5-9844-4550ecd8ae34,$.cars.cars.45.stints[0].laps[9].timestamp,timestamp,1747516537194
2025,03072250-77e5-43d5-9844-4550ecd8ae34,$.cars.cars.45.stints[0].laps[9].car,car,45
2025,03072250-77e5-43d5-9844-4550ecd8ae34,$.cars.cars.45.highestSeenFlagThisLap,highestSeenFlagThisLap,1
2025,03072250-77e5-43d5-9844-4550ecd8ae34,$.cars.cars.51.drivers,drivers,"[{'idx': 0, 'car': '51', 'name': 'Jacob Abel'}]"
2025,03072250-77e5-43d5-9844-4550ecd8ae34,$.cars.cars.51.drivers[0].car,car,51
2025,03072250-77e5-43d5-9844-4550ecd8ae34,$.cars.cars.51.currentLap,currentLap,9
2025,03072250-77e5-43d5-9844-4550ecd8ae34,$.cars.cars.51.stints[0].startLap,startLap,1
2025,03072250-77e5-43d5-9844-4550ecd8ae34,$.cars.cars.51.stints[0].startTime,startTime,1747501084713
2025,03072250-77e5-43d5-9844-4550ecd8ae34,$.cars.cars.51.stints[0].car,car,51
2025,03072250-77e5-43d5-9844-4550ecd8ae34,$.cars.cars.51.stints[0].driver,driver,0
2025,03072250-77e5-43d5-9844-4550ecd8ae34,$.cars.cars.51.stints[0].laps,laps,"[{'lapNumber': 1, 'laptime': 42.5343, 'driver': 0, 'flag': 'yellow', 'timestamp': 1747501084756, 'car': '51'}, {'lapNumber': 2, 'laptime': 39.7125, 'driver': 0, 'flag': 'green', 'timestamp': 1747501124765, 'car': '51'}, {'lapNumber': 3, 'laptime': 39.7983, 'driver': 0, 'flag': 'green', 'timestamp': 1747501163167, 'car': '51'}, {'lapNumber': 4, 'laptime': 39.6218, 'driver': 0, 'flag': 'green', 'timestamp': 1747501203145, 'car': '51'}, {'lapNumber': 5, 'laptime': 39.5566, 'driver': 0, 'flag': 'gre..."
2025,03072250-77e5-43d5-9844-4550ecd8ae34,$.cars.cars.51.stints[0].laps[0].lapNumber,lapNumber,1
2025,03072250-77e5-43d5-9844-4550ecd8ae34,$.cars.cars.51.stints[0].laps[0].laptime,laptime,42.5343
2025,03072250-77e5-43d5-9844-4550ecd8ae34,$.cars.cars.51.stints[0].laps[0].driver,driver,0
2025,03072250-77e5-43d5-9844-4550ecd8ae34,$.cars.cars.51.stints[0].laps[0].timestamp,timestamp,1747501084756
2025,03072250-77e5-43d5-9844-4550ecd8ae34,$.cars.cars.51.stints[0].laps[0].car,car,51
2025,03072250-77e5-43d5-9844-4550ecd8ae34,$.cars.cars.51.stints[0].laps[1].lapNumber,lapNumber,2
2025,03072250-77e5-43d5-9844-4550ecd8ae34,$.cars.cars.51.stints[0].laps[1].laptime,laptime,39.7125
2025,03072250-77e5-43d5-9844-4550ecd8ae34,$.cars.cars.51.stints[0].laps[1].driver,driver,0
2025,03072250-77e5-43d5-9844-4550ecd8ae34,$.cars.cars.51.stints[0].laps[1].timestamp,timestamp,1747501124765
2025,03072250-77e5-43d5-9844-4550ecd8ae34,$.cars.cars.51.stints[0].laps[1].car,car,51
2025,03072250-77e5-43d5-9844-4550ecd8ae34,$.cars.cars.51.stints[0].laps[2].lapNumber,lapNumber,3
2025,03072250-77e5-43d5-9844-4550ecd8ae34,$.cars.cars.51.stints[0].laps[2].laptime,laptime,39.7983
2025,03072250-77e5-43d5-9844-4550ecd8ae34,$.cars.cars.51.stints[0].laps[2].driver,driver,0
2025,03072250-77e5-43d5-9844-4550ecd8ae34,$.cars.cars.51.stints[0].laps[2].timestamp,timestamp,1747501163167
2025,03072250-77e5-43d5-9844-4550ecd8ae34,$.cars.cars.51.stints[0].laps[2].car,car,51
2025,03072250-77e5-43d5-9844-4550ecd8ae34,$.cars.cars.51.stints[0].laps[3].lapNumber,lapNumber,4
2025,03072250-77e5-43d5-9844-4550ecd8ae34,$.cars.cars.51.stints[0].laps[3].laptime,laptime,39.6218
2025,03072250-77e5-43d5-9844-4550ecd8ae34,$.cars.cars.51.stints[0].laps[3].driver,driver,0
2025,03072250-77e5-43d5-9844-4550ecd8ae34,$.cars.cars.51.stints[0].laps[3].timestamp,timestamp,1747501203145
2025,03072250-77e5-43d5-9844-4550ecd8ae34,$.cars.cars.51.stints[0].laps[3].car,car,51
2025,03072250-77e5-43d5-9844-4550ecd8ae34,$.cars.cars.51.stints[0].laps[4].lapNumber,lapNumber,5
2025,03072250-77e5-43d5-9844-4550ecd8ae34,$.cars.cars.51.stints[0].laps[4].laptime,laptime,39.5566
2025,03072250-77e5-43d5-9844-4550ecd8ae34,$.cars.cars.51.stints[0].laps[4].driver,driver,0
2025,03072250-77e5-43d5-9844-4550ecd8ae34,$.cars.cars.51.stints[0].laps[4].timestamp,timestamp,1747501243134
2025,03072250-77e5-43d5-9844-4550ecd8ae34,$.cars.cars.51.stints[0].laps[4].car,car,51
2025,03072250-77e5-43d5-9844-4550ecd8ae34,$.cars.cars.51.stints[0].laps[5].lapNumber,lapNumber,6
2025,03072250-77e5-43d5-9844-4550ecd8ae34,$.cars.cars.51.stints[0].laps[5].laptime,laptime,41.8043
2025,03072250-77e5-43d5-9844-4550ecd8ae34,$.cars.cars.51.stints[0].laps[5].driver,driver,0
2025,03072250-77e5-43d5-9844-4550ecd8ae34,$.cars.cars.51.stints[0].laps[5].timestamp,timestamp,1747512684093
2025,03072250-77e5-43d5-9844-4550ecd8ae34,$.cars.cars.51.stints[0].laps[5].car,car,51
2025,03072250-77e5-43d5-9844-4550ecd8ae34,$.cars.cars.51.stints[0].laps[6].lapNumber,lapNumber,7
2025,03072250-77e5-43d5-9844-4550ecd8ae34,$.cars.cars.51.stints[0].laps[6].laptime,laptime,39.4487
2025,03072250-77e5-43d5-9844-4550ecd8ae34,$.cars.cars.51.stints[0].laps[6].driver,driver,0
2025,03072250-77e5-43d5-9844-4550ecd8ae34,$.cars.cars.51.stints[0].laps[6].timestamp,timestamp,1747512724151
2025,03072250-77e5-43d5-9844-4550ecd8ae34,$.cars.cars.51.stints[0].laps[6].car,car,51
2025,03072250-77e5-43d5-9844-4550ecd8ae34,$.cars.cars.51.stints[0].laps[7].lapNumber,lapNumber,8
2025,03072250-77e5-43d5-9844-4550ecd8ae34,$.cars.cars.51.stints[0].laps[7].laptime,laptime,40.0273
2025,03072250-77e5-43d5-9844-4550ecd8ae34,$.cars.cars.51.stints[0].laps[7].driver,driver,0
2025,03072250-77e5-43d5-9844-4550ecd8ae34,$.cars.cars.51.stints[0].laps[7].timestamp,timestamp,1747512764222
2025,03072250-77e5-43d5-9844-4550ecd8ae34,$.cars.cars.51.stints[0].laps[7].car,car,51
2025,03072250-77e5-43d5-9844-4550ecd8ae34,$.cars.cars.51.highestSeenFlagThisLap,highestSeenFlagThisLap,1
2025,03072250-77e5-43d5-9844-4550ecd8ae34,$.cars.cars.60.drivers,drivers,"[{'idx': 0, 'car': '60', 'name': 'Felix Rosenqvist'}]"
2025,03072250-77e5-43d5-9844-4550ecd8ae34,$.cars.cars.60.drivers[0].car,car,60
2025,03072250-77e5-43d5-9844-4550ecd8ae34,$.cars.cars.60.currentLap,currentLap,9
2025,03072250-77e5-43d5-9844-4550ecd8ae34,$.cars.cars.60.stints[0].startLap,startLap,1
2025,03072250-77e5-43d5-9844-4550ecd8ae34,$.cars.cars.60.stints[0].startTime,startTime,1747497448846
2025,03072250-77e5-43d5-9844-4550ecd8ae34,$.cars.cars.60.stints[0].car,car,60
2025,03072250-77e5-43d5-9844-4550ecd8ae34,$.cars.cars.60.stints[0].driver,driver,0
2025,03072250-77e5-43d5-9844-4550ecd8ae34,$.cars.cars.60.stints[0].laps,laps,"[{'lapNumber': 1, 'laptime': 38.5713, 'driver': 0, 'flag': 'yellow', 'timestamp': 1747497448885, 'car': '60'}, {'lapNumber': 2, 'laptime': 38.5816, 'driver': 0, 'flag': 'green', 'timestamp': 1747497488801, 'car': '60'}, {'lapNumber': 3, 'laptime': 38.9564, 'driver': 0, 'flag': 'green', 'timestamp': 1747497527232, 'car': '60'}, {'lapNumber': 4, 'laptime': 38.7633, 'driver': 0, 'flag': 'green', 'timestamp': 1747497565646, 'car': '60'}, {'lapNumber': 5, 'laptime': 41.3098, 'driver': 0, 'flag': 'yel..."
2025,03072250-77e5-43d5-9844-4550ecd8ae34,$.cars.cars.60.stints[0].laps[0].lapNumber,lapNumber,1
2025,03072250-77e5-43d5-9844-4550ecd8ae34,$.cars.cars.60.stints[0].laps[0].laptime,laptime,38.5713
2025,03072250-77e5-43d5-9844-4550ecd8ae34,$.cars.cars.60.stints[0].laps[0].driver,driver,0
2025,03072250-77e5-43d5-9844-4550ecd8ae34,$.cars.cars.60.stints[0].laps[0].timestamp,timestamp,1747497448885
2025,03072250-77e5-43d5-9844-4550ecd8ae34,$.cars.cars.60.stints[0].laps[0].car,car,60
2025,03072250-77e5-43d5-9844-4550ecd8ae34,$.cars.cars.60.stints[0].laps[1].lapNumber,lapNumber,2
2025,03072250-77e5-43d5-9844-4550ecd8ae34,$.cars.cars.60.stints[0].laps[1].laptime,laptime,38.5816
2025,03072250-77e5-43d5-9844-4550ecd8ae34,$.cars.cars.60.stints[0].laps[1].driver,driver,0
2025,03072250-77e5-43d5-9844-4550ecd8ae34,$.cars.cars.60.stints[0].laps[1].timestamp,timestamp,1747497488801
2025,03072250-77e5-43d5-9844-4550ecd8ae34,$.cars.cars.60.stints[0].laps[1].car,car,60
2025,03072250-77e5-43d5-9844-4550ecd8ae34,$.cars.cars.60.stints[0].laps[2].lapNumber,lapNumber,3
2025,03072250-77e5-43d5-9844-4550ecd8ae34,$.cars.cars.60.stints[0].laps[2].laptime,laptime,38.9564
2025,03072250-77e5-43d5-9844-4550ecd8ae34,$.cars.cars.60.stints[0].laps[2].driver,driver,0
2025,03072250-77e5-43d5-9844-4550ecd8ae34,$.cars.cars.60.stints[0].laps[2].timestamp,timestamp,1747497527232
2025,03072250-77e5-43d5-9844-4550ecd8ae34,$.cars.cars.60.stints[0].laps[2].car,car,60
2025,03072250-77e5-43d5-9844-4550ecd8ae34,$.cars.cars.60.stints[0].laps[3].lapNumber,lapNumber,4
2025,03072250-77e5-43d5-9844-4550ecd8ae34,$.cars.cars.60.stints[0].laps[3].laptime,laptime,38.7633
2025,03072250-77e5-43d5-9844-4550ecd8ae34,$.cars.cars.60.stints[0].laps[3].driver,driver,0
2025,03072250-77e5-43d5-9844-4550ecd8ae34,$.cars.cars.60.stints[0].laps[3].timestamp,timestamp,1747497565646
2025,03072250-77e5-43d5-9844-4550ecd8ae34,$.cars.cars.60.stints[0].laps[3].car,car,60
2025,03072250-77e5-43d5-9844-4550ecd8ae34,$.cars.cars.60.stints[0].laps[4].lapNumber,lapNumber,5
2025,03072250-77e5-43d5-9844-4550ecd8ae34,$.cars.cars.60.stints[0].laps[4].laptime,laptime,41.3098
2025,03072250-77e5-43d5-9844-4550ecd8ae34,$.cars.cars.60.stints[0].laps[4].driver,driver,0
2025,03072250-77e5-43d5-9844-4550ecd8ae34,$.cars.cars.60.stints[0].laps[4].timestamp,timestamp,1747517420239
2025,03072250-77e5-43d5-9844-4550ecd8ae34,$.cars.cars.60.stints[0].laps[4].car,car,60
2025,03072250-77e5-43d5-9844-4550ecd8ae34,$.cars.cars.60.stints[0].laps[5].lapNumber,lapNumber,6
2025,03072250-77e5-43d5-9844-4550ecd8ae34,$.cars.cars.60.stints[0].laps[5].laptime,laptime,38.9715
2025,03072250-77e5-43d5-9844-4550ecd8ae34,$.cars.cars.60.stints[0].laps[5].driver,driver,0
2025,03072250-77e5-43d5-9844-4550ecd8ae34,$.cars.cars.60.stints[0].laps[5].timestamp,timestamp,1747517460273
2025,03072250-77e5-43d5-9844-4550ecd8ae34,$.cars.cars.60.stints[0].laps[5].car,car,60
2025,03072250-77e5-43d5-9844-4550ecd8ae34,$.cars.cars.60.stints[0].laps[6].lapNumber,lapNumber,7
2025,03072250-77e5-43d5-9844-4550ecd8ae34,$.cars.cars.60.stints[0].laps[6].laptime,laptime,38.9603
2025,03072250-77e5-43d5-9844-4550ecd8ae34,$.cars.cars.60.stints[0].laps[6].driver,driver,0
2025,03072250-77e5-43d5-9844-4550ecd8ae34,$.cars.cars.60.stints[0].laps[6].timestamp,timestamp,1747517498665
2025,03072250-77e5-43d5-9844-4550ecd8ae34,$.cars.cars.60.stints[0].laps[6].car,car,60
2025,03072250-77e5-43d5-9844-4550ecd8ae34,$.cars.cars.60.stints[0].laps[7].lapNumber,lapNumber,8
2025,03072250-77e5-43d5-9844-4550ecd8ae34,$.cars.cars.60.stints[0].laps[7].laptime,laptime,38.9678
2025,03072250-77e5-43d5-9844-4550ecd8ae34,$.cars.cars.60.stints[0].laps[7].driver,driver,0
2025,03072250-77e5-43d5-9844-4550ecd8ae34,$.cars.cars.60.stints[0].laps[7].timestamp,timestamp,1747517537104
2025,03072250-77e5-43d5-9844-4550ecd8ae34,$.cars.cars.60.stints[0].laps[7].car,car,60
2025,03072250-77e5-43d5-9844-4550ecd8ae34,$.cars.cars.60.highestSeenFlagThisLap,highestSeenFlagThisLap,1
2025,03072250-77e5-43d5-9844-4550ecd8ae34,$.cars.cars.66.drivers,drivers,"[{'idx': 0, 'car': '66', 'name': 'Marcus Armstrong'}]"
2025,03072250-77e5-43d5-9844-4550ecd8ae34,$.cars.cars.66.drivers[0].car,car,66
2025,03072250-77e5-43d5-9844-4550ecd8ae34,$.cars.cars.66.currentLap,currentLap,8
2025,03072250-77e5-43d5-9844-4550ecd8ae34,$.cars.cars.66.stints[0].startLap,startLap,1
2025,03072250-77e5-43d5-9844-4550ecd8ae34,$.cars.cars.66.stints[0].startTime,startTime,1747515882231
2025,03072250-77e5-43d5-9844-4550ecd8ae34,$.cars.cars.66.stints[0].car,car,66
2025,03072250-77e5-43d5-9844-4550ecd8ae34,$.cars.cars.66.stints[0].driver,driver,0
2025,03072250-77e5-43d5-9844-4550ecd8ae34,$.cars.cars.66.stints[0].laps,laps,"[{'lapNumber': 1, 'laptime': 41.9398, 'driver': 0, 'flag': 'yellow', 'timestamp': 1747515882273, 'car': '66'}, {'lapNumber': 2, 'laptime': 39.8399, 'driver': 0, 'flag': 'green', 'timestamp': 1747515922292, 'car': '66'}, {'lapNumber': 3, 'laptime': 39.7927, 'driver': 0, 'flag': 'green', 'timestamp': 1747515962388, 'car': '66'}, {'lapNumber': 4, 'laptime': 41.631, 'driver': 0, 'flag': 'yellow', 'timestamp': 1747518211154, 'car': '66'}, {'lapNumber': 5, 'laptime': 39.1987, 'driver': 0, 'flag': 'gre..."
2025,03072250-77e5-43d5-9844-4550ecd8ae34,$.cars.cars.66.stints[0].laps[0].lapNumber,lapNumber,1
2025,03072250-77e5-43d5-9844-4550ecd8ae34,$.cars.cars.66.stints[0].laps[0].laptime,laptime,41.9398
2025,03072250-77e5-43d5-9844-4550ecd8ae34,$.cars.cars.66.stints[0].laps[0].driver,driver,0
2025,03072250-77e5-43d5-9844-4550ecd8ae34,$.cars.cars.66.stints[0].laps[0].timestamp,timestamp,1747515882273
2025,03072250-77e5-43d5-9844-4550ecd8ae34,$.cars.cars.66.stints[0].laps[0].car,car,66
2025,03072250-77e5-43d5-9844-4550ecd8ae34,$.cars.cars.66.stints[0].laps[1].lapNumber,lapNumber,2
2025,03072250-77e5-43d5-9844-4550ecd8ae34,$.cars.cars.66.stints[0].laps[1].laptime,laptime,39.8399
2025,03072250-77e5-43d5-9844-4550ecd8ae34,$.cars.cars.66.stints[0].laps[1].driver,driver,0
2025,03072250-77e5-43d5-9844-4550ecd8ae34,$.cars.cars.66.stints[0].laps[1].timestamp,timestamp,1747515922292
2025,03072250-77e5-43d5-9844-4550ecd8ae34,$.cars.cars.66.stints[0].laps[1].car,car,66
2025,03072250-77e5-43d5-9844-4550ecd8ae34,$.cars.cars.66.stints[0].laps[2].lapNumber,lapNumber,3
2025,03072250-77e5-43d5-9844-4550ecd8ae34,$.cars.cars.66.stints[0].laps[2].laptime,laptime,39.7927
2025,03072250-77e5-43d5-9844-4550ecd8ae34,$.cars.cars.66.stints[0].laps[2].driver,driver,0
2025,03072250-77e5-43d5-9844-4550ecd8ae34,$.cars.cars.66.stints[0].laps[2].timestamp,timestamp,1747515962388
2025,03072250-77e5-43d5-9844-4550ecd8ae34,$.cars.cars.66.stints[0].laps[2].car,car,66
2025,03072250-77e5-43d5-9844-4550ecd8ae34,$.cars.cars.66.stints[0].laps[3].lapNumber,lapNumber,4
2025,03072250-77e5-43d5-9844-4550ecd8ae34,$.cars.cars.66.stints[0].laps[3].laptime,laptime,41.631
2025,03072250-77e5-43d5-9844-4550ecd8ae34,$.cars.cars.66.stints[0].laps[3].driver,driver,0
2025,03072250-77e5-43d5-9844-4550ecd8ae34,$.cars.cars.66.stints[0].laps[3].timestamp,timestamp,1747518211154
2025,03072250-77e5-43d5-9844-4550ecd8ae34,$.cars.cars.66.stints[0].laps[3].car,car,66
2025,03072250-77e5-43d5-9844-4550ecd8ae34,$.cars.cars.66.stints[0].laps[4].lapNumber,lapNumber,5
2025,03072250-77e5-43d5-9844-4550ecd8ae34,$.cars.cars.66.stints[0].laps[4].laptime,laptime,39.1987
2025,03072250-77e5-43d5-9844-4550ecd8ae34,$.cars.cars.66.stints[0].laps[4].driver,driver,0
2025,03072250-77e5-43d5-9844-4550ecd8ae34,$.cars.cars.66.stints[0].laps[4].timestamp,timestamp,1747518251208
2025,03072250-77e5-43d5-9844-4550ecd8ae34,$.cars.cars.66.stints[0].laps[4].car,car,66
2025,03072250-77e5-43d5-9844-4550ecd8ae34,$.cars.cars.66.stints[0].laps[5].lapNumber,lapNumber,6
2025,03072250-77e5-43d5-9844-4550ecd8ae34,$.cars.cars.66.stints[0].laps[5].laptime,laptime,39.2122
2025,03072250-77e5-43d5-9844-4550ecd8ae34,$.cars.cars.66.stints[0].laps[5].driver,driver,0
2025,03072250-77e5-43d5-9844-4550ecd8ae34,$.cars.cars.66.stints[0].laps[5].timestamp,timestamp,1747518289560
2025,03072250-77e5-43d5-9844-4550ecd8ae34,$.cars.cars.66.stints[0].laps[5].car,car,66
2025,03072250-77e5-43d5-9844-4550ecd8ae34,$.cars.cars.66.stints[0].laps[6].lapNumber,lapNumber,7
2025,03072250-77e5-43d5-9844-4550ecd8ae34,$.cars.cars.66.stints[0].laps[6].laptime,laptime,40.4147
2025,03072250-77e5-43d5-9844-4550ecd8ae34,$.cars.cars.66.stints[0].laps[6].driver,driver,0
2025,03072250-77e5-43d5-9844-4550ecd8ae34,$.cars.cars.66.stints[0].laps[6].timestamp,timestamp,1747518329616
2025,03072250-77e5-43d5-9844-4550ecd8ae34,$.cars.cars.66.stints[0].laps[6].car,car,66
2025,03072250-77e5-43d5-9844-4550ecd8ae34,$.cars.cars.66.highestSeenFlagThisLap,highestSeenFlagThisLap,1
2025,03072250-77e5-43d5-9844-4550ecd8ae34,$.cars.cars.75.drivers,drivers,"[{'idx': 0, 'car': '75', 'name': 'Takuma Sato'}]"
2025,03072250-77e5-43d5-9844-4550ecd8ae34,$.cars.cars.75.drivers[0].car,car,75
2025,03072250-77e5-43d5-9844-4550ecd8ae34,$.cars.cars.75.currentLap,currentLap,11
2025,03072250-77e5-43d5-9844-4550ecd8ae34,$.cars.cars.75.stints[0].startLap,startLap,1
2025,03072250-77e5-43d5-9844-4550ecd8ae34,$.cars.cars.75.stints[0].startTime,startTime,1747500200341
2025,03072250-77e5-43d5-9844-4550ecd8ae34,$.cars.cars.75.stints[0].car,car,75
2025,03072250-77e5-43d5-9844-4550ecd8ae34,$.cars.cars.75.stints[0].driver,driver,0
2025,03072250-77e5-43d5-9844-4550ecd8ae34,$.cars.cars.75.stints[0].laps,laps,"[{'lapNumber': 1, 'laptime': 40.9491, 'driver': 0, 'flag': 'yellow', 'timestamp': 1747500200382, 'car': '75'}, {'lapNumber': 2, 'laptime': 38.7201, 'driver': 0, 'flag': 'green', 'timestamp': 1747500238703, 'car': '75'}, {'lapNumber': 3, 'laptime': 38.7659, 'driver': 0, 'flag': 'green', 'timestamp': 1747500277043, 'car': '75'}, {'lapNumber': 4, 'laptime': 38.7847, 'driver': 0, 'flag': 'green', 'timestamp': 1747500317038, 'car': '75'}, {'lapNumber': 5, 'laptime': 38.7889, 'driver': 0, 'flag': 'gre..."
2025,03072250-77e5-43d5-9844-4550ecd8ae34,$.cars.cars.75.stints[0].laps[0].lapNumber,lapNumber,1
2025,03072250-77e5-43d5-9844-4550ecd8ae34,$.cars.cars.75.stints[0].laps[0].laptime,laptime,40.9491
2025,03072250-77e5-43d5-9844-4550ecd8ae34,$.cars.cars.75.stints[0].laps[0].driver,driver,0
2025,03072250-77e5-43d5-9844-4550ecd8ae34,$.cars.cars.75.stints[0].laps[0].timestamp,timestamp,1747500200382
2025,03072250-77e5-43d5-9844-4550ecd8ae34,$.cars.cars.75.stints[0].laps[0].car,car,75
2025,03072250-77e5-43d5-9844-4550ecd8ae34,$.cars.cars.75.stints[0].laps[1].lapNumber,lapNumber,2
2025,03072250-77e5-43d5-9844-4550ecd8ae34,$.cars.cars.75.stints[0].laps[1].laptime,laptime,38.7201
2025,03072250-77e5-43d5-9844-4550ecd8ae34,$.cars.cars.75.stints[0].laps[1].driver,driver,0
2025,03072250-77e5-43d5-9844-4550ecd8ae34,$.cars.cars.75.stints[0].laps[1].timestamp,timestamp,1747500238703
2025,03072250-77e5-43d5-9844-4550ecd8ae34,$.cars.cars.75.stints[0].laps[1].car,car,75
2025,03072250-77e5-43d5-9844-4550ecd8ae34,$.cars.cars.75.stints[0].laps[2].lapNumber,lapNumber,3
2025,03072250-77e5-43d5-9844-4550ecd8ae34,$.cars.cars.75.stints[0].laps[2].laptime,laptime,38.7659
2025,03072250-77e5-43d5-9844-4550ecd8ae34,$.cars.cars.75.stints[0].laps[2].driver,driver,0
2025,03072250-77e5-43d5-9844-4550ecd8ae34,$.cars.cars.75.stints[0].laps[2].timestamp,timestamp,1747500277043
2025,03072250-77e5-43d5-9844-4550ecd8ae34,$.cars.cars.75.stints[0].laps[2].car,car,75
2025,03072250-77e5-43d5-9844-4550ecd8ae34,$.cars.cars.75.stints[0].laps[3].lapNumber,lapNumber,4
2025,03072250-77e5-43d5-9844-4550ecd8ae34,$.cars.cars.75.stints[0].laps[3].laptime,laptime,38.7847
2025,03072250-77e5-43d5-9844-4550ecd8ae34,$.cars.cars.75.stints[0].laps[3].driver,driver,0
2025,03072250-77e5-43d5-9844-4550ecd8ae34,$.cars.cars.75.stints[0].laps[3].timestamp,timestamp,1747500317038
2025,03072250-77e5-43d5-9844-4550ecd8ae34,$.cars.cars.75.stints[0].laps[3].car,car,75
2025,03072250-77e5-43d5-9844-4550ecd8ae34,$.cars.cars.75.stints[0].laps[4].lapNumber,lapNumber,5
2025,03072250-77e5-43d5-9844-4550ecd8ae34,$.cars.cars.75.stints[0].laps[4].laptime,laptime,38.7889
2025,03072250-77e5-43d5-9844-4550ecd8ae34,$.cars.cars.75.stints[0].laps[4].driver,driver,0
2025,03072250-77e5-43d5-9844-4550ecd8ae34,$.cars.cars.75.stints[0].laps[4].timestamp,timestamp,1747500355354
2025,03072250-77e5-43d5-9844-4550ecd8ae34,$.cars.cars.75.stints[0].laps[4].car,car,75
2025,03072250-77e5-43d5-9844-4550ecd8ae34,$.cars.cars.75.stints[0].laps[5].lapNumber,lapNumber,6
2025,03072250-77e5-43d5-9844-4550ecd8ae34,$.cars.cars.75.stints[0].laps[5].laptime,laptime,41.0171
2025,03072250-77e5-43d5-9844-4550ecd8ae34,$.cars.cars.75.stints[0].laps[5].driver,driver,0
2025,03072250-77e5-43d5-9844-4550ecd8ae34,$.cars.cars.75.stints[0].laps[5].timestamp,timestamp,1747515606973
2025,03072250-77e5-43d5-9844-4550ecd8ae34,$.cars.cars.75.stints[0].laps[5].car,car,75
2025,03072250-77e5-43d5-9844-4550ecd8ae34,$.cars.cars.75.stints[0].laps[6].lapNumber,lapNumber,7
2025,03072250-77e5-43d5-9844-4550ecd8ae34,$.cars.cars.75.stints[0].laps[6].laptime,laptime,38.6448
2025,03072250-77e5-43d5-9844-4550ecd8ae34,$.cars.cars.75.stints[0].laps[6].driver,driver,0
2025,03072250-77e5-43d5-9844-4550ecd8ae34,$.cars.cars.75.stints[0].laps[6].timestamp,timestamp,1747515647031
2025,03072250-77e5-43d5-9844-4550ecd8ae34,$.cars.cars.75.stints[0].laps[6].car,car,75
2025,03072250-77e5-43d5-9844-4550ecd8ae34,$.cars.cars.75.stints[0].laps[7].lapNumber,lapNumber,8
2025,03072250-77e5-43d5-9844-4550ecd8ae34,$.cars.cars.75.stints[0].laps[7].laptime,laptime,38.6533
2025,03072250-77e5-43d5-9844-4550ecd8ae34,$.cars.cars.75.stints[0].laps[7].driver,driver,0
2025,03072250-77e5-43d5-9844-4550ecd8ae34,$.cars.cars.75.stints[0].laps[7].timestamp,timestamp,1747515685410
2025,03072250-77e5-43d5-9844-4550ecd8ae34,$.cars.cars.75.stints[0].laps[7].car,car,75
2025,03072250-77e5-43d5-9844-4550ecd8ae34,$.cars.cars.75.stints[0].laps[8].lapNumber,lapNumber,9
2025,03072250-77e5-43d5-9844-4550ecd8ae34,$.cars.cars.75.stints[0].laps[8].laptime,laptime,38.8416
2025,03072250-77e5-43d5-9844-4550ecd8ae34,$.cars.cars.75.stints[0].laps[8].driver,driver,0
2025,03072250-77e5-43d5-9844-4550ecd8ae34,$.cars.cars.75.stints[0].laps[8].timestamp,timestamp,1747515725518
2025,03072250-77e5-43d5-9844-4550ecd8ae34,$.cars.cars.75.stints[0].laps[8].car,car,75
2025,03072250-77e5-43d5-9844-4550ecd8ae34,$.cars.cars.75.stints[0].laps[9].lapNumber,lapNumber,10
2025,03072250-77e5-43d5-9844-4550ecd8ae34,$.cars.cars.75.stints[0].laps[9].laptime,laptime,38.7554
2025,03072250-77e5-43d5-9844-4550ecd8ae34,$.cars.cars.75.stints[0].laps[9].driver,driver,0
2025,03072250-77e5-43d5-9844-4550ecd8ae34,$.cars.cars.75.stints[0].laps[9].timestamp,timestamp,1747515762209
2025,03072250-77e5-43d5-9844-4550ecd8ae34,$.cars.cars.75.stints[0].laps[9].car,car,75
2025,03072250-77e5-43d5-9844-4550ecd8ae34,$.cars.cars.75.highestSeenFlagThisLap,highestSeenFlagThisLap,1
2025,03072250-77e5-43d5-9844-4550ecd8ae34,$.cars.cars.76.drivers,drivers,"[{'idx': 0, 'car': '76', 'name': 'Conor Daly'}]"
2025,03072250-77e5-43d5-9844-4550ecd8ae34,$.cars.cars.76.drivers[0].car,car,76
2025,03072250-77e5-43d5-9844-4550ecd8ae34,$.cars.cars.76.currentLap,currentLap,16
2025,03072250-77e5-43d5-9844-4550ecd8ae34,$.cars.cars.76.stints[0].startLap,startLap,1
2025,03072250-77e5-43d5-9844-4550ecd8ae34,$.cars.cars.76.stints[0].startTime,startTime,1747497112373
2025,03072250-77e5-43d5-9844-4550ecd8ae34,$.cars.cars.76.stints[0].car,car,76
2025,03072250-77e5-43d5-9844-4550ecd8ae34,$.cars.cars.76.stints[0].driver,driver,0
2025,03072250-77e5-43d5-9844-4550ecd8ae34,$.cars.cars.76.stints[0].laps,laps,"[{'lapNumber': 1, 'laptime': 41.8047, 'driver': 0, 'flag': 'yellow', 'timestamp': 1747497112415, 'car': '76'}, {'lapNumber': 2, 'laptime': 38.8295, 'driver': 0, 'flag': 'green', 'timestamp': 1747497150816, 'car': '76'}, {'lapNumber': 3, 'laptime': 38.8616, 'driver': 0, 'flag': 'green', 'timestamp': 1747497190777, 'car': '76'}, {'lapNumber': 4, 'laptime': 38.8684, 'driver': 0, 'flag': 'green', 'timestamp': 1747497229179, 'car': '76'}, {'lapNumber': 5, 'laptime': 38.8833, 'driver': 0, 'flag': 'gre..."
2025,03072250-77e5-43d5-9844-4550ecd8ae34,$.cars.cars.76.stints[0].laps[0].lapNumber,lapNumber,1
2025,03072250-77e5-43d5-9844-4550ecd8ae34,$.cars.cars.76.stints[0].laps[0].laptime,laptime,41.8047
2025,03072250-77e5-43d5-9844-4550ecd8ae34,$.cars.cars.76.stints[0].laps[0].driver,driver,0
2025,03072250-77e5-43d5-9844-4550ecd8ae34,$.cars.cars.76.stints[0].laps[0].timestamp,timestamp,1747497112415
2025,03072250-77e5-43d5-9844-4550ecd8ae34,$.cars.cars.76.stints[0].laps[0].car,car,76
2025,03072250-77e5-43d5-9844-4550ecd8ae34,$.cars.cars.76.stints[0].laps[1].lapNumber,lapNumber,2
2025,03072250-77e5-43d5-9844-4550ecd8ae34,$.cars.cars.76.stints[0].laps[1].laptime,laptime,38.8295
2025,03072250-77e5-43d5-9844-4550ecd8ae34,$.cars.cars.76.stints[0].laps[1].driver,driver,0
2025,03072250-77e5-43d5-9844-4550ecd8ae34,$.cars.cars.76.stints[0].laps[1].timestamp,timestamp,1747497150816
2025,03072250-77e5-43d5-9844-4550ecd8ae34,$.cars.cars.76.stints[0].laps[1].car,car,76
2025,03072250-77e5-43d5-9844-4550ecd8ae34,$.cars.cars.76.stints[0].laps[2].lapNumber,lapNumber,3
2025,03072250-77e5-43d5-9844-4550ecd8ae34,$.cars.cars.76.stints[0].laps[2].laptime,laptime,38.8616
2025,03072250-77e5-43d5-9844-4550ecd8ae34,$.cars.cars.76.stints[0].laps[2].driver,driver,0
2025,03072250-77e5-43d5-9844-4550ecd8ae34,$.cars.cars.76.stints[0].laps[2].timestamp,timestamp,1747497190777
2025,03072250-77e5-43d5-9844-4550ecd8ae34,$.cars.cars.76.stints[0].laps[2].car,car,76
2025,03072250-77e5-43d5-9844-4550ecd8ae34,$.cars.cars.76.stints[0].laps[3].lapNumber,lapNumber,4
2025,03072250-77e5-43d5-9844-4550ecd8ae34,$.cars.cars.76.stints[0].laps[3].laptime,laptime,38.8684
2025,03072250-77e5-43d5-9844-4550ecd8ae34,$.cars.cars.76.stints[0].laps[3].driver,driver,0
2025,03072250-77e5-43d5-9844-4550ecd8ae34,$.cars.cars.76.stints[0].laps[3].timestamp,timestamp,1747497229179
2025,03072250-77e5-43d5-9844-4550ecd8ae34,$.cars.cars.76.stints[0].laps[3].car,car,76
2025,03072250-77e5-43d5-9844-4550ecd8ae34,$.cars.cars.76.stints[0].laps[4].lapNumber,lapNumber,5
2025,03072250-77e5-43d5-9844-4550ecd8ae34,$.cars.cars.76.stints[0].laps[4].laptime,laptime,38.8833
2025,03072250-77e5-43d5-9844-4550ecd8ae34,$.cars.cars.76.stints[0].laps[4].driver,driver,0
2025,03072250-77e5-43d5-9844-4550ecd8ae34,$.cars.cars.76.stints[0].laps[4].timestamp,timestamp,1747497267585
2025,03072250-77e5-43d5-9844-4550ecd8ae34,$.cars.cars.76.stints[0].laps[4].car,car,76
2025,03072250-77e5-43d5-9844-4550ecd8ae34,$.cars.cars.76.stints[0].laps[5].lapNumber,lapNumber,6
2025,03072250-77e5-43d5-9844-4550ecd8ae34,$.cars.cars.76.stints[0].laps[5].laptime,laptime,41.8583
2025,03072250-77e5-43d5-9844-4550ecd8ae34,$.cars.cars.76.stints[0].laps[5].driver,driver,0
2025,03072250-77e5-43d5-9844-4550ecd8ae34,$.cars.cars.76.stints[0].laps[5].timestamp,timestamp,1747506388200
2025,03072250-77e5-43d5-9844-4550ecd8ae34,$.cars.cars.76.stints[0].laps[5].car,car,76
2025,03072250-77e5-43d5-9844-4550ecd8ae34,$.cars.cars.76.stints[0].laps[6].lapNumber,lapNumber,7
2025,03072250-77e5-43d5-9844-4550ecd8ae34,$.cars.cars.76.stints[0].laps[6].laptime,laptime,38.8996
2025,03072250-77e5-43d5-9844-4550ecd8ae34,$.cars.cars.76.stints[0].laps[6].driver,driver,0
2025,03072250-77e5-43d5-9844-4550ecd8ae34,$.cars.cars.76.stints[0].laps[6].timestamp,timestamp,1747506428223
2025,03072250-77e5-43d5-9844-4550ecd8ae34,$.cars.cars.76.stints[0].laps[6].car,car,76
2025,03072250-77e5-43d5-9844-4550ecd8ae34,$.cars.cars.76.stints[0].laps[7].lapNumber,lapNumber,8
2025,03072250-77e5-43d5-9844-4550ecd8ae34,$.cars.cars.76.stints[0].laps[7].laptime,laptime,38.8977
2025,03072250-77e5-43d5-9844-4550ecd8ae34,$.cars.cars.76.stints[0].laps[7].driver,driver,0
2025,03072250-77e5-43d5-9844-4550ecd8ae34,$.cars.cars.76.stints[0].laps[7].timestamp,timestamp,1747506466565
2025,03072250-77e5-43d5-9844-4550ecd8ae34,$.cars.cars.76.stints[0].laps[7].car,car,76
2025,03072250-77e5-43d5-9844-4550ecd8ae34,$.cars.cars.76.stints[0].laps[8].lapNumber,lapNumber,9
2025,03072250-77e5-43d5-9844-4550ecd8ae34,$.cars.cars.76.stints[0].laps[8].laptime,laptime,38.9319
2025,03072250-77e5-43d5-9844-4550ecd8ae34,$.cars.cars.76.stints[0].laps[8].driver,driver,0
2025,03072250-77e5-43d5-9844-4550ecd8ae34,$.cars.cars.76.stints[0].laps[8].timestamp,timestamp,1747506504955
2025,03072250-77e5-43d5-9844-4550ecd8ae34,$.cars.cars.76.stints[0].laps[8].car,car,76
2025,03072250-77e5-43d5-9844-4550ecd8ae34,$.cars.cars.76.stints[0].laps[9].lapNumber,lapNumber,10
2025,03072250-77e5-43d5-9844-4550ecd8ae34,$.cars.cars.76.stints[0].laps[9].laptime,laptime,38.966
2025,03072250-77e5-43d5-9844-4550ecd8ae34,$.cars.cars.76.stints[0].laps[9].driver,driver,0
2025,03072250-77e5-43d5-9844-4550ecd8ae34,$.cars.cars.76.stints[0].laps[9].timestamp,timestamp,1747506544993
2025,03072250-77e5-43d5-9844-4550ecd8ae34,$.cars.cars.76.stints[0].laps[9].car,car,76
2025,03072250-77e5-43d5-9844-4550ecd8ae34,$.cars.cars.76.stints[0].laps[10].lapNumber,lapNumber,11
2025,03072250-77e5-43d5-9844-4550ecd8ae34,$.cars.cars.76.stints[0].laps[10].laptime,laptime,41.8988
2025,03072250-77e5-43d5-9844-4550ecd8ae34,$.cars.cars.76.stints[0].laps[10].driver,driver,0
2025,03072250-77e5-43d5-9844-4550ecd8ae34,$.cars.cars.76.stints[0].laps[10].timestamp,timestamp,1747518461400
2025,03072250-77e5-43d5-9844-4550ecd8ae34,$.cars.cars.76.stints[0].laps[10].car,car,76
2025,03072250-77e5-43d5-9844-4550ecd8ae34,$.cars.cars.76.stints[0].laps[11].lapNumber,lapNumber,12
2025,03072250-77e5-43d5-9844-4550ecd8ae34,$.cars.cars.76.stints[0].laps[11].laptime,laptime,38.8318
2025,03072250-77e5-43d5-9844-4550ecd8ae34,$.cars.cars.76.stints[0].laps[11].driver,driver,0
2025,03072250-77e5-43d5-9844-4550ecd8ae34,$.cars.cars.76.stints[0].laps[11].timestamp,timestamp,1747518501424
2025,03072250-77e5-43d5-9844-4550ecd8ae34,$.cars.cars.76.stints[0].laps[11].car,car,76
2025,03072250-77e5-43d5-9844-4550ecd8ae34,$.cars.cars.76.stints[0].laps[12].lapNumber,lapNumber,13
2025,03072250-77e5-43d5-9844-4550ecd8ae34,$.cars.cars.76.stints[0].laps[12].laptime,laptime,38.814
2025,03072250-77e5-43d5-9844-4550ecd8ae34,$.cars.cars.76.stints[0].laps[12].driver,driver,0
2025,03072250-77e5-43d5-9844-4550ecd8ae34,$.cars.cars.76.stints[0].laps[12].timestamp,timestamp,1747518538118
2025,03072250-77e5-43d5-9844-4550ecd8ae34,$.cars.cars.76.stints[0].laps[12].car,car,76
2025,03072250-77e5-43d5-9844-4550ecd8ae34,$.cars.cars.76.stints[0].laps[13].lapNumber,lapNumber,14
2025,03072250-77e5-43d5-9844-4550ecd8ae34,$.cars.cars.76.stints[0].laps[13].laptime,laptime,38.8147
2025,03072250-77e5-43d5-9844-4550ecd8ae34,$.cars.cars.76.stints[0].laps[13].driver,driver,0
2025,03072250-77e5-43d5-9844-4550ecd8ae34,$.cars.cars.76.stints[0].laps[13].timestamp,timestamp,1747518578126
2025,03072250-77e5-43d5-9844-4550ecd8ae34,$.cars.cars.76.stints[0].laps[13].car,car,76
2025,03072250-77e5-43d5-9844-4550ecd8ae34,$.cars.cars.76.stints[0].laps[14].lapNumber,lapNumber,15
2025,03072250-77e5-43d5-9844-4550ecd8ae34,$.cars.cars.76.stints[0].laps[14].laptime,laptime,38.8963
2025,03072250-77e5-43d5-9844-4550ecd8ae34,$.cars.cars.76.stints[0].laps[14].driver,driver,0
2025,03072250-77e5-43d5-9844-4550ecd8ae34,$.cars.cars.76.stints[0].laps[14].timestamp,timestamp,1747518616495
2025,03072250-77e5-43d5-9844-4550ecd8ae34,$.cars.cars.76.stints[0].laps[14].car,car,76
2025,03072250-77e5-43d5-9844-4550ecd8ae34,$.cars.cars.76.highestSeenFlagThisLap,highestSeenFlagThisLap,1
2025,03072250-77e5-43d5-9844-4550ecd8ae34,$.cars.cars.77.drivers,drivers,"[{'idx': 0, 'car': '77', 'name': 'Sting Ray Robb'}]"
2025,03072250-77e5-43d5-9844-4550ecd8ae34,$.cars.cars.77.drivers[0].car,car,77
2025,03072250-77e5-43d5-9844-4550ecd8ae34,$.cars.cars.77.currentLap,currentLap,11
2025,03072250-77e5-43d5-9844-4550ecd8ae34,$.cars.cars.77.stints[0].startLap,startLap,1
2025,03072250-77e5-43d5-9844-4550ecd8ae34,$.cars.cars.77.stints[0].startTime,startTime,1747502212107
2025,03072250-77e5-43d5-9844-4550ecd8ae34,$.cars.cars.77.stints[0].car,car,77
2025,03072250-77e5-43d5-9844-4550ecd8ae34,$.cars.cars.77.stints[0].driver,driver,0
2025,03072250-77e5-43d5-9844-4550ecd8ae34,$.cars.cars.77.stints[0].laps,laps,"[{'lapNumber': 1, 'laptime': 41.7746, 'driver': 0, 'flag': 'yellow', 'timestamp': 1747502212149, 'car': '77'}, {'lapNumber': 2, 'laptime': 39.117, 'driver': 0, 'flag': 'green', 'timestamp': 1747502252165, 'car': '77'}, {'lapNumber': 3, 'laptime': 39.016, 'driver': 0, 'flag': 'green', 'timestamp': 1747502290534, 'car': '77'}, {'lapNumber': 4, 'laptime': 38.9078, 'driver': 0, 'flag': 'green', 'timestamp': 1747502328858, 'car': '77'}, {'lapNumber': 5, 'laptime': 39.2536, 'driver': 0, 'flag': 'green..."
2025,03072250-77e5-43d5-9844-4550ecd8ae34,$.cars.cars.77.stints[0].laps[0].lapNumber,lapNumber,1
2025,03072250-77e5-43d5-9844-4550ecd8ae34,$.cars.cars.77.stints[0].laps[0].laptime,laptime,41.7746
2025,03072250-77e5-43d5-9844-4550ecd8ae34,$.cars.cars.77.stints[0].laps[0].driver,driver,0
2025,03072250-77e5-43d5-9844-4550ecd8ae34,$.cars.cars.77.stints[0].laps[0].timestamp,timestamp,1747502212149
2025,03072250-77e5-43d5-9844-4550ecd8ae34,$.cars.cars.77.stints[0].laps[0].car,car,77
2025,03072250-77e5-43d5-9844-4550ecd8ae34,$.cars.cars.77.stints[0].laps[1].lapNumber,lapNumber,2
2025,03072250-77e5-43d5-9844-4550ecd8ae34,$.cars.cars.77.stints[0].laps[1].laptime,laptime,39.117
2025,03072250-77e5-43d5-9844-4550ecd8ae34,$.cars.cars.77.stints[0].laps[1].driver,driver,0
2025,03072250-77e5-43d5-9844-4550ecd8ae34,$.cars.cars.77.stints[0].laps[1].timestamp,timestamp,1747502252165
2025,03072250-77e5-43d5-9844-4550ecd8ae34,$.cars.cars.77.stints[0].laps[1].car,car,77
2025,03072250-77e5-43d5-9844-4550ecd8ae34,$.cars.cars.77.stints[0].laps[2].lapNumber,lapNumber,3
2025,03072250-77e5-43d5-9844-4550ecd8ae34,$.cars.cars.77.stints[0].laps[2].laptime,laptime,39.016
2025,03072250-77e5-43d5-9844-4550ecd8ae34,$.cars.cars.77.stints[0].laps[2].driver,driver,0
2025,03072250-77e5-43d5-9844-4550ecd8ae34,$.cars.cars.77.stints[0].laps[2].timestamp,timestamp,1747502290534
2025,03072250-77e5-43d5-9844-4550ecd8ae34,$.cars.cars.77.stints[0].laps[2].car,car,77
2025,03072250-77e5-43d5-9844-4550ecd8ae34,$.cars.cars.77.stints[0].laps[3].lapNumber,lapNumber,4
2025,03072250-77e5-43d5-9844-4550ecd8ae34,$.cars.cars.77.stints[0].laps[3].laptime,laptime,38.9078
2025,03072250-77e5-43d5-9844-4550ecd8ae34,$.cars.cars.77.stints[0].laps[3].driver,driver,0
2025,03072250-77e5-43d5-9844-4550ecd8ae34,$.cars.cars.77.stints[0].laps[3].timestamp,timestamp,1747502328858
2025,03072250-77e5-43d5-9844-4550ecd8ae34,$.cars.cars.77.stints[0].laps[3].car,car,77
2025,03072250-77e5-43d5-9844-4550ecd8ae34,$.cars.cars.77.stints[0].laps[4].lapNumber,lapNumber,5
2025,03072250-77e5-43d5-9844-4550ecd8ae34,$.cars.cars.77.stints[0].laps[4].laptime,laptime,39.2536
2025,03072250-77e5-43d5-9844-4550ecd8ae34,$.cars.cars.77.stints[0].laps[4].driver,driver,0
2025,03072250-77e5-43d5-9844-4550ecd8ae34,$.cars.cars.77.stints[0].laps[4].timestamp,timestamp,1747502368877
2025,03072250-77e5-43d5-9844-4550ecd8ae34,$.cars.cars.77.stints[0].laps[4].car,car,77
2025,03072250-77e5-43d5-9844-4550ecd8ae34,$.cars.cars.77.stints[0].laps[5].lapNumber,lapNumber,6
2025,03072250-77e5-43d5-9844-4550ecd8ae34,$.cars.cars.77.stints[0].laps[5].laptime,laptime,41.6801
2025,03072250-77e5-43d5-9844-4550ecd8ae34,$.cars.cars.77.stints[0].laps[5].driver,driver,0
2025,03072250-77e5-43d5-9844-4550ecd8ae34,$.cars.cars.77.stints[0].laps[5].timestamp,timestamp,1747510396037
2025,03072250-77e5-43d5-9844-4550ecd8ae34,$.cars.cars.77.stints[0].laps[5].car,car,77
2025,03072250-77e5-43d5-9844-4550ecd8ae34,$.cars.cars.77.stints[0].laps[6].lapNumber,lapNumber,7
2025,03072250-77e5-43d5-9844-4550ecd8ae34,$.cars.cars.77.stints[0].laps[6].laptime,laptime,38.7773
2025,03072250-77e5-43d5-9844-4550ecd8ae34,$.cars.cars.77.stints[0].laps[6].driver,driver,0
2025,03072250-77e5-43d5-9844-4550ecd8ae34,$.cars.cars.77.stints[0].laps[6].timestamp,timestamp,1747510436076
2025,03072250-77e5-43d5-9844-4550ecd8ae34,$.cars.cars.77.stints[0].laps[6].car,car,77
2025,03072250-77e5-43d5-9844-4550ecd8ae34,$.cars.cars.77.stints[0].laps[7].lapNumber,lapNumber,8
2025,03072250-77e5-43d5-9844-4550ecd8ae34,$.cars.cars.77.stints[0].laps[7].laptime,laptime,38.8971
2025,03072250-77e5-43d5-9844-4550ecd8ae34,$.cars.cars.77.stints[0].laps[7].driver,driver,0
2025,03072250-77e5-43d5-9844-4550ecd8ae34,$.cars.cars.77.stints[0].laps[7].timestamp,timestamp,1747510474444
2025,03072250-77e5-43d5-9844-4550ecd8ae34,$.cars.cars.77.stints[0].laps[7].car,car,77
2025,03072250-77e5-43d5-9844-4550ecd8ae34,$.cars.cars.77.stints[0].laps[8].lapNumber,lapNumber,9
2025,03072250-77e5-43d5-9844-4550ecd8ae34,$.cars.cars.77.stints[0].laps[8].laptime,laptime,38.9527
2025,03072250-77e5-43d5-9844-4550ecd8ae34,$.cars.cars.77.stints[0].laps[8].driver,driver,0
2025,03072250-77e5-43d5-9844-4550ecd8ae34,$.cars.cars.77.stints[0].laps[8].timestamp,timestamp,1747510512815
2025,03072250-77e5-43d5-9844-4550ecd8ae34,$.cars.cars.77.stints[0].laps[8].car,car,77
2025,03072250-77e5-43d5-9844-4550ecd8ae34,$.cars.cars.77.stints[0].laps[9].lapNumber,lapNumber,10
2025,03072250-77e5-43d5-9844-4550ecd8ae34,$.cars.cars.77.stints[0].laps[9].laptime,laptime,38.9065
2025,03072250-77e5-43d5-9844-4550ecd8ae34,$.cars.cars.77.stints[0].laps[9].driver,driver,0
2025,03072250-77e5-43d5-9844-4550ecd8ae34,$.cars.cars.77.stints[0].laps[9].timestamp,timestamp,1747510552854
2025,03072250-77e5-43d5-9844-4550ecd8ae34,$.cars.cars.77.stints[0].laps[9].car,car,77
2025,03072250-77e5-43d5-9844-4550ecd8ae34,$.cars.cars.77.highestSeenFlagThisLap,highestSeenFlagThisLap,1
2025,03072250-77e5-43d5-9844-4550ecd8ae34,$.cars.cars.83.drivers,drivers,"[{'idx': 0, 'car': '83', 'name': 'Robert Shwartzman'}]"
2025,03072250-77e5-43d5-9844-4550ecd8ae34,$.cars.cars.83.drivers[0].car,car,83
2025,03072250-77e5-43d5-9844-4550ecd8ae34,$.cars.cars.83.currentLap,currentLap,6
2025,03072250-77e5-43d5-9844-4550ecd8ae34,$.cars.cars.83.stints[0].startLap,startLap,1
2025,03072250-77e5-43d5-9844-4550ecd8ae34,$.cars.cars.83.stints[0].startTime,startTime,1747495179996
2025,03072250-77e5-43d5-9844-4550ecd8ae34,$.cars.cars.83.stints[0].car,car,83
2025,03072250-77e5-43d5-9844-4550ecd8ae34,$.cars.cars.83.stints[0].driver,driver,0
2025,03072250-77e5-43d5-9844-4550ecd8ae34,$.cars.cars.83.stints[0].laps,laps,"[{'lapNumber': 1, 'laptime': 40.9675, 'driver': 0, 'flag': 'yellow', 'timestamp': 1747495180037, 'car': '83'}, {'lapNumber': 2, 'laptime': 38.5885, 'driver': 0, 'flag': 'green', 'timestamp': 1747495218430, 'car': '83'}, {'lapNumber': 3, 'laptime': 38.6101, 'driver': 0, 'flag': 'green', 'timestamp': 1747495258367, 'car': '83'}, {'lapNumber': 4, 'laptime': 38.7885, 'driver': 0, 'flag': 'green', 'timestamp': 1747495296771, 'car': '83'}, {'lapNumber': 5, 'laptime': 38.7957, 'driver': 0, 'flag': 'gre..."
2025,03072250-77e5-43d5-9844-4550ecd8ae34,$.cars.cars.83.stints[0].laps[0].lapNumber,lapNumber,1
2025,03072250-77e5-43d5-9844-4550ecd8ae34,$.cars.cars.83.stints[0].laps[0].laptime,laptime,40.9675
2025,03072250-77e5-43d5-9844-4550ecd8ae34,$.cars.cars.83.stints[0].laps[0].driver,driver,0
2025,03072250-77e5-43d5-9844-4550ecd8ae34,$.cars.cars.83.stints[0].laps[0].timestamp,timestamp,1747495180037
2025,03072250-77e5-43d5-9844-4550ecd8ae34,$.cars.cars.83.stints[0].laps[0].car,car,83
2025,03072250-77e5-43d5-9844-4550ecd8ae34,$.cars.cars.83.stints[0].laps[1].lapNumber,lapNumber,2
2025,03072250-77e5-43d5-9844-4550ecd8ae34,$.cars.cars.83.stints[0].laps[1].laptime,laptime,38.5885
2025,03072250-77e5-43d5-9844-4550ecd8ae34,$.cars.cars.83.stints[0].laps[1].driver,driver,0
2025,03072250-77e5-43d5-9844-4550ecd8ae34,$.cars.cars.83.stints[0].laps[1].timestamp,timestamp,1747495218430
2025,03072250-77e5-43d5-9844-4550ecd8ae34,$.cars.cars.83.stints[0].laps[1].car,car,83
2025,03072250-77e5-43d5-9844-4550ecd8ae34,$.cars.cars.83.stints[0].laps[2].lapNumber,lapNumber,3
2025,03072250-77e5-43d5-9844-4550ecd8ae34,$.cars.cars.83.stints[0].laps[2].laptime,laptime,38.6101
2025,03072250-77e5-43d5-9844-4550ecd8ae34,$.cars.cars.83.stints[0].laps[2].driver,driver,0
2025,03072250-77e5-43d5-9844-4550ecd8ae34,$.cars.cars.83.stints[0].laps[2].timestamp,timestamp,1747495258367
2025,03072250-77e5-43d5-9844-4550ecd8ae34,$.cars.cars.83.stints[0].laps[2].car,car,83
2025,03072250-77e5-43d5-9844-4550ecd8ae34,$.cars.cars.83.stints[0].laps[3].lapNumber,lapNumber,4
2025,03072250-77e5-43d5-9844-4550ecd8ae34,$.cars.cars.83.stints[0].laps[3].laptime,laptime,38.7885
2025,03072250-77e5-43d5-9844-4550ecd8ae34,$.cars.cars.83.stints[0].laps[3].driver,driver,0
2025,03072250-77e5-43d5-9844-4550ecd8ae34,$.cars.cars.83.stints[0].laps[3].timestamp,timestamp,1747495296771
2025,03072250-77e5-43d5-9844-4550ecd8ae34,$.cars.cars.83.stints[0].laps[3].car,car,83
2025,03072250-77e5-43d5-9844-4550ecd8ae34,$.cars.cars.83.stints[0].laps[4].lapNumber,lapNumber,5
2025,03072250-77e5-43d5-9844-4550ecd8ae34,$.cars.cars.83.stints[0].laps[4].laptime,laptime,38.7957
2025,03072250-77e5-43d5-9844-4550ecd8ae34,$.cars.cars.83.stints[0].laps[4].driver,driver,0
2025,03072250-77e5-43d5-9844-4550ecd8ae34,$.cars.cars.83.stints[0].laps[4].timestamp,timestamp,1747495335151
2025,03072250-77e5-43d5-9844-4550ecd8ae34,$.cars.cars.83.stints[0].laps[4].car,car,83
2025,03072250-77e5-43d5-9844-4550ecd8ae34,$.cars.cars.83.highestSeenFlagThisLap,highestSeenFlagThisLap,1
2025,03072250-77e5-43d5-9844-4550ecd8ae34,$.cars.cars.90.drivers,drivers,"[{'idx': 0, 'car': '90', 'name': 'Callum Ilott'}]"
2025,03072250-77e5-43d5-9844-4550ecd8ae34,$.cars.cars.90.drivers[0].car,car,90
2025,03072250-77e5-43d5-9844-4550ecd8ae34,$.cars.cars.90.currentLap,currentLap,11
2025,03072250-77e5-43d5-9844-4550ecd8ae34,$.cars.cars.90.stints[0].startLap,startLap,1
2025,03072250-77e5-43d5-9844-4550ecd8ae34,$.cars.cars.90.stints[0].startTime,startTime,1747503357939
2025,03072250-77e5-43d5-9844-4550ecd8ae34,$.cars.cars.90.stints[0].car,car,90
2025,03072250-77e5-43d5-9844-4550ecd8ae34,$.cars.cars.90.stints[0].driver,driver,0
2025,03072250-77e5-43d5-9844-4550ecd8ae34,$.cars.cars.90.stints[0].laps,laps,"[{'lapNumber': 1, 'laptime': 41.6864, 'driver': 0, 'flag': 'yellow', 'timestamp': 1747503357981, 'car': '90'}, {'lapNumber': 2, 'laptime': 38.9275, 'driver': 0, 'flag': 'green', 'timestamp': 1747503396335, 'car': '90'}, {'lapNumber': 3, 'laptime': 38.9392, 'driver': 0, 'flag': 'green', 'timestamp': 1747503434680, 'car': '90'}, {'lapNumber': 4, 'laptime': 39.0905, 'driver': 0, 'flag': 'green', 'timestamp': 1747503474735, 'car': '90'}, {'lapNumber': 5, 'laptime': 39.0871, 'driver': 0, 'flag': 'gre..."
2025,03072250-77e5-43d5-9844-4550ecd8ae34,$.cars.cars.90.stints[0].laps[0].lapNumber,lapNumber,1
2025,03072250-77e5-43d5-9844-4550ecd8ae34,$.cars.cars.90.stints[0].laps[0].laptime,laptime,41.6864
2025,03072250-77e5-43d5-9844-4550ecd8ae34,$.cars.cars.90.stints[0].laps[0].driver,driver,0
2025,03072250-77e5-43d5-9844-4550ecd8ae34,$.cars.cars.90.stints[0].laps[0].timestamp,timestamp,1747503357981
2025,03072250-77e5-43d5-9844-4550ecd8ae34,$.cars.cars.90.stints[0].laps[0].car,car,90
2025,03072250-77e5-43d5-9844-4550ecd8ae34,$.cars.cars.90.stints[0].laps[1].lapNumber,lapNumber,2
2025,03072250-77e5-43d5-9844-4550ecd8ae34,$.cars.cars.90.stints[0].laps[1].laptime,laptime,38.9275
2025,03072250-77e5-43d5-9844-4550ecd8ae34,$.cars.cars.90.stints[0].laps[1].driver,driver,0
2025,03072250-77e5-43d5-9844-4550ecd8ae34,$.cars.cars.90.stints[0].laps[1].timestamp,timestamp,1747503396335
2025,03072250-77e5-43d5-9844-4550ecd8ae34,$.cars.cars.90.stints[0].laps[1].car,car,90
2025,03072250-77e5-43d5-9844-4550ecd8ae34,$.cars.cars.90.stints[0].laps[2].lapNumber,lapNumber,3
2025,03072250-77e5-43d5-9844-4550ecd8ae34,$.cars.cars.90.stints[0].laps[2].laptime,laptime,38.9392
2025,03072250-77e5-43d5-9844-4550ecd8ae34,$.cars.cars.90.stints[0].laps[2].driver,driver,0
2025,03072250-77e5-43d5-9844-4550ecd8ae34,$.cars.cars.90.stints[0].laps[2].timestamp,timestamp,1747503434680
2025,03072250-77e5-43d5-9844-4550ecd8ae34,$.cars.cars.90.stints[0].laps[2].car,car,90
2025,03072250-77e5-43d5-9844-4550ecd8ae34,$.cars.cars.90.stints[0].laps[3].lapNumber,lapNumber,4
2025,03072250-77e5-43d5-9844-4550ecd8ae34,$.cars.cars.90.stints[0].laps[3].laptime,laptime,39.0905
2025,03072250-77e5-43d5-9844-4550ecd8ae34,$.cars.cars.90.stints[0].laps[3].driver,driver,0
2025,03072250-77e5-43d5-9844-4550ecd8ae34,$.cars.cars.90.stints[0].laps[3].timestamp,timestamp,1747503474735
2025,03072250-77e5-43d5-9844-4550ecd8ae34,$.cars.cars.90.stints[0].laps[3].car,car,90
2025,03072250-77e5-43d5-9844-4550ecd8ae34,$.cars.cars.90.stints[0].laps[4].lapNumber,lapNumber,5
2025,03072250-77e5-43d5-9844-4550ecd8ae34,$.cars.cars.90.stints[0].laps[4].laptime,laptime,39.0871
2025,03072250-77e5-43d5-9844-4550ecd8ae34,$.cars.cars.90.stints[0].laps[4].driver,driver,0
2025,03072250-77e5-43d5-9844-4550ecd8ae34,$.cars.cars.90.stints[0].laps[4].timestamp,timestamp,1747503513086
2025,03072250-77e5-43d5-9844-4550ecd8ae34,$.cars.cars.90.stints[0].laps[4].car,car,90
2025,03072250-77e5-43d5-9844-4550ecd8ae34,$.cars.cars.90.stints[0].laps[5].lapNumber,lapNumber,6
2025,03072250-77e5-43d5-9844-4550ecd8ae34,$.cars.cars.90.stints[0].laps[5].laptime,laptime,41.7747
2025,03072250-77e5-43d5-9844-4550ecd8ae34,$.cars.cars.90.stints[0].laps[5].driver,driver,0
2025,03072250-77e5-43d5-9844-4550ecd8ae34,$.cars.cars.90.stints[0].laps[5].timestamp,timestamp,1747513678360
2025,03072250-77e5-43d5-9844-4550ecd8ae34,$.cars.cars.90.stints[0].laps[5].car,car,90
2025,03072250-77e5-43d5-9844-4550ecd8ae34,$.cars.cars.90.stints[0].laps[6].lapNumber,lapNumber,7
2025,03072250-77e5-43d5-9844-4550ecd8ae34,$.cars.cars.90.stints[0].laps[6].laptime,laptime,38.9142
2025,03072250-77e5-43d5-9844-4550ecd8ae34,$.cars.cars.90.stints[0].laps[6].driver,driver,0
2025,03072250-77e5-43d5-9844-4550ecd8ae34,$.cars.cars.90.stints[0].laps[6].timestamp,timestamp,1747513718394
2025,03072250-77e5-43d5-9844-4550ecd8ae34,$.cars.cars.90.stints[0].laps[6].car,car,90
2025,03072250-77e5-43d5-9844-4550ecd8ae34,$.cars.cars.90.stints[0].laps[7].lapNumber,lapNumber,8
2025,03072250-77e5-43d5-9844-4550ecd8ae34,$.cars.cars.90.stints[0].laps[7].laptime,laptime,38.9637
2025,03072250-77e5-43d5-9844-4550ecd8ae34,$.cars.cars.90.stints[0].laps[7].driver,driver,0
2025,03072250-77e5-43d5-9844-4550ecd8ae34,$.cars.cars.90.stints[0].laps[7].timestamp,timestamp,1747513756769
2025,03072250-77e5-43d5-9844-4550ecd8ae34,$.cars.cars.90.stints[0].laps[7].car,car,90
2025,03072250-77e5-43d5-9844-4550ecd8ae34,$.cars.cars.90.stints[0].laps[8].lapNumber,lapNumber,9
2025,03072250-77e5-43d5-9844-4550ecd8ae34,$.cars.cars.90.stints[0].laps[8].laptime,laptime,38.9931
2025,03072250-77e5-43d5-9844-4550ecd8ae34,$.cars.cars.90.stints[0].laps[8].driver,driver,0
2025,03072250-77e5-43d5-9844-4550ecd8ae34,$.cars.cars.90.stints[0].laps[8].timestamp,timestamp,1747513795117
2025,03072250-77e5-43d5-9844-4550ecd8ae34,$.cars.cars.90.stints[0].laps[8].car,car,90
2025,03072250-77e5-43d5-9844-4550ecd8ae34,$.cars.cars.90.stints[0].laps[9].lapNumber,lapNumber,10
2025,03072250-77e5-43d5-9844-4550ecd8ae34,$.cars.cars.90.stints[0].laps[9].laptime,laptime,38.9779
2025,03072250-77e5-43d5-9844-4550ecd8ae34,$.cars.cars.90.stints[0].laps[9].driver,driver,0
2025,03072250-77e5-43d5-9844-4550ecd8ae34,$.cars.cars.90.stints[0].laps[9].timestamp,timestamp,1747513835184
2025,03072250-77e5-43d5-9844-4550ecd8ae34,$.cars.cars.90.stints[0].laps[9].car,car,90
2025,03072250-77e5-43d5-9844-4550ecd8ae34,$.cars.cars.90.highestSeenFlagThisLap,highestSeenFlagThisLap,1
2025,03072250-77e5-43d5-9844-4550ecd8ae34,$.cars.cars.98.drivers,drivers,"[{'idx': 0, 'car': '98', 'name': 'Marco Andretti'}]"
2025,03072250-77e5-43d5-9844-4550ecd8ae34,$.cars.cars.98.drivers[0].car,car,98
2025,03072250-77e5-43d5-9844-4550ecd8ae34,$.cars.cars.98.currentLap,currentLap,21
2025,03072250-77e5-43d5-9844-4550ecd8ae34,$.cars.cars.98.stints[0].startLap,startLap,1
2025,03072250-77e5-43d5-9844-4550ecd8ae34,$.cars.cars.98.stints[0].startTime,startTime,1747500781987
2025,03072250-77e5-43d5-9844-4550ecd8ae34,$.cars.cars.98.stints[0].car,car,98
2025,03072250-77e5-43d5-9844-4550ecd8ae34,$.cars.cars.98.stints[0].driver,driver,0
2025,03072250-77e5-43d5-9844-4550ecd8ae34,$.cars.cars.98.stints[0].laps,laps,"[{'lapNumber': 1, 'laptime': 40.9893, 'driver': 0, 'flag': 'yellow', 'timestamp': 1747500782028, 'car': '98'}, {'lapNumber': 2, 'laptime': 39.1876, 'driver': 0, 'flag': 'green', 'timestamp': 1747500820358, 'car': '98'}, {'lapNumber': 3, 'laptime': 39.158, 'driver': 0, 'flag': 'green', 'timestamp': 1747500859801, 'car': '98'}, {'lapNumber': 4, 'laptime': 39.1674, 'driver': 0, 'flag': 'green', 'timestamp': 1747500898134, 'car': '98'}, {'lapNumber': 5, 'laptime': 39.1061, 'driver': 0, 'flag': 'gree..."
2025,03072250-77e5-43d5-9844-4550ecd8ae34,$.cars.cars.98.stints[0].laps[0].lapNumber,lapNumber,1
2025,03072250-77e5-43d5-9844-4550ecd8ae34,$.cars.cars.98.stints[0].laps[0].laptime,laptime,40.9893
2025,03072250-77e5-43d5-9844-4550ecd8ae34,$.cars.cars.98.stints[0].laps[0].driver,driver,0
2025,03072250-77e5-43d5-9844-4550ecd8ae34,$.cars.cars.98.stints[0].laps[0].timestamp,timestamp,1747500782028
2025,03072250-77e5-43d5-9844-4550ecd8ae34,$.cars.cars.98.stints[0].laps[0].car,car,98
2025,03072250-77e5-43d5-9844-4550ecd8ae34,$.cars.cars.98.stints[0].laps[1].lapNumber,lapNumber,2
2025,03072250-77e5-43d5-9844-4550ecd8ae34,$.cars.cars.98.stints[0].laps[1].laptime,laptime,39.1876
2025,03072250-77e5-43d5-9844-4550ecd8ae34,$.cars.cars.98.stints[0].laps[1].driver,driver,0
2025,03072250-77e5-43d5-9844-4550ecd8ae34,$.cars.cars.98.stints[0].laps[1].timestamp,timestamp,1747500820358
2025,03072250-77e5-43d5-9844-4550ecd8ae34,$.cars.cars.98.stints[0].laps[1].car,car,98
2025,03072250-77e5-43d5-9844-4550ecd8ae34,$.cars.cars.98.stints[0].laps[2].lapNumber,lapNumber,3
2025,03072250-77e5-43d5-9844-4550ecd8ae34,$.cars.cars.98.stints[0].laps[2].laptime,laptime,39.158
2025,03072250-77e5-43d5-9844-4550ecd8ae34,$.cars.cars.98.stints[0].laps[2].driver,driver,0
2025,03072250-77e5-43d5-9844-4550ecd8ae34,$.cars.cars.98.stints[0].laps[2].timestamp,timestamp,1747500859801
2025,03072250-77e5-43d5-9844-4550ecd8ae34,$.cars.cars.98.stints[0].laps[2].car,car,98
2025,03072250-77e5-43d5-9844-4550ecd8ae34,$.cars.cars.98.stints[0].laps[3].lapNumber,lapNumber,4
2025,03072250-77e5-43d5-9844-4550ecd8ae34,$.cars.cars.98.stints[0].laps[3].laptime,laptime,39.1674
2025,03072250-77e5-43d5-9844-4550ecd8ae34,$.cars.cars.98.stints[0].laps[3].driver,driver,0
2025,03072250-77e5-43d5-9844-4550ecd8ae34,$.cars.cars.98.stints[0].laps[3].timestamp,timestamp,1747500898134
2025,03072250-77e5-43d5-9844-4550ecd8ae34,$.cars.cars.98.stints[0].laps[3].car,car,98
2025,03072250-77e5-43d5-9844-4550ecd8ae34,$.cars.cars.98.stints[0].laps[4].lapNumber,lapNumber,5
2025,03072250-77e5-43d5-9844-4550ecd8ae34,$.cars.cars.98.stints[0].laps[4].laptime,laptime,39.1061
2025,03072250-77e5-43d5-9844-4550ecd8ae34,$.cars.cars.98.stints[0].laps[4].driver,driver,0
2025,03072250-77e5-43d5-9844-4550ecd8ae34,$.cars.cars.98.stints[0].laps[4].timestamp,timestamp,1747500936496
2025,03072250-77e5-43d5-9844-4550ecd8ae34,$.cars.cars.98.stints[0].laps[4].car,car,98
2025,03072250-77e5-43d5-9844-4550ecd8ae34,$.cars.cars.98.stints[0].laps[5].lapNumber,lapNumber,6
2025,03072250-77e5-43d5-9844-4550ecd8ae34,$.cars.cars.98.stints[0].laps[5].laptime,laptime,40.7515
2025,03072250-77e5-43d5-9844-4550ecd8ae34,$.cars.cars.98.stints[0].laps[5].driver,driver,0
2025,03072250-77e5-43d5-9844-4550ecd8ae34,$.cars.cars.98.stints[0].laps[5].timestamp,timestamp,1747508427174
2025,03072250-77e5-43d5-9844-4550ecd8ae34,$.cars.cars.98.stints[0].laps[5].car,car,98
2025,03072250-77e5-43d5-9844-4550ecd8ae34,$.cars.cars.98.stints[0].laps[6].lapNumber,lapNumber,7
2025,03072250-77e5-43d5-9844-4550ecd8ae34,$.cars.cars.98.stints[0].laps[6].laptime,laptime,39.1984
2025,03072250-77e5-43d5-9844-4550ecd8ae34,$.cars.cars.98.stints[0].laps[6].driver,driver,0
2025,03072250-77e5-43d5-9844-4550ecd8ae34,$.cars.cars.98.stints[0].laps[6].timestamp,timestamp,1747508467244
2025,03072250-77e5-43d5-9844-4550ecd8ae34,$.cars.cars.98.stints[0].laps[6].car,car,98
2025,03072250-77e5-43d5-9844-4550ecd8ae34,$.cars.cars.98.stints[0].laps[7].lapNumber,lapNumber,8
2025,03072250-77e5-43d5-9844-4550ecd8ae34,$.cars.cars.98.stints[0].laps[7].laptime,laptime,39.2576
2025,03072250-77e5-43d5-9844-4550ecd8ae34,$.cars.cars.98.stints[0].laps[7].driver,driver,0
2025,03072250-77e5-43d5-9844-4550ecd8ae34,$.cars.cars.98.stints[0].laps[7].timestamp,timestamp,1747508507286
2025,03072250-77e5-43d5-9844-4550ecd8ae34,$.cars.cars.98.stints[0].laps[7].car,car,98
2025,03072250-77e5-43d5-9844-4550ecd8ae34,$.cars.cars.98.stints[0].laps[8].lapNumber,lapNumber,9
2025,03072250-77e5-43d5-9844-4550ecd8ae34,$.cars.cars.98.stints[0].laps[8].laptime,laptime,39.2774
2025,03072250-77e5-43d5-9844-4550ecd8ae34,$.cars.cars.98.stints[0].laps[8].driver,driver,0
2025,03072250-77e5-43d5-9844-4550ecd8ae34,$.cars.cars.98.stints[0].laps[8].timestamp,timestamp,1747508545663
2025,03072250-77e5-43d5-9844-4550ecd8ae34,$.cars.cars.98.stints[0].laps[8].car,car,98
2025,03072250-77e5-43d5-9844-4550ecd8ae34,$.cars.cars.98.stints[0].laps[9].lapNumber,lapNumber,10
2025,03072250-77e5-43d5-9844-4550ecd8ae34,$.cars.cars.98.stints[0].laps[9].laptime,laptime,39.2278
2025,03072250-77e5-43d5-9844-4550ecd8ae34,$.cars.cars.98.stints[0].laps[9].driver,driver,0
2025,03072250-77e5-43d5-9844-4550ecd8ae34,$.cars.cars.98.stints[0].laps[9].timestamp,timestamp,1747508584027
2025,03072250-77e5-43d5-9844-4550ecd8ae34,$.cars.cars.98.stints[0].laps[9].car,car,98
2025,03072250-77e5-43d5-9844-4550ecd8ae34,$.cars.cars.98.stints[0].laps[10].lapNumber,lapNumber,11
2025,03072250-77e5-43d5-9844-4550ecd8ae34,$.cars.cars.98.stints[0].laps[10].laptime,laptime,40.8381
2025,03072250-77e5-43d5-9844-4550ecd8ae34,$.cars.cars.98.stints[0].laps[10].driver,driver,0
2025,03072250-77e5-43d5-9844-4550ecd8ae34,$.cars.cars.98.stints[0].laps[10].timestamp,timestamp,1747515345007
2025,03072250-77e5-43d5-9844-4550ecd8ae34,$.cars.cars.98.stints[0].laps[10].car,car,98
2025,03072250-77e5-43d5-9844-4550ecd8ae34,$.cars.cars.98.stints[0].laps[11].lapNumber,lapNumber,12
2025,03072250-77e5-43d5-9844-4550ecd8ae34,$.cars.cars.98.stints[0].laps[11].laptime,laptime,39.1535
2025,03072250-77e5-43d5-9844-4550ecd8ae34,$.cars.cars.98.stints[0].laps[11].driver,driver,0
2025,03072250-77e5-43d5-9844-4550ecd8ae34,$.cars.cars.98.stints[0].laps[11].timestamp,timestamp,1747515383362
2025,03072250-77e5-43d5-9844-4550ecd8ae34,$.cars.cars.98.stints[0].laps[11].car,car,98
2025,03072250-77e5-43d5-9844-4550ecd8ae34,$.cars.cars.98.stints[0].laps[12].lapNumber,lapNumber,13
2025,03072250-77e5-43d5-9844-4550ecd8ae34,$.cars.cars.98.stints[0].laps[12].laptime,laptime,39.2334
2025,03072250-77e5-43d5-9844-4550ecd8ae34,$.cars.cars.98.stints[0].laps[12].driver,driver,0
2025,03072250-77e5-43d5-9844-4550ecd8ae34,$.cars.cars.98.stints[0].laps[12].timestamp,timestamp,1747515423412
2025,03072250-77e5-43d5-9844-4550ecd8ae34,$.cars.cars.98.stints[0].laps[12].car,car,98
2025,03072250-77e5-43d5-9844-4550ecd8ae34,$.cars.cars.98.stints[0].laps[13].lapNumber,lapNumber,14
2025,03072250-77e5-43d5-9844-4550ecd8ae34,$.cars.cars.98.stints[0].laps[13].laptime,laptime,39.2525
2025,03072250-77e5-43d5-9844-4550ecd8ae34,$.cars.cars.98.stints[0].laps[13].driver,driver,0
2025,03072250-77e5-43d5-9844-4550ecd8ae34,$.cars.cars.98.stints[0].laps[13].timestamp,timestamp,1747515461763
2025,03072250-77e5-43d5-9844-4550ecd8ae34,$.cars.cars.98.stints[0].laps[13].car,car,98
2025,03072250-77e5-43d5-9844-4550ecd8ae34,$.cars.cars.98.stints[0].laps[14].lapNumber,lapNumber,15
2025,03072250-77e5-43d5-9844-4550ecd8ae34,$.cars.cars.98.stints[0].laps[14].laptime,laptime,39.2402
2025,03072250-77e5-43d5-9844-4550ecd8ae34,$.cars.cars.98.stints[0].laps[14].driver,driver,0
2025,03072250-77e5-43d5-9844-4550ecd8ae34,$.cars.cars.98.stints[0].laps[14].timestamp,timestamp,1747515500139
2025,03072250-77e5-43d5-9844-4550ecd8ae34,$.cars.cars.98.stints[0].laps[14].car,car,98
2025,03072250-77e5-43d5-9844-4550ecd8ae34,$.cars.cars.98.stints[0].laps[15].lapNumber,lapNumber,16
2025,03072250-77e5-43d5-9844-4550ecd8ae34,$.cars.cars.98.stints[0].laps[15].laptime,laptime,40.722
2025,03072250-77e5-43d5-9844-4550ecd8ae34,$.cars.cars.98.stints[0].laps[15].driver,driver,0
2025,03072250-77e5-43d5-9844-4550ecd8ae34,$.cars.cars.98.stints[0].laps[15].timestamp,timestamp,1747517683924
2025,03072250-77e5-43d5-9844-4550ecd8ae34,$.cars.cars.98.stints[0].laps[15].car,car,98
2025,03072250-77e5-43d5-9844-4550ecd8ae34,$.cars.cars.98.stints[0].laps[16].lapNumber,lapNumber,17
2025,03072250-77e5-43d5-9844-4550ecd8ae34,$.cars.cars.98.stints[0].laps[16].laptime,laptime,39.048
2025,03072250-77e5-43d5-9844-4550ecd8ae34,$.cars.cars.98.stints[0].laps[16].driver,driver,0
2025,03072250-77e5-43d5-9844-4550ecd8ae34,$.cars.cars.98.stints[0].laps[16].timestamp,timestamp,1747517723929
2025,03072250-77e5-43d5-9844-4550ecd8ae34,$.cars.cars.98.stints[0].laps[16].car,car,98
2025,03072250-77e5-43d5-9844-4550ecd8ae34,$.cars.cars.98.stints[0].laps[17].lapNumber,lapNumber,18
2025,03072250-77e5-43d5-9844-4550ecd8ae34,$.cars.cars.98.stints[0].laps[17].laptime,laptime,39.1769
2025,03072250-77e5-43d5-9844-4550ecd8ae34,$.cars.cars.98.stints[0].laps[17].driver,driver,0
2025,03072250-77e5-43d5-9844-4550ecd8ae34,$.cars.cars.98.stints[0].laps[17].timestamp,timestamp,1747517763968
2025,03072250-77e5-43d5-9844-4550ecd8ae34,$.cars.cars.98.stints[0].laps[17].car,car,98
2025,03072250-77e5-43d5-9844-4550ecd8ae34,$.cars.cars.98.stints[0].laps[18].lapNumber,lapNumber,19
2025,03072250-77e5-43d5-9844-4550ecd8ae34,$.cars.cars.98.stints[0].laps[18].laptime,laptime,39.0925
2025,03072250-77e5-43d5-9844-4550ecd8ae34,$.cars.cars.98.stints[0].laps[18].driver,driver,0
2025,03072250-77e5-43d5-9844-4550ecd8ae34,$.cars.cars.98.stints[0].laps[18].timestamp,timestamp,1747517802310
2025,03072250-77e5-43d5-9844-4550ecd8ae34,$.cars.cars.98.stints[0].laps[18].car,car,98
2025,03072250-77e5-43d5-9844-4550ecd8ae34,$.cars.cars.98.stints[0].laps[19].lapNumber,lapNumber,20
2025,03072250-77e5-43d5-9844-4550ecd8ae34,$.cars.cars.98.stints[0].laps[19].laptime,laptime,39.3006
2025,03072250-77e5-43d5-9844-4550ecd8ae34,$.cars.cars.98.stints[0].laps[19].driver,driver,0
2025,03072250-77e5-43d5-9844-4550ecd8ae34,$.cars.cars.98.stints[0].laps[19].timestamp,timestamp,1747517842359
2025,03072250-77e5-43d5-9844-4550ecd8ae34,$.cars.cars.98.stints[0].laps[19].car,car,98
2025,03072250-77e5-43d5-9844-4550ecd8ae34,$.cars.cars.98.highestSeenFlagThisLap,highestSeenFlagThisLap,1
2025,03072250-77e5-43d5-9844-4550ecd8ae34,$.cars.cars.06.drivers,drivers,"[{'idx': 0, 'car': '06', 'name': 'Helio Castroneves'}]"
2025,03072250-77e5-43d5-9844-4550ecd8ae34,$.cars.cars.06.drivers[0].car,car,06
2025,03072250-77e5-43d5-9844-4550ecd8ae34,$.cars.cars.06.currentLap,currentLap,11
2025,03072250-77e5-43d5-9844-4550ecd8ae34,$.cars.cars.06.stints[0].startLap,startLap,1
2025,03072250-77e5-43d5-9844-4550ecd8ae34,$.cars.cars.06.stints[0].startTime,startTime,1747505503982
2025,03072250-77e5-43d5-9844-4550ecd8ae34,$.cars.cars.06.stints[0].car,car,06
2025,03072250-77e5-43d5-9844-4550ecd8ae34,$.cars.cars.06.stints[0].driver,driver,0
2025,03072250-77e5-43d5-9844-4550ecd8ae34,$.cars.cars.06.stints[0].laps,laps,"[{'lapNumber': 1, 'laptime': 41.5278, 'driver': 0, 'flag': 'yellow', 'timestamp': 1747505504024, 'car': '06'}, {'lapNumber': 2, 'laptime': 39.2006, 'driver': 0, 'flag': 'green', 'timestamp': 1747505544046, 'car': '06'}, {'lapNumber': 3, 'laptime': 39.0314, 'driver': 0, 'flag': 'green', 'timestamp': 1747505582426, 'car': '06'}, {'lapNumber': 4, 'laptime': 39.2578, 'driver': 0, 'flag': 'green', 'timestamp': 1747505620828, 'car': '06'}, {'lapNumber': 5, 'laptime': 39.2812, 'driver': 0, 'flag': 'gre..."
2025,03072250-77e5-43d5-9844-4550ecd8ae34,$.cars.cars.06.stints[0].laps[0].lapNumber,lapNumber,1
2025,03072250-77e5-43d5-9844-4550ecd8ae34,$.cars.cars.06.stints[0].laps[0].laptime,laptime,41.5278
2025,03072250-77e5-43d5-9844-4550ecd8ae34,$.cars.cars.06.stints[0].laps[0].driver,driver,0
2025,03072250-77e5-43d5-9844-4550ecd8ae34,$.cars.cars.06.stints[0].laps[0].timestamp,timestamp,1747505504024
2025,03072250-77e5-43d5-9844-4550ecd8ae34,$.cars.cars.06.stints[0].laps[0].car,car,06
2025,03072250-77e5-43d5-9844-4550ecd8ae34,$.cars.cars.06.stints[0].laps[1].lapNumber,lapNumber,2
2025,03072250-77e5-43d5-9844-4550ecd8ae34,$.cars.cars.06.stints[0].laps[1].laptime,laptime,39.2006
2025,03072250-77e5-43d5-9844-4550ecd8ae34,$.cars.cars.06.stints[0].laps[1].driver,driver,0
2025,03072250-77e5-43d5-9844-4550ecd8ae34,$.cars.cars.06.stints[0].laps[1].timestamp,timestamp,1747505544046
2025,03072250-77e5-43d5-9844-4550ecd8ae34,$.cars.cars.06.stints[0].laps[1].car,car,06
2025,03072250-77e5-43d5-9844-4550ecd8ae34,$.cars.cars.06.stints[0].laps[2].lapNumber,lapNumber,3
2025,03072250-77e5-43d5-9844-4550ecd8ae34,$.cars.cars.06.stints[0].laps[2].laptime,laptime,39.0314
2025,03072250-77e5-43d5-9844-4550ecd8ae34,$.cars.cars.06.stints[0].laps[2].driver,driver,0
2025,03072250-77e5-43d5-9844-4550ecd8ae34,$.cars.cars.06.stints[0].laps[2].timestamp,timestamp,1747505582426
2025,03072250-77e5-43d5-9844-4550ecd8ae34,$.cars.cars.06.stints[0].laps[2].car,car,06
2025,03072250-77e5-43d5-9844-4550ecd8ae34,$.cars.cars.06.stints[0].laps[3].lapNumber,lapNumber,4
2025,03072250-77e5-43d5-9844-4550ecd8ae34,$.cars.cars.06.stints[0].laps[3].laptime,laptime,39.2578
2025,03072250-77e5-43d5-9844-4550ecd8ae34,$.cars.cars.06.stints[0].laps[3].driver,driver,0
2025,03072250-77e5-43d5-9844-4550ecd8ae34,$.cars.cars.06.stints[0].laps[3].timestamp,timestamp,1747505620828
2025,03072250-77e5-43d5-9844-4550ecd8ae34,$.cars.cars.06.stints[0].laps[3].car,car,06
2025,03072250-77e5-43d5-9844-4550ecd8ae34,$.cars.cars.06.stints[0].laps[4].lapNumber,lapNumber,5
2025,03072250-77e5-43d5-9844-4550ecd8ae34,$.cars.cars.06.stints[0].laps[4].laptime,laptime,39.2812
2025,03072250-77e5-43d5-9844-4550ecd8ae34,$.cars.cars.06.stints[0].laps[4].driver,driver,0
2025,03072250-77e5-43d5-9844-4550ecd8ae34,$.cars.cars.06.stints[0].laps[4].timestamp,timestamp,1747505660900
2025,03072250-77e5-43d5-9844-4550ecd8ae34,$.cars.cars.06.stints[0].laps[4].car,car,06
2025,03072250-77e5-43d5-9844-4550ecd8ae34,$.cars.cars.06.stints[0].laps[5].lapNumber,lapNumber,6
2025,03072250-77e5-43d5-9844-4550ecd8ae34,$.cars.cars.06.stints[0].laps[5].laptime,laptime,41.4886
2025,03072250-77e5-43d5-9844-4550ecd8ae34,$.cars.cars.06.stints[0].laps[5].driver,driver,0
2025,03072250-77e5-43d5-9844-4550ecd8ae34,$.cars.cars.06.stints[0].laps[5].timestamp,timestamp,1747511343727
2025,03072250-77e5-43d5-9844-4550ecd8ae34,$.cars.cars.06.stints[0].laps[5].car,car,06
2025,03072250-77e5-43d5-9844-4550ecd8ae34,$.cars.cars.06.stints[0].laps[6].lapNumber,lapNumber,7
2025,03072250-77e5-43d5-9844-4550ecd8ae34,$.cars.cars.06.stints[0].laps[6].laptime,laptime,38.9097
2025,03072250-77e5-43d5-9844-4550ecd8ae34,$.cars.cars.06.stints[0].laps[6].driver,driver,0
2025,03072250-77e5-43d5-9844-4550ecd8ae34,$.cars.cars.06.stints[0].laps[6].timestamp,timestamp,1747511383787
2025,03072250-77e5-43d5-9844-4550ecd8ae34,$.cars.cars.06.stints[0].laps[6].car,car,06
2025,03072250-77e5-43d5-9844-4550ecd8ae34,$.cars.cars.06.stints[0].laps[7].lapNumber,lapNumber,8
2025,03072250-77e5-43d5-9844-4550ecd8ae34,$.cars.cars.06.stints[0].laps[7].laptime,laptime,38.9394
2025,03072250-77e5-43d5-9844-4550ecd8ae34,$.cars.cars.06.stints[0].laps[7].driver,driver,0
2025,03072250-77e5-43d5-9844-4550ecd8ae34,$.cars.cars.06.stints[0].laps[7].timestamp,timestamp,1747511422209
2025,03072250-77e5-43d5-9844-4550ecd8ae34,$.cars.cars.06.stints[0].laps[7].car,car,06
2025,03072250-77e5-43d5-9844-4550ecd8ae34,$.cars.cars.06.stints[0].laps[8].lapNumber,lapNumber,9
2025,03072250-77e5-43d5-9844-4550ecd8ae34,$.cars.cars.06.stints[0].laps[8].laptime,laptime,39.0034
2025,03072250-77e5-43d5-9844-4550ecd8ae34,$.cars.cars.06.stints[0].laps[8].driver,driver,0
2025,03072250-77e5-43d5-9844-4550ecd8ae34,$.cars.cars.06.stints[0].laps[8].timestamp,timestamp,1747511462260
2025,03072250-77e5-43d5-9844-4550ecd8ae34,$.cars.cars.06.stints[0].laps[8].car,car,06
2025,03072250-77e5-43d5-9844-4550ecd8ae34,$.cars.cars.06.stints[0].laps[9].lapNumber,lapNumber,10
2025,03072250-77e5-43d5-9844-4550ecd8ae34,$.cars.cars.06.stints[0].laps[9].laptime,laptime,39.0067
2025,03072250-77e5-43d5-9844-4550ecd8ae34,$.cars.cars.06.stints[0].laps[9].driver,driver,0
2025,03072250-77e5-43d5-9844-4550ecd8ae34,$.cars.cars.06.stints[0].laps[9].timestamp,timestamp,1747511500644
2025,03072250-77e5-43d5-9844-4550ecd8ae34,$.cars.cars.06.stints[0].laps[9].car,car,06
2025,03072250-77e5-43d5-9844-4550ecd8ae34,$.cars.cars.06.highestSeenFlagThisLap,highestSeenFlagThisLap,1
2025,03072250-77e5-43d5-9844-4550ecd8ae34,$.messages.messages[0].carNum,carNum,None
2025,03072250-77e5-43d5-9844-4550ecd8ae34,$.messages.messages[0].timestamp,timestamp,1747518638162
2025,03072250-77e5-43d5-9844-4550ecd8ae34,$.messages.messages[1].carNum,carNum,None
2025,03072250-77e5-43d5-9844-4550ecd8ae34,$.messages.messages[1].timestamp,timestamp,1747518633159
2025,03072250-77e5-43d5-9844-4550ecd8ae34,$.messages.messages[2].carNum,carNum,76
2025,03072250-77e5-43d5-9844-4550ecd8ae34,$.messages.messages[2].timestamp,timestamp,1747518538116
2025,03072250-77e5-43d5-9844-4550ecd8ae34,$.messages.messages[3].carNum,carNum,None
2025,03072250-77e5-43d5-9844-4550ecd8ae34,$.messages.messages[3].timestamp,timestamp,1747518458058
2025,03072250-77e5-43d5-9844-4550ecd8ae34,$.messages.messages[4].carNum,carNum,None
2025,03072250-77e5-43d5-9844-4550ecd8ae34,$.messages.messages[4].timestamp,timestamp,1747518342958
2025,03072250-77e5-43d5-9844-4550ecd8ae34,$.messages.messages[5].carNum,carNum,66
2025,03072250-77e5-43d5-9844-4550ecd8ae34,$.messages.messages[5].timestamp,timestamp,1747518251208
2025,03072250-77e5-43d5-9844-4550ecd8ae34,$.messages.messages[6].carNum,carNum,None
2025,03072250-77e5-43d5-9844-4550ecd8ae34,$.messages.messages[6].timestamp,timestamp,1747518207820
2025,03072250-77e5-43d5-9844-4550ecd8ae34,$.messages.messages[7].carNum,carNum,None
2025,03072250-77e5-43d5-9844-4550ecd8ae34,$.messages.messages[7].timestamp,timestamp,1747518076074
2025,03072250-77e5-43d5-9844-4550ecd8ae34,$.messages.messages[8].carNum,carNum,None
2025,03072250-77e5-43d5-9844-4550ecd8ae34,$.messages.messages[8].timestamp,timestamp,1747517944101
2025,03072250-77e5-43d5-9844-4550ecd8ae34,$.messages.messages[9].carNum,carNum,None
2025,03072250-77e5-43d5-9844-4550ecd8ae34,$.messages.messages[9].timestamp,timestamp,1747517859036
2025,03072250-77e5-43d5-9844-4550ecd8ae34,$.messages.messages[10].carNum,carNum,98
2025,03072250-77e5-43d5-9844-4550ecd8ae34,$.messages.messages[10].timestamp,timestamp,1747517723929
2025,03072250-77e5-43d5-9844-4550ecd8ae34,$.messages.messages[11].carNum,carNum,None
2025,03072250-77e5-43d5-9844-4550ecd8ae34,$.messages.messages[11].timestamp,timestamp,1747517680592
2025,03072250-77e5-43d5-9844-4550ecd8ae34,$.messages.messages[12].carNum,carNum,None
2025,03072250-77e5-43d5-9844-4550ecd8ae34,$.messages.messages[12].timestamp,timestamp,1747517547123
2025,03072250-77e5-43d5-9844-4550ecd8ae34,$.messages.messages[13].carNum,carNum,None
2025,03072250-77e5-43d5-9844-4550ecd8ae34,$.messages.messages[13].timestamp,timestamp,1747517416903
2025,03072250-77e5-43d5-9844-4550ecd8ae34,$.messages.messages[14].carNum,carNum,None
2025,03072250-77e5-43d5-9844-4550ecd8ae34,$.messages.messages[14].timestamp,timestamp,1747517265114
2025,03072250-77e5-43d5-9844-4550ecd8ae34,$.messages.messages[15].carNum,carNum,14
2025,03072250-77e5-43d5-9844-4550ecd8ae34,$.messages.messages[15].timestamp,timestamp,1747517210052
2025,03072250-77e5-43d5-9844-4550ecd8ae34,$.messages.messages[16].carNum,carNum,None
2025,03072250-77e5-43d5-9844-4550ecd8ae34,$.messages.messages[16].timestamp,timestamp,1747517168355
2025,03072250-77e5-43d5-9844-4550ecd8ae34,$.messages.messages[17].carNum,carNum,None
2025,03072250-77e5-43d5-9844-4550ecd8ae34,$.messages.messages[17].timestamp,timestamp,1747517078254
2025,03072250-77e5-43d5-9844-4550ecd8ae34,$.messages.messages[18].carNum,carNum,None
2025,03072250-77e5-43d5-9844-4550ecd8ae34,$.messages.messages[18].timestamp,timestamp,1747516904802
2025,03072250-77e5-43d5-9844-4550ecd8ae34,$.messages.messages[19].carNum,carNum,None
2025,03072250-77e5-43d5-9844-4550ecd8ae34,$.messages.messages[19].timestamp,timestamp,1747516819715
2025,03072250-77e5-43d5-9844-4550ecd8ae34,$.messages.messages[20].carNum,carNum,4
2025,03072250-77e5-43d5-9844-4550ecd8ae34,$.messages.messages[20].timestamp,timestamp,1747516687502
2025,03072250-77e5-43d5-9844-4550ecd8ae34,$.messages.messages[21].carNum,carNum,None
2025,03072250-77e5-43d5-9844-4550ecd8ae34,$.messages.messages[21].timestamp,timestamp,1747516644111
2025,03072250-77e5-43d5-9844-4550ecd8ae34,$.messages.messages[22].carNum,carNum,None
2025,03072250-77e5-43d5-9844-4550ecd8ae34,$.messages.messages[22].timestamp,timestamp,1747516553857
2025,03072250-77e5-43d5-9844-4550ecd8ae34,$.messages.messages[23].carNum,carNum,45
2025,03072250-77e5-43d5-9844-4550ecd8ae34,$.messages.messages[23].timestamp,timestamp,1747516421995
2025,03072250-77e5-43d5-9844-4550ecd8ae34,$.messages.messages[24].carNum,carNum,None
2025,03072250-77e5-43d5-9844-4550ecd8ae34,$.messages.messages[24].timestamp,timestamp,1747516378313
2025,03072250-77e5-43d5-9844-4550ecd8ae34,$.messages.messages[25].carNum,carNum,None
2025,03072250-77e5-43d5-9844-4550ecd8ae34,$.messages.messages[25].timestamp,timestamp,1747516282623
2025,03072250-77e5-43d5-9844-4550ecd8ae34,$.messages.messages[26].carNum,carNum,None
2025,03072250-77e5-43d5-9844-4550ecd8ae34,$.messages.messages[26].timestamp,timestamp,1747516105776
2025,03072250-77e5-43d5-9844-4550ecd8ae34,$.messages.messages[27].carNum,carNum,None
2025,03072250-77e5-43d5-9844-4550ecd8ae34,$.messages.messages[27].timestamp,timestamp,1747515970725
2025,03072250-77e5-43d5-9844-4550ecd8ae34,$.messages.messages[28].carNum,carNum,66
2025,03072250-77e5-43d5-9844-4550ecd8ae34,$.messages.messages[28].timestamp,timestamp,1747515962387
2025,03072250-77e5-43d5-9844-4550ecd8ae34,$.messages.messages[29].carNum,carNum,66
2025,03072250-77e5-43d5-9844-4550ecd8ae34,$.messages.messages[29].timestamp,timestamp,1747515922291
2025,03072250-77e5-43d5-9844-4550ecd8ae34,$.messages.messages[30].carNum,carNum,66
2025,03072250-77e5-43d5-9844-4550ecd8ae34,$.messages.messages[30].timestamp,timestamp,1747515882273
2025,03072250-77e5-43d5-9844-4550ecd8ae34,$.messages.messages[31].carNum,carNum,None
2025,03072250-77e5-43d5-9844-4550ecd8ae34,$.messages.messages[31].timestamp,timestamp,1747515878940
2025,03072250-77e5-43d5-9844-4550ecd8ae34,$.messages.messages[32].carNum,carNum,None
2025,03072250-77e5-43d5-9844-4550ecd8ae34,$.messages.messages[32].timestamp,timestamp,1747515782208
2025,03072250-77e5-43d5-9844-4550ecd8ae34,$.messages.messages[33].carNum,carNum,75
2025,03072250-77e5-43d5-9844-4550ecd8ae34,$.messages.messages[33].timestamp,timestamp,1747515647030
2025,03072250-77e5-43d5-9844-4550ecd8ae34,$.messages.messages[34].carNum,carNum,None
2025,03072250-77e5-43d5-9844-4550ecd8ae34,$.messages.messages[34].timestamp,timestamp,1747515605299
2025,03072250-77e5-43d5-9844-4550ecd8ae34,$.messages.messages[35].carNum,carNum,None
2025,03072250-77e5-43d5-9844-4550ecd8ae34,$.messages.messages[35].timestamp,timestamp,1747515520132
2025,03072250-77e5-43d5-9844-4550ecd8ae34,$.messages.messages[36].carNum,carNum,None
2025,03072250-77e5-43d5-9844-4550ecd8ae34,$.messages.messages[36].timestamp,timestamp,1747515339994
2025,03072250-77e5-43d5-9844-4550ecd8ae34,$.messages.messages[37].carNum,carNum,None
2025,03072250-77e5-43d5-9844-4550ecd8ae34,$.messages.messages[37].timestamp,timestamp,1747515249921
2025,03072250-77e5-43d5-9844-4550ecd8ae34,$.messages.messages[38].carNum,carNum,None
2025,03072250-77e5-43d5-9844-4550ecd8ae34,$.messages.messages[38].timestamp,timestamp,1747515073000
2025,03072250-77e5-43d5-9844-4550ecd8ae34,$.messages.messages[39].carNum,carNum,None
2025,03072250-77e5-43d5-9844-4550ecd8ae34,$.messages.messages[39].timestamp,timestamp,1747514971212
2025,03072250-77e5-43d5-9844-4550ecd8ae34,$.messages.messages[40].carNum,carNum,26
2025,03072250-77e5-43d5-9844-4550ecd8ae34,$.messages.messages[40].timestamp,timestamp,1747514876128
2025,03072250-77e5-43d5-9844-4550ecd8ae34,$.messages.messages[41].carNum,carNum,26
2025,03072250-77e5-43d5-9844-4550ecd8ae34,$.messages.messages[41].timestamp,timestamp,1747514836121
2025,03072250-77e5-43d5-9844-4550ecd8ae34,$.messages.messages[42].carNum,carNum,None
2025,03072250-77e5-43d5-9844-4550ecd8ae34,$.messages.messages[42].timestamp,timestamp,1747514794408
2025,03072250-77e5-43d5-9844-4550ecd8ae34,$.messages.messages[43].carNum,carNum,None
2025,03072250-77e5-43d5-9844-4550ecd8ae34,$.messages.messages[43].timestamp,timestamp,1747514682693
2025,03072250-77e5-43d5-9844-4550ecd8ae34,$.messages.messages[44].carNum,carNum,None
2025,03072250-77e5-43d5-9844-4550ecd8ae34,$.messages.messages[44].timestamp,timestamp,1747514505726
2025,03072250-77e5-43d5-9844-4550ecd8ae34,$.messages.messages[45].carNum,carNum,None
2025,03072250-77e5-43d5-9844-4550ecd8ae34,$.messages.messages[45].timestamp,timestamp,1747514362300
2025,03072250-77e5-43d5-9844-4550ecd8ae34,$.messages.messages[46].carNum,carNum,23
2025,03072250-77e5-43d5-9844-4550ecd8ae34,$.messages.messages[46].timestamp,timestamp,1747514228890
2025,03072250-77e5-43d5-9844-4550ecd8ae34,$.messages.messages[47].carNum,carNum,None
2025,03072250-77e5-43d5-9844-4550ecd8ae34,$.messages.messages[47].timestamp,timestamp,1747514187202
2025,03072250-77e5-43d5-9844-4550ecd8ae34,$.messages.messages[48].carNum,carNum,None
2025,03072250-77e5-43d5-9844-4550ecd8ae34,$.messages.messages[48].timestamp,timestamp,1747514062057
2025,03072250-77e5-43d5-9844-4550ecd8ae34,$.messages.messages[49].carNum,carNum,None
2025,03072250-77e5-43d5-9844-4550ecd8ae34,$.messages.messages[49].timestamp,timestamp,1747513943623
2025,03072250-77e5-43d5-9844-4550ecd8ae34,$.messages.messages[50].carNum,carNum,None
2025,03072250-77e5-43d5-9844-4550ecd8ae34,$.messages.messages[50].timestamp,timestamp,1747513851857
2025,03072250-77e5-43d5-9844-4550ecd8ae34,$.messages.messages[51].carNum,carNum,90
2025,03072250-77e5-43d5-9844-4550ecd8ae34,$.messages.messages[51].timestamp,timestamp,1747513718393
2025,03072250-77e5-43d5-9844-4550ecd8ae34,$.messages.messages[52].carNum,carNum,None
2025,03072250-77e5-43d5-9844-4550ecd8ae34,$.messages.messages[52].timestamp,timestamp,1747513675025
2025,03072250-77e5-43d5-9844-4550ecd8ae34,$.messages.messages[53].carNum,carNum,None
2025,03072250-77e5-43d5-9844-4550ecd8ae34,$.messages.messages[53].timestamp,timestamp,1747513578230
2025,03072250-77e5-43d5-9844-4550ecd8ae34,$.messages.messages[54].carNum,carNum,18
2025,03072250-77e5-43d5-9844-4550ecd8ae34,$.messages.messages[54].timestamp,timestamp,1747513483185
2025,03072250-77e5-43d5-9844-4550ecd8ae34,$.messages.messages[55].carNum,carNum,18
2025,03072250-77e5-43d5-9844-4550ecd8ae34,$.messages.messages[55].timestamp,timestamp,1747513443159
2025,03072250-77e5-43d5-9844-4550ecd8ae34,$.messages.messages[56].carNum,carNum,None
2025,03072250-77e5-43d5-9844-4550ecd8ae34,$.messages.messages[56].timestamp,timestamp,1747513401479
2025,03072250-77e5-43d5-9844-4550ecd8ae34,$.messages.messages[57].carNum,carNum,None
2025,03072250-77e5-43d5-9844-4550ecd8ae34,$.messages.messages[57].timestamp,timestamp,1747513258022
2025,03072250-77e5-43d5-9844-4550ecd8ae34,$.messages.messages[58].carNum,carNum,None
2025,03072250-77e5-43d5-9844-4550ecd8ae34,$.messages.messages[58].timestamp,timestamp,1747513184542
2025,03072250-77e5-43d5-9844-4550ecd8ae34,$.messages.messages[59].carNum,carNum,None
2025,03072250-77e5-43d5-9844-4550ecd8ae34,$.messages.messages[59].timestamp,timestamp,1747513092804
2025,03072250-77e5-43d5-9844-4550ecd8ae34,$.messages.messages[60].carNum,carNum,30
2025,03072250-77e5-43d5-9844-4550ecd8ae34,$.messages.messages[60].timestamp,timestamp,1747512959326
2025,03072250-77e5-43d5-9844-4550ecd8ae34,$.messages.messages[61].carNum,carNum,None
2025,03072250-77e5-43d5-9844-4550ecd8ae34,$.messages.messages[61].timestamp,timestamp,1747512915974
2025,03072250-77e5-43d5-9844-4550ecd8ae34,$.messages.messages[62].carNum,carNum,None
2025,03072250-77e5-43d5-9844-4550ecd8ae34,$.messages.messages[62].timestamp,timestamp,1747512779223
2025,03072250-77e5-43d5-9844-4550ecd8ae34,$.messages.messages[63].carNum,carNum,51
2025,03072250-77e5-43d5-9844-4550ecd8ae34,$.messages.messages[63].timestamp,timestamp,1747512724151
2025,03072250-77e5-43d5-9844-4550ecd8ae34,$.messages.messages[64].carNum,carNum,None
2025,03072250-77e5-43d5-9844-4550ecd8ae34,$.messages.messages[64].timestamp,timestamp,1747512680754
2025,03072250-77e5-43d5-9844-4550ecd8ae34,$.messages.messages[65].carNum,carNum,None
2025,03072250-77e5-43d5-9844-4550ecd8ae34,$.messages.messages[65].timestamp,timestamp,1747512538943
2025,03072250-77e5-43d5-9844-4550ecd8ae34,$.messages.messages[66].carNum,carNum,None
2025,03072250-77e5-43d5-9844-4550ecd8ae34,$.messages.messages[66].timestamp,timestamp,1747512462213
2025,03072250-77e5-43d5-9844-4550ecd8ae34,$.messages.messages[67].carNum,carNum,None
2025,03072250-77e5-43d5-9844-4550ecd8ae34,$.messages.messages[67].timestamp,timestamp,1747512353748
2025,03072250-77e5-43d5-9844-4550ecd8ae34,$.messages.messages[68].carNum,carNum,None
2025,03072250-77e5-43d5-9844-4550ecd8ae34,$.messages.messages[68].timestamp,timestamp,1747512176921
2025,03072250-77e5-43d5-9844-4550ecd8ae34,$.messages.messages[69].carNum,carNum,None
2025,03072250-77e5-43d5-9844-4550ecd8ae34,$.messages.messages[69].timestamp,timestamp,1747512051520
2025,03072250-77e5-43d5-9844-4550ecd8ae34,$.messages.messages[70].carNum,carNum,None
2025,03072250-77e5-43d5-9844-4550ecd8ae34,$.messages.messages[70].timestamp,timestamp,1747511897814
2025,03072250-77e5-43d5-9844-4550ecd8ae34,$.messages.messages[71].carNum,carNum,None
2025,03072250-77e5-43d5-9844-4550ecd8ae34,$.messages.messages[71].timestamp,timestamp,1747511782674
2025,03072250-77e5-43d5-9844-4550ecd8ae34,$.messages.messages[72].carNum,carNum,7
2025,03072250-77e5-43d5-9844-4550ecd8ae34,$.messages.messages[72].timestamp,timestamp,1747511689222
2025,03072250-77e5-43d5-9844-4550ecd8ae34,$.messages.messages[73].carNum,carNum,None
2025,03072250-77e5-43d5-9844-4550ecd8ae34,$.messages.messages[73].timestamp,timestamp,1747511607425
2025,03072250-77e5-43d5-9844-4550ecd8ae34,$.messages.messages[74].carNum,carNum,None
2025,03072250-77e5-43d5-9844-4550ecd8ae34,$.messages.messages[74].timestamp,timestamp,1747511517331
2025,03072250-77e5-43d5-9844-4550ecd8ae34,$.messages.messages[75].carNum,carNum,06
2025,03072250-77e5-43d5-9844-4550ecd8ae34,$.messages.messages[75].timestamp,timestamp,1747511383787
2025,03072250-77e5-43d5-9844-4550ecd8ae34,$.messages.messages[76].carNum,carNum,None
2025,03072250-77e5-43d5-9844-4550ecd8ae34,$.messages.messages[76].timestamp,timestamp,1747511342054
2025,03072250-77e5-43d5-9844-4550ecd8ae34,$.messages.messages[77].carNum,carNum,None
2025,03072250-77e5-43d5-9844-4550ecd8ae34,$.messages.messages[77].timestamp,timestamp,1747511240273
2025,03072250-77e5-43d5-9844-4550ecd8ae34,$.messages.messages[78].carNum,carNum,None
2025,03072250-77e5-43d5-9844-4550ecd8ae34,$.messages.messages[78].timestamp,timestamp,1747511063394
2025,03072250-77e5-43d5-9844-4550ecd8ae34,$.messages.messages[79].carNum,carNum,None
2025,03072250-77e5-43d5-9844-4550ecd8ae34,$.messages.messages[79].timestamp,timestamp,1747510834817
2025,03072250-77e5-43d5-9844-4550ecd8ae34,$.messages.messages[80].carNum,carNum,20
2025,03072250-77e5-43d5-9844-4550ecd8ae34,$.messages.messages[80].timestamp,timestamp,1747510701327
2025,03072250-77e5-43d5-9844-4550ecd8ae34,$.messages.messages[81].carNum,carNum,None
2025,03072250-77e5-43d5-9844-4550ecd8ae34,$.messages.messages[81].timestamp,timestamp,1747510657958
2025,03072250-77e5-43d5-9844-4550ecd8ae34,$.messages.messages[82].carNum,carNum,None
2025,03072250-77e5-43d5-9844-4550ecd8ae34,$.messages.messages[82].timestamp,timestamp,1747510569542
2025,03072250-77e5-43d5-9844-4550ecd8ae34,$.messages.messages[83].carNum,carNum,77
2025,03072250-77e5-43d5-9844-4550ecd8ae34,$.messages.messages[83].timestamp,timestamp,1747510436075
2025,03072250-77e5-43d5-9844-4550ecd8ae34,$.messages.messages[84].carNum,carNum,None
2025,03072250-77e5-43d5-9844-4550ecd8ae34,$.messages.messages[84].timestamp,timestamp,1747510392696
2025,03072250-77e5-43d5-9844-4550ecd8ae34,$.messages.messages[85].carNum,carNum,None
2025,03072250-77e5-43d5-9844-4550ecd8ae34,$.messages.messages[85].timestamp,timestamp,1747510298958
2025,03072250-77e5-43d5-9844-4550ecd8ae34,$.messages.messages[86].carNum,carNum,None
2025,03072250-77e5-43d5-9844-4550ecd8ae34,$.messages.messages[86].timestamp,timestamp,1747510120405
2025,03072250-77e5-43d5-9844-4550ecd8ae34,$.messages.messages[87].carNum,carNum,None
2025,03072250-77e5-43d5-9844-4550ecd8ae34,$.messages.messages[87].timestamp,timestamp,1747510025334
2025,03072250-77e5-43d5-9844-4550ecd8ae34,$.messages.messages[88].carNum,carNum,14
2025,03072250-77e5-43d5-9844-4550ecd8ae34,$.messages.messages[88].timestamp,timestamp,1747509970297
2025,03072250-77e5-43d5-9844-4550ecd8ae34,$.messages.messages[89].carNum,carNum,14
2025,03072250-77e5-43d5-9844-4550ecd8ae34,$.messages.messages[89].timestamp,timestamp,1747509891899
2025,03072250-77e5-43d5-9844-4550ecd8ae34,$.messages.messages[90].carNum,carNum,None
2025,03072250-77e5-43d5-9844-4550ecd8ae34,$.messages.messages[90].timestamp,timestamp,1747509850219
2025,03072250-77e5-43d5-9844-4550ecd8ae34,$.messages.messages[91].carNum,carNum,None
2025,03072250-77e5-43d5-9844-4550ecd8ae34,$.messages.messages[91].timestamp,timestamp,1747509718452
2025,03072250-77e5-43d5-9844-4550ecd8ae34,$.messages.messages[92].carNum,carNum,None
2025,03072250-77e5-43d5-9844-4550ecd8ae34,$.messages.messages[92].timestamp,timestamp,1747509578239
2025,03072250-77e5-43d5-9844-4550ecd8ae34,$.messages.messages[93].carNum,carNum,None
2025,03072250-77e5-43d5-9844-4550ecd8ae34,$.messages.messages[93].timestamp,timestamp,1747509403114
2025,03072250-77e5-43d5-9844-4550ecd8ae34,$.messages.messages[94].carNum,carNum,17
2025,03072250-77e5-43d5-9844-4550ecd8ae34,$.messages.messages[94].timestamp,timestamp,1747509269665
2025,03072250-77e5-43d5-9844-4550ecd8ae34,$.messages.messages[95].carNum,carNum,None
2025,03072250-77e5-43d5-9844-4550ecd8ae34,$.messages.messages[95].timestamp,timestamp,1747509226315
2025,03072250-77e5-43d5-9844-4550ecd8ae34,$.messages.messages[96].carNum,carNum,None
2025,03072250-77e5-43d5-9844-4550ecd8ae34,$.messages.messages[96].timestamp,timestamp,1747509141196
2025,03072250-77e5-43d5-9844-4550ecd8ae34,$.messages.messages[97].carNum,carNum,None
2025,03072250-77e5-43d5-9844-4550ecd8ae34,$.messages.messages[97].timestamp,timestamp,1747508962659
2025,03072250-77e5-43d5-9844-4550ecd8ae34,$.messages.messages[98].carNum,carNum,None
2025,03072250-77e5-43d5-9844-4550ecd8ae34,$.messages.messages[98].timestamp,timestamp,1747508874266
2025,03072250-77e5-43d5-9844-4550ecd8ae34,$.messages.messages[99].carNum,carNum,None
2025,03072250-77e5-43d5-9844-4550ecd8ae34,$.messages.messages[99].timestamp,timestamp,1747508699155
2025,03072250-77e5-43d5-9844-4550ecd8ae34,$.messages.messages[100].carNum,carNum,None
2025,03072250-77e5-43d5-9844-4550ecd8ae34,$.messages.messages[100].timestamp,timestamp,1747508600699
2025,03072250-77e5-43d5-9844-4550ecd8ae34,$.messages.messages[101].carNum,carNum,None
2025,03072250-77e5-43d5-9844-4550ecd8ae34,$.messages.messages[101].timestamp,timestamp,1747508423831
2025,03072250-77e5-43d5-9844-4550ecd8ae34,$.messages.messages[102].carNum,carNum,None
2025,03072250-77e5-43d5-9844-4550ecd8ae34,$.messages.messages[102].timestamp,timestamp,1747506561691
2025,03072250-77e5-43d5-9844-4550ecd8ae34,$.messages.messages[103].carNum,carNum,None
2025,03072250-77e5-43d5-9844-4550ecd8ae34,$.messages.messages[103].timestamp,timestamp,1747506384864
2025,03072250-77e5-43d5-9844-4550ecd8ae34,$.messages.messages[104].carNum,carNum,None
2025,03072250-77e5-43d5-9844-4550ecd8ae34,$.messages.messages[104].timestamp,timestamp,1747505945865
2025,03072250-77e5-43d5-9844-4550ecd8ae34,$.messages.messages[105].carNum,carNum,None
2025,03072250-77e5-43d5-9844-4550ecd8ae34,$.messages.messages[105].timestamp,timestamp,1747505770689
2025,03072250-77e5-43d5-9844-4550ecd8ae34,$.messages.messages[106].carNum,carNum,None
2025,03072250-77e5-43d5-9844-4550ecd8ae34,$.messages.messages[106].timestamp,timestamp,1747505677571
2025,03072250-77e5-43d5-9844-4550ecd8ae34,$.messages.messages[107].carNum,carNum,06
2025,03072250-77e5-43d5-9844-4550ecd8ae34,$.messages.messages[107].timestamp,timestamp,1747505582426
2025,03072250-77e5-43d5-9844-4550ecd8ae34,$.messages.messages[108].carNum,carNum,06
2025,03072250-77e5-43d5-9844-4550ecd8ae34,$.messages.messages[108].timestamp,timestamp,1747505544045
2025,03072250-77e5-43d5-9844-4550ecd8ae34,$.messages.messages[109].carNum,carNum,06
2025,03072250-77e5-43d5-9844-4550ecd8ae34,$.messages.messages[109].timestamp,timestamp,1747505504024
2025,03072250-77e5-43d5-9844-4550ecd8ae34,$.messages.messages[110].carNum,carNum,None
2025,03072250-77e5-43d5-9844-4550ecd8ae34,$.messages.messages[110].timestamp,timestamp,1747505500682
2025,03072250-77e5-43d5-9844-4550ecd8ae34,$.messages.messages[111].carNum,carNum,None
2025,03072250-77e5-43d5-9844-4550ecd8ae34,$.messages.messages[111].timestamp,timestamp,1747505388836
2025,03072250-77e5-43d5-9844-4550ecd8ae34,$.messages.messages[112].carNum,carNum,2
2025,03072250-77e5-43d5-9844-4550ecd8ae34,$.messages.messages[112].timestamp,timestamp,1747505258735
2025,03072250-77e5-43d5-9844-4550ecd8ae34,$.messages.messages[113].carNum,carNum,2
2025,03072250-77e5-43d5-9844-4550ecd8ae34,$.messages.messages[113].timestamp,timestamp,1747505220195
2025,03072250-77e5-43d5-9844-4550ecd8ae34,$.messages.messages[114].carNum,carNum,None
2025,03072250-77e5-43d5-9844-4550ecd8ae34,$.messages.messages[114].timestamp,timestamp,1747505216858
2025,03072250-77e5-43d5-9844-4550ecd8ae34,$.messages.messages[115].carNum,carNum,None
2025,03072250-77e5-43d5-9844-4550ecd8ae34,$.messages.messages[115].timestamp,timestamp,1747503808504
2025,03072250-77e5-43d5-9844-4550ecd8ae34,$.messages.messages[116].carNum,carNum,18
2025,03072250-77e5-43d5-9844-4550ecd8ae34,$.messages.messages[116].timestamp,timestamp,1747503675054
2025,03072250-77e5-43d5-9844-4550ecd8ae34,$.messages.messages[117].carNum,carNum,18
2025,03072250-77e5-43d5-9844-4550ecd8ae34,$.messages.messages[117].timestamp,timestamp,1747503636538
2025,03072250-77e5-43d5-9844-4550ecd8ae34,$.messages.messages[118].carNum,carNum,None
2025,03072250-77e5-43d5-9844-4550ecd8ae34,$.messages.messages[118].timestamp,timestamp,1747503631534
2025,03072250-77e5-43d5-9844-4550ecd8ae34,$.messages.messages[119].carNum,carNum,None
2025,03072250-77e5-43d5-9844-4550ecd8ae34,$.messages.messages[119].timestamp,timestamp,1747503529757
2025,03072250-77e5-43d5-9844-4550ecd8ae34,$.messages.messages[120].carNum,carNum,90
2025,03072250-77e5-43d5-9844-4550ecd8ae34,$.messages.messages[120].timestamp,timestamp,1747503396334
2025,03072250-77e5-43d5-9844-4550ecd8ae34,$.messages.messages[121].carNum,carNum,90
2025,03072250-77e5-43d5-9844-4550ecd8ae34,$.messages.messages[121].timestamp,timestamp,1747503357981
2025,03072250-77e5-43d5-9844-4550ecd8ae34,$.messages.messages[122].carNum,carNum,None
2025,03072250-77e5-43d5-9844-4550ecd8ae34,$.messages.messages[122].timestamp,timestamp,1747503352980
2025,03072250-77e5-43d5-9844-4550ecd8ae34,$.messages.messages[123].carNum,carNum,None
2025,03072250-77e5-43d5-9844-4550ecd8ae34,$.messages.messages[123].timestamp,timestamp,1747503234599
2025,03072250-77e5-43d5-9844-4550ecd8ae34,$.messages.messages[124].carNum,carNum,30
2025,03072250-77e5-43d5-9844-4550ecd8ae34,$.messages.messages[124].timestamp,timestamp,1747503101191
2025,03072250-77e5-43d5-9844-4550ecd8ae34,$.messages.messages[125].carNum,carNum,30
2025,03072250-77e5-43d5-9844-4550ecd8ae34,$.messages.messages[125].timestamp,timestamp,1747503062837
2025,03072250-77e5-43d5-9844-4550ecd8ae34,$.messages.messages[126].carNum,carNum,None
2025,03072250-77e5-43d5-9844-4550ecd8ae34,$.messages.messages[126].timestamp,timestamp,1747503057834
2025,03072250-77e5-43d5-9844-4550ecd8ae34,$.messages.messages[127].carNum,carNum,None
2025,03072250-77e5-43d5-9844-4550ecd8ae34,$.messages.messages[127].timestamp,timestamp,1747502952753
2025,03072250-77e5-43d5-9844-4550ecd8ae34,$.messages.messages[128].carNum,carNum,27
2025,03072250-77e5-43d5-9844-4550ecd8ae34,$.messages.messages[128].timestamp,timestamp,1747502819313
2025,03072250-77e5-43d5-9844-4550ecd8ae34,$.messages.messages[129].carNum,carNum,27
2025,03072250-77e5-43d5-9844-4550ecd8ae34,$.messages.messages[129].timestamp,timestamp,1747502780970
2025,03072250-77e5-43d5-9844-4550ecd8ae34,$.messages.messages[130].carNum,carNum,None
2025,03072250-77e5-43d5-9844-4550ecd8ae34,$.messages.messages[130].timestamp,timestamp,1747502775967
2025,03072250-77e5-43d5-9844-4550ecd8ae34,$.messages.messages[131].carNum,carNum,None
2025,03072250-77e5-43d5-9844-4550ecd8ae34,$.messages.messages[131].timestamp,timestamp,1747502657547
2025,03072250-77e5-43d5-9844-4550ecd8ae34,$.messages.messages[132].carNum,carNum,None
2025,03072250-77e5-43d5-9844-4550ecd8ae34,$.messages.messages[132].timestamp,timestamp,1747502627529
2025,03072250-77e5-43d5-9844-4550ecd8ae34,$.messages.messages[133].carNum,carNum,None
2025,03072250-77e5-43d5-9844-4550ecd8ae34,$.messages.messages[133].timestamp,timestamp,1747502619190
2025,03072250-77e5-43d5-9844-4550ecd8ae34,$.messages.messages[134].carNum,carNum,21
2025,03072250-77e5-43d5-9844-4550ecd8ae34,$.messages.messages[134].timestamp,timestamp,1747502475785
2025,03072250-77e5-43d5-9844-4550ecd8ae34,$.messages.messages[135].carNum,carNum,77
2025,03072250-77e5-43d5-9844-4550ecd8ae34,$.messages.messages[135].timestamp,timestamp,1747502328858
2025,03072250-77e5-43d5-9844-4550ecd8ae34,$.messages.messages[136].carNum,carNum,77
2025,03072250-77e5-43d5-9844-4550ecd8ae34,$.messages.messages[136].timestamp,timestamp,1747502290533
2025,03072250-77e5-43d5-9844-4550ecd8ae34,$.messages.messages[137].carNum,carNum,77
2025,03072250-77e5-43d5-9844-4550ecd8ae34,$.messages.messages[137].timestamp,timestamp,1747502252165
2025,03072250-77e5-43d5-9844-4550ecd8ae34,$.messages.messages[138].carNum,carNum,77
2025,03072250-77e5-43d5-9844-4550ecd8ae34,$.messages.messages[138].timestamp,timestamp,1747502212149
2025,03072250-77e5-43d5-9844-4550ecd8ae34,$.messages.messages[139].carNum,carNum,None
2025,03072250-77e5-43d5-9844-4550ecd8ae34,$.messages.messages[139].timestamp,timestamp,1747502208818
2025,03072250-77e5-43d5-9844-4550ecd8ae34,$.messages.messages[140].carNum,carNum,None
2025,03072250-77e5-43d5-9844-4550ecd8ae34,$.messages.messages[140].timestamp,timestamp,1747502105433
2025,03072250-77e5-43d5-9844-4550ecd8ae34,$.messages.messages[141].carNum,carNum,3
2025,03072250-77e5-43d5-9844-4550ecd8ae34,$.messages.messages[141].timestamp,timestamp,1747502051644
2025,03072250-77e5-43d5-9844-4550ecd8ae34,$.messages.messages[142].carNum,carNum,3
2025,03072250-77e5-43d5-9844-4550ecd8ae34,$.messages.messages[142].timestamp,timestamp,1747501974934
2025,03072250-77e5-43d5-9844-4550ecd8ae34,$.messages.messages[143].carNum,carNum,3
2025,03072250-77e5-43d5-9844-4550ecd8ae34,$.messages.messages[143].timestamp,timestamp,1747501934932
2025,03072250-77e5-43d5-9844-4550ecd8ae34,$.messages.messages[144].carNum,carNum,None
2025,03072250-77e5-43d5-9844-4550ecd8ae34,$.messages.messages[144].timestamp,timestamp,1747501931595
2025,03072250-77e5-43d5-9844-4550ecd8ae34,$.messages.messages[145].carNum,carNum,None
2025,03072250-77e5-43d5-9844-4550ecd8ae34,$.messages.messages[145].timestamp,timestamp,1747501826534
2025,03072250-77e5-43d5-9844-4550ecd8ae34,$.messages.messages[146].carNum,carNum,45
2025,03072250-77e5-43d5-9844-4550ecd8ae34,$.messages.messages[146].timestamp,timestamp,1747501691493
2025,03072250-77e5-43d5-9844-4550ecd8ae34,$.messages.messages[147].carNum,carNum,45
2025,03072250-77e5-43d5-9844-4550ecd8ae34,$.messages.messages[147].timestamp,timestamp,1747501651500
2025,03072250-77e5-43d5-9844-4550ecd8ae34,$.messages.messages[148].carNum,carNum,None
2025,03072250-77e5-43d5-9844-4550ecd8ae34,$.messages.messages[148].timestamp,timestamp,1747501648164
2025,03072250-77e5-43d5-9844-4550ecd8ae34,$.messages.messages[149].carNum,carNum,None
2025,03072250-77e5-43d5-9844-4550ecd8ae34,$.messages.messages[149].timestamp,timestamp,1747501539852
2025,03072250-77e5-43d5-9844-4550ecd8ae34,$.messages.messages[150].carNum,carNum,10
2025,03072250-77e5-43d5-9844-4550ecd8ae34,$.messages.messages[150].timestamp,timestamp,1747501444887
2025,03072250-77e5-43d5-9844-4550ecd8ae34,$.messages.messages[151].carNum,carNum,10
2025,03072250-77e5-43d5-9844-4550ecd8ae34,$.messages.messages[151].timestamp,timestamp,1747501406577
2025,03072250-77e5-43d5-9844-4550ecd8ae34,$.messages.messages[152].carNum,carNum,10
2025,03072250-77e5-43d5-9844-4550ecd8ae34,$.messages.messages[152].timestamp,timestamp,1747501366569
2025,03072250-77e5-43d5-9844-4550ecd8ae34,$.messages.messages[153].carNum,carNum,None
2025,03072250-77e5-43d5-9844-4550ecd8ae34,$.messages.messages[153].timestamp,timestamp,1747501364902
2025,03072250-77e5-43d5-9844-4550ecd8ae34,$.messages.messages[154].carNum,carNum,None
2025,03072250-77e5-43d5-9844-4550ecd8ae34,$.messages.messages[154].timestamp,timestamp,1747501259793
2025,03072250-77e5-43d5-9844-4550ecd8ae34,$.messages.messages[155].carNum,carNum,51
2025,03072250-77e5-43d5-9844-4550ecd8ae34,$.messages.messages[155].timestamp,timestamp,1747501243134
2025,03072250-77e5-43d5-9844-4550ecd8ae34,$.messages.messages[156].carNum,carNum,51
2025,03072250-77e5-43d5-9844-4550ecd8ae34,$.messages.messages[156].timestamp,timestamp,1747501203145
2025,03072250-77e5-43d5-9844-4550ecd8ae34,$.messages.messages[157].carNum,carNum,51
2025,03072250-77e5-43d5-9844-4550ecd8ae34,$.messages.messages[157].timestamp,timestamp,1747501124765
2025,03072250-77e5-43d5-9844-4550ecd8ae34,$.messages.messages[158].carNum,carNum,51
2025,03072250-77e5-43d5-9844-4550ecd8ae34,$.messages.messages[158].timestamp,timestamp,1747501084756
2025,03072250-77e5-43d5-9844-4550ecd8ae34,$.messages.messages[159].carNum,carNum,None
2025,03072250-77e5-43d5-9844-4550ecd8ae34,$.messages.messages[159].timestamp,timestamp,1747501079753
2025,03072250-77e5-43d5-9844-4550ecd8ae34,$.messages.messages[160].carNum,carNum,None
2025,03072250-77e5-43d5-9844-4550ecd8ae34,$.messages.messages[160].timestamp,timestamp,1747500954812
2025,03072250-77e5-43d5-9844-4550ecd8ae34,$.messages.messages[161].carNum,carNum,98
2025,03072250-77e5-43d5-9844-4550ecd8ae34,$.messages.messages[161].timestamp,timestamp,1747500936496
2025,03072250-77e5-43d5-9844-4550ecd8ae34,$.messages.messages[162].carNum,carNum,98
2025,03072250-77e5-43d5-9844-4550ecd8ae34,$.messages.messages[162].timestamp,timestamp,1747500859801
2025,03072250-77e5-43d5-9844-4550ecd8ae34,$.messages.messages[163].carNum,carNum,98
2025,03072250-77e5-43d5-9844-4550ecd8ae34,$.messages.messages[163].timestamp,timestamp,1747500820358
2025,03072250-77e5-43d5-9844-4550ecd8ae34,$.messages.messages[164].carNum,carNum,98
2025,03072250-77e5-43d5-9844-4550ecd8ae34,$.messages.messages[164].timestamp,timestamp,1747500782027
2025,03072250-77e5-43d5-9844-4550ecd8ae34,$.messages.messages[165].carNum,carNum,None
2025,03072250-77e5-43d5-9844-4550ecd8ae34,$.messages.messages[165].timestamp,timestamp,1747500777027
2025,03072250-77e5-43d5-9844-4550ecd8ae34,$.messages.messages[166].carNum,carNum,None
2025,03072250-77e5-43d5-9844-4550ecd8ae34,$.messages.messages[166].timestamp,timestamp,1747500648652
2025,03072250-77e5-43d5-9844-4550ecd8ae34,$.messages.messages[167].carNum,carNum,33
2025,03072250-77e5-43d5-9844-4550ecd8ae34,$.messages.messages[167].timestamp,timestamp,1747500518665
2025,03072250-77e5-43d5-9844-4550ecd8ae34,$.messages.messages[168].carNum,carNum,33
2025,03072250-77e5-43d5-9844-4550ecd8ae34,$.messages.messages[168].timestamp,timestamp,1747500478658
2025,03072250-77e5-43d5-9844-4550ecd8ae34,$.messages.messages[169].carNum,carNum,None
2025,03072250-77e5-43d5-9844-4550ecd8ae34,$.messages.messages[169].timestamp,timestamp,1747500473663
2025,03072250-77e5-43d5-9844-4550ecd8ae34,$.messages.messages[170].carNum,carNum,None
2025,03072250-77e5-43d5-9844-4550ecd8ae34,$.messages.messages[170].timestamp,timestamp,1747500373683
2025,03072250-77e5-43d5-9844-4550ecd8ae34,$.messages.messages[171].carNum,carNum,75
2025,03072250-77e5-43d5-9844-4550ecd8ae34,$.messages.messages[171].timestamp,timestamp,1747500238702
2025,03072250-77e5-43d5-9844-4550ecd8ae34,$.messages.messages[172].carNum,carNum,75
2025,03072250-77e5-43d5-9844-4550ecd8ae34,$.messages.messages[172].timestamp,timestamp,1747500200382
2025,03072250-77e5-43d5-9844-4550ecd8ae34,$.messages.messages[173].carNum,carNum,None
2025,03072250-77e5-43d5-9844-4550ecd8ae34,$.messages.messages[173].timestamp,timestamp,1747500197050
2025,03072250-77e5-43d5-9844-4550ecd8ae34,$.messages.messages[174].carNum,carNum,None
2025,03072250-77e5-43d5-9844-4550ecd8ae34,$.messages.messages[174].timestamp,timestamp,1747500100416
2025,03072250-77e5-43d5-9844-4550ecd8ae34,$.messages.messages[175].carNum,carNum,17
2025,03072250-77e5-43d5-9844-4550ecd8ae34,$.messages.messages[175].timestamp,timestamp,1747500005429
2025,03072250-77e5-43d5-9844-4550ecd8ae34,$.messages.messages[176].carNum,carNum,17
2025,03072250-77e5-43d5-9844-4550ecd8ae34,$.messages.messages[176].timestamp,timestamp,1747499967091
2025,03072250-77e5-43d5-9844-4550ecd8ae34,$.messages.messages[177].carNum,carNum,17
2025,03072250-77e5-43d5-9844-4550ecd8ae34,$.messages.messages[177].timestamp,timestamp,1747499927108
2025,03072250-77e5-43d5-9844-4550ecd8ae34,$.messages.messages[178].carNum,carNum,None
2025,03072250-77e5-43d5-9844-4550ecd8ae34,$.messages.messages[178].timestamp,timestamp,1747499923777
2025,03072250-77e5-43d5-9844-4550ecd8ae34,$.messages.messages[179].carNum,carNum,None
2025,03072250-77e5-43d5-9844-4550ecd8ae34,$.messages.messages[179].timestamp,timestamp,1747499817110
2025,03072250-77e5-43d5-9844-4550ecd8ae34,$.messages.messages[180].carNum,carNum,12
2025,03072250-77e5-43d5-9844-4550ecd8ae34,$.messages.messages[180].timestamp,timestamp,1747499645512
2025,03072250-77e5-43d5-9844-4550ecd8ae34,$.messages.messages[181].carNum,carNum,None
2025,03072250-77e5-43d5-9844-4550ecd8ae34,$.messages.messages[181].timestamp,timestamp,1747499642176
2025,03072250-77e5-43d5-9844-4550ecd8ae34,$.messages.messages[182].carNum,carNum,None
2025,03072250-77e5-43d5-9844-4550ecd8ae34,$.messages.messages[182].timestamp,timestamp,1747499552188
2025,03072250-77e5-43d5-9844-4550ecd8ae34,$.messages.messages[183].carNum,carNum,14
2025,03072250-77e5-43d5-9844-4550ecd8ae34,$.messages.messages[183].timestamp,timestamp,1747499420543
2025,03072250-77e5-43d5-9844-4550ecd8ae34,$.messages.messages[184].carNum,carNum,14
2025,03072250-77e5-43d5-9844-4550ecd8ae34,$.messages.messages[184].timestamp,timestamp,1747499380558
2025,03072250-77e5-43d5-9844-4550ecd8ae34,$.messages.messages[185].carNum,carNum,None
2025,03072250-77e5-43d5-9844-4550ecd8ae34,$.messages.messages[185].timestamp,timestamp,1747499377221
2025,03072250-77e5-43d5-9844-4550ecd8ae34,$.messages.messages[186].carNum,carNum,None
2025,03072250-77e5-43d5-9844-4550ecd8ae34,$.messages.messages[186].timestamp,timestamp,1747499283952
2025,03072250-77e5-43d5-9844-4550ecd8ae34,$.messages.messages[187].carNum,carNum,4
2025,03072250-77e5-43d5-9844-4550ecd8ae34,$.messages.messages[187].timestamp,timestamp,1747499228963
2025,03072250-77e5-43d5-9844-4550ecd8ae34,$.messages.messages[188].carNum,carNum,4
2025,03072250-77e5-43d5-9844-4550ecd8ae34,$.messages.messages[188].timestamp,timestamp,1747499152396
2025,03072250-77e5-43d5-9844-4550ecd8ae34,$.messages.messages[189].carNum,carNum,4
2025,03072250-77e5-43d5-9844-4550ecd8ae34,$.messages.messages[189].timestamp,timestamp,1747499114064
2025,03072250-77e5-43d5-9844-4550ecd8ae34,$.messages.messages[190].carNum,carNum,None
2025,03072250-77e5-43d5-9844-4550ecd8ae34,$.messages.messages[190].timestamp,timestamp,1747499110733
2025,03072250-77e5-43d5-9844-4550ecd8ae34,$.messages.messages[191].carNum,carNum,None
2025,03072250-77e5-43d5-9844-4550ecd8ae34,$.messages.messages[191].timestamp,timestamp,1747497982575
2025,03072250-77e5-43d5-9844-4550ecd8ae34,$.messages.messages[192].carNum,carNum,26
2025,03072250-77e5-43d5-9844-4550ecd8ae34,$.messages.messages[192].timestamp,timestamp,1747497962588
2025,03072250-77e5-43d5-9844-4550ecd8ae34,$.messages.messages[193].carNum,carNum,None
2025,03072250-77e5-43d5-9844-4550ecd8ae34,$.messages.messages[193].timestamp,timestamp,1747497957592
2025,03072250-77e5-43d5-9844-4550ecd8ae34,$.messages.messages[194].carNum,carNum,None
2025,03072250-77e5-43d5-9844-4550ecd8ae34,$.messages.messages[194].timestamp,timestamp,1747497846808
2025,03072250-77e5-43d5-9844-4550ecd8ae34,$.messages.messages[195].carNum,carNum,9
2025,03072250-77e5-43d5-9844-4550ecd8ae34,$.messages.messages[195].timestamp,timestamp,1747497829906
2025,03072250-77e5-43d5-9844-4550ecd8ae34,$.messages.messages[196].carNum,carNum,9
2025,03072250-77e5-43d5-9844-4550ecd8ae34,$.messages.messages[196].timestamp,timestamp,1747497753097
2025,03072250-77e5-43d5-9844-4550ecd8ae34,$.messages.messages[197].carNum,carNum,9
2025,03072250-77e5-43d5-9844-4550ecd8ae34,$.messages.messages[197].timestamp,timestamp,1747497674759
2025,03072250-77e5-43d5-9844-4550ecd8ae34,$.messages.messages[198].carNum,carNum,None
2025,03072250-77e5-43d5-9844-4550ecd8ae34,$.messages.messages[198].timestamp,timestamp,1747497671685
2025,03072250-77e5-43d5-9844-4550ecd8ae34,$.messages.messages[199].carNum,carNum,None
2025,03072250-77e5-43d5-9844-4550ecd8ae34,$.messages.messages[199].timestamp,timestamp,1747497582546
2025,03072250-77e5-43d5-9844-4550ecd8ae34,$.messages.messages[200].carNum,carNum,60
2025,03072250-77e5-43d5-9844-4550ecd8ae34,$.messages.messages[200].timestamp,timestamp,1747497448885
2025,03072250-77e5-43d5-9844-4550ecd8ae34,$.messages.messages[201].carNum,carNum,None
2025,03072250-77e5-43d5-9844-4550ecd8ae34,$.messages.messages[201].timestamp,timestamp,1747497407392
2025,03072250-77e5-43d5-9844-4550ecd8ae34,$.messages.messages[202].carNum,carNum,None
2025,03072250-77e5-43d5-9844-4550ecd8ae34,$.messages.messages[202].timestamp,timestamp,1747497284488
2025,03072250-77e5-43d5-9844-4550ecd8ae34,$.messages.messages[203].carNum,carNum,76
2025,03072250-77e5-43d5-9844-4550ecd8ae34,$.messages.messages[203].timestamp,timestamp,1747497150815
2025,03072250-77e5-43d5-9844-4550ecd8ae34,$.messages.messages[204].carNum,carNum,76
2025,03072250-77e5-43d5-9844-4550ecd8ae34,$.messages.messages[204].timestamp,timestamp,1747497112415
2025,03072250-77e5-43d5-9844-4550ecd8ae34,$.messages.messages[205].carNum,carNum,None
2025,03072250-77e5-43d5-9844-4550ecd8ae34,$.messages.messages[205].timestamp,timestamp,1747497109344
2025,03072250-77e5-43d5-9844-4550ecd8ae34,$.messages.messages[206].carNum,carNum,None
2025,03072250-77e5-43d5-9844-4550ecd8ae34,$.messages.messages[206].timestamp,timestamp,1747497015618
2025,03072250-77e5-43d5-9844-4550ecd8ae34,$.messages.messages[207].carNum,carNum,6
2025,03072250-77e5-43d5-9844-4550ecd8ae34,$.messages.messages[207].timestamp,timestamp,1747496881961
2025,03072250-77e5-43d5-9844-4550ecd8ae34,$.messages.messages[208].carNum,carNum,6
2025,03072250-77e5-43d5-9844-4550ecd8ae34,$.messages.messages[208].timestamp,timestamp,1747496842004
2025,03072250-77e5-43d5-9844-4550ecd8ae34,$.messages.messages[209].carNum,carNum,None
2025,03072250-77e5-43d5-9844-4550ecd8ae34,$.messages.messages[209].timestamp,timestamp,1747496838928
2025,03072250-77e5-43d5-9844-4550ecd8ae34,$.messages.messages[210].carNum,carNum,None
2025,03072250-77e5-43d5-9844-4550ecd8ae34,$.messages.messages[210].timestamp,timestamp,1747496752873
2025,03072250-77e5-43d5-9844-4550ecd8ae34,$.messages.messages[211].carNum,carNum,15
2025,03072250-77e5-43d5-9844-4550ecd8ae34,$.messages.messages[211].timestamp,timestamp,1747496656044
2025,03072250-77e5-43d5-9844-4550ecd8ae34,$.messages.messages[212].carNum,carNum,15
2025,03072250-77e5-43d5-9844-4550ecd8ae34,$.messages.messages[212].timestamp,timestamp,1747496616044
2025,03072250-77e5-43d5-9844-4550ecd8ae34,$.messages.messages[213].carNum,carNum,15
2025,03072250-77e5-43d5-9844-4550ecd8ae34,$.messages.messages[213].timestamp,timestamp,1747496577528
2025,03072250-77e5-43d5-9844-4550ecd8ae34,$.messages.messages[214].carNum,carNum,None
2025,03072250-77e5-43d5-9844-4550ecd8ae34,$.messages.messages[214].timestamp,timestamp,1747496574447
2025,03072250-77e5-43d5-9844-4550ecd8ae34,$.messages.messages[215].carNum,carNum,None
2025,03072250-77e5-43d5-9844-4550ecd8ae34,$.messages.messages[215].timestamp,timestamp,1747496483761
2025,03072250-77e5-43d5-9844-4550ecd8ae34,$.messages.messages[216].carNum,carNum,7
2025,03072250-77e5-43d5-9844-4550ecd8ae34,$.messages.messages[216].timestamp,timestamp,1747496466873
2025,03072250-77e5-43d5-9844-4550ecd8ae34,$.messages.messages[217].carNum,carNum,7
2025,03072250-77e5-43d5-9844-4550ecd8ae34,$.messages.messages[217].timestamp,timestamp,1747496388488
2025,03072250-77e5-43d5-9844-4550ecd8ae34,$.messages.messages[218].carNum,carNum,7
2025,03072250-77e5-43d5-9844-4550ecd8ae34,$.messages.messages[218].timestamp,timestamp,1747496350104
2025,03072250-77e5-43d5-9844-4550ecd8ae34,$.messages.messages[219].carNum,carNum,7
2025,03072250-77e5-43d5-9844-4550ecd8ae34,$.messages.messages[219].timestamp,timestamp,1747496311698
2025,03072250-77e5-43d5-9844-4550ecd8ae34,$.messages.messages[220].carNum,carNum,None
2025,03072250-77e5-43d5-9844-4550ecd8ae34,$.messages.messages[220].timestamp,timestamp,1747496307086
2025,03072250-77e5-43d5-9844-4550ecd8ae34,$.messages.messages[221].carNum,carNum,None
2025,03072250-77e5-43d5-9844-4550ecd8ae34,$.messages.messages[221].timestamp,timestamp,1747496173476
2025,03072250-77e5-43d5-9844-4550ecd8ae34,$.messages.messages[222].carNum,carNum,24
2025,03072250-77e5-43d5-9844-4550ecd8ae34,$.messages.messages[222].timestamp,timestamp,1747496041442
2025,03072250-77e5-43d5-9844-4550ecd8ae34,$.messages.messages[223].carNum,carNum,24
2025,03072250-77e5-43d5-9844-4550ecd8ae34,$.messages.messages[223].timestamp,timestamp,1747496001515
2025,03072250-77e5-43d5-9844-4550ecd8ae34,$.messages.messages[224].carNum,carNum,None
2025,03072250-77e5-43d5-9844-4550ecd8ae34,$.messages.messages[224].timestamp,timestamp,1747495998447
2025,03072250-77e5-43d5-9844-4550ecd8ae34,$.messages.messages[225].carNum,carNum,None
2025,03072250-77e5-43d5-9844-4550ecd8ae34,$.messages.messages[225].timestamp,timestamp,1747495901716
2025,03072250-77e5-43d5-9844-4550ecd8ae34,$.messages.messages[226].carNum,carNum,23
2025,03072250-77e5-43d5-9844-4550ecd8ae34,$.messages.messages[226].timestamp,timestamp,1747495766584
2025,03072250-77e5-43d5-9844-4550ecd8ae34,$.messages.messages[227].carNum,carNum,23
2025,03072250-77e5-43d5-9844-4550ecd8ae34,$.messages.messages[227].timestamp,timestamp,1747495728196
2025,03072250-77e5-43d5-9844-4550ecd8ae34,$.messages.messages[228].carNum,carNum,None
2025,03072250-77e5-43d5-9844-4550ecd8ae34,$.messages.messages[228].timestamp,timestamp,1747495725127
2025,03072250-77e5-43d5-9844-4550ecd8ae34,$.messages.messages[229].carNum,carNum,None
2025,03072250-77e5-43d5-9844-4550ecd8ae34,$.messages.messages[229].timestamp,timestamp,1747495613042
2025,03072250-77e5-43d5-9844-4550ecd8ae34,$.messages.messages[230].carNum,carNum,20
2025,03072250-77e5-43d5-9844-4550ecd8ae34,$.messages.messages[230].timestamp,timestamp,1747495480985
2025,03072250-77e5-43d5-9844-4550ecd8ae34,$.messages.messages[231].carNum,carNum,20
2025,03072250-77e5-43d5-9844-4550ecd8ae34,$.messages.messages[231].timestamp,timestamp,1747495442596
2025,03072250-77e5-43d5-9844-4550ecd8ae34,$.messages.messages[232].carNum,carNum,None
2025,03072250-77e5-43d5-9844-4550ecd8ae34,$.messages.messages[232].timestamp,timestamp,1747495439526
2025,03072250-77e5-43d5-9844-4550ecd8ae34,$.messages.messages[233].carNum,carNum,None
2025,03072250-77e5-43d5-9844-4550ecd8ae34,$.messages.messages[233].timestamp,timestamp,1747495352026
2025,03072250-77e5-43d5-9844-4550ecd8ae34,$.messages.messages[234].carNum,carNum,83
2025,03072250-77e5-43d5-9844-4550ecd8ae34,$.messages.messages[234].timestamp,timestamp,1747495218429
2025,03072250-77e5-43d5-9844-4550ecd8ae34,$.messages.messages[235].carNum,carNum,83
2025,03072250-77e5-43d5-9844-4550ecd8ae34,$.messages.messages[235].timestamp,timestamp,1747495180037
2025,03072250-77e5-43d5-9844-4550ecd8ae34,$.messages.messages[236].carNum,carNum,None
2025,03072250-77e5-43d5-9844-4550ecd8ae34,$.messages.messages[236].timestamp,timestamp,1747495178502
2025,03072250-77e5-43d5-9844-4550ecd8ae34,$.messages.messages[237].carNum,carNum,None
2025,03072250-77e5-43d5-9844-4550ecd8ae34,$.messages.messages[237].timestamp,timestamp,1747495072522
2025,03072250-77e5-43d5-9844-4550ecd8ae34,$.messages.messages[238].carNum,carNum,8
2025,03072250-77e5-43d5-9844-4550ecd8ae34,$.messages.messages[238].timestamp,timestamp,1747494940501
2025,03072250-77e5-43d5-9844-4550ecd8ae34,$.messages.messages[239].carNum,carNum,8
2025,03072250-77e5-43d5-9844-4550ecd8ae34,$.messages.messages[239].timestamp,timestamp,1747494901112
2025,03072250-77e5-43d5-9844-4550ecd8ae34,$.messages.messages[240].carNum,carNum,None
2025,03072250-77e5-43d5-9844-4550ecd8ae34,$.messages.messages[240].timestamp,timestamp,1747494898042
2025,03072250-77e5-43d5-9844-4550ecd8ae34,$.messages.messages[241].carNum,carNum,None
2025,03072250-77e5-43d5-9844-4550ecd8ae34,$.messages.messages[241].timestamp,timestamp,1747494801305
2025,03072250-77e5-43d5-9844-4550ecd8ae34,$.messages.messages[242].carNum,carNum,5
2025,03072250-77e5-43d5-9844-4550ecd8ae34,$.messages.messages[242].timestamp,timestamp,1747494709190
2025,03072250-77e5-43d5-9844-4550ecd8ae34,$.messages.messages[243].carNum,carNum,5
2025,03072250-77e5-43d5-9844-4550ecd8ae34,$.messages.messages[243].timestamp,timestamp,1747494670830
2025,03072250-77e5-43d5-9844-4550ecd8ae34,$.messages.messages[244].carNum,carNum,5
2025,03072250-77e5-43d5-9844-4550ecd8ae34,$.messages.messages[244].timestamp,timestamp,1747494632450
2025,03072250-77e5-43d5-9844-4550ecd8ae34,$.messages.messages[245].carNum,carNum,None
2025,03072250-77e5-43d5-9844-4550ecd8ae34,$.messages.messages[245].timestamp,timestamp,1747494629382
2025,03072250-77e5-43d5-9844-4550ecd8ae34,$.messages.messages[246].carNum,carNum,None
2025,03072250-77e5-43d5-9844-4550ecd8ae34,$.messages.messages[246].timestamp,timestamp,1747494520342
2025,03072250-77e5-43d5-9844-4550ecd8ae34,$.messages.messages[247].carNum,carNum,28
2025,03072250-77e5-43d5-9844-4550ecd8ae34,$.messages.messages[247].timestamp,timestamp,1747494425185
2025,03072250-77e5-43d5-9844-4550ecd8ae34,$.messages.messages[248].carNum,carNum,28
2025,03072250-77e5-43d5-9844-4550ecd8ae34,$.messages.messages[248].timestamp,timestamp,1747494386800
2025,03072250-77e5-43d5-9844-4550ecd8ae34,$.messages.messages[249].carNum,carNum,28
2025,03072250-77e5-43d5-9844-4550ecd8ae34,$.messages.messages[249].timestamp,timestamp,1747494346878
2025,03072250-77e5-43d5-9844-4550ecd8ae34,$.session,session,"{'flagStats': [{'flag': 'none', 'startTime': 1747493866457, 'startLap': 0, 'endTime': 1747494242488, 'endLap': 0}, {'flag': 'green', 'startTime': 1747494242488, 'startLap': 0, 'endTime': 1747494247089, 'endLap': 0}, {'flag': 'yellow', 'startTime': 1747494247089, 'startLap': 0, 'endTime': 1747494343807, 'endLap': 1}, {'flag': 'green', 'startTime': 1747494343807, 'startLap': 1, 'endTime': 1747494520342, 'endLap': 6}, {'flag': 'yellow', 'startTime': 1747494520342, 'startLap': 6, 'endTime': 17474946..."
2025,03072250-77e5-43d5-9844-4550ecd8ae34,$.session.flagStats[0].startTime,startTime,1747493866457
2025,03072250-77e5-43d5-9844-4550ecd8ae34,$.session.flagStats[0].startLap,startLap,0
2025,03072250-77e5-43d5-9844-4550ecd8ae34,$.session.flagStats[0].endTime,endTime,1747494242488
2025,03072250-77e5-43d5-9844-4550ecd8ae34,$.session.flagStats[0].endLap,endLap,0
2025,03072250-77e5-43d5-9844-4550ecd8ae34,$.session.flagStats[1].startTime,startTime,1747494242488
2025,03072250-77e5-43d5-9844-4550ecd8ae34,$.session.flagStats[1].startLap,startLap,0
2025,03072250-77e5-43d5-9844-4550ecd8ae34,$.session.flagStats[1].endTime,endTime,1747494247089
2025,03072250-77e5-43d5-9844-4550ecd8ae34,$.session.flagStats[1].endLap,endLap,0
2025,03072250-77e5-43d5-9844-4550ecd8ae34,$.session.flagStats[2].startTime,startTime,1747494247089
2025,03072250-77e5-43d5-9844-4550ecd8ae34,$.session.flagStats[2].startLap,startLap,0
2025,03072250-77e5-43d5-9844-4550ecd8ae34,$.session.flagStats[2].endTime,endTime,1747494343807
2025,03072250-77e5-43d5-9844-4550ecd8ae34,$.session.flagStats[2].endLap,endLap,1
2025,03072250-77e5-43d5-9844-4550ecd8ae34,$.session.flagStats[3].startTime,startTime,1747494343807
2025,03072250-77e5-43d5-9844-4550ecd8ae34,$.session.flagStats[3].startLap,startLap,1
2025,03072250-77e5-43d5-9844-4550ecd8ae34,$.session.flagStats[3].endTime,endTime,1747494520342
2025,03072250-77e5-43d5-9844-4550ecd8ae34,$.session.flagStats[3].endLap,endLap,6
2025,03072250-77e5-43d5-9844-4550ecd8ae34,$.session.flagStats[4].startTime,startTime,1747494520342
2025,03072250-77e5-43d5-9844-4550ecd8ae34,$.session.flagStats[4].startLap,startLap,6
2025,03072250-77e5-43d5-9844-4550ecd8ae34,$.session.flagStats[4].endTime,endTime,1747494629382
2025,03072250-77e5-43d5-9844-4550ecd8ae34,$.session.flagStats[4].endLap,endLap,6
2025,03072250-77e5-43d5-9844-4550ecd8ae34,$.session.flagStats[5].startTime,startTime,1747494629382
2025,03072250-77e5-43d5-9844-4550ecd8ae34,$.session.flagStats[5].startLap,startLap,6
2025,03072250-77e5-43d5-9844-4550ecd8ae34,$.session.flagStats[5].endTime,endTime,1747494801305
2025,03072250-77e5-43d5-9844-4550ecd8ae34,$.session.flagStats[5].endLap,endLap,6
2025,03072250-77e5-43d5-9844-4550ecd8ae34,$.session.flagStats[6].startTime,startTime,1747494801305
2025,03072250-77e5-43d5-9844-4550ecd8ae34,$.session.flagStats[6].startLap,startLap,6
2025,03072250-77e5-43d5-9844-4550ecd8ae34,$.session.flagStats[6].endTime,endTime,1747494898042
2025,03072250-77e5-43d5-9844-4550ecd8ae34,$.session.flagStats[6].endLap,endLap,6
2025,03072250-77e5-43d5-9844-4550ecd8ae34,$.session.flagStats[7].startTime,startTime,1747494898042
2025,03072250-77e5-43d5-9844-4550ecd8ae34,$.session.flagStats[7].startLap,startLap,6
2025,03072250-77e5-43d5-9844-4550ecd8ae34,$.session.flagStats[7].endTime,endTime,1747495072522
2025,03072250-77e5-43d5-9844-4550ecd8ae34,$.session.flagStats[7].endLap,endLap,6
2025,03072250-77e5-43d5-9844-4550ecd8ae34,$.session.flagStats[8].startTime,startTime,1747495072522
2025,03072250-77e5-43d5-9844-4550ecd8ae34,$.session.flagStats[8].startLap,startLap,6
2025,03072250-77e5-43d5-9844-4550ecd8ae34,$.session.flagStats[8].endTime,endTime,1747495178503
2025,03072250-77e5-43d5-9844-4550ecd8ae34,$.session.flagStats[8].endLap,endLap,6
2025,03072250-77e5-43d5-9844-4550ecd8ae34,$.session.flagStats[9].startTime,startTime,1747495178503
2025,03072250-77e5-43d5-9844-4550ecd8ae34,$.session.flagStats[9].startLap,startLap,6
2025,03072250-77e5-43d5-9844-4550ecd8ae34,$.session.flagStats[9].endTime,endTime,1747495352027
2025,03072250-77e5-43d5-9844-4550ecd8ae34,$.session.flagStats[9].endLap,endLap,6
2025,03072250-77e5-43d5-9844-4550ecd8ae34,$.session.flagStats[10].startTime,startTime,1747495352027
2025,03072250-77e5-43d5-9844-4550ecd8ae34,$.session.flagStats[10].startLap,startLap,6
2025,03072250-77e5-43d5-9844-4550ecd8ae34,$.session.flagStats[10].endTime,endTime,1747495439526
2025,03072250-77e5-43d5-9844-4550ecd8ae34,$.session.flagStats[10].endLap,endLap,6
2025,03072250-77e5-43d5-9844-4550ecd8ae34,$.session.flagStats[11].startTime,startTime,1747495439526
2025,03072250-77e5-43d5-9844-4550ecd8ae34,$.session.flagStats[11].startLap,startLap,6
2025,03072250-77e5-43d5-9844-4550ecd8ae34,$.session.flagStats[11].endTime,endTime,1747495613042
2025,03072250-77e5-43d5-9844-4550ecd8ae34,$.session.flagStats[11].endLap,endLap,6
2025,03072250-77e5-43d5-9844-4550ecd8ae34,$.session.flagStats[12].startTime,startTime,1747495613042
2025,03072250-77e5-43d5-9844-4550ecd8ae34,$.session.flagStats[12].startLap,startLap,6
2025,03072250-77e5-43d5-9844-4550ecd8ae34,$.session.flagStats[12].endTime,endTime,1747495725128
2025,03072250-77e5-43d5-9844-4550ecd8ae34,$.session.flagStats[12].endLap,endLap,6
2025,03072250-77e5-43d5-9844-4550ecd8ae34,$.session.flagStats[13].startTime,startTime,1747495725128
2025,03072250-77e5-43d5-9844-4550ecd8ae34,$.session.flagStats[13].startLap,startLap,6
2025,03072250-77e5-43d5-9844-4550ecd8ae34,$.session.flagStats[13].endTime,endTime,1747495901716
2025,03072250-77e5-43d5-9844-4550ecd8ae34,$.session.flagStats[13].endLap,endLap,6
2025,03072250-77e5-43d5-9844-4550ecd8ae34,$.session.flagStats[14].startTime,startTime,1747495901716
2025,03072250-77e5-43d5-9844-4550ecd8ae34,$.session.flagStats[14].startLap,startLap,6
2025,03072250-77e5-43d5-9844-4550ecd8ae34,$.session.flagStats[14].endTime,endTime,1747495998447
2025,03072250-77e5-43d5-9844-4550ecd8ae34,$.session.flagStats[14].endLap,endLap,6
2025,03072250-77e5-43d5-9844-4550ecd8ae34,$.session.flagStats[15].startTime,startTime,1747495998447
2025,03072250-77e5-43d5-9844-4550ecd8ae34,$.session.flagStats[15].startLap,startLap,6
2025,03072250-77e5-43d5-9844-4550ecd8ae34,$.session.flagStats[15].endTime,endTime,1747496173477
2025,03072250-77e5-43d5-9844-4550ecd8ae34,$.session.flagStats[15].endLap,endLap,6
2025,03072250-77e5-43d5-9844-4550ecd8ae34,$.session.flagStats[16].startTime,startTime,1747496173477
2025,03072250-77e5-43d5-9844-4550ecd8ae34,$.session.flagStats[16].startLap,startLap,6
2025,03072250-77e5-43d5-9844-4550ecd8ae34,$.session.flagStats[16].endTime,endTime,1747496307086
2025,03072250-77e5-43d5-9844-4550ecd8ae34,$.session.flagStats[16].endLap,endLap,6
2025,03072250-77e5-43d5-9844-4550ecd8ae34,$.session.flagStats[17].startTime,startTime,1747496307086
2025,03072250-77e5-43d5-9844-4550ecd8ae34,$.session.flagStats[17].startLap,startLap,6
2025,03072250-77e5-43d5-9844-4550ecd8ae34,$.session.flagStats[17].endTime,endTime,1747496483761
2025,03072250-77e5-43d5-9844-4550ecd8ae34,$.session.flagStats[17].endLap,endLap,6
2025,03072250-77e5-43d5-9844-4550ecd8ae34,$.session.flagStats[18].startTime,startTime,1747496483761
2025,03072250-77e5-43d5-9844-4550ecd8ae34,$.session.flagStats[18].startLap,startLap,6
2025,03072250-77e5-43d5-9844-4550ecd8ae34,$.session.flagStats[18].endTime,endTime,1747496574447
2025,03072250-77e5-43d5-9844-4550ecd8ae34,$.session.flagStats[18].endLap,endLap,6
2025,03072250-77e5-43d5-9844-4550ecd8ae34,$.session.flagStats[19].startTime,startTime,1747496574447
2025,03072250-77e5-43d5-9844-4550ecd8ae34,$.session.flagStats[19].startLap,startLap,6
2025,03072250-77e5-43d5-9844-4550ecd8ae34,$.session.flagStats[19].endTime,endTime,1747496752874
2025,03072250-77e5-43d5-9844-4550ecd8ae34,$.session.flagStats[19].endLap,endLap,6
2025,03072250-77e5-43d5-9844-4550ecd8ae34,$.session.flagStats[20].startTime,startTime,1747496752874
2025,03072250-77e5-43d5-9844-4550ecd8ae34,$.session.flagStats[20].startLap,startLap,6
2025,03072250-77e5-43d5-9844-4550ecd8ae34,$.session.flagStats[20].endTime,endTime,1747496838928
2025,03072250-77e5-43d5-9844-4550ecd8ae34,$.session.flagStats[20].endLap,endLap,6
2025,03072250-77e5-43d5-9844-4550ecd8ae34,$.session.flagStats[21].startTime,startTime,1747496838928
2025,03072250-77e5-43d5-9844-4550ecd8ae34,$.session.flagStats[21].startLap,startLap,6
2025,03072250-77e5-43d5-9844-4550ecd8ae34,$.session.flagStats[21].endTime,endTime,1747497015619
2025,03072250-77e5-43d5-9844-4550ecd8ae34,$.session.flagStats[21].endLap,endLap,6
2025,03072250-77e5-43d5-9844-4550ecd8ae34,$.session.flagStats[22].startTime,startTime,1747497015619
2025,03072250-77e5-43d5-9844-4550ecd8ae34,$.session.flagStats[22].startLap,startLap,6
2025,03072250-77e5-43d5-9844-4550ecd8ae34,$.session.flagStats[22].endTime,endTime,1747497109344
2025,03072250-77e5-43d5-9844-4550ecd8ae34,$.session.flagStats[22].endLap,endLap,6
2025,03072250-77e5-43d5-9844-4550ecd8ae34,$.session.flagStats[23].startTime,startTime,1747497109344
2025,03072250-77e5-43d5-9844-4550ecd8ae34,$.session.flagStats[23].startLap,startLap,6
2025,03072250-77e5-43d5-9844-4550ecd8ae34,$.session.flagStats[23].endTime,endTime,1747497284489
2025,03072250-77e5-43d5-9844-4550ecd8ae34,$.session.flagStats[23].endLap,endLap,6
2025,03072250-77e5-43d5-9844-4550ecd8ae34,$.session.flagStats[24].startTime,startTime,1747497284489
2025,03072250-77e5-43d5-9844-4550ecd8ae34,$.session.flagStats[24].startLap,startLap,6
2025,03072250-77e5-43d5-9844-4550ecd8ae34,$.session.flagStats[24].endTime,endTime,1747497407393
2025,03072250-77e5-43d5-9844-4550ecd8ae34,$.session.flagStats[24].endLap,endLap,6
2025,03072250-77e5-43d5-9844-4550ecd8ae34,$.session.flagStats[25].startTime,startTime,1747497407393
2025,03072250-77e5-43d5-9844-4550ecd8ae34,$.session.flagStats[25].startLap,startLap,6
2025,03072250-77e5-43d5-9844-4550ecd8ae34,$.session.flagStats[25].endTime,endTime,1747497582546
2025,03072250-77e5-43d5-9844-4550ecd8ae34,$.session.flagStats[25].endLap,endLap,6
2025,03072250-77e5-43d5-9844-4550ecd8ae34,$.session.flagStats[26].startTime,startTime,1747497582546
2025,03072250-77e5-43d5-9844-4550ecd8ae34,$.session.flagStats[26].startLap,startLap,6
2025,03072250-77e5-43d5-9844-4550ecd8ae34,$.session.flagStats[26].endTime,endTime,1747497671685
2025,03072250-77e5-43d5-9844-4550ecd8ae34,$.session.flagStats[26].endLap,endLap,6
2025,03072250-77e5-43d5-9844-4550ecd8ae34,$.session.flagStats[27].startTime,startTime,1747497671685
2025,03072250-77e5-43d5-9844-4550ecd8ae34,$.session.flagStats[27].startLap,startLap,6
2025,03072250-77e5-43d5-9844-4550ecd8ae34,$.session.flagStats[27].endTime,endTime,1747497846808
2025,03072250-77e5-43d5-9844-4550ecd8ae34,$.session.flagStats[27].endLap,endLap,6
2025,03072250-77e5-43d5-9844-4550ecd8ae34,$.session.flagStats[28].startTime,startTime,1747497846808
2025,03072250-77e5-43d5-9844-4550ecd8ae34,$.session.flagStats[28].startLap,startLap,6
2025,03072250-77e5-43d5-9844-4550ecd8ae34,$.session.flagStats[28].endTime,endTime,1747497957593
2025,03072250-77e5-43d5-9844-4550ecd8ae34,$.session.flagStats[28].endLap,endLap,6
2025,03072250-77e5-43d5-9844-4550ecd8ae34,$.session.flagStats[29].startTime,startTime,1747497957593
2025,03072250-77e5-43d5-9844-4550ecd8ae34,$.session.flagStats[29].startLap,startLap,6
2025,03072250-77e5-43d5-9844-4550ecd8ae34,$.session.flagStats[29].endTime,endTime,1747497982576
2025,03072250-77e5-43d5-9844-4550ecd8ae34,$.session.flagStats[29].endLap,endLap,6
2025,03072250-77e5-43d5-9844-4550ecd8ae34,$.session.flagStats[30].startTime,startTime,1747497982576
2025,03072250-77e5-43d5-9844-4550ecd8ae34,$.session.flagStats[30].startLap,startLap,6
2025,03072250-77e5-43d5-9844-4550ecd8ae34,$.session.flagStats[30].endTime,endTime,1747499110734
2025,03072250-77e5-43d5-9844-4550ecd8ae34,$.session.flagStats[30].endLap,endLap,6
2025,03072250-77e5-43d5-9844-4550ecd8ae34,$.session.flagStats[31].startTime,startTime,1747499110734
2025,03072250-77e5-43d5-9844-4550ecd8ae34,$.session.flagStats[31].startLap,startLap,6
2025,03072250-77e5-43d5-9844-4550ecd8ae34,$.session.flagStats[31].endTime,endTime,1747499283953
2025,03072250-77e5-43d5-9844-4550ecd8ae34,$.session.flagStats[31].endLap,endLap,6
2025,03072250-77e5-43d5-9844-4550ecd8ae34,$.session.flagStats[32].startTime,startTime,1747499283953
2025,03072250-77e5-43d5-9844-4550ecd8ae34,$.session.flagStats[32].startLap,startLap,6
2025,03072250-77e5-43d5-9844-4550ecd8ae34,$.session.flagStats[32].endTime,endTime,1747499377222
2025,03072250-77e5-43d5-9844-4550ecd8ae34,$.session.flagStats[32].endLap,endLap,6
2025,03072250-77e5-43d5-9844-4550ecd8ae34,$.session.flagStats[33].startTime,startTime,1747499377222
2025,03072250-77e5-43d5-9844-4550ecd8ae34,$.session.flagStats[33].startLap,startLap,6
2025,03072250-77e5-43d5-9844-4550ecd8ae34,$.session.flagStats[33].endTime,endTime,1747499552188
2025,03072250-77e5-43d5-9844-4550ecd8ae34,$.session.flagStats[33].endLap,endLap,6
2025,03072250-77e5-43d5-9844-4550ecd8ae34,$.session.flagStats[34].startTime,startTime,1747499552188
2025,03072250-77e5-43d5-9844-4550ecd8ae34,$.session.flagStats[34].startLap,startLap,6
2025,03072250-77e5-43d5-9844-4550ecd8ae34,$.session.flagStats[34].endTime,endTime,1747499642177
2025,03072250-77e5-43d5-9844-4550ecd8ae34,$.session.flagStats[34].endLap,endLap,6
2025,03072250-77e5-43d5-9844-4550ecd8ae34,$.session.flagStats[35].startTime,startTime,1747499642177
2025,03072250-77e5-43d5-9844-4550ecd8ae34,$.session.flagStats[35].startLap,startLap,6
2025,03072250-77e5-43d5-9844-4550ecd8ae34,$.session.flagStats[35].endTime,endTime,1747499817111
2025,03072250-77e5-43d5-9844-4550ecd8ae34,$.session.flagStats[35].endLap,endLap,6
2025,03072250-77e5-43d5-9844-4550ecd8ae34,$.session.flagStats[36].startTime,startTime,1747499817111
2025,03072250-77e5-43d5-9844-4550ecd8ae34,$.session.flagStats[36].startLap,startLap,6
2025,03072250-77e5-43d5-9844-4550ecd8ae34,$.session.flagStats[36].endTime,endTime,1747499923777
2025,03072250-77e5-43d5-9844-4550ecd8ae34,$.session.flagStats[36].endLap,endLap,6
2025,03072250-77e5-43d5-9844-4550ecd8ae34,$.session.flagStats[37].startTime,startTime,1747499923777
2025,03072250-77e5-43d5-9844-4550ecd8ae34,$.session.flagStats[37].startLap,startLap,6
2025,03072250-77e5-43d5-9844-4550ecd8ae34,$.session.flagStats[37].endTime,endTime,1747500100417
2025,03072250-77e5-43d5-9844-4550ecd8ae34,$.session.flagStats[37].endLap,endLap,6
2025,03072250-77e5-43d5-9844-4550ecd8ae34,$.session.flagStats[38].startTime,startTime,1747500100417
2025,03072250-77e5-43d5-9844-4550ecd8ae34,$.session.flagStats[38].startLap,startLap,6
2025,03072250-77e5-43d5-9844-4550ecd8ae34,$.session.flagStats[38].endTime,endTime,1747500197051
2025,03072250-77e5-43d5-9844-4550ecd8ae34,$.session.flagStats[38].endLap,endLap,6
2025,03072250-77e5-43d5-9844-4550ecd8ae34,$.session.flagStats[39].startTime,startTime,1747500197051
2025,03072250-77e5-43d5-9844-4550ecd8ae34,$.session.flagStats[39].startLap,startLap,6
2025,03072250-77e5-43d5-9844-4550ecd8ae34,$.session.flagStats[39].endTime,endTime,1747500373683
2025,03072250-77e5-43d5-9844-4550ecd8ae34,$.session.flagStats[39].endLap,endLap,6
2025,03072250-77e5-43d5-9844-4550ecd8ae34,$.session.flagStats[40].startTime,startTime,1747500373683
2025,03072250-77e5-43d5-9844-4550ecd8ae34,$.session.flagStats[40].startLap,startLap,6
2025,03072250-77e5-43d5-9844-4550ecd8ae34,$.session.flagStats[40].endTime,endTime,1747500473664
2025,03072250-77e5-43d5-9844-4550ecd8ae34,$.session.flagStats[40].endLap,endLap,6
2025,03072250-77e5-43d5-9844-4550ecd8ae34,$.session.flagStats[41].startTime,startTime,1747500473664
2025,03072250-77e5-43d5-9844-4550ecd8ae34,$.session.flagStats[41].startLap,startLap,6
2025,03072250-77e5-43d5-9844-4550ecd8ae34,$.session.flagStats[41].endTime,endTime,1747500648653
2025,03072250-77e5-43d5-9844-4550ecd8ae34,$.session.flagStats[41].endLap,endLap,6
2025,03072250-77e5-43d5-9844-4550ecd8ae34,$.session.flagStats[42].startTime,startTime,1747500648653
2025,03072250-77e5-43d5-9844-4550ecd8ae34,$.session.flagStats[42].startLap,startLap,6
2025,03072250-77e5-43d5-9844-4550ecd8ae34,$.session.flagStats[42].endTime,endTime,1747500777028
2025,03072250-77e5-43d5-9844-4550ecd8ae34,$.session.flagStats[42].endLap,endLap,6
2025,03072250-77e5-43d5-9844-4550ecd8ae34,$.session.flagStats[43].startTime,startTime,1747500777028
2025,03072250-77e5-43d5-9844-4550ecd8ae34,$.session.flagStats[43].startLap,startLap,6
2025,03072250-77e5-43d5-9844-4550ecd8ae34,$.session.flagStats[43].endTime,endTime,1747500954813
2025,03072250-77e5-43d5-9844-4550ecd8ae34,$.session.flagStats[43].endLap,endLap,6
2025,03072250-77e5-43d5-9844-4550ecd8ae34,$.session.flagStats[44].startTime,startTime,1747500954813
2025,03072250-77e5-43d5-9844-4550ecd8ae34,$.session.flagStats[44].startLap,startLap,6
2025,03072250-77e5-43d5-9844-4550ecd8ae34,$.session.flagStats[44].endTime,endTime,1747501079755
2025,03072250-77e5-43d5-9844-4550ecd8ae34,$.session.flagStats[44].endLap,endLap,6
2025,03072250-77e5-43d5-9844-4550ecd8ae34,$.session.flagStats[45].startTime,startTime,1747501079755
2025,03072250-77e5-43d5-9844-4550ecd8ae34,$.session.flagStats[45].startLap,startLap,6
2025,03072250-77e5-43d5-9844-4550ecd8ae34,$.session.flagStats[45].endTime,endTime,1747501259794
2025,03072250-77e5-43d5-9844-4550ecd8ae34,$.session.flagStats[45].endLap,endLap,6
2025,03072250-77e5-43d5-9844-4550ecd8ae34,$.session.flagStats[46].startTime,startTime,1747501259794
2025,03072250-77e5-43d5-9844-4550ecd8ae34,$.session.flagStats[46].startLap,startLap,6
2025,03072250-77e5-43d5-9844-4550ecd8ae34,$.session.flagStats[46].endTime,endTime,1747501364904
2025,03072250-77e5-43d5-9844-4550ecd8ae34,$.session.flagStats[46].endLap,endLap,6
2025,03072250-77e5-43d5-9844-4550ecd8ae34,$.session.flagStats[47].startTime,startTime,1747501364904
2025,03072250-77e5-43d5-9844-4550ecd8ae34,$.session.flagStats[47].startLap,startLap,6
2025,03072250-77e5-43d5-9844-4550ecd8ae34,$.session.flagStats[47].endTime,endTime,1747501539853
2025,03072250-77e5-43d5-9844-4550ecd8ae34,$.session.flagStats[47].endLap,endLap,6
2025,03072250-77e5-43d5-9844-4550ecd8ae34,$.session.flagStats[48].startTime,startTime,1747501539853
2025,03072250-77e5-43d5-9844-4550ecd8ae34,$.session.flagStats[48].startLap,startLap,6
2025,03072250-77e5-43d5-9844-4550ecd8ae34,$.session.flagStats[48].endTime,endTime,1747501648166
2025,03072250-77e5-43d5-9844-4550ecd8ae34,$.session.flagStats[48].endLap,endLap,6
2025,03072250-77e5-43d5-9844-4550ecd8ae34,$.session.flagStats[49].startTime,startTime,1747501648166
2025,03072250-77e5-43d5-9844-4550ecd8ae34,$.session.flagStats[49].startLap,startLap,6
2025,03072250-77e5-43d5-9844-4550ecd8ae34,$.session.flagStats[49].endTime,endTime,1747501826535
2025,03072250-77e5-43d5-9844-4550ecd8ae34,$.session.flagStats[49].endLap,endLap,6
2025,03072250-77e5-43d5-9844-4550ecd8ae34,$.session.flagStats[50].startTime,startTime,1747501826535
2025,03072250-77e5-43d5-9844-4550ecd8ae34,$.session.flagStats[50].startLap,startLap,6
2025,03072250-77e5-43d5-9844-4550ecd8ae34,$.session.flagStats[50].endTime,endTime,1747501931596
2025,03072250-77e5-43d5-9844-4550ecd8ae34,$.session.flagStats[50].endLap,endLap,6
2025,03072250-77e5-43d5-9844-4550ecd8ae34,$.session.flagStats[51].startTime,startTime,1747501931596
2025,03072250-77e5-43d5-9844-4550ecd8ae34,$.session.flagStats[51].startLap,startLap,6
2025,03072250-77e5-43d5-9844-4550ecd8ae34,$.session.flagStats[51].endTime,endTime,1747502105434
2025,03072250-77e5-43d5-9844-4550ecd8ae34,$.session.flagStats[51].endLap,endLap,6
2025,03072250-77e5-43d5-9844-4550ecd8ae34,$.session.flagStats[52].startTime,startTime,1747502105434
2025,03072250-77e5-43d5-9844-4550ecd8ae34,$.session.flagStats[52].startLap,startLap,6
2025,03072250-77e5-43d5-9844-4550ecd8ae34,$.session.flagStats[52].endTime,endTime,1747502208819
2025,03072250-77e5-43d5-9844-4550ecd8ae34,$.session.flagStats[52].endLap,endLap,6
2025,03072250-77e5-43d5-9844-4550ecd8ae34,$.session.flagStats[53].startTime,startTime,1747502208819
2025,03072250-77e5-43d5-9844-4550ecd8ae34,$.session.flagStats[53].startLap,startLap,6
2025,03072250-77e5-43d5-9844-4550ecd8ae34,$.session.flagStats[53].endTime,endTime,1747502619192
2025,03072250-77e5-43d5-9844-4550ecd8ae34,$.session.flagStats[53].endLap,endLap,6
2025,03072250-77e5-43d5-9844-4550ecd8ae34,$.session.flagStats[54].startTime,startTime,1747502619192
2025,03072250-77e5-43d5-9844-4550ecd8ae34,$.session.flagStats[54].startLap,startLap,6
2025,03072250-77e5-43d5-9844-4550ecd8ae34,$.session.flagStats[54].endTime,endTime,1747502627530
2025,03072250-77e5-43d5-9844-4550ecd8ae34,$.session.flagStats[54].endLap,endLap,6
2025,03072250-77e5-43d5-9844-4550ecd8ae34,$.session.flagStats[55].startTime,startTime,1747502627530
2025,03072250-77e5-43d5-9844-4550ecd8ae34,$.session.flagStats[55].startLap,startLap,6
2025,03072250-77e5-43d5-9844-4550ecd8ae34,$.session.flagStats[55].endTime,endTime,1747502657550
2025,03072250-77e5-43d5-9844-4550ecd8ae34,$.session.flagStats[55].endLap,endLap,6
2025,03072250-77e5-43d5-9844-4550ecd8ae34,$.session.flagStats[56].startTime,startTime,1747502657550
2025,03072250-77e5-43d5-9844-4550ecd8ae34,$.session.flagStats[56].startLap,startLap,6
2025,03072250-77e5-43d5-9844-4550ecd8ae34,$.session.flagStats[56].endTime,endTime,1747502775970
2025,03072250-77e5-43d5-9844-4550ecd8ae34,$.session.flagStats[56].endLap,endLap,6
2025,03072250-77e5-43d5-9844-4550ecd8ae34,$.session.flagStats[57].startTime,startTime,1747502775970
2025,03072250-77e5-43d5-9844-4550ecd8ae34,$.session.flagStats[57].startLap,startLap,6
2025,03072250-77e5-43d5-9844-4550ecd8ae34,$.session.flagStats[57].endTime,endTime,1747502952755
2025,03072250-77e5-43d5-9844-4550ecd8ae34,$.session.flagStats[57].endLap,endLap,6
2025,03072250-77e5-43d5-9844-4550ecd8ae34,$.session.flagStats[58].startTime,startTime,1747502952755
2025,03072250-77e5-43d5-9844-4550ecd8ae34,$.session.flagStats[58].startLap,startLap,6
2025,03072250-77e5-43d5-9844-4550ecd8ae34,$.session.flagStats[58].endTime,endTime,1747503057837
2025,03072250-77e5-43d5-9844-4550ecd8ae34,$.session.flagStats[58].endLap,endLap,6
2025,03072250-77e5-43d5-9844-4550ecd8ae34,$.session.flagStats[59].startTime,startTime,1747503057837
2025,03072250-77e5-43d5-9844-4550ecd8ae34,$.session.flagStats[59].startLap,startLap,6
2025,03072250-77e5-43d5-9844-4550ecd8ae34,$.session.flagStats[59].endTime,endTime,1747503234600
2025,03072250-77e5-43d5-9844-4550ecd8ae34,$.session.flagStats[59].endLap,endLap,6
2025,03072250-77e5-43d5-9844-4550ecd8ae34,$.session.flagStats[60].startTime,startTime,1747503234600
2025,03072250-77e5-43d5-9844-4550ecd8ae34,$.session.flagStats[60].startLap,startLap,6
2025,03072250-77e5-43d5-9844-4550ecd8ae34,$.session.flagStats[60].endTime,endTime,1747503352981
2025,03072250-77e5-43d5-9844-4550ecd8ae34,$.session.flagStats[60].endLap,endLap,6
2025,03072250-77e5-43d5-9844-4550ecd8ae34,$.session.flagStats[61].startTime,startTime,1747503352981
2025,03072250-77e5-43d5-9844-4550ecd8ae34,$.session.flagStats[61].startLap,startLap,6
2025,03072250-77e5-43d5-9844-4550ecd8ae34,$.session.flagStats[61].endTime,endTime,1747503529758
2025,03072250-77e5-43d5-9844-4550ecd8ae34,$.session.flagStats[61].endLap,endLap,6
2025,03072250-77e5-43d5-9844-4550ecd8ae34,$.session.flagStats[62].startTime,startTime,1747503529758
2025,03072250-77e5-43d5-9844-4550ecd8ae34,$.session.flagStats[62].startLap,startLap,6
2025,03072250-77e5-43d5-9844-4550ecd8ae34,$.session.flagStats[62].endTime,endTime,1747503631536
2025,03072250-77e5-43d5-9844-4550ecd8ae34,$.session.flagStats[62].endLap,endLap,6
2025,03072250-77e5-43d5-9844-4550ecd8ae34,$.session.flagStats[63].startTime,startTime,1747503631536
2025,03072250-77e5-43d5-9844-4550ecd8ae34,$.session.flagStats[63].startLap,startLap,6
2025,03072250-77e5-43d5-9844-4550ecd8ae34,$.session.flagStats[63].endTime,endTime,1747503808506
2025,03072250-77e5-43d5-9844-4550ecd8ae34,$.session.flagStats[63].endLap,endLap,6
2025,03072250-77e5-43d5-9844-4550ecd8ae34,$.session.flagStats[64].startTime,startTime,1747503808506
2025,03072250-77e5-43d5-9844-4550ecd8ae34,$.session.flagStats[64].startLap,startLap,6
2025,03072250-77e5-43d5-9844-4550ecd8ae34,$.session.flagStats[64].endTime,endTime,1747505216861
2025,03072250-77e5-43d5-9844-4550ecd8ae34,$.session.flagStats[64].endLap,endLap,6
2025,03072250-77e5-43d5-9844-4550ecd8ae34,$.session.flagStats[65].startTime,startTime,1747505216861
2025,03072250-77e5-43d5-9844-4550ecd8ae34,$.session.flagStats[65].startLap,startLap,6
2025,03072250-77e5-43d5-9844-4550ecd8ae34,$.session.flagStats[65].endTime,endTime,1747505388838
2025,03072250-77e5-43d5-9844-4550ecd8ae34,$.session.flagStats[65].endLap,endLap,6
2025,03072250-77e5-43d5-9844-4550ecd8ae34,$.session.flagStats[66].startTime,startTime,1747505388838
2025,03072250-77e5-43d5-9844-4550ecd8ae34,$.session.flagStats[66].startLap,startLap,6
2025,03072250-77e5-43d5-9844-4550ecd8ae34,$.session.flagStats[66].endTime,endTime,1747505500685
2025,03072250-77e5-43d5-9844-4550ecd8ae34,$.session.flagStats[66].endLap,endLap,6
2025,03072250-77e5-43d5-9844-4550ecd8ae34,$.session.flagStats[67].startTime,startTime,1747505500685
2025,03072250-77e5-43d5-9844-4550ecd8ae34,$.session.flagStats[67].startLap,startLap,6
2025,03072250-77e5-43d5-9844-4550ecd8ae34,$.session.flagStats[67].endTime,endTime,1747505677573
2025,03072250-77e5-43d5-9844-4550ecd8ae34,$.session.flagStats[67].endLap,endLap,6
2025,03072250-77e5-43d5-9844-4550ecd8ae34,$.session.flagStats[68].startTime,startTime,1747505677573
2025,03072250-77e5-43d5-9844-4550ecd8ae34,$.session.flagStats[68].startLap,startLap,6
2025,03072250-77e5-43d5-9844-4550ecd8ae34,$.session.flagStats[68].endTime,endTime,1747505770690
2025,03072250-77e5-43d5-9844-4550ecd8ae34,$.session.flagStats[68].endLap,endLap,6
2025,03072250-77e5-43d5-9844-4550ecd8ae34,$.session.flagStats[69].startTime,startTime,1747505770690
2025,03072250-77e5-43d5-9844-4550ecd8ae34,$.session.flagStats[69].startLap,startLap,6
2025,03072250-77e5-43d5-9844-4550ecd8ae34,$.session.flagStats[69].endTime,endTime,1747505945868
2025,03072250-77e5-43d5-9844-4550ecd8ae34,$.session.flagStats[69].endLap,endLap,11
2025,03072250-77e5-43d5-9844-4550ecd8ae34,$.session.flagStats[70].startTime,startTime,1747505945868
2025,03072250-77e5-43d5-9844-4550ecd8ae34,$.session.flagStats[70].startLap,startLap,11
2025,03072250-77e5-43d5-9844-4550ecd8ae34,$.session.flagStats[70].endTime,endTime,1747506384865
2025,03072250-77e5-43d5-9844-4550ecd8ae34,$.session.flagStats[70].endLap,endLap,11
2025,03072250-77e5-43d5-9844-4550ecd8ae34,$.session.flagStats[71].startTime,startTime,1747506384865
2025,03072250-77e5-43d5-9844-4550ecd8ae34,$.session.flagStats[71].startLap,startLap,11
2025,03072250-77e5-43d5-9844-4550ecd8ae34,$.session.flagStats[71].endTime,endTime,1747506561692
2025,03072250-77e5-43d5-9844-4550ecd8ae34,$.session.flagStats[71].endLap,endLap,11
2025,03072250-77e5-43d5-9844-4550ecd8ae34,$.session.flagStats[72].startTime,startTime,1747506561692
2025,03072250-77e5-43d5-9844-4550ecd8ae34,$.session.flagStats[72].startLap,startLap,11
2025,03072250-77e5-43d5-9844-4550ecd8ae34,$.session.flagStats[72].endTime,endTime,1747508423834
2025,03072250-77e5-43d5-9844-4550ecd8ae34,$.session.flagStats[72].endLap,endLap,11
2025,03072250-77e5-43d5-9844-4550ecd8ae34,$.session.flagStats[73].startTime,startTime,1747508423834
2025,03072250-77e5-43d5-9844-4550ecd8ae34,$.session.flagStats[73].startLap,startLap,11
2025,03072250-77e5-43d5-9844-4550ecd8ae34,$.session.flagStats[73].endTime,endTime,1747508600701
2025,03072250-77e5-43d5-9844-4550ecd8ae34,$.session.flagStats[73].endLap,endLap,11
2025,03072250-77e5-43d5-9844-4550ecd8ae34,$.session.flagStats[74].startTime,startTime,1747508600701
2025,03072250-77e5-43d5-9844-4550ecd8ae34,$.session.flagStats[74].startLap,startLap,11
2025,03072250-77e5-43d5-9844-4550ecd8ae34,$.session.flagStats[74].endTime,endTime,1747508699157
2025,03072250-77e5-43d5-9844-4550ecd8ae34,$.session.flagStats[74].endLap,endLap,11
2025,03072250-77e5-43d5-9844-4550ecd8ae34,$.session.flagStats[75].startTime,startTime,1747508699157
2025,03072250-77e5-43d5-9844-4550ecd8ae34,$.session.flagStats[75].startLap,startLap,11
2025,03072250-77e5-43d5-9844-4550ecd8ae34,$.session.flagStats[75].endTime,endTime,1747508874268
2025,03072250-77e5-43d5-9844-4550ecd8ae34,$.session.flagStats[75].endLap,endLap,11
2025,03072250-77e5-43d5-9844-4550ecd8ae34,$.session.flagStats[76].startTime,startTime,1747508874268
2025,03072250-77e5-43d5-9844-4550ecd8ae34,$.session.flagStats[76].startLap,startLap,11
2025,03072250-77e5-43d5-9844-4550ecd8ae34,$.session.flagStats[76].endTime,endTime,1747508962661
2025,03072250-77e5-43d5-9844-4550ecd8ae34,$.session.flagStats[76].endLap,endLap,11
2025,03072250-77e5-43d5-9844-4550ecd8ae34,$.session.flagStats[77].startTime,startTime,1747508962661
2025,03072250-77e5-43d5-9844-4550ecd8ae34,$.session.flagStats[77].startLap,startLap,11
2025,03072250-77e5-43d5-9844-4550ecd8ae34,$.session.flagStats[77].endTime,endTime,1747509141199
2025,03072250-77e5-43d5-9844-4550ecd8ae34,$.session.flagStats[77].endLap,endLap,11
2025,03072250-77e5-43d5-9844-4550ecd8ae34,$.session.flagStats[78].startTime,startTime,1747509141199
2025,03072250-77e5-43d5-9844-4550ecd8ae34,$.session.flagStats[78].startLap,startLap,11
2025,03072250-77e5-43d5-9844-4550ecd8ae34,$.session.flagStats[78].endTime,endTime,1747509226317
2025,03072250-77e5-43d5-9844-4550ecd8ae34,$.session.flagStats[78].endLap,endLap,11
2025,03072250-77e5-43d5-9844-4550ecd8ae34,$.session.flagStats[79].startTime,startTime,1747509226317
2025,03072250-77e5-43d5-9844-4550ecd8ae34,$.session.flagStats[79].startLap,startLap,11
2025,03072250-77e5-43d5-9844-4550ecd8ae34,$.session.flagStats[79].endTime,endTime,1747509403116
2025,03072250-77e5-43d5-9844-4550ecd8ae34,$.session.flagStats[79].endLap,endLap,11
2025,03072250-77e5-43d5-9844-4550ecd8ae34,$.session.flagStats[80].startTime,startTime,1747509403116
2025,03072250-77e5-43d5-9844-4550ecd8ae34,$.session.flagStats[80].startLap,startLap,11
2025,03072250-77e5-43d5-9844-4550ecd8ae34,$.session.flagStats[80].endTime,endTime,1747509578241
2025,03072250-77e5-43d5-9844-4550ecd8ae34,$.session.flagStats[80].endLap,endLap,11
2025,03072250-77e5-43d5-9844-4550ecd8ae34,$.session.flagStats[81].startTime,startTime,1747509578241
2025,03072250-77e5-43d5-9844-4550ecd8ae34,$.session.flagStats[81].startLap,startLap,11
2025,03072250-77e5-43d5-9844-4550ecd8ae34,$.session.flagStats[81].endTime,endTime,1747509718454
2025,03072250-77e5-43d5-9844-4550ecd8ae34,$.session.flagStats[81].endLap,endLap,11
2025,03072250-77e5-43d5-9844-4550ecd8ae34,$.session.flagStats[82].startTime,startTime,1747509718454
2025,03072250-77e5-43d5-9844-4550ecd8ae34,$.session.flagStats[82].startLap,startLap,11
2025,03072250-77e5-43d5-9844-4550ecd8ae34,$.session.flagStats[82].endTime,endTime,1747509850220
2025,03072250-77e5-43d5-9844-4550ecd8ae34,$.session.flagStats[82].endLap,endLap,11
2025,03072250-77e5-43d5-9844-4550ecd8ae34,$.session.flagStats[83].startTime,startTime,1747509850220
2025,03072250-77e5-43d5-9844-4550ecd8ae34,$.session.flagStats[83].startLap,startLap,11
2025,03072250-77e5-43d5-9844-4550ecd8ae34,$.session.flagStats[83].endTime,endTime,1747510025336
2025,03072250-77e5-43d5-9844-4550ecd8ae34,$.session.flagStats[83].endLap,endLap,11
2025,03072250-77e5-43d5-9844-4550ecd8ae34,$.session.flagStats[84].startTime,startTime,1747510025336
2025,03072250-77e5-43d5-9844-4550ecd8ae34,$.session.flagStats[84].startLap,startLap,11
2025,03072250-77e5-43d5-9844-4550ecd8ae34,$.session.flagStats[84].endTime,endTime,1747510120406
2025,03072250-77e5-43d5-9844-4550ecd8ae34,$.session.flagStats[84].endLap,endLap,11
2025,03072250-77e5-43d5-9844-4550ecd8ae34,$.session.flagStats[85].startTime,startTime,1747510120406
2025,03072250-77e5-43d5-9844-4550ecd8ae34,$.session.flagStats[85].startLap,startLap,11
2025,03072250-77e5-43d5-9844-4550ecd8ae34,$.session.flagStats[85].endTime,endTime,1747510298959
2025,03072250-77e5-43d5-9844-4550ecd8ae34,$.session.flagStats[85].endLap,endLap,11
2025,03072250-77e5-43d5-9844-4550ecd8ae34,$.session.flagStats[86].startTime,startTime,1747510298959
2025,03072250-77e5-43d5-9844-4550ecd8ae34,$.session.flagStats[86].startLap,startLap,11
2025,03072250-77e5-43d5-9844-4550ecd8ae34,$.session.flagStats[86].endTime,endTime,1747510392698
2025,03072250-77e5-43d5-9844-4550ecd8ae34,$.session.flagStats[86].endLap,endLap,11
2025,03072250-77e5-43d5-9844-4550ecd8ae34,$.session.flagStats[87].startTime,startTime,1747510392698
2025,03072250-77e5-43d5-9844-4550ecd8ae34,$.session.flagStats[87].startLap,startLap,11
2025,03072250-77e5-43d5-9844-4550ecd8ae34,$.session.flagStats[87].endTime,endTime,1747510569544
2025,03072250-77e5-43d5-9844-4550ecd8ae34,$.session.flagStats[87].endLap,endLap,11
2025,03072250-77e5-43d5-9844-4550ecd8ae34,$.session.flagStats[88].startTime,startTime,1747510569544
2025,03072250-77e5-43d5-9844-4550ecd8ae34,$.session.flagStats[88].startLap,startLap,11
2025,03072250-77e5-43d5-9844-4550ecd8ae34,$.session.flagStats[88].endTime,endTime,1747510657960
2025,03072250-77e5-43d5-9844-4550ecd8ae34,$.session.flagStats[88].endLap,endLap,11
2025,03072250-77e5-43d5-9844-4550ecd8ae34,$.session.flagStats[89].startTime,startTime,1747510657960
2025,03072250-77e5-43d5-9844-4550ecd8ae34,$.session.flagStats[89].startLap,startLap,11
2025,03072250-77e5-43d5-9844-4550ecd8ae34,$.session.flagStats[89].endTime,endTime,1747510834819
2025,03072250-77e5-43d5-9844-4550ecd8ae34,$.session.flagStats[89].endLap,endLap,16
2025,03072250-77e5-43d5-9844-4550ecd8ae34,$.session.flagStats[90].startTime,startTime,1747510834819
2025,03072250-77e5-43d5-9844-4550ecd8ae34,$.session.flagStats[90].startLap,startLap,16
2025,03072250-77e5-43d5-9844-4550ecd8ae34,$.session.flagStats[90].endTime,endTime,1747511063395
2025,03072250-77e5-43d5-9844-4550ecd8ae34,$.session.flagStats[90].endLap,endLap,16
2025,03072250-77e5-43d5-9844-4550ecd8ae34,$.session.flagStats[91].startTime,startTime,1747511063395
2025,03072250-77e5-43d5-9844-4550ecd8ae34,$.session.flagStats[91].startLap,startLap,16
2025,03072250-77e5-43d5-9844-4550ecd8ae34,$.session.flagStats[91].endTime,endTime,1747511240275
2025,03072250-77e5-43d5-9844-4550ecd8ae34,$.session.flagStats[91].endLap,endLap,16
2025,03072250-77e5-43d5-9844-4550ecd8ae34,$.session.flagStats[92].startTime,startTime,1747511240275
2025,03072250-77e5-43d5-9844-4550ecd8ae34,$.session.flagStats[92].startLap,startLap,16
2025,03072250-77e5-43d5-9844-4550ecd8ae34,$.session.flagStats[92].endTime,endTime,1747511342058
2025,03072250-77e5-43d5-9844-4550ecd8ae34,$.session.flagStats[92].endLap,endLap,16
2025,03072250-77e5-43d5-9844-4550ecd8ae34,$.session.flagStats[93].startTime,startTime,1747511342058
2025,03072250-77e5-43d5-9844-4550ecd8ae34,$.session.flagStats[93].startLap,startLap,16
2025,03072250-77e5-43d5-9844-4550ecd8ae34,$.session.flagStats[93].endTime,endTime,1747511517332
2025,03072250-77e5-43d5-9844-4550ecd8ae34,$.session.flagStats[93].endLap,endLap,16
2025,03072250-77e5-43d5-9844-4550ecd8ae34,$.session.flagStats[94].startTime,startTime,1747511517332
2025,03072250-77e5-43d5-9844-4550ecd8ae34,$.session.flagStats[94].startLap,startLap,16
2025,03072250-77e5-43d5-9844-4550ecd8ae34,$.session.flagStats[94].endTime,endTime,1747511607427
2025,03072250-77e5-43d5-9844-4550ecd8ae34,$.session.flagStats[94].endLap,endLap,16
2025,03072250-77e5-43d5-9844-4550ecd8ae34,$.session.flagStats[95].startTime,startTime,1747511607427
2025,03072250-77e5-43d5-9844-4550ecd8ae34,$.session.flagStats[95].startLap,startLap,16
2025,03072250-77e5-43d5-9844-4550ecd8ae34,$.session.flagStats[95].endTime,endTime,1747511782676
2025,03072250-77e5-43d5-9844-4550ecd8ae34,$.session.flagStats[95].endLap,endLap,16
2025,03072250-77e5-43d5-9844-4550ecd8ae34,$.session.flagStats[96].startTime,startTime,1747511782676
2025,03072250-77e5-43d5-9844-4550ecd8ae34,$.session.flagStats[96].startLap,startLap,16
2025,03072250-77e5-43d5-9844-4550ecd8ae34,$.session.flagStats[96].endTime,endTime,1747511897816
2025,03072250-77e5-43d5-9844-4550ecd8ae34,$.session.flagStats[96].endLap,endLap,16
2025,03072250-77e5-43d5-9844-4550ecd8ae34,$.session.flagStats[97].startTime,startTime,1747511897816
2025,03072250-77e5-43d5-9844-4550ecd8ae34,$.session.flagStats[97].startLap,startLap,16
2025,03072250-77e5-43d5-9844-4550ecd8ae34,$.session.flagStats[97].endTime,endTime,1747512051522
2025,03072250-77e5-43d5-9844-4550ecd8ae34,$.session.flagStats[97].endLap,endLap,16
2025,03072250-77e5-43d5-9844-4550ecd8ae34,$.session.flagStats[98].startTime,startTime,1747512051522
2025,03072250-77e5-43d5-9844-4550ecd8ae34,$.session.flagStats[98].startLap,startLap,16
2025,03072250-77e5-43d5-9844-4550ecd8ae34,$.session.flagStats[98].endTime,endTime,1747512176923
2025,03072250-77e5-43d5-9844-4550ecd8ae34,$.session.flagStats[98].endLap,endLap,16
2025,03072250-77e5-43d5-9844-4550ecd8ae34,$.session.flagStats[99].startTime,startTime,1747512176923
2025,03072250-77e5-43d5-9844-4550ecd8ae34,$.session.flagStats[99].startLap,startLap,16
2025,03072250-77e5-43d5-9844-4550ecd8ae34,$.session.flagStats[99].endTime,endTime,1747512353750
2025,03072250-77e5-43d5-9844-4550ecd8ae34,$.session.flagStats[99].endLap,endLap,16
2025,03072250-77e5-43d5-9844-4550ecd8ae34,$.session.flagStats[100].startTime,startTime,1747512353750
2025,03072250-77e5-43d5-9844-4550ecd8ae34,$.session.flagStats[100].startLap,startLap,16
2025,03072250-77e5-43d5-9844-4550ecd8ae34,$.session.flagStats[100].endTime,endTime,1747512462215
2025,03072250-77e5-43d5-9844-4550ecd8ae34,$.session.flagStats[100].endLap,endLap,16
2025,03072250-77e5-43d5-9844-4550ecd8ae34,$.session.flagStats[101].startTime,startTime,1747512462215
2025,03072250-77e5-43d5-9844-4550ecd8ae34,$.session.flagStats[101].startLap,startLap,16
2025,03072250-77e5-43d5-9844-4550ecd8ae34,$.session.flagStats[101].endTime,endTime,1747512538945
2025,03072250-77e5-43d5-9844-4550ecd8ae34,$.session.flagStats[101].endLap,endLap,16
2025,03072250-77e5-43d5-9844-4550ecd8ae34,$.session.flagStats[102].startTime,startTime,1747512538945
2025,03072250-77e5-43d5-9844-4550ecd8ae34,$.session.flagStats[102].startLap,startLap,16
2025,03072250-77e5-43d5-9844-4550ecd8ae34,$.session.flagStats[102].endTime,endTime,1747512680756
2025,03072250-77e5-43d5-9844-4550ecd8ae34,$.session.flagStats[102].endLap,endLap,16
2025,03072250-77e5-43d5-9844-4550ecd8ae34,$.session.flagStats[103].startTime,startTime,1747512680756
2025,03072250-77e5-43d5-9844-4550ecd8ae34,$.session.flagStats[103].startLap,startLap,16
2025,03072250-77e5-43d5-9844-4550ecd8ae34,$.session.flagStats[103].endTime,endTime,1747512779225
2025,03072250-77e5-43d5-9844-4550ecd8ae34,$.session.flagStats[103].endLap,endLap,16
2025,03072250-77e5-43d5-9844-4550ecd8ae34,$.session.flagStats[104].startTime,startTime,1747512779225
2025,03072250-77e5-43d5-9844-4550ecd8ae34,$.session.flagStats[104].startLap,startLap,16
2025,03072250-77e5-43d5-9844-4550ecd8ae34,$.session.flagStats[104].endTime,endTime,1747512915977
2025,03072250-77e5-43d5-9844-4550ecd8ae34,$.session.flagStats[104].endLap,endLap,16
2025,03072250-77e5-43d5-9844-4550ecd8ae34,$.session.flagStats[105].startTime,startTime,1747512915977
2025,03072250-77e5-43d5-9844-4550ecd8ae34,$.session.flagStats[105].startLap,startLap,16
2025,03072250-77e5-43d5-9844-4550ecd8ae34,$.session.flagStats[105].endTime,endTime,1747513092805
2025,03072250-77e5-43d5-9844-4550ecd8ae34,$.session.flagStats[105].endLap,endLap,16
2025,03072250-77e5-43d5-9844-4550ecd8ae34,$.session.flagStats[106].startTime,startTime,1747513092805
2025,03072250-77e5-43d5-9844-4550ecd8ae34,$.session.flagStats[106].startLap,startLap,16
2025,03072250-77e5-43d5-9844-4550ecd8ae34,$.session.flagStats[106].endTime,endTime,1747513184544
2025,03072250-77e5-43d5-9844-4550ecd8ae34,$.session.flagStats[106].endLap,endLap,16
2025,03072250-77e5-43d5-9844-4550ecd8ae34,$.session.flagStats[107].startTime,startTime,1747513184544
2025,03072250-77e5-43d5-9844-4550ecd8ae34,$.session.flagStats[107].startLap,startLap,16
2025,03072250-77e5-43d5-9844-4550ecd8ae34,$.session.flagStats[107].endTime,endTime,1747513258023
2025,03072250-77e5-43d5-9844-4550ecd8ae34,$.session.flagStats[107].endLap,endLap,16
2025,03072250-77e5-43d5-9844-4550ecd8ae34,$.session.flagStats[108].startTime,startTime,1747513258023
2025,03072250-77e5-43d5-9844-4550ecd8ae34,$.session.flagStats[108].startLap,startLap,16
2025,03072250-77e5-43d5-9844-4550ecd8ae34,$.session.flagStats[108].endTime,endTime,1747513401481
2025,03072250-77e5-43d5-9844-4550ecd8ae34,$.session.flagStats[108].endLap,endLap,16
2025,03072250-77e5-43d5-9844-4550ecd8ae34,$.session.flagStats[109].startTime,startTime,1747513401481
2025,03072250-77e5-43d5-9844-4550ecd8ae34,$.session.flagStats[109].startLap,startLap,16
2025,03072250-77e5-43d5-9844-4550ecd8ae34,$.session.flagStats[109].endTime,endTime,1747513578231
2025,03072250-77e5-43d5-9844-4550ecd8ae34,$.session.flagStats[109].endLap,endLap,16
2025,03072250-77e5-43d5-9844-4550ecd8ae34,$.session.flagStats[110].startTime,startTime,1747513578231
2025,03072250-77e5-43d5-9844-4550ecd8ae34,$.session.flagStats[110].startLap,startLap,16
2025,03072250-77e5-43d5-9844-4550ecd8ae34,$.session.flagStats[110].endTime,endTime,1747513675027
2025,03072250-77e5-43d5-9844-4550ecd8ae34,$.session.flagStats[110].endLap,endLap,16
2025,03072250-77e5-43d5-9844-4550ecd8ae34,$.session.flagStats[111].startTime,startTime,1747513675027
2025,03072250-77e5-43d5-9844-4550ecd8ae34,$.session.flagStats[111].startLap,startLap,16
2025,03072250-77e5-43d5-9844-4550ecd8ae34,$.session.flagStats[111].endTime,endTime,1747513851859
2025,03072250-77e5-43d5-9844-4550ecd8ae34,$.session.flagStats[111].endLap,endLap,16
2025,03072250-77e5-43d5-9844-4550ecd8ae34,$.session.flagStats[112].startTime,startTime,1747513851859
2025,03072250-77e5-43d5-9844-4550ecd8ae34,$.session.flagStats[112].startLap,startLap,16
2025,03072250-77e5-43d5-9844-4550ecd8ae34,$.session.flagStats[112].endTime,endTime,1747513943626
2025,03072250-77e5-43d5-9844-4550ecd8ae34,$.session.flagStats[112].endLap,endLap,16
2025,03072250-77e5-43d5-9844-4550ecd8ae34,$.session.flagStats[113].startTime,startTime,1747513943626
2025,03072250-77e5-43d5-9844-4550ecd8ae34,$.session.flagStats[113].startLap,startLap,16
2025,03072250-77e5-43d5-9844-4550ecd8ae34,$.session.flagStats[113].endTime,endTime,1747514062059
2025,03072250-77e5-43d5-9844-4550ecd8ae34,$.session.flagStats[113].endLap,endLap,16
2025,03072250-77e5-43d5-9844-4550ecd8ae34,$.session.flagStats[114].startTime,startTime,1747514062059
2025,03072250-77e5-43d5-9844-4550ecd8ae34,$.session.flagStats[114].startLap,startLap,16
2025,03072250-77e5-43d5-9844-4550ecd8ae34,$.session.flagStats[114].endTime,endTime,1747514187204
2025,03072250-77e5-43d5-9844-4550ecd8ae34,$.session.flagStats[114].endLap,endLap,16
2025,03072250-77e5-43d5-9844-4550ecd8ae34,$.session.flagStats[115].startTime,startTime,1747514187204
2025,03072250-77e5-43d5-9844-4550ecd8ae34,$.session.flagStats[115].startLap,startLap,16
2025,03072250-77e5-43d5-9844-4550ecd8ae34,$.session.flagStats[115].endTime,endTime,1747514362303
2025,03072250-77e5-43d5-9844-4550ecd8ae34,$.session.flagStats[115].endLap,endLap,16
2025,03072250-77e5-43d5-9844-4550ecd8ae34,$.session.flagStats[116].startTime,startTime,1747514362303
2025,03072250-77e5-43d5-9844-4550ecd8ae34,$.session.flagStats[116].startLap,startLap,16
2025,03072250-77e5-43d5-9844-4550ecd8ae34,$.session.flagStats[116].endTime,endTime,1747514505728
2025,03072250-77e5-43d5-9844-4550ecd8ae34,$.session.flagStats[116].endLap,endLap,16
2025,03072250-77e5-43d5-9844-4550ecd8ae34,$.session.flagStats[117].startTime,startTime,1747514505728
2025,03072250-77e5-43d5-9844-4550ecd8ae34,$.session.flagStats[117].startLap,startLap,16
2025,03072250-77e5-43d5-9844-4550ecd8ae34,$.session.flagStats[117].endTime,endTime,1747514682694
2025,03072250-77e5-43d5-9844-4550ecd8ae34,$.session.flagStats[117].endLap,endLap,16
2025,03072250-77e5-43d5-9844-4550ecd8ae34,$.session.flagStats[118].startTime,startTime,1747514682694
2025,03072250-77e5-43d5-9844-4550ecd8ae34,$.session.flagStats[118].startLap,startLap,16
2025,03072250-77e5-43d5-9844-4550ecd8ae34,$.session.flagStats[118].endTime,endTime,1747514794410
2025,03072250-77e5-43d5-9844-4550ecd8ae34,$.session.flagStats[118].endLap,endLap,16
2025,03072250-77e5-43d5-9844-4550ecd8ae34,$.session.flagStats[119].startTime,startTime,1747514794410
2025,03072250-77e5-43d5-9844-4550ecd8ae34,$.session.flagStats[119].startLap,startLap,16
2025,03072250-77e5-43d5-9844-4550ecd8ae34,$.session.flagStats[119].endTime,endTime,1747514971214
2025,03072250-77e5-43d5-9844-4550ecd8ae34,$.session.flagStats[119].endLap,endLap,16
2025,03072250-77e5-43d5-9844-4550ecd8ae34,$.session.flagStats[120].startTime,startTime,1747514971214
2025,03072250-77e5-43d5-9844-4550ecd8ae34,$.session.flagStats[120].startLap,startLap,16
2025,03072250-77e5-43d5-9844-4550ecd8ae34,$.session.flagStats[120].endTime,endTime,1747515073002
2025,03072250-77e5-43d5-9844-4550ecd8ae34,$.session.flagStats[120].endLap,endLap,16
2025,03072250-77e5-43d5-9844-4550ecd8ae34,$.session.flagStats[121].startTime,startTime,1747515073002
2025,03072250-77e5-43d5-9844-4550ecd8ae34,$.session.flagStats[121].startLap,startLap,16
2025,03072250-77e5-43d5-9844-4550ecd8ae34,$.session.flagStats[121].endTime,endTime,1747515249923
2025,03072250-77e5-43d5-9844-4550ecd8ae34,$.session.flagStats[121].endLap,endLap,16
2025,03072250-77e5-43d5-9844-4550ecd8ae34,$.session.flagStats[122].startTime,startTime,1747515249923
2025,03072250-77e5-43d5-9844-4550ecd8ae34,$.session.flagStats[122].startLap,startLap,16
2025,03072250-77e5-43d5-9844-4550ecd8ae34,$.session.flagStats[122].endTime,endTime,1747515339996
2025,03072250-77e5-43d5-9844-4550ecd8ae34,$.session.flagStats[122].endLap,endLap,16
2025,03072250-77e5-43d5-9844-4550ecd8ae34,$.session.flagStats[123].startTime,startTime,1747515339996
2025,03072250-77e5-43d5-9844-4550ecd8ae34,$.session.flagStats[123].startLap,startLap,16
2025,03072250-77e5-43d5-9844-4550ecd8ae34,$.session.flagStats[123].endTime,endTime,1747515520134
2025,03072250-77e5-43d5-9844-4550ecd8ae34,$.session.flagStats[123].endLap,endLap,16
2025,03072250-77e5-43d5-9844-4550ecd8ae34,$.session.flagStats[124].startTime,startTime,1747515520134
2025,03072250-77e5-43d5-9844-4550ecd8ae34,$.session.flagStats[124].startLap,startLap,16
2025,03072250-77e5-43d5-9844-4550ecd8ae34,$.session.flagStats[124].endTime,endTime,1747515605301
2025,03072250-77e5-43d5-9844-4550ecd8ae34,$.session.flagStats[124].endLap,endLap,16
2025,03072250-77e5-43d5-9844-4550ecd8ae34,$.session.flagStats[125].startTime,startTime,1747515605301
2025,03072250-77e5-43d5-9844-4550ecd8ae34,$.session.flagStats[125].startLap,startLap,16
2025,03072250-77e5-43d5-9844-4550ecd8ae34,$.session.flagStats[125].endTime,endTime,1747515782209
2025,03072250-77e5-43d5-9844-4550ecd8ae34,$.session.flagStats[125].endLap,endLap,16
2025,03072250-77e5-43d5-9844-4550ecd8ae34,$.session.flagStats[126].startTime,startTime,1747515782209
2025,03072250-77e5-43d5-9844-4550ecd8ae34,$.session.flagStats[126].startLap,startLap,16
2025,03072250-77e5-43d5-9844-4550ecd8ae34,$.session.flagStats[126].endTime,endTime,1747515878942
2025,03072250-77e5-43d5-9844-4550ecd8ae34,$.session.flagStats[126].endLap,endLap,16
2025,03072250-77e5-43d5-9844-4550ecd8ae34,$.session.flagStats[127].startTime,startTime,1747515878942
2025,03072250-77e5-43d5-9844-4550ecd8ae34,$.session.flagStats[127].startLap,startLap,16
2025,03072250-77e5-43d5-9844-4550ecd8ae34,$.session.flagStats[127].endTime,endTime,1747515970726
2025,03072250-77e5-43d5-9844-4550ecd8ae34,$.session.flagStats[127].endLap,endLap,16
2025,03072250-77e5-43d5-9844-4550ecd8ae34,$.session.flagStats[128].startTime,startTime,1747515970726
2025,03072250-77e5-43d5-9844-4550ecd8ae34,$.session.flagStats[128].startLap,startLap,16
2025,03072250-77e5-43d5-9844-4550ecd8ae34,$.session.flagStats[128].endTime,endTime,1747516105778
2025,03072250-77e5-43d5-9844-4550ecd8ae34,$.session.flagStats[128].endLap,endLap,16
2025,03072250-77e5-43d5-9844-4550ecd8ae34,$.session.flagStats[129].startTime,startTime,1747516105778
2025,03072250-77e5-43d5-9844-4550ecd8ae34,$.session.flagStats[129].startLap,startLap,16
2025,03072250-77e5-43d5-9844-4550ecd8ae34,$.session.flagStats[129].endTime,endTime,1747516282625
2025,03072250-77e5-43d5-9844-4550ecd8ae34,$.session.flagStats[129].endLap,endLap,21
2025,03072250-77e5-43d5-9844-4550ecd8ae34,$.session.flagStats[130].startTime,startTime,1747516282625
2025,03072250-77e5-43d5-9844-4550ecd8ae34,$.session.flagStats[130].startLap,startLap,21
2025,03072250-77e5-43d5-9844-4550ecd8ae34,$.session.flagStats[130].endTime,endTime,1747516378315
2025,03072250-77e5-43d5-9844-4550ecd8ae34,$.session.flagStats[130].endLap,endLap,21
2025,03072250-77e5-43d5-9844-4550ecd8ae34,$.session.flagStats[131].startTime,startTime,1747516378315
2025,03072250-77e5-43d5-9844-4550ecd8ae34,$.session.flagStats[131].startLap,startLap,21
2025,03072250-77e5-43d5-9844-4550ecd8ae34,$.session.flagStats[131].endTime,endTime,1747516553859
2025,03072250-77e5-43d5-9844-4550ecd8ae34,$.session.flagStats[131].endLap,endLap,21
2025,03072250-77e5-43d5-9844-4550ecd8ae34,$.session.flagStats[132].startTime,startTime,1747516553859
2025,03072250-77e5-43d5-9844-4550ecd8ae34,$.session.flagStats[132].startLap,startLap,21
2025,03072250-77e5-43d5-9844-4550ecd8ae34,$.session.flagStats[132].endTime,endTime,1747516644114
2025,03072250-77e5-43d5-9844-4550ecd8ae34,$.session.flagStats[132].endLap,endLap,21
2025,03072250-77e5-43d5-9844-4550ecd8ae34,$.session.flagStats[133].startTime,startTime,1747516644114
2025,03072250-77e5-43d5-9844-4550ecd8ae34,$.session.flagStats[133].startLap,startLap,21
2025,03072250-77e5-43d5-9844-4550ecd8ae34,$.session.flagStats[133].endTime,endTime,1747516819716
2025,03072250-77e5-43d5-9844-4550ecd8ae34,$.session.flagStats[133].endLap,endLap,21
2025,03072250-77e5-43d5-9844-4550ecd8ae34,$.session.flagStats[134].startTime,startTime,1747516819716
2025,03072250-77e5-43d5-9844-4550ecd8ae34,$.session.flagStats[134].startLap,startLap,21
2025,03072250-77e5-43d5-9844-4550ecd8ae34,$.session.flagStats[134].endTime,endTime,1747516904805
2025,03072250-77e5-43d5-9844-4550ecd8ae34,$.session.flagStats[134].endLap,endLap,21
2025,03072250-77e5-43d5-9844-4550ecd8ae34,$.session.flagStats[135].startTime,startTime,1747516904805
2025,03072250-77e5-43d5-9844-4550ecd8ae34,$.session.flagStats[135].startLap,startLap,21
2025,03072250-77e5-43d5-9844-4550ecd8ae34,$.session.flagStats[135].endTime,endTime,1747517078258
2025,03072250-77e5-43d5-9844-4550ecd8ae34,$.session.flagStats[135].endLap,endLap,21
2025,03072250-77e5-43d5-9844-4550ecd8ae34,$.session.flagStats[136].startTime,startTime,1747517078258
2025,03072250-77e5-43d5-9844-4550ecd8ae34,$.session.flagStats[136].startLap,startLap,21
2025,03072250-77e5-43d5-9844-4550ecd8ae34,$.session.flagStats[136].endTime,endTime,1747517168358
2025,03072250-77e5-43d5-9844-4550ecd8ae34,$.session.flagStats[136].endLap,endLap,21
2025,03072250-77e5-43d5-9844-4550ecd8ae34,$.session.flagStats[137].startTime,startTime,1747517168358
2025,03072250-77e5-43d5-9844-4550ecd8ae34,$.session.flagStats[137].startLap,startLap,21
2025,03072250-77e5-43d5-9844-4550ecd8ae34,$.session.flagStats[137].endTime,endTime,1747517265115
2025,03072250-77e5-43d5-9844-4550ecd8ae34,$.session.flagStats[137].endLap,endLap,21
2025,03072250-77e5-43d5-9844-4550ecd8ae34,$.session.flagStats[138].startTime,startTime,1747517265115
2025,03072250-77e5-43d5-9844-4550ecd8ae34,$.session.flagStats[138].startLap,startLap,21
2025,03072250-77e5-43d5-9844-4550ecd8ae34,$.session.flagStats[138].endTime,endTime,1747517416905
2025,03072250-77e5-43d5-9844-4550ecd8ae34,$.session.flagStats[138].endLap,endLap,21
2025,03072250-77e5-43d5-9844-4550ecd8ae34,$.session.flagStats[139].startTime,startTime,1747517416905
2025,03072250-77e5-43d5-9844-4550ecd8ae34,$.session.flagStats[139].startLap,startLap,21
2025,03072250-77e5-43d5-9844-4550ecd8ae34,$.session.flagStats[139].endTime,endTime,1747517547124
2025,03072250-77e5-43d5-9844-4550ecd8ae34,$.session.flagStats[139].endLap,endLap,21
2025,03072250-77e5-43d5-9844-4550ecd8ae34,$.session.flagStats[140].startTime,startTime,1747517547124
2025,03072250-77e5-43d5-9844-4550ecd8ae34,$.session.flagStats[140].startLap,startLap,21
2025,03072250-77e5-43d5-9844-4550ecd8ae34,$.session.flagStats[140].endTime,endTime,1747517680594
2025,03072250-77e5-43d5-9844-4550ecd8ae34,$.session.flagStats[140].endLap,endLap,21
2025,03072250-77e5-43d5-9844-4550ecd8ae34,$.session.flagStats[141].startTime,startTime,1747517680594
2025,03072250-77e5-43d5-9844-4550ecd8ae34,$.session.flagStats[141].startLap,startLap,21
2025,03072250-77e5-43d5-9844-4550ecd8ae34,$.session.flagStats[141].endTime,endTime,1747517859038
2025,03072250-77e5-43d5-9844-4550ecd8ae34,$.session.flagStats[141].endLap,endLap,21
2025,03072250-77e5-43d5-9844-4550ecd8ae34,$.session.flagStats[142].startTime,startTime,1747517859038
2025,03072250-77e5-43d5-9844-4550ecd8ae34,$.session.flagStats[142].startLap,startLap,21
2025,03072250-77e5-43d5-9844-4550ecd8ae34,$.session.flagStats[142].endTime,endTime,1747517944103
2025,03072250-77e5-43d5-9844-4550ecd8ae34,$.session.flagStats[142].endLap,endLap,21
2025,03072250-77e5-43d5-9844-4550ecd8ae34,$.session.flagStats[143].startTime,startTime,1747517944103
2025,03072250-77e5-43d5-9844-4550ecd8ae34,$.session.flagStats[143].startLap,startLap,21
2025,03072250-77e5-43d5-9844-4550ecd8ae34,$.session.flagStats[143].endTime,endTime,1747518076076
2025,03072250-77e5-43d5-9844-4550ecd8ae34,$.session.flagStats[143].endLap,endLap,21
2025,03072250-77e5-43d5-9844-4550ecd8ae34,$.session.flagStats[144].startTime,startTime,1747518076076
2025,03072250-77e5-43d5-9844-4550ecd8ae34,$.session.flagStats[144].startLap,startLap,21
2025,03072250-77e5-43d5-9844-4550ecd8ae34,$.session.flagStats[144].endTime,endTime,1747518207823
2025,03072250-77e5-43d5-9844-4550ecd8ae34,$.session.flagStats[144].endLap,endLap,21
2025,03072250-77e5-43d5-9844-4550ecd8ae34,$.session.flagStats[145].startTime,startTime,1747518207823
2025,03072250-77e5-43d5-9844-4550ecd8ae34,$.session.flagStats[145].startLap,startLap,21
2025,03072250-77e5-43d5-9844-4550ecd8ae34,$.session.flagStats[145].endTime,endTime,1747518342959
2025,03072250-77e5-43d5-9844-4550ecd8ae34,$.session.flagStats[145].endLap,endLap,21
2025,03072250-77e5-43d5-9844-4550ecd8ae34,$.session.flagStats[146].startTime,startTime,1747518342959
2025,03072250-77e5-43d5-9844-4550ecd8ae34,$.session.flagStats[146].startLap,startLap,21
2025,03072250-77e5-43d5-9844-4550ecd8ae34,$.session.flagStats[146].endTime,endTime,1747518458060
2025,03072250-77e5-43d5-9844-4550ecd8ae34,$.session.flagStats[146].endLap,endLap,21
2025,03072250-77e5-43d5-9844-4550ecd8ae34,$.session.flagStats[147].startTime,startTime,1747518458060
2025,03072250-77e5-43d5-9844-4550ecd8ae34,$.session.flagStats[147].startLap,startLap,21
2025,03072250-77e5-43d5-9844-4550ecd8ae34,$.session.flagStats[147].endTime,endTime,1747518633161
2025,03072250-77e5-43d5-9844-4550ecd8ae34,$.session.flagStats[147].endLap,endLap,21
2025,03072250-77e5-43d5-9844-4550ecd8ae34,$.session.flagStats[148].startTime,startTime,1747518633161
2025,03072250-77e5-43d5-9844-4550ecd8ae34,$.session.flagStats[148].startLap,startLap,21
2025,03072250-77e5-43d5-9844-4550ecd8ae34,$.session.flagStats[148].endTime,endTime,1747518638164
2025,03072250-77e5-43d5-9844-4550ecd8ae34,$.session.flagStats[148].endLap,endLap,21
2025,03072250-77e5-43d5-9844-4550ecd8ae34,$.session.flagStats[149].startTime,startTime,1747518638164
2025,03072250-77e5-43d5-9844-4550ecd8ae34,$.session.flagStats[149].startLap,startLap,21
2025,03072250-77e5-43d5-9844-4550ecd8ae34,$.session.leaderLap,leaderLap,21
2025,03072250-77e5-43d5-9844-4550ecd8ae34,$.state.cars,cars,"[['10', 'RUN', 'Alex Palou', 'Chip Ganassi Racing', '5', ['P', 'tyre-medium'], '', '', [212.237, ''], [238.465, ''], [38.6235, ''], [233.019, ''], ['233.043', ''], [38.6088, 'old'], [233.107, 'old'], 0], ['3', 'RUN', 'Scott McLaughlin', 'Team Penske', '5', ['P', 'tyre-medium'], '0.0198', '0.0198', [212.182, ''], [238.673, ''], [38.603, ''], [233.143, ''], ['233.013', ''], [38.5799, 'old'], [233.282, 'old'], 0], ['2', 'RUN', 'Josef Newgarden', 'Team Penske', '5', ['P', 'tyre-medium'], '0.0255', '..."
2025,03072250-77e5-43d5-9844-4550ecd8ae34,$.state.session,session,"{'timeElapsed': 24394, 'timeRemain': 0, 'flagState': 'chequered'}"
2025,03072250-77e5-43d5-9844-4550ecd8ae34,$.state.session.timeElapsed,timeElapsed,24394
2025,03072250-77e5-43d5-9844-4550ecd8ae34,$.state.session.timeRemain,timeRemain,0
2025,03072250-77e5-43d5-9844-4550ecd8ae34,$.manifest.startTime,startTime,1747493865
2025,03072250-77e5-43d5-9844-4550ecd8ae34,$.latestTimestamp,latestTimestamp,1747519253902
