fold_id,fold_role,model_name,test_year,attempt_id,session_id,car_number_prediction,driver_name_prediction,actual_speed_mph,predicted_speed_mph,residual_pred_minus_actual_mph,absolute_error_mph,model_policy_hash,year,car_number_matrix,driver_name_matrix,four_lap_average_speed_mph,forecast_temp_c,forecast_relative_humidity_pct,forecast_wind_speed_10m_ms,forecast_wind_direction_sin,forecast_wind_direction_cos,forecast_pressure_hpa,forecast_cloud_cover_pct,forecast_shortwave_radiation_wm2,prior_supported_attempt_count,seconds_since_prior_supported_attempt,best_prior_supported_average_speed_mph,has_prior_supported_attempt,_resolved_year,_resolved_car_number,_resolved_driver_name,_resolved_target,diagnostic_policy_hash
PRIMARY_LOYO_2020,PRIMARY,MEAN_BASELINE,2020,16cb7863-a6d0-5895-93e4-a76ac2c6c71f,INDY500_DAY1_2020,15,Graham Rahal,230.822,230.87316883116884,0.0511688311688374,0.0511688311688374,599dee972901168e7297d02344e29079cd45fe0f34813db733b15470fcaab806,2020,15,Graham Rahal,230.822,25.455096817016624,68.61784187502553,0.6490487115754121,-0.6009696950270463,0.7992718096236717,988.085,0.0,683.1475,0,0.0,0.0,0,2020,15,Graham Rahal,230.822,575fd17a6f1be1f5d174cf43e422efde3970314f41803aa9ca4bbb59ff72b75a
PRIMARY_LOYO_2020,PRIMARY,MEAN_BASELINE,2020,a6295479-1996-5baa-b116-ab56a03c118d,INDY500_DAY1_2020,41,Dalton Kellett,228.88,230.87316883116884,1.9931688311688447,1.9931688311688447,599dee972901168e7297d02344e29079cd45fe0f34813db733b15470fcaab806,2020,41,Dalton Kellett,228.88,25.72743441263837,67.32986967526107,0.6517341175997935,-0.4776997330459172,0.8785231727438152,987.8683333333332,0.0,708.3891666666667,0,0.0,0.0,0,2020,41,Dalton Kellett,228.88,575fd17a6f1be1f5d174cf43e422efde3970314f41803aa9ca4bbb59ff72b75a
PRIMARY_LOYO_2020,PRIMARY,MEAN_BASELINE,2020,e132bf44-6808-5d6b-819c-a993af279439,INDY500_DAY1_2020,21,Rinus VeeKay,231.114,230.87316883116884,-0.2408311688311641,0.2408311688311641,599dee972901168e7297d02344e29079cd45fe0f34813db733b15470fcaab806,2020,21,Rinus VeeKay,231.114,25.85312868754071,66.73542096767746,0.6529735357648926,-0.4171765405890188,0.9088254694836512,987.7683333333332,0.0,720.0391666666667,0,0.0,0.0,0,2020,21,Rinus VeeKay,231.114,575fd17a6f1be1f5d174cf43e422efde3970314f41803aa9ca4bbb59ff72b75a
PRIMARY_LOYO_2020,PRIMARY,MEAN_BASELINE,2020,954d29f8-6770-5c41-9322-b23c885935ef,INDY500_DAY1_2020,60,Jack Harvey,229.861,230.87316883116884,1.01216883116885,1.01216883116885,599dee972901168e7297d02344e29079cd45fe0f34813db733b15470fcaab806,2020,60,Jack Harvey,229.861,25.957873916626,66.24004704469112,0.6540063842358085,-0.3652685592406277,0.930902185855354,987.685,0.0,729.7475000000001,0,0.0,0.0,0,2020,60,Jack Harvey,229.861,575fd17a6f1be1f5d174cf43e422efde3970314f41803aa9ca4bbb59ff72b75a
PRIMARY_LOYO_2020,PRIMARY,MEAN_BASELINE,2020,25f997a4-1a33-565b-b2b0-1c30d3a0f19c,INDY500_DAY1_2020,9,Scott Dixon,231.094,230.87316883116884,-0.2208311688311539,0.2208311688311539,599dee972901168e7297d02344e29079cd45fe0f34813db733b15470fcaab806,2020,9,Scott Dixon,231.094,26.083568191528343,65.64559833710751,0.6552458024009076,-0.3014596534247562,0.953478933882142,987.585,0.0,741.3975,0,0.0,0.0,0,2020,9,Scott Dixon,231.094,575fd17a6f1be1f5d174cf43e422efde3970314f41803aa9ca4bbb59ff72b75a
PRIMARY_LOYO_2020,PRIMARY,MEAN_BASELINE,2020,e2df4919-a45f-5b41-916e-55908e4f1abb,INDY500_DAY1_2020,45,Spencer Pigot,230.539,230.87316883116884,0.3341688311688529,0.3341688311688529,599dee972901168e7297d02344e29079cd45fe0f34813db733b15470fcaab806,2020,45,Spencer Pigot,230.539,26.188313420613632,65.15022441412118,0.6562786508718235,-0.2472179734333074,0.968959892674371,987.5016666666668,0.0,751.1058333333334,0,0.0,0.0,0,2020,45,Spencer Pigot,230.539,575fd17a6f1be1f5d174cf43e422efde3970314f41803aa9ca4bbb59ff72b75a
PRIMARY_LOYO_2020,PRIMARY,MEAN_BASELINE,2020,194c9baa-3297-571e-82bf-ac3ba81e07fc,INDY500_DAY1_2020,5,Pato O'Ward,229.902,230.87316883116884,0.9711688311688532,0.9711688311688532,599dee972901168e7297d02344e29079cd45fe0f34813db733b15470fcaab806,2020,5,Pato O'Ward,229.902,26.46430146959095,67.62613474733031,0.9136247043160302,0.1488078493347059,0.9888661304627536,987.0090277777778,0.0,762.0102777777778,0,0.0,0.0,0,2020,5,Pato O'Ward,229.902,575fd17a6f1be1f5d174cf43e422efde3970314f41803aa9ca4bbb59ff72b75a
PRIMARY_LOYO_2020,PRIMARY,MEAN_BASELINE,2020,00d1c34a-f916-5fa9-803b-2cc6962f2595,INDY500_DAY1_2020,1,Josef Newgarden,230.296,230.87316883116884,0.5771688311688479,0.5771688311688479,599dee972901168e7297d02344e29079cd45fe0f34813db733b15470fcaab806,2020,1,Josef Newgarden,230.296,26.595654212103973,66.90970743549279,0.9240947719811894,0.2029829962735726,0.979182262514902,986.967361111111,0.0,772.3936111111111,0,0.0,0.0,0,2020,1,Josef Newgarden,230.296,575fd17a6f1be1f5d174cf43e422efde3970314f41803aa9ca4bbb59ff72b75a
PRIMARY_LOYO_2020,PRIMARY,MEAN_BASELINE,2020,3e1d9fad-3db2-5b32-b9c1-8802e1467bbe,INDY500_DAY1_2020,24,Sage Karam,227.099,230.87316883116884,3.7741688311688506,3.7741688311688506,599dee972901168e7297d02344e29079cd45fe0f34813db733b15470fcaab806,2020,24,Sage Karam,227.099,26.858359697130012,65.47685281181774,0.945034907311508,0.3093267322667661,0.9509558205853542,986.8840277777778,0.0,793.1602777777778,0,0.0,0.0,0,2020,24,Sage Karam,227.099,575fd17a6f1be1f5d174cf43e422efde3970314f41803aa9ca4bbb59ff72b75a
PRIMARY_LOYO_2020,PRIMARY,MEAN_BASELINE,2020,81f0c457-15fb-5f7f-9649-8663a142764d,INDY500_DAY1_2020,27,Alexander Rossi,231.268,230.87316883116884,-0.3948311688311605,0.3948311688311605,599dee972901168e7297d02344e29079cd45fe0f34813db733b15470fcaab806,2020,27,Alexander Rossi,231.268,26.967820315890865,64.87983005195314,0.9537599636991404,0.3526039142349207,0.9357726645217912,986.8493055555556,0.0,801.8130555555556,0,0.0,0.0,0,2020,27,Alexander Rossi,231.268,575fd17a6f1be1f5d174cf43e422efde3970314f41803aa9ca4bbb59ff72b75a
PRIMARY_LOYO_2020,PRIMARY,MEAN_BASELINE,2020,c9ee13fe-3b9e-555c-9a7d-a078015b8b91,INDY500_DAY1_2020,66,Fernando Alonso,228.768,230.87316883116884,2.1051688311688395,2.1051688311688395,599dee972901168e7297d02344e29079cd45fe0f34813db733b15470fcaab806,2020,66,Fernando Alonso,228.768,27.099173058403885,64.1634027401156,0.9642300313642996,0.4035496091464736,0.9149577656688468,986.8076388888888,0.0,812.1963888888889,0,0.0,0.0,0,2020,66,Fernando Alonso,228.768,575fd17a6f1be1f5d174cf43e422efde3970314f41803aa9ca4bbb59ff72b75a
PRIMARY_LOYO_2020,PRIMARY,MEAN_BASELINE,2020,d155ad85-3d5c-5b55-95d6-40ba696a0bde,INDY500_DAY1_2020,28,Ryan Hunter-Reay,231.33,230.87316883116884,-0.4568311688311723,0.4568311688311723,599dee972901168e7297d02344e29079cd45fe0f34813db733b15470fcaab806,2020,28,Ryan Hunter-Reay,231.33,27.22733569675024,63.46321268362337,0.9569228744814556,0.4587091192222797,0.8885864864729377,986.8136111111112,0.0,819.5376388888889,0,0.0,0.0,0,2020,28,Ryan Hunter-Reay,231.33,575fd17a6f1be1f5d174cf43e422efde3970314f41803aa9ca4bbb59ff72b75a
PRIMARY_LOYO_2020,PRIMARY,MEAN_BASELINE,2020,518373d9-25de-58cf-8315-f6c215b6f672,INDY500_DAY1_2020,8,Marcus Ericsson,230.472,230.87316883116884,0.4011688311688317,0.4011688311688317,599dee972901168e7297d02344e29079cd45fe0f34813db733b15470fcaab806,2020,8,Marcus Ericsson,230.472,27.460987599690775,62.18621359330862,0.9362099434264856,0.5573261889382664,0.8302936342785893,986.8441666666666,0.0,831.7445833333334,0,0.0,0.0,0,2020,8,Marcus Ericsson,230.472,575fd17a6f1be1f5d174cf43e422efde3970314f41803aa9ca4bbb59ff72b75a
PRIMARY_LOYO_2020,PRIMARY,MEAN_BASELINE,2020,72b65040-5363-5722-b1cd-297bffa2af77,INDY500_DAY1_2020,7,Oliver Askew,229.76,230.87316883116884,1.1131688311688492,1.1131688311688492,599dee972901168e7297d02344e29079cd45fe0f34813db733b15470fcaab806,2020,7,Oliver Askew,229.76,27.5884340922038,61.48966863495512,0.9249119810328654,0.608113496405479,0.7938500963591952,986.8608333333332,0.0,838.4029166666667,0,0.0,0.0,0,2020,7,Oliver Askew,229.76,575fd17a6f1be1f5d174cf43e422efde3970314f41803aa9ca4bbb59ff72b75a
PRIMARY_LOYO_2020,PRIMARY,MEAN_BASELINE,2020,6041dd38-4b6d-5e38-81fd-8006cbe0bafd,INDY500_DAY1_2020,10,Felix Rosenqvist,230.254,230.87316883116884,0.6191688311688495,0.6191688311688495,599dee972901168e7297d02344e29079cd45fe0f34813db733b15470fcaab806,2020,10,Felix Rosenqvist,230.254,27.694639502631315,60.90921450299387,0.9154970123715154,0.648629253589497,0.7611045206723791,986.8747222222222,0.0,843.9515277777778,0,0.0,0.0,0,2020,10,Felix Rosenqvist,230.254,575fd17a6f1be1f5d174cf43e422efde3970314f41803aa9ca4bbb59ff72b75a
PRIMARY_LOYO_2020,PRIMARY,MEAN_BASELINE,2020,9a2e168d-3dda-5e76-8daf-588c20d91341,INDY500_DAY1_2020,20,Ed Carpenter,229.811,230.87316883116884,1.062168831168833,1.062168831168833,599dee972901168e7297d02344e29079cd45fe0f34813db733b15470fcaab806,2020,20,Ed Carpenter,229.811,27.822085995144334,60.21266954464038,0.9041990499778952,0.6949152900072635,0.7190916073172603,986.8913888888889,0.0,850.6098611111112,0,0.0,0.0,0,2020,20,Ed Carpenter,229.811,575fd17a6f1be1f5d174cf43e422efde3970314f41803aa9ca4bbb59ff72b75a
PRIMARY_LOYO_2020,PRIMARY,MEAN_BASELINE,2020,917d4c7e-5c5e-5976-aa32-50a7bc958440,INDY500_DAY1_2020,29,James Hinchcliffe,231.195,230.87316883116884,-0.321831168831153,0.321831168831153,599dee972901168e7297d02344e29079cd45fe0f34813db733b15470fcaab806,2020,29,James Hinchcliffe,231.195,28.140418794420057,58.311064599144075,0.7810125152607102,0.6927622500904934,0.721166045269435,987.5,0.0,865.1990277777778,0,0.0,0.0,0,2020,29,James Hinchcliffe,231.195,575fd17a6f1be1f5d174cf43e422efde3970314f41803aa9ca4bbb59ff72b75a
PRIMARY_LOYO_2020,PRIMARY,MEAN_BASELINE,2020,a3016f3b-449e-576c-bf0f-284c71eddb34,INDY500_DAY1_2020,81,Ben Hanley,220.946,230.87316883116884,9.927168831168842,9.927168831168842,599dee972901168e7297d02344e29079cd45fe0f34813db733b15470fcaab806,2020,81,Ben Hanley,220.946,28.243438932630777,57.76860102152903,0.7652868167069705,0.7379497348224945,0.6748556800349317,987.5,0.0,870.4559722222223,0,0.0,0.0,0,2020,81,Ben Hanley,220.946,575fd17a6f1be1f5d174cf43e422efde3970314f41803aa9ca4bbb59ff72b75a
PRIMARY_LOYO_2020,PRIMARY,MEAN_BASELINE,2020,e2cf6770-902a-5a11-8e7c-27e4441f0b5e,INDY500_DAY1_2020,51,James Davison,228.747,230.87316883116884,2.126168831168826,2.126168831168826,599dee972901168e7297d02344e29079cd45fe0f34813db733b15470fcaab806,2020,51,James Davison,228.747,28.367063098483637,57.11764472839097,0.746415978442483,0.7880808704767984,0.6155717192890944,987.5,0.0,876.7643055555556,0,0.0,0.0,0,2020,51,James Davison,228.747,575fd17a6f1be1f5d174cf43e422efde3970314f41803aa9ca4bbb59ff72b75a
PRIMARY_LOYO_2020,PRIMARY,MEAN_BASELINE,2020,b3ac1729-6563-5819-a04b-0f76aeae5b0f,INDY500_DAY1_2020,55,Alex Palou,231.034,230.87316883116884,-0.1608311688311516,0.1608311688311516,599dee972901168e7297d02344e29079cd45fe0f34813db733b15470fcaab806,2020,55,Alex Palou,231.034,28.470083236694357,56.575181150775926,0.7306902798887434,0.8262400677841819,0.5633181608895549,987.5,0.0,882.02125,0,0.0,0.0,0,2020,55,Alex Palou,231.034,575fd17a6f1be1f5d174cf43e422efde3970314f41803aa9ca4bbb59ff72b75a
PRIMARY_LOYO_2020,PRIMARY,MEAN_BASELINE,2020,a7f0ef57-a971-5870-9606-1fe1cd378e2a,INDY500_DAY1_2020,47,Conor Daly,229.884,230.87316883116884,0.989168831168854,0.989168831168854,599dee972901168e7297d02344e29079cd45fe0f34813db733b15470fcaab806,2020,47,Conor Daly,229.884,28.77914365132652,54.94779041793079,0.6835131842275244,0.9193970384181984,0.3933307587105863,987.5,0.0,897.7920833333334,0,0.0,0.0,0,2020,47,Conor Daly,229.884,575fd17a6f1be1f5d174cf43e422efde3970314f41803aa9ca4bbb59ff72b75a
PRIMARY_LOYO_2020,PRIMARY,MEAN_BASELINE,2020,2fb75f25-92ad-5b41-90a1-3a1457ae8012,INDY500_DAY1_2020,22,Simon Pagenaud,228.836,230.87316883116884,2.0371688311688274,2.0371688311688274,599dee972901168e7297d02344e29079cd45fe0f34813db733b15470fcaab806,2020,22,Simon Pagenaud,228.836,29.0031318664551,53.9115225394693,0.6610433415957542,0.9168179982843506,0.3993053443442455,987.4545,0.0,902.1233333333332,0,0.0,0.0,0,2020,22,Simon Pagenaud,228.836,575fd17a6f1be1f5d174cf43e422efde3970314f41803aa9ca4bbb59ff72b75a
PRIMARY_LOYO_2020,PRIMARY,MEAN_BASELINE,2020,f50bf607-2eaa-51a1-a6d0-2049fcaf3dcd,INDY500_DAY1_2020,98,Marco Andretti,231.351,230.87316883116884,-0.4778311688311589,0.4778311688311589,599dee972901168e7297d02344e29079cd45fe0f34813db733b15470fcaab806,2020,98,Marco Andretti,231.351,29.10209744771324,53.468809133639475,0.6523553384409545,0.9092960053154348,0.4161499425896784,987.4295833333332,0.0,903.2861111111112,0,0.0,0.0,0,2020,98,Marco Andretti,231.351,575fd17a6f1be1f5d174cf43e422efde3970314f41803aa9ca4bbb59ff72b75a
PRIMARY_LOYO_2020,PRIMARY,MEAN_BASELINE,2020,cbdbf766-10d3-516e-83ad-3cb56f8c02fb,INDY500_DAY1_2020,14,Tony Kanaan,229.154,230.87316883116884,1.7191688311688438,1.7191688311688438,599dee972901168e7297d02344e29079cd45fe0f34813db733b15470fcaab806,2020,14,Tony Kanaan,229.154,29.201394017537456,53.0246150809674,0.6436382784194163,0.9014378515627476,0.4329085351086735,987.4045833333332,0.0,904.4527777777778,0,0.0,0.0,0,2020,14,Tony Kanaan,229.154,575fd17a6f1be1f5d174cf43e422efde3970314f41803aa9ca4bbb59ff72b75a
PRIMARY_LOYO_2020,PRIMARY,MEAN_BASELINE,2020,9ed5a76f-1d6e-5759-8ffc-9c1344b26bfc,INDY500_DAY1_2020,88,Colton Herta,230.56,230.87316883116884,0.3131688311688378,0.3131688311688378,599dee972901168e7297d02344e29079cd45fe0f34813db733b15470fcaab806,2020,88,Colton Herta,230.56,29.300690587361675,52.580421028295326,0.6349212183978782,0.8932708642974155,0.4495188127290651,987.3795833333334,0.0,905.6194444444444,0,0.0,0.0,0,2020,88,Colton Herta,230.56,575fd17a6f1be1f5d174cf43e422efde3970314f41803aa9ca4bbb59ff72b75a
PRIMARY_LOYO_2020,PRIMARY,MEAN_BASELINE,2020,75519828-93ba-5485-a4bf-a06b93f7cec3,INDY500_DAY1_2020,59,Max Chilton,225.819,230.87316883116884,5.054168831168852,5.054168831168852,599dee972901168e7297d02344e29079cd45fe0f34813db733b15470fcaab806,2020,59,Max Chilton,225.819,29.399987157185898,52.13622697562326,0.62620415837634,0.8847978415374718,0.4659750847530702,987.3545833333334,0.0,906.7861111111112,0,0.0,0.0,0,2020,59,Max Chilton,225.819,575fd17a6f1be1f5d174cf43e422efde3970314f41803aa9ca4bbb59ff72b75a
PRIMARY_LOYO_2020,PRIMARY,MEAN_BASELINE,2020,f2f5d37e-6270-5e2d-8ae0-2e63cea098b3,INDY500_DAY1_2020,3,Helio Castroneves,228.115,230.87316883116884,2.758168831168831,2.758168831168831,599dee972901168e7297d02344e29079cd45fe0f34813db733b15470fcaab806,2020,3,Helio Castroneves,228.115,29.336611684163437,53.02135671063407,0.7062880825456634,0.941535662489711,0.3369133364235691,987.6431944444444,0.0,909.6333333333332,0,0.0,0.0,0,2020,3,Helio Castroneves,228.115,575fd17a6f1be1f5d174cf43e422efde3970314f41803aa9ca4bbb59ff72b75a
PRIMARY_LOYO_2020,PRIMARY,MEAN_BASELINE,2020,1a120ea2-c723-5585-8ec6-30169bb44ca7,INDY500_DAY1_2020,67,JR Hildebrand,226.341,230.87316883116884,4.532168831168832,4.532168831168832,599dee972901168e7297d02344e29079cd45fe0f34813db733b15470fcaab806,2020,67,JR Hildebrand,226.341,29.42403182983401,52.60058148653203,0.6973318609909953,0.9362808958368734,0.3512521659590186,987.63625,0.0,911.3,0,0.0,0.0,0,2020,67,JR Hildebrand,226.341,575fd17a6f1be1f5d174cf43e422efde3970314f41803aa9ca4bbb59ff72b75a
PRIMARY_LOYO_2020,PRIMARY,MEAN_BASELINE,2020,e7089fb7-0048-5bb8-8589-cc5bbc59a6cd,INDY500_DAY1_2020,60,Jack Harvey,229.757,230.87316883116884,1.1161688311688351,1.1161688311688351,599dee972901168e7297d02344e29079cd45fe0f34813db733b15470fcaab806,2020,60,Jack Harvey,229.757,29.791196441650417,50.833325545303495,0.6597157304613889,0.9118416375694134,0.4105421147637969,987.6070833333332,0.0,918.3,1,9300.0,229.861,1,2020,60,Jack Harvey,229.757,575fd17a6f1be1f5d174cf43e422efde3970314f41803aa9ca4bbb59ff72b75a
PRIMARY_LOYO_2020,PRIMARY,MEAN_BASELINE,2020,33a57398-b346-53e3-b5e5-369a3ca71efc,INDY500_DAY1_2020,9,Scott Dixon,231.053,230.87316883116884,-0.1798311688311571,0.1798311688311571,599dee972901168e7297d02344e29079cd45fe0f34813db733b15470fcaab806,2020,9,Scott Dixon,231.053,29.892552947998073,50.34268970241196,0.6517202646821766,0.9010032763090552,0.4338122820764165,987.59125,0.0,919.15,1,9300.0,231.094,1,2020,9,Scott Dixon,231.053,575fd17a6f1be1f5d174cf43e422efde3970314f41803aa9ca4bbb59ff72b75a
PRIMARY_LOYO_2020,PRIMARY,MEAN_BASELINE,2020,25ddda12-052a-5d71-ac52-6e96cf8edab9,INDY500_DAY1_2020,8,Marcus Ericsson,230.566,230.87316883116884,0.3071688311688376,0.3071688311688376,599dee972901168e7297d02344e29079cd45fe0f34813db733b15470fcaab806,2020,8,Marcus Ericsson,230.566,30.14985427856448,49.04551506703226,0.6757844023759955,0.7888755835892055,0.614552938010055,987.4065277777778,0.0,901.2055555555556,1,7400.0,230.472,1,2020,8,Marcus Ericsson,230.566,575fd17a6f1be1f5d174cf43e422efde3970314f41803aa9ca4bbb59ff72b75a
PRIMARY_LOYO_2020,PRIMARY,MEAN_BASELINE,2020,893c5471-df02-55c0-946f-0af9d0a835d9,INDY500_DAY1_2020,20,Ed Carpenter,230.211,230.87316883116884,0.6621688311688274,0.6621688311688274,599dee972901168e7297d02344e29079cd45fe0f34813db733b15470fcaab806,2020,20,Ed Carpenter,230.211,30.598664855957058,49.19854736143741,0.4660636925232029,0.26079573506123,0.9653940048363014,986.8791666666666,0.0,870.9166666666666,1,8405.0,229.811,1,2020,20,Ed Carpenter,230.211,575fd17a6f1be1f5d174cf43e422efde3970314f41803aa9ca4bbb59ff72b75a
PRIMARY_LOYO_2020,PRIMARY,MEAN_BASELINE,2020,df3c02a3-9655-512c-a2e6-4ffe9eadc505,INDY500_DAY1_2020,47,Conor Daly,229.955,230.87316883116884,0.9181688311688276,0.9181688311688276,599dee972901168e7297d02344e29079cd45fe0f34813db733b15470fcaab806,2020,47,Conor Daly,229.955,30.8594549391005,47.87701858327823,0.4825775194057888,0.1123050032137783,0.9936737826133653,986.8986111111112,0.0,862.0972222222222,1,7355.0,229.884,1,2020,47,Conor Daly,229.955,575fd17a6f1be1f5d174cf43e422efde3970314f41803aa9ca4bbb59ff72b75a
PRIMARY_LOYO_2020,PRIMARY,MEAN_BASELINE,2020,0817e595-17c0-5e20-94bc-6778006bf613,INDY500_DAY1_2020,88,Colton Herta,230.775,230.87316883116884,0.0981688311688344,0.0981688311688344,599dee972901168e7297d02344e29079cd45fe0f34813db733b15470fcaab806,2020,88,Colton Herta,230.775,30.917466311984615,47.58265856654378,0.489769109465171,0.026244983739512,0.9996555410882856,986.8902777777778,0.0,856.6805555555555,1,6105.0,230.56,1,2020,88,Colton Herta,230.775,575fd17a6f1be1f5d174cf43e422efde3970314f41803aa9ca4bbb59ff72b75a
PRIMARY_LOYO_2020,PRIMARY,MEAN_BASELINE,2020,b4a08fbf-93db-50a2-9416-96b3b9d1b41a,INDY500_DAY1_2020,9,Scott Dixon,231.155,230.87316883116884,-0.281831168831161,0.281831168831161,599dee972901168e7297d02344e29079cd45fe0f34813db733b15470fcaab806,2020,9,Scott Dixon,231.155,31.02382049560549,47.04299853586396,0.5029536912407051,-0.1315758217374553,0.9913061097028067,986.875,0.0,846.75,2,4455.0,231.094,1,2020,9,Scott Dixon,231.155,575fd17a6f1be1f5d174cf43e422efde3970314f41803aa9ca4bbb59ff72b75a
PRIMARY_LOYO_2020,PRIMARY,MEAN_BASELINE,2020,b58b5c13-1a21-50cf-ab5b-8962cc4486f0,INDY500_DAY1_2020,81,Ben Hanley,222.917,230.87316883116884,7.9561688311688386,7.9561688311688386,599dee972901168e7297d02344e29079cd45fe0f34813db733b15470fcaab806,2020,81,Ben Hanley,222.917,30.73566080729169,49.20791641445687,0.6662215467130082,0.8040706700148736,0.5945337312733671,986.8625,0.0,782.1666666666666,1,10455.0,220.946,1,2020,81,Ben Hanley,222.917,575fd17a6f1be1f5d174cf43e422efde3970314f41803aa9ca4bbb59ff72b75a
PRIMARY_LOYO_2020,PRIMARY,MEAN_BASELINE,2020,7799cc62-18bb-568d-9de2-16cb3622a0de,INDY500_DAY1_2020,3,Helio Castroneves,228.373,230.87316883116884,2.5001688311688497,2.5001688311688497,599dee972901168e7297d02344e29079cd45fe0f34813db733b15470fcaab806,2020,3,Helio Castroneves,228.373,30.852034505208355,48.557911833457496,0.5818249335712294,0.8247972578309323,0.5654285838853345,986.9875,0.0,773.8333333333334,1,7505.0,228.115,1,2020,3,Helio Castroneves,228.373,575fd17a6f1be1f5d174cf43e422efde3970314f41803aa9ca4bbb59ff72b75a
PRIMARY_LOYO_2020,PRIMARY,MEAN_BASELINE,2020,fb65c8cf-d1c6-583e-9563-6c22e29bb081,INDY500_DAY1_2020,59,Max Chilton,227.303,230.87316883116884,3.570168831168843,3.570168831168843,599dee972901168e7297d02344e29079cd45fe0f34813db733b15470fcaab806,2020,59,Max Chilton,227.303,31.222568766276066,46.44564110515947,0.4858239877947036,0.674588891392705,0.7381936247418839,987.1333333333332,0.0,731.1833333333334,1,9655.0,225.819,1,2020,59,Max Chilton,227.303,575fd17a6f1be1f5d174cf43e422efde3970314f41803aa9ca4bbb59ff72b75a
PRIMARY_LOYO_2020,PRIMARY,MEAN_BASELINE,2020,757828a3-822d-5bd8-b9f0-681a6918b48b,INDY500_DAY1_2020,5,Pato O'Ward,230.213,230.87316883116884,0.6601688311688463,0.6601688311688463,599dee972901168e7297d02344e29079cd45fe0f34813db733b15470fcaab806,2020,5,Pato O'Ward,230.213,31.322068786621116,45.83656701040998,0.6295622216421046,0.3353225778423379,0.9421033747891836,986.925,0.0,703.9125,1,17255.0,229.902,1,2020,5,Pato O'Ward,230.213,575fd17a6f1be1f5d174cf43e422efde3970314f41803aa9ca4bbb59ff72b75a
PRIMARY_LOYO_2020,PRIMARY,RIDGE,2020,16cb7863-a6d0-5895-93e4-a76ac2c6c71f,INDY500_DAY1_2020,15,Graham Rahal,230.822,227.39642268010124,-3.425577319898764,3.425577319898764,599dee972901168e7297d02344e29079cd45fe0f34813db733b15470fcaab806,2020,15,Graham Rahal,230.822,25.455096817016624,68.61784187502553,0.6490487115754121,-0.6009696950270463,0.7992718096236717,988.085,0.0,683.1475,0,0.0,0.0,0,2020,15,Graham Rahal,230.822,575fd17a6f1be1f5d174cf43e422efde3970314f41803aa9ca4bbb59ff72b75a
PRIMARY_LOYO_2020,PRIMARY,RIDGE,2020,a6295479-1996-5baa-b116-ab56a03c118d,INDY500_DAY1_2020,41,Dalton Kellett,228.88,227.28716674378072,-1.5928332562192793,1.5928332562192793,599dee972901168e7297d02344e29079cd45fe0f34813db733b15470fcaab806,2020,41,Dalton Kellett,228.88,25.72743441263837,67.32986967526107,0.6517341175997935,-0.4776997330459172,0.8785231727438152,987.8683333333332,0.0,708.3891666666667,0,0.0,0.0,0,2020,41,Dalton Kellett,228.88,575fd17a6f1be1f5d174cf43e422efde3970314f41803aa9ca4bbb59ff72b75a
PRIMARY_LOYO_2020,PRIMARY,RIDGE,2020,e132bf44-6808-5d6b-819c-a993af279439,INDY500_DAY1_2020,21,Rinus VeeKay,231.114,227.24196242123676,-3.8720375787632406,3.8720375787632406,599dee972901168e7297d02344e29079cd45fe0f34813db733b15470fcaab806,2020,21,Rinus VeeKay,231.114,25.85312868754071,66.73542096767746,0.6529735357648926,-0.4171765405890188,0.9088254694836512,987.7683333333332,0.0,720.0391666666667,0,0.0,0.0,0,2020,21,Rinus VeeKay,231.114,575fd17a6f1be1f5d174cf43e422efde3970314f41803aa9ca4bbb59ff72b75a
PRIMARY_LOYO_2020,PRIMARY,RIDGE,2020,954d29f8-6770-5c41-9322-b23c885935ef,INDY500_DAY1_2020,60,Jack Harvey,229.861,227.2068322259822,-2.654167774017793,2.654167774017793,599dee972901168e7297d02344e29079cd45fe0f34813db733b15470fcaab806,2020,60,Jack Harvey,229.861,25.957873916626,66.24004704469112,0.6540063842358085,-0.3652685592406277,0.930902185855354,987.685,0.0,729.7475000000001,0,0.0,0.0,0,2020,60,Jack Harvey,229.861,575fd17a6f1be1f5d174cf43e422efde3970314f41803aa9ca4bbb59ff72b75a
PRIMARY_LOYO_2020,PRIMARY,RIDGE,2020,25f997a4-1a33-565b-b2b0-1c30d3a0f19c,INDY500_DAY1_2020,9,Scott Dixon,231.094,227.1677254059416,-3.926274594058413,3.926274594058413,599dee972901168e7297d02344e29079cd45fe0f34813db733b15470fcaab806,2020,9,Scott Dixon,231.094,26.083568191528343,65.64559833710751,0.6552458024009076,-0.3014596534247562,0.953478933882142,987.585,0.0,741.3975,0,0.0,0.0,0,2020,9,Scott Dixon,231.094,575fd17a6f1be1f5d174cf43e422efde3970314f41803aa9ca4bbb59ff72b75a
PRIMARY_LOYO_2020,PRIMARY,RIDGE,2020,e2df4919-a45f-5b41-916e-55908e4f1abb,INDY500_DAY1_2020,45,Spencer Pigot,230.539,227.13766912092177,-3.401330879078216,3.401330879078216,599dee972901168e7297d02344e29079cd45fe0f34813db733b15470fcaab806,2020,45,Spencer Pigot,230.539,26.188313420613632,65.15022441412118,0.6562786508718235,-0.2472179734333074,0.968959892674371,987.5016666666668,0.0,751.1058333333334,0,0.0,0.0,0,2020,45,Spencer Pigot,230.539,575fd17a6f1be1f5d174cf43e422efde3970314f41803aa9ca4bbb59ff72b75a
PRIMARY_LOYO_2020,PRIMARY,RIDGE,2020,194c9baa-3297-571e-82bf-ac3ba81e07fc,INDY500_DAY1_2020,5,Pato O'Ward,229.902,227.30560129916532,-2.596398700834669,2.596398700834669,599dee972901168e7297d02344e29079cd45fe0f34813db733b15470fcaab806,2020,5,Pato O'Ward,229.902,26.46430146959095,67.62613474733031,0.9136247043160302,0.1488078493347059,0.9888661304627536,987.0090277777778,0.0,762.0102777777778,0,0.0,0.0,0,2020,5,Pato O'Ward,229.902,575fd17a6f1be1f5d174cf43e422efde3970314f41803aa9ca4bbb59ff72b75a
PRIMARY_LOYO_2020,PRIMARY,RIDGE,2020,00d1c34a-f916-5fa9-803b-2cc6962f2595,INDY500_DAY1_2020,1,Josef Newgarden,230.296,227.28995817191824,-3.006041828081777,3.006041828081777,599dee972901168e7297d02344e29079cd45fe0f34813db733b15470fcaab806,2020,1,Josef Newgarden,230.296,26.595654212103973,66.90970743549279,0.9240947719811894,0.2029829962735726,0.979182262514902,986.967361111111,0.0,772.3936111111111,0,0.0,0.0,0,2020,1,Josef Newgarden,230.296,575fd17a6f1be1f5d174cf43e422efde3970314f41803aa9ca4bbb59ff72b75a
PRIMARY_LOYO_2020,PRIMARY,RIDGE,2020,3e1d9fad-3db2-5b32-b9c1-8802e1467bbe,INDY500_DAY1_2020,24,Sage Karam,227.099,227.2640486493407,0.1650486493407186,0.1650486493407186,599dee972901168e7297d02344e29079cd45fe0f34813db733b15470fcaab806,2020,24,Sage Karam,227.099,26.858359697130012,65.47685281181774,0.945034907311508,0.3093267322667661,0.9509558205853542,986.8840277777778,0.0,793.1602777777778,0,0.0,0.0,0,2020,24,Sage Karam,227.099,575fd17a6f1be1f5d174cf43e422efde3970314f41803aa9ca4bbb59ff72b75a
PRIMARY_LOYO_2020,PRIMARY,RIDGE,2020,81f0c457-15fb-5f7f-9649-8663a142764d,INDY500_DAY1_2020,27,Alexander Rossi,231.268,227.25525801272047,-4.012741987279526,4.012741987279526,599dee972901168e7297d02344e29079cd45fe0f34813db733b15470fcaab806,2020,27,Alexander Rossi,231.268,26.967820315890865,64.87983005195314,0.9537599636991404,0.3526039142349207,0.9357726645217912,986.8493055555556,0.0,801.8130555555556,0,0.0,0.0,0,2020,27,Alexander Rossi,231.268,575fd17a6f1be1f5d174cf43e422efde3970314f41803aa9ca4bbb59ff72b75a
PRIMARY_LOYO_2020,PRIMARY,RIDGE,2020,c9ee13fe-3b9e-555c-9a7d-a078015b8b91,INDY500_DAY1_2020,66,Fernando Alonso,228.768,227.24617269649283,-1.521827303507166,1.521827303507166,599dee972901168e7297d02344e29079cd45fe0f34813db733b15470fcaab806,2020,66,Fernando Alonso,228.768,27.099173058403885,64.1634027401156,0.9642300313642996,0.4035496091464736,0.9149577656688468,986.8076388888888,0.0,812.1963888888889,0,0.0,0.0,0,2020,66,Fernando Alonso,228.768,575fd17a6f1be1f5d174cf43e422efde3970314f41803aa9ca4bbb59ff72b75a
PRIMARY_LOYO_2020,PRIMARY,RIDGE,2020,d155ad85-3d5c-5b55-95d6-40ba696a0bde,INDY500_DAY1_2020,28,Ryan Hunter-Reay,231.33,227.23510455745523,-4.094895442544782,4.094895442544782,599dee972901168e7297d02344e29079cd45fe0f34813db733b15470fcaab806,2020,28,Ryan Hunter-Reay,231.33,27.22733569675024,63.46321268362337,0.9569228744814556,0.4587091192222797,0.8885864864729377,986.8136111111112,0.0,819.5376388888889,0,0.0,0.0,0,2020,28,Ryan Hunter-Reay,231.33,575fd17a6f1be1f5d174cf43e422efde3970314f41803aa9ca4bbb59ff72b75a
PRIMARY_LOYO_2020,PRIMARY,RIDGE,2020,518373d9-25de-58cf-8315-f6c215b6f672,INDY500_DAY1_2020,8,Marcus Ericsson,230.472,227.21794372125785,-3.254056278742155,3.254056278742155,599dee972901168e7297d02344e29079cd45fe0f34813db733b15470fcaab806,2020,8,Marcus Ericsson,230.472,27.460987599690775,62.18621359330862,0.9362099434264856,0.5573261889382664,0.8302936342785893,986.8441666666666,0.0,831.7445833333334,0,0.0,0.0,0,2020,8,Marcus Ericsson,230.472,575fd17a6f1be1f5d174cf43e422efde3970314f41803aa9ca4bbb59ff72b75a
PRIMARY_LOYO_2020,PRIMARY,RIDGE,2020,72b65040-5363-5722-b1cd-297bffa2af77,INDY500_DAY1_2020,7,Oliver Askew,229.76,227.21085823138725,-2.549141768612742,2.549141768612742,599dee972901168e7297d02344e29079cd45fe0f34813db733b15470fcaab806,2020,7,Oliver Askew,229.76,27.5884340922038,61.48966863495512,0.9249119810328654,0.608113496405479,0.7938500963591952,986.8608333333332,0.0,838.4029166666667,0,0.0,0.0,0,2020,7,Oliver Askew,229.76,575fd17a6f1be1f5d174cf43e422efde3970314f41803aa9ca4bbb59ff72b75a
PRIMARY_LOYO_2020,PRIMARY,RIDGE,2020,6041dd38-4b6d-5e38-81fd-8006cbe0bafd,INDY500_DAY1_2020,10,Felix Rosenqvist,230.254,227.20604082000543,-3.0479591799945354,3.0479591799945354,599dee972901168e7297d02344e29079cd45fe0f34813db733b15470fcaab806,2020,10,Felix Rosenqvist,230.254,27.694639502631315,60.90921450299387,0.9154970123715154,0.648629253589497,0.7611045206723791,986.8747222222222,0.0,843.9515277777778,0,0.0,0.0,0,2020,10,Felix Rosenqvist,230.254,575fd17a6f1be1f5d174cf43e422efde3970314f41803aa9ca4bbb59ff72b75a
PRIMARY_LOYO_2020,PRIMARY,RIDGE,2020,9a2e168d-3dda-5e76-8daf-588c20d91341,INDY500_DAY1_2020,20,Ed Carpenter,229.811,227.20142941361965,-2.6095705863803573,2.6095705863803573,599dee972901168e7297d02344e29079cd45fe0f34813db733b15470fcaab806,2020,20,Ed Carpenter,229.811,27.822085995144334,60.21266954464038,0.9041990499778952,0.6949152900072635,0.7190916073172603,986.8913888888889,0.0,850.6098611111112,0,0.0,0.0,0,2020,20,Ed Carpenter,229.811,575fd17a6f1be1f5d174cf43e422efde3970314f41803aa9ca4bbb59ff72b75a
PRIMARY_LOYO_2020,PRIMARY,RIDGE,2020,917d4c7e-5c5e-5976-aa32-50a7bc958440,INDY500_DAY1_2020,29,James Hinchcliffe,231.195,227.08536791305633,-4.109632086943662,4.109632086943662,599dee972901168e7297d02344e29079cd45fe0f34813db733b15470fcaab806,2020,29,James Hinchcliffe,231.195,28.140418794420057,58.311064599144075,0.7810125152607102,0.6927622500904934,0.721166045269435,987.5,0.0,865.1990277777778,0,0.0,0.0,0,2020,29,James Hinchcliffe,231.195,575fd17a6f1be1f5d174cf43e422efde3970314f41803aa9ca4bbb59ff72b75a
PRIMARY_LOYO_2020,PRIMARY,RIDGE,2020,a3016f3b-449e-576c-bf0f-284c71eddb34,INDY500_DAY1_2020,81,Ben Hanley,220.946,227.08778022938472,6.141780229384722,6.141780229384722,599dee972901168e7297d02344e29079cd45fe0f34813db733b15470fcaab806,2020,81,Ben Hanley,220.946,28.243438932630777,57.76860102152903,0.7652868167069705,0.7379497348224945,0.6748556800349317,987.5,0.0,870.4559722222223,0,0.0,0.0,0,2020,81,Ben Hanley,220.946,575fd17a6f1be1f5d174cf43e422efde3970314f41803aa9ca4bbb59ff72b75a
PRIMARY_LOYO_2020,PRIMARY,RIDGE,2020,e2cf6770-902a-5a11-8e7c-27e4441f0b5e,INDY500_DAY1_2020,51,James Davison,228.747,227.09201773533593,-1.6549822646640848,1.6549822646640848,599dee972901168e7297d02344e29079cd45fe0f34813db733b15470fcaab806,2020,51,James Davison,228.747,28.367063098483637,57.11764472839097,0.746415978442483,0.7880808704767984,0.6155717192890944,987.5,0.0,876.7643055555556,0,0.0,0.0,0,2020,51,James Davison,228.747,575fd17a6f1be1f5d174cf43e422efde3970314f41803aa9ca4bbb59ff72b75a
PRIMARY_LOYO_2020,PRIMARY,RIDGE,2020,b3ac1729-6563-5819-a04b-0f76aeae5b0f,INDY500_DAY1_2020,55,Alex Palou,231.034,227.09644786150696,-3.937552138493032,3.937552138493032,599dee972901168e7297d02344e29079cd45fe0f34813db733b15470fcaab806,2020,55,Alex Palou,231.034,28.470083236694357,56.575181150775926,0.7306902798887434,0.8262400677841819,0.5633181608895549,987.5,0.0,882.02125,0,0.0,0.0,0,2020,55,Alex Palou,231.034,575fd17a6f1be1f5d174cf43e422efde3970314f41803aa9ca4bbb59ff72b75a
PRIMARY_LOYO_2020,PRIMARY,RIDGE,2020,a7f0ef57-a971-5870-9606-1fe1cd378e2a,INDY500_DAY1_2020,47,Conor Daly,229.884,227.11264042951723,-2.7713595704827583,2.7713595704827583,599dee972901168e7297d02344e29079cd45fe0f34813db733b15470fcaab806,2020,47,Conor Daly,229.884,28.77914365132652,54.94779041793079,0.6835131842275244,0.9193970384181984,0.3933307587105863,987.5,0.0,897.7920833333334,0,0.0,0.0,0,2020,47,Conor Daly,229.884,575fd17a6f1be1f5d174cf43e422efde3970314f41803aa9ca4bbb59ff72b75a
PRIMARY_LOYO_2020,PRIMARY,RIDGE,2020,2fb75f25-92ad-5b41-90a1-3a1457ae8012,INDY500_DAY1_2020,22,Simon Pagenaud,228.836,227.0141286868546,-1.821871313145408,1.821871313145408,599dee972901168e7297d02344e29079cd45fe0f34813db733b15470fcaab806,2020,22,Simon Pagenaud,228.836,29.0031318664551,53.9115225394693,0.6610433415957542,0.9168179982843506,0.3993053443442455,987.4545,0.0,902.1233333333332,0,0.0,0.0,0,2020,22,Simon Pagenaud,228.836,575fd17a6f1be1f5d174cf43e422efde3970314f41803aa9ca4bbb59ff72b75a
PRIMARY_LOYO_2020,PRIMARY,RIDGE,2020,f50bf607-2eaa-51a1-a6d0-2049fcaf3dcd,INDY500_DAY1_2020,98,Marco Andretti,231.351,226.95886686681192,-4.392133133188082,4.392133133188082,599dee972901168e7297d02344e29079cd45fe0f34813db733b15470fcaab806,2020,98,Marco Andretti,231.351,29.10209744771324,53.468809133639475,0.6523553384409545,0.9092960053154348,0.4161499425896784,987.4295833333332,0.0,903.2861111111112,0,0.0,0.0,0,2020,98,Marco Andretti,231.351,575fd17a6f1be1f5d174cf43e422efde3970314f41803aa9ca4bbb59ff72b75a
PRIMARY_LOYO_2020,PRIMARY,RIDGE,2020,cbdbf766-10d3-516e-83ad-3cb56f8c02fb,INDY500_DAY1_2020,14,Tony Kanaan,229.154,226.90342864435732,-2.250571355642677,2.250571355642677,599dee972901168e7297d02344e29079cd45fe0f34813db733b15470fcaab806,2020,14,Tony Kanaan,229.154,29.201394017537456,53.0246150809674,0.6436382784194163,0.9014378515627476,0.4329085351086735,987.4045833333332,0.0,904.4527777777778,0,0.0,0.0,0,2020,14,Tony Kanaan,229.154,575fd17a6f1be1f5d174cf43e422efde3970314f41803aa9ca4bbb59ff72b75a
PRIMARY_LOYO_2020,PRIMARY,RIDGE,2020,9ed5a76f-1d6e-5759-8ffc-9c1344b26bfc,INDY500_DAY1_2020,88,Colton Herta,230.56,226.84800345216144,-3.711996547838538,3.711996547838538,599dee972901168e7297d02344e29079cd45fe0f34813db733b15470fcaab806,2020,88,Colton Herta,230.56,29.300690587361675,52.580421028295326,0.6349212183978782,0.8932708642974155,0.4495188127290651,987.3795833333334,0.0,905.6194444444444,0,0.0,0.0,0,2020,88,Colton Herta,230.56,575fd17a6f1be1f5d174cf43e422efde3970314f41803aa9ca4bbb59ff72b75a
PRIMARY_LOYO_2020,PRIMARY,RIDGE,2020,75519828-93ba-5485-a4bf-a06b93f7cec3,INDY500_DAY1_2020,59,Max Chilton,225.819,226.79259588734945,0.973595887349461,0.973595887349461,599dee972901168e7297d02344e29079cd45fe0f34813db733b15470fcaab806,2020,59,Max Chilton,225.819,29.399987157185898,52.13622697562326,0.62620415837634,0.8847978415374718,0.4659750847530702,987.3545833333334,0.0,906.7861111111112,0,0.0,0.0,0,2020,59,Max Chilton,225.819,575fd17a6f1be1f5d174cf43e422efde3970314f41803aa9ca4bbb59ff72b75a
PRIMARY_LOYO_2020,PRIMARY,RIDGE,2020,f2f5d37e-6270-5e2d-8ae0-2e63cea098b3,INDY500_DAY1_2020,3,Helio Castroneves,228.115,227.00177161147897,-1.113228388521037,1.113228388521037,599dee972901168e7297d02344e29079cd45fe0f34813db733b15470fcaab806,2020,3,Helio Castroneves,228.115,29.336611684163437,53.02135671063407,0.7062880825456634,0.941535662489711,0.3369133364235691,987.6431944444444,0.0,909.6333333333332,0,0.0,0.0,0,2020,3,Helio Castroneves,228.115,575fd17a6f1be1f5d174cf43e422efde3970314f41803aa9ca4bbb59ff72b75a
PRIMARY_LOYO_2020,PRIMARY,RIDGE,2020,1a120ea2-c723-5585-8ec6-30169bb44ca7,INDY500_DAY1_2020,67,JR Hildebrand,226.341,226.9546502849936,0.6136502849936107,0.6136502849936107,599dee972901168e7297d02344e29079cd45fe0f34813db733b15470fcaab806,2020,67,JR Hildebrand,226.341,29.42403182983401,52.60058148653203,0.6973318609909953,0.9362808958368734,0.3512521659590186,987.63625,0.0,911.3,0,0.0,0.0,0,2020,67,JR Hildebrand,226.341,575fd17a6f1be1f5d174cf43e422efde3970314f41803aa9ca4bbb59ff72b75a
PRIMARY_LOYO_2020,PRIMARY,RIDGE,2020,e7089fb7-0048-5bb8-8589-cc5bbc59a6cd,INDY500_DAY1_2020,60,Jack Harvey,229.757,227.6010890767647,-2.155910923235268,2.155910923235268,599dee972901168e7297d02344e29079cd45fe0f34813db733b15470fcaab806,2020,60,Jack Harvey,229.757,29.791196441650417,50.833325545303495,0.6597157304613889,0.9118416375694134,0.4105421147637969,987.6070833333332,0.0,918.3,1,9300.0,229.861,1,2020,60,Jack Harvey,229.757,575fd17a6f1be1f5d174cf43e422efde3970314f41803aa9ca4bbb59ff72b75a
PRIMARY_LOYO_2020,PRIMARY,RIDGE,2020,33a57398-b346-53e3-b5e5-369a3ca71efc,INDY500_DAY1_2020,9,Scott Dixon,231.053,227.54022548942643,-3.512774510573564,3.512774510573564,599dee972901168e7297d02344e29079cd45fe0f34813db733b15470fcaab806,2020,9,Scott Dixon,231.053,29.892552947998073,50.34268970241196,0.6517202646821766,0.9010032763090552,0.4338122820764165,987.59125,0.0,919.15,1,9300.0,231.094,1,2020,9,Scott Dixon,231.053,575fd17a6f1be1f5d174cf43e422efde3970314f41803aa9ca4bbb59ff72b75a
PRIMARY_LOYO_2020,PRIMARY,RIDGE,2020,25ddda12-052a-5d71-ac52-6e96cf8edab9,INDY500_DAY1_2020,8,Marcus Ericsson,230.566,227.13232582857316,-3.433674171426844,3.433674171426844,599dee972901168e7297d02344e29079cd45fe0f34813db733b15470fcaab806,2020,8,Marcus Ericsson,230.566,30.14985427856448,49.04551506703226,0.6757844023759955,0.7888755835892055,0.614552938010055,987.4065277777778,0.0,901.2055555555556,1,7400.0,230.472,1,2020,8,Marcus Ericsson,230.566,575fd17a6f1be1f5d174cf43e422efde3970314f41803aa9ca4bbb59ff72b75a
PRIMARY_LOYO_2020,PRIMARY,RIDGE,2020,893c5471-df02-55c0-946f-0af9d0a835d9,INDY500_DAY1_2020,20,Ed Carpenter,230.211,226.50490304145825,-3.706096958541764,3.706096958541764,599dee972901168e7297d02344e29079cd45fe0f34813db733b15470fcaab806,2020,20,Ed Carpenter,230.211,30.598664855957058,49.19854736143741,0.4660636925232029,0.26079573506123,0.9653940048363014,986.8791666666666,0.0,870.9166666666666,1,8405.0,229.811,1,2020,20,Ed Carpenter,230.211,575fd17a6f1be1f5d174cf43e422efde3970314f41803aa9ca4bbb59ff72b75a
PRIMARY_LOYO_2020,PRIMARY,RIDGE,2020,df3c02a3-9655-512c-a2e6-4ffe9eadc505,INDY500_DAY1_2020,47,Conor Daly,229.955,226.27253464377011,-3.6824653562298977,3.6824653562298977,599dee972901168e7297d02344e29079cd45fe0f34813db733b15470fcaab806,2020,47,Conor Daly,229.955,30.8594549391005,47.87701858327823,0.4825775194057888,0.1123050032137783,0.9936737826133653,986.8986111111112,0.0,862.0972222222222,1,7355.0,229.884,1,2020,47,Conor Daly,229.955,575fd17a6f1be1f5d174cf43e422efde3970314f41803aa9ca4bbb59ff72b75a
PRIMARY_LOYO_2020,PRIMARY,RIDGE,2020,0817e595-17c0-5e20-94bc-6778006bf613,INDY500_DAY1_2020,88,Colton Herta,230.775,226.13330614143624,-4.6416938585637695,4.6416938585637695,599dee972901168e7297d02344e29079cd45fe0f34813db733b15470fcaab806,2020,88,Colton Herta,230.775,30.917466311984615,47.58265856654378,0.489769109465171,0.026244983739512,0.9996555410882856,986.8902777777778,0.0,856.6805555555555,1,6105.0,230.56,1,2020,88,Colton Herta,230.775,575fd17a6f1be1f5d174cf43e422efde3970314f41803aa9ca4bbb59ff72b75a
PRIMARY_LOYO_2020,PRIMARY,RIDGE,2020,b4a08fbf-93db-50a2-9416-96b3b9d1b41a,INDY500_DAY1_2020,9,Scott Dixon,231.155,226.1421099115091,-5.012890088490906,5.012890088490906,599dee972901168e7297d02344e29079cd45fe0f34813db733b15470fcaab806,2020,9,Scott Dixon,231.155,31.02382049560549,47.04299853586396,0.5029536912407051,-0.1315758217374553,0.9913061097028067,986.875,0.0,846.75,2,4455.0,231.094,1,2020,9,Scott Dixon,231.155,575fd17a6f1be1f5d174cf43e422efde3970314f41803aa9ca4bbb59ff72b75a
PRIMARY_LOYO_2020,PRIMARY,RIDGE,2020,b58b5c13-1a21-50cf-ab5b-8962cc4486f0,INDY500_DAY1_2020,81,Ben Hanley,222.917,226.9961351233717,4.079135123371657,4.079135123371657,599dee972901168e7297d02344e29079cd45fe0f34813db733b15470fcaab806,2020,81,Ben Hanley,222.917,30.73566080729169,49.20791641445687,0.6662215467130082,0.8040706700148736,0.5945337312733671,986.8625,0.0,782.1666666666666,1,10455.0,220.946,1,2020,81,Ben Hanley,222.917,575fd17a6f1be1f5d174cf43e422efde3970314f41803aa9ca4bbb59ff72b75a
PRIMARY_LOYO_2020,PRIMARY,RIDGE,2020,7799cc62-18bb-568d-9de2-16cb3622a0de,INDY500_DAY1_2020,3,Helio Castroneves,228.373,226.73597509693508,-1.637024903064912,1.637024903064912,599dee972901168e7297d02344e29079cd45fe0f34813db733b15470fcaab806,2020,3,Helio Castroneves,228.373,30.852034505208355,48.557911833457496,0.5818249335712294,0.8247972578309323,0.5654285838853345,986.9875,0.0,773.8333333333334,1,7505.0,228.115,1,2020,3,Helio Castroneves,228.373,575fd17a6f1be1f5d174cf43e422efde3970314f41803aa9ca4bbb59ff72b75a
PRIMARY_LOYO_2020,PRIMARY,RIDGE,2020,fb65c8cf-d1c6-583e-9563-6c22e29bb081,INDY500_DAY1_2020,59,Max Chilton,227.303,226.49207855556816,-0.8109214444318411,0.8109214444318411,599dee972901168e7297d02344e29079cd45fe0f34813db733b15470fcaab806,2020,59,Max Chilton,227.303,31.222568766276066,46.44564110515947,0.4858239877947036,0.674588891392705,0.7381936247418839,987.1333333333332,0.0,731.1833333333334,1,9655.0,225.819,1,2020,59,Max Chilton,227.303,575fd17a6f1be1f5d174cf43e422efde3970314f41803aa9ca4bbb59ff72b75a
PRIMARY_LOYO_2020,PRIMARY,RIDGE,2020,757828a3-822d-5bd8-b9f0-681a6918b48b,INDY500_DAY1_2020,5,Pato O'Ward,230.213,226.76125582461972,-3.45174417538027,3.45174417538027,599dee972901168e7297d02344e29079cd45fe0f34813db733b15470fcaab806,2020,5,Pato O'Ward,230.213,31.322068786621116,45.83656701040998,0.6295622216421046,0.3353225778423379,0.9421033747891836,986.925,0.0,703.9125,1,17255.0,229.902,1,2020,5,Pato O'Ward,230.213,575fd17a6f1be1f5d174cf43e422efde3970314f41803aa9ca4bbb59ff72b75a
PRIMARY_LOYO_2020,PRIMARY,ELASTIC_NET,2020,16cb7863-a6d0-5895-93e4-a76ac2c6c71f,INDY500_DAY1_2020,15,Graham Rahal,230.822,229.846683125506,-0.9753168744940126,0.9753168744940126,599dee972901168e7297d02344e29079cd45fe0f34813db733b15470fcaab806,2020,15,Graham Rahal,230.822,25.455096817016624,68.61784187502553,0.6490487115754121,-0.6009696950270463,0.7992718096236717,988.085,0.0,683.1475,0,0.0,0.0,0,2020,15,Graham Rahal,230.822,575fd17a6f1be1f5d174cf43e422efde3970314f41803aa9ca4bbb59ff72b75a
PRIMARY_LOYO_2020,PRIMARY,ELASTIC_NET,2020,a6295479-1996-5baa-b116-ab56a03c118d,INDY500_DAY1_2020,41,Dalton Kellett,228.88,230.00471021390695,1.1247102139069511,1.1247102139069511,599dee972901168e7297d02344e29079cd45fe0f34813db733b15470fcaab806,2020,41,Dalton Kellett,228.88,25.72743441263837,67.32986967526107,0.6517341175997935,-0.4776997330459172,0.8785231727438152,987.8683333333332,0.0,708.3891666666667,0,0.0,0.0,0,2020,41,Dalton Kellett,228.88,575fd17a6f1be1f5d174cf43e422efde3970314f41803aa9ca4bbb59ff72b75a
PRIMARY_LOYO_2020,PRIMARY,ELASTIC_NET,2020,e132bf44-6808-5d6b-819c-a993af279439,INDY500_DAY1_2020,21,Rinus VeeKay,231.114,230.083185522613,-1.030814477386997,1.030814477386997,599dee972901168e7297d02344e29079cd45fe0f34813db733b15470fcaab806,2020,21,Rinus VeeKay,231.114,25.85312868754071,66.73542096767746,0.6529735357648926,-0.4171765405890188,0.9088254694836512,987.7683333333332,0.0,720.0391666666667,0,0.0,0.0,0,2020,21,Rinus VeeKay,231.114,575fd17a6f1be1f5d174cf43e422efde3970314f41803aa9ca4bbb59ff72b75a
PRIMARY_LOYO_2020,PRIMARY,ELASTIC_NET,2020,954d29f8-6770-5c41-9322-b23c885935ef,INDY500_DAY1_2020,60,Jack Harvey,229.861,230.15082840177803,0.2898284017780383,0.2898284017780383,599dee972901168e7297d02344e29079cd45fe0f34813db733b15470fcaab806,2020,60,Jack Harvey,229.861,25.957873916626,66.24004704469112,0.6540063842358085,-0.3652685592406277,0.930902185855354,987.685,0.0,729.7475000000001,0,0.0,0.0,0,2020,60,Jack Harvey,229.861,575fd17a6f1be1f5d174cf43e422efde3970314f41803aa9ca4bbb59ff72b75a
PRIMARY_LOYO_2020,PRIMARY,ELASTIC_NET,2020,25f997a4-1a33-565b-b2b0-1c30d3a0f19c,INDY500_DAY1_2020,9,Scott Dixon,231.094,230.23431890427307,-0.859681095726927,0.859681095726927,599dee972901168e7297d02344e29079cd45fe0f34813db733b15470fcaab806,2020,9,Scott Dixon,231.094,26.083568191528343,65.64559833710751,0.6552458024009076,-0.3014596534247562,0.953478933882142,987.585,0.0,741.3975,0,0.0,0.0,0,2020,9,Scott Dixon,231.094,575fd17a6f1be1f5d174cf43e422efde3970314f41803aa9ca4bbb59ff72b75a
PRIMARY_LOYO_2020,PRIMARY,ELASTIC_NET,2020,e2df4919-a45f-5b41-916e-55908e4f1abb,INDY500_DAY1_2020,45,Spencer Pigot,230.539,230.30552385646797,-0.233476143532016,0.233476143532016,599dee972901168e7297d02344e29079cd45fe0f34813db733b15470fcaab806,2020,45,Spencer Pigot,230.539,26.188313420613632,65.15022441412118,0.6562786508718235,-0.2472179734333074,0.968959892674371,987.5016666666668,0.0,751.1058333333334,0,0.0,0.0,0,2020,45,Spencer Pigot,230.539,575fd17a6f1be1f5d174cf43e422efde3970314f41803aa9ca4bbb59ff72b75a
PRIMARY_LOYO_2020,PRIMARY,ELASTIC_NET,2020,194c9baa-3297-571e-82bf-ac3ba81e07fc,INDY500_DAY1_2020,5,Pato O'Ward,229.902,230.99431050765483,1.0923105076548438,1.0923105076548438,599dee972901168e7297d02344e29079cd45fe0f34813db733b15470fcaab806,2020,5,Pato O'Ward,229.902,26.46430146959095,67.62613474733031,0.9136247043160302,0.1488078493347059,0.9888661304627536,987.0090277777778,0.0,762.0102777777778,0,0.0,0.0,0,2020,5,Pato O'Ward,229.902,575fd17a6f1be1f5d174cf43e422efde3970314f41803aa9ca4bbb59ff72b75a
PRIMARY_LOYO_2020,PRIMARY,ELASTIC_NET,2020,00d1c34a-f916-5fa9-803b-2cc6962f2595,INDY500_DAY1_2020,1,Josef Newgarden,230.296,231.0640279592625,0.7680279592624686,0.7680279592624686,599dee972901168e7297d02344e29079cd45fe0f34813db733b15470fcaab806,2020,1,Josef Newgarden,230.296,26.595654212103973,66.90970743549279,0.9240947719811894,0.2029829962735726,0.979182262514902,986.967361111111,0.0,772.3936111111111,0,0.0,0.0,0,2020,1,Josef Newgarden,230.296,575fd17a6f1be1f5d174cf43e422efde3970314f41803aa9ca4bbb59ff72b75a
PRIMARY_LOYO_2020,PRIMARY,ELASTIC_NET,2020,3e1d9fad-3db2-5b32-b9c1-8802e1467bbe,INDY500_DAY1_2020,24,Sage Karam,227.099,231.20040012524527,4.101400125245277,4.101400125245277,599dee972901168e7297d02344e29079cd45fe0f34813db733b15470fcaab806,2020,24,Sage Karam,227.099,26.858359697130012,65.47685281181774,0.945034907311508,0.3093267322667661,0.9509558205853542,986.8840277777778,0.0,793.1602777777778,0,0.0,0.0,0,2020,24,Sage Karam,227.099,575fd17a6f1be1f5d174cf43e422efde3970314f41803aa9ca4bbb59ff72b75a
PRIMARY_LOYO_2020,PRIMARY,ELASTIC_NET,2020,81f0c457-15fb-5f7f-9649-8663a142764d,INDY500_DAY1_2020,27,Alexander Rossi,231.268,231.2556455729638,-0.0123544270362003,0.0123544270362003,599dee972901168e7297d02344e29079cd45fe0f34813db733b15470fcaab806,2020,27,Alexander Rossi,231.268,26.967820315890865,64.87983005195314,0.9537599636991404,0.3526039142349207,0.9357726645217912,986.8493055555556,0.0,801.8130555555556,0,0.0,0.0,0,2020,27,Alexander Rossi,231.268,575fd17a6f1be1f5d174cf43e422efde3970314f41803aa9ca4bbb59ff72b75a
PRIMARY_LOYO_2020,PRIMARY,ELASTIC_NET,2020,c9ee13fe-3b9e-555c-9a7d-a078015b8b91,INDY500_DAY1_2020,66,Fernando Alonso,228.768,231.3204337060401,2.5524337060400626,2.5524337060400626,599dee972901168e7297d02344e29079cd45fe0f34813db733b15470fcaab806,2020,66,Fernando Alonso,228.768,27.099173058403885,64.1634027401156,0.9642300313642996,0.4035496091464736,0.9149577656688468,986.8076388888888,0.0,812.1963888888889,0,0.0,0.0,0,2020,66,Fernando Alonso,228.768,575fd17a6f1be1f5d174cf43e422efde3970314f41803aa9ca4bbb59ff72b75a
PRIMARY_LOYO_2020,PRIMARY,ELASTIC_NET,2020,d155ad85-3d5c-5b55-95d6-40ba696a0bde,INDY500_DAY1_2020,28,Ryan Hunter-Reay,231.33,231.385261168502,0.0552611685019712,0.0552611685019712,599dee972901168e7297d02344e29079cd45fe0f34813db733b15470fcaab806,2020,28,Ryan Hunter-Reay,231.33,27.22733569675024,63.46321268362337,0.9569228744814556,0.4587091192222797,0.8885864864729377,986.8136111111112,0.0,819.5376388888889,0,0.0,0.0,0,2020,28,Ryan Hunter-Reay,231.33,575fd17a6f1be1f5d174cf43e422efde3970314f41803aa9ca4bbb59ff72b75a
PRIMARY_LOYO_2020,PRIMARY,ELASTIC_NET,2020,518373d9-25de-58cf-8315-f6c215b6f672,INDY500_DAY1_2020,8,Marcus Ericsson,230.472,231.49765140864213,1.0256514086421191,1.0256514086421191,599dee972901168e7297d02344e29079cd45fe0f34813db733b15470fcaab806,2020,8,Marcus Ericsson,230.472,27.460987599690775,62.18621359330862,0.9362099434264856,0.5573261889382664,0.8302936342785893,986.8441666666666,0.0,831.7445833333334,0,0.0,0.0,0,2020,8,Marcus Ericsson,230.472,575fd17a6f1be1f5d174cf43e422efde3970314f41803aa9ca4bbb59ff72b75a
PRIMARY_LOYO_2020,PRIMARY,ELASTIC_NET,2020,72b65040-5363-5722-b1cd-297bffa2af77,INDY500_DAY1_2020,7,Oliver Askew,229.76,231.55437025176707,1.7943702517670772,1.7943702517670772,599dee972901168e7297d02344e29079cd45fe0f34813db733b15470fcaab806,2020,7,Oliver Askew,229.76,27.5884340922038,61.48966863495512,0.9249119810328654,0.608113496405479,0.7938500963591952,986.8608333333332,0.0,838.4029166666667,0,0.0,0.0,0,2020,7,Oliver Askew,229.76,575fd17a6f1be1f5d174cf43e422efde3970314f41803aa9ca4bbb59ff72b75a
PRIMARY_LOYO_2020,PRIMARY,ELASTIC_NET,2020,6041dd38-4b6d-5e38-81fd-8006cbe0bafd,INDY500_DAY1_2020,10,Felix Rosenqvist,230.254,231.5988778165286,1.3448778165285944,1.3448778165285944,599dee972901168e7297d02344e29079cd45fe0f34813db733b15470fcaab806,2020,10,Felix Rosenqvist,230.254,27.694639502631315,60.90921450299387,0.9154970123715154,0.648629253589497,0.7611045206723791,986.8747222222222,0.0,843.9515277777778,0,0.0,0.0,0,2020,10,Felix Rosenqvist,230.254,575fd17a6f1be1f5d174cf43e422efde3970314f41803aa9ca4bbb59ff72b75a
PRIMARY_LOYO_2020,PRIMARY,ELASTIC_NET,2020,9a2e168d-3dda-5e76-8daf-588c20d91341,INDY500_DAY1_2020,20,Ed Carpenter,229.811,231.64872608266057,1.8377260826605664,1.8377260826605664,599dee972901168e7297d02344e29079cd45fe0f34813db733b15470fcaab806,2020,20,Ed Carpenter,229.811,27.822085995144334,60.21266954464038,0.9041990499778952,0.6949152900072635,0.7190916073172603,986.8913888888889,0.0,850.6098611111112,0,0.0,0.0,0,2020,20,Ed Carpenter,229.811,575fd17a6f1be1f5d174cf43e422efde3970314f41803aa9ca4bbb59ff72b75a
PRIMARY_LOYO_2020,PRIMARY,ELASTIC_NET,2020,917d4c7e-5c5e-5976-aa32-50a7bc958440,INDY500_DAY1_2020,29,James Hinchcliffe,231.195,231.5599194967963,0.3649194967963183,0.3649194967963183,599dee972901168e7297d02344e29079cd45fe0f34813db733b15470fcaab806,2020,29,James Hinchcliffe,231.195,28.140418794420057,58.311064599144075,0.7810125152607102,0.6927622500904934,0.721166045269435,987.5,0.0,865.1990277777778,0,0.0,0.0,0,2020,29,James Hinchcliffe,231.195,575fd17a6f1be1f5d174cf43e422efde3970314f41803aa9ca4bbb59ff72b75a
PRIMARY_LOYO_2020,PRIMARY,ELASTIC_NET,2020,a3016f3b-449e-576c-bf0f-284c71eddb34,INDY500_DAY1_2020,81,Ben Hanley,220.946,231.6100512127498,10.664051212749795,10.664051212749795,599dee972901168e7297d02344e29079cd45fe0f34813db733b15470fcaab806,2020,81,Ben Hanley,220.946,28.243438932630777,57.76860102152903,0.7652868167069705,0.7379497348224945,0.6748556800349317,987.5,0.0,870.4559722222223,0,0.0,0.0,0,2020,81,Ben Hanley,220.946,575fd17a6f1be1f5d174cf43e422efde3970314f41803aa9ca4bbb59ff72b75a
PRIMARY_LOYO_2020,PRIMARY,ELASTIC_NET,2020,e2cf6770-902a-5a11-8e7c-27e4441f0b5e,INDY500_DAY1_2020,51,James Davison,228.747,231.66396057369369,2.9169605736936717,2.9169605736936717,599dee972901168e7297d02344e29079cd45fe0f34813db733b15470fcaab806,2020,51,James Davison,228.747,28.367063098483637,57.11764472839097,0.746415978442483,0.7880808704767984,0.6155717192890944,987.5,0.0,876.7643055555556,0,0.0,0.0,0,2020,51,James Davison,228.747,575fd17a6f1be1f5d174cf43e422efde3970314f41803aa9ca4bbb59ff72b75a
PRIMARY_LOYO_2020,PRIMARY,ELASTIC_NET,2020,b3ac1729-6563-5819-a04b-0f76aeae5b0f,INDY500_DAY1_2020,55,Alex Palou,231.034,231.70336456644432,0.6693645664443295,0.6693645664443295,599dee972901168e7297d02344e29079cd45fe0f34813db733b15470fcaab806,2020,55,Alex Palou,231.034,28.470083236694357,56.575181150775926,0.7306902798887434,0.8262400677841819,0.5633181608895549,987.5,0.0,882.02125,0,0.0,0.0,0,2020,55,Alex Palou,231.034,575fd17a6f1be1f5d174cf43e422efde3970314f41803aa9ca4bbb59ff72b75a
PRIMARY_LOYO_2020,PRIMARY,ELASTIC_NET,2020,a7f0ef57-a971-5870-9606-1fe1cd378e2a,INDY500_DAY1_2020,47,Conor Daly,229.884,231.78903352107272,1.9050335210727385,1.9050335210727385,599dee972901168e7297d02344e29079cd45fe0f34813db733b15470fcaab806,2020,47,Conor Daly,229.884,28.77914365132652,54.94779041793079,0.6835131842275244,0.9193970384181984,0.3933307587105863,987.5,0.0,897.7920833333334,0,0.0,0.0,0,2020,47,Conor Daly,229.884,575fd17a6f1be1f5d174cf43e422efde3970314f41803aa9ca4bbb59ff72b75a
PRIMARY_LOYO_2020,PRIMARY,ELASTIC_NET,2020,2fb75f25-92ad-5b41-90a1-3a1457ae8012,INDY500_DAY1_2020,22,Simon Pagenaud,228.836,231.747044173188,2.9110441731879746,2.9110441731879746,599dee972901168e7297d02344e29079cd45fe0f34813db733b15470fcaab806,2020,22,Simon Pagenaud,228.836,29.0031318664551,53.9115225394693,0.6610433415957542,0.9168179982843506,0.3993053443442455,987.4545,0.0,902.1233333333332,0,0.0,0.0,0,2020,22,Simon Pagenaud,228.836,575fd17a6f1be1f5d174cf43e422efde3970314f41803aa9ca4bbb59ff72b75a
PRIMARY_LOYO_2020,PRIMARY,ELASTIC_NET,2020,f50bf607-2eaa-51a1-a6d0-2049fcaf3dcd,INDY500_DAY1_2020,98,Marco Andretti,231.351,231.71905782995353,0.3680578299535284,0.3680578299535284,599dee972901168e7297d02344e29079cd45fe0f34813db733b15470fcaab806,2020,98,Marco Andretti,231.351,29.10209744771324,53.468809133639475,0.6523553384409545,0.9092960053154348,0.4161499425896784,987.4295833333332,0.0,903.2861111111112,0,0.0,0.0,0,2020,98,Marco Andretti,231.351,575fd17a6f1be1f5d174cf43e422efde3970314f41803aa9ca4bbb59ff72b75a
PRIMARY_LOYO_2020,PRIMARY,ELASTIC_NET,2020,cbdbf766-10d3-516e-83ad-3cb56f8c02fb,INDY500_DAY1_2020,14,Tony Kanaan,229.154,231.69050318225996,2.5365031822599633,2.5365031822599633,599dee972901168e7297d02344e29079cd45fe0f34813db733b15470fcaab806,2020,14,Tony Kanaan,229.154,29.201394017537456,53.0246150809674,0.6436382784194163,0.9014378515627476,0.4329085351086735,987.4045833333332,0.0,904.4527777777778,0,0.0,0.0,0,2020,14,Tony Kanaan,229.154,575fd17a6f1be1f5d174cf43e422efde3970314f41803aa9ca4bbb59ff72b75a
PRIMARY_LOYO_2020,PRIMARY,ELASTIC_NET,2020,9ed5a76f-1d6e-5759-8ffc-9c1344b26bfc,INDY500_DAY1_2020,88,Colton Herta,230.56,231.6614771422856,1.1014771422855745,1.1014771422855745,599dee972901168e7297d02344e29079cd45fe0f34813db733b15470fcaab806,2020,88,Colton Herta,230.56,29.300690587361675,52.580421028295326,0.6349212183978782,0.8932708642974155,0.4495188127290651,987.3795833333334,0.0,905.6194444444444,0,0.0,0.0,0,2020,88,Colton Herta,230.56,575fd17a6f1be1f5d174cf43e422efde3970314f41803aa9ca4bbb59ff72b75a
PRIMARY_LOYO_2020,PRIMARY,ELASTIC_NET,2020,75519828-93ba-5485-a4bf-a06b93f7cec3,INDY500_DAY1_2020,59,Max Chilton,225.819,231.6319839808237,5.812983980823702,5.812983980823702,599dee972901168e7297d02344e29079cd45fe0f34813db733b15470fcaab806,2020,59,Max Chilton,225.819,29.399987157185898,52.13622697562326,0.62620415837634,0.8847978415374718,0.4659750847530702,987.3545833333334,0.0,906.7861111111112,0,0.0,0.0,0,2020,59,Max Chilton,225.819,575fd17a6f1be1f5d174cf43e422efde3970314f41803aa9ca4bbb59ff72b75a
PRIMARY_LOYO_2020,PRIMARY,ELASTIC_NET,2020,f2f5d37e-6270-5e2d-8ae0-2e63cea098b3,INDY500_DAY1_2020,3,Helio Castroneves,228.115,231.7605907711757,3.645590771175705,3.645590771175705,599dee972901168e7297d02344e29079cd45fe0f34813db733b15470fcaab806,2020,3,Helio Castroneves,228.115,29.336611684163437,53.02135671063407,0.7062880825456634,0.941535662489711,0.3369133364235691,987.6431944444444,0.0,909.6333333333332,0,0.0,0.0,0,2020,3,Helio Castroneves,228.115,575fd17a6f1be1f5d174cf43e422efde3970314f41803aa9ca4bbb59ff72b75a
PRIMARY_LOYO_2020,PRIMARY,ELASTIC_NET,2020,1a120ea2-c723-5585-8ec6-30169bb44ca7,INDY500_DAY1_2020,67,JR Hildebrand,226.341,231.7374960026673,5.3964960026673054,5.3964960026673054,599dee972901168e7297d02344e29079cd45fe0f34813db733b15470fcaab806,2020,67,JR Hildebrand,226.341,29.42403182983401,52.60058148653203,0.6973318609909953,0.9362808958368734,0.3512521659590186,987.63625,0.0,911.3,0,0.0,0.0,0,2020,67,JR Hildebrand,226.341,575fd17a6f1be1f5d174cf43e422efde3970314f41803aa9ca4bbb59ff72b75a
PRIMARY_LOYO_2020,PRIMARY,ELASTIC_NET,2020,e7089fb7-0048-5bb8-8589-cc5bbc59a6cd,INDY500_DAY1_2020,60,Jack Harvey,229.757,231.89032544327063,2.1333254432706212,2.1333254432706212,599dee972901168e7297d02344e29079cd45fe0f34813db733b15470fcaab806,2020,60,Jack Harvey,229.757,29.791196441650417,50.833325545303495,0.6597157304613889,0.9118416375694134,0.4105421147637969,987.6070833333332,0.0,918.3,1,9300.0,229.861,1,2020,60,Jack Harvey,229.757,575fd17a6f1be1f5d174cf43e422efde3970314f41803aa9ca4bbb59ff72b75a
PRIMARY_LOYO_2020,PRIMARY,ELASTIC_NET,2020,33a57398-b346-53e3-b5e5-369a3ca71efc,INDY500_DAY1_2020,9,Scott Dixon,231.053,231.85671682093192,0.8037168209319248,0.8037168209319248,599dee972901168e7297d02344e29079cd45fe0f34813db733b15470fcaab806,2020,9,Scott Dixon,231.053,29.892552947998073,50.34268970241196,0.6517202646821766,0.9010032763090552,0.4338122820764165,987.59125,0.0,919.15,1,9300.0,231.094,1,2020,9,Scott Dixon,231.053,575fd17a6f1be1f5d174cf43e422efde3970314f41803aa9ca4bbb59ff72b75a
PRIMARY_LOYO_2020,PRIMARY,ELASTIC_NET,2020,25ddda12-052a-5d71-ac52-6e96cf8edab9,INDY500_DAY1_2020,8,Marcus Ericsson,230.566,231.5981172931525,1.0321172931525098,1.0321172931525098,599dee972901168e7297d02344e29079cd45fe0f34813db733b15470fcaab806,2020,8,Marcus Ericsson,230.566,30.14985427856448,49.04551506703226,0.6757844023759955,0.7888755835892055,0.614552938010055,987.4065277777778,0.0,901.2055555555556,1,7400.0,230.472,1,2020,8,Marcus Ericsson,230.566,575fd17a6f1be1f5d174cf43e422efde3970314f41803aa9ca4bbb59ff72b75a
PRIMARY_LOYO_2020,PRIMARY,ELASTIC_NET,2020,893c5471-df02-55c0-946f-0af9d0a835d9,INDY500_DAY1_2020,20,Ed Carpenter,230.211,230.69704293252215,0.4860429325221389,0.4860429325221389,599dee972901168e7297d02344e29079cd45fe0f34813db733b15470fcaab806,2020,20,Ed Carpenter,230.211,30.598664855957058,49.19854736143741,0.4660636925232029,0.26079573506123,0.9653940048363014,986.8791666666666,0.0,870.9166666666666,1,8405.0,229.811,1,2020,20,Ed Carpenter,230.211,575fd17a6f1be1f5d174cf43e422efde3970314f41803aa9ca4bbb59ff72b75a
PRIMARY_LOYO_2020,PRIMARY,ELASTIC_NET,2020,df3c02a3-9655-512c-a2e6-4ffe9eadc505,INDY500_DAY1_2020,47,Conor Daly,229.955,230.40599608041651,0.4509960804165018,0.4509960804165018,599dee972901168e7297d02344e29079cd45fe0f34813db733b15470fcaab806,2020,47,Conor Daly,229.955,30.8594549391005,47.87701858327823,0.4825775194057888,0.1123050032137783,0.9936737826133653,986.8986111111112,0.0,862.0972222222222,1,7355.0,229.884,1,2020,47,Conor Daly,229.955,575fd17a6f1be1f5d174cf43e422efde3970314f41803aa9ca4bbb59ff72b75a
PRIMARY_LOYO_2020,PRIMARY,ELASTIC_NET,2020,0817e595-17c0-5e20-94bc-6778006bf613,INDY500_DAY1_2020,88,Colton Herta,230.775,230.23265000435907,-0.542349995640933,0.542349995640933,599dee972901168e7297d02344e29079cd45fe0f34813db733b15470fcaab806,2020,88,Colton Herta,230.775,30.917466311984615,47.58265856654378,0.489769109465171,0.026244983739512,0.9996555410882856,986.8902777777778,0.0,856.6805555555555,1,6105.0,230.56,1,2020,88,Colton Herta,230.775,575fd17a6f1be1f5d174cf43e422efde3970314f41803aa9ca4bbb59ff72b75a
PRIMARY_LOYO_2020,PRIMARY,ELASTIC_NET,2020,b4a08fbf-93db-50a2-9416-96b3b9d1b41a,INDY500_DAY1_2020,9,Scott Dixon,231.155,229.93226826049667,-1.222731739503331,1.222731739503331,599dee972901168e7297d02344e29079cd45fe0f34813db733b15470fcaab806,2020,9,Scott Dixon,231.155,31.02382049560549,47.04299853586396,0.5029536912407051,-0.1315758217374553,0.9913061097028067,986.875,0.0,846.75,2,4455.0,231.094,1,2020,9,Scott Dixon,231.155,575fd17a6f1be1f5d174cf43e422efde3970314f41803aa9ca4bbb59ff72b75a
PRIMARY_LOYO_2020,PRIMARY,ELASTIC_NET,2020,b58b5c13-1a21-50cf-ab5b-8962cc4486f0,INDY500_DAY1_2020,81,Ben Hanley,222.917,231.6059136853253,8.688913685325304,8.688913685325304,599dee972901168e7297d02344e29079cd45fe0f34813db733b15470fcaab806,2020,81,Ben Hanley,222.917,30.73566080729169,49.20791641445687,0.6662215467130082,0.8040706700148736,0.5945337312733671,986.8625,0.0,782.1666666666666,1,10455.0,220.946,1,2020,81,Ben Hanley,222.917,575fd17a6f1be1f5d174cf43e422efde3970314f41803aa9ca4bbb59ff72b75a
PRIMARY_LOYO_2020,PRIMARY,ELASTIC_NET,2020,7799cc62-18bb-568d-9de2-16cb3622a0de,INDY500_DAY1_2020,3,Helio Castroneves,228.373,231.5088705056659,3.135870505665906,3.135870505665906,599dee972901168e7297d02344e29079cd45fe0f34813db733b15470fcaab806,2020,3,Helio Castroneves,228.373,30.852034505208355,48.557911833457496,0.5818249335712294,0.8247972578309323,0.5654285838853345,986.9875,0.0,773.8333333333334,1,7505.0,228.115,1,2020,3,Helio Castroneves,228.373,575fd17a6f1be1f5d174cf43e422efde3970314f41803aa9ca4bbb59ff72b75a
PRIMARY_LOYO_2020,PRIMARY,ELASTIC_NET,2020,fb65c8cf-d1c6-583e-9563-6c22e29bb081,INDY500_DAY1_2020,59,Max Chilton,227.303,231.2358921518936,3.932892151893583,3.932892151893583,599dee972901168e7297d02344e29079cd45fe0f34813db733b15470fcaab806,2020,59,Max Chilton,227.303,31.222568766276066,46.44564110515947,0.4858239877947036,0.674588891392705,0.7381936247418839,987.1333333333332,0.0,731.1833333333334,1,9655.0,225.819,1,2020,59,Max Chilton,227.303,575fd17a6f1be1f5d174cf43e422efde3970314f41803aa9ca4bbb59ff72b75a
PRIMARY_LOYO_2020,PRIMARY,ELASTIC_NET,2020,757828a3-822d-5bd8-b9f0-681a6918b48b,INDY500_DAY1_2020,5,Pato O'Ward,230.213,230.94818556367,0.7351855636700293,0.7351855636700293,599dee972901168e7297d02344e29079cd45fe0f34813db733b15470fcaab806,2020,5,Pato O'Ward,230.213,31.322068786621116,45.83656701040998,0.6295622216421046,0.3353225778423379,0.9421033747891836,986.925,0.0,703.9125,1,17255.0,229.902,1,2020,5,Pato O'Ward,230.213,575fd17a6f1be1f5d174cf43e422efde3970314f41803aa9ca4bbb59ff72b75a
PRIMARY_LOYO_2020,PRIMARY,RANDOM_FOREST,2020,16cb7863-a6d0-5895-93e4-a76ac2c6c71f,INDY500_DAY1_2020,15,Graham Rahal,230.822,230.54269812587964,-0.2793018741203639,0.2793018741203639,599dee972901168e7297d02344e29079cd45fe0f34813db733b15470fcaab806,2020,15,Graham Rahal,230.822,25.455096817016624,68.61784187502553,0.6490487115754121,-0.6009696950270463,0.7992718096236717,988.085,0.0,683.1475,0,0.0,0.0,0,2020,15,Graham Rahal,230.822,575fd17a6f1be1f5d174cf43e422efde3970314f41803aa9ca4bbb59ff72b75a
PRIMARY_LOYO_2020,PRIMARY,RANDOM_FOREST,2020,a6295479-1996-5baa-b116-ab56a03c118d,INDY500_DAY1_2020,41,Dalton Kellett,228.88,230.568907868709,1.688907868709009,1.688907868709009,599dee972901168e7297d02344e29079cd45fe0f34813db733b15470fcaab806,2020,41,Dalton Kellett,228.88,25.72743441263837,67.32986967526107,0.6517341175997935,-0.4776997330459172,0.8785231727438152,987.8683333333332,0.0,708.3891666666667,0,0.0,0.0,0,2020,41,Dalton Kellett,228.88,575fd17a6f1be1f5d174cf43e422efde3970314f41803aa9ca4bbb59ff72b75a
PRIMARY_LOYO_2020,PRIMARY,RANDOM_FOREST,2020,e132bf44-6808-5d6b-819c-a993af279439,INDY500_DAY1_2020,21,Rinus VeeKay,231.114,231.36463902871105,0.2506390287110207,0.2506390287110207,599dee972901168e7297d02344e29079cd45fe0f34813db733b15470fcaab806,2020,21,Rinus VeeKay,231.114,25.85312868754071,66.73542096767746,0.6529735357648926,-0.4171765405890188,0.9088254694836512,987.7683333333332,0.0,720.0391666666667,0,0.0,0.0,0,2020,21,Rinus VeeKay,231.114,575fd17a6f1be1f5d174cf43e422efde3970314f41803aa9ca4bbb59ff72b75a
PRIMARY_LOYO_2020,PRIMARY,RANDOM_FOREST,2020,954d29f8-6770-5c41-9322-b23c885935ef,INDY500_DAY1_2020,60,Jack Harvey,229.861,231.2858333515326,1.4248333515326124,1.4248333515326124,599dee972901168e7297d02344e29079cd45fe0f34813db733b15470fcaab806,2020,60,Jack Harvey,229.861,25.957873916626,66.24004704469112,0.6540063842358085,-0.3652685592406277,0.930902185855354,987.685,0.0,729.7475000000001,0,0.0,0.0,0,2020,60,Jack Harvey,229.861,575fd17a6f1be1f5d174cf43e422efde3970314f41803aa9ca4bbb59ff72b75a
PRIMARY_LOYO_2020,PRIMARY,RANDOM_FOREST,2020,25f997a4-1a33-565b-b2b0-1c30d3a0f19c,INDY500_DAY1_2020,9,Scott Dixon,231.094,231.33817393320933,0.2441739332093391,0.2441739332093391,599dee972901168e7297d02344e29079cd45fe0f34813db733b15470fcaab806,2020,9,Scott Dixon,231.094,26.083568191528343,65.64559833710751,0.6552458024009076,-0.3014596534247562,0.953478933882142,987.585,0.0,741.3975,0,0.0,0.0,0,2020,9,Scott Dixon,231.094,575fd17a6f1be1f5d174cf43e422efde3970314f41803aa9ca4bbb59ff72b75a
PRIMARY_LOYO_2020,PRIMARY,RANDOM_FOREST,2020,e2df4919-a45f-5b41-916e-55908e4f1abb,INDY500_DAY1_2020,45,Spencer Pigot,230.539,231.33553417209825,0.7965341720982337,0.7965341720982337,599dee972901168e7297d02344e29079cd45fe0f34813db733b15470fcaab806,2020,45,Spencer Pigot,230.539,26.188313420613632,65.15022441412118,0.6562786508718235,-0.2472179734333074,0.968959892674371,987.5016666666668,0.0,751.1058333333334,0,0.0,0.0,0,2020,45,Spencer Pigot,230.539,575fd17a6f1be1f5d174cf43e422efde3970314f41803aa9ca4bbb59ff72b75a
PRIMARY_LOYO_2020,PRIMARY,RANDOM_FOREST,2020,194c9baa-3297-571e-82bf-ac3ba81e07fc,INDY500_DAY1_2020,5,Pato O'Ward,229.902,231.3412339685464,1.4392339685464322,1.4392339685464322,599dee972901168e7297d02344e29079cd45fe0f34813db733b15470fcaab806,2020,5,Pato O'Ward,229.902,26.46430146959095,67.62613474733031,0.9136247043160302,0.1488078493347059,0.9888661304627536,987.0090277777778,0.0,762.0102777777778,0,0.0,0.0,0,2020,5,Pato O'Ward,229.902,575fd17a6f1be1f5d174cf43e422efde3970314f41803aa9ca4bbb59ff72b75a
PRIMARY_LOYO_2020,PRIMARY,RANDOM_FOREST,2020,00d1c34a-f916-5fa9-803b-2cc6962f2595,INDY500_DAY1_2020,1,Josef Newgarden,230.296,231.34633835346705,1.0503383534670547,1.0503383534670547,599dee972901168e7297d02344e29079cd45fe0f34813db733b15470fcaab806,2020,1,Josef Newgarden,230.296,26.595654212103973,66.90970743549279,0.9240947719811894,0.2029829962735726,0.979182262514902,986.967361111111,0.0,772.3936111111111,0,0.0,0.0,0,2020,1,Josef Newgarden,230.296,575fd17a6f1be1f5d174cf43e422efde3970314f41803aa9ca4bbb59ff72b75a
PRIMARY_LOYO_2020,PRIMARY,RANDOM_FOREST,2020,3e1d9fad-3db2-5b32-b9c1-8802e1467bbe,INDY500_DAY1_2020,24,Sage Karam,227.099,231.34909996299083,4.250099962990845,4.250099962990845,599dee972901168e7297d02344e29079cd45fe0f34813db733b15470fcaab806,2020,24,Sage Karam,227.099,26.858359697130012,65.47685281181774,0.945034907311508,0.3093267322667661,0.9509558205853542,986.8840277777778,0.0,793.1602777777778,0,0.0,0.0,0,2020,24,Sage Karam,227.099,575fd17a6f1be1f5d174cf43e422efde3970314f41803aa9ca4bbb59ff72b75a
PRIMARY_LOYO_2020,PRIMARY,RANDOM_FOREST,2020,81f0c457-15fb-5f7f-9649-8663a142764d,INDY500_DAY1_2020,27,Alexander Rossi,231.268,231.33047528878177,0.0624752887817408,0.0624752887817408,599dee972901168e7297d02344e29079cd45fe0f34813db733b15470fcaab806,2020,27,Alexander Rossi,231.268,26.967820315890865,64.87983005195314,0.9537599636991404,0.3526039142349207,0.9357726645217912,986.8493055555556,0.0,801.8130555555556,0,0.0,0.0,0,2020,27,Alexander Rossi,231.268,575fd17a6f1be1f5d174cf43e422efde3970314f41803aa9ca4bbb59ff72b75a
PRIMARY_LOYO_2020,PRIMARY,RANDOM_FOREST,2020,c9ee13fe-3b9e-555c-9a7d-a078015b8b91,INDY500_DAY1_2020,66,Fernando Alonso,228.768,231.3401215213214,2.5721215213214066,2.5721215213214066,599dee972901168e7297d02344e29079cd45fe0f34813db733b15470fcaab806,2020,66,Fernando Alonso,228.768,27.099173058403885,64.1634027401156,0.9642300313642996,0.4035496091464736,0.9149577656688468,986.8076388888888,0.0,812.1963888888889,0,0.0,0.0,0,2020,66,Fernando Alonso,228.768,575fd17a6f1be1f5d174cf43e422efde3970314f41803aa9ca4bbb59ff72b75a
PRIMARY_LOYO_2020,PRIMARY,RANDOM_FOREST,2020,d155ad85-3d5c-5b55-95d6-40ba696a0bde,INDY500_DAY1_2020,28,Ryan Hunter-Reay,231.33,230.99512862687556,-0.3348713731244572,0.3348713731244572,599dee972901168e7297d02344e29079cd45fe0f34813db733b15470fcaab806,2020,28,Ryan Hunter-Reay,231.33,27.22733569675024,63.46321268362337,0.9569228744814556,0.4587091192222797,0.8885864864729377,986.8136111111112,0.0,819.5376388888889,0,0.0,0.0,0,2020,28,Ryan Hunter-Reay,231.33,575fd17a6f1be1f5d174cf43e422efde3970314f41803aa9ca4bbb59ff72b75a
PRIMARY_LOYO_2020,PRIMARY,RANDOM_FOREST,2020,518373d9-25de-58cf-8315-f6c215b6f672,INDY500_DAY1_2020,8,Marcus Ericsson,230.472,230.9823607768755,0.5103607768755296,0.5103607768755296,599dee972901168e7297d02344e29079cd45fe0f34813db733b15470fcaab806,2020,8,Marcus Ericsson,230.472,27.460987599690775,62.18621359330862,0.9362099434264856,0.5573261889382664,0.8302936342785893,986.8441666666666,0.0,831.7445833333334,0,0.0,0.0,0,2020,8,Marcus Ericsson,230.472,575fd17a6f1be1f5d174cf43e422efde3970314f41803aa9ca4bbb59ff72b75a
PRIMARY_LOYO_2020,PRIMARY,RANDOM_FOREST,2020,72b65040-5363-5722-b1cd-297bffa2af77,INDY500_DAY1_2020,7,Oliver Askew,229.76,230.96325736296495,1.203257362964962,1.203257362964962,599dee972901168e7297d02344e29079cd45fe0f34813db733b15470fcaab806,2020,7,Oliver Askew,229.76,27.5884340922038,61.48966863495512,0.9249119810328654,0.608113496405479,0.7938500963591952,986.8608333333332,0.0,838.4029166666667,0,0.0,0.0,0,2020,7,Oliver Askew,229.76,575fd17a6f1be1f5d174cf43e422efde3970314f41803aa9ca4bbb59ff72b75a
PRIMARY_LOYO_2020,PRIMARY,RANDOM_FOREST,2020,6041dd38-4b6d-5e38-81fd-8006cbe0bafd,INDY500_DAY1_2020,10,Felix Rosenqvist,230.254,230.97177264483307,0.7177726448330759,0.7177726448330759,599dee972901168e7297d02344e29079cd45fe0f34813db733b15470fcaab806,2020,10,Felix Rosenqvist,230.254,27.694639502631315,60.90921450299387,0.9154970123715154,0.648629253589497,0.7611045206723791,986.8747222222222,0.0,843.9515277777778,0,0.0,0.0,0,2020,10,Felix Rosenqvist,230.254,575fd17a6f1be1f5d174cf43e422efde3970314f41803aa9ca4bbb59ff72b75a
PRIMARY_LOYO_2020,PRIMARY,RANDOM_FOREST,2020,9a2e168d-3dda-5e76-8daf-588c20d91341,INDY500_DAY1_2020,20,Ed Carpenter,229.811,230.93465646662793,1.1236564666279207,1.1236564666279207,599dee972901168e7297d02344e29079cd45fe0f34813db733b15470fcaab806,2020,20,Ed Carpenter,229.811,27.822085995144334,60.21266954464038,0.9041990499778952,0.6949152900072635,0.7190916073172603,986.8913888888889,0.0,850.6098611111112,0,0.0,0.0,0,2020,20,Ed Carpenter,229.811,575fd17a6f1be1f5d174cf43e422efde3970314f41803aa9ca4bbb59ff72b75a
PRIMARY_LOYO_2020,PRIMARY,RANDOM_FOREST,2020,917d4c7e-5c5e-5976-aa32-50a7bc958440,INDY500_DAY1_2020,29,James Hinchcliffe,231.195,230.92000215121152,-0.2749978487884732,0.2749978487884732,599dee972901168e7297d02344e29079cd45fe0f34813db733b15470fcaab806,2020,29,James Hinchcliffe,231.195,28.140418794420057,58.311064599144075,0.7810125152607102,0.6927622500904934,0.721166045269435,987.5,0.0,865.1990277777778,0,0.0,0.0,0,2020,29,James Hinchcliffe,231.195,575fd17a6f1be1f5d174cf43e422efde3970314f41803aa9ca4bbb59ff72b75a
PRIMARY_LOYO_2020,PRIMARY,RANDOM_FOREST,2020,a3016f3b-449e-576c-bf0f-284c71eddb34,INDY500_DAY1_2020,81,Ben Hanley,220.946,230.90882512956648,9.962825129566482,9.962825129566482,599dee972901168e7297d02344e29079cd45fe0f34813db733b15470fcaab806,2020,81,Ben Hanley,220.946,28.243438932630777,57.76860102152903,0.7652868167069705,0.7379497348224945,0.6748556800349317,987.5,0.0,870.4559722222223,0,0.0,0.0,0,2020,81,Ben Hanley,220.946,575fd17a6f1be1f5d174cf43e422efde3970314f41803aa9ca4bbb59ff72b75a
PRIMARY_LOYO_2020,PRIMARY,RANDOM_FOREST,2020,e2cf6770-902a-5a11-8e7c-27e4441f0b5e,INDY500_DAY1_2020,51,James Davison,228.747,230.9125289628998,2.165528962899799,2.165528962899799,599dee972901168e7297d02344e29079cd45fe0f34813db733b15470fcaab806,2020,51,James Davison,228.747,28.367063098483637,57.11764472839097,0.746415978442483,0.7880808704767984,0.6155717192890944,987.5,0.0,876.7643055555556,0,0.0,0.0,0,2020,51,James Davison,228.747,575fd17a6f1be1f5d174cf43e422efde3970314f41803aa9ca4bbb59ff72b75a
PRIMARY_LOYO_2020,PRIMARY,RANDOM_FOREST,2020,b3ac1729-6563-5819-a04b-0f76aeae5b0f,INDY500_DAY1_2020,55,Alex Palou,231.034,230.90316937877284,-0.1308306212271475,0.1308306212271475,599dee972901168e7297d02344e29079cd45fe0f34813db733b15470fcaab806,2020,55,Alex Palou,231.034,28.470083236694357,56.575181150775926,0.7306902798887434,0.8262400677841819,0.5633181608895549,987.5,0.0,882.02125,0,0.0,0.0,0,2020,55,Alex Palou,231.034,575fd17a6f1be1f5d174cf43e422efde3970314f41803aa9ca4bbb59ff72b75a
PRIMARY_LOYO_2020,PRIMARY,RANDOM_FOREST,2020,a7f0ef57-a971-5870-9606-1fe1cd378e2a,INDY500_DAY1_2020,47,Conor Daly,229.884,230.66518072464868,0.7811807246486921,0.7811807246486921,599dee972901168e7297d02344e29079cd45fe0f34813db733b15470fcaab806,2020,47,Conor Daly,229.884,28.77914365132652,54.94779041793079,0.6835131842275244,0.9193970384181984,0.3933307587105863,987.5,0.0,897.7920833333334,0,0.0,0.0,0,2020,47,Conor Daly,229.884,575fd17a6f1be1f5d174cf43e422efde3970314f41803aa9ca4bbb59ff72b75a
PRIMARY_LOYO_2020,PRIMARY,RANDOM_FOREST,2020,2fb75f25-92ad-5b41-90a1-3a1457ae8012,INDY500_DAY1_2020,22,Simon Pagenaud,228.836,230.65411985328112,1.818119853281132,1.818119853281132,599dee972901168e7297d02344e29079cd45fe0f34813db733b15470fcaab806,2020,22,Simon Pagenaud,228.836,29.0031318664551,53.9115225394693,0.6610433415957542,0.9168179982843506,0.3993053443442455,987.4545,0.0,902.1233333333332,0,0.0,0.0,0,2020,22,Simon Pagenaud,228.836,575fd17a6f1be1f5d174cf43e422efde3970314f41803aa9ca4bbb59ff72b75a
PRIMARY_LOYO_2020,PRIMARY,RANDOM_FOREST,2020,f50bf607-2eaa-51a1-a6d0-2049fcaf3dcd,INDY500_DAY1_2020,98,Marco Andretti,231.351,230.66775035328115,-0.6832496467188491,0.6832496467188491,599dee972901168e7297d02344e29079cd45fe0f34813db733b15470fcaab806,2020,98,Marco Andretti,231.351,29.10209744771324,53.468809133639475,0.6523553384409545,0.9092960053154348,0.4161499425896784,987.4295833333332,0.0,903.2861111111112,0,0.0,0.0,0,2020,98,Marco Andretti,231.351,575fd17a6f1be1f5d174cf43e422efde3970314f41803aa9ca4bbb59ff72b75a
PRIMARY_LOYO_2020,PRIMARY,RANDOM_FOREST,2020,cbdbf766-10d3-516e-83ad-3cb56f8c02fb,INDY500_DAY1_2020,14,Tony Kanaan,229.154,230.66704835328116,1.5130483532811638,1.5130483532811638,599dee972901168e7297d02344e29079cd45fe0f34813db733b15470fcaab806,2020,14,Tony Kanaan,229.154,29.201394017537456,53.0246150809674,0.6436382784194163,0.9014378515627476,0.4329085351086735,987.4045833333332,0.0,904.4527777777778,0,0.0,0.0,0,2020,14,Tony Kanaan,229.154,575fd17a6f1be1f5d174cf43e422efde3970314f41803aa9ca4bbb59ff72b75a
PRIMARY_LOYO_2020,PRIMARY,RANDOM_FOREST,2020,9ed5a76f-1d6e-5759-8ffc-9c1344b26bfc,INDY500_DAY1_2020,88,Colton Herta,230.56,230.690365636413,0.1303656364129892,0.1303656364129892,599dee972901168e7297d02344e29079cd45fe0f34813db733b15470fcaab806,2020,88,Colton Herta,230.56,29.300690587361675,52.580421028295326,0.6349212183978782,0.8932708642974155,0.4495188127290651,987.3795833333334,0.0,905.6194444444444,0,0.0,0.0,0,2020,88,Colton Herta,230.56,575fd17a6f1be1f5d174cf43e422efde3970314f41803aa9ca4bbb59ff72b75a
PRIMARY_LOYO_2020,PRIMARY,RANDOM_FOREST,2020,75519828-93ba-5485-a4bf-a06b93f7cec3,INDY500_DAY1_2020,59,Max Chilton,225.819,230.690365636413,4.871365636413003,4.871365636413003,599dee972901168e7297d02344e29079cd45fe0f34813db733b15470fcaab806,2020,59,Max Chilton,225.819,29.399987157185898,52.13622697562326,0.62620415837634,0.8847978415374718,0.4659750847530702,987.3545833333334,0.0,906.7861111111112,0,0.0,0.0,0,2020,59,Max Chilton,225.819,575fd17a6f1be1f5d174cf43e422efde3970314f41803aa9ca4bbb59ff72b75a
PRIMARY_LOYO_2020,PRIMARY,RANDOM_FOREST,2020,f2f5d37e-6270-5e2d-8ae0-2e63cea098b3,INDY500_DAY1_2020,3,Helio Castroneves,228.115,230.64577238423357,2.5307723842335577,2.5307723842335577,599dee972901168e7297d02344e29079cd45fe0f34813db733b15470fcaab806,2020,3,Helio Castroneves,228.115,29.336611684163437,53.02135671063407,0.7062880825456634,0.941535662489711,0.3369133364235691,987.6431944444444,0.0,909.6333333333332,0,0.0,0.0,0,2020,3,Helio Castroneves,228.115,575fd17a6f1be1f5d174cf43e422efde3970314f41803aa9ca4bbb59ff72b75a
PRIMARY_LOYO_2020,PRIMARY,RANDOM_FOREST,2020,1a120ea2-c723-5585-8ec6-30169bb44ca7,INDY500_DAY1_2020,67,JR Hildebrand,226.341,230.65239672470972,4.311396724709709,4.311396724709709,599dee972901168e7297d02344e29079cd45fe0f34813db733b15470fcaab806,2020,67,JR Hildebrand,226.341,29.42403182983401,52.60058148653203,0.6973318609909953,0.9362808958368734,0.3512521659590186,987.63625,0.0,911.3,0,0.0,0.0,0,2020,67,JR Hildebrand,226.341,575fd17a6f1be1f5d174cf43e422efde3970314f41803aa9ca4bbb59ff72b75a
PRIMARY_LOYO_2020,PRIMARY,RANDOM_FOREST,2020,e7089fb7-0048-5bb8-8589-cc5bbc59a6cd,INDY500_DAY1_2020,60,Jack Harvey,229.757,230.68568604109157,0.9286860410915664,0.9286860410915664,599dee972901168e7297d02344e29079cd45fe0f34813db733b15470fcaab806,2020,60,Jack Harvey,229.757,29.791196441650417,50.833325545303495,0.6597157304613889,0.9118416375694134,0.4105421147637969,987.6070833333332,0.0,918.3,1,9300.0,229.861,1,2020,60,Jack Harvey,229.757,575fd17a6f1be1f5d174cf43e422efde3970314f41803aa9ca4bbb59ff72b75a
PRIMARY_LOYO_2020,PRIMARY,RANDOM_FOREST,2020,33a57398-b346-53e3-b5e5-369a3ca71efc,INDY500_DAY1_2020,9,Scott Dixon,231.053,230.74545105795184,-0.3075489420481574,0.3075489420481574,599dee972901168e7297d02344e29079cd45fe0f34813db733b15470fcaab806,2020,9,Scott Dixon,231.053,29.892552947998073,50.34268970241196,0.6517202646821766,0.9010032763090552,0.4338122820764165,987.59125,0.0,919.15,1,9300.0,231.094,1,2020,9,Scott Dixon,231.053,575fd17a6f1be1f5d174cf43e422efde3970314f41803aa9ca4bbb59ff72b75a
PRIMARY_LOYO_2020,PRIMARY,RANDOM_FOREST,2020,25ddda12-052a-5d71-ac52-6e96cf8edab9,INDY500_DAY1_2020,8,Marcus Ericsson,230.566,230.99749380369164,0.4314938036916373,0.4314938036916373,599dee972901168e7297d02344e29079cd45fe0f34813db733b15470fcaab806,2020,8,Marcus Ericsson,230.566,30.14985427856448,49.04551506703226,0.6757844023759955,0.7888755835892055,0.614552938010055,987.4065277777778,0.0,901.2055555555556,1,7400.0,230.472,1,2020,8,Marcus Ericsson,230.566,575fd17a6f1be1f5d174cf43e422efde3970314f41803aa9ca4bbb59ff72b75a
PRIMARY_LOYO_2020,PRIMARY,RANDOM_FOREST,2020,893c5471-df02-55c0-946f-0af9d0a835d9,INDY500_DAY1_2020,20,Ed Carpenter,230.211,231.35227215561753,1.1412721556175145,1.1412721556175145,599dee972901168e7297d02344e29079cd45fe0f34813db733b15470fcaab806,2020,20,Ed Carpenter,230.211,30.598664855957058,49.19854736143741,0.4660636925232029,0.26079573506123,0.9653940048363014,986.8791666666666,0.0,870.9166666666666,1,8405.0,229.811,1,2020,20,Ed Carpenter,230.211,575fd17a6f1be1f5d174cf43e422efde3970314f41803aa9ca4bbb59ff72b75a
PRIMARY_LOYO_2020,PRIMARY,RANDOM_FOREST,2020,df3c02a3-9655-512c-a2e6-4ffe9eadc505,INDY500_DAY1_2020,47,Conor Daly,229.955,231.33315690820945,1.3781569082094336,1.3781569082094336,599dee972901168e7297d02344e29079cd45fe0f34813db733b15470fcaab806,2020,47,Conor Daly,229.955,30.8594549391005,47.87701858327823,0.4825775194057888,0.1123050032137783,0.9936737826133653,986.8986111111112,0.0,862.0972222222222,1,7355.0,229.884,1,2020,47,Conor Daly,229.955,575fd17a6f1be1f5d174cf43e422efde3970314f41803aa9ca4bbb59ff72b75a
PRIMARY_LOYO_2020,PRIMARY,RANDOM_FOREST,2020,0817e595-17c0-5e20-94bc-6778006bf613,INDY500_DAY1_2020,88,Colton Herta,230.775,231.37789515681575,0.6028951568157765,0.6028951568157765,599dee972901168e7297d02344e29079cd45fe0f34813db733b15470fcaab806,2020,88,Colton Herta,230.775,30.917466311984615,47.58265856654378,0.489769109465171,0.026244983739512,0.9996555410882856,986.8902777777778,0.0,856.6805555555555,1,6105.0,230.56,1,2020,88,Colton Herta,230.775,575fd17a6f1be1f5d174cf43e422efde3970314f41803aa9ca4bbb59ff72b75a
PRIMARY_LOYO_2020,PRIMARY,RANDOM_FOREST,2020,b4a08fbf-93db-50a2-9416-96b3b9d1b41a,INDY500_DAY1_2020,9,Scott Dixon,231.155,231.35427476385044,0.1992747638504397,0.1992747638504397,599dee972901168e7297d02344e29079cd45fe0f34813db733b15470fcaab806,2020,9,Scott Dixon,231.155,31.02382049560549,47.04299853586396,0.5029536912407051,-0.1315758217374553,0.9913061097028067,986.875,0.0,846.75,2,4455.0,231.094,1,2020,9,Scott Dixon,231.155,575fd17a6f1be1f5d174cf43e422efde3970314f41803aa9ca4bbb59ff72b75a
PRIMARY_LOYO_2020,PRIMARY,RANDOM_FOREST,2020,b58b5c13-1a21-50cf-ab5b-8962cc4486f0,INDY500_DAY1_2020,81,Ben Hanley,222.917,230.9391811403891,8.022181140389137,8.022181140389137,599dee972901168e7297d02344e29079cd45fe0f34813db733b15470fcaab806,2020,81,Ben Hanley,222.917,30.73566080729169,49.20791641445687,0.6662215467130082,0.8040706700148736,0.5945337312733671,986.8625,0.0,782.1666666666666,1,10455.0,220.946,1,2020,81,Ben Hanley,222.917,575fd17a6f1be1f5d174cf43e422efde3970314f41803aa9ca4bbb59ff72b75a
PRIMARY_LOYO_2020,PRIMARY,RANDOM_FOREST,2020,7799cc62-18bb-568d-9de2-16cb3622a0de,INDY500_DAY1_2020,3,Helio Castroneves,228.373,230.92511844878908,2.552118448789088,2.552118448789088,599dee972901168e7297d02344e29079cd45fe0f34813db733b15470fcaab806,2020,3,Helio Castroneves,228.373,30.852034505208355,48.557911833457496,0.5818249335712294,0.8247972578309323,0.5654285838853345,986.9875,0.0,773.8333333333334,1,7505.0,228.115,1,2020,3,Helio Castroneves,228.373,575fd17a6f1be1f5d174cf43e422efde3970314f41803aa9ca4bbb59ff72b75a
PRIMARY_LOYO_2020,PRIMARY,RANDOM_FOREST,2020,fb65c8cf-d1c6-583e-9563-6c22e29bb081,INDY500_DAY1_2020,59,Max Chilton,227.303,230.89498659372117,3.591986593721174,3.591986593721174,599dee972901168e7297d02344e29079cd45fe0f34813db733b15470fcaab806,2020,59,Max Chilton,227.303,31.222568766276066,46.44564110515947,0.4858239877947036,0.674588891392705,0.7381936247418839,987.1333333333332,0.0,731.1833333333334,1,9655.0,225.819,1,2020,59,Max Chilton,227.303,575fd17a6f1be1f5d174cf43e422efde3970314f41803aa9ca4bbb59ff72b75a
PRIMARY_LOYO_2020,PRIMARY,RANDOM_FOREST,2020,757828a3-822d-5bd8-b9f0-681a6918b48b,INDY500_DAY1_2020,5,Pato O'Ward,230.213,231.2424665405509,1.0294665405509136,1.0294665405509136,599dee972901168e7297d02344e29079cd45fe0f34813db733b15470fcaab806,2020,5,Pato O'Ward,230.213,31.322068786621116,45.83656701040998,0.6295622216421046,0.3353225778423379,0.9421033747891836,986.925,0.0,703.9125,1,17255.0,229.902,1,2020,5,Pato O'Ward,230.213,575fd17a6f1be1f5d174cf43e422efde3970314f41803aa9ca4bbb59ff72b75a
PRIMARY_LOYO_2020,PRIMARY,HIST_GRADIENT_BOOSTING,2020,16cb7863-a6d0-5895-93e4-a76ac2c6c71f,INDY500_DAY1_2020,15,Graham Rahal,230.822,230.19529211653912,-0.626707883460881,0.626707883460881,599dee972901168e7297d02344e29079cd45fe0f34813db733b15470fcaab806,2020,15,Graham Rahal,230.822,25.455096817016624,68.61784187502553,0.6490487115754121,-0.6009696950270463,0.7992718096236717,988.085,0.0,683.1475,0,0.0,0.0,0,2020,15,Graham Rahal,230.822,575fd17a6f1be1f5d174cf43e422efde3970314f41803aa9ca4bbb59ff72b75a
PRIMARY_LOYO_2020,PRIMARY,HIST_GRADIENT_BOOSTING,2020,a6295479-1996-5baa-b116-ab56a03c118d,INDY500_DAY1_2020,41,Dalton Kellett,228.88,230.33255159349983,1.452551593499834,1.452551593499834,599dee972901168e7297d02344e29079cd45fe0f34813db733b15470fcaab806,2020,41,Dalton Kellett,228.88,25.72743441263837,67.32986967526107,0.6517341175997935,-0.4776997330459172,0.8785231727438152,987.8683333333332,0.0,708.3891666666667,0,0.0,0.0,0,2020,41,Dalton Kellett,228.88,575fd17a6f1be1f5d174cf43e422efde3970314f41803aa9ca4bbb59ff72b75a
PRIMARY_LOYO_2020,PRIMARY,HIST_GRADIENT_BOOSTING,2020,e132bf44-6808-5d6b-819c-a993af279439,INDY500_DAY1_2020,21,Rinus VeeKay,231.114,231.93612760664948,0.8221276066494738,0.8221276066494738,599dee972901168e7297d02344e29079cd45fe0f34813db733b15470fcaab806,2020,21,Rinus VeeKay,231.114,25.85312868754071,66.73542096767746,0.6529735357648926,-0.4171765405890188,0.9088254694836512,987.7683333333332,0.0,720.0391666666667,0,0.0,0.0,0,2020,21,Rinus VeeKay,231.114,575fd17a6f1be1f5d174cf43e422efde3970314f41803aa9ca4bbb59ff72b75a
PRIMARY_LOYO_2020,PRIMARY,HIST_GRADIENT_BOOSTING,2020,954d29f8-6770-5c41-9322-b23c885935ef,INDY500_DAY1_2020,60,Jack Harvey,229.861,231.79727013413475,1.9362701341347588,1.9362701341347588,599dee972901168e7297d02344e29079cd45fe0f34813db733b15470fcaab806,2020,60,Jack Harvey,229.861,25.957873916626,66.24004704469112,0.6540063842358085,-0.3652685592406277,0.930902185855354,987.685,0.0,729.7475000000001,0,0.0,0.0,0,2020,60,Jack Harvey,229.861,575fd17a6f1be1f5d174cf43e422efde3970314f41803aa9ca4bbb59ff72b75a
PRIMARY_LOYO_2020,PRIMARY,HIST_GRADIENT_BOOSTING,2020,25f997a4-1a33-565b-b2b0-1c30d3a0f19c,INDY500_DAY1_2020,9,Scott Dixon,231.094,231.7934639569392,0.6994639569391836,0.6994639569391836,599dee972901168e7297d02344e29079cd45fe0f34813db733b15470fcaab806,2020,9,Scott Dixon,231.094,26.083568191528343,65.64559833710751,0.6552458024009076,-0.3014596534247562,0.953478933882142,987.585,0.0,741.3975,0,0.0,0.0,0,2020,9,Scott Dixon,231.094,575fd17a6f1be1f5d174cf43e422efde3970314f41803aa9ca4bbb59ff72b75a
PRIMARY_LOYO_2020,PRIMARY,HIST_GRADIENT_BOOSTING,2020,e2df4919-a45f-5b41-916e-55908e4f1abb,INDY500_DAY1_2020,45,Spencer Pigot,230.539,231.7934639569392,1.2544639569391904,1.2544639569391904,599dee972901168e7297d02344e29079cd45fe0f34813db733b15470fcaab806,2020,45,Spencer Pigot,230.539,26.188313420613632,65.15022441412118,0.6562786508718235,-0.2472179734333074,0.968959892674371,987.5016666666668,0.0,751.1058333333334,0,0.0,0.0,0,2020,45,Spencer Pigot,230.539,575fd17a6f1be1f5d174cf43e422efde3970314f41803aa9ca4bbb59ff72b75a
PRIMARY_LOYO_2020,PRIMARY,HIST_GRADIENT_BOOSTING,2020,194c9baa-3297-571e-82bf-ac3ba81e07fc,INDY500_DAY1_2020,5,Pato O'Ward,229.902,231.73089015558415,1.8288901555841903,1.8288901555841903,599dee972901168e7297d02344e29079cd45fe0f34813db733b15470fcaab806,2020,5,Pato O'Ward,229.902,26.46430146959095,67.62613474733031,0.9136247043160302,0.1488078493347059,0.9888661304627536,987.0090277777778,0.0,762.0102777777778,0,0.0,0.0,0,2020,5,Pato O'Ward,229.902,575fd17a6f1be1f5d174cf43e422efde3970314f41803aa9ca4bbb59ff72b75a
PRIMARY_LOYO_2020,PRIMARY,HIST_GRADIENT_BOOSTING,2020,00d1c34a-f916-5fa9-803b-2cc6962f2595,INDY500_DAY1_2020,1,Josef Newgarden,230.296,231.71773158927195,1.4217315892719569,1.4217315892719569,599dee972901168e7297d02344e29079cd45fe0f34813db733b15470fcaab806,2020,1,Josef Newgarden,230.296,26.595654212103973,66.90970743549279,0.9240947719811894,0.2029829962735726,0.979182262514902,986.967361111111,0.0,772.3936111111111,0,0.0,0.0,0,2020,1,Josef Newgarden,230.296,575fd17a6f1be1f5d174cf43e422efde3970314f41803aa9ca4bbb59ff72b75a
PRIMARY_LOYO_2020,PRIMARY,HIST_GRADIENT_BOOSTING,2020,3e1d9fad-3db2-5b32-b9c1-8802e1467bbe,INDY500_DAY1_2020,24,Sage Karam,227.099,231.80646625130123,4.707466251301241,4.707466251301241,599dee972901168e7297d02344e29079cd45fe0f34813db733b15470fcaab806,2020,24,Sage Karam,227.099,26.858359697130012,65.47685281181774,0.945034907311508,0.3093267322667661,0.9509558205853542,986.8840277777778,0.0,793.1602777777778,0,0.0,0.0,0,2020,24,Sage Karam,227.099,575fd17a6f1be1f5d174cf43e422efde3970314f41803aa9ca4bbb59ff72b75a
PRIMARY_LOYO_2020,PRIMARY,HIST_GRADIENT_BOOSTING,2020,81f0c457-15fb-5f7f-9649-8663a142764d,INDY500_DAY1_2020,27,Alexander Rossi,231.268,231.80127862078555,0.533278620785552,0.533278620785552,599dee972901168e7297d02344e29079cd45fe0f34813db733b15470fcaab806,2020,27,Alexander Rossi,231.268,26.967820315890865,64.87983005195314,0.9537599636991404,0.3526039142349207,0.9357726645217912,986.8493055555556,0.0,801.8130555555556,0,0.0,0.0,0,2020,27,Alexander Rossi,231.268,575fd17a6f1be1f5d174cf43e422efde3970314f41803aa9ca4bbb59ff72b75a
PRIMARY_LOYO_2020,PRIMARY,HIST_GRADIENT_BOOSTING,2020,c9ee13fe-3b9e-555c-9a7d-a078015b8b91,INDY500_DAY1_2020,66,Fernando Alonso,228.768,231.82251632147063,3.0545163214706577,3.0545163214706577,599dee972901168e7297d02344e29079cd45fe0f34813db733b15470fcaab806,2020,66,Fernando Alonso,228.768,27.099173058403885,64.1634027401156,0.9642300313642996,0.4035496091464736,0.9149577656688468,986.8076388888888,0.0,812.1963888888889,0,0.0,0.0,0,2020,66,Fernando Alonso,228.768,575fd17a6f1be1f5d174cf43e422efde3970314f41803aa9ca4bbb59ff72b75a
PRIMARY_LOYO_2020,PRIMARY,HIST_GRADIENT_BOOSTING,2020,d155ad85-3d5c-5b55-95d6-40ba696a0bde,INDY500_DAY1_2020,28,Ryan Hunter-Reay,231.33,230.48620334816508,-0.8437966518349356,0.8437966518349356,599dee972901168e7297d02344e29079cd45fe0f34813db733b15470fcaab806,2020,28,Ryan Hunter-Reay,231.33,27.22733569675024,63.46321268362337,0.9569228744814556,0.4587091192222797,0.8885864864729377,986.8136111111112,0.0,819.5376388888889,0,0.0,0.0,0,2020,28,Ryan Hunter-Reay,231.33,575fd17a6f1be1f5d174cf43e422efde3970314f41803aa9ca4bbb59ff72b75a
PRIMARY_LOYO_2020,PRIMARY,HIST_GRADIENT_BOOSTING,2020,518373d9-25de-58cf-8315-f6c215b6f672,INDY500_DAY1_2020,8,Marcus Ericsson,230.472,230.5133635122687,0.041363512268731,0.041363512268731,599dee972901168e7297d02344e29079cd45fe0f34813db733b15470fcaab806,2020,8,Marcus Ericsson,230.472,27.460987599690775,62.18621359330862,0.9362099434264856,0.5573261889382664,0.8302936342785893,986.8441666666666,0.0,831.7445833333334,0,0.0,0.0,0,2020,8,Marcus Ericsson,230.472,575fd17a6f1be1f5d174cf43e422efde3970314f41803aa9ca4bbb59ff72b75a
PRIMARY_LOYO_2020,PRIMARY,HIST_GRADIENT_BOOSTING,2020,72b65040-5363-5722-b1cd-297bffa2af77,INDY500_DAY1_2020,7,Oliver Askew,229.76,230.44773274435957,0.6877327443595789,0.6877327443595789,599dee972901168e7297d02344e29079cd45fe0f34813db733b15470fcaab806,2020,7,Oliver Askew,229.76,27.5884340922038,61.48966863495512,0.9249119810328654,0.608113496405479,0.7938500963591952,986.8608333333332,0.0,838.4029166666667,0,0.0,0.0,0,2020,7,Oliver Askew,229.76,575fd17a6f1be1f5d174cf43e422efde3970314f41803aa9ca4bbb59ff72b75a
PRIMARY_LOYO_2020,PRIMARY,HIST_GRADIENT_BOOSTING,2020,6041dd38-4b6d-5e38-81fd-8006cbe0bafd,INDY500_DAY1_2020,10,Felix Rosenqvist,230.254,230.44773274435957,0.1937327443595791,0.1937327443595791,599dee972901168e7297d02344e29079cd45fe0f34813db733b15470fcaab806,2020,10,Felix Rosenqvist,230.254,27.694639502631315,60.90921450299387,0.9154970123715154,0.648629253589497,0.7611045206723791,986.8747222222222,0.0,843.9515277777778,0,0.0,0.0,0,2020,10,Felix Rosenqvist,230.254,575fd17a6f1be1f5d174cf43e422efde3970314f41803aa9ca4bbb59ff72b75a
PRIMARY_LOYO_2020,PRIMARY,HIST_GRADIENT_BOOSTING,2020,9a2e168d-3dda-5e76-8daf-588c20d91341,INDY500_DAY1_2020,20,Ed Carpenter,229.811,230.35185016901207,0.5408501690120602,0.5408501690120602,599dee972901168e7297d02344e29079cd45fe0f34813db733b15470fcaab806,2020,20,Ed Carpenter,229.811,27.822085995144334,60.21266954464038,0.9041990499778952,0.6949152900072635,0.7190916073172603,986.8913888888889,0.0,850.6098611111112,0,0.0,0.0,0,2020,20,Ed Carpenter,229.811,575fd17a6f1be1f5d174cf43e422efde3970314f41803aa9ca4bbb59ff72b75a
PRIMARY_LOYO_2020,PRIMARY,HIST_GRADIENT_BOOSTING,2020,917d4c7e-5c5e-5976-aa32-50a7bc958440,INDY500_DAY1_2020,29,James Hinchcliffe,231.195,230.3042289974046,-0.8907710025953861,0.8907710025953861,599dee972901168e7297d02344e29079cd45fe0f34813db733b15470fcaab806,2020,29,James Hinchcliffe,231.195,28.140418794420057,58.311064599144075,0.7810125152607102,0.6927622500904934,0.721166045269435,987.5,0.0,865.1990277777778,0,0.0,0.0,0,2020,29,James Hinchcliffe,231.195,575fd17a6f1be1f5d174cf43e422efde3970314f41803aa9ca4bbb59ff72b75a
PRIMARY_LOYO_2020,PRIMARY,HIST_GRADIENT_BOOSTING,2020,a3016f3b-449e-576c-bf0f-284c71eddb34,INDY500_DAY1_2020,81,Ben Hanley,220.946,230.3042289974046,9.35822899740461,9.35822899740461,599dee972901168e7297d02344e29079cd45fe0f34813db733b15470fcaab806,2020,81,Ben Hanley,220.946,28.243438932630777,57.76860102152903,0.7652868167069705,0.7379497348224945,0.6748556800349317,987.5,0.0,870.4559722222223,0,0.0,0.0,0,2020,81,Ben Hanley,220.946,575fd17a6f1be1f5d174cf43e422efde3970314f41803aa9ca4bbb59ff72b75a
PRIMARY_LOYO_2020,PRIMARY,HIST_GRADIENT_BOOSTING,2020,e2cf6770-902a-5a11-8e7c-27e4441f0b5e,INDY500_DAY1_2020,51,James Davison,228.747,230.3042289974046,1.557228997404593,1.557228997404593,599dee972901168e7297d02344e29079cd45fe0f34813db733b15470fcaab806,2020,51,James Davison,228.747,28.367063098483637,57.11764472839097,0.746415978442483,0.7880808704767984,0.6155717192890944,987.5,0.0,876.7643055555556,0,0.0,0.0,0,2020,51,James Davison,228.747,575fd17a6f1be1f5d174cf43e422efde3970314f41803aa9ca4bbb59ff72b75a
PRIMARY_LOYO_2020,PRIMARY,HIST_GRADIENT_BOOSTING,2020,b3ac1729-6563-5819-a04b-0f76aeae5b0f,INDY500_DAY1_2020,55,Alex Palou,231.034,230.3042289974046,-0.7297710025953847,0.7297710025953847,599dee972901168e7297d02344e29079cd45fe0f34813db733b15470fcaab806,2020,55,Alex Palou,231.034,28.470083236694357,56.575181150775926,0.7306902798887434,0.8262400677841819,0.5633181608895549,987.5,0.0,882.02125,0,0.0,0.0,0,2020,55,Alex Palou,231.034,575fd17a6f1be1f5d174cf43e422efde3970314f41803aa9ca4bbb59ff72b75a
PRIMARY_LOYO_2020,PRIMARY,HIST_GRADIENT_BOOSTING,2020,a7f0ef57-a971-5870-9606-1fe1cd378e2a,INDY500_DAY1_2020,47,Conor Daly,229.884,230.31664730622143,0.4326473062214688,0.4326473062214688,599dee972901168e7297d02344e29079cd45fe0f34813db733b15470fcaab806,2020,47,Conor Daly,229.884,28.77914365132652,54.94779041793079,0.6835131842275244,0.9193970384181984,0.3933307587105863,987.5,0.0,897.7920833333334,0,0.0,0.0,0,2020,47,Conor Daly,229.884,575fd17a6f1be1f5d174cf43e422efde3970314f41803aa9ca4bbb59ff72b75a
PRIMARY_LOYO_2020,PRIMARY,HIST_GRADIENT_BOOSTING,2020,2fb75f25-92ad-5b41-90a1-3a1457ae8012,INDY500_DAY1_2020,22,Simon Pagenaud,228.836,230.31664730622143,1.4806473062214422,1.4806473062214422,599dee972901168e7297d02344e29079cd45fe0f34813db733b15470fcaab806,2020,22,Simon Pagenaud,228.836,29.0031318664551,53.9115225394693,0.6610433415957542,0.9168179982843506,0.3993053443442455,987.4545,0.0,902.1233333333332,0,0.0,0.0,0,2020,22,Simon Pagenaud,228.836,575fd17a6f1be1f5d174cf43e422efde3970314f41803aa9ca4bbb59ff72b75a
PRIMARY_LOYO_2020,PRIMARY,HIST_GRADIENT_BOOSTING,2020,f50bf607-2eaa-51a1-a6d0-2049fcaf3dcd,INDY500_DAY1_2020,98,Marco Andretti,231.351,230.31664730622143,-1.034352693778544,1.034352693778544,599dee972901168e7297d02344e29079cd45fe0f34813db733b15470fcaab806,2020,98,Marco Andretti,231.351,29.10209744771324,53.468809133639475,0.6523553384409545,0.9092960053154348,0.4161499425896784,987.4295833333332,0.0,903.2861111111112,0,0.0,0.0,0,2020,98,Marco Andretti,231.351,575fd17a6f1be1f5d174cf43e422efde3970314f41803aa9ca4bbb59ff72b75a
PRIMARY_LOYO_2020,PRIMARY,HIST_GRADIENT_BOOSTING,2020,cbdbf766-10d3-516e-83ad-3cb56f8c02fb,INDY500_DAY1_2020,14,Tony Kanaan,229.154,230.33979351589204,1.185793515892044,1.185793515892044,599dee972901168e7297d02344e29079cd45fe0f34813db733b15470fcaab806,2020,14,Tony Kanaan,229.154,29.201394017537456,53.0246150809674,0.6436382784194163,0.9014378515627476,0.4329085351086735,987.4045833333332,0.0,904.4527777777778,0,0.0,0.0,0,2020,14,Tony Kanaan,229.154,575fd17a6f1be1f5d174cf43e422efde3970314f41803aa9ca4bbb59ff72b75a
PRIMARY_LOYO_2020,PRIMARY,HIST_GRADIENT_BOOSTING,2020,9ed5a76f-1d6e-5759-8ffc-9c1344b26bfc,INDY500_DAY1_2020,88,Colton Herta,230.56,230.35769426679465,-0.2023057332053781,0.2023057332053781,599dee972901168e7297d02344e29079cd45fe0f34813db733b15470fcaab806,2020,88,Colton Herta,230.56,29.300690587361675,52.580421028295326,0.6349212183978782,0.8932708642974155,0.4495188127290651,987.3795833333334,0.0,905.6194444444444,0,0.0,0.0,0,2020,88,Colton Herta,230.56,575fd17a6f1be1f5d174cf43e422efde3970314f41803aa9ca4bbb59ff72b75a
PRIMARY_LOYO_2020,PRIMARY,HIST_GRADIENT_BOOSTING,2020,75519828-93ba-5485-a4bf-a06b93f7cec3,INDY500_DAY1_2020,59,Max Chilton,225.819,230.35769426679465,4.538694266794636,4.538694266794636,599dee972901168e7297d02344e29079cd45fe0f34813db733b15470fcaab806,2020,59,Max Chilton,225.819,29.399987157185898,52.13622697562326,0.62620415837634,0.8847978415374718,0.4659750847530702,987.3545833333334,0.0,906.7861111111112,0,0.0,0.0,0,2020,59,Max Chilton,225.819,575fd17a6f1be1f5d174cf43e422efde3970314f41803aa9ca4bbb59ff72b75a
PRIMARY_LOYO_2020,PRIMARY,HIST_GRADIENT_BOOSTING,2020,f2f5d37e-6270-5e2d-8ae0-2e63cea098b3,INDY500_DAY1_2020,3,Helio Castroneves,228.115,230.33979351589204,2.2247935158920313,2.2247935158920313,599dee972901168e7297d02344e29079cd45fe0f34813db733b15470fcaab806,2020,3,Helio Castroneves,228.115,29.336611684163437,53.02135671063407,0.7062880825456634,0.941535662489711,0.3369133364235691,987.6431944444444,0.0,909.6333333333332,0,0.0,0.0,0,2020,3,Helio Castroneves,228.115,575fd17a6f1be1f5d174cf43e422efde3970314f41803aa9ca4bbb59ff72b75a
PRIMARY_LOYO_2020,PRIMARY,HIST_GRADIENT_BOOSTING,2020,1a120ea2-c723-5585-8ec6-30169bb44ca7,INDY500_DAY1_2020,67,JR Hildebrand,226.341,230.35769426679465,4.016694266794616,4.016694266794616,599dee972901168e7297d02344e29079cd45fe0f34813db733b15470fcaab806,2020,67,JR Hildebrand,226.341,29.42403182983401,52.60058148653203,0.6973318609909953,0.9362808958368734,0.3512521659590186,987.63625,0.0,911.3,0,0.0,0.0,0,2020,67,JR Hildebrand,226.341,575fd17a6f1be1f5d174cf43e422efde3970314f41803aa9ca4bbb59ff72b75a
PRIMARY_LOYO_2020,PRIMARY,HIST_GRADIENT_BOOSTING,2020,e7089fb7-0048-5bb8-8589-cc5bbc59a6cd,INDY500_DAY1_2020,60,Jack Harvey,229.757,230.97305499937244,1.2160549993724317,1.2160549993724317,599dee972901168e7297d02344e29079cd45fe0f34813db733b15470fcaab806,2020,60,Jack Harvey,229.757,29.791196441650417,50.833325545303495,0.6597157304613889,0.9118416375694134,0.4105421147637969,987.6070833333332,0.0,918.3,1,9300.0,229.861,1,2020,60,Jack Harvey,229.757,575fd17a6f1be1f5d174cf43e422efde3970314f41803aa9ca4bbb59ff72b75a
PRIMARY_LOYO_2020,PRIMARY,HIST_GRADIENT_BOOSTING,2020,33a57398-b346-53e3-b5e5-369a3ca71efc,INDY500_DAY1_2020,9,Scott Dixon,231.053,231.45437065798689,0.4013706579868881,0.4013706579868881,599dee972901168e7297d02344e29079cd45fe0f34813db733b15470fcaab806,2020,9,Scott Dixon,231.053,29.892552947998073,50.34268970241196,0.6517202646821766,0.9010032763090552,0.4338122820764165,987.59125,0.0,919.15,1,9300.0,231.094,1,2020,9,Scott Dixon,231.053,575fd17a6f1be1f5d174cf43e422efde3970314f41803aa9ca4bbb59ff72b75a
PRIMARY_LOYO_2020,PRIMARY,HIST_GRADIENT_BOOSTING,2020,25ddda12-052a-5d71-ac52-6e96cf8edab9,INDY500_DAY1_2020,8,Marcus Ericsson,230.566,231.0835538459448,0.517553845944775,0.517553845944775,599dee972901168e7297d02344e29079cd45fe0f34813db733b15470fcaab806,2020,8,Marcus Ericsson,230.566,30.14985427856448,49.04551506703226,0.6757844023759955,0.7888755835892055,0.614552938010055,987.4065277777778,0.0,901.2055555555556,1,7400.0,230.472,1,2020,8,Marcus Ericsson,230.566,575fd17a6f1be1f5d174cf43e422efde3970314f41803aa9ca4bbb59ff72b75a
PRIMARY_LOYO_2020,PRIMARY,HIST_GRADIENT_BOOSTING,2020,893c5471-df02-55c0-946f-0af9d0a835d9,INDY500_DAY1_2020,20,Ed Carpenter,230.211,231.81242962675404,1.601429626754026,1.601429626754026,599dee972901168e7297d02344e29079cd45fe0f34813db733b15470fcaab806,2020,20,Ed Carpenter,230.211,30.598664855957058,49.19854736143741,0.4660636925232029,0.26079573506123,0.9653940048363014,986.8791666666666,0.0,870.9166666666666,1,8405.0,229.811,1,2020,20,Ed Carpenter,230.211,575fd17a6f1be1f5d174cf43e422efde3970314f41803aa9ca4bbb59ff72b75a
PRIMARY_LOYO_2020,PRIMARY,HIST_GRADIENT_BOOSTING,2020,df3c02a3-9655-512c-a2e6-4ffe9eadc505,INDY500_DAY1_2020,47,Conor Daly,229.955,231.72648674737204,1.7714867473720233,1.7714867473720233,599dee972901168e7297d02344e29079cd45fe0f34813db733b15470fcaab806,2020,47,Conor Daly,229.955,30.8594549391005,47.87701858327823,0.4825775194057888,0.1123050032137783,0.9936737826133653,986.8986111111112,0.0,862.0972222222222,1,7355.0,229.884,1,2020,47,Conor Daly,229.955,575fd17a6f1be1f5d174cf43e422efde3970314f41803aa9ca4bbb59ff72b75a
PRIMARY_LOYO_2020,PRIMARY,HIST_GRADIENT_BOOSTING,2020,0817e595-17c0-5e20-94bc-6778006bf613,INDY500_DAY1_2020,88,Colton Herta,230.775,232.10005030130316,1.3250503013031505,1.3250503013031505,599dee972901168e7297d02344e29079cd45fe0f34813db733b15470fcaab806,2020,88,Colton Herta,230.775,30.917466311984615,47.58265856654378,0.489769109465171,0.026244983739512,0.9996555410882856,986.8902777777778,0.0,856.6805555555555,1,6105.0,230.56,1,2020,88,Colton Herta,230.775,575fd17a6f1be1f5d174cf43e422efde3970314f41803aa9ca4bbb59ff72b75a
PRIMARY_LOYO_2020,PRIMARY,HIST_GRADIENT_BOOSTING,2020,b4a08fbf-93db-50a2-9416-96b3b9d1b41a,INDY500_DAY1_2020,9,Scott Dixon,231.155,232.07529691498183,0.920296914981833,0.920296914981833,599dee972901168e7297d02344e29079cd45fe0f34813db733b15470fcaab806,2020,9,Scott Dixon,231.155,31.02382049560549,47.04299853586396,0.5029536912407051,-0.1315758217374553,0.9913061097028067,986.875,0.0,846.75,2,4455.0,231.094,1,2020,9,Scott Dixon,231.155,575fd17a6f1be1f5d174cf43e422efde3970314f41803aa9ca4bbb59ff72b75a
PRIMARY_LOYO_2020,PRIMARY,HIST_GRADIENT_BOOSTING,2020,b58b5c13-1a21-50cf-ab5b-8962cc4486f0,INDY500_DAY1_2020,81,Ben Hanley,222.917,230.58148171989345,7.664481719893445,7.664481719893445,599dee972901168e7297d02344e29079cd45fe0f34813db733b15470fcaab806,2020,81,Ben Hanley,222.917,30.73566080729169,49.20791641445687,0.6662215467130082,0.8040706700148736,0.5945337312733671,986.8625,0.0,782.1666666666666,1,10455.0,220.946,1,2020,81,Ben Hanley,222.917,575fd17a6f1be1f5d174cf43e422efde3970314f41803aa9ca4bbb59ff72b75a
PRIMARY_LOYO_2020,PRIMARY,HIST_GRADIENT_BOOSTING,2020,7799cc62-18bb-568d-9de2-16cb3622a0de,INDY500_DAY1_2020,3,Helio Castroneves,228.373,230.34606891105875,1.9730689110587605,1.9730689110587605,599dee972901168e7297d02344e29079cd45fe0f34813db733b15470fcaab806,2020,3,Helio Castroneves,228.373,30.852034505208355,48.557911833457496,0.5818249335712294,0.8247972578309323,0.5654285838853345,986.9875,0.0,773.8333333333334,1,7505.0,228.115,1,2020,3,Helio Castroneves,228.373,575fd17a6f1be1f5d174cf43e422efde3970314f41803aa9ca4bbb59ff72b75a
PRIMARY_LOYO_2020,PRIMARY,HIST_GRADIENT_BOOSTING,2020,fb65c8cf-d1c6-583e-9563-6c22e29bb081,INDY500_DAY1_2020,59,Max Chilton,227.303,230.45715258324628,3.1541525832462867,3.1541525832462867,599dee972901168e7297d02344e29079cd45fe0f34813db733b15470fcaab806,2020,59,Max Chilton,227.303,31.222568766276066,46.44564110515947,0.4858239877947036,0.674588891392705,0.7381936247418839,987.1333333333332,0.0,731.1833333333334,1,9655.0,225.819,1,2020,59,Max Chilton,227.303,575fd17a6f1be1f5d174cf43e422efde3970314f41803aa9ca4bbb59ff72b75a
PRIMARY_LOYO_2020,PRIMARY,HIST_GRADIENT_BOOSTING,2020,757828a3-822d-5bd8-b9f0-681a6918b48b,INDY500_DAY1_2020,5,Pato O'Ward,230.213,231.6184834643595,1.40548346435952,1.40548346435952,599dee972901168e7297d02344e29079cd45fe0f34813db733b15470fcaab806,2020,5,Pato O'Ward,230.213,31.322068786621116,45.83656701040998,0.6295622216421046,0.3353225778423379,0.9421033747891836,986.925,0.0,703.9125,1,17255.0,229.902,1,2020,5,Pato O'Ward,230.213,575fd17a6f1be1f5d174cf43e422efde3970314f41803aa9ca4bbb59ff72b75a
PRIMARY_LOYO_2021,PRIMARY,MEAN_BASELINE,2021,d21081ad-a290-598a-a343-73123d94cb55,INDY500_DAY1_2021,9,Scott Dixon,231.828,230.64585074626868,-1.1821492537313247,1.1821492537313247,599dee972901168e7297d02344e29079cd45fe0f34813db733b15470fcaab806,2021,9,Scott Dixon,231.828,24.50597290039065,54.31380381865469,2.1681311627761493,-0.2591639758753955,-0.9658333363518042,1001.2106666666668,100.0,431.48,0,0.0,0.0,0,2021,9,Scott Dixon,231.828,575fd17a6f1be1f5d174cf43e422efde3970314f41803aa9ca4bbb59ff72b75a
PRIMARY_LOYO_2021,PRIMARY,MEAN_BASELINE,2021,c2deab22-d3a0-5601-80f8-4cbf631c8f88,INDY500_DAY1_2021,98,Marco Andretti,229.261,230.64585074626868,1.3848507462686823,1.3848507462686823,599dee972901168e7297d02344e29079cd45fe0f34813db733b15470fcaab806,2021,98,Marco Andretti,229.261,24.65346817016604,53.51708988853375,2.18617055966519,-0.3057356554977253,-0.9521164366596012,1001.2384444444444,100.0,453.56333333333333,0,0.0,0.0,0,2021,98,Marco Andretti,229.261,575fd17a6f1be1f5d174cf43e422efde3970314f41803aa9ca4bbb59ff72b75a
PRIMARY_LOYO_2021,PRIMARY,MEAN_BASELINE,2021,88cb337e-a17d-5daf-a5c7-2770ed90181f,INDY500_DAY1_2021,28,Ryan Hunter-Reay,231.139,230.64585074626868,-0.4931492537313318,0.4931492537313318,599dee972901168e7297d02344e29079cd45fe0f34813db733b15470fcaab806,2021,28,Ryan Hunter-Reay,231.139,24.83046249389651,52.561033172388626,2.207817835932039,-0.3606608805852141,-0.9326970189807072,1001.271777777778,100.0,480.06333333333333,0,0.0,0.0,0,2021,28,Ryan Hunter-Reay,231.139,575fd17a6f1be1f5d174cf43e422efde3970314f41803aa9ca4bbb59ff72b75a
PRIMARY_LOYO_2021,PRIMARY,MEAN_BASELINE,2021,c52b77d3-be73-50d2-86d6-940d8843fb36,INDY500_DAY1_2021,6,Helio Castroneves,231.164,230.64585074626868,-0.518149253731309,0.518149253731309,599dee972901168e7297d02344e29079cd45fe0f34813db733b15470fcaab806,2021,6,Helio Castroneves,231.164,24.9779577636719,51.76431924226769,2.2258572328210797,-0.4055046576663537,-0.914092978099544,1001.2995555555556,100.0,502.14666666666665,0,0.0,0.0,0,2021,6,Helio Castroneves,231.164,575fd17a6f1be1f5d174cf43e422efde3970314f41803aa9ca4bbb59ff72b75a
PRIMARY_LOYO_2021,PRIMARY,MEAN_BASELINE,2021,4e9e7c88-ddeb-5840-93be-4f539f6eaf04,INDY500_DAY1_2021,18,Ed Jones,230.246,230.64585074626868,0.3998507462686689,0.3998507462686689,599dee972901168e7297d02344e29079cd45fe0f34813db733b15470fcaab806,2021,18,Ed Jones,230.246,25.154952087402368,50.80826252612257,2.247504509087929,-0.4580463821060804,-0.8889282939807521,1001.3328888888888,100.0,528.6466666666666,0,0.0,0.0,0,2021,18,Ed Jones,230.246,575fd17a6f1be1f5d174cf43e422efde3970314f41803aa9ca4bbb59ff72b75a
PRIMARY_LOYO_2021,PRIMARY,MEAN_BASELINE,2021,95cca25b-de13-5fc7-81bf-9426674aa35c,INDY500_DAY1_2021,29,James Hinchcliffe,230.563,230.64585074626868,0.08285074626869,0.08285074626869,599dee972901168e7297d02344e29079cd45fe0f34813db733b15470fcaab806,2021,29,James Hinchcliffe,230.563,25.331946411132837,49.85220580997745,2.269151785354778,-0.5090335456165239,-0.8607466813395624,1001.3662222222224,100.0,555.1466666666666,0,0.0,0.0,0,2021,29,James Hinchcliffe,230.563,575fd17a6f1be1f5d174cf43e422efde3970314f41803aa9ca4bbb59ff72b75a
PRIMARY_LOYO_2021,PRIMARY,MEAN_BASELINE,2021,8c31470a-6324-527c-bfc3-fe19d8c1dc4d,INDY500_DAY1_2021,25,Stefan Wilson,229.714,230.64585074626868,0.9318507462686796,0.9318507462686796,599dee972901168e7297d02344e29079cd45fe0f34813db733b15470fcaab806,2021,25,Stefan Wilson,229.714,25.508940734863305,48.89614909383233,2.2907990616216267,-0.558293103162542,-0.8296437855858014,1001.3995555555556,100.0,581.6466666666666,0,0.0,0.0,0,2021,25,Stefan Wilson,229.714,575fd17a6f1be1f5d174cf43e422efde3970314f41803aa9ca4bbb59ff72b75a
PRIMARY_LOYO_2021,PRIMARY,MEAN_BASELINE,2021,6b431530-73f9-5f7c-9847-5092f30c1cb4,INDY500_DAY1_2021,48,Tony Kanaan,231.639,230.64585074626868,-0.9931492537313318,0.9931492537313318,599dee972901168e7297d02344e29079cd45fe0f34813db733b15470fcaab806,2021,48,Tony Kanaan,231.639,25.83646418253583,47.899937668535166,2.8147723099802575,-0.3485565687258541,-0.9372877457846436,1001.5705,100.0,782.2966666666666,0,0.0,0.0,0,2021,48,Tony Kanaan,231.639,575fd17a6f1be1f5d174cf43e422efde3970314f41803aa9ca4bbb59ff72b75a
PRIMARY_LOYO_2021,PRIMARY,MEAN_BASELINE,2021,c4c9ba22-d28c-5937-b36c-72fffbbb67b5,INDY500_DAY1_2021,2,Josef Newgarden,230.049,230.64585074626868,0.5968507462686716,0.5968507462686716,599dee972901168e7297d02344e29079cd45fe0f34813db733b15470fcaab806,2021,2,Josef Newgarden,230.049,25.9818677266439,46.57775626689332,2.9028148015884456,-0.3927598269975909,-0.9196410812359476,1001.5955,100.0,770.4633333333334,0,0.0,0.0,0,2021,2,Josef Newgarden,230.049,575fd17a6f1be1f5d174cf43e422efde3970314f41803aa9ca4bbb59ff72b75a
PRIMARY_LOYO_2021,PRIMARY,MEAN_BASELINE,2021,407a503c-1695-5af6-9b88-28e9d802c8d1,INDY500_DAY1_2021,21,Rinus VeeKay,230.841,230.64585074626868,-0.1951492537313299,0.1951492537313299,599dee972901168e7297d02344e29079cd45fe0f34813db733b15470fcaab806,2021,21,Rinus VeeKay,230.841,26.103037346733963,45.47593843219177,2.976183544595269,-0.4289204099235092,-0.9033422839384022,1001.6163333333334,100.0,760.6022222222223,0,0.0,0.0,0,2021,21,Rinus VeeKay,230.841,575fd17a6f1be1f5d174cf43e422efde3970314f41803aa9ca4bbb59ff72b75a
PRIMARY_LOYO_2021,PRIMARY,MEAN_BASELINE,2021,20b68ba3-153d-53cd-9ef8-e81c295271bf,INDY500_DAY1_2021,3,Scott McLaughlin,230.557,230.64585074626868,0.0888507462686902,0.0888507462686902,599dee972901168e7297d02344e29079cd45fe0f34813db733b15470fcaab806,2021,3,Scott McLaughlin,230.557,26.248440890842037,44.15375703054992,3.064226036203457,-0.4714174486813449,-0.8819101933183284,1001.6413333333334,100.0,748.7688888888889,0,0.0,0.0,0,2021,3,Scott McLaughlin,230.557,575fd17a6f1be1f5d174cf43e422efde3970314f41803aa9ca4bbb59ff72b75a
PRIMARY_LOYO_2021,PRIMARY,MEAN_BASELINE,2021,0e1c6c84-a0db-504e-9da0-b66aa65a338c,INDY500_DAY1_2021,30,Takuma Sato,230.708,230.64585074626868,-0.0621492537313201,0.0621492537313201,599dee972901168e7297d02344e29079cd45fe0f34813db733b15470fcaab806,2021,30,Takuma Sato,230.708,26.369610510932095,43.05193919584838,3.1375947792102803,-0.5060198917126848,-0.8625218079510122,1001.6621666666668,100.0,738.9077777777777,0,0.0,0.0,0,2021,30,Takuma Sato,230.708,575fd17a6f1be1f5d174cf43e422efde3970314f41803aa9ca4bbb59ff72b75a
PRIMARY_LOYO_2021,PRIMARY,MEAN_BASELINE,2021,8ea0aaac-52bc-55eb-a43e-39b83d6e866a,INDY500_DAY1_2021,45,Santino Ferrucci,229.949,230.64585074626868,0.6968507462686659,0.6968507462686659,599dee972901168e7297d02344e29079cd45fe0f34813db733b15470fcaab806,2021,45,Santino Ferrucci,229.949,26.51501405504017,41.72975779420653,3.225637270818468,-0.5464872812361112,-0.8374674032146944,1001.6871666666668,100.0,727.0744444444445,0,0.0,0.0,0,2021,45,Santino Ferrucci,229.949,575fd17a6f1be1f5d174cf43e422efde3970314f41803aa9ca4bbb59ff72b75a
PRIMARY_LOYO_2021,PRIMARY,MEAN_BASELINE,2021,98202c3a-5d68-52fe-91b3-2d520c933594,INDY500_DAY1_2021,51,Pietro Fittipaldi,230.846,230.64585074626868,-0.2001492537313254,0.2001492537313254,599dee972901168e7297d02344e29079cd45fe0f34813db733b15470fcaab806,2021,51,Pietro Fittipaldi,230.846,26.704693298339865,40.750593905885495,3.288022456268951,-0.6221641899534415,-0.7828867866681478,1001.623,100.0,732.55,0,0.0,0.0,0,2021,51,Pietro Fittipaldi,230.846,575fd17a6f1be1f5d174cf43e422efde3970314f41803aa9ca4bbb59ff72b75a
PRIMARY_LOYO_2021,PRIMARY,MEAN_BASELINE,2021,11bd473d-0cf3-56e2-9aa9-fb4487870c59,INDY500_DAY1_2021,86,Juan Pablo Montoya,229.891,230.64585074626868,0.7548507462686871,0.7548507462686871,599dee972901168e7297d02344e29079cd45fe0f34813db733b15470fcaab806,2021,86,Juan Pablo Montoya,229.891,26.791843872070334,40.52298473759392,3.301045213661587,-0.6621656411093614,-0.7493575006191827,1001.5646666666668,100.0,741.3,0,0.0,0.0,0,2021,86,Juan Pablo Montoya,229.891,575fd17a6f1be1f5d174cf43e422efde3970314f41803aa9ca4bbb59ff72b75a
PRIMARY_LOYO_2021,PRIMARY,MEAN_BASELINE,2021,f31f214f-a151-5b1d-afaf-bb7103c2d514,INDY500_DAY1_2021,1,JR Hildebrand,229.98,230.64585074626868,0.6658507462686885,0.6658507462686885,599dee972901168e7297d02344e29079cd45fe0f34813db733b15470fcaab806,2021,1,JR Hildebrand,229.98,26.878994445800803,40.295375569302344,3.314067971054223,-0.7003631351285774,-0.7137867181118391,1001.5063333333334,100.0,750.05,0,0.0,0.0,0,2021,1,JR Hildebrand,229.98,575fd17a6f1be1f5d174cf43e422efde3970314f41803aa9ca4bbb59ff72b75a
PRIMARY_LOYO_2021,PRIMARY,MEAN_BASELINE,2021,6992580a-0371-5eda-b01d-2adaca099ff4,INDY500_DAY1_2021,12,Will Power,229.052,230.64585074626868,1.5938507462686855,1.5938507462686855,599dee972901168e7297d02344e29079cd45fe0f34813db733b15470fcaab806,2021,12,Will Power,229.052,26.96614501953127,40.067766401010765,3.327090728446859,-0.7366526094659158,-0.6762713456646355,1001.448,100.0,758.8,0,0.0,0.0,0,2021,12,Will Power,229.052,575fd17a6f1be1f5d174cf43e422efde3970314f41803aa9ca4bbb59ff72b75a
PRIMARY_LOYO_2021,PRIMARY,MEAN_BASELINE,2021,bcd24d81-7b19-5290-b6d7-b3ce5ce41195,INDY500_DAY1_2021,20,Ed Carpenter,231.616,230.64585074626868,-0.9701492537313356,0.9701492537313356,599dee972901168e7297d02344e29079cd45fe0f34813db733b15470fcaab806,2021,20,Ed Carpenter,231.616,27.03877049764,39.87809209410112,3.3379430262740555,-0.7653648346820955,-0.6435966670454786,1001.3993888888888,100.0,766.0916666666667,0,0.0,0.0,0,2021,20,Ed Carpenter,231.616,575fd17a6f1be1f5d174cf43e422efde3970314f41803aa9ca4bbb59ff72b75a
PRIMARY_LOYO_2021,PRIMARY,MEAN_BASELINE,2021,258b87c8-7f46-5d1a-b0b9-73c0b2a871dc,INDY500_DAY1_2021,5,Pato O'Ward,230.864,230.64585074626868,-0.2181492537313261,0.2181492537313261,599dee972901168e7297d02344e29079cd45fe0f34813db733b15470fcaab806,2021,5,Pato O'Ward,230.864,27.46373124864369,39.06805841164744,3.1021942897357113,-0.9278553524522124,-0.3729402699170209,1001.2410555555556,100.0,837.7188888888888,0,0.0,0.0,0,2021,5,Pato O'Ward,230.864,575fd17a6f1be1f5d174cf43e422efde3970314f41803aa9ca4bbb59ff72b75a
PRIMARY_LOYO_2021,PRIMARY,MEAN_BASELINE,2021,4bfd7a23-3f35-5bcf-9655-c286d7ee30ed,INDY500_DAY1_2021,7,Felix Rosenqvist,230.498,230.64585074626868,0.1478507462686877,0.1478507462686877,599dee972901168e7297d02344e29079cd45fe0f34813db733b15470fcaab806,2021,7,Felix Rosenqvist,230.498,27.535330573187956,38.684292588042,3.1314463416344003,-0.9435418859406812,-0.3312532407018875,1001.1827222222222,100.0,835.8855555555556,0,0.0,0.0,0,2021,7,Felix Rosenqvist,230.498,575fd17a6f1be1f5d174cf43e422efde3970314f41803aa9ca4bbb59ff72b75a
PRIMARY_LOYO_2021,PRIMARY,MEAN_BASELINE,2021,a73699bb-b202-59f3-a140-bd7e85f00aff,INDY500_DAY1_2021,59,Max Chilton,229.417,230.64585074626868,1.2288507462686766,1.2288507462686766,599dee972901168e7297d02344e29079cd45fe0f34813db733b15470fcaab806,2021,59,Max Chilton,229.417,27.594996676974848,38.364487735037464,3.1558230515499743,-0.955185306051074,-0.2960084983646854,1001.1341111111112,100.0,834.3577777777778,0,0.0,0.0,0,2021,59,Max Chilton,229.417,575fd17a6f1be1f5d174cf43e422efde3970314f41803aa9ca4bbb59ff72b75a
PRIMARY_LOYO_2021,PRIMARY,MEAN_BASELINE,2021,099ab32a-d351-5011-931c-148b9f3d7921,INDY500_DAY1_2021,4,Dalton Kellett,229.25,230.64585074626868,1.3958507462686782,1.3958507462686782,599dee972901168e7297d02344e29079cd45fe0f34813db733b15470fcaab806,2021,4,Dalton Kellett,229.25,27.66659600151912,37.98072191143202,3.1850751034486633,-0.9674189832762806,-0.2531807867842415,1001.0757777777776,100.0,832.5244444444445,0,0.0,0.0,0,2021,4,Dalton Kellett,229.25,575fd17a6f1be1f5d174cf43e422efde3970314f41803aa9ca4bbb59ff72b75a
PRIMARY_LOYO_2021,PRIMARY,MEAN_BASELINE,2021,11be8bd4-5c39-5bd2-b24f-b6c87f0d885a,INDY500_DAY1_2021,47,Conor Daly,230.427,230.64585074626868,0.2188507462686857,0.2188507462686857,599dee972901168e7297d02344e29079cd45fe0f34813db733b15470fcaab806,2021,47,Conor Daly,230.427,27.726262105306013,37.660917058427486,3.2094518133642373,-0.976148544741374,-0.21710370471113,1001.0271666666666,100.0,830.9966666666667,0,0.0,0.0,0,2021,47,Conor Daly,230.427,575fd17a6f1be1f5d174cf43e422efde3970314f41803aa9ca4bbb59ff72b75a
PRIMARY_LOYO_2021,PRIMARY,MEAN_BASELINE,2021,696a641a-81d7-5a8c-842f-4f3170a4b8e4,INDY500_DAY1_2021,15,Graham Rahal,230.521,230.64585074626868,0.1248507462686916,0.1248507462686916,599dee972901168e7297d02344e29079cd45fe0f34813db733b15470fcaab806,2021,15,Graham Rahal,230.521,27.785928209092905,37.34111220542295,3.2338285232798114,-0.9835332067192823,-0.1807275056002419,1000.9785555555555,100.0,829.4688888888888,0,0.0,0.0,0,2021,15,Graham Rahal,230.521,575fd17a6f1be1f5d174cf43e422efde3970314f41803aa9ca4bbb59ff72b75a
PRIMARY_LOYO_2021,PRIMARY,MEAN_BASELINE,2021,7d5d82b7-9765-51c9-b149-cb7de00d3905,INDY500_DAY1_2021,60,Jack Harvey,225.496,230.64585074626868,5.149850746268669,5.149850746268669,599dee972901168e7297d02344e29079cd45fe0f34813db733b15470fcaab806,2021,60,Jack Harvey,225.496,27.857527533637175,36.95734638181752,3.2630805751785004,-0.990605339652227,-0.1367518228488964,1000.9202222222222,100.0,827.6355555555556,0,0.0,0.0,0,2021,60,Jack Harvey,225.496,575fd17a6f1be1f5d174cf43e422efde3970314f41803aa9ca4bbb59ff72b75a
PRIMARY_LOYO_2021,PRIMARY,MEAN_BASELINE,2021,5f22f207-f450-5086-ab38-14fe980d9fed,INDY500_DAY1_2021,22,Simon Pagenaud,229.778,230.64585074626868,0.8678507462686866,0.8678507462686866,599dee972901168e7297d02344e29079cd45fe0f34813db733b15470fcaab806,2021,22,Simon Pagenaud,229.778,27.918549686008053,36.43710656245649,3.3443363923265768,-0.9915231452022866,-0.1299301832838136,1000.9,100.0,819.195,0,0.0,0.0,0,2021,22,Simon Pagenaud,229.778,575fd17a6f1be1f5d174cf43e422efde3970314f41803aa9ca4bbb59ff72b75a
PRIMARY_LOYO_2021,PRIMARY,MEAN_BASELINE,2021,e9da8645-6367-51bf-8601-3670e9e76c5e,INDY500_DAY1_2021,26,Colton Herta,231.648,230.64585074626868,-1.002149253731318,1.002149253731318,599dee972901168e7297d02344e29079cd45fe0f34813db733b15470fcaab806,2021,26,Colton Herta,231.648,27.942981338501,36.17578929529539,3.392331116211739,-0.9907560888154128,-0.1356553444401872,1000.9,100.0,813.9275,0,0.0,0.0,0,2021,26,Colton Herta,231.648,575fd17a6f1be1f5d174cf43e422efde3970314f41803aa9ca4bbb59ff72b75a
PRIMARY_LOYO_2021,PRIMARY,MEAN_BASELINE,2021,69b27d9b-5386-5a2c-a855-449bb527fca1,INDY500_DAY1_2021,27,Alexander Rossi,231.046,230.64585074626868,-0.400149253731314,0.400149253731314,599dee972901168e7297d02344e29079cd45fe0f34813db733b15470fcaab806,2021,27,Alexander Rossi,231.046,27.967250654432533,35.91620835549084,3.4400069382770666,-0.9899614004220928,-0.1413379838342439,1000.9,100.0,808.695,0,0.0,0.0,0,2021,27,Alexander Rossi,231.046,575fd17a6f1be1f5d174cf43e422efde3970314f41803aa9ca4bbb59ff72b75a
PRIMARY_LOYO_2021,PRIMARY,MEAN_BASELINE,2021,8706f570-3435-5de5-89d4-8c45a08fd99c,INDY500_DAY1_2021,8,Marcus Ericsson,231.104,230.64585074626868,-0.4581492537313352,0.4581492537313352,599dee972901168e7297d02344e29079cd45fe0f34813db733b15470fcaab806,2021,8,Marcus Ericsson,231.104,27.987623892890102,35.69829927224354,3.480029116666355,-0.9892691214899064,-0.1461047749616306,1000.9,100.0,804.3025,0,0.0,0.0,0,2021,8,Marcus Ericsson,231.104,575fd17a6f1be1f5d174cf43e422efde3970314f41803aa9ca4bbb59ff72b75a
PRIMARY_LOYO_2021,PRIMARY,MEAN_BASELINE,2021,8f660bff-74bd-551e-9007-95b730f87e7d,INDY500_DAY1_2021,16,Simona De Silvestro,228.173,230.64585074626868,2.4728507462686764,2.4728507462686764,599dee972901168e7297d02344e29079cd45fe0f34813db733b15470fcaab806,2021,16,Simona De Silvestro,228.173,28.01189320882164,35.43871833243899,3.527704938731682,-0.988414499648534,-0.1517787102479739,1000.9,100.0,799.07,0,0.0,0.0,0,2021,16,Simona De Silvestro,228.173,575fd17a6f1be1f5d174cf43e422efde3970314f41803aa9ca4bbb59ff72b75a
PRIMARY_LOYO_2021,PRIMARY,MEAN_BASELINE,2021,c150c8f9-470c-58e6-8766-44b6b751369f,INDY500_DAY1_2021,11,Charlie Kimball,228.401,230.64585074626868,2.244850746268668,2.244850746268668,599dee972901168e7297d02344e29079cd45fe0f34813db733b15470fcaab806,2021,11,Charlie Kimball,228.401,28.330933973524328,35.428709761176215,3.2218837409123764,-0.997122612311967,-0.0758056463342855,1000.4895555555556,62.992222222222225,925.1383333333332,0,0.0,0.0,0,2021,11,Charlie Kimball,228.401,575fd17a6f1be1f5d174cf43e422efde3970314f41803aa9ca4bbb59ff72b75a
PRIMARY_LOYO_2021,PRIMARY,MEAN_BASELINE,2021,da571070-dc03-5eb8-ac88-efd026c446d8,INDY500_DAY1_2021,14,Sebastien Bourdais,229.744,230.64585074626868,0.9018507462686784,0.9018507462686784,599dee972901168e7297d02344e29079cd45fe0f34813db733b15470fcaab806,2021,14,Sebastien Bourdais,229.744,28.40095011393231,34.8333353221441,3.1802407169933407,-0.99527906012101,-0.0970545850778765,1000.4226666666668,69.34666666666666,919.62,0,0.0,0.0,0,2021,14,Sebastien Bourdais,229.744,575fd17a6f1be1f5d174cf43e422efde3970314f41803aa9ca4bbb59ff72b75a
PRIMARY_LOYO_2021,PRIMARY,MEAN_BASELINE,2021,d676bd2f-154f-5e4b-aaf0-c7335ff329dd,INDY500_DAY1_2021,75,RC Enerson,227.283,230.64585074626868,3.362850746268691,3.362850746268691,599dee972901168e7297d02344e29079cd45fe0f34813db733b15470fcaab806,2021,75,RC Enerson,227.283,28.470733642578143,34.239938871281524,3.13873604199098,-0.9929911169654844,-0.1181890080660622,1000.356,75.68,914.12,0,0.0,0.0,0,2021,75,RC Enerson,227.283,575fd17a6f1be1f5d174cf43e422efde3970314f41803aa9ca4bbb59ff72b75a
PRIMARY_LOYO_2021,PRIMARY,MEAN_BASELINE,2021,2493785c-dc47-5ba6-8d28-5398e7a11983,INDY500_DAY1_2021,2,Josef Newgarden,230.071,230.64585074626868,0.5748507462686803,0.5748507462686803,599dee972901168e7297d02344e29079cd45fe0f34813db733b15470fcaab806,2021,2,Josef Newgarden,230.071,28.52842135959204,33.749397805235134,3.1044255106556946,-0.990760897226283,-0.1356202216757174,1000.300888888889,80.91555555555556,909.5733333333334,1,7550.0,230.049,1,2021,2,Josef Newgarden,230.071,575fd17a6f1be1f5d174cf43e422efde3970314f41803aa9ca4bbb59ff72b75a
PRIMARY_LOYO_2021,PRIMARY,MEAN_BASELINE,2021,c10dbae2-ca30-5e09-88ab-298fcf7fa163,INDY500_DAY1_2021,21,Rinus VeeKay,231.483,230.64585074626868,-0.8371492537313259,0.8371492537313259,599dee972901168e7297d02344e29079cd45fe0f34813db733b15470fcaab806,2021,21,Rinus VeeKay,231.483,28.597972276475716,33.1579793425421,3.0630591845700086,-0.987665294514609,-0.1565799029613013,1000.2344444444444,87.22777777777779,904.0916666666668,1,7599.0,230.841,1,2021,21,Rinus VeeKay,231.483,575fd17a6f1be1f5d174cf43e422efde3970314f41803aa9ca4bbb59ff72b75a
PRIMARY_LOYO_2021,PRIMARY,MEAN_BASELINE,2021,b671a083-ccd6-5511-a882-53e7bf202c19,INDY500_DAY1_2021,98,Marco Andretti,229.872,230.64585074626868,0.7738507462686641,0.7738507462686641,599dee972901168e7297d02344e29079cd45fe0f34813db733b15470fcaab806,2021,98,Marco Andretti,229.872,28.66775580512155,32.56458289167952,3.0215545095676477,-0.9841137596197488,-0.1775390326860083,1000.1677777777778,93.5611111111111,898.5916666666667,1,10149.0,229.261,1,2021,98,Marco Andretti,229.872,575fd17a6f1be1f5d174cf43e422efde3970314f41803aa9ca4bbb59ff72b75a
PRIMARY_LOYO_2021,PRIMARY,MEAN_BASELINE,2021,8ff02437-bce9-5d86-b3c7-906d93963538,INDY500_DAY1_2021,60,Jack Harvey,230.191,230.64585074626868,0.4548507462686757,0.4548507462686757,599dee972901168e7297d02344e29079cd45fe0f34813db733b15470fcaab806,2021,60,Jack Harvey,230.191,28.7199548339844,31.94080694557048,2.997666994566795,-0.979974723213792,-0.1991219271251964,1000.096,100.0,874.88,1,3848.0,225.496,1,2021,60,Jack Harvey,230.191,575fd17a6f1be1f5d174cf43e422efde3970314f41803aa9ca4bbb59ff72b75a
PRIMARY_LOYO_2021,PRIMARY,MEAN_BASELINE,2021,09935cc4-f542-569f-b50c-7460e0663860,INDY500_DAY1_2021,25,Stefan Wilson,229.694,230.64585074626868,0.9518507462686898,0.9518507462686898,599dee972901168e7297d02344e29079cd45fe0f34813db733b15470fcaab806,2021,25,Stefan Wilson,229.694,28.687146606445335,31.904950225372644,3.029707577590337,-0.9798476758142546,-0.1997461694286111,1000.089,100.0,843.17,1,9400.0,229.714,1,2021,25,Stefan Wilson,229.694,575fd17a6f1be1f5d174cf43e422efde3970314f41803aa9ca4bbb59ff72b75a
PRIMARY_LOYO_2021,PRIMARY,MEAN_BASELINE,2021,fb947c1e-3d51-506f-bbbc-12ecbcdce5da,INDY500_DAY1_2021,47,Conor Daly,230.273,230.64585074626868,0.3728507462686821,0.3728507462686821,599dee972901168e7297d02344e29079cd45fe0f34813db733b15470fcaab806,2021,47,Conor Daly,230.273,28.572869915432424,31.11384888719617,3.4606669926655913,-0.962900853182666,-0.2698554185857564,999.3204166666666,94.75972222222222,782.8680555555555,1,7609.0,230.427,1,2021,47,Conor Daly,230.273,575fd17a6f1be1f5d174cf43e422efde3970314f41803aa9ca4bbb59ff72b75a
PRIMARY_LOYO_2021,PRIMARY,MEAN_BASELINE,2021,90108456-7f40-5313-a9ff-43273b65d2f0,INDY500_DAY1_2021,26,Colton Herta,230.229,230.64585074626868,0.4168507462686648,0.4168507462686648,599dee972901168e7297d02344e29079cd45fe0f34813db733b15470fcaab806,2021,26,Colton Herta,230.229,28.732695719401065,29.851836942830563,3.583655879818095,-0.9786781276236316,-0.2053999087417097,999.5105555555556,69.25888888888889,731.7311111111111,1,7969.0,231.648,1,2021,26,Colton Herta,230.229,575fd17a6f1be1f5d174cf43e422efde3970314f41803aa9ca4bbb59ff72b75a
PRIMARY_LOYO_2021,PRIMARY,MEAN_BASELINE,2021,f39f497a-d8a0-55e6-8bd1-ef646a4f6e71,INDY500_DAY1_2021,86,Juan Pablo Montoya,229.737,230.64585074626868,0.9088507462686836,0.9088507462686836,599dee972901168e7297d02344e29079cd45fe0f34813db733b15470fcaab806,2021,86,Juan Pablo Montoya,229.737,28.77489954630536,33.334963559817055,3.148729100454992,-0.9785726345823867,-0.2059019155969325,999.2954166666666,5.770833333333333,666.8416666666667,1,13869.0,229.891,1,2021,86,Juan Pablo Montoya,229.737,575fd17a6f1be1f5d174cf43e422efde3970314f41803aa9ca4bbb59ff72b75a
PRIMARY_LOYO_2021,PRIMARY,MEAN_BASELINE,2021,4085390f-e83a-5315-8def-464aeb920059,INDY500_DAY1_2021,18,Ed Jones,231.044,230.64585074626868,-0.3981492537313329,0.3981492537313329,599dee972901168e7297d02344e29079cd45fe0f34813db733b15470fcaab806,2021,18,Ed Jones,231.044,28.76486495971682,32.92317204124624,3.2004086231596274,-0.9782644104169784,-0.207361383366146,999.28675,5.3375,651.415,1,17281.0,230.246,1,2021,18,Ed Jones,231.044,575fd17a6f1be1f5d174cf43e422efde3970314f41803aa9ca4bbb59ff72b75a
PRIMARY_LOYO_2021,PRIMARY,MEAN_BASELINE,2021,8ac7badc-828c-5c70-bbf4-d92f136c2564,INDY500_DAY1_2021,25,Stefan Wilson,229.632,230.64585074626868,1.0138507462686732,1.0138507462686732,599dee972901168e7297d02344e29079cd45fe0f34813db733b15470fcaab806,2021,25,Stefan Wilson,229.632,28.756213344997853,32.568133840939986,3.244965647542791,-0.9779969184684828,-0.2086193362709974,999.2792777777778,4.963888888888889,638.1144444444444,2,7550.0,229.714,1,2021,25,Stefan Wilson,229.632,575fd17a6f1be1f5d174cf43e422efde3970314f41803aa9ca4bbb59ff72b75a
PRIMARY_LOYO_2021,PRIMARY,MEAN_BASELINE,2021,595096e7-98a7-552c-a5f8-f2f3eeb54d68,INDY500_DAY1_2021,7,Felix Rosenqvist,230.744,230.64585074626868,-0.0981492537313215,0.0981492537313215,599dee972901168e7297d02344e29079cd45fe0f34813db733b15470fcaab806,2021,7,Felix Rosenqvist,230.744,28.738684980604408,31.848818528051854,3.335239172780055,-0.9774500156857168,-0.2111669170016741,999.2641388888889,4.206944444444444,611.1672222222222,1,13545.0,230.498,1,2021,7,Felix Rosenqvist,230.744,575fd17a6f1be1f5d174cf43e422efde3970314f41803aa9ca4bbb59ff72b75a
PRIMARY_LOYO_2021,PRIMARY,MEAN_BASELINE,2021,cb6ab391-510a-562a-a1bc-a173959477a0,INDY500_DAY1_2021,98,Marco Andretti,229.87,230.64585074626868,0.7758507462686737,0.7758507462686737,599dee972901168e7297d02344e29079cd45fe0f34813db733b15470fcaab806,2021,98,Marco Andretti,229.87,28.730998229980493,31.533375666069723,3.374827012287773,-0.9772080878437274,-0.2122836617660579,999.2575,3.875,599.35,2,9035.0,229.872,1,2021,98,Marco Andretti,229.87,575fd17a6f1be1f5d174cf43e422efde3970314f41803aa9ca4bbb59ff72b75a
PRIMARY_LOYO_2021,PRIMARY,MEAN_BASELINE,2021,adc26df0-920d-5dc7-a952-03b3fb57700a,INDY500_DAY1_2021,16,Simona De Silvestro,228.395,230.64585074626868,2.250850746268668,2.250850746268668,599dee972901168e7297d02344e29079cd45fe0f34813db733b15470fcaab806,2021,16,Simona De Silvestro,228.395,28.692510308159743,36.09269790536858,2.950288018829239,-0.9982731139037776,0.0587434256479453,998.5014444444444,51.653333333333336,578.8608333333333,1,11017.0,228.173,1,2021,16,Simona De Silvestro,228.395,575fd17a6f1be1f5d174cf43e422efde3970314f41803aa9ca4bbb59ff72b75a
PRIMARY_LOYO_2021,PRIMARY,MEAN_BASELINE,2021,5aa71106-e201-5143-bb9a-21ccf4063a9e,INDY500_DAY1_2021,12,Will Power,229.228,230.64585074626868,1.4178507462686696,1.4178507462686696,599dee972901168e7297d02344e29079cd45fe0f34813db733b15470fcaab806,2021,12,Will Power,229.228,28.690112304687524,36.0727395012078,2.9562650920022797,-0.998927284632383,0.0463063712352194,998.526,45.760000000000005,567.995,1,15138.0,229.052,1,2021,12,Will Power,229.228,575fd17a6f1be1f5d174cf43e422efde3970314f41803aa9ca4bbb59ff72b75a
PRIMARY_LOYO_2021,PRIMARY,MEAN_BASELINE,2021,a5d8e516-48e0-58b8-ac13-213c753fc12d,INDY500_DAY1_2021,4,Dalton Kellett,228.323,230.64585074626868,2.3228507462686707,2.3228507462686707,599dee972901168e7297d02344e29079cd45fe0f34813db733b15470fcaab806,2021,4,Dalton Kellett,228.323,28.681811523437524,36.00365271757433,2.9769549606781904,-0.9999948421636398,0.0032117979571003,998.611,25.36,530.3824999999999,1,14503.0,229.25,1,2021,4,Dalton Kellett,228.323,575fd17a6f1be1f5d174cf43e422efde3970314f41803aa9ca4bbb59ff72b75a
PRIMARY_LOYO_2021,PRIMARY,MEAN_BASELINE,2021,73af9176-8333-59df-915e-2cc1016f64b2,INDY500_DAY1_2021,16,Simona De Silvestro,228.013,230.64585074626868,2.632850746268673,2.632850746268673,599dee972901168e7297d02344e29079cd45fe0f34813db733b15470fcaab806,2021,16,Simona De Silvestro,228.013,28.678990342881967,35.980172242091065,2.983986811470003,-0.9999345599531324,-0.0114400966488667,998.6398888888888,18.426666666666662,517.5991666666666,2,1246.0,228.395,1,2021,16,Simona De Silvestro,228.013,575fd17a6f1be1f5d174cf43e422efde3970314f41803aa9ca4bbb59ff72b75a
PRIMARY_LOYO_2021,PRIMARY,RIDGE,2021,d21081ad-a290-598a-a343-73123d94cb55,INDY500_DAY1_2021,9,Scott Dixon,231.828,233.79694966076343,1.9689496607634285,1.9689496607634285,599dee972901168e7297d02344e29079cd45fe0f34813db733b15470fcaab806,2021,9,Scott Dixon,231.828,24.50597290039065,54.31380381865469,2.1681311627761493,-0.2591639758753955,-0.9658333363518042,1001.2106666666668,100.0,431.48,0,0.0,0.0,0,2021,9,Scott Dixon,231.828,575fd17a6f1be1f5d174cf43e422efde3970314f41803aa9ca4bbb59ff72b75a
PRIMARY_LOYO_2021,PRIMARY,RIDGE,2021,c2deab22-d3a0-5601-80f8-4cbf631c8f88,INDY500_DAY1_2021,98,Marco Andretti,229.261,233.9522496551312,4.691249655131202,4.691249655131202,599dee972901168e7297d02344e29079cd45fe0f34813db733b15470fcaab806,2021,98,Marco Andretti,229.261,24.65346817016604,53.51708988853375,2.18617055966519,-0.3057356554977253,-0.9521164366596012,1001.2384444444444,100.0,453.56333333333333,0,0.0,0.0,0,2021,98,Marco Andretti,229.261,575fd17a6f1be1f5d174cf43e422efde3970314f41803aa9ca4bbb59ff72b75a
PRIMARY_LOYO_2021,PRIMARY,RIDGE,2021,88cb337e-a17d-5daf-a5c7-2770ed90181f,INDY500_DAY1_2021,28,Ryan Hunter-Reay,231.139,234.14073961259172,3.001739612591706,3.001739612591706,599dee972901168e7297d02344e29079cd45fe0f34813db733b15470fcaab806,2021,28,Ryan Hunter-Reay,231.139,24.83046249389651,52.561033172388626,2.207817835932039,-0.3606608805852141,-0.9326970189807072,1001.271777777778,100.0,480.06333333333333,0,0.0,0.0,0,2021,28,Ryan Hunter-Reay,231.139,575fd17a6f1be1f5d174cf43e422efde3970314f41803aa9ca4bbb59ff72b75a
PRIMARY_LOYO_2021,PRIMARY,RIDGE,2021,c52b77d3-be73-50d2-86d6-940d8843fb36,INDY500_DAY1_2021,6,Helio Castroneves,231.164,234.2994038111338,3.1354038111338127,3.1354038111338127,599dee972901168e7297d02344e29079cd45fe0f34813db733b15470fcaab806,2021,6,Helio Castroneves,231.164,24.9779577636719,51.76431924226769,2.2258572328210797,-0.4055046576663537,-0.914092978099544,1001.2995555555556,100.0,502.14666666666665,0,0.0,0.0,0,2021,6,Helio Castroneves,231.164,575fd17a6f1be1f5d174cf43e422efde3970314f41803aa9ca4bbb59ff72b75a
PRIMARY_LOYO_2021,PRIMARY,RIDGE,2021,4e9e7c88-ddeb-5840-93be-4f539f6eaf04,INDY500_DAY1_2021,18,Ed Jones,230.246,234.4914655293991,4.245465529399098,4.245465529399098,599dee972901168e7297d02344e29079cd45fe0f34813db733b15470fcaab806,2021,18,Ed Jones,230.246,25.154952087402368,50.80826252612257,2.247504509087929,-0.4580463821060804,-0.8889282939807521,1001.3328888888888,100.0,528.6466666666666,0,0.0,0.0,0,2021,18,Ed Jones,230.246,575fd17a6f1be1f5d174cf43e422efde3970314f41803aa9ca4bbb59ff72b75a
PRIMARY_LOYO_2021,PRIMARY,RIDGE,2021,95cca25b-de13-5fc7-81bf-9426674aa35c,INDY500_DAY1_2021,29,James Hinchcliffe,230.563,234.6850732562096,4.122073256209603,4.122073256209603,599dee972901168e7297d02344e29079cd45fe0f34813db733b15470fcaab806,2021,29,James Hinchcliffe,230.563,25.331946411132837,49.85220580997745,2.269151785354778,-0.5090335456165239,-0.8607466813395624,1001.3662222222224,100.0,555.1466666666666,0,0.0,0.0,0,2021,29,James Hinchcliffe,230.563,575fd17a6f1be1f5d174cf43e422efde3970314f41803aa9ca4bbb59ff72b75a
PRIMARY_LOYO_2021,PRIMARY,RIDGE,2021,8c31470a-6324-527c-bfc3-fe19d8c1dc4d,INDY500_DAY1_2021,25,Stefan Wilson,229.714,234.8799361055697,5.165936105569699,5.165936105569699,599dee972901168e7297d02344e29079cd45fe0f34813db733b15470fcaab806,2021,25,Stefan Wilson,229.714,25.508940734863305,48.89614909383233,2.2907990616216267,-0.558293103162542,-0.8296437855858014,1001.3995555555556,100.0,581.6466666666666,0,0.0,0.0,0,2021,25,Stefan Wilson,229.714,575fd17a6f1be1f5d174cf43e422efde3970314f41803aa9ca4bbb59ff72b75a
PRIMARY_LOYO_2021,PRIMARY,RIDGE,2021,6b431530-73f9-5f7c-9847-5092f30c1cb4,INDY500_DAY1_2021,48,Tony Kanaan,231.639,235.7845656818279,4.14556568182789,4.14556568182789,599dee972901168e7297d02344e29079cd45fe0f34813db733b15470fcaab806,2021,48,Tony Kanaan,231.639,25.83646418253583,47.899937668535166,2.8147723099802575,-0.3485565687258541,-0.9372877457846436,1001.5705,100.0,782.2966666666666,0,0.0,0.0,0,2021,48,Tony Kanaan,231.639,575fd17a6f1be1f5d174cf43e422efde3970314f41803aa9ca4bbb59ff72b75a
PRIMARY_LOYO_2021,PRIMARY,RIDGE,2021,c4c9ba22-d28c-5937-b36c-72fffbbb67b5,INDY500_DAY1_2021,2,Josef Newgarden,230.049,235.6610179949465,5.612017994946484,5.612017994946484,599dee972901168e7297d02344e29079cd45fe0f34813db733b15470fcaab806,2021,2,Josef Newgarden,230.049,25.9818677266439,46.57775626689332,2.9028148015884456,-0.3927598269975909,-0.9196410812359476,1001.5955,100.0,770.4633333333334,0,0.0,0.0,0,2021,2,Josef Newgarden,230.049,575fd17a6f1be1f5d174cf43e422efde3970314f41803aa9ca4bbb59ff72b75a
PRIMARY_LOYO_2021,PRIMARY,RIDGE,2021,407a503c-1695-5af6-9b88-28e9d802c8d1,INDY500_DAY1_2021,21,Rinus VeeKay,230.841,235.55903632816265,4.718036328162611,4.718036328162611,599dee972901168e7297d02344e29079cd45fe0f34813db733b15470fcaab806,2021,21,Rinus VeeKay,230.841,26.103037346733963,45.47593843219177,2.976183544595269,-0.4289204099235092,-0.9033422839384022,1001.6163333333334,100.0,760.6022222222223,0,0.0,0.0,0,2021,21,Rinus VeeKay,230.841,575fd17a6f1be1f5d174cf43e422efde3970314f41803aa9ca4bbb59ff72b75a
PRIMARY_LOYO_2021,PRIMARY,RIDGE,2021,20b68ba3-153d-53cd-9ef8-e81c295271bf,INDY500_DAY1_2021,3,Scott McLaughlin,230.557,235.4376942726049,4.880694272604899,4.880694272604899,599dee972901168e7297d02344e29079cd45fe0f34813db733b15470fcaab806,2021,3,Scott McLaughlin,230.557,26.248440890842037,44.15375703054992,3.064226036203457,-0.4714174486813449,-0.8819101933183284,1001.6413333333334,100.0,748.7688888888889,0,0.0,0.0,0,2021,3,Scott McLaughlin,230.557,575fd17a6f1be1f5d174cf43e422efde3970314f41803aa9ca4bbb59ff72b75a
PRIMARY_LOYO_2021,PRIMARY,RIDGE,2021,0e1c6c84-a0db-504e-9da0-b66aa65a338c,INDY500_DAY1_2021,30,Takuma Sato,230.708,235.33733268591055,4.629332685910555,4.629332685910555,599dee972901168e7297d02344e29079cd45fe0f34813db733b15470fcaab806,2021,30,Takuma Sato,230.708,26.369610510932095,43.05193919584838,3.1375947792102803,-0.5060198917126848,-0.8625218079510122,1001.6621666666668,100.0,738.9077777777777,0,0.0,0.0,0,2021,30,Takuma Sato,230.708,575fd17a6f1be1f5d174cf43e422efde3970314f41803aa9ca4bbb59ff72b75a
PRIMARY_LOYO_2021,PRIMARY,RIDGE,2021,8ea0aaac-52bc-55eb-a43e-39b83d6e866a,INDY500_DAY1_2021,45,Santino Ferrucci,229.949,235.21766937847244,5.268669378472424,5.268669378472424,599dee972901168e7297d02344e29079cd45fe0f34813db733b15470fcaab806,2021,45,Santino Ferrucci,229.949,26.51501405504017,41.72975779420653,3.225637270818468,-0.5464872812361112,-0.8374674032146944,1001.6871666666668,100.0,727.0744444444445,0,0.0,0.0,0,2021,45,Santino Ferrucci,229.949,575fd17a6f1be1f5d174cf43e422efde3970314f41803aa9ca4bbb59ff72b75a
PRIMARY_LOYO_2021,PRIMARY,RIDGE,2021,98202c3a-5d68-52fe-91b3-2d520c933594,INDY500_DAY1_2021,51,Pietro Fittipaldi,230.846,235.29531402209503,4.449314022095052,4.449314022095052,599dee972901168e7297d02344e29079cd45fe0f34813db733b15470fcaab806,2021,51,Pietro Fittipaldi,230.846,26.704693298339865,40.750593905885495,3.288022456268951,-0.6221641899534415,-0.7828867866681478,1001.623,100.0,732.55,0,0.0,0.0,0,2021,51,Pietro Fittipaldi,230.846,575fd17a6f1be1f5d174cf43e422efde3970314f41803aa9ca4bbb59ff72b75a
PRIMARY_LOYO_2021,PRIMARY,RIDGE,2021,11bd473d-0cf3-56e2-9aa9-fb4487870c59,INDY500_DAY1_2021,86,Juan Pablo Montoya,229.891,235.4010034482849,5.51000344828492,5.51000344828492,599dee972901168e7297d02344e29079cd45fe0f34813db733b15470fcaab806,2021,86,Juan Pablo Montoya,229.891,26.791843872070334,40.52298473759392,3.301045213661587,-0.6621656411093614,-0.7493575006191827,1001.5646666666668,100.0,741.3,0,0.0,0.0,0,2021,86,Juan Pablo Montoya,229.891,575fd17a6f1be1f5d174cf43e422efde3970314f41803aa9ca4bbb59ff72b75a
PRIMARY_LOYO_2021,PRIMARY,RIDGE,2021,f31f214f-a151-5b1d-afaf-bb7103c2d514,INDY500_DAY1_2021,1,JR Hildebrand,229.98,235.50692090585144,5.526920905851455,5.526920905851455,599dee972901168e7297d02344e29079cd45fe0f34813db733b15470fcaab806,2021,1,JR Hildebrand,229.98,26.878994445800803,40.295375569302344,3.314067971054223,-0.7003631351285774,-0.7137867181118391,1001.5063333333334,100.0,750.05,0,0.0,0.0,0,2021,1,JR Hildebrand,229.98,575fd17a6f1be1f5d174cf43e422efde3970314f41803aa9ca4bbb59ff72b75a
PRIMARY_LOYO_2021,PRIMARY,RIDGE,2021,6992580a-0371-5eda-b01d-2adaca099ff4,INDY500_DAY1_2021,12,Will Power,229.052,235.6128492020149,6.560849202014907,6.560849202014907,599dee972901168e7297d02344e29079cd45fe0f34813db733b15470fcaab806,2021,12,Will Power,229.052,26.96614501953127,40.067766401010765,3.327090728446859,-0.7366526094659158,-0.6762713456646355,1001.448,100.0,758.8,0,0.0,0.0,0,2021,12,Will Power,229.052,575fd17a6f1be1f5d174cf43e422efde3970314f41803aa9ca4bbb59ff72b75a
PRIMARY_LOYO_2021,PRIMARY,RIDGE,2021,bcd24d81-7b19-5290-b6d7-b3ce5ce41195,INDY500_DAY1_2021,20,Ed Carpenter,231.616,235.70097433371143,4.084974333711443,4.084974333711443,599dee972901168e7297d02344e29079cd45fe0f34813db733b15470fcaab806,2021,20,Ed Carpenter,231.616,27.03877049764,39.87809209410112,3.3379430262740555,-0.7653648346820955,-0.6435966670454786,1001.3993888888888,100.0,766.0916666666667,0,0.0,0.0,0,2021,20,Ed Carpenter,231.616,575fd17a6f1be1f5d174cf43e422efde3970314f41803aa9ca4bbb59ff72b75a
PRIMARY_LOYO_2021,PRIMARY,RIDGE,2021,258b87c8-7f46-5d1a-b0b9-73c0b2a871dc,INDY500_DAY1_2021,5,Pato O'Ward,230.864,236.5825983102718,5.718598310271801,5.718598310271801,599dee972901168e7297d02344e29079cd45fe0f34813db733b15470fcaab806,2021,5,Pato O'Ward,230.864,27.46373124864369,39.06805841164744,3.1021942897357113,-0.9278553524522124,-0.3729402699170209,1001.2410555555556,100.0,837.7188888888888,0,0.0,0.0,0,2021,5,Pato O'Ward,230.864,575fd17a6f1be1f5d174cf43e422efde3970314f41803aa9ca4bbb59ff72b75a
PRIMARY_LOYO_2021,PRIMARY,RIDGE,2021,4bfd7a23-3f35-5bcf-9655-c286d7ee30ed,INDY500_DAY1_2021,7,Felix Rosenqvist,230.498,236.5857860984675,6.087786098467518,6.087786098467518,599dee972901168e7297d02344e29079cd45fe0f34813db733b15470fcaab806,2021,7,Felix Rosenqvist,230.498,27.535330573187956,38.684292588042,3.1314463416344003,-0.9435418859406812,-0.3312532407018875,1001.1827222222222,100.0,835.8855555555556,0,0.0,0.0,0,2021,7,Felix Rosenqvist,230.498,575fd17a6f1be1f5d174cf43e422efde3970314f41803aa9ca4bbb59ff72b75a
PRIMARY_LOYO_2021,PRIMARY,RIDGE,2021,a73699bb-b202-59f3-a140-bd7e85f00aff,INDY500_DAY1_2021,59,Max Chilton,229.417,236.5874307745973,7.170430774597293,7.170430774597293,599dee972901168e7297d02344e29079cd45fe0f34813db733b15470fcaab806,2021,59,Max Chilton,229.417,27.594996676974848,38.364487735037464,3.1558230515499743,-0.955185306051074,-0.2960084983646854,1001.1341111111112,100.0,834.3577777777778,0,0.0,0.0,0,2021,59,Max Chilton,229.417,575fd17a6f1be1f5d174cf43e422efde3970314f41803aa9ca4bbb59ff72b75a
PRIMARY_LOYO_2021,PRIMARY,RIDGE,2021,099ab32a-d351-5011-931c-148b9f3d7921,INDY500_DAY1_2021,4,Dalton Kellett,229.25,236.5880861570342,7.338086157034212,7.338086157034212,599dee972901168e7297d02344e29079cd45fe0f34813db733b15470fcaab806,2021,4,Dalton Kellett,229.25,27.66659600151912,37.98072191143202,3.1850751034486633,-0.9674189832762806,-0.2531807867842415,1001.0757777777776,100.0,832.5244444444445,0,0.0,0.0,0,2021,4,Dalton Kellett,229.25,575fd17a6f1be1f5d174cf43e422efde3970314f41803aa9ca4bbb59ff72b75a
PRIMARY_LOYO_2021,PRIMARY,RIDGE,2021,11be8bd4-5c39-5bd2-b24f-b6c87f0d885a,INDY500_DAY1_2021,47,Conor Daly,230.427,236.5874539480317,6.160453948031716,6.160453948031716,599dee972901168e7297d02344e29079cd45fe0f34813db733b15470fcaab806,2021,47,Conor Daly,230.427,27.726262105306013,37.660917058427486,3.2094518133642373,-0.976148544741374,-0.21710370471113,1001.0271666666666,100.0,830.9966666666667,0,0.0,0.0,0,2021,47,Conor Daly,230.427,575fd17a6f1be1f5d174cf43e422efde3970314f41803aa9ca4bbb59ff72b75a
PRIMARY_LOYO_2021,PRIMARY,RIDGE,2021,696a641a-81d7-5a8c-842f-4f3170a4b8e4,INDY500_DAY1_2021,15,Graham Rahal,230.521,236.58567957432192,6.064679574321929,6.064679574321929,599dee972901168e7297d02344e29079cd45fe0f34813db733b15470fcaab806,2021,15,Graham Rahal,230.521,27.785928209092905,37.34111220542295,3.2338285232798114,-0.9835332067192823,-0.1807275056002419,1000.9785555555555,100.0,829.4688888888888,0,0.0,0.0,0,2021,15,Graham Rahal,230.521,575fd17a6f1be1f5d174cf43e422efde3970314f41803aa9ca4bbb59ff72b75a
PRIMARY_LOYO_2021,PRIMARY,RIDGE,2021,7d5d82b7-9765-51c9-b149-cb7de00d3905,INDY500_DAY1_2021,60,Jack Harvey,225.496,236.58195148142713,11.085951481427117,11.085951481427117,599dee972901168e7297d02344e29079cd45fe0f34813db733b15470fcaab806,2021,60,Jack Harvey,225.496,27.857527533637175,36.95734638181752,3.2630805751785004,-0.990605339652227,-0.1367518228488964,1000.9202222222222,100.0,827.6355555555556,0,0.0,0.0,0,2021,60,Jack Harvey,225.496,575fd17a6f1be1f5d174cf43e422efde3970314f41803aa9ca4bbb59ff72b75a
PRIMARY_LOYO_2021,PRIMARY,RIDGE,2021,5f22f207-f450-5086-ab38-14fe980d9fed,INDY500_DAY1_2021,22,Simon Pagenaud,229.778,236.4766418952077,6.698641895207743,6.698641895207743,599dee972901168e7297d02344e29079cd45fe0f34813db733b15470fcaab806,2021,22,Simon Pagenaud,229.778,27.918549686008053,36.43710656245649,3.3443363923265768,-0.9915231452022866,-0.1299301832838136,1000.9,100.0,819.195,0,0.0,0.0,0,2021,22,Simon Pagenaud,229.778,575fd17a6f1be1f5d174cf43e422efde3970314f41803aa9ca4bbb59ff72b75a
PRIMARY_LOYO_2021,PRIMARY,RIDGE,2021,e9da8645-6367-51bf-8601-3670e9e76c5e,INDY500_DAY1_2021,26,Colton Herta,231.648,236.40669030900173,4.758690309001736,4.758690309001736,599dee972901168e7297d02344e29079cd45fe0f34813db733b15470fcaab806,2021,26,Colton Herta,231.648,27.942981338501,36.17578929529539,3.392331116211739,-0.9907560888154128,-0.1356553444401872,1000.9,100.0,813.9275,0,0.0,0.0,0,2021,26,Colton Herta,231.648,575fd17a6f1be1f5d174cf43e422efde3970314f41803aa9ca4bbb59ff72b75a
PRIMARY_LOYO_2021,PRIMARY,RIDGE,2021,69b27d9b-5386-5a2c-a855-449bb527fca1,INDY500_DAY1_2021,27,Alexander Rossi,231.046,236.3371727196488,5.291172719648813,5.291172719648813,599dee972901168e7297d02344e29079cd45fe0f34813db733b15470fcaab806,2021,27,Alexander Rossi,231.046,27.967250654432533,35.91620835549084,3.4400069382770666,-0.9899614004220928,-0.1413379838342439,1000.9,100.0,808.695,0,0.0,0.0,0,2021,27,Alexander Rossi,231.046,575fd17a6f1be1f5d174cf43e422efde3970314f41803aa9ca4bbb59ff72b75a
PRIMARY_LOYO_2021,PRIMARY,RIDGE,2021,8706f570-3435-5de5-89d4-8c45a08fd99c,INDY500_DAY1_2021,8,Marcus Ericsson,231.104,236.27879161335844,5.174791613358423,5.174791613358423,599dee972901168e7297d02344e29079cd45fe0f34813db733b15470fcaab806,2021,8,Marcus Ericsson,231.104,27.987623892890102,35.69829927224354,3.480029116666355,-0.9892691214899064,-0.1461047749616306,1000.9,100.0,804.3025,0,0.0,0.0,0,2021,8,Marcus Ericsson,231.104,575fd17a6f1be1f5d174cf43e422efde3970314f41803aa9ca4bbb59ff72b75a
PRIMARY_LOYO_2021,PRIMARY,RIDGE,2021,8f660bff-74bd-551e-9007-95b730f87e7d,INDY500_DAY1_2021,16,Simona De Silvestro,228.173,236.2092181617736,8.036218161773576,8.036218161773576,599dee972901168e7297d02344e29079cd45fe0f34813db733b15470fcaab806,2021,16,Simona De Silvestro,228.173,28.01189320882164,35.43871833243899,3.527704938731682,-0.988414499648534,-0.1517787102479739,1000.9,100.0,799.07,0,0.0,0.0,0,2021,16,Simona De Silvestro,228.173,575fd17a6f1be1f5d174cf43e422efde3970314f41803aa9ca4bbb59ff72b75a
PRIMARY_LOYO_2021,PRIMARY,RIDGE,2021,c150c8f9-470c-58e6-8766-44b6b751369f,INDY500_DAY1_2021,11,Charlie Kimball,228.401,234.86502793707064,6.464027937070654,6.464027937070654,599dee972901168e7297d02344e29079cd45fe0f34813db733b15470fcaab806,2021,11,Charlie Kimball,228.401,28.330933973524328,35.428709761176215,3.2218837409123764,-0.997122612311967,-0.0758056463342855,1000.4895555555556,62.992222222222225,925.1383333333332,0,0.0,0.0,0,2021,11,Charlie Kimball,228.401,575fd17a6f1be1f5d174cf43e422efde3970314f41803aa9ca4bbb59ff72b75a
PRIMARY_LOYO_2021,PRIMARY,RIDGE,2021,da571070-dc03-5eb8-ac88-efd026c446d8,INDY500_DAY1_2021,14,Sebastien Bourdais,229.744,235.1383071789982,5.39430717899819,5.39430717899819,599dee972901168e7297d02344e29079cd45fe0f34813db733b15470fcaab806,2021,14,Sebastien Bourdais,229.744,28.40095011393231,34.8333353221441,3.1802407169933407,-0.99527906012101,-0.0970545850778765,1000.4226666666668,69.34666666666666,919.62,0,0.0,0.0,0,2021,14,Sebastien Bourdais,229.744,575fd17a6f1be1f5d174cf43e422efde3970314f41803aa9ca4bbb59ff72b75a
PRIMARY_LOYO_2021,PRIMARY,RIDGE,2021,d676bd2f-154f-5e4b-aaf0-c7335ff329dd,INDY500_DAY1_2021,75,RC Enerson,227.283,235.41023552645575,8.127235526455792,8.127235526455792,599dee972901168e7297d02344e29079cd45fe0f34813db733b15470fcaab806,2021,75,RC Enerson,227.283,28.470733642578143,34.239938871281524,3.13873604199098,-0.9929911169654844,-0.1181890080660622,1000.356,75.68,914.12,0,0.0,0.0,0,2021,75,RC Enerson,227.283,575fd17a6f1be1f5d174cf43e422efde3970314f41803aa9ca4bbb59ff72b75a
PRIMARY_LOYO_2021,PRIMARY,RIDGE,2021,2493785c-dc47-5ba6-8d28-5398e7a11983,INDY500_DAY1_2021,2,Josef Newgarden,230.071,236.33124163885415,6.260241638854183,6.260241638854183,599dee972901168e7297d02344e29079cd45fe0f34813db733b15470fcaab806,2021,2,Josef Newgarden,230.071,28.52842135959204,33.749397805235134,3.1044255106556946,-0.990760897226283,-0.1356202216757174,1000.300888888889,80.91555555555556,909.5733333333334,1,7550.0,230.049,1,2021,2,Josef Newgarden,230.071,575fd17a6f1be1f5d174cf43e422efde3970314f41803aa9ca4bbb59ff72b75a
PRIMARY_LOYO_2021,PRIMARY,RIDGE,2021,c10dbae2-ca30-5e09-88ab-298fcf7fa163,INDY500_DAY1_2021,21,Rinus VeeKay,231.483,236.60387657297687,5.120876572976869,5.120876572976869,599dee972901168e7297d02344e29079cd45fe0f34813db733b15470fcaab806,2021,21,Rinus VeeKay,231.483,28.597972276475716,33.1579793425421,3.0630591845700086,-0.987665294514609,-0.1565799029613013,1000.2344444444444,87.22777777777779,904.0916666666668,1,7599.0,230.841,1,2021,21,Rinus VeeKay,231.483,575fd17a6f1be1f5d174cf43e422efde3970314f41803aa9ca4bbb59ff72b75a
PRIMARY_LOYO_2021,PRIMARY,RIDGE,2021,b671a083-ccd6-5511-a882-53e7bf202c19,INDY500_DAY1_2021,98,Marco Andretti,229.872,236.94975945582672,7.077759455826708,7.077759455826708,599dee972901168e7297d02344e29079cd45fe0f34813db733b15470fcaab806,2021,98,Marco Andretti,229.872,28.66775580512155,32.56458289167952,3.0215545095676477,-0.9841137596197488,-0.1775390326860083,1000.1677777777778,93.5611111111111,898.5916666666667,1,10149.0,229.261,1,2021,98,Marco Andretti,229.872,575fd17a6f1be1f5d174cf43e422efde3970314f41803aa9ca4bbb59ff72b75a
PRIMARY_LOYO_2021,PRIMARY,RIDGE,2021,8ff02437-bce9-5d86-b3c7-906d93963538,INDY500_DAY1_2021,60,Jack Harvey,230.191,236.9009810955326,6.709981095532584,6.709981095532584,599dee972901168e7297d02344e29079cd45fe0f34813db733b15470fcaab806,2021,60,Jack Harvey,230.191,28.7199548339844,31.94080694557048,2.997666994566795,-0.979974723213792,-0.1991219271251964,1000.096,100.0,874.88,1,3848.0,225.496,1,2021,60,Jack Harvey,230.191,575fd17a6f1be1f5d174cf43e422efde3970314f41803aa9ca4bbb59ff72b75a
PRIMARY_LOYO_2021,PRIMARY,RIDGE,2021,09935cc4-f542-569f-b50c-7460e0663860,INDY500_DAY1_2021,25,Stefan Wilson,229.694,236.84736643876977,7.153366438769751,7.153366438769751,599dee972901168e7297d02344e29079cd45fe0f34813db733b15470fcaab806,2021,25,Stefan Wilson,229.694,28.687146606445335,31.904950225372644,3.029707577590337,-0.9798476758142546,-0.1997461694286111,1000.089,100.0,843.17,1,9400.0,229.714,1,2021,25,Stefan Wilson,229.694,575fd17a6f1be1f5d174cf43e422efde3970314f41803aa9ca4bbb59ff72b75a
PRIMARY_LOYO_2021,PRIMARY,RIDGE,2021,fb947c1e-3d51-506f-bbbc-12ecbcdce5da,INDY500_DAY1_2021,47,Conor Daly,230.273,235.72267562225,5.449675622249998,5.449675622249998,599dee972901168e7297d02344e29079cd45fe0f34813db733b15470fcaab806,2021,47,Conor Daly,230.273,28.572869915432424,31.11384888719617,3.4606669926655913,-0.962900853182666,-0.2698554185857564,999.3204166666666,94.75972222222222,782.8680555555555,1,7609.0,230.427,1,2021,47,Conor Daly,230.273,575fd17a6f1be1f5d174cf43e422efde3970314f41803aa9ca4bbb59ff72b75a
PRIMARY_LOYO_2021,PRIMARY,RIDGE,2021,90108456-7f40-5313-a9ff-43273b65d2f0,INDY500_DAY1_2021,26,Colton Herta,230.229,233.8312301747552,3.602230174755192,3.602230174755192,599dee972901168e7297d02344e29079cd45fe0f34813db733b15470fcaab806,2021,26,Colton Herta,230.229,28.732695719401065,29.851836942830563,3.583655879818095,-0.9786781276236316,-0.2053999087417097,999.5105555555556,69.25888888888889,731.7311111111111,1,7969.0,231.648,1,2021,26,Colton Herta,230.229,575fd17a6f1be1f5d174cf43e422efde3970314f41803aa9ca4bbb59ff72b75a
PRIMARY_LOYO_2021,PRIMARY,RIDGE,2021,f39f497a-d8a0-55e6-8bd1-ef646a4f6e71,INDY500_DAY1_2021,86,Juan Pablo Montoya,229.737,229.9443923587756,0.2073923587755928,0.2073923587755928,599dee972901168e7297d02344e29079cd45fe0f34813db733b15470fcaab806,2021,86,Juan Pablo Montoya,229.737,28.77489954630536,33.334963559817055,3.148729100454992,-0.9785726345823867,-0.2059019155969325,999.2954166666666,5.770833333333333,666.8416666666667,1,13869.0,229.891,1,2021,86,Juan Pablo Montoya,229.737,575fd17a6f1be1f5d174cf43e422efde3970314f41803aa9ca4bbb59ff72b75a
PRIMARY_LOYO_2021,PRIMARY,RIDGE,2021,4085390f-e83a-5315-8def-464aeb920059,INDY500_DAY1_2021,18,Ed Jones,231.044,229.8768949524174,-1.1671050475826237,1.1671050475826237,599dee972901168e7297d02344e29079cd45fe0f34813db733b15470fcaab806,2021,18,Ed Jones,231.044,28.76486495971682,32.92317204124624,3.2004086231596274,-0.9782644104169784,-0.207361383366146,999.28675,5.3375,651.415,1,17281.0,230.246,1,2021,18,Ed Jones,231.044,575fd17a6f1be1f5d174cf43e422efde3970314f41803aa9ca4bbb59ff72b75a
PRIMARY_LOYO_2021,PRIMARY,RIDGE,2021,8ac7badc-828c-5c70-bbf4-d92f136c2564,INDY500_DAY1_2021,25,Stefan Wilson,229.632,230.55062092554553,0.9186209255455252,0.9186209255455252,599dee972901168e7297d02344e29079cd45fe0f34813db733b15470fcaab806,2021,25,Stefan Wilson,229.632,28.756213344997853,32.568133840939986,3.244965647542791,-0.9779969184684828,-0.2086193362709974,999.2792777777778,4.963888888888889,638.1144444444444,2,7550.0,229.714,1,2021,25,Stefan Wilson,229.632,575fd17a6f1be1f5d174cf43e422efde3970314f41803aa9ca4bbb59ff72b75a
PRIMARY_LOYO_2021,PRIMARY,RIDGE,2021,595096e7-98a7-552c-a5f8-f2f3eeb54d68,INDY500_DAY1_2021,7,Felix Rosenqvist,230.744,229.31862277904307,-1.425377220956932,1.425377220956932,599dee972901168e7297d02344e29079cd45fe0f34813db733b15470fcaab806,2021,7,Felix Rosenqvist,230.744,28.738684980604408,31.848818528051854,3.335239172780055,-0.9774500156857168,-0.2111669170016741,999.2641388888889,4.206944444444444,611.1672222222222,1,13545.0,230.498,1,2021,7,Felix Rosenqvist,230.744,575fd17a6f1be1f5d174cf43e422efde3970314f41803aa9ca4bbb59ff72b75a
PRIMARY_LOYO_2021,PRIMARY,RIDGE,2021,cb6ab391-510a-562a-a1bc-a173959477a0,INDY500_DAY1_2021,98,Marco Andretti,229.87,230.1662294140639,0.2962294140639301,0.2962294140639301,599dee972901168e7297d02344e29079cd45fe0f34813db733b15470fcaab806,2021,98,Marco Andretti,229.87,28.730998229980493,31.533375666069723,3.374827012287773,-0.9772080878437274,-0.2122836617660579,999.2575,3.875,599.35,2,9035.0,229.872,1,2021,98,Marco Andretti,229.87,575fd17a6f1be1f5d174cf43e422efde3970314f41803aa9ca4bbb59ff72b75a
PRIMARY_LOYO_2021,PRIMARY,RIDGE,2021,adc26df0-920d-5dc7-a952-03b3fb57700a,INDY500_DAY1_2021,16,Simona De Silvestro,228.395,232.42975914517885,4.034759145178839,4.034759145178839,599dee972901168e7297d02344e29079cd45fe0f34813db733b15470fcaab806,2021,16,Simona De Silvestro,228.395,28.692510308159743,36.09269790536858,2.950288018829239,-0.9982731139037776,0.0587434256479453,998.5014444444444,51.653333333333336,578.8608333333333,1,11017.0,228.173,1,2021,16,Simona De Silvestro,228.395,575fd17a6f1be1f5d174cf43e422efde3970314f41803aa9ca4bbb59ff72b75a
PRIMARY_LOYO_2021,PRIMARY,RIDGE,2021,5aa71106-e201-5143-bb9a-21ccf4063a9e,INDY500_DAY1_2021,12,Will Power,229.228,232.11044748177073,2.8824474817707255,2.8824474817707255,599dee972901168e7297d02344e29079cd45fe0f34813db733b15470fcaab806,2021,12,Will Power,229.228,28.690112304687524,36.0727395012078,2.9562650920022797,-0.998927284632383,0.0463063712352194,998.526,45.760000000000005,567.995,1,15138.0,229.052,1,2021,12,Will Power,229.228,575fd17a6f1be1f5d174cf43e422efde3970314f41803aa9ca4bbb59ff72b75a
PRIMARY_LOYO_2021,PRIMARY,RIDGE,2021,a5d8e516-48e0-58b8-ac13-213c753fc12d,INDY500_DAY1_2021,4,Dalton Kellett,228.323,230.5508638693646,2.2278638693645973,2.2278638693645973,599dee972901168e7297d02344e29079cd45fe0f34813db733b15470fcaab806,2021,4,Dalton Kellett,228.323,28.681811523437524,36.00365271757433,2.9769549606781904,-0.9999948421636398,0.0032117979571003,998.611,25.36,530.3824999999999,1,14503.0,229.25,1,2021,4,Dalton Kellett,228.323,575fd17a6f1be1f5d174cf43e422efde3970314f41803aa9ca4bbb59ff72b75a
PRIMARY_LOYO_2021,PRIMARY,RIDGE,2021,73af9176-8333-59df-915e-2cc1016f64b2,INDY500_DAY1_2021,16,Simona De Silvestro,228.013,230.7410503400008,2.7280503400007774,2.7280503400007774,599dee972901168e7297d02344e29079cd45fe0f34813db733b15470fcaab806,2021,16,Simona De Silvestro,228.013,28.678990342881967,35.980172242091065,2.983986811470003,-0.9999345599531324,-0.0114400966488667,998.6398888888888,18.426666666666662,517.5991666666666,2,1246.0,228.395,1,2021,16,Simona De Silvestro,228.013,575fd17a6f1be1f5d174cf43e422efde3970314f41803aa9ca4bbb59ff72b75a
PRIMARY_LOYO_2021,PRIMARY,ELASTIC_NET,2021,d21081ad-a290-598a-a343-73123d94cb55,INDY500_DAY1_2021,9,Scott Dixon,231.828,233.12401551718517,1.2960155171851682,1.2960155171851682,599dee972901168e7297d02344e29079cd45fe0f34813db733b15470fcaab806,2021,9,Scott Dixon,231.828,24.50597290039065,54.31380381865469,2.1681311627761493,-0.2591639758753955,-0.9658333363518042,1001.2106666666668,100.0,431.48,0,0.0,0.0,0,2021,9,Scott Dixon,231.828,575fd17a6f1be1f5d174cf43e422efde3970314f41803aa9ca4bbb59ff72b75a
PRIMARY_LOYO_2021,PRIMARY,ELASTIC_NET,2021,c2deab22-d3a0-5601-80f8-4cbf631c8f88,INDY500_DAY1_2021,98,Marco Andretti,229.261,233.237131654125,3.9761316541249982,3.9761316541249982,599dee972901168e7297d02344e29079cd45fe0f34813db733b15470fcaab806,2021,98,Marco Andretti,229.261,24.65346817016604,53.51708988853375,2.18617055966519,-0.3057356554977253,-0.9521164366596012,1001.2384444444444,100.0,453.56333333333333,0,0.0,0.0,0,2021,98,Marco Andretti,229.261,575fd17a6f1be1f5d174cf43e422efde3970314f41803aa9ca4bbb59ff72b75a
PRIMARY_LOYO_2021,PRIMARY,ELASTIC_NET,2021,88cb337e-a17d-5daf-a5c7-2770ed90181f,INDY500_DAY1_2021,28,Ryan Hunter-Reay,231.139,233.37457575900697,2.235575759006963,2.235575759006963,599dee972901168e7297d02344e29079cd45fe0f34813db733b15470fcaab806,2021,28,Ryan Hunter-Reay,231.139,24.83046249389651,52.561033172388626,2.207817835932039,-0.3606608805852141,-0.9326970189807072,1001.271777777778,100.0,480.06333333333333,0,0.0,0.0,0,2021,28,Ryan Hunter-Reay,231.139,575fd17a6f1be1f5d174cf43e422efde3970314f41803aa9ca4bbb59ff72b75a
PRIMARY_LOYO_2021,PRIMARY,ELASTIC_NET,2021,c52b77d3-be73-50d2-86d6-940d8843fb36,INDY500_DAY1_2021,6,Helio Castroneves,231.164,233.49035722288056,2.3263572228805742,2.3263572228805742,599dee972901168e7297d02344e29079cd45fe0f34813db733b15470fcaab806,2021,6,Helio Castroneves,231.164,24.9779577636719,51.76431924226769,2.2258572328210797,-0.4055046576663537,-0.914092978099544,1001.2995555555556,100.0,502.14666666666665,0,0.0,0.0,0,2021,6,Helio Castroneves,231.164,575fd17a6f1be1f5d174cf43e422efde3970314f41803aa9ca4bbb59ff72b75a
PRIMARY_LOYO_2021,PRIMARY,ELASTIC_NET,2021,4e9e7c88-ddeb-5840-93be-4f539f6eaf04,INDY500_DAY1_2021,18,Ed Jones,230.246,233.63055997622365,3.384559976223642,3.384559976223642,599dee972901168e7297d02344e29079cd45fe0f34813db733b15470fcaab806,2021,18,Ed Jones,230.246,25.154952087402368,50.80826252612257,2.247504509087929,-0.4580463821060804,-0.8889282939807521,1001.3328888888888,100.0,528.6466666666666,0,0.0,0.0,0,2021,18,Ed Jones,230.246,575fd17a6f1be1f5d174cf43e422efde3970314f41803aa9ca4bbb59ff72b75a
PRIMARY_LOYO_2021,PRIMARY,ELASTIC_NET,2021,95cca25b-de13-5fc7-81bf-9426674aa35c,INDY500_DAY1_2021,29,James Hinchcliffe,230.563,233.77188905406052,3.208889054060535,3.208889054060535,599dee972901168e7297d02344e29079cd45fe0f34813db733b15470fcaab806,2021,29,James Hinchcliffe,230.563,25.331946411132837,49.85220580997745,2.269151785354778,-0.5090335456165239,-0.8607466813395624,1001.3662222222224,100.0,555.1466666666666,0,0.0,0.0,0,2021,29,James Hinchcliffe,230.563,575fd17a6f1be1f5d174cf43e422efde3970314f41803aa9ca4bbb59ff72b75a
PRIMARY_LOYO_2021,PRIMARY,ELASTIC_NET,2021,8c31470a-6324-527c-bfc3-fe19d8c1dc4d,INDY500_DAY1_2021,25,Stefan Wilson,229.714,233.9140722284574,4.200072228457401,4.200072228457401,599dee972901168e7297d02344e29079cd45fe0f34813db733b15470fcaab806,2021,25,Stefan Wilson,229.714,25.508940734863305,48.89614909383233,2.2907990616216267,-0.558293103162542,-0.8296437855858014,1001.3995555555556,100.0,581.6466666666666,0,0.0,0.0,0,2021,25,Stefan Wilson,229.714,575fd17a6f1be1f5d174cf43e422efde3970314f41803aa9ca4bbb59ff72b75a
PRIMARY_LOYO_2021,PRIMARY,ELASTIC_NET,2021,6b431530-73f9-5f7c-9847-5092f30c1cb4,INDY500_DAY1_2021,48,Tony Kanaan,231.639,234.30736763939893,2.668367639398923,2.668367639398923,599dee972901168e7297d02344e29079cd45fe0f34813db733b15470fcaab806,2021,48,Tony Kanaan,231.639,25.83646418253583,47.899937668535166,2.8147723099802575,-0.3485565687258541,-0.9372877457846436,1001.5705,100.0,782.2966666666666,0,0.0,0.0,0,2021,48,Tony Kanaan,231.639,575fd17a6f1be1f5d174cf43e422efde3970314f41803aa9ca4bbb59ff72b75a
PRIMARY_LOYO_2021,PRIMARY,ELASTIC_NET,2021,c4c9ba22-d28c-5937-b36c-72fffbbb67b5,INDY500_DAY1_2021,2,Josef Newgarden,230.049,234.27914497006145,4.2301449700614455,4.2301449700614455,599dee972901168e7297d02344e29079cd45fe0f34813db733b15470fcaab806,2021,2,Josef Newgarden,230.049,25.9818677266439,46.57775626689332,2.9028148015884456,-0.3927598269975909,-0.9196410812359476,1001.5955,100.0,770.4633333333334,0,0.0,0.0,0,2021,2,Josef Newgarden,230.049,575fd17a6f1be1f5d174cf43e422efde3970314f41803aa9ca4bbb59ff72b75a
PRIMARY_LOYO_2021,PRIMARY,ELASTIC_NET,2021,407a503c-1695-5af6-9b88-28e9d802c8d1,INDY500_DAY1_2021,21,Rinus VeeKay,230.841,234.25637567916235,3.415375679162338,3.415375679162338,599dee972901168e7297d02344e29079cd45fe0f34813db733b15470fcaab806,2021,21,Rinus VeeKay,230.841,26.103037346733963,45.47593843219177,2.976183544595269,-0.4289204099235092,-0.9033422839384022,1001.6163333333334,100.0,760.6022222222223,0,0.0,0.0,0,2021,21,Rinus VeeKay,230.841,575fd17a6f1be1f5d174cf43e422efde3970314f41803aa9ca4bbb59ff72b75a
PRIMARY_LOYO_2021,PRIMARY,ELASTIC_NET,2021,20b68ba3-153d-53cd-9ef8-e81c295271bf,INDY500_DAY1_2021,3,Scott McLaughlin,230.557,234.22982616901493,3.672826169014939,3.672826169014939,599dee972901168e7297d02344e29079cd45fe0f34813db733b15470fcaab806,2021,3,Scott McLaughlin,230.557,26.248440890842037,44.15375703054992,3.064226036203457,-0.4714174486813449,-0.8819101933183284,1001.6413333333334,100.0,748.7688888888889,0,0.0,0.0,0,2021,3,Scott McLaughlin,230.557,575fd17a6f1be1f5d174cf43e422efde3970314f41803aa9ca4bbb59ff72b75a
PRIMARY_LOYO_2021,PRIMARY,ELASTIC_NET,2021,0e1c6c84-a0db-504e-9da0-b66aa65a338c,INDY500_DAY1_2021,30,Takuma Sato,230.708,234.20824635125888,3.5002463512588804,3.5002463512588804,599dee972901168e7297d02344e29079cd45fe0f34813db733b15470fcaab806,2021,30,Takuma Sato,230.708,26.369610510932095,43.05193919584838,3.1375947792102803,-0.5060198917126848,-0.8625218079510122,1001.6621666666668,100.0,738.9077777777777,0,0.0,0.0,0,2021,30,Takuma Sato,230.708,575fd17a6f1be1f5d174cf43e422efde3970314f41803aa9ca4bbb59ff72b75a
PRIMARY_LOYO_2021,PRIMARY,ELASTIC_NET,2021,8ea0aaac-52bc-55eb-a43e-39b83d6e866a,INDY500_DAY1_2021,45,Santino Ferrucci,229.949,234.18287561810348,4.233875618103468,4.233875618103468,599dee972901168e7297d02344e29079cd45fe0f34813db733b15470fcaab806,2021,45,Santino Ferrucci,229.949,26.51501405504017,41.72975779420653,3.225637270818468,-0.5464872812361112,-0.8374674032146944,1001.6871666666668,100.0,727.0744444444445,0,0.0,0.0,0,2021,45,Santino Ferrucci,229.949,575fd17a6f1be1f5d174cf43e422efde3970314f41803aa9ca4bbb59ff72b75a
PRIMARY_LOYO_2021,PRIMARY,ELASTIC_NET,2021,98202c3a-5d68-52fe-91b3-2d520c933594,INDY500_DAY1_2021,51,Pietro Fittipaldi,230.846,234.28683144941857,3.440831449418539,3.440831449418539,599dee972901168e7297d02344e29079cd45fe0f34813db733b15470fcaab806,2021,51,Pietro Fittipaldi,230.846,26.704693298339865,40.750593905885495,3.288022456268951,-0.6221641899534415,-0.7828867866681478,1001.623,100.0,732.55,0,0.0,0.0,0,2021,51,Pietro Fittipaldi,230.846,575fd17a6f1be1f5d174cf43e422efde3970314f41803aa9ca4bbb59ff72b75a
PRIMARY_LOYO_2021,PRIMARY,ELASTIC_NET,2021,11bd473d-0cf3-56e2-9aa9-fb4487870c59,INDY500_DAY1_2021,86,Juan Pablo Montoya,229.891,234.3755311210234,4.484531121023423,4.484531121023423,599dee972901168e7297d02344e29079cd45fe0f34813db733b15470fcaab806,2021,86,Juan Pablo Montoya,229.891,26.791843872070334,40.52298473759392,3.301045213661587,-0.6621656411093614,-0.7493575006191827,1001.5646666666668,100.0,741.3,0,0.0,0.0,0,2021,86,Juan Pablo Montoya,229.891,575fd17a6f1be1f5d174cf43e422efde3970314f41803aa9ca4bbb59ff72b75a
PRIMARY_LOYO_2021,PRIMARY,ELASTIC_NET,2021,f31f214f-a151-5b1d-afaf-bb7103c2d514,INDY500_DAY1_2021,1,JR Hildebrand,229.98,234.46419293777055,4.484192937770558,4.484192937770558,599dee972901168e7297d02344e29079cd45fe0f34813db733b15470fcaab806,2021,1,JR Hildebrand,229.98,26.878994445800803,40.295375569302344,3.314067971054223,-0.7003631351285774,-0.7137867181118391,1001.5063333333334,100.0,750.05,0,0.0,0.0,0,2021,1,JR Hildebrand,229.98,575fd17a6f1be1f5d174cf43e422efde3970314f41803aa9ca4bbb59ff72b75a
PRIMARY_LOYO_2021,PRIMARY,ELASTIC_NET,2021,6992580a-0371-5eda-b01d-2adaca099ff4,INDY500_DAY1_2021,12,Will Power,229.052,234.55261689517857,5.500616895178581,5.500616895178581,599dee972901168e7297d02344e29079cd45fe0f34813db733b15470fcaab806,2021,12,Will Power,229.052,26.96614501953127,40.067766401010765,3.327090728446859,-0.7366526094659158,-0.6762713456646355,1001.448,100.0,758.8,0,0.0,0.0,0,2021,12,Will Power,229.052,575fd17a6f1be1f5d174cf43e422efde3970314f41803aa9ca4bbb59ff72b75a
PRIMARY_LOYO_2021,PRIMARY,ELASTIC_NET,2021,bcd24d81-7b19-5290-b6d7-b3ce5ce41195,INDY500_DAY1_2021,20,Ed Carpenter,231.616,234.6259779703857,3.009977970385677,3.009977970385677,599dee972901168e7297d02344e29079cd45fe0f34813db733b15470fcaab806,2021,20,Ed Carpenter,231.616,27.03877049764,39.87809209410112,3.3379430262740555,-0.7653648346820955,-0.6435966670454786,1001.3993888888888,100.0,766.0916666666667,0,0.0,0.0,0,2021,20,Ed Carpenter,231.616,575fd17a6f1be1f5d174cf43e422efde3970314f41803aa9ca4bbb59ff72b75a
PRIMARY_LOYO_2021,PRIMARY,ELASTIC_NET,2021,258b87c8-7f46-5d1a-b0b9-73c0b2a871dc,INDY500_DAY1_2021,5,Pato O'Ward,230.864,235.24866508708465,4.384665087084642,4.384665087084642,599dee972901168e7297d02344e29079cd45fe0f34813db733b15470fcaab806,2021,5,Pato O'Ward,230.864,27.46373124864369,39.06805841164744,3.1021942897357113,-0.9278553524522124,-0.3729402699170209,1001.2410555555556,100.0,837.7188888888888,0,0.0,0.0,0,2021,5,Pato O'Ward,230.864,575fd17a6f1be1f5d174cf43e422efde3970314f41803aa9ca4bbb59ff72b75a
PRIMARY_LOYO_2021,PRIMARY,ELASTIC_NET,2021,4bfd7a23-3f35-5bcf-9655-c286d7ee30ed,INDY500_DAY1_2021,7,Felix Rosenqvist,230.498,235.27621247285987,4.778212472859877,4.778212472859877,599dee972901168e7297d02344e29079cd45fe0f34813db733b15470fcaab806,2021,7,Felix Rosenqvist,230.498,27.535330573187956,38.684292588042,3.1314463416344003,-0.9435418859406812,-0.3312532407018875,1001.1827222222222,100.0,835.8855555555556,0,0.0,0.0,0,2021,7,Felix Rosenqvist,230.498,575fd17a6f1be1f5d174cf43e422efde3970314f41803aa9ca4bbb59ff72b75a
PRIMARY_LOYO_2021,PRIMARY,ELASTIC_NET,2021,a73699bb-b202-59f3-a140-bd7e85f00aff,INDY500_DAY1_2021,59,Max Chilton,229.417,235.2981146122235,5.8811146122234845,5.8811146122234845,599dee972901168e7297d02344e29079cd45fe0f34813db733b15470fcaab806,2021,59,Max Chilton,229.417,27.594996676974848,38.364487735037464,3.1558230515499743,-0.955185306051074,-0.2960084983646854,1001.1341111111112,100.0,834.3577777777778,0,0.0,0.0,0,2021,59,Max Chilton,229.417,575fd17a6f1be1f5d174cf43e422efde3970314f41803aa9ca4bbb59ff72b75a
PRIMARY_LOYO_2021,PRIMARY,ELASTIC_NET,2021,099ab32a-d351-5011-931c-148b9f3d7921,INDY500_DAY1_2021,4,Dalton Kellett,229.25,235.32303989283844,6.0730398928384375,6.0730398928384375,599dee972901168e7297d02344e29079cd45fe0f34813db733b15470fcaab806,2021,4,Dalton Kellett,229.25,27.66659600151912,37.98072191143202,3.1850751034486633,-0.9674189832762806,-0.2531807867842415,1001.0757777777776,100.0,832.5244444444445,0,0.0,0.0,0,2021,4,Dalton Kellett,229.25,575fd17a6f1be1f5d174cf43e422efde3970314f41803aa9ca4bbb59ff72b75a
PRIMARY_LOYO_2021,PRIMARY,ELASTIC_NET,2021,11be8bd4-5c39-5bd2-b24f-b6c87f0d885a,INDY500_DAY1_2021,47,Conor Daly,230.427,235.3426091893695,4.9156091893695475,4.9156091893695475,599dee972901168e7297d02344e29079cd45fe0f34813db733b15470fcaab806,2021,47,Conor Daly,230.427,27.726262105306013,37.660917058427486,3.2094518133642373,-0.976148544741374,-0.21710370471113,1001.0271666666666,100.0,830.9966666666667,0,0.0,0.0,0,2021,47,Conor Daly,230.427,575fd17a6f1be1f5d174cf43e422efde3970314f41803aa9ca4bbb59ff72b75a
PRIMARY_LOYO_2021,PRIMARY,ELASTIC_NET,2021,696a641a-81d7-5a8c-842f-4f3170a4b8e4,INDY500_DAY1_2021,15,Graham Rahal,230.521,235.3610233804258,4.840023380425805,4.840023380425805,599dee972901168e7297d02344e29079cd45fe0f34813db733b15470fcaab806,2021,15,Graham Rahal,230.521,27.785928209092905,37.34111220542295,3.2338285232798114,-0.9835332067192823,-0.1807275056002419,1000.9785555555555,100.0,829.4688888888888,0,0.0,0.0,0,2021,15,Graham Rahal,230.521,575fd17a6f1be1f5d174cf43e422efde3970314f41803aa9ca4bbb59ff72b75a
PRIMARY_LOYO_2021,PRIMARY,ELASTIC_NET,2021,7d5d82b7-9765-51c9-b149-cb7de00d3905,INDY500_DAY1_2021,60,Jack Harvey,225.496,235.38151552077457,9.885515520774533,9.885515520774533,599dee972901168e7297d02344e29079cd45fe0f34813db733b15470fcaab806,2021,60,Jack Harvey,225.496,27.857527533637175,36.95734638181752,3.2630805751785004,-0.990605339652227,-0.1367518228488964,1000.9202222222222,100.0,827.6355555555556,0,0.0,0.0,0,2021,60,Jack Harvey,225.496,575fd17a6f1be1f5d174cf43e422efde3970314f41803aa9ca4bbb59ff72b75a
PRIMARY_LOYO_2021,PRIMARY,ELASTIC_NET,2021,5f22f207-f450-5086-ab38-14fe980d9fed,INDY500_DAY1_2021,22,Simon Pagenaud,229.778,235.3360778089607,5.558077808960746,5.558077808960746,599dee972901168e7297d02344e29079cd45fe0f34813db733b15470fcaab806,2021,22,Simon Pagenaud,229.778,27.918549686008053,36.43710656245649,3.3443363923265768,-0.9915231452022866,-0.1299301832838136,1000.9,100.0,819.195,0,0.0,0.0,0,2021,22,Simon Pagenaud,229.778,575fd17a6f1be1f5d174cf43e422efde3970314f41803aa9ca4bbb59ff72b75a
PRIMARY_LOYO_2021,PRIMARY,ELASTIC_NET,2021,e9da8645-6367-51bf-8601-3670e9e76c5e,INDY500_DAY1_2021,26,Colton Herta,231.648,235.30086609858176,3.652866098581739,3.652866098581739,599dee972901168e7297d02344e29079cd45fe0f34813db733b15470fcaab806,2021,26,Colton Herta,231.648,27.942981338501,36.17578929529539,3.392331116211739,-0.9907560888154128,-0.1356553444401872,1000.9,100.0,813.9275,0,0.0,0.0,0,2021,26,Colton Herta,231.648,575fd17a6f1be1f5d174cf43e422efde3970314f41803aa9ca4bbb59ff72b75a
PRIMARY_LOYO_2021,PRIMARY,ELASTIC_NET,2021,69b27d9b-5386-5a2c-a855-449bb527fca1,INDY500_DAY1_2021,27,Alexander Rossi,231.046,235.2658576643865,4.219857664386467,4.219857664386467,599dee972901168e7297d02344e29079cd45fe0f34813db733b15470fcaab806,2021,27,Alexander Rossi,231.046,27.967250654432533,35.91620835549084,3.4400069382770666,-0.9899614004220928,-0.1413379838342439,1000.9,100.0,808.695,0,0.0,0.0,0,2021,27,Alexander Rossi,231.046,575fd17a6f1be1f5d174cf43e422efde3970314f41803aa9ca4bbb59ff72b75a
PRIMARY_LOYO_2021,PRIMARY,ELASTIC_NET,2021,8706f570-3435-5de5-89d4-8c45a08fd99c,INDY500_DAY1_2021,8,Marcus Ericsson,231.104,235.23644584469588,4.132445844695866,4.132445844695866,599dee972901168e7297d02344e29079cd45fe0f34813db733b15470fcaab806,2021,8,Marcus Ericsson,231.104,27.987623892890102,35.69829927224354,3.480029116666355,-0.9892691214899064,-0.1461047749616306,1000.9,100.0,804.3025,0,0.0,0.0,0,2021,8,Marcus Ericsson,231.104,575fd17a6f1be1f5d174cf43e422efde3970314f41803aa9ca4bbb59ff72b75a
PRIMARY_LOYO_2021,PRIMARY,ELASTIC_NET,2021,8f660bff-74bd-551e-9007-95b730f87e7d,INDY500_DAY1_2021,16,Simona De Silvestro,228.173,235.20138167243348,7.028381672433483,7.028381672433483,599dee972901168e7297d02344e29079cd45fe0f34813db733b15470fcaab806,2021,16,Simona De Silvestro,228.173,28.01189320882164,35.43871833243899,3.527704938731682,-0.988414499648534,-0.1517787102479739,1000.9,100.0,799.07,0,0.0,0.0,0,2021,16,Simona De Silvestro,228.173,575fd17a6f1be1f5d174cf43e422efde3970314f41803aa9ca4bbb59ff72b75a
PRIMARY_LOYO_2021,PRIMARY,ELASTIC_NET,2021,c150c8f9-470c-58e6-8766-44b6b751369f,INDY500_DAY1_2021,11,Charlie Kimball,228.401,233.86928654680548,5.468286546805473,5.468286546805473,599dee972901168e7297d02344e29079cd45fe0f34813db733b15470fcaab806,2021,11,Charlie Kimball,228.401,28.330933973524328,35.428709761176215,3.2218837409123764,-0.997122612311967,-0.0758056463342855,1000.4895555555556,62.992222222222225,925.1383333333332,0,0.0,0.0,0,2021,11,Charlie Kimball,228.401,575fd17a6f1be1f5d174cf43e422efde3970314f41803aa9ca4bbb59ff72b75a
PRIMARY_LOYO_2021,PRIMARY,ELASTIC_NET,2021,da571070-dc03-5eb8-ac88-efd026c446d8,INDY500_DAY1_2021,14,Sebastien Bourdais,229.744,234.1148623002531,4.370862300253066,4.370862300253066,599dee972901168e7297d02344e29079cd45fe0f34813db733b15470fcaab806,2021,14,Sebastien Bourdais,229.744,28.40095011393231,34.8333353221441,3.1802407169933407,-0.99527906012101,-0.0970545850778765,1000.4226666666668,69.34666666666666,919.62,0,0.0,0.0,0,2021,14,Sebastien Bourdais,229.744,575fd17a6f1be1f5d174cf43e422efde3970314f41803aa9ca4bbb59ff72b75a
PRIMARY_LOYO_2021,PRIMARY,ELASTIC_NET,2021,d676bd2f-154f-5e4b-aaf0-c7335ff329dd,INDY500_DAY1_2021,75,RC Enerson,227.283,234.35918338937364,7.076183389373654,7.076183389373654,599dee972901168e7297d02344e29079cd45fe0f34813db733b15470fcaab806,2021,75,RC Enerson,227.283,28.470733642578143,34.239938871281524,3.13873604199098,-0.9929911169654844,-0.1181890080660622,1000.356,75.68,914.12,0,0.0,0.0,0,2021,75,RC Enerson,227.283,575fd17a6f1be1f5d174cf43e422efde3970314f41803aa9ca4bbb59ff72b75a
PRIMARY_LOYO_2021,PRIMARY,ELASTIC_NET,2021,2493785c-dc47-5ba6-8d28-5398e7a11983,INDY500_DAY1_2021,2,Josef Newgarden,230.071,234.990402201858,4.9194022018579915,4.9194022018579915,599dee972901168e7297d02344e29079cd45fe0f34813db733b15470fcaab806,2021,2,Josef Newgarden,230.071,28.52842135959204,33.749397805235134,3.1044255106556946,-0.990760897226283,-0.1356202216757174,1000.300888888889,80.91555555555556,909.5733333333334,1,7550.0,230.049,1,2021,2,Josef Newgarden,230.071,575fd17a6f1be1f5d174cf43e422efde3970314f41803aa9ca4bbb59ff72b75a
PRIMARY_LOYO_2021,PRIMARY,ELASTIC_NET,2021,c10dbae2-ca30-5e09-88ab-298fcf7fa163,INDY500_DAY1_2021,21,Rinus VeeKay,231.483,235.23313766945728,3.750137669457274,3.750137669457274,599dee972901168e7297d02344e29079cd45fe0f34813db733b15470fcaab806,2021,21,Rinus VeeKay,231.483,28.597972276475716,33.1579793425421,3.0630591845700086,-0.987665294514609,-0.1565799029613013,1000.2344444444444,87.22777777777779,904.0916666666668,1,7599.0,230.841,1,2021,21,Rinus VeeKay,231.483,575fd17a6f1be1f5d174cf43e422efde3970314f41803aa9ca4bbb59ff72b75a
PRIMARY_LOYO_2021,PRIMARY,ELASTIC_NET,2021,b671a083-ccd6-5511-a882-53e7bf202c19,INDY500_DAY1_2021,98,Marco Andretti,229.872,235.47627604654727,5.604276046547255,5.604276046547255,599dee972901168e7297d02344e29079cd45fe0f34813db733b15470fcaab806,2021,98,Marco Andretti,229.872,28.66775580512155,32.56458289167952,3.0215545095676477,-0.9841137596197488,-0.1775390326860083,1000.1677777777778,93.5611111111111,898.5916666666667,1,10149.0,229.261,1,2021,98,Marco Andretti,229.872,575fd17a6f1be1f5d174cf43e422efde3970314f41803aa9ca4bbb59ff72b75a
PRIMARY_LOYO_2021,PRIMARY,ELASTIC_NET,2021,8ff02437-bce9-5d86-b3c7-906d93963538,INDY500_DAY1_2021,60,Jack Harvey,230.191,235.6548722995064,5.4638722995063915,5.4638722995063915,599dee972901168e7297d02344e29079cd45fe0f34813db733b15470fcaab806,2021,60,Jack Harvey,230.191,28.7199548339844,31.94080694557048,2.997666994566795,-0.979974723213792,-0.1991219271251964,1000.096,100.0,874.88,1,3848.0,225.496,1,2021,60,Jack Harvey,230.191,575fd17a6f1be1f5d174cf43e422efde3970314f41803aa9ca4bbb59ff72b75a
PRIMARY_LOYO_2021,PRIMARY,ELASTIC_NET,2021,09935cc4-f542-569f-b50c-7460e0663860,INDY500_DAY1_2021,25,Stefan Wilson,229.694,235.5355477817239,5.841547781723904,5.841547781723904,599dee972901168e7297d02344e29079cd45fe0f34813db733b15470fcaab806,2021,25,Stefan Wilson,229.694,28.687146606445335,31.904950225372644,3.029707577590337,-0.9798476758142546,-0.1997461694286111,1000.089,100.0,843.17,1,9400.0,229.714,1,2021,25,Stefan Wilson,229.694,575fd17a6f1be1f5d174cf43e422efde3970314f41803aa9ca4bbb59ff72b75a
PRIMARY_LOYO_2021,PRIMARY,ELASTIC_NET,2021,fb947c1e-3d51-506f-bbbc-12ecbcdce5da,INDY500_DAY1_2021,47,Conor Daly,230.273,234.90366266297968,4.63066266297966,4.63066266297966,599dee972901168e7297d02344e29079cd45fe0f34813db733b15470fcaab806,2021,47,Conor Daly,230.273,28.572869915432424,31.11384888719617,3.4606669926655913,-0.962900853182666,-0.2698554185857564,999.3204166666666,94.75972222222222,782.8680555555555,1,7609.0,230.427,1,2021,47,Conor Daly,230.273,575fd17a6f1be1f5d174cf43e422efde3970314f41803aa9ca4bbb59ff72b75a
PRIMARY_LOYO_2021,PRIMARY,ELASTIC_NET,2021,90108456-7f40-5313-a9ff-43273b65d2f0,INDY500_DAY1_2021,26,Colton Herta,230.229,233.4878043180494,3.2588043180493855,3.2588043180493855,599dee972901168e7297d02344e29079cd45fe0f34813db733b15470fcaab806,2021,26,Colton Herta,230.229,28.732695719401065,29.851836942830563,3.583655879818095,-0.9786781276236316,-0.2053999087417097,999.5105555555556,69.25888888888889,731.7311111111111,1,7969.0,231.648,1,2021,26,Colton Herta,230.229,575fd17a6f1be1f5d174cf43e422efde3970314f41803aa9ca4bbb59ff72b75a
PRIMARY_LOYO_2021,PRIMARY,ELASTIC_NET,2021,f39f497a-d8a0-55e6-8bd1-ef646a4f6e71,INDY500_DAY1_2021,86,Juan Pablo Montoya,229.737,230.17112240705393,0.434122407053934,0.434122407053934,599dee972901168e7297d02344e29079cd45fe0f34813db733b15470fcaab806,2021,86,Juan Pablo Montoya,229.737,28.77489954630536,33.334963559817055,3.148729100454992,-0.9785726345823867,-0.2059019155969325,999.2954166666666,5.770833333333333,666.8416666666667,1,13869.0,229.891,1,2021,86,Juan Pablo Montoya,229.737,575fd17a6f1be1f5d174cf43e422efde3970314f41803aa9ca4bbb59ff72b75a
PRIMARY_LOYO_2021,PRIMARY,ELASTIC_NET,2021,4085390f-e83a-5315-8def-464aeb920059,INDY500_DAY1_2021,18,Ed Jones,231.044,230.0790086658533,-0.9649913341467028,0.9649913341467028,599dee972901168e7297d02344e29079cd45fe0f34813db733b15470fcaab806,2021,18,Ed Jones,231.044,28.76486495971682,32.92317204124624,3.2004086231596274,-0.9782644104169784,-0.207361383366146,999.28675,5.3375,651.415,1,17281.0,230.246,1,2021,18,Ed Jones,231.044,575fd17a6f1be1f5d174cf43e422efde3970314f41803aa9ca4bbb59ff72b75a
PRIMARY_LOYO_2021,PRIMARY,ELASTIC_NET,2021,8ac7badc-828c-5c70-bbf4-d92f136c2564,INDY500_DAY1_2021,25,Stefan Wilson,229.632,230.429158987508,0.7971589875079701,0.7971589875079701,599dee972901168e7297d02344e29079cd45fe0f34813db733b15470fcaab806,2021,25,Stefan Wilson,229.632,28.756213344997853,32.568133840939986,3.244965647542791,-0.9779969184684828,-0.2086193362709974,999.2792777777778,4.963888888888889,638.1144444444444,2,7550.0,229.714,1,2021,25,Stefan Wilson,229.632,575fd17a6f1be1f5d174cf43e422efde3970314f41803aa9ca4bbb59ff72b75a
PRIMARY_LOYO_2021,PRIMARY,ELASTIC_NET,2021,595096e7-98a7-552c-a5f8-f2f3eeb54d68,INDY500_DAY1_2021,7,Felix Rosenqvist,230.744,229.8386773863901,-0.9053226136099396,0.9053226136099396,599dee972901168e7297d02344e29079cd45fe0f34813db733b15470fcaab806,2021,7,Felix Rosenqvist,230.744,28.738684980604408,31.848818528051854,3.335239172780055,-0.9774500156857168,-0.2111669170016741,999.2641388888889,4.206944444444444,611.1672222222222,1,13545.0,230.498,1,2021,7,Felix Rosenqvist,230.744,575fd17a6f1be1f5d174cf43e422efde3970314f41803aa9ca4bbb59ff72b75a
PRIMARY_LOYO_2021,PRIMARY,ELASTIC_NET,2021,cb6ab391-510a-562a-a1bc-a173959477a0,INDY500_DAY1_2021,98,Marco Andretti,229.87,230.19768127178824,0.3276812717882365,0.3276812717882365,599dee972901168e7297d02344e29079cd45fe0f34813db733b15470fcaab806,2021,98,Marco Andretti,229.87,28.730998229980493,31.533375666069723,3.374827012287773,-0.9772080878437274,-0.2122836617660579,999.2575,3.875,599.35,2,9035.0,229.872,1,2021,98,Marco Andretti,229.87,575fd17a6f1be1f5d174cf43e422efde3970314f41803aa9ca4bbb59ff72b75a
PRIMARY_LOYO_2021,PRIMARY,ELASTIC_NET,2021,adc26df0-920d-5dc7-a952-03b3fb57700a,INDY500_DAY1_2021,16,Simona De Silvestro,228.395,232.4018569113332,4.0068569113331876,4.0068569113331876,599dee972901168e7297d02344e29079cd45fe0f34813db733b15470fcaab806,2021,16,Simona De Silvestro,228.395,28.692510308159743,36.09269790536858,2.950288018829239,-0.9982731139037776,0.0587434256479453,998.5014444444444,51.653333333333336,578.8608333333333,1,11017.0,228.173,1,2021,16,Simona De Silvestro,228.395,575fd17a6f1be1f5d174cf43e422efde3970314f41803aa9ca4bbb59ff72b75a
PRIMARY_LOYO_2021,PRIMARY,ELASTIC_NET,2021,5aa71106-e201-5143-bb9a-21ccf4063a9e,INDY500_DAY1_2021,12,Will Power,229.228,232.05940365653535,2.8314036565353717,2.8314036565353717,599dee972901168e7297d02344e29079cd45fe0f34813db733b15470fcaab806,2021,12,Will Power,229.228,28.690112304687524,36.0727395012078,2.9562650920022797,-0.998927284632383,0.0463063712352194,998.526,45.760000000000005,567.995,1,15138.0,229.052,1,2021,12,Will Power,229.228,575fd17a6f1be1f5d174cf43e422efde3970314f41803aa9ca4bbb59ff72b75a
PRIMARY_LOYO_2021,PRIMARY,ELASTIC_NET,2021,a5d8e516-48e0-58b8-ac13-213c753fc12d,INDY500_DAY1_2021,4,Dalton Kellett,228.323,230.8726754310062,2.549675431006193,2.549675431006193,599dee972901168e7297d02344e29079cd45fe0f34813db733b15470fcaab806,2021,4,Dalton Kellett,228.323,28.681811523437524,36.00365271757433,2.9769549606781904,-0.9999948421636398,0.0032117979571003,998.611,25.36,530.3824999999999,1,14503.0,229.25,1,2021,4,Dalton Kellett,228.323,575fd17a6f1be1f5d174cf43e422efde3970314f41803aa9ca4bbb59ff72b75a
PRIMARY_LOYO_2021,PRIMARY,ELASTIC_NET,2021,73af9176-8333-59df-915e-2cc1016f64b2,INDY500_DAY1_2021,16,Simona De Silvestro,228.013,230.8984583094947,2.885458309494709,2.885458309494709,599dee972901168e7297d02344e29079cd45fe0f34813db733b15470fcaab806,2021,16,Simona De Silvestro,228.013,28.678990342881967,35.980172242091065,2.983986811470003,-0.9999345599531324,-0.0114400966488667,998.6398888888888,18.426666666666662,517.5991666666666,2,1246.0,228.395,1,2021,16,Simona De Silvestro,228.013,575fd17a6f1be1f5d174cf43e422efde3970314f41803aa9ca4bbb59ff72b75a
PRIMARY_LOYO_2021,PRIMARY,RANDOM_FOREST,2021,d21081ad-a290-598a-a343-73123d94cb55,INDY500_DAY1_2021,9,Scott Dixon,231.828,230.9030647730393,-0.924935226960713,0.924935226960713,599dee972901168e7297d02344e29079cd45fe0f34813db733b15470fcaab806,2021,9,Scott Dixon,231.828,24.50597290039065,54.31380381865469,2.1681311627761493,-0.2591639758753955,-0.9658333363518042,1001.2106666666668,100.0,431.48,0,0.0,0.0,0,2021,9,Scott Dixon,231.828,575fd17a6f1be1f5d174cf43e422efde3970314f41803aa9ca4bbb59ff72b75a
PRIMARY_LOYO_2021,PRIMARY,RANDOM_FOREST,2021,c2deab22-d3a0-5601-80f8-4cbf631c8f88,INDY500_DAY1_2021,98,Marco Andretti,229.261,230.94779790732687,1.686797907326877,1.686797907326877,599dee972901168e7297d02344e29079cd45fe0f34813db733b15470fcaab806,2021,98,Marco Andretti,229.261,24.65346817016604,53.51708988853375,2.18617055966519,-0.3057356554977253,-0.9521164366596012,1001.2384444444444,100.0,453.56333333333333,0,0.0,0.0,0,2021,98,Marco Andretti,229.261,575fd17a6f1be1f5d174cf43e422efde3970314f41803aa9ca4bbb59ff72b75a
PRIMARY_LOYO_2021,PRIMARY,RANDOM_FOREST,2021,88cb337e-a17d-5daf-a5c7-2770ed90181f,INDY500_DAY1_2021,28,Ryan Hunter-Reay,231.139,230.88184134621577,-0.2571586537842734,0.2571586537842734,599dee972901168e7297d02344e29079cd45fe0f34813db733b15470fcaab806,2021,28,Ryan Hunter-Reay,231.139,24.83046249389651,52.561033172388626,2.207817835932039,-0.3606608805852141,-0.9326970189807072,1001.271777777778,100.0,480.06333333333333,0,0.0,0.0,0,2021,28,Ryan Hunter-Reay,231.139,575fd17a6f1be1f5d174cf43e422efde3970314f41803aa9ca4bbb59ff72b75a
PRIMARY_LOYO_2021,PRIMARY,RANDOM_FOREST,2021,c52b77d3-be73-50d2-86d6-940d8843fb36,INDY500_DAY1_2021,6,Helio Castroneves,231.164,230.89453493148048,-0.2694650685195086,0.2694650685195086,599dee972901168e7297d02344e29079cd45fe0f34813db733b15470fcaab806,2021,6,Helio Castroneves,231.164,24.9779577636719,51.76431924226769,2.2258572328210797,-0.4055046576663537,-0.914092978099544,1001.2995555555556,100.0,502.14666666666665,0,0.0,0.0,0,2021,6,Helio Castroneves,231.164,575fd17a6f1be1f5d174cf43e422efde3970314f41803aa9ca4bbb59ff72b75a
PRIMARY_LOYO_2021,PRIMARY,RANDOM_FOREST,2021,4e9e7c88-ddeb-5840-93be-4f539f6eaf04,INDY500_DAY1_2021,18,Ed Jones,230.246,230.89563105441263,0.6496310544126516,0.6496310544126516,599dee972901168e7297d02344e29079cd45fe0f34813db733b15470fcaab806,2021,18,Ed Jones,230.246,25.154952087402368,50.80826252612257,2.247504509087929,-0.4580463821060804,-0.8889282939807521,1001.3328888888888,100.0,528.6466666666666,0,0.0,0.0,0,2021,18,Ed Jones,230.246,575fd17a6f1be1f5d174cf43e422efde3970314f41803aa9ca4bbb59ff72b75a
PRIMARY_LOYO_2021,PRIMARY,RANDOM_FOREST,2021,95cca25b-de13-5fc7-81bf-9426674aa35c,INDY500_DAY1_2021,29,James Hinchcliffe,230.563,230.91154226028573,0.3485422602857397,0.3485422602857397,599dee972901168e7297d02344e29079cd45fe0f34813db733b15470fcaab806,2021,29,James Hinchcliffe,230.563,25.331946411132837,49.85220580997745,2.269151785354778,-0.5090335456165239,-0.8607466813395624,1001.3662222222224,100.0,555.1466666666666,0,0.0,0.0,0,2021,29,James Hinchcliffe,230.563,575fd17a6f1be1f5d174cf43e422efde3970314f41803aa9ca4bbb59ff72b75a
PRIMARY_LOYO_2021,PRIMARY,RANDOM_FOREST,2021,8c31470a-6324-527c-bfc3-fe19d8c1dc4d,INDY500_DAY1_2021,25,Stefan Wilson,229.714,230.90194694383553,1.1879469438355272,1.1879469438355272,599dee972901168e7297d02344e29079cd45fe0f34813db733b15470fcaab806,2021,25,Stefan Wilson,229.714,25.508940734863305,48.89614909383233,2.2907990616216267,-0.558293103162542,-0.8296437855858014,1001.3995555555556,100.0,581.6466666666666,0,0.0,0.0,0,2021,25,Stefan Wilson,229.714,575fd17a6f1be1f5d174cf43e422efde3970314f41803aa9ca4bbb59ff72b75a
PRIMARY_LOYO_2021,PRIMARY,RANDOM_FOREST,2021,6b431530-73f9-5f7c-9847-5092f30c1cb4,INDY500_DAY1_2021,48,Tony Kanaan,231.639,231.13001684582076,-0.5089831541792478,0.5089831541792478,599dee972901168e7297d02344e29079cd45fe0f34813db733b15470fcaab806,2021,48,Tony Kanaan,231.639,25.83646418253583,47.899937668535166,2.8147723099802575,-0.3485565687258541,-0.9372877457846436,1001.5705,100.0,782.2966666666666,0,0.0,0.0,0,2021,48,Tony Kanaan,231.639,575fd17a6f1be1f5d174cf43e422efde3970314f41803aa9ca4bbb59ff72b75a
PRIMARY_LOYO_2021,PRIMARY,RANDOM_FOREST,2021,c4c9ba22-d28c-5937-b36c-72fffbbb67b5,INDY500_DAY1_2021,2,Josef Newgarden,230.049,231.0970638090077,1.0480638090076582,1.0480638090076582,599dee972901168e7297d02344e29079cd45fe0f34813db733b15470fcaab806,2021,2,Josef Newgarden,230.049,25.9818677266439,46.57775626689332,2.9028148015884456,-0.3927598269975909,-0.9196410812359476,1001.5955,100.0,770.4633333333334,0,0.0,0.0,0,2021,2,Josef Newgarden,230.049,575fd17a6f1be1f5d174cf43e422efde3970314f41803aa9ca4bbb59ff72b75a
PRIMARY_LOYO_2021,PRIMARY,RANDOM_FOREST,2021,407a503c-1695-5af6-9b88-28e9d802c8d1,INDY500_DAY1_2021,21,Rinus VeeKay,230.841,231.1211984248764,0.2801984248763745,0.2801984248763745,599dee972901168e7297d02344e29079cd45fe0f34813db733b15470fcaab806,2021,21,Rinus VeeKay,230.841,26.103037346733963,45.47593843219177,2.976183544595269,-0.4289204099235092,-0.9033422839384022,1001.6163333333334,100.0,760.6022222222223,0,0.0,0.0,0,2021,21,Rinus VeeKay,230.841,575fd17a6f1be1f5d174cf43e422efde3970314f41803aa9ca4bbb59ff72b75a
PRIMARY_LOYO_2021,PRIMARY,RANDOM_FOREST,2021,20b68ba3-153d-53cd-9ef8-e81c295271bf,INDY500_DAY1_2021,3,Scott McLaughlin,230.557,231.0457953635723,0.4887953635723079,0.4887953635723079,599dee972901168e7297d02344e29079cd45fe0f34813db733b15470fcaab806,2021,3,Scott McLaughlin,230.557,26.248440890842037,44.15375703054992,3.064226036203457,-0.4714174486813449,-0.8819101933183284,1001.6413333333334,100.0,748.7688888888889,0,0.0,0.0,0,2021,3,Scott McLaughlin,230.557,575fd17a6f1be1f5d174cf43e422efde3970314f41803aa9ca4bbb59ff72b75a
PRIMARY_LOYO_2021,PRIMARY,RANDOM_FOREST,2021,0e1c6c84-a0db-504e-9da0-b66aa65a338c,INDY500_DAY1_2021,30,Takuma Sato,230.708,231.03626685801677,0.3282668580167751,0.3282668580167751,599dee972901168e7297d02344e29079cd45fe0f34813db733b15470fcaab806,2021,30,Takuma Sato,230.708,26.369610510932095,43.05193919584838,3.1375947792102803,-0.5060198917126848,-0.8625218079510122,1001.6621666666668,100.0,738.9077777777777,0,0.0,0.0,0,2021,30,Takuma Sato,230.708,575fd17a6f1be1f5d174cf43e422efde3970314f41803aa9ca4bbb59ff72b75a
PRIMARY_LOYO_2021,PRIMARY,RANDOM_FOREST,2021,8ea0aaac-52bc-55eb-a43e-39b83d6e866a,INDY500_DAY1_2021,45,Santino Ferrucci,229.949,231.02584648579452,1.0768464857945048,1.0768464857945048,599dee972901168e7297d02344e29079cd45fe0f34813db733b15470fcaab806,2021,45,Santino Ferrucci,229.949,26.51501405504017,41.72975779420653,3.225637270818468,-0.5464872812361112,-0.8374674032146944,1001.6871666666668,100.0,727.0744444444445,0,0.0,0.0,0,2021,45,Santino Ferrucci,229.949,575fd17a6f1be1f5d174cf43e422efde3970314f41803aa9ca4bbb59ff72b75a
PRIMARY_LOYO_2021,PRIMARY,RANDOM_FOREST,2021,98202c3a-5d68-52fe-91b3-2d520c933594,INDY500_DAY1_2021,51,Pietro Fittipaldi,230.846,231.02728748579457,0.1812874857945416,0.1812874857945416,599dee972901168e7297d02344e29079cd45fe0f34813db733b15470fcaab806,2021,51,Pietro Fittipaldi,230.846,26.704693298339865,40.750593905885495,3.288022456268951,-0.6221641899534415,-0.7828867866681478,1001.623,100.0,732.55,0,0.0,0.0,0,2021,51,Pietro Fittipaldi,230.846,575fd17a6f1be1f5d174cf43e422efde3970314f41803aa9ca4bbb59ff72b75a
PRIMARY_LOYO_2021,PRIMARY,RANDOM_FOREST,2021,11bd473d-0cf3-56e2-9aa9-fb4487870c59,INDY500_DAY1_2021,86,Juan Pablo Montoya,229.891,231.01083174438037,1.1198317443803774,1.1198317443803774,599dee972901168e7297d02344e29079cd45fe0f34813db733b15470fcaab806,2021,86,Juan Pablo Montoya,229.891,26.791843872070334,40.52298473759392,3.301045213661587,-0.6621656411093614,-0.7493575006191827,1001.5646666666668,100.0,741.3,0,0.0,0.0,0,2021,86,Juan Pablo Montoya,229.891,575fd17a6f1be1f5d174cf43e422efde3970314f41803aa9ca4bbb59ff72b75a
PRIMARY_LOYO_2021,PRIMARY,RANDOM_FOREST,2021,f31f214f-a151-5b1d-afaf-bb7103c2d514,INDY500_DAY1_2021,1,JR Hildebrand,229.98,231.00701561104708,1.0270156110470907,1.0270156110470907,599dee972901168e7297d02344e29079cd45fe0f34813db733b15470fcaab806,2021,1,JR Hildebrand,229.98,26.878994445800803,40.295375569302344,3.314067971054223,-0.7003631351285774,-0.7137867181118391,1001.5063333333334,100.0,750.05,0,0.0,0.0,0,2021,1,JR Hildebrand,229.98,575fd17a6f1be1f5d174cf43e422efde3970314f41803aa9ca4bbb59ff72b75a
PRIMARY_LOYO_2021,PRIMARY,RANDOM_FOREST,2021,6992580a-0371-5eda-b01d-2adaca099ff4,INDY500_DAY1_2021,12,Will Power,229.052,231.00701561104708,1.955015611047088,1.955015611047088,599dee972901168e7297d02344e29079cd45fe0f34813db733b15470fcaab806,2021,12,Will Power,229.052,26.96614501953127,40.067766401010765,3.327090728446859,-0.7366526094659158,-0.6762713456646355,1001.448,100.0,758.8,0,0.0,0.0,0,2021,12,Will Power,229.052,575fd17a6f1be1f5d174cf43e422efde3970314f41803aa9ca4bbb59ff72b75a
PRIMARY_LOYO_2021,PRIMARY,RANDOM_FOREST,2021,bcd24d81-7b19-5290-b6d7-b3ce5ce41195,INDY500_DAY1_2021,20,Ed Carpenter,231.616,230.9975771746834,-0.6184228253165998,0.6184228253165998,599dee972901168e7297d02344e29079cd45fe0f34813db733b15470fcaab806,2021,20,Ed Carpenter,231.616,27.03877049764,39.87809209410112,3.3379430262740555,-0.7653648346820955,-0.6435966670454786,1001.3993888888888,100.0,766.0916666666667,0,0.0,0.0,0,2021,20,Ed Carpenter,231.616,575fd17a6f1be1f5d174cf43e422efde3970314f41803aa9ca4bbb59ff72b75a
PRIMARY_LOYO_2021,PRIMARY,RANDOM_FOREST,2021,258b87c8-7f46-5d1a-b0b9-73c0b2a871dc,INDY500_DAY1_2021,5,Pato O'Ward,230.864,231.0449866015105,0.1809866015104546,0.1809866015104546,599dee972901168e7297d02344e29079cd45fe0f34813db733b15470fcaab806,2021,5,Pato O'Ward,230.864,27.46373124864369,39.06805841164744,3.1021942897357113,-0.9278553524522124,-0.3729402699170209,1001.2410555555556,100.0,837.7188888888888,0,0.0,0.0,0,2021,5,Pato O'Ward,230.864,575fd17a6f1be1f5d174cf43e422efde3970314f41803aa9ca4bbb59ff72b75a
PRIMARY_LOYO_2021,PRIMARY,RANDOM_FOREST,2021,4bfd7a23-3f35-5bcf-9655-c286d7ee30ed,INDY500_DAY1_2021,7,Felix Rosenqvist,230.498,231.04930533484375,0.5513053348437893,0.5513053348437893,599dee972901168e7297d02344e29079cd45fe0f34813db733b15470fcaab806,2021,7,Felix Rosenqvist,230.498,27.535330573187956,38.684292588042,3.1314463416344003,-0.9435418859406812,-0.3312532407018875,1001.1827222222222,100.0,835.8855555555556,0,0.0,0.0,0,2021,7,Felix Rosenqvist,230.498,575fd17a6f1be1f5d174cf43e422efde3970314f41803aa9ca4bbb59ff72b75a
PRIMARY_LOYO_2021,PRIMARY,RANDOM_FOREST,2021,a73699bb-b202-59f3-a140-bd7e85f00aff,INDY500_DAY1_2021,59,Max Chilton,229.417,231.04717943008183,1.6301794300818528,1.6301794300818528,599dee972901168e7297d02344e29079cd45fe0f34813db733b15470fcaab806,2021,59,Max Chilton,229.417,27.594996676974848,38.364487735037464,3.1558230515499743,-0.955185306051074,-0.2960084983646854,1001.1341111111112,100.0,834.3577777777778,0,0.0,0.0,0,2021,59,Max Chilton,229.417,575fd17a6f1be1f5d174cf43e422efde3970314f41803aa9ca4bbb59ff72b75a
PRIMARY_LOYO_2021,PRIMARY,RANDOM_FOREST,2021,099ab32a-d351-5011-931c-148b9f3d7921,INDY500_DAY1_2021,4,Dalton Kellett,229.25,231.0465187634152,1.796518763415207,1.796518763415207,599dee972901168e7297d02344e29079cd45fe0f34813db733b15470fcaab806,2021,4,Dalton Kellett,229.25,27.66659600151912,37.98072191143202,3.1850751034486633,-0.9674189832762806,-0.2531807867842415,1001.0757777777776,100.0,832.5244444444445,0,0.0,0.0,0,2021,4,Dalton Kellett,229.25,575fd17a6f1be1f5d174cf43e422efde3970314f41803aa9ca4bbb59ff72b75a
PRIMARY_LOYO_2021,PRIMARY,RANDOM_FOREST,2021,11be8bd4-5c39-5bd2-b24f-b6c87f0d885a,INDY500_DAY1_2021,47,Conor Daly,230.427,231.0465187634152,0.6195187634152148,0.6195187634152148,599dee972901168e7297d02344e29079cd45fe0f34813db733b15470fcaab806,2021,47,Conor Daly,230.427,27.726262105306013,37.660917058427486,3.2094518133642373,-0.976148544741374,-0.21710370471113,1001.0271666666666,100.0,830.9966666666667,0,0.0,0.0,0,2021,47,Conor Daly,230.427,575fd17a6f1be1f5d174cf43e422efde3970314f41803aa9ca4bbb59ff72b75a
PRIMARY_LOYO_2021,PRIMARY,RANDOM_FOREST,2021,696a641a-81d7-5a8c-842f-4f3170a4b8e4,INDY500_DAY1_2021,15,Graham Rahal,230.521,231.0465187634152,0.5255187634152207,0.5255187634152207,599dee972901168e7297d02344e29079cd45fe0f34813db733b15470fcaab806,2021,15,Graham Rahal,230.521,27.785928209092905,37.34111220542295,3.2338285232798114,-0.9835332067192823,-0.1807275056002419,1000.9785555555555,100.0,829.4688888888888,0,0.0,0.0,0,2021,15,Graham Rahal,230.521,575fd17a6f1be1f5d174cf43e422efde3970314f41803aa9ca4bbb59ff72b75a
PRIMARY_LOYO_2021,PRIMARY,RANDOM_FOREST,2021,7d5d82b7-9765-51c9-b149-cb7de00d3905,INDY500_DAY1_2021,60,Jack Harvey,225.496,231.0465187634152,5.550518763415198,5.550518763415198,599dee972901168e7297d02344e29079cd45fe0f34813db733b15470fcaab806,2021,60,Jack Harvey,225.496,27.857527533637175,36.95734638181752,3.2630805751785004,-0.990605339652227,-0.1367518228488964,1000.9202222222222,100.0,827.6355555555556,0,0.0,0.0,0,2021,60,Jack Harvey,225.496,575fd17a6f1be1f5d174cf43e422efde3970314f41803aa9ca4bbb59ff72b75a
PRIMARY_LOYO_2021,PRIMARY,RANDOM_FOREST,2021,5f22f207-f450-5086-ab38-14fe980d9fed,INDY500_DAY1_2021,22,Simon Pagenaud,229.778,231.0365887634152,1.2585887634151902,1.2585887634151902,599dee972901168e7297d02344e29079cd45fe0f34813db733b15470fcaab806,2021,22,Simon Pagenaud,229.778,27.918549686008053,36.43710656245649,3.3443363923265768,-0.9915231452022866,-0.1299301832838136,1000.9,100.0,819.195,0,0.0,0.0,0,2021,22,Simon Pagenaud,229.778,575fd17a6f1be1f5d174cf43e422efde3970314f41803aa9ca4bbb59ff72b75a
PRIMARY_LOYO_2021,PRIMARY,RANDOM_FOREST,2021,e9da8645-6367-51bf-8601-3670e9e76c5e,INDY500_DAY1_2021,26,Colton Herta,231.648,231.01750707706432,-0.630492922935673,0.630492922935673,599dee972901168e7297d02344e29079cd45fe0f34813db733b15470fcaab806,2021,26,Colton Herta,231.648,27.942981338501,36.17578929529539,3.392331116211739,-0.9907560888154128,-0.1356553444401872,1000.9,100.0,813.9275,0,0.0,0.0,0,2021,26,Colton Herta,231.648,575fd17a6f1be1f5d174cf43e422efde3970314f41803aa9ca4bbb59ff72b75a
PRIMARY_LOYO_2021,PRIMARY,RANDOM_FOREST,2021,69b27d9b-5386-5a2c-a855-449bb527fca1,INDY500_DAY1_2021,27,Alexander Rossi,231.046,231.01750707706432,-0.0284929229356691,0.0284929229356691,599dee972901168e7297d02344e29079cd45fe0f34813db733b15470fcaab806,2021,27,Alexander Rossi,231.046,27.967250654432533,35.91620835549084,3.4400069382770666,-0.9899614004220928,-0.1413379838342439,1000.9,100.0,808.695,0,0.0,0.0,0,2021,27,Alexander Rossi,231.046,575fd17a6f1be1f5d174cf43e422efde3970314f41803aa9ca4bbb59ff72b75a
PRIMARY_LOYO_2021,PRIMARY,RANDOM_FOREST,2021,8706f570-3435-5de5-89d4-8c45a08fd99c,INDY500_DAY1_2021,8,Marcus Ericsson,231.104,231.00935914849293,-0.09464085150708,0.09464085150708,599dee972901168e7297d02344e29079cd45fe0f34813db733b15470fcaab806,2021,8,Marcus Ericsson,231.104,27.987623892890102,35.69829927224354,3.480029116666355,-0.9892691214899064,-0.1461047749616306,1000.9,100.0,804.3025,0,0.0,0.0,0,2021,8,Marcus Ericsson,231.104,575fd17a6f1be1f5d174cf43e422efde3970314f41803aa9ca4bbb59ff72b75a
PRIMARY_LOYO_2021,PRIMARY,RANDOM_FOREST,2021,8f660bff-74bd-551e-9007-95b730f87e7d,INDY500_DAY1_2021,16,Simona De Silvestro,228.173,231.00935914849293,2.8363591484929316,2.8363591484929316,599dee972901168e7297d02344e29079cd45fe0f34813db733b15470fcaab806,2021,16,Simona De Silvestro,228.173,28.01189320882164,35.43871833243899,3.527704938731682,-0.988414499648534,-0.1517787102479739,1000.9,100.0,799.07,0,0.0,0.0,0,2021,16,Simona De Silvestro,228.173,575fd17a6f1be1f5d174cf43e422efde3970314f41803aa9ca4bbb59ff72b75a
PRIMARY_LOYO_2021,PRIMARY,RANDOM_FOREST,2021,c150c8f9-470c-58e6-8766-44b6b751369f,INDY500_DAY1_2021,11,Charlie Kimball,228.401,231.01356768520856,2.612567685208546,2.612567685208546,599dee972901168e7297d02344e29079cd45fe0f34813db733b15470fcaab806,2021,11,Charlie Kimball,228.401,28.330933973524328,35.428709761176215,3.2218837409123764,-0.997122612311967,-0.0758056463342855,1000.4895555555556,62.992222222222225,925.1383333333332,0,0.0,0.0,0,2021,11,Charlie Kimball,228.401,575fd17a6f1be1f5d174cf43e422efde3970314f41803aa9ca4bbb59ff72b75a
PRIMARY_LOYO_2021,PRIMARY,RANDOM_FOREST,2021,da571070-dc03-5eb8-ac88-efd026c446d8,INDY500_DAY1_2021,14,Sebastien Bourdais,229.744,231.00678092275433,1.262780922754331,1.262780922754331,599dee972901168e7297d02344e29079cd45fe0f34813db733b15470fcaab806,2021,14,Sebastien Bourdais,229.744,28.40095011393231,34.8333353221441,3.1802407169933407,-0.99527906012101,-0.0970545850778765,1000.4226666666668,69.34666666666666,919.62,0,0.0,0.0,0,2021,14,Sebastien Bourdais,229.744,575fd17a6f1be1f5d174cf43e422efde3970314f41803aa9ca4bbb59ff72b75a
PRIMARY_LOYO_2021,PRIMARY,RANDOM_FOREST,2021,d676bd2f-154f-5e4b-aaf0-c7335ff329dd,INDY500_DAY1_2021,75,RC Enerson,227.283,231.00861336719876,3.725613367198775,3.725613367198775,599dee972901168e7297d02344e29079cd45fe0f34813db733b15470fcaab806,2021,75,RC Enerson,227.283,28.470733642578143,34.239938871281524,3.13873604199098,-0.9929911169654844,-0.1181890080660622,1000.356,75.68,914.12,0,0.0,0.0,0,2021,75,RC Enerson,227.283,575fd17a6f1be1f5d174cf43e422efde3970314f41803aa9ca4bbb59ff72b75a
PRIMARY_LOYO_2021,PRIMARY,RANDOM_FOREST,2021,2493785c-dc47-5ba6-8d28-5398e7a11983,INDY500_DAY1_2021,2,Josef Newgarden,230.071,231.08124642067156,1.0102464206715638,1.0102464206715638,599dee972901168e7297d02344e29079cd45fe0f34813db733b15470fcaab806,2021,2,Josef Newgarden,230.071,28.52842135959204,33.749397805235134,3.1044255106556946,-0.990760897226283,-0.1356202216757174,1000.300888888889,80.91555555555556,909.5733333333334,1,7550.0,230.049,1,2021,2,Josef Newgarden,230.071,575fd17a6f1be1f5d174cf43e422efde3970314f41803aa9ca4bbb59ff72b75a
PRIMARY_LOYO_2021,PRIMARY,RANDOM_FOREST,2021,c10dbae2-ca30-5e09-88ab-298fcf7fa163,INDY500_DAY1_2021,21,Rinus VeeKay,231.483,231.11537102178903,-0.367628978210945,0.367628978210945,599dee972901168e7297d02344e29079cd45fe0f34813db733b15470fcaab806,2021,21,Rinus VeeKay,231.483,28.597972276475716,33.1579793425421,3.0630591845700086,-0.987665294514609,-0.1565799029613013,1000.2344444444444,87.22777777777779,904.0916666666668,1,7599.0,230.841,1,2021,21,Rinus VeeKay,231.483,575fd17a6f1be1f5d174cf43e422efde3970314f41803aa9ca4bbb59ff72b75a
PRIMARY_LOYO_2021,PRIMARY,RANDOM_FOREST,2021,b671a083-ccd6-5511-a882-53e7bf202c19,INDY500_DAY1_2021,98,Marco Andretti,229.872,231.0214950985346,1.1494950985346009,1.1494950985346009,599dee972901168e7297d02344e29079cd45fe0f34813db733b15470fcaab806,2021,98,Marco Andretti,229.872,28.66775580512155,32.56458289167952,3.0215545095676477,-0.9841137596197488,-0.1775390326860083,1000.1677777777778,93.5611111111111,898.5916666666667,1,10149.0,229.261,1,2021,98,Marco Andretti,229.872,575fd17a6f1be1f5d174cf43e422efde3970314f41803aa9ca4bbb59ff72b75a
PRIMARY_LOYO_2021,PRIMARY,RANDOM_FOREST,2021,8ff02437-bce9-5d86-b3c7-906d93963538,INDY500_DAY1_2021,60,Jack Harvey,230.191,230.97973432177392,0.7887343217739158,0.7887343217739158,599dee972901168e7297d02344e29079cd45fe0f34813db733b15470fcaab806,2021,60,Jack Harvey,230.191,28.7199548339844,31.94080694557048,2.997666994566795,-0.979974723213792,-0.1991219271251964,1000.096,100.0,874.88,1,3848.0,225.496,1,2021,60,Jack Harvey,230.191,575fd17a6f1be1f5d174cf43e422efde3970314f41803aa9ca4bbb59ff72b75a
PRIMARY_LOYO_2021,PRIMARY,RANDOM_FOREST,2021,09935cc4-f542-569f-b50c-7460e0663860,INDY500_DAY1_2021,25,Stefan Wilson,229.694,230.93939611808727,1.2453961180872852,1.2453961180872852,599dee972901168e7297d02344e29079cd45fe0f34813db733b15470fcaab806,2021,25,Stefan Wilson,229.694,28.687146606445335,31.904950225372644,3.029707577590337,-0.9798476758142546,-0.1997461694286111,1000.089,100.0,843.17,1,9400.0,229.714,1,2021,25,Stefan Wilson,229.694,575fd17a6f1be1f5d174cf43e422efde3970314f41803aa9ca4bbb59ff72b75a
PRIMARY_LOYO_2021,PRIMARY,RANDOM_FOREST,2021,fb947c1e-3d51-506f-bbbc-12ecbcdce5da,INDY500_DAY1_2021,47,Conor Daly,230.273,230.9260403557123,0.6530403557123066,0.6530403557123066,599dee972901168e7297d02344e29079cd45fe0f34813db733b15470fcaab806,2021,47,Conor Daly,230.273,28.572869915432424,31.11384888719617,3.4606669926655913,-0.962900853182666,-0.2698554185857564,999.3204166666666,94.75972222222222,782.8680555555555,1,7609.0,230.427,1,2021,47,Conor Daly,230.273,575fd17a6f1be1f5d174cf43e422efde3970314f41803aa9ca4bbb59ff72b75a
PRIMARY_LOYO_2021,PRIMARY,RANDOM_FOREST,2021,90108456-7f40-5313-a9ff-43273b65d2f0,INDY500_DAY1_2021,26,Colton Herta,230.229,230.9528507527048,0.7238507527048057,0.7238507527048057,599dee972901168e7297d02344e29079cd45fe0f34813db733b15470fcaab806,2021,26,Colton Herta,230.229,28.732695719401065,29.851836942830563,3.583655879818095,-0.9786781276236316,-0.2053999087417097,999.5105555555556,69.25888888888889,731.7311111111111,1,7969.0,231.648,1,2021,26,Colton Herta,230.229,575fd17a6f1be1f5d174cf43e422efde3970314f41803aa9ca4bbb59ff72b75a
PRIMARY_LOYO_2021,PRIMARY,RANDOM_FOREST,2021,f39f497a-d8a0-55e6-8bd1-ef646a4f6e71,INDY500_DAY1_2021,86,Juan Pablo Montoya,229.737,230.89203007499032,1.15503007499035,1.15503007499035,599dee972901168e7297d02344e29079cd45fe0f34813db733b15470fcaab806,2021,86,Juan Pablo Montoya,229.737,28.77489954630536,33.334963559817055,3.148729100454992,-0.9785726345823867,-0.2059019155969325,999.2954166666666,5.770833333333333,666.8416666666667,1,13869.0,229.891,1,2021,86,Juan Pablo Montoya,229.737,575fd17a6f1be1f5d174cf43e422efde3970314f41803aa9ca4bbb59ff72b75a
PRIMARY_LOYO_2021,PRIMARY,RANDOM_FOREST,2021,4085390f-e83a-5315-8def-464aeb920059,INDY500_DAY1_2021,18,Ed Jones,231.044,230.91694771573103,-0.1270522842689558,0.1270522842689558,599dee972901168e7297d02344e29079cd45fe0f34813db733b15470fcaab806,2021,18,Ed Jones,231.044,28.76486495971682,32.92317204124624,3.2004086231596274,-0.9782644104169784,-0.207361383366146,999.28675,5.3375,651.415,1,17281.0,230.246,1,2021,18,Ed Jones,231.044,575fd17a6f1be1f5d174cf43e422efde3970314f41803aa9ca4bbb59ff72b75a
PRIMARY_LOYO_2021,PRIMARY,RANDOM_FOREST,2021,8ac7badc-828c-5c70-bbf4-d92f136c2564,INDY500_DAY1_2021,25,Stefan Wilson,229.632,230.9295675963208,1.2975675963208175,1.2975675963208175,599dee972901168e7297d02344e29079cd45fe0f34813db733b15470fcaab806,2021,25,Stefan Wilson,229.632,28.756213344997853,32.568133840939986,3.244965647542791,-0.9779969184684828,-0.2086193362709974,999.2792777777778,4.963888888888889,638.1144444444444,2,7550.0,229.714,1,2021,25,Stefan Wilson,229.632,575fd17a6f1be1f5d174cf43e422efde3970314f41803aa9ca4bbb59ff72b75a
PRIMARY_LOYO_2021,PRIMARY,RANDOM_FOREST,2021,595096e7-98a7-552c-a5f8-f2f3eeb54d68,INDY500_DAY1_2021,7,Felix Rosenqvist,230.744,230.91725621573104,0.173256215731044,0.173256215731044,599dee972901168e7297d02344e29079cd45fe0f34813db733b15470fcaab806,2021,7,Felix Rosenqvist,230.744,28.738684980604408,31.848818528051854,3.335239172780055,-0.9774500156857168,-0.2111669170016741,999.2641388888889,4.206944444444444,611.1672222222222,1,13545.0,230.498,1,2021,7,Felix Rosenqvist,230.744,575fd17a6f1be1f5d174cf43e422efde3970314f41803aa9ca4bbb59ff72b75a
PRIMARY_LOYO_2021,PRIMARY,RANDOM_FOREST,2021,cb6ab391-510a-562a-a1bc-a173959477a0,INDY500_DAY1_2021,98,Marco Andretti,229.87,230.9068862741966,1.036886274196604,1.036886274196604,599dee972901168e7297d02344e29079cd45fe0f34813db733b15470fcaab806,2021,98,Marco Andretti,229.87,28.730998229980493,31.533375666069723,3.374827012287773,-0.9772080878437274,-0.2122836617660579,999.2575,3.875,599.35,2,9035.0,229.872,1,2021,98,Marco Andretti,229.87,575fd17a6f1be1f5d174cf43e422efde3970314f41803aa9ca4bbb59ff72b75a
PRIMARY_LOYO_2021,PRIMARY,RANDOM_FOREST,2021,adc26df0-920d-5dc7-a952-03b3fb57700a,INDY500_DAY1_2021,16,Simona De Silvestro,228.395,230.8572126331869,2.4622126331868515,2.4622126331868515,599dee972901168e7297d02344e29079cd45fe0f34813db733b15470fcaab806,2021,16,Simona De Silvestro,228.395,28.692510308159743,36.09269790536858,2.950288018829239,-0.9982731139037776,0.0587434256479453,998.5014444444444,51.653333333333336,578.8608333333333,1,11017.0,228.173,1,2021,16,Simona De Silvestro,228.395,575fd17a6f1be1f5d174cf43e422efde3970314f41803aa9ca4bbb59ff72b75a
PRIMARY_LOYO_2021,PRIMARY,RANDOM_FOREST,2021,5aa71106-e201-5143-bb9a-21ccf4063a9e,INDY500_DAY1_2021,12,Will Power,229.228,230.880085284911,1.6520852849109815,1.6520852849109815,599dee972901168e7297d02344e29079cd45fe0f34813db733b15470fcaab806,2021,12,Will Power,229.228,28.690112304687524,36.0727395012078,2.9562650920022797,-0.998927284632383,0.0463063712352194,998.526,45.760000000000005,567.995,1,15138.0,229.052,1,2021,12,Will Power,229.228,575fd17a6f1be1f5d174cf43e422efde3970314f41803aa9ca4bbb59ff72b75a
PRIMARY_LOYO_2021,PRIMARY,RANDOM_FOREST,2021,a5d8e516-48e0-58b8-ac13-213c753fc12d,INDY500_DAY1_2021,4,Dalton Kellett,228.323,230.880085284911,2.557085284910982,2.557085284910982,599dee972901168e7297d02344e29079cd45fe0f34813db733b15470fcaab806,2021,4,Dalton Kellett,228.323,28.681811523437524,36.00365271757433,2.9769549606781904,-0.9999948421636398,0.0032117979571003,998.611,25.36,530.3824999999999,1,14503.0,229.25,1,2021,4,Dalton Kellett,228.323,575fd17a6f1be1f5d174cf43e422efde3970314f41803aa9ca4bbb59ff72b75a
PRIMARY_LOYO_2021,PRIMARY,RANDOM_FOREST,2021,73af9176-8333-59df-915e-2cc1016f64b2,INDY500_DAY1_2021,16,Simona De Silvestro,228.013,230.92489624444173,2.9118962444417207,2.9118962444417207,599dee972901168e7297d02344e29079cd45fe0f34813db733b15470fcaab806,2021,16,Simona De Silvestro,228.013,28.678990342881967,35.980172242091065,2.983986811470003,-0.9999345599531324,-0.0114400966488667,998.6398888888888,18.426666666666662,517.5991666666666,2,1246.0,228.395,1,2021,16,Simona De Silvestro,228.013,575fd17a6f1be1f5d174cf43e422efde3970314f41803aa9ca4bbb59ff72b75a
PRIMARY_LOYO_2021,PRIMARY,HIST_GRADIENT_BOOSTING,2021,d21081ad-a290-598a-a343-73123d94cb55,INDY500_DAY1_2021,9,Scott Dixon,231.828,231.9103650070421,0.0823650070420853,0.0823650070420853,599dee972901168e7297d02344e29079cd45fe0f34813db733b15470fcaab806,2021,9,Scott Dixon,231.828,24.50597290039065,54.31380381865469,2.1681311627761493,-0.2591639758753955,-0.9658333363518042,1001.2106666666668,100.0,431.48,0,0.0,0.0,0,2021,9,Scott Dixon,231.828,575fd17a6f1be1f5d174cf43e422efde3970314f41803aa9ca4bbb59ff72b75a
PRIMARY_LOYO_2021,PRIMARY,HIST_GRADIENT_BOOSTING,2021,c2deab22-d3a0-5601-80f8-4cbf631c8f88,INDY500_DAY1_2021,98,Marco Andretti,229.261,231.9103650070421,2.6493650070420927,2.6493650070420927,599dee972901168e7297d02344e29079cd45fe0f34813db733b15470fcaab806,2021,98,Marco Andretti,229.261,24.65346817016604,53.51708988853375,2.18617055966519,-0.3057356554977253,-0.9521164366596012,1001.2384444444444,100.0,453.56333333333333,0,0.0,0.0,0,2021,98,Marco Andretti,229.261,575fd17a6f1be1f5d174cf43e422efde3970314f41803aa9ca4bbb59ff72b75a
PRIMARY_LOYO_2021,PRIMARY,HIST_GRADIENT_BOOSTING,2021,88cb337e-a17d-5daf-a5c7-2770ed90181f,INDY500_DAY1_2021,28,Ryan Hunter-Reay,231.139,231.87417586507945,0.7351758650794125,0.7351758650794125,599dee972901168e7297d02344e29079cd45fe0f34813db733b15470fcaab806,2021,28,Ryan Hunter-Reay,231.139,24.83046249389651,52.561033172388626,2.207817835932039,-0.3606608805852141,-0.9326970189807072,1001.271777777778,100.0,480.06333333333333,0,0.0,0.0,0,2021,28,Ryan Hunter-Reay,231.139,575fd17a6f1be1f5d174cf43e422efde3970314f41803aa9ca4bbb59ff72b75a
PRIMARY_LOYO_2021,PRIMARY,HIST_GRADIENT_BOOSTING,2021,c52b77d3-be73-50d2-86d6-940d8843fb36,INDY500_DAY1_2021,6,Helio Castroneves,231.164,232.089873613698,0.9258736136980305,0.9258736136980305,599dee972901168e7297d02344e29079cd45fe0f34813db733b15470fcaab806,2021,6,Helio Castroneves,231.164,24.9779577636719,51.76431924226769,2.2258572328210797,-0.4055046576663537,-0.914092978099544,1001.2995555555556,100.0,502.14666666666665,0,0.0,0.0,0,2021,6,Helio Castroneves,231.164,575fd17a6f1be1f5d174cf43e422efde3970314f41803aa9ca4bbb59ff72b75a
PRIMARY_LOYO_2021,PRIMARY,HIST_GRADIENT_BOOSTING,2021,4e9e7c88-ddeb-5840-93be-4f539f6eaf04,INDY500_DAY1_2021,18,Ed Jones,230.246,232.089873613698,1.8438736136980085,1.8438736136980085,599dee972901168e7297d02344e29079cd45fe0f34813db733b15470fcaab806,2021,18,Ed Jones,230.246,25.154952087402368,50.80826252612257,2.247504509087929,-0.4580463821060804,-0.8889282939807521,1001.3328888888888,100.0,528.6466666666666,0,0.0,0.0,0,2021,18,Ed Jones,230.246,575fd17a6f1be1f5d174cf43e422efde3970314f41803aa9ca4bbb59ff72b75a
PRIMARY_LOYO_2021,PRIMARY,HIST_GRADIENT_BOOSTING,2021,95cca25b-de13-5fc7-81bf-9426674aa35c,INDY500_DAY1_2021,29,James Hinchcliffe,230.563,232.1896002845027,1.6266002845027003,1.6266002845027003,599dee972901168e7297d02344e29079cd45fe0f34813db733b15470fcaab806,2021,29,James Hinchcliffe,230.563,25.331946411132837,49.85220580997745,2.269151785354778,-0.5090335456165239,-0.8607466813395624,1001.3662222222224,100.0,555.1466666666666,0,0.0,0.0,0,2021,29,James Hinchcliffe,230.563,575fd17a6f1be1f5d174cf43e422efde3970314f41803aa9ca4bbb59ff72b75a
PRIMARY_LOYO_2021,PRIMARY,HIST_GRADIENT_BOOSTING,2021,8c31470a-6324-527c-bfc3-fe19d8c1dc4d,INDY500_DAY1_2021,25,Stefan Wilson,229.714,232.2398534266222,2.5258534266222057,2.5258534266222057,599dee972901168e7297d02344e29079cd45fe0f34813db733b15470fcaab806,2021,25,Stefan Wilson,229.714,25.508940734863305,48.89614909383233,2.2907990616216267,-0.558293103162542,-0.8296437855858014,1001.3995555555556,100.0,581.6466666666666,0,0.0,0.0,0,2021,25,Stefan Wilson,229.714,575fd17a6f1be1f5d174cf43e422efde3970314f41803aa9ca4bbb59ff72b75a
PRIMARY_LOYO_2021,PRIMARY,HIST_GRADIENT_BOOSTING,2021,6b431530-73f9-5f7c-9847-5092f30c1cb4,INDY500_DAY1_2021,48,Tony Kanaan,231.639,230.98306389449104,-0.655936105508971,0.655936105508971,599dee972901168e7297d02344e29079cd45fe0f34813db733b15470fcaab806,2021,48,Tony Kanaan,231.639,25.83646418253583,47.899937668535166,2.8147723099802575,-0.3485565687258541,-0.9372877457846436,1001.5705,100.0,782.2966666666666,0,0.0,0.0,0,2021,48,Tony Kanaan,231.639,575fd17a6f1be1f5d174cf43e422efde3970314f41803aa9ca4bbb59ff72b75a
PRIMARY_LOYO_2021,PRIMARY,HIST_GRADIENT_BOOSTING,2021,c4c9ba22-d28c-5937-b36c-72fffbbb67b5,INDY500_DAY1_2021,2,Josef Newgarden,230.049,231.48951661431911,1.4405166143191366,1.4405166143191366,599dee972901168e7297d02344e29079cd45fe0f34813db733b15470fcaab806,2021,2,Josef Newgarden,230.049,25.9818677266439,46.57775626689332,2.9028148015884456,-0.3927598269975909,-0.9196410812359476,1001.5955,100.0,770.4633333333334,0,0.0,0.0,0,2021,2,Josef Newgarden,230.049,575fd17a6f1be1f5d174cf43e422efde3970314f41803aa9ca4bbb59ff72b75a
PRIMARY_LOYO_2021,PRIMARY,HIST_GRADIENT_BOOSTING,2021,407a503c-1695-5af6-9b88-28e9d802c8d1,INDY500_DAY1_2021,21,Rinus VeeKay,230.841,231.73150025657577,0.8905002565757343,0.8905002565757343,599dee972901168e7297d02344e29079cd45fe0f34813db733b15470fcaab806,2021,21,Rinus VeeKay,230.841,26.103037346733963,45.47593843219177,2.976183544595269,-0.4289204099235092,-0.9033422839384022,1001.6163333333334,100.0,760.6022222222223,0,0.0,0.0,0,2021,21,Rinus VeeKay,230.841,575fd17a6f1be1f5d174cf43e422efde3970314f41803aa9ca4bbb59ff72b75a
PRIMARY_LOYO_2021,PRIMARY,HIST_GRADIENT_BOOSTING,2021,20b68ba3-153d-53cd-9ef8-e81c295271bf,INDY500_DAY1_2021,3,Scott McLaughlin,230.557,231.73150025657577,1.1745002565757543,1.1745002565757543,599dee972901168e7297d02344e29079cd45fe0f34813db733b15470fcaab806,2021,3,Scott McLaughlin,230.557,26.248440890842037,44.15375703054992,3.064226036203457,-0.4714174486813449,-0.8819101933183284,1001.6413333333334,100.0,748.7688888888889,0,0.0,0.0,0,2021,3,Scott McLaughlin,230.557,575fd17a6f1be1f5d174cf43e422efde3970314f41803aa9ca4bbb59ff72b75a
PRIMARY_LOYO_2021,PRIMARY,HIST_GRADIENT_BOOSTING,2021,0e1c6c84-a0db-504e-9da0-b66aa65a338c,INDY500_DAY1_2021,30,Takuma Sato,230.708,231.73150025657577,1.023500256575744,1.023500256575744,599dee972901168e7297d02344e29079cd45fe0f34813db733b15470fcaab806,2021,30,Takuma Sato,230.708,26.369610510932095,43.05193919584838,3.1375947792102803,-0.5060198917126848,-0.8625218079510122,1001.6621666666668,100.0,738.9077777777777,0,0.0,0.0,0,2021,30,Takuma Sato,230.708,575fd17a6f1be1f5d174cf43e422efde3970314f41803aa9ca4bbb59ff72b75a
PRIMARY_LOYO_2021,PRIMARY,HIST_GRADIENT_BOOSTING,2021,8ea0aaac-52bc-55eb-a43e-39b83d6e866a,INDY500_DAY1_2021,45,Santino Ferrucci,229.949,231.73150025657577,1.7825002565757302,1.7825002565757302,599dee972901168e7297d02344e29079cd45fe0f34813db733b15470fcaab806,2021,45,Santino Ferrucci,229.949,26.51501405504017,41.72975779420653,3.225637270818468,-0.5464872812361112,-0.8374674032146944,1001.6871666666668,100.0,727.0744444444445,0,0.0,0.0,0,2021,45,Santino Ferrucci,229.949,575fd17a6f1be1f5d174cf43e422efde3970314f41803aa9ca4bbb59ff72b75a
PRIMARY_LOYO_2021,PRIMARY,HIST_GRADIENT_BOOSTING,2021,98202c3a-5d68-52fe-91b3-2d520c933594,INDY500_DAY1_2021,51,Pietro Fittipaldi,230.846,231.73150025657577,0.8855002565757388,0.8855002565757388,599dee972901168e7297d02344e29079cd45fe0f34813db733b15470fcaab806,2021,51,Pietro Fittipaldi,230.846,26.704693298339865,40.750593905885495,3.288022456268951,-0.6221641899534415,-0.7828867866681478,1001.623,100.0,732.55,0,0.0,0.0,0,2021,51,Pietro Fittipaldi,230.846,575fd17a6f1be1f5d174cf43e422efde3970314f41803aa9ca4bbb59ff72b75a
PRIMARY_LOYO_2021,PRIMARY,HIST_GRADIENT_BOOSTING,2021,11bd473d-0cf3-56e2-9aa9-fb4487870c59,INDY500_DAY1_2021,86,Juan Pablo Montoya,229.891,231.55064576725525,1.659645767255256,1.659645767255256,599dee972901168e7297d02344e29079cd45fe0f34813db733b15470fcaab806,2021,86,Juan Pablo Montoya,229.891,26.791843872070334,40.52298473759392,3.301045213661587,-0.6621656411093614,-0.7493575006191827,1001.5646666666668,100.0,741.3,0,0.0,0.0,0,2021,86,Juan Pablo Montoya,229.891,575fd17a6f1be1f5d174cf43e422efde3970314f41803aa9ca4bbb59ff72b75a
PRIMARY_LOYO_2021,PRIMARY,HIST_GRADIENT_BOOSTING,2021,f31f214f-a151-5b1d-afaf-bb7103c2d514,INDY500_DAY1_2021,1,JR Hildebrand,229.98,231.55064576725525,1.5706457672552574,1.5706457672552574,599dee972901168e7297d02344e29079cd45fe0f34813db733b15470fcaab806,2021,1,JR Hildebrand,229.98,26.878994445800803,40.295375569302344,3.314067971054223,-0.7003631351285774,-0.7137867181118391,1001.5063333333334,100.0,750.05,0,0.0,0.0,0,2021,1,JR Hildebrand,229.98,575fd17a6f1be1f5d174cf43e422efde3970314f41803aa9ca4bbb59ff72b75a
PRIMARY_LOYO_2021,PRIMARY,HIST_GRADIENT_BOOSTING,2021,6992580a-0371-5eda-b01d-2adaca099ff4,INDY500_DAY1_2021,12,Will Power,229.052,232.0502317248641,2.998231724864098,2.998231724864098,599dee972901168e7297d02344e29079cd45fe0f34813db733b15470fcaab806,2021,12,Will Power,229.052,26.96614501953127,40.067766401010765,3.327090728446859,-0.7366526094659158,-0.6762713456646355,1001.448,100.0,758.8,0,0.0,0.0,0,2021,12,Will Power,229.052,575fd17a6f1be1f5d174cf43e422efde3970314f41803aa9ca4bbb59ff72b75a
PRIMARY_LOYO_2021,PRIMARY,HIST_GRADIENT_BOOSTING,2021,bcd24d81-7b19-5290-b6d7-b3ce5ce41195,INDY500_DAY1_2021,20,Ed Carpenter,231.616,231.98274804899756,0.3667480489975503,0.3667480489975503,599dee972901168e7297d02344e29079cd45fe0f34813db733b15470fcaab806,2021,20,Ed Carpenter,231.616,27.03877049764,39.87809209410112,3.3379430262740555,-0.7653648346820955,-0.6435966670454786,1001.3993888888888,100.0,766.0916666666667,0,0.0,0.0,0,2021,20,Ed Carpenter,231.616,575fd17a6f1be1f5d174cf43e422efde3970314f41803aa9ca4bbb59ff72b75a
PRIMARY_LOYO_2021,PRIMARY,HIST_GRADIENT_BOOSTING,2021,258b87c8-7f46-5d1a-b0b9-73c0b2a871dc,INDY500_DAY1_2021,5,Pato O'Ward,230.864,232.46801367919753,1.6040136791975217,1.6040136791975217,599dee972901168e7297d02344e29079cd45fe0f34813db733b15470fcaab806,2021,5,Pato O'Ward,230.864,27.46373124864369,39.06805841164744,3.1021942897357113,-0.9278553524522124,-0.3729402699170209,1001.2410555555556,100.0,837.7188888888888,0,0.0,0.0,0,2021,5,Pato O'Ward,230.864,575fd17a6f1be1f5d174cf43e422efde3970314f41803aa9ca4bbb59ff72b75a
PRIMARY_LOYO_2021,PRIMARY,HIST_GRADIENT_BOOSTING,2021,4bfd7a23-3f35-5bcf-9655-c286d7ee30ed,INDY500_DAY1_2021,7,Felix Rosenqvist,230.498,232.46801367919753,1.9700136791975351,1.9700136791975351,599dee972901168e7297d02344e29079cd45fe0f34813db733b15470fcaab806,2021,7,Felix Rosenqvist,230.498,27.535330573187956,38.684292588042,3.1314463416344003,-0.9435418859406812,-0.3312532407018875,1001.1827222222222,100.0,835.8855555555556,0,0.0,0.0,0,2021,7,Felix Rosenqvist,230.498,575fd17a6f1be1f5d174cf43e422efde3970314f41803aa9ca4bbb59ff72b75a
PRIMARY_LOYO_2021,PRIMARY,HIST_GRADIENT_BOOSTING,2021,a73699bb-b202-59f3-a140-bd7e85f00aff,INDY500_DAY1_2021,59,Max Chilton,229.417,232.46801367919753,3.051013679197524,3.051013679197524,599dee972901168e7297d02344e29079cd45fe0f34813db733b15470fcaab806,2021,59,Max Chilton,229.417,27.594996676974848,38.364487735037464,3.1558230515499743,-0.955185306051074,-0.2960084983646854,1001.1341111111112,100.0,834.3577777777778,0,0.0,0.0,0,2021,59,Max Chilton,229.417,575fd17a6f1be1f5d174cf43e422efde3970314f41803aa9ca4bbb59ff72b75a
PRIMARY_LOYO_2021,PRIMARY,HIST_GRADIENT_BOOSTING,2021,099ab32a-d351-5011-931c-148b9f3d7921,INDY500_DAY1_2021,4,Dalton Kellett,229.25,232.46801367919753,3.218013679197526,3.218013679197526,599dee972901168e7297d02344e29079cd45fe0f34813db733b15470fcaab806,2021,4,Dalton Kellett,229.25,27.66659600151912,37.98072191143202,3.1850751034486633,-0.9674189832762806,-0.2531807867842415,1001.0757777777776,100.0,832.5244444444445,0,0.0,0.0,0,2021,4,Dalton Kellett,229.25,575fd17a6f1be1f5d174cf43e422efde3970314f41803aa9ca4bbb59ff72b75a
PRIMARY_LOYO_2021,PRIMARY,HIST_GRADIENT_BOOSTING,2021,11be8bd4-5c39-5bd2-b24f-b6c87f0d885a,INDY500_DAY1_2021,47,Conor Daly,230.427,232.46801367919753,2.0410136791975333,2.0410136791975333,599dee972901168e7297d02344e29079cd45fe0f34813db733b15470fcaab806,2021,47,Conor Daly,230.427,27.726262105306013,37.660917058427486,3.2094518133642373,-0.976148544741374,-0.21710370471113,1001.0271666666666,100.0,830.9966666666667,0,0.0,0.0,0,2021,47,Conor Daly,230.427,575fd17a6f1be1f5d174cf43e422efde3970314f41803aa9ca4bbb59ff72b75a
PRIMARY_LOYO_2021,PRIMARY,HIST_GRADIENT_BOOSTING,2021,696a641a-81d7-5a8c-842f-4f3170a4b8e4,INDY500_DAY1_2021,15,Graham Rahal,230.521,232.46801367919753,1.9470136791975392,1.9470136791975392,599dee972901168e7297d02344e29079cd45fe0f34813db733b15470fcaab806,2021,15,Graham Rahal,230.521,27.785928209092905,37.34111220542295,3.2338285232798114,-0.9835332067192823,-0.1807275056002419,1000.9785555555555,100.0,829.4688888888888,0,0.0,0.0,0,2021,15,Graham Rahal,230.521,575fd17a6f1be1f5d174cf43e422efde3970314f41803aa9ca4bbb59ff72b75a
PRIMARY_LOYO_2021,PRIMARY,HIST_GRADIENT_BOOSTING,2021,7d5d82b7-9765-51c9-b149-cb7de00d3905,INDY500_DAY1_2021,60,Jack Harvey,225.496,232.46801367919753,6.9720136791975165,6.9720136791975165,599dee972901168e7297d02344e29079cd45fe0f34813db733b15470fcaab806,2021,60,Jack Harvey,225.496,27.857527533637175,36.95734638181752,3.2630805751785004,-0.990605339652227,-0.1367518228488964,1000.9202222222222,100.0,827.6355555555556,0,0.0,0.0,0,2021,60,Jack Harvey,225.496,575fd17a6f1be1f5d174cf43e422efde3970314f41803aa9ca4bbb59ff72b75a
PRIMARY_LOYO_2021,PRIMARY,HIST_GRADIENT_BOOSTING,2021,5f22f207-f450-5086-ab38-14fe980d9fed,INDY500_DAY1_2021,22,Simon Pagenaud,229.778,232.37169478740847,2.593694787408481,2.593694787408481,599dee972901168e7297d02344e29079cd45fe0f34813db733b15470fcaab806,2021,22,Simon Pagenaud,229.778,27.918549686008053,36.43710656245649,3.3443363923265768,-0.9915231452022866,-0.1299301832838136,1000.9,100.0,819.195,0,0.0,0.0,0,2021,22,Simon Pagenaud,229.778,575fd17a6f1be1f5d174cf43e422efde3970314f41803aa9ca4bbb59ff72b75a
PRIMARY_LOYO_2021,PRIMARY,HIST_GRADIENT_BOOSTING,2021,e9da8645-6367-51bf-8601-3670e9e76c5e,INDY500_DAY1_2021,26,Colton Herta,231.648,232.09567830157917,0.4476783015791739,0.4476783015791739,599dee972901168e7297d02344e29079cd45fe0f34813db733b15470fcaab806,2021,26,Colton Herta,231.648,27.942981338501,36.17578929529539,3.392331116211739,-0.9907560888154128,-0.1356553444401872,1000.9,100.0,813.9275,0,0.0,0.0,0,2021,26,Colton Herta,231.648,575fd17a6f1be1f5d174cf43e422efde3970314f41803aa9ca4bbb59ff72b75a
PRIMARY_LOYO_2021,PRIMARY,HIST_GRADIENT_BOOSTING,2021,69b27d9b-5386-5a2c-a855-449bb527fca1,INDY500_DAY1_2021,27,Alexander Rossi,231.046,232.09567830157917,1.0496783015791775,1.0496783015791775,599dee972901168e7297d02344e29079cd45fe0f34813db733b15470fcaab806,2021,27,Alexander Rossi,231.046,27.967250654432533,35.91620835549084,3.4400069382770666,-0.9899614004220928,-0.1413379838342439,1000.9,100.0,808.695,0,0.0,0.0,0,2021,27,Alexander Rossi,231.046,575fd17a6f1be1f5d174cf43e422efde3970314f41803aa9ca4bbb59ff72b75a
PRIMARY_LOYO_2021,PRIMARY,HIST_GRADIENT_BOOSTING,2021,8706f570-3435-5de5-89d4-8c45a08fd99c,INDY500_DAY1_2021,8,Marcus Ericsson,231.104,232.09567830157917,0.9916783015791566,0.9916783015791566,599dee972901168e7297d02344e29079cd45fe0f34813db733b15470fcaab806,2021,8,Marcus Ericsson,231.104,27.987623892890102,35.69829927224354,3.480029116666355,-0.9892691214899064,-0.1461047749616306,1000.9,100.0,804.3025,0,0.0,0.0,0,2021,8,Marcus Ericsson,231.104,575fd17a6f1be1f5d174cf43e422efde3970314f41803aa9ca4bbb59ff72b75a
PRIMARY_LOYO_2021,PRIMARY,HIST_GRADIENT_BOOSTING,2021,8f660bff-74bd-551e-9007-95b730f87e7d,INDY500_DAY1_2021,16,Simona De Silvestro,228.173,232.01386852772671,3.840868527726713,3.840868527726713,599dee972901168e7297d02344e29079cd45fe0f34813db733b15470fcaab806,2021,16,Simona De Silvestro,228.173,28.01189320882164,35.43871833243899,3.527704938731682,-0.988414499648534,-0.1517787102479739,1000.9,100.0,799.07,0,0.0,0.0,0,2021,16,Simona De Silvestro,228.173,575fd17a6f1be1f5d174cf43e422efde3970314f41803aa9ca4bbb59ff72b75a
PRIMARY_LOYO_2021,PRIMARY,HIST_GRADIENT_BOOSTING,2021,c150c8f9-470c-58e6-8766-44b6b751369f,INDY500_DAY1_2021,11,Charlie Kimball,228.401,231.82457778538063,3.423577785380644,3.423577785380644,599dee972901168e7297d02344e29079cd45fe0f34813db733b15470fcaab806,2021,11,Charlie Kimball,228.401,28.330933973524328,35.428709761176215,3.2218837409123764,-0.997122612311967,-0.0758056463342855,1000.4895555555556,62.992222222222225,925.1383333333332,0,0.0,0.0,0,2021,11,Charlie Kimball,228.401,575fd17a6f1be1f5d174cf43e422efde3970314f41803aa9ca4bbb59ff72b75a
PRIMARY_LOYO_2021,PRIMARY,HIST_GRADIENT_BOOSTING,2021,da571070-dc03-5eb8-ac88-efd026c446d8,INDY500_DAY1_2021,14,Sebastien Bourdais,229.744,231.82457778538063,2.080577785380654,2.080577785380654,599dee972901168e7297d02344e29079cd45fe0f34813db733b15470fcaab806,2021,14,Sebastien Bourdais,229.744,28.40095011393231,34.8333353221441,3.1802407169933407,-0.99527906012101,-0.0970545850778765,1000.4226666666668,69.34666666666666,919.62,0,0.0,0.0,0,2021,14,Sebastien Bourdais,229.744,575fd17a6f1be1f5d174cf43e422efde3970314f41803aa9ca4bbb59ff72b75a
PRIMARY_LOYO_2021,PRIMARY,HIST_GRADIENT_BOOSTING,2021,d676bd2f-154f-5e4b-aaf0-c7335ff329dd,INDY500_DAY1_2021,75,RC Enerson,227.283,231.82457778538063,4.541577785380667,4.541577785380667,599dee972901168e7297d02344e29079cd45fe0f34813db733b15470fcaab806,2021,75,RC Enerson,227.283,28.470733642578143,34.239938871281524,3.13873604199098,-0.9929911169654844,-0.1181890080660622,1000.356,75.68,914.12,0,0.0,0.0,0,2021,75,RC Enerson,227.283,575fd17a6f1be1f5d174cf43e422efde3970314f41803aa9ca4bbb59ff72b75a
PRIMARY_LOYO_2021,PRIMARY,HIST_GRADIENT_BOOSTING,2021,2493785c-dc47-5ba6-8d28-5398e7a11983,INDY500_DAY1_2021,2,Josef Newgarden,230.071,231.9249548871876,1.853954887187598,1.853954887187598,599dee972901168e7297d02344e29079cd45fe0f34813db733b15470fcaab806,2021,2,Josef Newgarden,230.071,28.52842135959204,33.749397805235134,3.1044255106556946,-0.990760897226283,-0.1356202216757174,1000.300888888889,80.91555555555556,909.5733333333334,1,7550.0,230.049,1,2021,2,Josef Newgarden,230.071,575fd17a6f1be1f5d174cf43e422efde3970314f41803aa9ca4bbb59ff72b75a
PRIMARY_LOYO_2021,PRIMARY,HIST_GRADIENT_BOOSTING,2021,c10dbae2-ca30-5e09-88ab-298fcf7fa163,INDY500_DAY1_2021,21,Rinus VeeKay,231.483,232.4556627155921,0.9726627155920936,0.9726627155920936,599dee972901168e7297d02344e29079cd45fe0f34813db733b15470fcaab806,2021,21,Rinus VeeKay,231.483,28.597972276475716,33.1579793425421,3.0630591845700086,-0.987665294514609,-0.1565799029613013,1000.2344444444444,87.22777777777779,904.0916666666668,1,7599.0,230.841,1,2021,21,Rinus VeeKay,231.483,575fd17a6f1be1f5d174cf43e422efde3970314f41803aa9ca4bbb59ff72b75a
PRIMARY_LOYO_2021,PRIMARY,HIST_GRADIENT_BOOSTING,2021,b671a083-ccd6-5511-a882-53e7bf202c19,INDY500_DAY1_2021,98,Marco Andretti,229.872,233.06790000080937,3.1959000008093312,3.1959000008093312,599dee972901168e7297d02344e29079cd45fe0f34813db733b15470fcaab806,2021,98,Marco Andretti,229.872,28.66775580512155,32.56458289167952,3.0215545095676477,-0.9841137596197488,-0.1775390326860083,1000.1677777777778,93.5611111111111,898.5916666666667,1,10149.0,229.261,1,2021,98,Marco Andretti,229.872,575fd17a6f1be1f5d174cf43e422efde3970314f41803aa9ca4bbb59ff72b75a
PRIMARY_LOYO_2021,PRIMARY,HIST_GRADIENT_BOOSTING,2021,8ff02437-bce9-5d86-b3c7-906d93963538,INDY500_DAY1_2021,60,Jack Harvey,230.191,232.92562313229695,2.7346231322969743,2.7346231322969743,599dee972901168e7297d02344e29079cd45fe0f34813db733b15470fcaab806,2021,60,Jack Harvey,230.191,28.7199548339844,31.94080694557048,2.997666994566795,-0.979974723213792,-0.1991219271251964,1000.096,100.0,874.88,1,3848.0,225.496,1,2021,60,Jack Harvey,230.191,575fd17a6f1be1f5d174cf43e422efde3970314f41803aa9ca4bbb59ff72b75a
PRIMARY_LOYO_2021,PRIMARY,HIST_GRADIENT_BOOSTING,2021,09935cc4-f542-569f-b50c-7460e0663860,INDY500_DAY1_2021,25,Stefan Wilson,229.694,232.44485234039925,2.750852340399262,2.750852340399262,599dee972901168e7297d02344e29079cd45fe0f34813db733b15470fcaab806,2021,25,Stefan Wilson,229.694,28.687146606445335,31.904950225372644,3.029707577590337,-0.9798476758142546,-0.1997461694286111,1000.089,100.0,843.17,1,9400.0,229.714,1,2021,25,Stefan Wilson,229.694,575fd17a6f1be1f5d174cf43e422efde3970314f41803aa9ca4bbb59ff72b75a
PRIMARY_LOYO_2021,PRIMARY,HIST_GRADIENT_BOOSTING,2021,fb947c1e-3d51-506f-bbbc-12ecbcdce5da,INDY500_DAY1_2021,47,Conor Daly,230.273,231.60738507419953,1.3343850741995311,1.3343850741995311,599dee972901168e7297d02344e29079cd45fe0f34813db733b15470fcaab806,2021,47,Conor Daly,230.273,28.572869915432424,31.11384888719617,3.4606669926655913,-0.962900853182666,-0.2698554185857564,999.3204166666666,94.75972222222222,782.8680555555555,1,7609.0,230.427,1,2021,47,Conor Daly,230.273,575fd17a6f1be1f5d174cf43e422efde3970314f41803aa9ca4bbb59ff72b75a
PRIMARY_LOYO_2021,PRIMARY,HIST_GRADIENT_BOOSTING,2021,90108456-7f40-5313-a9ff-43273b65d2f0,INDY500_DAY1_2021,26,Colton Herta,230.229,231.60738507419953,1.3783850741995138,1.3783850741995138,599dee972901168e7297d02344e29079cd45fe0f34813db733b15470fcaab806,2021,26,Colton Herta,230.229,28.732695719401065,29.851836942830563,3.583655879818095,-0.9786781276236316,-0.2053999087417097,999.5105555555556,69.25888888888889,731.7311111111111,1,7969.0,231.648,1,2021,26,Colton Herta,230.229,575fd17a6f1be1f5d174cf43e422efde3970314f41803aa9ca4bbb59ff72b75a
PRIMARY_LOYO_2021,PRIMARY,HIST_GRADIENT_BOOSTING,2021,f39f497a-d8a0-55e6-8bd1-ef646a4f6e71,INDY500_DAY1_2021,86,Juan Pablo Montoya,229.737,231.6800351484927,1.943035148492697,1.943035148492697,599dee972901168e7297d02344e29079cd45fe0f34813db733b15470fcaab806,2021,86,Juan Pablo Montoya,229.737,28.77489954630536,33.334963559817055,3.148729100454992,-0.9785726345823867,-0.2059019155969325,999.2954166666666,5.770833333333333,666.8416666666667,1,13869.0,229.891,1,2021,86,Juan Pablo Montoya,229.737,575fd17a6f1be1f5d174cf43e422efde3970314f41803aa9ca4bbb59ff72b75a
PRIMARY_LOYO_2021,PRIMARY,HIST_GRADIENT_BOOSTING,2021,4085390f-e83a-5315-8def-464aeb920059,INDY500_DAY1_2021,18,Ed Jones,231.044,231.60738507419953,0.5633850741995161,0.5633850741995161,599dee972901168e7297d02344e29079cd45fe0f34813db733b15470fcaab806,2021,18,Ed Jones,231.044,28.76486495971682,32.92317204124624,3.2004086231596274,-0.9782644104169784,-0.207361383366146,999.28675,5.3375,651.415,1,17281.0,230.246,1,2021,18,Ed Jones,231.044,575fd17a6f1be1f5d174cf43e422efde3970314f41803aa9ca4bbb59ff72b75a
PRIMARY_LOYO_2021,PRIMARY,HIST_GRADIENT_BOOSTING,2021,8ac7badc-828c-5c70-bbf4-d92f136c2564,INDY500_DAY1_2021,25,Stefan Wilson,229.632,231.6800351484927,2.048035148492687,2.048035148492687,599dee972901168e7297d02344e29079cd45fe0f34813db733b15470fcaab806,2021,25,Stefan Wilson,229.632,28.756213344997853,32.568133840939986,3.244965647542791,-0.9779969184684828,-0.2086193362709974,999.2792777777778,4.963888888888889,638.1144444444444,2,7550.0,229.714,1,2021,25,Stefan Wilson,229.632,575fd17a6f1be1f5d174cf43e422efde3970314f41803aa9ca4bbb59ff72b75a
PRIMARY_LOYO_2021,PRIMARY,HIST_GRADIENT_BOOSTING,2021,595096e7-98a7-552c-a5f8-f2f3eeb54d68,INDY500_DAY1_2021,7,Felix Rosenqvist,230.744,231.60738507419953,0.8633850741995275,0.8633850741995275,599dee972901168e7297d02344e29079cd45fe0f34813db733b15470fcaab806,2021,7,Felix Rosenqvist,230.744,28.738684980604408,31.848818528051854,3.335239172780055,-0.9774500156857168,-0.2111669170016741,999.2641388888889,4.206944444444444,611.1672222222222,1,13545.0,230.498,1,2021,7,Felix Rosenqvist,230.744,575fd17a6f1be1f5d174cf43e422efde3970314f41803aa9ca4bbb59ff72b75a
PRIMARY_LOYO_2021,PRIMARY,HIST_GRADIENT_BOOSTING,2021,cb6ab391-510a-562a-a1bc-a173959477a0,INDY500_DAY1_2021,98,Marco Andretti,229.87,231.6800351484927,1.8100351484926875,1.8100351484926875,599dee972901168e7297d02344e29079cd45fe0f34813db733b15470fcaab806,2021,98,Marco Andretti,229.87,28.730998229980493,31.533375666069723,3.374827012287773,-0.9772080878437274,-0.2122836617660579,999.2575,3.875,599.35,2,9035.0,229.872,1,2021,98,Marco Andretti,229.87,575fd17a6f1be1f5d174cf43e422efde3970314f41803aa9ca4bbb59ff72b75a
PRIMARY_LOYO_2021,PRIMARY,HIST_GRADIENT_BOOSTING,2021,adc26df0-920d-5dc7-a952-03b3fb57700a,INDY500_DAY1_2021,16,Simona De Silvestro,228.395,231.6800351484927,3.285035148492682,3.285035148492682,599dee972901168e7297d02344e29079cd45fe0f34813db733b15470fcaab806,2021,16,Simona De Silvestro,228.395,28.692510308159743,36.09269790536858,2.950288018829239,-0.9982731139037776,0.0587434256479453,998.5014444444444,51.653333333333336,578.8608333333333,1,11017.0,228.173,1,2021,16,Simona De Silvestro,228.395,575fd17a6f1be1f5d174cf43e422efde3970314f41803aa9ca4bbb59ff72b75a
PRIMARY_LOYO_2021,PRIMARY,HIST_GRADIENT_BOOSTING,2021,5aa71106-e201-5143-bb9a-21ccf4063a9e,INDY500_DAY1_2021,12,Will Power,229.228,231.6800351484927,2.452035148492683,2.452035148492683,599dee972901168e7297d02344e29079cd45fe0f34813db733b15470fcaab806,2021,12,Will Power,229.228,28.690112304687524,36.0727395012078,2.9562650920022797,-0.998927284632383,0.0463063712352194,998.526,45.760000000000005,567.995,1,15138.0,229.052,1,2021,12,Will Power,229.228,575fd17a6f1be1f5d174cf43e422efde3970314f41803aa9ca4bbb59ff72b75a
PRIMARY_LOYO_2021,PRIMARY,HIST_GRADIENT_BOOSTING,2021,a5d8e516-48e0-58b8-ac13-213c753fc12d,INDY500_DAY1_2021,4,Dalton Kellett,228.323,231.6800351484927,3.3570351484926846,3.3570351484926846,599dee972901168e7297d02344e29079cd45fe0f34813db733b15470fcaab806,2021,4,Dalton Kellett,228.323,28.681811523437524,36.00365271757433,2.9769549606781904,-0.9999948421636398,0.0032117979571003,998.611,25.36,530.3824999999999,1,14503.0,229.25,1,2021,4,Dalton Kellett,228.323,575fd17a6f1be1f5d174cf43e422efde3970314f41803aa9ca4bbb59ff72b75a
PRIMARY_LOYO_2021,PRIMARY,HIST_GRADIENT_BOOSTING,2021,73af9176-8333-59df-915e-2cc1016f64b2,INDY500_DAY1_2021,16,Simona De Silvestro,228.013,231.6800351484927,3.667035148492687,3.667035148492687,599dee972901168e7297d02344e29079cd45fe0f34813db733b15470fcaab806,2021,16,Simona De Silvestro,228.013,28.678990342881967,35.980172242091065,2.983986811470003,-0.9999345599531324,-0.0114400966488667,998.6398888888888,18.426666666666662,517.5991666666666,2,1246.0,228.395,1,2021,16,Simona De Silvestro,228.013,575fd17a6f1be1f5d174cf43e422efde3970314f41803aa9ca4bbb59ff72b75a
PRIMARY_LOYO_2023,PRIMARY,MEAN_BASELINE,2023,67f2af5c-ca4c-55e7-8c2a-5361873b43cc,INDY500_DAY1_2023,8,Marcus Ericsson,232.735,229.7161590909091,-3.018840909090926,3.018840909090926,599dee972901168e7297d02344e29079cd45fe0f34813db733b15470fcaab806,2023,8,Marcus Ericsson,232.735,15.30934736463761,57.91804373005335,4.463453075386184,-0.3575323717425996,0.9339007458804772,992.8685555555556,1.0,851.408,0,0.0,0.0,0,2023,8,Marcus Ericsson,232.735,575fd17a6f1be1f5d174cf43e422efde3970314f41803aa9ca4bbb59ff72b75a
PRIMARY_LOYO_2023,PRIMARY,MEAN_BASELINE,2023,14c2e6a1-d204-5d45-adf6-473781a78254,INDY500_DAY1_2023,7,Alexander Rossi,233.528,229.7161590909091,-3.811840909090904,3.811840909090904,599dee972901168e7297d02344e29079cd45fe0f34813db733b15470fcaab806,2023,7,Alexander Rossi,233.528,15.781152123345292,58.06698052704467,4.498080696411198,-0.4228946787804508,0.9061788403285408,993.0224444444444,4.775555555555556,859.2682777777778,0,0.0,0.0,0,2023,7,Alexander Rossi,233.528,575fd17a6f1be1f5d174cf43e422efde3970314f41803aa9ca4bbb59ff72b75a
PRIMARY_LOYO_2023,PRIMARY,MEAN_BASELINE,2023,ad6c40ac-4389-5426-b8e5-1d130ac9da81,INDY500_DAY1_2023,9,Scott Dixon,232.914,229.7161590909091,-3.1978409090908997,3.1978409090908997,599dee972901168e7297d02344e29079cd45fe0f34813db733b15470fcaab806,2023,9,Scott Dixon,232.914,15.857525702582487,57.71209395523847,4.538822456586054,-0.4176294560595551,0.9086174318333322,993.0515555555556,4.484444444444444,869.6682222222223,0,0.0,0.0,0,2023,9,Scott Dixon,232.914,575fd17a6f1be1f5d174cf43e422efde3970314f41803aa9ca4bbb59ff72b75a
PRIMARY_LOYO_2023,PRIMARY,MEAN_BASELINE,2023,5ff6581d-9433-56e7-89ca-1cba397b1eb5,INDY500_DAY1_2023,55,Benjamin Pedersen,232.739,229.7161590909091,-3.0228409090909167,3.0228409090909167,599dee972901168e7297d02344e29079cd45fe0f34813db733b15470fcaab806,2023,55,Benjamin Pedersen,232.739,16.01027286105688,57.002320811626085,4.620305976935767,-0.4070570044946894,0.9134027562317788,993.1097777777778,3.902222222222222,890.4681111111112,0,0.0,0.0,0,2023,55,Benjamin Pedersen,232.739,575fd17a6f1be1f5d174cf43e422efde3970314f41803aa9ca4bbb59ff72b75a
PRIMARY_LOYO_2023,PRIMARY,MEAN_BASELINE,2023,09f4cf1e-3fb8-5bfc-808c-b733eb495b54,INDY500_DAY1_2023,66,Tony Kanaan,232.446,229.7161590909091,-2.7298409090909104,2.7298409090909104,599dee972901168e7297d02344e29079cd45fe0f34813db733b15470fcaab806,2023,66,Tony Kanaan,232.446,16.263781161838132,55.80665029368235,4.75323784443219,-0.3898375617842839,0.9208836383724518,993.2086666666668,2.971111111111111,923.7154444444444,0,0.0,0.0,0,2023,66,Tony Kanaan,232.446,575fd17a6f1be1f5d174cf43e422efde3970314f41803aa9ca4bbb59ff72b75a
PRIMARY_LOYO_2023,PRIMARY,MEAN_BASELINE,2023,04dd64f3-9175-537b-b611-47d98856e4b7,INDY500_DAY1_2023,33,Ed Carpenter,232.62,229.7161590909091,-2.903840909090917,2.903840909090917,599dee972901168e7297d02344e29079cd45fe0f34813db733b15470fcaab806,2023,33,Ed Carpenter,232.62,16.348146930270747,55.325842863999625,4.786683546558049,-0.3861778828384094,0.92242432904084,993.2521666666668,2.826111111111111,928.8121944444443,0,0.0,0.0,0,2023,33,Ed Carpenter,232.62,575fd17a6f1be1f5d174cf43e422efde3970314f41803aa9ca4bbb59ff72b75a
PRIMARY_LOYO_2023,PRIMARY,MEAN_BASELINE,2023,66a44749-a775-58cd-858d-98e243eba973,INDY500_DAY1_2023,50,RC Enerson,231.129,229.7161590909091,-1.412840909090903,1.412840909090903,599dee972901168e7297d02344e29079cd45fe0f34813db733b15470fcaab806,2023,50,RC Enerson,231.129,16.432835939195442,54.84319326025681,4.820257393136497,-0.3824980583121277,0.9239562951717208,993.2958333333332,2.6805555555555554,933.9284722222222,0,0.0,0.0,0,2023,50,RC Enerson,231.129,575fd17a6f1be1f5d174cf43e422efde3970314f41803aa9ca4bbb59ff72b75a
PRIMARY_LOYO_2023,PRIMARY,MEAN_BASELINE,2023,f10d3a91-6f0d-59f0-9ea9-4db5cf6e44b9,INDY500_DAY1_2023,29,Devlin DeFrancesco,231.273,229.7161590909091,-1.5568409090909086,1.5568409090909086,599dee972901168e7297d02344e29079cd45fe0f34813db733b15470fcaab806,2023,29,Devlin DeFrancesco,231.273,16.70047906663685,53.31787313850471,4.926360999880601,-0.3708290159358444,0.9287011580374244,993.4338333333334,2.2205555555555554,950.0974722222222,0,0.0,0.0,0,2023,29,Devlin DeFrancesco,231.273,575fd17a6f1be1f5d174cf43e422efde3970314f41803aa9ca4bbb59ff72b75a
PRIMARY_LOYO_2023,PRIMARY,MEAN_BASELINE,2023,5d48192b-5510-5e99-b8c1-6f8dbd074ad7,INDY500_DAY1_2023,21,Rinus VeeKay,233.395,229.7161590909091,-3.678840909090922,3.678840909090922,599dee972901168e7297d02344e29079cd45fe0f34813db733b15470fcaab806,2023,21,Rinus VeeKay,233.395,17.395021184285504,49.368336464127346,4.481750430414624,-0.4416442556513667,0.8971902537645793,992.7973611111112,1.5430555555555556,959.8258333333332,0,0.0,0.0,0,2023,21,Rinus VeeKay,233.395,575fd17a6f1be1f5d174cf43e422efde3970314f41803aa9ca4bbb59ff72b75a
PRIMARY_LOYO_2023,PRIMARY,MEAN_BASELINE,2023,86528548-acb2-5972-a3cd-583a1a3f0514,INDY500_DAY1_2023,5,Pato O'Ward,233.252,229.7161590909091,-3.535840909090922,3.535840909090922,599dee972901168e7297d02344e29079cd45fe0f34813db733b15470fcaab806,2023,5,Pato O'Ward,233.252,17.506615931193057,48.72866625697728,4.518482073785856,-0.4433965775949849,0.8963255407367652,992.8841388888889,1.6219444444444444,965.5531666666668,0,0.0,0.0,0,2023,5,Pato O'Ward,233.252,575fd17a6f1be1f5d174cf43e422efde3970314f41803aa9ca4bbb59ff72b75a
PRIMARY_LOYO_2023,PRIMARY,MEAN_BASELINE,2023,f7e8b948-2fd0-5183-971b-aaea5c66c226,INDY500_DAY1_2023,77,Callum Ilott,227.72,229.7161590909091,1.9961590909090887,1.9961590909090887,599dee972901168e7297d02344e29079cd45fe0f34813db733b15470fcaab806,2023,77,Callum Ilott,227.72,17.611530710856144,48.12728616786086,4.553014992025712,-0.4450424630848962,0.895509467315298,992.9657222222222,1.6961111111111111,970.9376666666668,0,0.0,0.0,0,2023,77,Callum Ilott,227.72,575fd17a6f1be1f5d174cf43e422efde3970314f41803aa9ca4bbb59ff72b75a
PRIMARY_LOYO_2023,PRIMARY,MEAN_BASELINE,2023,55b6b39a-d64a-5a38-9dbc-84a9faac294b,INDY500_DAY1_2023,11,Takuma Sato,232.857,229.7161590909091,-3.1408409090909117,3.1408409090909117,599dee972901168e7297d02344e29079cd45fe0f34813db733b15470fcaab806,2023,11,Takuma Sato,232.857,17.841793111165387,46.80740327564278,4.628806340671989,-0.4486495075755883,0.8937077930465763,993.1447777777778,1.858888888888889,982.7553333333332,0,0.0,0.0,0,2023,11,Takuma Sato,232.857,575fd17a6f1be1f5d174cf43e422efde3970314f41803aa9ca4bbb59ff72b75a
PRIMARY_LOYO_2023,PRIMARY,MEAN_BASELINE,2023,cda49858-f649-523a-85fb-8d53847f80bf,INDY500_DAY1_2023,14,Santino Ferrucci,233.147,229.7161590909091,-3.430840909090904,3.430840909090904,599dee972901168e7297d02344e29079cd45fe0f34813db733b15470fcaab806,2023,14,Santino Ferrucci,233.147,18.050184080335853,45.60806288987559,4.700765987421865,-0.4504120535628939,0.8928208006118903,993.2983055555555,2.0169444444444444,993.0338888888888,0,0.0,0.0,0,2023,14,Santino Ferrucci,233.147,575fd17a6f1be1f5d174cf43e422efde3970314f41803aa9ca4bbb59ff72b75a
PRIMARY_LOYO_2023,PRIMARY,MEAN_BASELINE,2023,096ff05c-1785-53cf-be2f-65bbb6ce7cd1,INDY500_DAY1_2023,10,Alex Palou,233.398,229.7161590909091,-3.681840909090909,3.681840909090909,599dee972901168e7297d02344e29079cd45fe0f34813db733b15470fcaab806,2023,10,Alex Palou,233.398,18.09119525485571,45.35043426872511,4.729997485958454,-0.4440512798254283,0.8960013732608891,993.2903888888889,2.096111111111111,993.1922222222222,0,0.0,0.0,0,2023,10,Alex Palou,233.398,575fd17a6f1be1f5d174cf43e422efde3970314f41803aa9ca4bbb59ff72b75a
PRIMARY_LOYO_2023,PRIMARY,MEAN_BASELINE,2023,dda33fdd-49c8-5082-a03d-252bf1a6fa49,INDY500_DAY1_2023,27,Kyle Kirkwood,232.39,229.7161590909091,-2.6738409090908988,2.6738409090908988,599dee972901168e7297d02344e29079cd45fe0f34813db733b15470fcaab806,2023,27,Kyle Kirkwood,232.39,18.170627424452064,44.851448307759966,4.786614283124059,-0.4316678790402283,0.9020326170404876,993.2750555555556,2.2494444444444444,993.4988888888888,0,0.0,0.0,0,2023,27,Kyle Kirkwood,232.39,575fd17a6f1be1f5d174cf43e422efde3970314f41803aa9ca4bbb59ff72b75a
PRIMARY_LOYO_2023,PRIMARY,MEAN_BASELINE,2023,939cb422-2442-550d-9cc5-80f8c372c5d7,INDY500_DAY1_2023,44,Katherine Legge,231.07,229.7161590909091,-1.3538409090909056,1.3538409090909056,599dee972901168e7297d02344e29079cd45fe0f34813db733b15470fcaab806,2023,44,Katherine Legge,231.07,18.21394098069935,44.57935632542209,4.817486848245157,-0.4248806806686196,0.9052493618857572,993.2666944444444,2.3330555555555557,993.6661111111111,0,0.0,0.0,0,2023,44,Katherine Legge,231.07,575fd17a6f1be1f5d174cf43e422efde3970314f41803aa9ca4bbb59ff72b75a
PRIMARY_LOYO_2023,PRIMARY,MEAN_BASELINE,2023,fce06089-154b-512e-a547-fd144ec0961c,INDY500_DAY1_2023,8,Marcus Ericsson,232.421,229.7161590909091,-2.7048409090909047,2.7048409090909047,599dee972901168e7297d02344e29079cd45fe0f34813db733b15470fcaab806,2023,8,Marcus Ericsson,232.421,18.501670532226584,43.16722774772098,4.940315641974926,-0.382219388629902,0.9240716092140177,992.441,4.705,989.195,1,10184.0,232.735,1,2023,8,Marcus Ericsson,232.421,575fd17a6f1be1f5d174cf43e422efde3970314f41803aa9ca4bbb59ff72b75a
PRIMARY_LOYO_2023,PRIMARY,MEAN_BASELINE,2023,333cf68d-54d9-5559-ac70-c73c27086892,INDY500_DAY1_2023,77,Callum Ilott,231.182,229.7161590909091,-1.4658409090909004,1.4658409090909004,599dee972901168e7297d02344e29079cd45fe0f34813db733b15470fcaab806,2023,77,Callum Ilott,231.182,18.77815565321183,45.07108277997604,5.054953839149192,-0.3721384239316089,0.9281772424670292,991.824,10.511111111111113,966.6977777777778,1,7398.0,227.72,1,2023,77,Callum Ilott,231.182,575fd17a6f1be1f5d174cf43e422efde3970314f41803aa9ca4bbb59ff72b75a
PRIMARY_LOYO_2023,PRIMARY,MEAN_BASELINE,2023,fdb7fb74-bf21-54a6-8668-36c035e40628,INDY500_DAY1_2023,66,Tony Kanaan,232.62,229.7161590909091,-2.903840909090917,2.903840909090917,599dee972901168e7297d02344e29079cd45fe0f34813db733b15470fcaab806,2023,66,Tony Kanaan,232.62,18.869320805867535,46.061201848869715,5.035571964656135,-0.351452823990769,0.9362055930771368,991.61875,12.791666666666666,955.9791666666666,1,10673.0,232.446,1,2023,66,Tony Kanaan,232.62,575fd17a6f1be1f5d174cf43e422efde3970314f41803aa9ca4bbb59ff72b75a
PRIMARY_LOYO_2023,PRIMARY,MEAN_BASELINE,2023,ab6f7ab5-b6ba-5e02-9560-f89bd35b575c,INDY500_DAY1_2023,29,Devlin DeFrancesco,231.353,229.7161590909091,-1.636840909090921,1.636840909090921,599dee972901168e7297d02344e29079cd45fe0f34813db733b15470fcaab806,2023,29,Devlin DeFrancesco,231.353,18.88855773925783,46.04544446445725,5.110755631763569,-0.3384172407554231,0.9409961589504424,991.7058055555556,12.837222222222222,946.5355555555556,1,9690.0,231.273,1,2023,29,Devlin DeFrancesco,231.353,575fd17a6f1be1f5d174cf43e422efde3970314f41803aa9ca4bbb59ff72b75a
PRIMARY_LOYO_2023,PRIMARY,MEAN_BASELINE,2023,3a0bcd66-fa08-5944-bf0b-5ec6c5a10f91,INDY500_DAY1_2023,9,Scott Dixon,233.375,229.7161590909091,-3.658840909090912,3.658840909090912,599dee972901168e7297d02344e29079cd45fe0f34813db733b15470fcaab806,2023,9,Scott Dixon,233.375,18.89477539062502,45.984910241053115,5.1546169223071265,-0.332048053746825,0.943262471427198,991.7661111111112,12.744444444444444,941.7111111111112,1,12596.0,232.914,1,2023,9,Scott Dixon,233.375,575fd17a6f1be1f5d174cf43e422efde3970314f41803aa9ca4bbb59ff72b75a
PRIMARY_LOYO_2023,PRIMARY,MEAN_BASELINE,2023,f9f206a7-b2ab-5eb9-8805-0d279c65164d,INDY500_DAY1_2023,27,Kyle Kirkwood,232.617,229.7161590909091,-2.900840909090902,2.900840909090902,599dee972901168e7297d02344e29079cd45fe0f34813db733b15470fcaab806,2023,27,Kyle Kirkwood,232.617,18.915997314453147,45.778296424643806,5.304323123563582,-0.3101963878893465,0.9506724993079384,991.9719444444444,12.427777777777775,925.2444444444444,1,7332.0,232.39,1,2023,27,Kyle Kirkwood,232.617,575fd17a6f1be1f5d174cf43e422efde3970314f41803aa9ca4bbb59ff72b75a
PRIMARY_LOYO_2023,PRIMARY,MEAN_BASELINE,2023,2b14c17d-769c-504e-819b-55270bb93b13,INDY500_DAY1_2023,33,Ed Carpenter,232.511,229.7161590909091,-2.794840909090908,2.794840909090908,599dee972901168e7297d02344e29079cd45fe0f34813db733b15470fcaab806,2023,33,Ed Carpenter,232.511,18.935320434570336,45.59016910759743,5.440634559444459,-0.290155921636841,0.9569793838631402,992.1593611111113,12.139444444444443,910.2511111111112,1,12036.0,232.62,1,2023,33,Ed Carpenter,232.511,575fd17a6f1be1f5d174cf43e422efde3970314f41803aa9ca4bbb59ff72b75a
PRIMARY_LOYO_2023,PRIMARY,MEAN_BASELINE,2023,dd0ff96a-0d57-5ba5-8691-ebf2359edec4,INDY500_DAY1_2023,11,Takuma Sato,233.322,229.7161590909091,-3.605840909090915,3.605840909090915,599dee972901168e7297d02344e29079cd45fe0f34813db733b15470fcaab806,2023,11,Takuma Sato,233.322,18.675352410210525,48.056887082714645,5.909516642326733,-0.2905183870204794,0.956869409482307,992.6528888888888,14.103333333333332,842.17,1,10646.0,232.857,1,2023,11,Takuma Sato,233.322,575fd17a6f1be1f5d174cf43e422efde3970314f41803aa9ca4bbb59ff72b75a
PRIMARY_LOYO_2023,PRIMARY,MEAN_BASELINE,2023,79d389ee-b055-582a-8985-c09472aa4d69,INDY500_DAY1_2023,8,Marcus Ericsson,233.03,229.7161590909091,-3.3138409090909136,3.3138409090909136,599dee972901168e7297d02344e29079cd45fe0f34813db733b15470fcaab806,2023,8,Marcus Ericsson,233.03,18.64775087144642,48.0800851729745,6.021027410657147,-0.2863568241394008,0.9581230449523674,992.7717777777776,13.211666666666666,823.4449999999999,2,6227.0,232.735,1,2023,8,Marcus Ericsson,233.03,575fd17a6f1be1f5d174cf43e422efde3970314f41803aa9ca4bbb59ff72b75a
PRIMARY_LOYO_2023,PRIMARY,MEAN_BASELINE,2023,970e09d9-9783-53a2-ac70-f2117bee1d09,INDY500_DAY1_2023,27,Kyle Kirkwood,232.662,229.7161590909091,-2.9458409090909186,2.9458409090909186,599dee972901168e7297d02344e29079cd45fe0f34813db733b15470fcaab806,2023,27,Kyle Kirkwood,232.662,18.623962673611135,47.77396168716208,5.981776567863904,-0.2895102170686867,0.957174923518602,992.8347777777776,13.521666666666668,799.3505555555555,2,3196.0,232.617,1,2023,27,Kyle Kirkwood,232.662,575fd17a6f1be1f5d174cf43e422efde3970314f41803aa9ca4bbb59ff72b75a
PRIMARY_LOYO_2023,PRIMARY,MEAN_BASELINE,2023,d1af19f4-254b-5058-b545-543906d4584e,INDY500_DAY1_2023,66,Tony Kanaan,233.347,229.7161590909091,-3.630840909090921,3.630840909090921,599dee972901168e7297d02344e29079cd45fe0f34813db733b15470fcaab806,2023,66,Tony Kanaan,233.347,18.288198064168316,49.097836895882914,5.55808956544602,-0.3319235790464347,0.9433062798863396,992.6615,21.331666666666663,699.6875,2,5706.0,232.62,1,2023,66,Tony Kanaan,233.347,575fd17a6f1be1f5d174cf43e422efde3970314f41803aa9ca4bbb59ff72b75a
PRIMARY_LOYO_2023,PRIMARY,MEAN_BASELINE,2023,55035890-97e8-57a3-a2e1-4845f4b05eb9,INDY500_DAY1_2023,33,Ed Carpenter,232.689,229.7161590909091,-2.972840909090906,2.972840909090906,599dee972901168e7297d02344e29079cd45fe0f34813db733b15470fcaab806,2023,33,Ed Carpenter,232.689,18.338442738850933,48.02950473738792,5.444307043333277,-0.3427771893404975,0.9394167331210516,992.525,15.416666666666668,682.625,2,4901.0,232.62,1,2023,33,Ed Carpenter,232.689,575fd17a6f1be1f5d174cf43e422efde3970314f41803aa9ca4bbb59ff72b75a
PRIMARY_LOYO_2023,PRIMARY,RIDGE,2023,67f2af5c-ca4c-55e7-8c2a-5361873b43cc,INDY500_DAY1_2023,8,Marcus Ericsson,232.735,235.08518221744427,2.3501822174442566,2.3501822174442566,599dee972901168e7297d02344e29079cd45fe0f34813db733b15470fcaab806,2023,8,Marcus Ericsson,232.735,15.30934736463761,57.91804373005335,4.463453075386184,-0.3575323717425996,0.9339007458804772,992.8685555555556,1.0,851.408,0,0.0,0.0,0,2023,8,Marcus Ericsson,232.735,575fd17a6f1be1f5d174cf43e422efde3970314f41803aa9ca4bbb59ff72b75a
PRIMARY_LOYO_2023,PRIMARY,RIDGE,2023,14c2e6a1-d204-5d45-adf6-473781a78254,INDY500_DAY1_2023,7,Alexander Rossi,233.528,234.9544734163222,1.42647341632221,1.42647341632221,599dee972901168e7297d02344e29079cd45fe0f34813db733b15470fcaab806,2023,7,Alexander Rossi,233.528,15.781152123345292,58.06698052704467,4.498080696411198,-0.4228946787804508,0.9061788403285408,993.0224444444444,4.775555555555556,859.2682777777778,0,0.0,0.0,0,2023,7,Alexander Rossi,233.528,575fd17a6f1be1f5d174cf43e422efde3970314f41803aa9ca4bbb59ff72b75a
PRIMARY_LOYO_2023,PRIMARY,RIDGE,2023,ad6c40ac-4389-5426-b8e5-1d130ac9da81,INDY500_DAY1_2023,9,Scott Dixon,232.914,234.9308929370705,2.0168929370705087,2.0168929370705087,599dee972901168e7297d02344e29079cd45fe0f34813db733b15470fcaab806,2023,9,Scott Dixon,232.914,15.857525702582487,57.71209395523847,4.538822456586054,-0.4176294560595551,0.9086174318333322,993.0515555555556,4.484444444444444,869.6682222222223,0,0.0,0.0,0,2023,9,Scott Dixon,232.914,575fd17a6f1be1f5d174cf43e422efde3970314f41803aa9ca4bbb59ff72b75a
PRIMARY_LOYO_2023,PRIMARY,RIDGE,2023,5ff6581d-9433-56e7-89ca-1cba397b1eb5,INDY500_DAY1_2023,55,Benjamin Pedersen,232.739,234.8837703686787,2.1447703686787065,2.1447703686787065,599dee972901168e7297d02344e29079cd45fe0f34813db733b15470fcaab806,2023,55,Benjamin Pedersen,232.739,16.01027286105688,57.002320811626085,4.620305976935767,-0.4070570044946894,0.9134027562317788,993.1097777777778,3.902222222222222,890.4681111111112,0,0.0,0.0,0,2023,55,Benjamin Pedersen,232.739,575fd17a6f1be1f5d174cf43e422efde3970314f41803aa9ca4bbb59ff72b75a
PRIMARY_LOYO_2023,PRIMARY,RIDGE,2023,09f4cf1e-3fb8-5bfc-808c-b733eb495b54,INDY500_DAY1_2023,66,Tony Kanaan,232.446,234.80068440893973,2.3546844089397325,2.3546844089397325,599dee972901168e7297d02344e29079cd45fe0f34813db733b15470fcaab806,2023,66,Tony Kanaan,232.446,16.263781161838132,55.80665029368235,4.75323784443219,-0.3898375617842839,0.9208836383724518,993.2086666666668,2.971111111111111,923.7154444444444,0,0.0,0.0,0,2023,66,Tony Kanaan,232.446,575fd17a6f1be1f5d174cf43e422efde3970314f41803aa9ca4bbb59ff72b75a
PRIMARY_LOYO_2023,PRIMARY,RIDGE,2023,04dd64f3-9175-537b-b611-47d98856e4b7,INDY500_DAY1_2023,33,Ed Carpenter,232.62,234.74965166099537,2.129651660995336,2.129651660995336,599dee972901168e7297d02344e29079cd45fe0f34813db733b15470fcaab806,2023,33,Ed Carpenter,232.62,16.348146930270747,55.325842863999625,4.786683546558049,-0.3861778828384094,0.92242432904084,993.2521666666668,2.826111111111111,928.8121944444443,0,0.0,0.0,0,2023,33,Ed Carpenter,232.62,575fd17a6f1be1f5d174cf43e422efde3970314f41803aa9ca4bbb59ff72b75a
PRIMARY_LOYO_2023,PRIMARY,RIDGE,2023,66a44749-a775-58cd-858d-98e243eba973,INDY500_DAY1_2023,50,RC Enerson,231.129,234.69842992365523,3.5694299236552354,3.5694299236552354,599dee972901168e7297d02344e29079cd45fe0f34813db733b15470fcaab806,2023,50,RC Enerson,231.129,16.432835939195442,54.84319326025681,4.820257393136497,-0.3824980583121277,0.9239562951717208,993.2958333333332,2.6805555555555554,933.9284722222222,0,0.0,0.0,0,2023,50,RC Enerson,231.129,575fd17a6f1be1f5d174cf43e422efde3970314f41803aa9ca4bbb59ff72b75a
PRIMARY_LOYO_2023,PRIMARY,RIDGE,2023,f10d3a91-6f0d-59f0-9ea9-4db5cf6e44b9,INDY500_DAY1_2023,29,Devlin DeFrancesco,231.273,234.536597364123,3.263597364123001,3.263597364123001,599dee972901168e7297d02344e29079cd45fe0f34813db733b15470fcaab806,2023,29,Devlin DeFrancesco,231.273,16.70047906663685,53.31787313850471,4.926360999880601,-0.3708290159358444,0.9287011580374244,993.4338333333334,2.2205555555555554,950.0974722222222,0,0.0,0.0,0,2023,29,Devlin DeFrancesco,231.273,575fd17a6f1be1f5d174cf43e422efde3970314f41803aa9ca4bbb59ff72b75a
PRIMARY_LOYO_2023,PRIMARY,RIDGE,2023,5d48192b-5510-5e99-b8c1-6f8dbd074ad7,INDY500_DAY1_2023,21,Rinus VeeKay,233.395,234.32541842912292,0.9304184291229092,0.9304184291229092,599dee972901168e7297d02344e29079cd45fe0f34813db733b15470fcaab806,2023,21,Rinus VeeKay,233.395,17.395021184285504,49.368336464127346,4.481750430414624,-0.4416442556513667,0.8971902537645793,992.7973611111112,1.5430555555555556,959.8258333333332,0,0.0,0.0,0,2023,21,Rinus VeeKay,233.395,575fd17a6f1be1f5d174cf43e422efde3970314f41803aa9ca4bbb59ff72b75a
PRIMARY_LOYO_2023,PRIMARY,RIDGE,2023,86528548-acb2-5972-a3cd-583a1a3f0514,INDY500_DAY1_2023,5,Pato O'Ward,233.252,234.2623214734963,1.0103214734963046,1.0103214734963046,599dee972901168e7297d02344e29079cd45fe0f34813db733b15470fcaab806,2023,5,Pato O'Ward,233.252,17.506615931193057,48.72866625697728,4.518482073785856,-0.4433965775949849,0.8963255407367652,992.8841388888889,1.6219444444444444,965.5531666666668,0,0.0,0.0,0,2023,5,Pato O'Ward,233.252,575fd17a6f1be1f5d174cf43e422efde3970314f41803aa9ca4bbb59ff72b75a
PRIMARY_LOYO_2023,PRIMARY,RIDGE,2023,f7e8b948-2fd0-5183-971b-aaea5c66c226,INDY500_DAY1_2023,77,Callum Ilott,227.72,234.20300266515028,6.483002665150281,6.483002665150281,599dee972901168e7297d02344e29079cd45fe0f34813db733b15470fcaab806,2023,77,Callum Ilott,227.72,17.611530710856144,48.12728616786086,4.553014992025712,-0.4450424630848962,0.895509467315298,992.9657222222222,1.6961111111111111,970.9376666666668,0,0.0,0.0,0,2023,77,Callum Ilott,227.72,575fd17a6f1be1f5d174cf43e422efde3970314f41803aa9ca4bbb59ff72b75a
PRIMARY_LOYO_2023,PRIMARY,RIDGE,2023,55b6b39a-d64a-5a38-9dbc-84a9faac294b,INDY500_DAY1_2023,11,Takuma Sato,232.857,234.07281642493908,1.215816424939078,1.215816424939078,599dee972901168e7297d02344e29079cd45fe0f34813db733b15470fcaab806,2023,11,Takuma Sato,232.857,17.841793111165387,46.80740327564278,4.628806340671989,-0.4486495075755883,0.8937077930465763,993.1447777777778,1.858888888888889,982.7553333333332,0,0.0,0.0,0,2023,11,Takuma Sato,232.857,575fd17a6f1be1f5d174cf43e422efde3970314f41803aa9ca4bbb59ff72b75a
PRIMARY_LOYO_2023,PRIMARY,RIDGE,2023,cda49858-f649-523a-85fb-8d53847f80bf,INDY500_DAY1_2023,14,Santino Ferrucci,233.147,233.9510171345141,0.8040171345141118,0.8040171345141118,599dee972901168e7297d02344e29079cd45fe0f34813db733b15470fcaab806,2023,14,Santino Ferrucci,233.147,18.050184080335853,45.60806288987559,4.700765987421865,-0.4504120535628939,0.8928208006118903,993.2983055555555,2.0169444444444444,993.0338888888888,0,0.0,0.0,0,2023,14,Santino Ferrucci,233.147,575fd17a6f1be1f5d174cf43e422efde3970314f41803aa9ca4bbb59ff72b75a
PRIMARY_LOYO_2023,PRIMARY,RIDGE,2023,096ff05c-1785-53cf-be2f-65bbb6ce7cd1,INDY500_DAY1_2023,10,Alex Palou,233.398,233.9092302545678,0.5112302545678062,0.5112302545678062,599dee972901168e7297d02344e29079cd45fe0f34813db733b15470fcaab806,2023,10,Alex Palou,233.398,18.09119525485571,45.35043426872511,4.729997485958454,-0.4440512798254283,0.8960013732608891,993.2903888888889,2.096111111111111,993.1922222222222,0,0.0,0.0,0,2023,10,Alex Palou,233.398,575fd17a6f1be1f5d174cf43e422efde3970314f41803aa9ca4bbb59ff72b75a
PRIMARY_LOYO_2023,PRIMARY,RIDGE,2023,dda33fdd-49c8-5082-a03d-252bf1a6fa49,INDY500_DAY1_2023,27,Kyle Kirkwood,232.39,233.82834613952676,1.4383461395267716,1.4383461395267716,599dee972901168e7297d02344e29079cd45fe0f34813db733b15470fcaab806,2023,27,Kyle Kirkwood,232.39,18.170627424452064,44.851448307759966,4.786614283124059,-0.4316678790402283,0.9020326170404876,993.2750555555556,2.2494444444444444,993.4988888888888,0,0.0,0.0,0,2023,27,Kyle Kirkwood,232.39,575fd17a6f1be1f5d174cf43e422efde3970314f41803aa9ca4bbb59ff72b75a
PRIMARY_LOYO_2023,PRIMARY,RIDGE,2023,939cb422-2442-550d-9cc5-80f8c372c5d7,INDY500_DAY1_2023,44,Katherine Legge,231.07,233.7842696649686,2.7142696649686116,2.7142696649686116,599dee972901168e7297d02344e29079cd45fe0f34813db733b15470fcaab806,2023,44,Katherine Legge,231.07,18.21394098069935,44.57935632542209,4.817486848245157,-0.4248806806686196,0.9052493618857572,993.2666944444444,2.3330555555555557,993.6661111111111,0,0.0,0.0,0,2023,44,Katherine Legge,231.07,575fd17a6f1be1f5d174cf43e422efde3970314f41803aa9ca4bbb59ff72b75a
PRIMARY_LOYO_2023,PRIMARY,RIDGE,2023,fce06089-154b-512e-a547-fd144ec0961c,INDY500_DAY1_2023,8,Marcus Ericsson,232.421,235.0967548140051,2.675754814005103,2.675754814005103,599dee972901168e7297d02344e29079cd45fe0f34813db733b15470fcaab806,2023,8,Marcus Ericsson,232.421,18.501670532226584,43.16722774772098,4.940315641974926,-0.382219388629902,0.9240716092140177,992.441,4.705,989.195,1,10184.0,232.735,1,2023,8,Marcus Ericsson,232.421,575fd17a6f1be1f5d174cf43e422efde3970314f41803aa9ca4bbb59ff72b75a
PRIMARY_LOYO_2023,PRIMARY,RIDGE,2023,333cf68d-54d9-5559-ac70-c73c27086892,INDY500_DAY1_2023,77,Callum Ilott,231.182,234.72712847764916,3.545128477649172,3.545128477649172,599dee972901168e7297d02344e29079cd45fe0f34813db733b15470fcaab806,2023,77,Callum Ilott,231.182,18.77815565321183,45.07108277997604,5.054953839149192,-0.3721384239316089,0.9281772424670292,991.824,10.511111111111113,966.6977777777778,1,7398.0,227.72,1,2023,77,Callum Ilott,231.182,575fd17a6f1be1f5d174cf43e422efde3970314f41803aa9ca4bbb59ff72b75a
PRIMARY_LOYO_2023,PRIMARY,RIDGE,2023,fdb7fb74-bf21-54a6-8668-36c035e40628,INDY500_DAY1_2023,66,Tony Kanaan,232.62,234.91543280015023,2.295432800150252,2.295432800150252,599dee972901168e7297d02344e29079cd45fe0f34813db733b15470fcaab806,2023,66,Tony Kanaan,232.62,18.869320805867535,46.061201848869715,5.035571964656135,-0.351452823990769,0.9362055930771368,991.61875,12.791666666666666,955.9791666666666,1,10673.0,232.446,1,2023,66,Tony Kanaan,232.62,575fd17a6f1be1f5d174cf43e422efde3970314f41803aa9ca4bbb59ff72b75a
PRIMARY_LOYO_2023,PRIMARY,RIDGE,2023,ab6f7ab5-b6ba-5e02-9560-f89bd35b575c,INDY500_DAY1_2023,29,Devlin DeFrancesco,231.353,234.75328370722943,3.4002837072294483,3.4002837072294483,599dee972901168e7297d02344e29079cd45fe0f34813db733b15470fcaab806,2023,29,Devlin DeFrancesco,231.353,18.88855773925783,46.04544446445725,5.110755631763569,-0.3384172407554231,0.9409961589504424,991.7058055555556,12.837222222222222,946.5355555555556,1,9690.0,231.273,1,2023,29,Devlin DeFrancesco,231.353,575fd17a6f1be1f5d174cf43e422efde3970314f41803aa9ca4bbb59ff72b75a
PRIMARY_LOYO_2023,PRIMARY,RIDGE,2023,3a0bcd66-fa08-5944-bf0b-5ec6c5a10f91,INDY500_DAY1_2023,9,Scott Dixon,233.375,234.9152789105329,1.5402789105328625,1.5402789105328625,599dee972901168e7297d02344e29079cd45fe0f34813db733b15470fcaab806,2023,9,Scott Dixon,233.375,18.89477539062502,45.984910241053115,5.1546169223071265,-0.332048053746825,0.943262471427198,991.7661111111112,12.744444444444444,941.7111111111112,1,12596.0,232.914,1,2023,9,Scott Dixon,233.375,575fd17a6f1be1f5d174cf43e422efde3970314f41803aa9ca4bbb59ff72b75a
PRIMARY_LOYO_2023,PRIMARY,RIDGE,2023,f9f206a7-b2ab-5eb9-8805-0d279c65164d,INDY500_DAY1_2023,27,Kyle Kirkwood,232.617,234.37989132358672,1.7628913235867287,1.7628913235867287,599dee972901168e7297d02344e29079cd45fe0f34813db733b15470fcaab806,2023,27,Kyle Kirkwood,232.617,18.915997314453147,45.778296424643806,5.304323123563582,-0.3101963878893465,0.9506724993079384,991.9719444444444,12.427777777777775,925.2444444444444,1,7332.0,232.39,1,2023,27,Kyle Kirkwood,232.617,575fd17a6f1be1f5d174cf43e422efde3970314f41803aa9ca4bbb59ff72b75a
PRIMARY_LOYO_2023,PRIMARY,RIDGE,2023,2b14c17d-769c-504e-819b-55270bb93b13,INDY500_DAY1_2023,33,Ed Carpenter,232.511,234.56353130438777,2.05253130438777,2.05253130438777,599dee972901168e7297d02344e29079cd45fe0f34813db733b15470fcaab806,2023,33,Ed Carpenter,232.511,18.935320434570336,45.59016910759743,5.440634559444459,-0.290155921636841,0.9569793838631402,992.1593611111113,12.139444444444443,910.2511111111112,1,12036.0,232.62,1,2023,33,Ed Carpenter,232.511,575fd17a6f1be1f5d174cf43e422efde3970314f41803aa9ca4bbb59ff72b75a
PRIMARY_LOYO_2023,PRIMARY,RIDGE,2023,dd0ff96a-0d57-5ba5-8691-ebf2359edec4,INDY500_DAY1_2023,11,Takuma Sato,233.322,234.2386080391223,0.9166080391223376,0.9166080391223376,599dee972901168e7297d02344e29079cd45fe0f34813db733b15470fcaab806,2023,11,Takuma Sato,233.322,18.675352410210525,48.056887082714645,5.909516642326733,-0.2905183870204794,0.956869409482307,992.6528888888888,14.103333333333332,842.17,1,10646.0,232.857,1,2023,11,Takuma Sato,233.322,575fd17a6f1be1f5d174cf43e422efde3970314f41803aa9ca4bbb59ff72b75a
PRIMARY_LOYO_2023,PRIMARY,RIDGE,2023,79d389ee-b055-582a-8985-c09472aa4d69,INDY500_DAY1_2023,8,Marcus Ericsson,233.03,234.5904588581433,1.5604588581433063,1.5604588581433063,599dee972901168e7297d02344e29079cd45fe0f34813db733b15470fcaab806,2023,8,Marcus Ericsson,233.03,18.64775087144642,48.0800851729745,6.021027410657147,-0.2863568241394008,0.9581230449523674,992.7717777777776,13.211666666666666,823.4449999999999,2,6227.0,232.735,1,2023,8,Marcus Ericsson,233.03,575fd17a6f1be1f5d174cf43e422efde3970314f41803aa9ca4bbb59ff72b75a
PRIMARY_LOYO_2023,PRIMARY,RIDGE,2023,970e09d9-9783-53a2-ac70-f2117bee1d09,INDY500_DAY1_2023,27,Kyle Kirkwood,232.662,234.2850145745225,1.6230145745225286,1.6230145745225286,599dee972901168e7297d02344e29079cd45fe0f34813db733b15470fcaab806,2023,27,Kyle Kirkwood,232.662,18.623962673611135,47.77396168716208,5.981776567863904,-0.2895102170686867,0.957174923518602,992.8347777777776,13.521666666666668,799.3505555555555,2,3196.0,232.617,1,2023,27,Kyle Kirkwood,232.662,575fd17a6f1be1f5d174cf43e422efde3970314f41803aa9ca4bbb59ff72b75a
PRIMARY_LOYO_2023,PRIMARY,RIDGE,2023,d1af19f4-254b-5058-b545-543906d4584e,INDY500_DAY1_2023,66,Tony Kanaan,233.347,234.43995080790205,1.0929508079020422,1.0929508079020422,599dee972901168e7297d02344e29079cd45fe0f34813db733b15470fcaab806,2023,66,Tony Kanaan,233.347,18.288198064168316,49.097836895882914,5.55808956544602,-0.3319235790464347,0.9433062798863396,992.6615,21.331666666666663,699.6875,2,5706.0,232.62,1,2023,66,Tony Kanaan,233.347,575fd17a6f1be1f5d174cf43e422efde3970314f41803aa9ca4bbb59ff72b75a
PRIMARY_LOYO_2023,PRIMARY,RIDGE,2023,55035890-97e8-57a3-a2e1-4845f4b05eb9,INDY500_DAY1_2023,33,Ed Carpenter,232.689,234.26369838849493,1.5746983884949373,1.5746983884949373,599dee972901168e7297d02344e29079cd45fe0f34813db733b15470fcaab806,2023,33,Ed Carpenter,232.689,18.338442738850933,48.02950473738792,5.444307043333277,-0.3427771893404975,0.9394167331210516,992.525,15.416666666666668,682.625,2,4901.0,232.62,1,2023,33,Ed Carpenter,232.689,575fd17a6f1be1f5d174cf43e422efde3970314f41803aa9ca4bbb59ff72b75a
PRIMARY_LOYO_2023,PRIMARY,ELASTIC_NET,2023,67f2af5c-ca4c-55e7-8c2a-5361873b43cc,INDY500_DAY1_2023,8,Marcus Ericsson,232.735,235.6462410346857,2.9112410346856734,2.9112410346856734,599dee972901168e7297d02344e29079cd45fe0f34813db733b15470fcaab806,2023,8,Marcus Ericsson,232.735,15.30934736463761,57.91804373005335,4.463453075386184,-0.3575323717425996,0.9339007458804772,992.8685555555556,1.0,851.408,0,0.0,0.0,0,2023,8,Marcus Ericsson,232.735,575fd17a6f1be1f5d174cf43e422efde3970314f41803aa9ca4bbb59ff72b75a
PRIMARY_LOYO_2023,PRIMARY,ELASTIC_NET,2023,14c2e6a1-d204-5d45-adf6-473781a78254,INDY500_DAY1_2023,7,Alexander Rossi,233.528,235.45049984773888,1.9224998477388908,1.9224998477388908,599dee972901168e7297d02344e29079cd45fe0f34813db733b15470fcaab806,2023,7,Alexander Rossi,233.528,15.781152123345292,58.06698052704467,4.498080696411198,-0.4228946787804508,0.9061788403285408,993.0224444444444,4.775555555555556,859.2682777777778,0,0.0,0.0,0,2023,7,Alexander Rossi,233.528,575fd17a6f1be1f5d174cf43e422efde3970314f41803aa9ca4bbb59ff72b75a
PRIMARY_LOYO_2023,PRIMARY,ELASTIC_NET,2023,ad6c40ac-4389-5426-b8e5-1d130ac9da81,INDY500_DAY1_2023,9,Scott Dixon,232.914,235.43150029778835,2.5175002977883594,2.5175002977883594,599dee972901168e7297d02344e29079cd45fe0f34813db733b15470fcaab806,2023,9,Scott Dixon,232.914,15.857525702582487,57.71209395523847,4.538822456586054,-0.4176294560595551,0.9086174318333322,993.0515555555556,4.484444444444444,869.6682222222223,0,0.0,0.0,0,2023,9,Scott Dixon,232.914,575fd17a6f1be1f5d174cf43e422efde3970314f41803aa9ca4bbb59ff72b75a
PRIMARY_LOYO_2023,PRIMARY,ELASTIC_NET,2023,5ff6581d-9433-56e7-89ca-1cba397b1eb5,INDY500_DAY1_2023,55,Benjamin Pedersen,232.739,235.39349462455303,2.6544946245530525,2.6544946245530525,599dee972901168e7297d02344e29079cd45fe0f34813db733b15470fcaab806,2023,55,Benjamin Pedersen,232.739,16.01027286105688,57.002320811626085,4.620305976935767,-0.4070570044946894,0.9134027562317788,993.1097777777778,3.902222222222222,890.4681111111112,0,0.0,0.0,0,2023,55,Benjamin Pedersen,232.739,575fd17a6f1be1f5d174cf43e422efde3970314f41803aa9ca4bbb59ff72b75a
PRIMARY_LOYO_2023,PRIMARY,ELASTIC_NET,2023,09f4cf1e-3fb8-5bfc-808c-b733eb495b54,INDY500_DAY1_2023,66,Tony Kanaan,232.446,235.32796028804853,2.881960288048532,2.881960288048532,599dee972901168e7297d02344e29079cd45fe0f34813db733b15470fcaab806,2023,66,Tony Kanaan,232.446,16.263781161838132,55.80665029368235,4.75323784443219,-0.3898375617842839,0.9208836383724518,993.2086666666668,2.971111111111111,923.7154444444444,0,0.0,0.0,0,2023,66,Tony Kanaan,232.446,575fd17a6f1be1f5d174cf43e422efde3970314f41803aa9ca4bbb59ff72b75a
PRIMARY_LOYO_2023,PRIMARY,ELASTIC_NET,2023,04dd64f3-9175-537b-b611-47d98856e4b7,INDY500_DAY1_2023,33,Ed Carpenter,232.62,235.29471642811785,2.674716428117847,2.674716428117847,599dee972901168e7297d02344e29079cd45fe0f34813db733b15470fcaab806,2023,33,Ed Carpenter,232.62,16.348146930270747,55.325842863999625,4.786683546558049,-0.3861778828384094,0.92242432904084,993.2521666666668,2.826111111111111,928.8121944444443,0,0.0,0.0,0,2023,33,Ed Carpenter,232.62,575fd17a6f1be1f5d174cf43e422efde3970314f41803aa9ca4bbb59ff72b75a
PRIMARY_LOYO_2023,PRIMARY,ELASTIC_NET,2023,66a44749-a775-58cd-858d-98e243eba973,INDY500_DAY1_2023,50,RC Enerson,231.129,235.26134423878915,4.132344238789159,4.132344238789159,599dee972901168e7297d02344e29079cd45fe0f34813db733b15470fcaab806,2023,50,RC Enerson,231.129,16.432835939195442,54.84319326025681,4.820257393136497,-0.3824980583121277,0.9239562951717208,993.2958333333332,2.6805555555555554,933.9284722222222,0,0.0,0.0,0,2023,50,RC Enerson,231.129,575fd17a6f1be1f5d174cf43e422efde3970314f41803aa9ca4bbb59ff72b75a
PRIMARY_LOYO_2023,PRIMARY,ELASTIC_NET,2023,f10d3a91-6f0d-59f0-9ea9-4db5cf6e44b9,INDY500_DAY1_2023,29,Devlin DeFrancesco,231.273,235.15587172225273,3.8828717222527303,3.8828717222527303,599dee972901168e7297d02344e29079cd45fe0f34813db733b15470fcaab806,2023,29,Devlin DeFrancesco,231.273,16.70047906663685,53.31787313850471,4.926360999880601,-0.3708290159358444,0.9287011580374244,993.4338333333334,2.2205555555555554,950.0974722222222,0,0.0,0.0,0,2023,29,Devlin DeFrancesco,231.273,575fd17a6f1be1f5d174cf43e422efde3970314f41803aa9ca4bbb59ff72b75a
PRIMARY_LOYO_2023,PRIMARY,ELASTIC_NET,2023,5d48192b-5510-5e99-b8c1-6f8dbd074ad7,INDY500_DAY1_2023,21,Rinus VeeKay,233.395,234.83531118183643,1.440311181836421,1.440311181836421,599dee972901168e7297d02344e29079cd45fe0f34813db733b15470fcaab806,2023,21,Rinus VeeKay,233.395,17.395021184285504,49.368336464127346,4.481750430414624,-0.4416442556513667,0.8971902537645793,992.7973611111112,1.5430555555555556,959.8258333333332,0,0.0,0.0,0,2023,21,Rinus VeeKay,233.395,575fd17a6f1be1f5d174cf43e422efde3970314f41803aa9ca4bbb59ff72b75a
PRIMARY_LOYO_2023,PRIMARY,ELASTIC_NET,2023,86528548-acb2-5972-a3cd-583a1a3f0514,INDY500_DAY1_2023,5,Pato O'Ward,233.252,234.79083792630593,1.5388379263059164,1.5388379263059164,599dee972901168e7297d02344e29079cd45fe0f34813db733b15470fcaab806,2023,5,Pato O'Ward,233.252,17.506615931193057,48.72866625697728,4.518482073785856,-0.4433965775949849,0.8963255407367652,992.8841388888889,1.6219444444444444,965.5531666666668,0,0.0,0.0,0,2023,5,Pato O'Ward,233.252,575fd17a6f1be1f5d174cf43e422efde3970314f41803aa9ca4bbb59ff72b75a
PRIMARY_LOYO_2023,PRIMARY,ELASTIC_NET,2023,f7e8b948-2fd0-5183-971b-aaea5c66c226,INDY500_DAY1_2023,77,Callum Ilott,227.72,234.74902656066428,7.029026560664278,7.029026560664278,599dee972901168e7297d02344e29079cd45fe0f34813db733b15470fcaab806,2023,77,Callum Ilott,227.72,17.611530710856144,48.12728616786086,4.553014992025712,-0.4450424630848962,0.895509467315298,992.9657222222222,1.6961111111111111,970.9376666666668,0,0.0,0.0,0,2023,77,Callum Ilott,227.72,575fd17a6f1be1f5d174cf43e422efde3970314f41803aa9ca4bbb59ff72b75a
PRIMARY_LOYO_2023,PRIMARY,ELASTIC_NET,2023,55b6b39a-d64a-5a38-9dbc-84a9faac294b,INDY500_DAY1_2023,11,Takuma Sato,232.857,234.6572599666571,1.800259966657137,1.800259966657137,599dee972901168e7297d02344e29079cd45fe0f34813db733b15470fcaab806,2023,11,Takuma Sato,232.857,17.841793111165387,46.80740327564278,4.628806340671989,-0.4486495075755883,0.8937077930465763,993.1447777777778,1.858888888888889,982.7553333333332,0,0.0,0.0,0,2023,11,Takuma Sato,232.857,575fd17a6f1be1f5d174cf43e422efde3970314f41803aa9ca4bbb59ff72b75a
PRIMARY_LOYO_2023,PRIMARY,ELASTIC_NET,2023,cda49858-f649-523a-85fb-8d53847f80bf,INDY500_DAY1_2023,14,Santino Ferrucci,233.147,234.5731556856835,1.4261556856835114,1.4261556856835114,599dee972901168e7297d02344e29079cd45fe0f34813db733b15470fcaab806,2023,14,Santino Ferrucci,233.147,18.050184080335853,45.60806288987559,4.700765987421865,-0.4504120535628939,0.8928208006118903,993.2983055555555,2.0169444444444444,993.0338888888888,0,0.0,0.0,0,2023,14,Santino Ferrucci,233.147,575fd17a6f1be1f5d174cf43e422efde3970314f41803aa9ca4bbb59ff72b75a
PRIMARY_LOYO_2023,PRIMARY,ELASTIC_NET,2023,096ff05c-1785-53cf-be2f-65bbb6ce7cd1,INDY500_DAY1_2023,10,Alex Palou,233.398,234.55188865281372,1.1538886528137198,1.1538886528137198,599dee972901168e7297d02344e29079cd45fe0f34813db733b15470fcaab806,2023,10,Alex Palou,233.398,18.09119525485571,45.35043426872511,4.729997485958454,-0.4440512798254283,0.8960013732608891,993.2903888888889,2.096111111111111,993.1922222222222,0,0.0,0.0,0,2023,10,Alex Palou,233.398,575fd17a6f1be1f5d174cf43e422efde3970314f41803aa9ca4bbb59ff72b75a
PRIMARY_LOYO_2023,PRIMARY,ELASTIC_NET,2023,dda33fdd-49c8-5082-a03d-252bf1a6fa49,INDY500_DAY1_2023,27,Kyle Kirkwood,232.39,234.5106878177723,2.120687817772307,2.120687817772307,599dee972901168e7297d02344e29079cd45fe0f34813db733b15470fcaab806,2023,27,Kyle Kirkwood,232.39,18.170627424452064,44.851448307759966,4.786614283124059,-0.4316678790402283,0.9020326170404876,993.2750555555556,2.2494444444444444,993.4988888888888,0,0.0,0.0,0,2023,27,Kyle Kirkwood,232.39,575fd17a6f1be1f5d174cf43e422efde3970314f41803aa9ca4bbb59ff72b75a
PRIMARY_LOYO_2023,PRIMARY,ELASTIC_NET,2023,939cb422-2442-550d-9cc5-80f8c372c5d7,INDY500_DAY1_2023,44,Katherine Legge,231.07,234.48821599732463,3.418215997324637,3.418215997324637,599dee972901168e7297d02344e29079cd45fe0f34813db733b15470fcaab806,2023,44,Katherine Legge,231.07,18.21394098069935,44.57935632542209,4.817486848245157,-0.4248806806686196,0.9052493618857572,993.2666944444444,2.3330555555555557,993.6661111111111,0,0.0,0.0,0,2023,44,Katherine Legge,231.07,575fd17a6f1be1f5d174cf43e422efde3970314f41803aa9ca4bbb59ff72b75a
PRIMARY_LOYO_2023,PRIMARY,ELASTIC_NET,2023,fce06089-154b-512e-a547-fd144ec0961c,INDY500_DAY1_2023,8,Marcus Ericsson,232.421,235.3010927412836,2.8800927412835904,2.8800927412835904,599dee972901168e7297d02344e29079cd45fe0f34813db733b15470fcaab806,2023,8,Marcus Ericsson,232.421,18.501670532226584,43.16722774772098,4.940315641974926,-0.382219388629902,0.9240716092140177,992.441,4.705,989.195,1,10184.0,232.735,1,2023,8,Marcus Ericsson,232.421,575fd17a6f1be1f5d174cf43e422efde3970314f41803aa9ca4bbb59ff72b75a
PRIMARY_LOYO_2023,PRIMARY,ELASTIC_NET,2023,333cf68d-54d9-5559-ac70-c73c27086892,INDY500_DAY1_2023,77,Callum Ilott,231.182,235.1069548307266,3.924954830726619,3.924954830726619,599dee972901168e7297d02344e29079cd45fe0f34813db733b15470fcaab806,2023,77,Callum Ilott,231.182,18.77815565321183,45.07108277997604,5.054953839149192,-0.3721384239316089,0.9281772424670292,991.824,10.511111111111113,966.6977777777778,1,7398.0,227.72,1,2023,77,Callum Ilott,231.182,575fd17a6f1be1f5d174cf43e422efde3970314f41803aa9ca4bbb59ff72b75a
PRIMARY_LOYO_2023,PRIMARY,ELASTIC_NET,2023,fdb7fb74-bf21-54a6-8668-36c035e40628,INDY500_DAY1_2023,66,Tony Kanaan,232.62,235.07817273657895,2.458172736578973,2.458172736578973,599dee972901168e7297d02344e29079cd45fe0f34813db733b15470fcaab806,2023,66,Tony Kanaan,232.62,18.869320805867535,46.061201848869715,5.035571964656135,-0.351452823990769,0.9362055930771368,991.61875,12.791666666666666,955.9791666666666,1,10673.0,232.446,1,2023,66,Tony Kanaan,232.62,575fd17a6f1be1f5d174cf43e422efde3970314f41803aa9ca4bbb59ff72b75a
PRIMARY_LOYO_2023,PRIMARY,ELASTIC_NET,2023,ab6f7ab5-b6ba-5e02-9560-f89bd35b575c,INDY500_DAY1_2023,29,Devlin DeFrancesco,231.353,235.03920391663505,3.686203916635037,3.686203916635037,599dee972901168e7297d02344e29079cd45fe0f34813db733b15470fcaab806,2023,29,Devlin DeFrancesco,231.353,18.88855773925783,46.04544446445725,5.110755631763569,-0.3384172407554231,0.9409961589504424,991.7058055555556,12.837222222222222,946.5355555555556,1,9690.0,231.273,1,2023,29,Devlin DeFrancesco,231.353,575fd17a6f1be1f5d174cf43e422efde3970314f41803aa9ca4bbb59ff72b75a
PRIMARY_LOYO_2023,PRIMARY,ELASTIC_NET,2023,3a0bcd66-fa08-5944-bf0b-5ec6c5a10f91,INDY500_DAY1_2023,9,Scott Dixon,233.375,235.04622075815817,1.6712207581581424,1.6712207581581424,599dee972901168e7297d02344e29079cd45fe0f34813db733b15470fcaab806,2023,9,Scott Dixon,233.375,18.89477539062502,45.984910241053115,5.1546169223071265,-0.332048053746825,0.943262471427198,991.7661111111112,12.744444444444444,941.7111111111112,1,12596.0,232.914,1,2023,9,Scott Dixon,233.375,575fd17a6f1be1f5d174cf43e422efde3970314f41803aa9ca4bbb59ff72b75a
PRIMARY_LOYO_2023,PRIMARY,ELASTIC_NET,2023,f9f206a7-b2ab-5eb9-8805-0d279c65164d,INDY500_DAY1_2023,27,Kyle Kirkwood,232.617,234.96847057059628,2.351470570596291,2.351470570596291,599dee972901168e7297d02344e29079cd45fe0f34813db733b15470fcaab806,2023,27,Kyle Kirkwood,232.617,18.915997314453147,45.778296424643806,5.304323123563582,-0.3101963878893465,0.9506724993079384,991.9719444444444,12.427777777777775,925.2444444444444,1,7332.0,232.39,1,2023,27,Kyle Kirkwood,232.617,575fd17a6f1be1f5d174cf43e422efde3970314f41803aa9ca4bbb59ff72b75a
PRIMARY_LOYO_2023,PRIMARY,ELASTIC_NET,2023,2b14c17d-769c-504e-819b-55270bb93b13,INDY500_DAY1_2023,33,Ed Carpenter,232.511,234.9515709417632,2.4405709417632124,2.4405709417632124,599dee972901168e7297d02344e29079cd45fe0f34813db733b15470fcaab806,2023,33,Ed Carpenter,232.511,18.935320434570336,45.59016910759743,5.440634559444459,-0.290155921636841,0.9569793838631402,992.1593611111113,12.139444444444443,910.2511111111112,1,12036.0,232.62,1,2023,33,Ed Carpenter,232.511,575fd17a6f1be1f5d174cf43e422efde3970314f41803aa9ca4bbb59ff72b75a
PRIMARY_LOYO_2023,PRIMARY,ELASTIC_NET,2023,dd0ff96a-0d57-5ba5-8691-ebf2359edec4,INDY500_DAY1_2023,11,Takuma Sato,233.322,234.94801053296743,1.6260105329674277,1.6260105329674277,599dee972901168e7297d02344e29079cd45fe0f34813db733b15470fcaab806,2023,11,Takuma Sato,233.322,18.675352410210525,48.056887082714645,5.909516642326733,-0.2905183870204794,0.956869409482307,992.6528888888888,14.103333333333332,842.17,1,10646.0,232.857,1,2023,11,Takuma Sato,233.322,575fd17a6f1be1f5d174cf43e422efde3970314f41803aa9ca4bbb59ff72b75a
PRIMARY_LOYO_2023,PRIMARY,ELASTIC_NET,2023,79d389ee-b055-582a-8985-c09472aa4d69,INDY500_DAY1_2023,8,Marcus Ericsson,233.03,235.07130708430464,2.0413070843046626,2.0413070843046626,599dee972901168e7297d02344e29079cd45fe0f34813db733b15470fcaab806,2023,8,Marcus Ericsson,233.03,18.64775087144642,48.0800851729745,6.021027410657147,-0.2863568241394008,0.9581230449523674,992.7717777777776,13.211666666666666,823.4449999999999,2,6227.0,232.735,1,2023,8,Marcus Ericsson,233.03,575fd17a6f1be1f5d174cf43e422efde3970314f41803aa9ca4bbb59ff72b75a
PRIMARY_LOYO_2023,PRIMARY,ELASTIC_NET,2023,970e09d9-9783-53a2-ac70-f2117bee1d09,INDY500_DAY1_2023,27,Kyle Kirkwood,232.662,235.0184429221608,2.356442922160795,2.356442922160795,599dee972901168e7297d02344e29079cd45fe0f34813db733b15470fcaab806,2023,27,Kyle Kirkwood,232.662,18.623962673611135,47.77396168716208,5.981776567863904,-0.2895102170686867,0.957174923518602,992.8347777777776,13.521666666666668,799.3505555555555,2,3196.0,232.617,1,2023,27,Kyle Kirkwood,232.662,575fd17a6f1be1f5d174cf43e422efde3970314f41803aa9ca4bbb59ff72b75a
PRIMARY_LOYO_2023,PRIMARY,ELASTIC_NET,2023,d1af19f4-254b-5058-b545-543906d4584e,INDY500_DAY1_2023,66,Tony Kanaan,233.347,235.0230552426848,1.6760552426847823,1.6760552426847823,599dee972901168e7297d02344e29079cd45fe0f34813db733b15470fcaab806,2023,66,Tony Kanaan,233.347,18.288198064168316,49.097836895882914,5.55808956544602,-0.3319235790464347,0.9433062798863396,992.6615,21.331666666666663,699.6875,2,5706.0,232.62,1,2023,66,Tony Kanaan,233.347,575fd17a6f1be1f5d174cf43e422efde3970314f41803aa9ca4bbb59ff72b75a
PRIMARY_LOYO_2023,PRIMARY,ELASTIC_NET,2023,55035890-97e8-57a3-a2e1-4845f4b05eb9,INDY500_DAY1_2023,33,Ed Carpenter,232.689,234.94827481404403,2.259274814044062,2.259274814044062,599dee972901168e7297d02344e29079cd45fe0f34813db733b15470fcaab806,2023,33,Ed Carpenter,232.689,18.338442738850933,48.02950473738792,5.444307043333277,-0.3427771893404975,0.9394167331210516,992.525,15.416666666666668,682.625,2,4901.0,232.62,1,2023,33,Ed Carpenter,232.689,575fd17a6f1be1f5d174cf43e422efde3970314f41803aa9ca4bbb59ff72b75a
PRIMARY_LOYO_2023,PRIMARY,RANDOM_FOREST,2023,67f2af5c-ca4c-55e7-8c2a-5361873b43cc,INDY500_DAY1_2023,8,Marcus Ericsson,232.735,229.9949539506145,-2.740046049385512,2.740046049385512,599dee972901168e7297d02344e29079cd45fe0f34813db733b15470fcaab806,2023,8,Marcus Ericsson,232.735,15.30934736463761,57.91804373005335,4.463453075386184,-0.3575323717425996,0.9339007458804772,992.8685555555556,1.0,851.408,0,0.0,0.0,0,2023,8,Marcus Ericsson,232.735,575fd17a6f1be1f5d174cf43e422efde3970314f41803aa9ca4bbb59ff72b75a
PRIMARY_LOYO_2023,PRIMARY,RANDOM_FOREST,2023,14c2e6a1-d204-5d45-adf6-473781a78254,INDY500_DAY1_2023,7,Alexander Rossi,233.528,230.023647113479,-3.5043528865209908,3.5043528865209908,599dee972901168e7297d02344e29079cd45fe0f34813db733b15470fcaab806,2023,7,Alexander Rossi,233.528,15.781152123345292,58.06698052704467,4.498080696411198,-0.4228946787804508,0.9061788403285408,993.0224444444444,4.775555555555556,859.2682777777778,0,0.0,0.0,0,2023,7,Alexander Rossi,233.528,575fd17a6f1be1f5d174cf43e422efde3970314f41803aa9ca4bbb59ff72b75a
PRIMARY_LOYO_2023,PRIMARY,RANDOM_FOREST,2023,ad6c40ac-4389-5426-b8e5-1d130ac9da81,INDY500_DAY1_2023,9,Scott Dixon,232.914,229.81916334873728,-3.0948366512627103,3.0948366512627103,599dee972901168e7297d02344e29079cd45fe0f34813db733b15470fcaab806,2023,9,Scott Dixon,232.914,15.857525702582487,57.71209395523847,4.538822456586054,-0.4176294560595551,0.9086174318333322,993.0515555555556,4.484444444444444,869.6682222222223,0,0.0,0.0,0,2023,9,Scott Dixon,232.914,575fd17a6f1be1f5d174cf43e422efde3970314f41803aa9ca4bbb59ff72b75a
PRIMARY_LOYO_2023,PRIMARY,RANDOM_FOREST,2023,5ff6581d-9433-56e7-89ca-1cba397b1eb5,INDY500_DAY1_2023,55,Benjamin Pedersen,232.739,229.84095111744924,-2.898048882550768,2.898048882550768,599dee972901168e7297d02344e29079cd45fe0f34813db733b15470fcaab806,2023,55,Benjamin Pedersen,232.739,16.01027286105688,57.002320811626085,4.620305976935767,-0.4070570044946894,0.9134027562317788,993.1097777777778,3.902222222222222,890.4681111111112,0,0.0,0.0,0,2023,55,Benjamin Pedersen,232.739,575fd17a6f1be1f5d174cf43e422efde3970314f41803aa9ca4bbb59ff72b75a
PRIMARY_LOYO_2023,PRIMARY,RANDOM_FOREST,2023,09f4cf1e-3fb8-5bfc-808c-b733eb495b54,INDY500_DAY1_2023,66,Tony Kanaan,232.446,229.55324711354547,-2.892752886454531,2.892752886454531,599dee972901168e7297d02344e29079cd45fe0f34813db733b15470fcaab806,2023,66,Tony Kanaan,232.446,16.263781161838132,55.80665029368235,4.75323784443219,-0.3898375617842839,0.9208836383724518,993.2086666666668,2.971111111111111,923.7154444444444,0,0.0,0.0,0,2023,66,Tony Kanaan,232.446,575fd17a6f1be1f5d174cf43e422efde3970314f41803aa9ca4bbb59ff72b75a
PRIMARY_LOYO_2023,PRIMARY,RANDOM_FOREST,2023,04dd64f3-9175-537b-b611-47d98856e4b7,INDY500_DAY1_2023,33,Ed Carpenter,232.62,229.5784763278312,-3.0415236721688075,3.0415236721688075,599dee972901168e7297d02344e29079cd45fe0f34813db733b15470fcaab806,2023,33,Ed Carpenter,232.62,16.348146930270747,55.325842863999625,4.786683546558049,-0.3861778828384094,0.92242432904084,993.2521666666668,2.826111111111111,928.8121944444443,0,0.0,0.0,0,2023,33,Ed Carpenter,232.62,575fd17a6f1be1f5d174cf43e422efde3970314f41803aa9ca4bbb59ff72b75a
PRIMARY_LOYO_2023,PRIMARY,RANDOM_FOREST,2023,66a44749-a775-58cd-858d-98e243eba973,INDY500_DAY1_2023,50,RC Enerson,231.129,229.5817021944978,-1.5472978055021829,1.5472978055021829,599dee972901168e7297d02344e29079cd45fe0f34813db733b15470fcaab806,2023,50,RC Enerson,231.129,16.432835939195442,54.84319326025681,4.820257393136497,-0.3824980583121277,0.9239562951717208,993.2958333333332,2.6805555555555554,933.9284722222222,0,0.0,0.0,0,2023,50,RC Enerson,231.129,575fd17a6f1be1f5d174cf43e422efde3970314f41803aa9ca4bbb59ff72b75a
PRIMARY_LOYO_2023,PRIMARY,RANDOM_FOREST,2023,f10d3a91-6f0d-59f0-9ea9-4db5cf6e44b9,INDY500_DAY1_2023,29,Devlin DeFrancesco,231.273,229.60899237594023,-1.6640076240597352,1.6640076240597352,599dee972901168e7297d02344e29079cd45fe0f34813db733b15470fcaab806,2023,29,Devlin DeFrancesco,231.273,16.70047906663685,53.31787313850471,4.926360999880601,-0.3708290159358444,0.9287011580374244,993.4338333333334,2.2205555555555554,950.0974722222222,0,0.0,0.0,0,2023,29,Devlin DeFrancesco,231.273,575fd17a6f1be1f5d174cf43e422efde3970314f41803aa9ca4bbb59ff72b75a
PRIMARY_LOYO_2023,PRIMARY,RANDOM_FOREST,2023,5d48192b-5510-5e99-b8c1-6f8dbd074ad7,INDY500_DAY1_2023,21,Rinus VeeKay,233.395,229.6316836867808,-3.763316313219235,3.763316313219235,599dee972901168e7297d02344e29079cd45fe0f34813db733b15470fcaab806,2023,21,Rinus VeeKay,233.395,17.395021184285504,49.368336464127346,4.481750430414624,-0.4416442556513667,0.8971902537645793,992.7973611111112,1.5430555555555556,959.8258333333332,0,0.0,0.0,0,2023,21,Rinus VeeKay,233.395,575fd17a6f1be1f5d174cf43e422efde3970314f41803aa9ca4bbb59ff72b75a
PRIMARY_LOYO_2023,PRIMARY,RANDOM_FOREST,2023,86528548-acb2-5972-a3cd-583a1a3f0514,INDY500_DAY1_2023,5,Pato O'Ward,233.252,229.64740760344745,-3.6045923965525617,3.6045923965525617,599dee972901168e7297d02344e29079cd45fe0f34813db733b15470fcaab806,2023,5,Pato O'Ward,233.252,17.506615931193057,48.72866625697728,4.518482073785856,-0.4433965775949849,0.8963255407367652,992.8841388888889,1.6219444444444444,965.5531666666668,0,0.0,0.0,0,2023,5,Pato O'Ward,233.252,575fd17a6f1be1f5d174cf43e422efde3970314f41803aa9ca4bbb59ff72b75a
PRIMARY_LOYO_2023,PRIMARY,RANDOM_FOREST,2023,f7e8b948-2fd0-5183-971b-aaea5c66c226,INDY500_DAY1_2023,77,Callum Ilott,227.72,229.6472570613235,1.9272570613235016,1.9272570613235016,599dee972901168e7297d02344e29079cd45fe0f34813db733b15470fcaab806,2023,77,Callum Ilott,227.72,17.611530710856144,48.12728616786086,4.553014992025712,-0.4450424630848962,0.895509467315298,992.9657222222222,1.6961111111111111,970.9376666666668,0,0.0,0.0,0,2023,77,Callum Ilott,227.72,575fd17a6f1be1f5d174cf43e422efde3970314f41803aa9ca4bbb59ff72b75a
PRIMARY_LOYO_2023,PRIMARY,RANDOM_FOREST,2023,55b6b39a-d64a-5a38-9dbc-84a9faac294b,INDY500_DAY1_2023,11,Takuma Sato,232.857,229.63096485014356,-3.2260351498564432,3.2260351498564432,599dee972901168e7297d02344e29079cd45fe0f34813db733b15470fcaab806,2023,11,Takuma Sato,232.857,17.841793111165387,46.80740327564278,4.628806340671989,-0.4486495075755883,0.8937077930465763,993.1447777777778,1.858888888888889,982.7553333333332,0,0.0,0.0,0,2023,11,Takuma Sato,232.857,575fd17a6f1be1f5d174cf43e422efde3970314f41803aa9ca4bbb59ff72b75a
PRIMARY_LOYO_2023,PRIMARY,RANDOM_FOREST,2023,cda49858-f649-523a-85fb-8d53847f80bf,INDY500_DAY1_2023,14,Santino Ferrucci,233.147,229.6335177183975,-3.513482281602478,3.513482281602478,599dee972901168e7297d02344e29079cd45fe0f34813db733b15470fcaab806,2023,14,Santino Ferrucci,233.147,18.050184080335853,45.60806288987559,4.700765987421865,-0.4504120535628939,0.8928208006118903,993.2983055555555,2.0169444444444444,993.0338888888888,0,0.0,0.0,0,2023,14,Santino Ferrucci,233.147,575fd17a6f1be1f5d174cf43e422efde3970314f41803aa9ca4bbb59ff72b75a
PRIMARY_LOYO_2023,PRIMARY,RANDOM_FOREST,2023,096ff05c-1785-53cf-be2f-65bbb6ce7cd1,INDY500_DAY1_2023,10,Alex Palou,233.398,229.6382733850642,-3.7597266149358006,3.7597266149358006,599dee972901168e7297d02344e29079cd45fe0f34813db733b15470fcaab806,2023,10,Alex Palou,233.398,18.09119525485571,45.35043426872511,4.729997485958454,-0.4440512798254283,0.8960013732608891,993.2903888888889,2.096111111111111,993.1922222222222,0,0.0,0.0,0,2023,10,Alex Palou,233.398,575fd17a6f1be1f5d174cf43e422efde3970314f41803aa9ca4bbb59ff72b75a
PRIMARY_LOYO_2023,PRIMARY,RANDOM_FOREST,2023,dda33fdd-49c8-5082-a03d-252bf1a6fa49,INDY500_DAY1_2023,27,Kyle Kirkwood,232.39,229.6376296696984,-2.7523703303015736,2.7523703303015736,599dee972901168e7297d02344e29079cd45fe0f34813db733b15470fcaab806,2023,27,Kyle Kirkwood,232.39,18.170627424452064,44.851448307759966,4.786614283124059,-0.4316678790402283,0.9020326170404876,993.2750555555556,2.2494444444444444,993.4988888888888,0,0.0,0.0,0,2023,27,Kyle Kirkwood,232.39,575fd17a6f1be1f5d174cf43e422efde3970314f41803aa9ca4bbb59ff72b75a
PRIMARY_LOYO_2023,PRIMARY,RANDOM_FOREST,2023,939cb422-2442-550d-9cc5-80f8c372c5d7,INDY500_DAY1_2023,44,Katherine Legge,231.07,229.6376296696984,-1.4323703303015805,1.4323703303015805,599dee972901168e7297d02344e29079cd45fe0f34813db733b15470fcaab806,2023,44,Katherine Legge,231.07,18.21394098069935,44.57935632542209,4.817486848245157,-0.4248806806686196,0.9052493618857572,993.2666944444444,2.3330555555555557,993.6661111111111,0,0.0,0.0,0,2023,44,Katherine Legge,231.07,575fd17a6f1be1f5d174cf43e422efde3970314f41803aa9ca4bbb59ff72b75a
PRIMARY_LOYO_2023,PRIMARY,RANDOM_FOREST,2023,fce06089-154b-512e-a547-fd144ec0961c,INDY500_DAY1_2023,8,Marcus Ericsson,232.421,229.75640193530236,-2.6645980646976284,2.6645980646976284,599dee972901168e7297d02344e29079cd45fe0f34813db733b15470fcaab806,2023,8,Marcus Ericsson,232.421,18.501670532226584,43.16722774772098,4.940315641974926,-0.382219388629902,0.9240716092140177,992.441,4.705,989.195,1,10184.0,232.735,1,2023,8,Marcus Ericsson,232.421,575fd17a6f1be1f5d174cf43e422efde3970314f41803aa9ca4bbb59ff72b75a
PRIMARY_LOYO_2023,PRIMARY,RANDOM_FOREST,2023,333cf68d-54d9-5559-ac70-c73c27086892,INDY500_DAY1_2023,77,Callum Ilott,231.182,229.7015618449181,-1.4804381550818846,1.4804381550818846,599dee972901168e7297d02344e29079cd45fe0f34813db733b15470fcaab806,2023,77,Callum Ilott,231.182,18.77815565321183,45.07108277997604,5.054953839149192,-0.3721384239316089,0.9281772424670292,991.824,10.511111111111113,966.6977777777778,1,7398.0,227.72,1,2023,77,Callum Ilott,231.182,575fd17a6f1be1f5d174cf43e422efde3970314f41803aa9ca4bbb59ff72b75a
PRIMARY_LOYO_2023,PRIMARY,RANDOM_FOREST,2023,fdb7fb74-bf21-54a6-8668-36c035e40628,INDY500_DAY1_2023,66,Tony Kanaan,232.62,229.7121693928096,-2.907830607190391,2.907830607190391,599dee972901168e7297d02344e29079cd45fe0f34813db733b15470fcaab806,2023,66,Tony Kanaan,232.62,18.869320805867535,46.061201848869715,5.035571964656135,-0.351452823990769,0.9362055930771368,991.61875,12.791666666666666,955.9791666666666,1,10673.0,232.446,1,2023,66,Tony Kanaan,232.62,575fd17a6f1be1f5d174cf43e422efde3970314f41803aa9ca4bbb59ff72b75a
PRIMARY_LOYO_2023,PRIMARY,RANDOM_FOREST,2023,ab6f7ab5-b6ba-5e02-9560-f89bd35b575c,INDY500_DAY1_2023,29,Devlin DeFrancesco,231.353,229.7895316263988,-1.5634683736012107,1.5634683736012107,599dee972901168e7297d02344e29079cd45fe0f34813db733b15470fcaab806,2023,29,Devlin DeFrancesco,231.353,18.88855773925783,46.04544446445725,5.110755631763569,-0.3384172407554231,0.9409961589504424,991.7058055555556,12.837222222222222,946.5355555555556,1,9690.0,231.273,1,2023,29,Devlin DeFrancesco,231.353,575fd17a6f1be1f5d174cf43e422efde3970314f41803aa9ca4bbb59ff72b75a
PRIMARY_LOYO_2023,PRIMARY,RANDOM_FOREST,2023,3a0bcd66-fa08-5944-bf0b-5ec6c5a10f91,INDY500_DAY1_2023,9,Scott Dixon,233.375,229.7277427070953,-3.6472572929046976,3.6472572929046976,599dee972901168e7297d02344e29079cd45fe0f34813db733b15470fcaab806,2023,9,Scott Dixon,233.375,18.89477539062502,45.984910241053115,5.1546169223071265,-0.332048053746825,0.943262471427198,991.7661111111112,12.744444444444444,941.7111111111112,1,12596.0,232.914,1,2023,9,Scott Dixon,233.375,575fd17a6f1be1f5d174cf43e422efde3970314f41803aa9ca4bbb59ff72b75a
PRIMARY_LOYO_2023,PRIMARY,RANDOM_FOREST,2023,f9f206a7-b2ab-5eb9-8805-0d279c65164d,INDY500_DAY1_2023,27,Kyle Kirkwood,232.617,229.8727019633905,-2.7442980366094787,2.7442980366094787,599dee972901168e7297d02344e29079cd45fe0f34813db733b15470fcaab806,2023,27,Kyle Kirkwood,232.617,18.915997314453147,45.778296424643806,5.304323123563582,-0.3101963878893465,0.9506724993079384,991.9719444444444,12.427777777777775,925.2444444444444,1,7332.0,232.39,1,2023,27,Kyle Kirkwood,232.617,575fd17a6f1be1f5d174cf43e422efde3970314f41803aa9ca4bbb59ff72b75a
PRIMARY_LOYO_2023,PRIMARY,RANDOM_FOREST,2023,2b14c17d-769c-504e-819b-55270bb93b13,INDY500_DAY1_2023,33,Ed Carpenter,232.511,229.7143458542902,-2.796654145709794,2.796654145709794,599dee972901168e7297d02344e29079cd45fe0f34813db733b15470fcaab806,2023,33,Ed Carpenter,232.511,18.935320434570336,45.59016910759743,5.440634559444459,-0.290155921636841,0.9569793838631402,992.1593611111113,12.139444444444443,910.2511111111112,1,12036.0,232.62,1,2023,33,Ed Carpenter,232.511,575fd17a6f1be1f5d174cf43e422efde3970314f41803aa9ca4bbb59ff72b75a
PRIMARY_LOYO_2023,PRIMARY,RANDOM_FOREST,2023,dd0ff96a-0d57-5ba5-8691-ebf2359edec4,INDY500_DAY1_2023,11,Takuma Sato,233.322,229.90922017368135,-3.4127798263186264,3.4127798263186264,599dee972901168e7297d02344e29079cd45fe0f34813db733b15470fcaab806,2023,11,Takuma Sato,233.322,18.675352410210525,48.056887082714645,5.909516642326733,-0.2905183870204794,0.956869409482307,992.6528888888888,14.103333333333332,842.17,1,10646.0,232.857,1,2023,11,Takuma Sato,233.322,575fd17a6f1be1f5d174cf43e422efde3970314f41803aa9ca4bbb59ff72b75a
PRIMARY_LOYO_2023,PRIMARY,RANDOM_FOREST,2023,79d389ee-b055-582a-8985-c09472aa4d69,INDY500_DAY1_2023,8,Marcus Ericsson,233.03,230.13633943318644,-2.8936605668135655,2.8936605668135655,599dee972901168e7297d02344e29079cd45fe0f34813db733b15470fcaab806,2023,8,Marcus Ericsson,233.03,18.64775087144642,48.0800851729745,6.021027410657147,-0.2863568241394008,0.9581230449523674,992.7717777777776,13.211666666666666,823.4449999999999,2,6227.0,232.735,1,2023,8,Marcus Ericsson,233.03,575fd17a6f1be1f5d174cf43e422efde3970314f41803aa9ca4bbb59ff72b75a
PRIMARY_LOYO_2023,PRIMARY,RANDOM_FOREST,2023,970e09d9-9783-53a2-ac70-f2117bee1d09,INDY500_DAY1_2023,27,Kyle Kirkwood,232.662,230.1082632819146,-2.5537367180854176,2.5537367180854176,599dee972901168e7297d02344e29079cd45fe0f34813db733b15470fcaab806,2023,27,Kyle Kirkwood,232.662,18.623962673611135,47.77396168716208,5.981776567863904,-0.2895102170686867,0.957174923518602,992.8347777777776,13.521666666666668,799.3505555555555,2,3196.0,232.617,1,2023,27,Kyle Kirkwood,232.662,575fd17a6f1be1f5d174cf43e422efde3970314f41803aa9ca4bbb59ff72b75a
PRIMARY_LOYO_2023,PRIMARY,RANDOM_FOREST,2023,d1af19f4-254b-5058-b545-543906d4584e,INDY500_DAY1_2023,66,Tony Kanaan,233.347,230.0728243771264,-3.274175622873599,3.274175622873599,599dee972901168e7297d02344e29079cd45fe0f34813db733b15470fcaab806,2023,66,Tony Kanaan,233.347,18.288198064168316,49.097836895882914,5.55808956544602,-0.3319235790464347,0.9433062798863396,992.6615,21.331666666666663,699.6875,2,5706.0,232.62,1,2023,66,Tony Kanaan,233.347,575fd17a6f1be1f5d174cf43e422efde3970314f41803aa9ca4bbb59ff72b75a
PRIMARY_LOYO_2023,PRIMARY,RANDOM_FOREST,2023,55035890-97e8-57a3-a2e1-4845f4b05eb9,INDY500_DAY1_2023,33,Ed Carpenter,232.689,230.0839223704165,-2.6050776295834908,2.6050776295834908,599dee972901168e7297d02344e29079cd45fe0f34813db733b15470fcaab806,2023,33,Ed Carpenter,232.689,18.338442738850933,48.02950473738792,5.444307043333277,-0.3427771893404975,0.9394167331210516,992.525,15.416666666666668,682.625,2,4901.0,232.62,1,2023,33,Ed Carpenter,232.689,575fd17a6f1be1f5d174cf43e422efde3970314f41803aa9ca4bbb59ff72b75a
PRIMARY_LOYO_2023,PRIMARY,HIST_GRADIENT_BOOSTING,2023,67f2af5c-ca4c-55e7-8c2a-5361873b43cc,INDY500_DAY1_2023,8,Marcus Ericsson,232.735,229.8390253153561,-2.895974684643903,2.895974684643903,599dee972901168e7297d02344e29079cd45fe0f34813db733b15470fcaab806,2023,8,Marcus Ericsson,232.735,15.30934736463761,57.91804373005335,4.463453075386184,-0.3575323717425996,0.9339007458804772,992.8685555555556,1.0,851.408,0,0.0,0.0,0,2023,8,Marcus Ericsson,232.735,575fd17a6f1be1f5d174cf43e422efde3970314f41803aa9ca4bbb59ff72b75a
PRIMARY_LOYO_2023,PRIMARY,HIST_GRADIENT_BOOSTING,2023,14c2e6a1-d204-5d45-adf6-473781a78254,INDY500_DAY1_2023,7,Alexander Rossi,233.528,230.03892687686513,-3.489073123134858,3.489073123134858,599dee972901168e7297d02344e29079cd45fe0f34813db733b15470fcaab806,2023,7,Alexander Rossi,233.528,15.781152123345292,58.06698052704467,4.498080696411198,-0.4228946787804508,0.9061788403285408,993.0224444444444,4.775555555555556,859.2682777777778,0,0.0,0.0,0,2023,7,Alexander Rossi,233.528,575fd17a6f1be1f5d174cf43e422efde3970314f41803aa9ca4bbb59ff72b75a
PRIMARY_LOYO_2023,PRIMARY,HIST_GRADIENT_BOOSTING,2023,ad6c40ac-4389-5426-b8e5-1d130ac9da81,INDY500_DAY1_2023,9,Scott Dixon,232.914,229.43605180573556,-3.477948194264428,3.477948194264428,599dee972901168e7297d02344e29079cd45fe0f34813db733b15470fcaab806,2023,9,Scott Dixon,232.914,15.857525702582487,57.71209395523847,4.538822456586054,-0.4176294560595551,0.9086174318333322,993.0515555555556,4.484444444444444,869.6682222222223,0,0.0,0.0,0,2023,9,Scott Dixon,232.914,575fd17a6f1be1f5d174cf43e422efde3970314f41803aa9ca4bbb59ff72b75a
PRIMARY_LOYO_2023,PRIMARY,HIST_GRADIENT_BOOSTING,2023,5ff6581d-9433-56e7-89ca-1cba397b1eb5,INDY500_DAY1_2023,55,Benjamin Pedersen,232.739,230.58571320884204,-2.153286791157967,2.153286791157967,599dee972901168e7297d02344e29079cd45fe0f34813db733b15470fcaab806,2023,55,Benjamin Pedersen,232.739,16.01027286105688,57.002320811626085,4.620305976935767,-0.4070570044946894,0.9134027562317788,993.1097777777778,3.902222222222222,890.4681111111112,0,0.0,0.0,0,2023,55,Benjamin Pedersen,232.739,575fd17a6f1be1f5d174cf43e422efde3970314f41803aa9ca4bbb59ff72b75a
PRIMARY_LOYO_2023,PRIMARY,HIST_GRADIENT_BOOSTING,2023,09f4cf1e-3fb8-5bfc-808c-b733eb495b54,INDY500_DAY1_2023,66,Tony Kanaan,232.446,229.73607132799935,-2.7099286720006432,2.7099286720006432,599dee972901168e7297d02344e29079cd45fe0f34813db733b15470fcaab806,2023,66,Tony Kanaan,232.446,16.263781161838132,55.80665029368235,4.75323784443219,-0.3898375617842839,0.9208836383724518,993.2086666666668,2.971111111111111,923.7154444444444,0,0.0,0.0,0,2023,66,Tony Kanaan,232.446,575fd17a6f1be1f5d174cf43e422efde3970314f41803aa9ca4bbb59ff72b75a
PRIMARY_LOYO_2023,PRIMARY,HIST_GRADIENT_BOOSTING,2023,04dd64f3-9175-537b-b611-47d98856e4b7,INDY500_DAY1_2023,33,Ed Carpenter,232.62,229.73607132799935,-2.88392867200065,2.88392867200065,599dee972901168e7297d02344e29079cd45fe0f34813db733b15470fcaab806,2023,33,Ed Carpenter,232.62,16.348146930270747,55.325842863999625,4.786683546558049,-0.3861778828384094,0.92242432904084,993.2521666666668,2.826111111111111,928.8121944444443,0,0.0,0.0,0,2023,33,Ed Carpenter,232.62,575fd17a6f1be1f5d174cf43e422efde3970314f41803aa9ca4bbb59ff72b75a
PRIMARY_LOYO_2023,PRIMARY,HIST_GRADIENT_BOOSTING,2023,66a44749-a775-58cd-858d-98e243eba973,INDY500_DAY1_2023,50,RC Enerson,231.129,229.73607132799935,-1.392928672000636,1.392928672000636,599dee972901168e7297d02344e29079cd45fe0f34813db733b15470fcaab806,2023,50,RC Enerson,231.129,16.432835939195442,54.84319326025681,4.820257393136497,-0.3824980583121277,0.9239562951717208,993.2958333333332,2.6805555555555554,933.9284722222222,0,0.0,0.0,0,2023,50,RC Enerson,231.129,575fd17a6f1be1f5d174cf43e422efde3970314f41803aa9ca4bbb59ff72b75a
PRIMARY_LOYO_2023,PRIMARY,HIST_GRADIENT_BOOSTING,2023,f10d3a91-6f0d-59f0-9ea9-4db5cf6e44b9,INDY500_DAY1_2023,29,Devlin DeFrancesco,231.273,229.7557704083589,-1.5172295916410974,1.5172295916410974,599dee972901168e7297d02344e29079cd45fe0f34813db733b15470fcaab806,2023,29,Devlin DeFrancesco,231.273,16.70047906663685,53.31787313850471,4.926360999880601,-0.3708290159358444,0.9287011580374244,993.4338333333334,2.2205555555555554,950.0974722222222,0,0.0,0.0,0,2023,29,Devlin DeFrancesco,231.273,575fd17a6f1be1f5d174cf43e422efde3970314f41803aa9ca4bbb59ff72b75a
PRIMARY_LOYO_2023,PRIMARY,HIST_GRADIENT_BOOSTING,2023,5d48192b-5510-5e99-b8c1-6f8dbd074ad7,INDY500_DAY1_2023,21,Rinus VeeKay,233.395,229.9359728895084,-3.4590271104916326,3.4590271104916326,599dee972901168e7297d02344e29079cd45fe0f34813db733b15470fcaab806,2023,21,Rinus VeeKay,233.395,17.395021184285504,49.368336464127346,4.481750430414624,-0.4416442556513667,0.8971902537645793,992.7973611111112,1.5430555555555556,959.8258333333332,0,0.0,0.0,0,2023,21,Rinus VeeKay,233.395,575fd17a6f1be1f5d174cf43e422efde3970314f41803aa9ca4bbb59ff72b75a
PRIMARY_LOYO_2023,PRIMARY,HIST_GRADIENT_BOOSTING,2023,86528548-acb2-5972-a3cd-583a1a3f0514,INDY500_DAY1_2023,5,Pato O'Ward,233.252,229.9359728895084,-3.316027110491632,3.316027110491632,599dee972901168e7297d02344e29079cd45fe0f34813db733b15470fcaab806,2023,5,Pato O'Ward,233.252,17.506615931193057,48.72866625697728,4.518482073785856,-0.4433965775949849,0.8963255407367652,992.8841388888889,1.6219444444444444,965.5531666666668,0,0.0,0.0,0,2023,5,Pato O'Ward,233.252,575fd17a6f1be1f5d174cf43e422efde3970314f41803aa9ca4bbb59ff72b75a
PRIMARY_LOYO_2023,PRIMARY,HIST_GRADIENT_BOOSTING,2023,f7e8b948-2fd0-5183-971b-aaea5c66c226,INDY500_DAY1_2023,77,Callum Ilott,227.72,229.80263410840692,2.0826341084069213,2.0826341084069213,599dee972901168e7297d02344e29079cd45fe0f34813db733b15470fcaab806,2023,77,Callum Ilott,227.72,17.611530710856144,48.12728616786086,4.553014992025712,-0.4450424630848962,0.895509467315298,992.9657222222222,1.6961111111111111,970.9376666666668,0,0.0,0.0,0,2023,77,Callum Ilott,227.72,575fd17a6f1be1f5d174cf43e422efde3970314f41803aa9ca4bbb59ff72b75a
PRIMARY_LOYO_2023,PRIMARY,HIST_GRADIENT_BOOSTING,2023,55b6b39a-d64a-5a38-9dbc-84a9faac294b,INDY500_DAY1_2023,11,Takuma Sato,232.857,229.80263410840692,-3.054365891593079,3.054365891593079,599dee972901168e7297d02344e29079cd45fe0f34813db733b15470fcaab806,2023,11,Takuma Sato,232.857,17.841793111165387,46.80740327564278,4.628806340671989,-0.4486495075755883,0.8937077930465763,993.1447777777778,1.858888888888889,982.7553333333332,0,0.0,0.0,0,2023,11,Takuma Sato,232.857,575fd17a6f1be1f5d174cf43e422efde3970314f41803aa9ca4bbb59ff72b75a
PRIMARY_LOYO_2023,PRIMARY,HIST_GRADIENT_BOOSTING,2023,cda49858-f649-523a-85fb-8d53847f80bf,INDY500_DAY1_2023,14,Santino Ferrucci,233.147,229.80263410840692,-3.344365891593071,3.344365891593071,599dee972901168e7297d02344e29079cd45fe0f34813db733b15470fcaab806,2023,14,Santino Ferrucci,233.147,18.050184080335853,45.60806288987559,4.700765987421865,-0.4504120535628939,0.8928208006118903,993.2983055555555,2.0169444444444444,993.0338888888888,0,0.0,0.0,0,2023,14,Santino Ferrucci,233.147,575fd17a6f1be1f5d174cf43e422efde3970314f41803aa9ca4bbb59ff72b75a
PRIMARY_LOYO_2023,PRIMARY,HIST_GRADIENT_BOOSTING,2023,096ff05c-1785-53cf-be2f-65bbb6ce7cd1,INDY500_DAY1_2023,10,Alex Palou,233.398,229.80263410840692,-3.595365891593076,3.595365891593076,599dee972901168e7297d02344e29079cd45fe0f34813db733b15470fcaab806,2023,10,Alex Palou,233.398,18.09119525485571,45.35043426872511,4.729997485958454,-0.4440512798254283,0.8960013732608891,993.2903888888889,2.096111111111111,993.1922222222222,0,0.0,0.0,0,2023,10,Alex Palou,233.398,575fd17a6f1be1f5d174cf43e422efde3970314f41803aa9ca4bbb59ff72b75a
PRIMARY_LOYO_2023,PRIMARY,HIST_GRADIENT_BOOSTING,2023,dda33fdd-49c8-5082-a03d-252bf1a6fa49,INDY500_DAY1_2023,27,Kyle Kirkwood,232.39,229.9359728895084,-2.4540271104916087,2.4540271104916087,599dee972901168e7297d02344e29079cd45fe0f34813db733b15470fcaab806,2023,27,Kyle Kirkwood,232.39,18.170627424452064,44.851448307759966,4.786614283124059,-0.4316678790402283,0.9020326170404876,993.2750555555556,2.2494444444444444,993.4988888888888,0,0.0,0.0,0,2023,27,Kyle Kirkwood,232.39,575fd17a6f1be1f5d174cf43e422efde3970314f41803aa9ca4bbb59ff72b75a
PRIMARY_LOYO_2023,PRIMARY,HIST_GRADIENT_BOOSTING,2023,939cb422-2442-550d-9cc5-80f8c372c5d7,INDY500_DAY1_2023,44,Katherine Legge,231.07,229.9359728895084,-1.1340271104916155,1.1340271104916155,599dee972901168e7297d02344e29079cd45fe0f34813db733b15470fcaab806,2023,44,Katherine Legge,231.07,18.21394098069935,44.57935632542209,4.817486848245157,-0.4248806806686196,0.9052493618857572,993.2666944444444,2.3330555555555557,993.6661111111111,0,0.0,0.0,0,2023,44,Katherine Legge,231.07,575fd17a6f1be1f5d174cf43e422efde3970314f41803aa9ca4bbb59ff72b75a
PRIMARY_LOYO_2023,PRIMARY,HIST_GRADIENT_BOOSTING,2023,fce06089-154b-512e-a547-fd144ec0961c,INDY500_DAY1_2023,8,Marcus Ericsson,232.421,230.5963059314248,-1.824694068575212,1.824694068575212,599dee972901168e7297d02344e29079cd45fe0f34813db733b15470fcaab806,2023,8,Marcus Ericsson,232.421,18.501670532226584,43.16722774772098,4.940315641974926,-0.382219388629902,0.9240716092140177,992.441,4.705,989.195,1,10184.0,232.735,1,2023,8,Marcus Ericsson,232.421,575fd17a6f1be1f5d174cf43e422efde3970314f41803aa9ca4bbb59ff72b75a
PRIMARY_LOYO_2023,PRIMARY,HIST_GRADIENT_BOOSTING,2023,333cf68d-54d9-5559-ac70-c73c27086892,INDY500_DAY1_2023,77,Callum Ilott,231.182,230.08901889507084,-1.0929811049291516,1.0929811049291516,599dee972901168e7297d02344e29079cd45fe0f34813db733b15470fcaab806,2023,77,Callum Ilott,231.182,18.77815565321183,45.07108277997604,5.054953839149192,-0.3721384239316089,0.9281772424670292,991.824,10.511111111111113,966.6977777777778,1,7398.0,227.72,1,2023,77,Callum Ilott,231.182,575fd17a6f1be1f5d174cf43e422efde3970314f41803aa9ca4bbb59ff72b75a
PRIMARY_LOYO_2023,PRIMARY,HIST_GRADIENT_BOOSTING,2023,fdb7fb74-bf21-54a6-8668-36c035e40628,INDY500_DAY1_2023,66,Tony Kanaan,232.62,230.61600501178432,-2.0039949882156805,2.0039949882156805,599dee972901168e7297d02344e29079cd45fe0f34813db733b15470fcaab806,2023,66,Tony Kanaan,232.62,18.869320805867535,46.061201848869715,5.035571964656135,-0.351452823990769,0.9362055930771368,991.61875,12.791666666666666,955.9791666666666,1,10673.0,232.446,1,2023,66,Tony Kanaan,232.62,575fd17a6f1be1f5d174cf43e422efde3970314f41803aa9ca4bbb59ff72b75a
PRIMARY_LOYO_2023,PRIMARY,HIST_GRADIENT_BOOSTING,2023,ab6f7ab5-b6ba-5e02-9560-f89bd35b575c,INDY500_DAY1_2023,29,Devlin DeFrancesco,231.353,230.61600501178432,-0.7369949882156845,0.7369949882156845,599dee972901168e7297d02344e29079cd45fe0f34813db733b15470fcaab806,2023,29,Devlin DeFrancesco,231.353,18.88855773925783,46.04544446445725,5.110755631763569,-0.3384172407554231,0.9409961589504424,991.7058055555556,12.837222222222222,946.5355555555556,1,9690.0,231.273,1,2023,29,Devlin DeFrancesco,231.353,575fd17a6f1be1f5d174cf43e422efde3970314f41803aa9ca4bbb59ff72b75a
PRIMARY_LOYO_2023,PRIMARY,HIST_GRADIENT_BOOSTING,2023,3a0bcd66-fa08-5944-bf0b-5ec6c5a10f91,INDY500_DAY1_2023,9,Scott Dixon,233.375,230.61600501178432,-2.758994988215676,2.758994988215676,599dee972901168e7297d02344e29079cd45fe0f34813db733b15470fcaab806,2023,9,Scott Dixon,233.375,18.89477539062502,45.984910241053115,5.1546169223071265,-0.332048053746825,0.943262471427198,991.7661111111112,12.744444444444444,941.7111111111112,1,12596.0,232.914,1,2023,9,Scott Dixon,233.375,575fd17a6f1be1f5d174cf43e422efde3970314f41803aa9ca4bbb59ff72b75a
PRIMARY_LOYO_2023,PRIMARY,HIST_GRADIENT_BOOSTING,2023,f9f206a7-b2ab-5eb9-8805-0d279c65164d,INDY500_DAY1_2023,27,Kyle Kirkwood,232.617,230.6814666384585,-1.935533361541502,1.935533361541502,599dee972901168e7297d02344e29079cd45fe0f34813db733b15470fcaab806,2023,27,Kyle Kirkwood,232.617,18.915997314453147,45.778296424643806,5.304323123563582,-0.3101963878893465,0.9506724993079384,991.9719444444444,12.427777777777775,925.2444444444444,1,7332.0,232.39,1,2023,27,Kyle Kirkwood,232.617,575fd17a6f1be1f5d174cf43e422efde3970314f41803aa9ca4bbb59ff72b75a
PRIMARY_LOYO_2023,PRIMARY,HIST_GRADIENT_BOOSTING,2023,2b14c17d-769c-504e-819b-55270bb93b13,INDY500_DAY1_2023,33,Ed Carpenter,232.511,230.7779782241945,-1.733021775805497,1.733021775805497,599dee972901168e7297d02344e29079cd45fe0f34813db733b15470fcaab806,2023,33,Ed Carpenter,232.511,18.935320434570336,45.59016910759743,5.440634559444459,-0.290155921636841,0.9569793838631402,992.1593611111113,12.139444444444443,910.2511111111112,1,12036.0,232.62,1,2023,33,Ed Carpenter,232.511,575fd17a6f1be1f5d174cf43e422efde3970314f41803aa9ca4bbb59ff72b75a
PRIMARY_LOYO_2023,PRIMARY,HIST_GRADIENT_BOOSTING,2023,dd0ff96a-0d57-5ba5-8691-ebf2359edec4,INDY500_DAY1_2023,11,Takuma Sato,233.322,231.39966272999928,-1.9223372700007249,1.9223372700007249,599dee972901168e7297d02344e29079cd45fe0f34813db733b15470fcaab806,2023,11,Takuma Sato,233.322,18.675352410210525,48.056887082714645,5.909516642326733,-0.2905183870204794,0.956869409482307,992.6528888888888,14.103333333333332,842.17,1,10646.0,232.857,1,2023,11,Takuma Sato,233.322,575fd17a6f1be1f5d174cf43e422efde3970314f41803aa9ca4bbb59ff72b75a
PRIMARY_LOYO_2023,PRIMARY,HIST_GRADIENT_BOOSTING,2023,79d389ee-b055-582a-8985-c09472aa4d69,INDY500_DAY1_2023,8,Marcus Ericsson,233.03,231.37319645118532,-1.656803548814679,1.656803548814679,599dee972901168e7297d02344e29079cd45fe0f34813db733b15470fcaab806,2023,8,Marcus Ericsson,233.03,18.64775087144642,48.0800851729745,6.021027410657147,-0.2863568241394008,0.9581230449523674,992.7717777777776,13.211666666666666,823.4449999999999,2,6227.0,232.735,1,2023,8,Marcus Ericsson,233.03,575fd17a6f1be1f5d174cf43e422efde3970314f41803aa9ca4bbb59ff72b75a
PRIMARY_LOYO_2023,PRIMARY,HIST_GRADIENT_BOOSTING,2023,970e09d9-9783-53a2-ac70-f2117bee1d09,INDY500_DAY1_2023,27,Kyle Kirkwood,232.662,231.19959425643833,-1.4624057435616749,1.4624057435616749,599dee972901168e7297d02344e29079cd45fe0f34813db733b15470fcaab806,2023,27,Kyle Kirkwood,232.662,18.623962673611135,47.77396168716208,5.981776567863904,-0.2895102170686867,0.957174923518602,992.8347777777776,13.521666666666668,799.3505555555555,2,3196.0,232.617,1,2023,27,Kyle Kirkwood,232.662,575fd17a6f1be1f5d174cf43e422efde3970314f41803aa9ca4bbb59ff72b75a
PRIMARY_LOYO_2023,PRIMARY,HIST_GRADIENT_BOOSTING,2023,d1af19f4-254b-5058-b545-543906d4584e,INDY500_DAY1_2023,66,Tony Kanaan,233.347,231.1700211123301,-2.176978887669918,2.176978887669918,599dee972901168e7297d02344e29079cd45fe0f34813db733b15470fcaab806,2023,66,Tony Kanaan,233.347,18.288198064168316,49.097836895882914,5.55808956544602,-0.3319235790464347,0.9433062798863396,992.6615,21.331666666666663,699.6875,2,5706.0,232.62,1,2023,66,Tony Kanaan,233.347,575fd17a6f1be1f5d174cf43e422efde3970314f41803aa9ca4bbb59ff72b75a
PRIMARY_LOYO_2023,PRIMARY,HIST_GRADIENT_BOOSTING,2023,55035890-97e8-57a3-a2e1-4845f4b05eb9,INDY500_DAY1_2023,33,Ed Carpenter,232.689,231.1700211123301,-1.5189788876699026,1.5189788876699026,599dee972901168e7297d02344e29079cd45fe0f34813db733b15470fcaab806,2023,33,Ed Carpenter,232.689,18.338442738850933,48.02950473738792,5.444307043333277,-0.3427771893404975,0.9394167331210516,992.525,15.416666666666668,682.625,2,4901.0,232.62,1,2023,33,Ed Carpenter,232.689,575fd17a6f1be1f5d174cf43e422efde3970314f41803aa9ca4bbb59ff72b75a
SENSITIVITY_2024_TINY_HOLDOUT,SENSITIVITY_ONLY,MEAN_BASELINE,2024,4440ce15-ba43-554c-842f-0116f2faf94b,INDY500_DAY1_2024,3,Scott McLaughlin,233.332,230.36865517241375,-2.963344827586212,2.963344827586212,599dee972901168e7297d02344e29079cd45fe0f34813db733b15470fcaab806,2024,3,Scott McLaughlin,233.332,19.78700378417971,91.37714845838552,1.609188989010605,0.7553107562197704,-0.6553668144930125,985.9095277777776,97.33222222222224,389.2076666666667,0,0.0,0.0,0,2024,3,Scott McLaughlin,233.332,575fd17a6f1be1f5d174cf43e422efde3970314f41803aa9ca4bbb59ff72b75a
SENSITIVITY_2024_TINY_HOLDOUT,SENSITIVITY_ONLY,MEAN_BASELINE,2024,eedcdd73-d218-5ab6-a4d2-c18478503d31,INDY500_DAY1_2024,4,Kyffin Simpson,231.948,230.36865517241375,-1.579344827586226,1.579344827586226,599dee972901168e7297d02344e29079cd45fe0f34813db733b15470fcaab806,2024,4,Kyffin Simpson,231.948,19.92871704101565,90.59177131452354,1.5465914189061565,0.7695449561824289,-0.6385926404322114,985.9175,95.1,404.61,0,0.0,0.0,0,2024,4,Kyffin Simpson,231.948,575fd17a6f1be1f5d174cf43e422efde3970314f41803aa9ca4bbb59ff72b75a
SENSITIVITY_2024_TINY_HOLDOUT,SENSITIVITY_ONLY,MEAN_BASELINE,2024,dde71df5-4fd6-5d14-89ce-1f65485e19f0,INDY500_DAY1_2024,12,Will Power,233.758,230.36865517241375,-3.3893448275862283,3.3893448275862283,599dee972901168e7297d02344e29079cd45fe0f34813db733b15470fcaab806,2024,12,Will Power,233.758,22.510528564453143,74.82513061196407,1.2022220926915097,0.987153429976388,-0.1597751723073778,985.1466666666666,33.0,740.3866666666667,0,0.0,0.0,0,2024,12,Will Power,233.758,575fd17a6f1be1f5d174cf43e422efde3970314f41803aa9ca4bbb59ff72b75a
SENSITIVITY_2024_TINY_HOLDOUT,SENSITIVITY_ONLY,MEAN_BASELINE,2024,a31aaceb-bf6d-5c61-a607-3022328ecc2c,INDY500_DAY1_2024,11,Marcus Armstrong,232.183,230.36865517241375,-1.8143448275862113,1.8143448275862113,599dee972901168e7297d02344e29079cd45fe0f34813db733b15470fcaab806,2024,11,Marcus Armstrong,232.183,22.51576957702639,74.78780038036244,1.2032656120218714,0.9870371819769002,-0.1604917486822912,985.14375,33.0,740.6125,0,0.0,0.0,0,2024,11,Marcus Armstrong,232.183,575fd17a6f1be1f5d174cf43e422efde3970314f41803aa9ca4bbb59ff72b75a
SENSITIVITY_2024_TINY_HOLDOUT,SENSITIVITY_ONLY,MEAN_BASELINE,2024,61c1e429-5f49-5a6a-a7cd-58dfd7893778,INDY500_DAY1_2024,60,Felix Rosenqvist,232.547,230.36865517241375,-2.1783448275862156,2.1783448275862156,599dee972901168e7297d02344e29079cd45fe0f34813db733b15470fcaab806,2024,60,Felix Rosenqvist,232.547,24.227906341552757,66.49795893823091,2.2449950385614956,0.9112649888854883,-0.4118204949143873,985.5515,21.768333333333334,825.9925000000001,0,0.0,0.0,0,2024,60,Felix Rosenqvist,232.547,575fd17a6f1be1f5d174cf43e422efde3970314f41803aa9ca4bbb59ff72b75a
SENSITIVITY_2024_TINY_HOLDOUT,SENSITIVITY_ONLY,MEAN_BASELINE,2024,3072c6a1-a1c0-561e-a338-3e9b559cea21,INDY500_DAY1_2024,7,Alexander Rossi,232.962,230.36865517241375,-2.5933448275862077,2.5933448275862077,599dee972901168e7297d02344e29079cd45fe0f34813db733b15470fcaab806,2024,7,Alexander Rossi,232.962,24.51809646606448,64.45508474255375,2.4303165960185296,0.8572975465343721,-0.5148212473336219,985.7398333333332,13.607222222222225,919.2175,0,0.0,0.0,0,2024,7,Alexander Rossi,232.962,575fd17a6f1be1f5d174cf43e422efde3970314f41803aa9ca4bbb59ff72b75a
SENSITIVITY_2024_TINY_HOLDOUT,SENSITIVITY_ONLY,MEAN_BASELINE,2024,8ec48ba2-cd65-5a70-94b7-6bd93fe67f38,INDY500_DAY1_2024,7,Alexander Rossi,233.069,230.36865517241375,-2.700344827586207,2.700344827586207,599dee972901168e7297d02344e29079cd45fe0f34813db733b15470fcaab806,2024,7,Alexander Rossi,233.069,26.429589742024763,51.48241382711307,1.8906289042307576,0.6645437216248242,-0.7472493841074934,985.5467777777778,8.616944444444444,705.0991666666666,1,9782.0,232.962,1,2024,7,Alexander Rossi,233.069,575fd17a6f1be1f5d174cf43e422efde3970314f41803aa9ca4bbb59ff72b75a
SENSITIVITY_2024_TINY_HOLDOUT,SENSITIVITY_ONLY,RIDGE,2024,4440ce15-ba43-554c-842f-0116f2faf94b,INDY500_DAY1_2024,3,Scott McLaughlin,233.332,233.7037552277668,0.3717552277668119,0.3717552277668119,599dee972901168e7297d02344e29079cd45fe0f34813db733b15470fcaab806,2024,3,Scott McLaughlin,233.332,19.78700378417971,91.37714845838552,1.609188989010605,0.7553107562197704,-0.6553668144930125,985.9095277777776,97.33222222222224,389.2076666666667,0,0.0,0.0,0,2024,3,Scott McLaughlin,233.332,575fd17a6f1be1f5d174cf43e422efde3970314f41803aa9ca4bbb59ff72b75a
SENSITIVITY_2024_TINY_HOLDOUT,SENSITIVITY_ONLY,RIDGE,2024,eedcdd73-d218-5ab6-a4d2-c18478503d31,INDY500_DAY1_2024,4,Kyffin Simpson,231.948,233.62647955842576,1.6784795584257497,1.6784795584257497,599dee972901168e7297d02344e29079cd45fe0f34813db733b15470fcaab806,2024,4,Kyffin Simpson,231.948,19.92871704101565,90.59177131452354,1.5465914189061565,0.7695449561824289,-0.6385926404322114,985.9175,95.1,404.61,0,0.0,0.0,0,2024,4,Kyffin Simpson,231.948,575fd17a6f1be1f5d174cf43e422efde3970314f41803aa9ca4bbb59ff72b75a
SENSITIVITY_2024_TINY_HOLDOUT,SENSITIVITY_ONLY,RIDGE,2024,dde71df5-4fd6-5d14-89ce-1f65485e19f0,INDY500_DAY1_2024,12,Will Power,233.758,232.08944478778335,-1.6685552122166598,1.6685552122166598,599dee972901168e7297d02344e29079cd45fe0f34813db733b15470fcaab806,2024,12,Will Power,233.758,22.510528564453143,74.82513061196407,1.2022220926915097,0.987153429976388,-0.1597751723073778,985.1466666666666,33.0,740.3866666666667,0,0.0,0.0,0,2024,12,Will Power,233.758,575fd17a6f1be1f5d174cf43e422efde3970314f41803aa9ca4bbb59ff72b75a
SENSITIVITY_2024_TINY_HOLDOUT,SENSITIVITY_ONLY,RIDGE,2024,a31aaceb-bf6d-5c61-a607-3022328ecc2c,INDY500_DAY1_2024,11,Marcus Armstrong,232.183,232.08726282503153,-0.0957371749684625,0.0957371749684625,599dee972901168e7297d02344e29079cd45fe0f34813db733b15470fcaab806,2024,11,Marcus Armstrong,232.183,22.51576957702639,74.78780038036244,1.2032656120218714,0.9870371819769002,-0.1604917486822912,985.14375,33.0,740.6125,0,0.0,0.0,0,2024,11,Marcus Armstrong,232.183,575fd17a6f1be1f5d174cf43e422efde3970314f41803aa9ca4bbb59ff72b75a
SENSITIVITY_2024_TINY_HOLDOUT,SENSITIVITY_ONLY,RIDGE,2024,61c1e429-5f49-5a6a-a7cd-58dfd7893778,INDY500_DAY1_2024,60,Felix Rosenqvist,232.547,231.5469344082585,-1.0000655917415031,1.0000655917415031,599dee972901168e7297d02344e29079cd45fe0f34813db733b15470fcaab806,2024,60,Felix Rosenqvist,232.547,24.227906341552757,66.49795893823091,2.2449950385614956,0.9112649888854883,-0.4118204949143873,985.5515,21.768333333333334,825.9925000000001,0,0.0,0.0,0,2024,60,Felix Rosenqvist,232.547,575fd17a6f1be1f5d174cf43e422efde3970314f41803aa9ca4bbb59ff72b75a
SENSITIVITY_2024_TINY_HOLDOUT,SENSITIVITY_ONLY,RIDGE,2024,3072c6a1-a1c0-561e-a338-3e9b559cea21,INDY500_DAY1_2024,7,Alexander Rossi,232.962,231.72199117516024,-1.240008824839748,1.240008824839748,599dee972901168e7297d02344e29079cd45fe0f34813db733b15470fcaab806,2024,7,Alexander Rossi,232.962,24.51809646606448,64.45508474255375,2.4303165960185296,0.8572975465343721,-0.5148212473336219,985.7398333333332,13.607222222222225,919.2175,0,0.0,0.0,0,2024,7,Alexander Rossi,232.962,575fd17a6f1be1f5d174cf43e422efde3970314f41803aa9ca4bbb59ff72b75a
SENSITIVITY_2024_TINY_HOLDOUT,SENSITIVITY_ONLY,RIDGE,2024,8ec48ba2-cd65-5a70-94b7-6bd93fe67f38,INDY500_DAY1_2024,7,Alexander Rossi,233.069,231.21517355402636,-1.853826445973624,1.853826445973624,599dee972901168e7297d02344e29079cd45fe0f34813db733b15470fcaab806,2024,7,Alexander Rossi,233.069,26.429589742024763,51.48241382711307,1.8906289042307576,0.6645437216248242,-0.7472493841074934,985.5467777777778,8.616944444444444,705.0991666666666,1,9782.0,232.962,1,2024,7,Alexander Rossi,233.069,575fd17a6f1be1f5d174cf43e422efde3970314f41803aa9ca4bbb59ff72b75a
SENSITIVITY_2024_TINY_HOLDOUT,SENSITIVITY_ONLY,ELASTIC_NET,2024,4440ce15-ba43-554c-842f-0116f2faf94b,INDY500_DAY1_2024,3,Scott McLaughlin,233.332,232.1437514384474,-1.188248561552598,1.188248561552598,599dee972901168e7297d02344e29079cd45fe0f34813db733b15470fcaab806,2024,3,Scott McLaughlin,233.332,19.78700378417971,91.37714845838552,1.609188989010605,0.7553107562197704,-0.6553668144930125,985.9095277777776,97.33222222222224,389.2076666666667,0,0.0,0.0,0,2024,3,Scott McLaughlin,233.332,575fd17a6f1be1f5d174cf43e422efde3970314f41803aa9ca4bbb59ff72b75a
SENSITIVITY_2024_TINY_HOLDOUT,SENSITIVITY_ONLY,ELASTIC_NET,2024,eedcdd73-d218-5ab6-a4d2-c18478503d31,INDY500_DAY1_2024,4,Kyffin Simpson,231.948,232.0849462247174,0.1369462247174055,0.1369462247174055,599dee972901168e7297d02344e29079cd45fe0f34813db733b15470fcaab806,2024,4,Kyffin Simpson,231.948,19.92871704101565,90.59177131452354,1.5465914189061565,0.7695449561824289,-0.6385926404322114,985.9175,95.1,404.61,0,0.0,0.0,0,2024,4,Kyffin Simpson,231.948,575fd17a6f1be1f5d174cf43e422efde3970314f41803aa9ca4bbb59ff72b75a
SENSITIVITY_2024_TINY_HOLDOUT,SENSITIVITY_ONLY,ELASTIC_NET,2024,dde71df5-4fd6-5d14-89ce-1f65485e19f0,INDY500_DAY1_2024,12,Will Power,233.758,230.9704941465997,-2.7875058534003188,2.7875058534003188,599dee972901168e7297d02344e29079cd45fe0f34813db733b15470fcaab806,2024,12,Will Power,233.758,22.510528564453143,74.82513061196407,1.2022220926915097,0.987153429976388,-0.1597751723073778,985.1466666666666,33.0,740.3866666666667,0,0.0,0.0,0,2024,12,Will Power,233.758,575fd17a6f1be1f5d174cf43e422efde3970314f41803aa9ca4bbb59ff72b75a
SENSITIVITY_2024_TINY_HOLDOUT,SENSITIVITY_ONLY,ELASTIC_NET,2024,a31aaceb-bf6d-5c61-a607-3022328ecc2c,INDY500_DAY1_2024,11,Marcus Armstrong,232.183,230.96857208598263,-1.2144279140173353,1.2144279140173353,599dee972901168e7297d02344e29079cd45fe0f34813db733b15470fcaab806,2024,11,Marcus Armstrong,232.183,22.51576957702639,74.78780038036244,1.2032656120218714,0.9870371819769002,-0.1604917486822912,985.14375,33.0,740.6125,0,0.0,0.0,0,2024,11,Marcus Armstrong,232.183,575fd17a6f1be1f5d174cf43e422efde3970314f41803aa9ca4bbb59ff72b75a
SENSITIVITY_2024_TINY_HOLDOUT,SENSITIVITY_ONLY,ELASTIC_NET,2024,61c1e429-5f49-5a6a-a7cd-58dfd7893778,INDY500_DAY1_2024,60,Felix Rosenqvist,232.547,230.44072282397175,-2.106277176028214,2.106277176028214,599dee972901168e7297d02344e29079cd45fe0f34813db733b15470fcaab806,2024,60,Felix Rosenqvist,232.547,24.227906341552757,66.49795893823091,2.2449950385614956,0.9112649888854883,-0.4118204949143873,985.5515,21.768333333333334,825.9925000000001,0,0.0,0.0,0,2024,60,Felix Rosenqvist,232.547,575fd17a6f1be1f5d174cf43e422efde3970314f41803aa9ca4bbb59ff72b75a
SENSITIVITY_2024_TINY_HOLDOUT,SENSITIVITY_ONLY,ELASTIC_NET,2024,3072c6a1-a1c0-561e-a338-3e9b559cea21,INDY500_DAY1_2024,7,Alexander Rossi,232.962,230.3773556544148,-2.5846443455851897,2.5846443455851897,599dee972901168e7297d02344e29079cd45fe0f34813db733b15470fcaab806,2024,7,Alexander Rossi,232.962,24.51809646606448,64.45508474255375,2.4303165960185296,0.8572975465343721,-0.5148212473336219,985.7398333333332,13.607222222222225,919.2175,0,0.0,0.0,0,2024,7,Alexander Rossi,232.962,575fd17a6f1be1f5d174cf43e422efde3970314f41803aa9ca4bbb59ff72b75a
SENSITIVITY_2024_TINY_HOLDOUT,SENSITIVITY_ONLY,ELASTIC_NET,2024,8ec48ba2-cd65-5a70-94b7-6bd93fe67f38,INDY500_DAY1_2024,7,Alexander Rossi,233.069,230.12045443091552,-2.9485455690844447,2.9485455690844447,599dee972901168e7297d02344e29079cd45fe0f34813db733b15470fcaab806,2024,7,Alexander Rossi,233.069,26.429589742024763,51.48241382711307,1.8906289042307576,0.6645437216248242,-0.7472493841074934,985.5467777777778,8.616944444444444,705.0991666666666,1,9782.0,232.962,1,2024,7,Alexander Rossi,233.069,575fd17a6f1be1f5d174cf43e422efde3970314f41803aa9ca4bbb59ff72b75a
SENSITIVITY_2024_TINY_HOLDOUT,SENSITIVITY_ONLY,RANDOM_FOREST,2024,4440ce15-ba43-554c-842f-0116f2faf94b,INDY500_DAY1_2024,3,Scott McLaughlin,233.332,230.09253652662463,-3.239463473375366,3.239463473375366,599dee972901168e7297d02344e29079cd45fe0f34813db733b15470fcaab806,2024,3,Scott McLaughlin,233.332,19.78700378417971,91.37714845838552,1.609188989010605,0.7553107562197704,-0.6553668144930125,985.9095277777776,97.33222222222224,389.2076666666667,0,0.0,0.0,0,2024,3,Scott McLaughlin,233.332,575fd17a6f1be1f5d174cf43e422efde3970314f41803aa9ca4bbb59ff72b75a
SENSITIVITY_2024_TINY_HOLDOUT,SENSITIVITY_ONLY,RANDOM_FOREST,2024,eedcdd73-d218-5ab6-a4d2-c18478503d31,INDY500_DAY1_2024,4,Kyffin Simpson,231.948,230.0912992980532,-1.8567007019468065,1.8567007019468065,599dee972901168e7297d02344e29079cd45fe0f34813db733b15470fcaab806,2024,4,Kyffin Simpson,231.948,19.92871704101565,90.59177131452354,1.5465914189061565,0.7695449561824289,-0.6385926404322114,985.9175,95.1,404.61,0,0.0,0.0,0,2024,4,Kyffin Simpson,231.948,575fd17a6f1be1f5d174cf43e422efde3970314f41803aa9ca4bbb59ff72b75a
SENSITIVITY_2024_TINY_HOLDOUT,SENSITIVITY_ONLY,RANDOM_FOREST,2024,dde71df5-4fd6-5d14-89ce-1f65485e19f0,INDY500_DAY1_2024,12,Will Power,233.758,229.7220019042603,-4.0359980957396715,4.0359980957396715,599dee972901168e7297d02344e29079cd45fe0f34813db733b15470fcaab806,2024,12,Will Power,233.758,22.510528564453143,74.82513061196407,1.2022220926915097,0.987153429976388,-0.1597751723073778,985.1466666666666,33.0,740.3866666666667,0,0.0,0.0,0,2024,12,Will Power,233.758,575fd17a6f1be1f5d174cf43e422efde3970314f41803aa9ca4bbb59ff72b75a
SENSITIVITY_2024_TINY_HOLDOUT,SENSITIVITY_ONLY,RANDOM_FOREST,2024,a31aaceb-bf6d-5c61-a607-3022328ecc2c,INDY500_DAY1_2024,11,Marcus Armstrong,232.183,229.7220019042603,-2.4609980957396544,2.4609980957396544,599dee972901168e7297d02344e29079cd45fe0f34813db733b15470fcaab806,2024,11,Marcus Armstrong,232.183,22.51576957702639,74.78780038036244,1.2032656120218714,0.9870371819769002,-0.1604917486822912,985.14375,33.0,740.6125,0,0.0,0.0,0,2024,11,Marcus Armstrong,232.183,575fd17a6f1be1f5d174cf43e422efde3970314f41803aa9ca4bbb59ff72b75a
SENSITIVITY_2024_TINY_HOLDOUT,SENSITIVITY_ONLY,RANDOM_FOREST,2024,61c1e429-5f49-5a6a-a7cd-58dfd7893778,INDY500_DAY1_2024,60,Felix Rosenqvist,232.547,229.79283416903576,-2.75416583096424,2.75416583096424,599dee972901168e7297d02344e29079cd45fe0f34813db733b15470fcaab806,2024,60,Felix Rosenqvist,232.547,24.227906341552757,66.49795893823091,2.2449950385614956,0.9112649888854883,-0.4118204949143873,985.5515,21.768333333333334,825.9925000000001,0,0.0,0.0,0,2024,60,Felix Rosenqvist,232.547,575fd17a6f1be1f5d174cf43e422efde3970314f41803aa9ca4bbb59ff72b75a
SENSITIVITY_2024_TINY_HOLDOUT,SENSITIVITY_ONLY,RANDOM_FOREST,2024,3072c6a1-a1c0-561e-a338-3e9b559cea21,INDY500_DAY1_2024,7,Alexander Rossi,232.962,229.7729886099329,-3.189011390067094,3.189011390067094,599dee972901168e7297d02344e29079cd45fe0f34813db733b15470fcaab806,2024,7,Alexander Rossi,232.962,24.51809646606448,64.45508474255375,2.4303165960185296,0.8572975465343721,-0.5148212473336219,985.7398333333332,13.607222222222225,919.2175,0,0.0,0.0,0,2024,7,Alexander Rossi,232.962,575fd17a6f1be1f5d174cf43e422efde3970314f41803aa9ca4bbb59ff72b75a
SENSITIVITY_2024_TINY_HOLDOUT,SENSITIVITY_ONLY,RANDOM_FOREST,2024,8ec48ba2-cd65-5a70-94b7-6bd93fe67f38,INDY500_DAY1_2024,7,Alexander Rossi,233.069,229.90349456637097,-3.165505433629022,3.165505433629022,599dee972901168e7297d02344e29079cd45fe0f34813db733b15470fcaab806,2024,7,Alexander Rossi,233.069,26.429589742024763,51.48241382711307,1.8906289042307576,0.6645437216248242,-0.7472493841074934,985.5467777777778,8.616944444444444,705.0991666666666,1,9782.0,232.962,1,2024,7,Alexander Rossi,233.069,575fd17a6f1be1f5d174cf43e422efde3970314f41803aa9ca4bbb59ff72b75a
SENSITIVITY_2024_TINY_HOLDOUT,SENSITIVITY_ONLY,HIST_GRADIENT_BOOSTING,2024,4440ce15-ba43-554c-842f-0116f2faf94b,INDY500_DAY1_2024,3,Scott McLaughlin,233.332,228.93929279775065,-4.392707202249369,4.392707202249369,599dee972901168e7297d02344e29079cd45fe0f34813db733b15470fcaab806,2024,3,Scott McLaughlin,233.332,19.78700378417971,91.37714845838552,1.609188989010605,0.7553107562197704,-0.6553668144930125,985.9095277777776,97.33222222222224,389.2076666666667,0,0.0,0.0,0,2024,3,Scott McLaughlin,233.332,575fd17a6f1be1f5d174cf43e422efde3970314f41803aa9ca4bbb59ff72b75a
SENSITIVITY_2024_TINY_HOLDOUT,SENSITIVITY_ONLY,HIST_GRADIENT_BOOSTING,2024,eedcdd73-d218-5ab6-a4d2-c18478503d31,INDY500_DAY1_2024,4,Kyffin Simpson,231.948,229.0926822225949,-2.855317777405105,2.855317777405105,599dee972901168e7297d02344e29079cd45fe0f34813db733b15470fcaab806,2024,4,Kyffin Simpson,231.948,19.92871704101565,90.59177131452354,1.5465914189061565,0.7695449561824289,-0.6385926404322114,985.9175,95.1,404.61,0,0.0,0.0,0,2024,4,Kyffin Simpson,231.948,575fd17a6f1be1f5d174cf43e422efde3970314f41803aa9ca4bbb59ff72b75a
SENSITIVITY_2024_TINY_HOLDOUT,SENSITIVITY_ONLY,HIST_GRADIENT_BOOSTING,2024,dde71df5-4fd6-5d14-89ce-1f65485e19f0,INDY500_DAY1_2024,12,Will Power,233.758,229.4965824914875,-4.2614175085125225,4.2614175085125225,599dee972901168e7297d02344e29079cd45fe0f34813db733b15470fcaab806,2024,12,Will Power,233.758,22.510528564453143,74.82513061196407,1.2022220926915097,0.987153429976388,-0.1597751723073778,985.1466666666666,33.0,740.3866666666667,0,0.0,0.0,0,2024,12,Will Power,233.758,575fd17a6f1be1f5d174cf43e422efde3970314f41803aa9ca4bbb59ff72b75a
SENSITIVITY_2024_TINY_HOLDOUT,SENSITIVITY_ONLY,HIST_GRADIENT_BOOSTING,2024,a31aaceb-bf6d-5c61-a607-3022328ecc2c,INDY500_DAY1_2024,11,Marcus Armstrong,232.183,229.4965824914875,-2.6864175085125055,2.6864175085125055,599dee972901168e7297d02344e29079cd45fe0f34813db733b15470fcaab806,2024,11,Marcus Armstrong,232.183,22.51576957702639,74.78780038036244,1.2032656120218714,0.9870371819769002,-0.1604917486822912,985.14375,33.0,740.6125,0,0.0,0.0,0,2024,11,Marcus Armstrong,232.183,575fd17a6f1be1f5d174cf43e422efde3970314f41803aa9ca4bbb59ff72b75a
SENSITIVITY_2024_TINY_HOLDOUT,SENSITIVITY_ONLY,HIST_GRADIENT_BOOSTING,2024,61c1e429-5f49-5a6a-a7cd-58dfd7893778,INDY500_DAY1_2024,60,Felix Rosenqvist,232.547,229.60468404764976,-2.9423159523502136,2.9423159523502136,599dee972901168e7297d02344e29079cd45fe0f34813db733b15470fcaab806,2024,60,Felix Rosenqvist,232.547,24.227906341552757,66.49795893823091,2.2449950385614956,0.9112649888854883,-0.4118204949143873,985.5515,21.768333333333334,825.9925000000001,0,0.0,0.0,0,2024,60,Felix Rosenqvist,232.547,575fd17a6f1be1f5d174cf43e422efde3970314f41803aa9ca4bbb59ff72b75a
SENSITIVITY_2024_TINY_HOLDOUT,SENSITIVITY_ONLY,HIST_GRADIENT_BOOSTING,2024,3072c6a1-a1c0-561e-a338-3e9b559cea21,INDY500_DAY1_2024,7,Alexander Rossi,232.962,229.4821179883001,-3.4798820116998854,3.4798820116998854,599dee972901168e7297d02344e29079cd45fe0f34813db733b15470fcaab806,2024,7,Alexander Rossi,232.962,24.51809646606448,64.45508474255375,2.4303165960185296,0.8572975465343721,-0.5148212473336219,985.7398333333332,13.607222222222225,919.2175,0,0.0,0.0,0,2024,7,Alexander Rossi,232.962,575fd17a6f1be1f5d174cf43e422efde3970314f41803aa9ca4bbb59ff72b75a
SENSITIVITY_2024_TINY_HOLDOUT,SENSITIVITY_ONLY,HIST_GRADIENT_BOOSTING,2024,8ec48ba2-cd65-5a70-94b7-6bd93fe67f38,INDY500_DAY1_2024,7,Alexander Rossi,233.069,229.971580019973,-3.0974199800269844,3.0974199800269844,599dee972901168e7297d02344e29079cd45fe0f34813db733b15470fcaab806,2024,7,Alexander Rossi,233.069,26.429589742024763,51.48241382711307,1.8906289042307576,0.6645437216248242,-0.7472493841074934,985.5467777777778,8.616944444444444,705.0991666666666,1,9782.0,232.962,1,2024,7,Alexander Rossi,233.069,575fd17a6f1be1f5d174cf43e422efde3970314f41803aa9ca4bbb59ff72b75a
