current_retained_speed_mph,required_gain_mph,absolute_target_speed_mph,baseline_group,time_remaining_minutes,wait_scenario_id,p_completed_rerun,p_no_completed_rerun,p_target_given_completed,p_target_unconditional,p_any_gain_given_completed,p_improve_but_short_of_target_given_completed,p_any_loss_given_completed,expected_delta_given_completed_mph,delta_q05_mph,delta_q50_mph,delta_q95_mph,recommendation,policy_hash,central_probability,prior_sensitivity_min_probability,prior_sensitivity_max_probability,prior_sensitivity_range,full_data_probability,loyo_min_probability,loyo_max_probability,loyo_range,robustness_lower_given_completed,robustness_upper_given_completed,robustness_width_given_completed,largest_sensitivity_source,robustness_lower_unconditional,robustness_upper_unconditional,central_unconditional_probability,cutoff_state,probability_reporting_rule,recommendation_enabled
229.0,0.1,229.1,LOW_BASELINE,10.0,WAIT_05MIN,1.0,0.0,0.5928571428571429,0.5928571428571429,0.7428571428571429,0.15,0.2571428571428571,0.7839686200000018,-0.382000000000005,0.2270000000000038,4.694999999999993,NOT_ISSUED,957026d0fdecd88e4af9bada85c293064350365f4d7b62e86e59c3f8eb0231f7,0.5928571428571429,0.5857142857142857,0.6051948051948052,0.01948051948051943,0.5928571428571429,0.5692307692307692,0.6666666666666667,0.09743589743589753,0.5692307692307692,0.6666666666666667,0.09743589743589753,CROSS_YEAR_LOYO,0.5692307692307692,0.6666666666666667,0.5928571428571429,COMPLETION_FEASIBLE_UNDER_SCENARIO,REPORT_CENTRAL_PLUS_SENSITIVITY_ENVELOPE;NOT_CONFIDENCE_INTERVAL,False
229.0,0.25,229.25,LOW_BASELINE,10.0,WAIT_05MIN,1.0,0.0,0.4642857142857143,0.4642857142857143,0.7428571428571429,0.2785714285714286,0.2571428571428571,0.7839686200000018,-0.382000000000005,0.2270000000000038,4.694999999999993,NOT_ISSUED,957026d0fdecd88e4af9bada85c293064350365f4d7b62e86e59c3f8eb0231f7,0.4642857142857143,0.4548872180451128,0.48051948051948046,0.025632262474367673,0.4642857142857143,0.4153846153846154,0.5666666666666667,0.15128205128205124,0.4153846153846154,0.5666666666666667,0.15128205128205124,CROSS_YEAR_LOYO,0.4153846153846154,0.5666666666666667,0.4642857142857143,COMPLETION_FEASIBLE_UNDER_SCENARIO,REPORT_CENTRAL_PLUS_SENSITIVITY_ENVELOPE;NOT_CONFIDENCE_INTERVAL,False
229.0,0.5,229.5,LOW_BASELINE,10.0,WAIT_05MIN,1.0,0.0,0.3357142857142857,0.3357142857142857,0.7428571428571429,0.4071428571428571,0.2571428571428571,0.7839686200000018,-0.382000000000005,0.2270000000000038,4.694999999999993,NOT_ISSUED,957026d0fdecd88e4af9bada85c293064350365f4d7b62e86e59c3f8eb0231f7,0.33571428571428574,0.3240601503759398,0.35584415584415585,0.031784005468216026,0.3357142857142857,0.3230769230769231,0.3666666666666666,0.04358974358974349,0.3230769230769231,0.3666666666666666,0.04358974358974349,CROSS_YEAR_LOYO,0.3230769230769231,0.3666666666666666,0.3357142857142857,COMPLETION_FEASIBLE_UNDER_SCENARIO,REPORT_CENTRAL_PLUS_SENSITIVITY_ENVELOPE;NOT_CONFIDENCE_INTERVAL,False
229.0,1.0,230.0,LOW_BASELINE,10.0,WAIT_05MIN,1.0,0.0,0.25,0.25,0.7428571428571429,0.4928571428571429,0.2571428571428571,0.7839686200000018,-0.382000000000005,0.2270000000000038,4.694999999999993,NOT_ISSUED,957026d0fdecd88e4af9bada85c293064350365f4d7b62e86e59c3f8eb0231f7,0.25,0.23684210526315788,0.2727272727272727,0.035885167464114825,0.25,0.2,0.3333333333333333,0.1333333333333333,0.2,0.3333333333333333,0.1333333333333333,CROSS_YEAR_LOYO,0.2,0.3333333333333333,0.25,COMPLETION_FEASIBLE_UNDER_SCENARIO,REPORT_CENTRAL_PLUS_SENSITIVITY_ENVELOPE;NOT_CONFIDENCE_INTERVAL,False
229.0,0.1,229.1,LOW_BASELINE,10.0,WAIT_15MIN,0.0,1.0,0.5928571428571429,0.0,0.7428571428571429,0.15,0.2571428571428571,,,,,NOT_ISSUED,957026d0fdecd88e4af9bada85c293064350365f4d7b62e86e59c3f8eb0231f7,0.5928571428571429,0.5857142857142857,0.6051948051948052,0.01948051948051943,0.5928571428571429,0.5692307692307692,0.6666666666666667,0.09743589743589753,0.5692307692307692,0.6666666666666667,0.09743589743589753,CROSS_YEAR_LOYO,0.0,0.0,0.0,CUTOFF_BLOCKED,REPORT_CENTRAL_PLUS_SENSITIVITY_ENVELOPE;NOT_CONFIDENCE_INTERVAL,False
229.0,0.25,229.25,LOW_BASELINE,10.0,WAIT_15MIN,0.0,1.0,0.4642857142857143,0.0,0.7428571428571429,0.2785714285714286,0.2571428571428571,,,,,NOT_ISSUED,957026d0fdecd88e4af9bada85c293064350365f4d7b62e86e59c3f8eb0231f7,0.4642857142857143,0.4548872180451128,0.48051948051948046,0.025632262474367673,0.4642857142857143,0.4153846153846154,0.5666666666666667,0.15128205128205124,0.4153846153846154,0.5666666666666667,0.15128205128205124,CROSS_YEAR_LOYO,0.0,0.0,0.0,CUTOFF_BLOCKED,REPORT_CENTRAL_PLUS_SENSITIVITY_ENVELOPE;NOT_CONFIDENCE_INTERVAL,False
229.0,0.5,229.5,LOW_BASELINE,10.0,WAIT_15MIN,0.0,1.0,0.3357142857142857,0.0,0.7428571428571429,0.4071428571428571,0.2571428571428571,,,,,NOT_ISSUED,957026d0fdecd88e4af9bada85c293064350365f4d7b62e86e59c3f8eb0231f7,0.33571428571428574,0.3240601503759398,0.35584415584415585,0.031784005468216026,0.3357142857142857,0.3230769230769231,0.3666666666666666,0.04358974358974349,0.3230769230769231,0.3666666666666666,0.04358974358974349,CROSS_YEAR_LOYO,0.0,0.0,0.0,CUTOFF_BLOCKED,REPORT_CENTRAL_PLUS_SENSITIVITY_ENVELOPE;NOT_CONFIDENCE_INTERVAL,False
229.0,1.0,230.0,LOW_BASELINE,10.0,WAIT_15MIN,0.0,1.0,0.25,0.0,0.7428571428571429,0.4928571428571429,0.2571428571428571,,,,,NOT_ISSUED,957026d0fdecd88e4af9bada85c293064350365f4d7b62e86e59c3f8eb0231f7,0.25,0.23684210526315788,0.2727272727272727,0.035885167464114825,0.25,0.2,0.3333333333333333,0.1333333333333333,0.2,0.3333333333333333,0.1333333333333333,CROSS_YEAR_LOYO,0.0,0.0,0.0,CUTOFF_BLOCKED,REPORT_CENTRAL_PLUS_SENSITIVITY_ENVELOPE;NOT_CONFIDENCE_INTERVAL,False
229.0,0.1,229.1,LOW_BASELINE,10.0,WAIT_30MIN,0.0,1.0,0.5928571428571429,0.0,0.7428571428571429,0.15,0.2571428571428571,,,,,NOT_ISSUED,957026d0fdecd88e4af9bada85c293064350365f4d7b62e86e59c3f8eb0231f7,0.5928571428571429,0.5857142857142857,0.6051948051948052,0.01948051948051943,0.5928571428571429,0.5692307692307692,0.6666666666666667,0.09743589743589753,0.5692307692307692,0.6666666666666667,0.09743589743589753,CROSS_YEAR_LOYO,0.0,0.0,0.0,CUTOFF_BLOCKED,REPORT_CENTRAL_PLUS_SENSITIVITY_ENVELOPE;NOT_CONFIDENCE_INTERVAL,False
229.0,0.25,229.25,LOW_BASELINE,10.0,WAIT_30MIN,0.0,1.0,0.4642857142857143,0.0,0.7428571428571429,0.2785714285714286,0.2571428571428571,,,,,NOT_ISSUED,957026d0fdecd88e4af9bada85c293064350365f4d7b62e86e59c3f8eb0231f7,0.4642857142857143,0.4548872180451128,0.48051948051948046,0.025632262474367673,0.4642857142857143,0.4153846153846154,0.5666666666666667,0.15128205128205124,0.4153846153846154,0.5666666666666667,0.15128205128205124,CROSS_YEAR_LOYO,0.0,0.0,0.0,CUTOFF_BLOCKED,REPORT_CENTRAL_PLUS_SENSITIVITY_ENVELOPE;NOT_CONFIDENCE_INTERVAL,False
229.0,0.5,229.5,LOW_BASELINE,10.0,WAIT_30MIN,0.0,1.0,0.3357142857142857,0.0,0.7428571428571429,0.4071428571428571,0.2571428571428571,,,,,NOT_ISSUED,957026d0fdecd88e4af9bada85c293064350365f4d7b62e86e59c3f8eb0231f7,0.33571428571428574,0.3240601503759398,0.35584415584415585,0.031784005468216026,0.3357142857142857,0.3230769230769231,0.3666666666666666,0.04358974358974349,0.3230769230769231,0.3666666666666666,0.04358974358974349,CROSS_YEAR_LOYO,0.0,0.0,0.0,CUTOFF_BLOCKED,REPORT_CENTRAL_PLUS_SENSITIVITY_ENVELOPE;NOT_CONFIDENCE_INTERVAL,False
229.0,1.0,230.0,LOW_BASELINE,10.0,WAIT_30MIN,0.0,1.0,0.25,0.0,0.7428571428571429,0.4928571428571429,0.2571428571428571,,,,,NOT_ISSUED,957026d0fdecd88e4af9bada85c293064350365f4d7b62e86e59c3f8eb0231f7,0.25,0.23684210526315788,0.2727272727272727,0.035885167464114825,0.25,0.2,0.3333333333333333,0.1333333333333333,0.2,0.3333333333333333,0.1333333333333333,CROSS_YEAR_LOYO,0.0,0.0,0.0,CUTOFF_BLOCKED,REPORT_CENTRAL_PLUS_SENSITIVITY_ENVELOPE;NOT_CONFIDENCE_INTERVAL,False
229.0,0.1,229.1,LOW_BASELINE,10.0,WAIT_45MIN,0.0,1.0,0.5928571428571429,0.0,0.7428571428571429,0.15,0.2571428571428571,,,,,NOT_ISSUED,957026d0fdecd88e4af9bada85c293064350365f4d7b62e86e59c3f8eb0231f7,0.5928571428571429,0.5857142857142857,0.6051948051948052,0.01948051948051943,0.5928571428571429,0.5692307692307692,0.6666666666666667,0.09743589743589753,0.5692307692307692,0.6666666666666667,0.09743589743589753,CROSS_YEAR_LOYO,0.0,0.0,0.0,CUTOFF_BLOCKED,REPORT_CENTRAL_PLUS_SENSITIVITY_ENVELOPE;NOT_CONFIDENCE_INTERVAL,False
229.0,0.25,229.25,LOW_BASELINE,10.0,WAIT_45MIN,0.0,1.0,0.4642857142857143,0.0,0.7428571428571429,0.2785714285714286,0.2571428571428571,,,,,NOT_ISSUED,957026d0fdecd88e4af9bada85c293064350365f4d7b62e86e59c3f8eb0231f7,0.4642857142857143,0.4548872180451128,0.48051948051948046,0.025632262474367673,0.4642857142857143,0.4153846153846154,0.5666666666666667,0.15128205128205124,0.4153846153846154,0.5666666666666667,0.15128205128205124,CROSS_YEAR_LOYO,0.0,0.0,0.0,CUTOFF_BLOCKED,REPORT_CENTRAL_PLUS_SENSITIVITY_ENVELOPE;NOT_CONFIDENCE_INTERVAL,False
229.0,0.5,229.5,LOW_BASELINE,10.0,WAIT_45MIN,0.0,1.0,0.3357142857142857,0.0,0.7428571428571429,0.4071428571428571,0.2571428571428571,,,,,NOT_ISSUED,957026d0fdecd88e4af9bada85c293064350365f4d7b62e86e59c3f8eb0231f7,0.33571428571428574,0.3240601503759398,0.35584415584415585,0.031784005468216026,0.3357142857142857,0.3230769230769231,0.3666666666666666,0.04358974358974349,0.3230769230769231,0.3666666666666666,0.04358974358974349,CROSS_YEAR_LOYO,0.0,0.0,0.0,CUTOFF_BLOCKED,REPORT_CENTRAL_PLUS_SENSITIVITY_ENVELOPE;NOT_CONFIDENCE_INTERVAL,False
229.0,1.0,230.0,LOW_BASELINE,10.0,WAIT_45MIN,0.0,1.0,0.25,0.0,0.7428571428571429,0.4928571428571429,0.2571428571428571,,,,,NOT_ISSUED,957026d0fdecd88e4af9bada85c293064350365f4d7b62e86e59c3f8eb0231f7,0.25,0.23684210526315788,0.2727272727272727,0.035885167464114825,0.25,0.2,0.3333333333333333,0.1333333333333333,0.2,0.3333333333333333,0.1333333333333333,CROSS_YEAR_LOYO,0.0,0.0,0.0,CUTOFF_BLOCKED,REPORT_CENTRAL_PLUS_SENSITIVITY_ENVELOPE;NOT_CONFIDENCE_INTERVAL,False
229.0,0.1,229.1,LOW_BASELINE,20.0,WAIT_05MIN,1.0,0.0,0.5928571428571429,0.5928571428571429,0.7428571428571429,0.15,0.2571428571428571,0.784659190000002,-0.382000000000005,0.2270000000000038,4.694999999999993,NOT_ISSUED,957026d0fdecd88e4af9bada85c293064350365f4d7b62e86e59c3f8eb0231f7,0.5928571428571429,0.5857142857142857,0.6051948051948052,0.01948051948051943,0.5928571428571429,0.5692307692307692,0.6666666666666667,0.09743589743589753,0.5692307692307692,0.6666666666666667,0.09743589743589753,CROSS_YEAR_LOYO,0.5692307692307692,0.6666666666666667,0.5928571428571429,COMPLETION_FEASIBLE_UNDER_SCENARIO,REPORT_CENTRAL_PLUS_SENSITIVITY_ENVELOPE;NOT_CONFIDENCE_INTERVAL,False
229.0,0.25,229.25,LOW_BASELINE,20.0,WAIT_05MIN,1.0,0.0,0.4642857142857143,0.4642857142857143,0.7428571428571429,0.2785714285714286,0.2571428571428571,0.784659190000002,-0.382000000000005,0.2270000000000038,4.694999999999993,NOT_ISSUED,957026d0fdecd88e4af9bada85c293064350365f4d7b62e86e59c3f8eb0231f7,0.4642857142857143,0.4548872180451128,0.48051948051948046,0.025632262474367673,0.4642857142857143,0.4153846153846154,0.5666666666666667,0.15128205128205124,0.4153846153846154,0.5666666666666667,0.15128205128205124,CROSS_YEAR_LOYO,0.4153846153846154,0.5666666666666667,0.4642857142857143,COMPLETION_FEASIBLE_UNDER_SCENARIO,REPORT_CENTRAL_PLUS_SENSITIVITY_ENVELOPE;NOT_CONFIDENCE_INTERVAL,False
229.0,0.5,229.5,LOW_BASELINE,20.0,WAIT_05MIN,1.0,0.0,0.3357142857142857,0.3357142857142857,0.7428571428571429,0.4071428571428571,0.2571428571428571,0.784659190000002,-0.382000000000005,0.2270000000000038,4.694999999999993,NOT_ISSUED,957026d0fdecd88e4af9bada85c293064350365f4d7b62e86e59c3f8eb0231f7,0.33571428571428574,0.3240601503759398,0.35584415584415585,0.031784005468216026,0.3357142857142857,0.3230769230769231,0.3666666666666666,0.04358974358974349,0.3230769230769231,0.3666666666666666,0.04358974358974349,CROSS_YEAR_LOYO,0.3230769230769231,0.3666666666666666,0.3357142857142857,COMPLETION_FEASIBLE_UNDER_SCENARIO,REPORT_CENTRAL_PLUS_SENSITIVITY_ENVELOPE;NOT_CONFIDENCE_INTERVAL,False
229.0,1.0,230.0,LOW_BASELINE,20.0,WAIT_05MIN,1.0,0.0,0.25,0.25,0.7428571428571429,0.4928571428571429,0.2571428571428571,0.784659190000002,-0.382000000000005,0.2270000000000038,4.694999999999993,NOT_ISSUED,957026d0fdecd88e4af9bada85c293064350365f4d7b62e86e59c3f8eb0231f7,0.25,0.23684210526315788,0.2727272727272727,0.035885167464114825,0.25,0.2,0.3333333333333333,0.1333333333333333,0.2,0.3333333333333333,0.1333333333333333,CROSS_YEAR_LOYO,0.2,0.3333333333333333,0.25,COMPLETION_FEASIBLE_UNDER_SCENARIO,REPORT_CENTRAL_PLUS_SENSITIVITY_ENVELOPE;NOT_CONFIDENCE_INTERVAL,False
229.0,0.1,229.1,LOW_BASELINE,20.0,WAIT_15MIN,1.0,0.0,0.5928571428571429,0.5928571428571429,0.7428571428571429,0.15,0.2571428571428571,0.781189410000002,-0.382000000000005,0.2270000000000038,4.694999999999993,NOT_ISSUED,957026d0fdecd88e4af9bada85c293064350365f4d7b62e86e59c3f8eb0231f7,0.5928571428571429,0.5857142857142857,0.6051948051948052,0.01948051948051943,0.5928571428571429,0.5692307692307692,0.6666666666666667,0.09743589743589753,0.5692307692307692,0.6666666666666667,0.09743589743589753,CROSS_YEAR_LOYO,0.5692307692307692,0.6666666666666667,0.5928571428571429,COMPLETION_FEASIBLE_UNDER_SCENARIO,REPORT_CENTRAL_PLUS_SENSITIVITY_ENVELOPE;NOT_CONFIDENCE_INTERVAL,False
229.0,0.25,229.25,LOW_BASELINE,20.0,WAIT_15MIN,1.0,0.0,0.4642857142857143,0.4642857142857143,0.7428571428571429,0.2785714285714286,0.2571428571428571,0.781189410000002,-0.382000000000005,0.2270000000000038,4.694999999999993,NOT_ISSUED,957026d0fdecd88e4af9bada85c293064350365f4d7b62e86e59c3f8eb0231f7,0.4642857142857143,0.4548872180451128,0.48051948051948046,0.025632262474367673,0.4642857142857143,0.4153846153846154,0.5666666666666667,0.15128205128205124,0.4153846153846154,0.5666666666666667,0.15128205128205124,CROSS_YEAR_LOYO,0.4153846153846154,0.5666666666666667,0.4642857142857143,COMPLETION_FEASIBLE_UNDER_SCENARIO,REPORT_CENTRAL_PLUS_SENSITIVITY_ENVELOPE;NOT_CONFIDENCE_INTERVAL,False
229.0,0.5,229.5,LOW_BASELINE,20.0,WAIT_15MIN,1.0,0.0,0.3357142857142857,0.3357142857142857,0.7428571428571429,0.4071428571428571,0.2571428571428571,0.781189410000002,-0.382000000000005,0.2270000000000038,4.694999999999993,NOT_ISSUED,957026d0fdecd88e4af9bada85c293064350365f4d7b62e86e59c3f8eb0231f7,0.33571428571428574,0.3240601503759398,0.35584415584415585,0.031784005468216026,0.3357142857142857,0.3230769230769231,0.3666666666666666,0.04358974358974349,0.3230769230769231,0.3666666666666666,0.04358974358974349,CROSS_YEAR_LOYO,0.3230769230769231,0.3666666666666666,0.3357142857142857,COMPLETION_FEASIBLE_UNDER_SCENARIO,REPORT_CENTRAL_PLUS_SENSITIVITY_ENVELOPE;NOT_CONFIDENCE_INTERVAL,False
229.0,1.0,230.0,LOW_BASELINE,20.0,WAIT_15MIN,1.0,0.0,0.25,0.25,0.7428571428571429,0.4928571428571429,0.2571428571428571,0.781189410000002,-0.382000000000005,0.2270000000000038,4.694999999999993,NOT_ISSUED,957026d0fdecd88e4af9bada85c293064350365f4d7b62e86e59c3f8eb0231f7,0.25,0.23684210526315788,0.2727272727272727,0.035885167464114825,0.25,0.2,0.3333333333333333,0.1333333333333333,0.2,0.3333333333333333,0.1333333333333333,CROSS_YEAR_LOYO,0.2,0.3333333333333333,0.25,COMPLETION_FEASIBLE_UNDER_SCENARIO,REPORT_CENTRAL_PLUS_SENSITIVITY_ENVELOPE;NOT_CONFIDENCE_INTERVAL,False
229.0,0.1,229.1,LOW_BASELINE,20.0,WAIT_30MIN,0.0,1.0,0.5928571428571429,0.0,0.7428571428571429,0.15,0.2571428571428571,,,,,NOT_ISSUED,957026d0fdecd88e4af9bada85c293064350365f4d7b62e86e59c3f8eb0231f7,0.5928571428571429,0.5857142857142857,0.6051948051948052,0.01948051948051943,0.5928571428571429,0.5692307692307692,0.6666666666666667,0.09743589743589753,0.5692307692307692,0.6666666666666667,0.09743589743589753,CROSS_YEAR_LOYO,0.0,0.0,0.0,CUTOFF_BLOCKED,REPORT_CENTRAL_PLUS_SENSITIVITY_ENVELOPE;NOT_CONFIDENCE_INTERVAL,False
229.0,0.25,229.25,LOW_BASELINE,20.0,WAIT_30MIN,0.0,1.0,0.4642857142857143,0.0,0.7428571428571429,0.2785714285714286,0.2571428571428571,,,,,NOT_ISSUED,957026d0fdecd88e4af9bada85c293064350365f4d7b62e86e59c3f8eb0231f7,0.4642857142857143,0.4548872180451128,0.48051948051948046,0.025632262474367673,0.4642857142857143,0.4153846153846154,0.5666666666666667,0.15128205128205124,0.4153846153846154,0.5666666666666667,0.15128205128205124,CROSS_YEAR_LOYO,0.0,0.0,0.0,CUTOFF_BLOCKED,REPORT_CENTRAL_PLUS_SENSITIVITY_ENVELOPE;NOT_CONFIDENCE_INTERVAL,False
229.0,0.5,229.5,LOW_BASELINE,20.0,WAIT_30MIN,0.0,1.0,0.3357142857142857,0.0,0.7428571428571429,0.4071428571428571,0.2571428571428571,,,,,NOT_ISSUED,957026d0fdecd88e4af9bada85c293064350365f4d7b62e86e59c3f8eb0231f7,0.33571428571428574,0.3240601503759398,0.35584415584415585,0.031784005468216026,0.3357142857142857,0.3230769230769231,0.3666666666666666,0.04358974358974349,0.3230769230769231,0.3666666666666666,0.04358974358974349,CROSS_YEAR_LOYO,0.0,0.0,0.0,CUTOFF_BLOCKED,REPORT_CENTRAL_PLUS_SENSITIVITY_ENVELOPE;NOT_CONFIDENCE_INTERVAL,False
229.0,1.0,230.0,LOW_BASELINE,20.0,WAIT_30MIN,0.0,1.0,0.25,0.0,0.7428571428571429,0.4928571428571429,0.2571428571428571,,,,,NOT_ISSUED,957026d0fdecd88e4af9bada85c293064350365f4d7b62e86e59c3f8eb0231f7,0.25,0.23684210526315788,0.2727272727272727,0.035885167464114825,0.25,0.2,0.3333333333333333,0.1333333333333333,0.2,0.3333333333333333,0.1333333333333333,CROSS_YEAR_LOYO,0.0,0.0,0.0,CUTOFF_BLOCKED,REPORT_CENTRAL_PLUS_SENSITIVITY_ENVELOPE;NOT_CONFIDENCE_INTERVAL,False
229.0,0.1,229.1,LOW_BASELINE,20.0,WAIT_45MIN,0.0,1.0,0.5928571428571429,0.0,0.7428571428571429,0.15,0.2571428571428571,,,,,NOT_ISSUED,957026d0fdecd88e4af9bada85c293064350365f4d7b62e86e59c3f8eb0231f7,0.5928571428571429,0.5857142857142857,0.6051948051948052,0.01948051948051943,0.5928571428571429,0.5692307692307692,0.6666666666666667,0.09743589743589753,0.5692307692307692,0.6666666666666667,0.09743589743589753,CROSS_YEAR_LOYO,0.0,0.0,0.0,CUTOFF_BLOCKED,REPORT_CENTRAL_PLUS_SENSITIVITY_ENVELOPE;NOT_CONFIDENCE_INTERVAL,False
229.0,0.25,229.25,LOW_BASELINE,20.0,WAIT_45MIN,0.0,1.0,0.4642857142857143,0.0,0.7428571428571429,0.2785714285714286,0.2571428571428571,,,,,NOT_ISSUED,957026d0fdecd88e4af9bada85c293064350365f4d7b62e86e59c3f8eb0231f7,0.4642857142857143,0.4548872180451128,0.48051948051948046,0.025632262474367673,0.4642857142857143,0.4153846153846154,0.5666666666666667,0.15128205128205124,0.4153846153846154,0.5666666666666667,0.15128205128205124,CROSS_YEAR_LOYO,0.0,0.0,0.0,CUTOFF_BLOCKED,REPORT_CENTRAL_PLUS_SENSITIVITY_ENVELOPE;NOT_CONFIDENCE_INTERVAL,False
229.0,0.5,229.5,LOW_BASELINE,20.0,WAIT_45MIN,0.0,1.0,0.3357142857142857,0.0,0.7428571428571429,0.4071428571428571,0.2571428571428571,,,,,NOT_ISSUED,957026d0fdecd88e4af9bada85c293064350365f4d7b62e86e59c3f8eb0231f7,0.33571428571428574,0.3240601503759398,0.35584415584415585,0.031784005468216026,0.3357142857142857,0.3230769230769231,0.3666666666666666,0.04358974358974349,0.3230769230769231,0.3666666666666666,0.04358974358974349,CROSS_YEAR_LOYO,0.0,0.0,0.0,CUTOFF_BLOCKED,REPORT_CENTRAL_PLUS_SENSITIVITY_ENVELOPE;NOT_CONFIDENCE_INTERVAL,False
229.0,1.0,230.0,LOW_BASELINE,20.0,WAIT_45MIN,0.0,1.0,0.25,0.0,0.7428571428571429,0.4928571428571429,0.2571428571428571,,,,,NOT_ISSUED,957026d0fdecd88e4af9bada85c293064350365f4d7b62e86e59c3f8eb0231f7,0.25,0.23684210526315788,0.2727272727272727,0.035885167464114825,0.25,0.2,0.3333333333333333,0.1333333333333333,0.2,0.3333333333333333,0.1333333333333333,CROSS_YEAR_LOYO,0.0,0.0,0.0,CUTOFF_BLOCKED,REPORT_CENTRAL_PLUS_SENSITIVITY_ENVELOPE;NOT_CONFIDENCE_INTERVAL,False
229.0,0.1,229.1,LOW_BASELINE,30.0,WAIT_05MIN,1.0,0.0,0.5928571428571429,0.5928571428571429,0.7428571428571429,0.15,0.2571428571428571,0.7903391800000018,-0.382000000000005,0.2270000000000038,4.694999999999993,NOT_ISSUED,957026d0fdecd88e4af9bada85c293064350365f4d7b62e86e59c3f8eb0231f7,0.5928571428571429,0.5857142857142857,0.6051948051948052,0.01948051948051943,0.5928571428571429,0.5692307692307692,0.6666666666666667,0.09743589743589753,0.5692307692307692,0.6666666666666667,0.09743589743589753,CROSS_YEAR_LOYO,0.5692307692307692,0.6666666666666667,0.5928571428571429,COMPLETION_FEASIBLE_UNDER_SCENARIO,REPORT_CENTRAL_PLUS_SENSITIVITY_ENVELOPE;NOT_CONFIDENCE_INTERVAL,False
229.0,0.25,229.25,LOW_BASELINE,30.0,WAIT_05MIN,1.0,0.0,0.4642857142857143,0.4642857142857143,0.7428571428571429,0.2785714285714286,0.2571428571428571,0.7903391800000018,-0.382000000000005,0.2270000000000038,4.694999999999993,NOT_ISSUED,957026d0fdecd88e4af9bada85c293064350365f4d7b62e86e59c3f8eb0231f7,0.4642857142857143,0.4548872180451128,0.48051948051948046,0.025632262474367673,0.4642857142857143,0.4153846153846154,0.5666666666666667,0.15128205128205124,0.4153846153846154,0.5666666666666667,0.15128205128205124,CROSS_YEAR_LOYO,0.4153846153846154,0.5666666666666667,0.4642857142857143,COMPLETION_FEASIBLE_UNDER_SCENARIO,REPORT_CENTRAL_PLUS_SENSITIVITY_ENVELOPE;NOT_CONFIDENCE_INTERVAL,False
229.0,0.5,229.5,LOW_BASELINE,30.0,WAIT_05MIN,1.0,0.0,0.3357142857142857,0.3357142857142857,0.7428571428571429,0.4071428571428571,0.2571428571428571,0.7903391800000018,-0.382000000000005,0.2270000000000038,4.694999999999993,NOT_ISSUED,957026d0fdecd88e4af9bada85c293064350365f4d7b62e86e59c3f8eb0231f7,0.33571428571428574,0.3240601503759398,0.35584415584415585,0.031784005468216026,0.3357142857142857,0.3230769230769231,0.3666666666666666,0.04358974358974349,0.3230769230769231,0.3666666666666666,0.04358974358974349,CROSS_YEAR_LOYO,0.3230769230769231,0.3666666666666666,0.3357142857142857,COMPLETION_FEASIBLE_UNDER_SCENARIO,REPORT_CENTRAL_PLUS_SENSITIVITY_ENVELOPE;NOT_CONFIDENCE_INTERVAL,False
229.0,1.0,230.0,LOW_BASELINE,30.0,WAIT_05MIN,1.0,0.0,0.25,0.25,0.7428571428571429,0.4928571428571429,0.2571428571428571,0.7903391800000018,-0.382000000000005,0.2270000000000038,4.694999999999993,NOT_ISSUED,957026d0fdecd88e4af9bada85c293064350365f4d7b62e86e59c3f8eb0231f7,0.25,0.23684210526315788,0.2727272727272727,0.035885167464114825,0.25,0.2,0.3333333333333333,0.1333333333333333,0.2,0.3333333333333333,0.1333333333333333,CROSS_YEAR_LOYO,0.2,0.3333333333333333,0.25,COMPLETION_FEASIBLE_UNDER_SCENARIO,REPORT_CENTRAL_PLUS_SENSITIVITY_ENVELOPE;NOT_CONFIDENCE_INTERVAL,False
229.0,0.1,229.1,LOW_BASELINE,30.0,WAIT_15MIN,1.0,0.0,0.5928571428571429,0.5928571428571429,0.7428571428571429,0.15,0.2571428571428571,0.7901456000000019,-0.382000000000005,0.2270000000000038,4.694999999999993,NOT_ISSUED,957026d0fdecd88e4af9bada85c293064350365f4d7b62e86e59c3f8eb0231f7,0.5928571428571429,0.5857142857142857,0.6051948051948052,0.01948051948051943,0.5928571428571429,0.5692307692307692,0.6666666666666667,0.09743589743589753,0.5692307692307692,0.6666666666666667,0.09743589743589753,CROSS_YEAR_LOYO,0.5692307692307692,0.6666666666666667,0.5928571428571429,COMPLETION_FEASIBLE_UNDER_SCENARIO,REPORT_CENTRAL_PLUS_SENSITIVITY_ENVELOPE;NOT_CONFIDENCE_INTERVAL,False
229.0,0.25,229.25,LOW_BASELINE,30.0,WAIT_15MIN,1.0,0.0,0.4642857142857143,0.4642857142857143,0.7428571428571429,0.2785714285714286,0.2571428571428571,0.7901456000000019,-0.382000000000005,0.2270000000000038,4.694999999999993,NOT_ISSUED,957026d0fdecd88e4af9bada85c293064350365f4d7b62e86e59c3f8eb0231f7,0.4642857142857143,0.4548872180451128,0.48051948051948046,0.025632262474367673,0.4642857142857143,0.4153846153846154,0.5666666666666667,0.15128205128205124,0.4153846153846154,0.5666666666666667,0.15128205128205124,CROSS_YEAR_LOYO,0.4153846153846154,0.5666666666666667,0.4642857142857143,COMPLETION_FEASIBLE_UNDER_SCENARIO,REPORT_CENTRAL_PLUS_SENSITIVITY_ENVELOPE;NOT_CONFIDENCE_INTERVAL,False
229.0,0.5,229.5,LOW_BASELINE,30.0,WAIT_15MIN,1.0,0.0,0.3357142857142857,0.3357142857142857,0.7428571428571429,0.4071428571428571,0.2571428571428571,0.7901456000000019,-0.382000000000005,0.2270000000000038,4.694999999999993,NOT_ISSUED,957026d0fdecd88e4af9bada85c293064350365f4d7b62e86e59c3f8eb0231f7,0.33571428571428574,0.3240601503759398,0.35584415584415585,0.031784005468216026,0.3357142857142857,0.3230769230769231,0.3666666666666666,0.04358974358974349,0.3230769230769231,0.3666666666666666,0.04358974358974349,CROSS_YEAR_LOYO,0.3230769230769231,0.3666666666666666,0.3357142857142857,COMPLETION_FEASIBLE_UNDER_SCENARIO,REPORT_CENTRAL_PLUS_SENSITIVITY_ENVELOPE;NOT_CONFIDENCE_INTERVAL,False
229.0,1.0,230.0,LOW_BASELINE,30.0,WAIT_15MIN,1.0,0.0,0.25,0.25,0.7428571428571429,0.4928571428571429,0.2571428571428571,0.7901456000000019,-0.382000000000005,0.2270000000000038,4.694999999999993,NOT_ISSUED,957026d0fdecd88e4af9bada85c293064350365f4d7b62e86e59c3f8eb0231f7,0.25,0.23684210526315788,0.2727272727272727,0.035885167464114825,0.25,0.2,0.3333333333333333,0.1333333333333333,0.2,0.3333333333333333,0.1333333333333333,CROSS_YEAR_LOYO,0.2,0.3333333333333333,0.25,COMPLETION_FEASIBLE_UNDER_SCENARIO,REPORT_CENTRAL_PLUS_SENSITIVITY_ENVELOPE;NOT_CONFIDENCE_INTERVAL,False
229.0,0.1,229.1,LOW_BASELINE,30.0,WAIT_30MIN,0.0,1.0,0.5928571428571429,0.0,0.7428571428571429,0.15,0.2571428571428571,,,,,NOT_ISSUED,957026d0fdecd88e4af9bada85c293064350365f4d7b62e86e59c3f8eb0231f7,0.5928571428571429,0.5857142857142857,0.6051948051948052,0.01948051948051943,0.5928571428571429,0.5692307692307692,0.6666666666666667,0.09743589743589753,0.5692307692307692,0.6666666666666667,0.09743589743589753,CROSS_YEAR_LOYO,0.0,0.0,0.0,CUTOFF_BLOCKED,REPORT_CENTRAL_PLUS_SENSITIVITY_ENVELOPE;NOT_CONFIDENCE_INTERVAL,False
229.0,0.25,229.25,LOW_BASELINE,30.0,WAIT_30MIN,0.0,1.0,0.4642857142857143,0.0,0.7428571428571429,0.2785714285714286,0.2571428571428571,,,,,NOT_ISSUED,957026d0fdecd88e4af9bada85c293064350365f4d7b62e86e59c3f8eb0231f7,0.4642857142857143,0.4548872180451128,0.48051948051948046,0.025632262474367673,0.4642857142857143,0.4153846153846154,0.5666666666666667,0.15128205128205124,0.4153846153846154,0.5666666666666667,0.15128205128205124,CROSS_YEAR_LOYO,0.0,0.0,0.0,CUTOFF_BLOCKED,REPORT_CENTRAL_PLUS_SENSITIVITY_ENVELOPE;NOT_CONFIDENCE_INTERVAL,False
229.0,0.5,229.5,LOW_BASELINE,30.0,WAIT_30MIN,0.0,1.0,0.3357142857142857,0.0,0.7428571428571429,0.4071428571428571,0.2571428571428571,,,,,NOT_ISSUED,957026d0fdecd88e4af9bada85c293064350365f4d7b62e86e59c3f8eb0231f7,0.33571428571428574,0.3240601503759398,0.35584415584415585,0.031784005468216026,0.3357142857142857,0.3230769230769231,0.3666666666666666,0.04358974358974349,0.3230769230769231,0.3666666666666666,0.04358974358974349,CROSS_YEAR_LOYO,0.0,0.0,0.0,CUTOFF_BLOCKED,REPORT_CENTRAL_PLUS_SENSITIVITY_ENVELOPE;NOT_CONFIDENCE_INTERVAL,False
229.0,1.0,230.0,LOW_BASELINE,30.0,WAIT_30MIN,0.0,1.0,0.25,0.0,0.7428571428571429,0.4928571428571429,0.2571428571428571,,,,,NOT_ISSUED,957026d0fdecd88e4af9bada85c293064350365f4d7b62e86e59c3f8eb0231f7,0.25,0.23684210526315788,0.2727272727272727,0.035885167464114825,0.25,0.2,0.3333333333333333,0.1333333333333333,0.2,0.3333333333333333,0.1333333333333333,CROSS_YEAR_LOYO,0.0,0.0,0.0,CUTOFF_BLOCKED,REPORT_CENTRAL_PLUS_SENSITIVITY_ENVELOPE;NOT_CONFIDENCE_INTERVAL,False
229.0,0.1,229.1,LOW_BASELINE,30.0,WAIT_45MIN,0.0,1.0,0.5928571428571429,0.0,0.7428571428571429,0.15,0.2571428571428571,,,,,NOT_ISSUED,957026d0fdecd88e4af9bada85c293064350365f4d7b62e86e59c3f8eb0231f7,0.5928571428571429,0.5857142857142857,0.6051948051948052,0.01948051948051943,0.5928571428571429,0.5692307692307692,0.6666666666666667,0.09743589743589753,0.5692307692307692,0.6666666666666667,0.09743589743589753,CROSS_YEAR_LOYO,0.0,0.0,0.0,CUTOFF_BLOCKED,REPORT_CENTRAL_PLUS_SENSITIVITY_ENVELOPE;NOT_CONFIDENCE_INTERVAL,False
229.0,0.25,229.25,LOW_BASELINE,30.0,WAIT_45MIN,0.0,1.0,0.4642857142857143,0.0,0.7428571428571429,0.2785714285714286,0.2571428571428571,,,,,NOT_ISSUED,957026d0fdecd88e4af9bada85c293064350365f4d7b62e86e59c3f8eb0231f7,0.4642857142857143,0.4548872180451128,0.48051948051948046,0.025632262474367673,0.4642857142857143,0.4153846153846154,0.5666666666666667,0.15128205128205124,0.4153846153846154,0.5666666666666667,0.15128205128205124,CROSS_YEAR_LOYO,0.0,0.0,0.0,CUTOFF_BLOCKED,REPORT_CENTRAL_PLUS_SENSITIVITY_ENVELOPE;NOT_CONFIDENCE_INTERVAL,False
229.0,0.5,229.5,LOW_BASELINE,30.0,WAIT_45MIN,0.0,1.0,0.3357142857142857,0.0,0.7428571428571429,0.4071428571428571,0.2571428571428571,,,,,NOT_ISSUED,957026d0fdecd88e4af9bada85c293064350365f4d7b62e86e59c3f8eb0231f7,0.33571428571428574,0.3240601503759398,0.35584415584415585,0.031784005468216026,0.3357142857142857,0.3230769230769231,0.3666666666666666,0.04358974358974349,0.3230769230769231,0.3666666666666666,0.04358974358974349,CROSS_YEAR_LOYO,0.0,0.0,0.0,CUTOFF_BLOCKED,REPORT_CENTRAL_PLUS_SENSITIVITY_ENVELOPE;NOT_CONFIDENCE_INTERVAL,False
229.0,1.0,230.0,LOW_BASELINE,30.0,WAIT_45MIN,0.0,1.0,0.25,0.0,0.7428571428571429,0.4928571428571429,0.2571428571428571,,,,,NOT_ISSUED,957026d0fdecd88e4af9bada85c293064350365f4d7b62e86e59c3f8eb0231f7,0.25,0.23684210526315788,0.2727272727272727,0.035885167464114825,0.25,0.2,0.3333333333333333,0.1333333333333333,0.2,0.3333333333333333,0.1333333333333333,CROSS_YEAR_LOYO,0.0,0.0,0.0,CUTOFF_BLOCKED,REPORT_CENTRAL_PLUS_SENSITIVITY_ENVELOPE;NOT_CONFIDENCE_INTERVAL,False
229.0,0.1,229.1,LOW_BASELINE,45.0,WAIT_05MIN,1.0,0.0,0.5928571428571429,0.5928571428571429,0.7428571428571429,0.15,0.2571428571428571,0.7892876100000019,-0.382000000000005,0.2270000000000038,4.694999999999993,NOT_ISSUED,957026d0fdecd88e4af9bada85c293064350365f4d7b62e86e59c3f8eb0231f7,0.5928571428571429,0.5857142857142857,0.6051948051948052,0.01948051948051943,0.5928571428571429,0.5692307692307692,0.6666666666666667,0.09743589743589753,0.5692307692307692,0.6666666666666667,0.09743589743589753,CROSS_YEAR_LOYO,0.5692307692307692,0.6666666666666667,0.5928571428571429,COMPLETION_FEASIBLE_UNDER_SCENARIO,REPORT_CENTRAL_PLUS_SENSITIVITY_ENVELOPE;NOT_CONFIDENCE_INTERVAL,False
229.0,0.25,229.25,LOW_BASELINE,45.0,WAIT_05MIN,1.0,0.0,0.4642857142857143,0.4642857142857143,0.7428571428571429,0.2785714285714286,0.2571428571428571,0.7892876100000019,-0.382000000000005,0.2270000000000038,4.694999999999993,NOT_ISSUED,957026d0fdecd88e4af9bada85c293064350365f4d7b62e86e59c3f8eb0231f7,0.4642857142857143,0.4548872180451128,0.48051948051948046,0.025632262474367673,0.4642857142857143,0.4153846153846154,0.5666666666666667,0.15128205128205124,0.4153846153846154,0.5666666666666667,0.15128205128205124,CROSS_YEAR_LOYO,0.4153846153846154,0.5666666666666667,0.4642857142857143,COMPLETION_FEASIBLE_UNDER_SCENARIO,REPORT_CENTRAL_PLUS_SENSITIVITY_ENVELOPE;NOT_CONFIDENCE_INTERVAL,False
229.0,0.5,229.5,LOW_BASELINE,45.0,WAIT_05MIN,1.0,0.0,0.3357142857142857,0.3357142857142857,0.7428571428571429,0.4071428571428571,0.2571428571428571,0.7892876100000019,-0.382000000000005,0.2270000000000038,4.694999999999993,NOT_ISSUED,957026d0fdecd88e4af9bada85c293064350365f4d7b62e86e59c3f8eb0231f7,0.33571428571428574,0.3240601503759398,0.35584415584415585,0.031784005468216026,0.3357142857142857,0.3230769230769231,0.3666666666666666,0.04358974358974349,0.3230769230769231,0.3666666666666666,0.04358974358974349,CROSS_YEAR_LOYO,0.3230769230769231,0.3666666666666666,0.3357142857142857,COMPLETION_FEASIBLE_UNDER_SCENARIO,REPORT_CENTRAL_PLUS_SENSITIVITY_ENVELOPE;NOT_CONFIDENCE_INTERVAL,False
229.0,1.0,230.0,LOW_BASELINE,45.0,WAIT_05MIN,1.0,0.0,0.25,0.25,0.7428571428571429,0.4928571428571429,0.2571428571428571,0.7892876100000019,-0.382000000000005,0.2270000000000038,4.694999999999993,NOT_ISSUED,957026d0fdecd88e4af9bada85c293064350365f4d7b62e86e59c3f8eb0231f7,0.25,0.23684210526315788,0.2727272727272727,0.035885167464114825,0.25,0.2,0.3333333333333333,0.1333333333333333,0.2,0.3333333333333333,0.1333333333333333,CROSS_YEAR_LOYO,0.2,0.3333333333333333,0.25,COMPLETION_FEASIBLE_UNDER_SCENARIO,REPORT_CENTRAL_PLUS_SENSITIVITY_ENVELOPE;NOT_CONFIDENCE_INTERVAL,False
229.0,0.1,229.1,LOW_BASELINE,45.0,WAIT_15MIN,1.0,0.0,0.5928571428571429,0.5928571428571429,0.7428571428571429,0.15,0.2571428571428571,0.7900189300000019,-0.382000000000005,0.2270000000000038,4.694999999999993,NOT_ISSUED,957026d0fdecd88e4af9bada85c293064350365f4d7b62e86e59c3f8eb0231f7,0.5928571428571429,0.5857142857142857,0.6051948051948052,0.01948051948051943,0.5928571428571429,0.5692307692307692,0.6666666666666667,0.09743589743589753,0.5692307692307692,0.6666666666666667,0.09743589743589753,CROSS_YEAR_LOYO,0.5692307692307692,0.6666666666666667,0.5928571428571429,COMPLETION_FEASIBLE_UNDER_SCENARIO,REPORT_CENTRAL_PLUS_SENSITIVITY_ENVELOPE;NOT_CONFIDENCE_INTERVAL,False
229.0,0.25,229.25,LOW_BASELINE,45.0,WAIT_15MIN,1.0,0.0,0.4642857142857143,0.4642857142857143,0.7428571428571429,0.2785714285714286,0.2571428571428571,0.7900189300000019,-0.382000000000005,0.2270000000000038,4.694999999999993,NOT_ISSUED,957026d0fdecd88e4af9bada85c293064350365f4d7b62e86e59c3f8eb0231f7,0.4642857142857143,0.4548872180451128,0.48051948051948046,0.025632262474367673,0.4642857142857143,0.4153846153846154,0.5666666666666667,0.15128205128205124,0.4153846153846154,0.5666666666666667,0.15128205128205124,CROSS_YEAR_LOYO,0.4153846153846154,0.5666666666666667,0.4642857142857143,COMPLETION_FEASIBLE_UNDER_SCENARIO,REPORT_CENTRAL_PLUS_SENSITIVITY_ENVELOPE;NOT_CONFIDENCE_INTERVAL,False
229.0,0.5,229.5,LOW_BASELINE,45.0,WAIT_15MIN,1.0,0.0,0.3357142857142857,0.3357142857142857,0.7428571428571429,0.4071428571428571,0.2571428571428571,0.7900189300000019,-0.382000000000005,0.2270000000000038,4.694999999999993,NOT_ISSUED,957026d0fdecd88e4af9bada85c293064350365f4d7b62e86e59c3f8eb0231f7,0.33571428571428574,0.3240601503759398,0.35584415584415585,0.031784005468216026,0.3357142857142857,0.3230769230769231,0.3666666666666666,0.04358974358974349,0.3230769230769231,0.3666666666666666,0.04358974358974349,CROSS_YEAR_LOYO,0.3230769230769231,0.3666666666666666,0.3357142857142857,COMPLETION_FEASIBLE_UNDER_SCENARIO,REPORT_CENTRAL_PLUS_SENSITIVITY_ENVELOPE;NOT_CONFIDENCE_INTERVAL,False
229.0,1.0,230.0,LOW_BASELINE,45.0,WAIT_15MIN,1.0,0.0,0.25,0.25,0.7428571428571429,0.4928571428571429,0.2571428571428571,0.7900189300000019,-0.382000000000005,0.2270000000000038,4.694999999999993,NOT_ISSUED,957026d0fdecd88e4af9bada85c293064350365f4d7b62e86e59c3f8eb0231f7,0.25,0.23684210526315788,0.2727272727272727,0.035885167464114825,0.25,0.2,0.3333333333333333,0.1333333333333333,0.2,0.3333333333333333,0.1333333333333333,CROSS_YEAR_LOYO,0.2,0.3333333333333333,0.25,COMPLETION_FEASIBLE_UNDER_SCENARIO,REPORT_CENTRAL_PLUS_SENSITIVITY_ENVELOPE;NOT_CONFIDENCE_INTERVAL,False
229.0,0.1,229.1,LOW_BASELINE,45.0,WAIT_30MIN,1.0,0.0,0.5928571428571429,0.5928571428571429,0.7428571428571429,0.15,0.2571428571428571,0.7919065900000019,-0.382000000000005,0.2270000000000038,4.694999999999993,NOT_ISSUED,957026d0fdecd88e4af9bada85c293064350365f4d7b62e86e59c3f8eb0231f7,0.5928571428571429,0.5857142857142857,0.6051948051948052,0.01948051948051943,0.5928571428571429,0.5692307692307692,0.6666666666666667,0.09743589743589753,0.5692307692307692,0.6666666666666667,0.09743589743589753,CROSS_YEAR_LOYO,0.5692307692307692,0.6666666666666667,0.5928571428571429,COMPLETION_FEASIBLE_UNDER_SCENARIO,REPORT_CENTRAL_PLUS_SENSITIVITY_ENVELOPE;NOT_CONFIDENCE_INTERVAL,False
229.0,0.25,229.25,LOW_BASELINE,45.0,WAIT_30MIN,1.0,0.0,0.4642857142857143,0.4642857142857143,0.7428571428571429,0.2785714285714286,0.2571428571428571,0.7919065900000019,-0.382000000000005,0.2270000000000038,4.694999999999993,NOT_ISSUED,957026d0fdecd88e4af9bada85c293064350365f4d7b62e86e59c3f8eb0231f7,0.4642857142857143,0.4548872180451128,0.48051948051948046,0.025632262474367673,0.4642857142857143,0.4153846153846154,0.5666666666666667,0.15128205128205124,0.4153846153846154,0.5666666666666667,0.15128205128205124,CROSS_YEAR_LOYO,0.4153846153846154,0.5666666666666667,0.4642857142857143,COMPLETION_FEASIBLE_UNDER_SCENARIO,REPORT_CENTRAL_PLUS_SENSITIVITY_ENVELOPE;NOT_CONFIDENCE_INTERVAL,False
229.0,0.5,229.5,LOW_BASELINE,45.0,WAIT_30MIN,1.0,0.0,0.3357142857142857,0.3357142857142857,0.7428571428571429,0.4071428571428571,0.2571428571428571,0.7919065900000019,-0.382000000000005,0.2270000000000038,4.694999999999993,NOT_ISSUED,957026d0fdecd88e4af9bada85c293064350365f4d7b62e86e59c3f8eb0231f7,0.33571428571428574,0.3240601503759398,0.35584415584415585,0.031784005468216026,0.3357142857142857,0.3230769230769231,0.3666666666666666,0.04358974358974349,0.3230769230769231,0.3666666666666666,0.04358974358974349,CROSS_YEAR_LOYO,0.3230769230769231,0.3666666666666666,0.3357142857142857,COMPLETION_FEASIBLE_UNDER_SCENARIO,REPORT_CENTRAL_PLUS_SENSITIVITY_ENVELOPE;NOT_CONFIDENCE_INTERVAL,False
229.0,1.0,230.0,LOW_BASELINE,45.0,WAIT_30MIN,1.0,0.0,0.25,0.25,0.7428571428571429,0.4928571428571429,0.2571428571428571,0.7919065900000019,-0.382000000000005,0.2270000000000038,4.694999999999993,NOT_ISSUED,957026d0fdecd88e4af9bada85c293064350365f4d7b62e86e59c3f8eb0231f7,0.25,0.23684210526315788,0.2727272727272727,0.035885167464114825,0.25,0.2,0.3333333333333333,0.1333333333333333,0.2,0.3333333333333333,0.1333333333333333,CROSS_YEAR_LOYO,0.2,0.3333333333333333,0.25,COMPLETION_FEASIBLE_UNDER_SCENARIO,REPORT_CENTRAL_PLUS_SENSITIVITY_ENVELOPE;NOT_CONFIDENCE_INTERVAL,False
229.0,0.1,229.1,LOW_BASELINE,45.0,WAIT_45MIN,0.0,1.0,0.5928571428571429,0.0,0.7428571428571429,0.15,0.2571428571428571,,,,,NOT_ISSUED,957026d0fdecd88e4af9bada85c293064350365f4d7b62e86e59c3f8eb0231f7,0.5928571428571429,0.5857142857142857,0.6051948051948052,0.01948051948051943,0.5928571428571429,0.5692307692307692,0.6666666666666667,0.09743589743589753,0.5692307692307692,0.6666666666666667,0.09743589743589753,CROSS_YEAR_LOYO,0.0,0.0,0.0,CUTOFF_BLOCKED,REPORT_CENTRAL_PLUS_SENSITIVITY_ENVELOPE;NOT_CONFIDENCE_INTERVAL,False
229.0,0.25,229.25,LOW_BASELINE,45.0,WAIT_45MIN,0.0,1.0,0.4642857142857143,0.0,0.7428571428571429,0.2785714285714286,0.2571428571428571,,,,,NOT_ISSUED,957026d0fdecd88e4af9bada85c293064350365f4d7b62e86e59c3f8eb0231f7,0.4642857142857143,0.4548872180451128,0.48051948051948046,0.025632262474367673,0.4642857142857143,0.4153846153846154,0.5666666666666667,0.15128205128205124,0.4153846153846154,0.5666666666666667,0.15128205128205124,CROSS_YEAR_LOYO,0.0,0.0,0.0,CUTOFF_BLOCKED,REPORT_CENTRAL_PLUS_SENSITIVITY_ENVELOPE;NOT_CONFIDENCE_INTERVAL,False
229.0,0.5,229.5,LOW_BASELINE,45.0,WAIT_45MIN,0.0,1.0,0.3357142857142857,0.0,0.7428571428571429,0.4071428571428571,0.2571428571428571,,,,,NOT_ISSUED,957026d0fdecd88e4af9bada85c293064350365f4d7b62e86e59c3f8eb0231f7,0.33571428571428574,0.3240601503759398,0.35584415584415585,0.031784005468216026,0.3357142857142857,0.3230769230769231,0.3666666666666666,0.04358974358974349,0.3230769230769231,0.3666666666666666,0.04358974358974349,CROSS_YEAR_LOYO,0.0,0.0,0.0,CUTOFF_BLOCKED,REPORT_CENTRAL_PLUS_SENSITIVITY_ENVELOPE;NOT_CONFIDENCE_INTERVAL,False
229.0,1.0,230.0,LOW_BASELINE,45.0,WAIT_45MIN,0.0,1.0,0.25,0.0,0.7428571428571429,0.4928571428571429,0.2571428571428571,,,,,NOT_ISSUED,957026d0fdecd88e4af9bada85c293064350365f4d7b62e86e59c3f8eb0231f7,0.25,0.23684210526315788,0.2727272727272727,0.035885167464114825,0.25,0.2,0.3333333333333333,0.1333333333333333,0.2,0.3333333333333333,0.1333333333333333,CROSS_YEAR_LOYO,0.0,0.0,0.0,CUTOFF_BLOCKED,REPORT_CENTRAL_PLUS_SENSITIVITY_ENVELOPE;NOT_CONFIDENCE_INTERVAL,False
229.0,0.1,229.1,LOW_BASELINE,60.0,WAIT_05MIN,1.0,0.0,0.5928571428571429,0.5928571428571429,0.7428571428571429,0.15,0.2571428571428571,0.7784324700000019,-0.382000000000005,0.2270000000000038,4.694999999999993,NOT_ISSUED,957026d0fdecd88e4af9bada85c293064350365f4d7b62e86e59c3f8eb0231f7,0.5928571428571429,0.5857142857142857,0.6051948051948052,0.01948051948051943,0.5928571428571429,0.5692307692307692,0.6666666666666667,0.09743589743589753,0.5692307692307692,0.6666666666666667,0.09743589743589753,CROSS_YEAR_LOYO,0.5692307692307692,0.6666666666666667,0.5928571428571429,COMPLETION_FEASIBLE_UNDER_SCENARIO,REPORT_CENTRAL_PLUS_SENSITIVITY_ENVELOPE;NOT_CONFIDENCE_INTERVAL,False
229.0,0.25,229.25,LOW_BASELINE,60.0,WAIT_05MIN,1.0,0.0,0.4642857142857143,0.4642857142857143,0.7428571428571429,0.2785714285714286,0.2571428571428571,0.7784324700000019,-0.382000000000005,0.2270000000000038,4.694999999999993,NOT_ISSUED,957026d0fdecd88e4af9bada85c293064350365f4d7b62e86e59c3f8eb0231f7,0.4642857142857143,0.4548872180451128,0.48051948051948046,0.025632262474367673,0.4642857142857143,0.4153846153846154,0.5666666666666667,0.15128205128205124,0.4153846153846154,0.5666666666666667,0.15128205128205124,CROSS_YEAR_LOYO,0.4153846153846154,0.5666666666666667,0.4642857142857143,COMPLETION_FEASIBLE_UNDER_SCENARIO,REPORT_CENTRAL_PLUS_SENSITIVITY_ENVELOPE;NOT_CONFIDENCE_INTERVAL,False
229.0,0.5,229.5,LOW_BASELINE,60.0,WAIT_05MIN,1.0,0.0,0.3357142857142857,0.3357142857142857,0.7428571428571429,0.4071428571428571,0.2571428571428571,0.7784324700000019,-0.382000000000005,0.2270000000000038,4.694999999999993,NOT_ISSUED,957026d0fdecd88e4af9bada85c293064350365f4d7b62e86e59c3f8eb0231f7,0.33571428571428574,0.3240601503759398,0.35584415584415585,0.031784005468216026,0.3357142857142857,0.3230769230769231,0.3666666666666666,0.04358974358974349,0.3230769230769231,0.3666666666666666,0.04358974358974349,CROSS_YEAR_LOYO,0.3230769230769231,0.3666666666666666,0.3357142857142857,COMPLETION_FEASIBLE_UNDER_SCENARIO,REPORT_CENTRAL_PLUS_SENSITIVITY_ENVELOPE;NOT_CONFIDENCE_INTERVAL,False
229.0,1.0,230.0,LOW_BASELINE,60.0,WAIT_05MIN,1.0,0.0,0.25,0.25,0.7428571428571429,0.4928571428571429,0.2571428571428571,0.7784324700000019,-0.382000000000005,0.2270000000000038,4.694999999999993,NOT_ISSUED,957026d0fdecd88e4af9bada85c293064350365f4d7b62e86e59c3f8eb0231f7,0.25,0.23684210526315788,0.2727272727272727,0.035885167464114825,0.25,0.2,0.3333333333333333,0.1333333333333333,0.2,0.3333333333333333,0.1333333333333333,CROSS_YEAR_LOYO,0.2,0.3333333333333333,0.25,COMPLETION_FEASIBLE_UNDER_SCENARIO,REPORT_CENTRAL_PLUS_SENSITIVITY_ENVELOPE;NOT_CONFIDENCE_INTERVAL,False
229.0,0.1,229.1,LOW_BASELINE,60.0,WAIT_15MIN,1.0,0.0,0.5928571428571429,0.5928571428571429,0.7428571428571429,0.15,0.2571428571428571,0.7946143200000018,-0.382000000000005,0.2270000000000038,4.694999999999993,NOT_ISSUED,957026d0fdecd88e4af9bada85c293064350365f4d7b62e86e59c3f8eb0231f7,0.5928571428571429,0.5857142857142857,0.6051948051948052,0.01948051948051943,0.5928571428571429,0.5692307692307692,0.6666666666666667,0.09743589743589753,0.5692307692307692,0.6666666666666667,0.09743589743589753,CROSS_YEAR_LOYO,0.5692307692307692,0.6666666666666667,0.5928571428571429,COMPLETION_FEASIBLE_UNDER_SCENARIO,REPORT_CENTRAL_PLUS_SENSITIVITY_ENVELOPE;NOT_CONFIDENCE_INTERVAL,False
229.0,0.25,229.25,LOW_BASELINE,60.0,WAIT_15MIN,1.0,0.0,0.4642857142857143,0.4642857142857143,0.7428571428571429,0.2785714285714286,0.2571428571428571,0.7946143200000018,-0.382000000000005,0.2270000000000038,4.694999999999993,NOT_ISSUED,957026d0fdecd88e4af9bada85c293064350365f4d7b62e86e59c3f8eb0231f7,0.4642857142857143,0.4548872180451128,0.48051948051948046,0.025632262474367673,0.4642857142857143,0.4153846153846154,0.5666666666666667,0.15128205128205124,0.4153846153846154,0.5666666666666667,0.15128205128205124,CROSS_YEAR_LOYO,0.4153846153846154,0.5666666666666667,0.4642857142857143,COMPLETION_FEASIBLE_UNDER_SCENARIO,REPORT_CENTRAL_PLUS_SENSITIVITY_ENVELOPE;NOT_CONFIDENCE_INTERVAL,False
229.0,0.5,229.5,LOW_BASELINE,60.0,WAIT_15MIN,1.0,0.0,0.3357142857142857,0.3357142857142857,0.7428571428571429,0.4071428571428571,0.2571428571428571,0.7946143200000018,-0.382000000000005,0.2270000000000038,4.694999999999993,NOT_ISSUED,957026d0fdecd88e4af9bada85c293064350365f4d7b62e86e59c3f8eb0231f7,0.33571428571428574,0.3240601503759398,0.35584415584415585,0.031784005468216026,0.3357142857142857,0.3230769230769231,0.3666666666666666,0.04358974358974349,0.3230769230769231,0.3666666666666666,0.04358974358974349,CROSS_YEAR_LOYO,0.3230769230769231,0.3666666666666666,0.3357142857142857,COMPLETION_FEASIBLE_UNDER_SCENARIO,REPORT_CENTRAL_PLUS_SENSITIVITY_ENVELOPE;NOT_CONFIDENCE_INTERVAL,False
229.0,1.0,230.0,LOW_BASELINE,60.0,WAIT_15MIN,1.0,0.0,0.25,0.25,0.7428571428571429,0.4928571428571429,0.2571428571428571,0.7946143200000018,-0.382000000000005,0.2270000000000038,4.694999999999993,NOT_ISSUED,957026d0fdecd88e4af9bada85c293064350365f4d7b62e86e59c3f8eb0231f7,0.25,0.23684210526315788,0.2727272727272727,0.035885167464114825,0.25,0.2,0.3333333333333333,0.1333333333333333,0.2,0.3333333333333333,0.1333333333333333,CROSS_YEAR_LOYO,0.2,0.3333333333333333,0.25,COMPLETION_FEASIBLE_UNDER_SCENARIO,REPORT_CENTRAL_PLUS_SENSITIVITY_ENVELOPE;NOT_CONFIDENCE_INTERVAL,False
229.0,0.1,229.1,LOW_BASELINE,60.0,WAIT_30MIN,1.0,0.0,0.5928571428571429,0.5928571428571429,0.7428571428571429,0.15,0.2571428571428571,0.793513210000002,-0.382000000000005,0.2270000000000038,4.694999999999993,NOT_ISSUED,957026d0fdecd88e4af9bada85c293064350365f4d7b62e86e59c3f8eb0231f7,0.5928571428571429,0.5857142857142857,0.6051948051948052,0.01948051948051943,0.5928571428571429,0.5692307692307692,0.6666666666666667,0.09743589743589753,0.5692307692307692,0.6666666666666667,0.09743589743589753,CROSS_YEAR_LOYO,0.5692307692307692,0.6666666666666667,0.5928571428571429,COMPLETION_FEASIBLE_UNDER_SCENARIO,REPORT_CENTRAL_PLUS_SENSITIVITY_ENVELOPE;NOT_CONFIDENCE_INTERVAL,False
229.0,0.25,229.25,LOW_BASELINE,60.0,WAIT_30MIN,1.0,0.0,0.4642857142857143,0.4642857142857143,0.7428571428571429,0.2785714285714286,0.2571428571428571,0.793513210000002,-0.382000000000005,0.2270000000000038,4.694999999999993,NOT_ISSUED,957026d0fdecd88e4af9bada85c293064350365f4d7b62e86e59c3f8eb0231f7,0.4642857142857143,0.4548872180451128,0.48051948051948046,0.025632262474367673,0.4642857142857143,0.4153846153846154,0.5666666666666667,0.15128205128205124,0.4153846153846154,0.5666666666666667,0.15128205128205124,CROSS_YEAR_LOYO,0.4153846153846154,0.5666666666666667,0.4642857142857143,COMPLETION_FEASIBLE_UNDER_SCENARIO,REPORT_CENTRAL_PLUS_SENSITIVITY_ENVELOPE;NOT_CONFIDENCE_INTERVAL,False
229.0,0.5,229.5,LOW_BASELINE,60.0,WAIT_30MIN,1.0,0.0,0.3357142857142857,0.3357142857142857,0.7428571428571429,0.4071428571428571,0.2571428571428571,0.793513210000002,-0.382000000000005,0.2270000000000038,4.694999999999993,NOT_ISSUED,957026d0fdecd88e4af9bada85c293064350365f4d7b62e86e59c3f8eb0231f7,0.33571428571428574,0.3240601503759398,0.35584415584415585,0.031784005468216026,0.3357142857142857,0.3230769230769231,0.3666666666666666,0.04358974358974349,0.3230769230769231,0.3666666666666666,0.04358974358974349,CROSS_YEAR_LOYO,0.3230769230769231,0.3666666666666666,0.3357142857142857,COMPLETION_FEASIBLE_UNDER_SCENARIO,REPORT_CENTRAL_PLUS_SENSITIVITY_ENVELOPE;NOT_CONFIDENCE_INTERVAL,False
229.0,1.0,230.0,LOW_BASELINE,60.0,WAIT_30MIN,1.0,0.0,0.25,0.25,0.7428571428571429,0.4928571428571429,0.2571428571428571,0.793513210000002,-0.382000000000005,0.2270000000000038,4.694999999999993,NOT_ISSUED,957026d0fdecd88e4af9bada85c293064350365f4d7b62e86e59c3f8eb0231f7,0.25,0.23684210526315788,0.2727272727272727,0.035885167464114825,0.25,0.2,0.3333333333333333,0.1333333333333333,0.2,0.3333333333333333,0.1333333333333333,CROSS_YEAR_LOYO,0.2,0.3333333333333333,0.25,COMPLETION_FEASIBLE_UNDER_SCENARIO,REPORT_CENTRAL_PLUS_SENSITIVITY_ENVELOPE;NOT_CONFIDENCE_INTERVAL,False
229.0,0.1,229.1,LOW_BASELINE,60.0,WAIT_45MIN,1.0,0.0,0.5928571428571429,0.5928571428571429,0.7428571428571429,0.15,0.2571428571428571,0.7864352700000018,-0.382000000000005,0.2270000000000038,4.694999999999993,NOT_ISSUED,957026d0fdecd88e4af9bada85c293064350365f4d7b62e86e59c3f8eb0231f7,0.5928571428571429,0.5857142857142857,0.6051948051948052,0.01948051948051943,0.5928571428571429,0.5692307692307692,0.6666666666666667,0.09743589743589753,0.5692307692307692,0.6666666666666667,0.09743589743589753,CROSS_YEAR_LOYO,0.5692307692307692,0.6666666666666667,0.5928571428571429,COMPLETION_FEASIBLE_UNDER_SCENARIO,REPORT_CENTRAL_PLUS_SENSITIVITY_ENVELOPE;NOT_CONFIDENCE_INTERVAL,False
229.0,0.25,229.25,LOW_BASELINE,60.0,WAIT_45MIN,1.0,0.0,0.4642857142857143,0.4642857142857143,0.7428571428571429,0.2785714285714286,0.2571428571428571,0.7864352700000018,-0.382000000000005,0.2270000000000038,4.694999999999993,NOT_ISSUED,957026d0fdecd88e4af9bada85c293064350365f4d7b62e86e59c3f8eb0231f7,0.4642857142857143,0.4548872180451128,0.48051948051948046,0.025632262474367673,0.4642857142857143,0.4153846153846154,0.5666666666666667,0.15128205128205124,0.4153846153846154,0.5666666666666667,0.15128205128205124,CROSS_YEAR_LOYO,0.4153846153846154,0.5666666666666667,0.4642857142857143,COMPLETION_FEASIBLE_UNDER_SCENARIO,REPORT_CENTRAL_PLUS_SENSITIVITY_ENVELOPE;NOT_CONFIDENCE_INTERVAL,False
229.0,0.5,229.5,LOW_BASELINE,60.0,WAIT_45MIN,1.0,0.0,0.3357142857142857,0.3357142857142857,0.7428571428571429,0.4071428571428571,0.2571428571428571,0.7864352700000018,-0.382000000000005,0.2270000000000038,4.694999999999993,NOT_ISSUED,957026d0fdecd88e4af9bada85c293064350365f4d7b62e86e59c3f8eb0231f7,0.33571428571428574,0.3240601503759398,0.35584415584415585,0.031784005468216026,0.3357142857142857,0.3230769230769231,0.3666666666666666,0.04358974358974349,0.3230769230769231,0.3666666666666666,0.04358974358974349,CROSS_YEAR_LOYO,0.3230769230769231,0.3666666666666666,0.3357142857142857,COMPLETION_FEASIBLE_UNDER_SCENARIO,REPORT_CENTRAL_PLUS_SENSITIVITY_ENVELOPE;NOT_CONFIDENCE_INTERVAL,False
229.0,1.0,230.0,LOW_BASELINE,60.0,WAIT_45MIN,1.0,0.0,0.25,0.25,0.7428571428571429,0.4928571428571429,0.2571428571428571,0.7864352700000018,-0.382000000000005,0.2270000000000038,4.694999999999993,NOT_ISSUED,957026d0fdecd88e4af9bada85c293064350365f4d7b62e86e59c3f8eb0231f7,0.25,0.23684210526315788,0.2727272727272727,0.035885167464114825,0.25,0.2,0.3333333333333333,0.1333333333333333,0.2,0.3333333333333333,0.1333333333333333,CROSS_YEAR_LOYO,0.2,0.3333333333333333,0.25,COMPLETION_FEASIBLE_UNDER_SCENARIO,REPORT_CENTRAL_PLUS_SENSITIVITY_ENVELOPE;NOT_CONFIDENCE_INTERVAL,False
229.0,0.1,229.1,AT_OR_ABOVE_BASELINE_MEDIAN,10.0,WAIT_05MIN,1.0,0.0,0.4807453416149068,0.4807453416149068,0.6720496894409937,0.1913043478260869,0.3279503105590062,0.2108818300000027,-0.9269999999999924,0.093999999999994,0.7980000000000018,NOT_ISSUED,957026d0fdecd88e4af9bada85c293064350365f4d7b62e86e59c3f8eb0231f7,0.4807453416149068,0.46948051948051944,0.5005714285714286,0.031090909090909113,0.4807453416149068,0.453125,0.5333333333333333,0.08020833333333333,0.453125,0.5333333333333333,0.08020833333333333,CROSS_YEAR_LOYO,0.453125,0.5333333333333333,0.4807453416149068,COMPLETION_FEASIBLE_UNDER_SCENARIO,REPORT_CENTRAL_PLUS_SENSITIVITY_ENVELOPE;NOT_CONFIDENCE_INTERVAL,False
229.0,0.25,229.25,AT_OR_ABOVE_BASELINE_MEDIAN,10.0,WAIT_05MIN,1.0,0.0,0.3167701863354037,0.3167701863354037,0.6720496894409937,0.35527950310559,0.3279503105590062,0.2108818300000027,-0.9269999999999924,0.093999999999994,0.7980000000000018,NOT_ISSUED,957026d0fdecd88e4af9bada85c293064350365f4d7b62e86e59c3f8eb0231f7,0.31677018633540377,0.3019480519480519,0.34285714285714286,0.04090909090909095,0.3167701863354037,0.296875,0.3933333333333333,0.09645833333333331,0.296875,0.3933333333333333,0.09645833333333331,CROSS_YEAR_LOYO,0.296875,0.3933333333333333,0.3167701863354037,COMPLETION_FEASIBLE_UNDER_SCENARIO,REPORT_CENTRAL_PLUS_SENSITIVITY_ENVELOPE;NOT_CONFIDENCE_INTERVAL,False
229.0,0.5,229.5,AT_OR_ABOVE_BASELINE_MEDIAN,10.0,WAIT_05MIN,1.0,0.0,0.1527950310559006,0.1527950310559006,0.6720496894409937,0.5192546583850932,0.3279503105590062,0.2108818300000027,-0.9269999999999924,0.093999999999994,0.7980000000000018,NOT_ISSUED,957026d0fdecd88e4af9bada85c293064350365f4d7b62e86e59c3f8eb0231f7,0.15279503105590062,0.1344155844155844,0.18514285714285716,0.05072727272727276,0.1527950310559006,0.1133333333333333,0.2036199095022624,0.09028657616892909,0.1133333333333333,0.2036199095022624,0.09028657616892909,CROSS_YEAR_LOYO,0.1133333333333333,0.2036199095022624,0.1527950310559006,COMPLETION_FEASIBLE_UNDER_SCENARIO,REPORT_CENTRAL_PLUS_SENSITIVITY_ENVELOPE;NOT_CONFIDENCE_INTERVAL,False
229.0,1.0,230.0,AT_OR_ABOVE_BASELINE_MEDIAN,10.0,WAIT_05MIN,1.0,0.0,0.0434782608695652,0.0434782608695652,0.6720496894409937,0.6285714285714286,0.3279503105590062,0.2108818300000027,-0.9269999999999924,0.093999999999994,0.7980000000000018,NOT_ISSUED,957026d0fdecd88e4af9bada85c293064350365f4d7b62e86e59c3f8eb0231f7,0.043478260869565216,0.022727272727272728,0.08,0.057272727272727274,0.0434782608695652,0.0588235294117647,0.0666666666666666,0.007843137254901898,0.022727272727272728,0.08,0.057272727272727274,RECOVERY_PRIOR,0.022727272727272728,0.08,0.0434782608695652,COMPLETION_FEASIBLE_UNDER_SCENARIO,REPORT_CENTRAL_PLUS_SENSITIVITY_ENVELOPE;NOT_CONFIDENCE_INTERVAL,False
229.0,0.1,229.1,AT_OR_ABOVE_BASELINE_MEDIAN,10.0,WAIT_15MIN,0.0,1.0,0.4807453416149068,0.0,0.6720496894409937,0.1913043478260869,0.3279503105590062,,,,,NOT_ISSUED,957026d0fdecd88e4af9bada85c293064350365f4d7b62e86e59c3f8eb0231f7,0.4807453416149068,0.46948051948051944,0.5005714285714286,0.031090909090909113,0.4807453416149068,0.453125,0.5333333333333333,0.08020833333333333,0.453125,0.5333333333333333,0.08020833333333333,CROSS_YEAR_LOYO,0.0,0.0,0.0,CUTOFF_BLOCKED,REPORT_CENTRAL_PLUS_SENSITIVITY_ENVELOPE;NOT_CONFIDENCE_INTERVAL,False
229.0,0.25,229.25,AT_OR_ABOVE_BASELINE_MEDIAN,10.0,WAIT_15MIN,0.0,1.0,0.3167701863354037,0.0,0.6720496894409937,0.35527950310559,0.3279503105590062,,,,,NOT_ISSUED,957026d0fdecd88e4af9bada85c293064350365f4d7b62e86e59c3f8eb0231f7,0.31677018633540377,0.3019480519480519,0.34285714285714286,0.04090909090909095,0.3167701863354037,0.296875,0.3933333333333333,0.09645833333333331,0.296875,0.3933333333333333,0.09645833333333331,CROSS_YEAR_LOYO,0.0,0.0,0.0,CUTOFF_BLOCKED,REPORT_CENTRAL_PLUS_SENSITIVITY_ENVELOPE;NOT_CONFIDENCE_INTERVAL,False
229.0,0.5,229.5,AT_OR_ABOVE_BASELINE_MEDIAN,10.0,WAIT_15MIN,0.0,1.0,0.1527950310559006,0.0,0.6720496894409937,0.5192546583850932,0.3279503105590062,,,,,NOT_ISSUED,957026d0fdecd88e4af9bada85c293064350365f4d7b62e86e59c3f8eb0231f7,0.15279503105590062,0.1344155844155844,0.18514285714285716,0.05072727272727276,0.1527950310559006,0.1133333333333333,0.2036199095022624,0.09028657616892909,0.1133333333333333,0.2036199095022624,0.09028657616892909,CROSS_YEAR_LOYO,0.0,0.0,0.0,CUTOFF_BLOCKED,REPORT_CENTRAL_PLUS_SENSITIVITY_ENVELOPE;NOT_CONFIDENCE_INTERVAL,False
229.0,1.0,230.0,AT_OR_ABOVE_BASELINE_MEDIAN,10.0,WAIT_15MIN,0.0,1.0,0.0434782608695652,0.0,0.6720496894409937,0.6285714285714286,0.3279503105590062,,,,,NOT_ISSUED,957026d0fdecd88e4af9bada85c293064350365f4d7b62e86e59c3f8eb0231f7,0.043478260869565216,0.022727272727272728,0.08,0.057272727272727274,0.0434782608695652,0.0588235294117647,0.0666666666666666,0.007843137254901898,0.022727272727272728,0.08,0.057272727272727274,RECOVERY_PRIOR,0.0,0.0,0.0,CUTOFF_BLOCKED,REPORT_CENTRAL_PLUS_SENSITIVITY_ENVELOPE;NOT_CONFIDENCE_INTERVAL,False
229.0,0.1,229.1,AT_OR_ABOVE_BASELINE_MEDIAN,10.0,WAIT_30MIN,0.0,1.0,0.4807453416149068,0.0,0.6720496894409937,0.1913043478260869,0.3279503105590062,,,,,NOT_ISSUED,957026d0fdecd88e4af9bada85c293064350365f4d7b62e86e59c3f8eb0231f7,0.4807453416149068,0.46948051948051944,0.5005714285714286,0.031090909090909113,0.4807453416149068,0.453125,0.5333333333333333,0.08020833333333333,0.453125,0.5333333333333333,0.08020833333333333,CROSS_YEAR_LOYO,0.0,0.0,0.0,CUTOFF_BLOCKED,REPORT_CENTRAL_PLUS_SENSITIVITY_ENVELOPE;NOT_CONFIDENCE_INTERVAL,False
229.0,0.25,229.25,AT_OR_ABOVE_BASELINE_MEDIAN,10.0,WAIT_30MIN,0.0,1.0,0.3167701863354037,0.0,0.6720496894409937,0.35527950310559,0.3279503105590062,,,,,NOT_ISSUED,957026d0fdecd88e4af9bada85c293064350365f4d7b62e86e59c3f8eb0231f7,0.31677018633540377,0.3019480519480519,0.34285714285714286,0.04090909090909095,0.3167701863354037,0.296875,0.3933333333333333,0.09645833333333331,0.296875,0.3933333333333333,0.09645833333333331,CROSS_YEAR_LOYO,0.0,0.0,0.0,CUTOFF_BLOCKED,REPORT_CENTRAL_PLUS_SENSITIVITY_ENVELOPE;NOT_CONFIDENCE_INTERVAL,False
229.0,0.5,229.5,AT_OR_ABOVE_BASELINE_MEDIAN,10.0,WAIT_30MIN,0.0,1.0,0.1527950310559006,0.0,0.6720496894409937,0.5192546583850932,0.3279503105590062,,,,,NOT_ISSUED,957026d0fdecd88e4af9bada85c293064350365f4d7b62e86e59c3f8eb0231f7,0.15279503105590062,0.1344155844155844,0.18514285714285716,0.05072727272727276,0.1527950310559006,0.1133333333333333,0.2036199095022624,0.09028657616892909,0.1133333333333333,0.2036199095022624,0.09028657616892909,CROSS_YEAR_LOYO,0.0,0.0,0.0,CUTOFF_BLOCKED,REPORT_CENTRAL_PLUS_SENSITIVITY_ENVELOPE;NOT_CONFIDENCE_INTERVAL,False
229.0,1.0,230.0,AT_OR_ABOVE_BASELINE_MEDIAN,10.0,WAIT_30MIN,0.0,1.0,0.0434782608695652,0.0,0.6720496894409937,0.6285714285714286,0.3279503105590062,,,,,NOT_ISSUED,957026d0fdecd88e4af9bada85c293064350365f4d7b62e86e59c3f8eb0231f7,0.043478260869565216,0.022727272727272728,0.08,0.057272727272727274,0.0434782608695652,0.0588235294117647,0.0666666666666666,0.007843137254901898,0.022727272727272728,0.08,0.057272727272727274,RECOVERY_PRIOR,0.0,0.0,0.0,CUTOFF_BLOCKED,REPORT_CENTRAL_PLUS_SENSITIVITY_ENVELOPE;NOT_CONFIDENCE_INTERVAL,False
229.0,0.1,229.1,AT_OR_ABOVE_BASELINE_MEDIAN,10.0,WAIT_45MIN,0.0,1.0,0.4807453416149068,0.0,0.6720496894409937,0.1913043478260869,0.3279503105590062,,,,,NOT_ISSUED,957026d0fdecd88e4af9bada85c293064350365f4d7b62e86e59c3f8eb0231f7,0.4807453416149068,0.46948051948051944,0.5005714285714286,0.031090909090909113,0.4807453416149068,0.453125,0.5333333333333333,0.08020833333333333,0.453125,0.5333333333333333,0.08020833333333333,CROSS_YEAR_LOYO,0.0,0.0,0.0,CUTOFF_BLOCKED,REPORT_CENTRAL_PLUS_SENSITIVITY_ENVELOPE;NOT_CONFIDENCE_INTERVAL,False
229.0,0.25,229.25,AT_OR_ABOVE_BASELINE_MEDIAN,10.0,WAIT_45MIN,0.0,1.0,0.3167701863354037,0.0,0.6720496894409937,0.35527950310559,0.3279503105590062,,,,,NOT_ISSUED,957026d0fdecd88e4af9bada85c293064350365f4d7b62e86e59c3f8eb0231f7,0.31677018633540377,0.3019480519480519,0.34285714285714286,0.04090909090909095,0.3167701863354037,0.296875,0.3933333333333333,0.09645833333333331,0.296875,0.3933333333333333,0.09645833333333331,CROSS_YEAR_LOYO,0.0,0.0,0.0,CUTOFF_BLOCKED,REPORT_CENTRAL_PLUS_SENSITIVITY_ENVELOPE;NOT_CONFIDENCE_INTERVAL,False
229.0,0.5,229.5,AT_OR_ABOVE_BASELINE_MEDIAN,10.0,WAIT_45MIN,0.0,1.0,0.1527950310559006,0.0,0.6720496894409937,0.5192546583850932,0.3279503105590062,,,,,NOT_ISSUED,957026d0fdecd88e4af9bada85c293064350365f4d7b62e86e59c3f8eb0231f7,0.15279503105590062,0.1344155844155844,0.18514285714285716,0.05072727272727276,0.1527950310559006,0.1133333333333333,0.2036199095022624,0.09028657616892909,0.1133333333333333,0.2036199095022624,0.09028657616892909,CROSS_YEAR_LOYO,0.0,0.0,0.0,CUTOFF_BLOCKED,REPORT_CENTRAL_PLUS_SENSITIVITY_ENVELOPE;NOT_CONFIDENCE_INTERVAL,False
229.0,1.0,230.0,AT_OR_ABOVE_BASELINE_MEDIAN,10.0,WAIT_45MIN,0.0,1.0,0.0434782608695652,0.0,0.6720496894409937,0.6285714285714286,0.3279503105590062,,,,,NOT_ISSUED,957026d0fdecd88e4af9bada85c293064350365f4d7b62e86e59c3f8eb0231f7,0.043478260869565216,0.022727272727272728,0.08,0.057272727272727274,0.0434782608695652,0.0588235294117647,0.0666666666666666,0.007843137254901898,0.022727272727272728,0.08,0.057272727272727274,RECOVERY_PRIOR,0.0,0.0,0.0,CUTOFF_BLOCKED,REPORT_CENTRAL_PLUS_SENSITIVITY_ENVELOPE;NOT_CONFIDENCE_INTERVAL,False
229.0,0.1,229.1,AT_OR_ABOVE_BASELINE_MEDIAN,20.0,WAIT_05MIN,1.0,0.0,0.4807453416149068,0.4807453416149068,0.6720496894409937,0.1913043478260869,0.3279503105590062,0.2048404500000027,-0.9269999999999924,0.093999999999994,0.7980000000000018,NOT_ISSUED,957026d0fdecd88e4af9bada85c293064350365f4d7b62e86e59c3f8eb0231f7,0.4807453416149068,0.46948051948051944,0.5005714285714286,0.031090909090909113,0.4807453416149068,0.453125,0.5333333333333333,0.08020833333333333,0.453125,0.5333333333333333,0.08020833333333333,CROSS_YEAR_LOYO,0.453125,0.5333333333333333,0.4807453416149068,COMPLETION_FEASIBLE_UNDER_SCENARIO,REPORT_CENTRAL_PLUS_SENSITIVITY_ENVELOPE;NOT_CONFIDENCE_INTERVAL,False
229.0,0.25,229.25,AT_OR_ABOVE_BASELINE_MEDIAN,20.0,WAIT_05MIN,1.0,0.0,0.3167701863354037,0.3167701863354037,0.6720496894409937,0.35527950310559,0.3279503105590062,0.2048404500000027,-0.9269999999999924,0.093999999999994,0.7980000000000018,NOT_ISSUED,957026d0fdecd88e4af9bada85c293064350365f4d7b62e86e59c3f8eb0231f7,0.31677018633540377,0.3019480519480519,0.34285714285714286,0.04090909090909095,0.3167701863354037,0.296875,0.3933333333333333,0.09645833333333331,0.296875,0.3933333333333333,0.09645833333333331,CROSS_YEAR_LOYO,0.296875,0.3933333333333333,0.3167701863354037,COMPLETION_FEASIBLE_UNDER_SCENARIO,REPORT_CENTRAL_PLUS_SENSITIVITY_ENVELOPE;NOT_CONFIDENCE_INTERVAL,False
229.0,0.5,229.5,AT_OR_ABOVE_BASELINE_MEDIAN,20.0,WAIT_05MIN,1.0,0.0,0.1527950310559006,0.1527950310559006,0.6720496894409937,0.5192546583850932,0.3279503105590062,0.2048404500000027,-0.9269999999999924,0.093999999999994,0.7980000000000018,NOT_ISSUED,957026d0fdecd88e4af9bada85c293064350365f4d7b62e86e59c3f8eb0231f7,0.15279503105590062,0.1344155844155844,0.18514285714285716,0.05072727272727276,0.1527950310559006,0.1133333333333333,0.2036199095022624,0.09028657616892909,0.1133333333333333,0.2036199095022624,0.09028657616892909,CROSS_YEAR_LOYO,0.1133333333333333,0.2036199095022624,0.1527950310559006,COMPLETION_FEASIBLE_UNDER_SCENARIO,REPORT_CENTRAL_PLUS_SENSITIVITY_ENVELOPE;NOT_CONFIDENCE_INTERVAL,False
229.0,1.0,230.0,AT_OR_ABOVE_BASELINE_MEDIAN,20.0,WAIT_05MIN,1.0,0.0,0.0434782608695652,0.0434782608695652,0.6720496894409937,0.6285714285714286,0.3279503105590062,0.2048404500000027,-0.9269999999999924,0.093999999999994,0.7980000000000018,NOT_ISSUED,957026d0fdecd88e4af9bada85c293064350365f4d7b62e86e59c3f8eb0231f7,0.043478260869565216,0.022727272727272728,0.08,0.057272727272727274,0.0434782608695652,0.0588235294117647,0.0666666666666666,0.007843137254901898,0.022727272727272728,0.08,0.057272727272727274,RECOVERY_PRIOR,0.022727272727272728,0.08,0.0434782608695652,COMPLETION_FEASIBLE_UNDER_SCENARIO,REPORT_CENTRAL_PLUS_SENSITIVITY_ENVELOPE;NOT_CONFIDENCE_INTERVAL,False
229.0,0.1,229.1,AT_OR_ABOVE_BASELINE_MEDIAN,20.0,WAIT_15MIN,1.0,0.0,0.4807453416149068,0.4807453416149068,0.6720496894409937,0.1913043478260869,0.3279503105590062,0.2074229000000027,-0.9269999999999924,0.093999999999994,0.7980000000000018,NOT_ISSUED,957026d0fdecd88e4af9bada85c293064350365f4d7b62e86e59c3f8eb0231f7,0.4807453416149068,0.46948051948051944,0.5005714285714286,0.031090909090909113,0.4807453416149068,0.453125,0.5333333333333333,0.08020833333333333,0.453125,0.5333333333333333,0.08020833333333333,CROSS_YEAR_LOYO,0.453125,0.5333333333333333,0.4807453416149068,COMPLETION_FEASIBLE_UNDER_SCENARIO,REPORT_CENTRAL_PLUS_SENSITIVITY_ENVELOPE;NOT_CONFIDENCE_INTERVAL,False
229.0,0.25,229.25,AT_OR_ABOVE_BASELINE_MEDIAN,20.0,WAIT_15MIN,1.0,0.0,0.3167701863354037,0.3167701863354037,0.6720496894409937,0.35527950310559,0.3279503105590062,0.2074229000000027,-0.9269999999999924,0.093999999999994,0.7980000000000018,NOT_ISSUED,957026d0fdecd88e4af9bada85c293064350365f4d7b62e86e59c3f8eb0231f7,0.31677018633540377,0.3019480519480519,0.34285714285714286,0.04090909090909095,0.3167701863354037,0.296875,0.3933333333333333,0.09645833333333331,0.296875,0.3933333333333333,0.09645833333333331,CROSS_YEAR_LOYO,0.296875,0.3933333333333333,0.3167701863354037,COMPLETION_FEASIBLE_UNDER_SCENARIO,REPORT_CENTRAL_PLUS_SENSITIVITY_ENVELOPE;NOT_CONFIDENCE_INTERVAL,False
229.0,0.5,229.5,AT_OR_ABOVE_BASELINE_MEDIAN,20.0,WAIT_15MIN,1.0,0.0,0.1527950310559006,0.1527950310559006,0.6720496894409937,0.5192546583850932,0.3279503105590062,0.2074229000000027,-0.9269999999999924,0.093999999999994,0.7980000000000018,NOT_ISSUED,957026d0fdecd88e4af9bada85c293064350365f4d7b62e86e59c3f8eb0231f7,0.15279503105590062,0.1344155844155844,0.18514285714285716,0.05072727272727276,0.1527950310559006,0.1133333333333333,0.2036199095022624,0.09028657616892909,0.1133333333333333,0.2036199095022624,0.09028657616892909,CROSS_YEAR_LOYO,0.1133333333333333,0.2036199095022624,0.1527950310559006,COMPLETION_FEASIBLE_UNDER_SCENARIO,REPORT_CENTRAL_PLUS_SENSITIVITY_ENVELOPE;NOT_CONFIDENCE_INTERVAL,False
229.0,1.0,230.0,AT_OR_ABOVE_BASELINE_MEDIAN,20.0,WAIT_15MIN,1.0,0.0,0.0434782608695652,0.0434782608695652,0.6720496894409937,0.6285714285714286,0.3279503105590062,0.2074229000000027,-0.9269999999999924,0.093999999999994,0.7980000000000018,NOT_ISSUED,957026d0fdecd88e4af9bada85c293064350365f4d7b62e86e59c3f8eb0231f7,0.043478260869565216,0.022727272727272728,0.08,0.057272727272727274,0.0434782608695652,0.0588235294117647,0.0666666666666666,0.007843137254901898,0.022727272727272728,0.08,0.057272727272727274,RECOVERY_PRIOR,0.022727272727272728,0.08,0.0434782608695652,COMPLETION_FEASIBLE_UNDER_SCENARIO,REPORT_CENTRAL_PLUS_SENSITIVITY_ENVELOPE;NOT_CONFIDENCE_INTERVAL,False
229.0,0.1,229.1,AT_OR_ABOVE_BASELINE_MEDIAN,20.0,WAIT_30MIN,0.0,1.0,0.4807453416149068,0.0,0.6720496894409937,0.1913043478260869,0.3279503105590062,,,,,NOT_ISSUED,957026d0fdecd88e4af9bada85c293064350365f4d7b62e86e59c3f8eb0231f7,0.4807453416149068,0.46948051948051944,0.5005714285714286,0.031090909090909113,0.4807453416149068,0.453125,0.5333333333333333,0.08020833333333333,0.453125,0.5333333333333333,0.08020833333333333,CROSS_YEAR_LOYO,0.0,0.0,0.0,CUTOFF_BLOCKED,REPORT_CENTRAL_PLUS_SENSITIVITY_ENVELOPE;NOT_CONFIDENCE_INTERVAL,False
229.0,0.25,229.25,AT_OR_ABOVE_BASELINE_MEDIAN,20.0,WAIT_30MIN,0.0,1.0,0.3167701863354037,0.0,0.6720496894409937,0.35527950310559,0.3279503105590062,,,,,NOT_ISSUED,957026d0fdecd88e4af9bada85c293064350365f4d7b62e86e59c3f8eb0231f7,0.31677018633540377,0.3019480519480519,0.34285714285714286,0.04090909090909095,0.3167701863354037,0.296875,0.3933333333333333,0.09645833333333331,0.296875,0.3933333333333333,0.09645833333333331,CROSS_YEAR_LOYO,0.0,0.0,0.0,CUTOFF_BLOCKED,REPORT_CENTRAL_PLUS_SENSITIVITY_ENVELOPE;NOT_CONFIDENCE_INTERVAL,False
229.0,0.5,229.5,AT_OR_ABOVE_BASELINE_MEDIAN,20.0,WAIT_30MIN,0.0,1.0,0.1527950310559006,0.0,0.6720496894409937,0.5192546583850932,0.3279503105590062,,,,,NOT_ISSUED,957026d0fdecd88e4af9bada85c293064350365f4d7b62e86e59c3f8eb0231f7,0.15279503105590062,0.1344155844155844,0.18514285714285716,0.05072727272727276,0.1527950310559006,0.1133333333333333,0.2036199095022624,0.09028657616892909,0.1133333333333333,0.2036199095022624,0.09028657616892909,CROSS_YEAR_LOYO,0.0,0.0,0.0,CUTOFF_BLOCKED,REPORT_CENTRAL_PLUS_SENSITIVITY_ENVELOPE;NOT_CONFIDENCE_INTERVAL,False
229.0,1.0,230.0,AT_OR_ABOVE_BASELINE_MEDIAN,20.0,WAIT_30MIN,0.0,1.0,0.0434782608695652,0.0,0.6720496894409937,0.6285714285714286,0.3279503105590062,,,,,NOT_ISSUED,957026d0fdecd88e4af9bada85c293064350365f4d7b62e86e59c3f8eb0231f7,0.043478260869565216,0.022727272727272728,0.08,0.057272727272727274,0.0434782608695652,0.0588235294117647,0.0666666666666666,0.007843137254901898,0.022727272727272728,0.08,0.057272727272727274,RECOVERY_PRIOR,0.0,0.0,0.0,CUTOFF_BLOCKED,REPORT_CENTRAL_PLUS_SENSITIVITY_ENVELOPE;NOT_CONFIDENCE_INTERVAL,False
229.0,0.1,229.1,AT_OR_ABOVE_BASELINE_MEDIAN,20.0,WAIT_45MIN,0.0,1.0,0.4807453416149068,0.0,0.6720496894409937,0.1913043478260869,0.3279503105590062,,,,,NOT_ISSUED,957026d0fdecd88e4af9bada85c293064350365f4d7b62e86e59c3f8eb0231f7,0.4807453416149068,0.46948051948051944,0.5005714285714286,0.031090909090909113,0.4807453416149068,0.453125,0.5333333333333333,0.08020833333333333,0.453125,0.5333333333333333,0.08020833333333333,CROSS_YEAR_LOYO,0.0,0.0,0.0,CUTOFF_BLOCKED,REPORT_CENTRAL_PLUS_SENSITIVITY_ENVELOPE;NOT_CONFIDENCE_INTERVAL,False
229.0,0.25,229.25,AT_OR_ABOVE_BASELINE_MEDIAN,20.0,WAIT_45MIN,0.0,1.0,0.3167701863354037,0.0,0.6720496894409937,0.35527950310559,0.3279503105590062,,,,,NOT_ISSUED,957026d0fdecd88e4af9bada85c293064350365f4d7b62e86e59c3f8eb0231f7,0.31677018633540377,0.3019480519480519,0.34285714285714286,0.04090909090909095,0.3167701863354037,0.296875,0.3933333333333333,0.09645833333333331,0.296875,0.3933333333333333,0.09645833333333331,CROSS_YEAR_LOYO,0.0,0.0,0.0,CUTOFF_BLOCKED,REPORT_CENTRAL_PLUS_SENSITIVITY_ENVELOPE;NOT_CONFIDENCE_INTERVAL,False
229.0,0.5,229.5,AT_OR_ABOVE_BASELINE_MEDIAN,20.0,WAIT_45MIN,0.0,1.0,0.1527950310559006,0.0,0.6720496894409937,0.5192546583850932,0.3279503105590062,,,,,NOT_ISSUED,957026d0fdecd88e4af9bada85c293064350365f4d7b62e86e59c3f8eb0231f7,0.15279503105590062,0.1344155844155844,0.18514285714285716,0.05072727272727276,0.1527950310559006,0.1133333333333333,0.2036199095022624,0.09028657616892909,0.1133333333333333,0.2036199095022624,0.09028657616892909,CROSS_YEAR_LOYO,0.0,0.0,0.0,CUTOFF_BLOCKED,REPORT_CENTRAL_PLUS_SENSITIVITY_ENVELOPE;NOT_CONFIDENCE_INTERVAL,False
229.0,1.0,230.0,AT_OR_ABOVE_BASELINE_MEDIAN,20.0,WAIT_45MIN,0.0,1.0,0.0434782608695652,0.0,0.6720496894409937,0.6285714285714286,0.3279503105590062,,,,,NOT_ISSUED,957026d0fdecd88e4af9bada85c293064350365f4d7b62e86e59c3f8eb0231f7,0.043478260869565216,0.022727272727272728,0.08,0.057272727272727274,0.0434782608695652,0.0588235294117647,0.0666666666666666,0.007843137254901898,0.022727272727272728,0.08,0.057272727272727274,RECOVERY_PRIOR,0.0,0.0,0.0,CUTOFF_BLOCKED,REPORT_CENTRAL_PLUS_SENSITIVITY_ENVELOPE;NOT_CONFIDENCE_INTERVAL,False
229.0,0.1,229.1,AT_OR_ABOVE_BASELINE_MEDIAN,30.0,WAIT_05MIN,1.0,0.0,0.4807453416149068,0.4807453416149068,0.6720496894409937,0.1913043478260869,0.3279503105590062,0.2070100800000027,-0.9269999999999924,0.093999999999994,0.7980000000000018,NOT_ISSUED,957026d0fdecd88e4af9bada85c293064350365f4d7b62e86e59c3f8eb0231f7,0.4807453416149068,0.46948051948051944,0.5005714285714286,0.031090909090909113,0.4807453416149068,0.453125,0.5333333333333333,0.08020833333333333,0.453125,0.5333333333333333,0.08020833333333333,CROSS_YEAR_LOYO,0.453125,0.5333333333333333,0.4807453416149068,COMPLETION_FEASIBLE_UNDER_SCENARIO,REPORT_CENTRAL_PLUS_SENSITIVITY_ENVELOPE;NOT_CONFIDENCE_INTERVAL,False
229.0,0.25,229.25,AT_OR_ABOVE_BASELINE_MEDIAN,30.0,WAIT_05MIN,1.0,0.0,0.3167701863354037,0.3167701863354037,0.6720496894409937,0.35527950310559,0.3279503105590062,0.2070100800000027,-0.9269999999999924,0.093999999999994,0.7980000000000018,NOT_ISSUED,957026d0fdecd88e4af9bada85c293064350365f4d7b62e86e59c3f8eb0231f7,0.31677018633540377,0.3019480519480519,0.34285714285714286,0.04090909090909095,0.3167701863354037,0.296875,0.3933333333333333,0.09645833333333331,0.296875,0.3933333333333333,0.09645833333333331,CROSS_YEAR_LOYO,0.296875,0.3933333333333333,0.3167701863354037,COMPLETION_FEASIBLE_UNDER_SCENARIO,REPORT_CENTRAL_PLUS_SENSITIVITY_ENVELOPE;NOT_CONFIDENCE_INTERVAL,False
229.0,0.5,229.5,AT_OR_ABOVE_BASELINE_MEDIAN,30.0,WAIT_05MIN,1.0,0.0,0.1527950310559006,0.1527950310559006,0.6720496894409937,0.5192546583850932,0.3279503105590062,0.2070100800000027,-0.9269999999999924,0.093999999999994,0.7980000000000018,NOT_ISSUED,957026d0fdecd88e4af9bada85c293064350365f4d7b62e86e59c3f8eb0231f7,0.15279503105590062,0.1344155844155844,0.18514285714285716,0.05072727272727276,0.1527950310559006,0.1133333333333333,0.2036199095022624,0.09028657616892909,0.1133333333333333,0.2036199095022624,0.09028657616892909,CROSS_YEAR_LOYO,0.1133333333333333,0.2036199095022624,0.1527950310559006,COMPLETION_FEASIBLE_UNDER_SCENARIO,REPORT_CENTRAL_PLUS_SENSITIVITY_ENVELOPE;NOT_CONFIDENCE_INTERVAL,False
229.0,1.0,230.0,AT_OR_ABOVE_BASELINE_MEDIAN,30.0,WAIT_05MIN,1.0,0.0,0.0434782608695652,0.0434782608695652,0.6720496894409937,0.6285714285714286,0.3279503105590062,0.2070100800000027,-0.9269999999999924,0.093999999999994,0.7980000000000018,NOT_ISSUED,957026d0fdecd88e4af9bada85c293064350365f4d7b62e86e59c3f8eb0231f7,0.043478260869565216,0.022727272727272728,0.08,0.057272727272727274,0.0434782608695652,0.0588235294117647,0.0666666666666666,0.007843137254901898,0.022727272727272728,0.08,0.057272727272727274,RECOVERY_PRIOR,0.022727272727272728,0.08,0.0434782608695652,COMPLETION_FEASIBLE_UNDER_SCENARIO,REPORT_CENTRAL_PLUS_SENSITIVITY_ENVELOPE;NOT_CONFIDENCE_INTERVAL,False
229.0,0.1,229.1,AT_OR_ABOVE_BASELINE_MEDIAN,30.0,WAIT_15MIN,1.0,0.0,0.4807453416149068,0.4807453416149068,0.6720496894409937,0.1913043478260869,0.3279503105590062,0.2047968800000027,-0.9269999999999924,0.093999999999994,0.7980000000000018,NOT_ISSUED,957026d0fdecd88e4af9bada85c293064350365f4d7b62e86e59c3f8eb0231f7,0.4807453416149068,0.46948051948051944,0.5005714285714286,0.031090909090909113,0.4807453416149068,0.453125,0.5333333333333333,0.08020833333333333,0.453125,0.5333333333333333,0.08020833333333333,CROSS_YEAR_LOYO,0.453125,0.5333333333333333,0.4807453416149068,COMPLETION_FEASIBLE_UNDER_SCENARIO,REPORT_CENTRAL_PLUS_SENSITIVITY_ENVELOPE;NOT_CONFIDENCE_INTERVAL,False
229.0,0.25,229.25,AT_OR_ABOVE_BASELINE_MEDIAN,30.0,WAIT_15MIN,1.0,0.0,0.3167701863354037,0.3167701863354037,0.6720496894409937,0.35527950310559,0.3279503105590062,0.2047968800000027,-0.9269999999999924,0.093999999999994,0.7980000000000018,NOT_ISSUED,957026d0fdecd88e4af9bada85c293064350365f4d7b62e86e59c3f8eb0231f7,0.31677018633540377,0.3019480519480519,0.34285714285714286,0.04090909090909095,0.3167701863354037,0.296875,0.3933333333333333,0.09645833333333331,0.296875,0.3933333333333333,0.09645833333333331,CROSS_YEAR_LOYO,0.296875,0.3933333333333333,0.3167701863354037,COMPLETION_FEASIBLE_UNDER_SCENARIO,REPORT_CENTRAL_PLUS_SENSITIVITY_ENVELOPE;NOT_CONFIDENCE_INTERVAL,False
229.0,0.5,229.5,AT_OR_ABOVE_BASELINE_MEDIAN,30.0,WAIT_15MIN,1.0,0.0,0.1527950310559006,0.1527950310559006,0.6720496894409937,0.5192546583850932,0.3279503105590062,0.2047968800000027,-0.9269999999999924,0.093999999999994,0.7980000000000018,NOT_ISSUED,957026d0fdecd88e4af9bada85c293064350365f4d7b62e86e59c3f8eb0231f7,0.15279503105590062,0.1344155844155844,0.18514285714285716,0.05072727272727276,0.1527950310559006,0.1133333333333333,0.2036199095022624,0.09028657616892909,0.1133333333333333,0.2036199095022624,0.09028657616892909,CROSS_YEAR_LOYO,0.1133333333333333,0.2036199095022624,0.1527950310559006,COMPLETION_FEASIBLE_UNDER_SCENARIO,REPORT_CENTRAL_PLUS_SENSITIVITY_ENVELOPE;NOT_CONFIDENCE_INTERVAL,False
229.0,1.0,230.0,AT_OR_ABOVE_BASELINE_MEDIAN,30.0,WAIT_15MIN,1.0,0.0,0.0434782608695652,0.0434782608695652,0.6720496894409937,0.6285714285714286,0.3279503105590062,0.2047968800000027,-0.9269999999999924,0.093999999999994,0.7980000000000018,NOT_ISSUED,957026d0fdecd88e4af9bada85c293064350365f4d7b62e86e59c3f8eb0231f7,0.043478260869565216,0.022727272727272728,0.08,0.057272727272727274,0.0434782608695652,0.0588235294117647,0.0666666666666666,0.007843137254901898,0.022727272727272728,0.08,0.057272727272727274,RECOVERY_PRIOR,0.022727272727272728,0.08,0.0434782608695652,COMPLETION_FEASIBLE_UNDER_SCENARIO,REPORT_CENTRAL_PLUS_SENSITIVITY_ENVELOPE;NOT_CONFIDENCE_INTERVAL,False
229.0,0.1,229.1,AT_OR_ABOVE_BASELINE_MEDIAN,30.0,WAIT_30MIN,0.0,1.0,0.4807453416149068,0.0,0.6720496894409937,0.1913043478260869,0.3279503105590062,,,,,NOT_ISSUED,957026d0fdecd88e4af9bada85c293064350365f4d7b62e86e59c3f8eb0231f7,0.4807453416149068,0.46948051948051944,0.5005714285714286,0.031090909090909113,0.4807453416149068,0.453125,0.5333333333333333,0.08020833333333333,0.453125,0.5333333333333333,0.08020833333333333,CROSS_YEAR_LOYO,0.0,0.0,0.0,CUTOFF_BLOCKED,REPORT_CENTRAL_PLUS_SENSITIVITY_ENVELOPE;NOT_CONFIDENCE_INTERVAL,False
229.0,0.25,229.25,AT_OR_ABOVE_BASELINE_MEDIAN,30.0,WAIT_30MIN,0.0,1.0,0.3167701863354037,0.0,0.6720496894409937,0.35527950310559,0.3279503105590062,,,,,NOT_ISSUED,957026d0fdecd88e4af9bada85c293064350365f4d7b62e86e59c3f8eb0231f7,0.31677018633540377,0.3019480519480519,0.34285714285714286,0.04090909090909095,0.3167701863354037,0.296875,0.3933333333333333,0.09645833333333331,0.296875,0.3933333333333333,0.09645833333333331,CROSS_YEAR_LOYO,0.0,0.0,0.0,CUTOFF_BLOCKED,REPORT_CENTRAL_PLUS_SENSITIVITY_ENVELOPE;NOT_CONFIDENCE_INTERVAL,False
229.0,0.5,229.5,AT_OR_ABOVE_BASELINE_MEDIAN,30.0,WAIT_30MIN,0.0,1.0,0.1527950310559006,0.0,0.6720496894409937,0.5192546583850932,0.3279503105590062,,,,,NOT_ISSUED,957026d0fdecd88e4af9bada85c293064350365f4d7b62e86e59c3f8eb0231f7,0.15279503105590062,0.1344155844155844,0.18514285714285716,0.05072727272727276,0.1527950310559006,0.1133333333333333,0.2036199095022624,0.09028657616892909,0.1133333333333333,0.2036199095022624,0.09028657616892909,CROSS_YEAR_LOYO,0.0,0.0,0.0,CUTOFF_BLOCKED,REPORT_CENTRAL_PLUS_SENSITIVITY_ENVELOPE;NOT_CONFIDENCE_INTERVAL,False
229.0,1.0,230.0,AT_OR_ABOVE_BASELINE_MEDIAN,30.0,WAIT_30MIN,0.0,1.0,0.0434782608695652,0.0,0.6720496894409937,0.6285714285714286,0.3279503105590062,,,,,NOT_ISSUED,957026d0fdecd88e4af9bada85c293064350365f4d7b62e86e59c3f8eb0231f7,0.043478260869565216,0.022727272727272728,0.08,0.057272727272727274,0.0434782608695652,0.0588235294117647,0.0666666666666666,0.007843137254901898,0.022727272727272728,0.08,0.057272727272727274,RECOVERY_PRIOR,0.0,0.0,0.0,CUTOFF_BLOCKED,REPORT_CENTRAL_PLUS_SENSITIVITY_ENVELOPE;NOT_CONFIDENCE_INTERVAL,False
229.0,0.1,229.1,AT_OR_ABOVE_BASELINE_MEDIAN,30.0,WAIT_45MIN,0.0,1.0,0.4807453416149068,0.0,0.6720496894409937,0.1913043478260869,0.3279503105590062,,,,,NOT_ISSUED,957026d0fdecd88e4af9bada85c293064350365f4d7b62e86e59c3f8eb0231f7,0.4807453416149068,0.46948051948051944,0.5005714285714286,0.031090909090909113,0.4807453416149068,0.453125,0.5333333333333333,0.08020833333333333,0.453125,0.5333333333333333,0.08020833333333333,CROSS_YEAR_LOYO,0.0,0.0,0.0,CUTOFF_BLOCKED,REPORT_CENTRAL_PLUS_SENSITIVITY_ENVELOPE;NOT_CONFIDENCE_INTERVAL,False
229.0,0.25,229.25,AT_OR_ABOVE_BASELINE_MEDIAN,30.0,WAIT_45MIN,0.0,1.0,0.3167701863354037,0.0,0.6720496894409937,0.35527950310559,0.3279503105590062,,,,,NOT_ISSUED,957026d0fdecd88e4af9bada85c293064350365f4d7b62e86e59c3f8eb0231f7,0.31677018633540377,0.3019480519480519,0.34285714285714286,0.04090909090909095,0.3167701863354037,0.296875,0.3933333333333333,0.09645833333333331,0.296875,0.3933333333333333,0.09645833333333331,CROSS_YEAR_LOYO,0.0,0.0,0.0,CUTOFF_BLOCKED,REPORT_CENTRAL_PLUS_SENSITIVITY_ENVELOPE;NOT_CONFIDENCE_INTERVAL,False
229.0,0.5,229.5,AT_OR_ABOVE_BASELINE_MEDIAN,30.0,WAIT_45MIN,0.0,1.0,0.1527950310559006,0.0,0.6720496894409937,0.5192546583850932,0.3279503105590062,,,,,NOT_ISSUED,957026d0fdecd88e4af9bada85c293064350365f4d7b62e86e59c3f8eb0231f7,0.15279503105590062,0.1344155844155844,0.18514285714285716,0.05072727272727276,0.1527950310559006,0.1133333333333333,0.2036199095022624,0.09028657616892909,0.1133333333333333,0.2036199095022624,0.09028657616892909,CROSS_YEAR_LOYO,0.0,0.0,0.0,CUTOFF_BLOCKED,REPORT_CENTRAL_PLUS_SENSITIVITY_ENVELOPE;NOT_CONFIDENCE_INTERVAL,False
229.0,1.0,230.0,AT_OR_ABOVE_BASELINE_MEDIAN,30.0,WAIT_45MIN,0.0,1.0,0.0434782608695652,0.0,0.6720496894409937,0.6285714285714286,0.3279503105590062,,,,,NOT_ISSUED,957026d0fdecd88e4af9bada85c293064350365f4d7b62e86e59c3f8eb0231f7,0.043478260869565216,0.022727272727272728,0.08,0.057272727272727274,0.0434782608695652,0.0588235294117647,0.0666666666666666,0.007843137254901898,0.022727272727272728,0.08,0.057272727272727274,RECOVERY_PRIOR,0.0,0.0,0.0,CUTOFF_BLOCKED,REPORT_CENTRAL_PLUS_SENSITIVITY_ENVELOPE;NOT_CONFIDENCE_INTERVAL,False
229.0,0.1,229.1,AT_OR_ABOVE_BASELINE_MEDIAN,45.0,WAIT_05MIN,1.0,0.0,0.4807453416149068,0.4807453416149068,0.6720496894409937,0.1913043478260869,0.3279503105590062,0.2051525100000027,-0.9269999999999924,0.093999999999994,0.7980000000000018,NOT_ISSUED,957026d0fdecd88e4af9bada85c293064350365f4d7b62e86e59c3f8eb0231f7,0.4807453416149068,0.46948051948051944,0.5005714285714286,0.031090909090909113,0.4807453416149068,0.453125,0.5333333333333333,0.08020833333333333,0.453125,0.5333333333333333,0.08020833333333333,CROSS_YEAR_LOYO,0.453125,0.5333333333333333,0.4807453416149068,COMPLETION_FEASIBLE_UNDER_SCENARIO,REPORT_CENTRAL_PLUS_SENSITIVITY_ENVELOPE;NOT_CONFIDENCE_INTERVAL,False
229.0,0.25,229.25,AT_OR_ABOVE_BASELINE_MEDIAN,45.0,WAIT_05MIN,1.0,0.0,0.3167701863354037,0.3167701863354037,0.6720496894409937,0.35527950310559,0.3279503105590062,0.2051525100000027,-0.9269999999999924,0.093999999999994,0.7980000000000018,NOT_ISSUED,957026d0fdecd88e4af9bada85c293064350365f4d7b62e86e59c3f8eb0231f7,0.31677018633540377,0.3019480519480519,0.34285714285714286,0.04090909090909095,0.3167701863354037,0.296875,0.3933333333333333,0.09645833333333331,0.296875,0.3933333333333333,0.09645833333333331,CROSS_YEAR_LOYO,0.296875,0.3933333333333333,0.3167701863354037,COMPLETION_FEASIBLE_UNDER_SCENARIO,REPORT_CENTRAL_PLUS_SENSITIVITY_ENVELOPE;NOT_CONFIDENCE_INTERVAL,False
229.0,0.5,229.5,AT_OR_ABOVE_BASELINE_MEDIAN,45.0,WAIT_05MIN,1.0,0.0,0.1527950310559006,0.1527950310559006,0.6720496894409937,0.5192546583850932,0.3279503105590062,0.2051525100000027,-0.9269999999999924,0.093999999999994,0.7980000000000018,NOT_ISSUED,957026d0fdecd88e4af9bada85c293064350365f4d7b62e86e59c3f8eb0231f7,0.15279503105590062,0.1344155844155844,0.18514285714285716,0.05072727272727276,0.1527950310559006,0.1133333333333333,0.2036199095022624,0.09028657616892909,0.1133333333333333,0.2036199095022624,0.09028657616892909,CROSS_YEAR_LOYO,0.1133333333333333,0.2036199095022624,0.1527950310559006,COMPLETION_FEASIBLE_UNDER_SCENARIO,REPORT_CENTRAL_PLUS_SENSITIVITY_ENVELOPE;NOT_CONFIDENCE_INTERVAL,False
229.0,1.0,230.0,AT_OR_ABOVE_BASELINE_MEDIAN,45.0,WAIT_05MIN,1.0,0.0,0.0434782608695652,0.0434782608695652,0.6720496894409937,0.6285714285714286,0.3279503105590062,0.2051525100000027,-0.9269999999999924,0.093999999999994,0.7980000000000018,NOT_ISSUED,957026d0fdecd88e4af9bada85c293064350365f4d7b62e86e59c3f8eb0231f7,0.043478260869565216,0.022727272727272728,0.08,0.057272727272727274,0.0434782608695652,0.0588235294117647,0.0666666666666666,0.007843137254901898,0.022727272727272728,0.08,0.057272727272727274,RECOVERY_PRIOR,0.022727272727272728,0.08,0.0434782608695652,COMPLETION_FEASIBLE_UNDER_SCENARIO,REPORT_CENTRAL_PLUS_SENSITIVITY_ENVELOPE;NOT_CONFIDENCE_INTERVAL,False
229.0,0.1,229.1,AT_OR_ABOVE_BASELINE_MEDIAN,45.0,WAIT_15MIN,1.0,0.0,0.4807453416149068,0.4807453416149068,0.6720496894409937,0.1913043478260869,0.3279503105590062,0.2071896600000027,-0.9269999999999924,0.093999999999994,0.7980000000000018,NOT_ISSUED,957026d0fdecd88e4af9bada85c293064350365f4d7b62e86e59c3f8eb0231f7,0.4807453416149068,0.46948051948051944,0.5005714285714286,0.031090909090909113,0.4807453416149068,0.453125,0.5333333333333333,0.08020833333333333,0.453125,0.5333333333333333,0.08020833333333333,CROSS_YEAR_LOYO,0.453125,0.5333333333333333,0.4807453416149068,COMPLETION_FEASIBLE_UNDER_SCENARIO,REPORT_CENTRAL_PLUS_SENSITIVITY_ENVELOPE;NOT_CONFIDENCE_INTERVAL,False
229.0,0.25,229.25,AT_OR_ABOVE_BASELINE_MEDIAN,45.0,WAIT_15MIN,1.0,0.0,0.3167701863354037,0.3167701863354037,0.6720496894409937,0.35527950310559,0.3279503105590062,0.2071896600000027,-0.9269999999999924,0.093999999999994,0.7980000000000018,NOT_ISSUED,957026d0fdecd88e4af9bada85c293064350365f4d7b62e86e59c3f8eb0231f7,0.31677018633540377,0.3019480519480519,0.34285714285714286,0.04090909090909095,0.3167701863354037,0.296875,0.3933333333333333,0.09645833333333331,0.296875,0.3933333333333333,0.09645833333333331,CROSS_YEAR_LOYO,0.296875,0.3933333333333333,0.3167701863354037,COMPLETION_FEASIBLE_UNDER_SCENARIO,REPORT_CENTRAL_PLUS_SENSITIVITY_ENVELOPE;NOT_CONFIDENCE_INTERVAL,False
229.0,0.5,229.5,AT_OR_ABOVE_BASELINE_MEDIAN,45.0,WAIT_15MIN,1.0,0.0,0.1527950310559006,0.1527950310559006,0.6720496894409937,0.5192546583850932,0.3279503105590062,0.2071896600000027,-0.9269999999999924,0.093999999999994,0.7980000000000018,NOT_ISSUED,957026d0fdecd88e4af9bada85c293064350365f4d7b62e86e59c3f8eb0231f7,0.15279503105590062,0.1344155844155844,0.18514285714285716,0.05072727272727276,0.1527950310559006,0.1133333333333333,0.2036199095022624,0.09028657616892909,0.1133333333333333,0.2036199095022624,0.09028657616892909,CROSS_YEAR_LOYO,0.1133333333333333,0.2036199095022624,0.1527950310559006,COMPLETION_FEASIBLE_UNDER_SCENARIO,REPORT_CENTRAL_PLUS_SENSITIVITY_ENVELOPE;NOT_CONFIDENCE_INTERVAL,False
229.0,1.0,230.0,AT_OR_ABOVE_BASELINE_MEDIAN,45.0,WAIT_15MIN,1.0,0.0,0.0434782608695652,0.0434782608695652,0.6720496894409937,0.6285714285714286,0.3279503105590062,0.2071896600000027,-0.9269999999999924,0.093999999999994,0.7980000000000018,NOT_ISSUED,957026d0fdecd88e4af9bada85c293064350365f4d7b62e86e59c3f8eb0231f7,0.043478260869565216,0.022727272727272728,0.08,0.057272727272727274,0.0434782608695652,0.0588235294117647,0.0666666666666666,0.007843137254901898,0.022727272727272728,0.08,0.057272727272727274,RECOVERY_PRIOR,0.022727272727272728,0.08,0.0434782608695652,COMPLETION_FEASIBLE_UNDER_SCENARIO,REPORT_CENTRAL_PLUS_SENSITIVITY_ENVELOPE;NOT_CONFIDENCE_INTERVAL,False
229.0,0.1,229.1,AT_OR_ABOVE_BASELINE_MEDIAN,45.0,WAIT_30MIN,1.0,0.0,0.4807453416149068,0.4807453416149068,0.6720496894409937,0.1913043478260869,0.3279503105590062,0.2113023000000028,-0.9269999999999924,0.093999999999994,0.7980000000000018,NOT_ISSUED,957026d0fdecd88e4af9bada85c293064350365f4d7b62e86e59c3f8eb0231f7,0.4807453416149068,0.46948051948051944,0.5005714285714286,0.031090909090909113,0.4807453416149068,0.453125,0.5333333333333333,0.08020833333333333,0.453125,0.5333333333333333,0.08020833333333333,CROSS_YEAR_LOYO,0.453125,0.5333333333333333,0.4807453416149068,COMPLETION_FEASIBLE_UNDER_SCENARIO,REPORT_CENTRAL_PLUS_SENSITIVITY_ENVELOPE;NOT_CONFIDENCE_INTERVAL,False
229.0,0.25,229.25,AT_OR_ABOVE_BASELINE_MEDIAN,45.0,WAIT_30MIN,1.0,0.0,0.3167701863354037,0.3167701863354037,0.6720496894409937,0.35527950310559,0.3279503105590062,0.2113023000000028,-0.9269999999999924,0.093999999999994,0.7980000000000018,NOT_ISSUED,957026d0fdecd88e4af9bada85c293064350365f4d7b62e86e59c3f8eb0231f7,0.31677018633540377,0.3019480519480519,0.34285714285714286,0.04090909090909095,0.3167701863354037,0.296875,0.3933333333333333,0.09645833333333331,0.296875,0.3933333333333333,0.09645833333333331,CROSS_YEAR_LOYO,0.296875,0.3933333333333333,0.3167701863354037,COMPLETION_FEASIBLE_UNDER_SCENARIO,REPORT_CENTRAL_PLUS_SENSITIVITY_ENVELOPE;NOT_CONFIDENCE_INTERVAL,False
229.0,0.5,229.5,AT_OR_ABOVE_BASELINE_MEDIAN,45.0,WAIT_30MIN,1.0,0.0,0.1527950310559006,0.1527950310559006,0.6720496894409937,0.5192546583850932,0.3279503105590062,0.2113023000000028,-0.9269999999999924,0.093999999999994,0.7980000000000018,NOT_ISSUED,957026d0fdecd88e4af9bada85c293064350365f4d7b62e86e59c3f8eb0231f7,0.15279503105590062,0.1344155844155844,0.18514285714285716,0.05072727272727276,0.1527950310559006,0.1133333333333333,0.2036199095022624,0.09028657616892909,0.1133333333333333,0.2036199095022624,0.09028657616892909,CROSS_YEAR_LOYO,0.1133333333333333,0.2036199095022624,0.1527950310559006,COMPLETION_FEASIBLE_UNDER_SCENARIO,REPORT_CENTRAL_PLUS_SENSITIVITY_ENVELOPE;NOT_CONFIDENCE_INTERVAL,False
229.0,1.0,230.0,AT_OR_ABOVE_BASELINE_MEDIAN,45.0,WAIT_30MIN,1.0,0.0,0.0434782608695652,0.0434782608695652,0.6720496894409937,0.6285714285714286,0.3279503105590062,0.2113023000000028,-0.9269999999999924,0.093999999999994,0.7980000000000018,NOT_ISSUED,957026d0fdecd88e4af9bada85c293064350365f4d7b62e86e59c3f8eb0231f7,0.043478260869565216,0.022727272727272728,0.08,0.057272727272727274,0.0434782608695652,0.0588235294117647,0.0666666666666666,0.007843137254901898,0.022727272727272728,0.08,0.057272727272727274,RECOVERY_PRIOR,0.022727272727272728,0.08,0.0434782608695652,COMPLETION_FEASIBLE_UNDER_SCENARIO,REPORT_CENTRAL_PLUS_SENSITIVITY_ENVELOPE;NOT_CONFIDENCE_INTERVAL,False
229.0,0.1,229.1,AT_OR_ABOVE_BASELINE_MEDIAN,45.0,WAIT_45MIN,0.0,1.0,0.4807453416149068,0.0,0.6720496894409937,0.1913043478260869,0.3279503105590062,,,,,NOT_ISSUED,957026d0fdecd88e4af9bada85c293064350365f4d7b62e86e59c3f8eb0231f7,0.4807453416149068,0.46948051948051944,0.5005714285714286,0.031090909090909113,0.4807453416149068,0.453125,0.5333333333333333,0.08020833333333333,0.453125,0.5333333333333333,0.08020833333333333,CROSS_YEAR_LOYO,0.0,0.0,0.0,CUTOFF_BLOCKED,REPORT_CENTRAL_PLUS_SENSITIVITY_ENVELOPE;NOT_CONFIDENCE_INTERVAL,False
229.0,0.25,229.25,AT_OR_ABOVE_BASELINE_MEDIAN,45.0,WAIT_45MIN,0.0,1.0,0.3167701863354037,0.0,0.6720496894409937,0.35527950310559,0.3279503105590062,,,,,NOT_ISSUED,957026d0fdecd88e4af9bada85c293064350365f4d7b62e86e59c3f8eb0231f7,0.31677018633540377,0.3019480519480519,0.34285714285714286,0.04090909090909095,0.3167701863354037,0.296875,0.3933333333333333,0.09645833333333331,0.296875,0.3933333333333333,0.09645833333333331,CROSS_YEAR_LOYO,0.0,0.0,0.0,CUTOFF_BLOCKED,REPORT_CENTRAL_PLUS_SENSITIVITY_ENVELOPE;NOT_CONFIDENCE_INTERVAL,False
229.0,0.5,229.5,AT_OR_ABOVE_BASELINE_MEDIAN,45.0,WAIT_45MIN,0.0,1.0,0.1527950310559006,0.0,0.6720496894409937,0.5192546583850932,0.3279503105590062,,,,,NOT_ISSUED,957026d0fdecd88e4af9bada85c293064350365f4d7b62e86e59c3f8eb0231f7,0.15279503105590062,0.1344155844155844,0.18514285714285716,0.05072727272727276,0.1527950310559006,0.1133333333333333,0.2036199095022624,0.09028657616892909,0.1133333333333333,0.2036199095022624,0.09028657616892909,CROSS_YEAR_LOYO,0.0,0.0,0.0,CUTOFF_BLOCKED,REPORT_CENTRAL_PLUS_SENSITIVITY_ENVELOPE;NOT_CONFIDENCE_INTERVAL,False
229.0,1.0,230.0,AT_OR_ABOVE_BASELINE_MEDIAN,45.0,WAIT_45MIN,0.0,1.0,0.0434782608695652,0.0,0.6720496894409937,0.6285714285714286,0.3279503105590062,,,,,NOT_ISSUED,957026d0fdecd88e4af9bada85c293064350365f4d7b62e86e59c3f8eb0231f7,0.043478260869565216,0.022727272727272728,0.08,0.057272727272727274,0.0434782608695652,0.0588235294117647,0.0666666666666666,0.007843137254901898,0.022727272727272728,0.08,0.057272727272727274,RECOVERY_PRIOR,0.0,0.0,0.0,CUTOFF_BLOCKED,REPORT_CENTRAL_PLUS_SENSITIVITY_ENVELOPE;NOT_CONFIDENCE_INTERVAL,False
229.0,0.1,229.1,AT_OR_ABOVE_BASELINE_MEDIAN,60.0,WAIT_05MIN,1.0,0.0,0.4807453416149068,0.4807453416149068,0.6720496894409937,0.1913043478260869,0.3279503105590062,0.2080603700000027,-0.9269999999999924,0.093999999999994,0.7980000000000018,NOT_ISSUED,957026d0fdecd88e4af9bada85c293064350365f4d7b62e86e59c3f8eb0231f7,0.4807453416149068,0.46948051948051944,0.5005714285714286,0.031090909090909113,0.4807453416149068,0.453125,0.5333333333333333,0.08020833333333333,0.453125,0.5333333333333333,0.08020833333333333,CROSS_YEAR_LOYO,0.453125,0.5333333333333333,0.4807453416149068,COMPLETION_FEASIBLE_UNDER_SCENARIO,REPORT_CENTRAL_PLUS_SENSITIVITY_ENVELOPE;NOT_CONFIDENCE_INTERVAL,False
229.0,0.25,229.25,AT_OR_ABOVE_BASELINE_MEDIAN,60.0,WAIT_05MIN,1.0,0.0,0.3167701863354037,0.3167701863354037,0.6720496894409937,0.35527950310559,0.3279503105590062,0.2080603700000027,-0.9269999999999924,0.093999999999994,0.7980000000000018,NOT_ISSUED,957026d0fdecd88e4af9bada85c293064350365f4d7b62e86e59c3f8eb0231f7,0.31677018633540377,0.3019480519480519,0.34285714285714286,0.04090909090909095,0.3167701863354037,0.296875,0.3933333333333333,0.09645833333333331,0.296875,0.3933333333333333,0.09645833333333331,CROSS_YEAR_LOYO,0.296875,0.3933333333333333,0.3167701863354037,COMPLETION_FEASIBLE_UNDER_SCENARIO,REPORT_CENTRAL_PLUS_SENSITIVITY_ENVELOPE;NOT_CONFIDENCE_INTERVAL,False
229.0,0.5,229.5,AT_OR_ABOVE_BASELINE_MEDIAN,60.0,WAIT_05MIN,1.0,0.0,0.1527950310559006,0.1527950310559006,0.6720496894409937,0.5192546583850932,0.3279503105590062,0.2080603700000027,-0.9269999999999924,0.093999999999994,0.7980000000000018,NOT_ISSUED,957026d0fdecd88e4af9bada85c293064350365f4d7b62e86e59c3f8eb0231f7,0.15279503105590062,0.1344155844155844,0.18514285714285716,0.05072727272727276,0.1527950310559006,0.1133333333333333,0.2036199095022624,0.09028657616892909,0.1133333333333333,0.2036199095022624,0.09028657616892909,CROSS_YEAR_LOYO,0.1133333333333333,0.2036199095022624,0.1527950310559006,COMPLETION_FEASIBLE_UNDER_SCENARIO,REPORT_CENTRAL_PLUS_SENSITIVITY_ENVELOPE;NOT_CONFIDENCE_INTERVAL,False
229.0,1.0,230.0,AT_OR_ABOVE_BASELINE_MEDIAN,60.0,WAIT_05MIN,1.0,0.0,0.0434782608695652,0.0434782608695652,0.6720496894409937,0.6285714285714286,0.3279503105590062,0.2080603700000027,-0.9269999999999924,0.093999999999994,0.7980000000000018,NOT_ISSUED,957026d0fdecd88e4af9bada85c293064350365f4d7b62e86e59c3f8eb0231f7,0.043478260869565216,0.022727272727272728,0.08,0.057272727272727274,0.0434782608695652,0.0588235294117647,0.0666666666666666,0.007843137254901898,0.022727272727272728,0.08,0.057272727272727274,RECOVERY_PRIOR,0.022727272727272728,0.08,0.0434782608695652,COMPLETION_FEASIBLE_UNDER_SCENARIO,REPORT_CENTRAL_PLUS_SENSITIVITY_ENVELOPE;NOT_CONFIDENCE_INTERVAL,False
229.0,0.1,229.1,AT_OR_ABOVE_BASELINE_MEDIAN,60.0,WAIT_15MIN,1.0,0.0,0.4807453416149068,0.4807453416149068,0.6720496894409937,0.1913043478260869,0.3279503105590062,0.2042394200000027,-0.9269999999999924,0.093999999999994,0.7980000000000018,NOT_ISSUED,957026d0fdecd88e4af9bada85c293064350365f4d7b62e86e59c3f8eb0231f7,0.4807453416149068,0.46948051948051944,0.5005714285714286,0.031090909090909113,0.4807453416149068,0.453125,0.5333333333333333,0.08020833333333333,0.453125,0.5333333333333333,0.08020833333333333,CROSS_YEAR_LOYO,0.453125,0.5333333333333333,0.4807453416149068,COMPLETION_FEASIBLE_UNDER_SCENARIO,REPORT_CENTRAL_PLUS_SENSITIVITY_ENVELOPE;NOT_CONFIDENCE_INTERVAL,False
229.0,0.25,229.25,AT_OR_ABOVE_BASELINE_MEDIAN,60.0,WAIT_15MIN,1.0,0.0,0.3167701863354037,0.3167701863354037,0.6720496894409937,0.35527950310559,0.3279503105590062,0.2042394200000027,-0.9269999999999924,0.093999999999994,0.7980000000000018,NOT_ISSUED,957026d0fdecd88e4af9bada85c293064350365f4d7b62e86e59c3f8eb0231f7,0.31677018633540377,0.3019480519480519,0.34285714285714286,0.04090909090909095,0.3167701863354037,0.296875,0.3933333333333333,0.09645833333333331,0.296875,0.3933333333333333,0.09645833333333331,CROSS_YEAR_LOYO,0.296875,0.3933333333333333,0.3167701863354037,COMPLETION_FEASIBLE_UNDER_SCENARIO,REPORT_CENTRAL_PLUS_SENSITIVITY_ENVELOPE;NOT_CONFIDENCE_INTERVAL,False
229.0,0.5,229.5,AT_OR_ABOVE_BASELINE_MEDIAN,60.0,WAIT_15MIN,1.0,0.0,0.1527950310559006,0.1527950310559006,0.6720496894409937,0.5192546583850932,0.3279503105590062,0.2042394200000027,-0.9269999999999924,0.093999999999994,0.7980000000000018,NOT_ISSUED,957026d0fdecd88e4af9bada85c293064350365f4d7b62e86e59c3f8eb0231f7,0.15279503105590062,0.1344155844155844,0.18514285714285716,0.05072727272727276,0.1527950310559006,0.1133333333333333,0.2036199095022624,0.09028657616892909,0.1133333333333333,0.2036199095022624,0.09028657616892909,CROSS_YEAR_LOYO,0.1133333333333333,0.2036199095022624,0.1527950310559006,COMPLETION_FEASIBLE_UNDER_SCENARIO,REPORT_CENTRAL_PLUS_SENSITIVITY_ENVELOPE;NOT_CONFIDENCE_INTERVAL,False
229.0,1.0,230.0,AT_OR_ABOVE_BASELINE_MEDIAN,60.0,WAIT_15MIN,1.0,0.0,0.0434782608695652,0.0434782608695652,0.6720496894409937,0.6285714285714286,0.3279503105590062,0.2042394200000027,-0.9269999999999924,0.093999999999994,0.7980000000000018,NOT_ISSUED,957026d0fdecd88e4af9bada85c293064350365f4d7b62e86e59c3f8eb0231f7,0.043478260869565216,0.022727272727272728,0.08,0.057272727272727274,0.0434782608695652,0.0588235294117647,0.0666666666666666,0.007843137254901898,0.022727272727272728,0.08,0.057272727272727274,RECOVERY_PRIOR,0.022727272727272728,0.08,0.0434782608695652,COMPLETION_FEASIBLE_UNDER_SCENARIO,REPORT_CENTRAL_PLUS_SENSITIVITY_ENVELOPE;NOT_CONFIDENCE_INTERVAL,False
229.0,0.1,229.1,AT_OR_ABOVE_BASELINE_MEDIAN,60.0,WAIT_30MIN,1.0,0.0,0.4807453416149068,0.4807453416149068,0.6720496894409937,0.1913043478260869,0.3279503105590062,0.2045122300000028,-0.9269999999999924,0.093999999999994,0.7980000000000018,NOT_ISSUED,957026d0fdecd88e4af9bada85c293064350365f4d7b62e86e59c3f8eb0231f7,0.4807453416149068,0.46948051948051944,0.5005714285714286,0.031090909090909113,0.4807453416149068,0.453125,0.5333333333333333,0.08020833333333333,0.453125,0.5333333333333333,0.08020833333333333,CROSS_YEAR_LOYO,0.453125,0.5333333333333333,0.4807453416149068,COMPLETION_FEASIBLE_UNDER_SCENARIO,REPORT_CENTRAL_PLUS_SENSITIVITY_ENVELOPE;NOT_CONFIDENCE_INTERVAL,False
229.0,0.25,229.25,AT_OR_ABOVE_BASELINE_MEDIAN,60.0,WAIT_30MIN,1.0,0.0,0.3167701863354037,0.3167701863354037,0.6720496894409937,0.35527950310559,0.3279503105590062,0.2045122300000028,-0.9269999999999924,0.093999999999994,0.7980000000000018,NOT_ISSUED,957026d0fdecd88e4af9bada85c293064350365f4d7b62e86e59c3f8eb0231f7,0.31677018633540377,0.3019480519480519,0.34285714285714286,0.04090909090909095,0.3167701863354037,0.296875,0.3933333333333333,0.09645833333333331,0.296875,0.3933333333333333,0.09645833333333331,CROSS_YEAR_LOYO,0.296875,0.3933333333333333,0.3167701863354037,COMPLETION_FEASIBLE_UNDER_SCENARIO,REPORT_CENTRAL_PLUS_SENSITIVITY_ENVELOPE;NOT_CONFIDENCE_INTERVAL,False
229.0,0.5,229.5,AT_OR_ABOVE_BASELINE_MEDIAN,60.0,WAIT_30MIN,1.0,0.0,0.1527950310559006,0.1527950310559006,0.6720496894409937,0.5192546583850932,0.3279503105590062,0.2045122300000028,-0.9269999999999924,0.093999999999994,0.7980000000000018,NOT_ISSUED,957026d0fdecd88e4af9bada85c293064350365f4d7b62e86e59c3f8eb0231f7,0.15279503105590062,0.1344155844155844,0.18514285714285716,0.05072727272727276,0.1527950310559006,0.1133333333333333,0.2036199095022624,0.09028657616892909,0.1133333333333333,0.2036199095022624,0.09028657616892909,CROSS_YEAR_LOYO,0.1133333333333333,0.2036199095022624,0.1527950310559006,COMPLETION_FEASIBLE_UNDER_SCENARIO,REPORT_CENTRAL_PLUS_SENSITIVITY_ENVELOPE;NOT_CONFIDENCE_INTERVAL,False
229.0,1.0,230.0,AT_OR_ABOVE_BASELINE_MEDIAN,60.0,WAIT_30MIN,1.0,0.0,0.0434782608695652,0.0434782608695652,0.6720496894409937,0.6285714285714286,0.3279503105590062,0.2045122300000028,-0.9269999999999924,0.093999999999994,0.7980000000000018,NOT_ISSUED,957026d0fdecd88e4af9bada85c293064350365f4d7b62e86e59c3f8eb0231f7,0.043478260869565216,0.022727272727272728,0.08,0.057272727272727274,0.0434782608695652,0.0588235294117647,0.0666666666666666,0.007843137254901898,0.022727272727272728,0.08,0.057272727272727274,RECOVERY_PRIOR,0.022727272727272728,0.08,0.0434782608695652,COMPLETION_FEASIBLE_UNDER_SCENARIO,REPORT_CENTRAL_PLUS_SENSITIVITY_ENVELOPE;NOT_CONFIDENCE_INTERVAL,False
229.0,0.1,229.1,AT_OR_ABOVE_BASELINE_MEDIAN,60.0,WAIT_45MIN,1.0,0.0,0.4807453416149068,0.4807453416149068,0.6720496894409937,0.1913043478260869,0.3279503105590062,0.2058932100000027,-0.9269999999999924,0.093999999999994,0.7980000000000018,NOT_ISSUED,957026d0fdecd88e4af9bada85c293064350365f4d7b62e86e59c3f8eb0231f7,0.4807453416149068,0.46948051948051944,0.5005714285714286,0.031090909090909113,0.4807453416149068,0.453125,0.5333333333333333,0.08020833333333333,0.453125,0.5333333333333333,0.08020833333333333,CROSS_YEAR_LOYO,0.453125,0.5333333333333333,0.4807453416149068,COMPLETION_FEASIBLE_UNDER_SCENARIO,REPORT_CENTRAL_PLUS_SENSITIVITY_ENVELOPE;NOT_CONFIDENCE_INTERVAL,False
229.0,0.25,229.25,AT_OR_ABOVE_BASELINE_MEDIAN,60.0,WAIT_45MIN,1.0,0.0,0.3167701863354037,0.3167701863354037,0.6720496894409937,0.35527950310559,0.3279503105590062,0.2058932100000027,-0.9269999999999924,0.093999999999994,0.7980000000000018,NOT_ISSUED,957026d0fdecd88e4af9bada85c293064350365f4d7b62e86e59c3f8eb0231f7,0.31677018633540377,0.3019480519480519,0.34285714285714286,0.04090909090909095,0.3167701863354037,0.296875,0.3933333333333333,0.09645833333333331,0.296875,0.3933333333333333,0.09645833333333331,CROSS_YEAR_LOYO,0.296875,0.3933333333333333,0.3167701863354037,COMPLETION_FEASIBLE_UNDER_SCENARIO,REPORT_CENTRAL_PLUS_SENSITIVITY_ENVELOPE;NOT_CONFIDENCE_INTERVAL,False
229.0,0.5,229.5,AT_OR_ABOVE_BASELINE_MEDIAN,60.0,WAIT_45MIN,1.0,0.0,0.1527950310559006,0.1527950310559006,0.6720496894409937,0.5192546583850932,0.3279503105590062,0.2058932100000027,-0.9269999999999924,0.093999999999994,0.7980000000000018,NOT_ISSUED,957026d0fdecd88e4af9bada85c293064350365f4d7b62e86e59c3f8eb0231f7,0.15279503105590062,0.1344155844155844,0.18514285714285716,0.05072727272727276,0.1527950310559006,0.1133333333333333,0.2036199095022624,0.09028657616892909,0.1133333333333333,0.2036199095022624,0.09028657616892909,CROSS_YEAR_LOYO,0.1133333333333333,0.2036199095022624,0.1527950310559006,COMPLETION_FEASIBLE_UNDER_SCENARIO,REPORT_CENTRAL_PLUS_SENSITIVITY_ENVELOPE;NOT_CONFIDENCE_INTERVAL,False
229.0,1.0,230.0,AT_OR_ABOVE_BASELINE_MEDIAN,60.0,WAIT_45MIN,1.0,0.0,0.0434782608695652,0.0434782608695652,0.6720496894409937,0.6285714285714286,0.3279503105590062,0.2058932100000027,-0.9269999999999924,0.093999999999994,0.7980000000000018,NOT_ISSUED,957026d0fdecd88e4af9bada85c293064350365f4d7b62e86e59c3f8eb0231f7,0.043478260869565216,0.022727272727272728,0.08,0.057272727272727274,0.0434782608695652,0.0588235294117647,0.0666666666666666,0.007843137254901898,0.022727272727272728,0.08,0.057272727272727274,RECOVERY_PRIOR,0.022727272727272728,0.08,0.0434782608695652,COMPLETION_FEASIBLE_UNDER_SCENARIO,REPORT_CENTRAL_PLUS_SENSITIVITY_ENVELOPE;NOT_CONFIDENCE_INTERVAL,False
231.0,0.1,231.1,LOW_BASELINE,10.0,WAIT_05MIN,1.0,0.0,0.5928571428571429,0.5928571428571429,0.7428571428571429,0.15,0.2571428571428571,0.7891481000000019,-0.382000000000005,0.2270000000000038,4.694999999999993,NOT_ISSUED,957026d0fdecd88e4af9bada85c293064350365f4d7b62e86e59c3f8eb0231f7,0.5928571428571429,0.5857142857142857,0.6051948051948052,0.01948051948051943,0.5928571428571429,0.5692307692307692,0.6666666666666667,0.09743589743589753,0.5692307692307692,0.6666666666666667,0.09743589743589753,CROSS_YEAR_LOYO,0.5692307692307692,0.6666666666666667,0.5928571428571429,COMPLETION_FEASIBLE_UNDER_SCENARIO,REPORT_CENTRAL_PLUS_SENSITIVITY_ENVELOPE;NOT_CONFIDENCE_INTERVAL,False
231.0,0.25,231.25,LOW_BASELINE,10.0,WAIT_05MIN,1.0,0.0,0.4642857142857143,0.4642857142857143,0.7428571428571429,0.2785714285714286,0.2571428571428571,0.7891481000000019,-0.382000000000005,0.2270000000000038,4.694999999999993,NOT_ISSUED,957026d0fdecd88e4af9bada85c293064350365f4d7b62e86e59c3f8eb0231f7,0.4642857142857143,0.4548872180451128,0.48051948051948046,0.025632262474367673,0.4642857142857143,0.4153846153846154,0.5666666666666667,0.15128205128205124,0.4153846153846154,0.5666666666666667,0.15128205128205124,CROSS_YEAR_LOYO,0.4153846153846154,0.5666666666666667,0.4642857142857143,COMPLETION_FEASIBLE_UNDER_SCENARIO,REPORT_CENTRAL_PLUS_SENSITIVITY_ENVELOPE;NOT_CONFIDENCE_INTERVAL,False
231.0,0.5,231.5,LOW_BASELINE,10.0,WAIT_05MIN,1.0,0.0,0.3357142857142857,0.3357142857142857,0.7428571428571429,0.4071428571428571,0.2571428571428571,0.7891481000000019,-0.382000000000005,0.2270000000000038,4.694999999999993,NOT_ISSUED,957026d0fdecd88e4af9bada85c293064350365f4d7b62e86e59c3f8eb0231f7,0.33571428571428574,0.3240601503759398,0.35584415584415585,0.031784005468216026,0.3357142857142857,0.3230769230769231,0.3666666666666666,0.04358974358974349,0.3230769230769231,0.3666666666666666,0.04358974358974349,CROSS_YEAR_LOYO,0.3230769230769231,0.3666666666666666,0.3357142857142857,COMPLETION_FEASIBLE_UNDER_SCENARIO,REPORT_CENTRAL_PLUS_SENSITIVITY_ENVELOPE;NOT_CONFIDENCE_INTERVAL,False
231.0,1.0,232.0,LOW_BASELINE,10.0,WAIT_05MIN,1.0,0.0,0.25,0.25,0.7428571428571429,0.4928571428571429,0.2571428571428571,0.7891481000000019,-0.382000000000005,0.2270000000000038,4.694999999999993,NOT_ISSUED,957026d0fdecd88e4af9bada85c293064350365f4d7b62e86e59c3f8eb0231f7,0.25,0.23684210526315788,0.2727272727272727,0.035885167464114825,0.25,0.2,0.3333333333333333,0.1333333333333333,0.2,0.3333333333333333,0.1333333333333333,CROSS_YEAR_LOYO,0.2,0.3333333333333333,0.25,COMPLETION_FEASIBLE_UNDER_SCENARIO,REPORT_CENTRAL_PLUS_SENSITIVITY_ENVELOPE;NOT_CONFIDENCE_INTERVAL,False
231.0,0.1,231.1,LOW_BASELINE,10.0,WAIT_15MIN,0.0,1.0,0.5928571428571429,0.0,0.7428571428571429,0.15,0.2571428571428571,,,,,NOT_ISSUED,957026d0fdecd88e4af9bada85c293064350365f4d7b62e86e59c3f8eb0231f7,0.5928571428571429,0.5857142857142857,0.6051948051948052,0.01948051948051943,0.5928571428571429,0.5692307692307692,0.6666666666666667,0.09743589743589753,0.5692307692307692,0.6666666666666667,0.09743589743589753,CROSS_YEAR_LOYO,0.0,0.0,0.0,CUTOFF_BLOCKED,REPORT_CENTRAL_PLUS_SENSITIVITY_ENVELOPE;NOT_CONFIDENCE_INTERVAL,False
231.0,0.25,231.25,LOW_BASELINE,10.0,WAIT_15MIN,0.0,1.0,0.4642857142857143,0.0,0.7428571428571429,0.2785714285714286,0.2571428571428571,,,,,NOT_ISSUED,957026d0fdecd88e4af9bada85c293064350365f4d7b62e86e59c3f8eb0231f7,0.4642857142857143,0.4548872180451128,0.48051948051948046,0.025632262474367673,0.4642857142857143,0.4153846153846154,0.5666666666666667,0.15128205128205124,0.4153846153846154,0.5666666666666667,0.15128205128205124,CROSS_YEAR_LOYO,0.0,0.0,0.0,CUTOFF_BLOCKED,REPORT_CENTRAL_PLUS_SENSITIVITY_ENVELOPE;NOT_CONFIDENCE_INTERVAL,False
231.0,0.5,231.5,LOW_BASELINE,10.0,WAIT_15MIN,0.0,1.0,0.3357142857142857,0.0,0.7428571428571429,0.4071428571428571,0.2571428571428571,,,,,NOT_ISSUED,957026d0fdecd88e4af9bada85c293064350365f4d7b62e86e59c3f8eb0231f7,0.33571428571428574,0.3240601503759398,0.35584415584415585,0.031784005468216026,0.3357142857142857,0.3230769230769231,0.3666666666666666,0.04358974358974349,0.3230769230769231,0.3666666666666666,0.04358974358974349,CROSS_YEAR_LOYO,0.0,0.0,0.0,CUTOFF_BLOCKED,REPORT_CENTRAL_PLUS_SENSITIVITY_ENVELOPE;NOT_CONFIDENCE_INTERVAL,False
231.0,1.0,232.0,LOW_BASELINE,10.0,WAIT_15MIN,0.0,1.0,0.25,0.0,0.7428571428571429,0.4928571428571429,0.2571428571428571,,,,,NOT_ISSUED,957026d0fdecd88e4af9bada85c293064350365f4d7b62e86e59c3f8eb0231f7,0.25,0.23684210526315788,0.2727272727272727,0.035885167464114825,0.25,0.2,0.3333333333333333,0.1333333333333333,0.2,0.3333333333333333,0.1333333333333333,CROSS_YEAR_LOYO,0.0,0.0,0.0,CUTOFF_BLOCKED,REPORT_CENTRAL_PLUS_SENSITIVITY_ENVELOPE;NOT_CONFIDENCE_INTERVAL,False
231.0,0.1,231.1,LOW_BASELINE,10.0,WAIT_30MIN,0.0,1.0,0.5928571428571429,0.0,0.7428571428571429,0.15,0.2571428571428571,,,,,NOT_ISSUED,957026d0fdecd88e4af9bada85c293064350365f4d7b62e86e59c3f8eb0231f7,0.5928571428571429,0.5857142857142857,0.6051948051948052,0.01948051948051943,0.5928571428571429,0.5692307692307692,0.6666666666666667,0.09743589743589753,0.5692307692307692,0.6666666666666667,0.09743589743589753,CROSS_YEAR_LOYO,0.0,0.0,0.0,CUTOFF_BLOCKED,REPORT_CENTRAL_PLUS_SENSITIVITY_ENVELOPE;NOT_CONFIDENCE_INTERVAL,False
231.0,0.25,231.25,LOW_BASELINE,10.0,WAIT_30MIN,0.0,1.0,0.4642857142857143,0.0,0.7428571428571429,0.2785714285714286,0.2571428571428571,,,,,NOT_ISSUED,957026d0fdecd88e4af9bada85c293064350365f4d7b62e86e59c3f8eb0231f7,0.4642857142857143,0.4548872180451128,0.48051948051948046,0.025632262474367673,0.4642857142857143,0.4153846153846154,0.5666666666666667,0.15128205128205124,0.4153846153846154,0.5666666666666667,0.15128205128205124,CROSS_YEAR_LOYO,0.0,0.0,0.0,CUTOFF_BLOCKED,REPORT_CENTRAL_PLUS_SENSITIVITY_ENVELOPE;NOT_CONFIDENCE_INTERVAL,False
231.0,0.5,231.5,LOW_BASELINE,10.0,WAIT_30MIN,0.0,1.0,0.3357142857142857,0.0,0.7428571428571429,0.4071428571428571,0.2571428571428571,,,,,NOT_ISSUED,957026d0fdecd88e4af9bada85c293064350365f4d7b62e86e59c3f8eb0231f7,0.33571428571428574,0.3240601503759398,0.35584415584415585,0.031784005468216026,0.3357142857142857,0.3230769230769231,0.3666666666666666,0.04358974358974349,0.3230769230769231,0.3666666666666666,0.04358974358974349,CROSS_YEAR_LOYO,0.0,0.0,0.0,CUTOFF_BLOCKED,REPORT_CENTRAL_PLUS_SENSITIVITY_ENVELOPE;NOT_CONFIDENCE_INTERVAL,False
231.0,1.0,232.0,LOW_BASELINE,10.0,WAIT_30MIN,0.0,1.0,0.25,0.0,0.7428571428571429,0.4928571428571429,0.2571428571428571,,,,,NOT_ISSUED,957026d0fdecd88e4af9bada85c293064350365f4d7b62e86e59c3f8eb0231f7,0.25,0.23684210526315788,0.2727272727272727,0.035885167464114825,0.25,0.2,0.3333333333333333,0.1333333333333333,0.2,0.3333333333333333,0.1333333333333333,CROSS_YEAR_LOYO,0.0,0.0,0.0,CUTOFF_BLOCKED,REPORT_CENTRAL_PLUS_SENSITIVITY_ENVELOPE;NOT_CONFIDENCE_INTERVAL,False
231.0,0.1,231.1,LOW_BASELINE,10.0,WAIT_45MIN,0.0,1.0,0.5928571428571429,0.0,0.7428571428571429,0.15,0.2571428571428571,,,,,NOT_ISSUED,957026d0fdecd88e4af9bada85c293064350365f4d7b62e86e59c3f8eb0231f7,0.5928571428571429,0.5857142857142857,0.6051948051948052,0.01948051948051943,0.5928571428571429,0.5692307692307692,0.6666666666666667,0.09743589743589753,0.5692307692307692,0.6666666666666667,0.09743589743589753,CROSS_YEAR_LOYO,0.0,0.0,0.0,CUTOFF_BLOCKED,REPORT_CENTRAL_PLUS_SENSITIVITY_ENVELOPE;NOT_CONFIDENCE_INTERVAL,False
231.0,0.25,231.25,LOW_BASELINE,10.0,WAIT_45MIN,0.0,1.0,0.4642857142857143,0.0,0.7428571428571429,0.2785714285714286,0.2571428571428571,,,,,NOT_ISSUED,957026d0fdecd88e4af9bada85c293064350365f4d7b62e86e59c3f8eb0231f7,0.4642857142857143,0.4548872180451128,0.48051948051948046,0.025632262474367673,0.4642857142857143,0.4153846153846154,0.5666666666666667,0.15128205128205124,0.4153846153846154,0.5666666666666667,0.15128205128205124,CROSS_YEAR_LOYO,0.0,0.0,0.0,CUTOFF_BLOCKED,REPORT_CENTRAL_PLUS_SENSITIVITY_ENVELOPE;NOT_CONFIDENCE_INTERVAL,False
231.0,0.5,231.5,LOW_BASELINE,10.0,WAIT_45MIN,0.0,1.0,0.3357142857142857,0.0,0.7428571428571429,0.4071428571428571,0.2571428571428571,,,,,NOT_ISSUED,957026d0fdecd88e4af9bada85c293064350365f4d7b62e86e59c3f8eb0231f7,0.33571428571428574,0.3240601503759398,0.35584415584415585,0.031784005468216026,0.3357142857142857,0.3230769230769231,0.3666666666666666,0.04358974358974349,0.3230769230769231,0.3666666666666666,0.04358974358974349,CROSS_YEAR_LOYO,0.0,0.0,0.0,CUTOFF_BLOCKED,REPORT_CENTRAL_PLUS_SENSITIVITY_ENVELOPE;NOT_CONFIDENCE_INTERVAL,False
231.0,1.0,232.0,LOW_BASELINE,10.0,WAIT_45MIN,0.0,1.0,0.25,0.0,0.7428571428571429,0.4928571428571429,0.2571428571428571,,,,,NOT_ISSUED,957026d0fdecd88e4af9bada85c293064350365f4d7b62e86e59c3f8eb0231f7,0.25,0.23684210526315788,0.2727272727272727,0.035885167464114825,0.25,0.2,0.3333333333333333,0.1333333333333333,0.2,0.3333333333333333,0.1333333333333333,CROSS_YEAR_LOYO,0.0,0.0,0.0,CUTOFF_BLOCKED,REPORT_CENTRAL_PLUS_SENSITIVITY_ENVELOPE;NOT_CONFIDENCE_INTERVAL,False
231.0,0.1,231.1,LOW_BASELINE,20.0,WAIT_05MIN,1.0,0.0,0.5928571428571429,0.5928571428571429,0.7428571428571429,0.15,0.2571428571428571,0.788381410000002,-0.382000000000005,0.2270000000000038,4.694999999999993,NOT_ISSUED,957026d0fdecd88e4af9bada85c293064350365f4d7b62e86e59c3f8eb0231f7,0.5928571428571429,0.5857142857142857,0.6051948051948052,0.01948051948051943,0.5928571428571429,0.5692307692307692,0.6666666666666667,0.09743589743589753,0.5692307692307692,0.6666666666666667,0.09743589743589753,CROSS_YEAR_LOYO,0.5692307692307692,0.6666666666666667,0.5928571428571429,COMPLETION_FEASIBLE_UNDER_SCENARIO,REPORT_CENTRAL_PLUS_SENSITIVITY_ENVELOPE;NOT_CONFIDENCE_INTERVAL,False
231.0,0.25,231.25,LOW_BASELINE,20.0,WAIT_05MIN,1.0,0.0,0.4642857142857143,0.4642857142857143,0.7428571428571429,0.2785714285714286,0.2571428571428571,0.788381410000002,-0.382000000000005,0.2270000000000038,4.694999999999993,NOT_ISSUED,957026d0fdecd88e4af9bada85c293064350365f4d7b62e86e59c3f8eb0231f7,0.4642857142857143,0.4548872180451128,0.48051948051948046,0.025632262474367673,0.4642857142857143,0.4153846153846154,0.5666666666666667,0.15128205128205124,0.4153846153846154,0.5666666666666667,0.15128205128205124,CROSS_YEAR_LOYO,0.4153846153846154,0.5666666666666667,0.4642857142857143,COMPLETION_FEASIBLE_UNDER_SCENARIO,REPORT_CENTRAL_PLUS_SENSITIVITY_ENVELOPE;NOT_CONFIDENCE_INTERVAL,False
231.0,0.5,231.5,LOW_BASELINE,20.0,WAIT_05MIN,1.0,0.0,0.3357142857142857,0.3357142857142857,0.7428571428571429,0.4071428571428571,0.2571428571428571,0.788381410000002,-0.382000000000005,0.2270000000000038,4.694999999999993,NOT_ISSUED,957026d0fdecd88e4af9bada85c293064350365f4d7b62e86e59c3f8eb0231f7,0.33571428571428574,0.3240601503759398,0.35584415584415585,0.031784005468216026,0.3357142857142857,0.3230769230769231,0.3666666666666666,0.04358974358974349,0.3230769230769231,0.3666666666666666,0.04358974358974349,CROSS_YEAR_LOYO,0.3230769230769231,0.3666666666666666,0.3357142857142857,COMPLETION_FEASIBLE_UNDER_SCENARIO,REPORT_CENTRAL_PLUS_SENSITIVITY_ENVELOPE;NOT_CONFIDENCE_INTERVAL,False
231.0,1.0,232.0,LOW_BASELINE,20.0,WAIT_05MIN,1.0,0.0,0.25,0.25,0.7428571428571429,0.4928571428571429,0.2571428571428571,0.788381410000002,-0.382000000000005,0.2270000000000038,4.694999999999993,NOT_ISSUED,957026d0fdecd88e4af9bada85c293064350365f4d7b62e86e59c3f8eb0231f7,0.25,0.23684210526315788,0.2727272727272727,0.035885167464114825,0.25,0.2,0.3333333333333333,0.1333333333333333,0.2,0.3333333333333333,0.1333333333333333,CROSS_YEAR_LOYO,0.2,0.3333333333333333,0.25,COMPLETION_FEASIBLE_UNDER_SCENARIO,REPORT_CENTRAL_PLUS_SENSITIVITY_ENVELOPE;NOT_CONFIDENCE_INTERVAL,False
231.0,0.1,231.1,LOW_BASELINE,20.0,WAIT_15MIN,1.0,0.0,0.5928571428571429,0.5928571428571429,0.7428571428571429,0.15,0.2571428571428571,0.7865587100000019,-0.382000000000005,0.2270000000000038,4.694999999999993,NOT_ISSUED,957026d0fdecd88e4af9bada85c293064350365f4d7b62e86e59c3f8eb0231f7,0.5928571428571429,0.5857142857142857,0.6051948051948052,0.01948051948051943,0.5928571428571429,0.5692307692307692,0.6666666666666667,0.09743589743589753,0.5692307692307692,0.6666666666666667,0.09743589743589753,CROSS_YEAR_LOYO,0.5692307692307692,0.6666666666666667,0.5928571428571429,COMPLETION_FEASIBLE_UNDER_SCENARIO,REPORT_CENTRAL_PLUS_SENSITIVITY_ENVELOPE;NOT_CONFIDENCE_INTERVAL,False
231.0,0.25,231.25,LOW_BASELINE,20.0,WAIT_15MIN,1.0,0.0,0.4642857142857143,0.4642857142857143,0.7428571428571429,0.2785714285714286,0.2571428571428571,0.7865587100000019,-0.382000000000005,0.2270000000000038,4.694999999999993,NOT_ISSUED,957026d0fdecd88e4af9bada85c293064350365f4d7b62e86e59c3f8eb0231f7,0.4642857142857143,0.4548872180451128,0.48051948051948046,0.025632262474367673,0.4642857142857143,0.4153846153846154,0.5666666666666667,0.15128205128205124,0.4153846153846154,0.5666666666666667,0.15128205128205124,CROSS_YEAR_LOYO,0.4153846153846154,0.5666666666666667,0.4642857142857143,COMPLETION_FEASIBLE_UNDER_SCENARIO,REPORT_CENTRAL_PLUS_SENSITIVITY_ENVELOPE;NOT_CONFIDENCE_INTERVAL,False
231.0,0.5,231.5,LOW_BASELINE,20.0,WAIT_15MIN,1.0,0.0,0.3357142857142857,0.3357142857142857,0.7428571428571429,0.4071428571428571,0.2571428571428571,0.7865587100000019,-0.382000000000005,0.2270000000000038,4.694999999999993,NOT_ISSUED,957026d0fdecd88e4af9bada85c293064350365f4d7b62e86e59c3f8eb0231f7,0.33571428571428574,0.3240601503759398,0.35584415584415585,0.031784005468216026,0.3357142857142857,0.3230769230769231,0.3666666666666666,0.04358974358974349,0.3230769230769231,0.3666666666666666,0.04358974358974349,CROSS_YEAR_LOYO,0.3230769230769231,0.3666666666666666,0.3357142857142857,COMPLETION_FEASIBLE_UNDER_SCENARIO,REPORT_CENTRAL_PLUS_SENSITIVITY_ENVELOPE;NOT_CONFIDENCE_INTERVAL,False
231.0,1.0,232.0,LOW_BASELINE,20.0,WAIT_15MIN,1.0,0.0,0.25,0.25,0.7428571428571429,0.4928571428571429,0.2571428571428571,0.7865587100000019,-0.382000000000005,0.2270000000000038,4.694999999999993,NOT_ISSUED,957026d0fdecd88e4af9bada85c293064350365f4d7b62e86e59c3f8eb0231f7,0.25,0.23684210526315788,0.2727272727272727,0.035885167464114825,0.25,0.2,0.3333333333333333,0.1333333333333333,0.2,0.3333333333333333,0.1333333333333333,CROSS_YEAR_LOYO,0.2,0.3333333333333333,0.25,COMPLETION_FEASIBLE_UNDER_SCENARIO,REPORT_CENTRAL_PLUS_SENSITIVITY_ENVELOPE;NOT_CONFIDENCE_INTERVAL,False
231.0,0.1,231.1,LOW_BASELINE,20.0,WAIT_30MIN,0.0,1.0,0.5928571428571429,0.0,0.7428571428571429,0.15,0.2571428571428571,,,,,NOT_ISSUED,957026d0fdecd88e4af9bada85c293064350365f4d7b62e86e59c3f8eb0231f7,0.5928571428571429,0.5857142857142857,0.6051948051948052,0.01948051948051943,0.5928571428571429,0.5692307692307692,0.6666666666666667,0.09743589743589753,0.5692307692307692,0.6666666666666667,0.09743589743589753,CROSS_YEAR_LOYO,0.0,0.0,0.0,CUTOFF_BLOCKED,REPORT_CENTRAL_PLUS_SENSITIVITY_ENVELOPE;NOT_CONFIDENCE_INTERVAL,False
231.0,0.25,231.25,LOW_BASELINE,20.0,WAIT_30MIN,0.0,1.0,0.4642857142857143,0.0,0.7428571428571429,0.2785714285714286,0.2571428571428571,,,,,NOT_ISSUED,957026d0fdecd88e4af9bada85c293064350365f4d7b62e86e59c3f8eb0231f7,0.4642857142857143,0.4548872180451128,0.48051948051948046,0.025632262474367673,0.4642857142857143,0.4153846153846154,0.5666666666666667,0.15128205128205124,0.4153846153846154,0.5666666666666667,0.15128205128205124,CROSS_YEAR_LOYO,0.0,0.0,0.0,CUTOFF_BLOCKED,REPORT_CENTRAL_PLUS_SENSITIVITY_ENVELOPE;NOT_CONFIDENCE_INTERVAL,False
231.0,0.5,231.5,LOW_BASELINE,20.0,WAIT_30MIN,0.0,1.0,0.3357142857142857,0.0,0.7428571428571429,0.4071428571428571,0.2571428571428571,,,,,NOT_ISSUED,957026d0fdecd88e4af9bada85c293064350365f4d7b62e86e59c3f8eb0231f7,0.33571428571428574,0.3240601503759398,0.35584415584415585,0.031784005468216026,0.3357142857142857,0.3230769230769231,0.3666666666666666,0.04358974358974349,0.3230769230769231,0.3666666666666666,0.04358974358974349,CROSS_YEAR_LOYO,0.0,0.0,0.0,CUTOFF_BLOCKED,REPORT_CENTRAL_PLUS_SENSITIVITY_ENVELOPE;NOT_CONFIDENCE_INTERVAL,False
231.0,1.0,232.0,LOW_BASELINE,20.0,WAIT_30MIN,0.0,1.0,0.25,0.0,0.7428571428571429,0.4928571428571429,0.2571428571428571,,,,,NOT_ISSUED,957026d0fdecd88e4af9bada85c293064350365f4d7b62e86e59c3f8eb0231f7,0.25,0.23684210526315788,0.2727272727272727,0.035885167464114825,0.25,0.2,0.3333333333333333,0.1333333333333333,0.2,0.3333333333333333,0.1333333333333333,CROSS_YEAR_LOYO,0.0,0.0,0.0,CUTOFF_BLOCKED,REPORT_CENTRAL_PLUS_SENSITIVITY_ENVELOPE;NOT_CONFIDENCE_INTERVAL,False
231.0,0.1,231.1,LOW_BASELINE,20.0,WAIT_45MIN,0.0,1.0,0.5928571428571429,0.0,0.7428571428571429,0.15,0.2571428571428571,,,,,NOT_ISSUED,957026d0fdecd88e4af9bada85c293064350365f4d7b62e86e59c3f8eb0231f7,0.5928571428571429,0.5857142857142857,0.6051948051948052,0.01948051948051943,0.5928571428571429,0.5692307692307692,0.6666666666666667,0.09743589743589753,0.5692307692307692,0.6666666666666667,0.09743589743589753,CROSS_YEAR_LOYO,0.0,0.0,0.0,CUTOFF_BLOCKED,REPORT_CENTRAL_PLUS_SENSITIVITY_ENVELOPE;NOT_CONFIDENCE_INTERVAL,False
231.0,0.25,231.25,LOW_BASELINE,20.0,WAIT_45MIN,0.0,1.0,0.4642857142857143,0.0,0.7428571428571429,0.2785714285714286,0.2571428571428571,,,,,NOT_ISSUED,957026d0fdecd88e4af9bada85c293064350365f4d7b62e86e59c3f8eb0231f7,0.4642857142857143,0.4548872180451128,0.48051948051948046,0.025632262474367673,0.4642857142857143,0.4153846153846154,0.5666666666666667,0.15128205128205124,0.4153846153846154,0.5666666666666667,0.15128205128205124,CROSS_YEAR_LOYO,0.0,0.0,0.0,CUTOFF_BLOCKED,REPORT_CENTRAL_PLUS_SENSITIVITY_ENVELOPE;NOT_CONFIDENCE_INTERVAL,False
231.0,0.5,231.5,LOW_BASELINE,20.0,WAIT_45MIN,0.0,1.0,0.3357142857142857,0.0,0.7428571428571429,0.4071428571428571,0.2571428571428571,,,,,NOT_ISSUED,957026d0fdecd88e4af9bada85c293064350365f4d7b62e86e59c3f8eb0231f7,0.33571428571428574,0.3240601503759398,0.35584415584415585,0.031784005468216026,0.3357142857142857,0.3230769230769231,0.3666666666666666,0.04358974358974349,0.3230769230769231,0.3666666666666666,0.04358974358974349,CROSS_YEAR_LOYO,0.0,0.0,0.0,CUTOFF_BLOCKED,REPORT_CENTRAL_PLUS_SENSITIVITY_ENVELOPE;NOT_CONFIDENCE_INTERVAL,False
231.0,1.0,232.0,LOW_BASELINE,20.0,WAIT_45MIN,0.0,1.0,0.25,0.0,0.7428571428571429,0.4928571428571429,0.2571428571428571,,,,,NOT_ISSUED,957026d0fdecd88e4af9bada85c293064350365f4d7b62e86e59c3f8eb0231f7,0.25,0.23684210526315788,0.2727272727272727,0.035885167464114825,0.25,0.2,0.3333333333333333,0.1333333333333333,0.2,0.3333333333333333,0.1333333333333333,CROSS_YEAR_LOYO,0.0,0.0,0.0,CUTOFF_BLOCKED,REPORT_CENTRAL_PLUS_SENSITIVITY_ENVELOPE;NOT_CONFIDENCE_INTERVAL,False
231.0,0.1,231.1,LOW_BASELINE,30.0,WAIT_05MIN,1.0,0.0,0.5928571428571429,0.5928571428571429,0.7428571428571429,0.15,0.2571428571428571,0.7914920400000018,-0.382000000000005,0.2270000000000038,4.694999999999993,NOT_ISSUED,957026d0fdecd88e4af9bada85c293064350365f4d7b62e86e59c3f8eb0231f7,0.5928571428571429,0.5857142857142857,0.6051948051948052,0.01948051948051943,0.5928571428571429,0.5692307692307692,0.6666666666666667,0.09743589743589753,0.5692307692307692,0.6666666666666667,0.09743589743589753,CROSS_YEAR_LOYO,0.5692307692307692,0.6666666666666667,0.5928571428571429,COMPLETION_FEASIBLE_UNDER_SCENARIO,REPORT_CENTRAL_PLUS_SENSITIVITY_ENVELOPE;NOT_CONFIDENCE_INTERVAL,False
231.0,0.25,231.25,LOW_BASELINE,30.0,WAIT_05MIN,1.0,0.0,0.4642857142857143,0.4642857142857143,0.7428571428571429,0.2785714285714286,0.2571428571428571,0.7914920400000018,-0.382000000000005,0.2270000000000038,4.694999999999993,NOT_ISSUED,957026d0fdecd88e4af9bada85c293064350365f4d7b62e86e59c3f8eb0231f7,0.4642857142857143,0.4548872180451128,0.48051948051948046,0.025632262474367673,0.4642857142857143,0.4153846153846154,0.5666666666666667,0.15128205128205124,0.4153846153846154,0.5666666666666667,0.15128205128205124,CROSS_YEAR_LOYO,0.4153846153846154,0.5666666666666667,0.4642857142857143,COMPLETION_FEASIBLE_UNDER_SCENARIO,REPORT_CENTRAL_PLUS_SENSITIVITY_ENVELOPE;NOT_CONFIDENCE_INTERVAL,False
231.0,0.5,231.5,LOW_BASELINE,30.0,WAIT_05MIN,1.0,0.0,0.3357142857142857,0.3357142857142857,0.7428571428571429,0.4071428571428571,0.2571428571428571,0.7914920400000018,-0.382000000000005,0.2270000000000038,4.694999999999993,NOT_ISSUED,957026d0fdecd88e4af9bada85c293064350365f4d7b62e86e59c3f8eb0231f7,0.33571428571428574,0.3240601503759398,0.35584415584415585,0.031784005468216026,0.3357142857142857,0.3230769230769231,0.3666666666666666,0.04358974358974349,0.3230769230769231,0.3666666666666666,0.04358974358974349,CROSS_YEAR_LOYO,0.3230769230769231,0.3666666666666666,0.3357142857142857,COMPLETION_FEASIBLE_UNDER_SCENARIO,REPORT_CENTRAL_PLUS_SENSITIVITY_ENVELOPE;NOT_CONFIDENCE_INTERVAL,False
231.0,1.0,232.0,LOW_BASELINE,30.0,WAIT_05MIN,1.0,0.0,0.25,0.25,0.7428571428571429,0.4928571428571429,0.2571428571428571,0.7914920400000018,-0.382000000000005,0.2270000000000038,4.694999999999993,NOT_ISSUED,957026d0fdecd88e4af9bada85c293064350365f4d7b62e86e59c3f8eb0231f7,0.25,0.23684210526315788,0.2727272727272727,0.035885167464114825,0.25,0.2,0.3333333333333333,0.1333333333333333,0.2,0.3333333333333333,0.1333333333333333,CROSS_YEAR_LOYO,0.2,0.3333333333333333,0.25,COMPLETION_FEASIBLE_UNDER_SCENARIO,REPORT_CENTRAL_PLUS_SENSITIVITY_ENVELOPE;NOT_CONFIDENCE_INTERVAL,False
231.0,0.1,231.1,LOW_BASELINE,30.0,WAIT_15MIN,1.0,0.0,0.5928571428571429,0.5928571428571429,0.7428571428571429,0.15,0.2571428571428571,0.787084060000002,-0.382000000000005,0.2270000000000038,4.694999999999993,NOT_ISSUED,957026d0fdecd88e4af9bada85c293064350365f4d7b62e86e59c3f8eb0231f7,0.5928571428571429,0.5857142857142857,0.6051948051948052,0.01948051948051943,0.5928571428571429,0.5692307692307692,0.6666666666666667,0.09743589743589753,0.5692307692307692,0.6666666666666667,0.09743589743589753,CROSS_YEAR_LOYO,0.5692307692307692,0.6666666666666667,0.5928571428571429,COMPLETION_FEASIBLE_UNDER_SCENARIO,REPORT_CENTRAL_PLUS_SENSITIVITY_ENVELOPE;NOT_CONFIDENCE_INTERVAL,False
231.0,0.25,231.25,LOW_BASELINE,30.0,WAIT_15MIN,1.0,0.0,0.4642857142857143,0.4642857142857143,0.7428571428571429,0.2785714285714286,0.2571428571428571,0.787084060000002,-0.382000000000005,0.2270000000000038,4.694999999999993,NOT_ISSUED,957026d0fdecd88e4af9bada85c293064350365f4d7b62e86e59c3f8eb0231f7,0.4642857142857143,0.4548872180451128,0.48051948051948046,0.025632262474367673,0.4642857142857143,0.4153846153846154,0.5666666666666667,0.15128205128205124,0.4153846153846154,0.5666666666666667,0.15128205128205124,CROSS_YEAR_LOYO,0.4153846153846154,0.5666666666666667,0.4642857142857143,COMPLETION_FEASIBLE_UNDER_SCENARIO,REPORT_CENTRAL_PLUS_SENSITIVITY_ENVELOPE;NOT_CONFIDENCE_INTERVAL,False
231.0,0.5,231.5,LOW_BASELINE,30.0,WAIT_15MIN,1.0,0.0,0.3357142857142857,0.3357142857142857,0.7428571428571429,0.4071428571428571,0.2571428571428571,0.787084060000002,-0.382000000000005,0.2270000000000038,4.694999999999993,NOT_ISSUED,957026d0fdecd88e4af9bada85c293064350365f4d7b62e86e59c3f8eb0231f7,0.33571428571428574,0.3240601503759398,0.35584415584415585,0.031784005468216026,0.3357142857142857,0.3230769230769231,0.3666666666666666,0.04358974358974349,0.3230769230769231,0.3666666666666666,0.04358974358974349,CROSS_YEAR_LOYO,0.3230769230769231,0.3666666666666666,0.3357142857142857,COMPLETION_FEASIBLE_UNDER_SCENARIO,REPORT_CENTRAL_PLUS_SENSITIVITY_ENVELOPE;NOT_CONFIDENCE_INTERVAL,False
231.0,1.0,232.0,LOW_BASELINE,30.0,WAIT_15MIN,1.0,0.0,0.25,0.25,0.7428571428571429,0.4928571428571429,0.2571428571428571,0.787084060000002,-0.382000000000005,0.2270000000000038,4.694999999999993,NOT_ISSUED,957026d0fdecd88e4af9bada85c293064350365f4d7b62e86e59c3f8eb0231f7,0.25,0.23684210526315788,0.2727272727272727,0.035885167464114825,0.25,0.2,0.3333333333333333,0.1333333333333333,0.2,0.3333333333333333,0.1333333333333333,CROSS_YEAR_LOYO,0.2,0.3333333333333333,0.25,COMPLETION_FEASIBLE_UNDER_SCENARIO,REPORT_CENTRAL_PLUS_SENSITIVITY_ENVELOPE;NOT_CONFIDENCE_INTERVAL,False
231.0,0.1,231.1,LOW_BASELINE,30.0,WAIT_30MIN,0.0,1.0,0.5928571428571429,0.0,0.7428571428571429,0.15,0.2571428571428571,,,,,NOT_ISSUED,957026d0fdecd88e4af9bada85c293064350365f4d7b62e86e59c3f8eb0231f7,0.5928571428571429,0.5857142857142857,0.6051948051948052,0.01948051948051943,0.5928571428571429,0.5692307692307692,0.6666666666666667,0.09743589743589753,0.5692307692307692,0.6666666666666667,0.09743589743589753,CROSS_YEAR_LOYO,0.0,0.0,0.0,CUTOFF_BLOCKED,REPORT_CENTRAL_PLUS_SENSITIVITY_ENVELOPE;NOT_CONFIDENCE_INTERVAL,False
231.0,0.25,231.25,LOW_BASELINE,30.0,WAIT_30MIN,0.0,1.0,0.4642857142857143,0.0,0.7428571428571429,0.2785714285714286,0.2571428571428571,,,,,NOT_ISSUED,957026d0fdecd88e4af9bada85c293064350365f4d7b62e86e59c3f8eb0231f7,0.4642857142857143,0.4548872180451128,0.48051948051948046,0.025632262474367673,0.4642857142857143,0.4153846153846154,0.5666666666666667,0.15128205128205124,0.4153846153846154,0.5666666666666667,0.15128205128205124,CROSS_YEAR_LOYO,0.0,0.0,0.0,CUTOFF_BLOCKED,REPORT_CENTRAL_PLUS_SENSITIVITY_ENVELOPE;NOT_CONFIDENCE_INTERVAL,False
231.0,0.5,231.5,LOW_BASELINE,30.0,WAIT_30MIN,0.0,1.0,0.3357142857142857,0.0,0.7428571428571429,0.4071428571428571,0.2571428571428571,,,,,NOT_ISSUED,957026d0fdecd88e4af9bada85c293064350365f4d7b62e86e59c3f8eb0231f7,0.33571428571428574,0.3240601503759398,0.35584415584415585,0.031784005468216026,0.3357142857142857,0.3230769230769231,0.3666666666666666,0.04358974358974349,0.3230769230769231,0.3666666666666666,0.04358974358974349,CROSS_YEAR_LOYO,0.0,0.0,0.0,CUTOFF_BLOCKED,REPORT_CENTRAL_PLUS_SENSITIVITY_ENVELOPE;NOT_CONFIDENCE_INTERVAL,False
231.0,1.0,232.0,LOW_BASELINE,30.0,WAIT_30MIN,0.0,1.0,0.25,0.0,0.7428571428571429,0.4928571428571429,0.2571428571428571,,,,,NOT_ISSUED,957026d0fdecd88e4af9bada85c293064350365f4d7b62e86e59c3f8eb0231f7,0.25,0.23684210526315788,0.2727272727272727,0.035885167464114825,0.25,0.2,0.3333333333333333,0.1333333333333333,0.2,0.3333333333333333,0.1333333333333333,CROSS_YEAR_LOYO,0.0,0.0,0.0,CUTOFF_BLOCKED,REPORT_CENTRAL_PLUS_SENSITIVITY_ENVELOPE;NOT_CONFIDENCE_INTERVAL,False
231.0,0.1,231.1,LOW_BASELINE,30.0,WAIT_45MIN,0.0,1.0,0.5928571428571429,0.0,0.7428571428571429,0.15,0.2571428571428571,,,,,NOT_ISSUED,957026d0fdecd88e4af9bada85c293064350365f4d7b62e86e59c3f8eb0231f7,0.5928571428571429,0.5857142857142857,0.6051948051948052,0.01948051948051943,0.5928571428571429,0.5692307692307692,0.6666666666666667,0.09743589743589753,0.5692307692307692,0.6666666666666667,0.09743589743589753,CROSS_YEAR_LOYO,0.0,0.0,0.0,CUTOFF_BLOCKED,REPORT_CENTRAL_PLUS_SENSITIVITY_ENVELOPE;NOT_CONFIDENCE_INTERVAL,False
231.0,0.25,231.25,LOW_BASELINE,30.0,WAIT_45MIN,0.0,1.0,0.4642857142857143,0.0,0.7428571428571429,0.2785714285714286,0.2571428571428571,,,,,NOT_ISSUED,957026d0fdecd88e4af9bada85c293064350365f4d7b62e86e59c3f8eb0231f7,0.4642857142857143,0.4548872180451128,0.48051948051948046,0.025632262474367673,0.4642857142857143,0.4153846153846154,0.5666666666666667,0.15128205128205124,0.4153846153846154,0.5666666666666667,0.15128205128205124,CROSS_YEAR_LOYO,0.0,0.0,0.0,CUTOFF_BLOCKED,REPORT_CENTRAL_PLUS_SENSITIVITY_ENVELOPE;NOT_CONFIDENCE_INTERVAL,False
231.0,0.5,231.5,LOW_BASELINE,30.0,WAIT_45MIN,0.0,1.0,0.3357142857142857,0.0,0.7428571428571429,0.4071428571428571,0.2571428571428571,,,,,NOT_ISSUED,957026d0fdecd88e4af9bada85c293064350365f4d7b62e86e59c3f8eb0231f7,0.33571428571428574,0.3240601503759398,0.35584415584415585,0.031784005468216026,0.3357142857142857,0.3230769230769231,0.3666666666666666,0.04358974358974349,0.3230769230769231,0.3666666666666666,0.04358974358974349,CROSS_YEAR_LOYO,0.0,0.0,0.0,CUTOFF_BLOCKED,REPORT_CENTRAL_PLUS_SENSITIVITY_ENVELOPE;NOT_CONFIDENCE_INTERVAL,False
231.0,1.0,232.0,LOW_BASELINE,30.0,WAIT_45MIN,0.0,1.0,0.25,0.0,0.7428571428571429,0.4928571428571429,0.2571428571428571,,,,,NOT_ISSUED,957026d0fdecd88e4af9bada85c293064350365f4d7b62e86e59c3f8eb0231f7,0.25,0.23684210526315788,0.2727272727272727,0.035885167464114825,0.25,0.2,0.3333333333333333,0.1333333333333333,0.2,0.3333333333333333,0.1333333333333333,CROSS_YEAR_LOYO,0.0,0.0,0.0,CUTOFF_BLOCKED,REPORT_CENTRAL_PLUS_SENSITIVITY_ENVELOPE;NOT_CONFIDENCE_INTERVAL,False
231.0,0.1,231.1,LOW_BASELINE,45.0,WAIT_05MIN,1.0,0.0,0.5928571428571429,0.5928571428571429,0.7428571428571429,0.15,0.2571428571428571,0.7858239900000018,-0.382000000000005,0.2270000000000038,4.694999999999993,NOT_ISSUED,957026d0fdecd88e4af9bada85c293064350365f4d7b62e86e59c3f8eb0231f7,0.5928571428571429,0.5857142857142857,0.6051948051948052,0.01948051948051943,0.5928571428571429,0.5692307692307692,0.6666666666666667,0.09743589743589753,0.5692307692307692,0.6666666666666667,0.09743589743589753,CROSS_YEAR_LOYO,0.5692307692307692,0.6666666666666667,0.5928571428571429,COMPLETION_FEASIBLE_UNDER_SCENARIO,REPORT_CENTRAL_PLUS_SENSITIVITY_ENVELOPE;NOT_CONFIDENCE_INTERVAL,False
231.0,0.25,231.25,LOW_BASELINE,45.0,WAIT_05MIN,1.0,0.0,0.4642857142857143,0.4642857142857143,0.7428571428571429,0.2785714285714286,0.2571428571428571,0.7858239900000018,-0.382000000000005,0.2270000000000038,4.694999999999993,NOT_ISSUED,957026d0fdecd88e4af9bada85c293064350365f4d7b62e86e59c3f8eb0231f7,0.4642857142857143,0.4548872180451128,0.48051948051948046,0.025632262474367673,0.4642857142857143,0.4153846153846154,0.5666666666666667,0.15128205128205124,0.4153846153846154,0.5666666666666667,0.15128205128205124,CROSS_YEAR_LOYO,0.4153846153846154,0.5666666666666667,0.4642857142857143,COMPLETION_FEASIBLE_UNDER_SCENARIO,REPORT_CENTRAL_PLUS_SENSITIVITY_ENVELOPE;NOT_CONFIDENCE_INTERVAL,False
231.0,0.5,231.5,LOW_BASELINE,45.0,WAIT_05MIN,1.0,0.0,0.3357142857142857,0.3357142857142857,0.7428571428571429,0.4071428571428571,0.2571428571428571,0.7858239900000018,-0.382000000000005,0.2270000000000038,4.694999999999993,NOT_ISSUED,957026d0fdecd88e4af9bada85c293064350365f4d7b62e86e59c3f8eb0231f7,0.33571428571428574,0.3240601503759398,0.35584415584415585,0.031784005468216026,0.3357142857142857,0.3230769230769231,0.3666666666666666,0.04358974358974349,0.3230769230769231,0.3666666666666666,0.04358974358974349,CROSS_YEAR_LOYO,0.3230769230769231,0.3666666666666666,0.3357142857142857,COMPLETION_FEASIBLE_UNDER_SCENARIO,REPORT_CENTRAL_PLUS_SENSITIVITY_ENVELOPE;NOT_CONFIDENCE_INTERVAL,False
231.0,1.0,232.0,LOW_BASELINE,45.0,WAIT_05MIN,1.0,0.0,0.25,0.25,0.7428571428571429,0.4928571428571429,0.2571428571428571,0.7858239900000018,-0.382000000000005,0.2270000000000038,4.694999999999993,NOT_ISSUED,957026d0fdecd88e4af9bada85c293064350365f4d7b62e86e59c3f8eb0231f7,0.25,0.23684210526315788,0.2727272727272727,0.035885167464114825,0.25,0.2,0.3333333333333333,0.1333333333333333,0.2,0.3333333333333333,0.1333333333333333,CROSS_YEAR_LOYO,0.2,0.3333333333333333,0.25,COMPLETION_FEASIBLE_UNDER_SCENARIO,REPORT_CENTRAL_PLUS_SENSITIVITY_ENVELOPE;NOT_CONFIDENCE_INTERVAL,False
231.0,0.1,231.1,LOW_BASELINE,45.0,WAIT_15MIN,1.0,0.0,0.5928571428571429,0.5928571428571429,0.7428571428571429,0.15,0.2571428571428571,0.7888977300000019,-0.382000000000005,0.2270000000000038,4.694999999999993,NOT_ISSUED,957026d0fdecd88e4af9bada85c293064350365f4d7b62e86e59c3f8eb0231f7,0.5928571428571429,0.5857142857142857,0.6051948051948052,0.01948051948051943,0.5928571428571429,0.5692307692307692,0.6666666666666667,0.09743589743589753,0.5692307692307692,0.6666666666666667,0.09743589743589753,CROSS_YEAR_LOYO,0.5692307692307692,0.6666666666666667,0.5928571428571429,COMPLETION_FEASIBLE_UNDER_SCENARIO,REPORT_CENTRAL_PLUS_SENSITIVITY_ENVELOPE;NOT_CONFIDENCE_INTERVAL,False
231.0,0.25,231.25,LOW_BASELINE,45.0,WAIT_15MIN,1.0,0.0,0.4642857142857143,0.4642857142857143,0.7428571428571429,0.2785714285714286,0.2571428571428571,0.7888977300000019,-0.382000000000005,0.2270000000000038,4.694999999999993,NOT_ISSUED,957026d0fdecd88e4af9bada85c293064350365f4d7b62e86e59c3f8eb0231f7,0.4642857142857143,0.4548872180451128,0.48051948051948046,0.025632262474367673,0.4642857142857143,0.4153846153846154,0.5666666666666667,0.15128205128205124,0.4153846153846154,0.5666666666666667,0.15128205128205124,CROSS_YEAR_LOYO,0.4153846153846154,0.5666666666666667,0.4642857142857143,COMPLETION_FEASIBLE_UNDER_SCENARIO,REPORT_CENTRAL_PLUS_SENSITIVITY_ENVELOPE;NOT_CONFIDENCE_INTERVAL,False
231.0,0.5,231.5,LOW_BASELINE,45.0,WAIT_15MIN,1.0,0.0,0.3357142857142857,0.3357142857142857,0.7428571428571429,0.4071428571428571,0.2571428571428571,0.7888977300000019,-0.382000000000005,0.2270000000000038,4.694999999999993,NOT_ISSUED,957026d0fdecd88e4af9bada85c293064350365f4d7b62e86e59c3f8eb0231f7,0.33571428571428574,0.3240601503759398,0.35584415584415585,0.031784005468216026,0.3357142857142857,0.3230769230769231,0.3666666666666666,0.04358974358974349,0.3230769230769231,0.3666666666666666,0.04358974358974349,CROSS_YEAR_LOYO,0.3230769230769231,0.3666666666666666,0.3357142857142857,COMPLETION_FEASIBLE_UNDER_SCENARIO,REPORT_CENTRAL_PLUS_SENSITIVITY_ENVELOPE;NOT_CONFIDENCE_INTERVAL,False
231.0,1.0,232.0,LOW_BASELINE,45.0,WAIT_15MIN,1.0,0.0,0.25,0.25,0.7428571428571429,0.4928571428571429,0.2571428571428571,0.7888977300000019,-0.382000000000005,0.2270000000000038,4.694999999999993,NOT_ISSUED,957026d0fdecd88e4af9bada85c293064350365f4d7b62e86e59c3f8eb0231f7,0.25,0.23684210526315788,0.2727272727272727,0.035885167464114825,0.25,0.2,0.3333333333333333,0.1333333333333333,0.2,0.3333333333333333,0.1333333333333333,CROSS_YEAR_LOYO,0.2,0.3333333333333333,0.25,COMPLETION_FEASIBLE_UNDER_SCENARIO,REPORT_CENTRAL_PLUS_SENSITIVITY_ENVELOPE;NOT_CONFIDENCE_INTERVAL,False
231.0,0.1,231.1,LOW_BASELINE,45.0,WAIT_30MIN,1.0,0.0,0.5928571428571429,0.5928571428571429,0.7428571428571429,0.15,0.2571428571428571,0.7848542300000019,-0.382000000000005,0.2270000000000038,4.694999999999993,NOT_ISSUED,957026d0fdecd88e4af9bada85c293064350365f4d7b62e86e59c3f8eb0231f7,0.5928571428571429,0.5857142857142857,0.6051948051948052,0.01948051948051943,0.5928571428571429,0.5692307692307692,0.6666666666666667,0.09743589743589753,0.5692307692307692,0.6666666666666667,0.09743589743589753,CROSS_YEAR_LOYO,0.5692307692307692,0.6666666666666667,0.5928571428571429,COMPLETION_FEASIBLE_UNDER_SCENARIO,REPORT_CENTRAL_PLUS_SENSITIVITY_ENVELOPE;NOT_CONFIDENCE_INTERVAL,False
231.0,0.25,231.25,LOW_BASELINE,45.0,WAIT_30MIN,1.0,0.0,0.4642857142857143,0.4642857142857143,0.7428571428571429,0.2785714285714286,0.2571428571428571,0.7848542300000019,-0.382000000000005,0.2270000000000038,4.694999999999993,NOT_ISSUED,957026d0fdecd88e4af9bada85c293064350365f4d7b62e86e59c3f8eb0231f7,0.4642857142857143,0.4548872180451128,0.48051948051948046,0.025632262474367673,0.4642857142857143,0.4153846153846154,0.5666666666666667,0.15128205128205124,0.4153846153846154,0.5666666666666667,0.15128205128205124,CROSS_YEAR_LOYO,0.4153846153846154,0.5666666666666667,0.4642857142857143,COMPLETION_FEASIBLE_UNDER_SCENARIO,REPORT_CENTRAL_PLUS_SENSITIVITY_ENVELOPE;NOT_CONFIDENCE_INTERVAL,False
231.0,0.5,231.5,LOW_BASELINE,45.0,WAIT_30MIN,1.0,0.0,0.3357142857142857,0.3357142857142857,0.7428571428571429,0.4071428571428571,0.2571428571428571,0.7848542300000019,-0.382000000000005,0.2270000000000038,4.694999999999993,NOT_ISSUED,957026d0fdecd88e4af9bada85c293064350365f4d7b62e86e59c3f8eb0231f7,0.33571428571428574,0.3240601503759398,0.35584415584415585,0.031784005468216026,0.3357142857142857,0.3230769230769231,0.3666666666666666,0.04358974358974349,0.3230769230769231,0.3666666666666666,0.04358974358974349,CROSS_YEAR_LOYO,0.3230769230769231,0.3666666666666666,0.3357142857142857,COMPLETION_FEASIBLE_UNDER_SCENARIO,REPORT_CENTRAL_PLUS_SENSITIVITY_ENVELOPE;NOT_CONFIDENCE_INTERVAL,False
231.0,1.0,232.0,LOW_BASELINE,45.0,WAIT_30MIN,1.0,0.0,0.25,0.25,0.7428571428571429,0.4928571428571429,0.2571428571428571,0.7848542300000019,-0.382000000000005,0.2270000000000038,4.694999999999993,NOT_ISSUED,957026d0fdecd88e4af9bada85c293064350365f4d7b62e86e59c3f8eb0231f7,0.25,0.23684210526315788,0.2727272727272727,0.035885167464114825,0.25,0.2,0.3333333333333333,0.1333333333333333,0.2,0.3333333333333333,0.1333333333333333,CROSS_YEAR_LOYO,0.2,0.3333333333333333,0.25,COMPLETION_FEASIBLE_UNDER_SCENARIO,REPORT_CENTRAL_PLUS_SENSITIVITY_ENVELOPE;NOT_CONFIDENCE_INTERVAL,False
231.0,0.1,231.1,LOW_BASELINE,45.0,WAIT_45MIN,0.0,1.0,0.5928571428571429,0.0,0.7428571428571429,0.15,0.2571428571428571,,,,,NOT_ISSUED,957026d0fdecd88e4af9bada85c293064350365f4d7b62e86e59c3f8eb0231f7,0.5928571428571429,0.5857142857142857,0.6051948051948052,0.01948051948051943,0.5928571428571429,0.5692307692307692,0.6666666666666667,0.09743589743589753,0.5692307692307692,0.6666666666666667,0.09743589743589753,CROSS_YEAR_LOYO,0.0,0.0,0.0,CUTOFF_BLOCKED,REPORT_CENTRAL_PLUS_SENSITIVITY_ENVELOPE;NOT_CONFIDENCE_INTERVAL,False
231.0,0.25,231.25,LOW_BASELINE,45.0,WAIT_45MIN,0.0,1.0,0.4642857142857143,0.0,0.7428571428571429,0.2785714285714286,0.2571428571428571,,,,,NOT_ISSUED,957026d0fdecd88e4af9bada85c293064350365f4d7b62e86e59c3f8eb0231f7,0.4642857142857143,0.4548872180451128,0.48051948051948046,0.025632262474367673,0.4642857142857143,0.4153846153846154,0.5666666666666667,0.15128205128205124,0.4153846153846154,0.5666666666666667,0.15128205128205124,CROSS_YEAR_LOYO,0.0,0.0,0.0,CUTOFF_BLOCKED,REPORT_CENTRAL_PLUS_SENSITIVITY_ENVELOPE;NOT_CONFIDENCE_INTERVAL,False
231.0,0.5,231.5,LOW_BASELINE,45.0,WAIT_45MIN,0.0,1.0,0.3357142857142857,0.0,0.7428571428571429,0.4071428571428571,0.2571428571428571,,,,,NOT_ISSUED,957026d0fdecd88e4af9bada85c293064350365f4d7b62e86e59c3f8eb0231f7,0.33571428571428574,0.3240601503759398,0.35584415584415585,0.031784005468216026,0.3357142857142857,0.3230769230769231,0.3666666666666666,0.04358974358974349,0.3230769230769231,0.3666666666666666,0.04358974358974349,CROSS_YEAR_LOYO,0.0,0.0,0.0,CUTOFF_BLOCKED,REPORT_CENTRAL_PLUS_SENSITIVITY_ENVELOPE;NOT_CONFIDENCE_INTERVAL,False
231.0,1.0,232.0,LOW_BASELINE,45.0,WAIT_45MIN,0.0,1.0,0.25,0.0,0.7428571428571429,0.4928571428571429,0.2571428571428571,,,,,NOT_ISSUED,957026d0fdecd88e4af9bada85c293064350365f4d7b62e86e59c3f8eb0231f7,0.25,0.23684210526315788,0.2727272727272727,0.035885167464114825,0.25,0.2,0.3333333333333333,0.1333333333333333,0.2,0.3333333333333333,0.1333333333333333,CROSS_YEAR_LOYO,0.0,0.0,0.0,CUTOFF_BLOCKED,REPORT_CENTRAL_PLUS_SENSITIVITY_ENVELOPE;NOT_CONFIDENCE_INTERVAL,False
231.0,0.1,231.1,LOW_BASELINE,60.0,WAIT_05MIN,1.0,0.0,0.5928571428571429,0.5928571428571429,0.7428571428571429,0.15,0.2571428571428571,0.7810379000000018,-0.382000000000005,0.2270000000000038,4.694999999999993,NOT_ISSUED,957026d0fdecd88e4af9bada85c293064350365f4d7b62e86e59c3f8eb0231f7,0.5928571428571429,0.5857142857142857,0.6051948051948052,0.01948051948051943,0.5928571428571429,0.5692307692307692,0.6666666666666667,0.09743589743589753,0.5692307692307692,0.6666666666666667,0.09743589743589753,CROSS_YEAR_LOYO,0.5692307692307692,0.6666666666666667,0.5928571428571429,COMPLETION_FEASIBLE_UNDER_SCENARIO,REPORT_CENTRAL_PLUS_SENSITIVITY_ENVELOPE;NOT_CONFIDENCE_INTERVAL,False
231.0,0.25,231.25,LOW_BASELINE,60.0,WAIT_05MIN,1.0,0.0,0.4642857142857143,0.4642857142857143,0.7428571428571429,0.2785714285714286,0.2571428571428571,0.7810379000000018,-0.382000000000005,0.2270000000000038,4.694999999999993,NOT_ISSUED,957026d0fdecd88e4af9bada85c293064350365f4d7b62e86e59c3f8eb0231f7,0.4642857142857143,0.4548872180451128,0.48051948051948046,0.025632262474367673,0.4642857142857143,0.4153846153846154,0.5666666666666667,0.15128205128205124,0.4153846153846154,0.5666666666666667,0.15128205128205124,CROSS_YEAR_LOYO,0.4153846153846154,0.5666666666666667,0.4642857142857143,COMPLETION_FEASIBLE_UNDER_SCENARIO,REPORT_CENTRAL_PLUS_SENSITIVITY_ENVELOPE;NOT_CONFIDENCE_INTERVAL,False
231.0,0.5,231.5,LOW_BASELINE,60.0,WAIT_05MIN,1.0,0.0,0.3357142857142857,0.3357142857142857,0.7428571428571429,0.4071428571428571,0.2571428571428571,0.7810379000000018,-0.382000000000005,0.2270000000000038,4.694999999999993,NOT_ISSUED,957026d0fdecd88e4af9bada85c293064350365f4d7b62e86e59c3f8eb0231f7,0.33571428571428574,0.3240601503759398,0.35584415584415585,0.031784005468216026,0.3357142857142857,0.3230769230769231,0.3666666666666666,0.04358974358974349,0.3230769230769231,0.3666666666666666,0.04358974358974349,CROSS_YEAR_LOYO,0.3230769230769231,0.3666666666666666,0.3357142857142857,COMPLETION_FEASIBLE_UNDER_SCENARIO,REPORT_CENTRAL_PLUS_SENSITIVITY_ENVELOPE;NOT_CONFIDENCE_INTERVAL,False
231.0,1.0,232.0,LOW_BASELINE,60.0,WAIT_05MIN,1.0,0.0,0.25,0.25,0.7428571428571429,0.4928571428571429,0.2571428571428571,0.7810379000000018,-0.382000000000005,0.2270000000000038,4.694999999999993,NOT_ISSUED,957026d0fdecd88e4af9bada85c293064350365f4d7b62e86e59c3f8eb0231f7,0.25,0.23684210526315788,0.2727272727272727,0.035885167464114825,0.25,0.2,0.3333333333333333,0.1333333333333333,0.2,0.3333333333333333,0.1333333333333333,CROSS_YEAR_LOYO,0.2,0.3333333333333333,0.25,COMPLETION_FEASIBLE_UNDER_SCENARIO,REPORT_CENTRAL_PLUS_SENSITIVITY_ENVELOPE;NOT_CONFIDENCE_INTERVAL,False
231.0,0.1,231.1,LOW_BASELINE,60.0,WAIT_15MIN,1.0,0.0,0.5928571428571429,0.5928571428571429,0.7428571428571429,0.15,0.2571428571428571,0.7939502800000018,-0.382000000000005,0.2270000000000038,4.694999999999993,NOT_ISSUED,957026d0fdecd88e4af9bada85c293064350365f4d7b62e86e59c3f8eb0231f7,0.5928571428571429,0.5857142857142857,0.6051948051948052,0.01948051948051943,0.5928571428571429,0.5692307692307692,0.6666666666666667,0.09743589743589753,0.5692307692307692,0.6666666666666667,0.09743589743589753,CROSS_YEAR_LOYO,0.5692307692307692,0.6666666666666667,0.5928571428571429,COMPLETION_FEASIBLE_UNDER_SCENARIO,REPORT_CENTRAL_PLUS_SENSITIVITY_ENVELOPE;NOT_CONFIDENCE_INTERVAL,False
231.0,0.25,231.25,LOW_BASELINE,60.0,WAIT_15MIN,1.0,0.0,0.4642857142857143,0.4642857142857143,0.7428571428571429,0.2785714285714286,0.2571428571428571,0.7939502800000018,-0.382000000000005,0.2270000000000038,4.694999999999993,NOT_ISSUED,957026d0fdecd88e4af9bada85c293064350365f4d7b62e86e59c3f8eb0231f7,0.4642857142857143,0.4548872180451128,0.48051948051948046,0.025632262474367673,0.4642857142857143,0.4153846153846154,0.5666666666666667,0.15128205128205124,0.4153846153846154,0.5666666666666667,0.15128205128205124,CROSS_YEAR_LOYO,0.4153846153846154,0.5666666666666667,0.4642857142857143,COMPLETION_FEASIBLE_UNDER_SCENARIO,REPORT_CENTRAL_PLUS_SENSITIVITY_ENVELOPE;NOT_CONFIDENCE_INTERVAL,False
231.0,0.5,231.5,LOW_BASELINE,60.0,WAIT_15MIN,1.0,0.0,0.3357142857142857,0.3357142857142857,0.7428571428571429,0.4071428571428571,0.2571428571428571,0.7939502800000018,-0.382000000000005,0.2270000000000038,4.694999999999993,NOT_ISSUED,957026d0fdecd88e4af9bada85c293064350365f4d7b62e86e59c3f8eb0231f7,0.33571428571428574,0.3240601503759398,0.35584415584415585,0.031784005468216026,0.3357142857142857,0.3230769230769231,0.3666666666666666,0.04358974358974349,0.3230769230769231,0.3666666666666666,0.04358974358974349,CROSS_YEAR_LOYO,0.3230769230769231,0.3666666666666666,0.3357142857142857,COMPLETION_FEASIBLE_UNDER_SCENARIO,REPORT_CENTRAL_PLUS_SENSITIVITY_ENVELOPE;NOT_CONFIDENCE_INTERVAL,False
231.0,1.0,232.0,LOW_BASELINE,60.0,WAIT_15MIN,1.0,0.0,0.25,0.25,0.7428571428571429,0.4928571428571429,0.2571428571428571,0.7939502800000018,-0.382000000000005,0.2270000000000038,4.694999999999993,NOT_ISSUED,957026d0fdecd88e4af9bada85c293064350365f4d7b62e86e59c3f8eb0231f7,0.25,0.23684210526315788,0.2727272727272727,0.035885167464114825,0.25,0.2,0.3333333333333333,0.1333333333333333,0.2,0.3333333333333333,0.1333333333333333,CROSS_YEAR_LOYO,0.2,0.3333333333333333,0.25,COMPLETION_FEASIBLE_UNDER_SCENARIO,REPORT_CENTRAL_PLUS_SENSITIVITY_ENVELOPE;NOT_CONFIDENCE_INTERVAL,False
231.0,0.1,231.1,LOW_BASELINE,60.0,WAIT_30MIN,1.0,0.0,0.5928571428571429,0.5928571428571429,0.7428571428571429,0.15,0.2571428571428571,0.7905025700000019,-0.382000000000005,0.2270000000000038,4.694999999999993,NOT_ISSUED,957026d0fdecd88e4af9bada85c293064350365f4d7b62e86e59c3f8eb0231f7,0.5928571428571429,0.5857142857142857,0.6051948051948052,0.01948051948051943,0.5928571428571429,0.5692307692307692,0.6666666666666667,0.09743589743589753,0.5692307692307692,0.6666666666666667,0.09743589743589753,CROSS_YEAR_LOYO,0.5692307692307692,0.6666666666666667,0.5928571428571429,COMPLETION_FEASIBLE_UNDER_SCENARIO,REPORT_CENTRAL_PLUS_SENSITIVITY_ENVELOPE;NOT_CONFIDENCE_INTERVAL,False
231.0,0.25,231.25,LOW_BASELINE,60.0,WAIT_30MIN,1.0,0.0,0.4642857142857143,0.4642857142857143,0.7428571428571429,0.2785714285714286,0.2571428571428571,0.7905025700000019,-0.382000000000005,0.2270000000000038,4.694999999999993,NOT_ISSUED,957026d0fdecd88e4af9bada85c293064350365f4d7b62e86e59c3f8eb0231f7,0.4642857142857143,0.4548872180451128,0.48051948051948046,0.025632262474367673,0.4642857142857143,0.4153846153846154,0.5666666666666667,0.15128205128205124,0.4153846153846154,0.5666666666666667,0.15128205128205124,CROSS_YEAR_LOYO,0.4153846153846154,0.5666666666666667,0.4642857142857143,COMPLETION_FEASIBLE_UNDER_SCENARIO,REPORT_CENTRAL_PLUS_SENSITIVITY_ENVELOPE;NOT_CONFIDENCE_INTERVAL,False
231.0,0.5,231.5,LOW_BASELINE,60.0,WAIT_30MIN,1.0,0.0,0.3357142857142857,0.3357142857142857,0.7428571428571429,0.4071428571428571,0.2571428571428571,0.7905025700000019,-0.382000000000005,0.2270000000000038,4.694999999999993,NOT_ISSUED,957026d0fdecd88e4af9bada85c293064350365f4d7b62e86e59c3f8eb0231f7,0.33571428571428574,0.3240601503759398,0.35584415584415585,0.031784005468216026,0.3357142857142857,0.3230769230769231,0.3666666666666666,0.04358974358974349,0.3230769230769231,0.3666666666666666,0.04358974358974349,CROSS_YEAR_LOYO,0.3230769230769231,0.3666666666666666,0.3357142857142857,COMPLETION_FEASIBLE_UNDER_SCENARIO,REPORT_CENTRAL_PLUS_SENSITIVITY_ENVELOPE;NOT_CONFIDENCE_INTERVAL,False
231.0,1.0,232.0,LOW_BASELINE,60.0,WAIT_30MIN,1.0,0.0,0.25,0.25,0.7428571428571429,0.4928571428571429,0.2571428571428571,0.7905025700000019,-0.382000000000005,0.2270000000000038,4.694999999999993,NOT_ISSUED,957026d0fdecd88e4af9bada85c293064350365f4d7b62e86e59c3f8eb0231f7,0.25,0.23684210526315788,0.2727272727272727,0.035885167464114825,0.25,0.2,0.3333333333333333,0.1333333333333333,0.2,0.3333333333333333,0.1333333333333333,CROSS_YEAR_LOYO,0.2,0.3333333333333333,0.25,COMPLETION_FEASIBLE_UNDER_SCENARIO,REPORT_CENTRAL_PLUS_SENSITIVITY_ENVELOPE;NOT_CONFIDENCE_INTERVAL,False
231.0,0.1,231.1,LOW_BASELINE,60.0,WAIT_45MIN,1.0,0.0,0.5928571428571429,0.5928571428571429,0.7428571428571429,0.15,0.2571428571428571,0.7837963200000019,-0.382000000000005,0.2270000000000038,4.694999999999993,NOT_ISSUED,957026d0fdecd88e4af9bada85c293064350365f4d7b62e86e59c3f8eb0231f7,0.5928571428571429,0.5857142857142857,0.6051948051948052,0.01948051948051943,0.5928571428571429,0.5692307692307692,0.6666666666666667,0.09743589743589753,0.5692307692307692,0.6666666666666667,0.09743589743589753,CROSS_YEAR_LOYO,0.5692307692307692,0.6666666666666667,0.5928571428571429,COMPLETION_FEASIBLE_UNDER_SCENARIO,REPORT_CENTRAL_PLUS_SENSITIVITY_ENVELOPE;NOT_CONFIDENCE_INTERVAL,False
231.0,0.25,231.25,LOW_BASELINE,60.0,WAIT_45MIN,1.0,0.0,0.4642857142857143,0.4642857142857143,0.7428571428571429,0.2785714285714286,0.2571428571428571,0.7837963200000019,-0.382000000000005,0.2270000000000038,4.694999999999993,NOT_ISSUED,957026d0fdecd88e4af9bada85c293064350365f4d7b62e86e59c3f8eb0231f7,0.4642857142857143,0.4548872180451128,0.48051948051948046,0.025632262474367673,0.4642857142857143,0.4153846153846154,0.5666666666666667,0.15128205128205124,0.4153846153846154,0.5666666666666667,0.15128205128205124,CROSS_YEAR_LOYO,0.4153846153846154,0.5666666666666667,0.4642857142857143,COMPLETION_FEASIBLE_UNDER_SCENARIO,REPORT_CENTRAL_PLUS_SENSITIVITY_ENVELOPE;NOT_CONFIDENCE_INTERVAL,False
231.0,0.5,231.5,LOW_BASELINE,60.0,WAIT_45MIN,1.0,0.0,0.3357142857142857,0.3357142857142857,0.7428571428571429,0.4071428571428571,0.2571428571428571,0.7837963200000019,-0.382000000000005,0.2270000000000038,4.694999999999993,NOT_ISSUED,957026d0fdecd88e4af9bada85c293064350365f4d7b62e86e59c3f8eb0231f7,0.33571428571428574,0.3240601503759398,0.35584415584415585,0.031784005468216026,0.3357142857142857,0.3230769230769231,0.3666666666666666,0.04358974358974349,0.3230769230769231,0.3666666666666666,0.04358974358974349,CROSS_YEAR_LOYO,0.3230769230769231,0.3666666666666666,0.3357142857142857,COMPLETION_FEASIBLE_UNDER_SCENARIO,REPORT_CENTRAL_PLUS_SENSITIVITY_ENVELOPE;NOT_CONFIDENCE_INTERVAL,False
231.0,1.0,232.0,LOW_BASELINE,60.0,WAIT_45MIN,1.0,0.0,0.25,0.25,0.7428571428571429,0.4928571428571429,0.2571428571428571,0.7837963200000019,-0.382000000000005,0.2270000000000038,4.694999999999993,NOT_ISSUED,957026d0fdecd88e4af9bada85c293064350365f4d7b62e86e59c3f8eb0231f7,0.25,0.23684210526315788,0.2727272727272727,0.035885167464114825,0.25,0.2,0.3333333333333333,0.1333333333333333,0.2,0.3333333333333333,0.1333333333333333,CROSS_YEAR_LOYO,0.2,0.3333333333333333,0.25,COMPLETION_FEASIBLE_UNDER_SCENARIO,REPORT_CENTRAL_PLUS_SENSITIVITY_ENVELOPE;NOT_CONFIDENCE_INTERVAL,False
231.0,0.1,231.1,AT_OR_ABOVE_BASELINE_MEDIAN,10.0,WAIT_05MIN,1.0,0.0,0.4807453416149068,0.4807453416149068,0.6720496894409937,0.1913043478260869,0.3279503105590062,0.2056012400000027,-0.9269999999999924,0.093999999999994,0.7980000000000018,NOT_ISSUED,957026d0fdecd88e4af9bada85c293064350365f4d7b62e86e59c3f8eb0231f7,0.4807453416149068,0.46948051948051944,0.5005714285714286,0.031090909090909113,0.4807453416149068,0.453125,0.5333333333333333,0.08020833333333333,0.453125,0.5333333333333333,0.08020833333333333,CROSS_YEAR_LOYO,0.453125,0.5333333333333333,0.4807453416149068,COMPLETION_FEASIBLE_UNDER_SCENARIO,REPORT_CENTRAL_PLUS_SENSITIVITY_ENVELOPE;NOT_CONFIDENCE_INTERVAL,False
231.0,0.25,231.25,AT_OR_ABOVE_BASELINE_MEDIAN,10.0,WAIT_05MIN,1.0,0.0,0.3167701863354037,0.3167701863354037,0.6720496894409937,0.35527950310559,0.3279503105590062,0.2056012400000027,-0.9269999999999924,0.093999999999994,0.7980000000000018,NOT_ISSUED,957026d0fdecd88e4af9bada85c293064350365f4d7b62e86e59c3f8eb0231f7,0.31677018633540377,0.3019480519480519,0.34285714285714286,0.04090909090909095,0.3167701863354037,0.296875,0.3933333333333333,0.09645833333333331,0.296875,0.3933333333333333,0.09645833333333331,CROSS_YEAR_LOYO,0.296875,0.3933333333333333,0.3167701863354037,COMPLETION_FEASIBLE_UNDER_SCENARIO,REPORT_CENTRAL_PLUS_SENSITIVITY_ENVELOPE;NOT_CONFIDENCE_INTERVAL,False
231.0,0.5,231.5,AT_OR_ABOVE_BASELINE_MEDIAN,10.0,WAIT_05MIN,1.0,0.0,0.1527950310559006,0.1527950310559006,0.6720496894409937,0.5192546583850932,0.3279503105590062,0.2056012400000027,-0.9269999999999924,0.093999999999994,0.7980000000000018,NOT_ISSUED,957026d0fdecd88e4af9bada85c293064350365f4d7b62e86e59c3f8eb0231f7,0.15279503105590062,0.1344155844155844,0.18514285714285716,0.05072727272727276,0.1527950310559006,0.1133333333333333,0.2036199095022624,0.09028657616892909,0.1133333333333333,0.2036199095022624,0.09028657616892909,CROSS_YEAR_LOYO,0.1133333333333333,0.2036199095022624,0.1527950310559006,COMPLETION_FEASIBLE_UNDER_SCENARIO,REPORT_CENTRAL_PLUS_SENSITIVITY_ENVELOPE;NOT_CONFIDENCE_INTERVAL,False
231.0,1.0,232.0,AT_OR_ABOVE_BASELINE_MEDIAN,10.0,WAIT_05MIN,1.0,0.0,0.0434782608695652,0.0434782608695652,0.6720496894409937,0.6285714285714286,0.3279503105590062,0.2056012400000027,-0.9269999999999924,0.093999999999994,0.7980000000000018,NOT_ISSUED,957026d0fdecd88e4af9bada85c293064350365f4d7b62e86e59c3f8eb0231f7,0.043478260869565216,0.022727272727272728,0.08,0.057272727272727274,0.0434782608695652,0.0588235294117647,0.0666666666666666,0.007843137254901898,0.022727272727272728,0.08,0.057272727272727274,RECOVERY_PRIOR,0.022727272727272728,0.08,0.0434782608695652,COMPLETION_FEASIBLE_UNDER_SCENARIO,REPORT_CENTRAL_PLUS_SENSITIVITY_ENVELOPE;NOT_CONFIDENCE_INTERVAL,False
231.0,0.1,231.1,AT_OR_ABOVE_BASELINE_MEDIAN,10.0,WAIT_15MIN,0.0,1.0,0.4807453416149068,0.0,0.6720496894409937,0.1913043478260869,0.3279503105590062,,,,,NOT_ISSUED,957026d0fdecd88e4af9bada85c293064350365f4d7b62e86e59c3f8eb0231f7,0.4807453416149068,0.46948051948051944,0.5005714285714286,0.031090909090909113,0.4807453416149068,0.453125,0.5333333333333333,0.08020833333333333,0.453125,0.5333333333333333,0.08020833333333333,CROSS_YEAR_LOYO,0.0,0.0,0.0,CUTOFF_BLOCKED,REPORT_CENTRAL_PLUS_SENSITIVITY_ENVELOPE;NOT_CONFIDENCE_INTERVAL,False
231.0,0.25,231.25,AT_OR_ABOVE_BASELINE_MEDIAN,10.0,WAIT_15MIN,0.0,1.0,0.3167701863354037,0.0,0.6720496894409937,0.35527950310559,0.3279503105590062,,,,,NOT_ISSUED,957026d0fdecd88e4af9bada85c293064350365f4d7b62e86e59c3f8eb0231f7,0.31677018633540377,0.3019480519480519,0.34285714285714286,0.04090909090909095,0.3167701863354037,0.296875,0.3933333333333333,0.09645833333333331,0.296875,0.3933333333333333,0.09645833333333331,CROSS_YEAR_LOYO,0.0,0.0,0.0,CUTOFF_BLOCKED,REPORT_CENTRAL_PLUS_SENSITIVITY_ENVELOPE;NOT_CONFIDENCE_INTERVAL,False
231.0,0.5,231.5,AT_OR_ABOVE_BASELINE_MEDIAN,10.0,WAIT_15MIN,0.0,1.0,0.1527950310559006,0.0,0.6720496894409937,0.5192546583850932,0.3279503105590062,,,,,NOT_ISSUED,957026d0fdecd88e4af9bada85c293064350365f4d7b62e86e59c3f8eb0231f7,0.15279503105590062,0.1344155844155844,0.18514285714285716,0.05072727272727276,0.1527950310559006,0.1133333333333333,0.2036199095022624,0.09028657616892909,0.1133333333333333,0.2036199095022624,0.09028657616892909,CROSS_YEAR_LOYO,0.0,0.0,0.0,CUTOFF_BLOCKED,REPORT_CENTRAL_PLUS_SENSITIVITY_ENVELOPE;NOT_CONFIDENCE_INTERVAL,False
231.0,1.0,232.0,AT_OR_ABOVE_BASELINE_MEDIAN,10.0,WAIT_15MIN,0.0,1.0,0.0434782608695652,0.0,0.6720496894409937,0.6285714285714286,0.3279503105590062,,,,,NOT_ISSUED,957026d0fdecd88e4af9bada85c293064350365f4d7b62e86e59c3f8eb0231f7,0.043478260869565216,0.022727272727272728,0.08,0.057272727272727274,0.0434782608695652,0.0588235294117647,0.0666666666666666,0.007843137254901898,0.022727272727272728,0.08,0.057272727272727274,RECOVERY_PRIOR,0.0,0.0,0.0,CUTOFF_BLOCKED,REPORT_CENTRAL_PLUS_SENSITIVITY_ENVELOPE;NOT_CONFIDENCE_INTERVAL,False
231.0,0.1,231.1,AT_OR_ABOVE_BASELINE_MEDIAN,10.0,WAIT_30MIN,0.0,1.0,0.4807453416149068,0.0,0.6720496894409937,0.1913043478260869,0.3279503105590062,,,,,NOT_ISSUED,957026d0fdecd88e4af9bada85c293064350365f4d7b62e86e59c3f8eb0231f7,0.4807453416149068,0.46948051948051944,0.5005714285714286,0.031090909090909113,0.4807453416149068,0.453125,0.5333333333333333,0.08020833333333333,0.453125,0.5333333333333333,0.08020833333333333,CROSS_YEAR_LOYO,0.0,0.0,0.0,CUTOFF_BLOCKED,REPORT_CENTRAL_PLUS_SENSITIVITY_ENVELOPE;NOT_CONFIDENCE_INTERVAL,False
231.0,0.25,231.25,AT_OR_ABOVE_BASELINE_MEDIAN,10.0,WAIT_30MIN,0.0,1.0,0.3167701863354037,0.0,0.6720496894409937,0.35527950310559,0.3279503105590062,,,,,NOT_ISSUED,957026d0fdecd88e4af9bada85c293064350365f4d7b62e86e59c3f8eb0231f7,0.31677018633540377,0.3019480519480519,0.34285714285714286,0.04090909090909095,0.3167701863354037,0.296875,0.3933333333333333,0.09645833333333331,0.296875,0.3933333333333333,0.09645833333333331,CROSS_YEAR_LOYO,0.0,0.0,0.0,CUTOFF_BLOCKED,REPORT_CENTRAL_PLUS_SENSITIVITY_ENVELOPE;NOT_CONFIDENCE_INTERVAL,False
231.0,0.5,231.5,AT_OR_ABOVE_BASELINE_MEDIAN,10.0,WAIT_30MIN,0.0,1.0,0.1527950310559006,0.0,0.6720496894409937,0.5192546583850932,0.3279503105590062,,,,,NOT_ISSUED,957026d0fdecd88e4af9bada85c293064350365f4d7b62e86e59c3f8eb0231f7,0.15279503105590062,0.1344155844155844,0.18514285714285716,0.05072727272727276,0.1527950310559006,0.1133333333333333,0.2036199095022624,0.09028657616892909,0.1133333333333333,0.2036199095022624,0.09028657616892909,CROSS_YEAR_LOYO,0.0,0.0,0.0,CUTOFF_BLOCKED,REPORT_CENTRAL_PLUS_SENSITIVITY_ENVELOPE;NOT_CONFIDENCE_INTERVAL,False
231.0,1.0,232.0,AT_OR_ABOVE_BASELINE_MEDIAN,10.0,WAIT_30MIN,0.0,1.0,0.0434782608695652,0.0,0.6720496894409937,0.6285714285714286,0.3279503105590062,,,,,NOT_ISSUED,957026d0fdecd88e4af9bada85c293064350365f4d7b62e86e59c3f8eb0231f7,0.043478260869565216,0.022727272727272728,0.08,0.057272727272727274,0.0434782608695652,0.0588235294117647,0.0666666666666666,0.007843137254901898,0.022727272727272728,0.08,0.057272727272727274,RECOVERY_PRIOR,0.0,0.0,0.0,CUTOFF_BLOCKED,REPORT_CENTRAL_PLUS_SENSITIVITY_ENVELOPE;NOT_CONFIDENCE_INTERVAL,False
231.0,0.1,231.1,AT_OR_ABOVE_BASELINE_MEDIAN,10.0,WAIT_45MIN,0.0,1.0,0.4807453416149068,0.0,0.6720496894409937,0.1913043478260869,0.3279503105590062,,,,,NOT_ISSUED,957026d0fdecd88e4af9bada85c293064350365f4d7b62e86e59c3f8eb0231f7,0.4807453416149068,0.46948051948051944,0.5005714285714286,0.031090909090909113,0.4807453416149068,0.453125,0.5333333333333333,0.08020833333333333,0.453125,0.5333333333333333,0.08020833333333333,CROSS_YEAR_LOYO,0.0,0.0,0.0,CUTOFF_BLOCKED,REPORT_CENTRAL_PLUS_SENSITIVITY_ENVELOPE;NOT_CONFIDENCE_INTERVAL,False
231.0,0.25,231.25,AT_OR_ABOVE_BASELINE_MEDIAN,10.0,WAIT_45MIN,0.0,1.0,0.3167701863354037,0.0,0.6720496894409937,0.35527950310559,0.3279503105590062,,,,,NOT_ISSUED,957026d0fdecd88e4af9bada85c293064350365f4d7b62e86e59c3f8eb0231f7,0.31677018633540377,0.3019480519480519,0.34285714285714286,0.04090909090909095,0.3167701863354037,0.296875,0.3933333333333333,0.09645833333333331,0.296875,0.3933333333333333,0.09645833333333331,CROSS_YEAR_LOYO,0.0,0.0,0.0,CUTOFF_BLOCKED,REPORT_CENTRAL_PLUS_SENSITIVITY_ENVELOPE;NOT_CONFIDENCE_INTERVAL,False
231.0,0.5,231.5,AT_OR_ABOVE_BASELINE_MEDIAN,10.0,WAIT_45MIN,0.0,1.0,0.1527950310559006,0.0,0.6720496894409937,0.5192546583850932,0.3279503105590062,,,,,NOT_ISSUED,957026d0fdecd88e4af9bada85c293064350365f4d7b62e86e59c3f8eb0231f7,0.15279503105590062,0.1344155844155844,0.18514285714285716,0.05072727272727276,0.1527950310559006,0.1133333333333333,0.2036199095022624,0.09028657616892909,0.1133333333333333,0.2036199095022624,0.09028657616892909,CROSS_YEAR_LOYO,0.0,0.0,0.0,CUTOFF_BLOCKED,REPORT_CENTRAL_PLUS_SENSITIVITY_ENVELOPE;NOT_CONFIDENCE_INTERVAL,False
231.0,1.0,232.0,AT_OR_ABOVE_BASELINE_MEDIAN,10.0,WAIT_45MIN,0.0,1.0,0.0434782608695652,0.0,0.6720496894409937,0.6285714285714286,0.3279503105590062,,,,,NOT_ISSUED,957026d0fdecd88e4af9bada85c293064350365f4d7b62e86e59c3f8eb0231f7,0.043478260869565216,0.022727272727272728,0.08,0.057272727272727274,0.0434782608695652,0.0588235294117647,0.0666666666666666,0.007843137254901898,0.022727272727272728,0.08,0.057272727272727274,RECOVERY_PRIOR,0.0,0.0,0.0,CUTOFF_BLOCKED,REPORT_CENTRAL_PLUS_SENSITIVITY_ENVELOPE;NOT_CONFIDENCE_INTERVAL,False
231.0,0.1,231.1,AT_OR_ABOVE_BASELINE_MEDIAN,20.0,WAIT_05MIN,1.0,0.0,0.4807453416149068,0.4807453416149068,0.6720496894409937,0.1913043478260869,0.3279503105590062,0.2068209900000026,-0.9269999999999924,0.093999999999994,0.7980000000000018,NOT_ISSUED,957026d0fdecd88e4af9bada85c293064350365f4d7b62e86e59c3f8eb0231f7,0.4807453416149068,0.46948051948051944,0.5005714285714286,0.031090909090909113,0.4807453416149068,0.453125,0.5333333333333333,0.08020833333333333,0.453125,0.5333333333333333,0.08020833333333333,CROSS_YEAR_LOYO,0.453125,0.5333333333333333,0.4807453416149068,COMPLETION_FEASIBLE_UNDER_SCENARIO,REPORT_CENTRAL_PLUS_SENSITIVITY_ENVELOPE;NOT_CONFIDENCE_INTERVAL,False
231.0,0.25,231.25,AT_OR_ABOVE_BASELINE_MEDIAN,20.0,WAIT_05MIN,1.0,0.0,0.3167701863354037,0.3167701863354037,0.6720496894409937,0.35527950310559,0.3279503105590062,0.2068209900000026,-0.9269999999999924,0.093999999999994,0.7980000000000018,NOT_ISSUED,957026d0fdecd88e4af9bada85c293064350365f4d7b62e86e59c3f8eb0231f7,0.31677018633540377,0.3019480519480519,0.34285714285714286,0.04090909090909095,0.3167701863354037,0.296875,0.3933333333333333,0.09645833333333331,0.296875,0.3933333333333333,0.09645833333333331,CROSS_YEAR_LOYO,0.296875,0.3933333333333333,0.3167701863354037,COMPLETION_FEASIBLE_UNDER_SCENARIO,REPORT_CENTRAL_PLUS_SENSITIVITY_ENVELOPE;NOT_CONFIDENCE_INTERVAL,False
231.0,0.5,231.5,AT_OR_ABOVE_BASELINE_MEDIAN,20.0,WAIT_05MIN,1.0,0.0,0.1527950310559006,0.1527950310559006,0.6720496894409937,0.5192546583850932,0.3279503105590062,0.2068209900000026,-0.9269999999999924,0.093999999999994,0.7980000000000018,NOT_ISSUED,957026d0fdecd88e4af9bada85c293064350365f4d7b62e86e59c3f8eb0231f7,0.15279503105590062,0.1344155844155844,0.18514285714285716,0.05072727272727276,0.1527950310559006,0.1133333333333333,0.2036199095022624,0.09028657616892909,0.1133333333333333,0.2036199095022624,0.09028657616892909,CROSS_YEAR_LOYO,0.1133333333333333,0.2036199095022624,0.1527950310559006,COMPLETION_FEASIBLE_UNDER_SCENARIO,REPORT_CENTRAL_PLUS_SENSITIVITY_ENVELOPE;NOT_CONFIDENCE_INTERVAL,False
231.0,1.0,232.0,AT_OR_ABOVE_BASELINE_MEDIAN,20.0,WAIT_05MIN,1.0,0.0,0.0434782608695652,0.0434782608695652,0.6720496894409937,0.6285714285714286,0.3279503105590062,0.2068209900000026,-0.9269999999999924,0.093999999999994,0.7980000000000018,NOT_ISSUED,957026d0fdecd88e4af9bada85c293064350365f4d7b62e86e59c3f8eb0231f7,0.043478260869565216,0.022727272727272728,0.08,0.057272727272727274,0.0434782608695652,0.0588235294117647,0.0666666666666666,0.007843137254901898,0.022727272727272728,0.08,0.057272727272727274,RECOVERY_PRIOR,0.022727272727272728,0.08,0.0434782608695652,COMPLETION_FEASIBLE_UNDER_SCENARIO,REPORT_CENTRAL_PLUS_SENSITIVITY_ENVELOPE;NOT_CONFIDENCE_INTERVAL,False
231.0,0.1,231.1,AT_OR_ABOVE_BASELINE_MEDIAN,20.0,WAIT_15MIN,1.0,0.0,0.4807453416149068,0.4807453416149068,0.6720496894409937,0.1913043478260869,0.3279503105590062,0.2048276500000028,-0.9269999999999924,0.093999999999994,0.7980000000000018,NOT_ISSUED,957026d0fdecd88e4af9bada85c293064350365f4d7b62e86e59c3f8eb0231f7,0.4807453416149068,0.46948051948051944,0.5005714285714286,0.031090909090909113,0.4807453416149068,0.453125,0.5333333333333333,0.08020833333333333,0.453125,0.5333333333333333,0.08020833333333333,CROSS_YEAR_LOYO,0.453125,0.5333333333333333,0.4807453416149068,COMPLETION_FEASIBLE_UNDER_SCENARIO,REPORT_CENTRAL_PLUS_SENSITIVITY_ENVELOPE;NOT_CONFIDENCE_INTERVAL,False
231.0,0.25,231.25,AT_OR_ABOVE_BASELINE_MEDIAN,20.0,WAIT_15MIN,1.0,0.0,0.3167701863354037,0.3167701863354037,0.6720496894409937,0.35527950310559,0.3279503105590062,0.2048276500000028,-0.9269999999999924,0.093999999999994,0.7980000000000018,NOT_ISSUED,957026d0fdecd88e4af9bada85c293064350365f4d7b62e86e59c3f8eb0231f7,0.31677018633540377,0.3019480519480519,0.34285714285714286,0.04090909090909095,0.3167701863354037,0.296875,0.3933333333333333,0.09645833333333331,0.296875,0.3933333333333333,0.09645833333333331,CROSS_YEAR_LOYO,0.296875,0.3933333333333333,0.3167701863354037,COMPLETION_FEASIBLE_UNDER_SCENARIO,REPORT_CENTRAL_PLUS_SENSITIVITY_ENVELOPE;NOT_CONFIDENCE_INTERVAL,False
231.0,0.5,231.5,AT_OR_ABOVE_BASELINE_MEDIAN,20.0,WAIT_15MIN,1.0,0.0,0.1527950310559006,0.1527950310559006,0.6720496894409937,0.5192546583850932,0.3279503105590062,0.2048276500000028,-0.9269999999999924,0.093999999999994,0.7980000000000018,NOT_ISSUED,957026d0fdecd88e4af9bada85c293064350365f4d7b62e86e59c3f8eb0231f7,0.15279503105590062,0.1344155844155844,0.18514285714285716,0.05072727272727276,0.1527950310559006,0.1133333333333333,0.2036199095022624,0.09028657616892909,0.1133333333333333,0.2036199095022624,0.09028657616892909,CROSS_YEAR_LOYO,0.1133333333333333,0.2036199095022624,0.1527950310559006,COMPLETION_FEASIBLE_UNDER_SCENARIO,REPORT_CENTRAL_PLUS_SENSITIVITY_ENVELOPE;NOT_CONFIDENCE_INTERVAL,False
231.0,1.0,232.0,AT_OR_ABOVE_BASELINE_MEDIAN,20.0,WAIT_15MIN,1.0,0.0,0.0434782608695652,0.0434782608695652,0.6720496894409937,0.6285714285714286,0.3279503105590062,0.2048276500000028,-0.9269999999999924,0.093999999999994,0.7980000000000018,NOT_ISSUED,957026d0fdecd88e4af9bada85c293064350365f4d7b62e86e59c3f8eb0231f7,0.043478260869565216,0.022727272727272728,0.08,0.057272727272727274,0.0434782608695652,0.0588235294117647,0.0666666666666666,0.007843137254901898,0.022727272727272728,0.08,0.057272727272727274,RECOVERY_PRIOR,0.022727272727272728,0.08,0.0434782608695652,COMPLETION_FEASIBLE_UNDER_SCENARIO,REPORT_CENTRAL_PLUS_SENSITIVITY_ENVELOPE;NOT_CONFIDENCE_INTERVAL,False
231.0,0.1,231.1,AT_OR_ABOVE_BASELINE_MEDIAN,20.0,WAIT_30MIN,0.0,1.0,0.4807453416149068,0.0,0.6720496894409937,0.1913043478260869,0.3279503105590062,,,,,NOT_ISSUED,957026d0fdecd88e4af9bada85c293064350365f4d7b62e86e59c3f8eb0231f7,0.4807453416149068,0.46948051948051944,0.5005714285714286,0.031090909090909113,0.4807453416149068,0.453125,0.5333333333333333,0.08020833333333333,0.453125,0.5333333333333333,0.08020833333333333,CROSS_YEAR_LOYO,0.0,0.0,0.0,CUTOFF_BLOCKED,REPORT_CENTRAL_PLUS_SENSITIVITY_ENVELOPE;NOT_CONFIDENCE_INTERVAL,False
231.0,0.25,231.25,AT_OR_ABOVE_BASELINE_MEDIAN,20.0,WAIT_30MIN,0.0,1.0,0.3167701863354037,0.0,0.6720496894409937,0.35527950310559,0.3279503105590062,,,,,NOT_ISSUED,957026d0fdecd88e4af9bada85c293064350365f4d7b62e86e59c3f8eb0231f7,0.31677018633540377,0.3019480519480519,0.34285714285714286,0.04090909090909095,0.3167701863354037,0.296875,0.3933333333333333,0.09645833333333331,0.296875,0.3933333333333333,0.09645833333333331,CROSS_YEAR_LOYO,0.0,0.0,0.0,CUTOFF_BLOCKED,REPORT_CENTRAL_PLUS_SENSITIVITY_ENVELOPE;NOT_CONFIDENCE_INTERVAL,False
231.0,0.5,231.5,AT_OR_ABOVE_BASELINE_MEDIAN,20.0,WAIT_30MIN,0.0,1.0,0.1527950310559006,0.0,0.6720496894409937,0.5192546583850932,0.3279503105590062,,,,,NOT_ISSUED,957026d0fdecd88e4af9bada85c293064350365f4d7b62e86e59c3f8eb0231f7,0.15279503105590062,0.1344155844155844,0.18514285714285716,0.05072727272727276,0.1527950310559006,0.1133333333333333,0.2036199095022624,0.09028657616892909,0.1133333333333333,0.2036199095022624,0.09028657616892909,CROSS_YEAR_LOYO,0.0,0.0,0.0,CUTOFF_BLOCKED,REPORT_CENTRAL_PLUS_SENSITIVITY_ENVELOPE;NOT_CONFIDENCE_INTERVAL,False
231.0,1.0,232.0,AT_OR_ABOVE_BASELINE_MEDIAN,20.0,WAIT_30MIN,0.0,1.0,0.0434782608695652,0.0,0.6720496894409937,0.6285714285714286,0.3279503105590062,,,,,NOT_ISSUED,957026d0fdecd88e4af9bada85c293064350365f4d7b62e86e59c3f8eb0231f7,0.043478260869565216,0.022727272727272728,0.08,0.057272727272727274,0.0434782608695652,0.0588235294117647,0.0666666666666666,0.007843137254901898,0.022727272727272728,0.08,0.057272727272727274,RECOVERY_PRIOR,0.0,0.0,0.0,CUTOFF_BLOCKED,REPORT_CENTRAL_PLUS_SENSITIVITY_ENVELOPE;NOT_CONFIDENCE_INTERVAL,False
231.0,0.1,231.1,AT_OR_ABOVE_BASELINE_MEDIAN,20.0,WAIT_45MIN,0.0,1.0,0.4807453416149068,0.0,0.6720496894409937,0.1913043478260869,0.3279503105590062,,,,,NOT_ISSUED,957026d0fdecd88e4af9bada85c293064350365f4d7b62e86e59c3f8eb0231f7,0.4807453416149068,0.46948051948051944,0.5005714285714286,0.031090909090909113,0.4807453416149068,0.453125,0.5333333333333333,0.08020833333333333,0.453125,0.5333333333333333,0.08020833333333333,CROSS_YEAR_LOYO,0.0,0.0,0.0,CUTOFF_BLOCKED,REPORT_CENTRAL_PLUS_SENSITIVITY_ENVELOPE;NOT_CONFIDENCE_INTERVAL,False
231.0,0.25,231.25,AT_OR_ABOVE_BASELINE_MEDIAN,20.0,WAIT_45MIN,0.0,1.0,0.3167701863354037,0.0,0.6720496894409937,0.35527950310559,0.3279503105590062,,,,,NOT_ISSUED,957026d0fdecd88e4af9bada85c293064350365f4d7b62e86e59c3f8eb0231f7,0.31677018633540377,0.3019480519480519,0.34285714285714286,0.04090909090909095,0.3167701863354037,0.296875,0.3933333333333333,0.09645833333333331,0.296875,0.3933333333333333,0.09645833333333331,CROSS_YEAR_LOYO,0.0,0.0,0.0,CUTOFF_BLOCKED,REPORT_CENTRAL_PLUS_SENSITIVITY_ENVELOPE;NOT_CONFIDENCE_INTERVAL,False
231.0,0.5,231.5,AT_OR_ABOVE_BASELINE_MEDIAN,20.0,WAIT_45MIN,0.0,1.0,0.1527950310559006,0.0,0.6720496894409937,0.5192546583850932,0.3279503105590062,,,,,NOT_ISSUED,957026d0fdecd88e4af9bada85c293064350365f4d7b62e86e59c3f8eb0231f7,0.15279503105590062,0.1344155844155844,0.18514285714285716,0.05072727272727276,0.1527950310559006,0.1133333333333333,0.2036199095022624,0.09028657616892909,0.1133333333333333,0.2036199095022624,0.09028657616892909,CROSS_YEAR_LOYO,0.0,0.0,0.0,CUTOFF_BLOCKED,REPORT_CENTRAL_PLUS_SENSITIVITY_ENVELOPE;NOT_CONFIDENCE_INTERVAL,False
231.0,1.0,232.0,AT_OR_ABOVE_BASELINE_MEDIAN,20.0,WAIT_45MIN,0.0,1.0,0.0434782608695652,0.0,0.6720496894409937,0.6285714285714286,0.3279503105590062,,,,,NOT_ISSUED,957026d0fdecd88e4af9bada85c293064350365f4d7b62e86e59c3f8eb0231f7,0.043478260869565216,0.022727272727272728,0.08,0.057272727272727274,0.0434782608695652,0.0588235294117647,0.0666666666666666,0.007843137254901898,0.022727272727272728,0.08,0.057272727272727274,RECOVERY_PRIOR,0.0,0.0,0.0,CUTOFF_BLOCKED,REPORT_CENTRAL_PLUS_SENSITIVITY_ENVELOPE;NOT_CONFIDENCE_INTERVAL,False
231.0,0.1,231.1,AT_OR_ABOVE_BASELINE_MEDIAN,30.0,WAIT_05MIN,1.0,0.0,0.4807453416149068,0.4807453416149068,0.6720496894409937,0.1913043478260869,0.3279503105590062,0.2044418900000027,-0.9269999999999924,0.093999999999994,0.7980000000000018,NOT_ISSUED,957026d0fdecd88e4af9bada85c293064350365f4d7b62e86e59c3f8eb0231f7,0.4807453416149068,0.46948051948051944,0.5005714285714286,0.031090909090909113,0.4807453416149068,0.453125,0.5333333333333333,0.08020833333333333,0.453125,0.5333333333333333,0.08020833333333333,CROSS_YEAR_LOYO,0.453125,0.5333333333333333,0.4807453416149068,COMPLETION_FEASIBLE_UNDER_SCENARIO,REPORT_CENTRAL_PLUS_SENSITIVITY_ENVELOPE;NOT_CONFIDENCE_INTERVAL,False
231.0,0.25,231.25,AT_OR_ABOVE_BASELINE_MEDIAN,30.0,WAIT_05MIN,1.0,0.0,0.3167701863354037,0.3167701863354037,0.6720496894409937,0.35527950310559,0.3279503105590062,0.2044418900000027,-0.9269999999999924,0.093999999999994,0.7980000000000018,NOT_ISSUED,957026d0fdecd88e4af9bada85c293064350365f4d7b62e86e59c3f8eb0231f7,0.31677018633540377,0.3019480519480519,0.34285714285714286,0.04090909090909095,0.3167701863354037,0.296875,0.3933333333333333,0.09645833333333331,0.296875,0.3933333333333333,0.09645833333333331,CROSS_YEAR_LOYO,0.296875,0.3933333333333333,0.3167701863354037,COMPLETION_FEASIBLE_UNDER_SCENARIO,REPORT_CENTRAL_PLUS_SENSITIVITY_ENVELOPE;NOT_CONFIDENCE_INTERVAL,False
231.0,0.5,231.5,AT_OR_ABOVE_BASELINE_MEDIAN,30.0,WAIT_05MIN,1.0,0.0,0.1527950310559006,0.1527950310559006,0.6720496894409937,0.5192546583850932,0.3279503105590062,0.2044418900000027,-0.9269999999999924,0.093999999999994,0.7980000000000018,NOT_ISSUED,957026d0fdecd88e4af9bada85c293064350365f4d7b62e86e59c3f8eb0231f7,0.15279503105590062,0.1344155844155844,0.18514285714285716,0.05072727272727276,0.1527950310559006,0.1133333333333333,0.2036199095022624,0.09028657616892909,0.1133333333333333,0.2036199095022624,0.09028657616892909,CROSS_YEAR_LOYO,0.1133333333333333,0.2036199095022624,0.1527950310559006,COMPLETION_FEASIBLE_UNDER_SCENARIO,REPORT_CENTRAL_PLUS_SENSITIVITY_ENVELOPE;NOT_CONFIDENCE_INTERVAL,False
231.0,1.0,232.0,AT_OR_ABOVE_BASELINE_MEDIAN,30.0,WAIT_05MIN,1.0,0.0,0.0434782608695652,0.0434782608695652,0.6720496894409937,0.6285714285714286,0.3279503105590062,0.2044418900000027,-0.9269999999999924,0.093999999999994,0.7980000000000018,NOT_ISSUED,957026d0fdecd88e4af9bada85c293064350365f4d7b62e86e59c3f8eb0231f7,0.043478260869565216,0.022727272727272728,0.08,0.057272727272727274,0.0434782608695652,0.0588235294117647,0.0666666666666666,0.007843137254901898,0.022727272727272728,0.08,0.057272727272727274,RECOVERY_PRIOR,0.022727272727272728,0.08,0.0434782608695652,COMPLETION_FEASIBLE_UNDER_SCENARIO,REPORT_CENTRAL_PLUS_SENSITIVITY_ENVELOPE;NOT_CONFIDENCE_INTERVAL,False
231.0,0.1,231.1,AT_OR_ABOVE_BASELINE_MEDIAN,30.0,WAIT_15MIN,1.0,0.0,0.4807453416149068,0.4807453416149068,0.6720496894409937,0.1913043478260869,0.3279503105590062,0.2070644500000026,-0.9269999999999924,0.093999999999994,0.7980000000000018,NOT_ISSUED,957026d0fdecd88e4af9bada85c293064350365f4d7b62e86e59c3f8eb0231f7,0.4807453416149068,0.46948051948051944,0.5005714285714286,0.031090909090909113,0.4807453416149068,0.453125,0.5333333333333333,0.08020833333333333,0.453125,0.5333333333333333,0.08020833333333333,CROSS_YEAR_LOYO,0.453125,0.5333333333333333,0.4807453416149068,COMPLETION_FEASIBLE_UNDER_SCENARIO,REPORT_CENTRAL_PLUS_SENSITIVITY_ENVELOPE;NOT_CONFIDENCE_INTERVAL,False
231.0,0.25,231.25,AT_OR_ABOVE_BASELINE_MEDIAN,30.0,WAIT_15MIN,1.0,0.0,0.3167701863354037,0.3167701863354037,0.6720496894409937,0.35527950310559,0.3279503105590062,0.2070644500000026,-0.9269999999999924,0.093999999999994,0.7980000000000018,NOT_ISSUED,957026d0fdecd88e4af9bada85c293064350365f4d7b62e86e59c3f8eb0231f7,0.31677018633540377,0.3019480519480519,0.34285714285714286,0.04090909090909095,0.3167701863354037,0.296875,0.3933333333333333,0.09645833333333331,0.296875,0.3933333333333333,0.09645833333333331,CROSS_YEAR_LOYO,0.296875,0.3933333333333333,0.3167701863354037,COMPLETION_FEASIBLE_UNDER_SCENARIO,REPORT_CENTRAL_PLUS_SENSITIVITY_ENVELOPE;NOT_CONFIDENCE_INTERVAL,False
231.0,0.5,231.5,AT_OR_ABOVE_BASELINE_MEDIAN,30.0,WAIT_15MIN,1.0,0.0,0.1527950310559006,0.1527950310559006,0.6720496894409937,0.5192546583850932,0.3279503105590062,0.2070644500000026,-0.9269999999999924,0.093999999999994,0.7980000000000018,NOT_ISSUED,957026d0fdecd88e4af9bada85c293064350365f4d7b62e86e59c3f8eb0231f7,0.15279503105590062,0.1344155844155844,0.18514285714285716,0.05072727272727276,0.1527950310559006,0.1133333333333333,0.2036199095022624,0.09028657616892909,0.1133333333333333,0.2036199095022624,0.09028657616892909,CROSS_YEAR_LOYO,0.1133333333333333,0.2036199095022624,0.1527950310559006,COMPLETION_FEASIBLE_UNDER_SCENARIO,REPORT_CENTRAL_PLUS_SENSITIVITY_ENVELOPE;NOT_CONFIDENCE_INTERVAL,False
231.0,1.0,232.0,AT_OR_ABOVE_BASELINE_MEDIAN,30.0,WAIT_15MIN,1.0,0.0,0.0434782608695652,0.0434782608695652,0.6720496894409937,0.6285714285714286,0.3279503105590062,0.2070644500000026,-0.9269999999999924,0.093999999999994,0.7980000000000018,NOT_ISSUED,957026d0fdecd88e4af9bada85c293064350365f4d7b62e86e59c3f8eb0231f7,0.043478260869565216,0.022727272727272728,0.08,0.057272727272727274,0.0434782608695652,0.0588235294117647,0.0666666666666666,0.007843137254901898,0.022727272727272728,0.08,0.057272727272727274,RECOVERY_PRIOR,0.022727272727272728,0.08,0.0434782608695652,COMPLETION_FEASIBLE_UNDER_SCENARIO,REPORT_CENTRAL_PLUS_SENSITIVITY_ENVELOPE;NOT_CONFIDENCE_INTERVAL,False
231.0,0.1,231.1,AT_OR_ABOVE_BASELINE_MEDIAN,30.0,WAIT_30MIN,0.0,1.0,0.4807453416149068,0.0,0.6720496894409937,0.1913043478260869,0.3279503105590062,,,,,NOT_ISSUED,957026d0fdecd88e4af9bada85c293064350365f4d7b62e86e59c3f8eb0231f7,0.4807453416149068,0.46948051948051944,0.5005714285714286,0.031090909090909113,0.4807453416149068,0.453125,0.5333333333333333,0.08020833333333333,0.453125,0.5333333333333333,0.08020833333333333,CROSS_YEAR_LOYO,0.0,0.0,0.0,CUTOFF_BLOCKED,REPORT_CENTRAL_PLUS_SENSITIVITY_ENVELOPE;NOT_CONFIDENCE_INTERVAL,False
231.0,0.25,231.25,AT_OR_ABOVE_BASELINE_MEDIAN,30.0,WAIT_30MIN,0.0,1.0,0.3167701863354037,0.0,0.6720496894409937,0.35527950310559,0.3279503105590062,,,,,NOT_ISSUED,957026d0fdecd88e4af9bada85c293064350365f4d7b62e86e59c3f8eb0231f7,0.31677018633540377,0.3019480519480519,0.34285714285714286,0.04090909090909095,0.3167701863354037,0.296875,0.3933333333333333,0.09645833333333331,0.296875,0.3933333333333333,0.09645833333333331,CROSS_YEAR_LOYO,0.0,0.0,0.0,CUTOFF_BLOCKED,REPORT_CENTRAL_PLUS_SENSITIVITY_ENVELOPE;NOT_CONFIDENCE_INTERVAL,False
231.0,0.5,231.5,AT_OR_ABOVE_BASELINE_MEDIAN,30.0,WAIT_30MIN,0.0,1.0,0.1527950310559006,0.0,0.6720496894409937,0.5192546583850932,0.3279503105590062,,,,,NOT_ISSUED,957026d0fdecd88e4af9bada85c293064350365f4d7b62e86e59c3f8eb0231f7,0.15279503105590062,0.1344155844155844,0.18514285714285716,0.05072727272727276,0.1527950310559006,0.1133333333333333,0.2036199095022624,0.09028657616892909,0.1133333333333333,0.2036199095022624,0.09028657616892909,CROSS_YEAR_LOYO,0.0,0.0,0.0,CUTOFF_BLOCKED,REPORT_CENTRAL_PLUS_SENSITIVITY_ENVELOPE;NOT_CONFIDENCE_INTERVAL,False
231.0,1.0,232.0,AT_OR_ABOVE_BASELINE_MEDIAN,30.0,WAIT_30MIN,0.0,1.0,0.0434782608695652,0.0,0.6720496894409937,0.6285714285714286,0.3279503105590062,,,,,NOT_ISSUED,957026d0fdecd88e4af9bada85c293064350365f4d7b62e86e59c3f8eb0231f7,0.043478260869565216,0.022727272727272728,0.08,0.057272727272727274,0.0434782608695652,0.0588235294117647,0.0666666666666666,0.007843137254901898,0.022727272727272728,0.08,0.057272727272727274,RECOVERY_PRIOR,0.0,0.0,0.0,CUTOFF_BLOCKED,REPORT_CENTRAL_PLUS_SENSITIVITY_ENVELOPE;NOT_CONFIDENCE_INTERVAL,False
231.0,0.1,231.1,AT_OR_ABOVE_BASELINE_MEDIAN,30.0,WAIT_45MIN,0.0,1.0,0.4807453416149068,0.0,0.6720496894409937,0.1913043478260869,0.3279503105590062,,,,,NOT_ISSUED,957026d0fdecd88e4af9bada85c293064350365f4d7b62e86e59c3f8eb0231f7,0.4807453416149068,0.46948051948051944,0.5005714285714286,0.031090909090909113,0.4807453416149068,0.453125,0.5333333333333333,0.08020833333333333,0.453125,0.5333333333333333,0.08020833333333333,CROSS_YEAR_LOYO,0.0,0.0,0.0,CUTOFF_BLOCKED,REPORT_CENTRAL_PLUS_SENSITIVITY_ENVELOPE;NOT_CONFIDENCE_INTERVAL,False
231.0,0.25,231.25,AT_OR_ABOVE_BASELINE_MEDIAN,30.0,WAIT_45MIN,0.0,1.0,0.3167701863354037,0.0,0.6720496894409937,0.35527950310559,0.3279503105590062,,,,,NOT_ISSUED,957026d0fdecd88e4af9bada85c293064350365f4d7b62e86e59c3f8eb0231f7,0.31677018633540377,0.3019480519480519,0.34285714285714286,0.04090909090909095,0.3167701863354037,0.296875,0.3933333333333333,0.09645833333333331,0.296875,0.3933333333333333,0.09645833333333331,CROSS_YEAR_LOYO,0.0,0.0,0.0,CUTOFF_BLOCKED,REPORT_CENTRAL_PLUS_SENSITIVITY_ENVELOPE;NOT_CONFIDENCE_INTERVAL,False
231.0,0.5,231.5,AT_OR_ABOVE_BASELINE_MEDIAN,30.0,WAIT_45MIN,0.0,1.0,0.1527950310559006,0.0,0.6720496894409937,0.5192546583850932,0.3279503105590062,,,,,NOT_ISSUED,957026d0fdecd88e4af9bada85c293064350365f4d7b62e86e59c3f8eb0231f7,0.15279503105590062,0.1344155844155844,0.18514285714285716,0.05072727272727276,0.1527950310559006,0.1133333333333333,0.2036199095022624,0.09028657616892909,0.1133333333333333,0.2036199095022624,0.09028657616892909,CROSS_YEAR_LOYO,0.0,0.0,0.0,CUTOFF_BLOCKED,REPORT_CENTRAL_PLUS_SENSITIVITY_ENVELOPE;NOT_CONFIDENCE_INTERVAL,False
231.0,1.0,232.0,AT_OR_ABOVE_BASELINE_MEDIAN,30.0,WAIT_45MIN,0.0,1.0,0.0434782608695652,0.0,0.6720496894409937,0.6285714285714286,0.3279503105590062,,,,,NOT_ISSUED,957026d0fdecd88e4af9bada85c293064350365f4d7b62e86e59c3f8eb0231f7,0.043478260869565216,0.022727272727272728,0.08,0.057272727272727274,0.0434782608695652,0.0588235294117647,0.0666666666666666,0.007843137254901898,0.022727272727272728,0.08,0.057272727272727274,RECOVERY_PRIOR,0.0,0.0,0.0,CUTOFF_BLOCKED,REPORT_CENTRAL_PLUS_SENSITIVITY_ENVELOPE;NOT_CONFIDENCE_INTERVAL,False
231.0,0.1,231.1,AT_OR_ABOVE_BASELINE_MEDIAN,45.0,WAIT_05MIN,1.0,0.0,0.4807453416149068,0.4807453416149068,0.6720496894409937,0.1913043478260869,0.3279503105590062,0.2073368600000028,-0.9269999999999924,0.093999999999994,0.7980000000000018,NOT_ISSUED,957026d0fdecd88e4af9bada85c293064350365f4d7b62e86e59c3f8eb0231f7,0.4807453416149068,0.46948051948051944,0.5005714285714286,0.031090909090909113,0.4807453416149068,0.453125,0.5333333333333333,0.08020833333333333,0.453125,0.5333333333333333,0.08020833333333333,CROSS_YEAR_LOYO,0.453125,0.5333333333333333,0.4807453416149068,COMPLETION_FEASIBLE_UNDER_SCENARIO,REPORT_CENTRAL_PLUS_SENSITIVITY_ENVELOPE;NOT_CONFIDENCE_INTERVAL,False
231.0,0.25,231.25,AT_OR_ABOVE_BASELINE_MEDIAN,45.0,WAIT_05MIN,1.0,0.0,0.3167701863354037,0.3167701863354037,0.6720496894409937,0.35527950310559,0.3279503105590062,0.2073368600000028,-0.9269999999999924,0.093999999999994,0.7980000000000018,NOT_ISSUED,957026d0fdecd88e4af9bada85c293064350365f4d7b62e86e59c3f8eb0231f7,0.31677018633540377,0.3019480519480519,0.34285714285714286,0.04090909090909095,0.3167701863354037,0.296875,0.3933333333333333,0.09645833333333331,0.296875,0.3933333333333333,0.09645833333333331,CROSS_YEAR_LOYO,0.296875,0.3933333333333333,0.3167701863354037,COMPLETION_FEASIBLE_UNDER_SCENARIO,REPORT_CENTRAL_PLUS_SENSITIVITY_ENVELOPE;NOT_CONFIDENCE_INTERVAL,False
231.0,0.5,231.5,AT_OR_ABOVE_BASELINE_MEDIAN,45.0,WAIT_05MIN,1.0,0.0,0.1527950310559006,0.1527950310559006,0.6720496894409937,0.5192546583850932,0.3279503105590062,0.2073368600000028,-0.9269999999999924,0.093999999999994,0.7980000000000018,NOT_ISSUED,957026d0fdecd88e4af9bada85c293064350365f4d7b62e86e59c3f8eb0231f7,0.15279503105590062,0.1344155844155844,0.18514285714285716,0.05072727272727276,0.1527950310559006,0.1133333333333333,0.2036199095022624,0.09028657616892909,0.1133333333333333,0.2036199095022624,0.09028657616892909,CROSS_YEAR_LOYO,0.1133333333333333,0.2036199095022624,0.1527950310559006,COMPLETION_FEASIBLE_UNDER_SCENARIO,REPORT_CENTRAL_PLUS_SENSITIVITY_ENVELOPE;NOT_CONFIDENCE_INTERVAL,False
231.0,1.0,232.0,AT_OR_ABOVE_BASELINE_MEDIAN,45.0,WAIT_05MIN,1.0,0.0,0.0434782608695652,0.0434782608695652,0.6720496894409937,0.6285714285714286,0.3279503105590062,0.2073368600000028,-0.9269999999999924,0.093999999999994,0.7980000000000018,NOT_ISSUED,957026d0fdecd88e4af9bada85c293064350365f4d7b62e86e59c3f8eb0231f7,0.043478260869565216,0.022727272727272728,0.08,0.057272727272727274,0.0434782608695652,0.0588235294117647,0.0666666666666666,0.007843137254901898,0.022727272727272728,0.08,0.057272727272727274,RECOVERY_PRIOR,0.022727272727272728,0.08,0.0434782608695652,COMPLETION_FEASIBLE_UNDER_SCENARIO,REPORT_CENTRAL_PLUS_SENSITIVITY_ENVELOPE;NOT_CONFIDENCE_INTERVAL,False
231.0,0.1,231.1,AT_OR_ABOVE_BASELINE_MEDIAN,45.0,WAIT_15MIN,1.0,0.0,0.4807453416149068,0.4807453416149068,0.6720496894409937,0.1913043478260869,0.3279503105590062,0.2067841600000028,-0.9269999999999924,0.093999999999994,0.7980000000000018,NOT_ISSUED,957026d0fdecd88e4af9bada85c293064350365f4d7b62e86e59c3f8eb0231f7,0.4807453416149068,0.46948051948051944,0.5005714285714286,0.031090909090909113,0.4807453416149068,0.453125,0.5333333333333333,0.08020833333333333,0.453125,0.5333333333333333,0.08020833333333333,CROSS_YEAR_LOYO,0.453125,0.5333333333333333,0.4807453416149068,COMPLETION_FEASIBLE_UNDER_SCENARIO,REPORT_CENTRAL_PLUS_SENSITIVITY_ENVELOPE;NOT_CONFIDENCE_INTERVAL,False
231.0,0.25,231.25,AT_OR_ABOVE_BASELINE_MEDIAN,45.0,WAIT_15MIN,1.0,0.0,0.3167701863354037,0.3167701863354037,0.6720496894409937,0.35527950310559,0.3279503105590062,0.2067841600000028,-0.9269999999999924,0.093999999999994,0.7980000000000018,NOT_ISSUED,957026d0fdecd88e4af9bada85c293064350365f4d7b62e86e59c3f8eb0231f7,0.31677018633540377,0.3019480519480519,0.34285714285714286,0.04090909090909095,0.3167701863354037,0.296875,0.3933333333333333,0.09645833333333331,0.296875,0.3933333333333333,0.09645833333333331,CROSS_YEAR_LOYO,0.296875,0.3933333333333333,0.3167701863354037,COMPLETION_FEASIBLE_UNDER_SCENARIO,REPORT_CENTRAL_PLUS_SENSITIVITY_ENVELOPE;NOT_CONFIDENCE_INTERVAL,False
231.0,0.5,231.5,AT_OR_ABOVE_BASELINE_MEDIAN,45.0,WAIT_15MIN,1.0,0.0,0.1527950310559006,0.1527950310559006,0.6720496894409937,0.5192546583850932,0.3279503105590062,0.2067841600000028,-0.9269999999999924,0.093999999999994,0.7980000000000018,NOT_ISSUED,957026d0fdecd88e4af9bada85c293064350365f4d7b62e86e59c3f8eb0231f7,0.15279503105590062,0.1344155844155844,0.18514285714285716,0.05072727272727276,0.1527950310559006,0.1133333333333333,0.2036199095022624,0.09028657616892909,0.1133333333333333,0.2036199095022624,0.09028657616892909,CROSS_YEAR_LOYO,0.1133333333333333,0.2036199095022624,0.1527950310559006,COMPLETION_FEASIBLE_UNDER_SCENARIO,REPORT_CENTRAL_PLUS_SENSITIVITY_ENVELOPE;NOT_CONFIDENCE_INTERVAL,False
231.0,1.0,232.0,AT_OR_ABOVE_BASELINE_MEDIAN,45.0,WAIT_15MIN,1.0,0.0,0.0434782608695652,0.0434782608695652,0.6720496894409937,0.6285714285714286,0.3279503105590062,0.2067841600000028,-0.9269999999999924,0.093999999999994,0.7980000000000018,NOT_ISSUED,957026d0fdecd88e4af9bada85c293064350365f4d7b62e86e59c3f8eb0231f7,0.043478260869565216,0.022727272727272728,0.08,0.057272727272727274,0.0434782608695652,0.0588235294117647,0.0666666666666666,0.007843137254901898,0.022727272727272728,0.08,0.057272727272727274,RECOVERY_PRIOR,0.022727272727272728,0.08,0.0434782608695652,COMPLETION_FEASIBLE_UNDER_SCENARIO,REPORT_CENTRAL_PLUS_SENSITIVITY_ENVELOPE;NOT_CONFIDENCE_INTERVAL,False
231.0,0.1,231.1,AT_OR_ABOVE_BASELINE_MEDIAN,45.0,WAIT_30MIN,1.0,0.0,0.4807453416149068,0.4807453416149068,0.6720496894409937,0.1913043478260869,0.3279503105590062,0.2065236200000027,-0.9269999999999924,0.093999999999994,0.7980000000000018,NOT_ISSUED,957026d0fdecd88e4af9bada85c293064350365f4d7b62e86e59c3f8eb0231f7,0.4807453416149068,0.46948051948051944,0.5005714285714286,0.031090909090909113,0.4807453416149068,0.453125,0.5333333333333333,0.08020833333333333,0.453125,0.5333333333333333,0.08020833333333333,CROSS_YEAR_LOYO,0.453125,0.5333333333333333,0.4807453416149068,COMPLETION_FEASIBLE_UNDER_SCENARIO,REPORT_CENTRAL_PLUS_SENSITIVITY_ENVELOPE;NOT_CONFIDENCE_INTERVAL,False
231.0,0.25,231.25,AT_OR_ABOVE_BASELINE_MEDIAN,45.0,WAIT_30MIN,1.0,0.0,0.3167701863354037,0.3167701863354037,0.6720496894409937,0.35527950310559,0.3279503105590062,0.2065236200000027,-0.9269999999999924,0.093999999999994,0.7980000000000018,NOT_ISSUED,957026d0fdecd88e4af9bada85c293064350365f4d7b62e86e59c3f8eb0231f7,0.31677018633540377,0.3019480519480519,0.34285714285714286,0.04090909090909095,0.3167701863354037,0.296875,0.3933333333333333,0.09645833333333331,0.296875,0.3933333333333333,0.09645833333333331,CROSS_YEAR_LOYO,0.296875,0.3933333333333333,0.3167701863354037,COMPLETION_FEASIBLE_UNDER_SCENARIO,REPORT_CENTRAL_PLUS_SENSITIVITY_ENVELOPE;NOT_CONFIDENCE_INTERVAL,False
231.0,0.5,231.5,AT_OR_ABOVE_BASELINE_MEDIAN,45.0,WAIT_30MIN,1.0,0.0,0.1527950310559006,0.1527950310559006,0.6720496894409937,0.5192546583850932,0.3279503105590062,0.2065236200000027,-0.9269999999999924,0.093999999999994,0.7980000000000018,NOT_ISSUED,957026d0fdecd88e4af9bada85c293064350365f4d7b62e86e59c3f8eb0231f7,0.15279503105590062,0.1344155844155844,0.18514285714285716,0.05072727272727276,0.1527950310559006,0.1133333333333333,0.2036199095022624,0.09028657616892909,0.1133333333333333,0.2036199095022624,0.09028657616892909,CROSS_YEAR_LOYO,0.1133333333333333,0.2036199095022624,0.1527950310559006,COMPLETION_FEASIBLE_UNDER_SCENARIO,REPORT_CENTRAL_PLUS_SENSITIVITY_ENVELOPE;NOT_CONFIDENCE_INTERVAL,False
231.0,1.0,232.0,AT_OR_ABOVE_BASELINE_MEDIAN,45.0,WAIT_30MIN,1.0,0.0,0.0434782608695652,0.0434782608695652,0.6720496894409937,0.6285714285714286,0.3279503105590062,0.2065236200000027,-0.9269999999999924,0.093999999999994,0.7980000000000018,NOT_ISSUED,957026d0fdecd88e4af9bada85c293064350365f4d7b62e86e59c3f8eb0231f7,0.043478260869565216,0.022727272727272728,0.08,0.057272727272727274,0.0434782608695652,0.0588235294117647,0.0666666666666666,0.007843137254901898,0.022727272727272728,0.08,0.057272727272727274,RECOVERY_PRIOR,0.022727272727272728,0.08,0.0434782608695652,COMPLETION_FEASIBLE_UNDER_SCENARIO,REPORT_CENTRAL_PLUS_SENSITIVITY_ENVELOPE;NOT_CONFIDENCE_INTERVAL,False
231.0,0.1,231.1,AT_OR_ABOVE_BASELINE_MEDIAN,45.0,WAIT_45MIN,0.0,1.0,0.4807453416149068,0.0,0.6720496894409937,0.1913043478260869,0.3279503105590062,,,,,NOT_ISSUED,957026d0fdecd88e4af9bada85c293064350365f4d7b62e86e59c3f8eb0231f7,0.4807453416149068,0.46948051948051944,0.5005714285714286,0.031090909090909113,0.4807453416149068,0.453125,0.5333333333333333,0.08020833333333333,0.453125,0.5333333333333333,0.08020833333333333,CROSS_YEAR_LOYO,0.0,0.0,0.0,CUTOFF_BLOCKED,REPORT_CENTRAL_PLUS_SENSITIVITY_ENVELOPE;NOT_CONFIDENCE_INTERVAL,False
231.0,0.25,231.25,AT_OR_ABOVE_BASELINE_MEDIAN,45.0,WAIT_45MIN,0.0,1.0,0.3167701863354037,0.0,0.6720496894409937,0.35527950310559,0.3279503105590062,,,,,NOT_ISSUED,957026d0fdecd88e4af9bada85c293064350365f4d7b62e86e59c3f8eb0231f7,0.31677018633540377,0.3019480519480519,0.34285714285714286,0.04090909090909095,0.3167701863354037,0.296875,0.3933333333333333,0.09645833333333331,0.296875,0.3933333333333333,0.09645833333333331,CROSS_YEAR_LOYO,0.0,0.0,0.0,CUTOFF_BLOCKED,REPORT_CENTRAL_PLUS_SENSITIVITY_ENVELOPE;NOT_CONFIDENCE_INTERVAL,False
231.0,0.5,231.5,AT_OR_ABOVE_BASELINE_MEDIAN,45.0,WAIT_45MIN,0.0,1.0,0.1527950310559006,0.0,0.6720496894409937,0.5192546583850932,0.3279503105590062,,,,,NOT_ISSUED,957026d0fdecd88e4af9bada85c293064350365f4d7b62e86e59c3f8eb0231f7,0.15279503105590062,0.1344155844155844,0.18514285714285716,0.05072727272727276,0.1527950310559006,0.1133333333333333,0.2036199095022624,0.09028657616892909,0.1133333333333333,0.2036199095022624,0.09028657616892909,CROSS_YEAR_LOYO,0.0,0.0,0.0,CUTOFF_BLOCKED,REPORT_CENTRAL_PLUS_SENSITIVITY_ENVELOPE;NOT_CONFIDENCE_INTERVAL,False
231.0,1.0,232.0,AT_OR_ABOVE_BASELINE_MEDIAN,45.0,WAIT_45MIN,0.0,1.0,0.0434782608695652,0.0,0.6720496894409937,0.6285714285714286,0.3279503105590062,,,,,NOT_ISSUED,957026d0fdecd88e4af9bada85c293064350365f4d7b62e86e59c3f8eb0231f7,0.043478260869565216,0.022727272727272728,0.08,0.057272727272727274,0.0434782608695652,0.0588235294117647,0.0666666666666666,0.007843137254901898,0.022727272727272728,0.08,0.057272727272727274,RECOVERY_PRIOR,0.0,0.0,0.0,CUTOFF_BLOCKED,REPORT_CENTRAL_PLUS_SENSITIVITY_ENVELOPE;NOT_CONFIDENCE_INTERVAL,False
231.0,0.1,231.1,AT_OR_ABOVE_BASELINE_MEDIAN,60.0,WAIT_05MIN,1.0,0.0,0.4807453416149068,0.4807453416149068,0.6720496894409937,0.1913043478260869,0.3279503105590062,0.2042829500000027,-0.9269999999999924,0.093999999999994,0.7980000000000018,NOT_ISSUED,957026d0fdecd88e4af9bada85c293064350365f4d7b62e86e59c3f8eb0231f7,0.4807453416149068,0.46948051948051944,0.5005714285714286,0.031090909090909113,0.4807453416149068,0.453125,0.5333333333333333,0.08020833333333333,0.453125,0.5333333333333333,0.08020833333333333,CROSS_YEAR_LOYO,0.453125,0.5333333333333333,0.4807453416149068,COMPLETION_FEASIBLE_UNDER_SCENARIO,REPORT_CENTRAL_PLUS_SENSITIVITY_ENVELOPE;NOT_CONFIDENCE_INTERVAL,False
231.0,0.25,231.25,AT_OR_ABOVE_BASELINE_MEDIAN,60.0,WAIT_05MIN,1.0,0.0,0.3167701863354037,0.3167701863354037,0.6720496894409937,0.35527950310559,0.3279503105590062,0.2042829500000027,-0.9269999999999924,0.093999999999994,0.7980000000000018,NOT_ISSUED,957026d0fdecd88e4af9bada85c293064350365f4d7b62e86e59c3f8eb0231f7,0.31677018633540377,0.3019480519480519,0.34285714285714286,0.04090909090909095,0.3167701863354037,0.296875,0.3933333333333333,0.09645833333333331,0.296875,0.3933333333333333,0.09645833333333331,CROSS_YEAR_LOYO,0.296875,0.3933333333333333,0.3167701863354037,COMPLETION_FEASIBLE_UNDER_SCENARIO,REPORT_CENTRAL_PLUS_SENSITIVITY_ENVELOPE;NOT_CONFIDENCE_INTERVAL,False
231.0,0.5,231.5,AT_OR_ABOVE_BASELINE_MEDIAN,60.0,WAIT_05MIN,1.0,0.0,0.1527950310559006,0.1527950310559006,0.6720496894409937,0.5192546583850932,0.3279503105590062,0.2042829500000027,-0.9269999999999924,0.093999999999994,0.7980000000000018,NOT_ISSUED,957026d0fdecd88e4af9bada85c293064350365f4d7b62e86e59c3f8eb0231f7,0.15279503105590062,0.1344155844155844,0.18514285714285716,0.05072727272727276,0.1527950310559006,0.1133333333333333,0.2036199095022624,0.09028657616892909,0.1133333333333333,0.2036199095022624,0.09028657616892909,CROSS_YEAR_LOYO,0.1133333333333333,0.2036199095022624,0.1527950310559006,COMPLETION_FEASIBLE_UNDER_SCENARIO,REPORT_CENTRAL_PLUS_SENSITIVITY_ENVELOPE;NOT_CONFIDENCE_INTERVAL,False
231.0,1.0,232.0,AT_OR_ABOVE_BASELINE_MEDIAN,60.0,WAIT_05MIN,1.0,0.0,0.0434782608695652,0.0434782608695652,0.6720496894409937,0.6285714285714286,0.3279503105590062,0.2042829500000027,-0.9269999999999924,0.093999999999994,0.7980000000000018,NOT_ISSUED,957026d0fdecd88e4af9bada85c293064350365f4d7b62e86e59c3f8eb0231f7,0.043478260869565216,0.022727272727272728,0.08,0.057272727272727274,0.0434782608695652,0.0588235294117647,0.0666666666666666,0.007843137254901898,0.022727272727272728,0.08,0.057272727272727274,RECOVERY_PRIOR,0.022727272727272728,0.08,0.0434782608695652,COMPLETION_FEASIBLE_UNDER_SCENARIO,REPORT_CENTRAL_PLUS_SENSITIVITY_ENVELOPE;NOT_CONFIDENCE_INTERVAL,False
231.0,0.1,231.1,AT_OR_ABOVE_BASELINE_MEDIAN,60.0,WAIT_15MIN,1.0,0.0,0.4807453416149068,0.4807453416149068,0.6720496894409937,0.1913043478260869,0.3279503105590062,0.2104882300000027,-0.9269999999999924,0.093999999999994,0.7980000000000018,NOT_ISSUED,957026d0fdecd88e4af9bada85c293064350365f4d7b62e86e59c3f8eb0231f7,0.4807453416149068,0.46948051948051944,0.5005714285714286,0.031090909090909113,0.4807453416149068,0.453125,0.5333333333333333,0.08020833333333333,0.453125,0.5333333333333333,0.08020833333333333,CROSS_YEAR_LOYO,0.453125,0.5333333333333333,0.4807453416149068,COMPLETION_FEASIBLE_UNDER_SCENARIO,REPORT_CENTRAL_PLUS_SENSITIVITY_ENVELOPE;NOT_CONFIDENCE_INTERVAL,False
231.0,0.25,231.25,AT_OR_ABOVE_BASELINE_MEDIAN,60.0,WAIT_15MIN,1.0,0.0,0.3167701863354037,0.3167701863354037,0.6720496894409937,0.35527950310559,0.3279503105590062,0.2104882300000027,-0.9269999999999924,0.093999999999994,0.7980000000000018,NOT_ISSUED,957026d0fdecd88e4af9bada85c293064350365f4d7b62e86e59c3f8eb0231f7,0.31677018633540377,0.3019480519480519,0.34285714285714286,0.04090909090909095,0.3167701863354037,0.296875,0.3933333333333333,0.09645833333333331,0.296875,0.3933333333333333,0.09645833333333331,CROSS_YEAR_LOYO,0.296875,0.3933333333333333,0.3167701863354037,COMPLETION_FEASIBLE_UNDER_SCENARIO,REPORT_CENTRAL_PLUS_SENSITIVITY_ENVELOPE;NOT_CONFIDENCE_INTERVAL,False
231.0,0.5,231.5,AT_OR_ABOVE_BASELINE_MEDIAN,60.0,WAIT_15MIN,1.0,0.0,0.1527950310559006,0.1527950310559006,0.6720496894409937,0.5192546583850932,0.3279503105590062,0.2104882300000027,-0.9269999999999924,0.093999999999994,0.7980000000000018,NOT_ISSUED,957026d0fdecd88e4af9bada85c293064350365f4d7b62e86e59c3f8eb0231f7,0.15279503105590062,0.1344155844155844,0.18514285714285716,0.05072727272727276,0.1527950310559006,0.1133333333333333,0.2036199095022624,0.09028657616892909,0.1133333333333333,0.2036199095022624,0.09028657616892909,CROSS_YEAR_LOYO,0.1133333333333333,0.2036199095022624,0.1527950310559006,COMPLETION_FEASIBLE_UNDER_SCENARIO,REPORT_CENTRAL_PLUS_SENSITIVITY_ENVELOPE;NOT_CONFIDENCE_INTERVAL,False
231.0,1.0,232.0,AT_OR_ABOVE_BASELINE_MEDIAN,60.0,WAIT_15MIN,1.0,0.0,0.0434782608695652,0.0434782608695652,0.6720496894409937,0.6285714285714286,0.3279503105590062,0.2104882300000027,-0.9269999999999924,0.093999999999994,0.7980000000000018,NOT_ISSUED,957026d0fdecd88e4af9bada85c293064350365f4d7b62e86e59c3f8eb0231f7,0.043478260869565216,0.022727272727272728,0.08,0.057272727272727274,0.0434782608695652,0.0588235294117647,0.0666666666666666,0.007843137254901898,0.022727272727272728,0.08,0.057272727272727274,RECOVERY_PRIOR,0.022727272727272728,0.08,0.0434782608695652,COMPLETION_FEASIBLE_UNDER_SCENARIO,REPORT_CENTRAL_PLUS_SENSITIVITY_ENVELOPE;NOT_CONFIDENCE_INTERVAL,False
231.0,0.1,231.1,AT_OR_ABOVE_BASELINE_MEDIAN,60.0,WAIT_30MIN,1.0,0.0,0.4807453416149068,0.4807453416149068,0.6720496894409937,0.1913043478260869,0.3279503105590062,0.2044402300000027,-0.9269999999999924,0.093999999999994,0.7980000000000018,NOT_ISSUED,957026d0fdecd88e4af9bada85c293064350365f4d7b62e86e59c3f8eb0231f7,0.4807453416149068,0.46948051948051944,0.5005714285714286,0.031090909090909113,0.4807453416149068,0.453125,0.5333333333333333,0.08020833333333333,0.453125,0.5333333333333333,0.08020833333333333,CROSS_YEAR_LOYO,0.453125,0.5333333333333333,0.4807453416149068,COMPLETION_FEASIBLE_UNDER_SCENARIO,REPORT_CENTRAL_PLUS_SENSITIVITY_ENVELOPE;NOT_CONFIDENCE_INTERVAL,False
231.0,0.25,231.25,AT_OR_ABOVE_BASELINE_MEDIAN,60.0,WAIT_30MIN,1.0,0.0,0.3167701863354037,0.3167701863354037,0.6720496894409937,0.35527950310559,0.3279503105590062,0.2044402300000027,-0.9269999999999924,0.093999999999994,0.7980000000000018,NOT_ISSUED,957026d0fdecd88e4af9bada85c293064350365f4d7b62e86e59c3f8eb0231f7,0.31677018633540377,0.3019480519480519,0.34285714285714286,0.04090909090909095,0.3167701863354037,0.296875,0.3933333333333333,0.09645833333333331,0.296875,0.3933333333333333,0.09645833333333331,CROSS_YEAR_LOYO,0.296875,0.3933333333333333,0.3167701863354037,COMPLETION_FEASIBLE_UNDER_SCENARIO,REPORT_CENTRAL_PLUS_SENSITIVITY_ENVELOPE;NOT_CONFIDENCE_INTERVAL,False
231.0,0.5,231.5,AT_OR_ABOVE_BASELINE_MEDIAN,60.0,WAIT_30MIN,1.0,0.0,0.1527950310559006,0.1527950310559006,0.6720496894409937,0.5192546583850932,0.3279503105590062,0.2044402300000027,-0.9269999999999924,0.093999999999994,0.7980000000000018,NOT_ISSUED,957026d0fdecd88e4af9bada85c293064350365f4d7b62e86e59c3f8eb0231f7,0.15279503105590062,0.1344155844155844,0.18514285714285716,0.05072727272727276,0.1527950310559006,0.1133333333333333,0.2036199095022624,0.09028657616892909,0.1133333333333333,0.2036199095022624,0.09028657616892909,CROSS_YEAR_LOYO,0.1133333333333333,0.2036199095022624,0.1527950310559006,COMPLETION_FEASIBLE_UNDER_SCENARIO,REPORT_CENTRAL_PLUS_SENSITIVITY_ENVELOPE;NOT_CONFIDENCE_INTERVAL,False
231.0,1.0,232.0,AT_OR_ABOVE_BASELINE_MEDIAN,60.0,WAIT_30MIN,1.0,0.0,0.0434782608695652,0.0434782608695652,0.6720496894409937,0.6285714285714286,0.3279503105590062,0.2044402300000027,-0.9269999999999924,0.093999999999994,0.7980000000000018,NOT_ISSUED,957026d0fdecd88e4af9bada85c293064350365f4d7b62e86e59c3f8eb0231f7,0.043478260869565216,0.022727272727272728,0.08,0.057272727272727274,0.0434782608695652,0.0588235294117647,0.0666666666666666,0.007843137254901898,0.022727272727272728,0.08,0.057272727272727274,RECOVERY_PRIOR,0.022727272727272728,0.08,0.0434782608695652,COMPLETION_FEASIBLE_UNDER_SCENARIO,REPORT_CENTRAL_PLUS_SENSITIVITY_ENVELOPE;NOT_CONFIDENCE_INTERVAL,False
231.0,0.1,231.1,AT_OR_ABOVE_BASELINE_MEDIAN,60.0,WAIT_45MIN,1.0,0.0,0.4807453416149068,0.4807453416149068,0.6720496894409937,0.1913043478260869,0.3279503105590062,0.2053161400000027,-0.9269999999999924,0.093999999999994,0.7980000000000018,NOT_ISSUED,957026d0fdecd88e4af9bada85c293064350365f4d7b62e86e59c3f8eb0231f7,0.4807453416149068,0.46948051948051944,0.5005714285714286,0.031090909090909113,0.4807453416149068,0.453125,0.5333333333333333,0.08020833333333333,0.453125,0.5333333333333333,0.08020833333333333,CROSS_YEAR_LOYO,0.453125,0.5333333333333333,0.4807453416149068,COMPLETION_FEASIBLE_UNDER_SCENARIO,REPORT_CENTRAL_PLUS_SENSITIVITY_ENVELOPE;NOT_CONFIDENCE_INTERVAL,False
231.0,0.25,231.25,AT_OR_ABOVE_BASELINE_MEDIAN,60.0,WAIT_45MIN,1.0,0.0,0.3167701863354037,0.3167701863354037,0.6720496894409937,0.35527950310559,0.3279503105590062,0.2053161400000027,-0.9269999999999924,0.093999999999994,0.7980000000000018,NOT_ISSUED,957026d0fdecd88e4af9bada85c293064350365f4d7b62e86e59c3f8eb0231f7,0.31677018633540377,0.3019480519480519,0.34285714285714286,0.04090909090909095,0.3167701863354037,0.296875,0.3933333333333333,0.09645833333333331,0.296875,0.3933333333333333,0.09645833333333331,CROSS_YEAR_LOYO,0.296875,0.3933333333333333,0.3167701863354037,COMPLETION_FEASIBLE_UNDER_SCENARIO,REPORT_CENTRAL_PLUS_SENSITIVITY_ENVELOPE;NOT_CONFIDENCE_INTERVAL,False
231.0,0.5,231.5,AT_OR_ABOVE_BASELINE_MEDIAN,60.0,WAIT_45MIN,1.0,0.0,0.1527950310559006,0.1527950310559006,0.6720496894409937,0.5192546583850932,0.3279503105590062,0.2053161400000027,-0.9269999999999924,0.093999999999994,0.7980000000000018,NOT_ISSUED,957026d0fdecd88e4af9bada85c293064350365f4d7b62e86e59c3f8eb0231f7,0.15279503105590062,0.1344155844155844,0.18514285714285716,0.05072727272727276,0.1527950310559006,0.1133333333333333,0.2036199095022624,0.09028657616892909,0.1133333333333333,0.2036199095022624,0.09028657616892909,CROSS_YEAR_LOYO,0.1133333333333333,0.2036199095022624,0.1527950310559006,COMPLETION_FEASIBLE_UNDER_SCENARIO,REPORT_CENTRAL_PLUS_SENSITIVITY_ENVELOPE;NOT_CONFIDENCE_INTERVAL,False
231.0,1.0,232.0,AT_OR_ABOVE_BASELINE_MEDIAN,60.0,WAIT_45MIN,1.0,0.0,0.0434782608695652,0.0434782608695652,0.6720496894409937,0.6285714285714286,0.3279503105590062,0.2053161400000027,-0.9269999999999924,0.093999999999994,0.7980000000000018,NOT_ISSUED,957026d0fdecd88e4af9bada85c293064350365f4d7b62e86e59c3f8eb0231f7,0.043478260869565216,0.022727272727272728,0.08,0.057272727272727274,0.0434782608695652,0.0588235294117647,0.0666666666666666,0.007843137254901898,0.022727272727272728,0.08,0.057272727272727274,RECOVERY_PRIOR,0.022727272727272728,0.08,0.0434782608695652,COMPLETION_FEASIBLE_UNDER_SCENARIO,REPORT_CENTRAL_PLUS_SENSITIVITY_ENVELOPE;NOT_CONFIDENCE_INTERVAL,False
233.0,0.1,233.1,LOW_BASELINE,10.0,WAIT_05MIN,1.0,0.0,0.5928571428571429,0.5928571428571429,0.7428571428571429,0.15,0.2571428571428571,0.7911508200000018,-0.382000000000005,0.2270000000000038,4.694999999999993,NOT_ISSUED,957026d0fdecd88e4af9bada85c293064350365f4d7b62e86e59c3f8eb0231f7,0.5928571428571429,0.5857142857142857,0.6051948051948052,0.01948051948051943,0.5928571428571429,0.5692307692307692,0.6666666666666667,0.09743589743589753,0.5692307692307692,0.6666666666666667,0.09743589743589753,CROSS_YEAR_LOYO,0.5692307692307692,0.6666666666666667,0.5928571428571429,COMPLETION_FEASIBLE_UNDER_SCENARIO,REPORT_CENTRAL_PLUS_SENSITIVITY_ENVELOPE;NOT_CONFIDENCE_INTERVAL,False
233.0,0.25,233.25,LOW_BASELINE,10.0,WAIT_05MIN,1.0,0.0,0.4642857142857143,0.4642857142857143,0.7428571428571429,0.2785714285714286,0.2571428571428571,0.7911508200000018,-0.382000000000005,0.2270000000000038,4.694999999999993,NOT_ISSUED,957026d0fdecd88e4af9bada85c293064350365f4d7b62e86e59c3f8eb0231f7,0.4642857142857143,0.4548872180451128,0.48051948051948046,0.025632262474367673,0.4642857142857143,0.4153846153846154,0.5666666666666667,0.15128205128205124,0.4153846153846154,0.5666666666666667,0.15128205128205124,CROSS_YEAR_LOYO,0.4153846153846154,0.5666666666666667,0.4642857142857143,COMPLETION_FEASIBLE_UNDER_SCENARIO,REPORT_CENTRAL_PLUS_SENSITIVITY_ENVELOPE;NOT_CONFIDENCE_INTERVAL,False
233.0,0.5,233.5,LOW_BASELINE,10.0,WAIT_05MIN,1.0,0.0,0.3357142857142857,0.3357142857142857,0.7428571428571429,0.4071428571428571,0.2571428571428571,0.7911508200000018,-0.382000000000005,0.2270000000000038,4.694999999999993,NOT_ISSUED,957026d0fdecd88e4af9bada85c293064350365f4d7b62e86e59c3f8eb0231f7,0.33571428571428574,0.3240601503759398,0.35584415584415585,0.031784005468216026,0.3357142857142857,0.3230769230769231,0.3666666666666666,0.04358974358974349,0.3230769230769231,0.3666666666666666,0.04358974358974349,CROSS_YEAR_LOYO,0.3230769230769231,0.3666666666666666,0.3357142857142857,COMPLETION_FEASIBLE_UNDER_SCENARIO,REPORT_CENTRAL_PLUS_SENSITIVITY_ENVELOPE;NOT_CONFIDENCE_INTERVAL,False
233.0,1.0,234.0,LOW_BASELINE,10.0,WAIT_05MIN,1.0,0.0,0.25,0.25,0.7428571428571429,0.4928571428571429,0.2571428571428571,0.7911508200000018,-0.382000000000005,0.2270000000000038,4.694999999999993,NOT_ISSUED,957026d0fdecd88e4af9bada85c293064350365f4d7b62e86e59c3f8eb0231f7,0.25,0.23684210526315788,0.2727272727272727,0.035885167464114825,0.25,0.2,0.3333333333333333,0.1333333333333333,0.2,0.3333333333333333,0.1333333333333333,CROSS_YEAR_LOYO,0.2,0.3333333333333333,0.25,COMPLETION_FEASIBLE_UNDER_SCENARIO,REPORT_CENTRAL_PLUS_SENSITIVITY_ENVELOPE;NOT_CONFIDENCE_INTERVAL,False
233.0,0.1,233.1,LOW_BASELINE,10.0,WAIT_15MIN,0.0,1.0,0.5928571428571429,0.0,0.7428571428571429,0.15,0.2571428571428571,,,,,NOT_ISSUED,957026d0fdecd88e4af9bada85c293064350365f4d7b62e86e59c3f8eb0231f7,0.5928571428571429,0.5857142857142857,0.6051948051948052,0.01948051948051943,0.5928571428571429,0.5692307692307692,0.6666666666666667,0.09743589743589753,0.5692307692307692,0.6666666666666667,0.09743589743589753,CROSS_YEAR_LOYO,0.0,0.0,0.0,CUTOFF_BLOCKED,REPORT_CENTRAL_PLUS_SENSITIVITY_ENVELOPE;NOT_CONFIDENCE_INTERVAL,False
233.0,0.25,233.25,LOW_BASELINE,10.0,WAIT_15MIN,0.0,1.0,0.4642857142857143,0.0,0.7428571428571429,0.2785714285714286,0.2571428571428571,,,,,NOT_ISSUED,957026d0fdecd88e4af9bada85c293064350365f4d7b62e86e59c3f8eb0231f7,0.4642857142857143,0.4548872180451128,0.48051948051948046,0.025632262474367673,0.4642857142857143,0.4153846153846154,0.5666666666666667,0.15128205128205124,0.4153846153846154,0.5666666666666667,0.15128205128205124,CROSS_YEAR_LOYO,0.0,0.0,0.0,CUTOFF_BLOCKED,REPORT_CENTRAL_PLUS_SENSITIVITY_ENVELOPE;NOT_CONFIDENCE_INTERVAL,False
233.0,0.5,233.5,LOW_BASELINE,10.0,WAIT_15MIN,0.0,1.0,0.3357142857142857,0.0,0.7428571428571429,0.4071428571428571,0.2571428571428571,,,,,NOT_ISSUED,957026d0fdecd88e4af9bada85c293064350365f4d7b62e86e59c3f8eb0231f7,0.33571428571428574,0.3240601503759398,0.35584415584415585,0.031784005468216026,0.3357142857142857,0.3230769230769231,0.3666666666666666,0.04358974358974349,0.3230769230769231,0.3666666666666666,0.04358974358974349,CROSS_YEAR_LOYO,0.0,0.0,0.0,CUTOFF_BLOCKED,REPORT_CENTRAL_PLUS_SENSITIVITY_ENVELOPE;NOT_CONFIDENCE_INTERVAL,False
233.0,1.0,234.0,LOW_BASELINE,10.0,WAIT_15MIN,0.0,1.0,0.25,0.0,0.7428571428571429,0.4928571428571429,0.2571428571428571,,,,,NOT_ISSUED,957026d0fdecd88e4af9bada85c293064350365f4d7b62e86e59c3f8eb0231f7,0.25,0.23684210526315788,0.2727272727272727,0.035885167464114825,0.25,0.2,0.3333333333333333,0.1333333333333333,0.2,0.3333333333333333,0.1333333333333333,CROSS_YEAR_LOYO,0.0,0.0,0.0,CUTOFF_BLOCKED,REPORT_CENTRAL_PLUS_SENSITIVITY_ENVELOPE;NOT_CONFIDENCE_INTERVAL,False
233.0,0.1,233.1,LOW_BASELINE,10.0,WAIT_30MIN,0.0,1.0,0.5928571428571429,0.0,0.7428571428571429,0.15,0.2571428571428571,,,,,NOT_ISSUED,957026d0fdecd88e4af9bada85c293064350365f4d7b62e86e59c3f8eb0231f7,0.5928571428571429,0.5857142857142857,0.6051948051948052,0.01948051948051943,0.5928571428571429,0.5692307692307692,0.6666666666666667,0.09743589743589753,0.5692307692307692,0.6666666666666667,0.09743589743589753,CROSS_YEAR_LOYO,0.0,0.0,0.0,CUTOFF_BLOCKED,REPORT_CENTRAL_PLUS_SENSITIVITY_ENVELOPE;NOT_CONFIDENCE_INTERVAL,False
233.0,0.25,233.25,LOW_BASELINE,10.0,WAIT_30MIN,0.0,1.0,0.4642857142857143,0.0,0.7428571428571429,0.2785714285714286,0.2571428571428571,,,,,NOT_ISSUED,957026d0fdecd88e4af9bada85c293064350365f4d7b62e86e59c3f8eb0231f7,0.4642857142857143,0.4548872180451128,0.48051948051948046,0.025632262474367673,0.4642857142857143,0.4153846153846154,0.5666666666666667,0.15128205128205124,0.4153846153846154,0.5666666666666667,0.15128205128205124,CROSS_YEAR_LOYO,0.0,0.0,0.0,CUTOFF_BLOCKED,REPORT_CENTRAL_PLUS_SENSITIVITY_ENVELOPE;NOT_CONFIDENCE_INTERVAL,False
233.0,0.5,233.5,LOW_BASELINE,10.0,WAIT_30MIN,0.0,1.0,0.3357142857142857,0.0,0.7428571428571429,0.4071428571428571,0.2571428571428571,,,,,NOT_ISSUED,957026d0fdecd88e4af9bada85c293064350365f4d7b62e86e59c3f8eb0231f7,0.33571428571428574,0.3240601503759398,0.35584415584415585,0.031784005468216026,0.3357142857142857,0.3230769230769231,0.3666666666666666,0.04358974358974349,0.3230769230769231,0.3666666666666666,0.04358974358974349,CROSS_YEAR_LOYO,0.0,0.0,0.0,CUTOFF_BLOCKED,REPORT_CENTRAL_PLUS_SENSITIVITY_ENVELOPE;NOT_CONFIDENCE_INTERVAL,False
233.0,1.0,234.0,LOW_BASELINE,10.0,WAIT_30MIN,0.0,1.0,0.25,0.0,0.7428571428571429,0.4928571428571429,0.2571428571428571,,,,,NOT_ISSUED,957026d0fdecd88e4af9bada85c293064350365f4d7b62e86e59c3f8eb0231f7,0.25,0.23684210526315788,0.2727272727272727,0.035885167464114825,0.25,0.2,0.3333333333333333,0.1333333333333333,0.2,0.3333333333333333,0.1333333333333333,CROSS_YEAR_LOYO,0.0,0.0,0.0,CUTOFF_BLOCKED,REPORT_CENTRAL_PLUS_SENSITIVITY_ENVELOPE;NOT_CONFIDENCE_INTERVAL,False
233.0,0.1,233.1,LOW_BASELINE,10.0,WAIT_45MIN,0.0,1.0,0.5928571428571429,0.0,0.7428571428571429,0.15,0.2571428571428571,,,,,NOT_ISSUED,957026d0fdecd88e4af9bada85c293064350365f4d7b62e86e59c3f8eb0231f7,0.5928571428571429,0.5857142857142857,0.6051948051948052,0.01948051948051943,0.5928571428571429,0.5692307692307692,0.6666666666666667,0.09743589743589753,0.5692307692307692,0.6666666666666667,0.09743589743589753,CROSS_YEAR_LOYO,0.0,0.0,0.0,CUTOFF_BLOCKED,REPORT_CENTRAL_PLUS_SENSITIVITY_ENVELOPE;NOT_CONFIDENCE_INTERVAL,False
233.0,0.25,233.25,LOW_BASELINE,10.0,WAIT_45MIN,0.0,1.0,0.4642857142857143,0.0,0.7428571428571429,0.2785714285714286,0.2571428571428571,,,,,NOT_ISSUED,957026d0fdecd88e4af9bada85c293064350365f4d7b62e86e59c3f8eb0231f7,0.4642857142857143,0.4548872180451128,0.48051948051948046,0.025632262474367673,0.4642857142857143,0.4153846153846154,0.5666666666666667,0.15128205128205124,0.4153846153846154,0.5666666666666667,0.15128205128205124,CROSS_YEAR_LOYO,0.0,0.0,0.0,CUTOFF_BLOCKED,REPORT_CENTRAL_PLUS_SENSITIVITY_ENVELOPE;NOT_CONFIDENCE_INTERVAL,False
233.0,0.5,233.5,LOW_BASELINE,10.0,WAIT_45MIN,0.0,1.0,0.3357142857142857,0.0,0.7428571428571429,0.4071428571428571,0.2571428571428571,,,,,NOT_ISSUED,957026d0fdecd88e4af9bada85c293064350365f4d7b62e86e59c3f8eb0231f7,0.33571428571428574,0.3240601503759398,0.35584415584415585,0.031784005468216026,0.3357142857142857,0.3230769230769231,0.3666666666666666,0.04358974358974349,0.3230769230769231,0.3666666666666666,0.04358974358974349,CROSS_YEAR_LOYO,0.0,0.0,0.0,CUTOFF_BLOCKED,REPORT_CENTRAL_PLUS_SENSITIVITY_ENVELOPE;NOT_CONFIDENCE_INTERVAL,False
233.0,1.0,234.0,LOW_BASELINE,10.0,WAIT_45MIN,0.0,1.0,0.25,0.0,0.7428571428571429,0.4928571428571429,0.2571428571428571,,,,,NOT_ISSUED,957026d0fdecd88e4af9bada85c293064350365f4d7b62e86e59c3f8eb0231f7,0.25,0.23684210526315788,0.2727272727272727,0.035885167464114825,0.25,0.2,0.3333333333333333,0.1333333333333333,0.2,0.3333333333333333,0.1333333333333333,CROSS_YEAR_LOYO,0.0,0.0,0.0,CUTOFF_BLOCKED,REPORT_CENTRAL_PLUS_SENSITIVITY_ENVELOPE;NOT_CONFIDENCE_INTERVAL,False
233.0,0.1,233.1,LOW_BASELINE,20.0,WAIT_05MIN,1.0,0.0,0.5928571428571429,0.5928571428571429,0.7428571428571429,0.15,0.2571428571428571,0.7893216700000019,-0.382000000000005,0.2270000000000038,4.694999999999993,NOT_ISSUED,957026d0fdecd88e4af9bada85c293064350365f4d7b62e86e59c3f8eb0231f7,0.5928571428571429,0.5857142857142857,0.6051948051948052,0.01948051948051943,0.5928571428571429,0.5692307692307692,0.6666666666666667,0.09743589743589753,0.5692307692307692,0.6666666666666667,0.09743589743589753,CROSS_YEAR_LOYO,0.5692307692307692,0.6666666666666667,0.5928571428571429,COMPLETION_FEASIBLE_UNDER_SCENARIO,REPORT_CENTRAL_PLUS_SENSITIVITY_ENVELOPE;NOT_CONFIDENCE_INTERVAL,False
233.0,0.25,233.25,LOW_BASELINE,20.0,WAIT_05MIN,1.0,0.0,0.4642857142857143,0.4642857142857143,0.7428571428571429,0.2785714285714286,0.2571428571428571,0.7893216700000019,-0.382000000000005,0.2270000000000038,4.694999999999993,NOT_ISSUED,957026d0fdecd88e4af9bada85c293064350365f4d7b62e86e59c3f8eb0231f7,0.4642857142857143,0.4548872180451128,0.48051948051948046,0.025632262474367673,0.4642857142857143,0.4153846153846154,0.5666666666666667,0.15128205128205124,0.4153846153846154,0.5666666666666667,0.15128205128205124,CROSS_YEAR_LOYO,0.4153846153846154,0.5666666666666667,0.4642857142857143,COMPLETION_FEASIBLE_UNDER_SCENARIO,REPORT_CENTRAL_PLUS_SENSITIVITY_ENVELOPE;NOT_CONFIDENCE_INTERVAL,False
233.0,0.5,233.5,LOW_BASELINE,20.0,WAIT_05MIN,1.0,0.0,0.3357142857142857,0.3357142857142857,0.7428571428571429,0.4071428571428571,0.2571428571428571,0.7893216700000019,-0.382000000000005,0.2270000000000038,4.694999999999993,NOT_ISSUED,957026d0fdecd88e4af9bada85c293064350365f4d7b62e86e59c3f8eb0231f7,0.33571428571428574,0.3240601503759398,0.35584415584415585,0.031784005468216026,0.3357142857142857,0.3230769230769231,0.3666666666666666,0.04358974358974349,0.3230769230769231,0.3666666666666666,0.04358974358974349,CROSS_YEAR_LOYO,0.3230769230769231,0.3666666666666666,0.3357142857142857,COMPLETION_FEASIBLE_UNDER_SCENARIO,REPORT_CENTRAL_PLUS_SENSITIVITY_ENVELOPE;NOT_CONFIDENCE_INTERVAL,False
233.0,1.0,234.0,LOW_BASELINE,20.0,WAIT_05MIN,1.0,0.0,0.25,0.25,0.7428571428571429,0.4928571428571429,0.2571428571428571,0.7893216700000019,-0.382000000000005,0.2270000000000038,4.694999999999993,NOT_ISSUED,957026d0fdecd88e4af9bada85c293064350365f4d7b62e86e59c3f8eb0231f7,0.25,0.23684210526315788,0.2727272727272727,0.035885167464114825,0.25,0.2,0.3333333333333333,0.1333333333333333,0.2,0.3333333333333333,0.1333333333333333,CROSS_YEAR_LOYO,0.2,0.3333333333333333,0.25,COMPLETION_FEASIBLE_UNDER_SCENARIO,REPORT_CENTRAL_PLUS_SENSITIVITY_ENVELOPE;NOT_CONFIDENCE_INTERVAL,False
233.0,0.1,233.1,LOW_BASELINE,20.0,WAIT_15MIN,1.0,0.0,0.5928571428571429,0.5928571428571429,0.7428571428571429,0.15,0.2571428571428571,0.7955770100000019,-0.382000000000005,0.2270000000000038,4.694999999999993,NOT_ISSUED,957026d0fdecd88e4af9bada85c293064350365f4d7b62e86e59c3f8eb0231f7,0.5928571428571429,0.5857142857142857,0.6051948051948052,0.01948051948051943,0.5928571428571429,0.5692307692307692,0.6666666666666667,0.09743589743589753,0.5692307692307692,0.6666666666666667,0.09743589743589753,CROSS_YEAR_LOYO,0.5692307692307692,0.6666666666666667,0.5928571428571429,COMPLETION_FEASIBLE_UNDER_SCENARIO,REPORT_CENTRAL_PLUS_SENSITIVITY_ENVELOPE;NOT_CONFIDENCE_INTERVAL,False
233.0,0.25,233.25,LOW_BASELINE,20.0,WAIT_15MIN,1.0,0.0,0.4642857142857143,0.4642857142857143,0.7428571428571429,0.2785714285714286,0.2571428571428571,0.7955770100000019,-0.382000000000005,0.2270000000000038,4.694999999999993,NOT_ISSUED,957026d0fdecd88e4af9bada85c293064350365f4d7b62e86e59c3f8eb0231f7,0.4642857142857143,0.4548872180451128,0.48051948051948046,0.025632262474367673,0.4642857142857143,0.4153846153846154,0.5666666666666667,0.15128205128205124,0.4153846153846154,0.5666666666666667,0.15128205128205124,CROSS_YEAR_LOYO,0.4153846153846154,0.5666666666666667,0.4642857142857143,COMPLETION_FEASIBLE_UNDER_SCENARIO,REPORT_CENTRAL_PLUS_SENSITIVITY_ENVELOPE;NOT_CONFIDENCE_INTERVAL,False
233.0,0.5,233.5,LOW_BASELINE,20.0,WAIT_15MIN,1.0,0.0,0.3357142857142857,0.3357142857142857,0.7428571428571429,0.4071428571428571,0.2571428571428571,0.7955770100000019,-0.382000000000005,0.2270000000000038,4.694999999999993,NOT_ISSUED,957026d0fdecd88e4af9bada85c293064350365f4d7b62e86e59c3f8eb0231f7,0.33571428571428574,0.3240601503759398,0.35584415584415585,0.031784005468216026,0.3357142857142857,0.3230769230769231,0.3666666666666666,0.04358974358974349,0.3230769230769231,0.3666666666666666,0.04358974358974349,CROSS_YEAR_LOYO,0.3230769230769231,0.3666666666666666,0.3357142857142857,COMPLETION_FEASIBLE_UNDER_SCENARIO,REPORT_CENTRAL_PLUS_SENSITIVITY_ENVELOPE;NOT_CONFIDENCE_INTERVAL,False
233.0,1.0,234.0,LOW_BASELINE,20.0,WAIT_15MIN,1.0,0.0,0.25,0.25,0.7428571428571429,0.4928571428571429,0.2571428571428571,0.7955770100000019,-0.382000000000005,0.2270000000000038,4.694999999999993,NOT_ISSUED,957026d0fdecd88e4af9bada85c293064350365f4d7b62e86e59c3f8eb0231f7,0.25,0.23684210526315788,0.2727272727272727,0.035885167464114825,0.25,0.2,0.3333333333333333,0.1333333333333333,0.2,0.3333333333333333,0.1333333333333333,CROSS_YEAR_LOYO,0.2,0.3333333333333333,0.25,COMPLETION_FEASIBLE_UNDER_SCENARIO,REPORT_CENTRAL_PLUS_SENSITIVITY_ENVELOPE;NOT_CONFIDENCE_INTERVAL,False
233.0,0.1,233.1,LOW_BASELINE,20.0,WAIT_30MIN,0.0,1.0,0.5928571428571429,0.0,0.7428571428571429,0.15,0.2571428571428571,,,,,NOT_ISSUED,957026d0fdecd88e4af9bada85c293064350365f4d7b62e86e59c3f8eb0231f7,0.5928571428571429,0.5857142857142857,0.6051948051948052,0.01948051948051943,0.5928571428571429,0.5692307692307692,0.6666666666666667,0.09743589743589753,0.5692307692307692,0.6666666666666667,0.09743589743589753,CROSS_YEAR_LOYO,0.0,0.0,0.0,CUTOFF_BLOCKED,REPORT_CENTRAL_PLUS_SENSITIVITY_ENVELOPE;NOT_CONFIDENCE_INTERVAL,False
233.0,0.25,233.25,LOW_BASELINE,20.0,WAIT_30MIN,0.0,1.0,0.4642857142857143,0.0,0.7428571428571429,0.2785714285714286,0.2571428571428571,,,,,NOT_ISSUED,957026d0fdecd88e4af9bada85c293064350365f4d7b62e86e59c3f8eb0231f7,0.4642857142857143,0.4548872180451128,0.48051948051948046,0.025632262474367673,0.4642857142857143,0.4153846153846154,0.5666666666666667,0.15128205128205124,0.4153846153846154,0.5666666666666667,0.15128205128205124,CROSS_YEAR_LOYO,0.0,0.0,0.0,CUTOFF_BLOCKED,REPORT_CENTRAL_PLUS_SENSITIVITY_ENVELOPE;NOT_CONFIDENCE_INTERVAL,False
233.0,0.5,233.5,LOW_BASELINE,20.0,WAIT_30MIN,0.0,1.0,0.3357142857142857,0.0,0.7428571428571429,0.4071428571428571,0.2571428571428571,,,,,NOT_ISSUED,957026d0fdecd88e4af9bada85c293064350365f4d7b62e86e59c3f8eb0231f7,0.33571428571428574,0.3240601503759398,0.35584415584415585,0.031784005468216026,0.3357142857142857,0.3230769230769231,0.3666666666666666,0.04358974358974349,0.3230769230769231,0.3666666666666666,0.04358974358974349,CROSS_YEAR_LOYO,0.0,0.0,0.0,CUTOFF_BLOCKED,REPORT_CENTRAL_PLUS_SENSITIVITY_ENVELOPE;NOT_CONFIDENCE_INTERVAL,False
233.0,1.0,234.0,LOW_BASELINE,20.0,WAIT_30MIN,0.0,1.0,0.25,0.0,0.7428571428571429,0.4928571428571429,0.2571428571428571,,,,,NOT_ISSUED,957026d0fdecd88e4af9bada85c293064350365f4d7b62e86e59c3f8eb0231f7,0.25,0.23684210526315788,0.2727272727272727,0.035885167464114825,0.25,0.2,0.3333333333333333,0.1333333333333333,0.2,0.3333333333333333,0.1333333333333333,CROSS_YEAR_LOYO,0.0,0.0,0.0,CUTOFF_BLOCKED,REPORT_CENTRAL_PLUS_SENSITIVITY_ENVELOPE;NOT_CONFIDENCE_INTERVAL,False
233.0,0.1,233.1,LOW_BASELINE,20.0,WAIT_45MIN,0.0,1.0,0.5928571428571429,0.0,0.7428571428571429,0.15,0.2571428571428571,,,,,NOT_ISSUED,957026d0fdecd88e4af9bada85c293064350365f4d7b62e86e59c3f8eb0231f7,0.5928571428571429,0.5857142857142857,0.6051948051948052,0.01948051948051943,0.5928571428571429,0.5692307692307692,0.6666666666666667,0.09743589743589753,0.5692307692307692,0.6666666666666667,0.09743589743589753,CROSS_YEAR_LOYO,0.0,0.0,0.0,CUTOFF_BLOCKED,REPORT_CENTRAL_PLUS_SENSITIVITY_ENVELOPE;NOT_CONFIDENCE_INTERVAL,False
233.0,0.25,233.25,LOW_BASELINE,20.0,WAIT_45MIN,0.0,1.0,0.4642857142857143,0.0,0.7428571428571429,0.2785714285714286,0.2571428571428571,,,,,NOT_ISSUED,957026d0fdecd88e4af9bada85c293064350365f4d7b62e86e59c3f8eb0231f7,0.4642857142857143,0.4548872180451128,0.48051948051948046,0.025632262474367673,0.4642857142857143,0.4153846153846154,0.5666666666666667,0.15128205128205124,0.4153846153846154,0.5666666666666667,0.15128205128205124,CROSS_YEAR_LOYO,0.0,0.0,0.0,CUTOFF_BLOCKED,REPORT_CENTRAL_PLUS_SENSITIVITY_ENVELOPE;NOT_CONFIDENCE_INTERVAL,False
233.0,0.5,233.5,LOW_BASELINE,20.0,WAIT_45MIN,0.0,1.0,0.3357142857142857,0.0,0.7428571428571429,0.4071428571428571,0.2571428571428571,,,,,NOT_ISSUED,957026d0fdecd88e4af9bada85c293064350365f4d7b62e86e59c3f8eb0231f7,0.33571428571428574,0.3240601503759398,0.35584415584415585,0.031784005468216026,0.3357142857142857,0.3230769230769231,0.3666666666666666,0.04358974358974349,0.3230769230769231,0.3666666666666666,0.04358974358974349,CROSS_YEAR_LOYO,0.0,0.0,0.0,CUTOFF_BLOCKED,REPORT_CENTRAL_PLUS_SENSITIVITY_ENVELOPE;NOT_CONFIDENCE_INTERVAL,False
233.0,1.0,234.0,LOW_BASELINE,20.0,WAIT_45MIN,0.0,1.0,0.25,0.0,0.7428571428571429,0.4928571428571429,0.2571428571428571,,,,,NOT_ISSUED,957026d0fdecd88e4af9bada85c293064350365f4d7b62e86e59c3f8eb0231f7,0.25,0.23684210526315788,0.2727272727272727,0.035885167464114825,0.25,0.2,0.3333333333333333,0.1333333333333333,0.2,0.3333333333333333,0.1333333333333333,CROSS_YEAR_LOYO,0.0,0.0,0.0,CUTOFF_BLOCKED,REPORT_CENTRAL_PLUS_SENSITIVITY_ENVELOPE;NOT_CONFIDENCE_INTERVAL,False
233.0,0.1,233.1,LOW_BASELINE,30.0,WAIT_05MIN,1.0,0.0,0.5928571428571429,0.5928571428571429,0.7428571428571429,0.15,0.2571428571428571,0.7973509200000017,-0.382000000000005,0.2270000000000038,4.694999999999993,NOT_ISSUED,957026d0fdecd88e4af9bada85c293064350365f4d7b62e86e59c3f8eb0231f7,0.5928571428571429,0.5857142857142857,0.6051948051948052,0.01948051948051943,0.5928571428571429,0.5692307692307692,0.6666666666666667,0.09743589743589753,0.5692307692307692,0.6666666666666667,0.09743589743589753,CROSS_YEAR_LOYO,0.5692307692307692,0.6666666666666667,0.5928571428571429,COMPLETION_FEASIBLE_UNDER_SCENARIO,REPORT_CENTRAL_PLUS_SENSITIVITY_ENVELOPE;NOT_CONFIDENCE_INTERVAL,False
233.0,0.25,233.25,LOW_BASELINE,30.0,WAIT_05MIN,1.0,0.0,0.4642857142857143,0.4642857142857143,0.7428571428571429,0.2785714285714286,0.2571428571428571,0.7973509200000017,-0.382000000000005,0.2270000000000038,4.694999999999993,NOT_ISSUED,957026d0fdecd88e4af9bada85c293064350365f4d7b62e86e59c3f8eb0231f7,0.4642857142857143,0.4548872180451128,0.48051948051948046,0.025632262474367673,0.4642857142857143,0.4153846153846154,0.5666666666666667,0.15128205128205124,0.4153846153846154,0.5666666666666667,0.15128205128205124,CROSS_YEAR_LOYO,0.4153846153846154,0.5666666666666667,0.4642857142857143,COMPLETION_FEASIBLE_UNDER_SCENARIO,REPORT_CENTRAL_PLUS_SENSITIVITY_ENVELOPE;NOT_CONFIDENCE_INTERVAL,False
233.0,0.5,233.5,LOW_BASELINE,30.0,WAIT_05MIN,1.0,0.0,0.3357142857142857,0.3357142857142857,0.7428571428571429,0.4071428571428571,0.2571428571428571,0.7973509200000017,-0.382000000000005,0.2270000000000038,4.694999999999993,NOT_ISSUED,957026d0fdecd88e4af9bada85c293064350365f4d7b62e86e59c3f8eb0231f7,0.33571428571428574,0.3240601503759398,0.35584415584415585,0.031784005468216026,0.3357142857142857,0.3230769230769231,0.3666666666666666,0.04358974358974349,0.3230769230769231,0.3666666666666666,0.04358974358974349,CROSS_YEAR_LOYO,0.3230769230769231,0.3666666666666666,0.3357142857142857,COMPLETION_FEASIBLE_UNDER_SCENARIO,REPORT_CENTRAL_PLUS_SENSITIVITY_ENVELOPE;NOT_CONFIDENCE_INTERVAL,False
233.0,1.0,234.0,LOW_BASELINE,30.0,WAIT_05MIN,1.0,0.0,0.25,0.25,0.7428571428571429,0.4928571428571429,0.2571428571428571,0.7973509200000017,-0.382000000000005,0.2270000000000038,4.694999999999993,NOT_ISSUED,957026d0fdecd88e4af9bada85c293064350365f4d7b62e86e59c3f8eb0231f7,0.25,0.23684210526315788,0.2727272727272727,0.035885167464114825,0.25,0.2,0.3333333333333333,0.1333333333333333,0.2,0.3333333333333333,0.1333333333333333,CROSS_YEAR_LOYO,0.2,0.3333333333333333,0.25,COMPLETION_FEASIBLE_UNDER_SCENARIO,REPORT_CENTRAL_PLUS_SENSITIVITY_ENVELOPE;NOT_CONFIDENCE_INTERVAL,False
233.0,0.1,233.1,LOW_BASELINE,30.0,WAIT_15MIN,1.0,0.0,0.5928571428571429,0.5928571428571429,0.7428571428571429,0.15,0.2571428571428571,0.7812746200000017,-0.382000000000005,0.2270000000000038,4.694999999999993,NOT_ISSUED,957026d0fdecd88e4af9bada85c293064350365f4d7b62e86e59c3f8eb0231f7,0.5928571428571429,0.5857142857142857,0.6051948051948052,0.01948051948051943,0.5928571428571429,0.5692307692307692,0.6666666666666667,0.09743589743589753,0.5692307692307692,0.6666666666666667,0.09743589743589753,CROSS_YEAR_LOYO,0.5692307692307692,0.6666666666666667,0.5928571428571429,COMPLETION_FEASIBLE_UNDER_SCENARIO,REPORT_CENTRAL_PLUS_SENSITIVITY_ENVELOPE;NOT_CONFIDENCE_INTERVAL,False
233.0,0.25,233.25,LOW_BASELINE,30.0,WAIT_15MIN,1.0,0.0,0.4642857142857143,0.4642857142857143,0.7428571428571429,0.2785714285714286,0.2571428571428571,0.7812746200000017,-0.382000000000005,0.2270000000000038,4.694999999999993,NOT_ISSUED,957026d0fdecd88e4af9bada85c293064350365f4d7b62e86e59c3f8eb0231f7,0.4642857142857143,0.4548872180451128,0.48051948051948046,0.025632262474367673,0.4642857142857143,0.4153846153846154,0.5666666666666667,0.15128205128205124,0.4153846153846154,0.5666666666666667,0.15128205128205124,CROSS_YEAR_LOYO,0.4153846153846154,0.5666666666666667,0.4642857142857143,COMPLETION_FEASIBLE_UNDER_SCENARIO,REPORT_CENTRAL_PLUS_SENSITIVITY_ENVELOPE;NOT_CONFIDENCE_INTERVAL,False
233.0,0.5,233.5,LOW_BASELINE,30.0,WAIT_15MIN,1.0,0.0,0.3357142857142857,0.3357142857142857,0.7428571428571429,0.4071428571428571,0.2571428571428571,0.7812746200000017,-0.382000000000005,0.2270000000000038,4.694999999999993,NOT_ISSUED,957026d0fdecd88e4af9bada85c293064350365f4d7b62e86e59c3f8eb0231f7,0.33571428571428574,0.3240601503759398,0.35584415584415585,0.031784005468216026,0.3357142857142857,0.3230769230769231,0.3666666666666666,0.04358974358974349,0.3230769230769231,0.3666666666666666,0.04358974358974349,CROSS_YEAR_LOYO,0.3230769230769231,0.3666666666666666,0.3357142857142857,COMPLETION_FEASIBLE_UNDER_SCENARIO,REPORT_CENTRAL_PLUS_SENSITIVITY_ENVELOPE;NOT_CONFIDENCE_INTERVAL,False
233.0,1.0,234.0,LOW_BASELINE,30.0,WAIT_15MIN,1.0,0.0,0.25,0.25,0.7428571428571429,0.4928571428571429,0.2571428571428571,0.7812746200000017,-0.382000000000005,0.2270000000000038,4.694999999999993,NOT_ISSUED,957026d0fdecd88e4af9bada85c293064350365f4d7b62e86e59c3f8eb0231f7,0.25,0.23684210526315788,0.2727272727272727,0.035885167464114825,0.25,0.2,0.3333333333333333,0.1333333333333333,0.2,0.3333333333333333,0.1333333333333333,CROSS_YEAR_LOYO,0.2,0.3333333333333333,0.25,COMPLETION_FEASIBLE_UNDER_SCENARIO,REPORT_CENTRAL_PLUS_SENSITIVITY_ENVELOPE;NOT_CONFIDENCE_INTERVAL,False
233.0,0.1,233.1,LOW_BASELINE,30.0,WAIT_30MIN,0.0,1.0,0.5928571428571429,0.0,0.7428571428571429,0.15,0.2571428571428571,,,,,NOT_ISSUED,957026d0fdecd88e4af9bada85c293064350365f4d7b62e86e59c3f8eb0231f7,0.5928571428571429,0.5857142857142857,0.6051948051948052,0.01948051948051943,0.5928571428571429,0.5692307692307692,0.6666666666666667,0.09743589743589753,0.5692307692307692,0.6666666666666667,0.09743589743589753,CROSS_YEAR_LOYO,0.0,0.0,0.0,CUTOFF_BLOCKED,REPORT_CENTRAL_PLUS_SENSITIVITY_ENVELOPE;NOT_CONFIDENCE_INTERVAL,False
233.0,0.25,233.25,LOW_BASELINE,30.0,WAIT_30MIN,0.0,1.0,0.4642857142857143,0.0,0.7428571428571429,0.2785714285714286,0.2571428571428571,,,,,NOT_ISSUED,957026d0fdecd88e4af9bada85c293064350365f4d7b62e86e59c3f8eb0231f7,0.4642857142857143,0.4548872180451128,0.48051948051948046,0.025632262474367673,0.4642857142857143,0.4153846153846154,0.5666666666666667,0.15128205128205124,0.4153846153846154,0.5666666666666667,0.15128205128205124,CROSS_YEAR_LOYO,0.0,0.0,0.0,CUTOFF_BLOCKED,REPORT_CENTRAL_PLUS_SENSITIVITY_ENVELOPE;NOT_CONFIDENCE_INTERVAL,False
233.0,0.5,233.5,LOW_BASELINE,30.0,WAIT_30MIN,0.0,1.0,0.3357142857142857,0.0,0.7428571428571429,0.4071428571428571,0.2571428571428571,,,,,NOT_ISSUED,957026d0fdecd88e4af9bada85c293064350365f4d7b62e86e59c3f8eb0231f7,0.33571428571428574,0.3240601503759398,0.35584415584415585,0.031784005468216026,0.3357142857142857,0.3230769230769231,0.3666666666666666,0.04358974358974349,0.3230769230769231,0.3666666666666666,0.04358974358974349,CROSS_YEAR_LOYO,0.0,0.0,0.0,CUTOFF_BLOCKED,REPORT_CENTRAL_PLUS_SENSITIVITY_ENVELOPE;NOT_CONFIDENCE_INTERVAL,False
233.0,1.0,234.0,LOW_BASELINE,30.0,WAIT_30MIN,0.0,1.0,0.25,0.0,0.7428571428571429,0.4928571428571429,0.2571428571428571,,,,,NOT_ISSUED,957026d0fdecd88e4af9bada85c293064350365f4d7b62e86e59c3f8eb0231f7,0.25,0.23684210526315788,0.2727272727272727,0.035885167464114825,0.25,0.2,0.3333333333333333,0.1333333333333333,0.2,0.3333333333333333,0.1333333333333333,CROSS_YEAR_LOYO,0.0,0.0,0.0,CUTOFF_BLOCKED,REPORT_CENTRAL_PLUS_SENSITIVITY_ENVELOPE;NOT_CONFIDENCE_INTERVAL,False
233.0,0.1,233.1,LOW_BASELINE,30.0,WAIT_45MIN,0.0,1.0,0.5928571428571429,0.0,0.7428571428571429,0.15,0.2571428571428571,,,,,NOT_ISSUED,957026d0fdecd88e4af9bada85c293064350365f4d7b62e86e59c3f8eb0231f7,0.5928571428571429,0.5857142857142857,0.6051948051948052,0.01948051948051943,0.5928571428571429,0.5692307692307692,0.6666666666666667,0.09743589743589753,0.5692307692307692,0.6666666666666667,0.09743589743589753,CROSS_YEAR_LOYO,0.0,0.0,0.0,CUTOFF_BLOCKED,REPORT_CENTRAL_PLUS_SENSITIVITY_ENVELOPE;NOT_CONFIDENCE_INTERVAL,False
233.0,0.25,233.25,LOW_BASELINE,30.0,WAIT_45MIN,0.0,1.0,0.4642857142857143,0.0,0.7428571428571429,0.2785714285714286,0.2571428571428571,,,,,NOT_ISSUED,957026d0fdecd88e4af9bada85c293064350365f4d7b62e86e59c3f8eb0231f7,0.4642857142857143,0.4548872180451128,0.48051948051948046,0.025632262474367673,0.4642857142857143,0.4153846153846154,0.5666666666666667,0.15128205128205124,0.4153846153846154,0.5666666666666667,0.15128205128205124,CROSS_YEAR_LOYO,0.0,0.0,0.0,CUTOFF_BLOCKED,REPORT_CENTRAL_PLUS_SENSITIVITY_ENVELOPE;NOT_CONFIDENCE_INTERVAL,False
233.0,0.5,233.5,LOW_BASELINE,30.0,WAIT_45MIN,0.0,1.0,0.3357142857142857,0.0,0.7428571428571429,0.4071428571428571,0.2571428571428571,,,,,NOT_ISSUED,957026d0fdecd88e4af9bada85c293064350365f4d7b62e86e59c3f8eb0231f7,0.33571428571428574,0.3240601503759398,0.35584415584415585,0.031784005468216026,0.3357142857142857,0.3230769230769231,0.3666666666666666,0.04358974358974349,0.3230769230769231,0.3666666666666666,0.04358974358974349,CROSS_YEAR_LOYO,0.0,0.0,0.0,CUTOFF_BLOCKED,REPORT_CENTRAL_PLUS_SENSITIVITY_ENVELOPE;NOT_CONFIDENCE_INTERVAL,False
233.0,1.0,234.0,LOW_BASELINE,30.0,WAIT_45MIN,0.0,1.0,0.25,0.0,0.7428571428571429,0.4928571428571429,0.2571428571428571,,,,,NOT_ISSUED,957026d0fdecd88e4af9bada85c293064350365f4d7b62e86e59c3f8eb0231f7,0.25,0.23684210526315788,0.2727272727272727,0.035885167464114825,0.25,0.2,0.3333333333333333,0.1333333333333333,0.2,0.3333333333333333,0.1333333333333333,CROSS_YEAR_LOYO,0.0,0.0,0.0,CUTOFF_BLOCKED,REPORT_CENTRAL_PLUS_SENSITIVITY_ENVELOPE;NOT_CONFIDENCE_INTERVAL,False
233.0,0.1,233.1,LOW_BASELINE,45.0,WAIT_05MIN,1.0,0.0,0.5928571428571429,0.5928571428571429,0.7428571428571429,0.15,0.2571428571428571,0.7882120600000018,-0.382000000000005,0.2270000000000038,4.694999999999993,NOT_ISSUED,957026d0fdecd88e4af9bada85c293064350365f4d7b62e86e59c3f8eb0231f7,0.5928571428571429,0.5857142857142857,0.6051948051948052,0.01948051948051943,0.5928571428571429,0.5692307692307692,0.6666666666666667,0.09743589743589753,0.5692307692307692,0.6666666666666667,0.09743589743589753,CROSS_YEAR_LOYO,0.5692307692307692,0.6666666666666667,0.5928571428571429,COMPLETION_FEASIBLE_UNDER_SCENARIO,REPORT_CENTRAL_PLUS_SENSITIVITY_ENVELOPE;NOT_CONFIDENCE_INTERVAL,False
233.0,0.25,233.25,LOW_BASELINE,45.0,WAIT_05MIN,1.0,0.0,0.4642857142857143,0.4642857142857143,0.7428571428571429,0.2785714285714286,0.2571428571428571,0.7882120600000018,-0.382000000000005,0.2270000000000038,4.694999999999993,NOT_ISSUED,957026d0fdecd88e4af9bada85c293064350365f4d7b62e86e59c3f8eb0231f7,0.4642857142857143,0.4548872180451128,0.48051948051948046,0.025632262474367673,0.4642857142857143,0.4153846153846154,0.5666666666666667,0.15128205128205124,0.4153846153846154,0.5666666666666667,0.15128205128205124,CROSS_YEAR_LOYO,0.4153846153846154,0.5666666666666667,0.4642857142857143,COMPLETION_FEASIBLE_UNDER_SCENARIO,REPORT_CENTRAL_PLUS_SENSITIVITY_ENVELOPE;NOT_CONFIDENCE_INTERVAL,False
233.0,0.5,233.5,LOW_BASELINE,45.0,WAIT_05MIN,1.0,0.0,0.3357142857142857,0.3357142857142857,0.7428571428571429,0.4071428571428571,0.2571428571428571,0.7882120600000018,-0.382000000000005,0.2270000000000038,4.694999999999993,NOT_ISSUED,957026d0fdecd88e4af9bada85c293064350365f4d7b62e86e59c3f8eb0231f7,0.33571428571428574,0.3240601503759398,0.35584415584415585,0.031784005468216026,0.3357142857142857,0.3230769230769231,0.3666666666666666,0.04358974358974349,0.3230769230769231,0.3666666666666666,0.04358974358974349,CROSS_YEAR_LOYO,0.3230769230769231,0.3666666666666666,0.3357142857142857,COMPLETION_FEASIBLE_UNDER_SCENARIO,REPORT_CENTRAL_PLUS_SENSITIVITY_ENVELOPE;NOT_CONFIDENCE_INTERVAL,False
233.0,1.0,234.0,LOW_BASELINE,45.0,WAIT_05MIN,1.0,0.0,0.25,0.25,0.7428571428571429,0.4928571428571429,0.2571428571428571,0.7882120600000018,-0.382000000000005,0.2270000000000038,4.694999999999993,NOT_ISSUED,957026d0fdecd88e4af9bada85c293064350365f4d7b62e86e59c3f8eb0231f7,0.25,0.23684210526315788,0.2727272727272727,0.035885167464114825,0.25,0.2,0.3333333333333333,0.1333333333333333,0.2,0.3333333333333333,0.1333333333333333,CROSS_YEAR_LOYO,0.2,0.3333333333333333,0.25,COMPLETION_FEASIBLE_UNDER_SCENARIO,REPORT_CENTRAL_PLUS_SENSITIVITY_ENVELOPE;NOT_CONFIDENCE_INTERVAL,False
233.0,0.1,233.1,LOW_BASELINE,45.0,WAIT_15MIN,1.0,0.0,0.5928571428571429,0.5928571428571429,0.7428571428571429,0.15,0.2571428571428571,0.7901057700000019,-0.382000000000005,0.2270000000000038,4.694999999999993,NOT_ISSUED,957026d0fdecd88e4af9bada85c293064350365f4d7b62e86e59c3f8eb0231f7,0.5928571428571429,0.5857142857142857,0.6051948051948052,0.01948051948051943,0.5928571428571429,0.5692307692307692,0.6666666666666667,0.09743589743589753,0.5692307692307692,0.6666666666666667,0.09743589743589753,CROSS_YEAR_LOYO,0.5692307692307692,0.6666666666666667,0.5928571428571429,COMPLETION_FEASIBLE_UNDER_SCENARIO,REPORT_CENTRAL_PLUS_SENSITIVITY_ENVELOPE;NOT_CONFIDENCE_INTERVAL,False
233.0,0.25,233.25,LOW_BASELINE,45.0,WAIT_15MIN,1.0,0.0,0.4642857142857143,0.4642857142857143,0.7428571428571429,0.2785714285714286,0.2571428571428571,0.7901057700000019,-0.382000000000005,0.2270000000000038,4.694999999999993,NOT_ISSUED,957026d0fdecd88e4af9bada85c293064350365f4d7b62e86e59c3f8eb0231f7,0.4642857142857143,0.4548872180451128,0.48051948051948046,0.025632262474367673,0.4642857142857143,0.4153846153846154,0.5666666666666667,0.15128205128205124,0.4153846153846154,0.5666666666666667,0.15128205128205124,CROSS_YEAR_LOYO,0.4153846153846154,0.5666666666666667,0.4642857142857143,COMPLETION_FEASIBLE_UNDER_SCENARIO,REPORT_CENTRAL_PLUS_SENSITIVITY_ENVELOPE;NOT_CONFIDENCE_INTERVAL,False
233.0,0.5,233.5,LOW_BASELINE,45.0,WAIT_15MIN,1.0,0.0,0.3357142857142857,0.3357142857142857,0.7428571428571429,0.4071428571428571,0.2571428571428571,0.7901057700000019,-0.382000000000005,0.2270000000000038,4.694999999999993,NOT_ISSUED,957026d0fdecd88e4af9bada85c293064350365f4d7b62e86e59c3f8eb0231f7,0.33571428571428574,0.3240601503759398,0.35584415584415585,0.031784005468216026,0.3357142857142857,0.3230769230769231,0.3666666666666666,0.04358974358974349,0.3230769230769231,0.3666666666666666,0.04358974358974349,CROSS_YEAR_LOYO,0.3230769230769231,0.3666666666666666,0.3357142857142857,COMPLETION_FEASIBLE_UNDER_SCENARIO,REPORT_CENTRAL_PLUS_SENSITIVITY_ENVELOPE;NOT_CONFIDENCE_INTERVAL,False
233.0,1.0,234.0,LOW_BASELINE,45.0,WAIT_15MIN,1.0,0.0,0.25,0.25,0.7428571428571429,0.4928571428571429,0.2571428571428571,0.7901057700000019,-0.382000000000005,0.2270000000000038,4.694999999999993,NOT_ISSUED,957026d0fdecd88e4af9bada85c293064350365f4d7b62e86e59c3f8eb0231f7,0.25,0.23684210526315788,0.2727272727272727,0.035885167464114825,0.25,0.2,0.3333333333333333,0.1333333333333333,0.2,0.3333333333333333,0.1333333333333333,CROSS_YEAR_LOYO,0.2,0.3333333333333333,0.25,COMPLETION_FEASIBLE_UNDER_SCENARIO,REPORT_CENTRAL_PLUS_SENSITIVITY_ENVELOPE;NOT_CONFIDENCE_INTERVAL,False
233.0,0.1,233.1,LOW_BASELINE,45.0,WAIT_30MIN,1.0,0.0,0.5928571428571429,0.5928571428571429,0.7428571428571429,0.15,0.2571428571428571,0.7874883200000018,-0.382000000000005,0.2270000000000038,4.694999999999993,NOT_ISSUED,957026d0fdecd88e4af9bada85c293064350365f4d7b62e86e59c3f8eb0231f7,0.5928571428571429,0.5857142857142857,0.6051948051948052,0.01948051948051943,0.5928571428571429,0.5692307692307692,0.6666666666666667,0.09743589743589753,0.5692307692307692,0.6666666666666667,0.09743589743589753,CROSS_YEAR_LOYO,0.5692307692307692,0.6666666666666667,0.5928571428571429,COMPLETION_FEASIBLE_UNDER_SCENARIO,REPORT_CENTRAL_PLUS_SENSITIVITY_ENVELOPE;NOT_CONFIDENCE_INTERVAL,False
233.0,0.25,233.25,LOW_BASELINE,45.0,WAIT_30MIN,1.0,0.0,0.4642857142857143,0.4642857142857143,0.7428571428571429,0.2785714285714286,0.2571428571428571,0.7874883200000018,-0.382000000000005,0.2270000000000038,4.694999999999993,NOT_ISSUED,957026d0fdecd88e4af9bada85c293064350365f4d7b62e86e59c3f8eb0231f7,0.4642857142857143,0.4548872180451128,0.48051948051948046,0.025632262474367673,0.4642857142857143,0.4153846153846154,0.5666666666666667,0.15128205128205124,0.4153846153846154,0.5666666666666667,0.15128205128205124,CROSS_YEAR_LOYO,0.4153846153846154,0.5666666666666667,0.4642857142857143,COMPLETION_FEASIBLE_UNDER_SCENARIO,REPORT_CENTRAL_PLUS_SENSITIVITY_ENVELOPE;NOT_CONFIDENCE_INTERVAL,False
233.0,0.5,233.5,LOW_BASELINE,45.0,WAIT_30MIN,1.0,0.0,0.3357142857142857,0.3357142857142857,0.7428571428571429,0.4071428571428571,0.2571428571428571,0.7874883200000018,-0.382000000000005,0.2270000000000038,4.694999999999993,NOT_ISSUED,957026d0fdecd88e4af9bada85c293064350365f4d7b62e86e59c3f8eb0231f7,0.33571428571428574,0.3240601503759398,0.35584415584415585,0.031784005468216026,0.3357142857142857,0.3230769230769231,0.3666666666666666,0.04358974358974349,0.3230769230769231,0.3666666666666666,0.04358974358974349,CROSS_YEAR_LOYO,0.3230769230769231,0.3666666666666666,0.3357142857142857,COMPLETION_FEASIBLE_UNDER_SCENARIO,REPORT_CENTRAL_PLUS_SENSITIVITY_ENVELOPE;NOT_CONFIDENCE_INTERVAL,False
233.0,1.0,234.0,LOW_BASELINE,45.0,WAIT_30MIN,1.0,0.0,0.25,0.25,0.7428571428571429,0.4928571428571429,0.2571428571428571,0.7874883200000018,-0.382000000000005,0.2270000000000038,4.694999999999993,NOT_ISSUED,957026d0fdecd88e4af9bada85c293064350365f4d7b62e86e59c3f8eb0231f7,0.25,0.23684210526315788,0.2727272727272727,0.035885167464114825,0.25,0.2,0.3333333333333333,0.1333333333333333,0.2,0.3333333333333333,0.1333333333333333,CROSS_YEAR_LOYO,0.2,0.3333333333333333,0.25,COMPLETION_FEASIBLE_UNDER_SCENARIO,REPORT_CENTRAL_PLUS_SENSITIVITY_ENVELOPE;NOT_CONFIDENCE_INTERVAL,False
233.0,0.1,233.1,LOW_BASELINE,45.0,WAIT_45MIN,0.0,1.0,0.5928571428571429,0.0,0.7428571428571429,0.15,0.2571428571428571,,,,,NOT_ISSUED,957026d0fdecd88e4af9bada85c293064350365f4d7b62e86e59c3f8eb0231f7,0.5928571428571429,0.5857142857142857,0.6051948051948052,0.01948051948051943,0.5928571428571429,0.5692307692307692,0.6666666666666667,0.09743589743589753,0.5692307692307692,0.6666666666666667,0.09743589743589753,CROSS_YEAR_LOYO,0.0,0.0,0.0,CUTOFF_BLOCKED,REPORT_CENTRAL_PLUS_SENSITIVITY_ENVELOPE;NOT_CONFIDENCE_INTERVAL,False
233.0,0.25,233.25,LOW_BASELINE,45.0,WAIT_45MIN,0.0,1.0,0.4642857142857143,0.0,0.7428571428571429,0.2785714285714286,0.2571428571428571,,,,,NOT_ISSUED,957026d0fdecd88e4af9bada85c293064350365f4d7b62e86e59c3f8eb0231f7,0.4642857142857143,0.4548872180451128,0.48051948051948046,0.025632262474367673,0.4642857142857143,0.4153846153846154,0.5666666666666667,0.15128205128205124,0.4153846153846154,0.5666666666666667,0.15128205128205124,CROSS_YEAR_LOYO,0.0,0.0,0.0,CUTOFF_BLOCKED,REPORT_CENTRAL_PLUS_SENSITIVITY_ENVELOPE;NOT_CONFIDENCE_INTERVAL,False
233.0,0.5,233.5,LOW_BASELINE,45.0,WAIT_45MIN,0.0,1.0,0.3357142857142857,0.0,0.7428571428571429,0.4071428571428571,0.2571428571428571,,,,,NOT_ISSUED,957026d0fdecd88e4af9bada85c293064350365f4d7b62e86e59c3f8eb0231f7,0.33571428571428574,0.3240601503759398,0.35584415584415585,0.031784005468216026,0.3357142857142857,0.3230769230769231,0.3666666666666666,0.04358974358974349,0.3230769230769231,0.3666666666666666,0.04358974358974349,CROSS_YEAR_LOYO,0.0,0.0,0.0,CUTOFF_BLOCKED,REPORT_CENTRAL_PLUS_SENSITIVITY_ENVELOPE;NOT_CONFIDENCE_INTERVAL,False
233.0,1.0,234.0,LOW_BASELINE,45.0,WAIT_45MIN,0.0,1.0,0.25,0.0,0.7428571428571429,0.4928571428571429,0.2571428571428571,,,,,NOT_ISSUED,957026d0fdecd88e4af9bada85c293064350365f4d7b62e86e59c3f8eb0231f7,0.25,0.23684210526315788,0.2727272727272727,0.035885167464114825,0.25,0.2,0.3333333333333333,0.1333333333333333,0.2,0.3333333333333333,0.1333333333333333,CROSS_YEAR_LOYO,0.0,0.0,0.0,CUTOFF_BLOCKED,REPORT_CENTRAL_PLUS_SENSITIVITY_ENVELOPE;NOT_CONFIDENCE_INTERVAL,False
233.0,0.1,233.1,LOW_BASELINE,60.0,WAIT_05MIN,1.0,0.0,0.5928571428571429,0.5928571428571429,0.7428571428571429,0.15,0.2571428571428571,0.7868054800000018,-0.382000000000005,0.2270000000000038,4.694999999999993,NOT_ISSUED,957026d0fdecd88e4af9bada85c293064350365f4d7b62e86e59c3f8eb0231f7,0.5928571428571429,0.5857142857142857,0.6051948051948052,0.01948051948051943,0.5928571428571429,0.5692307692307692,0.6666666666666667,0.09743589743589753,0.5692307692307692,0.6666666666666667,0.09743589743589753,CROSS_YEAR_LOYO,0.5692307692307692,0.6666666666666667,0.5928571428571429,COMPLETION_FEASIBLE_UNDER_SCENARIO,REPORT_CENTRAL_PLUS_SENSITIVITY_ENVELOPE;NOT_CONFIDENCE_INTERVAL,False
233.0,0.25,233.25,LOW_BASELINE,60.0,WAIT_05MIN,1.0,0.0,0.4642857142857143,0.4642857142857143,0.7428571428571429,0.2785714285714286,0.2571428571428571,0.7868054800000018,-0.382000000000005,0.2270000000000038,4.694999999999993,NOT_ISSUED,957026d0fdecd88e4af9bada85c293064350365f4d7b62e86e59c3f8eb0231f7,0.4642857142857143,0.4548872180451128,0.48051948051948046,0.025632262474367673,0.4642857142857143,0.4153846153846154,0.5666666666666667,0.15128205128205124,0.4153846153846154,0.5666666666666667,0.15128205128205124,CROSS_YEAR_LOYO,0.4153846153846154,0.5666666666666667,0.4642857142857143,COMPLETION_FEASIBLE_UNDER_SCENARIO,REPORT_CENTRAL_PLUS_SENSITIVITY_ENVELOPE;NOT_CONFIDENCE_INTERVAL,False
233.0,0.5,233.5,LOW_BASELINE,60.0,WAIT_05MIN,1.0,0.0,0.3357142857142857,0.3357142857142857,0.7428571428571429,0.4071428571428571,0.2571428571428571,0.7868054800000018,-0.382000000000005,0.2270000000000038,4.694999999999993,NOT_ISSUED,957026d0fdecd88e4af9bada85c293064350365f4d7b62e86e59c3f8eb0231f7,0.33571428571428574,0.3240601503759398,0.35584415584415585,0.031784005468216026,0.3357142857142857,0.3230769230769231,0.3666666666666666,0.04358974358974349,0.3230769230769231,0.3666666666666666,0.04358974358974349,CROSS_YEAR_LOYO,0.3230769230769231,0.3666666666666666,0.3357142857142857,COMPLETION_FEASIBLE_UNDER_SCENARIO,REPORT_CENTRAL_PLUS_SENSITIVITY_ENVELOPE;NOT_CONFIDENCE_INTERVAL,False
233.0,1.0,234.0,LOW_BASELINE,60.0,WAIT_05MIN,1.0,0.0,0.25,0.25,0.7428571428571429,0.4928571428571429,0.2571428571428571,0.7868054800000018,-0.382000000000005,0.2270000000000038,4.694999999999993,NOT_ISSUED,957026d0fdecd88e4af9bada85c293064350365f4d7b62e86e59c3f8eb0231f7,0.25,0.23684210526315788,0.2727272727272727,0.035885167464114825,0.25,0.2,0.3333333333333333,0.1333333333333333,0.2,0.3333333333333333,0.1333333333333333,CROSS_YEAR_LOYO,0.2,0.3333333333333333,0.25,COMPLETION_FEASIBLE_UNDER_SCENARIO,REPORT_CENTRAL_PLUS_SENSITIVITY_ENVELOPE;NOT_CONFIDENCE_INTERVAL,False
233.0,0.1,233.1,LOW_BASELINE,60.0,WAIT_15MIN,1.0,0.0,0.5928571428571429,0.5928571428571429,0.7428571428571429,0.15,0.2571428571428571,0.7887953700000019,-0.382000000000005,0.2270000000000038,4.694999999999993,NOT_ISSUED,957026d0fdecd88e4af9bada85c293064350365f4d7b62e86e59c3f8eb0231f7,0.5928571428571429,0.5857142857142857,0.6051948051948052,0.01948051948051943,0.5928571428571429,0.5692307692307692,0.6666666666666667,0.09743589743589753,0.5692307692307692,0.6666666666666667,0.09743589743589753,CROSS_YEAR_LOYO,0.5692307692307692,0.6666666666666667,0.5928571428571429,COMPLETION_FEASIBLE_UNDER_SCENARIO,REPORT_CENTRAL_PLUS_SENSITIVITY_ENVELOPE;NOT_CONFIDENCE_INTERVAL,False
233.0,0.25,233.25,LOW_BASELINE,60.0,WAIT_15MIN,1.0,0.0,0.4642857142857143,0.4642857142857143,0.7428571428571429,0.2785714285714286,0.2571428571428571,0.7887953700000019,-0.382000000000005,0.2270000000000038,4.694999999999993,NOT_ISSUED,957026d0fdecd88e4af9bada85c293064350365f4d7b62e86e59c3f8eb0231f7,0.4642857142857143,0.4548872180451128,0.48051948051948046,0.025632262474367673,0.4642857142857143,0.4153846153846154,0.5666666666666667,0.15128205128205124,0.4153846153846154,0.5666666666666667,0.15128205128205124,CROSS_YEAR_LOYO,0.4153846153846154,0.5666666666666667,0.4642857142857143,COMPLETION_FEASIBLE_UNDER_SCENARIO,REPORT_CENTRAL_PLUS_SENSITIVITY_ENVELOPE;NOT_CONFIDENCE_INTERVAL,False
233.0,0.5,233.5,LOW_BASELINE,60.0,WAIT_15MIN,1.0,0.0,0.3357142857142857,0.3357142857142857,0.7428571428571429,0.4071428571428571,0.2571428571428571,0.7887953700000019,-0.382000000000005,0.2270000000000038,4.694999999999993,NOT_ISSUED,957026d0fdecd88e4af9bada85c293064350365f4d7b62e86e59c3f8eb0231f7,0.33571428571428574,0.3240601503759398,0.35584415584415585,0.031784005468216026,0.3357142857142857,0.3230769230769231,0.3666666666666666,0.04358974358974349,0.3230769230769231,0.3666666666666666,0.04358974358974349,CROSS_YEAR_LOYO,0.3230769230769231,0.3666666666666666,0.3357142857142857,COMPLETION_FEASIBLE_UNDER_SCENARIO,REPORT_CENTRAL_PLUS_SENSITIVITY_ENVELOPE;NOT_CONFIDENCE_INTERVAL,False
233.0,1.0,234.0,LOW_BASELINE,60.0,WAIT_15MIN,1.0,0.0,0.25,0.25,0.7428571428571429,0.4928571428571429,0.2571428571428571,0.7887953700000019,-0.382000000000005,0.2270000000000038,4.694999999999993,NOT_ISSUED,957026d0fdecd88e4af9bada85c293064350365f4d7b62e86e59c3f8eb0231f7,0.25,0.23684210526315788,0.2727272727272727,0.035885167464114825,0.25,0.2,0.3333333333333333,0.1333333333333333,0.2,0.3333333333333333,0.1333333333333333,CROSS_YEAR_LOYO,0.2,0.3333333333333333,0.25,COMPLETION_FEASIBLE_UNDER_SCENARIO,REPORT_CENTRAL_PLUS_SENSITIVITY_ENVELOPE;NOT_CONFIDENCE_INTERVAL,False
233.0,0.1,233.1,LOW_BASELINE,60.0,WAIT_30MIN,1.0,0.0,0.5928571428571429,0.5928571428571429,0.7428571428571429,0.15,0.2571428571428571,0.7882886700000019,-0.382000000000005,0.2270000000000038,4.694999999999993,NOT_ISSUED,957026d0fdecd88e4af9bada85c293064350365f4d7b62e86e59c3f8eb0231f7,0.5928571428571429,0.5857142857142857,0.6051948051948052,0.01948051948051943,0.5928571428571429,0.5692307692307692,0.6666666666666667,0.09743589743589753,0.5692307692307692,0.6666666666666667,0.09743589743589753,CROSS_YEAR_LOYO,0.5692307692307692,0.6666666666666667,0.5928571428571429,COMPLETION_FEASIBLE_UNDER_SCENARIO,REPORT_CENTRAL_PLUS_SENSITIVITY_ENVELOPE;NOT_CONFIDENCE_INTERVAL,False
233.0,0.25,233.25,LOW_BASELINE,60.0,WAIT_30MIN,1.0,0.0,0.4642857142857143,0.4642857142857143,0.7428571428571429,0.2785714285714286,0.2571428571428571,0.7882886700000019,-0.382000000000005,0.2270000000000038,4.694999999999993,NOT_ISSUED,957026d0fdecd88e4af9bada85c293064350365f4d7b62e86e59c3f8eb0231f7,0.4642857142857143,0.4548872180451128,0.48051948051948046,0.025632262474367673,0.4642857142857143,0.4153846153846154,0.5666666666666667,0.15128205128205124,0.4153846153846154,0.5666666666666667,0.15128205128205124,CROSS_YEAR_LOYO,0.4153846153846154,0.5666666666666667,0.4642857142857143,COMPLETION_FEASIBLE_UNDER_SCENARIO,REPORT_CENTRAL_PLUS_SENSITIVITY_ENVELOPE;NOT_CONFIDENCE_INTERVAL,False
233.0,0.5,233.5,LOW_BASELINE,60.0,WAIT_30MIN,1.0,0.0,0.3357142857142857,0.3357142857142857,0.7428571428571429,0.4071428571428571,0.2571428571428571,0.7882886700000019,-0.382000000000005,0.2270000000000038,4.694999999999993,NOT_ISSUED,957026d0fdecd88e4af9bada85c293064350365f4d7b62e86e59c3f8eb0231f7,0.33571428571428574,0.3240601503759398,0.35584415584415585,0.031784005468216026,0.3357142857142857,0.3230769230769231,0.3666666666666666,0.04358974358974349,0.3230769230769231,0.3666666666666666,0.04358974358974349,CROSS_YEAR_LOYO,0.3230769230769231,0.3666666666666666,0.3357142857142857,COMPLETION_FEASIBLE_UNDER_SCENARIO,REPORT_CENTRAL_PLUS_SENSITIVITY_ENVELOPE;NOT_CONFIDENCE_INTERVAL,False
233.0,1.0,234.0,LOW_BASELINE,60.0,WAIT_30MIN,1.0,0.0,0.25,0.25,0.7428571428571429,0.4928571428571429,0.2571428571428571,0.7882886700000019,-0.382000000000005,0.2270000000000038,4.694999999999993,NOT_ISSUED,957026d0fdecd88e4af9bada85c293064350365f4d7b62e86e59c3f8eb0231f7,0.25,0.23684210526315788,0.2727272727272727,0.035885167464114825,0.25,0.2,0.3333333333333333,0.1333333333333333,0.2,0.3333333333333333,0.1333333333333333,CROSS_YEAR_LOYO,0.2,0.3333333333333333,0.25,COMPLETION_FEASIBLE_UNDER_SCENARIO,REPORT_CENTRAL_PLUS_SENSITIVITY_ENVELOPE;NOT_CONFIDENCE_INTERVAL,False
233.0,0.1,233.1,LOW_BASELINE,60.0,WAIT_45MIN,1.0,0.0,0.5928571428571429,0.5928571428571429,0.7428571428571429,0.15,0.2571428571428571,0.7914749200000017,-0.382000000000005,0.2270000000000038,4.694999999999993,NOT_ISSUED,957026d0fdecd88e4af9bada85c293064350365f4d7b62e86e59c3f8eb0231f7,0.5928571428571429,0.5857142857142857,0.6051948051948052,0.01948051948051943,0.5928571428571429,0.5692307692307692,0.6666666666666667,0.09743589743589753,0.5692307692307692,0.6666666666666667,0.09743589743589753,CROSS_YEAR_LOYO,0.5692307692307692,0.6666666666666667,0.5928571428571429,COMPLETION_FEASIBLE_UNDER_SCENARIO,REPORT_CENTRAL_PLUS_SENSITIVITY_ENVELOPE;NOT_CONFIDENCE_INTERVAL,False
233.0,0.25,233.25,LOW_BASELINE,60.0,WAIT_45MIN,1.0,0.0,0.4642857142857143,0.4642857142857143,0.7428571428571429,0.2785714285714286,0.2571428571428571,0.7914749200000017,-0.382000000000005,0.2270000000000038,4.694999999999993,NOT_ISSUED,957026d0fdecd88e4af9bada85c293064350365f4d7b62e86e59c3f8eb0231f7,0.4642857142857143,0.4548872180451128,0.48051948051948046,0.025632262474367673,0.4642857142857143,0.4153846153846154,0.5666666666666667,0.15128205128205124,0.4153846153846154,0.5666666666666667,0.15128205128205124,CROSS_YEAR_LOYO,0.4153846153846154,0.5666666666666667,0.4642857142857143,COMPLETION_FEASIBLE_UNDER_SCENARIO,REPORT_CENTRAL_PLUS_SENSITIVITY_ENVELOPE;NOT_CONFIDENCE_INTERVAL,False
233.0,0.5,233.5,LOW_BASELINE,60.0,WAIT_45MIN,1.0,0.0,0.3357142857142857,0.3357142857142857,0.7428571428571429,0.4071428571428571,0.2571428571428571,0.7914749200000017,-0.382000000000005,0.2270000000000038,4.694999999999993,NOT_ISSUED,957026d0fdecd88e4af9bada85c293064350365f4d7b62e86e59c3f8eb0231f7,0.33571428571428574,0.3240601503759398,0.35584415584415585,0.031784005468216026,0.3357142857142857,0.3230769230769231,0.3666666666666666,0.04358974358974349,0.3230769230769231,0.3666666666666666,0.04358974358974349,CROSS_YEAR_LOYO,0.3230769230769231,0.3666666666666666,0.3357142857142857,COMPLETION_FEASIBLE_UNDER_SCENARIO,REPORT_CENTRAL_PLUS_SENSITIVITY_ENVELOPE;NOT_CONFIDENCE_INTERVAL,False
233.0,1.0,234.0,LOW_BASELINE,60.0,WAIT_45MIN,1.0,0.0,0.25,0.25,0.7428571428571429,0.4928571428571429,0.2571428571428571,0.7914749200000017,-0.382000000000005,0.2270000000000038,4.694999999999993,NOT_ISSUED,957026d0fdecd88e4af9bada85c293064350365f4d7b62e86e59c3f8eb0231f7,0.25,0.23684210526315788,0.2727272727272727,0.035885167464114825,0.25,0.2,0.3333333333333333,0.1333333333333333,0.2,0.3333333333333333,0.1333333333333333,CROSS_YEAR_LOYO,0.2,0.3333333333333333,0.25,COMPLETION_FEASIBLE_UNDER_SCENARIO,REPORT_CENTRAL_PLUS_SENSITIVITY_ENVELOPE;NOT_CONFIDENCE_INTERVAL,False
233.0,0.1,233.1,AT_OR_ABOVE_BASELINE_MEDIAN,10.0,WAIT_05MIN,1.0,0.0,0.4807453416149068,0.4807453416149068,0.6720496894409937,0.1913043478260869,0.3279503105590062,0.2023454100000027,-0.9269999999999924,0.093999999999994,0.7980000000000018,NOT_ISSUED,957026d0fdecd88e4af9bada85c293064350365f4d7b62e86e59c3f8eb0231f7,0.4807453416149068,0.46948051948051944,0.5005714285714286,0.031090909090909113,0.4807453416149068,0.453125,0.5333333333333333,0.08020833333333333,0.453125,0.5333333333333333,0.08020833333333333,CROSS_YEAR_LOYO,0.453125,0.5333333333333333,0.4807453416149068,COMPLETION_FEASIBLE_UNDER_SCENARIO,REPORT_CENTRAL_PLUS_SENSITIVITY_ENVELOPE;NOT_CONFIDENCE_INTERVAL,False
233.0,0.25,233.25,AT_OR_ABOVE_BASELINE_MEDIAN,10.0,WAIT_05MIN,1.0,0.0,0.3167701863354037,0.3167701863354037,0.6720496894409937,0.35527950310559,0.3279503105590062,0.2023454100000027,-0.9269999999999924,0.093999999999994,0.7980000000000018,NOT_ISSUED,957026d0fdecd88e4af9bada85c293064350365f4d7b62e86e59c3f8eb0231f7,0.31677018633540377,0.3019480519480519,0.34285714285714286,0.04090909090909095,0.3167701863354037,0.296875,0.3933333333333333,0.09645833333333331,0.296875,0.3933333333333333,0.09645833333333331,CROSS_YEAR_LOYO,0.296875,0.3933333333333333,0.3167701863354037,COMPLETION_FEASIBLE_UNDER_SCENARIO,REPORT_CENTRAL_PLUS_SENSITIVITY_ENVELOPE;NOT_CONFIDENCE_INTERVAL,False
233.0,0.5,233.5,AT_OR_ABOVE_BASELINE_MEDIAN,10.0,WAIT_05MIN,1.0,0.0,0.1527950310559006,0.1527950310559006,0.6720496894409937,0.5192546583850932,0.3279503105590062,0.2023454100000027,-0.9269999999999924,0.093999999999994,0.7980000000000018,NOT_ISSUED,957026d0fdecd88e4af9bada85c293064350365f4d7b62e86e59c3f8eb0231f7,0.15279503105590062,0.1344155844155844,0.18514285714285716,0.05072727272727276,0.1527950310559006,0.1133333333333333,0.2036199095022624,0.09028657616892909,0.1133333333333333,0.2036199095022624,0.09028657616892909,CROSS_YEAR_LOYO,0.1133333333333333,0.2036199095022624,0.1527950310559006,COMPLETION_FEASIBLE_UNDER_SCENARIO,REPORT_CENTRAL_PLUS_SENSITIVITY_ENVELOPE;NOT_CONFIDENCE_INTERVAL,False
233.0,1.0,234.0,AT_OR_ABOVE_BASELINE_MEDIAN,10.0,WAIT_05MIN,1.0,0.0,0.0434782608695652,0.0434782608695652,0.6720496894409937,0.6285714285714286,0.3279503105590062,0.2023454100000027,-0.9269999999999924,0.093999999999994,0.7980000000000018,NOT_ISSUED,957026d0fdecd88e4af9bada85c293064350365f4d7b62e86e59c3f8eb0231f7,0.043478260869565216,0.022727272727272728,0.08,0.057272727272727274,0.0434782608695652,0.0588235294117647,0.0666666666666666,0.007843137254901898,0.022727272727272728,0.08,0.057272727272727274,RECOVERY_PRIOR,0.022727272727272728,0.08,0.0434782608695652,COMPLETION_FEASIBLE_UNDER_SCENARIO,REPORT_CENTRAL_PLUS_SENSITIVITY_ENVELOPE;NOT_CONFIDENCE_INTERVAL,False
233.0,0.1,233.1,AT_OR_ABOVE_BASELINE_MEDIAN,10.0,WAIT_15MIN,0.0,1.0,0.4807453416149068,0.0,0.6720496894409937,0.1913043478260869,0.3279503105590062,,,,,NOT_ISSUED,957026d0fdecd88e4af9bada85c293064350365f4d7b62e86e59c3f8eb0231f7,0.4807453416149068,0.46948051948051944,0.5005714285714286,0.031090909090909113,0.4807453416149068,0.453125,0.5333333333333333,0.08020833333333333,0.453125,0.5333333333333333,0.08020833333333333,CROSS_YEAR_LOYO,0.0,0.0,0.0,CUTOFF_BLOCKED,REPORT_CENTRAL_PLUS_SENSITIVITY_ENVELOPE;NOT_CONFIDENCE_INTERVAL,False
233.0,0.25,233.25,AT_OR_ABOVE_BASELINE_MEDIAN,10.0,WAIT_15MIN,0.0,1.0,0.3167701863354037,0.0,0.6720496894409937,0.35527950310559,0.3279503105590062,,,,,NOT_ISSUED,957026d0fdecd88e4af9bada85c293064350365f4d7b62e86e59c3f8eb0231f7,0.31677018633540377,0.3019480519480519,0.34285714285714286,0.04090909090909095,0.3167701863354037,0.296875,0.3933333333333333,0.09645833333333331,0.296875,0.3933333333333333,0.09645833333333331,CROSS_YEAR_LOYO,0.0,0.0,0.0,CUTOFF_BLOCKED,REPORT_CENTRAL_PLUS_SENSITIVITY_ENVELOPE;NOT_CONFIDENCE_INTERVAL,False
233.0,0.5,233.5,AT_OR_ABOVE_BASELINE_MEDIAN,10.0,WAIT_15MIN,0.0,1.0,0.1527950310559006,0.0,0.6720496894409937,0.5192546583850932,0.3279503105590062,,,,,NOT_ISSUED,957026d0fdecd88e4af9bada85c293064350365f4d7b62e86e59c3f8eb0231f7,0.15279503105590062,0.1344155844155844,0.18514285714285716,0.05072727272727276,0.1527950310559006,0.1133333333333333,0.2036199095022624,0.09028657616892909,0.1133333333333333,0.2036199095022624,0.09028657616892909,CROSS_YEAR_LOYO,0.0,0.0,0.0,CUTOFF_BLOCKED,REPORT_CENTRAL_PLUS_SENSITIVITY_ENVELOPE;NOT_CONFIDENCE_INTERVAL,False
233.0,1.0,234.0,AT_OR_ABOVE_BASELINE_MEDIAN,10.0,WAIT_15MIN,0.0,1.0,0.0434782608695652,0.0,0.6720496894409937,0.6285714285714286,0.3279503105590062,,,,,NOT_ISSUED,957026d0fdecd88e4af9bada85c293064350365f4d7b62e86e59c3f8eb0231f7,0.043478260869565216,0.022727272727272728,0.08,0.057272727272727274,0.0434782608695652,0.0588235294117647,0.0666666666666666,0.007843137254901898,0.022727272727272728,0.08,0.057272727272727274,RECOVERY_PRIOR,0.0,0.0,0.0,CUTOFF_BLOCKED,REPORT_CENTRAL_PLUS_SENSITIVITY_ENVELOPE;NOT_CONFIDENCE_INTERVAL,False
233.0,0.1,233.1,AT_OR_ABOVE_BASELINE_MEDIAN,10.0,WAIT_30MIN,0.0,1.0,0.4807453416149068,0.0,0.6720496894409937,0.1913043478260869,0.3279503105590062,,,,,NOT_ISSUED,957026d0fdecd88e4af9bada85c293064350365f4d7b62e86e59c3f8eb0231f7,0.4807453416149068,0.46948051948051944,0.5005714285714286,0.031090909090909113,0.4807453416149068,0.453125,0.5333333333333333,0.08020833333333333,0.453125,0.5333333333333333,0.08020833333333333,CROSS_YEAR_LOYO,0.0,0.0,0.0,CUTOFF_BLOCKED,REPORT_CENTRAL_PLUS_SENSITIVITY_ENVELOPE;NOT_CONFIDENCE_INTERVAL,False
233.0,0.25,233.25,AT_OR_ABOVE_BASELINE_MEDIAN,10.0,WAIT_30MIN,0.0,1.0,0.3167701863354037,0.0,0.6720496894409937,0.35527950310559,0.3279503105590062,,,,,NOT_ISSUED,957026d0fdecd88e4af9bada85c293064350365f4d7b62e86e59c3f8eb0231f7,0.31677018633540377,0.3019480519480519,0.34285714285714286,0.04090909090909095,0.3167701863354037,0.296875,0.3933333333333333,0.09645833333333331,0.296875,0.3933333333333333,0.09645833333333331,CROSS_YEAR_LOYO,0.0,0.0,0.0,CUTOFF_BLOCKED,REPORT_CENTRAL_PLUS_SENSITIVITY_ENVELOPE;NOT_CONFIDENCE_INTERVAL,False
233.0,0.5,233.5,AT_OR_ABOVE_BASELINE_MEDIAN,10.0,WAIT_30MIN,0.0,1.0,0.1527950310559006,0.0,0.6720496894409937,0.5192546583850932,0.3279503105590062,,,,,NOT_ISSUED,957026d0fdecd88e4af9bada85c293064350365f4d7b62e86e59c3f8eb0231f7,0.15279503105590062,0.1344155844155844,0.18514285714285716,0.05072727272727276,0.1527950310559006,0.1133333333333333,0.2036199095022624,0.09028657616892909,0.1133333333333333,0.2036199095022624,0.09028657616892909,CROSS_YEAR_LOYO,0.0,0.0,0.0,CUTOFF_BLOCKED,REPORT_CENTRAL_PLUS_SENSITIVITY_ENVELOPE;NOT_CONFIDENCE_INTERVAL,False
233.0,1.0,234.0,AT_OR_ABOVE_BASELINE_MEDIAN,10.0,WAIT_30MIN,0.0,1.0,0.0434782608695652,0.0,0.6720496894409937,0.6285714285714286,0.3279503105590062,,,,,NOT_ISSUED,957026d0fdecd88e4af9bada85c293064350365f4d7b62e86e59c3f8eb0231f7,0.043478260869565216,0.022727272727272728,0.08,0.057272727272727274,0.0434782608695652,0.0588235294117647,0.0666666666666666,0.007843137254901898,0.022727272727272728,0.08,0.057272727272727274,RECOVERY_PRIOR,0.0,0.0,0.0,CUTOFF_BLOCKED,REPORT_CENTRAL_PLUS_SENSITIVITY_ENVELOPE;NOT_CONFIDENCE_INTERVAL,False
233.0,0.1,233.1,AT_OR_ABOVE_BASELINE_MEDIAN,10.0,WAIT_45MIN,0.0,1.0,0.4807453416149068,0.0,0.6720496894409937,0.1913043478260869,0.3279503105590062,,,,,NOT_ISSUED,957026d0fdecd88e4af9bada85c293064350365f4d7b62e86e59c3f8eb0231f7,0.4807453416149068,0.46948051948051944,0.5005714285714286,0.031090909090909113,0.4807453416149068,0.453125,0.5333333333333333,0.08020833333333333,0.453125,0.5333333333333333,0.08020833333333333,CROSS_YEAR_LOYO,0.0,0.0,0.0,CUTOFF_BLOCKED,REPORT_CENTRAL_PLUS_SENSITIVITY_ENVELOPE;NOT_CONFIDENCE_INTERVAL,False
233.0,0.25,233.25,AT_OR_ABOVE_BASELINE_MEDIAN,10.0,WAIT_45MIN,0.0,1.0,0.3167701863354037,0.0,0.6720496894409937,0.35527950310559,0.3279503105590062,,,,,NOT_ISSUED,957026d0fdecd88e4af9bada85c293064350365f4d7b62e86e59c3f8eb0231f7,0.31677018633540377,0.3019480519480519,0.34285714285714286,0.04090909090909095,0.3167701863354037,0.296875,0.3933333333333333,0.09645833333333331,0.296875,0.3933333333333333,0.09645833333333331,CROSS_YEAR_LOYO,0.0,0.0,0.0,CUTOFF_BLOCKED,REPORT_CENTRAL_PLUS_SENSITIVITY_ENVELOPE;NOT_CONFIDENCE_INTERVAL,False
233.0,0.5,233.5,AT_OR_ABOVE_BASELINE_MEDIAN,10.0,WAIT_45MIN,0.0,1.0,0.1527950310559006,0.0,0.6720496894409937,0.5192546583850932,0.3279503105590062,,,,,NOT_ISSUED,957026d0fdecd88e4af9bada85c293064350365f4d7b62e86e59c3f8eb0231f7,0.15279503105590062,0.1344155844155844,0.18514285714285716,0.05072727272727276,0.1527950310559006,0.1133333333333333,0.2036199095022624,0.09028657616892909,0.1133333333333333,0.2036199095022624,0.09028657616892909,CROSS_YEAR_LOYO,0.0,0.0,0.0,CUTOFF_BLOCKED,REPORT_CENTRAL_PLUS_SENSITIVITY_ENVELOPE;NOT_CONFIDENCE_INTERVAL,False
233.0,1.0,234.0,AT_OR_ABOVE_BASELINE_MEDIAN,10.0,WAIT_45MIN,0.0,1.0,0.0434782608695652,0.0,0.6720496894409937,0.6285714285714286,0.3279503105590062,,,,,NOT_ISSUED,957026d0fdecd88e4af9bada85c293064350365f4d7b62e86e59c3f8eb0231f7,0.043478260869565216,0.022727272727272728,0.08,0.057272727272727274,0.0434782608695652,0.0588235294117647,0.0666666666666666,0.007843137254901898,0.022727272727272728,0.08,0.057272727272727274,RECOVERY_PRIOR,0.0,0.0,0.0,CUTOFF_BLOCKED,REPORT_CENTRAL_PLUS_SENSITIVITY_ENVELOPE;NOT_CONFIDENCE_INTERVAL,False
233.0,0.1,233.1,AT_OR_ABOVE_BASELINE_MEDIAN,20.0,WAIT_05MIN,1.0,0.0,0.4807453416149068,0.4807453416149068,0.6720496894409937,0.1913043478260869,0.3279503105590062,0.2048296600000027,-0.9269999999999924,0.093999999999994,0.7980000000000018,NOT_ISSUED,957026d0fdecd88e4af9bada85c293064350365f4d7b62e86e59c3f8eb0231f7,0.4807453416149068,0.46948051948051944,0.5005714285714286,0.031090909090909113,0.4807453416149068,0.453125,0.5333333333333333,0.08020833333333333,0.453125,0.5333333333333333,0.08020833333333333,CROSS_YEAR_LOYO,0.453125,0.5333333333333333,0.4807453416149068,COMPLETION_FEASIBLE_UNDER_SCENARIO,REPORT_CENTRAL_PLUS_SENSITIVITY_ENVELOPE;NOT_CONFIDENCE_INTERVAL,False
233.0,0.25,233.25,AT_OR_ABOVE_BASELINE_MEDIAN,20.0,WAIT_05MIN,1.0,0.0,0.3167701863354037,0.3167701863354037,0.6720496894409937,0.35527950310559,0.3279503105590062,0.2048296600000027,-0.9269999999999924,0.093999999999994,0.7980000000000018,NOT_ISSUED,957026d0fdecd88e4af9bada85c293064350365f4d7b62e86e59c3f8eb0231f7,0.31677018633540377,0.3019480519480519,0.34285714285714286,0.04090909090909095,0.3167701863354037,0.296875,0.3933333333333333,0.09645833333333331,0.296875,0.3933333333333333,0.09645833333333331,CROSS_YEAR_LOYO,0.296875,0.3933333333333333,0.3167701863354037,COMPLETION_FEASIBLE_UNDER_SCENARIO,REPORT_CENTRAL_PLUS_SENSITIVITY_ENVELOPE;NOT_CONFIDENCE_INTERVAL,False
233.0,0.5,233.5,AT_OR_ABOVE_BASELINE_MEDIAN,20.0,WAIT_05MIN,1.0,0.0,0.1527950310559006,0.1527950310559006,0.6720496894409937,0.5192546583850932,0.3279503105590062,0.2048296600000027,-0.9269999999999924,0.093999999999994,0.7980000000000018,NOT_ISSUED,957026d0fdecd88e4af9bada85c293064350365f4d7b62e86e59c3f8eb0231f7,0.15279503105590062,0.1344155844155844,0.18514285714285716,0.05072727272727276,0.1527950310559006,0.1133333333333333,0.2036199095022624,0.09028657616892909,0.1133333333333333,0.2036199095022624,0.09028657616892909,CROSS_YEAR_LOYO,0.1133333333333333,0.2036199095022624,0.1527950310559006,COMPLETION_FEASIBLE_UNDER_SCENARIO,REPORT_CENTRAL_PLUS_SENSITIVITY_ENVELOPE;NOT_CONFIDENCE_INTERVAL,False
233.0,1.0,234.0,AT_OR_ABOVE_BASELINE_MEDIAN,20.0,WAIT_05MIN,1.0,0.0,0.0434782608695652,0.0434782608695652,0.6720496894409937,0.6285714285714286,0.3279503105590062,0.2048296600000027,-0.9269999999999924,0.093999999999994,0.7980000000000018,NOT_ISSUED,957026d0fdecd88e4af9bada85c293064350365f4d7b62e86e59c3f8eb0231f7,0.043478260869565216,0.022727272727272728,0.08,0.057272727272727274,0.0434782608695652,0.0588235294117647,0.0666666666666666,0.007843137254901898,0.022727272727272728,0.08,0.057272727272727274,RECOVERY_PRIOR,0.022727272727272728,0.08,0.0434782608695652,COMPLETION_FEASIBLE_UNDER_SCENARIO,REPORT_CENTRAL_PLUS_SENSITIVITY_ENVELOPE;NOT_CONFIDENCE_INTERVAL,False
233.0,0.1,233.1,AT_OR_ABOVE_BASELINE_MEDIAN,20.0,WAIT_15MIN,1.0,0.0,0.4807453416149068,0.4807453416149068,0.6720496894409937,0.1913043478260869,0.3279503105590062,0.2067631100000027,-0.9269999999999924,0.093999999999994,0.7980000000000018,NOT_ISSUED,957026d0fdecd88e4af9bada85c293064350365f4d7b62e86e59c3f8eb0231f7,0.4807453416149068,0.46948051948051944,0.5005714285714286,0.031090909090909113,0.4807453416149068,0.453125,0.5333333333333333,0.08020833333333333,0.453125,0.5333333333333333,0.08020833333333333,CROSS_YEAR_LOYO,0.453125,0.5333333333333333,0.4807453416149068,COMPLETION_FEASIBLE_UNDER_SCENARIO,REPORT_CENTRAL_PLUS_SENSITIVITY_ENVELOPE;NOT_CONFIDENCE_INTERVAL,False
233.0,0.25,233.25,AT_OR_ABOVE_BASELINE_MEDIAN,20.0,WAIT_15MIN,1.0,0.0,0.3167701863354037,0.3167701863354037,0.6720496894409937,0.35527950310559,0.3279503105590062,0.2067631100000027,-0.9269999999999924,0.093999999999994,0.7980000000000018,NOT_ISSUED,957026d0fdecd88e4af9bada85c293064350365f4d7b62e86e59c3f8eb0231f7,0.31677018633540377,0.3019480519480519,0.34285714285714286,0.04090909090909095,0.3167701863354037,0.296875,0.3933333333333333,0.09645833333333331,0.296875,0.3933333333333333,0.09645833333333331,CROSS_YEAR_LOYO,0.296875,0.3933333333333333,0.3167701863354037,COMPLETION_FEASIBLE_UNDER_SCENARIO,REPORT_CENTRAL_PLUS_SENSITIVITY_ENVELOPE;NOT_CONFIDENCE_INTERVAL,False
233.0,0.5,233.5,AT_OR_ABOVE_BASELINE_MEDIAN,20.0,WAIT_15MIN,1.0,0.0,0.1527950310559006,0.1527950310559006,0.6720496894409937,0.5192546583850932,0.3279503105590062,0.2067631100000027,-0.9269999999999924,0.093999999999994,0.7980000000000018,NOT_ISSUED,957026d0fdecd88e4af9bada85c293064350365f4d7b62e86e59c3f8eb0231f7,0.15279503105590062,0.1344155844155844,0.18514285714285716,0.05072727272727276,0.1527950310559006,0.1133333333333333,0.2036199095022624,0.09028657616892909,0.1133333333333333,0.2036199095022624,0.09028657616892909,CROSS_YEAR_LOYO,0.1133333333333333,0.2036199095022624,0.1527950310559006,COMPLETION_FEASIBLE_UNDER_SCENARIO,REPORT_CENTRAL_PLUS_SENSITIVITY_ENVELOPE;NOT_CONFIDENCE_INTERVAL,False
233.0,1.0,234.0,AT_OR_ABOVE_BASELINE_MEDIAN,20.0,WAIT_15MIN,1.0,0.0,0.0434782608695652,0.0434782608695652,0.6720496894409937,0.6285714285714286,0.3279503105590062,0.2067631100000027,-0.9269999999999924,0.093999999999994,0.7980000000000018,NOT_ISSUED,957026d0fdecd88e4af9bada85c293064350365f4d7b62e86e59c3f8eb0231f7,0.043478260869565216,0.022727272727272728,0.08,0.057272727272727274,0.0434782608695652,0.0588235294117647,0.0666666666666666,0.007843137254901898,0.022727272727272728,0.08,0.057272727272727274,RECOVERY_PRIOR,0.022727272727272728,0.08,0.0434782608695652,COMPLETION_FEASIBLE_UNDER_SCENARIO,REPORT_CENTRAL_PLUS_SENSITIVITY_ENVELOPE;NOT_CONFIDENCE_INTERVAL,False
233.0,0.1,233.1,AT_OR_ABOVE_BASELINE_MEDIAN,20.0,WAIT_30MIN,0.0,1.0,0.4807453416149068,0.0,0.6720496894409937,0.1913043478260869,0.3279503105590062,,,,,NOT_ISSUED,957026d0fdecd88e4af9bada85c293064350365f4d7b62e86e59c3f8eb0231f7,0.4807453416149068,0.46948051948051944,0.5005714285714286,0.031090909090909113,0.4807453416149068,0.453125,0.5333333333333333,0.08020833333333333,0.453125,0.5333333333333333,0.08020833333333333,CROSS_YEAR_LOYO,0.0,0.0,0.0,CUTOFF_BLOCKED,REPORT_CENTRAL_PLUS_SENSITIVITY_ENVELOPE;NOT_CONFIDENCE_INTERVAL,False
233.0,0.25,233.25,AT_OR_ABOVE_BASELINE_MEDIAN,20.0,WAIT_30MIN,0.0,1.0,0.3167701863354037,0.0,0.6720496894409937,0.35527950310559,0.3279503105590062,,,,,NOT_ISSUED,957026d0fdecd88e4af9bada85c293064350365f4d7b62e86e59c3f8eb0231f7,0.31677018633540377,0.3019480519480519,0.34285714285714286,0.04090909090909095,0.3167701863354037,0.296875,0.3933333333333333,0.09645833333333331,0.296875,0.3933333333333333,0.09645833333333331,CROSS_YEAR_LOYO,0.0,0.0,0.0,CUTOFF_BLOCKED,REPORT_CENTRAL_PLUS_SENSITIVITY_ENVELOPE;NOT_CONFIDENCE_INTERVAL,False
233.0,0.5,233.5,AT_OR_ABOVE_BASELINE_MEDIAN,20.0,WAIT_30MIN,0.0,1.0,0.1527950310559006,0.0,0.6720496894409937,0.5192546583850932,0.3279503105590062,,,,,NOT_ISSUED,957026d0fdecd88e4af9bada85c293064350365f4d7b62e86e59c3f8eb0231f7,0.15279503105590062,0.1344155844155844,0.18514285714285716,0.05072727272727276,0.1527950310559006,0.1133333333333333,0.2036199095022624,0.09028657616892909,0.1133333333333333,0.2036199095022624,0.09028657616892909,CROSS_YEAR_LOYO,0.0,0.0,0.0,CUTOFF_BLOCKED,REPORT_CENTRAL_PLUS_SENSITIVITY_ENVELOPE;NOT_CONFIDENCE_INTERVAL,False
233.0,1.0,234.0,AT_OR_ABOVE_BASELINE_MEDIAN,20.0,WAIT_30MIN,0.0,1.0,0.0434782608695652,0.0,0.6720496894409937,0.6285714285714286,0.3279503105590062,,,,,NOT_ISSUED,957026d0fdecd88e4af9bada85c293064350365f4d7b62e86e59c3f8eb0231f7,0.043478260869565216,0.022727272727272728,0.08,0.057272727272727274,0.0434782608695652,0.0588235294117647,0.0666666666666666,0.007843137254901898,0.022727272727272728,0.08,0.057272727272727274,RECOVERY_PRIOR,0.0,0.0,0.0,CUTOFF_BLOCKED,REPORT_CENTRAL_PLUS_SENSITIVITY_ENVELOPE;NOT_CONFIDENCE_INTERVAL,False
233.0,0.1,233.1,AT_OR_ABOVE_BASELINE_MEDIAN,20.0,WAIT_45MIN,0.0,1.0,0.4807453416149068,0.0,0.6720496894409937,0.1913043478260869,0.3279503105590062,,,,,NOT_ISSUED,957026d0fdecd88e4af9bada85c293064350365f4d7b62e86e59c3f8eb0231f7,0.4807453416149068,0.46948051948051944,0.5005714285714286,0.031090909090909113,0.4807453416149068,0.453125,0.5333333333333333,0.08020833333333333,0.453125,0.5333333333333333,0.08020833333333333,CROSS_YEAR_LOYO,0.0,0.0,0.0,CUTOFF_BLOCKED,REPORT_CENTRAL_PLUS_SENSITIVITY_ENVELOPE;NOT_CONFIDENCE_INTERVAL,False
233.0,0.25,233.25,AT_OR_ABOVE_BASELINE_MEDIAN,20.0,WAIT_45MIN,0.0,1.0,0.3167701863354037,0.0,0.6720496894409937,0.35527950310559,0.3279503105590062,,,,,NOT_ISSUED,957026d0fdecd88e4af9bada85c293064350365f4d7b62e86e59c3f8eb0231f7,0.31677018633540377,0.3019480519480519,0.34285714285714286,0.04090909090909095,0.3167701863354037,0.296875,0.3933333333333333,0.09645833333333331,0.296875,0.3933333333333333,0.09645833333333331,CROSS_YEAR_LOYO,0.0,0.0,0.0,CUTOFF_BLOCKED,REPORT_CENTRAL_PLUS_SENSITIVITY_ENVELOPE;NOT_CONFIDENCE_INTERVAL,False
233.0,0.5,233.5,AT_OR_ABOVE_BASELINE_MEDIAN,20.0,WAIT_45MIN,0.0,1.0,0.1527950310559006,0.0,0.6720496894409937,0.5192546583850932,0.3279503105590062,,,,,NOT_ISSUED,957026d0fdecd88e4af9bada85c293064350365f4d7b62e86e59c3f8eb0231f7,0.15279503105590062,0.1344155844155844,0.18514285714285716,0.05072727272727276,0.1527950310559006,0.1133333333333333,0.2036199095022624,0.09028657616892909,0.1133333333333333,0.2036199095022624,0.09028657616892909,CROSS_YEAR_LOYO,0.0,0.0,0.0,CUTOFF_BLOCKED,REPORT_CENTRAL_PLUS_SENSITIVITY_ENVELOPE;NOT_CONFIDENCE_INTERVAL,False
233.0,1.0,234.0,AT_OR_ABOVE_BASELINE_MEDIAN,20.0,WAIT_45MIN,0.0,1.0,0.0434782608695652,0.0,0.6720496894409937,0.6285714285714286,0.3279503105590062,,,,,NOT_ISSUED,957026d0fdecd88e4af9bada85c293064350365f4d7b62e86e59c3f8eb0231f7,0.043478260869565216,0.022727272727272728,0.08,0.057272727272727274,0.0434782608695652,0.0588235294117647,0.0666666666666666,0.007843137254901898,0.022727272727272728,0.08,0.057272727272727274,RECOVERY_PRIOR,0.0,0.0,0.0,CUTOFF_BLOCKED,REPORT_CENTRAL_PLUS_SENSITIVITY_ENVELOPE;NOT_CONFIDENCE_INTERVAL,False
233.0,0.1,233.1,AT_OR_ABOVE_BASELINE_MEDIAN,30.0,WAIT_05MIN,1.0,0.0,0.4807453416149068,0.4807453416149068,0.6720496894409937,0.1913043478260869,0.3279503105590062,0.2066477000000027,-0.9269999999999924,0.093999999999994,0.7980000000000018,NOT_ISSUED,957026d0fdecd88e4af9bada85c293064350365f4d7b62e86e59c3f8eb0231f7,0.4807453416149068,0.46948051948051944,0.5005714285714286,0.031090909090909113,0.4807453416149068,0.453125,0.5333333333333333,0.08020833333333333,0.453125,0.5333333333333333,0.08020833333333333,CROSS_YEAR_LOYO,0.453125,0.5333333333333333,0.4807453416149068,COMPLETION_FEASIBLE_UNDER_SCENARIO,REPORT_CENTRAL_PLUS_SENSITIVITY_ENVELOPE;NOT_CONFIDENCE_INTERVAL,False
233.0,0.25,233.25,AT_OR_ABOVE_BASELINE_MEDIAN,30.0,WAIT_05MIN,1.0,0.0,0.3167701863354037,0.3167701863354037,0.6720496894409937,0.35527950310559,0.3279503105590062,0.2066477000000027,-0.9269999999999924,0.093999999999994,0.7980000000000018,NOT_ISSUED,957026d0fdecd88e4af9bada85c293064350365f4d7b62e86e59c3f8eb0231f7,0.31677018633540377,0.3019480519480519,0.34285714285714286,0.04090909090909095,0.3167701863354037,0.296875,0.3933333333333333,0.09645833333333331,0.296875,0.3933333333333333,0.09645833333333331,CROSS_YEAR_LOYO,0.296875,0.3933333333333333,0.3167701863354037,COMPLETION_FEASIBLE_UNDER_SCENARIO,REPORT_CENTRAL_PLUS_SENSITIVITY_ENVELOPE;NOT_CONFIDENCE_INTERVAL,False
233.0,0.5,233.5,AT_OR_ABOVE_BASELINE_MEDIAN,30.0,WAIT_05MIN,1.0,0.0,0.1527950310559006,0.1527950310559006,0.6720496894409937,0.5192546583850932,0.3279503105590062,0.2066477000000027,-0.9269999999999924,0.093999999999994,0.7980000000000018,NOT_ISSUED,957026d0fdecd88e4af9bada85c293064350365f4d7b62e86e59c3f8eb0231f7,0.15279503105590062,0.1344155844155844,0.18514285714285716,0.05072727272727276,0.1527950310559006,0.1133333333333333,0.2036199095022624,0.09028657616892909,0.1133333333333333,0.2036199095022624,0.09028657616892909,CROSS_YEAR_LOYO,0.1133333333333333,0.2036199095022624,0.1527950310559006,COMPLETION_FEASIBLE_UNDER_SCENARIO,REPORT_CENTRAL_PLUS_SENSITIVITY_ENVELOPE;NOT_CONFIDENCE_INTERVAL,False
233.0,1.0,234.0,AT_OR_ABOVE_BASELINE_MEDIAN,30.0,WAIT_05MIN,1.0,0.0,0.0434782608695652,0.0434782608695652,0.6720496894409937,0.6285714285714286,0.3279503105590062,0.2066477000000027,-0.9269999999999924,0.093999999999994,0.7980000000000018,NOT_ISSUED,957026d0fdecd88e4af9bada85c293064350365f4d7b62e86e59c3f8eb0231f7,0.043478260869565216,0.022727272727272728,0.08,0.057272727272727274,0.0434782608695652,0.0588235294117647,0.0666666666666666,0.007843137254901898,0.022727272727272728,0.08,0.057272727272727274,RECOVERY_PRIOR,0.022727272727272728,0.08,0.0434782608695652,COMPLETION_FEASIBLE_UNDER_SCENARIO,REPORT_CENTRAL_PLUS_SENSITIVITY_ENVELOPE;NOT_CONFIDENCE_INTERVAL,False
233.0,0.1,233.1,AT_OR_ABOVE_BASELINE_MEDIAN,30.0,WAIT_15MIN,1.0,0.0,0.4807453416149068,0.4807453416149068,0.6720496894409937,0.1913043478260869,0.3279503105590062,0.2033020100000027,-0.9269999999999924,0.093999999999994,0.7980000000000018,NOT_ISSUED,957026d0fdecd88e4af9bada85c293064350365f4d7b62e86e59c3f8eb0231f7,0.4807453416149068,0.46948051948051944,0.5005714285714286,0.031090909090909113,0.4807453416149068,0.453125,0.5333333333333333,0.08020833333333333,0.453125,0.5333333333333333,0.08020833333333333,CROSS_YEAR_LOYO,0.453125,0.5333333333333333,0.4807453416149068,COMPLETION_FEASIBLE_UNDER_SCENARIO,REPORT_CENTRAL_PLUS_SENSITIVITY_ENVELOPE;NOT_CONFIDENCE_INTERVAL,False
233.0,0.25,233.25,AT_OR_ABOVE_BASELINE_MEDIAN,30.0,WAIT_15MIN,1.0,0.0,0.3167701863354037,0.3167701863354037,0.6720496894409937,0.35527950310559,0.3279503105590062,0.2033020100000027,-0.9269999999999924,0.093999999999994,0.7980000000000018,NOT_ISSUED,957026d0fdecd88e4af9bada85c293064350365f4d7b62e86e59c3f8eb0231f7,0.31677018633540377,0.3019480519480519,0.34285714285714286,0.04090909090909095,0.3167701863354037,0.296875,0.3933333333333333,0.09645833333333331,0.296875,0.3933333333333333,0.09645833333333331,CROSS_YEAR_LOYO,0.296875,0.3933333333333333,0.3167701863354037,COMPLETION_FEASIBLE_UNDER_SCENARIO,REPORT_CENTRAL_PLUS_SENSITIVITY_ENVELOPE;NOT_CONFIDENCE_INTERVAL,False
233.0,0.5,233.5,AT_OR_ABOVE_BASELINE_MEDIAN,30.0,WAIT_15MIN,1.0,0.0,0.1527950310559006,0.1527950310559006,0.6720496894409937,0.5192546583850932,0.3279503105590062,0.2033020100000027,-0.9269999999999924,0.093999999999994,0.7980000000000018,NOT_ISSUED,957026d0fdecd88e4af9bada85c293064350365f4d7b62e86e59c3f8eb0231f7,0.15279503105590062,0.1344155844155844,0.18514285714285716,0.05072727272727276,0.1527950310559006,0.1133333333333333,0.2036199095022624,0.09028657616892909,0.1133333333333333,0.2036199095022624,0.09028657616892909,CROSS_YEAR_LOYO,0.1133333333333333,0.2036199095022624,0.1527950310559006,COMPLETION_FEASIBLE_UNDER_SCENARIO,REPORT_CENTRAL_PLUS_SENSITIVITY_ENVELOPE;NOT_CONFIDENCE_INTERVAL,False
233.0,1.0,234.0,AT_OR_ABOVE_BASELINE_MEDIAN,30.0,WAIT_15MIN,1.0,0.0,0.0434782608695652,0.0434782608695652,0.6720496894409937,0.6285714285714286,0.3279503105590062,0.2033020100000027,-0.9269999999999924,0.093999999999994,0.7980000000000018,NOT_ISSUED,957026d0fdecd88e4af9bada85c293064350365f4d7b62e86e59c3f8eb0231f7,0.043478260869565216,0.022727272727272728,0.08,0.057272727272727274,0.0434782608695652,0.0588235294117647,0.0666666666666666,0.007843137254901898,0.022727272727272728,0.08,0.057272727272727274,RECOVERY_PRIOR,0.022727272727272728,0.08,0.0434782608695652,COMPLETION_FEASIBLE_UNDER_SCENARIO,REPORT_CENTRAL_PLUS_SENSITIVITY_ENVELOPE;NOT_CONFIDENCE_INTERVAL,False
233.0,0.1,233.1,AT_OR_ABOVE_BASELINE_MEDIAN,30.0,WAIT_30MIN,0.0,1.0,0.4807453416149068,0.0,0.6720496894409937,0.1913043478260869,0.3279503105590062,,,,,NOT_ISSUED,957026d0fdecd88e4af9bada85c293064350365f4d7b62e86e59c3f8eb0231f7,0.4807453416149068,0.46948051948051944,0.5005714285714286,0.031090909090909113,0.4807453416149068,0.453125,0.5333333333333333,0.08020833333333333,0.453125,0.5333333333333333,0.08020833333333333,CROSS_YEAR_LOYO,0.0,0.0,0.0,CUTOFF_BLOCKED,REPORT_CENTRAL_PLUS_SENSITIVITY_ENVELOPE;NOT_CONFIDENCE_INTERVAL,False
233.0,0.25,233.25,AT_OR_ABOVE_BASELINE_MEDIAN,30.0,WAIT_30MIN,0.0,1.0,0.3167701863354037,0.0,0.6720496894409937,0.35527950310559,0.3279503105590062,,,,,NOT_ISSUED,957026d0fdecd88e4af9bada85c293064350365f4d7b62e86e59c3f8eb0231f7,0.31677018633540377,0.3019480519480519,0.34285714285714286,0.04090909090909095,0.3167701863354037,0.296875,0.3933333333333333,0.09645833333333331,0.296875,0.3933333333333333,0.09645833333333331,CROSS_YEAR_LOYO,0.0,0.0,0.0,CUTOFF_BLOCKED,REPORT_CENTRAL_PLUS_SENSITIVITY_ENVELOPE;NOT_CONFIDENCE_INTERVAL,False
233.0,0.5,233.5,AT_OR_ABOVE_BASELINE_MEDIAN,30.0,WAIT_30MIN,0.0,1.0,0.1527950310559006,0.0,0.6720496894409937,0.5192546583850932,0.3279503105590062,,,,,NOT_ISSUED,957026d0fdecd88e4af9bada85c293064350365f4d7b62e86e59c3f8eb0231f7,0.15279503105590062,0.1344155844155844,0.18514285714285716,0.05072727272727276,0.1527950310559006,0.1133333333333333,0.2036199095022624,0.09028657616892909,0.1133333333333333,0.2036199095022624,0.09028657616892909,CROSS_YEAR_LOYO,0.0,0.0,0.0,CUTOFF_BLOCKED,REPORT_CENTRAL_PLUS_SENSITIVITY_ENVELOPE;NOT_CONFIDENCE_INTERVAL,False
233.0,1.0,234.0,AT_OR_ABOVE_BASELINE_MEDIAN,30.0,WAIT_30MIN,0.0,1.0,0.0434782608695652,0.0,0.6720496894409937,0.6285714285714286,0.3279503105590062,,,,,NOT_ISSUED,957026d0fdecd88e4af9bada85c293064350365f4d7b62e86e59c3f8eb0231f7,0.043478260869565216,0.022727272727272728,0.08,0.057272727272727274,0.0434782608695652,0.0588235294117647,0.0666666666666666,0.007843137254901898,0.022727272727272728,0.08,0.057272727272727274,RECOVERY_PRIOR,0.0,0.0,0.0,CUTOFF_BLOCKED,REPORT_CENTRAL_PLUS_SENSITIVITY_ENVELOPE;NOT_CONFIDENCE_INTERVAL,False
233.0,0.1,233.1,AT_OR_ABOVE_BASELINE_MEDIAN,30.0,WAIT_45MIN,0.0,1.0,0.4807453416149068,0.0,0.6720496894409937,0.1913043478260869,0.3279503105590062,,,,,NOT_ISSUED,957026d0fdecd88e4af9bada85c293064350365f4d7b62e86e59c3f8eb0231f7,0.4807453416149068,0.46948051948051944,0.5005714285714286,0.031090909090909113,0.4807453416149068,0.453125,0.5333333333333333,0.08020833333333333,0.453125,0.5333333333333333,0.08020833333333333,CROSS_YEAR_LOYO,0.0,0.0,0.0,CUTOFF_BLOCKED,REPORT_CENTRAL_PLUS_SENSITIVITY_ENVELOPE;NOT_CONFIDENCE_INTERVAL,False
233.0,0.25,233.25,AT_OR_ABOVE_BASELINE_MEDIAN,30.0,WAIT_45MIN,0.0,1.0,0.3167701863354037,0.0,0.6720496894409937,0.35527950310559,0.3279503105590062,,,,,NOT_ISSUED,957026d0fdecd88e4af9bada85c293064350365f4d7b62e86e59c3f8eb0231f7,0.31677018633540377,0.3019480519480519,0.34285714285714286,0.04090909090909095,0.3167701863354037,0.296875,0.3933333333333333,0.09645833333333331,0.296875,0.3933333333333333,0.09645833333333331,CROSS_YEAR_LOYO,0.0,0.0,0.0,CUTOFF_BLOCKED,REPORT_CENTRAL_PLUS_SENSITIVITY_ENVELOPE;NOT_CONFIDENCE_INTERVAL,False
233.0,0.5,233.5,AT_OR_ABOVE_BASELINE_MEDIAN,30.0,WAIT_45MIN,0.0,1.0,0.1527950310559006,0.0,0.6720496894409937,0.5192546583850932,0.3279503105590062,,,,,NOT_ISSUED,957026d0fdecd88e4af9bada85c293064350365f4d7b62e86e59c3f8eb0231f7,0.15279503105590062,0.1344155844155844,0.18514285714285716,0.05072727272727276,0.1527950310559006,0.1133333333333333,0.2036199095022624,0.09028657616892909,0.1133333333333333,0.2036199095022624,0.09028657616892909,CROSS_YEAR_LOYO,0.0,0.0,0.0,CUTOFF_BLOCKED,REPORT_CENTRAL_PLUS_SENSITIVITY_ENVELOPE;NOT_CONFIDENCE_INTERVAL,False
233.0,1.0,234.0,AT_OR_ABOVE_BASELINE_MEDIAN,30.0,WAIT_45MIN,0.0,1.0,0.0434782608695652,0.0,0.6720496894409937,0.6285714285714286,0.3279503105590062,,,,,NOT_ISSUED,957026d0fdecd88e4af9bada85c293064350365f4d7b62e86e59c3f8eb0231f7,0.043478260869565216,0.022727272727272728,0.08,0.057272727272727274,0.0434782608695652,0.0588235294117647,0.0666666666666666,0.007843137254901898,0.022727272727272728,0.08,0.057272727272727274,RECOVERY_PRIOR,0.0,0.0,0.0,CUTOFF_BLOCKED,REPORT_CENTRAL_PLUS_SENSITIVITY_ENVELOPE;NOT_CONFIDENCE_INTERVAL,False
233.0,0.1,233.1,AT_OR_ABOVE_BASELINE_MEDIAN,45.0,WAIT_05MIN,1.0,0.0,0.4807453416149068,0.4807453416149068,0.6720496894409937,0.1913043478260869,0.3279503105590062,0.2075885300000028,-0.9269999999999924,0.093999999999994,0.7980000000000018,NOT_ISSUED,957026d0fdecd88e4af9bada85c293064350365f4d7b62e86e59c3f8eb0231f7,0.4807453416149068,0.46948051948051944,0.5005714285714286,0.031090909090909113,0.4807453416149068,0.453125,0.5333333333333333,0.08020833333333333,0.453125,0.5333333333333333,0.08020833333333333,CROSS_YEAR_LOYO,0.453125,0.5333333333333333,0.4807453416149068,COMPLETION_FEASIBLE_UNDER_SCENARIO,REPORT_CENTRAL_PLUS_SENSITIVITY_ENVELOPE;NOT_CONFIDENCE_INTERVAL,False
233.0,0.25,233.25,AT_OR_ABOVE_BASELINE_MEDIAN,45.0,WAIT_05MIN,1.0,0.0,0.3167701863354037,0.3167701863354037,0.6720496894409937,0.35527950310559,0.3279503105590062,0.2075885300000028,-0.9269999999999924,0.093999999999994,0.7980000000000018,NOT_ISSUED,957026d0fdecd88e4af9bada85c293064350365f4d7b62e86e59c3f8eb0231f7,0.31677018633540377,0.3019480519480519,0.34285714285714286,0.04090909090909095,0.3167701863354037,0.296875,0.3933333333333333,0.09645833333333331,0.296875,0.3933333333333333,0.09645833333333331,CROSS_YEAR_LOYO,0.296875,0.3933333333333333,0.3167701863354037,COMPLETION_FEASIBLE_UNDER_SCENARIO,REPORT_CENTRAL_PLUS_SENSITIVITY_ENVELOPE;NOT_CONFIDENCE_INTERVAL,False
233.0,0.5,233.5,AT_OR_ABOVE_BASELINE_MEDIAN,45.0,WAIT_05MIN,1.0,0.0,0.1527950310559006,0.1527950310559006,0.6720496894409937,0.5192546583850932,0.3279503105590062,0.2075885300000028,-0.9269999999999924,0.093999999999994,0.7980000000000018,NOT_ISSUED,957026d0fdecd88e4af9bada85c293064350365f4d7b62e86e59c3f8eb0231f7,0.15279503105590062,0.1344155844155844,0.18514285714285716,0.05072727272727276,0.1527950310559006,0.1133333333333333,0.2036199095022624,0.09028657616892909,0.1133333333333333,0.2036199095022624,0.09028657616892909,CROSS_YEAR_LOYO,0.1133333333333333,0.2036199095022624,0.1527950310559006,COMPLETION_FEASIBLE_UNDER_SCENARIO,REPORT_CENTRAL_PLUS_SENSITIVITY_ENVELOPE;NOT_CONFIDENCE_INTERVAL,False
233.0,1.0,234.0,AT_OR_ABOVE_BASELINE_MEDIAN,45.0,WAIT_05MIN,1.0,0.0,0.0434782608695652,0.0434782608695652,0.6720496894409937,0.6285714285714286,0.3279503105590062,0.2075885300000028,-0.9269999999999924,0.093999999999994,0.7980000000000018,NOT_ISSUED,957026d0fdecd88e4af9bada85c293064350365f4d7b62e86e59c3f8eb0231f7,0.043478260869565216,0.022727272727272728,0.08,0.057272727272727274,0.0434782608695652,0.0588235294117647,0.0666666666666666,0.007843137254901898,0.022727272727272728,0.08,0.057272727272727274,RECOVERY_PRIOR,0.022727272727272728,0.08,0.0434782608695652,COMPLETION_FEASIBLE_UNDER_SCENARIO,REPORT_CENTRAL_PLUS_SENSITIVITY_ENVELOPE;NOT_CONFIDENCE_INTERVAL,False
233.0,0.1,233.1,AT_OR_ABOVE_BASELINE_MEDIAN,45.0,WAIT_15MIN,1.0,0.0,0.4807453416149068,0.4807453416149068,0.6720496894409937,0.1913043478260869,0.3279503105590062,0.2083609400000027,-0.9269999999999924,0.093999999999994,0.7980000000000018,NOT_ISSUED,957026d0fdecd88e4af9bada85c293064350365f4d7b62e86e59c3f8eb0231f7,0.4807453416149068,0.46948051948051944,0.5005714285714286,0.031090909090909113,0.4807453416149068,0.453125,0.5333333333333333,0.08020833333333333,0.453125,0.5333333333333333,0.08020833333333333,CROSS_YEAR_LOYO,0.453125,0.5333333333333333,0.4807453416149068,COMPLETION_FEASIBLE_UNDER_SCENARIO,REPORT_CENTRAL_PLUS_SENSITIVITY_ENVELOPE;NOT_CONFIDENCE_INTERVAL,False
233.0,0.25,233.25,AT_OR_ABOVE_BASELINE_MEDIAN,45.0,WAIT_15MIN,1.0,0.0,0.3167701863354037,0.3167701863354037,0.6720496894409937,0.35527950310559,0.3279503105590062,0.2083609400000027,-0.9269999999999924,0.093999999999994,0.7980000000000018,NOT_ISSUED,957026d0fdecd88e4af9bada85c293064350365f4d7b62e86e59c3f8eb0231f7,0.31677018633540377,0.3019480519480519,0.34285714285714286,0.04090909090909095,0.3167701863354037,0.296875,0.3933333333333333,0.09645833333333331,0.296875,0.3933333333333333,0.09645833333333331,CROSS_YEAR_LOYO,0.296875,0.3933333333333333,0.3167701863354037,COMPLETION_FEASIBLE_UNDER_SCENARIO,REPORT_CENTRAL_PLUS_SENSITIVITY_ENVELOPE;NOT_CONFIDENCE_INTERVAL,False
233.0,0.5,233.5,AT_OR_ABOVE_BASELINE_MEDIAN,45.0,WAIT_15MIN,1.0,0.0,0.1527950310559006,0.1527950310559006,0.6720496894409937,0.5192546583850932,0.3279503105590062,0.2083609400000027,-0.9269999999999924,0.093999999999994,0.7980000000000018,NOT_ISSUED,957026d0fdecd88e4af9bada85c293064350365f4d7b62e86e59c3f8eb0231f7,0.15279503105590062,0.1344155844155844,0.18514285714285716,0.05072727272727276,0.1527950310559006,0.1133333333333333,0.2036199095022624,0.09028657616892909,0.1133333333333333,0.2036199095022624,0.09028657616892909,CROSS_YEAR_LOYO,0.1133333333333333,0.2036199095022624,0.1527950310559006,COMPLETION_FEASIBLE_UNDER_SCENARIO,REPORT_CENTRAL_PLUS_SENSITIVITY_ENVELOPE;NOT_CONFIDENCE_INTERVAL,False
233.0,1.0,234.0,AT_OR_ABOVE_BASELINE_MEDIAN,45.0,WAIT_15MIN,1.0,0.0,0.0434782608695652,0.0434782608695652,0.6720496894409937,0.6285714285714286,0.3279503105590062,0.2083609400000027,-0.9269999999999924,0.093999999999994,0.7980000000000018,NOT_ISSUED,957026d0fdecd88e4af9bada85c293064350365f4d7b62e86e59c3f8eb0231f7,0.043478260869565216,0.022727272727272728,0.08,0.057272727272727274,0.0434782608695652,0.0588235294117647,0.0666666666666666,0.007843137254901898,0.022727272727272728,0.08,0.057272727272727274,RECOVERY_PRIOR,0.022727272727272728,0.08,0.0434782608695652,COMPLETION_FEASIBLE_UNDER_SCENARIO,REPORT_CENTRAL_PLUS_SENSITIVITY_ENVELOPE;NOT_CONFIDENCE_INTERVAL,False
233.0,0.1,233.1,AT_OR_ABOVE_BASELINE_MEDIAN,45.0,WAIT_30MIN,1.0,0.0,0.4807453416149068,0.4807453416149068,0.6720496894409937,0.1913043478260869,0.3279503105590062,0.2075415600000028,-0.9269999999999924,0.093999999999994,0.7980000000000018,NOT_ISSUED,957026d0fdecd88e4af9bada85c293064350365f4d7b62e86e59c3f8eb0231f7,0.4807453416149068,0.46948051948051944,0.5005714285714286,0.031090909090909113,0.4807453416149068,0.453125,0.5333333333333333,0.08020833333333333,0.453125,0.5333333333333333,0.08020833333333333,CROSS_YEAR_LOYO,0.453125,0.5333333333333333,0.4807453416149068,COMPLETION_FEASIBLE_UNDER_SCENARIO,REPORT_CENTRAL_PLUS_SENSITIVITY_ENVELOPE;NOT_CONFIDENCE_INTERVAL,False
233.0,0.25,233.25,AT_OR_ABOVE_BASELINE_MEDIAN,45.0,WAIT_30MIN,1.0,0.0,0.3167701863354037,0.3167701863354037,0.6720496894409937,0.35527950310559,0.3279503105590062,0.2075415600000028,-0.9269999999999924,0.093999999999994,0.7980000000000018,NOT_ISSUED,957026d0fdecd88e4af9bada85c293064350365f4d7b62e86e59c3f8eb0231f7,0.31677018633540377,0.3019480519480519,0.34285714285714286,0.04090909090909095,0.3167701863354037,0.296875,0.3933333333333333,0.09645833333333331,0.296875,0.3933333333333333,0.09645833333333331,CROSS_YEAR_LOYO,0.296875,0.3933333333333333,0.3167701863354037,COMPLETION_FEASIBLE_UNDER_SCENARIO,REPORT_CENTRAL_PLUS_SENSITIVITY_ENVELOPE;NOT_CONFIDENCE_INTERVAL,False
233.0,0.5,233.5,AT_OR_ABOVE_BASELINE_MEDIAN,45.0,WAIT_30MIN,1.0,0.0,0.1527950310559006,0.1527950310559006,0.6720496894409937,0.5192546583850932,0.3279503105590062,0.2075415600000028,-0.9269999999999924,0.093999999999994,0.7980000000000018,NOT_ISSUED,957026d0fdecd88e4af9bada85c293064350365f4d7b62e86e59c3f8eb0231f7,0.15279503105590062,0.1344155844155844,0.18514285714285716,0.05072727272727276,0.1527950310559006,0.1133333333333333,0.2036199095022624,0.09028657616892909,0.1133333333333333,0.2036199095022624,0.09028657616892909,CROSS_YEAR_LOYO,0.1133333333333333,0.2036199095022624,0.1527950310559006,COMPLETION_FEASIBLE_UNDER_SCENARIO,REPORT_CENTRAL_PLUS_SENSITIVITY_ENVELOPE;NOT_CONFIDENCE_INTERVAL,False
233.0,1.0,234.0,AT_OR_ABOVE_BASELINE_MEDIAN,45.0,WAIT_30MIN,1.0,0.0,0.0434782608695652,0.0434782608695652,0.6720496894409937,0.6285714285714286,0.3279503105590062,0.2075415600000028,-0.9269999999999924,0.093999999999994,0.7980000000000018,NOT_ISSUED,957026d0fdecd88e4af9bada85c293064350365f4d7b62e86e59c3f8eb0231f7,0.043478260869565216,0.022727272727272728,0.08,0.057272727272727274,0.0434782608695652,0.0588235294117647,0.0666666666666666,0.007843137254901898,0.022727272727272728,0.08,0.057272727272727274,RECOVERY_PRIOR,0.022727272727272728,0.08,0.0434782608695652,COMPLETION_FEASIBLE_UNDER_SCENARIO,REPORT_CENTRAL_PLUS_SENSITIVITY_ENVELOPE;NOT_CONFIDENCE_INTERVAL,False
233.0,0.1,233.1,AT_OR_ABOVE_BASELINE_MEDIAN,45.0,WAIT_45MIN,0.0,1.0,0.4807453416149068,0.0,0.6720496894409937,0.1913043478260869,0.3279503105590062,,,,,NOT_ISSUED,957026d0fdecd88e4af9bada85c293064350365f4d7b62e86e59c3f8eb0231f7,0.4807453416149068,0.46948051948051944,0.5005714285714286,0.031090909090909113,0.4807453416149068,0.453125,0.5333333333333333,0.08020833333333333,0.453125,0.5333333333333333,0.08020833333333333,CROSS_YEAR_LOYO,0.0,0.0,0.0,CUTOFF_BLOCKED,REPORT_CENTRAL_PLUS_SENSITIVITY_ENVELOPE;NOT_CONFIDENCE_INTERVAL,False
233.0,0.25,233.25,AT_OR_ABOVE_BASELINE_MEDIAN,45.0,WAIT_45MIN,0.0,1.0,0.3167701863354037,0.0,0.6720496894409937,0.35527950310559,0.3279503105590062,,,,,NOT_ISSUED,957026d0fdecd88e4af9bada85c293064350365f4d7b62e86e59c3f8eb0231f7,0.31677018633540377,0.3019480519480519,0.34285714285714286,0.04090909090909095,0.3167701863354037,0.296875,0.3933333333333333,0.09645833333333331,0.296875,0.3933333333333333,0.09645833333333331,CROSS_YEAR_LOYO,0.0,0.0,0.0,CUTOFF_BLOCKED,REPORT_CENTRAL_PLUS_SENSITIVITY_ENVELOPE;NOT_CONFIDENCE_INTERVAL,False
233.0,0.5,233.5,AT_OR_ABOVE_BASELINE_MEDIAN,45.0,WAIT_45MIN,0.0,1.0,0.1527950310559006,0.0,0.6720496894409937,0.5192546583850932,0.3279503105590062,,,,,NOT_ISSUED,957026d0fdecd88e4af9bada85c293064350365f4d7b62e86e59c3f8eb0231f7,0.15279503105590062,0.1344155844155844,0.18514285714285716,0.05072727272727276,0.1527950310559006,0.1133333333333333,0.2036199095022624,0.09028657616892909,0.1133333333333333,0.2036199095022624,0.09028657616892909,CROSS_YEAR_LOYO,0.0,0.0,0.0,CUTOFF_BLOCKED,REPORT_CENTRAL_PLUS_SENSITIVITY_ENVELOPE;NOT_CONFIDENCE_INTERVAL,False
233.0,1.0,234.0,AT_OR_ABOVE_BASELINE_MEDIAN,45.0,WAIT_45MIN,0.0,1.0,0.0434782608695652,0.0,0.6720496894409937,0.6285714285714286,0.3279503105590062,,,,,NOT_ISSUED,957026d0fdecd88e4af9bada85c293064350365f4d7b62e86e59c3f8eb0231f7,0.043478260869565216,0.022727272727272728,0.08,0.057272727272727274,0.0434782608695652,0.0588235294117647,0.0666666666666666,0.007843137254901898,0.022727272727272728,0.08,0.057272727272727274,RECOVERY_PRIOR,0.0,0.0,0.0,CUTOFF_BLOCKED,REPORT_CENTRAL_PLUS_SENSITIVITY_ENVELOPE;NOT_CONFIDENCE_INTERVAL,False
233.0,0.1,233.1,AT_OR_ABOVE_BASELINE_MEDIAN,60.0,WAIT_05MIN,1.0,0.0,0.4807453416149068,0.4807453416149068,0.6720496894409937,0.1913043478260869,0.3279503105590062,0.2098870200000027,-0.9269999999999924,0.093999999999994,0.7980000000000018,NOT_ISSUED,957026d0fdecd88e4af9bada85c293064350365f4d7b62e86e59c3f8eb0231f7,0.4807453416149068,0.46948051948051944,0.5005714285714286,0.031090909090909113,0.4807453416149068,0.453125,0.5333333333333333,0.08020833333333333,0.453125,0.5333333333333333,0.08020833333333333,CROSS_YEAR_LOYO,0.453125,0.5333333333333333,0.4807453416149068,COMPLETION_FEASIBLE_UNDER_SCENARIO,REPORT_CENTRAL_PLUS_SENSITIVITY_ENVELOPE;NOT_CONFIDENCE_INTERVAL,False
233.0,0.25,233.25,AT_OR_ABOVE_BASELINE_MEDIAN,60.0,WAIT_05MIN,1.0,0.0,0.3167701863354037,0.3167701863354037,0.6720496894409937,0.35527950310559,0.3279503105590062,0.2098870200000027,-0.9269999999999924,0.093999999999994,0.7980000000000018,NOT_ISSUED,957026d0fdecd88e4af9bada85c293064350365f4d7b62e86e59c3f8eb0231f7,0.31677018633540377,0.3019480519480519,0.34285714285714286,0.04090909090909095,0.3167701863354037,0.296875,0.3933333333333333,0.09645833333333331,0.296875,0.3933333333333333,0.09645833333333331,CROSS_YEAR_LOYO,0.296875,0.3933333333333333,0.3167701863354037,COMPLETION_FEASIBLE_UNDER_SCENARIO,REPORT_CENTRAL_PLUS_SENSITIVITY_ENVELOPE;NOT_CONFIDENCE_INTERVAL,False
233.0,0.5,233.5,AT_OR_ABOVE_BASELINE_MEDIAN,60.0,WAIT_05MIN,1.0,0.0,0.1527950310559006,0.1527950310559006,0.6720496894409937,0.5192546583850932,0.3279503105590062,0.2098870200000027,-0.9269999999999924,0.093999999999994,0.7980000000000018,NOT_ISSUED,957026d0fdecd88e4af9bada85c293064350365f4d7b62e86e59c3f8eb0231f7,0.15279503105590062,0.1344155844155844,0.18514285714285716,0.05072727272727276,0.1527950310559006,0.1133333333333333,0.2036199095022624,0.09028657616892909,0.1133333333333333,0.2036199095022624,0.09028657616892909,CROSS_YEAR_LOYO,0.1133333333333333,0.2036199095022624,0.1527950310559006,COMPLETION_FEASIBLE_UNDER_SCENARIO,REPORT_CENTRAL_PLUS_SENSITIVITY_ENVELOPE;NOT_CONFIDENCE_INTERVAL,False
233.0,1.0,234.0,AT_OR_ABOVE_BASELINE_MEDIAN,60.0,WAIT_05MIN,1.0,0.0,0.0434782608695652,0.0434782608695652,0.6720496894409937,0.6285714285714286,0.3279503105590062,0.2098870200000027,-0.9269999999999924,0.093999999999994,0.7980000000000018,NOT_ISSUED,957026d0fdecd88e4af9bada85c293064350365f4d7b62e86e59c3f8eb0231f7,0.043478260869565216,0.022727272727272728,0.08,0.057272727272727274,0.0434782608695652,0.0588235294117647,0.0666666666666666,0.007843137254901898,0.022727272727272728,0.08,0.057272727272727274,RECOVERY_PRIOR,0.022727272727272728,0.08,0.0434782608695652,COMPLETION_FEASIBLE_UNDER_SCENARIO,REPORT_CENTRAL_PLUS_SENSITIVITY_ENVELOPE;NOT_CONFIDENCE_INTERVAL,False
233.0,0.1,233.1,AT_OR_ABOVE_BASELINE_MEDIAN,60.0,WAIT_15MIN,1.0,0.0,0.4807453416149068,0.4807453416149068,0.6720496894409937,0.1913043478260869,0.3279503105590062,0.2062436700000028,-0.9269999999999924,0.093999999999994,0.7980000000000018,NOT_ISSUED,957026d0fdecd88e4af9bada85c293064350365f4d7b62e86e59c3f8eb0231f7,0.4807453416149068,0.46948051948051944,0.5005714285714286,0.031090909090909113,0.4807453416149068,0.453125,0.5333333333333333,0.08020833333333333,0.453125,0.5333333333333333,0.08020833333333333,CROSS_YEAR_LOYO,0.453125,0.5333333333333333,0.4807453416149068,COMPLETION_FEASIBLE_UNDER_SCENARIO,REPORT_CENTRAL_PLUS_SENSITIVITY_ENVELOPE;NOT_CONFIDENCE_INTERVAL,False
233.0,0.25,233.25,AT_OR_ABOVE_BASELINE_MEDIAN,60.0,WAIT_15MIN,1.0,0.0,0.3167701863354037,0.3167701863354037,0.6720496894409937,0.35527950310559,0.3279503105590062,0.2062436700000028,-0.9269999999999924,0.093999999999994,0.7980000000000018,NOT_ISSUED,957026d0fdecd88e4af9bada85c293064350365f4d7b62e86e59c3f8eb0231f7,0.31677018633540377,0.3019480519480519,0.34285714285714286,0.04090909090909095,0.3167701863354037,0.296875,0.3933333333333333,0.09645833333333331,0.296875,0.3933333333333333,0.09645833333333331,CROSS_YEAR_LOYO,0.296875,0.3933333333333333,0.3167701863354037,COMPLETION_FEASIBLE_UNDER_SCENARIO,REPORT_CENTRAL_PLUS_SENSITIVITY_ENVELOPE;NOT_CONFIDENCE_INTERVAL,False
233.0,0.5,233.5,AT_OR_ABOVE_BASELINE_MEDIAN,60.0,WAIT_15MIN,1.0,0.0,0.1527950310559006,0.1527950310559006,0.6720496894409937,0.5192546583850932,0.3279503105590062,0.2062436700000028,-0.9269999999999924,0.093999999999994,0.7980000000000018,NOT_ISSUED,957026d0fdecd88e4af9bada85c293064350365f4d7b62e86e59c3f8eb0231f7,0.15279503105590062,0.1344155844155844,0.18514285714285716,0.05072727272727276,0.1527950310559006,0.1133333333333333,0.2036199095022624,0.09028657616892909,0.1133333333333333,0.2036199095022624,0.09028657616892909,CROSS_YEAR_LOYO,0.1133333333333333,0.2036199095022624,0.1527950310559006,COMPLETION_FEASIBLE_UNDER_SCENARIO,REPORT_CENTRAL_PLUS_SENSITIVITY_ENVELOPE;NOT_CONFIDENCE_INTERVAL,False
233.0,1.0,234.0,AT_OR_ABOVE_BASELINE_MEDIAN,60.0,WAIT_15MIN,1.0,0.0,0.0434782608695652,0.0434782608695652,0.6720496894409937,0.6285714285714286,0.3279503105590062,0.2062436700000028,-0.9269999999999924,0.093999999999994,0.7980000000000018,NOT_ISSUED,957026d0fdecd88e4af9bada85c293064350365f4d7b62e86e59c3f8eb0231f7,0.043478260869565216,0.022727272727272728,0.08,0.057272727272727274,0.0434782608695652,0.0588235294117647,0.0666666666666666,0.007843137254901898,0.022727272727272728,0.08,0.057272727272727274,RECOVERY_PRIOR,0.022727272727272728,0.08,0.0434782608695652,COMPLETION_FEASIBLE_UNDER_SCENARIO,REPORT_CENTRAL_PLUS_SENSITIVITY_ENVELOPE;NOT_CONFIDENCE_INTERVAL,False
233.0,0.1,233.1,AT_OR_ABOVE_BASELINE_MEDIAN,60.0,WAIT_30MIN,1.0,0.0,0.4807453416149068,0.4807453416149068,0.6720496894409937,0.1913043478260869,0.3279503105590062,0.2042983700000027,-0.9269999999999924,0.093999999999994,0.7980000000000018,NOT_ISSUED,957026d0fdecd88e4af9bada85c293064350365f4d7b62e86e59c3f8eb0231f7,0.4807453416149068,0.46948051948051944,0.5005714285714286,0.031090909090909113,0.4807453416149068,0.453125,0.5333333333333333,0.08020833333333333,0.453125,0.5333333333333333,0.08020833333333333,CROSS_YEAR_LOYO,0.453125,0.5333333333333333,0.4807453416149068,COMPLETION_FEASIBLE_UNDER_SCENARIO,REPORT_CENTRAL_PLUS_SENSITIVITY_ENVELOPE;NOT_CONFIDENCE_INTERVAL,False
233.0,0.25,233.25,AT_OR_ABOVE_BASELINE_MEDIAN,60.0,WAIT_30MIN,1.0,0.0,0.3167701863354037,0.3167701863354037,0.6720496894409937,0.35527950310559,0.3279503105590062,0.2042983700000027,-0.9269999999999924,0.093999999999994,0.7980000000000018,NOT_ISSUED,957026d0fdecd88e4af9bada85c293064350365f4d7b62e86e59c3f8eb0231f7,0.31677018633540377,0.3019480519480519,0.34285714285714286,0.04090909090909095,0.3167701863354037,0.296875,0.3933333333333333,0.09645833333333331,0.296875,0.3933333333333333,0.09645833333333331,CROSS_YEAR_LOYO,0.296875,0.3933333333333333,0.3167701863354037,COMPLETION_FEASIBLE_UNDER_SCENARIO,REPORT_CENTRAL_PLUS_SENSITIVITY_ENVELOPE;NOT_CONFIDENCE_INTERVAL,False
233.0,0.5,233.5,AT_OR_ABOVE_BASELINE_MEDIAN,60.0,WAIT_30MIN,1.0,0.0,0.1527950310559006,0.1527950310559006,0.6720496894409937,0.5192546583850932,0.3279503105590062,0.2042983700000027,-0.9269999999999924,0.093999999999994,0.7980000000000018,NOT_ISSUED,957026d0fdecd88e4af9bada85c293064350365f4d7b62e86e59c3f8eb0231f7,0.15279503105590062,0.1344155844155844,0.18514285714285716,0.05072727272727276,0.1527950310559006,0.1133333333333333,0.2036199095022624,0.09028657616892909,0.1133333333333333,0.2036199095022624,0.09028657616892909,CROSS_YEAR_LOYO,0.1133333333333333,0.2036199095022624,0.1527950310559006,COMPLETION_FEASIBLE_UNDER_SCENARIO,REPORT_CENTRAL_PLUS_SENSITIVITY_ENVELOPE;NOT_CONFIDENCE_INTERVAL,False
233.0,1.0,234.0,AT_OR_ABOVE_BASELINE_MEDIAN,60.0,WAIT_30MIN,1.0,0.0,0.0434782608695652,0.0434782608695652,0.6720496894409937,0.6285714285714286,0.3279503105590062,0.2042983700000027,-0.9269999999999924,0.093999999999994,0.7980000000000018,NOT_ISSUED,957026d0fdecd88e4af9bada85c293064350365f4d7b62e86e59c3f8eb0231f7,0.043478260869565216,0.022727272727272728,0.08,0.057272727272727274,0.0434782608695652,0.0588235294117647,0.0666666666666666,0.007843137254901898,0.022727272727272728,0.08,0.057272727272727274,RECOVERY_PRIOR,0.022727272727272728,0.08,0.0434782608695652,COMPLETION_FEASIBLE_UNDER_SCENARIO,REPORT_CENTRAL_PLUS_SENSITIVITY_ENVELOPE;NOT_CONFIDENCE_INTERVAL,False
233.0,0.1,233.1,AT_OR_ABOVE_BASELINE_MEDIAN,60.0,WAIT_45MIN,1.0,0.0,0.4807453416149068,0.4807453416149068,0.6720496894409937,0.1913043478260869,0.3279503105590062,0.2105215400000027,-0.9269999999999924,0.093999999999994,0.7980000000000018,NOT_ISSUED,957026d0fdecd88e4af9bada85c293064350365f4d7b62e86e59c3f8eb0231f7,0.4807453416149068,0.46948051948051944,0.5005714285714286,0.031090909090909113,0.4807453416149068,0.453125,0.5333333333333333,0.08020833333333333,0.453125,0.5333333333333333,0.08020833333333333,CROSS_YEAR_LOYO,0.453125,0.5333333333333333,0.4807453416149068,COMPLETION_FEASIBLE_UNDER_SCENARIO,REPORT_CENTRAL_PLUS_SENSITIVITY_ENVELOPE;NOT_CONFIDENCE_INTERVAL,False
233.0,0.25,233.25,AT_OR_ABOVE_BASELINE_MEDIAN,60.0,WAIT_45MIN,1.0,0.0,0.3167701863354037,0.3167701863354037,0.6720496894409937,0.35527950310559,0.3279503105590062,0.2105215400000027,-0.9269999999999924,0.093999999999994,0.7980000000000018,NOT_ISSUED,957026d0fdecd88e4af9bada85c293064350365f4d7b62e86e59c3f8eb0231f7,0.31677018633540377,0.3019480519480519,0.34285714285714286,0.04090909090909095,0.3167701863354037,0.296875,0.3933333333333333,0.09645833333333331,0.296875,0.3933333333333333,0.09645833333333331,CROSS_YEAR_LOYO,0.296875,0.3933333333333333,0.3167701863354037,COMPLETION_FEASIBLE_UNDER_SCENARIO,REPORT_CENTRAL_PLUS_SENSITIVITY_ENVELOPE;NOT_CONFIDENCE_INTERVAL,False
233.0,0.5,233.5,AT_OR_ABOVE_BASELINE_MEDIAN,60.0,WAIT_45MIN,1.0,0.0,0.1527950310559006,0.1527950310559006,0.6720496894409937,0.5192546583850932,0.3279503105590062,0.2105215400000027,-0.9269999999999924,0.093999999999994,0.7980000000000018,NOT_ISSUED,957026d0fdecd88e4af9bada85c293064350365f4d7b62e86e59c3f8eb0231f7,0.15279503105590062,0.1344155844155844,0.18514285714285716,0.05072727272727276,0.1527950310559006,0.1133333333333333,0.2036199095022624,0.09028657616892909,0.1133333333333333,0.2036199095022624,0.09028657616892909,CROSS_YEAR_LOYO,0.1133333333333333,0.2036199095022624,0.1527950310559006,COMPLETION_FEASIBLE_UNDER_SCENARIO,REPORT_CENTRAL_PLUS_SENSITIVITY_ENVELOPE;NOT_CONFIDENCE_INTERVAL,False
233.0,1.0,234.0,AT_OR_ABOVE_BASELINE_MEDIAN,60.0,WAIT_45MIN,1.0,0.0,0.0434782608695652,0.0434782608695652,0.6720496894409937,0.6285714285714286,0.3279503105590062,0.2105215400000027,-0.9269999999999924,0.093999999999994,0.7980000000000018,NOT_ISSUED,957026d0fdecd88e4af9bada85c293064350365f4d7b62e86e59c3f8eb0231f7,0.043478260869565216,0.022727272727272728,0.08,0.057272727272727274,0.0434782608695652,0.0588235294117647,0.0666666666666666,0.007843137254901898,0.022727272727272728,0.08,0.057272727272727274,RECOVERY_PRIOR,0.022727272727272728,0.08,0.0434782608695652,COMPLETION_FEASIBLE_UNDER_SCENARIO,REPORT_CENTRAL_PLUS_SENSITIVITY_ENVELOPE;NOT_CONFIDENCE_INTERVAL,False
