attempt_id,session_id,car_number,driver_name,car_attempt_index,performance_time_utc,performance_timing_source,timing_class,timing_basis,forecast_selection_class,availability_lag_minutes,availability_policy_id,availability_policy_hash,selected_issue_time_utc,selected_issue_age_minutes,before_forecast_snapshot_id,after_forecast_snapshot_id,before_valid_time_utc,after_valid_time_utc,before_forecast_lead_hours,after_forecast_lead_hours,before_valid_offset_minutes,after_valid_offset_minutes,interpolation_weight_after,forecast_available_before_target,forecast_available_after_target,leakage_safe,performance_alignment_usable,decision_state_usable,chronology_usable,semantic_note,forecast_DPT_2m,forecast_DPT_2m_before,forecast_DPT_2m_after,forecast_DPT_2m_interpolation_method,forecast_DSWRF_surface,forecast_DSWRF_surface_before,forecast_DSWRF_surface_after,forecast_DSWRF_surface_interpolation_method,forecast_GUST_surface,forecast_GUST_surface_before,forecast_GUST_surface_after,forecast_GUST_surface_interpolation_method,forecast_PRES_surface,forecast_PRES_surface_before,forecast_PRES_surface_after,forecast_PRES_surface_interpolation_method,forecast_TCDC_atmosphere,forecast_TCDC_atmosphere_before,forecast_TCDC_atmosphere_after,forecast_TCDC_atmosphere_interpolation_method,forecast_TMP_2m,forecast_TMP_2m_before,forecast_TMP_2m_after,forecast_TMP_2m_interpolation_method,forecast_UGRD_10m,forecast_UGRD_10m_before,forecast_UGRD_10m_after,forecast_UGRD_10m_interpolation_method,forecast_VGRD_10m,forecast_VGRD_10m_before,forecast_VGRD_10m_after,forecast_VGRD_10m_interpolation_method,forecast_cloud_cover_pct,forecast_cloud_cover_pct_before,forecast_cloud_cover_pct_after,forecast_cloud_cover_pct_interpolation_method,forecast_dewpoint_c,forecast_dewpoint_c_before,forecast_dewpoint_c_after,forecast_dewpoint_c_interpolation_method,forecast_gust_ms,forecast_gust_ms_before,forecast_gust_ms_after,forecast_gust_ms_interpolation_method,forecast_pressure_hpa,forecast_pressure_hpa_before,forecast_pressure_hpa_after,forecast_pressure_hpa_interpolation_method,forecast_relative_humidity_pct,forecast_relative_humidity_pct_before,forecast_relative_humidity_pct_after,forecast_relative_humidity_pct_interpolation_method,forecast_shortwave_radiation_wm2,forecast_shortwave_radiation_wm2_before,forecast_shortwave_radiation_wm2_after,forecast_shortwave_radiation_wm2_interpolation_method,forecast_temp_c,forecast_temp_c_before,forecast_temp_c_after,forecast_temp_c_interpolation_method,forecast_wind_direction_deg,forecast_wind_direction_deg_before,forecast_wind_direction_deg_after,forecast_wind_direction_deg_interpolation_method,forecast_wind_speed_10m_ms,forecast_wind_speed_10m_ms_before,forecast_wind_speed_10m_ms_after,forecast_wind_speed_10m_ms_interpolation_method
16cb7863-a6d0-5895-93e4-a76ac2c6c71f,INDY500_DAY1_2020,15,Graham Rahal,1.0,2020-08-15T15:00:45Z,PERFORMANCE_GRADE_2020_2021_2023,PERFORMANCE_GRADE_SEQUENCE_MATCH,WITHIN_CAR_SEQUENCE_COUNT_MATCH,LATEST_AVAILABLE_ISSUE_SAME_CYCLE_VALID_TIME_INTERPOLATION,90,HRRR_CONSERVATIVE_FIXED_LAG_V1,7fa0a02223a77db591539cf42bdd4e9461df15bf4a9de77dfd5360c3deac89c6,2020-08-15T13:00:00Z,120.75,839bec70-f1c1-5169-88d6-a81c795b3fdd,0bb6ba04-bd88-5607-b794-787f772834dd,2020-08-15T15:00:00Z,2020-08-15T16:00:00Z,2.0,3.0,-0.75,59.25,0.0125,True,True,True,True,False,False,HRRR forecast interpolated at an approximate performance timestamp. Not a retain/withdraw decision-state timestamp. Both bracketing forecasts come from the latest policy-available issue cycle.,292.4118171691895,292.4159240722656,292.0873718261719,LINEAR,683.1475,681.4000000000001,821.2,LINEAR,1.887120992038399,1.8915585055947304,1.536557421088219,LINEAR,98808.5,98810.0,98690.0,LINEAR,0.0,0.0,0.0,LINEAR,298.6050968170166,298.58624267578125,300.0945739746094,LINEAR,0.3889517784118652,0.3951930999755859,-0.1041126251220703,LINEAR,-0.5163923740386963,-0.5146312713623047,-0.6555194854736328,LINEAR,0.0,0.0,0.0,LINEAR,19.261817169189477,19.265924072265648,18.937371826171898,LINEAR,1.887120992038399,1.8915585055947304,1.536557421088219,LINEAR,988.085,988.1,986.9,LINEAR,68.61784187502553,68.70700918116307,61.57362469015983,LINEAR,683.1475,681.4000000000001,821.2,LINEAR,25.455096817016624,25.436242675781273,26.9445739746094,LINEAR,323.0606214500075,322.4787989254802,9.024600887663848,CIRCULAR_SHORTEST_ARC,0.6490487115754121,0.6488627988506472,0.6637358168318364,LINEAR
a6295479-1996-5baa-b116-ab56a03c118d,INDY500_DAY1_2020,41,Dalton Kellett,1.0,2020-08-15T15:11:35Z,PERFORMANCE_GRADE_2020_2021_2023,PERFORMANCE_GRADE_SEQUENCE_MATCH,WITHIN_CAR_SEQUENCE_COUNT_MATCH,LATEST_AVAILABLE_ISSUE_SAME_CYCLE_VALID_TIME_INTERPOLATION,90,HRRR_CONSERVATIVE_FIXED_LAG_V1,7fa0a02223a77db591539cf42bdd4e9461df15bf4a9de77dfd5360c3deac89c6,2020-08-15T13:00:00Z,131.58333333333334,839bec70-f1c1-5169-88d6-a81c795b3fdd,0bb6ba04-bd88-5607-b794-787f772834dd,2020-08-15T15:00:00Z,2020-08-15T16:00:00Z,2.0,3.0,-11.583333333333334,48.416666666666664,0.19305555555555556,True,True,True,True,False,False,HRRR forecast interpolated at an approximate performance timestamp. Not a retain/withdraw decision-state timestamp. Both bracketing forecasts come from the latest policy-available issue cycle.,292.35249523586697,292.4159240722656,292.0873718261719,LINEAR,708.3891666666667,681.4000000000001,821.2,LINEAR,1.8230235740025011,1.8915585055947304,1.536557421088219,LINEAR,98786.83333333333,98810.0,98690.0,LINEAR,0.0,0.0,0.0,LINEAR,298.87743441263837,298.58624267578125,300.0945739746094,LINEAR,0.29879935582478834,0.3951930999755859,-0.1041126251220703,LINEAR,-0.5418305238087971,-0.5146312713623047,-0.6555194854736328,LINEAR,0.0,0.0,0.0,LINEAR,19.202495235866994,19.265924072265648,18.937371826171898,LINEAR,1.8230235740025011,1.8915585055947304,1.536557421088219,LINEAR,987.8683333333333,988.1,986.9,LINEAR,67.32986967526107,68.70700918116307,61.57362469015983,LINEAR,708.3891666666667,681.4000000000001,821.2,LINEAR,25.72743441263837,25.436242675781273,26.9445739746094,LINEAR,331.4647245820684,322.4787989254802,9.024600887663848,CIRCULAR_SHORTEST_ARC,0.6517341175997935,0.6488627988506472,0.6637358168318364,LINEAR
e132bf44-6808-5d6b-819c-a993af279439,INDY500_DAY1_2020,21,Rinus VeeKay,1.0,2020-08-15T15:16:35Z,PERFORMANCE_GRADE_2020_2021_2023,PERFORMANCE_GRADE_SEQUENCE_MATCH,WITHIN_CAR_SEQUENCE_COUNT_MATCH,LATEST_AVAILABLE_ISSUE_SAME_CYCLE_VALID_TIME_INTERPOLATION,90,HRRR_CONSERVATIVE_FIXED_LAG_V1,7fa0a02223a77db591539cf42bdd4e9461df15bf4a9de77dfd5360c3deac89c6,2020-08-15T13:00:00Z,136.58333333333334,839bec70-f1c1-5169-88d6-a81c795b3fdd,0bb6ba04-bd88-5607-b794-787f772834dd,2020-08-15T15:00:00Z,2020-08-15T16:00:00Z,2.0,3.0,-16.583333333333332,43.416666666666664,0.2763888888888889,True,True,True,True,False,False,HRRR forecast interpolated at an approximate performance timestamp. Not a retain/withdraw decision-state timestamp. Both bracketing forecasts come from the latest policy-available issue cycle.,292.32511588202584,292.4159240722656,292.0873718261719,LINEAR,720.0391666666667,681.4000000000001,821.2,LINEAR,1.793440150293625,1.8915585055947304,1.536557421088219,LINEAR,98776.83333333333,98810.0,98690.0,LINEAR,0.0,0.0,0.0,LINEAR,299.0031286875407,298.58624267578125,300.0945739746094,LINEAR,0.25719054539998365,0.3951930999755859,-0.1041126251220703,LINEAR,-0.5535712083180746,-0.5146312713623047,-0.6555194854736328,LINEAR,0.0,0.0,0.0,LINEAR,19.175115882025846,19.265924072265648,18.937371826171898,LINEAR,1.793440150293625,1.8915585055947304,1.536557421088219,LINEAR,987.7683333333333,988.1,986.9,LINEAR,66.73542096767746,68.70700918116307,61.57362469015983,LINEAR,720.0391666666667,681.4000000000001,821.2,LINEAR,25.853128687540714,25.436242675781273,26.9445739746094,LINEAR,335.3435414122504,322.4787989254802,9.024600887663848,CIRCULAR_SHORTEST_ARC,0.6529735357648926,0.6488627988506472,0.6637358168318364,LINEAR
954d29f8-6770-5c41-9322-b23c885935ef,INDY500_DAY1_2020,60,Jack Harvey,1.0,2020-08-15T15:20:45Z,PERFORMANCE_GRADE_2020_2021_2023,PERFORMANCE_GRADE_SEQUENCE_MATCH,WITHIN_CAR_SEQUENCE_COUNT_MATCH,LATEST_AVAILABLE_ISSUE_SAME_CYCLE_VALID_TIME_INTERPOLATION,90,HRRR_CONSERVATIVE_FIXED_LAG_V1,7fa0a02223a77db591539cf42bdd4e9461df15bf4a9de77dfd5360c3deac89c6,2020-08-15T13:00:00Z,140.75,839bec70-f1c1-5169-88d6-a81c795b3fdd,0bb6ba04-bd88-5607-b794-787f772834dd,2020-08-15T15:00:00Z,2020-08-15T16:00:00Z,2.0,3.0,-20.75,39.25,0.3458333333333333,True,True,True,True,False,False,HRRR forecast interpolated at an approximate performance timestamp. Not a retain/withdraw decision-state timestamp. Both bracketing forecasts come from the latest policy-available issue cycle.,292.30229975382485,292.4159240722656,292.0873718261719,LINEAR,729.7475000000001,681.4000000000001,821.2,LINEAR,1.768787297202895,1.8915585055947304,1.536557421088219,LINEAR,98768.5,98810.0,98690.0,LINEAR,0.0,0.0,0.0,LINEAR,299.107873916626,298.58624267578125,300.0945739746094,LINEAR,0.22251653671264646,0.3951930999755859,-0.1041126251220703,LINEAR,-0.5633551120758057,-0.5146312713623047,-0.6555194854736328,LINEAR,0.0,0.0,0.0,LINEAR,19.15229975382489,19.265924072265648,18.937371826171898,LINEAR,1.768787297202895,1.8915585055947304,1.536557421088219,LINEAR,987.6850000000001,988.1,986.9,LINEAR,66.24004704469112,68.70700918116307,61.57362469015983,LINEAR,729.7475000000001,681.4000000000001,821.2,LINEAR,25.957873916626,25.436242675781273,26.9445739746094,LINEAR,338.5758887707354,322.4787989254802,9.024600887663848,CIRCULAR_SHORTEST_ARC,0.6540063842358085,0.6488627988506472,0.6637358168318364,LINEAR
25f997a4-1a33-565b-b2b0-1c30d3a0f19c,INDY500_DAY1_2020,9,Scott Dixon,1.0,2020-08-15T15:25:45Z,PERFORMANCE_GRADE_2020_2021_2023,PERFORMANCE_GRADE_SEQUENCE_MATCH,WITHIN_CAR_SEQUENCE_COUNT_MATCH,LATEST_AVAILABLE_ISSUE_SAME_CYCLE_VALID_TIME_INTERPOLATION,90,HRRR_CONSERVATIVE_FIXED_LAG_V1,7fa0a02223a77db591539cf42bdd4e9461df15bf4a9de77dfd5360c3deac89c6,2020-08-15T13:00:00Z,145.75,839bec70-f1c1-5169-88d6-a81c795b3fdd,0bb6ba04-bd88-5607-b794-787f772834dd,2020-08-15T15:00:00Z,2020-08-15T16:00:00Z,2.0,3.0,-25.75,34.25,0.42916666666666664,True,True,True,True,False,False,HRRR forecast interpolated at an approximate performance timestamp. Not a retain/withdraw decision-state timestamp. Both bracketing forecasts come from the latest policy-available issue cycle.,292.2749203999837,292.4159240722656,292.0873718261719,LINEAR,741.3975,681.4000000000001,821.2,LINEAR,1.7392038734940192,1.8915585055947304,1.536557421088219,LINEAR,98758.5,98810.0,98690.0,LINEAR,0.0,0.0,0.0,LINEAR,299.2335681915283,298.58624267578125,300.0945739746094,LINEAR,0.18090772628784177,0.3951930999755859,-0.1041126251220703,LINEAR,-0.575095796585083,-0.5146312713623047,-0.6555194854736328,LINEAR,0.0,0.0,0.0,LINEAR,19.124920399983747,19.265924072265648,18.937371826171898,LINEAR,1.7392038734940192,1.8915585055947304,1.536557421088219,LINEAR,987.585,988.1,986.9,LINEAR,65.64559833710751,68.70700918116307,61.57362469015983,LINEAR,741.3975,681.4000000000001,821.2,LINEAR,26.083568191528343,25.436242675781273,26.9445739746094,LINEAR,342.45470560091735,322.4787989254802,9.024600887663848,CIRCULAR_SHORTEST_ARC,0.6552458024009076,0.6488627988506472,0.6637358168318364,LINEAR
e2df4919-a45f-5b41-916e-55908e4f1abb,INDY500_DAY1_2020,45,Spencer Pigot,1.0,2020-08-15T15:29:55Z,PERFORMANCE_GRADE_2020_2021_2023,PERFORMANCE_GRADE_SEQUENCE_MATCH,WITHIN_CAR_SEQUENCE_COUNT_MATCH,LATEST_AVAILABLE_ISSUE_SAME_CYCLE_VALID_TIME_INTERPOLATION,90,HRRR_CONSERVATIVE_FIXED_LAG_V1,7fa0a02223a77db591539cf42bdd4e9461df15bf4a9de77dfd5360c3deac89c6,2020-08-15T13:00:00Z,149.91666666666666,839bec70-f1c1-5169-88d6-a81c795b3fdd,0bb6ba04-bd88-5607-b794-787f772834dd,2020-08-15T15:00:00Z,2020-08-15T16:00:00Z,2.0,3.0,-29.916666666666668,30.083333333333332,0.4986111111111111,True,True,True,True,False,False,HRRR forecast interpolated at an approximate performance timestamp. Not a retain/withdraw decision-state timestamp. Both bracketing forecasts come from the latest policy-available issue cycle.,292.25210427178274,292.4159240722656,292.0873718261719,LINEAR,751.1058333333334,681.4000000000001,821.2,LINEAR,1.7145510204032892,1.8915585055947304,1.536557421088219,LINEAR,98750.16666666667,98810.0,98690.0,LINEAR,0.0,0.0,0.0,LINEAR,299.3383134206136,298.58624267578125,300.0945739746094,LINEAR,0.14623371760050452,0.3951930999755859,-0.1041126251220703,LINEAR,-0.5848797003428141,-0.5146312713623047,-0.6555194854736328,LINEAR,0.0,0.0,0.0,LINEAR,19.102104271782792,19.265924072265648,18.937371826171898,LINEAR,1.7145510204032892,1.8915585055947304,1.536557421088219,LINEAR,987.5016666666667,988.1,986.9,LINEAR,65.15022441412118,68.70700918116307,61.57362469015983,LINEAR,751.1058333333334,681.4000000000001,821.2,LINEAR,26.188313420613632,25.436242675781273,26.9445739746094,LINEAR,345.6870529594023,322.4787989254802,9.024600887663848,CIRCULAR_SHORTEST_ARC,0.6562786508718235,0.6488627988506472,0.6637358168318364,LINEAR
194c9baa-3297-571e-82bf-ac3ba81e07fc,INDY500_DAY1_2020,5,Pato O'Ward,1.0,2020-08-15T15:34:55Z,PERFORMANCE_GRADE_2020_2021_2023,PERFORMANCE_GRADE_SEQUENCE_MATCH,WITHIN_CAR_SEQUENCE_COUNT_MATCH,LATEST_AVAILABLE_ISSUE_SAME_CYCLE_VALID_TIME_INTERPOLATION,90,HRRR_CONSERVATIVE_FIXED_LAG_V1,7fa0a02223a77db591539cf42bdd4e9461df15bf4a9de77dfd5360c3deac89c6,2020-08-15T14:00:00Z,94.91666666666667,b64f2781-c6bc-5450-818e-4ba180d8cae3,bcf4cb70-3078-5db0-a63d-6eff547f92bb,2020-08-15T15:00:00Z,2020-08-15T16:00:00Z,1.0,2.0,-34.916666666666664,25.083333333333332,0.5819444444444445,True,True,True,True,False,False,HRRR forecast interpolated at an approximate performance timestamp. Not a retain/withdraw decision-state timestamp. Both bracketing forecasts come from the latest policy-available issue cycle.,293.1075783199734,293.4171447753906,292.88519287109375,LINEAR,762.0102777777778,689.5,814.1,LINEAR,2.3131063434554058,2.873952891677618,1.9102070331573489,LINEAR,98700.90277777778,98730.0,98680.0,LINEAR,0.0,0.0,0.0,LINEAR,299.61430146959094,298.697021484375,300.27325439453125,LINEAR,-0.15025515158971153,0.1957111358642578,-0.3987894058227539,LINEAR,-0.8538360569212172,-0.8174057006835938,-0.8800067901611328,LINEAR,0.0,0.0,0.0,LINEAR,19.95757831997344,20.267144775390648,19.735192871093773,LINEAR,2.3131063434554058,2.873952891677618,1.9102070331573489,LINEAR,987.0090277777778,987.3,986.8,LINEAR,67.62613474733031,72.62918547499571,64.03205773294539,LINEAR,762.0102777777778,689.5,814.1,LINEAR,26.46430146959095,25.547021484375023,27.123254394531273,LINEAR,8.557846009596119,346.5351712433054,24.378430984902803,CIRCULAR_SHORTEST_ARC,0.9136247043160302,0.8405087317876685,0.9661495437695788,LINEAR
00d1c34a-f916-5fa9-803b-2cc6962f2595,INDY500_DAY1_2020,1,Josef Newgarden,1.0,2020-08-15T15:39:55Z,PERFORMANCE_GRADE_2020_2021_2023,PERFORMANCE_GRADE_SEQUENCE_MATCH,WITHIN_CAR_SEQUENCE_COUNT_MATCH,LATEST_AVAILABLE_ISSUE_SAME_CYCLE_VALID_TIME_INTERPOLATION,90,HRRR_CONSERVATIVE_FIXED_LAG_V1,7fa0a02223a77db591539cf42bdd4e9461df15bf4a9de77dfd5360c3deac89c6,2020-08-15T14:00:00Z,99.91666666666667,b64f2781-c6bc-5450-818e-4ba180d8cae3,bcf4cb70-3078-5db0-a63d-6eff547f92bb,2020-08-15T15:00:00Z,2020-08-15T16:00:00Z,1.0,2.0,-39.916666666666664,20.083333333333332,0.6652777777777777,True,True,True,True,False,False,HRRR forecast interpolated at an approximate performance timestamp. Not a retain/withdraw decision-state timestamp. Both bracketing forecasts come from the latest policy-available issue cycle.,293.0632489946153,293.4171447753906,292.88519287109375,LINEAR,772.3936111111111,689.5,814.1,LINEAR,2.232794188578717,2.873952891677618,1.9102070331573489,LINEAR,98696.73611111111,98730.0,98680.0,LINEAR,0.0,0.0,0.0,LINEAR,299.74565421210394,298.697021484375,300.27325439453125,LINEAR,-0.19979686339696245,0.1957111358642578,-0.3987894058227539,LINEAR,-0.8590528143776788,-0.8174057006835938,-0.8800067901611328,LINEAR,0.0,0.0,0.0,LINEAR,19.913248994615365,20.267144775390648,19.735192871093773,LINEAR,2.232794188578717,2.873952891677618,1.9102070331573489,LINEAR,986.967361111111,987.3,986.8,LINEAR,66.90970743549279,72.62918547499571,64.03205773294539,LINEAR,772.3936111111111,689.5,814.1,LINEAR,26.595654212103973,25.547021484375023,27.123254394531273,LINEAR,11.711450988062552,346.5351712433054,24.378430984902803,CIRCULAR_SHORTEST_ARC,0.9240947719811894,0.8405087317876685,0.9661495437695788,LINEAR
3e1d9fad-3db2-5b32-b9c1-8802e1467bbe,INDY500_DAY1_2020,24,Sage Karam,1.0,2020-08-15T15:49:55Z,PERFORMANCE_GRADE_2020_2021_2023,PERFORMANCE_GRADE_SEQUENCE_MATCH,WITHIN_CAR_SEQUENCE_COUNT_MATCH,LATEST_AVAILABLE_ISSUE_SAME_CYCLE_VALID_TIME_INTERPOLATION,90,HRRR_CONSERVATIVE_FIXED_LAG_V1,7fa0a02223a77db591539cf42bdd4e9461df15bf4a9de77dfd5360c3deac89c6,2020-08-15T14:00:00Z,109.91666666666667,b64f2781-c6bc-5450-818e-4ba180d8cae3,bcf4cb70-3078-5db0-a63d-6eff547f92bb,2020-08-15T15:00:00Z,2020-08-15T16:00:00Z,1.0,2.0,-49.916666666666664,10.083333333333334,0.8319444444444445,True,True,True,True,False,False,HRRR forecast interpolated at an approximate performance timestamp. Not a retain/withdraw decision-state timestamp. Both bracketing forecasts come from the latest policy-available issue cycle.,292.9745903438992,293.4171447753906,292.88519287109375,LINEAR,793.1602777777778,689.5,814.1,LINEAR,2.0721698788253384,2.873952891677618,1.9102070331573489,LINEAR,98688.40277777778,98730.0,98680.0,LINEAR,0.0,0.0,0.0,LINEAR,300.00835969713,298.697021484375,300.27325439453125,LINEAR,-0.29888028701146446,0.1957111358642578,-0.3987894058227539,LINEAR,-0.869486329290602,-0.8174057006835938,-0.8800067901611328,LINEAR,0.0,0.0,0.0,LINEAR,19.82459034389922,20.267144775390648,19.735192871093773,LINEAR,2.0721698788253384,2.873952891677618,1.9102070331573489,LINEAR,986.8840277777778,987.3,986.8,LINEAR,65.47685281181774,72.62918547499571,64.03205773294539,LINEAR,793.1602777777778,689.5,814.1,LINEAR,26.858359697130012,25.547021484375023,27.123254394531273,LINEAR,18.018660944995474,346.5351712433054,24.378430984902803,CIRCULAR_SHORTEST_ARC,0.9450349073115079,0.8405087317876685,0.9661495437695788,LINEAR
81f0c457-15fb-5f7f-9649-8663a142764d,INDY500_DAY1_2020,27,Alexander Rossi,1.0,2020-08-15T15:54:05Z,PERFORMANCE_GRADE_2020_2021_2023,PERFORMANCE_GRADE_SEQUENCE_MATCH,WITHIN_CAR_SEQUENCE_COUNT_MATCH,LATEST_AVAILABLE_ISSUE_SAME_CYCLE_VALID_TIME_INTERPOLATION,90,HRRR_CONSERVATIVE_FIXED_LAG_V1,7fa0a02223a77db591539cf42bdd4e9461df15bf4a9de77dfd5360c3deac89c6,2020-08-15T14:00:00Z,114.08333333333333,b64f2781-c6bc-5450-818e-4ba180d8cae3,bcf4cb70-3078-5db0-a63d-6eff547f92bb,2020-08-15T15:00:00Z,2020-08-15T16:00:00Z,1.0,2.0,-54.083333333333336,5.916666666666667,0.9013888888888889,True,True,True,True,False,False,HRRR forecast interpolated at an approximate performance timestamp. Not a retain/withdraw decision-state timestamp. Both bracketing forecasts come from the latest policy-available issue cycle.,292.9376492394341,293.4171447753906,292.88519287109375,LINEAR,801.8130555555556,689.5,814.1,LINEAR,2.005243083094764,2.873952891677618,1.9102070331573489,LINEAR,98684.93055555556,98730.0,98680.0,LINEAR,0.0,0.0,0.0,LINEAR,300.11782031589087,298.697021484375,300.27325439453125,LINEAR,-0.34016504685084026,0.1957111358642578,-0.3987894058227539,LINEAR,-0.8738336271709866,-0.8174057006835938,-0.8800067901611328,LINEAR,0.0,0.0,0.0,LINEAR,19.78764923943416,20.267144775390648,19.735192871093773,LINEAR,2.005243083094764,2.873952891677618,1.9102070331573489,LINEAR,986.8493055555555,987.3,986.8,LINEAR,64.87983005195314,72.62918547499571,64.03205773294539,LINEAR,801.8130555555556,689.5,814.1,LINEAR,26.967820315890865,25.547021484375023,27.123254394531273,LINEAR,20.646665093717502,346.5351712433054,24.378430984902803,CIRCULAR_SHORTEST_ARC,0.9537599636991405,0.8405087317876685,0.9661495437695788,LINEAR
c9ee13fe-3b9e-555c-9a7d-a078015b8b91,INDY500_DAY1_2020,66,Fernando Alonso,1.0,2020-08-15T15:59:05Z,PERFORMANCE_GRADE_2020_2021_2023,PERFORMANCE_GRADE_SEQUENCE_MATCH,WITHIN_CAR_SEQUENCE_COUNT_MATCH,LATEST_AVAILABLE_ISSUE_SAME_CYCLE_VALID_TIME_INTERPOLATION,90,HRRR_CONSERVATIVE_FIXED_LAG_V1,7fa0a02223a77db591539cf42bdd4e9461df15bf4a9de77dfd5360c3deac89c6,2020-08-15T14:00:00Z,119.08333333333333,b64f2781-c6bc-5450-818e-4ba180d8cae3,bcf4cb70-3078-5db0-a63d-6eff547f92bb,2020-08-15T15:00:00Z,2020-08-15T16:00:00Z,1.0,2.0,-59.083333333333336,0.9166666666666666,0.9847222222222223,True,True,True,True,False,False,HRRR forecast interpolated at an approximate performance timestamp. Not a retain/withdraw decision-state timestamp. Both bracketing forecasts come from the latest policy-available issue cycle.,292.8933199140761,293.4171447753906,292.88519287109375,LINEAR,812.1963888888889,689.5,814.1,LINEAR,1.924930928218075,2.873952891677618,1.9102070331573489,LINEAR,98680.76388888889,98730.0,98680.0,LINEAR,0.0,0.0,0.0,LINEAR,300.24917305840387,298.697021484375,300.27325439453125,LINEAR,-0.38970675865809123,0.1957111358642578,-0.3987894058227539,LINEAR,-0.8790503846274482,-0.8174057006835938,-0.8800067901611328,LINEAR,0.0,0.0,0.0,LINEAR,19.743319914076086,20.267144775390648,19.735192871093773,LINEAR,1.924930928218075,2.873952891677618,1.9102070331573489,LINEAR,986.8076388888888,987.3,986.8,LINEAR,64.1634027401156,72.62918547499571,64.03205773294539,LINEAR,812.1963888888889,689.5,814.1,LINEAR,27.099173058403885,25.547021484375023,27.123254394531273,LINEAR,23.80027007218399,346.5351712433054,24.378430984902803,CIRCULAR_SHORTEST_ARC,0.9642300313642996,0.8405087317876685,0.9661495437695788,LINEAR
d155ad85-3d5c-5b55-95d6-40ba696a0bde,INDY500_DAY1_2020,28,Ryan Hunter-Reay,1.0,2020-08-15T16:04:05Z,PERFORMANCE_GRADE_2020_2021_2023,PERFORMANCE_GRADE_SEQUENCE_MATCH,WITHIN_CAR_SEQUENCE_COUNT_MATCH,LATEST_AVAILABLE_ISSUE_SAME_CYCLE_VALID_TIME_INTERPOLATION,90,HRRR_CONSERVATIVE_FIXED_LAG_V1,7fa0a02223a77db591539cf42bdd4e9461df15bf4a9de77dfd5360c3deac89c6,2020-08-15T14:00:00Z,124.08333333333333,bcf4cb70-3078-5db0-a63d-6eff547f92bb,56465e5d-e6f9-592c-b6f3-ccb479ead5a3,2020-08-15T16:00:00Z,2020-08-15T17:00:00Z,2.0,3.0,-4.083333333333333,55.916666666666664,0.06805555555555555,True,True,True,True,False,False,HRRR forecast interpolated at an approximate performance timestamp. Not a retain/withdraw decision-state timestamp. Both bracketing forecasts come from the latest policy-available issue cycle.,292.82982296413843,292.88519287109375,292.07159423828125,LINEAR,819.5376388888889,814.1,894.0,LINEAR,1.8753133288481172,1.9102070331573489,1.3974832147359848,LINEAR,98681.36111111111,98680.0,98700.0,LINEAR,0.0,0.0,0.0,LINEAR,300.3773356967502,300.27325439453125,301.8026123046875,LINEAR,-0.42382054726282753,-0.3987894058227539,-0.7665939331054688,LINEAR,-0.8418725450833638,-0.8800067901611328,-0.3196668624877929,LINEAR,0.0,0.0,0.0,LINEAR,19.679822964138477,19.735192871093773,18.921594238281273,LINEAR,1.8753133288481172,1.9102070331573489,1.3974832147359848,LINEAR,986.8136111111111,986.8,987.0,LINEAR,63.46321268362337,64.03205773294539,55.67351823270342,LINEAR,819.5376388888889,814.1,894.0,LINEAR,27.227335696750238,27.123254394531273,28.652612304687523,LINEAR,27.30384064927974,24.378430984902803,67.36404237982921,CIRCULAR_SHORTEST_ARC,0.9569228744814557,0.9661495437695788,0.8305739950461376,LINEAR
518373d9-25de-58cf-8315-f6c215b6f672,INDY500_DAY1_2020,8,Marcus Ericsson,1.0,2020-08-15T16:13:15Z,PERFORMANCE_GRADE_2020_2021_2023,PERFORMANCE_GRADE_SEQUENCE_MATCH,WITHIN_CAR_SEQUENCE_COUNT_MATCH,LATEST_AVAILABLE_ISSUE_SAME_CYCLE_VALID_TIME_INTERPOLATION,90,HRRR_CONSERVATIVE_FIXED_LAG_V1,7fa0a02223a77db591539cf42bdd4e9461df15bf4a9de77dfd5360c3deac89c6,2020-08-15T14:00:00Z,133.25,bcf4cb70-3078-5db0-a63d-6eff547f92bb,56465e5d-e6f9-592c-b6f3-ccb479ead5a3,2020-08-15T16:00:00Z,2020-08-15T17:00:00Z,2.0,3.0,-13.25,46.75,0.22083333333333333,True,True,True,True,False,False,HRRR forecast interpolated at an approximate performance timestamp. Not a retain/withdraw decision-state timestamp. Both bracketing forecasts come from the latest policy-available issue cycle.,292.70552317301434,292.88519287109375,292.07159423828125,LINEAR,831.7445833333334,814.1,894.0,LINEAR,1.7969805232559644,1.9102070331573489,1.3974832147359848,LINEAR,98684.41666666667,98680.0,98700.0,LINEAR,0.0,0.0,0.0,LINEAR,300.61098759969076,300.27325439453125,301.8026123046875,LINEAR,-0.4800129055976868,-0.3987894058227539,-0.7665939331054688,LINEAR,-0.7562650561332702,-0.8800067901611328,-0.3196668624877929,LINEAR,0.0,0.0,0.0,LINEAR,19.555523173014347,19.735192871093773,18.921594238281273,LINEAR,1.7969805232559644,1.9102070331573489,1.3974832147359848,LINEAR,986.8441666666666,986.8,987.0,LINEAR,62.18621359330862,64.03205773294539,55.67351823270342,LINEAR,831.7445833333334,814.1,894.0,LINEAR,27.460987599690778,27.123254394531273,28.652612304687523,LINEAR,33.871086834615724,24.378430984902803,67.36404237982921,CIRCULAR_SHORTEST_ARC,0.9362099434264856,0.9661495437695788,0.8305739950461376,LINEAR
72b65040-5363-5722-b1cd-297bffa2af77,INDY500_DAY1_2020,7,Oliver Askew,1.0,2020-08-15T16:18:15Z,PERFORMANCE_GRADE_2020_2021_2023,PERFORMANCE_GRADE_SEQUENCE_MATCH,WITHIN_CAR_SEQUENCE_COUNT_MATCH,LATEST_AVAILABLE_ISSUE_SAME_CYCLE_VALID_TIME_INTERPOLATION,90,HRRR_CONSERVATIVE_FIXED_LAG_V1,7fa0a02223a77db591539cf42bdd4e9461df15bf4a9de77dfd5360c3deac89c6,2020-08-15T14:00:00Z,138.25,bcf4cb70-3078-5db0-a63d-6eff547f92bb,56465e5d-e6f9-592c-b6f3-ccb479ead5a3,2020-08-15T16:00:00Z,2020-08-15T17:00:00Z,2.0,3.0,-18.25,41.75,0.30416666666666664,True,True,True,True,False,False,HRRR forecast interpolated at an approximate performance timestamp. Not a retain/withdraw decision-state timestamp. Both bracketing forecasts come from the latest policy-available issue cycle.,292.6377232869466,292.88519287109375,292.07159423828125,LINEAR,838.4029166666667,814.1,894.0,LINEAR,1.7542535383875173,1.9102070331573489,1.3974832147359848,LINEAR,98686.08333333333,98680.0,98700.0,LINEAR,0.0,0.0,0.0,LINEAR,300.73843409220376,300.27325439453125,301.8026123046875,LINEAR,-0.5106632828712463,-0.3987894058227539,-0.7665939331054688,LINEAR,-0.7095700621604919,-0.8800067901611328,-0.3196668624877929,LINEAR,0.0,0.0,0.0,LINEAR,19.487723286946636,19.735192871093773,18.921594238281273,LINEAR,1.7542535383875173,1.9102070331573489,1.3974832147359848,LINEAR,986.8608333333333,986.8,987.0,LINEAR,61.48966863495512,64.03205773294539,55.67351823270342,LINEAR,838.4029166666667,814.1,894.0,LINEAR,27.588434092203798,27.123254394531273,28.652612304687523,LINEAR,37.453221117526255,24.378430984902803,67.36404237982921,CIRCULAR_SHORTEST_ARC,0.9249119810328654,0.9661495437695788,0.8305739950461376,LINEAR
6041dd38-4b6d-5e38-81fd-8006cbe0bafd,INDY500_DAY1_2020,10,Felix Rosenqvist,1.0,2020-08-15T16:22:25Z,PERFORMANCE_GRADE_2020_2021_2023,PERFORMANCE_GRADE_SEQUENCE_MATCH,WITHIN_CAR_SEQUENCE_COUNT_MATCH,LATEST_AVAILABLE_ISSUE_SAME_CYCLE_VALID_TIME_INTERPOLATION,90,HRRR_CONSERVATIVE_FIXED_LAG_V1,7fa0a02223a77db591539cf42bdd4e9461df15bf4a9de77dfd5360c3deac89c6,2020-08-15T14:00:00Z,142.41666666666666,bcf4cb70-3078-5db0-a63d-6eff547f92bb,56465e5d-e6f9-592c-b6f3-ccb479ead5a3,2020-08-15T16:00:00Z,2020-08-15T17:00:00Z,2.0,3.0,-22.416666666666668,37.583333333333336,0.3736111111111111,True,True,True,True,False,False,HRRR forecast interpolated at an approximate performance timestamp. Not a retain/withdraw decision-state timestamp. Both bracketing forecasts come from the latest policy-available issue cycle.,292.5812233818902,292.88519287109375,292.07159423828125,LINEAR,843.9515277777778,814.1,894.0,LINEAR,1.7186477176638115,1.9102070331573489,1.3974832147359848,LINEAR,98687.47222222222,98680.0,98700.0,LINEAR,0.0,0.0,0.0,LINEAR,300.8446395026313,300.27325439453125,301.8026123046875,LINEAR,-0.536205263932546,-0.3987894058227539,-0.7665939331054688,LINEAR,-0.6706575671831767,-0.8800067901611328,-0.3196668624877929,LINEAR,0.0,0.0,0.0,LINEAR,19.431223381890213,19.735192871093773,18.921594238281273,LINEAR,1.7186477176638115,1.9102070331573489,1.3974832147359848,LINEAR,986.8747222222222,986.8,987.0,LINEAR,60.909214502993876,64.03205773294539,55.67351823270342,LINEAR,843.9515277777778,814.1,894.0,LINEAR,27.694639502631315,27.123254394531273,28.652612304687523,LINEAR,40.4383330199517,24.378430984902803,67.36404237982921,CIRCULAR_SHORTEST_ARC,0.9154970123715154,0.9661495437695788,0.8305739950461376,LINEAR
9a2e168d-3dda-5e76-8daf-588c20d91341,INDY500_DAY1_2020,20,Ed Carpenter,1.0,2020-08-15T16:27:25Z,PERFORMANCE_GRADE_2020_2021_2023,PERFORMANCE_GRADE_SEQUENCE_MATCH,WITHIN_CAR_SEQUENCE_COUNT_MATCH,LATEST_AVAILABLE_ISSUE_SAME_CYCLE_VALID_TIME_INTERPOLATION,90,HRRR_CONSERVATIVE_FIXED_LAG_V1,7fa0a02223a77db591539cf42bdd4e9461df15bf4a9de77dfd5360c3deac89c6,2020-08-15T14:00:00Z,147.41666666666666,bcf4cb70-3078-5db0-a63d-6eff547f92bb,56465e5d-e6f9-592c-b6f3-ccb479ead5a3,2020-08-15T16:00:00Z,2020-08-15T17:00:00Z,2.0,3.0,-27.416666666666668,32.583333333333336,0.45694444444444443,True,True,True,True,False,False,HRRR forecast interpolated at an approximate performance timestamp. Not a retain/withdraw decision-state timestamp. Both bracketing forecasts come from the latest policy-available issue cycle.,292.5134234958225,292.88519287109375,292.07159423828125,LINEAR,850.6098611111112,814.1,894.0,LINEAR,1.6759207327953645,1.9102070331573489,1.3974832147359848,LINEAR,98689.13888888889,98680.0,98700.0,LINEAR,0.0,0.0,0.0,LINEAR,300.9720859951443,300.27325439453125,301.8026123046875,LINEAR,-0.5668556412061055,-0.3987894058227539,-0.7665939331054688,LINEAR,-0.6239625732103984,-0.8800067901611328,-0.3196668624877929,LINEAR,0.0,0.0,0.0,LINEAR,19.363423495822506,19.735192871093773,18.921594238281273,LINEAR,1.6759207327953645,1.9102070331573489,1.3974832147359848,LINEAR,986.8913888888889,986.8,987.0,LINEAR,60.21266954464038,64.03205773294539,55.67351823270342,LINEAR,850.6098611111112,814.1,894.0,LINEAR,27.822085995144338,27.123254394531273,28.652612304687523,LINEAR,44.02046730286224,24.378430984902803,67.36404237982921,CIRCULAR_SHORTEST_ARC,0.9041990499778952,0.9661495437695788,0.8305739950461376,LINEAR
917d4c7e-5c5e-5976-aa32-50a7bc958440,INDY500_DAY1_2020,29,James Hinchcliffe,1.0,2020-08-15T16:32:25Z,PERFORMANCE_GRADE_2020_2021_2023,PERFORMANCE_GRADE_SEQUENCE_MATCH,WITHIN_CAR_SEQUENCE_COUNT_MATCH,LATEST_AVAILABLE_ISSUE_SAME_CYCLE_VALID_TIME_INTERPOLATION,90,HRRR_CONSERVATIVE_FIXED_LAG_V1,7fa0a02223a77db591539cf42bdd4e9461df15bf4a9de77dfd5360c3deac89c6,2020-08-15T15:00:00Z,92.41666666666667,35c973d2-d053-5cc8-af6d-f866452f879f,fa6a9f67-ea83-5639-93f2-5c88a39e5243,2020-08-15T16:00:00Z,2020-08-15T17:00:00Z,1.0,2.0,-32.416666666666664,27.583333333333332,0.5402777777777777,True,True,True,True,False,False,HRRR forecast interpolated at an approximate performance timestamp. Not a retain/withdraw decision-state timestamp. Both bracketing forecasts come from the latest policy-available issue cycle.,292.2993925306532,292.7069091796875,291.95263671875,LINEAR,865.1990277777778,824.3000000000001,900.0,LINEAR,1.5703389569392634,2.23305856436491,1.0064310133457184,LINEAR,98750.0,98750.0,98750.0,LINEAR,0.0,0.0,0.0,LINEAR,301.29041879442,300.4889221191406,301.972412109375,LINEAR,-0.44752409325705633,-0.2338333129882812,-0.6293535232543945,LINEAR,-0.5357970820532905,-0.8725700378417969,-0.249237060546875,LINEAR,0.0,0.0,0.0,LINEAR,19.149392530653234,19.556909179687523,18.802636718750023,LINEAR,1.5703389569392634,2.23305856436491,1.0064310133457184,LINEAR,987.5,987.5,987.5,LINEAR,58.311064599144075,62.53143123298912,54.719955715332475,LINEAR,865.1990277777778,824.3000000000001,900.0,LINEAR,28.140418794420054,27.338922119140648,28.822412109375023,LINEAR,43.84916460818009,15.001769063684872,68.39540606120818,CIRCULAR_SHORTEST_ARC,0.7810125152607102,0.9033584500088048,0.6769083908349537,LINEAR
a3016f3b-449e-576c-bf0f-284c71eddb34,INDY500_DAY1_2020,81,Ben Hanley,1.0,2020-08-15T16:36:35Z,PERFORMANCE_GRADE_2020_2021_2023,PERFORMANCE_GRADE_SEQUENCE_MATCH,WITHIN_CAR_SEQUENCE_COUNT_MATCH,LATEST_AVAILABLE_ISSUE_SAME_CYCLE_VALID_TIME_INTERPOLATION,90,HRRR_CONSERVATIVE_FIXED_LAG_V1,7fa0a02223a77db591539cf42bdd4e9461df15bf4a9de77dfd5360c3deac89c6,2020-08-15T15:00:00Z,96.58333333333333,35c973d2-d053-5cc8-af6d-f866452f879f,fa6a9f67-ea83-5639-93f2-5c88a39e5243,2020-08-15T16:00:00Z,2020-08-15T17:00:00Z,1.0,2.0,-36.583333333333336,23.416666666666668,0.6097222222222223,True,True,True,True,False,False,HRRR forecast interpolated at an approximate performance timestamp. Not a retain/withdraw decision-state timestamp. Both bracketing forecasts come from the latest policy-available issue cycle.,292.24701249864364,292.7069091796875,291.95263671875,LINEAR,870.4559722222223,824.3000000000001,900.0,LINEAR,1.4851564881184862,2.23305856436491,1.0064310133457184,LINEAR,98750.0,98750.0,98750.0,LINEAR,0.0,0.0,0.0,LINEAR,301.3934389326308,300.4889221191406,301.972412109375,LINEAR,-0.4749907745255364,-0.2338333129882812,-0.6293535232543945,LINEAR,-0.4925100697411431,-0.8725700378417969,-0.249237060546875,LINEAR,0.0,0.0,0.0,LINEAR,19.097012498643686,19.556909179687523,18.802636718750023,LINEAR,1.4851564881184862,2.23305856436491,1.0064310133457184,LINEAR,987.5,987.5,987.5,LINEAR,57.76860102152903,62.53143123298912,54.719955715332475,LINEAR,870.4559722222223,824.3000000000001,900.0,LINEAR,28.243438932630774,27.338922119140648,28.822412109375023,LINEAR,47.55705606634143,15.001769063684872,68.39540606120818,CIRCULAR_SHORTEST_ARC,0.7652868167069705,0.9033584500088048,0.6769083908349537,LINEAR
e2cf6770-902a-5a11-8e7c-27e4441f0b5e,INDY500_DAY1_2020,51,James Davison,1.0,2020-08-15T16:41:35Z,PERFORMANCE_GRADE_2020_2021_2023,PERFORMANCE_GRADE_SEQUENCE_MATCH,WITHIN_CAR_SEQUENCE_COUNT_MATCH,LATEST_AVAILABLE_ISSUE_SAME_CYCLE_VALID_TIME_INTERPOLATION,90,HRRR_CONSERVATIVE_FIXED_LAG_V1,7fa0a02223a77db591539cf42bdd4e9461df15bf4a9de77dfd5360c3deac89c6,2020-08-15T15:00:00Z,101.58333333333333,35c973d2-d053-5cc8-af6d-f866452f879f,fa6a9f67-ea83-5639-93f2-5c88a39e5243,2020-08-15T16:00:00Z,2020-08-15T17:00:00Z,1.0,2.0,-41.583333333333336,18.416666666666668,0.6930555555555555,True,True,True,True,False,False,HRRR forecast interpolated at an approximate performance timestamp. Not a retain/withdraw decision-state timestamp. Both bracketing forecasts come from the latest policy-available issue cycle.,292.1841564602322,292.7069091796875,291.95263671875,LINEAR,876.7643055555556,824.3000000000001,900.0,LINEAR,1.3829375255335536,2.23305856436491,1.0064310133457184,LINEAR,98750.0,98750.0,98750.0,LINEAR,0.0,0.0,0.0,LINEAR,301.5170630984836,300.4889221191406,301.972412109375,LINEAR,-0.5079507920477125,-0.2338333129882812,-0.6293535232543945,LINEAR,-0.4405656549665663,-0.8725700378417969,-0.249237060546875,LINEAR,0.0,0.0,0.0,LINEAR,19.03415646023223,19.556909179687523,18.802636718750023,LINEAR,1.3829375255335536,2.23305856436491,1.0064310133457184,LINEAR,987.5,987.5,987.5,LINEAR,57.11764472839097,62.53143123298912,54.719955715332475,LINEAR,876.7643055555556,824.3000000000001,900.0,LINEAR,28.367063098483637,27.338922119140648,28.822412109375023,LINEAR,52.00652581613504,15.001769063684872,68.39540606120818,CIRCULAR_SHORTEST_ARC,0.746415978442483,0.9033584500088048,0.6769083908349537,LINEAR
b3ac1729-6563-5819-a04b-0f76aeae5b0f,INDY500_DAY1_2020,55,Alex Palou,1.0,2020-08-15T16:45:45Z,PERFORMANCE_GRADE_2020_2021_2023,PERFORMANCE_GRADE_SEQUENCE_MATCH,WITHIN_CAR_SEQUENCE_COUNT_MATCH,LATEST_AVAILABLE_ISSUE_SAME_CYCLE_VALID_TIME_INTERPOLATION,90,HRRR_CONSERVATIVE_FIXED_LAG_V1,7fa0a02223a77db591539cf42bdd4e9461df15bf4a9de77dfd5360c3deac89c6,2020-08-15T15:00:00Z,105.75,35c973d2-d053-5cc8-af6d-f866452f879f,fa6a9f67-ea83-5639-93f2-5c88a39e5243,2020-08-15T16:00:00Z,2020-08-15T17:00:00Z,1.0,2.0,-45.75,14.25,0.7625,True,True,True,True,False,False,HRRR forecast interpolated at an approximate performance timestamp. Not a retain/withdraw decision-state timestamp. Both bracketing forecasts come from the latest policy-available issue cycle.,292.1317764282227,292.7069091796875,291.95263671875,LINEAR,882.02125,824.3000000000001,900.0,LINEAR,1.2977550567127765,2.23305856436491,1.0064310133457184,LINEAR,98750.0,98750.0,98750.0,LINEAR,0.0,0.0,0.0,LINEAR,301.6200832366943,300.4889221191406,301.972412109375,LINEAR,-0.5354174733161926,-0.2338333129882812,-0.6293535232543945,LINEAR,-0.397278642654419,-0.8725700378417969,-0.249237060546875,LINEAR,0.0,0.0,0.0,LINEAR,18.98177642822268,19.556909179687523,18.802636718750023,LINEAR,1.2977550567127765,2.23305856436491,1.0064310133457184,LINEAR,987.5,987.5,987.5,LINEAR,56.575181150775926,62.53143123298912,54.719955715332475,LINEAR,882.02125,824.3000000000001,900.0,LINEAR,28.470083236694357,27.338922119140648,28.822412109375023,LINEAR,55.71441727429638,15.001769063684872,68.39540606120818,CIRCULAR_SHORTEST_ARC,0.7306902798887434,0.9033584500088048,0.6769083908349537,LINEAR
a7f0ef57-a971-5870-9606-1fe1cd378e2a,INDY500_DAY1_2020,47,Conor Daly,1.0,2020-08-15T16:58:15Z,PERFORMANCE_GRADE_2020_2021_2023,PERFORMANCE_GRADE_SEQUENCE_MATCH,WITHIN_CAR_SEQUENCE_COUNT_MATCH,LATEST_AVAILABLE_ISSUE_SAME_CYCLE_VALID_TIME_INTERPOLATION,90,HRRR_CONSERVATIVE_FIXED_LAG_V1,7fa0a02223a77db591539cf42bdd4e9461df15bf4a9de77dfd5360c3deac89c6,2020-08-15T15:00:00Z,118.25,35c973d2-d053-5cc8-af6d-f866452f879f,fa6a9f67-ea83-5639-93f2-5c88a39e5243,2020-08-15T16:00:00Z,2020-08-15T17:00:00Z,1.0,2.0,-58.25,1.75,0.9708333333333333,True,True,True,True,False,False,HRRR forecast interpolated at an approximate performance timestamp. Not a retain/withdraw decision-state timestamp. Both bracketing forecasts come from the latest policy-available issue cycle.,291.974636332194,292.7069091796875,291.95263671875,LINEAR,897.7920833333334,824.3000000000001,900.0,LINEAR,1.042207650250445,2.23305856436491,1.0064310133457184,LINEAR,98750.0,98750.0,98750.0,LINEAR,0.0,0.0,0.0,LINEAR,301.9291436513265,300.4889221191406,301.972412109375,LINEAR,-0.6178175171216329,-0.2338333129882812,-0.6293535232543945,LINEAR,-0.2674176057179769,-0.8725700378417969,-0.249237060546875,LINEAR,0.0,0.0,0.0,LINEAR,18.824636332194032,19.556909179687523,18.802636718750023,LINEAR,1.042207650250445,2.23305856436491,1.0064310133457184,LINEAR,987.5,987.5,987.5,LINEAR,54.94779041793079,62.53143123298912,54.719955715332475,LINEAR,897.7920833333334,824.3000000000001,900.0,LINEAR,28.77914365132652,27.338922119140648,28.822412109375023,LINEAR,66.83809164878039,15.001769063684872,68.39540606120818,CIRCULAR_SHORTEST_ARC,0.6835131842275244,0.9033584500088048,0.6769083908349537,LINEAR
2fb75f25-92ad-5b41-90a1-3a1457ae8012,INDY500_DAY1_2020,22,Simon Pagenaud,1.0,2020-08-15T17:09:06Z,PERFORMANCE_GRADE_2020_2021_2023,PERFORMANCE_GRADE_SEQUENCE_MATCH,WITHIN_CAR_SEQUENCE_COUNT_MATCH,LATEST_AVAILABLE_ISSUE_SAME_CYCLE_VALID_TIME_INTERPOLATION,90,HRRR_CONSERVATIVE_FIXED_LAG_V1,7fa0a02223a77db591539cf42bdd4e9461df15bf4a9de77dfd5360c3deac89c6,2020-08-15T15:00:00Z,129.1,fa6a9f67-ea83-5639-93f2-5c88a39e5243,c6fd37c7-da49-53a5-aca1-5a15e8ba90db,2020-08-15T17:00:00Z,2020-08-15T18:00:00Z,2.0,3.0,-9.1,50.9,0.15166666666666667,True,True,True,True,False,False,HRRR forecast interpolated at an approximate performance timestamp. Not a retain/withdraw decision-state timestamp. Both bracketing forecasts come from the latest policy-available issue cycle.,291.8709251912435,291.95263671875,291.41387939453125,LINEAR,902.1233333333333,900.0,914.0,LINEAR,0.9982541692132751,1.0064310133457184,0.9525177553296088,LINEAR,98745.45,98750.0,98720.0,LINEAR,0.0,0.0,0.0,LINEAR,302.15313186645506,301.972412109375,303.1639709472656,LINEAR,-0.6055799595514934,-0.6293535232543945,-0.472604751586914,LINEAR,-0.26038856188456216,-0.249237060546875,-0.322763442993164,LINEAR,0.0,0.0,0.0,LINEAR,18.720925191243513,18.802636718750023,18.263879394531273,LINEAR,0.9982541692132751,1.0064310133457184,0.9525177553296088,LINEAR,987.4545,987.5,987.2,LINEAR,53.9115225394693,54.719955715332475,49.38962708326761,LINEAR,902.1233333333333,900.0,914.0,LINEAR,29.0031318664551,28.822412109375023,30.013970947265648,LINEAR,66.46524061958863,68.39540606120818,55.66904051206826,CIRCULAR_SHORTEST_ARC,0.6610433415957542,0.6769083908349537,0.5723036705764957,LINEAR
f50bf607-2eaa-51a1-a6d0-2049fcaf3dcd,INDY500_DAY1_2020,98,Marco Andretti,1.0,2020-08-15T17:14:05Z,PERFORMANCE_GRADE_2020_2021_2023,PERFORMANCE_GRADE_SEQUENCE_MATCH,WITHIN_CAR_SEQUENCE_COUNT_MATCH,LATEST_AVAILABLE_ISSUE_SAME_CYCLE_VALID_TIME_INTERPOLATION,90,HRRR_CONSERVATIVE_FIXED_LAG_V1,7fa0a02223a77db591539cf42bdd4e9461df15bf4a9de77dfd5360c3deac89c6,2020-08-15T15:00:00Z,134.08333333333334,fa6a9f67-ea83-5639-93f2-5c88a39e5243,c6fd37c7-da49-53a5-aca1-5a15e8ba90db,2020-08-15T17:00:00Z,2020-08-15T18:00:00Z,2.0,3.0,-14.083333333333334,45.916666666666664,0.23472222222222222,True,True,True,True,False,False,HRRR forecast interpolated at an approximate performance timestamp. Not a retain/withdraw decision-state timestamp. Both bracketing forecasts come from the latest policy-available issue cycle.,291.8261784023709,291.95263671875,291.41387939453125,LINEAR,903.2861111111112,900.0,914.0,LINEAR,0.9937763736169372,1.0064310133457184,0.9525177553296088,LINEAR,98742.95833333333,98750.0,98720.0,LINEAR,0.0,0.0,0.0,LINEAR,302.2520974477132,301.972412109375,303.1639709472656,LINEAR,-0.5925611032379998,-0.6293535232543945,-0.472604751586914,LINEAR,-0.2664953364266289,-0.249237060546875,-0.322763442993164,LINEAR,0.0,0.0,0.0,LINEAR,18.6761784023709,18.802636718750023,18.263879394531273,LINEAR,0.9937763736169372,1.0064310133457184,0.9525177553296088,LINEAR,987.4295833333333,987.5,987.2,LINEAR,53.468809133639475,54.719955715332475,49.38962708326761,LINEAR,903.2861111111112,900.0,914.0,LINEAR,29.102097447713238,28.822412109375023,30.013970947265648,LINEAR,65.40824525870173,68.39540606120818,55.66904051206826,CIRCULAR_SHORTEST_ARC,0.6523553384409545,0.6769083908349537,0.5723036705764957,LINEAR
cbdbf766-10d3-516e-83ad-3cb56f8c02fb,INDY500_DAY1_2020,14,Tony Kanaan,1.0,2020-08-15T17:19:05Z,PERFORMANCE_GRADE_2020_2021_2023,PERFORMANCE_GRADE_SEQUENCE_MATCH,WITHIN_CAR_SEQUENCE_COUNT_MATCH,LATEST_AVAILABLE_ISSUE_SAME_CYCLE_VALID_TIME_INTERPOLATION,90,HRRR_CONSERVATIVE_FIXED_LAG_V1,7fa0a02223a77db591539cf42bdd4e9461df15bf4a9de77dfd5360c3deac89c6,2020-08-15T15:00:00Z,139.08333333333334,fa6a9f67-ea83-5639-93f2-5c88a39e5243,c6fd37c7-da49-53a5-aca1-5a15e8ba90db,2020-08-15T17:00:00Z,2020-08-15T18:00:00Z,2.0,3.0,-19.083333333333332,40.916666666666664,0.31805555555555554,True,True,True,True,False,False,HRRR forecast interpolated at an approximate performance timestamp. Not a retain/withdraw decision-state timestamp. Both bracketing forecasts come from the latest policy-available issue cycle.,291.781281958686,291.95263671875,291.41387939453125,LINEAR,904.4527777777778,900.0,914.0,LINEAR,0.9892836021155946,1.0064310133457184,0.9525177553296088,LINEAR,98740.45833333333,98750.0,98720.0,LINEAR,0.0,0.0,0.0,LINEAR,302.3513940175374,301.972412109375,303.1639709472656,LINEAR,-0.579498705599043,-0.6293535232543945,-0.472604751586914,LINEAR,-0.2726225349638197,-0.249237060546875,-0.322763442993164,LINEAR,0.0,0.0,0.0,LINEAR,18.631281958686003,18.802636718750023,18.263879394531273,LINEAR,0.9892836021155946,1.0064310133457184,0.9525177553296088,LINEAR,987.4045833333333,987.5,987.2,LINEAR,53.0246150809674,54.719955715332475,49.38962708326761,LINEAR,904.4527777777778,900.0,914.0,LINEAR,29.201394017537456,28.822412109375023,30.013970947265648,LINEAR,64.3477147962734,68.39540606120818,55.66904051206826,CIRCULAR_SHORTEST_ARC,0.6436382784194163,0.6769083908349537,0.5723036705764957,LINEAR
9ed5a76f-1d6e-5759-8ffc-9c1344b26bfc,INDY500_DAY1_2020,88,Colton Herta,1.0,2020-08-15T17:24:05Z,PERFORMANCE_GRADE_2020_2021_2023,PERFORMANCE_GRADE_SEQUENCE_MATCH,WITHIN_CAR_SEQUENCE_COUNT_MATCH,LATEST_AVAILABLE_ISSUE_SAME_CYCLE_VALID_TIME_INTERPOLATION,90,HRRR_CONSERVATIVE_FIXED_LAG_V1,7fa0a02223a77db591539cf42bdd4e9461df15bf4a9de77dfd5360c3deac89c6,2020-08-15T15:00:00Z,144.08333333333334,fa6a9f67-ea83-5639-93f2-5c88a39e5243,c6fd37c7-da49-53a5-aca1-5a15e8ba90db,2020-08-15T17:00:00Z,2020-08-15T18:00:00Z,2.0,3.0,-24.083333333333332,35.916666666666664,0.4013888888888889,True,True,True,True,False,False,HRRR forecast interpolated at an approximate performance timestamp. Not a retain/withdraw decision-state timestamp. Both bracketing forecasts come from the latest policy-available issue cycle.,291.7363855150011,291.95263671875,291.41387939453125,LINEAR,905.6194444444444,900.0,914.0,LINEAR,0.9847908306142522,1.0064310133457184,0.9525177553296088,LINEAR,98737.95833333333,98750.0,98720.0,LINEAR,0.0,0.0,0.0,LINEAR,302.45069058736163,301.972412109375,303.1639709472656,LINEAR,-0.5664363079600864,-0.6293535232543945,-0.472604751586914,LINEAR,-0.27874973350101045,-0.249237060546875,-0.322763442993164,LINEAR,0.0,0.0,0.0,LINEAR,18.58638551500111,18.802636718750023,18.263879394531273,LINEAR,0.9847908306142522,1.0064310133457184,0.9525177553296088,LINEAR,987.3795833333334,987.5,987.2,LINEAR,52.580421028295326,54.719955715332475,49.38962708326761,LINEAR,905.6194444444444,900.0,914.0,LINEAR,29.300690587361675,28.822412109375023,30.013970947265648,LINEAR,63.28718433384507,68.39540606120818,55.66904051206826,CIRCULAR_SHORTEST_ARC,0.6349212183978782,0.6769083908349537,0.5723036705764957,LINEAR
75519828-93ba-5485-a4bf-a06b93f7cec3,INDY500_DAY1_2020,59,Max Chilton,1.0,2020-08-15T17:29:05Z,PERFORMANCE_GRADE_2020_2021_2023,PERFORMANCE_GRADE_SEQUENCE_MATCH,WITHIN_CAR_SEQUENCE_COUNT_MATCH,LATEST_AVAILABLE_ISSUE_SAME_CYCLE_VALID_TIME_INTERPOLATION,90,HRRR_CONSERVATIVE_FIXED_LAG_V1,7fa0a02223a77db591539cf42bdd4e9461df15bf4a9de77dfd5360c3deac89c6,2020-08-15T15:00:00Z,149.08333333333334,fa6a9f67-ea83-5639-93f2-5c88a39e5243,c6fd37c7-da49-53a5-aca1-5a15e8ba90db,2020-08-15T17:00:00Z,2020-08-15T18:00:00Z,2.0,3.0,-29.083333333333332,30.916666666666668,0.4847222222222222,True,True,True,True,False,False,HRRR forecast interpolated at an approximate performance timestamp. Not a retain/withdraw decision-state timestamp. Both bracketing forecasts come from the latest policy-available issue cycle.,291.6914890713162,291.95263671875,291.41387939453125,LINEAR,906.7861111111112,900.0,914.0,LINEAR,0.9802980591129097,1.0064310133457184,0.9525177553296088,LINEAR,98735.45833333333,98750.0,98720.0,LINEAR,0.0,0.0,0.0,LINEAR,302.54998715718585,301.972412109375,303.1639709472656,LINEAR,-0.5533739103211297,-0.6293535232543945,-0.472604751586914,LINEAR,-0.2848769320382012,-0.249237060546875,-0.322763442993164,LINEAR,0.0,0.0,0.0,LINEAR,18.541489071316214,18.802636718750023,18.263879394531273,LINEAR,0.9802980591129097,1.0064310133457184,0.9525177553296088,LINEAR,987.3545833333334,987.5,987.2,LINEAR,52.13622697562326,54.719955715332475,49.38962708326761,LINEAR,906.7861111111112,900.0,914.0,LINEAR,29.399987157185894,28.822412109375023,30.013970947265648,LINEAR,62.226653871416744,68.39540606120818,55.66904051206826,CIRCULAR_SHORTEST_ARC,0.62620415837634,0.6769083908349537,0.5723036705764957,LINEAR
f2f5d37e-6270-5e2d-8ae0-2e63cea098b3,INDY500_DAY1_2020,3,Helio Castroneves,1.0,2020-08-15T17:34:05Z,PERFORMANCE_GRADE_2020_2021_2023,PERFORMANCE_GRADE_SEQUENCE_MATCH,WITHIN_CAR_SEQUENCE_COUNT_MATCH,LATEST_AVAILABLE_ISSUE_SAME_CYCLE_VALID_TIME_INTERPOLATION,90,HRRR_CONSERVATIVE_FIXED_LAG_V1,7fa0a02223a77db591539cf42bdd4e9461df15bf4a9de77dfd5360c3deac89c6,2020-08-15T16:00:00Z,94.08333333333333,042e5657-4b97-5e22-ba3f-d9397fe29635,ad824698-a40c-5dd6-aaa4-df7cdbecb389,2020-08-15T17:00:00Z,2020-08-15T18:00:00Z,1.0,2.0,-34.083333333333336,25.916666666666668,0.5680555555555555,True,True,True,True,False,False,HRRR forecast interpolated at an approximate performance timestamp. Not a retain/withdraw decision-state timestamp. Both bracketing forecasts come from the latest policy-available issue cycle.,291.89768346150714,292.26849365234375,291.61572265625,LINEAR,909.6333333333333,896.0,920.0,LINEAR,1.2484617188158964,1.1046368777751925,1.3578248620033264,LINEAR,98764.31944444444,98770.0,98760.0,LINEAR,0.0,0.0,0.0,LINEAR,302.4866116841634,301.7715148925781,303.0303649902344,LINEAR,-0.6632818500200908,-0.7609786987304688,-0.588994026184082,LINEAR,-0.23001358244154185,-0.1691436767578125,-0.2762985229492187,LINEAR,0.0,0.0,0.0,LINEAR,18.747683461507183,19.118493652343773,18.465722656250023,LINEAR,1.2484617188158964,1.1046368777751925,1.3578248620033264,LINEAR,987.6431944444445,987.7,987.6,LINEAR,53.02135671063407,56.46329804378871,50.40413481671942,LINEAR,909.6333333333333,896.0,920.0,LINEAR,29.336611684163437,28.621514892578148,29.8803649902344,LINEAR,70.3110709807539,77.46851613156988,64.86861268759063,CIRCULAR_SHORTEST_ARC,0.7062880825456634,0.7795499748628493,0.6505803844756273,LINEAR
1a120ea2-c723-5585-8ec6-30169bb44ca7,INDY500_DAY1_2020,67,JR Hildebrand,1.0,2020-08-15T17:38:15Z,PERFORMANCE_GRADE_2020_2021_2023,PERFORMANCE_GRADE_SEQUENCE_MATCH,WITHIN_CAR_SEQUENCE_COUNT_MATCH,LATEST_AVAILABLE_ISSUE_SAME_CYCLE_VALID_TIME_INTERPOLATION,90,HRRR_CONSERVATIVE_FIXED_LAG_V1,7fa0a02223a77db591539cf42bdd4e9461df15bf4a9de77dfd5360c3deac89c6,2020-08-15T16:00:00Z,98.25,042e5657-4b97-5e22-ba3f-d9397fe29635,ad824698-a40c-5dd6-aaa4-df7cdbecb389,2020-08-15T17:00:00Z,2020-08-15T18:00:00Z,1.0,2.0,-38.25,21.75,0.6375,True,True,True,True,False,False,HRRR forecast interpolated at an approximate performance timestamp. Not a retain/withdraw decision-state timestamp. Both bracketing forecasts come from the latest policy-available issue cycle.,291.852352142334,292.26849365234375,291.61572265625,LINEAR,911.3,896.0,920.0,LINEAR,1.266044217720628,1.1046368777751925,1.3578248620033264,LINEAR,98763.625,98770.0,98760.0,LINEAR,0.0,0.0,0.0,LINEAR,302.574031829834,301.7715148925781,303.0303649902344,LINEAR,-0.6513384699821472,-0.7609786987304688,-0.588994026184082,LINEAR,-0.23745489120483393,-0.1691436767578125,-0.2762985229492187,LINEAR,0.0,0.0,0.0,LINEAR,18.702352142334007,19.118493652343773,18.465722656250023,LINEAR,1.266044217720628,1.1046368777751925,1.3578248620033264,LINEAR,987.63625,987.7,987.6,LINEAR,52.600581486532036,56.46329804378871,50.40413481671942,LINEAR,911.3,896.0,920.0,LINEAR,29.42403182983401,28.621514892578148,29.8803649902344,LINEAR,69.43607768603312,77.46851613156988,64.86861268759063,CIRCULAR_SHORTEST_ARC,0.6973318609909953,0.7795499748628493,0.6505803844756273,LINEAR
e7089fb7-0048-5bb8-8589-cc5bbc59a6cd,INDY500_DAY1_2020,60,Jack Harvey,2.0,2020-08-15T17:55:45Z,PERFORMANCE_GRADE_2020_2021_2023,PERFORMANCE_GRADE_SEQUENCE_MATCH,WITHIN_CAR_SEQUENCE_COUNT_MATCH,LATEST_AVAILABLE_ISSUE_SAME_CYCLE_VALID_TIME_INTERPOLATION,90,HRRR_CONSERVATIVE_FIXED_LAG_V1,7fa0a02223a77db591539cf42bdd4e9461df15bf4a9de77dfd5360c3deac89c6,2020-08-15T16:00:00Z,115.75,042e5657-4b97-5e22-ba3f-d9397fe29635,ad824698-a40c-5dd6-aaa4-df7cdbecb389,2020-08-15T17:00:00Z,2020-08-15T18:00:00Z,1.0,2.0,-55.75,4.25,0.9291666666666667,True,True,True,True,False,False,HRRR forecast interpolated at an approximate performance timestamp. Not a retain/withdraw decision-state timestamp. Both bracketing forecasts come from the latest policy-available issue cycle.,291.66196060180664,292.26849365234375,291.61572265625,LINEAR,918.3,896.0,920.0,LINEAR,1.3398907131205002,1.1046368777751925,1.3578248620033264,LINEAR,98760.70833333333,98770.0,98760.0,LINEAR,0.0,0.0,0.0,LINEAR,302.9411964416504,301.7715148925781,303.0303649902344,LINEAR,-0.6011762738227844,-0.7609786987304688,-0.588994026184082,LINEAR,-0.26870838801066077,-0.1691436767578125,-0.2762985229492187,LINEAR,0.0,0.0,0.0,LINEAR,18.511960601806663,19.118493652343773,18.465722656250023,LINEAR,1.3398907131205002,1.1046368777751925,1.3578248620033264,LINEAR,987.6070833333333,987.7,987.6,LINEAR,50.833325545303495,56.46329804378871,50.40413481671942,LINEAR,918.3,896.0,920.0,LINEAR,29.791196441650417,28.621514892578148,29.8803649902344,LINEAR,65.76110584820583,77.46851613156988,64.86861268759063,CIRCULAR_SHORTEST_ARC,0.6597157304613889,0.7795499748628493,0.6505803844756273,LINEAR
33a57398-b346-53e3-b5e5-369a3ca71efc,INDY500_DAY1_2020,9,Scott Dixon,2.0,2020-08-15T18:00:45Z,PERFORMANCE_GRADE_2020_2021_2023,PERFORMANCE_GRADE_SEQUENCE_MATCH,WITHIN_CAR_SEQUENCE_COUNT_MATCH,LATEST_AVAILABLE_ISSUE_SAME_CYCLE_VALID_TIME_INTERPOLATION,90,HRRR_CONSERVATIVE_FIXED_LAG_V1,7fa0a02223a77db591539cf42bdd4e9461df15bf4a9de77dfd5360c3deac89c6,2020-08-15T16:00:00Z,120.75,ad824698-a40c-5dd6-aaa4-df7cdbecb389,f4bf625c-97fd-5b50-800c-c6c12374d10c,2020-08-15T18:00:00Z,2020-08-15T19:00:00Z,2.0,3.0,-0.75,59.25,0.0125,True,True,True,True,False,False,HRRR forecast interpolated at an approximate performance timestamp. Not a retain/withdraw decision-state timestamp. Both bracketing forecasts come from the latest policy-available issue cycle.,291.6064220428467,291.61572265625,290.8716735839844,LINEAR,919.15,920.0,852.0,LINEAR,1.3683918686583638,1.3578248620033264,2.2031853944063187,LINEAR,98759.125,98760.0,98690.0,LINEAR,0.0,0.0,0.0,LINEAR,303.04255294799805,303.0303649902344,304.0054016113281,LINEAR,-0.5845890760421752,-0.588994026184082,-0.2365980148315429,LINEAR,-0.28163261413574214,-0.2762985229492187,-0.7030258178710938,LINEAR,0.0,0.0,0.0,LINEAR,18.456422042846704,18.465722656250023,17.721673583984398,LINEAR,1.3683918686583638,1.3578248620033264,2.2031853944063187,LINEAR,987.5912500000001,987.6,986.9,LINEAR,50.34268970241196,50.40413481671942,45.48852567212267,LINEAR,919.15,920.0,852.0,LINEAR,29.892552947998073,29.8803649902344,30.855401611328148,LINEAR,64.29025840354088,64.86861268759063,18.60026996361076,CIRCULAR_SHORTEST_ARC,0.6517202646821766,0.6505803844756273,0.7417708009995725,LINEAR
d8f3d4d6-6f33-5dbd-80ed-75cd29056b63,INDY500_DAY1_2020,1,Josef Newgarden,2.0,2020-08-15T18:06:35Z,PERFORMANCE_GRADE_2020_2021_2023,PERFORMANCE_GRADE_SEQUENCE_MATCH,WITHIN_CAR_SEQUENCE_COUNT_MATCH,LATEST_AVAILABLE_ISSUE_SAME_CYCLE_VALID_TIME_INTERPOLATION,90,HRRR_CONSERVATIVE_FIXED_LAG_V1,7fa0a02223a77db591539cf42bdd4e9461df15bf4a9de77dfd5360c3deac89c6,2020-08-15T16:00:00Z,126.58333333333333,ad824698-a40c-5dd6-aaa4-df7cdbecb389,f4bf625c-97fd-5b50-800c-c6c12374d10c,2020-08-15T18:00:00Z,2020-08-15T19:00:00Z,2.0,3.0,-6.583333333333333,53.416666666666664,0.10972222222222222,True,True,True,True,False,False,HRRR forecast interpolated at an approximate performance timestamp. Not a retain/withdraw decision-state timestamp. Both bracketing forecasts come from the latest policy-available issue cycle.,291.53408393859866,291.61572265625,290.8716735839844,LINEAR,912.5388888888889,920.0,852.0,LINEAR,1.4505796981975436,1.3578248620033264,2.2031853944063187,LINEAR,98752.31944444444,98760.0,98690.0,LINEAR,0.0,0.0,0.0,LINEAR,303.1373481750488,303.0303649902344,304.0054016113281,LINEAR,-0.550328352716234,-0.588994026184082,-0.2365980148315429,LINEAR,-0.32311999003092445,-0.2762985229492187,-0.7030258178710938,LINEAR,0.0,0.0,0.0,LINEAR,18.384083938598657,18.465722656250023,17.721673583984398,LINEAR,1.4505796981975436,1.3578248620033264,2.2031853944063187,LINEAR,987.5231944444445,987.6,986.9,LINEAR,49.864783257798386,50.40413481671942,45.48852567212267,LINEAR,912.5388888888889,920.0,852.0,LINEAR,29.987348175048854,29.8803649902344,30.855401611328148,LINEAR,59.79194730537617,64.86861268759063,18.60026996361076,CIRCULAR_SHORTEST_ARC,0.6605859996220046,0.6505803844756273,0.7417708009995725,LINEAR
25ddda12-052a-5d71-ac52-6e96cf8edab9,INDY500_DAY1_2020,8,Marcus Ericsson,2.0,2020-08-15T18:16:35Z,PERFORMANCE_GRADE_2020_2021_2023,PERFORMANCE_GRADE_SEQUENCE_MATCH,WITHIN_CAR_SEQUENCE_COUNT_MATCH,LATEST_AVAILABLE_ISSUE_SAME_CYCLE_VALID_TIME_INTERPOLATION,90,HRRR_CONSERVATIVE_FIXED_LAG_V1,7fa0a02223a77db591539cf42bdd4e9461df15bf4a9de77dfd5360c3deac89c6,2020-08-15T16:00:00Z,136.58333333333334,ad824698-a40c-5dd6-aaa4-df7cdbecb389,f4bf625c-97fd-5b50-800c-c6c12374d10c,2020-08-15T18:00:00Z,2020-08-15T19:00:00Z,2.0,3.0,-16.583333333333332,43.416666666666664,0.2763888888888889,True,True,True,True,False,False,HRRR forecast interpolated at an approximate performance timestamp. Not a retain/withdraw decision-state timestamp. Both bracketing forecasts come from the latest policy-available issue cycle.,291.4100757598877,291.61572265625,290.8716735839844,LINEAR,901.2055555555555,920.0,852.0,LINEAR,1.591473120264709,1.3578248620033264,2.2031853944063187,LINEAR,98740.65277777778,98760.0,98690.0,LINEAR,0.0,0.0,0.0,LINEAR,303.29985427856445,303.0303649902344,304.0054016113281,LINEAR,-0.49159568415747745,-0.588994026184082,-0.2365980148315429,LINEAR,-0.39424120585123695,-0.2762985229492187,-0.7030258178710938,LINEAR,0.0,0.0,0.0,LINEAR,18.26007575988772,18.465722656250023,17.721673583984398,LINEAR,1.591473120264709,1.3578248620033264,2.2031853944063187,LINEAR,987.4065277777778,987.6,986.9,LINEAR,49.04551506703226,50.40413481671942,45.48852567212267,LINEAR,901.2055555555555,920.0,852.0,LINEAR,30.14985427856448,29.8803649902344,30.855401611328148,LINEAR,52.08055685137953,64.86861268759063,18.60026996361076,CIRCULAR_SHORTEST_ARC,0.6757844023759955,0.6505803844756273,0.7417708009995725,LINEAR
893c5471-df02-55c0-946f-0af9d0a835d9,INDY500_DAY1_2020,20,Ed Carpenter,2.0,2020-08-15T18:47:30Z,PERFORMANCE_GRADE_2020_2021_2023,PERFORMANCE_GRADE_SEQUENCE_MATCH,WITHIN_CAR_SEQUENCE_COUNT_MATCH,LATEST_AVAILABLE_ISSUE_SAME_CYCLE_VALID_TIME_INTERPOLATION,90,HRRR_CONSERVATIVE_FIXED_LAG_V1,7fa0a02223a77db591539cf42bdd4e9461df15bf4a9de77dfd5360c3deac89c6,2020-08-15T17:00:00Z,107.5,ca98a132-23d3-58e9-9674-3e1074f4599a,17e40711-cd34-5381-a644-b600712fb827,2020-08-15T18:00:00Z,2020-08-15T19:00:00Z,1.0,2.0,-47.5,12.5,0.7916666666666666,True,True,True,True,False,False,HRRR forecast interpolated at an approximate performance timestamp. Not a retain/withdraw decision-state timestamp. Both bracketing forecasts come from the latest policy-available issue cycle.,291.8674488067627,292.5121154785156,291.6977996826172,LINEAR,870.9166666666666,901.0,863.0,LINEAR,1.3492200014491877,1.6101883053779602,1.2805441319942474,LINEAR,98687.91666666667,98680.0,98690.0,LINEAR,0.0,0.0,0.0,LINEAR,303.74866485595703,302.7944030761719,303.9997863769531,LINEAR,-0.10824938615163163,-0.2880439758300781,-0.0609350204467773,LINEAR,-0.438185453414917,-0.2887649536132812,-0.4775066375732422,LINEAR,0.0,0.0,0.0,LINEAR,18.717448806762718,19.362115478515648,18.54779968261721,LINEAR,1.3492200014491877,1.6101883053779602,1.2805441319942474,LINEAR,986.8791666666666,986.8,986.9,LINEAR,49.19854736143741,54.03392870784383,47.926078586067305,LINEAR,870.9166666666666,901.0,863.0,LINEAR,30.598664855957054,29.644403076171898,30.849786376953148,LINEAR,15.117283476996562,44.928383628479864,7.272257121343063,CIRCULAR_SHORTEST_ARC,0.4660636925232029,0.4078658240736518,0.4813789210625584,LINEAR
df3c02a3-9655-512c-a2e6-4ffe9eadc505,INDY500_DAY1_2020,47,Conor Daly,2.0,2020-08-15T19:00:50Z,PERFORMANCE_GRADE_2020_2021_2023,PERFORMANCE_GRADE_SEQUENCE_MATCH,WITHIN_CAR_SEQUENCE_COUNT_MATCH,LATEST_AVAILABLE_ISSUE_SAME_CYCLE_VALID_TIME_INTERPOLATION,90,HRRR_CONSERVATIVE_FIXED_LAG_V1,7fa0a02223a77db591539cf42bdd4e9461df15bf4a9de77dfd5360c3deac89c6,2020-08-15T17:00:00Z,120.83333333333333,17e40711-cd34-5381-a644-b600712fb827,71253df2-32c4-524f-ac16-79648d659928,2020-08-15T19:00:00Z,2020-08-15T20:00:00Z,2.0,3.0,-0.8333333333333334,59.166666666666664,0.013888888888888888,True,True,True,True,False,False,HRRR forecast interpolated at an approximate performance timestamp. Not a retain/withdraw decision-state timestamp. Both bracketing forecasts come from the latest policy-available issue cycle.,291.68962881300183,291.6977996826172,291.1094970703125,LINEAR,862.0972222222222,863.0,798.0,LINEAR,1.2910205663906202,1.2805441319942474,2.0348474085330963,LINEAR,98689.86111111111,98690.0,98680.0,LINEAR,0.0,0.0,0.0,LINEAR,304.00945493910046,303.9997863769531,304.6959228515625,LINEAR,-0.05387066470252139,-0.0609350204467773,0.4476985931396484,LINEAR,-0.4757222864362929,-0.4775066375732422,-0.3490333557128906,LINEAR,0.0,0.0,0.0,LINEAR,18.53962881300187,18.54779968261721,17.959497070312523,LINEAR,1.2910205663906202,1.2805441319942474,2.0348474085330963,LINEAR,986.8986111111111,986.9,986.8,LINEAR,47.87701858327823,47.926078586067305,44.3937583852539,LINEAR,862.0972222222222,863.0,798.0,LINEAR,30.8594549391005,30.849786376953148,31.545922851562523,LINEAR,6.448206030125803,7.272257121343063,307.94057855370033,CIRCULAR_SHORTEST_ARC,0.4825775194057888,0.4813789210625584,0.5676780017751452,LINEAR
0817e595-17c0-5e20-94bc-6778006bf613,INDY500_DAY1_2020,88,Colton Herta,2.0,2020-08-15T19:05:50Z,PERFORMANCE_GRADE_2020_2021_2023,PERFORMANCE_GRADE_SEQUENCE_MATCH,WITHIN_CAR_SEQUENCE_COUNT_MATCH,LATEST_AVAILABLE_ISSUE_SAME_CYCLE_VALID_TIME_INTERPOLATION,90,HRRR_CONSERVATIVE_FIXED_LAG_V1,7fa0a02223a77db591539cf42bdd4e9461df15bf4a9de77dfd5360c3deac89c6,2020-08-15T17:00:00Z,125.83333333333333,17e40711-cd34-5381-a644-b600712fb827,71253df2-32c4-524f-ac16-79648d659928,2020-08-15T19:00:00Z,2020-08-15T20:00:00Z,2.0,3.0,-5.833333333333333,54.166666666666664,0.09722222222222222,True,True,True,True,False,False,HRRR forecast interpolated at an approximate performance timestamp. Not a retain/withdraw decision-state timestamp. Both bracketing forecasts come from the latest policy-available issue cycle.,291.6406035953098,291.6977996826172,291.1094970703125,LINEAR,856.6805555555555,863.0,798.0,LINEAR,1.3538791727688577,1.2805441319942474,2.0348474085330963,LINEAR,98689.02777777778,98690.0,98680.0,LINEAR,0.0,0.0,0.0,LINEAR,304.0674663119846,303.9997863769531,304.6959228515625,LINEAR,-0.011484530236985917,-0.0609350204467773,0.4476985931396484,LINEAR,-0.4650161796145969,-0.4775066375732422,-0.3490333557128906,LINEAR,0.0,0.0,0.0,LINEAR,18.49060359530981,18.54779968261721,17.959497070312523,LINEAR,1.3538791727688577,1.2805441319942474,2.0348474085330963,LINEAR,986.8902777777778,986.9,986.8,LINEAR,47.58265856654378,47.926078586067305,44.3937583852539,LINEAR,856.6805555555555,863.0,798.0,LINEAR,30.917466311984615,30.849786376953148,31.545922851562523,LINEAR,1.503899482822244,7.272257121343063,307.94057855370033,CIRCULAR_SHORTEST_ARC,0.489769109465171,0.4813789210625584,0.5676780017751452,LINEAR
b4a08fbf-93db-50a2-9416-96b3b9d1b41a,INDY500_DAY1_2020,9,Scott Dixon,3.0,2020-08-15T19:15:00Z,PERFORMANCE_GRADE_2020_2021_2023,PERFORMANCE_GRADE_SEQUENCE_MATCH,WITHIN_CAR_SEQUENCE_COUNT_MATCH,LATEST_AVAILABLE_ISSUE_SAME_CYCLE_VALID_TIME_INTERPOLATION,90,HRRR_CONSERVATIVE_FIXED_LAG_V1,7fa0a02223a77db591539cf42bdd4e9461df15bf4a9de77dfd5360c3deac89c6,2020-08-15T17:00:00Z,135.0,17e40711-cd34-5381-a644-b600712fb827,71253df2-32c4-524f-ac16-79648d659928,2020-08-15T19:00:00Z,2020-08-15T20:00:00Z,2.0,3.0,-15.0,45.0,0.25,True,True,True,True,False,False,HRRR forecast interpolated at an approximate performance timestamp. Not a retain/withdraw decision-state timestamp. Both bracketing forecasts come from the latest policy-available issue cycle.,291.550724029541,291.6977996826172,291.1094970703125,LINEAR,846.75,863.0,798.0,LINEAR,1.4691199511289597,1.2805441319942474,2.0348474085330963,LINEAR,98687.5,98690.0,98680.0,LINEAR,0.0,0.0,0.0,LINEAR,304.17382049560547,303.9997863769531,304.6959228515625,LINEAR,0.06622338294982912,-0.0609350204467773,0.4476985931396484,LINEAR,-0.4453883171081543,-0.4775066375732422,-0.3490333557128906,LINEAR,0.0,0.0,0.0,LINEAR,18.40072402954104,18.54779968261721,17.959497070312523,LINEAR,1.4691199511289597,1.2805441319942474,2.0348474085330963,LINEAR,986.875,986.9,986.8,LINEAR,47.04299853586396,47.926078586067305,44.3937583852539,LINEAR,846.75,863.0,798.0,LINEAR,31.02382049560549,30.849786376953148,31.545922851562523,LINEAR,352.43933747943237,7.272257121343063,307.94057855370033,CIRCULAR_SHORTEST_ARC,0.5029536912407051,0.4813789210625584,0.5676780017751452,LINEAR
eda9cf9f-a821-5b18-9ef9-84f838678dfc,INDY500_DAY1_2020,45,Spencer Pigot,2.0,2020-08-15T19:21:40Z,PERFORMANCE_GRADE_2020_2021_2023,PERFORMANCE_GRADE_SEQUENCE_MATCH,WITHIN_CAR_SEQUENCE_COUNT_MATCH,LATEST_AVAILABLE_ISSUE_SAME_CYCLE_VALID_TIME_INTERPOLATION,90,HRRR_CONSERVATIVE_FIXED_LAG_V1,7fa0a02223a77db591539cf42bdd4e9461df15bf4a9de77dfd5360c3deac89c6,2020-08-15T17:00:00Z,141.66666666666666,17e40711-cd34-5381-a644-b600712fb827,71253df2-32c4-524f-ac16-79648d659928,2020-08-15T19:00:00Z,2020-08-15T20:00:00Z,2.0,3.0,-21.666666666666668,38.333333333333336,0.3611111111111111,True,True,True,True,False,False,HRRR forecast interpolated at an approximate performance timestamp. Not a retain/withdraw decision-state timestamp. Both bracketing forecasts come from the latest policy-available issue cycle.,291.4853570726183,291.6977996826172,291.1094970703125,LINEAR,839.5277777777778,863.0,798.0,LINEAR,1.552931426299943,1.2805441319942474,2.0348474085330963,LINEAR,98686.38888888889,98690.0,98680.0,LINEAR,0.0,0.0,0.0,LINEAR,304.2511689927843,303.9997863769531,304.6959228515625,LINEAR,0.12273822890387641,-0.0609350204467773,0.4476985931396484,LINEAR,-0.43111350801255965,-0.4775066375732422,-0.3490333557128906,LINEAR,0.0,0.0,0.0,LINEAR,18.335357072618294,18.54779968261721,17.959497070312523,LINEAR,1.552931426299943,1.2805441319942474,2.0348474085330963,LINEAR,986.8638888888888,986.9,986.8,LINEAR,46.650518513551354,47.926078586067305,44.3937583852539,LINEAR,839.5277777777778,863.0,798.0,LINEAR,31.10116899278431,30.849786376953148,31.545922851562523,LINEAR,345.8469287496943,7.272257121343063,307.94057855370033,CIRCULAR_SHORTEST_ARC,0.5125424779865481,0.4813789210625584,0.5676780017751452,LINEAR
59dbbaed-31a4-576f-ae4e-a507faf360c3,INDY500_DAY1_2020,15,Graham Rahal,2.0,2020-08-15T19:26:40Z,PERFORMANCE_GRADE_2020_2021_2023,PERFORMANCE_GRADE_SEQUENCE_MATCH,WITHIN_CAR_SEQUENCE_COUNT_MATCH,LATEST_AVAILABLE_ISSUE_SAME_CYCLE_VALID_TIME_INTERPOLATION,90,HRRR_CONSERVATIVE_FIXED_LAG_V1,7fa0a02223a77db591539cf42bdd4e9461df15bf4a9de77dfd5360c3deac89c6,2020-08-15T17:00:00Z,146.66666666666666,17e40711-cd34-5381-a644-b600712fb827,71253df2-32c4-524f-ac16-79648d659928,2020-08-15T19:00:00Z,2020-08-15T20:00:00Z,2.0,3.0,-26.666666666666668,33.333333333333336,0.4444444444444444,True,True,True,True,False,False,HRRR forecast interpolated at an approximate performance timestamp. Not a retain/withdraw decision-state timestamp. Both bracketing forecasts come from the latest policy-available issue cycle.,291.4363318549262,291.6977996826172,291.1094970703125,LINEAR,834.1111111111111,863.0,798.0,LINEAR,1.6157900326781802,1.2805441319942474,2.0348474085330963,LINEAR,98685.55555555556,98690.0,98680.0,LINEAR,0.0,0.0,0.0,LINEAR,304.3091803656684,303.9997863769531,304.6959228515625,LINEAR,0.1651243633694119,-0.0609350204467773,0.4476985931396484,LINEAR,-0.4204074011908637,-0.4775066375732422,-0.3490333557128906,LINEAR,0.0,0.0,0.0,LINEAR,18.28633185492624,18.54779968261721,17.959497070312523,LINEAR,1.6157900326781802,1.2805441319942474,2.0348474085330963,LINEAR,986.8555555555555,986.9,986.8,LINEAR,46.3561584968169,47.926078586067305,44.3937583852539,LINEAR,834.1111111111111,863.0,798.0,LINEAR,31.159180365668426,30.849786376953148,31.545922851562523,LINEAR,340.9026222023908,7.272257121343063,307.94057855370033,CIRCULAR_SHORTEST_ARC,0.5197340680459303,0.4813789210625584,0.5676780017751452,LINEAR
b58b5c13-1a21-50cf-ab5b-8962cc4486f0,INDY500_DAY1_2020,81,Ben Hanley,2.0,2020-08-15T19:30:50Z,PERFORMANCE_GRADE_2020_2021_2023,PERFORMANCE_GRADE_SEQUENCE_MATCH,WITHIN_CAR_SEQUENCE_COUNT_MATCH,LATEST_AVAILABLE_ISSUE_SAME_CYCLE_VALID_TIME_INTERPOLATION,90,HRRR_CONSERVATIVE_FIXED_LAG_V1,7fa0a02223a77db591539cf42bdd4e9461df15bf4a9de77dfd5360c3deac89c6,2020-08-15T18:00:00Z,90.83333333333333,4fa0a7aa-aa49-56e9-8d1b-b0148b121fb5,1a93ea54-e387-5e8e-a26a-411f25ec60e3,2020-08-15T19:00:00Z,2020-08-15T20:00:00Z,1.0,2.0,-30.833333333333332,29.166666666666668,0.5138888888888888,True,True,True,True,False,False,HRRR forecast interpolated at an approximate performance timestamp. Not a retain/withdraw decision-state timestamp. Both bracketing forecasts come from the latest policy-available issue cycle.,291.9975600772434,292.3856506347656,291.6304473876953,LINEAR,782.1666666666666,813.0,753.0,LINEAR,2.078262427200874,1.8524579405784607,2.291861265897751,LINEAR,98686.25,98640.0,98730.0,LINEAR,0.0,0.0,0.0,LINEAR,303.8856608072917,303.455078125,304.29296875,LINEAR,-0.5080077648162842,-0.7032184600830078,-0.3233489990234375,LINEAR,-0.4240429666307237,-0.6803855895996094,-0.1815567016601562,LINEAR,0.0,0.0,0.0,LINEAR,18.847560077243404,19.235650634765648,18.480447387695335,LINEAR,2.078262427200874,1.8524579405784607,2.291861265897751,LINEAR,986.8625,986.4,987.3,LINEAR,49.20791641445687,51.61293336415456,46.932900380959055,LINEAR,782.1666666666666,813.0,753.0,LINEAR,30.73566080729169,30.305078125000023,31.142968750000023,LINEAR,53.520600006454444,45.945435491862625,60.68629616890618,CIRCULAR_SHORTEST_ARC,0.6662215467130082,0.9784890153375893,0.3708334007167827,LINEAR
7799cc62-18bb-568d-9de2-16cb3622a0de,INDY500_DAY1_2020,3,Helio Castroneves,2.0,2020-08-15T19:39:10Z,PERFORMANCE_GRADE_2020_2021_2023,PERFORMANCE_GRADE_SEQUENCE_MATCH,WITHIN_CAR_SEQUENCE_COUNT_MATCH,LATEST_AVAILABLE_ISSUE_SAME_CYCLE_VALID_TIME_INTERPOLATION,90,HRRR_CONSERVATIVE_FIXED_LAG_V1,7fa0a02223a77db591539cf42bdd4e9461df15bf4a9de77dfd5360c3deac89c6,2020-08-15T18:00:00Z,99.16666666666667,4fa0a7aa-aa49-56e9-8d1b-b0148b121fb5,1a93ea54-e387-5e8e-a26a-411f25ec60e3,2020-08-15T19:00:00Z,2020-08-15T20:00:00Z,1.0,2.0,-39.166666666666664,20.833333333333332,0.6527777777777778,True,True,True,True,False,False,HRRR forecast interpolated at an approximate performance timestamp. Not a retain/withdraw decision-state timestamp. Both bracketing forecasts come from the latest policy-available issue cycle.,291.8926707373725,292.3856506347656,291.6304473876953,LINEAR,773.8333333333334,813.0,753.0,LINEAR,2.1392906668285527,1.8524579405784607,2.291861265897751,LINEAR,98698.75,98640.0,98730.0,LINEAR,0.0,0.0,0.0,LINEAR,304.0020345052083,303.455078125,304.29296875,LINEAR,-0.4552481174468994,-0.7032184600830078,-0.3233489990234375,LINEAR,-0.354761176639133,-0.6803855895996094,-0.1815567016601562,LINEAR,0.0,0.0,0.0,LINEAR,18.742670737372528,19.235650634765648,18.480447387695335,LINEAR,2.1392906668285527,1.8524579405784607,2.291861265897751,LINEAR,986.9875,986.4,987.3,LINEAR,48.557911833457496,51.61293336415456,46.932900380959055,LINEAR,773.8333333333334,813.0,753.0,LINEAR,30.852034505208355,30.305078125000023,31.142968750000023,LINEAR,55.567941767154934,45.945435491862625,60.68629616890618,CIRCULAR_SHORTEST_ARC,0.5818249335712294,0.9784890153375893,0.3708334007167827,LINEAR
63886d30-e3e7-575f-a896-d317da3b03c2,INDY500_DAY1_2020,22,Simon Pagenaud,2.0,2020-08-15T19:58:20Z,PERFORMANCE_GRADE_2020_2021_2023,PERFORMANCE_GRADE_SEQUENCE_MATCH,WITHIN_CAR_SEQUENCE_COUNT_MATCH,LATEST_AVAILABLE_ISSUE_SAME_CYCLE_VALID_TIME_INTERPOLATION,90,HRRR_CONSERVATIVE_FIXED_LAG_V1,7fa0a02223a77db591539cf42bdd4e9461df15bf4a9de77dfd5360c3deac89c6,2020-08-15T18:00:00Z,118.33333333333333,4fa0a7aa-aa49-56e9-8d1b-b0148b121fb5,1a93ea54-e387-5e8e-a26a-411f25ec60e3,2020-08-15T19:00:00Z,2020-08-15T20:00:00Z,1.0,2.0,-58.333333333333336,1.6666666666666667,0.9722222222222222,True,True,True,True,False,False,HRRR forecast interpolated at an approximate performance timestamp. Not a retain/withdraw decision-state timestamp. Both bracketing forecasts come from the latest policy-available issue cycle.,291.6514252556695,292.3856506347656,291.6304473876953,LINEAR,754.6666666666666,813.0,753.0,LINEAR,2.279655617972215,1.8524579405784607,2.291861265897751,LINEAR,98727.5,98640.0,98730.0,LINEAR,0.0,0.0,0.0,LINEAR,304.2696940104167,303.455078125,304.29296875,LINEAR,-0.33390092849731445,-0.7032184600830078,-0.3233489990234375,LINEAR,-0.19541305965847433,-0.6803855895996094,-0.1815567016601562,LINEAR,0.0,0.0,0.0,LINEAR,18.50142525566951,19.235650634765648,18.480447387695335,LINEAR,2.279655617972215,1.8524579405784607,2.291861265897751,LINEAR,987.275,986.4,987.3,LINEAR,47.06290129715893,51.61293336415456,46.932900380959055,LINEAR,754.6666666666666,813.0,753.0,LINEAR,31.11969401041669,30.305078125000023,31.142968750000023,LINEAR,60.27682781676607,45.945435491862625,60.68629616890618,CIRCULAR_SHORTEST_ARC,0.3877127233451385,0.9784890153375893,0.3708334007167827,LINEAR
fe1f030c-0baa-54f3-8c55-6ad8fd58f371,INDY500_DAY1_2020,51,James Davison,2.0,2020-08-15T20:05:00Z,PERFORMANCE_GRADE_2020_2021_2023,PERFORMANCE_GRADE_SEQUENCE_MATCH,WITHIN_CAR_SEQUENCE_COUNT_MATCH,LATEST_AVAILABLE_ISSUE_SAME_CYCLE_VALID_TIME_INTERPOLATION,90,HRRR_CONSERVATIVE_FIXED_LAG_V1,7fa0a02223a77db591539cf42bdd4e9461df15bf4a9de77dfd5360c3deac89c6,2020-08-15T18:00:00Z,125.0,1a93ea54-e387-5e8e-a26a-411f25ec60e3,b678d1f3-a2e8-5add-b963-c0af5e74c6f4,2020-08-15T20:00:00Z,2020-08-15T21:00:00Z,2.0,3.0,-5.0,55.0,0.08333333333333333,True,True,True,True,False,False,HRRR forecast interpolated at an approximate performance timestamp. Not a retain/withdraw decision-state timestamp. Both bracketing forecasts come from the latest policy-available issue cycle.,291.5811297098796,291.6304473876953,291.03863525390625,LINEAR,742.0916666666667,753.0,622.1,LINEAR,2.2880970425903797,2.291861265897751,2.246690586209297,LINEAR,98721.66666666667,98730.0,98630.0,LINEAR,0.0,0.0,0.0,LINEAR,304.332768758138,304.29296875,304.77056884765625,LINEAR,-0.22979164123535156,-0.3233489990234375,0.7993392944335938,LINEAR,-0.22453991572062168,-0.1815567016601562,-0.6973552703857422,LINEAR,0.0,0.0,0.0,LINEAR,18.43112970987958,18.480447387695335,17.888635253906273,LINEAR,2.2880970425903797,2.291861265897751,2.246690586209297,LINEAR,987.2166666666666,987.3,986.3,LINEAR,46.68927074305926,46.932900380959055,44.00934472616152,LINEAR,742.0916666666667,753.0,622.1,LINEAR,31.182768758138042,31.142968750000023,31.620568847656273,LINEAR,51.55426478127683,60.68629616890618,311.10191951735396,CIRCULAR_SHORTEST_ARC,0.42832869425574316,0.3708334007167827,1.0607769231843078,LINEAR
fb65c8cf-d1c6-583e-9563-6c22e29bb081,INDY500_DAY1_2020,59,Max Chilton,2.0,2020-08-15T20:10:00Z,PERFORMANCE_GRADE_2020_2021_2023,PERFORMANCE_GRADE_SEQUENCE_MATCH,WITHIN_CAR_SEQUENCE_COUNT_MATCH,LATEST_AVAILABLE_ISSUE_SAME_CYCLE_VALID_TIME_INTERPOLATION,90,HRRR_CONSERVATIVE_FIXED_LAG_V1,7fa0a02223a77db591539cf42bdd4e9461df15bf4a9de77dfd5360c3deac89c6,2020-08-15T18:00:00Z,130.0,1a93ea54-e387-5e8e-a26a-411f25ec60e3,b678d1f3-a2e8-5add-b963-c0af5e74c6f4,2020-08-15T20:00:00Z,2020-08-15T21:00:00Z,2.0,3.0,-10.0,50.0,0.16666666666666666,True,True,True,True,False,False,HRRR forecast interpolated at an approximate performance timestamp. Not a retain/withdraw decision-state timestamp. Both bracketing forecasts come from the latest policy-available issue cycle.,291.5318120320638,291.6304473876953,291.03863525390625,LINEAR,731.1833333333334,753.0,622.1,LINEAR,2.2843328192830086,2.291861265897751,2.246690586209297,LINEAR,98713.33333333333,98730.0,98630.0,LINEAR,0.0,0.0,0.0,LINEAR,304.37256876627606,304.29296875,304.77056884765625,LINEAR,-0.13623428344726562,-0.3233489990234375,0.7993392944335938,LINEAR,-0.26752312978108717,-0.1815567016601562,-0.6973552703857422,LINEAR,0.0,0.0,0.0,LINEAR,18.381812032063824,18.480447387695335,17.888635253906273,LINEAR,2.2843328192830086,2.291861265897751,2.246690586209297,LINEAR,987.1333333333333,987.3,986.3,LINEAR,46.44564110515947,46.932900380959055,44.00934472616152,LINEAR,731.1833333333334,753.0,622.1,LINEAR,31.222568766276066,31.142968750000023,31.620568847656273,LINEAR,42.422233393647474,60.68629616890618,311.10191951735396,CIRCULAR_SHORTEST_ARC,0.4858239877947036,0.3708334007167827,1.0607769231843078,LINEAR
757828a3-822d-5bd8-b9f0-681a6918b48b,INDY500_DAY1_2020,5,Pato O'Ward,2.0,2020-08-15T20:22:30Z,PERFORMANCE_GRADE_2020_2021_2023,PERFORMANCE_GRADE_SEQUENCE_MATCH,WITHIN_CAR_SEQUENCE_COUNT_MATCH,LATEST_AVAILABLE_ISSUE_SAME_CYCLE_VALID_TIME_INTERPOLATION,90,HRRR_CONSERVATIVE_FIXED_LAG_V1,7fa0a02223a77db591539cf42bdd4e9461df15bf4a9de77dfd5360c3deac89c6,2020-08-15T18:00:00Z,142.5,1a93ea54-e387-5e8e-a26a-411f25ec60e3,b678d1f3-a2e8-5add-b963-c0af5e74c6f4,2020-08-15T20:00:00Z,2020-08-15T21:00:00Z,2.0,3.0,-22.5,37.5,0.375,True,True,True,True,False,False,HRRR forecast interpolated at an approximate performance timestamp. Not a retain/withdraw decision-state timestamp. Both bracketing forecasts come from the latest policy-available issue cycle.,291.4085178375244,291.6304473876953,291.03863525390625,LINEAR,703.9125,753.0,622.1,LINEAR,2.2749222610145807,2.291861265897751,2.246690586209297,LINEAR,98692.5,98730.0,98630.0,LINEAR,0.0,0.0,0.0,LINEAR,304.4720687866211,304.29296875,304.77056884765625,LINEAR,0.09765911102294922,-0.3233489990234375,0.7993392944335938,LINEAR,-0.3749811649322509,-0.1815567016601562,-0.6973552703857422,LINEAR,0.0,0.0,0.0,LINEAR,18.258517837524437,18.480447387695335,17.888635253906273,LINEAR,2.2749222610145807,2.291861265897751,2.246690586209297,LINEAR,986.925,987.3,986.3,LINEAR,45.83656701040998,46.932900380959055,44.00934472616152,LINEAR,703.9125,753.0,622.1,LINEAR,31.322068786621116,31.142968750000023,31.620568847656273,LINEAR,19.59215492457409,60.68629616890618,311.10191951735396,CIRCULAR_SHORTEST_ARC,0.6295622216421046,0.3708334007167827,1.0607769231843078,LINEAR
49fbc16c-9d6c-5076-a96b-2b64ebe2bbac,INDY500_DAY1_2020,7,Oliver Askew,2.0,2020-08-15T20:35:50Z,PERFORMANCE_GRADE_2020_2021_2023,PERFORMANCE_GRADE_SEQUENCE_MATCH,WITHIN_CAR_SEQUENCE_COUNT_MATCH,LATEST_AVAILABLE_ISSUE_SAME_CYCLE_VALID_TIME_INTERPOLATION,90,HRRR_CONSERVATIVE_FIXED_LAG_V1,7fa0a02223a77db591539cf42bdd4e9461df15bf4a9de77dfd5360c3deac89c6,2020-08-15T19:00:00Z,95.83333333333333,0757d889-e794-549a-bfa5-adecc87af97f,258c9c57-83f7-59d3-af60-1611bd1840cc,2020-08-15T20:00:00Z,2020-08-15T21:00:00Z,1.0,2.0,-35.833333333333336,24.166666666666668,0.5972222222222222,True,True,True,True,False,False,HRRR forecast interpolated at an approximate performance timestamp. Not a retain/withdraw decision-state timestamp. Both bracketing forecasts come from the latest policy-available issue cycle.,291.7423587375217,292.2109069824219,291.4263610839844,LINEAR,677.3777777777779,750.0,628.4000000000001,LINEAR,2.781620752066374,3.2129676789045334,2.490712359547615,LINEAR,98662.08333333333,98680.0,98650.0,LINEAR,0.0,0.0,0.0,LINEAR,304.3592601352268,304.0511169433594,304.56707763671875,LINEAR,-0.7044303682115343,-1.123281478881836,-0.4219493865966797,LINEAR,-0.643213775422838,-0.6655483245849609,-0.6281509399414062,LINEAR,0.0,0.0,0.0,LINEAR,18.592358737521725,19.060906982421898,18.2763610839844,LINEAR,2.781620752066374,3.2129676789045334,2.490712359547615,LINEAR,986.6208333333333,986.8,986.5,LINEAR,47.11873642548603,49.34254527686226,45.618958362929966,LINEAR,677.3777777777779,750.0,628.4000000000001,LINEAR,31.209260135226803,30.9011169433594,31.417077636718773,LINEAR,44.14629562141636,59.35310572268304,33.89053997172486,CIRCULAR_SHORTEST_ARC,0.9778118166267598,1.3056476757367637,0.7567132139711757,LINEAR
a453921d-72c6-5030-aea8-b3500366bce1,INDY500_DAY1_2020,88,Colton Herta,3.0,2020-08-15T20:39:10Z,PERFORMANCE_GRADE_2020_2021_2023,PERFORMANCE_GRADE_SEQUENCE_MATCH,WITHIN_CAR_SEQUENCE_COUNT_MATCH,LATEST_AVAILABLE_ISSUE_SAME_CYCLE_VALID_TIME_INTERPOLATION,90,HRRR_CONSERVATIVE_FIXED_LAG_V1,7fa0a02223a77db591539cf42bdd4e9461df15bf4a9de77dfd5360c3deac89c6,2020-08-15T19:00:00Z,99.16666666666667,0757d889-e794-549a-bfa5-adecc87af97f,258c9c57-83f7-59d3-af60-1611bd1840cc,2020-08-15T20:00:00Z,2020-08-15T21:00:00Z,1.0,2.0,-39.166666666666664,20.833333333333332,0.6527777777777778,True,True,True,True,False,False,HRRR forecast interpolated at an approximate performance timestamp. Not a retain/withdraw decision-state timestamp. Both bracketing forecasts come from the latest policy-available issue cycle.,291.69877285427515,292.2109069824219,291.4263610839844,LINEAR,670.6222222222223,750.0,628.4000000000001,LINEAR,2.741495456546545,3.2129676789045334,2.490712359547615,LINEAR,98660.41666666667,98680.0,98650.0,LINEAR,0.0,0.0,0.0,LINEAR,304.38792461819116,304.0511169433594,304.56707763671875,LINEAR,-0.6654674741956923,-1.123281478881836,-0.4219493865966797,LINEAR,-0.6411361429426405,-0.6655483245849609,-0.6281509399414062,LINEAR,0.0,0.0,0.0,LINEAR,18.5487728542752,19.060906982421898,18.2763610839844,LINEAR,2.741495456546545,3.2129676789045334,2.490712359547615,LINEAR,986.6041666666666,986.8,986.5,LINEAR,46.91187048582312,49.34254527686226,45.618958362929966,LINEAR,670.6222222222223,750.0,628.4000000000001,LINEAR,31.23792461819121,30.9011169433594,31.417077636718773,LINEAR,42.73170863525202,59.35310572268304,33.89053997172486,CIRCULAR_SHORTEST_ARC,0.9473154576397826,1.3056476757367637,0.7567132139711757,LINEAR
f72a4ad2-cc9e-5aae-a17b-6afc989208f3,INDY500_DAY1_2020,9,Scott Dixon,4.0,2020-08-15T20:50:50Z,PERFORMANCE_GRADE_2020_2021_2023,PERFORMANCE_GRADE_SEQUENCE_MATCH,WITHIN_CAR_SEQUENCE_COUNT_MATCH,LATEST_AVAILABLE_ISSUE_SAME_CYCLE_VALID_TIME_INTERPOLATION,90,HRRR_CONSERVATIVE_FIXED_LAG_V1,7fa0a02223a77db591539cf42bdd4e9461df15bf4a9de77dfd5360c3deac89c6,2020-08-15T19:00:00Z,110.83333333333333,0757d889-e794-549a-bfa5-adecc87af97f,258c9c57-83f7-59d3-af60-1611bd1840cc,2020-08-15T20:00:00Z,2020-08-15T21:00:00Z,1.0,2.0,-50.833333333333336,9.166666666666666,0.8472222222222222,True,True,True,True,False,False,HRRR forecast interpolated at an approximate performance timestamp. Not a retain/withdraw decision-state timestamp. Both bracketing forecasts come from the latest policy-available issue cycle.,291.54622226291235,292.2109069824219,291.4263610839844,LINEAR,646.9777777777779,750.0,628.4000000000001,LINEAR,2.6010569222271442,3.2129676789045334,2.490712359547615,LINEAR,98654.58333333333,98680.0,98650.0,LINEAR,0.0,0.0,0.0,LINEAR,304.48825030856665,304.0511169433594,304.56707763671875,LINEAR,-0.5290973451402452,-1.123281478881836,-0.4219493865966797,LINEAR,-0.6338644292619493,-0.6655483245849609,-0.6281509399414062,LINEAR,0.0,0.0,0.0,LINEAR,18.396222262912353,19.060906982421898,18.2763610839844,LINEAR,2.6010569222271442,3.2129676789045334,2.490712359547615,LINEAR,986.5458333333333,986.8,986.5,LINEAR,46.18783969700296,49.34254527686226,45.618958362929966,LINEAR,646.9777777777779,750.0,628.4000000000001,LINEAR,31.338250308566646,30.9011169433594,31.417077636718773,LINEAR,37.780654183676816,59.35310572268304,33.89053997172486,CIRCULAR_SHORTEST_ARC,0.8405782011853629,1.3056476757367637,0.7567132139711757,LINEAR
d21081ad-a290-598a-a343-73123d94cb55,INDY500_DAY1_2021,9,Scott Dixon,1.0,2021-05-22T16:01:36Z,PERFORMANCE_GRADE_2020_2021_2023,PERFORMANCE_GRADE_SEQUENCE_MATCH,WITHIN_CAR_SEQUENCE_COUNT_MATCH,LATEST_AVAILABLE_ISSUE_SAME_CYCLE_VALID_TIME_INTERPOLATION,90,HRRR_CONSERVATIVE_FIXED_LAG_V1,7fa0a02223a77db591539cf42bdd4e9461df15bf4a9de77dfd5360c3deac89c6,2021-05-22T14:00:00Z,121.6,004ba43a-5488-5545-8bc5-533c978649c9,1e8cdff9-4f9c-5aee-8b7b-dc7de9b2d4e6,2021-05-22T16:00:00Z,2021-05-22T17:00:00Z,2.0,3.0,-1.6,58.4,0.02666666666666667,True,True,True,True,False,False,HRRR forecast interpolated at an approximate performance timestamp. Not a retain/withdraw decision-state timestamp. Both bracketing forecasts come from the latest policy-available issue cycle.,287.820083211263,287.86512756347656,286.17596435546875,LINEAR,431.48,423.0,741.0,LINEAR,4.433436875840028,4.415432311594486,5.090603470802307,LINEAR,100121.06666666667,100120.0,100160.0,LINEAR,100.0,100.0,100.0,LINEAR,297.6559729003906,297.5993347167969,299.7232666015625,LINEAR,0.5594344202677409,0.521092414855957,1.9589176177978516,LINEAR,2.0794463857014973,2.097442626953125,1.4225835800170898,LINEAR,100.0,100.0,100.0,LINEAR,14.670083211263043,14.715127563476583,13.025964355468773,LINEAR,4.433436875840028,4.415432311594486,5.090603470802307,LINEAR,1001.2106666666667,1001.2,1001.6,LINEAR,54.313803818654684,54.61974196782112,43.14706137407966,LINEAR,431.48,423.0,741.0,LINEAR,24.50597290039065,24.449334716796898,26.573266601562523,LINEAR,195.0204612227881,193.95218591544727,234.0125099407288,CIRCULAR_SHORTEST_ARC,2.1681311627761493,2.1612040343707575,2.4209713495729455,LINEAR
c2deab22-d3a0-5601-80f8-4cbf631c8f88,INDY500_DAY1_2021,98,Marco Andretti,1.0,2021-05-22T16:05:46Z,PERFORMANCE_GRADE_2020_2021_2023,PERFORMANCE_GRADE_SEQUENCE_MATCH,WITHIN_CAR_SEQUENCE_COUNT_MATCH,LATEST_AVAILABLE_ISSUE_SAME_CYCLE_VALID_TIME_INTERPOLATION,90,HRRR_CONSERVATIVE_FIXED_LAG_V1,7fa0a02223a77db591539cf42bdd4e9461df15bf4a9de77dfd5360c3deac89c6,2021-05-22T14:00:00Z,125.76666666666667,004ba43a-5488-5545-8bc5-533c978649c9,1e8cdff9-4f9c-5aee-8b7b-dc7de9b2d4e6,2021-05-22T16:00:00Z,2021-05-22T17:00:00Z,2.0,3.0,-5.766666666666667,54.233333333333334,0.0961111111111111,True,True,True,True,False,False,HRRR forecast interpolated at an approximate performance timestamp. Not a retain/withdraw decision-state timestamp. Both bracketing forecasts come from the latest policy-available issue cycle.,287.7027802107069,287.86512756347656,286.17596435546875,LINEAR,453.56333333333333,423.0,741.0,LINEAR,4.480323761896127,4.415432311594486,5.090603470802307,LINEAR,100123.84444444445,100120.0,100160.0,LINEAR,100.0,100.0,100.0,LINEAR,297.803468170166,297.5993347167969,299.7232666015625,LINEAR,0.6592833926942614,0.521092414855957,1.9589176177978516,LINEAR,2.032581174108717,2.097442626953125,1.4225835800170898,LINEAR,100.0,100.0,100.0,LINEAR,14.552780210706944,14.715127563476583,13.025964355468773,LINEAR,4.480323761896127,4.415432311594486,5.090603470802307,LINEAR,1001.2384444444444,1001.2,1001.6,LINEAR,53.51708988853375,54.61974196782112,43.14706137407966,LINEAR,453.56333333333333,423.0,741.0,LINEAR,24.65346817016604,24.449334716796898,26.573266601562523,LINEAR,197.80242816898823,193.95218591544727,234.0125099407288,CIRCULAR_SHORTEST_ARC,2.18617055966519,2.1612040343707575,2.4209713495729455,LINEAR
88cb337e-a17d-5daf-a5c7-2770ed90181f,INDY500_DAY1_2021,28,Ryan Hunter-Reay,1.0,2021-05-22T16:10:46Z,PERFORMANCE_GRADE_2020_2021_2023,PERFORMANCE_GRADE_SEQUENCE_MATCH,WITHIN_CAR_SEQUENCE_COUNT_MATCH,LATEST_AVAILABLE_ISSUE_SAME_CYCLE_VALID_TIME_INTERPOLATION,90,HRRR_CONSERVATIVE_FIXED_LAG_V1,7fa0a02223a77db591539cf42bdd4e9461df15bf4a9de77dfd5360c3deac89c6,2021-05-22T14:00:00Z,130.76666666666668,004ba43a-5488-5545-8bc5-533c978649c9,1e8cdff9-4f9c-5aee-8b7b-dc7de9b2d4e6,2021-05-22T16:00:00Z,2021-05-22T17:00:00Z,2.0,3.0,-10.766666666666667,49.233333333333334,0.17944444444444443,True,True,True,True,False,False,HRRR forecast interpolated at an approximate performance timestamp. Not a retain/withdraw decision-state timestamp. Both bracketing forecasts come from the latest policy-available issue cycle.,287.5620166100396,287.86512756347656,286.17596435546875,LINEAR,480.06333333333333,423.0,741.0,LINEAR,4.536588025163446,4.415432311594486,5.090603470802307,LINEAR,100127.17777777778,100120.0,100160.0,LINEAR,100.0,100.0,100.0,LINEAR,297.9804624938965,297.5993347167969,299.7232666015625,LINEAR,0.7791021596060859,0.521092414855957,1.9589176177978516,LINEAR,1.976342920197381,2.097442626953125,1.4225835800170898,LINEAR,100.0,100.0,100.0,LINEAR,14.412016610039625,14.715127563476583,13.025964355468773,LINEAR,4.536588025163446,4.415432311594486,5.090603470802307,LINEAR,1001.2717777777779,1001.2,1001.6,LINEAR,52.561033172388626,54.61974196782112,43.14706137407966,LINEAR,480.06333333333333,423.0,741.0,LINEAR,24.83046249389651,24.449334716796898,26.573266601562523,LINEAR,201.14078850442834,193.95218591544727,234.0125099407288,CIRCULAR_SHORTEST_ARC,2.207817835932039,2.1612040343707575,2.4209713495729455,LINEAR
c52b77d3-be73-50d2-86d6-940d8843fb36,INDY500_DAY1_2021,6,Helio Castroneves,1.0,2021-05-22T16:14:56Z,PERFORMANCE_GRADE_2020_2021_2023,PERFORMANCE_GRADE_SEQUENCE_MATCH,WITHIN_CAR_SEQUENCE_COUNT_MATCH,LATEST_AVAILABLE_ISSUE_SAME_CYCLE_VALID_TIME_INTERPOLATION,90,HRRR_CONSERVATIVE_FIXED_LAG_V1,7fa0a02223a77db591539cf42bdd4e9461df15bf4a9de77dfd5360c3deac89c6,2021-05-22T14:00:00Z,134.93333333333334,004ba43a-5488-5545-8bc5-533c978649c9,1e8cdff9-4f9c-5aee-8b7b-dc7de9b2d4e6,2021-05-22T16:00:00Z,2021-05-22T17:00:00Z,2.0,3.0,-14.933333333333334,45.06666666666667,0.24888888888888888,True,True,True,True,False,False,HRRR forecast interpolated at an approximate performance timestamp. Not a retain/withdraw decision-state timestamp. Both bracketing forecasts come from the latest policy-available issue cycle.,287.44471360948353,287.86512756347656,286.17596435546875,LINEAR,502.14666666666665,423.0,741.0,LINEAR,4.583474911219544,4.415432311594486,5.090603470802307,LINEAR,100129.95555555556,100120.0,100160.0,LINEAR,100.0,100.0,100.0,LINEAR,298.1279577636719,297.5993347167969,299.7232666015625,LINEAR,0.8789511320326063,0.521092414855957,1.9589176177978516,LINEAR,1.9294777086046007,2.097442626953125,1.4225835800170898,LINEAR,100.0,100.0,100.0,LINEAR,14.294713609483528,14.715127563476583,13.025964355468773,LINEAR,4.583474911219544,4.415432311594486,5.090603470802307,LINEAR,1001.2995555555556,1001.2,1001.6,LINEAR,51.76431924226769,54.61974196782112,43.14706137407966,LINEAR,502.14666666666665,423.0,741.0,LINEAR,24.9779577636719,24.449334716796898,26.573266601562523,LINEAR,203.92275545062844,193.95218591544727,234.0125099407288,CIRCULAR_SHORTEST_ARC,2.2258572328210797,2.1612040343707575,2.4209713495729455,LINEAR
4e9e7c88-ddeb-5840-93be-4f539f6eaf04,INDY500_DAY1_2021,18,Ed Jones,1.0,2021-05-22T16:19:56Z,PERFORMANCE_GRADE_2020_2021_2023,PERFORMANCE_GRADE_SEQUENCE_MATCH,WITHIN_CAR_SEQUENCE_COUNT_MATCH,LATEST_AVAILABLE_ISSUE_SAME_CYCLE_VALID_TIME_INTERPOLATION,90,HRRR_CONSERVATIVE_FIXED_LAG_V1,7fa0a02223a77db591539cf42bdd4e9461df15bf4a9de77dfd5360c3deac89c6,2021-05-22T14:00:00Z,139.93333333333334,004ba43a-5488-5545-8bc5-533c978649c9,1e8cdff9-4f9c-5aee-8b7b-dc7de9b2d4e6,2021-05-22T16:00:00Z,2021-05-22T17:00:00Z,2.0,3.0,-19.933333333333334,40.06666666666667,0.3322222222222222,True,True,True,True,False,False,HRRR forecast interpolated at an approximate performance timestamp. Not a retain/withdraw decision-state timestamp. Both bracketing forecasts come from the latest policy-available issue cycle.,287.3039500088162,287.86512756347656,286.17596435546875,LINEAR,528.6466666666666,423.0,741.0,LINEAR,4.639739174486862,4.415432311594486,5.090603470802307,LINEAR,100133.28888888888,100120.0,100160.0,LINEAR,100.0,100.0,100.0,LINEAR,298.30495208740234,297.5993347167969,299.7232666015625,LINEAR,0.9987698989444309,0.521092414855957,1.9589176177978516,LINEAR,1.8732394546932645,2.097442626953125,1.4225835800170898,LINEAR,100.0,100.0,100.0,LINEAR,14.15395000881621,14.715127563476583,13.025964355468773,LINEAR,4.639739174486862,4.415432311594486,5.090603470802307,LINEAR,1001.3328888888889,1001.2,1001.6,LINEAR,50.80826252612257,54.61974196782112,43.14706137407966,LINEAR,528.6466666666666,423.0,741.0,LINEAR,25.154952087402368,24.449334716796898,26.573266601562523,LINEAR,207.2611157860686,193.95218591544727,234.0125099407288,CIRCULAR_SHORTEST_ARC,2.247504509087929,2.1612040343707575,2.4209713495729455,LINEAR
95cca25b-de13-5fc7-81bf-9426674aa35c,INDY500_DAY1_2021,29,James Hinchcliffe,1.0,2021-05-22T16:24:56Z,PERFORMANCE_GRADE_2020_2021_2023,PERFORMANCE_GRADE_SEQUENCE_MATCH,WITHIN_CAR_SEQUENCE_COUNT_MATCH,LATEST_AVAILABLE_ISSUE_SAME_CYCLE_VALID_TIME_INTERPOLATION,90,HRRR_CONSERVATIVE_FIXED_LAG_V1,7fa0a02223a77db591539cf42bdd4e9461df15bf4a9de77dfd5360c3deac89c6,2021-05-22T14:00:00Z,144.93333333333334,004ba43a-5488-5545-8bc5-533c978649c9,1e8cdff9-4f9c-5aee-8b7b-dc7de9b2d4e6,2021-05-22T16:00:00Z,2021-05-22T17:00:00Z,2.0,3.0,-24.933333333333334,35.06666666666667,0.41555555555555557,True,True,True,True,False,False,HRRR forecast interpolated at an approximate performance timestamp. Not a retain/withdraw decision-state timestamp. Both bracketing forecasts come from the latest policy-available issue cycle.,287.1631864081489,287.86512756347656,286.17596435546875,LINEAR,555.1466666666666,423.0,741.0,LINEAR,4.696003437754181,4.415432311594486,5.090603470802307,LINEAR,100136.62222222223,100120.0,100160.0,LINEAR,100.0,100.0,100.0,LINEAR,298.4819464111328,297.5993347167969,299.7232666015625,LINEAR,1.1185886658562554,0.521092414855957,1.9589176177978516,LINEAR,1.8170012007819283,2.097442626953125,1.4225835800170898,LINEAR,100.0,100.0,100.0,LINEAR,14.013186408148893,14.715127563476583,13.025964355468773,LINEAR,4.696003437754181,4.415432311594486,5.090603470802307,LINEAR,1001.3662222222223,1001.2,1001.6,LINEAR,49.85220580997745,54.61974196782112,43.14706137407966,LINEAR,555.1466666666666,423.0,741.0,LINEAR,25.331946411132837,24.449334716796898,26.573266601562523,LINEAR,210.5994761215087,193.95218591544727,234.0125099407288,CIRCULAR_SHORTEST_ARC,2.269151785354778,2.1612040343707575,2.4209713495729455,LINEAR
8c31470a-6324-527c-bfc3-fe19d8c1dc4d,INDY500_DAY1_2021,25,Stefan Wilson,1.0,2021-05-22T16:29:56Z,PERFORMANCE_GRADE_2020_2021_2023,PERFORMANCE_GRADE_SEQUENCE_MATCH,WITHIN_CAR_SEQUENCE_COUNT_MATCH,LATEST_AVAILABLE_ISSUE_SAME_CYCLE_VALID_TIME_INTERPOLATION,90,HRRR_CONSERVATIVE_FIXED_LAG_V1,7fa0a02223a77db591539cf42bdd4e9461df15bf4a9de77dfd5360c3deac89c6,2021-05-22T14:00:00Z,149.93333333333334,004ba43a-5488-5545-8bc5-533c978649c9,1e8cdff9-4f9c-5aee-8b7b-dc7de9b2d4e6,2021-05-22T16:00:00Z,2021-05-22T17:00:00Z,2.0,3.0,-29.933333333333334,30.066666666666666,0.4988888888888889,True,True,True,True,False,False,HRRR forecast interpolated at an approximate performance timestamp. Not a retain/withdraw decision-state timestamp. Both bracketing forecasts come from the latest policy-available issue cycle.,287.0224228074816,287.86512756347656,286.17596435546875,LINEAR,581.6466666666666,423.0,741.0,LINEAR,4.752267701021499,4.415432311594486,5.090603470802307,LINEAR,100139.95555555556,100120.0,100160.0,LINEAR,100.0,100.0,100.0,LINEAR,298.6589407348633,297.5993347167969,299.7232666015625,LINEAR,1.23840743276808,0.521092414855957,1.9589176177978516,LINEAR,1.7607629468705919,2.097442626953125,1.4225835800170898,LINEAR,100.0,100.0,100.0,LINEAR,13.872422807481575,14.715127563476583,13.025964355468773,LINEAR,4.752267701021499,4.415432311594486,5.090603470802307,LINEAR,1001.3995555555556,1001.2,1001.6,LINEAR,48.89614909383233,54.61974196782112,43.14706137407966,LINEAR,581.6466666666666,423.0,741.0,LINEAR,25.508940734863305,24.449334716796898,26.573266601562523,LINEAR,213.93783645694884,193.95218591544727,234.0125099407288,CIRCULAR_SHORTEST_ARC,2.2907990616216267,2.1612040343707575,2.4209713495729455,LINEAR
6b431530-73f9-5f7c-9847-5092f30c1cb4,INDY500_DAY1_2021,48,Tony Kanaan,1.0,2021-05-22T16:34:06Z,PERFORMANCE_GRADE_2020_2021_2023,PERFORMANCE_GRADE_SEQUENCE_MATCH,WITHIN_CAR_SEQUENCE_COUNT_MATCH,LATEST_AVAILABLE_ISSUE_SAME_CYCLE_VALID_TIME_INTERPOLATION,90,HRRR_CONSERVATIVE_FIXED_LAG_V1,7fa0a02223a77db591539cf42bdd4e9461df15bf4a9de77dfd5360c3deac89c6,2021-05-22T15:00:00Z,94.1,7792765a-2e70-5984-9b47-9bca204b1556,6ea6a1cc-9050-5f45-bf81-322afe1c4742,2021-05-22T16:00:00Z,2021-05-22T17:00:00Z,1.0,2.0,-34.1,25.9,0.5683333333333334,True,True,True,True,False,False,HRRR forecast interpolated at an approximate performance timestamp. Not a retain/withdraw decision-state timestamp. Both bracketing forecasts come from the latest policy-available issue cycle.,286.9173681894938,288.8747863769531,285.43064880371094,LINEAR,782.2966666666666,863.0,721.0,LINEAR,5.57169493076702,5.446826189756393,5.666536584496498,LINEAR,100157.05,100140.0,100170.0,LINEAR,100.0,100.0,100.0,LINEAR,298.9864641825358,297.99481201171875,299.7396545410156,LINEAR,1.0836177841822308,0.0695152282714843,1.8538599014282229,LINEAR,2.4868806902567546,2.213231086730957,2.69472599029541,LINEAR,100.0,100.0,100.0,LINEAR,13.767368189493837,15.724786376953148,12.28064880371096,LINEAR,5.57169493076702,5.446826189756393,5.666536584496498,LINEAR,1001.5705,1001.4,1001.7,LINEAR,47.899937668535166,56.91721482773259,41.051038008030375,LINEAR,782.2966666666666,863.0,721.0,LINEAR,25.83646418253583,24.844812011718773,26.589654541015648,LINEAR,200.39905380076866,181.79900790410733,214.5263613879689,CIRCULAR_SHORTEST_ARC,2.8147723099802575,2.2143225172124157,3.2708324165106712,LINEAR
c4c9ba22-d28c-5937-b36c-72fffbbb67b5,INDY500_DAY1_2021,2,Josef Newgarden,1.0,2021-05-22T16:39:06Z,PERFORMANCE_GRADE_2020_2021_2023,PERFORMANCE_GRADE_SEQUENCE_MATCH,WITHIN_CAR_SEQUENCE_COUNT_MATCH,LATEST_AVAILABLE_ISSUE_SAME_CYCLE_VALID_TIME_INTERPOLATION,90,HRRR_CONSERVATIVE_FIXED_LAG_V1,7fa0a02223a77db591539cf42bdd4e9461df15bf4a9de77dfd5360c3deac89c6,2021-05-22T15:00:00Z,99.1,7792765a-2e70-5984-9b47-9bca204b1556,6ea6a1cc-9050-5f45-bf81-322afe1c4742,2021-05-22T16:00:00Z,2021-05-22T17:00:00Z,1.0,2.0,-39.1,20.9,0.6516666666666666,True,True,True,True,False,False,HRRR forecast interpolated at an approximate performance timestamp. Not a retain/withdraw decision-state timestamp. Both bracketing forecasts come from the latest policy-available issue cycle.,286.63035672505697,288.8747863769531,285.43064880371094,LINEAR,770.4633333333334,863.0,721.0,LINEAR,5.590004130328695,5.446826189756393,5.666536584496498,LINEAR,100159.55,100140.0,100170.0,LINEAR,100.0,100.0,100.0,LINEAR,299.13186772664386,297.99481201171875,299.7396545410156,LINEAR,1.2323131736119588,0.0695152282714843,1.8538599014282229,LINEAR,2.5270052655537922,2.213231086730957,2.69472599029541,LINEAR,100.0,100.0,100.0,LINEAR,13.48035672505699,15.724786376953148,12.28064880371096,LINEAR,5.590004130328695,5.446826189756393,5.666536584496498,LINEAR,1001.5955,1001.4,1001.7,LINEAR,46.57775626689332,56.91721482773259,41.051038008030375,LINEAR,770.4633333333334,863.0,721.0,LINEAR,25.9818677266439,24.844812011718773,26.589654541015648,LINEAR,203.12633325775712,181.79900790410733,214.5263613879689,CIRCULAR_SHORTEST_ARC,2.9028148015884456,2.2143225172124157,3.2708324165106712,LINEAR
407a503c-1695-5af6-9b88-28e9d802c8d1,INDY500_DAY1_2021,21,Rinus VeeKay,1.0,2021-05-22T16:43:16Z,PERFORMANCE_GRADE_2020_2021_2023,PERFORMANCE_GRADE_SEQUENCE_MATCH,WITHIN_CAR_SEQUENCE_COUNT_MATCH,LATEST_AVAILABLE_ISSUE_SAME_CYCLE_VALID_TIME_INTERPOLATION,90,HRRR_CONSERVATIVE_FIXED_LAG_V1,7fa0a02223a77db591539cf42bdd4e9461df15bf4a9de77dfd5360c3deac89c6,2021-05-22T15:00:00Z,103.26666666666667,7792765a-2e70-5984-9b47-9bca204b1556,6ea6a1cc-9050-5f45-bf81-322afe1c4742,2021-05-22T16:00:00Z,2021-05-22T17:00:00Z,1.0,2.0,-43.266666666666666,16.733333333333334,0.7211111111111111,True,True,True,True,False,False,HRRR forecast interpolated at an approximate performance timestamp. Not a retain/withdraw decision-state timestamp. Both bracketing forecasts come from the latest policy-available issue cycle.,286.3911805046929,288.8747863769531,285.43064880371094,LINEAR,760.6022222222223,863.0,721.0,LINEAR,5.605261796630091,5.446826189756393,5.666536584496498,LINEAR,100161.63333333333,100140.0,100170.0,LINEAR,100.0,100.0,100.0,LINEAR,299.25303734673395,297.99481201171875,299.7396545410156,LINEAR,1.3562259981367326,0.0695152282714843,1.8538599014282229,LINEAR,2.560442411634657,2.213231086730957,2.69472599029541,LINEAR,100.0,100.0,100.0,LINEAR,13.241180504692949,15.724786376953148,12.28064880371096,LINEAR,5.605261796630091,5.446826189756393,5.666536584496498,LINEAR,1001.6163333333334,1001.4,1001.7,LINEAR,45.47593843219177,56.91721482773259,41.051038008030375,LINEAR,760.6022222222223,863.0,721.0,LINEAR,26.103037346733963,24.844812011718773,26.589654541015648,LINEAR,205.39906613858085,181.79900790410733,214.5263613879689,CIRCULAR_SHORTEST_ARC,2.976183544595269,2.2143225172124157,3.2708324165106712,LINEAR
20b68ba3-153d-53cd-9ef8-e81c295271bf,INDY500_DAY1_2021,3,Scott McLaughlin,1.0,2021-05-22T16:48:16Z,PERFORMANCE_GRADE_2020_2021_2023,PERFORMANCE_GRADE_SEQUENCE_MATCH,WITHIN_CAR_SEQUENCE_COUNT_MATCH,LATEST_AVAILABLE_ISSUE_SAME_CYCLE_VALID_TIME_INTERPOLATION,90,HRRR_CONSERVATIVE_FIXED_LAG_V1,7fa0a02223a77db591539cf42bdd4e9461df15bf4a9de77dfd5360c3deac89c6,2021-05-22T15:00:00Z,108.26666666666667,7792765a-2e70-5984-9b47-9bca204b1556,6ea6a1cc-9050-5f45-bf81-322afe1c4742,2021-05-22T16:00:00Z,2021-05-22T17:00:00Z,1.0,2.0,-48.266666666666666,11.733333333333333,0.8044444444444444,True,True,True,True,False,False,HRRR forecast interpolated at an approximate performance timestamp. Not a retain/withdraw decision-state timestamp. Both bracketing forecasts come from the latest policy-available issue cycle.,286.10416904025607,288.8747863769531,285.43064880371094,LINEAR,748.7688888888889,863.0,721.0,LINEAR,5.623570996191766,5.446826189756393,5.666536584496498,LINEAR,100164.13333333333,100140.0,100170.0,LINEAR,100.0,100.0,100.0,LINEAR,299.39844089084204,297.99481201171875,299.7396545410156,LINEAR,1.5049213875664607,0.0695152282714843,1.8538599014282229,LINEAR,2.6005669869316947,2.213231086730957,2.69472599029541,LINEAR,100.0,100.0,100.0,LINEAR,12.9541690402561,15.724786376953148,12.28064880371096,LINEAR,5.623570996191766,5.446826189756393,5.666536584496498,LINEAR,1001.6413333333334,1001.4,1001.7,LINEAR,44.15375703054992,56.91721482773259,41.051038008030375,LINEAR,748.7688888888889,863.0,721.0,LINEAR,26.248440890842037,24.844812011718773,26.589654541015648,LINEAR,208.12634559556932,181.79900790410733,214.5263613879689,CIRCULAR_SHORTEST_ARC,3.064226036203457,2.2143225172124157,3.2708324165106712,LINEAR
0e1c6c84-a0db-504e-9da0-b66aa65a338c,INDY500_DAY1_2021,30,Takuma Sato,1.0,2021-05-22T16:52:26Z,PERFORMANCE_GRADE_2020_2021_2023,PERFORMANCE_GRADE_SEQUENCE_MATCH,WITHIN_CAR_SEQUENCE_COUNT_MATCH,LATEST_AVAILABLE_ISSUE_SAME_CYCLE_VALID_TIME_INTERPOLATION,90,HRRR_CONSERVATIVE_FIXED_LAG_V1,7fa0a02223a77db591539cf42bdd4e9461df15bf4a9de77dfd5360c3deac89c6,2021-05-22T15:00:00Z,112.43333333333334,7792765a-2e70-5984-9b47-9bca204b1556,6ea6a1cc-9050-5f45-bf81-322afe1c4742,2021-05-22T16:00:00Z,2021-05-22T17:00:00Z,1.0,2.0,-52.43333333333333,7.566666666666666,0.8738888888888889,True,True,True,True,False,False,HRRR forecast interpolated at an approximate performance timestamp. Not a retain/withdraw decision-state timestamp. Both bracketing forecasts come from the latest policy-available issue cycle.,285.86499281989205,288.8747863769531,285.43064880371094,LINEAR,738.9077777777777,863.0,721.0,LINEAR,5.638828662493163,5.446826189756393,5.666536584496498,LINEAR,100166.21666666666,100140.0,100170.0,LINEAR,100.0,100.0,100.0,LINEAR,299.51961051093207,297.99481201171875,299.7396545410156,LINEAR,1.6288342120912342,0.0695152282714843,1.8538599014282229,LINEAR,2.6340041330125596,2.213231086730957,2.69472599029541,LINEAR,100.0,100.0,100.0,LINEAR,12.714992819892059,15.724786376953148,12.28064880371096,LINEAR,5.638828662493163,5.446826189756393,5.666536584496498,LINEAR,1001.6621666666667,1001.4,1001.7,LINEAR,43.05193919584838,56.91721482773259,41.051038008030375,LINEAR,738.9077777777777,863.0,721.0,LINEAR,26.369610510932098,24.844812011718773,26.589654541015648,LINEAR,210.39907847639302,181.79900790410733,214.5263613879689,CIRCULAR_SHORTEST_ARC,3.1375947792102803,2.2143225172124157,3.2708324165106712,LINEAR
8ea0aaac-52bc-55eb-a43e-39b83d6e866a,INDY500_DAY1_2021,45,Santino Ferrucci,1.0,2021-05-22T16:57:26Z,PERFORMANCE_GRADE_2020_2021_2023,PERFORMANCE_GRADE_SEQUENCE_MATCH,WITHIN_CAR_SEQUENCE_COUNT_MATCH,LATEST_AVAILABLE_ISSUE_SAME_CYCLE_VALID_TIME_INTERPOLATION,90,HRRR_CONSERVATIVE_FIXED_LAG_V1,7fa0a02223a77db591539cf42bdd4e9461df15bf4a9de77dfd5360c3deac89c6,2021-05-22T15:00:00Z,117.43333333333334,7792765a-2e70-5984-9b47-9bca204b1556,6ea6a1cc-9050-5f45-bf81-322afe1c4742,2021-05-22T16:00:00Z,2021-05-22T17:00:00Z,1.0,2.0,-57.43333333333333,2.566666666666667,0.9572222222222222,True,True,True,True,False,False,HRRR forecast interpolated at an approximate performance timestamp. Not a retain/withdraw decision-state timestamp. Both bracketing forecasts come from the latest policy-available issue cycle.,285.57798135545517,288.8747863769531,285.43064880371094,LINEAR,727.0744444444445,863.0,721.0,LINEAR,5.657137862054838,5.446826189756393,5.666536584496498,LINEAR,100168.71666666666,100140.0,100170.0,LINEAR,100.0,100.0,100.0,LINEAR,299.66501405504016,297.99481201171875,299.7396545410156,LINEAR,1.7775296015209623,0.0695152282714843,1.8538599014282229,LINEAR,2.6741287083095973,2.213231086730957,2.69472599029541,LINEAR,100.0,100.0,100.0,LINEAR,12.42798135545521,15.724786376953148,12.28064880371096,LINEAR,5.657137862054838,5.446826189756393,5.666536584496498,LINEAR,1001.6871666666667,1001.4,1001.7,LINEAR,41.72975779420653,56.91721482773259,41.051038008030375,LINEAR,727.0744444444445,863.0,721.0,LINEAR,26.51501405504017,24.844812011718773,26.589654541015648,LINEAR,213.12635793338148,181.79900790410733,214.5263613879689,CIRCULAR_SHORTEST_ARC,3.225637270818468,2.2143225172124157,3.2708324165106712,LINEAR
98202c3a-5d68-52fe-91b3-2d520c933594,INDY500_DAY1_2021,51,Pietro Fittipaldi,1.0,2021-05-22T17:06:36Z,PERFORMANCE_GRADE_2020_2021_2023,PERFORMANCE_GRADE_SEQUENCE_MATCH,WITHIN_CAR_SEQUENCE_COUNT_MATCH,LATEST_AVAILABLE_ISSUE_SAME_CYCLE_VALID_TIME_INTERPOLATION,90,HRRR_CONSERVATIVE_FIXED_LAG_V1,7fa0a02223a77db591539cf42bdd4e9461df15bf4a9de77dfd5360c3deac89c6,2021-05-22T15:00:00Z,126.6,6ea6a1cc-9050-5f45-bf81-322afe1c4742,c81a3fdf-0142-5bb0-baa6-c567385d7b92,2021-05-22T17:00:00Z,2021-05-22T18:00:00Z,2.0,3.0,-6.6,53.4,0.11,True,True,True,True,False,False,HRRR forecast interpolated at an approximate performance timestamp. Not a retain/withdraw decision-state timestamp. Both bracketing forecasts come from the latest policy-available issue cycle.,285.4181509399414,285.43064880371094,285.31703186035156,LINEAR,732.55,721.0,826.0,LINEAR,5.551025570705533,5.666536584496498,4.616436459124088,LINEAR,100162.3,100170.0,100100.0,LINEAR,100.0,100.0,100.0,LINEAR,299.85469329833984,299.7396545410156,300.78546142578125,LINEAR,2.0051114749908447,1.8538599014282229,3.2288742065429688,LINEAR,2.5246589088439944,2.69472599029541,1.1486616134643557,LINEAR,100.0,100.0,100.0,LINEAR,12.268150939941428,12.28064880371096,12.167031860351583,LINEAR,5.551025570705533,5.666536584496498,4.616436459124088,LINEAR,1001.623,1001.7,1001.0,LINEAR,40.750593905885495,41.051038008030375,38.31972798853146,LINEAR,732.55,721.0,826.0,LINEAR,26.704693298339865,26.589654541015648,27.635461425781273,LINEAR,218.47434790103225,214.5263613879689,250.4171478703629,CIRCULAR_SHORTEST_ARC,3.288022456268951,3.2708324165106712,3.4271055052223036,LINEAR
11bd473d-0cf3-56e2-9aa9-fb4487870c59,INDY500_DAY1_2021,86,Juan Pablo Montoya,1.0,2021-05-22T17:11:36Z,PERFORMANCE_GRADE_2020_2021_2023,PERFORMANCE_GRADE_SEQUENCE_MATCH,WITHIN_CAR_SEQUENCE_COUNT_MATCH,LATEST_AVAILABLE_ISSUE_SAME_CYCLE_VALID_TIME_INTERPOLATION,90,HRRR_CONSERVATIVE_FIXED_LAG_V1,7fa0a02223a77db591539cf42bdd4e9461df15bf4a9de77dfd5360c3deac89c6,2021-05-22T15:00:00Z,131.6,6ea6a1cc-9050-5f45-bf81-322afe1c4742,c81a3fdf-0142-5bb0-baa6-c567385d7b92,2021-05-22T17:00:00Z,2021-05-22T18:00:00Z,2.0,3.0,-11.6,48.4,0.19333333333333333,True,True,True,True,False,False,HRRR forecast interpolated at an approximate performance timestamp. Not a retain/withdraw decision-state timestamp. Both bracketing forecasts come from the latest policy-available issue cycle.,285.40868286132815,285.43064880371094,285.31703186035156,LINEAR,741.3,721.0,826.0,LINEAR,5.463517226924499,5.666536584496498,4.616436459124088,LINEAR,100156.46666666666,100170.0,100100.0,LINEAR,100.0,100.0,100.0,LINEAR,299.9418438720703,299.7396545410156,300.78546142578125,LINEAR,2.1196960004170737,1.8538599014282229,3.2288742065429688,LINEAR,2.3958202107747395,2.69472599029541,1.1486616134643557,LINEAR,100.0,100.0,100.0,LINEAR,12.258682861328147,12.28064880371096,12.167031860351583,LINEAR,5.463517226924499,5.666536584496498,4.616436459124088,LINEAR,1001.5646666666667,1001.7,1001.0,LINEAR,40.522984737593916,41.051038008030375,38.31972798853146,LINEAR,741.3,721.0,826.0,LINEAR,26.791843872070334,26.589654541015648,27.635461425781273,LINEAR,221.4652467745651,214.5263613879689,250.4171478703629,CIRCULAR_SHORTEST_ARC,3.301045213661587,3.2708324165106712,3.4271055052223036,LINEAR
f31f214f-a151-5b1d-afaf-bb7103c2d514,INDY500_DAY1_2021,1,JR Hildebrand,1.0,2021-05-22T17:16:36Z,PERFORMANCE_GRADE_2020_2021_2023,PERFORMANCE_GRADE_SEQUENCE_MATCH,WITHIN_CAR_SEQUENCE_COUNT_MATCH,LATEST_AVAILABLE_ISSUE_SAME_CYCLE_VALID_TIME_INTERPOLATION,90,HRRR_CONSERVATIVE_FIXED_LAG_V1,7fa0a02223a77db591539cf42bdd4e9461df15bf4a9de77dfd5360c3deac89c6,2021-05-22T15:00:00Z,136.6,6ea6a1cc-9050-5f45-bf81-322afe1c4742,c81a3fdf-0142-5bb0-baa6-c567385d7b92,2021-05-22T17:00:00Z,2021-05-22T18:00:00Z,2.0,3.0,-16.6,43.4,0.27666666666666667,True,True,True,True,False,False,HRRR forecast interpolated at an approximate performance timestamp. Not a retain/withdraw decision-state timestamp. Both bracketing forecasts come from the latest policy-available issue cycle.,285.39921478271486,285.43064880371094,285.31703186035156,LINEAR,750.05,721.0,826.0,LINEAR,5.376008883143465,5.666536584496498,4.616436459124088,LINEAR,100150.63333333333,100170.0,100100.0,LINEAR,100.0,100.0,100.0,LINEAR,300.0289944458008,299.7396545410156,300.78546142578125,LINEAR,2.2342805258433027,1.8538599014282229,3.2288742065429688,LINEAR,2.266981512705485,2.69472599029541,1.1486616134643557,LINEAR,100.0,100.0,100.0,LINEAR,12.249214782714866,12.28064880371096,12.167031860351583,LINEAR,5.376008883143465,5.666536584496498,4.616436459124088,LINEAR,1001.5063333333334,1001.7,1001.0,LINEAR,40.295375569302344,41.051038008030375,38.31972798853146,LINEAR,750.05,721.0,826.0,LINEAR,26.878994445800803,26.589654541015648,27.635461425781273,LINEAR,224.4561456480979,214.5263613879689,250.4171478703629,CIRCULAR_SHORTEST_ARC,3.314067971054223,3.2708324165106712,3.4271055052223036,LINEAR
6992580a-0371-5eda-b01d-2adaca099ff4,INDY500_DAY1_2021,12,Will Power,1.0,2021-05-22T17:21:36Z,PERFORMANCE_GRADE_2020_2021_2023,PERFORMANCE_GRADE_SEQUENCE_MATCH,WITHIN_CAR_SEQUENCE_COUNT_MATCH,LATEST_AVAILABLE_ISSUE_SAME_CYCLE_VALID_TIME_INTERPOLATION,90,HRRR_CONSERVATIVE_FIXED_LAG_V1,7fa0a02223a77db591539cf42bdd4e9461df15bf4a9de77dfd5360c3deac89c6,2021-05-22T15:00:00Z,141.6,6ea6a1cc-9050-5f45-bf81-322afe1c4742,c81a3fdf-0142-5bb0-baa6-c567385d7b92,2021-05-22T17:00:00Z,2021-05-22T18:00:00Z,2.0,3.0,-21.6,38.4,0.36,True,True,True,True,False,False,HRRR forecast interpolated at an approximate performance timestamp. Not a retain/withdraw decision-state timestamp. Both bracketing forecasts come from the latest policy-available issue cycle.,285.3897467041016,285.43064880371094,285.31703186035156,LINEAR,758.8,721.0,826.0,LINEAR,5.28850053936243,5.666536584496498,4.616436459124088,LINEAR,100144.8,100170.0,100100.0,LINEAR,100.0,100.0,100.0,LINEAR,300.11614501953125,299.7396545410156,300.78546142578125,LINEAR,2.3488650512695313,1.8538599014282229,3.2288742065429688,LINEAR,2.1381428146362307,2.69472599029541,1.1486616134643557,LINEAR,100.0,100.0,100.0,LINEAR,12.239746704101584,12.28064880371096,12.167031860351583,LINEAR,5.28850053936243,5.666536584496498,4.616436459124088,LINEAR,1001.448,1001.7,1001.0,LINEAR,40.067766401010765,41.051038008030375,38.31972798853146,LINEAR,758.8,721.0,826.0,LINEAR,26.96614501953127,26.589654541015648,27.635461425781273,LINEAR,227.44704452163074,214.5263613879689,250.4171478703629,CIRCULAR_SHORTEST_ARC,3.327090728446859,3.2708324165106712,3.4271055052223036,LINEAR
bcd24d81-7b19-5290-b6d7-b3ce5ce41195,INDY500_DAY1_2021,20,Ed Carpenter,1.0,2021-05-22T17:25:46Z,PERFORMANCE_GRADE_2020_2021_2023,PERFORMANCE_GRADE_SEQUENCE_MATCH,WITHIN_CAR_SEQUENCE_COUNT_MATCH,LATEST_AVAILABLE_ISSUE_SAME_CYCLE_VALID_TIME_INTERPOLATION,90,HRRR_CONSERVATIVE_FIXED_LAG_V1,7fa0a02223a77db591539cf42bdd4e9461df15bf4a9de77dfd5360c3deac89c6,2021-05-22T15:00:00Z,145.76666666666668,6ea6a1cc-9050-5f45-bf81-322afe1c4742,c81a3fdf-0142-5bb0-baa6-c567385d7b92,2021-05-22T17:00:00Z,2021-05-22T18:00:00Z,2.0,3.0,-25.766666666666666,34.233333333333334,0.42944444444444446,True,True,True,True,False,False,HRRR forecast interpolated at an approximate performance timestamp. Not a retain/withdraw decision-state timestamp. Both bracketing forecasts come from the latest policy-available issue cycle.,285.3818566385905,285.43064880371094,285.31703186035156,LINEAR,766.0916666666667,721.0,826.0,LINEAR,5.215576919544902,5.666536584496498,4.616436459124088,LINEAR,100139.9388888889,100170.0,100100.0,LINEAR,100.0,100.0,100.0,LINEAR,300.18877049763995,299.7396545410156,300.78546142578125,LINEAR,2.444352155791389,1.8538599014282229,3.2288742065429688,LINEAR,2.0307772329118516,2.69472599029541,1.1486616134643557,LINEAR,100.0,100.0,100.0,LINEAR,12.231856638590516,12.28064880371096,12.167031860351583,LINEAR,5.215576919544902,5.666536584496498,4.616436459124088,LINEAR,1001.3993888888889,1001.7,1001.0,LINEAR,39.87809209410112,41.051038008030375,38.31972798853146,LINEAR,766.0916666666667,721.0,826.0,LINEAR,27.038770497639998,26.589654541015648,27.635461425781273,LINEAR,229.93946024957478,214.5263613879689,250.4171478703629,CIRCULAR_SHORTEST_ARC,3.3379430262740555,3.2708324165106712,3.4271055052223036,LINEAR
258b87c8-7f46-5d1a-b0b9-73c0b2a871dc,INDY500_DAY1_2021,5,Pato O'Ward,1.0,2021-05-22T17:30:46Z,PERFORMANCE_GRADE_2020_2021_2023,PERFORMANCE_GRADE_SEQUENCE_MATCH,WITHIN_CAR_SEQUENCE_COUNT_MATCH,LATEST_AVAILABLE_ISSUE_SAME_CYCLE_VALID_TIME_INTERPOLATION,90,HRRR_CONSERVATIVE_FIXED_LAG_V1,7fa0a02223a77db591539cf42bdd4e9461df15bf4a9de77dfd5360c3deac89c6,2021-05-22T16:00:00Z,90.76666666666667,f1b7b249-4ff2-5807-8e96-17dcb87422a8,3f77b68d-cf56-57a1-b6de-f864dba12bac,2021-05-22T17:00:00Z,2021-05-22T18:00:00Z,1.0,2.0,-30.766666666666666,29.233333333333334,0.5127777777777778,True,True,True,True,False,False,HRRR forecast interpolated at an approximate performance timestamp. Not a retain/withdraw decision-state timestamp. Both bracketing forecasts come from the latest policy-available issue cycle.,285.4324306657579,285.95948791503906,284.931640625,LINEAR,837.7188888888888,849.0,827.0,LINEAR,5.24047922504031,5.288439609110355,5.194909065961838,LINEAR,100124.10555555555,100160.0,100090.0,LINEAR,100.0,100.0,100.0,LINEAR,300.61373124864366,300.17315673828125,301.0323486328125,LINEAR,2.794017572402954,2.3151750564575195,3.248995780944824,LINEAR,1.072559806505839,1.7830305099487305,0.3974971771240234,LINEAR,100.0,100.0,100.0,LINEAR,12.282430665757945,12.809487915039083,11.781640625000025,LINEAR,5.24047922504031,5.288439609110355,5.194909065961838,LINEAR,1001.2410555555556,1001.6,1000.9,LINEAR,39.06805841164744,41.42949744623293,36.824307562967626,LINEAR,837.7188888888888,849.0,827.0,LINEAR,27.463731248643686,27.023156738281273,27.882348632812523,LINEAR,248.102933973309,232.39835805236652,263.0248333044754,CIRCULAR_SHORTEST_ARC,3.1021942897357113,2.922196663719112,3.273221286503379,LINEAR
4bfd7a23-3f35-5bcf-9655-c286d7ee30ed,INDY500_DAY1_2021,7,Felix Rosenqvist,1.0,2021-05-22T17:35:46Z,PERFORMANCE_GRADE_2020_2021_2023,PERFORMANCE_GRADE_SEQUENCE_MATCH,WITHIN_CAR_SEQUENCE_COUNT_MATCH,LATEST_AVAILABLE_ISSUE_SAME_CYCLE_VALID_TIME_INTERPOLATION,90,HRRR_CONSERVATIVE_FIXED_LAG_V1,7fa0a02223a77db591539cf42bdd4e9461df15bf4a9de77dfd5360c3deac89c6,2021-05-22T16:00:00Z,95.76666666666667,f1b7b249-4ff2-5807-8e96-17dcb87422a8,3f77b68d-cf56-57a1-b6de-f864dba12bac,2021-05-22T17:00:00Z,2021-05-22T18:00:00Z,1.0,2.0,-35.766666666666666,24.233333333333334,0.5961111111111111,True,True,True,True,False,False,HRRR forecast interpolated at an approximate performance timestamp. Not a retain/withdraw decision-state timestamp. Both bracketing forecasts come from the latest policy-available issue cycle.,285.3467767249213,285.95948791503906,284.931640625,LINEAR,835.8855555555556,849.0,827.0,LINEAR,5.232685013111267,5.288439609110355,5.194909065961838,LINEAR,100118.27222222222,100160.0,100090.0,LINEAR,100.0,100.0,100.0,LINEAR,300.6853305731879,300.17315673828125,301.0323486328125,LINEAR,2.8718359661102295,2.3151750564575195,3.248995780944824,LINEAR,0.9570986954371133,1.7830305099487305,0.3974971771240234,LINEAR,100.0,100.0,100.0,LINEAR,12.196776724921355,12.809487915039083,11.781640625000025,LINEAR,5.232685013111267,5.288439609110355,5.194909065961838,LINEAR,1001.1827222222222,1001.6,1000.9,LINEAR,38.684292588042,41.42949744623293,36.824307562967626,LINEAR,835.8855555555556,849.0,827.0,LINEAR,27.535330573187956,27.023156738281273,27.882348632812523,LINEAR,250.6551402443181,232.39835805236652,263.0248333044754,CIRCULAR_SHORTEST_ARC,3.1314463416344003,2.922196663719112,3.273221286503379,LINEAR
a73699bb-b202-59f3-a140-bd7e85f00aff,INDY500_DAY1_2021,59,Max Chilton,1.0,2021-05-22T17:39:56Z,PERFORMANCE_GRADE_2020_2021_2023,PERFORMANCE_GRADE_SEQUENCE_MATCH,WITHIN_CAR_SEQUENCE_COUNT_MATCH,LATEST_AVAILABLE_ISSUE_SAME_CYCLE_VALID_TIME_INTERPOLATION,90,HRRR_CONSERVATIVE_FIXED_LAG_V1,7fa0a02223a77db591539cf42bdd4e9461df15bf4a9de77dfd5360c3deac89c6,2021-05-22T16:00:00Z,99.93333333333334,f1b7b249-4ff2-5807-8e96-17dcb87422a8,3f77b68d-cf56-57a1-b6de-f864dba12bac,2021-05-22T17:00:00Z,2021-05-22T18:00:00Z,1.0,2.0,-39.93333333333333,20.066666666666666,0.6655555555555556,True,True,True,True,False,False,HRRR forecast interpolated at an approximate performance timestamp. Not a retain/withdraw decision-state timestamp. Both bracketing forecasts come from the latest policy-available issue cycle.,285.27539844089085,285.95948791503906,284.931640625,LINEAR,834.3577777777778,849.0,827.0,LINEAR,5.226189836503731,5.288439609110355,5.194909065961838,LINEAR,100113.41111111111,100160.0,100090.0,LINEAR,100.0,100.0,100.0,LINEAR,300.74499667697484,300.17315673828125,301.0323486328125,LINEAR,2.936684627532959,2.3151750564575195,3.248995780944824,LINEAR,0.8608811028798421,1.7830305099487305,0.3974971771240234,LINEAR,100.0,100.0,100.0,LINEAR,12.125398440890866,12.809487915039083,11.781640625000025,LINEAR,5.226189836503731,5.288439609110355,5.194909065961838,LINEAR,1001.1341111111111,1001.6,1000.9,LINEAR,38.364487735037464,41.42949744623293,36.824307562967626,LINEAR,834.3577777777778,849.0,827.0,LINEAR,27.594996676974848,27.023156738281273,27.882348632812523,LINEAR,252.78197880349234,232.39835805236652,263.0248333044754,CIRCULAR_SHORTEST_ARC,3.1558230515499743,2.922196663719112,3.273221286503379,LINEAR
099ab32a-d351-5011-931c-148b9f3d7921,INDY500_DAY1_2021,4,Dalton Kellett,1.0,2021-05-22T17:44:56Z,PERFORMANCE_GRADE_2020_2021_2023,PERFORMANCE_GRADE_SEQUENCE_MATCH,WITHIN_CAR_SEQUENCE_COUNT_MATCH,LATEST_AVAILABLE_ISSUE_SAME_CYCLE_VALID_TIME_INTERPOLATION,90,HRRR_CONSERVATIVE_FIXED_LAG_V1,7fa0a02223a77db591539cf42bdd4e9461df15bf4a9de77dfd5360c3deac89c6,2021-05-22T16:00:00Z,104.93333333333334,f1b7b249-4ff2-5807-8e96-17dcb87422a8,3f77b68d-cf56-57a1-b6de-f864dba12bac,2021-05-22T17:00:00Z,2021-05-22T18:00:00Z,1.0,2.0,-44.93333333333333,15.066666666666666,0.7488888888888889,True,True,True,True,False,False,HRRR forecast interpolated at an approximate performance timestamp. Not a retain/withdraw decision-state timestamp. Both bracketing forecasts come from the latest policy-available issue cycle.,285.18974450005425,285.95948791503906,284.931640625,LINEAR,832.5244444444445,849.0,827.0,LINEAR,5.218395624574688,5.288439609110355,5.194909065961838,LINEAR,100107.57777777778,100160.0,100090.0,LINEAR,100.0,100.0,100.0,LINEAR,300.8165960015191,300.17315673828125,301.0323486328125,LINEAR,3.0145030212402344,2.3151750564575195,3.248995780944824,LINEAR,0.7454199918111164,1.7830305099487305,0.3974971771240234,LINEAR,100.0,100.0,100.0,LINEAR,12.039744500054278,12.809487915039083,11.781640625000025,LINEAR,5.218395624574688,5.288439609110355,5.194909065961838,LINEAR,1001.0757777777777,1001.6,1000.9,LINEAR,37.98072191143202,41.42949744623293,36.824307562967626,LINEAR,832.5244444444445,849.0,827.0,LINEAR,27.66659600151912,27.023156738281273,27.882348632812523,LINEAR,255.3341850745014,232.39835805236652,263.0248333044754,CIRCULAR_SHORTEST_ARC,3.1850751034486633,2.922196663719112,3.273221286503379,LINEAR
11be8bd4-5c39-5bd2-b24f-b6c87f0d885a,INDY500_DAY1_2021,47,Conor Daly,1.0,2021-05-22T17:49:06Z,PERFORMANCE_GRADE_2020_2021_2023,PERFORMANCE_GRADE_SEQUENCE_MATCH,WITHIN_CAR_SEQUENCE_COUNT_MATCH,LATEST_AVAILABLE_ISSUE_SAME_CYCLE_VALID_TIME_INTERPOLATION,90,HRRR_CONSERVATIVE_FIXED_LAG_V1,7fa0a02223a77db591539cf42bdd4e9461df15bf4a9de77dfd5360c3deac89c6,2021-05-22T16:00:00Z,109.1,f1b7b249-4ff2-5807-8e96-17dcb87422a8,3f77b68d-cf56-57a1-b6de-f864dba12bac,2021-05-22T17:00:00Z,2021-05-22T18:00:00Z,1.0,2.0,-49.1,10.9,0.8183333333333334,True,True,True,True,False,False,HRRR forecast interpolated at an approximate performance timestamp. Not a retain/withdraw decision-state timestamp. Both bracketing forecasts come from the latest policy-available issue cycle.,285.1183662160238,285.95948791503906,284.931640625,LINEAR,830.9966666666667,849.0,827.0,LINEAR,5.211900447967151,5.288439609110355,5.194909065961838,LINEAR,100102.71666666666,100160.0,100090.0,LINEAR,100.0,100.0,100.0,LINEAR,300.876262105306,300.17315673828125,301.0323486328125,LINEAR,3.079351682662964,2.3151750564575195,3.248995780944824,LINEAR,0.6492023992538452,1.7830305099487305,0.3974971771240234,LINEAR,100.0,100.0,100.0,LINEAR,11.968366216023787,12.809487915039083,11.781640625000025,LINEAR,5.211900447967151,5.288439609110355,5.194909065961838,LINEAR,1001.0271666666666,1001.6,1000.9,LINEAR,37.660917058427486,41.42949744623293,36.824307562967626,LINEAR,830.9966666666667,849.0,827.0,LINEAR,27.726262105306013,27.023156738281273,27.882348632812523,LINEAR,257.4610236336756,232.39835805236652,263.0248333044754,CIRCULAR_SHORTEST_ARC,3.2094518133642373,2.922196663719112,3.273221286503379,LINEAR
696a641a-81d7-5a8c-842f-4f3170a4b8e4,INDY500_DAY1_2021,15,Graham Rahal,1.0,2021-05-22T17:53:16Z,PERFORMANCE_GRADE_2020_2021_2023,PERFORMANCE_GRADE_SEQUENCE_MATCH,WITHIN_CAR_SEQUENCE_COUNT_MATCH,LATEST_AVAILABLE_ISSUE_SAME_CYCLE_VALID_TIME_INTERPOLATION,90,HRRR_CONSERVATIVE_FIXED_LAG_V1,7fa0a02223a77db591539cf42bdd4e9461df15bf4a9de77dfd5360c3deac89c6,2021-05-22T16:00:00Z,113.26666666666667,f1b7b249-4ff2-5807-8e96-17dcb87422a8,3f77b68d-cf56-57a1-b6de-f864dba12bac,2021-05-22T17:00:00Z,2021-05-22T18:00:00Z,1.0,2.0,-53.266666666666666,6.733333333333333,0.8877777777777778,True,True,True,True,False,False,HRRR forecast interpolated at an approximate performance timestamp. Not a retain/withdraw decision-state timestamp. Both bracketing forecasts come from the latest policy-available issue cycle.,285.04698793199327,285.95948791503906,284.931640625,LINEAR,829.4688888888888,849.0,827.0,LINEAR,5.2054052713596155,5.288439609110355,5.194909065961838,LINEAR,100097.85555555555,100160.0,100090.0,LINEAR,100.0,100.0,100.0,LINEAR,300.9359282090929,300.17315673828125,301.0323486328125,LINEAR,3.1442003440856934,2.3151750564575195,3.248995780944824,LINEAR,0.5529848066965739,1.7830305099487305,0.3974971771240234,LINEAR,100.0,100.0,100.0,LINEAR,11.896987931993296,12.809487915039083,11.781640625000025,LINEAR,5.2054052713596155,5.288439609110355,5.194909065961838,LINEAR,1000.9785555555555,1001.6,1000.9,LINEAR,37.34111220542295,41.42949744623293,36.824307562967626,LINEAR,829.4688888888888,849.0,827.0,LINEAR,27.785928209092905,27.023156738281273,27.882348632812523,LINEAR,259.58786219284985,232.39835805236652,263.0248333044754,CIRCULAR_SHORTEST_ARC,3.2338285232798114,2.922196663719112,3.273221286503379,LINEAR
7d5d82b7-9765-51c9-b149-cb7de00d3905,INDY500_DAY1_2021,60,Jack Harvey,1.0,2021-05-22T17:58:16Z,PERFORMANCE_GRADE_2020_2021_2023,PERFORMANCE_GRADE_SEQUENCE_MATCH,WITHIN_CAR_SEQUENCE_COUNT_MATCH,LATEST_AVAILABLE_ISSUE_SAME_CYCLE_VALID_TIME_INTERPOLATION,90,HRRR_CONSERVATIVE_FIXED_LAG_V1,7fa0a02223a77db591539cf42bdd4e9461df15bf4a9de77dfd5360c3deac89c6,2021-05-22T16:00:00Z,118.26666666666667,f1b7b249-4ff2-5807-8e96-17dcb87422a8,3f77b68d-cf56-57a1-b6de-f864dba12bac,2021-05-22T17:00:00Z,2021-05-22T18:00:00Z,1.0,2.0,-58.266666666666666,1.7333333333333334,0.9711111111111111,True,True,True,True,False,False,HRRR forecast interpolated at an approximate performance timestamp. Not a retain/withdraw decision-state timestamp. Both bracketing forecasts come from the latest policy-available issue cycle.,284.96133399115666,285.95948791503906,284.931640625,LINEAR,827.6355555555556,849.0,827.0,LINEAR,5.197611059430573,5.288439609110355,5.194909065961838,LINEAR,100092.02222222222,100160.0,100090.0,LINEAR,100.0,100.0,100.0,LINEAR,301.00752753363713,300.17315673828125,301.0323486328125,LINEAR,3.2220187377929688,2.3151750564575195,3.248995780944824,LINEAR,0.4375236956278483,1.7830305099487305,0.3974971771240234,LINEAR,100.0,100.0,100.0,LINEAR,11.811333991156708,12.809487915039083,11.781640625000025,LINEAR,5.197611059430573,5.288439609110355,5.194909065961838,LINEAR,1000.9202222222222,1001.6,1000.9,LINEAR,36.957346381817516,41.42949744623293,36.824307562967626,LINEAR,827.6355555555556,849.0,827.0,LINEAR,27.857527533637175,27.023156738281273,27.882348632812523,LINEAR,262.14006846385894,232.39835805236652,263.0248333044754,CIRCULAR_SHORTEST_ARC,3.2630805751785004,2.922196663719112,3.273221286503379,LINEAR
5f22f207-f450-5086-ab38-14fe980d9fed,INDY500_DAY1_2021,22,Simon Pagenaud,1.0,2021-05-22T18:07:26Z,PERFORMANCE_GRADE_2020_2021_2023,PERFORMANCE_GRADE_SEQUENCE_MATCH,WITHIN_CAR_SEQUENCE_COUNT_MATCH,LATEST_AVAILABLE_ISSUE_SAME_CYCLE_VALID_TIME_INTERPOLATION,90,HRRR_CONSERVATIVE_FIXED_LAG_V1,7fa0a02223a77db591539cf42bdd4e9461df15bf4a9de77dfd5360c3deac89c6,2021-05-22T16:00:00Z,127.43333333333334,3f77b68d-cf56-57a1-b6de-f864dba12bac,896a3d50-cb1e-51b4-9247-26f5119d6480,2021-05-22T18:00:00Z,2021-05-22T19:00:00Z,2.0,3.0,-7.433333333333334,52.56666666666667,0.1238888888888889,True,True,True,True,False,False,HRRR forecast interpolated at an approximate performance timestamp. Not a retain/withdraw decision-state timestamp. Both bracketing forecasts come from the latest policy-available issue cycle.,284.79763812594945,284.931640625,283.8500061035156,LINEAR,819.195,827.0,764.0,LINEAR,5.165716000265546,5.194909065961838,4.959269970655441,LINEAR,100090.0,100090.0,100090.0,LINEAR,100.0,100.0,100.0,LINEAR,301.06854968600805,301.0323486328125,301.3245544433594,LINEAR,3.3144603761037192,3.248995780944824,3.777409553527832,LINEAR,0.43865389929877385,0.3974971771240234,0.7297039031982422,LINEAR,100.0,100.0,100.0,LINEAR,11.64763812594946,11.781640625000025,10.700006103515648,LINEAR,5.165716000265546,5.194909065961838,4.959269970655441,LINEAR,1000.9,1000.9,1000.9,LINEAR,36.43710656245649,36.824307562967626,33.69891832117371,LINEAR,819.195,827.0,764.0,LINEAR,27.918549686008053,27.882348632812523,28.1745544433594,LINEAR,262.5344421044182,263.0248333044754,259.0665186851793,CIRCULAR_SHORTEST_ARC,3.3443363923265768,3.273221286503379,3.8472445622063183,LINEAR
e9da8645-6367-51bf-8601-3670e9e76c5e,INDY500_DAY1_2021,26,Colton Herta,1.0,2021-05-22T18:12:27Z,PERFORMANCE_GRADE_2020_2021_2023,PERFORMANCE_GRADE_SEQUENCE_MATCH,WITHIN_CAR_SEQUENCE_COUNT_MATCH,LATEST_AVAILABLE_ISSUE_SAME_CYCLE_VALID_TIME_INTERPOLATION,90,HRRR_CONSERVATIVE_FIXED_LAG_V1,7fa0a02223a77db591539cf42bdd4e9461df15bf4a9de77dfd5360c3deac89c6,2021-05-22T16:00:00Z,132.45,3f77b68d-cf56-57a1-b6de-f864dba12bac,896a3d50-cb1e-51b4-9247-26f5119d6480,2021-05-22T18:00:00Z,2021-05-22T19:00:00Z,2.0,3.0,-12.45,47.55,0.2075,True,True,True,True,False,False,HRRR forecast interpolated at an approximate performance timestamp. Not a retain/withdraw decision-state timestamp. Both bracketing forecasts come from the latest policy-available issue cycle.,284.707201461792,284.931640625,283.8500061035156,LINEAR,813.9275,827.0,764.0,LINEAR,5.1460139536857605,5.194909065961838,4.959269970655441,LINEAR,100090.0,100090.0,100090.0,LINEAR,100.0,100.0,100.0,LINEAR,301.092981338501,301.0323486328125,301.3245544433594,LINEAR,3.3586416387557985,3.248995780944824,3.777409553527832,LINEAR,0.4664300727844238,0.3974971771240234,0.7297039031982422,LINEAR,100.0,100.0,100.0,LINEAR,11.557201461792017,11.781640625000025,10.700006103515648,LINEAR,5.1460139536857605,5.194909065961838,4.959269970655441,LINEAR,1000.9,1000.9,1000.9,LINEAR,36.17578929529539,36.824307562967626,33.69891832117371,LINEAR,813.9275,827.0,764.0,LINEAR,27.942981338501,27.882348632812523,28.1745544433594,LINEAR,262.2034830209715,263.0248333044754,259.0665186851793,CIRCULAR_SHORTEST_ARC,3.392331116211739,3.273221286503379,3.8472445622063183,LINEAR
69b27d9b-5386-5a2c-a855-449bb527fca1,INDY500_DAY1_2021,27,Alexander Rossi,1.0,2021-05-22T18:17:26Z,PERFORMANCE_GRADE_2020_2021_2023,PERFORMANCE_GRADE_SEQUENCE_MATCH,WITHIN_CAR_SEQUENCE_COUNT_MATCH,LATEST_AVAILABLE_ISSUE_SAME_CYCLE_VALID_TIME_INTERPOLATION,90,HRRR_CONSERVATIVE_FIXED_LAG_V1,7fa0a02223a77db591539cf42bdd4e9461df15bf4a9de77dfd5360c3deac89c6,2021-05-22T16:00:00Z,137.43333333333334,3f77b68d-cf56-57a1-b6de-f864dba12bac,896a3d50-cb1e-51b4-9247-26f5119d6480,2021-05-22T18:00:00Z,2021-05-22T19:00:00Z,2.0,3.0,-17.433333333333334,42.56666666666667,0.29055555555555557,True,True,True,True,False,False,HRRR forecast interpolated at an approximate performance timestamp. Not a retain/withdraw decision-state timestamp. Both bracketing forecasts come from the latest policy-available issue cycle.,284.617365705702,284.931640625,283.8500061035156,LINEAR,808.695,827.0,764.0,LINEAR,5.126442817714479,5.194909065961838,4.959269970655441,LINEAR,100090.0,100090.0,100090.0,LINEAR,100.0,100.0,100.0,LINEAR,301.1172506544325,301.0323486328125,301.3245544433594,LINEAR,3.402529338200887,3.248995780944824,3.777409553527832,LINEAR,0.4940216869778103,0.3974971771240234,0.7297039031982422,LINEAR,100.0,100.0,100.0,LINEAR,11.467365705702065,11.781640625000025,10.700006103515648,LINEAR,5.126442817714479,5.194909065961838,4.959269970655441,LINEAR,1000.9,1000.9,1000.9,LINEAR,35.91620835549084,36.824307562967626,33.69891832117371,LINEAR,808.695,827.0,764.0,LINEAR,27.967250654432533,27.882348632812523,28.1745544433594,LINEAR,261.87472300120214,263.0248333044754,259.0665186851793,CIRCULAR_SHORTEST_ARC,3.4400069382770666,3.273221286503379,3.8472445622063183,LINEAR
8706f570-3435-5de5-89d4-8c45a08fd99c,INDY500_DAY1_2021,8,Marcus Ericsson,1.0,2021-05-22T18:21:37Z,PERFORMANCE_GRADE_2020_2021_2023,PERFORMANCE_GRADE_SEQUENCE_MATCH,WITHIN_CAR_SEQUENCE_COUNT_MATCH,LATEST_AVAILABLE_ISSUE_SAME_CYCLE_VALID_TIME_INTERPOLATION,90,HRRR_CONSERVATIVE_FIXED_LAG_V1,7fa0a02223a77db591539cf42bdd4e9461df15bf4a9de77dfd5360c3deac89c6,2021-05-22T16:00:00Z,141.61666666666667,3f77b68d-cf56-57a1-b6de-f864dba12bac,896a3d50-cb1e-51b4-9247-26f5119d6480,2021-05-22T18:00:00Z,2021-05-22T19:00:00Z,2.0,3.0,-21.616666666666667,38.38333333333333,0.36027777777777775,True,True,True,True,False,False,HRRR forecast interpolated at an approximate performance timestamp. Not a retain/withdraw decision-state timestamp. Both bracketing forecasts come from the latest policy-available issue cycle.,284.5419517432319,284.931640625,283.8500061035156,LINEAR,804.3025,827.0,764.0,LINEAR,5.110013536347283,5.194909065961838,4.959269970655441,LINEAR,100090.0,100090.0,100090.0,LINEAR,100.0,100.0,100.0,LINEAR,301.1376238928901,301.0323486328125,301.3245544433594,LINEAR,3.4393715206782023,3.248995780944824,3.777409553527832,LINEAR,0.5171838781568738,0.3974971771240234,0.7297039031982422,LINEAR,100.0,100.0,100.0,LINEAR,11.391951743231903,11.781640625000025,10.700006103515648,LINEAR,5.110013536347283,5.194909065961838,4.959269970655441,LINEAR,1000.9,1000.9,1000.9,LINEAR,35.69829927224354,36.824307562967626,33.69891832117371,LINEAR,804.3025,827.0,764.0,LINEAR,27.987623892890106,27.882348632812523,28.1745544433594,LINEAR,261.5987405096901,263.0248333044754,259.0665186851793,CIRCULAR_SHORTEST_ARC,3.480029116666355,3.273221286503379,3.8472445622063183,LINEAR
8f660bff-74bd-551e-9007-95b730f87e7d,INDY500_DAY1_2021,16,Simona De Silvestro,1.0,2021-05-22T18:26:36Z,PERFORMANCE_GRADE_2020_2021_2023,PERFORMANCE_GRADE_SEQUENCE_MATCH,WITHIN_CAR_SEQUENCE_COUNT_MATCH,LATEST_AVAILABLE_ISSUE_SAME_CYCLE_VALID_TIME_INTERPOLATION,90,HRRR_CONSERVATIVE_FIXED_LAG_V1,7fa0a02223a77db591539cf42bdd4e9461df15bf4a9de77dfd5360c3deac89c6,2021-05-22T16:00:00Z,146.6,3f77b68d-cf56-57a1-b6de-f864dba12bac,896a3d50-cb1e-51b4-9247-26f5119d6480,2021-05-22T18:00:00Z,2021-05-22T19:00:00Z,2.0,3.0,-26.6,33.4,0.44333333333333336,True,True,True,True,False,False,HRRR forecast interpolated at an approximate performance timestamp. Not a retain/withdraw decision-state timestamp. Both bracketing forecasts come from the latest policy-available issue cycle.,284.45211598714195,284.931640625,283.8500061035156,LINEAR,799.07,827.0,764.0,LINEAR,5.090442400376002,5.194909065961838,4.959269970655441,LINEAR,100090.0,100090.0,100090.0,LINEAR,100.0,100.0,100.0,LINEAR,301.1618932088216,301.0323486328125,301.3245544433594,LINEAR,3.483259220123291,3.248995780944824,3.777409553527832,LINEAR,0.5447754923502603,0.3974971771240234,0.7297039031982422,LINEAR,100.0,100.0,100.0,LINEAR,11.302115987141951,11.781640625000025,10.700006103515648,LINEAR,5.090442400376002,5.194909065961838,4.959269970655441,LINEAR,1000.9,1000.9,1000.9,LINEAR,35.43871833243899,36.824307562967626,33.69891832117371,LINEAR,799.07,827.0,764.0,LINEAR,28.01189320882164,27.882348632812523,28.1745544433594,LINEAR,261.2699804899208,263.0248333044754,259.0665186851793,CIRCULAR_SHORTEST_ARC,3.527704938731682,3.273221286503379,3.8472445622063183,LINEAR
c150c8f9-470c-58e6-8766-44b6b751369f,INDY500_DAY1_2021,11,Charlie Kimball,1.0,2021-05-22T18:30:47Z,PERFORMANCE_GRADE_2020_2021_2023,PERFORMANCE_GRADE_SEQUENCE_MATCH,WITHIN_CAR_SEQUENCE_COUNT_MATCH,LATEST_AVAILABLE_ISSUE_SAME_CYCLE_VALID_TIME_INTERPOLATION,90,HRRR_CONSERVATIVE_FIXED_LAG_V1,7fa0a02223a77db591539cf42bdd4e9461df15bf4a9de77dfd5360c3deac89c6,2021-05-22T17:00:00Z,90.78333333333333,5b921cab-7f42-5341-92dd-1915d192d677,26305582-bdaa-5525-b9e6-584677d3d86e,2021-05-22T18:00:00Z,2021-05-22T19:00:00Z,1.0,2.0,-30.783333333333335,29.216666666666665,0.5130555555555556,True,True,True,True,False,False,HRRR forecast interpolated at an approximate performance timestamp. Not a retain/withdraw decision-state timestamp. Both bracketing forecasts come from the latest policy-available issue cycle.,284.6704815504286,285.853759765625,283.54742431640625,LINEAR,925.1383333333333,959.0,893.0,LINEAR,5.088315575470527,5.36463275551796,4.826061099767685,LINEAR,100048.95555555556,100090.0,100010.0,LINEAR,62.992222222222225,24.0,100.0,LINEAR,301.4809339735243,301.0513000488281,301.8887023925781,LINEAR,3.1888236231274076,3.4721555709838867,2.9199113845825195,LINEAR,0.2107396154933506,-0.1911678314208984,0.5921926498413086,LINEAR,62.992222222222225,24.0,100.0,LINEAR,11.520481550428626,12.703759765625025,10.397424316406273,LINEAR,5.088315575470527,5.36463275551796,4.826061099767685,LINEAR,1000.4895555555555,1000.9,1000.1,LINEAR,35.428709761176215,39.082053910320134,31.96129649996924,LINEAR,925.1383333333333,959.0,893.0,LINEAR,28.330933973524328,27.901300048828148,28.738702392578148,LINEAR,265.6524857733851,273.1513745089618,258.5352405359915,CIRCULAR_SHORTEST_ARC,3.2218837409123764,3.4774141900102453,2.979358089981914,LINEAR
da571070-dc03-5eb8-ac88-efd026c446d8,INDY500_DAY1_2021,14,Sebastien Bourdais,1.0,2021-05-22T18:35:48Z,PERFORMANCE_GRADE_2020_2021_2023,PERFORMANCE_GRADE_SEQUENCE_MATCH,WITHIN_CAR_SEQUENCE_COUNT_MATCH,LATEST_AVAILABLE_ISSUE_SAME_CYCLE_VALID_TIME_INTERPOLATION,90,HRRR_CONSERVATIVE_FIXED_LAG_V1,7fa0a02223a77db591539cf42bdd4e9461df15bf4a9de77dfd5360c3deac89c6,2021-05-22T17:00:00Z,95.8,5b921cab-7f42-5341-92dd-1915d192d677,26305582-bdaa-5525-b9e6-584677d3d86e,2021-05-22T18:00:00Z,2021-05-22T19:00:00Z,1.0,2.0,-35.8,24.2,0.5966666666666667,True,True,True,True,False,False,HRRR forecast interpolated at an approximate performance timestamp. Not a retain/withdraw decision-state timestamp. Both bracketing forecasts come from the latest policy-available issue cycle.,284.4776462809245,285.853759765625,283.54742431640625,LINEAR,919.62,959.0,893.0,LINEAR,5.043285000920296,5.36463275551796,4.826061099767685,LINEAR,100042.26666666666,100090.0,100010.0,LINEAR,69.34666666666666,24.0,100.0,LINEAR,301.5509501139323,301.0513000488281,301.8887023925781,LINEAR,3.1426498730977377,3.4721555709838867,2.9199113845825195,LINEAR,0.27623725573221847,-0.1911678314208984,0.5921926498413086,LINEAR,69.34666666666666,24.0,100.0,LINEAR,11.327646280924503,12.703759765625025,10.397424316406273,LINEAR,5.043285000920296,5.36463275551796,4.826061099767685,LINEAR,1000.4226666666667,1000.9,1000.1,LINEAR,34.8333353221441,39.082053910320134,31.96129649996924,LINEAR,919.62,959.0,893.0,LINEAR,28.400950113932314,27.901300048828148,28.738702392578148,LINEAR,264.43041457175616,273.1513745089618,258.5352405359915,CIRCULAR_SHORTEST_ARC,3.1802407169933407,3.4774141900102453,2.979358089981914,LINEAR
d676bd2f-154f-5e4b-aaf0-c7335ff329dd,INDY500_DAY1_2021,75,RC Enerson,1.0,2021-05-22T18:40:48Z,PERFORMANCE_GRADE_2020_2021_2023,PERFORMANCE_GRADE_SEQUENCE_MATCH,WITHIN_CAR_SEQUENCE_COUNT_MATCH,LATEST_AVAILABLE_ISSUE_SAME_CYCLE_VALID_TIME_INTERPOLATION,90,HRRR_CONSERVATIVE_FIXED_LAG_V1,7fa0a02223a77db591539cf42bdd4e9461df15bf4a9de77dfd5360c3deac89c6,2021-05-22T17:00:00Z,100.8,5b921cab-7f42-5341-92dd-1915d192d677,26305582-bdaa-5525-b9e6-584677d3d86e,2021-05-22T18:00:00Z,2021-05-22T19:00:00Z,1.0,2.0,-40.8,19.2,0.68,True,True,True,True,False,False,HRRR forecast interpolated at an approximate performance timestamp. Not a retain/withdraw decision-state timestamp. Both bracketing forecasts come from the latest policy-available issue cycle.,284.28545166015624,285.853759765625,283.54742431640625,LINEAR,914.12,959.0,893.0,LINEAR,4.998404029607773,5.36463275551796,4.826061099767685,LINEAR,100035.6,100090.0,100010.0,LINEAR,75.68,24.0,100.0,LINEAR,301.6207336425781,301.0513000488281,301.8887023925781,LINEAR,3.096629524230957,3.4721555709838867,2.9199113845825195,LINEAR,0.3415172958374024,-0.1911678314208984,0.5921926498413086,LINEAR,75.68,24.0,100.0,LINEAR,11.135451660156273,12.703759765625025,10.397424316406273,LINEAR,4.998404029607773,5.36463275551796,4.826061099767685,LINEAR,1000.356,1000.9,1000.1,LINEAR,34.239938871281524,39.082053910320134,31.96129649996924,LINEAR,914.12,959.0,893.0,LINEAR,28.470733642578146,27.901300048828148,28.738702392578148,LINEAR,263.212403407342,273.1513745089618,258.5352405359915,CIRCULAR_SHORTEST_ARC,3.1387360419909798,3.4774141900102453,2.979358089981914,LINEAR
2493785c-dc47-5ba6-8d28-5398e7a11983,INDY500_DAY1_2021,2,Josef Newgarden,2.0,2021-05-22T18:44:56Z,PERFORMANCE_GRADE_2020_2021_2023,PERFORMANCE_GRADE_SEQUENCE_MATCH,WITHIN_CAR_SEQUENCE_COUNT_MATCH,LATEST_AVAILABLE_ISSUE_SAME_CYCLE_VALID_TIME_INTERPOLATION,90,HRRR_CONSERVATIVE_FIXED_LAG_V1,7fa0a02223a77db591539cf42bdd4e9461df15bf4a9de77dfd5360c3deac89c6,2021-05-22T17:00:00Z,104.93333333333334,5b921cab-7f42-5341-92dd-1915d192d677,26305582-bdaa-5525-b9e6-584677d3d86e,2021-05-22T18:00:00Z,2021-05-22T19:00:00Z,1.0,2.0,-44.93333333333333,15.066666666666666,0.7488888888888889,True,True,True,True,False,False,HRRR forecast interpolated at an approximate performance timestamp. Not a retain/withdraw decision-state timestamp. Both bracketing forecasts come from the latest policy-available issue cycle.,284.1265707736545,285.853759765625,283.54742431640625,LINEAR,909.5733333333334,959.0,893.0,LINEAR,4.961302426656087,5.36463275551796,4.826061099767685,LINEAR,100030.08888888889,100090.0,100010.0,LINEAR,80.91555555555556,24.0,100.0,LINEAR,301.678421359592,301.0513000488281,301.8887023925781,LINEAR,3.058586035834418,3.4721555709838867,2.9199113845825195,LINEAR,0.3954821289910211,-0.1911678314208984,0.5921926498413086,LINEAR,80.91555555555556,24.0,100.0,LINEAR,10.976570773654537,12.703759765625025,10.397424316406273,LINEAR,4.961302426656087,5.36463275551796,4.826061099767685,LINEAR,1000.300888888889,1000.9,1000.1,LINEAR,33.749397805235134,39.082053910320134,31.96129649996924,LINEAR,909.5733333333334,959.0,893.0,LINEAR,28.528421359592038,27.901300048828148,28.738702392578148,LINEAR,262.2055141780929,273.1513745089618,258.5352405359915,CIRCULAR_SHORTEST_ARC,3.1044255106556946,3.4774141900102453,2.979358089981914,LINEAR
c10dbae2-ca30-5e09-88ab-298fcf7fa163,INDY500_DAY1_2021,21,Rinus VeeKay,2.0,2021-05-22T18:49:55Z,PERFORMANCE_GRADE_2020_2021_2023,PERFORMANCE_GRADE_SEQUENCE_MATCH,WITHIN_CAR_SEQUENCE_COUNT_MATCH,LATEST_AVAILABLE_ISSUE_SAME_CYCLE_VALID_TIME_INTERPOLATION,90,HRRR_CONSERVATIVE_FIXED_LAG_V1,7fa0a02223a77db591539cf42bdd4e9461df15bf4a9de77dfd5360c3deac89c6,2021-05-22T17:00:00Z,109.91666666666667,5b921cab-7f42-5341-92dd-1915d192d677,26305582-bdaa-5525-b9e6-584677d3d86e,2021-05-22T18:00:00Z,2021-05-22T19:00:00Z,1.0,2.0,-49.916666666666664,10.083333333333334,0.8319444444444445,True,True,True,True,False,False,HRRR forecast interpolated at an approximate performance timestamp. Not a retain/withdraw decision-state timestamp. Both bracketing forecasts come from the latest policy-available issue cycle.,283.93501680162217,285.853759765625,283.54742431640625,LINEAR,904.0916666666667,959.0,893.0,LINEAR,4.9165710585812725,5.36463275551796,4.826061099767685,LINEAR,100023.44444444444,100090.0,100010.0,LINEAR,87.22777777777779,24.0,100.0,LINEAR,301.7479722764757,301.0513000488281,301.8887023925781,LINEAR,3.012719088130527,3.4721555709838867,2.9199113845825195,LINEAR,0.46054456896252105,-0.1911678314208984,0.5921926498413086,LINEAR,87.22777777777779,24.0,100.0,LINEAR,10.785016801622202,12.703759765625025,10.397424316406273,LINEAR,4.9165710585812725,5.36463275551796,4.826061099767685,LINEAR,1000.2344444444444,1000.9,1000.1,LINEAR,33.1579793425421,39.082053910320134,31.96129649996924,LINEAR,904.0916666666667,959.0,893.0,LINEAR,28.597972276475716,27.901300048828148,28.738702392578148,LINEAR,260.99156305089343,273.1513745089618,258.5352405359915,CIRCULAR_SHORTEST_ARC,3.0630591845700086,3.4774141900102453,2.979358089981914,LINEAR
b671a083-ccd6-5511-a882-53e7bf202c19,INDY500_DAY1_2021,98,Marco Andretti,2.0,2021-05-22T18:54:55Z,PERFORMANCE_GRADE_2020_2021_2023,PERFORMANCE_GRADE_SEQUENCE_MATCH,WITHIN_CAR_SEQUENCE_COUNT_MATCH,LATEST_AVAILABLE_ISSUE_SAME_CYCLE_VALID_TIME_INTERPOLATION,90,HRRR_CONSERVATIVE_FIXED_LAG_V1,7fa0a02223a77db591539cf42bdd4e9461df15bf4a9de77dfd5360c3deac89c6,2021-05-22T17:00:00Z,114.91666666666667,5b921cab-7f42-5341-92dd-1915d192d677,26305582-bdaa-5525-b9e6-584677d3d86e,2021-05-22T18:00:00Z,2021-05-22T19:00:00Z,1.0,2.0,-54.916666666666664,5.083333333333333,0.9152777777777777,True,True,True,True,False,False,HRRR forecast interpolated at an approximate performance timestamp. Not a retain/withdraw decision-state timestamp. Both bracketing forecasts come from the latest policy-available issue cycle.,283.742822180854,285.853759765625,283.54742431640625,LINEAR,898.5916666666667,959.0,893.0,LINEAR,4.87169008726875,5.36463275551796,4.826061099767685,LINEAR,100016.77777777778,100090.0,100010.0,LINEAR,93.5611111111111,24.0,100.0,LINEAR,301.8177558051215,301.0513000488281,301.8887023925781,LINEAR,2.9666987392637463,3.4721555709838867,2.9199113845825195,LINEAR,0.5258246090677049,-0.1911678314208984,0.5921926498413086,LINEAR,93.5611111111111,24.0,100.0,LINEAR,10.592822180853972,12.703759765625025,10.397424316406273,LINEAR,4.87169008726875,5.36463275551796,4.826061099767685,LINEAR,1000.1677777777778,1000.9,1000.1,LINEAR,32.56458289167952,39.082053910320134,31.96129649996924,LINEAR,898.5916666666667,959.0,893.0,LINEAR,28.66775580512155,27.901300048828148,28.738702392578148,LINEAR,259.77355188647925,273.1513745089618,258.5352405359915,CIRCULAR_SHORTEST_ARC,3.0215545095676477,3.4774141900102453,2.979358089981914,LINEAR
8ff02437-bce9-5d86-b3c7-906d93963538,INDY500_DAY1_2021,60,Jack Harvey,2.0,2021-05-22T19:02:24Z,PERFORMANCE_GRADE_2020_2021_2023,PERFORMANCE_GRADE_SEQUENCE_MATCH,WITHIN_CAR_SEQUENCE_COUNT_MATCH,LATEST_AVAILABLE_ISSUE_SAME_CYCLE_VALID_TIME_INTERPOLATION,90,HRRR_CONSERVATIVE_FIXED_LAG_V1,7fa0a02223a77db591539cf42bdd4e9461df15bf4a9de77dfd5360c3deac89c6,2021-05-22T17:00:00Z,122.4,26305582-bdaa-5525-b9e6-584677d3d86e,9d45a934-1467-5579-a0d9-e0b35a69bc47,2021-05-22T19:00:00Z,2021-05-22T20:00:00Z,2.0,3.0,-2.4,57.6,0.04,True,True,True,True,False,False,HRRR forecast interpolated at an approximate performance timestamp. Not a retain/withdraw decision-state timestamp. Both bracketing forecasts come from the latest policy-available issue cycle.,283.5214697265625,283.54742431640625,282.8985595703125,LINEAR,874.88,893.0,440.0,LINEAR,4.819526462554932,4.826061099767685,4.6626951694488525,LINEAR,100009.6,100010.0,100000.0,LINEAR,100.0,100.0,100.0,LINEAR,301.86995483398437,301.8887023925781,301.4200134277344,LINEAR,2.9376007080078126,2.9199113845825195,3.362144470214844,LINEAR,0.597056884765625,0.5921926498413086,0.7137985229492188,LINEAR,100.0,100.0,100.0,LINEAR,10.371469726562523,10.397424316406273,9.748559570312525,LINEAR,4.819526462554932,4.826061099767685,4.6626951694488525,LINEAR,1000.096,1000.1,1000.0,LINEAR,31.94080694557048,31.96129649996924,31.449057640000184,LINEAR,874.88,893.0,440.0,LINEAR,28.7199548339844,28.738702392578148,28.2700134277344,LINEAR,258.514383574266,258.5352405359915,258.0138164928543,CIRCULAR_SHORTEST_ARC,2.997666994566795,2.979358089981914,3.4370807046039435,LINEAR
09935cc4-f542-569f-b50c-7460e0663860,INDY500_DAY1_2021,25,Stefan Wilson,2.0,2021-05-22T19:06:36Z,PERFORMANCE_GRADE_2020_2021_2023,PERFORMANCE_GRADE_SEQUENCE_MATCH,WITHIN_CAR_SEQUENCE_COUNT_MATCH,LATEST_AVAILABLE_ISSUE_SAME_CYCLE_VALID_TIME_INTERPOLATION,90,HRRR_CONSERVATIVE_FIXED_LAG_V1,7fa0a02223a77db591539cf42bdd4e9461df15bf4a9de77dfd5360c3deac89c6,2021-05-22T17:00:00Z,126.6,26305582-bdaa-5525-b9e6-584677d3d86e,9d45a934-1467-5579-a0d9-e0b35a69bc47,2021-05-22T19:00:00Z,2021-05-22T20:00:00Z,2.0,3.0,-6.6,53.4,0.11,True,True,True,True,False,False,HRRR forecast interpolated at an approximate performance timestamp. Not a retain/withdraw decision-state timestamp. Both bracketing forecasts come from the latest policy-available issue cycle.,283.4760491943359,283.54742431640625,282.8985595703125,LINEAR,843.17,893.0,440.0,LINEAR,4.808090847432613,4.826061099767685,4.6626951694488525,LINEAR,100008.9,100010.0,100000.0,LINEAR,100.0,100.0,100.0,LINEAR,301.8371466064453,301.8887023925781,301.4200134277344,LINEAR,2.968557024002075,2.9199113845825195,3.362144470214844,LINEAR,0.6055692958831788,0.5921926498413086,0.7137985229492188,LINEAR,100.0,100.0,100.0,LINEAR,10.32604919433596,10.397424316406273,9.748559570312525,LINEAR,4.808090847432613,4.826061099767685,4.6626951694488525,LINEAR,1000.089,1000.1,1000.0,LINEAR,31.904950225372644,31.96129649996924,31.449057640000184,LINEAR,843.17,893.0,440.0,LINEAR,28.687146606445335,28.738702392578148,28.2700134277344,LINEAR,258.4778838912464,258.5352405359915,258.0138164928543,CIRCULAR_SHORTEST_ARC,3.029707577590337,2.979358089981914,3.4370807046039435,LINEAR
c4594c6a-a280-5ab3-865f-7da469cc26fa,INDY500_DAY1_2021,30,Takuma Sato,2.0,2021-05-22T19:22:35Z,PERFORMANCE_GRADE_2020_2021_2023,PERFORMANCE_GRADE_SEQUENCE_MATCH,WITHIN_CAR_SEQUENCE_COUNT_MATCH,LATEST_AVAILABLE_ISSUE_SAME_CYCLE_VALID_TIME_INTERPOLATION,90,HRRR_CONSERVATIVE_FIXED_LAG_V1,7fa0a02223a77db591539cf42bdd4e9461df15bf4a9de77dfd5360c3deac89c6,2021-05-22T17:00:00Z,142.58333333333334,26305582-bdaa-5525-b9e6-584677d3d86e,9d45a934-1467-5579-a0d9-e0b35a69bc47,2021-05-22T19:00:00Z,2021-05-22T20:00:00Z,2.0,3.0,-22.583333333333332,37.416666666666664,0.3763888888888889,True,True,True,True,False,False,HRRR forecast interpolated at an approximate performance timestamp. Not a retain/withdraw decision-state timestamp. Both bracketing forecasts come from the latest policy-available issue cycle.,283.30319883558485,283.54742431640625,282.8985595703125,LINEAR,722.4958333333334,893.0,440.0,LINEAR,4.76457197877268,4.826061099767685,4.6626951694488525,LINEAR,100006.23611111111,100010.0,100000.0,LINEAR,100.0,100.0,100.0,LINEAR,301.7122930738661,301.8887023925781,301.4200134277344,LINEAR,3.0863630043135752,2.9199113845825195,3.362144470214844,LINEAR,0.6379637493027581,0.5921926498413086,0.7137985229492188,LINEAR,100.0,100.0,100.0,LINEAR,10.153198835584876,10.397424316406273,9.748559570312525,LINEAR,4.76457197877268,4.826061099767685,4.6626951694488525,LINEAR,1000.0623611111112,1000.1,1000.0,LINEAR,31.768495484619777,31.96129649996924,31.449057640000184,LINEAR,722.4958333333334,893.0,440.0,LINEAR,28.562293073866126,28.738702392578148,28.2700134277344,LINEAR,258.33898231975513,258.5352405359915,258.0138164928543,CIRCULAR_SHORTEST_ARC,3.1516397963188165,2.979358089981914,3.4370807046039435,LINEAR
9f01c29b-9065-53ec-8e2f-27c95ba69f0a,INDY500_DAY1_2021,45,Santino Ferrucci,2.0,2021-05-22T19:27:35Z,PERFORMANCE_GRADE_2020_2021_2023,PERFORMANCE_GRADE_SEQUENCE_MATCH,WITHIN_CAR_SEQUENCE_COUNT_MATCH,LATEST_AVAILABLE_ISSUE_SAME_CYCLE_VALID_TIME_INTERPOLATION,90,HRRR_CONSERVATIVE_FIXED_LAG_V1,7fa0a02223a77db591539cf42bdd4e9461df15bf4a9de77dfd5360c3deac89c6,2021-05-22T17:00:00Z,147.58333333333334,26305582-bdaa-5525-b9e6-584677d3d86e,9d45a934-1467-5579-a0d9-e0b35a69bc47,2021-05-22T19:00:00Z,2021-05-22T20:00:00Z,2.0,3.0,-27.583333333333332,32.416666666666664,0.4597222222222222,True,True,True,True,False,False,HRRR forecast interpolated at an approximate performance timestamp. Not a retain/withdraw decision-state timestamp. Both bracketing forecasts come from the latest policy-available issue cycle.,283.24912677341035,283.54742431640625,282.8985595703125,LINEAR,684.7458333333334,893.0,440.0,LINEAR,4.7509581512461105,4.826061099767685,4.6626951694488525,LINEAR,100005.40277777778,100010.0,100000.0,LINEAR,100.0,100.0,100.0,LINEAR,301.67323566012914,301.8887023925781,301.4200134277344,LINEAR,3.123215761449602,2.9199113845825195,3.362144470214844,LINEAR,0.6480975720617507,0.5921926498413086,0.7137985229492188,LINEAR,100.0,100.0,100.0,LINEAR,10.099126773410397,10.397424316406273,9.748559570312525,LINEAR,4.7509581512461105,4.826061099767685,4.6626951694488525,LINEAR,1000.0540277777778,1000.1,1000.0,LINEAR,31.72580891295569,31.96129649996924,31.449057640000184,LINEAR,684.7458333333334,893.0,440.0,LINEAR,28.52323566012915,28.738702392578148,28.2700134277344,LINEAR,258.29553031616035,258.5352405359915,258.0138164928543,CIRCULAR_SHORTEST_ARC,3.189783347537319,2.979358089981914,3.4370807046039435,LINEAR
dd861da8-2808-5250-a9ca-b0d6cd1a136f,INDY500_DAY1_2021,6,Helio Castroneves,2.0,2021-05-22T19:52:36Z,PERFORMANCE_GRADE_2020_2021_2023,PERFORMANCE_GRADE_SEQUENCE_MATCH,WITHIN_CAR_SEQUENCE_COUNT_MATCH,LATEST_AVAILABLE_ISSUE_SAME_CYCLE_VALID_TIME_INTERPOLATION,90,HRRR_CONSERVATIVE_FIXED_LAG_V1,7fa0a02223a77db591539cf42bdd4e9461df15bf4a9de77dfd5360c3deac89c6,2021-05-22T18:00:00Z,112.6,a22086a7-28f2-573b-aef9-61f61e0784d9,c99253c2-a203-514c-8f93-2faa14eff245,2021-05-22T19:00:00Z,2021-05-22T20:00:00Z,1.0,2.0,-52.6,7.4,0.8766666666666667,True,True,True,True,False,False,HRRR forecast interpolated at an approximate performance timestamp. Not a retain/withdraw decision-state timestamp. Both bracketing forecasts come from the latest policy-available issue cycle.,283.12179173787433,285.33404541015625,282.81056213378906,LINEAR,790.8833333333333,918.0,773.0,LINEAR,5.158734864816069,5.6263769045472145,5.092944920063019,LINEAR,99933.7,99960.0,99930.0,LINEAR,90.50333333333333,23.0,100.0,LINEAR,301.689753519694,301.16455078125,301.7636413574219,LINEAR,3.3355125427246093,3.4479284286499023,3.319697380065918,LINEAR,0.8973748016357421,0.3326969146728515,0.976816177368164,LINEAR,90.50333333333333,23.0,100.0,LINEAR,9.97179173787437,12.184045410156273,9.660562133789083,LINEAR,5.158734864816069,5.6263769045472145,5.092944920063019,LINEAR,999.337,999.6,999.3,LINEAR,31.493996485918245,37.52286996112869,30.645827974196624,LINEAR,790.8833333333333,918.0,773.0,LINEAR,28.539753519694035,28.014550781250023,28.613641357421898,LINEAR,254.94603126861577,264.4884885641808,253.60355628787087,CIRCULAR_SHORTEST_ARC,3.4608612779679744,3.463942506180641,3.4604277971928084,LINEAR
fb947c1e-3d51-506f-bbbc-12ecbcdce5da,INDY500_DAY1_2021,47,Conor Daly,2.0,2021-05-22T19:55:55Z,PERFORMANCE_GRADE_2020_2021_2023,PERFORMANCE_GRADE_SEQUENCE_MATCH,WITHIN_CAR_SEQUENCE_COUNT_MATCH,LATEST_AVAILABLE_ISSUE_SAME_CYCLE_VALID_TIME_INTERPOLATION,90,HRRR_CONSERVATIVE_FIXED_LAG_V1,7fa0a02223a77db591539cf42bdd4e9461df15bf4a9de77dfd5360c3deac89c6,2021-05-22T18:00:00Z,115.91666666666667,a22086a7-28f2-573b-aef9-61f61e0784d9,c99253c2-a203-514c-8f93-2faa14eff245,2021-05-22T19:00:00Z,2021-05-22T20:00:00Z,1.0,2.0,-55.916666666666664,4.083333333333333,0.9319444444444445,True,True,True,True,False,False,HRRR forecast interpolated at an approximate performance timestamp. Not a retain/withdraw decision-state timestamp. Both bracketing forecasts come from the latest policy-available issue cycle.,282.98229919009736,285.33404541015625,282.81056213378906,LINEAR,782.8680555555555,918.0,773.0,LINEAR,5.1292479301181935,5.6263769045472145,5.092944920063019,LINEAR,99932.04166666667,99960.0,99930.0,LINEAR,94.75972222222222,23.0,100.0,LINEAR,301.7228699154324,301.16455078125,301.7636413574219,LINEAR,3.3284242153167725,3.4479284286499023,3.319697380065918,LINEAR,0.9329802831013998,0.3326969146728515,0.976816177368164,LINEAR,94.75972222222222,23.0,100.0,LINEAR,9.832299190097405,12.184045410156273,9.660562133789083,LINEAR,5.1292479301181935,5.6263769045472145,5.092944920063019,LINEAR,999.3204166666666,999.6,999.3,LINEAR,31.11384888719617,37.52286996112869,30.645827974196624,LINEAR,782.8680555555555,918.0,773.0,LINEAR,28.572869915432424,28.014550781250023,28.613641357421898,LINEAR,254.34433640111973,264.4884885641808,253.60355628787087,CIRCULAR_SHORTEST_ARC,3.4606669926655913,3.463942506180641,3.4604277971928084,LINEAR
90108456-7f40-5313-a9ff-43273b65d2f0,INDY500_DAY1_2021,26,Colton Herta,2.0,2021-05-22T20:25:16Z,PERFORMANCE_GRADE_2020_2021_2023,PERFORMANCE_GRADE_SEQUENCE_MATCH,WITHIN_CAR_SEQUENCE_COUNT_MATCH,LATEST_AVAILABLE_ISSUE_SAME_CYCLE_VALID_TIME_INTERPOLATION,90,HRRR_CONSERVATIVE_FIXED_LAG_V1,7fa0a02223a77db591539cf42bdd4e9461df15bf4a9de77dfd5360c3deac89c6,2021-05-22T18:00:00Z,145.26666666666668,c99253c2-a203-514c-8f93-2faa14eff245,ec1c3308-9649-550b-9d1e-a43d5aba347e,2021-05-22T20:00:00Z,2021-05-22T21:00:00Z,2.0,3.0,-25.266666666666666,34.733333333333334,0.4211111111111111,True,True,True,True,False,False,HRRR forecast interpolated at an approximate performance timestamp. Not a retain/withdraw decision-state timestamp. Both bracketing forecasts come from the latest policy-available issue cycle.,282.5156699795193,282.81056213378906,282.11029052734375,LINEAR,731.7311111111111,773.0,675.0,LINEAR,5.030316379881567,5.092944920063019,4.944222792983055,LINEAR,99951.05555555556,99930.0,99980.0,LINEAR,69.25888888888889,100.0,27.0,LINEAR,301.88269571940106,301.7636413574219,302.0463562011719,LINEAR,3.494626746707492,3.319697380065918,3.735096931457519,LINEAR,0.7198867373996309,0.976816177368164,0.3666934967041015,LINEAR,69.25888888888889,100.0,27.0,LINEAR,9.365669979519335,9.660562133789083,8.960290527343773,LINEAR,5.030316379881567,5.092944920063019,4.944222792983055,LINEAR,999.5105555555555,999.3,999.8,LINEAR,29.851836942830563,30.645827974196624,28.76036114509516,LINEAR,731.7311111111111,773.0,675.0,LINEAR,28.732695719401065,28.613641357421898,28.896356201171898,LINEAR,258.14708967782826,253.60355628787087,264.392949562176,CIRCULAR_SHORTEST_ARC,3.583655879818095,3.4604277971928084,3.7530538509204017,LINEAR
f39f497a-d8a0-55e6-8bd1-ef646a4f6e71,INDY500_DAY1_2021,86,Juan Pablo Montoya,2.0,2021-05-22T21:02:45Z,PERFORMANCE_GRADE_2020_2021_2023,PERFORMANCE_GRADE_SEQUENCE_MATCH,WITHIN_CAR_SEQUENCE_COUNT_MATCH,LATEST_AVAILABLE_ISSUE_SAME_CYCLE_VALID_TIME_INTERPOLATION,90,HRRR_CONSERVATIVE_FIXED_LAG_V1,7fa0a02223a77db591539cf42bdd4e9461df15bf4a9de77dfd5360c3deac89c6,2021-05-22T19:00:00Z,122.75,a9fb057d-e3bb-5496-89b9-1dc23917de8d,e3acaf4c-d2b1-5dad-8398-a48fab48f7ae,2021-05-22T21:00:00Z,2021-05-22T22:00:00Z,2.0,3.0,-2.75,57.25,0.04583333333333333,True,True,True,True,False,False,HRRR forecast interpolated at an approximate performance timestamp. Not a retain/withdraw decision-state timestamp. Both bracketing forecasts come from the latest policy-available issue cycle.,284.2052646636963,284.314453125,281.9321594238281,LINEAR,666.8416666666667,675.0,497.0,LINEAR,4.5776171080147225,4.56094129383564,4.924777239561081,LINEAR,99929.54166666667,99930.0,99920.0,LINEAR,5.770833333333333,6.0,1.0,LINEAR,301.9248995463053,301.9302062988281,301.8144226074219,LINEAR,3.081144348780314,3.055021286010742,3.624979019165039,LINEAR,0.6487635294596354,0.6402921676635742,0.8251218795776367,LINEAR,5.770833333333333,6.0,1.0,LINEAR,11.055264663696313,11.164453125000025,8.782159423828148,LINEAR,4.5776171080147225,4.56094129383564,4.924777239561081,LINEAR,999.2954166666666,999.3,999.2,LINEAR,33.334963559817055,33.552737920599704,28.80129732170563,LINEAR,666.8416666666667,675.0,497.0,LINEAR,28.77489954630536,28.780206298828148,28.664422607421898,LINEAR,258.11769858087166,258.162896843863,257.17675292405147,CIRCULAR_SHORTEST_ARC,3.1487291004549918,3.12139858364004,3.7177007686935295,LINEAR
4085390f-e83a-5315-8def-464aeb920059,INDY500_DAY1_2021,18,Ed Jones,2.0,2021-05-22T21:07:57Z,PERFORMANCE_GRADE_2020_2021_2023,PERFORMANCE_GRADE_SEQUENCE_MATCH,WITHIN_CAR_SEQUENCE_COUNT_MATCH,LATEST_AVAILABLE_ISSUE_SAME_CYCLE_VALID_TIME_INTERPOLATION,90,HRRR_CONSERVATIVE_FIXED_LAG_V1,7fa0a02223a77db591539cf42bdd4e9461df15bf4a9de77dfd5360c3deac89c6,2021-05-22T19:00:00Z,127.95,a9fb057d-e3bb-5496-89b9-1dc23917de8d,e3acaf4c-d2b1-5dad-8398-a48fab48f7ae,2021-05-22T21:00:00Z,2021-05-22T22:00:00Z,2.0,3.0,-7.95,52.05,0.1325,True,True,True,True,False,False,HRRR forecast interpolated at an approximate performance timestamp. Not a retain/withdraw decision-state timestamp. Both bracketing forecasts come from the latest policy-available issue cycle.,283.9987992095947,284.314453125,281.9321594238281,LINEAR,651.415,675.0,497.0,LINEAR,4.609149556644261,4.56094129383564,4.924777239561081,LINEAR,99928.675,99930.0,99920.0,LINEAR,5.3375,6.0,1.0,LINEAR,301.9148649597168,301.9302062988281,301.8144226074219,LINEAR,3.1305406856536866,3.055021286010742,3.624979019165039,LINEAR,0.6647821044921876,0.6402921676635742,0.8251218795776367,LINEAR,5.3375,6.0,1.0,LINEAR,10.84879920959475,11.164453125000025,8.782159423828148,LINEAR,4.609149556644261,4.56094129383564,4.924777239561081,LINEAR,999.28675,999.3,999.2,LINEAR,32.92317204124624,33.552737920599704,28.80129732170563,LINEAR,651.415,675.0,497.0,LINEAR,28.76486495971682,28.780206298828148,28.664422607421898,LINEAR,258.03223277448797,258.162896843863,257.17675292405147,CIRCULAR_SHORTEST_ARC,3.2004086231596274,3.12139858364004,3.7177007686935295,LINEAR
8ac7badc-828c-5c70-bbf4-d92f136c2564,INDY500_DAY1_2021,25,Stefan Wilson,3.0,2021-05-22T21:12:26Z,PERFORMANCE_GRADE_2020_2021_2023,PERFORMANCE_GRADE_SEQUENCE_MATCH,WITHIN_CAR_SEQUENCE_COUNT_MATCH,LATEST_AVAILABLE_ISSUE_SAME_CYCLE_VALID_TIME_INTERPOLATION,90,HRRR_CONSERVATIVE_FIXED_LAG_V1,7fa0a02223a77db591539cf42bdd4e9461df15bf4a9de77dfd5360c3deac89c6,2021-05-22T19:00:00Z,132.43333333333334,a9fb057d-e3bb-5496-89b9-1dc23917de8d,e3acaf4c-d2b1-5dad-8398-a48fab48f7ae,2021-05-22T21:00:00Z,2021-05-22T22:00:00Z,2.0,3.0,-12.433333333333334,47.56666666666667,0.20722222222222222,True,True,True,True,False,False,HRRR forecast interpolated at an approximate performance timestamp. Not a retain/withdraw decision-state timestamp. Both bracketing forecasts come from the latest policy-available issue cycle.,283.82078893025715,284.314453125,281.9321594238281,LINEAR,638.1144444444444,675.0,497.0,LINEAR,4.63633618703319,4.56094129383564,4.924777239561081,LINEAR,99927.92777777778,99930.0,99920.0,LINEAR,4.963888888888889,6.0,1.0,LINEAR,301.9062133449978,301.9302062988281,301.8144226074219,LINEAR,3.173129194047716,3.055021286010742,3.624979019165039,LINEAR,0.6785929912990993,0.6402921676635742,0.8251218795776367,LINEAR,4.963888888888889,6.0,1.0,LINEAR,10.670788930257185,11.164453125000025,8.782159423828148,LINEAR,4.63633618703319,4.56094129383564,4.924777239561081,LINEAR,999.2792777777778,999.3,999.2,LINEAR,32.568133840939986,33.552737920599704,28.80129732170563,LINEAR,638.1144444444444,675.0,497.0,LINEAR,28.756213344997853,28.780206298828148,28.664422607421898,LINEAR,257.9585459093687,258.162896843863,257.17675292405147,CIRCULAR_SHORTEST_ARC,3.244965647542791,3.12139858364004,3.7177007686935295,LINEAR
595096e7-98a7-552c-a5f8-f2f3eeb54d68,INDY500_DAY1_2021,7,Felix Rosenqvist,2.0,2021-05-22T21:21:31Z,PERFORMANCE_GRADE_2020_2021_2023,PERFORMANCE_GRADE_SEQUENCE_MATCH,WITHIN_CAR_SEQUENCE_COUNT_MATCH,LATEST_AVAILABLE_ISSUE_SAME_CYCLE_VALID_TIME_INTERPOLATION,90,HRRR_CONSERVATIVE_FIXED_LAG_V1,7fa0a02223a77db591539cf42bdd4e9461df15bf4a9de77dfd5360c3deac89c6,2021-05-22T19:00:00Z,141.51666666666668,a9fb057d-e3bb-5496-89b9-1dc23917de8d,e3acaf4c-d2b1-5dad-8398-a48fab48f7ae,2021-05-22T21:00:00Z,2021-05-22T22:00:00Z,2.0,3.0,-21.516666666666666,38.483333333333334,0.3586111111111111,True,True,True,True,False,False,HRRR forecast interpolated at an approximate performance timestamp. Not a retain/withdraw decision-state timestamp. Both bracketing forecasts come from the latest policy-available issue cycle.,283.46013613382974,284.314453125,281.9321594238281,LINEAR,611.1672222222222,675.0,497.0,LINEAR,4.6914169065944025,4.56094129383564,4.924777239561081,LINEAR,99926.41388888888,99930.0,99920.0,LINEAR,4.206944444444444,6.0,1.0,LINEAR,301.8886849806044,301.9302062988281,301.8144226074219,LINEAR,3.2594144619835745,3.055021286010742,3.624979019165039,LINEAR,0.7065741560194227,0.6402921676635742,0.8251218795776367,LINEAR,4.206944444444444,6.0,1.0,LINEAR,10.310136133829776,11.164453125000025,8.782159423828148,LINEAR,4.6914169065944025,4.56094129383564,4.924777239561081,LINEAR,999.2641388888889,999.3,999.2,LINEAR,31.848818528051858,33.552737920599704,28.80129732170563,LINEAR,611.1672222222222,675.0,497.0,LINEAR,28.738684980604408,28.780206298828148,28.664422607421898,LINEAR,257.8092546770639,258.162896843863,257.17675292405147,CIRCULAR_SHORTEST_ARC,3.335239172780055,3.12139858364004,3.7177007686935295,LINEAR
cb6ab391-510a-562a-a1bc-a173959477a0,INDY500_DAY1_2021,98,Marco Andretti,3.0,2021-05-22T21:25:30Z,PERFORMANCE_GRADE_2020_2021_2023,PERFORMANCE_GRADE_SEQUENCE_MATCH,WITHIN_CAR_SEQUENCE_COUNT_MATCH,LATEST_AVAILABLE_ISSUE_SAME_CYCLE_VALID_TIME_INTERPOLATION,90,HRRR_CONSERVATIVE_FIXED_LAG_V1,7fa0a02223a77db591539cf42bdd4e9461df15bf4a9de77dfd5360c3deac89c6,2021-05-22T19:00:00Z,145.5,a9fb057d-e3bb-5496-89b9-1dc23917de8d,e3acaf4c-d2b1-5dad-8398-a48fab48f7ae,2021-05-22T21:00:00Z,2021-05-22T22:00:00Z,2.0,3.0,-25.5,34.5,0.425,True,True,True,True,False,False,HRRR forecast interpolated at an approximate performance timestamp. Not a retain/withdraw decision-state timestamp. Both bracketing forecasts come from the latest policy-available issue cycle.,283.30197830200194,284.314453125,281.9321594238281,LINEAR,599.35,675.0,497.0,LINEAR,4.715571570768953,4.56094129383564,4.924777239561081,LINEAR,99925.75,99930.0,99920.0,LINEAR,3.875,6.0,1.0,LINEAR,301.8809982299805,301.9302062988281,301.8144226074219,LINEAR,3.2972533226013185,3.055021286010742,3.624979019165039,LINEAR,0.7188447952270508,0.6402921676635742,0.8251218795776367,LINEAR,3.875,6.0,1.0,LINEAR,10.151978302001977,11.164453125000025,8.782159423828148,LINEAR,4.715571570768953,4.56094129383564,4.924777239561081,LINEAR,999.2574999999999,999.3,999.2,LINEAR,31.533375666069723,33.552737920599704,28.80129732170563,LINEAR,599.35,675.0,497.0,LINEAR,28.730998229980493,28.780206298828148,28.664422607421898,LINEAR,257.7437856779431,258.162896843863,257.17675292405147,CIRCULAR_SHORTEST_ARC,3.374827012287773,3.12139858364004,3.7177007686935295,LINEAR
adc26df0-920d-5dc7-a952-03b3fb57700a,INDY500_DAY1_2021,16,Simona De Silvestro,2.0,2021-05-22T21:30:13Z,PERFORMANCE_GRADE_2020_2021_2023,PERFORMANCE_GRADE_SEQUENCE_MATCH,WITHIN_CAR_SEQUENCE_COUNT_MATCH,LATEST_AVAILABLE_ISSUE_SAME_CYCLE_VALID_TIME_INTERPOLATION,90,HRRR_CONSERVATIVE_FIXED_LAG_V1,7fa0a02223a77db591539cf42bdd4e9461df15bf4a9de77dfd5360c3deac89c6,2021-05-22T20:00:00Z,90.21666666666667,643c5e86-69f0-5d7a-88d6-5ddfa02b8748,4ab33286-8ecf-5a66-b530-a9ad9d86030a,2021-05-22T21:00:00Z,2021-05-22T22:00:00Z,1.0,2.0,-30.216666666666665,29.783333333333335,0.5036111111111111,True,True,True,True,False,False,HRRR forecast interpolated at an approximate performance timestamp. Not a retain/withdraw decision-state timestamp. Both bracketing forecasts come from the latest policy-available issue cycle.,285.3425663079156,285.4289093017578,285.25746154785156,LINEAR,578.8608333333333,668.0,491.0,LINEAR,4.036471030631413,4.202776826918125,3.872550204396248,LINEAR,99850.14444444445,99830.0,99870.0,LINEAR,51.653333333333336,100.0,4.0,LINEAR,301.8425103081597,301.8621826171875,301.8231201171875,LINEAR,2.9303480847676595,2.863758087158203,2.995983123779297,LINEAR,-0.16749103307724,-0.4649372100830078,0.1256895065307617,LINEAR,51.653333333333336,100.0,4.0,LINEAR,12.192566307915603,12.278909301757835,12.107461547851583,LINEAR,4.036471030631413,4.202776826918125,3.872550204396248,LINEAR,998.5014444444445,998.3,998.7,LINEAR,36.09269790536858,36.256429067103845,35.93131479118164,LINEAR,578.8608333333333,668.0,491.0,LINEAR,28.692510308159743,28.712182617187523,28.673120117187523,LINEAR,273.3676891255444,279.2216313945721,267.59769749027,CIRCULAR_SHORTEST_ARC,2.950288018829239,2.9012543823463295,2.9986184702329672,LINEAR
5aa71106-e201-5143-bb9a-21ccf4063a9e,INDY500_DAY1_2021,12,Will Power,2.0,2021-05-22T21:33:54Z,PERFORMANCE_GRADE_2020_2021_2023,PERFORMANCE_GRADE_SEQUENCE_MATCH,WITHIN_CAR_SEQUENCE_COUNT_MATCH,LATEST_AVAILABLE_ISSUE_SAME_CYCLE_VALID_TIME_INTERPOLATION,90,HRRR_CONSERVATIVE_FIXED_LAG_V1,7fa0a02223a77db591539cf42bdd4e9461df15bf4a9de77dfd5360c3deac89c6,2021-05-22T20:00:00Z,93.9,643c5e86-69f0-5d7a-88d6-5ddfa02b8748,4ab33286-8ecf-5a66-b530-a9ad9d86030a,2021-05-22T21:00:00Z,2021-05-22T22:00:00Z,1.0,2.0,-33.9,26.1,0.565,True,True,True,True,False,False,HRRR forecast interpolated at an approximate performance timestamp. Not a retain/withdraw decision-state timestamp. Both bracketing forecasts come from the latest policy-available issue cycle.,285.3320413208008,285.4289093017578,285.25746154785156,LINEAR,567.995,668.0,491.0,LINEAR,4.016198785193264,4.202776826918125,3.872550204396248,LINEAR,99852.6,99830.0,99870.0,LINEAR,45.760000000000005,100.0,4.0,LINEAR,301.8401123046875,301.8621826171875,301.8231201171875,LINEAR,2.938465232849121,2.863758087158203,2.995983123779297,LINEAR,-0.13123311519622805,-0.4649372100830078,0.1256895065307617,LINEAR,45.760000000000005,100.0,4.0,LINEAR,12.182041320800803,12.278909301757835,12.107461547851583,LINEAR,4.016198785193264,4.202776826918125,3.872550204396248,LINEAR,998.526,998.3,998.7,LINEAR,36.0727395012078,36.256429067103845,35.93131479118164,LINEAR,567.995,668.0,491.0,LINEAR,28.690112304687524,28.712182617187523,28.673120117187523,LINEAR,272.6541087386414,279.2216313945721,267.59769749027,CIRCULAR_SHORTEST_ARC,2.9562650920022797,2.9012543823463295,2.9986184702329672,LINEAR
39b9e374-3daa-551c-8478-eb7d1f44f74e,INDY500_DAY1_2021,11,Charlie Kimball,2.0,2021-05-22T21:39:08Z,PERFORMANCE_GRADE_2020_2021_2023,PERFORMANCE_GRADE_SEQUENCE_MATCH,WITHIN_CAR_SEQUENCE_COUNT_MATCH,LATEST_AVAILABLE_ISSUE_SAME_CYCLE_VALID_TIME_INTERPOLATION,90,HRRR_CONSERVATIVE_FIXED_LAG_V1,7fa0a02223a77db591539cf42bdd4e9461df15bf4a9de77dfd5360c3deac89c6,2021-05-22T20:00:00Z,99.13333333333334,643c5e86-69f0-5d7a-88d6-5ddfa02b8748,4ab33286-8ecf-5a66-b530-a9ad9d86030a,2021-05-22T21:00:00Z,2021-05-22T22:00:00Z,1.0,2.0,-39.13333333333333,20.866666666666667,0.6522222222222223,True,True,True,True,False,False,HRRR forecast interpolated at an approximate performance timestamp. Not a retain/withdraw decision-state timestamp. Both bracketing forecasts come from the latest policy-available issue cycle.,285.3170872667101,285.4289093017578,285.25746154785156,LINEAR,552.5566666666666,668.0,491.0,LINEAR,3.9873956853399672,4.202776826918125,3.872550204396248,LINEAR,99856.08888888889,99830.0,99870.0,LINEAR,37.38666666666666,100.0,4.0,LINEAR,301.83670518663195,301.8621826171875,301.8231201171875,LINEAR,2.9499981943766276,2.863758087158203,2.995983123779297,LINEAR,-0.07971734046936035,-0.4649372100830078,0.1256895065307617,LINEAR,37.38666666666666,100.0,4.0,LINEAR,12.16708726671009,12.278909301757835,12.107461547851583,LINEAR,3.9873956853399672,4.202776826918125,3.872550204396248,LINEAR,998.5608888888889,998.3,998.7,LINEAR,36.0443823115857,36.256429067103845,35.93131479118164,LINEAR,552.5566666666666,668.0,491.0,LINEAR,28.68670518663197,28.712182617187523,28.673120117187523,LINEAR,271.64024339254394,279.2216313945721,267.59769749027,CIRCULAR_SHORTEST_ARC,2.964757404112392,2.9012543823463295,2.9986184702329672,LINEAR
9ef8122c-6313-510b-9d16-813050842537,INDY500_DAY1_2021,75,RC Enerson,2.0,2021-05-22T21:42:43Z,PERFORMANCE_GRADE_2020_2021_2023,PERFORMANCE_GRADE_SEQUENCE_MATCH,WITHIN_CAR_SEQUENCE_COUNT_MATCH,LATEST_AVAILABLE_ISSUE_SAME_CYCLE_VALID_TIME_INTERPOLATION,90,HRRR_CONSERVATIVE_FIXED_LAG_V1,7fa0a02223a77db591539cf42bdd4e9461df15bf4a9de77dfd5360c3deac89c6,2021-05-22T20:00:00Z,102.71666666666667,643c5e86-69f0-5d7a-88d6-5ddfa02b8748,4ab33286-8ecf-5a66-b530-a9ad9d86030a,2021-05-22T21:00:00Z,2021-05-22T22:00:00Z,1.0,2.0,-42.71666666666667,17.283333333333335,0.7119444444444445,True,True,True,True,False,False,HRRR forecast interpolated at an approximate performance timestamp. Not a retain/withdraw decision-state timestamp. Both bracketing forecasts come from the latest policy-available issue cycle.,285.30684802585176,285.4289093017578,285.25746154785156,LINEAR,541.9858333333333,668.0,491.0,LINEAR,3.967673817606022,4.202776826918125,3.872550204396248,LINEAR,99858.47777777778,99830.0,99870.0,LINEAR,31.653333333333336,100.0,4.0,LINEAR,301.8343722873264,301.8621826171875,301.8231201171875,LINEAR,2.957894967397054,2.863758087158203,2.995983123779297,LINEAR,-0.044443800449371296,-0.4649372100830078,0.1256895065307617,LINEAR,31.653333333333336,100.0,4.0,LINEAR,12.1568480258518,12.278909301757835,12.107461547851583,LINEAR,3.967673817606022,4.202776826918125,3.872550204396248,LINEAR,998.5847777777778,998.3,998.7,LINEAR,36.02496576455145,36.256429067103845,35.93131479118164,LINEAR,541.9858333333333,668.0,491.0,LINEAR,28.68437228732641,28.712182617187523,28.673120117187523,LINEAR,270.94603622881476,279.2216313945721,267.59769749027,CIRCULAR_SHORTEST_ARC,2.970572203805622,2.9012543823463295,2.9986184702329672,LINEAR
a5d8e516-48e0-58b8-ac13-213c753fc12d,INDY500_DAY1_2021,4,Dalton Kellett,2.0,2021-05-22T21:46:39Z,PERFORMANCE_GRADE_2020_2021_2023,PERFORMANCE_GRADE_SEQUENCE_MATCH,WITHIN_CAR_SEQUENCE_COUNT_MATCH,LATEST_AVAILABLE_ISSUE_SAME_CYCLE_VALID_TIME_INTERPOLATION,90,HRRR_CONSERVATIVE_FIXED_LAG_V1,7fa0a02223a77db591539cf42bdd4e9461df15bf4a9de77dfd5360c3deac89c6,2021-05-22T20:00:00Z,106.65,643c5e86-69f0-5d7a-88d6-5ddfa02b8748,4ab33286-8ecf-5a66-b530-a9ad9d86030a,2021-05-22T21:00:00Z,2021-05-22T22:00:00Z,1.0,2.0,-46.65,13.35,0.7775,True,True,True,True,False,False,HRRR forecast interpolated at an approximate performance timestamp. Not a retain/withdraw decision-state timestamp. Both bracketing forecasts come from the latest policy-available issue cycle.,285.2956086730957,285.4289093017578,285.25746154785156,LINEAR,530.3824999999999,668.0,491.0,LINEAR,3.9460256279073658,4.202776826918125,3.872550204396248,LINEAR,99861.1,99830.0,99870.0,LINEAR,25.36,100.0,4.0,LINEAR,301.8318115234375,301.8621826171875,301.8231201171875,LINEAR,2.9665630531311034,2.863758087158203,2.995983123779297,LINEAR,-0.005724937915802031,-0.4649372100830078,0.1256895065307617,LINEAR,25.36,100.0,4.0,LINEAR,12.145608673095724,12.278909301757835,12.107461547851583,LINEAR,3.9460256279073658,4.202776826918125,3.872550204396248,LINEAR,998.611,998.3,998.7,LINEAR,36.00365271757433,36.256429067103845,35.93131479118164,LINEAR,530.3824999999999,668.0,491.0,LINEAR,28.681811523437524,28.712182617187523,28.673120117187523,LINEAR,270.1840227839772,279.2216313945721,267.59769749027,CIRCULAR_SHORTEST_ARC,2.9769549606781904,2.9012543823463295,2.9986184702329672,LINEAR
73af9176-8333-59df-915e-2cc1016f64b2,INDY500_DAY1_2021,16,Simona De Silvestro,3.0,2021-05-22T21:50:59Z,PERFORMANCE_GRADE_2020_2021_2023,PERFORMANCE_GRADE_SEQUENCE_MATCH,WITHIN_CAR_SEQUENCE_COUNT_MATCH,LATEST_AVAILABLE_ISSUE_SAME_CYCLE_VALID_TIME_INTERPOLATION,90,HRRR_CONSERVATIVE_FIXED_LAG_V1,7fa0a02223a77db591539cf42bdd4e9461df15bf4a9de77dfd5360c3deac89c6,2021-05-22T20:00:00Z,110.98333333333333,643c5e86-69f0-5d7a-88d6-5ddfa02b8748,4ab33286-8ecf-5a66-b530-a9ad9d86030a,2021-05-22T21:00:00Z,2021-05-22T22:00:00Z,1.0,2.0,-50.983333333333334,9.016666666666667,0.8497222222222223,True,True,True,True,False,False,HRRR forecast interpolated at an approximate performance timestamp. Not a retain/withdraw decision-state timestamp. Both bracketing forecasts come from the latest policy-available issue cycle.,285.2832263353136,285.4289093017578,285.25746154785156,LINEAR,517.5991666666666,668.0,491.0,LINEAR,3.922175927391897,4.202776826918125,3.872550204396248,LINEAR,99863.98888888888,99830.0,99870.0,LINEAR,18.426666666666662,100.0,4.0,LINEAR,301.8289903428819,301.8621826171875,301.8231201171875,LINEAR,2.9761126391092936,2.863758087158203,2.995983123779297,LINEAR,0.03693143606185911,-0.4649372100830078,0.1256895065307617,LINEAR,18.426666666666662,100.0,4.0,LINEAR,12.133226335313607,12.278909301757835,12.107461547851583,LINEAR,3.922175927391897,4.202776826918125,3.872550204396248,LINEAR,998.6398888888889,998.3,998.7,LINEAR,35.980172242091065,36.256429067103845,35.93131479118164,LINEAR,517.5991666666666,668.0,491.0,LINEAR,28.678990342881967,28.712182617187523,28.673120117187523,LINEAR,269.3445164464443,279.2216313945721,267.59769749027,CIRCULAR_SHORTEST_ARC,2.983986811470003,2.9012543823463295,2.9986184702329672,LINEAR
67f2af5c-ca4c-55e7-8c2a-5361873b43cc,INDY500_DAY1_2023,8,Marcus Ericsson,1.0,2023-05-20T15:24:22Z,PERFORMANCE_GRADE_2020_2021_2023,PERFORMANCE_GRADE_SEQUENCE_MATCH,WITHIN_CAR_SEQUENCE_COUNT_MATCH,LATEST_AVAILABLE_ISSUE_SAME_CYCLE_VALID_TIME_INTERPOLATION,90,HRRR_CONSERVATIVE_FIXED_LAG_V1,7fa0a02223a77db591539cf42bdd4e9461df15bf4a9de77dfd5360c3deac89c6,2023-05-20T13:00:00Z,144.36666666666667,a64f428d-6bb9-5a1e-8e10-95d036eb91c4,786788a1-643c-54c4-909d-664ad6f18ca2,2023-05-20T15:00:00Z,2023-05-20T16:00:00Z,2.0,3.0,-24.366666666666667,35.63333333333333,0.4061111111111111,True,True,True,True,False,False,HRRR forecast interpolated at an approximate performance timestamp. Not a retain/withdraw decision-state timestamp. Both bracketing forecasts come from the latest policy-available issue cycle.,280.1939888848199,280.45635986328125,279.810302734375,LINEAR,851.408,801.7,924.1,LINEAR,6.363722443421268,5.93511239439249,6.99051333591342,LINEAR,99286.85555555555,99230.0,99370.0,LINEAR,1.0,1.0,1.0,LINEAR,288.4593473646376,287.9647216796875,289.18267822265625,LINEAR,1.5945711602105035,1.4936227798461914,1.7421960830688477,LINEAR,-4.168873718049791,-3.868032455444336,-4.608818054199219,LINEAR,1.0,1.0,1.0,LINEAR,7.0439888848199015,7.306359863281273,6.660302734375023,LINEAR,6.363722443421268,5.93511239439249,6.99051333591342,LINEAR,992.8685555555555,992.3,993.7,LINEAR,57.91804373005335,60.76011050495088,53.76186126443713,LINEAR,851.408,801.7,924.1,LINEAR,15.30934736463761,14.814721679687525,16.032678222656273,LINEAR,339.0512723545092,338.8861636175309,339.2927241189822,CIRCULAR_SHORTEST_ARC,4.463453075386184,4.146394106310471,4.9271138660044285,LINEAR
14c2e6a1-d204-5d45-adf6-473781a78254,INDY500_DAY1_2023,7,Alexander Rossi,1.0,2023-05-20T15:33:22Z,PERFORMANCE_GRADE_2020_2021_2023,PERFORMANCE_GRADE_SEQUENCE_MATCH,WITHIN_CAR_SEQUENCE_COUNT_MATCH,LATEST_AVAILABLE_ISSUE_SAME_CYCLE_VALID_TIME_INTERPOLATION,90,HRRR_CONSERVATIVE_FIXED_LAG_V1,7fa0a02223a77db591539cf42bdd4e9461df15bf4a9de77dfd5360c3deac89c6,2023-05-20T14:00:00Z,93.36666666666666,a08220c4-249c-5526-973f-985773075656,ad4095b1-8be4-5322-b371-d73ce066d918,2023-05-20T15:00:00Z,2023-05-20T16:00:00Z,1.0,2.0,-33.36666666666667,26.633333333333333,0.5561111111111111,True,True,True,True,False,False,HRRR forecast interpolated at an approximate performance timestamp. Not a retain/withdraw decision-state timestamp. Both bracketing forecasts come from the latest policy-available issue cycle.,280.68722831726075,280.82171630859375,280.5798797607422,LINEAR,859.2682777777778,779.8000000000001,922.7,LINEAR,6.743240760208832,6.773109570145607,6.71939942240715,LINEAR,99302.24444444444,99280.0,99320.0,LINEAR,4.775555555555556,7.0,3.0,LINEAR,288.93115212334527,288.3475646972656,289.39697265625,LINEAR,1.8907520659764607,1.936983108520508,1.8538503646850584,LINEAR,-4.077575144237942,-3.711750030517578,-4.369577407836914,LINEAR,4.775555555555556,7.0,3.0,LINEAR,7.537228317260765,7.671716308593773,7.42987976074221,LINEAR,6.743240760208832,6.773109570145607,6.71939942240715,LINEAR,993.0224444444444,992.8,993.2,LINEAR,58.06698052704467,60.778747384892014,55.90244334480688,LINEAR,859.2682777777778,779.8000000000001,922.7,LINEAR,15.781152123345292,15.197564697265648,16.246972656250023,LINEAR,334.98252397628613,332.4421183869441,337.0102802858608,CIRCULAR_SHORTEST_ARC,4.498080696411198,4.186763887746837,4.746574332897536,LINEAR
ad6c40ac-4389-5426-b8e5-1d130ac9da81,INDY500_DAY1_2023,9,Scott Dixon,1.0,2023-05-20T15:37:44Z,PERFORMANCE_GRADE_2020_2021_2023,PERFORMANCE_GRADE_SEQUENCE_MATCH,WITHIN_CAR_SEQUENCE_COUNT_MATCH,LATEST_AVAILABLE_ISSUE_SAME_CYCLE_VALID_TIME_INTERPOLATION,90,HRRR_CONSERVATIVE_FIXED_LAG_V1,7fa0a02223a77db591539cf42bdd4e9461df15bf4a9de77dfd5360c3deac89c6,2023-05-20T14:00:00Z,97.73333333333333,a08220c4-249c-5526-973f-985773075656,ad4095b1-8be4-5322-b371-d73ce066d918,2023-05-20T15:00:00Z,2023-05-20T16:00:00Z,1.0,2.0,-37.733333333333334,22.266666666666666,0.6288888888888889,True,True,True,True,False,False,HRRR forecast interpolated at an approximate performance timestamp. Not a retain/withdraw decision-state timestamp. Both bracketing forecasts come from the latest policy-available issue cycle.,280.66962799072263,280.82171630859375,280.5798797607422,LINEAR,869.6682222222223,779.8000000000001,922.7,LINEAR,6.739331855012311,6.773109570145607,6.71939942240715,LINEAR,99305.15555555555,99280.0,99320.0,LINEAR,4.484444444444444,7.0,3.0,LINEAR,289.0075257025825,288.3475646972656,289.39697265625,LINEAR,1.8847018496195476,1.936983108520508,1.8538503646850584,LINEAR,-4.125450358920627,-3.711750030517578,-4.369577407836914,LINEAR,4.484444444444444,7.0,3.0,LINEAR,7.519627990722679,7.671716308593773,7.42987976074221,LINEAR,6.739331855012311,6.773109570145607,6.71939942240715,LINEAR,993.0515555555555,992.8,993.2,LINEAR,57.71209395523847,60.778747384892014,55.90244334480688,LINEAR,869.6682222222223,779.8000000000001,922.7,LINEAR,15.857525702582489,15.197564697265648,16.246972656250023,LINEAR,335.3149846478184,332.4421183869441,337.0102802858608,CIRCULAR_SHORTEST_ARC,4.538822456586054,4.186763887746837,4.746574332897536,LINEAR
5ff6581d-9433-56e7-89ca-1cba397b1eb5,INDY500_DAY1_2023,55,Benjamin Pedersen,1.0,2023-05-20T15:46:28Z,PERFORMANCE_GRADE_2020_2021_2023,PERFORMANCE_GRADE_SEQUENCE_MATCH,WITHIN_CAR_SEQUENCE_COUNT_MATCH,LATEST_AVAILABLE_ISSUE_SAME_CYCLE_VALID_TIME_INTERPOLATION,90,HRRR_CONSERVATIVE_FIXED_LAG_V1,7fa0a02223a77db591539cf42bdd4e9461df15bf4a9de77dfd5360c3deac89c6,2023-05-20T14:00:00Z,106.46666666666667,a08220c4-249c-5526-973f-985773075656,ad4095b1-8be4-5322-b371-d73ce066d918,2023-05-20T15:00:00Z,2023-05-20T16:00:00Z,1.0,2.0,-46.46666666666667,13.533333333333333,0.7744444444444445,True,True,True,True,False,False,HRRR forecast interpolated at an approximate performance timestamp. Not a retain/withdraw decision-state timestamp. Both bracketing forecasts come from the latest policy-available issue cycle.,280.63442733764646,280.82171630859375,280.5798797607422,LINEAR,890.4681111111112,779.8000000000001,922.7,LINEAR,6.731514044619269,6.773109570145607,6.71939942240715,LINEAR,99310.97777777778,99280.0,99320.0,LINEAR,3.902222222222222,7.0,3.0,LINEAR,289.16027286105685,288.3475646972656,289.39697265625,LINEAR,1.872601416905721,1.936983108520508,1.8538503646850584,LINEAR,-4.221200788285997,-3.711750030517578,-4.369577407836914,LINEAR,3.902222222222222,7.0,3.0,LINEAR,7.484427337646507,7.671716308593773,7.42987976074221,LINEAR,6.731514044619269,6.773109570145607,6.71939942240715,LINEAR,993.1097777777778,992.8,993.2,LINEAR,57.002320811626085,60.778747384892014,55.90244334480688,LINEAR,890.4681111111112,779.8000000000001,922.7,LINEAR,16.01027286105688,15.197564697265648,16.246972656250023,LINEAR,335.9799059908829,332.4421183869441,337.0102802858608,CIRCULAR_SHORTEST_ARC,4.620305976935767,4.186763887746837,4.746574332897536,LINEAR
09f4cf1e-3fb8-5bfc-808c-b733eb495b54,INDY500_DAY1_2023,66,Tony Kanaan,1.0,2023-05-20T16:00:52Z,PERFORMANCE_GRADE_2020_2021_2023,PERFORMANCE_GRADE_SEQUENCE_MATCH,WITHIN_CAR_SEQUENCE_COUNT_MATCH,LATEST_AVAILABLE_ISSUE_SAME_CYCLE_VALID_TIME_INTERPOLATION,90,HRRR_CONSERVATIVE_FIXED_LAG_V1,7fa0a02223a77db591539cf42bdd4e9461df15bf4a9de77dfd5360c3deac89c6,2023-05-20T14:00:00Z,120.86666666666666,ad4095b1-8be4-5322-b371-d73ce066d918,4e17edfd-8be0-595f-8ec2-835e0c1691f3,2023-05-20T16:00:00Z,2023-05-20T17:00:00Z,2.0,3.0,-0.8666666666666667,59.13333333333333,0.014444444444444444,True,True,True,True,False,False,HRRR forecast interpolated at an approximate performance timestamp. Not a retain/withdraw decision-state timestamp. Both bracketing forecasts come from the latest policy-available issue cycle.,280.5688143412272,280.5798797607422,279.8138122558594,LINEAR,923.7154444444445,922.7,993.0,LINEAR,6.724466202159722,6.71939942240715,7.070176482200623,LINEAR,99320.86666666667,99320.0,99380.0,LINEAR,2.971111111111111,3.0,1.0,LINEAR,289.41378116183813,289.39697265625,290.5606384277344,LINEAR,1.8526179578569197,1.8538503646850584,1.7685298919677734,LINEAR,-4.3772161674499515,-4.369577407836914,-4.898414611816406,LINEAR,2.971111111111111,3.0,1.0,LINEAR,7.418814341227236,7.42987976074221,6.663812255859398,LINEAR,6.724466202159722,6.71939942240715,7.070176482200623,LINEAR,993.2086666666667,993.2,993.8,LINEAR,55.80665029368235,55.90244334480688,49.2706167284934,LINEAR,923.7154444444445,922.7,993.0,LINEAR,16.263781161838132,16.246972656250023,17.410638427734398,LINEAR,337.0556075995021,337.0102802858608,340.148325076412,CIRCULAR_SHORTEST_ARC,4.75323784443219,4.746574332897536,5.207894362219727,LINEAR
04dd64f3-9175-537b-b611-47d98856e4b7,INDY500_DAY1_2023,33,Ed Carpenter,1.0,2023-05-20T16:05:13Z,PERFORMANCE_GRADE_2020_2021_2023,PERFORMANCE_GRADE_SEQUENCE_MATCH,WITHIN_CAR_SEQUENCE_COUNT_MATCH,LATEST_AVAILABLE_ISSUE_SAME_CYCLE_VALID_TIME_INTERPOLATION,90,HRRR_CONSERVATIVE_FIXED_LAG_V1,7fa0a02223a77db591539cf42bdd4e9461df15bf4a9de77dfd5360c3deac89c6,2023-05-20T14:00:00Z,125.21666666666667,ad4095b1-8be4-5322-b371-d73ce066d918,4e17edfd-8be0-595f-8ec2-835e0c1691f3,2023-05-20T16:00:00Z,2023-05-20T17:00:00Z,2.0,3.0,-5.216666666666667,54.78333333333333,0.08694444444444445,True,True,True,True,False,False,HRRR forecast interpolated at an approximate performance timestamp. Not a retain/withdraw decision-state timestamp. Both bracketing forecasts come from the latest policy-available issue cycle.,280.5132744471232,280.5798797607422,279.8138122558594,LINEAR,928.8121944444445,922.7,993.0,LINEAR,6.749897538994749,6.71939942240715,7.070176482200623,LINEAR,99325.21666666666,99320.0,99380.0,LINEAR,2.826111111111111,3.0,1.0,LINEAR,289.4981469302707,289.39697265625,290.5606384277344,LINEAR,1.8464322235849167,1.8538503646850584,1.7685298919677734,LINEAR,-4.415556864738464,-4.369577407836914,-4.898414611816406,LINEAR,2.826111111111111,3.0,1.0,LINEAR,7.363274447123232,7.42987976074221,6.663812255859398,LINEAR,6.749897538994749,6.71939942240715,7.070176482200623,LINEAR,993.2521666666667,993.2,993.8,LINEAR,55.325842863999625,55.90244334480688,49.2706167284934,LINEAR,928.8121944444445,922.7,993.0,LINEAR,16.348146930270747,16.246972656250023,17.410638427734398,LINEAR,337.28311584681705,337.0102802858608,340.148325076412,CIRCULAR_SHORTEST_ARC,4.786683546558049,4.746574332897536,5.207894362219727,LINEAR
66a44749-a775-58cd-858d-98e243eba973,INDY500_DAY1_2023,50,RC Enerson,1.0,2023-05-20T16:09:35Z,PERFORMANCE_GRADE_2020_2021_2023,PERFORMANCE_GRADE_SEQUENCE_MATCH,WITHIN_CAR_SEQUENCE_COUNT_MATCH,LATEST_AVAILABLE_ISSUE_SAME_CYCLE_VALID_TIME_INTERPOLATION,90,HRRR_CONSERVATIVE_FIXED_LAG_V1,7fa0a02223a77db591539cf42bdd4e9461df15bf4a9de77dfd5360c3deac89c6,2023-05-20T14:00:00Z,129.58333333333334,ad4095b1-8be4-5322-b371-d73ce066d918,4e17edfd-8be0-595f-8ec2-835e0c1691f3,2023-05-20T16:00:00Z,2023-05-20T17:00:00Z,2.0,3.0,-9.583333333333334,50.416666666666664,0.1597222222222222,True,True,True,True,False,False,HRRR forecast interpolated at an approximate performance timestamp. Not a retain/withdraw decision-state timestamp. Both bracketing forecasts come from the latest policy-available issue cycle.,280.45752175649005,280.5798797607422,279.8138122558594,LINEAR,933.9284722222222,922.7,993.0,LINEAR,6.775426313901941,6.71939942240715,7.070176482200623,LINEAR,99329.58333333333,99320.0,99380.0,LINEAR,2.6805555555555554,3.0,1.0,LINEAR,289.58283593919543,289.39697265625,290.5606384277344,LINEAR,1.8402227891816032,1.8538503646850584,1.7685298919677734,LINEAR,-4.454044461250305,-4.369577407836914,-4.898414611816406,LINEAR,2.6805555555555554,3.0,1.0,LINEAR,7.307521756490094,7.42987976074221,6.663812255859398,LINEAR,6.775426313901941,6.71939942240715,7.070176482200623,LINEAR,993.2958333333333,993.2,993.8,LINEAR,54.84319326025681,55.90244334480688,49.2706167284934,LINEAR,933.9284722222222,922.7,993.0,LINEAR,16.432835939195442,16.246972656250023,17.410638427734398,LINEAR,337.5114957732405,337.0102802858608,340.148325076412,CIRCULAR_SHORTEST_ARC,4.820257393136497,4.746574332897536,5.207894362219727,LINEAR
f10d3a91-6f0d-59f0-9ea9-4db5cf6e44b9,INDY500_DAY1_2023,29,Devlin DeFrancesco,1.0,2023-05-20T16:23:23Z,PERFORMANCE_GRADE_2020_2021_2023,PERFORMANCE_GRADE_SEQUENCE_MATCH,WITHIN_CAR_SEQUENCE_COUNT_MATCH,LATEST_AVAILABLE_ISSUE_SAME_CYCLE_VALID_TIME_INTERPOLATION,90,HRRR_CONSERVATIVE_FIXED_LAG_V1,7fa0a02223a77db591539cf42bdd4e9461df15bf4a9de77dfd5360c3deac89c6,2023-05-20T14:00:00Z,143.38333333333333,ad4095b1-8be4-5322-b371-d73ce066d918,4e17edfd-8be0-595f-8ec2-835e0c1691f3,2023-05-20T16:00:00Z,2023-05-20T17:00:00Z,2.0,3.0,-23.383333333333333,36.61666666666667,0.38972222222222225,True,True,True,True,False,False,HRRR forecast interpolated at an approximate performance timestamp. Not a retain/withdraw decision-state timestamp. Both bracketing forecasts come from the latest policy-available issue cycle.,280.28132623036703,280.5798797607422,279.8138122558594,LINEAR,950.0974722222222,922.7,993.0,LINEAR,6.85610503765444,6.71939942240715,7.070176482200623,LINEAR,99343.38333333333,99320.0,99380.0,LINEAR,2.2205555555555554,3.0,1.0,LINEAR,289.8504790666368,289.39697265625,290.5606384277344,LINEAR,1.8205990804566277,1.8538503646850584,1.7685298919677734,LINEAR,-4.575677018165589,-4.369577407836914,-4.898414611816406,LINEAR,2.2205555555555554,3.0,1.0,LINEAR,7.131326230367048,7.42987976074221,6.663812255859398,LINEAR,6.85610503765444,6.71939942240715,7.070176482200623,LINEAR,993.4338333333334,993.2,993.8,LINEAR,53.31787313850471,55.90244334480688,49.2706167284934,LINEAR,950.0974722222222,922.7,993.0,LINEAR,16.70047906663685,16.246972656250023,17.410638427734398,LINEAR,338.23324607506726,337.0102802858608,340.148325076412,CIRCULAR_SHORTEST_ARC,4.926360999880601,4.746574332897536,5.207894362219727,LINEAR
5d48192b-5510-5e99-b8c1-6f8dbd074ad7,INDY500_DAY1_2023,21,Rinus VeeKay,1.0,2023-05-20T16:32:35Z,PERFORMANCE_GRADE_2020_2021_2023,PERFORMANCE_GRADE_SEQUENCE_MATCH,WITHIN_CAR_SEQUENCE_COUNT_MATCH,LATEST_AVAILABLE_ISSUE_SAME_CYCLE_VALID_TIME_INTERPOLATION,90,HRRR_CONSERVATIVE_FIXED_LAG_V1,7fa0a02223a77db591539cf42bdd4e9461df15bf4a9de77dfd5360c3deac89c6,2023-05-20T15:00:00Z,92.58333333333333,32881a40-9568-5e8b-a752-95274a3f7859,ee98ff02-4b99-5b8c-ad3c-c4f988cb564b,2023-05-20T16:00:00Z,2023-05-20T17:00:00Z,1.0,2.0,-32.583333333333336,27.416666666666668,0.5430555555555555,True,True,True,True,False,False,HRRR forecast interpolated at an approximate performance timestamp. Not a retain/withdraw decision-state timestamp. Both bracketing forecasts come from the latest policy-available issue cycle.,279.77927867041694,280.3648681640625,279.2865447998047,LINEAR,959.8258333333333,920.4,993.0,LINEAR,6.351632379973307,6.494157180190086,6.2317074202001095,LINEAR,99279.73611111111,99220.0,99330.0,LINEAR,1.5430555555555556,1.0,2.0,LINEAR,290.5450211842855,289.7768249511719,291.19140625,LINEAR,1.981757828924391,1.8164644241333008,2.1208410263061523,LINEAR,-4.019415436850654,-3.818903923034668,-4.188132286071777,LINEAR,1.5430555555555556,1.0,2.0,LINEAR,6.62927867041696,7.214868164062523,6.13654479980471,LINEAR,6.351632379973307,6.494157180190086,6.2317074202001095,LINEAR,992.7973611111111,992.2,993.3,LINEAR,49.368336464127346,53.771700037994826,45.66320445440253,LINEAR,959.8258333333333,920.4,993.0,LINEAR,17.395021184285504,16.626824951171898,18.041406250000023,LINEAR,333.79116174226493,334.56186927805845,333.14266358554863,CIRCULAR_SHORTEST_ARC,4.481750430414624,4.228897040306314,4.694509421068419,LINEAR
86528548-acb2-5972-a3cd-583a1a3f0514,INDY500_DAY1_2023,5,Pato O'Ward,1.0,2023-05-20T16:37:19Z,PERFORMANCE_GRADE_2020_2021_2023,PERFORMANCE_GRADE_SEQUENCE_MATCH,WITHIN_CAR_SEQUENCE_COUNT_MATCH,LATEST_AVAILABLE_ISSUE_SAME_CYCLE_VALID_TIME_INTERPOLATION,90,HRRR_CONSERVATIVE_FIXED_LAG_V1,7fa0a02223a77db591539cf42bdd4e9461df15bf4a9de77dfd5360c3deac89c6,2023-05-20T15:00:00Z,97.31666666666666,32881a40-9568-5e8b-a752-95274a3f7859,ee98ff02-4b99-5b8c-ad3c-c4f988cb564b,2023-05-20T16:00:00Z,2023-05-20T17:00:00Z,1.0,2.0,-37.31666666666667,22.683333333333334,0.6219444444444444,True,True,True,True,False,False,HRRR forecast interpolated at an approximate performance timestamp. Not a retain/withdraw decision-state timestamp. Both bracketing forecasts come from the latest policy-available issue cycle.,279.69421093834774,280.3648681640625,279.2865447998047,LINEAR,965.5531666666667,920.4,993.0,LINEAR,6.3309280100185426,6.494157180190086,6.2317074202001095,LINEAR,99288.41388888888,99220.0,99330.0,LINEAR,1.6219444444444444,1.0,2.0,LINEAR,290.656615931193,289.7768249511719,291.19140625,LINEAR,2.0057697608735827,1.8164644241333008,2.1208410263061523,LINEAR,-4.048543452156915,-3.818903923034668,-4.188132286071777,LINEAR,1.6219444444444444,1.0,2.0,LINEAR,6.544210938347733,7.214868164062523,6.13654479980471,LINEAR,6.3309280100185426,6.494157180190086,6.2317074202001095,LINEAR,992.8841388888889,992.2,993.3,LINEAR,48.728666256977284,53.771700037994826,45.66320445440253,LINEAR,965.5531666666667,920.4,993.0,LINEAR,17.506615931193057,16.626824951171898,18.041406250000023,LINEAR,333.67920218207803,334.56186927805845,333.14266358554863,CIRCULAR_SHORTEST_ARC,4.518482073785856,4.228897040306314,4.694509421068419,LINEAR
f7e8b948-2fd0-5183-971b-aaea5c66c226,INDY500_DAY1_2023,77,Callum Ilott,1.0,2023-05-20T16:41:46Z,PERFORMANCE_GRADE_2020_2021_2023,PERFORMANCE_GRADE_SEQUENCE_MATCH,WITHIN_CAR_SEQUENCE_COUNT_MATCH,LATEST_AVAILABLE_ISSUE_SAME_CYCLE_VALID_TIME_INTERPOLATION,90,HRRR_CONSERVATIVE_FIXED_LAG_V1,7fa0a02223a77db591539cf42bdd4e9461df15bf4a9de77dfd5360c3deac89c6,2023-05-20T15:00:00Z,101.76666666666667,32881a40-9568-5e8b-a752-95274a3f7859,ee98ff02-4b99-5b8c-ad3c-c4f988cb564b,2023-05-20T16:00:00Z,2023-05-20T17:00:00Z,1.0,2.0,-41.766666666666666,18.233333333333334,0.6961111111111111,True,True,True,True,False,False,HRRR forecast interpolated at an approximate performance timestamp. Not a retain/withdraw decision-state timestamp. Both bracketing forecasts come from the latest policy-available issue cycle.,279.61423528883194,280.3648681640625,279.2865447998047,LINEAR,970.9376666666667,920.4,993.0,LINEAR,6.311462986152619,6.494157180190086,6.2317074202001095,LINEAR,99296.57222222222,99220.0,99330.0,LINEAR,1.6961111111111111,1.0,2.0,LINEAR,290.7615307108561,289.7768249511719,291.19140625,LINEAR,2.028344358868069,1.8164644241333008,2.1208410263061523,LINEAR,-4.075927889082167,-3.818903923034668,-4.188132286071777,LINEAR,1.6961111111111111,1.0,2.0,LINEAR,6.464235288831945,7.214868164062523,6.13654479980471,LINEAR,6.311462986152619,6.494157180190086,6.2317074202001095,LINEAR,992.9657222222222,992.2,993.3,LINEAR,48.12728616786086,53.771700037994826,45.66320445440253,LINEAR,970.9376666666667,920.4,993.0,LINEAR,17.611530710856144,16.626824951171898,18.041406250000023,LINEAR,333.5739444265502,334.56186927805845,333.14266358554863,CIRCULAR_SHORTEST_ARC,4.553014992025712,4.228897040306314,4.694509421068419,LINEAR
55b6b39a-d64a-5a38-9dbc-84a9faac294b,INDY500_DAY1_2023,11,Takuma Sato,1.0,2023-05-20T16:51:32Z,PERFORMANCE_GRADE_2020_2021_2023,PERFORMANCE_GRADE_SEQUENCE_MATCH,WITHIN_CAR_SEQUENCE_COUNT_MATCH,LATEST_AVAILABLE_ISSUE_SAME_CYCLE_VALID_TIME_INTERPOLATION,90,HRRR_CONSERVATIVE_FIXED_LAG_V1,7fa0a02223a77db591539cf42bdd4e9461df15bf4a9de77dfd5360c3deac89c6,2023-05-20T15:00:00Z,111.53333333333333,32881a40-9568-5e8b-a752-95274a3f7859,ee98ff02-4b99-5b8c-ad3c-c4f988cb564b,2023-05-20T16:00:00Z,2023-05-20T17:00:00Z,1.0,2.0,-51.53333333333333,8.466666666666667,0.8588888888888889,True,True,True,True,False,False,HRRR forecast interpolated at an approximate performance timestamp. Not a retain/withdraw decision-state timestamp. Both bracketing forecasts come from the latest policy-available issue cycle.,279.4387082078722,280.3648681640625,279.2865447998047,LINEAR,982.7553333333333,920.4,993.0,LINEAR,6.26874199744314,6.494157180190086,6.2317074202001095,LINEAR,99314.47777777778,99220.0,99330.0,LINEAR,1.858888888888889,1.0,2.0,LINEAR,290.99179311116535,289.7768249511719,291.19140625,LINEAR,2.0778901057773167,1.8164644241333008,2.1208410263061523,LINEAR,-4.136030061509874,-3.818903923034668,-4.188132286071777,LINEAR,1.858888888888889,1.0,2.0,LINEAR,6.288708207872202,7.214868164062523,6.13654479980471,LINEAR,6.26874199744314,6.494157180190086,6.2317074202001095,LINEAR,993.1447777777778,992.2,993.3,LINEAR,46.80740327564278,53.771700037994826,45.66320445440253,LINEAR,982.7553333333333,920.4,993.0,LINEAR,17.841793111165387,16.626824951171898,18.041406250000023,LINEAR,333.3429292777139,334.56186927805845,333.14266358554863,CIRCULAR_SHORTEST_ARC,4.628806340671989,4.228897040306314,4.694509421068419,LINEAR
cda49858-f649-523a-85fb-8d53847f80bf,INDY500_DAY1_2023,14,Santino Ferrucci,1.0,2023-05-20T17:01:01Z,PERFORMANCE_GRADE_2020_2021_2023,PERFORMANCE_GRADE_SEQUENCE_MATCH,WITHIN_CAR_SEQUENCE_COUNT_MATCH,LATEST_AVAILABLE_ISSUE_SAME_CYCLE_VALID_TIME_INTERPOLATION,90,HRRR_CONSERVATIVE_FIXED_LAG_V1,7fa0a02223a77db591539cf42bdd4e9461df15bf4a9de77dfd5360c3deac89c6,2023-05-20T15:00:00Z,121.01666666666667,ee98ff02-4b99-5b8c-ad3c-c4f988cb564b,fca28e37-0c72-59d8-aa8a-00c2a4b25fae,2023-05-20T17:00:00Z,2023-05-20T18:00:00Z,2.0,3.0,-1.0166666666666666,58.983333333333334,0.016944444444444446,True,True,True,True,False,False,HRRR forecast interpolated at an approximate performance timestamp. Not a retain/withdraw decision-state timestamp. Both bracketing forecasts come from the latest policy-available issue cycle.,279.2763906987508,279.2865447998047,278.6872863769531,LINEAR,993.0338888888889,993.0,995.0,LINEAR,6.242665892836327,6.2317074202001095,6.878436952829361,LINEAR,99329.83055555556,99330.0,99320.0,LINEAR,2.0169444444444444,2.0,3.0,LINEAR,291.2001840803358,291.19140625,291.7094421386719,LINEAR,2.1166441504160565,2.1208410263061523,1.8731565475463867,LINEAR,-4.196882790724437,-4.188132286071777,-4.704555511474609,LINEAR,2.0169444444444444,2.0,3.0,LINEAR,6.1263906987508365,6.13654479980471,5.537286376953148,LINEAR,6.242665892836327,6.2317074202001095,6.878436952829361,LINEAR,993.2983055555555,993.3,993.2,LINEAR,45.60806288987559,45.66320445440253,42.40894818723857,LINEAR,993.0338888888889,993.0,995.0,LINEAR,18.050184080335853,18.041406250000023,18.559442138671898,LINEAR,333.2298760482673,333.14266358554863,338.28962859845115,CIRCULAR_SHORTEST_ARC,4.700765987421865,4.694509421068419,5.06374940258323,LINEAR
096ff05c-1785-53cf-be2f-65bbb6ce7cd1,INDY500_DAY1_2023,10,Alex Palou,1.0,2023-05-20T17:05:46Z,PERFORMANCE_GRADE_2020_2021_2023,PERFORMANCE_GRADE_SEQUENCE_MATCH,WITHIN_CAR_SEQUENCE_COUNT_MATCH,LATEST_AVAILABLE_ISSUE_SAME_CYCLE_VALID_TIME_INTERPOLATION,90,HRRR_CONSERVATIVE_FIXED_LAG_V1,7fa0a02223a77db591539cf42bdd4e9461df15bf4a9de77dfd5360c3deac89c6,2023-05-20T15:00:00Z,125.76666666666667,ee98ff02-4b99-5b8c-ad3c-c4f988cb564b,fca28e37-0c72-59d8-aa8a-00c2a4b25fae,2023-05-20T17:00:00Z,2023-05-20T18:00:00Z,2.0,3.0,-5.766666666666667,54.233333333333334,0.0961111111111111,True,True,True,True,False,False,HRRR forecast interpolated at an approximate performance timestamp. Not a retain/withdraw decision-state timestamp. Both bracketing forecasts come from the latest policy-available issue cycle.,279.22894940694175,279.2865447998047,278.6872863769531,LINEAR,993.1922222222222,993.0,995.0,LINEAR,6.2938653141694765,6.2317074202001095,6.878436952829361,LINEAR,99329.03888888888,99330.0,99320.0,LINEAR,2.096111111111111,2.0,3.0,LINEAR,291.2411952548557,291.19140625,291.7094421386719,LINEAR,2.097035795847575,2.1208410263061523,1.8731565475463867,LINEAR,-4.237766296068827,-4.188132286071777,-4.704555511474609,LINEAR,2.096111111111111,2.0,3.0,LINEAR,6.078949406941755,6.13654479980471,5.537286376953148,LINEAR,6.2938653141694765,6.2317074202001095,6.878436952829361,LINEAR,993.2903888888889,993.3,993.2,LINEAR,45.35043426872511,45.66320445440253,42.40894818723857,LINEAR,993.1922222222222,993.0,995.0,LINEAR,18.09119525485571,18.041406250000023,18.559442138671898,LINEAR,333.6373441117887,333.14266358554863,338.28962859845115,CIRCULAR_SHORTEST_ARC,4.729997485958454,4.694509421068419,5.06374940258323,LINEAR
dda33fdd-49c8-5082-a03d-252bf1a6fa49,INDY500_DAY1_2023,27,Kyle Kirkwood,1.0,2023-05-20T17:14:58Z,PERFORMANCE_GRADE_2020_2021_2023,PERFORMANCE_GRADE_SEQUENCE_MATCH,WITHIN_CAR_SEQUENCE_COUNT_MATCH,LATEST_AVAILABLE_ISSUE_SAME_CYCLE_VALID_TIME_INTERPOLATION,90,HRRR_CONSERVATIVE_FIXED_LAG_V1,7fa0a02223a77db591539cf42bdd4e9461df15bf4a9de77dfd5360c3deac89c6,2023-05-20T15:00:00Z,134.96666666666667,ee98ff02-4b99-5b8c-ad3c-c4f988cb564b,fca28e37-0c72-59d8-aa8a-00c2a4b25fae,2023-05-20T17:00:00Z,2023-05-20T18:00:00Z,2.0,3.0,-14.966666666666667,45.03333333333333,0.24944444444444444,True,True,True,True,False,False,HRRR forecast interpolated at an approximate performance timestamp. Not a retain/withdraw decision-state timestamp. Both bracketing forecasts come from the latest policy-available issue cycle.,279.1370631154378,279.2865447998047,278.6872863769531,LINEAR,993.4988888888889,993.0,995.0,LINEAR,6.393030509172628,6.2317074202001095,6.878436952829361,LINEAR,99327.50555555556,99330.0,99320.0,LINEAR,2.2494444444444444,2.0,3.0,LINEAR,291.320627424452,291.19140625,291.7094421386719,LINEAR,2.0590575091044108,2.1208410263061523,1.8731565475463867,LINEAR,-4.316951190630595,-4.188132286071777,-4.704555511474609,LINEAR,2.2494444444444444,2.0,3.0,LINEAR,5.987063115437849,6.13654479980471,5.537286376953148,LINEAR,6.393030509172628,6.2317074202001095,6.878436952829361,LINEAR,993.2750555555556,993.3,993.2,LINEAR,44.851448307759966,45.66320445440253,42.40894818723857,LINEAR,993.4988888888889,993.0,995.0,LINEAR,18.170627424452064,18.041406250000023,18.559442138671898,LINEAR,334.4265454137671,333.14266358554863,338.28962859845115,CIRCULAR_SHORTEST_ARC,4.786614283124059,4.694509421068419,5.06374940258323,LINEAR
939cb422-2442-550d-9cc5-80f8c372c5d7,INDY500_DAY1_2023,44,Katherine Legge,1.0,2023-05-20T17:19:59Z,PERFORMANCE_GRADE_2020_2021_2023,PERFORMANCE_GRADE_SEQUENCE_MATCH,WITHIN_CAR_SEQUENCE_COUNT_MATCH,LATEST_AVAILABLE_ISSUE_SAME_CYCLE_VALID_TIME_INTERPOLATION,90,HRRR_CONSERVATIVE_FIXED_LAG_V1,7fa0a02223a77db591539cf42bdd4e9461df15bf4a9de77dfd5360c3deac89c6,2023-05-20T15:00:00Z,139.98333333333332,ee98ff02-4b99-5b8c-ad3c-c4f988cb564b,fca28e37-0c72-59d8-aa8a-00c2a4b25fae,2023-05-20T17:00:00Z,2023-05-20T18:00:00Z,2.0,3.0,-19.983333333333334,40.016666666666666,0.33305555555555555,True,True,True,True,False,False,HRRR forecast interpolated at an approximate performance timestamp. Not a retain/withdraw decision-state timestamp. Both bracketing forecasts come from the latest policy-available issue cycle.,279.08695845286053,279.2865447998047,278.6872863769531,LINEAR,993.6661111111111,993.0,995.0,LINEAR,6.44710428398413,6.2317074202001095,6.878436952829361,LINEAR,99326.66944444444,99330.0,99320.0,LINEAR,2.3330555555555557,2.0,3.0,LINEAR,291.36394098069934,291.19140625,291.7094421386719,LINEAR,2.0383483346303306,2.1208410263061523,1.8731565475463867,LINEAR,-4.36012991031011,-4.188132286071777,-4.704555511474609,LINEAR,2.3330555555555557,2.0,3.0,LINEAR,5.936958452860537,6.13654479980471,5.537286376953148,LINEAR,6.44710428398413,6.2317074202001095,6.878436952829361,LINEAR,993.2666944444444,993.3,993.2,LINEAR,44.57935632542209,45.66320445440253,42.40894818723857,LINEAR,993.6661111111111,993.0,995.0,LINEAR,18.21394098069935,18.041406250000023,18.559442138671898,LINEAR,334.8568888773459,333.14266358554863,338.28962859845115,CIRCULAR_SHORTEST_ARC,4.817486848245157,4.694509421068419,5.06374940258323,LINEAR
fce06089-154b-512e-a547-fd144ec0961c,INDY500_DAY1_2023,8,Marcus Ericsson,2.0,2023-05-20T18:14:06Z,PERFORMANCE_GRADE_2020_2021_2023,PERFORMANCE_GRADE_SEQUENCE_MATCH,WITHIN_CAR_SEQUENCE_COUNT_MATCH,LATEST_AVAILABLE_ISSUE_SAME_CYCLE_VALID_TIME_INTERPOLATION,90,HRRR_CONSERVATIVE_FIXED_LAG_V1,7fa0a02223a77db591539cf42bdd4e9461df15bf4a9de77dfd5360c3deac89c6,2023-05-20T16:00:00Z,134.1,2ebba1a6-f06c-539b-86cb-616a5ff3ef72,3dec9834-8b45-5985-a758-ad8a16c99729,2023-05-20T18:00:00Z,2023-05-20T19:00:00Z,2.0,3.0,-14.1,45.9,0.235,True,True,True,True,False,False,HRRR forecast interpolated at an approximate performance timestamp. Not a retain/withdraw decision-state timestamp. Both bracketing forecasts come from the latest policy-available issue cycle.,278.8874026489258,278.91102600097656,278.8105010986328,LINEAR,989.195,1004.0,941.0,LINEAR,6.749085200596601,6.545152433216572,7.412951443344355,LINEAR,99244.1,99230.0,99290.0,LINEAR,4.705,4.0,7.0,LINEAR,291.65167053222655,291.48956298828125,292.17938232421875,LINEAR,1.8890721654891969,2.07645320892334,1.2790870666503906,LINEAR,-4.552777028083801,-4.529125213623047,-4.6297712326049805,LINEAR,4.705,4.0,7.0,LINEAR,5.737402648925804,5.761026000976585,5.660501098632835,LINEAR,6.749085200596601,6.545152433216572,7.412951443344355,LINEAR,992.4409999999999,992.3,992.9,LINEAR,43.16722774772098,43.66866007999675,41.53490547456794,LINEAR,989.195,1004.0,941.0,LINEAR,18.501670532226584,18.339562988281273,19.029382324218773,LINEAR,337.52877537871706,335.3701194952243,344.5558892122149,CIRCULAR_SHORTEST_ARC,4.940315641974926,4.982432451074881,4.803211986819751,LINEAR
333cf68d-54d9-5559-ac70-c73c27086892,INDY500_DAY1_2023,77,Callum Ilott,2.0,2023-05-20T18:45:04Z,PERFORMANCE_GRADE_2020_2021_2023,PERFORMANCE_GRADE_SEQUENCE_MATCH,WITHIN_CAR_SEQUENCE_COUNT_MATCH,LATEST_AVAILABLE_ISSUE_SAME_CYCLE_VALID_TIME_INTERPOLATION,90,HRRR_CONSERVATIVE_FIXED_LAG_V1,7fa0a02223a77db591539cf42bdd4e9461df15bf4a9de77dfd5360c3deac89c6,2023-05-20T17:00:00Z,105.06666666666666,67acc1e5-bb9f-554a-93a0-0c57c02b6faa,bbf229e0-25a0-554e-817c-4efa17369f31,2023-05-20T18:00:00Z,2023-05-20T19:00:00Z,1.0,2.0,-45.06666666666667,14.933333333333334,0.7511111111111111,True,True,True,True,False,False,HRRR forecast interpolated at an approximate performance timestamp. Not a retain/withdraw decision-state timestamp. Both bracketing forecasts come from the latest policy-available issue cycle.,279.7567547607422,278.40879821777344,280.2034149169922,LINEAR,966.6977777777778,1002.0,955.0,LINEAR,6.702175974945227,6.687858134508133,6.706920348107815,LINEAR,99182.4,99250.0,99160.0,LINEAR,10.511111111111111,3.0,13.0,LINEAR,291.92815565321183,291.6278991699219,292.02764892578125,LINEAR,1.880830709669325,2.2467260360717773,1.759587287902832,LINEAR,-4.687159940931532,-4.599371910095215,-4.716249465942383,LINEAR,10.511111111111111,3.0,13.0,LINEAR,6.60675476074221,5.25879821777346,7.05341491699221,LINEAR,6.702175974945227,6.687858134508133,6.706920348107815,LINEAR,991.8240000000001,992.5,991.6,LINEAR,45.07108277997604,41.81008160788285,46.151651215699225,LINEAR,966.6977777777778,1002.0,955.0,LINEAR,18.77815565321183,18.477899169921898,18.877648925781273,LINEAR,338.15243998742875,333.96516615076644,339.5399390102281,CIRCULAR_SHORTEST_ARC,5.054953839149192,5.118788904471028,5.033801391468584,LINEAR
fdb7fb74-bf21-54a6-8668-36c035e40628,INDY500_DAY1_2023,66,Tony Kanaan,2.0,2023-05-20T18:58:45Z,PERFORMANCE_GRADE_2020_2021_2023,PERFORMANCE_GRADE_SEQUENCE_MATCH,WITHIN_CAR_SEQUENCE_COUNT_MATCH,LATEST_AVAILABLE_ISSUE_SAME_CYCLE_VALID_TIME_INTERPOLATION,90,HRRR_CONSERVATIVE_FIXED_LAG_V1,7fa0a02223a77db591539cf42bdd4e9461df15bf4a9de77dfd5360c3deac89c6,2023-05-20T17:00:00Z,118.75,67acc1e5-bb9f-554a-93a0-0c57c02b6faa,bbf229e0-25a0-554e-817c-4efa17369f31,2023-05-20T18:00:00Z,2023-05-20T19:00:00Z,1.0,2.0,-58.75,1.25,0.9791666666666666,True,True,True,True,False,False,HRRR forecast interpolated at an approximate performance timestamp. Not a retain/withdraw decision-state timestamp. Both bracketing forecasts come from the latest policy-available issue cycle.,280.1660270690918,278.40879821777344,280.2034149169922,LINEAR,955.9791666666666,1002.0,955.0,LINEAR,6.706523218657821,6.687858134508133,6.706920348107815,LINEAR,99161.875,99250.0,99160.0,LINEAR,12.791666666666666,3.0,13.0,LINEAR,292.0193208058675,291.6278991699219,292.02764892578125,LINEAR,1.7697360118230185,2.2467260360717773,1.759587287902832,LINEAR,-4.713814516862233,-4.599371910095215,-4.716249465942383,LINEAR,12.791666666666666,3.0,13.0,LINEAR,7.01602706909182,5.25879821777346,7.05341491699221,LINEAR,6.706523218657821,6.687858134508133,6.706920348107815,LINEAR,991.61875,992.5,991.6,LINEAR,46.061201848869715,41.81008160788285,46.151651215699225,LINEAR,955.9791666666666,1002.0,955.0,LINEAR,18.869320805867535,18.477899169921898,18.877648925781273,LINEAR,339.42379790898934,333.96516615076644,339.5399390102281,CIRCULAR_SHORTEST_ARC,5.035571964656135,5.118788904471028,5.033801391468584,LINEAR
ab6f7ab5-b6ba-5e02-9560-f89bd35b575c,INDY500_DAY1_2023,29,Devlin DeFrancesco,2.0,2023-05-20T19:04:53Z,PERFORMANCE_GRADE_2020_2021_2023,PERFORMANCE_GRADE_SEQUENCE_MATCH,WITHIN_CAR_SEQUENCE_COUNT_MATCH,LATEST_AVAILABLE_ISSUE_SAME_CYCLE_VALID_TIME_INTERPOLATION,90,HRRR_CONSERVATIVE_FIXED_LAG_V1,7fa0a02223a77db591539cf42bdd4e9461df15bf4a9de77dfd5360c3deac89c6,2023-05-20T17:00:00Z,124.88333333333334,bbf229e0-25a0-554e-817c-4efa17369f31,5d12ebf6-4fb3-557b-857e-8c17b9e609fc,2023-05-20T19:00:00Z,2023-05-20T20:00:00Z,2.0,3.0,-4.883333333333334,55.11666666666667,0.08138888888888889,True,True,True,True,False,False,HRRR forecast interpolated at an approximate performance timestamp. Not a retain/withdraw decision-state timestamp. Both bracketing forecasts come from the latest policy-available issue cycle.,280.1792985407511,280.2034149169922,279.9071044921875,LINEAR,946.5355555555556,955.0,851.0,LINEAR,6.829880889871468,6.706920348107815,8.217698335647583,LINEAR,99170.58055555556,99160.0,99290.0,LINEAR,12.837222222222222,13.0,11.0,LINEAR,292.03855773925784,292.02764892578125,292.16168212890625,LINEAR,1.7184717631340027,1.759587287902832,1.254413604736328,LINEAR,-4.808218997319539,-4.716249465942383,-5.846250534057617,LINEAR,12.837222222222222,13.0,11.0,LINEAR,7.029298540751162,7.05341491699221,6.757104492187523,LINEAR,6.829880889871468,6.706920348107815,8.217698335647583,LINEAR,991.7058055555556,991.6,992.9,LINEAR,46.04544446445725,46.151651215699225,44.846721848903584,LINEAR,946.5355555555556,955.0,851.0,LINEAR,18.888557739257834,18.877648925781273,19.011682128906273,LINEAR,340.21952686798545,339.5399390102281,347.8898239519564,CIRCULAR_SHORTEST_ARC,5.110755631763569,5.033801391468584,5.9793142415093525,LINEAR
3a0bcd66-fa08-5944-bf0b-5ec6c5a10f91,INDY500_DAY1_2023,9,Scott Dixon,2.0,2023-05-20T19:07:40Z,PERFORMANCE_GRADE_2020_2021_2023,PERFORMANCE_GRADE_SEQUENCE_MATCH,WITHIN_CAR_SEQUENCE_COUNT_MATCH,LATEST_AVAILABLE_ISSUE_SAME_CYCLE_VALID_TIME_INTERPOLATION,90,HRRR_CONSERVATIVE_FIXED_LAG_V1,7fa0a02223a77db591539cf42bdd4e9461df15bf4a9de77dfd5360c3deac89c6,2023-05-20T17:00:00Z,127.66666666666667,bbf229e0-25a0-554e-817c-4efa17369f31,5d12ebf6-4fb3-557b-857e-8c17b9e609fc,2023-05-20T19:00:00Z,2023-05-20T20:00:00Z,2.0,3.0,-7.666666666666667,52.333333333333336,0.12777777777777777,True,True,True,True,False,False,HRRR forecast interpolated at an approximate performance timestamp. Not a retain/withdraw decision-state timestamp. Both bracketing forecasts come from the latest policy-available issue cycle.,280.16555302937826,280.2034149169922,279.9071044921875,LINEAR,941.7111111111111,955.0,851.0,LINEAR,6.89996420207123,6.706920348107815,8.217698335647583,LINEAR,99176.61111111111,99160.0,99290.0,LINEAR,12.744444444444444,13.0,11.0,LINEAR,292.044775390625,292.02764892578125,292.16168212890625,LINEAR,1.695037317276001,1.759587287902832,1.254413604736328,LINEAR,-4.860638491312662,-4.716249465942383,-5.846250534057617,LINEAR,12.744444444444444,13.0,11.0,LINEAR,7.015553029378278,7.05341491699221,6.757104492187523,LINEAR,6.89996420207123,6.706920348107815,8.217698335647583,LINEAR,991.7661111111112,991.6,992.9,LINEAR,45.984910241053115,46.151651215699225,44.846721848903584,LINEAR,941.7111111111111,955.0,851.0,LINEAR,18.89477539062502,18.877648925781273,19.011682128906273,LINEAR,340.6068687527823,339.5399390102281,347.8898239519564,CIRCULAR_SHORTEST_ARC,5.1546169223071265,5.033801391468584,5.9793142415093525,LINEAR
f9f206a7-b2ab-5eb9-8805-0d279c65164d,INDY500_DAY1_2023,27,Kyle Kirkwood,2.0,2023-05-20T19:17:10Z,PERFORMANCE_GRADE_2020_2021_2023,PERFORMANCE_GRADE_SEQUENCE_MATCH,WITHIN_CAR_SEQUENCE_COUNT_MATCH,LATEST_AVAILABLE_ISSUE_SAME_CYCLE_VALID_TIME_INTERPOLATION,90,HRRR_CONSERVATIVE_FIXED_LAG_V1,7fa0a02223a77db591539cf42bdd4e9461df15bf4a9de77dfd5360c3deac89c6,2023-05-20T17:00:00Z,137.16666666666666,bbf229e0-25a0-554e-817c-4efa17369f31,5d12ebf6-4fb3-557b-857e-8c17b9e609fc,2023-05-20T19:00:00Z,2023-05-20T20:00:00Z,2.0,3.0,-17.166666666666668,42.833333333333336,0.2861111111111111,True,True,True,True,False,False,HRRR forecast interpolated at an approximate performance timestamp. Not a retain/withdraw decision-state timestamp. Both bracketing forecasts come from the latest policy-available issue cycle.,280.1186372121175,280.2034149169922,279.9071044921875,LINEAR,925.2444444444444,955.0,851.0,LINEAR,7.139170716765026,6.706920348107815,8.217698335647583,LINEAR,99197.19444444444,99160.0,99290.0,LINEAR,12.427777777777777,13.0,11.0,LINEAR,292.0659973144531,292.02764892578125,292.16168212890625,LINEAR,1.615051484107971,1.759587287902832,1.254413604736328,LINEAR,-5.039555327097575,-4.716249465942383,-5.846250534057617,LINEAR,12.427777777777777,13.0,11.0,LINEAR,6.968637212117536,7.05341491699221,6.757104492187523,LINEAR,7.139170716765026,6.706920348107815,8.217698335647583,LINEAR,991.9719444444445,991.6,992.9,LINEAR,45.778296424643806,46.151651215699225,44.846721848903584,LINEAR,925.2444444444444,955.0,851.0,LINEAR,18.915997314453147,18.877648925781273,19.011682128906273,LINEAR,341.92893386855593,339.5399390102281,347.8898239519564,CIRCULAR_SHORTEST_ARC,5.304323123563582,5.033801391468584,5.9793142415093525,LINEAR
2b14c17d-769c-504e-819b-55270bb93b13,INDY500_DAY1_2023,33,Ed Carpenter,2.0,2023-05-20T19:25:49Z,PERFORMANCE_GRADE_2020_2021_2023,PERFORMANCE_GRADE_SEQUENCE_MATCH,WITHIN_CAR_SEQUENCE_COUNT_MATCH,LATEST_AVAILABLE_ISSUE_SAME_CYCLE_VALID_TIME_INTERPOLATION,90,HRRR_CONSERVATIVE_FIXED_LAG_V1,7fa0a02223a77db591539cf42bdd4e9461df15bf4a9de77dfd5360c3deac89c6,2023-05-20T17:00:00Z,145.81666666666666,bbf229e0-25a0-554e-817c-4efa17369f31,5d12ebf6-4fb3-557b-857e-8c17b9e609fc,2023-05-20T19:00:00Z,2023-05-20T20:00:00Z,2.0,3.0,-25.816666666666666,34.18333333333333,0.43027777777777776,True,True,True,True,False,False,HRRR forecast interpolated at an approximate performance timestamp. Not a retain/withdraw decision-state timestamp. Both bracketing forecasts come from the latest policy-available issue cycle.,280.07591912587486,280.2034149169922,279.9071044921875,LINEAR,910.2511111111111,955.0,851.0,LINEAR,7.35697454330201,6.706920348107815,8.217698335647583,LINEAR,99215.9361111111,99160.0,99290.0,LINEAR,12.139444444444445,13.0,11.0,LINEAR,292.0853204345703,292.02764892578125,292.16168212890625,LINEAR,1.5422222781181334,1.759587287902832,1.254413604736328,LINEAR,-5.202463814417521,-4.716249465942383,-5.846250534057617,LINEAR,12.139444444444445,13.0,11.0,LINEAR,6.92591912587486,7.05341491699221,6.757104492187523,LINEAR,7.35697454330201,6.706920348107815,8.217698335647583,LINEAR,992.1593611111111,991.6,992.9,LINEAR,45.59016910759743,46.151651215699225,44.846721848903584,LINEAR,910.2511111111111,955.0,851.0,LINEAR,18.935320434570336,18.877648925781273,19.011682128906273,LINEAR,343.1327089476551,339.5399390102281,347.8898239519564,CIRCULAR_SHORTEST_ARC,5.440634559444459,5.033801391468584,5.9793142415093525,LINEAR
dd0ff96a-0d57-5ba5-8691-ebf2359edec4,INDY500_DAY1_2023,11,Takuma Sato,2.0,2023-05-20T19:48:58Z,PERFORMANCE_GRADE_2020_2021_2023,PERFORMANCE_GRADE_SEQUENCE_MATCH,WITHIN_CAR_SEQUENCE_COUNT_MATCH,LATEST_AVAILABLE_ISSUE_SAME_CYCLE_VALID_TIME_INTERPOLATION,90,HRRR_CONSERVATIVE_FIXED_LAG_V1,7fa0a02223a77db591539cf42bdd4e9461df15bf4a9de77dfd5360c3deac89c6,2023-05-20T18:00:00Z,108.96666666666667,9f32e776-9153-5981-a515-f1cbc9dfc821,a2179f4a-5512-5f20-af85-c30e3d028f99,2023-05-20T19:00:00Z,2023-05-20T20:00:00Z,1.0,2.0,-48.96666666666667,11.033333333333333,0.8161111111111111,True,True,True,True,False,False,HRRR forecast interpolated at an approximate performance timestamp. Not a retain/withdraw decision-state timestamp. Both bracketing forecasts come from the latest policy-available issue cycle.,280.6101391008165,280.71009826660156,280.5876159667969,LINEAR,842.17,945.0,819.0,LINEAR,7.960070051869584,6.950022600591183,8.187657326459885,LINEAR,99265.28888888888,99200.0,99280.0,LINEAR,14.103333333333333,19.0,13.0,LINEAR,291.8253524102105,291.9769287109375,291.79119873046875,LINEAR,1.7135686095555624,1.6594476699829102,1.7257633209228516,LINEAR,-5.655259306165907,-5.030505180358887,-5.7960309982299805,LINEAR,14.103333333333333,19.0,13.0,LINEAR,7.460139100816537,7.560098266601585,7.437615966796898,LINEAR,7.960070051869584,6.950022600591183,8.187657326459885,LINEAR,992.6528888888888,992.0,992.8,LINEAR,48.056887082714645,47.929492710409136,48.08559200935394,LINEAR,842.17,945.0,819.0,LINEAR,18.675352410210525,18.826928710937523,18.641198730468773,LINEAR,343.1110063591058,341.7434685323599,343.4191445624093,CIRCULAR_SHORTEST_ARC,5.909516642326733,5.29714535755149,6.047498191176703,LINEAR
79d389ee-b055-582a-8985-c09472aa4d69,INDY500_DAY1_2023,8,Marcus Ericsson,3.0,2023-05-20T19:57:53Z,PERFORMANCE_GRADE_2020_2021_2023,PERFORMANCE_GRADE_SEQUENCE_MATCH,WITHIN_CAR_SEQUENCE_COUNT_MATCH,LATEST_AVAILABLE_ISSUE_SAME_CYCLE_VALID_TIME_INTERPOLATION,90,HRRR_CONSERVATIVE_FIXED_LAG_V1,7fa0a02223a77db591539cf42bdd4e9461df15bf4a9de77dfd5360c3deac89c6,2023-05-20T18:00:00Z,117.88333333333334,9f32e776-9153-5981-a515-f1cbc9dfc821,a2179f4a-5512-5f20-af85-c30e3d028f99,2023-05-20T19:00:00Z,2023-05-20T20:00:00Z,1.0,2.0,-57.88333333333333,2.1166666666666667,0.9647222222222223,True,True,True,True,False,False,HRRR forecast interpolated at an approximate performance timestamp. Not a retain/withdraw decision-state timestamp. Both bracketing forecasts come from the latest policy-available issue cycle.,280.5919368701511,280.71009826660156,280.5876159667969,LINEAR,823.4449999999999,945.0,819.0,LINEAR,8.143996323630628,6.950022600591183,8.187657326459885,LINEAR,99277.17777777778,99200.0,99280.0,LINEAR,13.211666666666666,19.0,13.0,LINEAR,291.7977508714464,291.9769287109375,291.79119873046875,LINEAR,1.7234238521258036,1.6594476699829102,1.7257633209228516,LINEAR,-5.769024948543972,-5.030505180358887,-5.7960309982299805,LINEAR,13.211666666666666,19.0,13.0,LINEAR,7.441936870151118,7.560098266601585,7.437615966796898,LINEAR,8.143996323630628,6.950022600591183,8.187657326459885,LINEAR,992.7717777777777,992.0,992.8,LINEAR,48.0800851729745,47.929492710409136,48.08559200935394,LINEAR,823.4449999999999,945.0,819.0,LINEAR,18.64775087144642,18.826928710937523,18.641198730468773,LINEAR,343.3600304357937,341.7434685323599,343.4191445624093,CIRCULAR_SHORTEST_ARC,6.021027410657147,5.29714535755149,6.047498191176703,LINEAR
970e09d9-9783-53a2-ac70-f2117bee1d09,INDY500_DAY1_2023,27,Kyle Kirkwood,3.0,2023-05-20T20:10:26Z,PERFORMANCE_GRADE_2020_2021_2023,PERFORMANCE_GRADE_SEQUENCE_MATCH,WITHIN_CAR_SEQUENCE_COUNT_MATCH,LATEST_AVAILABLE_ISSUE_SAME_CYCLE_VALID_TIME_INTERPOLATION,90,HRRR_CONSERVATIVE_FIXED_LAG_V1,7fa0a02223a77db591539cf42bdd4e9461df15bf4a9de77dfd5360c3deac89c6,2023-05-20T18:00:00Z,130.43333333333334,a2179f4a-5512-5f20-af85-c30e3d028f99,c974974e-0ffc-5dc3-bbcf-ac7fb8d9ef83,2023-05-20T20:00:00Z,2023-05-20T21:00:00Z,2.0,3.0,-10.433333333333334,49.56666666666667,0.1738888888888889,True,True,True,True,False,False,HRRR forecast interpolated at an approximate performance timestamp. Not a retain/withdraw decision-state timestamp. Both bracketing forecasts come from the latest policy-available issue cycle.,280.4753746371799,280.5876159667969,279.942138671875,LINEAR,799.3505555555555,819.0,706.0,LINEAR,8.150510488955511,8.187657326459885,7.974033340811729,LINEAR,99283.47777777778,99280.0,99300.0,LINEAR,13.521666666666667,13.0,16.0,LINEAR,291.7739626736111,291.79119873046875,291.69207763671875,LINEAR,1.7304179318745931,1.7257633209228516,1.7525310516357422,LINEAR,-5.725753968026903,-5.7960309982299805,-5.391881942749023,LINEAR,13.521666666666667,13.0,16.0,LINEAR,7.3253746371799275,7.437615966796898,6.792138671875023,LINEAR,8.150510488955511,8.187657326459885,7.974033340811729,LINEAR,992.8347777777777,992.8,993.0,LINEAR,47.77396168716208,48.08559200935394,46.29346875074258,LINEAR,799.3505555555555,819.0,706.0,LINEAR,18.623962673611135,18.641198730468773,18.542077636718773,LINEAR,343.171364290144,343.4191445624093,341.99421008931813,CIRCULAR_SHORTEST_ARC,5.981776567863904,6.047498191176703,5.669546363818755,LINEAR
d1af19f4-254b-5058-b545-543906d4584e,INDY500_DAY1_2023,66,Tony Kanaan,3.0,2023-05-20T20:33:51Z,PERFORMANCE_GRADE_2020_2021_2023,PERFORMANCE_GRADE_SEQUENCE_MATCH,WITHIN_CAR_SEQUENCE_COUNT_MATCH,LATEST_AVAILABLE_ISSUE_SAME_CYCLE_VALID_TIME_INTERPOLATION,90,HRRR_CONSERVATIVE_FIXED_LAG_V1,7fa0a02223a77db591539cf42bdd4e9461df15bf4a9de77dfd5360c3deac89c6,2023-05-20T19:00:00Z,93.85,18c246d8-7156-5207-a849-0667b976d7ca,f6e014f3-4d90-5d62-b96e-30a7b312bcc9,2023-05-20T20:00:00Z,2023-05-20T21:00:00Z,1.0,2.0,-33.85,26.15,0.5641666666666667,True,True,True,True,False,False,HRRR forecast interpolated at an approximate performance timestamp. Not a retain/withdraw decision-state timestamp. Both bracketing forecasts come from the latest policy-available issue cycle.,280.5538748296102,281.2257080078125,280.0348663330078,LINEAR,699.6875,742.0,667.0,LINEAR,7.6567278281847635,7.939312741160393,7.438423678278923,LINEAR,99266.15,99300.0,99240.0,LINEAR,21.331666666666663,36.0,10.0,LINEAR,291.4381980641683,291.3135986328125,291.5344543457031,LINEAR,1.8383969593048095,1.780231475830078,1.883331298828125,LINEAR,-5.243373406728109,-5.562314033508301,-4.996983528137207,LINEAR,21.331666666666663,36.0,10.0,LINEAR,7.403874829610212,8.075708007812523,6.884866333007835,LINEAR,7.6567278281847635,7.939312741160393,7.438423678278923,LINEAR,992.6614999999999,993.0,992.4,LINEAR,49.097836895882914,51.747144116766094,47.05117858491998,LINEAR,699.6875,742.0,667.0,LINEAR,18.288198064168316,18.163598632812523,18.384454345703148,LINEAR,340.6144294366675,342.252609482105,339.3488930057017,CIRCULAR_SHORTEST_ARC,5.55808956544602,5.84025354885381,5.340110594512084,LINEAR
55035890-97e8-57a3-a2e1-4845f4b05eb9,INDY500_DAY1_2023,33,Ed Carpenter,3.0,2023-05-20T20:47:30Z,PERFORMANCE_GRADE_2020_2021_2023,PERFORMANCE_GRADE_SEQUENCE_MATCH,WITHIN_CAR_SEQUENCE_COUNT_MATCH,LATEST_AVAILABLE_ISSUE_SAME_CYCLE_VALID_TIME_INTERPOLATION,90,HRRR_CONSERVATIVE_FIXED_LAG_V1,7fa0a02223a77db591539cf42bdd4e9461df15bf4a9de77dfd5360c3deac89c6,2023-05-20T19:00:00Z,107.5,18c246d8-7156-5207-a849-0667b976d7ca,f6e014f3-4d90-5d62-b96e-30a7b312bcc9,2023-05-20T20:00:00Z,2023-05-20T21:00:00Z,1.0,2.0,-47.5,12.5,0.7916666666666666,True,True,True,True,False,False,HRRR forecast interpolated at an approximate performance timestamp. Not a retain/withdraw decision-state timestamp. Both bracketing forecasts come from the latest policy-available issue cycle.,280.2829583485921,281.2257080078125,280.0348663330078,LINEAR,682.625,742.0,667.0,LINEAR,7.5427755663792295,7.939312741160393,7.438423678278923,LINEAR,99252.5,99300.0,99240.0,LINEAR,15.416666666666668,36.0,10.0,LINEAR,291.4884427388509,291.3135986328125,291.5344543457031,LINEAR,1.8618521690368652,1.780231475830078,1.883331298828125,LINEAR,-5.114760716756185,-5.562314033508301,-4.996983528137207,LINEAR,15.416666666666668,36.0,10.0,LINEAR,7.132958348592145,8.075708007812523,6.884866333007835,LINEAR,7.5427755663792295,7.939312741160393,7.438423678278923,LINEAR,992.525,993.0,992.4,LINEAR,48.029504737387924,51.747144116766094,47.05117858491998,LINEAR,682.625,742.0,667.0,LINEAR,18.338442738850933,18.163598632812523,18.384454345703148,LINEAR,339.95383393828575,342.252609482105,339.3488930057017,CIRCULAR_SHORTEST_ARC,5.444307043333277,5.84025354885381,5.340110594512084,LINEAR
4440ce15-ba43-554c-842f-0116f2faf94b,INDY500_DAY1_2024,3,Scott McLaughlin,,2024-05-18T15:05:43Z,PERFORMANCE_GRADE_2024_SUPPORTED,UNIQUE_SINGLETON_CAPTURE_MATCH,ONE_CANONICAL_ONE_CAPTURE_SAME_CAR,LATEST_AVAILABLE_ISSUE_SAME_CYCLE_VALID_TIME_INTERPOLATION,90,HRRR_CONSERVATIVE_FIXED_LAG_V1,7fa0a02223a77db591539cf42bdd4e9461df15bf4a9de77dfd5360c3deac89c6,2024-05-18T13:00:00Z,125.71666666666667,93c4aaba-907a-5648-bf4f-268f1f833bf1,6229d039-35bb-5ac9-a305-414f3a69f3c0,2024-05-18T15:00:00Z,2024-05-18T16:00:00Z,2.0,3.0,-5.716666666666667,54.28333333333333,0.09527777777777778,True,True,True,True,False,False,HRRR forecast interpolated at an approximate performance timestamp. Not a retain/withdraw decision-state timestamp. Both bracketing forecasts come from the latest policy-available issue cycle.,291.48131539238824,291.4862060546875,291.43487548828125,LINEAR,389.2076666666667,370.8,564.0,LINEAR,1.9269227436867853,2.0157055258750916,1.0838745757937431,LINEAR,98590.95277777778,98590.0,98600.0,LINEAR,97.33222222222223,100.0,72.0,LINEAR,292.9370037841797,292.76763916015625,294.54522705078125,LINEAR,-1.2006514999601576,-1.2424898147583008,-0.803370475769043,LINEAR,1.0667953003777397,1.1366958618164062,0.403045654296875,LINEAR,97.33222222222223,100.0,72.0,LINEAR,18.331315392388262,18.336206054687523,18.284875488281273,LINEAR,1.9269227436867853,2.0157055258750916,1.0838745757937431,LINEAR,985.9095277777777,985.9,986.0,LINEAR,91.37714845838553,92.31576992300108,82.46434930312937,LINEAR,389.2076666666667,370.8,564.0,LINEAR,19.78700378417971,19.617639160156273,21.395227050781273,LINEAR,130.9474696260853,132.45393699281996,116.64261769181472,CIRCULAR_SHORTEST_ARC,1.609188989010605,1.684000719135434,0.8988047178252763,LINEAR
eedcdd73-d218-5ab6-a4d2-c18478503d31,INDY500_DAY1_2024,4,Kyffin Simpson,,2024-05-18T15:10:30Z,PERFORMANCE_GRADE_2024_SUPPORTED,UNIQUE_SINGLETON_CAPTURE_MATCH,ONE_CANONICAL_ONE_CAPTURE_SAME_CAR,LATEST_AVAILABLE_ISSUE_SAME_CYCLE_VALID_TIME_INTERPOLATION,90,HRRR_CONSERVATIVE_FIXED_LAG_V1,7fa0a02223a77db591539cf42bdd4e9461df15bf4a9de77dfd5360c3deac89c6,2024-05-18T13:00:00Z,130.5,93c4aaba-907a-5648-bf4f-268f1f833bf1,6229d039-35bb-5ac9-a305-414f3a69f3c0,2024-05-18T15:00:00Z,2024-05-18T16:00:00Z,2.0,3.0,-10.5,49.5,0.175,True,True,True,True,False,False,HRRR forecast interpolated at an approximate performance timestamp. Not a retain/withdraw decision-state timestamp. Both bracketing forecasts come from the latest policy-available issue cycle.,291.4772232055664,291.4862060546875,291.43487548828125,LINEAR,404.61,370.8,564.0,LINEAR,1.8526351096108555,2.0157055258750916,1.0838745757937431,LINEAR,98591.75,98590.0,98600.0,LINEAR,95.1,100.0,72.0,LINEAR,293.07871704101564,292.76763916015625,294.54522705078125,LINEAR,-1.1656439304351807,-1.2424898147583008,-0.803370475769043,LINEAR,1.0083070755004884,1.1366958618164062,0.403045654296875,LINEAR,95.1,100.0,72.0,LINEAR,18.32722320556643,18.336206054687523,18.284875488281273,LINEAR,1.8526351096108555,2.0157055258750916,1.0838745757937431,LINEAR,985.9175,985.9,986.0,LINEAR,90.59177131452354,92.31576992300108,82.46434930312937,LINEAR,404.61,370.8,564.0,LINEAR,19.92871704101565,19.617639160156273,21.395227050781273,LINEAR,129.68695611514403,132.45393699281996,116.64261769181472,CIRCULAR_SHORTEST_ARC,1.5465914189061565,1.684000719135434,0.8988047178252763,LINEAR
dde71df5-4fd6-5d14-89ce-1f65485e19f0,INDY500_DAY1_2024,12,Will Power,1.0,2024-05-18T15:56:00Z,PERFORMANCE_GRADE_2024_SUPPORTED,EXISTING_CONSTRAINED_SEQUENCE_LINK,EXISTING_2024_CONSTRAINED_CAPTURE_LINK,LATEST_AVAILABLE_ISSUE_SAME_CYCLE_VALID_TIME_INTERPOLATION,90,HRRR_CONSERVATIVE_FIXED_LAG_V1,7fa0a02223a77db591539cf42bdd4e9461df15bf4a9de77dfd5360c3deac89c6,2024-05-18T14:00:00Z,116.0,c62bc79c-488a-5693-856b-f376e2be164f,91fedbb1-4071-57dd-b7d0-46462268ac9d,2024-05-18T15:00:00Z,2024-05-18T16:00:00Z,1.0,2.0,-56.0,4.0,0.9333333333333333,True,True,True,True,False,False,HRRR forecast interpolated at an approximate performance timestamp. Not a retain/withdraw decision-state timestamp. Both bracketing forecasts come from the latest policy-available issue cycle.,290.96363728841146,291.5166931152344,290.92413330078125,LINEAR,740.3866666666667,689.8000000000001,744.0,LINEAR,1.34543643395106,1.127373233437538,1.361012376844883,LINEAR,98514.66666666667,98580.0,98510.0,LINEAR,33.0,33.0,33.0,LINEAR,295.6605285644531,294.4865417480469,295.744384765625,LINEAR,-1.1854199727376302,-0.9684715270996094,-1.2009162902832031,LINEAR,0.19466234842936195,-0.0020809173583984,0.2087154388427734,LINEAR,33.0,33.0,33.0,LINEAR,17.81363728841148,18.3666931152344,17.774133300781273,LINEAR,1.34543643395106,1.127373233437538,1.361012376844883,LINEAR,985.1466666666666,985.8,985.1,LINEAR,74.82513061196407,83.18710249072943,74.22784690633797,LINEAR,740.3866666666667,689.8000000000001,744.0,LINEAR,22.510528564453146,21.336541748046898,22.594384765625023,LINEAR,99.19384666383841,89.87689096134002,99.85934349973115,CIRCULAR_SHORTEST_ARC,1.2022220926915095,0.9684737626904004,1.218918401977303,LINEAR
a31aaceb-bf6d-5c61-a607-3022328ecc2c,INDY500_DAY1_2024,11,Marcus Armstrong,,2024-05-18T15:56:15Z,PERFORMANCE_GRADE_2024_SUPPORTED,UNIQUE_SINGLETON_CAPTURE_MATCH,ONE_CANONICAL_ONE_CAPTURE_SAME_CAR,LATEST_AVAILABLE_ISSUE_SAME_CYCLE_VALID_TIME_INTERPOLATION,90,HRRR_CONSERVATIVE_FIXED_LAG_V1,7fa0a02223a77db591539cf42bdd4e9461df15bf4a9de77dfd5360c3deac89c6,2024-05-18T14:00:00Z,116.25,c62bc79c-488a-5693-856b-f376e2be164f,91fedbb1-4071-57dd-b7d0-46462268ac9d,2024-05-18T15:00:00Z,2024-05-18T16:00:00Z,1.0,2.0,-56.25,3.75,0.9375,True,True,True,True,False,False,HRRR forecast interpolated at an approximate performance timestamp. Not a retain/withdraw decision-state timestamp. Both bracketing forecasts come from the latest policy-available issue cycle.,290.96116828918457,291.5166931152344,290.92413330078125,LINEAR,740.6125,689.8000000000001,744.0,LINEAR,1.346409930381924,1.127373233437538,1.361012376844883,LINEAR,98514.375,98580.0,98510.0,LINEAR,33.0,33.0,33.0,LINEAR,295.66576957702637,294.4865417480469,295.744384765625,LINEAR,-1.1863884925842285,-0.9684715270996094,-1.2009162902832031,LINEAR,0.19554066658020017,-0.0020809173583984,0.2087154388427734,LINEAR,33.0,33.0,33.0,LINEAR,17.811168289184593,18.3666931152344,17.774133300781273,LINEAR,1.346409930381924,1.127373233437538,1.361012376844883,LINEAR,985.1437500000001,985.8,985.1,LINEAR,74.78780038036244,83.18710249072943,74.22784690633797,LINEAR,740.6125,689.8000000000001,744.0,LINEAR,22.51576957702639,21.336541748046898,22.594384765625023,LINEAR,99.23544021608171,89.87689096134002,99.85934349973115,CIRCULAR_SHORTEST_ARC,1.2032656120218714,0.9684737626904004,1.218918401977303,LINEAR
61c1e429-5f49-5a6a-a7cd-58dfd7893778,INDY500_DAY1_2024,60,Felix Rosenqvist,,2024-05-18T17:35:09Z,PERFORMANCE_GRADE_2024_SUPPORTED,UNIQUE_SINGLETON_CAPTURE_MATCH,ONE_CANONICAL_ONE_CAPTURE_SAME_CAR,LATEST_AVAILABLE_ISSUE_SAME_CYCLE_VALID_TIME_INTERPOLATION,90,HRRR_CONSERVATIVE_FIXED_LAG_V1,7fa0a02223a77db591539cf42bdd4e9461df15bf4a9de77dfd5360c3deac89c6,2024-05-18T16:00:00Z,95.15,0cde7364-cd22-587e-baa2-aa3b51077f72,c22f3fc3-d4e8-55b6-add9-93b72bc2be06,2024-05-18T17:00:00Z,2024-05-18T18:00:00Z,1.0,2.0,-35.15,24.85,0.5858333333333333,True,True,True,True,False,False,HRRR forecast interpolated at an approximate performance timestamp. Not a retain/withdraw decision-state timestamp. Both bracketing forecasts come from the latest policy-available issue cycle.,290.7245200220744,291.1116638183594,290.45082092285156,LINEAR,825.9925000000001,652.0,949.0,LINEAR,2.6014230752798415,2.155411124229431,2.916740201413631,LINEAR,98555.15,98520.0,98580.0,LINEAR,21.768333333333334,37.0,11.0,LINEAR,297.3779063415527,296.8363037109375,297.76080322265625,LINEAR,-1.9912656505902608,-1.8584556579589844,-2.085158348083496,LINEAR,0.9586709849039712,0.3908767700195312,1.3600845336914062,LINEAR,21.768333333333334,37.0,11.0,LINEAR,17.574520022074406,17.961663818359398,17.300820922851585,LINEAR,2.6014230752798415,2.155411124229431,2.916740201413631,LINEAR,985.5515,985.2,985.8,LINEAR,66.49795893823091,70.3107214857381,63.80244971189937,LINEAR,825.9925000000001,652.0,949.0,LINEAR,24.227906341552757,23.686303710937523,24.610803222656273,LINEAR,114.31924685763639,101.87752647779172,123.11517150739856,CIRCULAR_SHORTEST_ARC,2.2449950385614956,1.8991161317677925,2.489521093577812,LINEAR
3072c6a1-a1c0-561e-a338-3e9b559cea21,INDY500_DAY1_2024,7,Alexander Rossi,1.0,2024-05-18T17:53:59Z,PERFORMANCE_GRADE_2024_SUPPORTED,EXISTING_CONSTRAINED_SEQUENCE_LINK,EXISTING_2024_CONSTRAINED_CAPTURE_LINK,LATEST_AVAILABLE_ISSUE_SAME_CYCLE_VALID_TIME_INTERPOLATION,90,HRRR_CONSERVATIVE_FIXED_LAG_V1,7fa0a02223a77db591539cf42bdd4e9461df15bf4a9de77dfd5360c3deac89c6,2024-05-18T16:00:00Z,113.98333333333333,0cde7364-cd22-587e-baa2-aa3b51077f72,c22f3fc3-d4e8-55b6-add9-93b72bc2be06,2024-05-18T17:00:00Z,2024-05-18T18:00:00Z,1.0,2.0,-53.983333333333334,6.016666666666667,0.8997222222222222,True,True,True,True,False,False,HRRR forecast interpolated at an approximate performance timestamp. Not a retain/withdraw decision-state timestamp. Both bracketing forecasts come from the latest policy-available issue cycle.,290.5170887798733,291.1116638183594,290.45082092285156,LINEAR,919.2175,652.0,949.0,LINEAR,2.8403958133959932,2.155411124229431,2.916740201413631,LINEAR,98573.98333333334,98520.0,98580.0,LINEAR,13.607222222222223,37.0,11.0,LINEAR,297.66809646606447,296.8363037109375,297.76080322265625,LINEAR,-2.062425106101566,-1.8584556579589844,-2.085158348083496,LINEAR,1.2628945329454209,0.3908767700195312,1.3600845336914062,LINEAR,13.607222222222223,37.0,11.0,LINEAR,17.36708877987334,17.961663818359398,17.300820922851585,LINEAR,2.8403958133959932,2.155411124229431,2.916740201413631,LINEAR,985.7398333333333,985.2,985.8,LINEAR,64.45508474255375,70.3107214857381,63.80244971189937,LINEAR,919.2175,652.0,949.0,LINEAR,24.518096466064478,23.686303710937523,24.610803222656273,LINEAR,120.9855076585963,101.87752647779172,123.11517150739856,CIRCULAR_SHORTEST_ARC,2.4303165960185296,1.8991161317677925,2.489521093577812,LINEAR
8ec48ba2-cd65-5a70-94b7-6bd93fe67f38,INDY500_DAY1_2024,7,Alexander Rossi,2.0,2024-05-18T20:37:01Z,PERFORMANCE_GRADE_2024_SUPPORTED,EXISTING_CONSTRAINED_SEQUENCE_LINK,EXISTING_2024_CONSTRAINED_CAPTURE_LINK,LATEST_AVAILABLE_ISSUE_SAME_CYCLE_VALID_TIME_INTERPOLATION,90,HRRR_CONSERVATIVE_FIXED_LAG_V1,7fa0a02223a77db591539cf42bdd4e9461df15bf4a9de77dfd5360c3deac89c6,2024-05-18T19:00:00Z,97.01666666666667,757d0b60-0dd8-531d-95bc-a140df8cca93,e1675713-0394-5b58-88f2-b505398b196f,2024-05-18T20:00:00Z,2024-05-18T21:00:00Z,1.0,2.0,-37.016666666666666,22.983333333333334,0.6169444444444444,True,True,True,True,False,False,HRRR forecast interpolated at an approximate performance timestamp. Not a retain/withdraw decision-state timestamp. Both bracketing forecasts come from the latest policy-available issue cycle.,288.7751045311822,288.84230041503906,288.73338317871094,LINEAR,705.0991666666666,818.0,635.0,LINEAR,2.185496401751621,2.2922114729881287,2.1192379221320152,LINEAR,98554.67777777778,98530.0,98570.0,LINEAR,8.616944444444444,8.0,9.0,LINEAR,299.5795897420247,299.4171447753906,299.6804504394531,LINEAR,-1.2561687013838025,-1.331533432006836,-1.2093753814697266,LINEAR,1.4129686710569593,1.5095462799072266,1.3530044555664062,LINEAR,8.616944444444444,8.0,9.0,LINEAR,15.625104531182206,15.692300415039083,15.58338317871096,LINEAR,2.185496401751621,2.2922114729881287,2.1192379221320152,LINEAR,985.5467777777778,985.3,985.7,LINEAR,51.48241382711307,52.19918753313493,51.0373751325592,LINEAR,705.0991666666666,818.0,635.0,LINEAR,26.429589742024763,26.267144775390648,26.530450439453148,LINEAR,138.352669521832,138.58528099065964,138.20824304028616,CIRCULAR_SHORTEST_ARC,1.8906289042307576,2.012886298759483,1.8147203283392168,LINEAR
