layer,session_key,year,yr_group,category,block,cb_a,cb_b,car_a,car_b,team_a,team_b,comp_a,comp_b,time_sep_s,adjacency_category,adjacency_code,median_intervening,ptsc_readings,tier
DIFF_TEAM,6198,2023,2023_2024_PRIMARY,PRACTICE,5614470,6198|5614470|2023|24,6198|5614470|2023|26,2023|24,2023|26,DREYER_REINBOLD_RACING,ANDRETTI,A_ONLY,A_ONLY,20.932499885559082,SAME_UPDATE,0,3.0,2,TIER1_STRICT
DIFF_TEAM,6198,2023,2023_2024_PRIMARY,PRACTICE,5614471,6198|5614471|2023|24,6198|5614471|2023|26,2023|24,2023|26,DREYER_REINBOLD_RACING,ANDRETTI,A_ONLY,A_ONLY,0.0,SAME_UPDATE,0,0.0,1,TIER1_STRICT
DIFF_TEAM,6198,2023,2023_2024_PRIMARY,PRACTICE,5614486,6198|5614486|2023|12,6198|5614486|2023|5,2023|12,2023|5,TEAM_PENSKE,ARROW_MCLAREN_SPM,A_ONLY,A_ONLY,18.394999980926514,CONSECUTIVE,1,0.0,1,TIER1_STRICT
DIFF_TEAM,6198,2023,2023_2024_PRIMARY,PRACTICE,5614494,6198|5614494|2023|23,6198|5614494|2023|8,2023|23,2023|8,DREYER_REINBOLD_RACING,CHIP_GANASSI_RACING,A_ONLY,A_ONLY,36.83299994468689,CONSECUTIVE,1,0.0,2,TIER1_STRICT
DIFF_TEAM,6198,2023,2023_2024_PRIMARY,PRACTICE,5614500,6198|5614500|2023|20,6198|5614500|2023|44,2023|20,2023|44,ED_CARPENTER_RACING,RAHAL_LETTERMAN_LANIGAN,A_ONLY,A_ONLY,37.470500230789185,BETWEEN_1_2,2,2.0,2,TIER1_STRICT
DIFF_TEAM,6198,2023,2023_2024_PRIMARY,PRACTICE,5614526,6198|5614526|2023|11,6198|5614526|2023|77,2023|11,2023|77,CHIP_GANASSI_RACING,JUNCOS_HOLLINGER_RACING,A_ONLY,A_ONLY,30.151000022888184,BETWEEN_GT5,4,6.0,2,TIER1_STRICT
DIFF_TEAM,6198,2023,2023_2024_PRIMARY,PRACTICE,5614527,6198|5614527|2023|11,6198|5614527|2023|30,2023|11,2023|30,CHIP_GANASSI_RACING,RAHAL_LETTERMAN_LANIGAN,A_ONLY,A_ONLY,229.30449986457825,BETWEEN_GT5,4,108.0,2,TIER1_STRICT
DIFF_TEAM,6198,2023,2023_2024_PRIMARY,PRACTICE,5614527,6198|5614527|2023|11,6198|5614527|2023|5,2023|11,2023|5,CHIP_GANASSI_RACING,ARROW_MCLAREN_SPM,A_ONLY,A_ONLY,220.9340000152588,BETWEEN_GT5,4,95.0,2,TIER1_STRICT
DIFF_TEAM,6198,2023,2023_2024_PRIMARY,PRACTICE,5614527,6198|5614527|2023|11,6198|5614527|2023|77,2023|11,2023|77,CHIP_GANASSI_RACING,JUNCOS_HOLLINGER_RACING,A_ONLY,A_ONLY,51.92400002479553,BETWEEN_GT5,4,10.0,2,TIER1_STRICT
DIFF_TEAM,6198,2023,2023_2024_PRIMARY,PRACTICE,5614527,6198|5614527|2023|30,6198|5614527|2023|5,2023|30,2023|5,RAHAL_LETTERMAN_LANIGAN,ARROW_MCLAREN_SPM,A_ONLY,A_ONLY,8.370499849319458,BETWEEN_GT5,4,8.0,2,TIER1_STRICT
DIFF_TEAM,6198,2023,2023_2024_PRIMARY,PRACTICE,5614527,6198|5614527|2023|30,6198|5614527|2023|77,2023|30,2023|77,RAHAL_LETTERMAN_LANIGAN,JUNCOS_HOLLINGER_RACING,A_ONLY,A_ONLY,177.38049983978271,BETWEEN_GT5,4,54.5,2,TIER1_STRICT
DIFF_TEAM,6198,2023,2023_2024_PRIMARY,PRACTICE,5614527,6198|5614527|2023|5,6198|5614527|2023|77,2023|5,2023|77,ARROW_MCLAREN_SPM,JUNCOS_HOLLINGER_RACING,A_ONLY,A_ONLY,169.00999999046326,BETWEEN_GT5,4,43.0,2,TIER1_STRICT
DIFF_TEAM,6198,2023,2023_2024_PRIMARY,PRACTICE,5614528,6198|5614528|2023|10,6198|5614528|2023|2,2023|10,2023|2,CHIP_GANASSI_RACING,TEAM_PENSKE,A_ONLY,A_ONLY,10.878000259399414,BETWEEN_3_5,3,4.0,1,TIER1_STRICT
DIFF_TEAM,6198,2023,2023_2024_PRIMARY,PRACTICE,5614528,6198|5614528|2023|10,6198|5614528|2023|30,2023|10,2023|30,CHIP_GANASSI_RACING,RAHAL_LETTERMAN_LANIGAN,A_ONLY,A_ONLY,69.44100022315979,BETWEEN_1_2,2,8.0,1,TIER1_STRICT
DIFF_TEAM,6198,2023,2023_2024_PRIMARY,PRACTICE,5614528,6198|5614528|2023|10,6198|5614528|2023|5,2023|10,2023|5,CHIP_GANASSI_RACING,ARROW_MCLAREN_SPM,A_ONLY,A_ONLY,76.13500022888184,BETWEEN_GT5,4,13.0,1,TIER1_STRICT
DIFF_TEAM,6198,2023,2023_2024_PRIMARY,PRACTICE,5614528,6198|5614528|2023|2,6198|5614528|2023|30,2023|2,2023|30,TEAM_PENSKE,RAHAL_LETTERMAN_LANIGAN,A_ONLY,A_ONLY,58.562999963760376,CONSECUTIVE,1,3.0,1,TIER1_STRICT
DIFF_TEAM,6198,2023,2023_2024_PRIMARY,PRACTICE,5614528,6198|5614528|2023|2,6198|5614528|2023|5,2023|2,2023|5,TEAM_PENSKE,ARROW_MCLAREN_SPM,A_ONLY,A_ONLY,65.25699996948242,BETWEEN_3_5,3,7.0,1,TIER1_STRICT
DIFF_TEAM,6198,2023,2023_2024_PRIMARY,PRACTICE,5614528,6198|5614528|2023|30,6198|5614528|2023|5,2023|30,2023|5,RAHAL_LETTERMAN_LANIGAN,ARROW_MCLAREN_SPM,A_ONLY,A_ONLY,6.694000005722046,BETWEEN_3_5,3,5.0,1,TIER1_STRICT
DIFF_TEAM,6198,2023,2023_2024_PRIMARY,PRACTICE,5614529,6198|5614529|2023|45,6198|5614529|2023|8,2023|45,2023|8,RAHAL_LETTERMAN_LANIGAN,CHIP_GANASSI_RACING,A_ONLY,A_ONLY,155.5789999961853,BETWEEN_GT5,4,39.0,2,TIER1_STRICT
DIFF_TEAM,6198,2023,2023_2024_PRIMARY,PRACTICE,5614533,6198|5614533|2023|15,6198|5614533|2023|27,2023|15,2023|27,RAHAL_LETTERMAN_LANIGAN,ANDRETTI,A_ONLY,A_ONLY,127.99499988555908,BETWEEN_GT5,4,39.0,2,TIER1_STRICT
DIFF_TEAM,6198,2023,2023_2024_PRIMARY,PRACTICE,5614533,6198|5614533|2023|15,6198|5614533|2023|6,2023|15,2023|6,RAHAL_LETTERMAN_LANIGAN,ARROW_MCLAREN_SPM,A_ONLY,A_ONLY,15.048500061035156,BETWEEN_GT5,4,6.0,2,TIER1_STRICT
DIFF_TEAM,6198,2023,2023_2024_PRIMARY,PRACTICE,5614533,6198|5614533|2023|27,6198|5614533|2023|6,2023|27,2023|6,ANDRETTI,ARROW_MCLAREN_SPM,A_ONLY,A_ONLY,143.04349994659424,BETWEEN_GT5,4,48.0,2,TIER1_STRICT
DIFF_TEAM,6198,2023,2023_2024_PRIMARY,PRACTICE,5614534,6198|5614534|2023|26,6198|5614534|2023|6,2023|26,2023|6,ANDRETTI,ARROW_MCLAREN_SPM,A_ONLY,A_ONLY,81.99300003051758,BETWEEN_GT5,4,32.0,1,TIER1_STRICT
DIFF_TEAM,6199,2023,2023_2024_PRIMARY,PRACTICE,5614753,6199|5614753|2023|29,6199|5614753|2023|33,2023|29,2023|33,ANDRETTI,ED_CARPENTER_RACING,A_ONLY,A_ONLY,76.3525002002716,BETWEEN_3_5,3,5.0,1,TIER1_STRICT
DIFF_TEAM,6199,2023,2023_2024_PRIMARY,PRACTICE,5614754,6199|5614754|2023|26,6199|5614754|2023|33,2023|26,2023|33,ANDRETTI,ED_CARPENTER_RACING,A_ONLY,A_ONLY,77.14300012588501,BETWEEN_GT5,4,11.5,2,TIER1_STRICT
DIFF_TEAM,6199,2023,2023_2024_PRIMARY,PRACTICE,5614759,6199|5614759|2023|21,6199|5614759|2023|27,2023|21,2023|27,ED_CARPENTER_RACING,ANDRETTI,A_ONLY,A_ONLY,77.01600003242493,BETWEEN_1_2,2,3.0,1,TIER1_STRICT
DIFF_TEAM,6199,2023,2023_2024_PRIMARY,PRACTICE,5614759,6199|5614759|2023|21,6199|5614759|2023|77,2023|21,2023|77,ED_CARPENTER_RACING,JUNCOS_HOLLINGER_RACING,A_ONLY,A_ONLY,110.51900005340576,BETWEEN_GT5,4,9.0,1,TIER1_STRICT
DIFF_TEAM,6199,2023,2023_2024_PRIMARY,PRACTICE,5614759,6199|5614759|2023|27,6199|5614759|2023|77,2023|27,2023|77,ANDRETTI,JUNCOS_HOLLINGER_RACING,A_ONLY,A_ONLY,33.503000020980835,BETWEEN_1_2,2,1.0,1,TIER1_STRICT
DIFF_TEAM,6199,2023,2023_2024_PRIMARY,PRACTICE,5614760,6199|5614760|2023|27,6199|5614760|2023|6,2023|27,2023|6,ANDRETTI,ARROW_MCLAREN_SPM,A_ONLY,A_ONLY,242.7114999294281,BETWEEN_GT5,4,63.0,2,TIER1_STRICT
DIFF_TEAM,6199,2023,2023_2024_PRIMARY,PRACTICE,5614760,6199|5614760|2023|27,6199|5614760|2023|66,2023|27,2023|66,ANDRETTI,ARROW_MCLAREN_SPM,A_ONLY,A_ONLY,200.05200004577637,BETWEEN_GT5,4,32.0,2,TIER1_STRICT
DIFF_TEAM,6199,2023,2023_2024_PRIMARY,PRACTICE,5614760,6199|5614760|2023|27,6199|5614760|2023|77,2023|27,2023|77,ANDRETTI,JUNCOS_HOLLINGER_RACING,A_ONLY,A_ONLY,36.80900001525879,CONSECUTIVE,1,0.0,2,TIER1_STRICT
SAME_TEAM,6199,2023,2023_2024_PRIMARY,PRACTICE,5614760,6199|5614760|2023|6,6199|5614760|2023|66,2023|6,2023|66,ARROW_MCLAREN_SPM,ARROW_MCLAREN_SPM,A_ONLY,A_ONLY,42.65949988365173,CONSECUTIVE,1,0.0,2,TIER1_STRICT
DIFF_TEAM,6199,2023,2023_2024_PRIMARY,PRACTICE,5614760,6199|5614760|2023|6,6199|5614760|2023|77,2023|6,2023|77,ARROW_MCLAREN_SPM,JUNCOS_HOLLINGER_RACING,A_ONLY,A_ONLY,205.9024999141693,BETWEEN_GT5,4,55.0,2,TIER1_STRICT
DIFF_TEAM,6199,2023,2023_2024_PRIMARY,PRACTICE,5614760,6199|5614760|2023|66,6199|5614760|2023|77,2023|66,2023|77,ARROW_MCLAREN_SPM,JUNCOS_HOLLINGER_RACING,A_ONLY,A_ONLY,163.24300003051758,BETWEEN_GT5,4,36.5,2,TIER1_STRICT
DIFF_TEAM,6199,2023,2023_2024_PRIMARY,PRACTICE,5614761,6199|5614761|2023|6,6199|5614761|2023|60,2023|6,2023|60,ARROW_MCLAREN_SPM,MEYER_SHANK_RACING,A_ONLY,A_ONLY,214.19000005722046,BETWEEN_GT5,4,37.5,2,TIER1_STRICT
DIFF_TEAM,6199,2023,2023_2024_PRIMARY,PRACTICE,5614761,6199|5614761|2023|6,6199|5614761|2023|98,2023|6,2023|98,ARROW_MCLAREN_SPM,ANDRETTI,A_ONLY,A_ONLY,22.61050009727478,BETWEEN_1_2,2,4.0,2,TIER1_STRICT
DIFF_TEAM,6199,2023,2023_2024_PRIMARY,PRACTICE,5614761,6199|5614761|2023|60,6199|5614761|2023|98,2023|60,2023|98,MEYER_SHANK_RACING,ANDRETTI,A_ONLY,A_ONLY,191.57949995994568,BETWEEN_GT5,4,19.5,2,TIER1_STRICT
DIFF_TEAM,6199,2023,2023_2024_PRIMARY,PRACTICE,5614763,6199|5614763|2023|20,6199|5614763|2023|3,2023|20,2023|3,ED_CARPENTER_RACING,TEAM_PENSKE,A_ONLY,A_ONLY,3.3559999465942383,BETWEEN_1_2,2,1.5,2,TIER1_STRICT
DIFF_TEAM,6199,2023,2023_2024_PRIMARY,PRACTICE,5614764,6199|5614764|2023|2,6199|5614764|2023|20,2023|2,2023|20,TEAM_PENSKE,ED_CARPENTER_RACING,A_ONLY,A_ONLY,204.22399997711182,BETWEEN_GT5,4,19.0,2,TIER1_STRICT
DIFF_TEAM,6199,2023,2023_2024_PRIMARY,PRACTICE,5614764,6199|5614764|2023|2,6199|5614764|2023|28,2023|2,2023|28,TEAM_PENSKE,ANDRETTI,A_ONLY,A_ONLY,128.89249992370605,BETWEEN_3_5,3,3.0,2,TIER1_STRICT
SAME_TEAM,6199,2023,2023_2024_PRIMARY,PRACTICE,5614764,6199|5614764|2023|2,6199|5614764|2023|3,2023|2,2023|3,TEAM_PENSKE,TEAM_PENSKE,A_ONLY,A_ONLY,220.97199988365173,BETWEEN_GT5,4,21.0,2,TIER1_STRICT
DIFF_TEAM,6199,2023,2023_2024_PRIMARY,PRACTICE,5614764,6199|5614764|2023|20,6199|5614764|2023|28,2023|20,2023|28,ED_CARPENTER_RACING,ANDRETTI,A_ONLY,A_ONLY,75.33150005340576,BETWEEN_3_5,3,4.0,2,TIER1_STRICT
DIFF_TEAM,6199,2023,2023_2024_PRIMARY,PRACTICE,5614764,6199|5614764|2023|20,6199|5614764|2023|3,2023|20,2023|3,ED_CARPENTER_RACING,TEAM_PENSKE,A_ONLY,A_ONLY,16.747999906539917,BETWEEN_1_2,2,2.0,2,TIER1_STRICT
DIFF_TEAM,6199,2023,2023_2024_PRIMARY,PRACTICE,5614764,6199|5614764|2023|28,6199|5614764|2023|3,2023|28,2023|3,ANDRETTI,TEAM_PENSKE,A_ONLY,A_ONLY,92.07949995994568,BETWEEN_3_5,3,8.5,2,TIER1_STRICT
DIFF_TEAM,6199,2023,2023_2024_PRIMARY,PRACTICE,5614767,6199|5614767|2023|3,6199|5614767|2023|51,2023|3,2023|51,TEAM_PENSKE,DALE_COYNE_RACING,A_ONLY,A_ONLY,89.56599998474121,BETWEEN_1_2,2,1.0,2,TIER1_STRICT
DIFF_TEAM,6199,2023,2023_2024_PRIMARY,PRACTICE,5614774,6199|5614774|2023|12,6199|5614774|2023|30,2023|12,2023|30,TEAM_PENSKE,RAHAL_LETTERMAN_LANIGAN,A_ONLY,A_ONLY,133.90149998664856,BETWEEN_3_5,3,6.0,1,TIER1_STRICT
DIFF_TEAM,6199,2023,2023_2024_PRIMARY,PRACTICE,5614807,6199|5614807|2023|06,6199|5614807|2023|7,2023|06,2023|7,MEYER_SHANK_RACING,ARROW_MCLAREN_SPM,A_ONLY,A_ONLY,20.891000032424927,SAME_UPDATE,0,0.0,1,TIER1_STRICT
DIFF_TEAM,6199,2023,2023_2024_PRIMARY,PRACTICE,5614815,6199|5614815|2023|45,6199|5614815|2023|50,2023|45,2023|50,RAHAL_LETTERMAN_LANIGAN,ABEL_MOTORSPORTS,A_ONLY,A_ONLY,221.35749983787537,BETWEEN_GT5,4,35.0,2,TIER1_STRICT
DIFF_TEAM,6199,2023,2023_2024_PRIMARY,PRACTICE,5614816,6199|5614816|2023|45,6199|5614816|2023|7,2023|45,2023|7,RAHAL_LETTERMAN_LANIGAN,ARROW_MCLAREN_SPM,A_ONLY,A_ONLY,40.08899998664856,SAME_UPDATE,0,0.0,1,TIER1_STRICT
DIFF_TEAM,6199,2023,2023_2024_PRIMARY,PRACTICE,5614821,6199|5614821|2023|14,6199|5614821|2023|23,2023|14,2023|23,AJ_FOYT,DREYER_REINBOLD_RACING,A_ONLY,A_ONLY,140.37800002098083,BETWEEN_GT5,4,47.5,2,TIER1_STRICT
DIFF_TEAM,6199,2023,2023_2024_PRIMARY,PRACTICE,5614821,6199|5614821|2023|14,6199|5614821|2023|8,2023|14,2023|8,AJ_FOYT,CHIP_GANASSI_RACING,A_ONLY,A_ONLY,130.34400010108948,BETWEEN_GT5,4,46.5,2,TIER1_STRICT
DIFF_TEAM,6199,2023,2023_2024_PRIMARY,PRACTICE,5614821,6199|5614821|2023|14,6199|5614821|2023|9,2023|14,2023|9,AJ_FOYT,CHIP_GANASSI_RACING,A_ONLY,A_ONLY,53.448999881744385,BETWEEN_1_2,2,1.0,2,TIER1_STRICT
DIFF_TEAM,6199,2023,2023_2024_PRIMARY,PRACTICE,5614821,6199|5614821|2023|23,6199|5614821|2023|8,2023|23,2023|8,DREYER_REINBOLD_RACING,CHIP_GANASSI_RACING,A_ONLY,A_ONLY,10.033999919891357,CONSECUTIVE,1,0.0,2,TIER1_STRICT
DIFF_TEAM,6199,2023,2023_2024_PRIMARY,PRACTICE,5614821,6199|5614821|2023|23,6199|5614821|2023|9,2023|23,2023|9,DREYER_REINBOLD_RACING,CHIP_GANASSI_RACING,A_ONLY,A_ONLY,193.82699990272522,BETWEEN_GT5,4,42.0,2,TIER1_STRICT
SAME_TEAM,6199,2023,2023_2024_PRIMARY,PRACTICE,5614821,6199|5614821|2023|8,6199|5614821|2023|9,2023|8,2023|9,CHIP_GANASSI_RACING,CHIP_GANASSI_RACING,A_ONLY,A_ONLY,183.79299998283386,BETWEEN_GT5,4,41.0,2,TIER1_STRICT
DIFF_TEAM,6199,2023,2023_2024_PRIMARY,PRACTICE,5614822,6199|5614822|2023|11,6199|5614822|2023|23,2023|11,2023|23,CHIP_GANASSI_RACING,DREYER_REINBOLD_RACING,A_ONLY,A_ONLY,214.018000125885,BETWEEN_GT5,4,45.0,1,TIER1_STRICT
DIFF_TEAM,6199,2023,2023_2024_PRIMARY,PRACTICE,5614822,6199|5614822|2023|11,6199|5614822|2023|30,2023|11,2023|30,CHIP_GANASSI_RACING,RAHAL_LETTERMAN_LANIGAN,A_ONLY,A_ONLY,132.05100011825562,BETWEEN_GT5,4,14.0,1,TIER1_STRICT
SAME_TEAM,6199,2023,2023_2024_PRIMARY,PRACTICE,5614822,6199|5614822|2023|11,6199|5614822|2023|8,2023|11,2023|8,CHIP_GANASSI_RACING,CHIP_GANASSI_RACING,A_ONLY,A_ONLY,225.72800016403198,BETWEEN_GT5,4,46.0,1,TIER1_STRICT
DIFF_TEAM,6199,2023,2023_2024_PRIMARY,PRACTICE,5614822,6199|5614822|2023|23,6199|5614822|2023|30,2023|23,2023|30,DREYER_REINBOLD_RACING,RAHAL_LETTERMAN_LANIGAN,A_ONLY,A_ONLY,81.9670000076294,BETWEEN_GT5,4,8.0,1,TIER1_STRICT
DIFF_TEAM,6199,2023,2023_2024_PRIMARY,PRACTICE,5614822,6199|5614822|2023|23,6199|5614822|2023|8,2023|23,2023|8,DREYER_REINBOLD_RACING,CHIP_GANASSI_RACING,A_ONLY,A_ONLY,11.710000038146973,CONSECUTIVE,1,0.0,1,TIER1_STRICT
DIFF_TEAM,6199,2023,2023_2024_PRIMARY,PRACTICE,5614822,6199|5614822|2023|30,6199|5614822|2023|8,2023|30,2023|8,RAHAL_LETTERMAN_LANIGAN,CHIP_GANASSI_RACING,A_ONLY,A_ONLY,93.67700004577637,BETWEEN_GT5,4,14.0,1,TIER1_STRICT
DIFF_TEAM,6200,2023,2023_2024_PRIMARY,FAST_FRIDAY,5615085,6200|5615085|2023|10,6200|5615085|2023|28,2023|10,2023|28,CHIP_GANASSI_RACING,ANDRETTI,A_ONLY,A_ONLY,15.875499725341797,CONSECUTIVE,1,0.5,2,TIER1_STRICT
DIFF_TEAM,6200,2023,2023_2024_PRIMARY,FAST_FRIDAY,5615086,6200|5615086|2023|10,6200|5615086|2023|28,2023|10,2023|28,CHIP_GANASSI_RACING,ANDRETTI,A_ONLY,A_ONLY,15.076499938964844,CONSECUTIVE,1,0.0,1,TIER1_STRICT
DIFF_TEAM,6207,2023,2023_2024_PRIMARY,POST_QUALIFYING_PRACTICE,5615917,6207|5615917|2023|12,6207|5615917|2023|24,2023|12,2023|24,TEAM_PENSKE,DREYER_REINBOLD_RACING,A_ONLY,A_ONLY,143.93099999427795,BETWEEN_GT5,4,59.5,1,TIER1_STRICT
DIFF_TEAM,6207,2023,2023_2024_PRIMARY,POST_QUALIFYING_PRACTICE,5615917,6207|5615917|2023|12,6207|5615917|2023|27,2023|12,2023|27,TEAM_PENSKE,ANDRETTI,A_ONLY,A_ONLY,105.38700008392334,BETWEEN_GT5,4,21.5,1,TIER1_STRICT
DIFF_TEAM,6207,2023,2023_2024_PRIMARY,POST_QUALIFYING_PRACTICE,5615917,6207|5615917|2023|12,6207|5615917|2023|30,2023|12,2023|30,TEAM_PENSKE,RAHAL_LETTERMAN_LANIGAN,A_ONLY,A_ONLY,46.87100005149841,BETWEEN_1_2,2,2.5,1,TIER1_STRICT
DIFF_TEAM,6207,2023,2023_2024_PRIMARY,POST_QUALIFYING_PRACTICE,5615917,6207|5615917|2023|12,6207|5615917|2023|50,2023|12,2023|50,TEAM_PENSKE,ABEL_MOTORSPORTS,A_ONLY,A_ONLY,102.06799983978271,BETWEEN_GT5,4,43.0,1,TIER1_STRICT
DIFF_TEAM,6207,2023,2023_2024_PRIMARY,POST_QUALIFYING_PRACTICE,5615917,6207|5615917|2023|24,6207|5615917|2023|27,2023|24,2023|27,DREYER_REINBOLD_RACING,ANDRETTI,A_ONLY,A_ONLY,38.543999910354614,BETWEEN_3_5,3,4.0,1,TIER1_STRICT
DIFF_TEAM,6207,2023,2023_2024_PRIMARY,POST_QUALIFYING_PRACTICE,5615917,6207|5615917|2023|24,6207|5615917|2023|30,2023|24,2023|30,DREYER_REINBOLD_RACING,RAHAL_LETTERMAN_LANIGAN,A_ONLY,A_ONLY,97.05999994277954,BETWEEN_3_5,3,3.0,1,TIER1_STRICT
DIFF_TEAM,6207,2023,2023_2024_PRIMARY,POST_QUALIFYING_PRACTICE,5615917,6207|5615917|2023|24,6207|5615917|2023|50,2023|24,2023|50,DREYER_REINBOLD_RACING,ABEL_MOTORSPORTS,A_ONLY,A_ONLY,245.99899983406067,BETWEEN_GT5,4,105.0,1,TIER1_STRICT
DIFF_TEAM,6207,2023,2023_2024_PRIMARY,POST_QUALIFYING_PRACTICE,5615917,6207|5615917|2023|27,6207|5615917|2023|30,2023|27,2023|30,ANDRETTI,RAHAL_LETTERMAN_LANIGAN,A_ONLY,A_ONLY,58.51600003242493,CONSECUTIVE,1,0.0,1,TIER1_STRICT
DIFF_TEAM,6207,2023,2023_2024_PRIMARY,POST_QUALIFYING_PRACTICE,5615917,6207|5615917|2023|27,6207|5615917|2023|50,2023|27,2023|50,ANDRETTI,ABEL_MOTORSPORTS,A_ONLY,A_ONLY,207.45499992370605,BETWEEN_GT5,4,91.5,1,TIER1_STRICT
DIFF_TEAM,6207,2023,2023_2024_PRIMARY,POST_QUALIFYING_PRACTICE,5615917,6207|5615917|2023|30,6207|5615917|2023|50,2023|30,2023|50,RAHAL_LETTERMAN_LANIGAN,ABEL_MOTORSPORTS,A_ONLY,A_ONLY,148.93899989128113,BETWEEN_GT5,4,68.0,1,TIER1_STRICT
DIFF_TEAM,6207,2023,2023_2024_PRIMARY,POST_QUALIFYING_PRACTICE,5615918,6207|5615918|2023|18,6207|5615918|2023|24,2023|18,2023|24,DALE_COYNE_RACING,DREYER_REINBOLD_RACING,A_ONLY,A_ONLY,103.71750020980835,BETWEEN_GT5,4,14.0,2,TIER1_STRICT
DIFF_TEAM,6207,2023,2023_2024_PRIMARY,POST_QUALIFYING_PRACTICE,5615918,6207|5615918|2023|18,6207|5615918|2023|27,2023|18,2023|27,DALE_COYNE_RACING,ANDRETTI,A_ONLY,A_ONLY,127.14450025558472,BETWEEN_GT5,4,29.0,2,TIER1_STRICT
DIFF_TEAM,6207,2023,2023_2024_PRIMARY,POST_QUALIFYING_PRACTICE,5615918,6207|5615918|2023|24,6207|5615918|2023|27,2023|24,2023|27,DREYER_REINBOLD_RACING,ANDRETTI,A_ONLY,A_ONLY,23.427000045776367,BETWEEN_1_2,2,2.0,2,TIER1_STRICT
DIFF_TEAM,6207,2023,2023_2024_PRIMARY,POST_QUALIFYING_PRACTICE,5615921,6207|5615921|2023|12,6207|5615921|2023|45,2023|12,2023|45,TEAM_PENSKE,RAHAL_LETTERMAN_LANIGAN,A_ONLY,A_ONLY,0.0,SAME_UPDATE,0,0.0,2,TIER1_STRICT
DIFF_TEAM,6207,2023,2023_2024_PRIMARY,POST_QUALIFYING_PRACTICE,5615922,6207|5615922|2023|12,6207|5615922|2023|26,2023|12,2023|26,TEAM_PENSKE,ANDRETTI,A_ONLY,A_ONLY,107.10899996757507,BETWEEN_GT5,4,12.0,2,TIER1_STRICT
DIFF_TEAM,6207,2023,2023_2024_PRIMARY,POST_QUALIFYING_PRACTICE,5615922,6207|5615922|2023|12,6207|5615922|2023|45,2023|12,2023|45,TEAM_PENSKE,RAHAL_LETTERMAN_LANIGAN,A_ONLY,A_ONLY,0.0,SAME_UPDATE,0,0.0,2,TIER1_STRICT
DIFF_TEAM,6207,2023,2023_2024_PRIMARY,POST_QUALIFYING_PRACTICE,5615922,6207|5615922|2023|26,6207|5615922|2023|45,2023|26,2023|45,ANDRETTI,RAHAL_LETTERMAN_LANIGAN,A_ONLY,A_ONLY,107.10899996757507,BETWEEN_GT5,4,20.5,2,TIER1_STRICT
DIFF_TEAM,6207,2023,2023_2024_PRIMARY,POST_QUALIFYING_PRACTICE,5615927,6207|5615927|2023|14,6207|5615927|2023|77,2023|14,2023|77,AJ_FOYT,JUNCOS_HOLLINGER_RACING,A_ONLY,A_ONLY,9.22849988937378,BETWEEN_GT5,4,13.5,2,TIER1_STRICT
DIFF_TEAM,6207,2023,2023_2024_PRIMARY,POST_QUALIFYING_PRACTICE,5615928,6207|5615928|2023|5,6207|5615928|2023|55,2023|5,2023|55,ARROW_MCLAREN_SPM,AJ_FOYT,A_ONLY,A_ONLY,30.911499977111816,BETWEEN_3_5,3,6.5,2,TIER1_STRICT
SAME_TEAM,6207,2023,2023_2024_PRIMARY,POST_QUALIFYING_PRACTICE,5615928,6207|5615928|2023|5,6207|5615928|2023|7,2023|5,2023|7,ARROW_MCLAREN_SPM,ARROW_MCLAREN_SPM,A_ONLY,A_ONLY,40.12399983406067,CONSECUTIVE,1,0.0,2,TIER1_STRICT
DIFF_TEAM,6207,2023,2023_2024_PRIMARY,POST_QUALIFYING_PRACTICE,5615928,6207|5615928|2023|5,6207|5615928|2023|77,2023|5,2023|77,ARROW_MCLAREN_SPM,JUNCOS_HOLLINGER_RACING,A_ONLY,A_ONLY,176.54500007629395,BETWEEN_GT5,4,75.5,2,TIER1_STRICT
DIFF_TEAM,6207,2023,2023_2024_PRIMARY,POST_QUALIFYING_PRACTICE,5615928,6207|5615928|2023|5,6207|5615928|2023|78,2023|5,2023|78,ARROW_MCLAREN_SPM,JUNCOS_HOLLINGER_RACING,A_ONLY,A_ONLY,10.859999895095825,BETWEEN_GT5,4,9.5,2,TIER1_STRICT
DIFF_TEAM,6207,2023,2023_2024_PRIMARY,POST_QUALIFYING_PRACTICE,5615928,6207|5615928|2023|55,6207|5615928|2023|7,2023|55,2023|7,AJ_FOYT,ARROW_MCLAREN_SPM,A_ONLY,A_ONLY,9.212499856948853,BETWEEN_3_5,3,6.0,2,TIER1_STRICT
DIFF_TEAM,6207,2023,2023_2024_PRIMARY,POST_QUALIFYING_PRACTICE,5615928,6207|5615928|2023|55,6207|5615928|2023|77,2023|55,2023|77,AJ_FOYT,JUNCOS_HOLLINGER_RACING,A_ONLY,A_ONLY,145.63350009918213,BETWEEN_GT5,4,71.5,2,TIER1_STRICT
DIFF_TEAM,6207,2023,2023_2024_PRIMARY,POST_QUALIFYING_PRACTICE,5615928,6207|5615928|2023|55,6207|5615928|2023|78,2023|55,2023|78,AJ_FOYT,JUNCOS_HOLLINGER_RACING,A_ONLY,A_ONLY,41.77149987220764,SAME_UPDATE,0,0.0,2,TIER1_STRICT
DIFF_TEAM,6207,2023,2023_2024_PRIMARY,POST_QUALIFYING_PRACTICE,5615928,6207|5615928|2023|7,6207|5615928|2023|77,2023|7,2023|77,ARROW_MCLAREN_SPM,JUNCOS_HOLLINGER_RACING,A_ONLY,A_ONLY,136.42100024223328,BETWEEN_GT5,4,62.0,2,TIER1_STRICT
DIFF_TEAM,6207,2023,2023_2024_PRIMARY,POST_QUALIFYING_PRACTICE,5615928,6207|5615928|2023|7,6207|5615928|2023|78,2023|7,2023|78,ARROW_MCLAREN_SPM,JUNCOS_HOLLINGER_RACING,A_ONLY,A_ONLY,50.983999729156494,BETWEEN_3_5,3,6.5,2,TIER1_STRICT
SAME_TEAM,6207,2023,2023_2024_PRIMARY,POST_QUALIFYING_PRACTICE,5615928,6207|5615928|2023|77,6207|5615928|2023|78,2023|77,2023|78,JUNCOS_HOLLINGER_RACING,JUNCOS_HOLLINGER_RACING,A_ONLY,A_ONLY,187.40499997138977,BETWEEN_GT5,4,64.0,2,TIER1_STRICT
DIFF_TEAM,6207,2023,2023_2024_PRIMARY,POST_QUALIFYING_PRACTICE,5615938,6207|5615938|2023|3,6207|5615938|2023|6,2023|3,2023|6,TEAM_PENSKE,ARROW_MCLAREN_SPM,A_ONLY,A_ONLY,2.512500047683716,CONSECUTIVE,1,0.5,1,TIER1_STRICT
DIFF_TEAM,6207,2023,2023_2024_PRIMARY,POST_QUALIFYING_PRACTICE,5615939,6207|5615939|2023|10,6207|5615939|2023|60,2023|10,2023|60,CHIP_GANASSI_RACING,MEYER_SHANK_RACING,A_ONLY,A_ONLY,35.145999908447266,BETWEEN_GT5,4,6.0,2,TIER1_STRICT
SAME_TEAM,6207,2023,2023_2024_PRIMARY,POST_QUALIFYING_PRACTICE,5615939,6207|5615939|2023|10,6207|5615939|2023|9,2023|10,2023|9,CHIP_GANASSI_RACING,CHIP_GANASSI_RACING,A_ONLY,A_ONLY,41.86399984359741,SAME_UPDATE,0,0.0,2,TIER1_STRICT
DIFF_TEAM,6207,2023,2023_2024_PRIMARY,POST_QUALIFYING_PRACTICE,5615939,6207|5615939|2023|60,6207|5615939|2023|9,2023|60,2023|9,MEYER_SHANK_RACING,CHIP_GANASSI_RACING,A_ONLY,A_ONLY,6.7179999351501465,BETWEEN_GT5,4,6.0,2,TIER1_STRICT
DIFF_TEAM,6207,2023,2023_2024_PRIMARY,POST_QUALIFYING_PRACTICE,5615940,6207|5615940|2023|10,6207|5615940|2023|60,2023|10,2023|60,CHIP_GANASSI_RACING,MEYER_SHANK_RACING,A_ONLY,A_ONLY,31.79099988937378,BETWEEN_GT5,4,7.0,2,TIER1_STRICT
SAME_TEAM,6207,2023,2023_2024_PRIMARY,POST_QUALIFYING_PRACTICE,5615940,6207|5615940|2023|10,6207|5615940|2023|9,2023|10,2023|9,CHIP_GANASSI_RACING,CHIP_GANASSI_RACING,A_ONLY,A_ONLY,20.07100009918213,SAME_UPDATE,0,0.0,2,TIER1_STRICT
DIFF_TEAM,6207,2023,2023_2024_PRIMARY,POST_QUALIFYING_PRACTICE,5615940,6207|5615940|2023|60,6207|5615940|2023|9,2023|60,2023|9,MEYER_SHANK_RACING,CHIP_GANASSI_RACING,A_ONLY,A_ONLY,11.71999979019165,BETWEEN_GT5,4,7.0,2,TIER1_STRICT
SAME_TEAM,6208,2023,2023_2024_PRIMARY,CARB_DAY,5617050,6208|5617050|2023|26,6208|5617050|2023|29,2023|26,2023|29,ANDRETTI,ANDRETTI,A_ONLY,A_ONLY,1.6740000247955322,CONSECUTIVE,1,0.0,2,TIER1_STRICT
DIFF_TEAM,6208,2023,2023_2024_PRIMARY,CARB_DAY,5617050,6208|5617050|2023|26,6208|5617050|2023|5,2023|26,2023|5,ANDRETTI,ARROW_MCLAREN_SPM,A_ONLY,A_ONLY,38.3989999294281,BETWEEN_GT5,4,12.0,2,TIER1_STRICT
DIFF_TEAM,6208,2023,2023_2024_PRIMARY,CARB_DAY,5617050,6208|5617050|2023|26,6208|5617050|2023|6,2023|26,2023|6,ANDRETTI,ARROW_MCLAREN_SPM,A_ONLY,A_ONLY,1.6679999828338623,CONSECUTIVE,1,0.0,2,TIER1_STRICT
DIFF_TEAM,6208,2023,2023_2024_PRIMARY,CARB_DAY,5617050,6208|5617050|2023|29,6208|5617050|2023|5,2023|29,2023|5,ANDRETTI,ARROW_MCLAREN_SPM,A_ONLY,A_ONLY,36.72499990463257,BETWEEN_GT5,4,9.0,2,TIER1_STRICT
DIFF_TEAM,6208,2023,2023_2024_PRIMARY,CARB_DAY,5617050,6208|5617050|2023|29,6208|5617050|2023|6,2023|29,2023|6,ANDRETTI,ARROW_MCLAREN_SPM,A_ONLY,A_ONLY,3.3420000076293945,BETWEEN_1_2,2,2.0,2,TIER1_STRICT
SAME_TEAM,6208,2023,2023_2024_PRIMARY,CARB_DAY,5617050,6208|5617050|2023|5,6208|5617050|2023|6,2023|5,2023|6,ARROW_MCLAREN_SPM,ARROW_MCLAREN_SPM,A_ONLY,A_ONLY,40.06699991226196,SAME_UPDATE,0,0.0,2,TIER1_STRICT
DIFF_TEAM,6208,2023,2023_2024_PRIMARY,CARB_DAY,5617051,6208|5617051|2023|12,6208|5617051|2023|26,2023|12,2023|26,TEAM_PENSKE,ANDRETTI,A_ONLY,A_ONLY,168.15749979019165,BETWEEN_GT5,4,79.0,1,TIER1_STRICT
DIFF_TEAM,6208,2023,2023_2024_PRIMARY,CARB_DAY,5617051,6208|5617051|2023|12,6208|5617051|2023|28,2023|12,2023|28,TEAM_PENSKE,ANDRETTI,A_ONLY,A_ONLY,66.1875,BETWEEN_GT5,4,34.0,1,TIER1_STRICT
DIFF_TEAM,6208,2023,2023_2024_PRIMARY,CARB_DAY,5617051,6208|5617051|2023|12,6208|5617051|2023|29,2023|12,2023|29,TEAM_PENSKE,ANDRETTI,A_ONLY,A_ONLY,186.5625,BETWEEN_GT5,4,96.0,1,TIER1_STRICT
DIFF_TEAM,6208,2023,2023_2024_PRIMARY,CARB_DAY,5617051,6208|5617051|2023|12,6208|5617051|2023|5,2023|12,2023|5,TEAM_PENSKE,ARROW_MCLAREN_SPM,A_ONLY,A_ONLY,129.68799996376038,BETWEEN_GT5,4,42.0,1,TIER1_STRICT
DIFF_TEAM,6208,2023,2023_2024_PRIMARY,CARB_DAY,5617051,6208|5617051|2023|12,6208|5617051|2023|6,2023|12,2023|6,TEAM_PENSKE,ARROW_MCLAREN_SPM,A_ONLY,A_ONLY,169.82599997520447,BETWEEN_GT5,4,82.0,1,TIER1_STRICT
SAME_TEAM,6208,2023,2023_2024_PRIMARY,CARB_DAY,5617051,6208|5617051|2023|26,6208|5617051|2023|28,2023|26,2023|28,ANDRETTI,ANDRETTI,A_ONLY,A_ONLY,234.34499979019165,BETWEEN_GT5,4,124.0,1,TIER1_STRICT
SAME_TEAM,6208,2023,2023_2024_PRIMARY,CARB_DAY,5617051,6208|5617051|2023|26,6208|5617051|2023|29,2023|26,2023|29,ANDRETTI,ANDRETTI,A_ONLY,A_ONLY,18.40500020980835,CONSECUTIVE,1,7.0,1,TIER1_STRICT
DIFF_TEAM,6208,2023,2023_2024_PRIMARY,CARB_DAY,5617051,6208|5617051|2023|26,6208|5617051|2023|5,2023|26,2023|5,ANDRETTI,ARROW_MCLAREN_SPM,A_ONLY,A_ONLY,38.469499826431274,CONSECUTIVE,1,0.0,1,TIER1_STRICT
DIFF_TEAM,6208,2023,2023_2024_PRIMARY,CARB_DAY,5617051,6208|5617051|2023|26,6208|5617051|2023|6,2023|26,2023|6,ANDRETTI,ARROW_MCLAREN_SPM,A_ONLY,A_ONLY,1.6685001850128174,CONSECUTIVE,1,0.0,1,TIER1_STRICT
SAME_TEAM,6208,2023,2023_2024_PRIMARY,CARB_DAY,5617051,6208|5617051|2023|28,6208|5617051|2023|29,2023|28,2023|29,ANDRETTI,ANDRETTI,A_ONLY,A_ONLY,252.75,BETWEEN_GT5,4,132.0,1,TIER1_STRICT
DIFF_TEAM,6208,2023,2023_2024_PRIMARY,CARB_DAY,5617051,6208|5617051|2023|28,6208|5617051|2023|5,2023|28,2023|5,ANDRETTI,ARROW_MCLAREN_SPM,A_ONLY,A_ONLY,195.87549996376038,BETWEEN_GT5,4,78.0,1,TIER1_STRICT
DIFF_TEAM,6208,2023,2023_2024_PRIMARY,CARB_DAY,5617051,6208|5617051|2023|28,6208|5617051|2023|6,2023|28,2023|6,ANDRETTI,ARROW_MCLAREN_SPM,A_ONLY,A_ONLY,236.01349997520447,BETWEEN_GT5,4,118.0,1,TIER1_STRICT
DIFF_TEAM,6208,2023,2023_2024_PRIMARY,CARB_DAY,5617051,6208|5617051|2023|29,6208|5617051|2023|5,2023|29,2023|5,ANDRETTI,ARROW_MCLAREN_SPM,A_ONLY,A_ONLY,56.874500036239624,BETWEEN_3_5,3,4.0,1,TIER1_STRICT
DIFF_TEAM,6208,2023,2023_2024_PRIMARY,CARB_DAY,5617051,6208|5617051|2023|29,6208|5617051|2023|6,2023|29,2023|6,ANDRETTI,ARROW_MCLAREN_SPM,A_ONLY,A_ONLY,16.736500024795532,BETWEEN_3_5,3,4.0,1,TIER1_STRICT
SAME_TEAM,6208,2023,2023_2024_PRIMARY,CARB_DAY,5617051,6208|5617051|2023|5,6208|5617051|2023|6,2023|5,2023|6,ARROW_MCLAREN_SPM,ARROW_MCLAREN_SPM,A_ONLY,A_ONLY,40.13800001144409,SAME_UPDATE,0,8.5,1,TIER1_STRICT
DIFF_TEAM,6208,2023,2023_2024_PRIMARY,CARB_DAY,5617052,6208|5617052|2023|28,6208|5617052|2023|60,2023|28,2023|60,ANDRETTI,MEYER_SHANK_RACING,A_ONLY,A_ONLY,18.415000200271606,CONSECUTIVE,1,0.0,2,TIER1_STRICT
DIFF_TEAM,6208,2023,2023_2024_PRIMARY,CARB_DAY,5617054,6208|5617054|2023|27,6208|5617054|2023|50,2023|27,2023|50,ANDRETTI,ABEL_MOTORSPORTS,A_ONLY,A_ONLY,210.8949999809265,BETWEEN_GT5,4,82.0,1,TIER1_STRICT
DIFF_TEAM,6208,2023,2023_2024_PRIMARY,CARB_DAY,5617055,6208|5617055|2023|45,6208|5617055|2023|50,2023|45,2023|50,RAHAL_LETTERMAN_LANIGAN,ABEL_MOTORSPORTS,A_ONLY,A_ONLY,109.82349991798401,BETWEEN_GT5,4,28.5,2,TIER1_STRICT
SAME_TEAM,6208,2023,2023_2024_PRIMARY,CARB_DAY,5617059,6208|5617059|2023|10,6208|5617059|2023|11,2023|10,2023|11,CHIP_GANASSI_RACING,CHIP_GANASSI_RACING,A_ONLY,A_ONLY,88.53549981117249,BETWEEN_GT5,4,20.0,2,TIER1_STRICT
DIFF_TEAM,6208,2023,2023_2024_PRIMARY,CARB_DAY,5617059,6208|5617059|2023|10,6208|5617059|2023|24,2023|10,2023|24,CHIP_GANASSI_RACING,DREYER_REINBOLD_RACING,A_ONLY,A_ONLY,108.95549988746643,BETWEEN_GT5,4,46.0,2,TIER1_STRICT
DIFF_TEAM,6208,2023,2023_2024_PRIMARY,CARB_DAY,5617059,6208|5617059|2023|10,6208|5617059|2023|3,2023|10,2023|3,CHIP_GANASSI_RACING,TEAM_PENSKE,A_ONLY,A_ONLY,41.647499799728394,CONSECUTIVE,1,9.0,2,TIER1_STRICT
DIFF_TEAM,6208,2023,2023_2024_PRIMARY,CARB_DAY,5617059,6208|5617059|2023|10,6208|5617059|2023|33,2023|10,2023|33,CHIP_GANASSI_RACING,ED_CARPENTER_RACING,A_ONLY,A_ONLY,86.86999988555908,BETWEEN_GT5,4,19.5,2,TIER1_STRICT
DIFF_TEAM,6208,2023,2023_2024_PRIMARY,CARB_DAY,5617059,6208|5617059|2023|10,6208|5617059|2023|51,2023|10,2023|51,CHIP_GANASSI_RACING,DALE_COYNE_RACING,A_ONLY,A_ONLY,110.62449979782104,BETWEEN_GT5,4,50.0,2,TIER1_STRICT
DIFF_TEAM,6208,2023,2023_2024_PRIMARY,CARB_DAY,5617059,6208|5617059|2023|10,6208|5617059|2023|7,2023|10,2023|7,CHIP_GANASSI_RACING,ARROW_MCLAREN_SPM,A_ONLY,A_ONLY,40.81399965286255,CONSECUTIVE,1,9.0,2,TIER1_STRICT
SAME_TEAM,6208,2023,2023_2024_PRIMARY,CARB_DAY,5617059,6208|5617059|2023|10,6208|5617059|2023|8,2023|10,2023|8,CHIP_GANASSI_RACING,CHIP_GANASSI_RACING,A_ONLY,A_ONLY,132.34499979019165,BETWEEN_GT5,4,73.0,2,TIER1_STRICT
SAME_TEAM,6208,2023,2023_2024_PRIMARY,CARB_DAY,5617059,6208|5617059|2023|10,6208|5617059|2023|9,2023|10,2023|9,CHIP_GANASSI_RACING,CHIP_GANASSI_RACING,A_ONLY,A_ONLY,49.213500022888184,BETWEEN_GT5,4,13.0,2,TIER1_STRICT
DIFF_TEAM,6208,2023,2023_2024_PRIMARY,CARB_DAY,5617059,6208|5617059|2023|11,6208|5617059|2023|24,2023|11,2023|24,CHIP_GANASSI_RACING,DREYER_REINBOLD_RACING,A_ONLY,A_ONLY,20.420000076293945,SAME_UPDATE,0,0.0,2,TIER1_STRICT
DIFF_TEAM,6208,2023,2023_2024_PRIMARY,CARB_DAY,5617059,6208|5617059|2023|11,6208|5617059|2023|3,2023|11,2023|3,CHIP_GANASSI_RACING,TEAM_PENSKE,A_ONLY,A_ONLY,46.88800001144409,BETWEEN_3_5,3,6.0,2,TIER1_STRICT
DIFF_TEAM,6208,2023,2023_2024_PRIMARY,CARB_DAY,5617059,6208|5617059|2023|11,6208|5617059|2023|33,2023|11,2023|33,CHIP_GANASSI_RACING,ED_CARPENTER_RACING,A_ONLY,A_ONLY,1.6654999256134033,CONSECUTIVE,1,0.0,2,TIER1_STRICT
DIFF_TEAM,6208,2023,2023_2024_PRIMARY,CARB_DAY,5617059,6208|5617059|2023|11,6208|5617059|2023|51,2023|11,2023|51,CHIP_GANASSI_RACING,DALE_COYNE_RACING,A_ONLY,A_ONLY,22.08899998664856,CONSECUTIVE,1,0.0,2,TIER1_STRICT
DIFF_TEAM,6208,2023,2023_2024_PRIMARY,CARB_DAY,5617059,6208|5617059|2023|11,6208|5617059|2023|7,2023|11,2023|7,CHIP_GANASSI_RACING,ARROW_MCLAREN_SPM,A_ONLY,A_ONLY,47.72150015830994,BETWEEN_GT5,4,7.0,2,TIER1_STRICT
SAME_TEAM,6208,2023,2023_2024_PRIMARY,CARB_DAY,5617059,6208|5617059|2023|11,6208|5617059|2023|8,2023|11,2023|8,CHIP_GANASSI_RACING,CHIP_GANASSI_RACING,A_ONLY,A_ONLY,43.809499979019165,BETWEEN_1_2,2,12.5,2,TIER1_STRICT
SAME_TEAM,6208,2023,2023_2024_PRIMARY,CARB_DAY,5617059,6208|5617059|2023|11,6208|5617059|2023|9,2023|11,2023|9,CHIP_GANASSI_RACING,CHIP_GANASSI_RACING,A_ONLY,A_ONLY,39.3219997882843,CONSECUTIVE,1,0.0,2,TIER1_STRICT
DIFF_TEAM,6208,2023,2023_2024_PRIMARY,CARB_DAY,5617059,6208|5617059|2023|24,6208|5617059|2023|3,2023|24,2023|3,DREYER_REINBOLD_RACING,TEAM_PENSKE,A_ONLY,A_ONLY,67.30800008773804,BETWEEN_GT5,4,7.0,2,TIER1_STRICT
DIFF_TEAM,6208,2023,2023_2024_PRIMARY,CARB_DAY,5617059,6208|5617059|2023|24,6208|5617059|2023|33,2023|24,2023|33,DREYER_REINBOLD_RACING,ED_CARPENTER_RACING,A_ONLY,A_ONLY,22.08550000190735,CONSECUTIVE,1,0.0,2,TIER1_STRICT
DIFF_TEAM,6208,2023,2023_2024_PRIMARY,CARB_DAY,5617059,6208|5617059|2023|24,6208|5617059|2023|51,2023|24,2023|51,DREYER_REINBOLD_RACING,DALE_COYNE_RACING,A_ONLY,A_ONLY,1.6689999103546143,CONSECUTIVE,1,0.0,2,TIER1_STRICT
DIFF_TEAM,6208,2023,2023_2024_PRIMARY,CARB_DAY,5617059,6208|5617059|2023|24,6208|5617059|2023|7,2023|24,2023|7,DREYER_REINBOLD_RACING,ARROW_MCLAREN_SPM,A_ONLY,A_ONLY,68.14150023460388,BETWEEN_GT5,4,7.0,2,TIER1_STRICT
DIFF_TEAM,6208,2023,2023_2024_PRIMARY,CARB_DAY,5617059,6208|5617059|2023|24,6208|5617059|2023|8,2023|24,2023|8,DREYER_REINBOLD_RACING,CHIP_GANASSI_RACING,A_ONLY,A_ONLY,23.38949990272522,BETWEEN_1_2,2,1.0,2,TIER1_STRICT
DIFF_TEAM,6208,2023,2023_2024_PRIMARY,CARB_DAY,5617059,6208|5617059|2023|24,6208|5617059|2023|9,2023|24,2023|9,DREYER_REINBOLD_RACING,CHIP_GANASSI_RACING,A_ONLY,A_ONLY,59.74199986457825,CONSECUTIVE,1,0.0,2,TIER1_STRICT
DIFF_TEAM,6208,2023,2023_2024_PRIMARY,CARB_DAY,5617059,6208|5617059|2023|3,6208|5617059|2023|33,2023|3,2023|33,TEAM_PENSKE,ED_CARPENTER_RACING,A_ONLY,A_ONLY,45.22250008583069,BETWEEN_3_5,3,5.0,2,TIER1_STRICT
DIFF_TEAM,6208,2023,2023_2024_PRIMARY,CARB_DAY,5617059,6208|5617059|2023|3,6208|5617059|2023|51,2023|3,2023|51,TEAM_PENSKE,DALE_COYNE_RACING,A_ONLY,A_ONLY,68.97699999809265,BETWEEN_GT5,4,23.0,2,TIER1_STRICT
DIFF_TEAM,6208,2023,2023_2024_PRIMARY,CARB_DAY,5617059,6208|5617059|2023|3,6208|5617059|2023|7,2023|3,2023|7,TEAM_PENSKE,ARROW_MCLAREN_SPM,A_ONLY,A_ONLY,0.8335001468658447,SAME_UPDATE,0,0.0,2,TIER1_STRICT
DIFF_TEAM,6208,2023,2023_2024_PRIMARY,CARB_DAY,5617059,6208|5617059|2023|3,6208|5617059|2023|8,2023|3,2023|8,TEAM_PENSKE,CHIP_GANASSI_RACING,A_ONLY,A_ONLY,90.69749999046326,BETWEEN_GT5,4,46.0,2,TIER1_STRICT
DIFF_TEAM,6208,2023,2023_2024_PRIMARY,CARB_DAY,5617059,6208|5617059|2023|3,6208|5617059|2023|9,2023|3,2023|9,TEAM_PENSKE,CHIP_GANASSI_RACING,A_ONLY,A_ONLY,7.56600022315979,BETWEEN_GT5,4,9.5,2,TIER1_STRICT
DIFF_TEAM,6208,2023,2023_2024_PRIMARY,CARB_DAY,5617059,6208|5617059|2023|33,6208|5617059|2023|51,2023|33,2023|51,ED_CARPENTER_RACING,DALE_COYNE_RACING,A_ONLY,A_ONLY,23.754499912261963,BETWEEN_3_5,3,4.0,2,TIER1_STRICT
DIFF_TEAM,6208,2023,2023_2024_PRIMARY,CARB_DAY,5617059,6208|5617059|2023|33,6208|5617059|2023|7,2023|33,2023|7,ED_CARPENTER_RACING,ARROW_MCLAREN_SPM,A_ONLY,A_ONLY,46.05600023269653,BETWEEN_GT5,4,6.5,2,TIER1_STRICT
DIFF_TEAM,6208,2023,2023_2024_PRIMARY,CARB_DAY,5617059,6208|5617059|2023|33,6208|5617059|2023|8,2023|33,2023|8,ED_CARPENTER_RACING,CHIP_GANASSI_RACING,A_ONLY,A_ONLY,45.47499990463257,BETWEEN_3_5,3,16.0,2,TIER1_STRICT
DIFF_TEAM,6208,2023,2023_2024_PRIMARY,CARB_DAY,5617059,6208|5617059|2023|33,6208|5617059|2023|9,2023|33,2023|9,ED_CARPENTER_RACING,CHIP_GANASSI_RACING,A_ONLY,A_ONLY,37.6564998626709,CONSECUTIVE,1,2.0,2,TIER1_STRICT
DIFF_TEAM,6208,2023,2023_2024_PRIMARY,CARB_DAY,5617059,6208|5617059|2023|51,6208|5617059|2023|7,2023|51,2023|7,DALE_COYNE_RACING,ARROW_MCLAREN_SPM,A_ONLY,A_ONLY,69.8105001449585,BETWEEN_GT5,4,11.0,2,TIER1_STRICT
DIFF_TEAM,6208,2023,2023_2024_PRIMARY,CARB_DAY,5617059,6208|5617059|2023|51,6208|5617059|2023|8,2023|51,2023|8,DALE_COYNE_RACING,CHIP_GANASSI_RACING,A_ONLY,A_ONLY,21.720499992370605,CONSECUTIVE,1,0.0,2,TIER1_STRICT
DIFF_TEAM,6208,2023,2023_2024_PRIMARY,CARB_DAY,5617059,6208|5617059|2023|51,6208|5617059|2023|9,2023|51,2023|9,DALE_COYNE_RACING,CHIP_GANASSI_RACING,A_ONLY,A_ONLY,61.41099977493286,CONSECUTIVE,1,0.0,2,TIER1_STRICT
DIFF_TEAM,6208,2023,2023_2024_PRIMARY,CARB_DAY,5617059,6208|5617059|2023|7,6208|5617059|2023|8,2023|7,2023|8,ARROW_MCLAREN_SPM,CHIP_GANASSI_RACING,A_ONLY,A_ONLY,91.5310001373291,BETWEEN_GT5,4,47.5,2,TIER1_STRICT
DIFF_TEAM,6208,2023,2023_2024_PRIMARY,CARB_DAY,5617059,6208|5617059|2023|7,6208|5617059|2023|9,2023|7,2023|9,ARROW_MCLAREN_SPM,CHIP_GANASSI_RACING,A_ONLY,A_ONLY,8.399500370025635,BETWEEN_GT5,4,11.0,2,TIER1_STRICT
SAME_TEAM,6208,2023,2023_2024_PRIMARY,CARB_DAY,5617059,6208|5617059|2023|8,6208|5617059|2023|9,2023|8,2023|9,CHIP_GANASSI_RACING,CHIP_GANASSI_RACING,A_ONLY,A_ONLY,83.13149976730347,BETWEEN_1_2,2,11.0,2,TIER1_STRICT
DIFF_TEAM,6208,2023,2023_2024_PRIMARY,CARB_DAY,5617060,6208|5617060|2023|10,6208|5617060|2023|24,2023|10,2023|24,CHIP_GANASSI_RACING,DREYER_REINBOLD_RACING,A_ONLY,A_ONLY,8.335000038146973,BETWEEN_GT5,4,6.0,1,TIER1_STRICT
DIFF_TEAM,6208,2023,2023_2024_PRIMARY,CARB_DAY,5617060,6208|5617060|2023|10,6208|5617060|2023|51,2023|10,2023|51,CHIP_GANASSI_RACING,DALE_COYNE_RACING,A_ONLY,A_ONLY,9.997999906539917,BETWEEN_GT5,4,8.0,1,TIER1_STRICT
DIFF_TEAM,6208,2023,2023_2024_PRIMARY,CARB_DAY,5617060,6208|5617060|2023|10,6208|5617060|2023|66,2023|10,2023|66,CHIP_GANASSI_RACING,ARROW_MCLAREN_SPM,A_ONLY,A_ONLY,93.58599996566772,BETWEEN_GT5,4,10.0,1,TIER1_STRICT
SAME_TEAM,6208,2023,2023_2024_PRIMARY,CARB_DAY,5617060,6208|5617060|2023|10,6208|5617060|2023|8,2023|10,2023|8,CHIP_GANASSI_RACING,CHIP_GANASSI_RACING,A_ONLY,A_ONLY,30.059499979019165,BETWEEN_GT5,4,8.0,1,TIER1_STRICT
DIFF_TEAM,6208,2023,2023_2024_PRIMARY,CARB_DAY,5617060,6208|5617060|2023|24,6208|5617060|2023|51,2023|24,2023|51,DREYER_REINBOLD_RACING,DALE_COYNE_RACING,A_ONLY,A_ONLY,1.6629998683929443,CONSECUTIVE,1,0.0,1,TIER1_STRICT
DIFF_TEAM,6208,2023,2023_2024_PRIMARY,CARB_DAY,5617060,6208|5617060|2023|24,6208|5617060|2023|66,2023|24,2023|66,DREYER_REINBOLD_RACING,ARROW_MCLAREN_SPM,A_ONLY,A_ONLY,85.25099992752075,BETWEEN_1_2,2,2.0,1,TIER1_STRICT
DIFF_TEAM,6208,2023,2023_2024_PRIMARY,CARB_DAY,5617060,6208|5617060|2023|24,6208|5617060|2023|8,2023|24,2023|8,DREYER_REINBOLD_RACING,CHIP_GANASSI_RACING,A_ONLY,A_ONLY,21.724499940872192,CONSECUTIVE,1,0.0,1,TIER1_STRICT
DIFF_TEAM,6208,2023,2023_2024_PRIMARY,CARB_DAY,5617060,6208|5617060|2023|51,6208|5617060|2023|66,2023|51,2023|66,DALE_COYNE_RACING,ARROW_MCLAREN_SPM,A_ONLY,A_ONLY,83.58800005912781,CONSECUTIVE,1,0.0,1,TIER1_STRICT
DIFF_TEAM,6208,2023,2023_2024_PRIMARY,CARB_DAY,5617060,6208|5617060|2023|51,6208|5617060|2023|8,2023|51,2023|8,DALE_COYNE_RACING,CHIP_GANASSI_RACING,A_ONLY,A_ONLY,20.061500072479248,SAME_UPDATE,0,0.0,1,TIER1_STRICT
DIFF_TEAM,6208,2023,2023_2024_PRIMARY,CARB_DAY,5617060,6208|5617060|2023|66,6208|5617060|2023|8,2023|66,2023|8,ARROW_MCLAREN_SPM,CHIP_GANASSI_RACING,A_ONLY,A_ONLY,63.52649998664856,BETWEEN_GT5,4,14.0,1,TIER1_STRICT
DIFF_TEAM,6208,2023,2023_2024_PRIMARY,CARB_DAY,5617065,6208|5617065|2023|14,6208|5617065|2023|2,2023|14,2023|2,AJ_FOYT,TEAM_PENSKE,A_ONLY,A_ONLY,0.0,SAME_UPDATE,0,0.0,2,TIER1_STRICT
DIFF_TEAM,6208,2023,2023_2024_PRIMARY,CARB_DAY,5617065,6208|5617065|2023|14,6208|5617065|2023|77,2023|14,2023|77,AJ_FOYT,JUNCOS_HOLLINGER_RACING,A_ONLY,A_ONLY,51.86549997329712,BETWEEN_GT5,4,20.0,2,TIER1_STRICT
DIFF_TEAM,6208,2023,2023_2024_PRIMARY,CARB_DAY,5617065,6208|5617065|2023|2,6208|5617065|2023|77,2023|2,2023|77,TEAM_PENSKE,JUNCOS_HOLLINGER_RACING,A_ONLY,A_ONLY,51.86549997329712,BETWEEN_GT5,4,20.0,2,TIER1_STRICT
DIFF_TEAM,6208,2023,2023_2024_PRIMARY,CARB_DAY,5617066,6208|5617066|2023|18,6208|5617066|2023|2,2023|18,2023|2,DALE_COYNE_RACING,TEAM_PENSKE,A_ONLY,A_ONLY,234.21099996566772,BETWEEN_GT5,4,82.5,1,TIER1_STRICT
DIFF_TEAM,6208,2023,2023_2024_PRIMARY,CARB_DAY,5617066,6208|5617066|2023|18,6208|5617066|2023|77,2023|18,2023|77,DALE_COYNE_RACING,JUNCOS_HOLLINGER_RACING,A_ONLY,A_ONLY,221.65249967575073,BETWEEN_GT5,4,72.5,1,TIER1_STRICT
DIFF_TEAM,6208,2023,2023_2024_PRIMARY,CARB_DAY,5617066,6208|5617066|2023|18,6208|5617066|2023|78,2023|18,2023|78,DALE_COYNE_RACING,JUNCOS_HOLLINGER_RACING,A_ONLY,A_ONLY,22.552000045776367,BETWEEN_3_5,3,5.0,1,TIER1_STRICT
DIFF_TEAM,6208,2023,2023_2024_PRIMARY,CARB_DAY,5617066,6208|5617066|2023|18,6208|5617066|2023|98,2023|18,2023|98,DALE_COYNE_RACING,ANDRETTI,A_ONLY,A_ONLY,23.385499954223633,BETWEEN_3_5,3,4.5,1,TIER1_STRICT
DIFF_TEAM,6208,2023,2023_2024_PRIMARY,CARB_DAY,5617066,6208|5617066|2023|2,6208|5617066|2023|77,2023|2,2023|77,TEAM_PENSKE,JUNCOS_HOLLINGER_RACING,A_ONLY,A_ONLY,12.558500289916992,BETWEEN_GT5,4,8.0,1,TIER1_STRICT
DIFF_TEAM,6208,2023,2023_2024_PRIMARY,CARB_DAY,5617066,6208|5617066|2023|2,6208|5617066|2023|78,2023|2,2023|78,TEAM_PENSKE,JUNCOS_HOLLINGER_RACING,A_ONLY,A_ONLY,211.65899991989136,BETWEEN_GT5,4,80.5,1,TIER1_STRICT
DIFF_TEAM,6208,2023,2023_2024_PRIMARY,CARB_DAY,5617066,6208|5617066|2023|2,6208|5617066|2023|98,2023|2,2023|98,TEAM_PENSKE,ANDRETTI,A_ONLY,A_ONLY,210.8255000114441,BETWEEN_GT5,4,80.5,1,TIER1_STRICT
SAME_TEAM,6208,2023,2023_2024_PRIMARY,CARB_DAY,5617066,6208|5617066|2023|77,6208|5617066|2023|78,2023|77,2023|78,JUNCOS_HOLLINGER_RACING,JUNCOS_HOLLINGER_RACING,A_ONLY,A_ONLY,199.10049962997437,BETWEEN_GT5,4,71.5,1,TIER1_STRICT
DIFF_TEAM,6208,2023,2023_2024_PRIMARY,CARB_DAY,5617066,6208|5617066|2023|77,6208|5617066|2023|98,2023|77,2023|98,JUNCOS_HOLLINGER_RACING,ANDRETTI,A_ONLY,A_ONLY,198.2669997215271,BETWEEN_GT5,4,71.5,1,TIER1_STRICT
DIFF_TEAM,6208,2023,2023_2024_PRIMARY,CARB_DAY,5617066,6208|5617066|2023|78,6208|5617066|2023|98,2023|78,2023|98,JUNCOS_HOLLINGER_RACING,ANDRETTI,A_ONLY,A_ONLY,0.8334999084472656,SAME_UPDATE,0,0.0,1,TIER1_STRICT
DIFF_TEAM,6208,2023,2023_2024_PRIMARY,CARB_DAY,5617067,6208|5617067|2023|18,6208|5617067|2023|77,2023|18,2023|77,DALE_COYNE_RACING,JUNCOS_HOLLINGER_RACING,A_ONLY,A_ONLY,81.02499985694885,BETWEEN_3_5,3,3.0,2,TIER1_STRICT
DIFF_TEAM,6208,2023,2023_2024_PRIMARY,CARB_DAY,5617067,6208|5617067|2023|18,6208|5617067|2023|78,2023|18,2023|78,DALE_COYNE_RACING,JUNCOS_HOLLINGER_RACING,A_ONLY,A_ONLY,0.8440001010894775,BETWEEN_3_5,3,3.5,2,TIER1_STRICT
DIFF_TEAM,6208,2023,2023_2024_PRIMARY,CARB_DAY,5617067,6208|5617067|2023|18,6208|5617067|2023|98,2023|18,2023|98,DALE_COYNE_RACING,ANDRETTI,A_ONLY,A_ONLY,21.722000122070312,BETWEEN_3_5,3,5.0,2,TIER1_STRICT
SAME_TEAM,6208,2023,2023_2024_PRIMARY,CARB_DAY,5617067,6208|5617067|2023|77,6208|5617067|2023|78,2023|77,2023|78,JUNCOS_HOLLINGER_RACING,JUNCOS_HOLLINGER_RACING,A_ONLY,A_ONLY,81.86899995803833,BETWEEN_GT5,4,12.0,2,TIER1_STRICT
DIFF_TEAM,6208,2023,2023_2024_PRIMARY,CARB_DAY,5617067,6208|5617067|2023|77,6208|5617067|2023|98,2023|77,2023|98,JUNCOS_HOLLINGER_RACING,ANDRETTI,A_ONLY,A_ONLY,102.74699997901917,BETWEEN_GT5,4,25.0,2,TIER1_STRICT
DIFF_TEAM,6208,2023,2023_2024_PRIMARY,CARB_DAY,5617067,6208|5617067|2023|78,6208|5617067|2023|98,2023|78,2023|98,JUNCOS_HOLLINGER_RACING,ANDRETTI,A_ONLY,A_ONLY,20.878000020980835,CONSECUTIVE,1,0.0,2,TIER1_STRICT
DIFF_TEAM,6375,2024,2023_2024_PRIMARY,PRACTICE,5718975,6375|5718975|2024|18,6375|5718975|2024|5,2024|18,2024|5,DALE_COYNE_RACING,ARROW_MCLAREN_SPM,A_ONLY,A_ONLY,70.06299996376038,BETWEEN_1_2,2,1.0,2,TIER1_STRICT
DIFF_TEAM,6375,2024,2023_2024_PRIMARY,PRACTICE,5718975,6375|5718975|2024|18,6375|5718975|2024|6,2024|18,2024|6,DALE_COYNE_RACING,ARROW_MCLAREN_SPM,A_ONLY,A_ONLY,141.86650013923645,BETWEEN_GT5,4,24.0,2,TIER1_STRICT
SAME_TEAM,6375,2024,2023_2024_PRIMARY,PRACTICE,5718975,6375|5718975|2024|5,6375|5718975|2024|6,2024|5,2024|6,ARROW_MCLAREN_SPM,ARROW_MCLAREN_SPM,A_ONLY,A_ONLY,71.80350017547607,BETWEEN_3_5,3,4.5,2,TIER1_STRICT
DIFF_TEAM,6375,2024,2023_2024_PRIMARY,PRACTICE,5718976,6375|5718976|2024|18,6375|5718976|2024|3,2024|18,2024|3,DALE_COYNE_RACING,TEAM_PENSKE,A_ONLY,A_ONLY,160.42200016975403,BETWEEN_GT5,4,26.0,1,TIER1_STRICT
DIFF_TEAM,6378,2024,2023_2024_PRIMARY,PRACTICE,5719334,6378|5719334|2024|23,6378|5719334|2024|60,2024|23,2024|60,DREYER_REINBOLD_RACING,MEYER_SHANK_RACING,A_ONLY,A_ONLY,57.0770001411438,BETWEEN_GT5,4,13.0,2,TIER1_STRICT
SAME_TEAM,6378,2024,2023_2024_PRIMARY,PRACTICE,5719335,6378|5719335|2024|06,6378|5719335|2024|60,2024|06,2024|60,MEYER_SHANK_RACING,MEYER_SHANK_RACING,A_ONLY,A_ONLY,173.0640001296997,BETWEEN_GT5,4,32.0,2,TIER1_STRICT
DIFF_TEAM,6378,2024,2023_2024_PRIMARY,PRACTICE,5719335,6378|5719335|2024|06,6378|5719335|2024|7,2024|06,2024|7,MEYER_SHANK_RACING,ARROW_MCLAREN_SPM,A_ONLY,A_ONLY,13.242500066757202,BETWEEN_1_2,2,2.0,2,TIER1_STRICT
DIFF_TEAM,6378,2024,2023_2024_PRIMARY,PRACTICE,5719335,6378|5719335|2024|60,6378|5719335|2024|7,2024|60,2024|7,MEYER_SHANK_RACING,ARROW_MCLAREN_SPM,A_ONLY,A_ONLY,186.3065001964569,BETWEEN_GT5,4,39.0,2,TIER1_STRICT
DIFF_TEAM,6378,2024,2023_2024_PRIMARY,PRACTICE,5719336,6378|5719336|2024|06,6378|5719336|2024|10,2024|06,2024|10,MEYER_SHANK_RACING,CHIP_GANASSI_RACING,A_ONLY,A_ONLY,121.61749982833862,BETWEEN_GT5,4,17.5,2,TIER1_STRICT
DIFF_TEAM,6378,2024,2023_2024_PRIMARY,PRACTICE,5719336,6378|5719336|2024|06,6378|5719336|2024|17,2024|06,2024|17,MEYER_SHANK_RACING,ARROW_MCLAREN_SPM,A_ONLY,A_ONLY,216.76149988174438,BETWEEN_GT5,4,60.5,2,TIER1_STRICT
DIFF_TEAM,6378,2024,2023_2024_PRIMARY,PRACTICE,5719336,6378|5719336|2024|06,6378|5719336|2024|26,2024|06,2024|26,MEYER_SHANK_RACING,ANDRETTI,A_ONLY,A_ONLY,120.78549981117249,BETWEEN_GT5,4,15.5,2,TIER1_STRICT
DIFF_TEAM,6378,2024,2023_2024_PRIMARY,PRACTICE,5719336,6378|5719336|2024|06,6378|5719336|2024|51,2024|06,2024|51,MEYER_SHANK_RACING,DALE_COYNE_RACING,A_ONLY,A_ONLY,121.61749982833862,BETWEEN_GT5,4,15.5,2,TIER1_STRICT
DIFF_TEAM,6378,2024,2023_2024_PRIMARY,PRACTICE,5719336,6378|5719336|2024|06,6378|5719336|2024|7,2024|06,2024|7,MEYER_SHANK_RACING,ARROW_MCLAREN_SPM,A_ONLY,A_ONLY,12.408999919891357,BETWEEN_1_2,2,2.0,2,TIER1_STRICT
DIFF_TEAM,6378,2024,2023_2024_PRIMARY,PRACTICE,5719336,6378|5719336|2024|10,6378|5719336|2024|17,2024|10,2024|17,CHIP_GANASSI_RACING,ARROW_MCLAREN_SPM,A_ONLY,A_ONLY,95.14400005340576,BETWEEN_GT5,4,24.0,2,TIER1_STRICT
DIFF_TEAM,6378,2024,2023_2024_PRIMARY,PRACTICE,5719336,6378|5719336|2024|10,6378|5719336|2024|26,2024|10,2024|26,CHIP_GANASSI_RACING,ANDRETTI,A_ONLY,A_ONLY,0.8320000171661377,SAME_UPDATE,0,0.0,2,TIER1_STRICT
DIFF_TEAM,6378,2024,2023_2024_PRIMARY,PRACTICE,5719336,6378|5719336|2024|10,6378|5719336|2024|51,2024|10,2024|51,CHIP_GANASSI_RACING,DALE_COYNE_RACING,A_ONLY,A_ONLY,0.0,SAME_UPDATE,0,0.0,2,TIER1_STRICT
DIFF_TEAM,6378,2024,2023_2024_PRIMARY,PRACTICE,5719336,6378|5719336|2024|10,6378|5719336|2024|7,2024|10,2024|7,CHIP_GANASSI_RACING,ARROW_MCLAREN_SPM,A_ONLY,A_ONLY,109.20849990844727,BETWEEN_GT5,4,18.5,2,TIER1_STRICT
DIFF_TEAM,6378,2024,2023_2024_PRIMARY,PRACTICE,5719336,6378|5719336|2024|17,6378|5719336|2024|26,2024|17,2024|26,ARROW_MCLAREN_SPM,ANDRETTI,A_ONLY,A_ONLY,95.9760000705719,BETWEEN_3_5,3,11.5,2,TIER1_STRICT
DIFF_TEAM,6378,2024,2023_2024_PRIMARY,PRACTICE,5719336,6378|5719336|2024|17,6378|5719336|2024|51,2024|17,2024|51,ARROW_MCLAREN_SPM,DALE_COYNE_RACING,A_ONLY,A_ONLY,95.14400005340576,BETWEEN_3_5,3,11.5,2,TIER1_STRICT
SAME_TEAM,6378,2024,2023_2024_PRIMARY,PRACTICE,5719336,6378|5719336|2024|17,6378|5719336|2024|7,2024|17,2024|7,ARROW_MCLAREN_SPM,ARROW_MCLAREN_SPM,A_ONLY,A_ONLY,204.35249996185303,BETWEEN_GT5,4,52.5,2,TIER1_STRICT
DIFF_TEAM,6378,2024,2023_2024_PRIMARY,PRACTICE,5719336,6378|5719336|2024|26,6378|5719336|2024|51,2024|26,2024|51,ANDRETTI,DALE_COYNE_RACING,A_ONLY,A_ONLY,0.8320000171661377,SAME_UPDATE,0,0.0,2,TIER1_STRICT
DIFF_TEAM,6378,2024,2023_2024_PRIMARY,PRACTICE,5719336,6378|5719336|2024|26,6378|5719336|2024|7,2024|26,2024|7,ANDRETTI,ARROW_MCLAREN_SPM,A_ONLY,A_ONLY,108.37649989128113,BETWEEN_GT5,4,18.0,2,TIER1_STRICT
DIFF_TEAM,6378,2024,2023_2024_PRIMARY,PRACTICE,5719336,6378|5719336|2024|51,6378|5719336|2024|7,2024|51,2024|7,DALE_COYNE_RACING,ARROW_MCLAREN_SPM,A_ONLY,A_ONLY,109.20849990844727,BETWEEN_GT5,4,18.5,2,TIER1_STRICT
DIFF_TEAM,6378,2024,2023_2024_PRIMARY,PRACTICE,5719337,6378|5719337|2024|17,6378|5719337|2024|77,2024|17,2024|77,ARROW_MCLAREN_SPM,JUNCOS_HOLLINGER_RACING,A_ONLY,A_ONLY,90.19400000572205,BETWEEN_3_5,3,4.0,2,TIER1_STRICT
DIFF_TEAM,6378,2024,2023_2024_PRIMARY,PRACTICE,5719337,6378|5719337|2024|17,6378|5719337|2024|8,2024|17,2024|8,ARROW_MCLAREN_SPM,CHIP_GANASSI_RACING,A_ONLY,A_ONLY,84.40499997138977,BETWEEN_1_2,2,9.5,2,TIER1_STRICT
DIFF_TEAM,6378,2024,2023_2024_PRIMARY,PRACTICE,5719337,6378|5719337|2024|77,6378|5719337|2024|8,2024|77,2024|8,JUNCOS_HOLLINGER_RACING,CHIP_GANASSI_RACING,A_ONLY,A_ONLY,5.789000034332275,BETWEEN_1_2,2,1.0,2,TIER1_STRICT
DIFF_TEAM,6378,2024,2023_2024_PRIMARY,PRACTICE,5719347,6378|5719347|2024|15,6378|5719347|2024|18,2024|15,2024|18,RAHAL_LETTERMAN_LANIGAN,DALE_COYNE_RACING,A_ONLY,A_ONLY,80.5329999923706,BETWEEN_GT5,4,48.0,2,TIER1_STRICT
DIFF_TEAM,6378,2024,2023_2024_PRIMARY,PRACTICE,5719347,6378|5719347|2024|15,6378|5719347|2024|20,2024|15,2024|20,RAHAL_LETTERMAN_LANIGAN,ED_CARPENTER_RACING,A_ONLY,A_ONLY,77.18950009346008,BETWEEN_GT5,4,27.0,2,TIER1_STRICT
DIFF_TEAM,6378,2024,2023_2024_PRIMARY,PRACTICE,5719347,6378|5719347|2024|15,6378|5719347|2024|27,2024|15,2024|27,RAHAL_LETTERMAN_LANIGAN,ANDRETTI,A_ONLY,A_ONLY,62.13499999046326,BETWEEN_GT5,4,35.0,2,TIER1_STRICT
DIFF_TEAM,6378,2024,2023_2024_PRIMARY,PRACTICE,5719347,6378|5719347|2024|15,6378|5719347|2024|66,2024|15,2024|66,RAHAL_LETTERMAN_LANIGAN,MEYER_SHANK_RACING,A_ONLY,A_ONLY,75.50500011444092,BETWEEN_GT5,4,47.0,2,TIER1_STRICT
DIFF_TEAM,6378,2024,2023_2024_PRIMARY,PRACTICE,5719347,6378|5719347|2024|18,6378|5719347|2024|20,2024|18,2024|20,DALE_COYNE_RACING,ED_CARPENTER_RACING,A_ONLY,A_ONLY,3.3434998989105225,BETWEEN_1_2,2,2.0,2,TIER1_STRICT
DIFF_TEAM,6378,2024,2023_2024_PRIMARY,PRACTICE,5719347,6378|5719347|2024|18,6378|5719347|2024|27,2024|18,2024|27,DALE_COYNE_RACING,ANDRETTI,A_ONLY,A_ONLY,18.39800000190735,BETWEEN_GT5,4,11.0,2,TIER1_STRICT
DIFF_TEAM,6378,2024,2023_2024_PRIMARY,PRACTICE,5719347,6378|5719347|2024|18,6378|5719347|2024|66,2024|18,2024|66,DALE_COYNE_RACING,MEYER_SHANK_RACING,A_ONLY,A_ONLY,5.0279998779296875,CONSECUTIVE,1,0.0,2,TIER1_STRICT
DIFF_TEAM,6378,2024,2023_2024_PRIMARY,PRACTICE,5719347,6378|5719347|2024|20,6378|5719347|2024|27,2024|20,2024|27,ED_CARPENTER_RACING,ANDRETTI,A_ONLY,A_ONLY,15.054500102996826,BETWEEN_3_5,3,9.0,2,TIER1_STRICT
DIFF_TEAM,6378,2024,2023_2024_PRIMARY,PRACTICE,5719347,6378|5719347|2024|20,6378|5719347|2024|66,2024|20,2024|66,ED_CARPENTER_RACING,MEYER_SHANK_RACING,A_ONLY,A_ONLY,1.684499979019165,BETWEEN_3_5,3,9.5,2,TIER1_STRICT
DIFF_TEAM,6378,2024,2023_2024_PRIMARY,PRACTICE,5719347,6378|5719347|2024|27,6378|5719347|2024|66,2024|27,2024|66,ANDRETTI,MEYER_SHANK_RACING,A_ONLY,A_ONLY,13.370000123977661,BETWEEN_GT5,4,10.0,2,TIER1_STRICT
DIFF_TEAM,6378,2024,2023_2024_PRIMARY,PRACTICE,5719348,6378|5719348|2024|11,6378|5719348|2024|18,2024|11,2024|18,CHIP_GANASSI_RACING,DALE_COYNE_RACING,A_ONLY,A_ONLY,9.208499908447266,BETWEEN_1_2,2,2.0,1,TIER1_STRICT
DIFF_TEAM,6378,2024,2023_2024_PRIMARY,PRACTICE,5719348,6378|5719348|2024|11,6378|5719348|2024|20,2024|11,2024|20,CHIP_GANASSI_RACING,ED_CARPENTER_RACING,A_ONLY,A_ONLY,12.556999921798706,BETWEEN_GT5,4,11.5,1,TIER1_STRICT
DIFF_TEAM,6378,2024,2023_2024_PRIMARY,PRACTICE,5719348,6378|5719348|2024|11,6378|5719348|2024|21,2024|11,2024|21,CHIP_GANASSI_RACING,ED_CARPENTER_RACING,A_ONLY,A_ONLY,12.556999921798706,BETWEEN_GT5,4,11.5,1,TIER1_STRICT
DIFF_TEAM,6378,2024,2023_2024_PRIMARY,PRACTICE,5719348,6378|5719348|2024|11,6378|5719348|2024|27,2024|11,2024|27,CHIP_GANASSI_RACING,ANDRETTI,A_ONLY,A_ONLY,69.3974997997284,BETWEEN_GT5,4,18.5,1,TIER1_STRICT
DIFF_TEAM,6378,2024,2023_2024_PRIMARY,PRACTICE,5719348,6378|5719348|2024|11,6378|5719348|2024|28,2024|11,2024|28,CHIP_GANASSI_RACING,ANDRETTI,A_ONLY,A_ONLY,34.29100012779236,BETWEEN_GT5,4,6.0,1,TIER1_STRICT
DIFF_TEAM,6378,2024,2023_2024_PRIMARY,PRACTICE,5719348,6378|5719348|2024|11,6378|5719348|2024|66,2024|11,2024|66,CHIP_GANASSI_RACING,MEYER_SHANK_RACING,A_ONLY,A_ONLY,56.02149987220764,CONSECUTIVE,1,9.0,1,TIER1_STRICT
DIFF_TEAM,6378,2024,2023_2024_PRIMARY,PRACTICE,5719348,6378|5719348|2024|11,6378|5719348|2024|78,2024|11,2024|78,CHIP_GANASSI_RACING,JUNCOS_HOLLINGER_RACING,A_ONLY,A_ONLY,137.91950011253357,BETWEEN_GT5,4,48.5,1,TIER1_STRICT
SAME_TEAM,6378,2024,2023_2024_PRIMARY,PRACTICE,5719348,6378|5719348|2024|11,6378|5719348|2024|8,2024|11,2024|8,CHIP_GANASSI_RACING,CHIP_GANASSI_RACING,A_ONLY,A_ONLY,79.42400002479553,BETWEEN_1_2,2,8.0,1,TIER1_STRICT
DIFF_TEAM,6378,2024,2023_2024_PRIMARY,PRACTICE,5719348,6378|5719348|2024|18,6378|5719348|2024|20,2024|18,2024|20,DALE_COYNE_RACING,ED_CARPENTER_RACING,A_ONLY,A_ONLY,3.3485000133514404,BETWEEN_3_5,3,3.0,1,TIER1_STRICT
DIFF_TEAM,6378,2024,2023_2024_PRIMARY,PRACTICE,5719348,6378|5719348|2024|18,6378|5719348|2024|21,2024|18,2024|21,DALE_COYNE_RACING,ED_CARPENTER_RACING,A_ONLY,A_ONLY,3.3485000133514404,BETWEEN_3_5,3,3.0,1,TIER1_STRICT
DIFF_TEAM,6378,2024,2023_2024_PRIMARY,PRACTICE,5719348,6378|5719348|2024|18,6378|5719348|2024|27,2024|18,2024|27,DALE_COYNE_RACING,ANDRETTI,A_ONLY,A_ONLY,60.18899989128113,BETWEEN_GT5,4,13.0,1,TIER1_STRICT
DIFF_TEAM,6378,2024,2023_2024_PRIMARY,PRACTICE,5719348,6378|5719348|2024|18,6378|5719348|2024|28,2024|18,2024|28,DALE_COYNE_RACING,ANDRETTI,A_ONLY,A_ONLY,43.499500036239624,BETWEEN_GT5,4,10.0,1,TIER1_STRICT
DIFF_TEAM,6378,2024,2023_2024_PRIMARY,PRACTICE,5719348,6378|5719348|2024|18,6378|5719348|2024|66,2024|18,2024|66,DALE_COYNE_RACING,MEYER_SHANK_RACING,A_ONLY,A_ONLY,46.812999963760376,BETWEEN_1_2,2,1.0,1,TIER1_STRICT
DIFF_TEAM,6378,2024,2023_2024_PRIMARY,PRACTICE,5719348,6378|5719348|2024|18,6378|5719348|2024|78,2024|18,2024|78,DALE_COYNE_RACING,JUNCOS_HOLLINGER_RACING,A_ONLY,A_ONLY,147.12800002098083,BETWEEN_GT5,4,55.0,1,TIER1_STRICT
DIFF_TEAM,6378,2024,2023_2024_PRIMARY,PRACTICE,5719348,6378|5719348|2024|18,6378|5719348|2024|8,2024|18,2024|8,DALE_COYNE_RACING,CHIP_GANASSI_RACING,A_ONLY,A_ONLY,88.6324999332428,BETWEEN_GT5,4,11.0,1,TIER1_STRICT
SAME_TEAM,6378,2024,2023_2024_PRIMARY,PRACTICE,5719348,6378|5719348|2024|20,6378|5719348|2024|21,2024|20,2024|21,ED_CARPENTER_RACING,ED_CARPENTER_RACING,A_ONLY,A_ONLY,0.0,SAME_UPDATE,0,0.0,1,TIER1_STRICT
DIFF_TEAM,6378,2024,2023_2024_PRIMARY,PRACTICE,5719348,6378|5719348|2024|20,6378|5719348|2024|27,2024|20,2024|27,ED_CARPENTER_RACING,ANDRETTI,A_ONLY,A_ONLY,56.84049987792969,BETWEEN_GT5,4,11.5,1,TIER1_STRICT
DIFF_TEAM,6378,2024,2023_2024_PRIMARY,PRACTICE,5719348,6378|5719348|2024|20,6378|5719348|2024|28,2024|20,2024|28,ED_CARPENTER_RACING,ANDRETTI,A_ONLY,A_ONLY,46.848000049591064,BETWEEN_3_5,3,4.5,1,TIER1_STRICT
DIFF_TEAM,6378,2024,2023_2024_PRIMARY,PRACTICE,5719348,6378|5719348|2024|20,6378|5719348|2024|66,2024|20,2024|66,ED_CARPENTER_RACING,MEYER_SHANK_RACING,A_ONLY,A_ONLY,43.464499950408936,BETWEEN_GT5,4,15.5,1,TIER1_STRICT
DIFF_TEAM,6378,2024,2023_2024_PRIMARY,PRACTICE,5719348,6378|5719348|2024|20,6378|5719348|2024|78,2024|20,2024|78,ED_CARPENTER_RACING,JUNCOS_HOLLINGER_RACING,A_ONLY,A_ONLY,150.47650003433228,BETWEEN_GT5,4,61.0,1,TIER1_STRICT
DIFF_TEAM,6378,2024,2023_2024_PRIMARY,PRACTICE,5719348,6378|5719348|2024|20,6378|5719348|2024|8,2024|20,2024|8,ED_CARPENTER_RACING,CHIP_GANASSI_RACING,A_ONLY,A_ONLY,91.98099994659424,BETWEEN_GT5,4,17.0,1,TIER1_STRICT
DIFF_TEAM,6378,2024,2023_2024_PRIMARY,PRACTICE,5719348,6378|5719348|2024|21,6378|5719348|2024|27,2024|21,2024|27,ED_CARPENTER_RACING,ANDRETTI,A_ONLY,A_ONLY,56.84049987792969,BETWEEN_3_5,3,10.0,1,TIER1_STRICT
DIFF_TEAM,6378,2024,2023_2024_PRIMARY,PRACTICE,5719348,6378|5719348|2024|21,6378|5719348|2024|28,2024|21,2024|28,ED_CARPENTER_RACING,ANDRETTI,A_ONLY,A_ONLY,46.848000049591064,BETWEEN_3_5,3,4.5,1,TIER1_STRICT
DIFF_TEAM,6378,2024,2023_2024_PRIMARY,PRACTICE,5719348,6378|5719348|2024|21,6378|5719348|2024|66,2024|21,2024|66,ED_CARPENTER_RACING,MEYER_SHANK_RACING,A_ONLY,A_ONLY,43.464499950408936,BETWEEN_GT5,4,14.0,1,TIER1_STRICT
DIFF_TEAM,6378,2024,2023_2024_PRIMARY,PRACTICE,5719348,6378|5719348|2024|21,6378|5719348|2024|78,2024|21,2024|78,ED_CARPENTER_RACING,JUNCOS_HOLLINGER_RACING,A_ONLY,A_ONLY,150.47650003433228,BETWEEN_GT5,4,61.0,1,TIER1_STRICT
DIFF_TEAM,6378,2024,2023_2024_PRIMARY,PRACTICE,5719348,6378|5719348|2024|21,6378|5719348|2024|8,2024|21,2024|8,ED_CARPENTER_RACING,CHIP_GANASSI_RACING,A_ONLY,A_ONLY,91.98099994659424,BETWEEN_GT5,4,17.0,1,TIER1_STRICT
SAME_TEAM,6378,2024,2023_2024_PRIMARY,PRACTICE,5719348,6378|5719348|2024|27,6378|5719348|2024|28,2024|27,2024|28,ANDRETTI,ANDRETTI,A_ONLY,A_ONLY,103.68849992752075,BETWEEN_GT5,4,24.0,1,TIER1_STRICT
DIFF_TEAM,6378,2024,2023_2024_PRIMARY,PRACTICE,5719348,6378|5719348|2024|27,6378|5719348|2024|66,2024|27,2024|66,ANDRETTI,MEYER_SHANK_RACING,A_ONLY,A_ONLY,13.375999927520752,BETWEEN_GT5,4,10.0,1,TIER1_STRICT
DIFF_TEAM,6378,2024,2023_2024_PRIMARY,PRACTICE,5719348,6378|5719348|2024|27,6378|5719348|2024|78,2024|27,2024|78,ANDRETTI,JUNCOS_HOLLINGER_RACING,A_ONLY,A_ONLY,207.31699991226196,BETWEEN_GT5,4,91.0,1,TIER1_STRICT
DIFF_TEAM,6378,2024,2023_2024_PRIMARY,PRACTICE,5719348,6378|5719348|2024|27,6378|5719348|2024|8,2024|27,2024|8,ANDRETTI,CHIP_GANASSI_RACING,A_ONLY,A_ONLY,148.82149982452393,BETWEEN_GT5,4,47.0,1,TIER1_STRICT
DIFF_TEAM,6378,2024,2023_2024_PRIMARY,PRACTICE,5719348,6378|5719348|2024|28,6378|5719348|2024|66,2024|28,2024|66,ANDRETTI,MEYER_SHANK_RACING,A_ONLY,A_ONLY,90.3125,BETWEEN_GT5,4,22.0,1,TIER1_STRICT
DIFF_TEAM,6378,2024,2023_2024_PRIMARY,PRACTICE,5719348,6378|5719348|2024|28,6378|5719348|2024|78,2024|28,2024|78,ANDRETTI,JUNCOS_HOLLINGER_RACING,A_ONLY,A_ONLY,103.62849998474121,BETWEEN_GT5,4,34.0,1,TIER1_STRICT
DIFF_TEAM,6378,2024,2023_2024_PRIMARY,PRACTICE,5719348,6378|5719348|2024|28,6378|5719348|2024|8,2024|28,2024|8,ANDRETTI,CHIP_GANASSI_RACING,A_ONLY,A_ONLY,45.132999897003174,BETWEEN_1_2,2,1.0,1,TIER1_STRICT
DIFF_TEAM,6378,2024,2023_2024_PRIMARY,PRACTICE,5719348,6378|5719348|2024|66,6378|5719348|2024|78,2024|66,2024|78,MEYER_SHANK_RACING,JUNCOS_HOLLINGER_RACING,A_ONLY,A_ONLY,193.9409999847412,BETWEEN_GT5,4,79.0,1,TIER1_STRICT
DIFF_TEAM,6378,2024,2023_2024_PRIMARY,PRACTICE,5719348,6378|5719348|2024|66,6378|5719348|2024|8,2024|66,2024|8,MEYER_SHANK_RACING,CHIP_GANASSI_RACING,A_ONLY,A_ONLY,135.44549989700317,BETWEEN_GT5,4,35.0,1,TIER1_STRICT
DIFF_TEAM,6378,2024,2023_2024_PRIMARY,PRACTICE,5719348,6378|5719348|2024|78,6378|5719348|2024|8,2024|78,2024|8,JUNCOS_HOLLINGER_RACING,CHIP_GANASSI_RACING,A_ONLY,A_ONLY,58.49550008773804,BETWEEN_1_2,2,1.0,1,TIER1_STRICT
DIFF_TEAM,6378,2024,2023_2024_PRIMARY,PRACTICE,5719349,6378|5719349|2024|33,6378|5719349|2024|78,2024|33,2024|78,ED_CARPENTER_RACING,JUNCOS_HOLLINGER_RACING,A_ONLY,A_ONLY,63.55200004577637,BETWEEN_GT5,4,7.0,2,TIER1_STRICT
SAME_TEAM,6378,2024,2023_2024_PRIMARY,PRACTICE,5719363,6378|5719363|2024|12,6378|5719363|2024|3,2024|12,2024|3,TEAM_PENSKE,TEAM_PENSKE,A_ONLY,A_ONLY,162.1280002593994,BETWEEN_GT5,4,50.5,1,TIER1_STRICT
DIFF_TEAM,6378,2024,2023_2024_PRIMARY,PRACTICE,5719363,6378|5719363|2024|12,6378|5719363|2024|4,2024|12,2024|4,TEAM_PENSKE,CHIP_GANASSI_RACING,A_ONLY,A_ONLY,48.46749973297119,BETWEEN_3_5,3,5.5,1,TIER1_STRICT
DIFF_TEAM,6378,2024,2023_2024_PRIMARY,PRACTICE,5719363,6378|5719363|2024|12,6378|5719363|2024|45,2024|12,2024|45,TEAM_PENSKE,RAHAL_LETTERMAN_LANIGAN,A_ONLY,A_ONLY,123.71000003814697,BETWEEN_GT5,4,22.5,1,TIER1_STRICT
DIFF_TEAM,6378,2024,2023_2024_PRIMARY,PRACTICE,5719363,6378|5719363|2024|12,6378|5719363|2024|9,2024|12,2024|9,TEAM_PENSKE,CHIP_GANASSI_RACING,A_ONLY,A_ONLY,10.035999774932861,BETWEEN_3_5,3,6.0,1,TIER1_STRICT
DIFF_TEAM,6378,2024,2023_2024_PRIMARY,PRACTICE,5719363,6378|5719363|2024|3,6378|5719363|2024|4,2024|3,2024|4,TEAM_PENSKE,CHIP_GANASSI_RACING,A_ONLY,A_ONLY,210.5954999923706,BETWEEN_GT5,4,55.5,1,TIER1_STRICT
DIFF_TEAM,6378,2024,2023_2024_PRIMARY,PRACTICE,5719363,6378|5719363|2024|3,6378|5719363|2024|45,2024|3,2024|45,TEAM_PENSKE,RAHAL_LETTERMAN_LANIGAN,A_ONLY,A_ONLY,38.41800022125244,CONSECUTIVE,1,0.0,1,TIER1_STRICT
DIFF_TEAM,6378,2024,2023_2024_PRIMARY,PRACTICE,5719363,6378|5719363|2024|3,6378|5719363|2024|9,2024|3,2024|9,TEAM_PENSKE,CHIP_GANASSI_RACING,A_ONLY,A_ONLY,172.16400003433228,BETWEEN_GT5,4,43.5,1,TIER1_STRICT
DIFF_TEAM,6378,2024,2023_2024_PRIMARY,PRACTICE,5719363,6378|5719363|2024|4,6378|5719363|2024|45,2024|4,2024|45,CHIP_GANASSI_RACING,RAHAL_LETTERMAN_LANIGAN,A_ONLY,A_ONLY,172.17749977111816,BETWEEN_GT5,4,44.0,1,TIER1_STRICT
SAME_TEAM,6378,2024,2023_2024_PRIMARY,PRACTICE,5719363,6378|5719363|2024|4,6378|5719363|2024|9,2024|4,2024|9,CHIP_GANASSI_RACING,CHIP_GANASSI_RACING,A_ONLY,A_ONLY,38.43149995803833,BETWEEN_1_2,2,1.0,1,TIER1_STRICT
DIFF_TEAM,6378,2024,2023_2024_PRIMARY,PRACTICE,5719363,6378|5719363|2024|45,6378|5719363|2024|9,2024|45,2024|9,RAHAL_LETTERMAN_LANIGAN,CHIP_GANASSI_RACING,A_ONLY,A_ONLY,133.74599981307983,BETWEEN_GT5,4,32.5,1,TIER1_STRICT
DIFF_TEAM,6378,2024,2023_2024_PRIMARY,PRACTICE,5719364,6378|5719364|2024|3,6378|5719364|2024|45,2024|3,2024|45,TEAM_PENSKE,RAHAL_LETTERMAN_LANIGAN,A_ONLY,A_ONLY,40.13800001144409,BETWEEN_GT5,4,9.0,2,TIER1_STRICT
SAME_TEAM,6380,2024,2023_2024_PRIMARY,FAST_FRIDAY,5719934,6380|5719934|2024|4,6380|5719934|2024|8,2024|4,2024|8,CHIP_GANASSI_RACING,CHIP_GANASSI_RACING,A_ONLY,A_ONLY,169.39099979400635,BETWEEN_GT5,4,10.0,2,TIER1_STRICT
DIFF_TEAM,6380,2024,2023_2024_PRIMARY,FAST_FRIDAY,5719935,6380|5719935|2024|06,6380|5719935|2024|8,2024|06,2024|8,MEYER_SHANK_RACING,CHIP_GANASSI_RACING,A_ONLY,A_ONLY,65.15700006484985,BETWEEN_1_2,2,1.5,2,TIER1_STRICT
DIFF_TEAM,6380,2024,2023_2024_PRIMARY,FAST_FRIDAY,5719937,6380|5719937|2024|11,6380|5719937|2024|26,2024|11,2024|26,CHIP_GANASSI_RACING,ANDRETTI,A_ONLY,A_ONLY,70.0404999256134,BETWEEN_1_2,2,1.0,2,TIER1_STRICT
DIFF_TEAM,6380,2024,2023_2024_PRIMARY,FAST_FRIDAY,5719937,6380|5719937|2024|11,6380|5719937|2024|77,2024|11,2024|77,CHIP_GANASSI_RACING,JUNCOS_HOLLINGER_RACING,A_ONLY,A_ONLY,226.34500002861023,BETWEEN_GT5,4,22.0,2,TIER1_STRICT
DIFF_TEAM,6380,2024,2023_2024_PRIMARY,FAST_FRIDAY,5719937,6380|5719937|2024|26,6380|5719937|2024|77,2024|26,2024|77,ANDRETTI,JUNCOS_HOLLINGER_RACING,A_ONLY,A_ONLY,156.30450010299683,BETWEEN_GT5,4,13.5,2,TIER1_STRICT
DIFF_TEAM,6380,2024,2023_2024_PRIMARY,FAST_FRIDAY,5719940,6380|5719940|2024|06,6380|5719940|2024|30,2024|06,2024|30,MEYER_SHANK_RACING,RAHAL_LETTERMAN_LANIGAN,A_ONLY,A_ONLY,152.30800008773804,BETWEEN_GT5,4,10.5,2,TIER1_STRICT
SAME_TEAM,6380,2024,2023_2024_PRIMARY,FAST_FRIDAY,5719942,6380|5719942|2024|27,6380|5719942|2024|28,2024|27,2024|28,ANDRETTI,ANDRETTI,A_ONLY,A_ONLY,53.76200008392334,CONSECUTIVE,1,1.0,1,TIER1_STRICT
DIFF_TEAM,6380,2024,2023_2024_PRIMARY,FAST_FRIDAY,5719942,6380|5719942|2024|27,6380|5719942|2024|8,2024|27,2024|8,ANDRETTI,CHIP_GANASSI_RACING,A_ONLY,A_ONLY,118.94249987602234,BETWEEN_GT5,4,15.0,1,TIER1_STRICT
DIFF_TEAM,6380,2024,2023_2024_PRIMARY,FAST_FRIDAY,5719942,6380|5719942|2024|28,6380|5719942|2024|8,2024|28,2024|8,ANDRETTI,CHIP_GANASSI_RACING,A_ONLY,A_ONLY,65.180499792099,BETWEEN_GT5,4,8.5,1,TIER1_STRICT
DIFF_TEAM,6387,2024,2023_2024_PRIMARY,POST_QUALIFYING_PRACTICE,5720749,6387|5720749|2024|06,6387|5720749|2024|2,2024|06,2024|2,MEYER_SHANK_RACING,TEAM_PENSKE,A_ONLY,A_ONLY,0.8149998188018799,SAME_UPDATE,0,0.0,1,TIER1_STRICT
DIFF_TEAM,6387,2024,2023_2024_PRIMARY,POST_QUALIFYING_PRACTICE,5720750,6387|5720750|2024|06,6387|5720750|2024|2,2024|06,2024|2,MEYER_SHANK_RACING,TEAM_PENSKE,A_ONLY,A_ONLY,0.0,SAME_UPDATE,0,0.0,2,TIER1_STRICT
DIFF_TEAM,6387,2024,2023_2024_PRIMARY,POST_QUALIFYING_PRACTICE,5720754,6387|5720754|2024|17,6387|5720754|2024|3,2024|17,2024|3,ARROW_MCLAREN_SPM,TEAM_PENSKE,A_ONLY,A_ONLY,87.45300006866455,BETWEEN_3_5,3,11.0,2,TIER1_STRICT
DIFF_TEAM,6387,2024,2023_2024_PRIMARY,POST_QUALIFYING_PRACTICE,5720754,6387|5720754|2024|17,6387|5720754|2024|30,2024|17,2024|30,ARROW_MCLAREN_SPM,RAHAL_LETTERMAN_LANIGAN,A_ONLY,A_ONLY,86.62549996376038,BETWEEN_3_5,3,10.5,2,TIER1_STRICT
DIFF_TEAM,6387,2024,2023_2024_PRIMARY,POST_QUALIFYING_PRACTICE,5720754,6387|5720754|2024|3,6387|5720754|2024|30,2024|3,2024|30,TEAM_PENSKE,RAHAL_LETTERMAN_LANIGAN,A_ONLY,A_ONLY,0.8275001049041748,SAME_UPDATE,0,0.0,2,TIER1_STRICT
DIFF_TEAM,6387,2024,2023_2024_PRIMARY,POST_QUALIFYING_PRACTICE,5720755,6387|5720755|2024|24,6387|5720755|2024|28,2024|24,2024|28,DREYER_REINBOLD_RACING,ANDRETTI,A_ONLY,A_ONLY,8.30400013923645,BETWEEN_GT5,4,7.0,1,TIER1_STRICT
DIFF_TEAM,6387,2024,2023_2024_PRIMARY,POST_QUALIFYING_PRACTICE,5720755,6387|5720755|2024|24,6387|5720755|2024|30,2024|24,2024|30,DREYER_REINBOLD_RACING,RAHAL_LETTERMAN_LANIGAN,A_ONLY,A_ONLY,1.6690001487731934,CONSECUTIVE,1,0.0,1,TIER1_STRICT
DIFF_TEAM,6387,2024,2023_2024_PRIMARY,POST_QUALIFYING_PRACTICE,5720755,6387|5720755|2024|24,6387|5720755|2024|60,2024|24,2024|60,DREYER_REINBOLD_RACING,MEYER_SHANK_RACING,A_ONLY,A_ONLY,18.31149983406067,CONSECUTIVE,1,0.0,1,TIER1_STRICT
DIFF_TEAM,6387,2024,2023_2024_PRIMARY,POST_QUALIFYING_PRACTICE,5720755,6387|5720755|2024|28,6387|5720755|2024|30,2024|28,2024|30,ANDRETTI,RAHAL_LETTERMAN_LANIGAN,A_ONLY,A_ONLY,6.634999990463257,BETWEEN_3_5,3,4.0,1,TIER1_STRICT
DIFF_TEAM,6387,2024,2023_2024_PRIMARY,POST_QUALIFYING_PRACTICE,5720755,6387|5720755|2024|28,6387|5720755|2024|60,2024|28,2024|60,ANDRETTI,MEYER_SHANK_RACING,A_ONLY,A_ONLY,26.61549997329712,BETWEEN_3_5,3,4.0,1,TIER1_STRICT
DIFF_TEAM,6387,2024,2023_2024_PRIMARY,POST_QUALIFYING_PRACTICE,5720755,6387|5720755|2024|30,6387|5720755|2024|60,2024|30,2024|60,RAHAL_LETTERMAN_LANIGAN,MEYER_SHANK_RACING,A_ONLY,A_ONLY,19.980499982833862,SAME_UPDATE,0,0.0,1,TIER1_STRICT
DIFF_TEAM,6387,2024,2023_2024_PRIMARY,POST_QUALIFYING_PRACTICE,5720756,6387|5720756|2024|24,6387|5720756|2024|28,2024|24,2024|28,DREYER_REINBOLD_RACING,ANDRETTI,A_ONLY,A_ONLY,6.634999990463257,BETWEEN_GT5,4,6.0,2,TIER1_STRICT
DIFF_TEAM,6387,2024,2023_2024_PRIMARY,POST_QUALIFYING_PRACTICE,5720756,6387|5720756|2024|24,6387|5720756|2024|30,2024|24,2024|30,DREYER_REINBOLD_RACING,RAHAL_LETTERMAN_LANIGAN,A_ONLY,A_ONLY,18.308000087738037,CONSECUTIVE,1,0.0,2,TIER1_STRICT
DIFF_TEAM,6387,2024,2023_2024_PRIMARY,POST_QUALIFYING_PRACTICE,5720756,6387|5720756|2024|24,6387|5720756|2024|60,2024|24,2024|60,DREYER_REINBOLD_RACING,MEYER_SHANK_RACING,A_ONLY,A_ONLY,18.308000087738037,CONSECUTIVE,1,0.0,2,TIER1_STRICT
DIFF_TEAM,6387,2024,2023_2024_PRIMARY,POST_QUALIFYING_PRACTICE,5720756,6387|5720756|2024|28,6387|5720756|2024|30,2024|28,2024|30,ANDRETTI,RAHAL_LETTERMAN_LANIGAN,A_ONLY,A_ONLY,24.943000078201294,BETWEEN_1_2,2,2.0,2,TIER1_STRICT
DIFF_TEAM,6387,2024,2023_2024_PRIMARY,POST_QUALIFYING_PRACTICE,5720756,6387|5720756|2024|28,6387|5720756|2024|60,2024|28,2024|60,ANDRETTI,MEYER_SHANK_RACING,A_ONLY,A_ONLY,24.943000078201294,BETWEEN_1_2,2,2.0,2,TIER1_STRICT
DIFF_TEAM,6387,2024,2023_2024_PRIMARY,POST_QUALIFYING_PRACTICE,5720756,6387|5720756|2024|30,6387|5720756|2024|60,2024|30,2024|60,RAHAL_LETTERMAN_LANIGAN,MEYER_SHANK_RACING,A_ONLY,A_ONLY,0.0,SAME_UPDATE,0,0.0,2,TIER1_STRICT
DIFF_TEAM,6387,2024,2023_2024_PRIMARY,POST_QUALIFYING_PRACTICE,5720758,6387|5720758|2024|12,6387|5720758|2024|4,2024|12,2024|4,TEAM_PENSKE,CHIP_GANASSI_RACING,A_ONLY,A_ONLY,50.87850022315979,BETWEEN_GT5,4,11.0,1,TIER1_STRICT
DIFF_TEAM,6387,2024,2023_2024_PRIMARY,POST_QUALIFYING_PRACTICE,5720762,6387|5720762|2024|17,6387|5720762|2024|9,2024|17,2024|9,ARROW_MCLAREN_SPM,CHIP_GANASSI_RACING,A_ONLY,A_ONLY,62.61699986457825,BETWEEN_GT5,4,31.5,2,TIER1_STRICT
DIFF_TEAM,6387,2024,2023_2024_PRIMARY,POST_QUALIFYING_PRACTICE,5720763,6387|5720763|2024|17,6387|5720763|2024|21,2024|17,2024|21,ARROW_MCLAREN_SPM,ED_CARPENTER_RACING,A_ONLY,A_ONLY,62.20449995994568,SAME_UPDATE,0,0.0,2,TIER1_STRICT
DIFF_TEAM,6387,2024,2023_2024_PRIMARY,POST_QUALIFYING_PRACTICE,5720763,6387|5720763|2024|17,6387|5720763|2024|33,2024|17,2024|33,ARROW_MCLAREN_SPM,ED_CARPENTER_RACING,A_ONLY,A_ONLY,148.75950026512146,BETWEEN_GT5,4,49.0,2,TIER1_STRICT
DIFF_TEAM,6387,2024,2023_2024_PRIMARY,POST_QUALIFYING_PRACTICE,5720763,6387|5720763|2024|17,6387|5720763|2024|78,2024|17,2024|78,ARROW_MCLAREN_SPM,JUNCOS_HOLLINGER_RACING,A_ONLY,A_ONLY,148.75950026512146,BETWEEN_GT5,4,44.0,2,TIER1_STRICT
DIFF_TEAM,6387,2024,2023_2024_PRIMARY,POST_QUALIFYING_PRACTICE,5720763,6387|5720763|2024|17,6387|5720763|2024|9,2024|17,2024|9,ARROW_MCLAREN_SPM,CHIP_GANASSI_RACING,A_ONLY,A_ONLY,20.838500022888184,SAME_UPDATE,0,0.0,2,TIER1_STRICT
DIFF_TEAM,6387,2024,2023_2024_PRIMARY,POST_QUALIFYING_PRACTICE,5720763,6387|5720763|2024|17,6387|5720763|2024|98,2024|17,2024|98,ARROW_MCLAREN_SPM,ANDRETTI,A_ONLY,A_ONLY,27.498000144958496,BETWEEN_GT5,4,6.0,2,TIER1_STRICT
SAME_TEAM,6387,2024,2023_2024_PRIMARY,POST_QUALIFYING_PRACTICE,5720763,6387|5720763|2024|21,6387|5720763|2024|33,2024|21,2024|33,ED_CARPENTER_RACING,ED_CARPENTER_RACING,A_ONLY,A_ONLY,86.55500030517578,BETWEEN_GT5,4,16.5,2,TIER1_STRICT
DIFF_TEAM,6387,2024,2023_2024_PRIMARY,POST_QUALIFYING_PRACTICE,5720763,6387|5720763|2024|21,6387|5720763|2024|78,2024|21,2024|78,ED_CARPENTER_RACING,JUNCOS_HOLLINGER_RACING,A_ONLY,A_ONLY,86.55500030517578,BETWEEN_GT5,4,14.0,2,TIER1_STRICT
DIFF_TEAM,6387,2024,2023_2024_PRIMARY,POST_QUALIFYING_PRACTICE,5720763,6387|5720763|2024|21,6387|5720763|2024|9,2024|21,2024|9,ED_CARPENTER_RACING,CHIP_GANASSI_RACING,A_ONLY,A_ONLY,41.365999937057495,SAME_UPDATE,0,0.0,2,TIER1_STRICT
DIFF_TEAM,6387,2024,2023_2024_PRIMARY,POST_QUALIFYING_PRACTICE,5720763,6387|5720763|2024|21,6387|5720763|2024|98,2024|21,2024|98,ED_CARPENTER_RACING,ANDRETTI,A_ONLY,A_ONLY,34.70649981498718,BETWEEN_GT5,4,6.0,2,TIER1_STRICT
DIFF_TEAM,6387,2024,2023_2024_PRIMARY,POST_QUALIFYING_PRACTICE,5720763,6387|5720763|2024|33,6387|5720763|2024|78,2024|33,2024|78,ED_CARPENTER_RACING,JUNCOS_HOLLINGER_RACING,A_ONLY,A_ONLY,0.0,SAME_UPDATE,0,0.0,2,TIER1_STRICT
DIFF_TEAM,6387,2024,2023_2024_PRIMARY,POST_QUALIFYING_PRACTICE,5720763,6387|5720763|2024|33,6387|5720763|2024|9,2024|33,2024|9,ED_CARPENTER_RACING,CHIP_GANASSI_RACING,A_ONLY,A_ONLY,127.92100024223328,BETWEEN_GT5,4,34.5,2,TIER1_STRICT
DIFF_TEAM,6387,2024,2023_2024_PRIMARY,POST_QUALIFYING_PRACTICE,5720763,6387|5720763|2024|33,6387|5720763|2024|98,2024|33,2024|98,ED_CARPENTER_RACING,ANDRETTI,A_ONLY,A_ONLY,121.26150012016296,BETWEEN_GT5,4,24.5,2,TIER1_STRICT
DIFF_TEAM,6387,2024,2023_2024_PRIMARY,POST_QUALIFYING_PRACTICE,5720763,6387|5720763|2024|78,6387|5720763|2024|9,2024|78,2024|9,JUNCOS_HOLLINGER_RACING,CHIP_GANASSI_RACING,A_ONLY,A_ONLY,127.92100024223328,BETWEEN_GT5,4,34.5,2,TIER1_STRICT
DIFF_TEAM,6387,2024,2023_2024_PRIMARY,POST_QUALIFYING_PRACTICE,5720763,6387|5720763|2024|78,6387|5720763|2024|98,2024|78,2024|98,JUNCOS_HOLLINGER_RACING,ANDRETTI,A_ONLY,A_ONLY,121.26150012016296,BETWEEN_GT5,4,24.5,2,TIER1_STRICT
DIFF_TEAM,6387,2024,2023_2024_PRIMARY,POST_QUALIFYING_PRACTICE,5720763,6387|5720763|2024|9,6387|5720763|2024|98,2024|9,2024|98,CHIP_GANASSI_RACING,ANDRETTI,A_ONLY,A_ONLY,6.6595001220703125,BETWEEN_GT5,4,7.0,2,TIER1_STRICT
DIFF_TEAM,6387,2024,2023_2024_PRIMARY,POST_QUALIFYING_PRACTICE,5720765,6387|5720765|2024|12,6387|5720765|2024|26,2024|12,2024|26,TEAM_PENSKE,ANDRETTI,A_ONLY,A_ONLY,0.0,SAME_UPDATE,0,0.0,2,TIER1_STRICT
SAME_TEAM,6387,2024,2023_2024_PRIMARY,POST_QUALIFYING_PRACTICE,5720766,6387|5720766|2024|14,6387|5720766|2024|41,2024|14,2024|41,AJ_FOYT,AJ_FOYT,A_ONLY,A_ONLY,72.9280002117157,BETWEEN_GT5,4,27.5,2,TIER1_STRICT
DIFF_TEAM,6387,2024,2023_2024_PRIMARY,POST_QUALIFYING_PRACTICE,5720766,6387|5720766|2024|14,6387|5720766|2024|75,2024|14,2024|75,AJ_FOYT,RAHAL_LETTERMAN_LANIGAN,A_ONLY,A_ONLY,44.2720000743866,CONSECUTIVE,1,7.5,2,TIER1_STRICT
DIFF_TEAM,6387,2024,2023_2024_PRIMARY,POST_QUALIFYING_PRACTICE,5720766,6387|5720766|2024|41,6387|5720766|2024|75,2024|41,2024|75,AJ_FOYT,RAHAL_LETTERMAN_LANIGAN,A_ONLY,A_ONLY,28.6560001373291,BETWEEN_3_5,3,4.0,2,TIER1_STRICT
DIFF_TEAM,6387,2024,2023_2024_PRIMARY,POST_QUALIFYING_PRACTICE,5720767,6387|5720767|2024|10,6387|5720767|2024|14,2024|10,2024|14,CHIP_GANASSI_RACING,AJ_FOYT,A_ONLY,A_ONLY,57.818000078201294,BETWEEN_3_5,3,13.0,1,TIER1_STRICT
DIFF_TEAM,6387,2024,2023_2024_PRIMARY,POST_QUALIFYING_PRACTICE,5720767,6387|5720767|2024|10,6387|5720767|2024|41,2024|10,2024|41,CHIP_GANASSI_RACING,AJ_FOYT,A_ONLY,A_ONLY,5.710000038146973,BETWEEN_GT5,4,7.0,1,TIER1_STRICT
DIFF_TEAM,6387,2024,2023_2024_PRIMARY,POST_QUALIFYING_PRACTICE,5720767,6387|5720767|2024|10,6387|5720767|2024|45,2024|10,2024|45,CHIP_GANASSI_RACING,RAHAL_LETTERMAN_LANIGAN,A_ONLY,A_ONLY,188.33500003814697,BETWEEN_GT5,4,62.5,1,TIER1_STRICT
DIFF_TEAM,6387,2024,2023_2024_PRIMARY,POST_QUALIFYING_PRACTICE,5720767,6387|5720767|2024|10,6387|5720767|2024|75,2024|10,2024|75,CHIP_GANASSI_RACING,RAHAL_LETTERMAN_LANIGAN,A_ONLY,A_ONLY,15.473000049591064,BETWEEN_3_5,3,4.5,1,TIER1_STRICT
SAME_TEAM,6387,2024,2023_2024_PRIMARY,POST_QUALIFYING_PRACTICE,5720767,6387|5720767|2024|10,6387|5720767|2024|8,2024|10,2024|8,CHIP_GANASSI_RACING,CHIP_GANASSI_RACING,A_ONLY,A_ONLY,9.770999908447266,BETWEEN_3_5,3,5.5,1,TIER1_STRICT
SAME_TEAM,6387,2024,2023_2024_PRIMARY,POST_QUALIFYING_PRACTICE,5720767,6387|5720767|2024|14,6387|5720767|2024|41,2024|14,2024|41,AJ_FOYT,AJ_FOYT,A_ONLY,A_ONLY,52.10800004005432,BETWEEN_3_5,3,3.0,1,TIER1_STRICT
DIFF_TEAM,6387,2024,2023_2024_PRIMARY,POST_QUALIFYING_PRACTICE,5720767,6387|5720767|2024|14,6387|5720767|2024|45,2024|14,2024|45,AJ_FOYT,RAHAL_LETTERMAN_LANIGAN,A_ONLY,A_ONLY,246.15300011634827,BETWEEN_GT5,4,79.0,1,TIER1_STRICT
DIFF_TEAM,6387,2024,2023_2024_PRIMARY,POST_QUALIFYING_PRACTICE,5720767,6387|5720767|2024|14,6387|5720767|2024|75,2024|14,2024|75,AJ_FOYT,RAHAL_LETTERMAN_LANIGAN,A_ONLY,A_ONLY,42.34500002861023,CONSECUTIVE,1,0.0,1,TIER1_STRICT
DIFF_TEAM,6387,2024,2023_2024_PRIMARY,POST_QUALIFYING_PRACTICE,5720767,6387|5720767|2024|14,6387|5720767|2024|8,2024|14,2024|8,AJ_FOYT,CHIP_GANASSI_RACING,A_ONLY,A_ONLY,67.58899998664856,BETWEEN_1_2,2,1.0,1,TIER1_STRICT
DIFF_TEAM,6387,2024,2023_2024_PRIMARY,POST_QUALIFYING_PRACTICE,5720767,6387|5720767|2024|41,6387|5720767|2024|45,2024|41,2024|45,AJ_FOYT,RAHAL_LETTERMAN_LANIGAN,A_ONLY,A_ONLY,194.04500007629395,BETWEEN_GT5,4,62.0,1,TIER1_STRICT
DIFF_TEAM,6387,2024,2023_2024_PRIMARY,POST_QUALIFYING_PRACTICE,5720767,6387|5720767|2024|41,6387|5720767|2024|75,2024|41,2024|75,AJ_FOYT,RAHAL_LETTERMAN_LANIGAN,A_ONLY,A_ONLY,9.763000011444092,BETWEEN_1_2,2,2.0,1,TIER1_STRICT
DIFF_TEAM,6387,2024,2023_2024_PRIMARY,POST_QUALIFYING_PRACTICE,5720767,6387|5720767|2024|41,6387|5720767|2024|8,2024|41,2024|8,AJ_FOYT,CHIP_GANASSI_RACING,A_ONLY,A_ONLY,15.480999946594238,CONSECUTIVE,1,0.0,1,TIER1_STRICT
SAME_TEAM,6387,2024,2023_2024_PRIMARY,POST_QUALIFYING_PRACTICE,5720767,6387|5720767|2024|45,6387|5720767|2024|75,2024|45,2024|75,RAHAL_LETTERMAN_LANIGAN,RAHAL_LETTERMAN_LANIGAN,A_ONLY,A_ONLY,203.80800008773804,BETWEEN_GT5,4,50.0,1,TIER1_STRICT
DIFF_TEAM,6387,2024,2023_2024_PRIMARY,POST_QUALIFYING_PRACTICE,5720767,6387|5720767|2024|45,6387|5720767|2024|8,2024|45,2024|8,RAHAL_LETTERMAN_LANIGAN,CHIP_GANASSI_RACING,A_ONLY,A_ONLY,178.5640001296997,BETWEEN_GT5,4,34.0,1,TIER1_STRICT
DIFF_TEAM,6387,2024,2023_2024_PRIMARY,POST_QUALIFYING_PRACTICE,5720767,6387|5720767|2024|75,6387|5720767|2024|8,2024|75,2024|8,RAHAL_LETTERMAN_LANIGAN,CHIP_GANASSI_RACING,A_ONLY,A_ONLY,25.24399995803833,BETWEEN_1_2,2,1.0,1,TIER1_STRICT
DIFF_TEAM,6387,2024,2023_2024_PRIMARY,POST_QUALIFYING_PRACTICE,5720768,6387|5720768|2024|11,6387|5720768|2024|20,2024|11,2024|20,CHIP_GANASSI_RACING,ED_CARPENTER_RACING,A_ONLY,A_ONLY,37.45549988746643,CONSECUTIVE,1,3.0,2,TIER1_STRICT
DIFF_TEAM,6387,2024,2023_2024_PRIMARY,POST_QUALIFYING_PRACTICE,5720768,6387|5720768|2024|11,6387|5720768|2024|23,2024|11,2024|23,CHIP_GANASSI_RACING,DREYER_REINBOLD_RACING,A_ONLY,A_ONLY,44.08750009536743,BETWEEN_1_2,2,2.0,2,TIER1_STRICT
DIFF_TEAM,6387,2024,2023_2024_PRIMARY,POST_QUALIFYING_PRACTICE,5720768,6387|5720768|2024|11,6387|5720768|2024|45,2024|11,2024|45,CHIP_GANASSI_RACING,RAHAL_LETTERMAN_LANIGAN,A_ONLY,A_ONLY,146.87750005722046,BETWEEN_GT5,4,36.5,2,TIER1_STRICT
DIFF_TEAM,6387,2024,2023_2024_PRIMARY,POST_QUALIFYING_PRACTICE,5720768,6387|5720768|2024|11,6387|5720768|2024|66,2024|11,2024|66,CHIP_GANASSI_RACING,MEYER_SHANK_RACING,A_ONLY,A_ONLY,22.797499895095825,BETWEEN_1_2,2,1.0,2,TIER1_STRICT
DIFF_TEAM,6387,2024,2023_2024_PRIMARY,POST_QUALIFYING_PRACTICE,5720768,6387|5720768|2024|11,6387|5720768|2024|7,2024|11,2024|7,CHIP_GANASSI_RACING,ARROW_MCLAREN_SPM,A_ONLY,A_ONLY,129.76850008964539,BETWEEN_GT5,4,25.5,2,TIER1_STRICT
DIFF_TEAM,6387,2024,2023_2024_PRIMARY,POST_QUALIFYING_PRACTICE,5720768,6387|5720768|2024|20,6387|5720768|2024|23,2024|20,2024|23,ED_CARPENTER_RACING,DREYER_REINBOLD_RACING,A_ONLY,A_ONLY,81.54299998283386,SAME_UPDATE,0,7.0,2,TIER1_STRICT
DIFF_TEAM,6387,2024,2023_2024_PRIMARY,POST_QUALIFYING_PRACTICE,5720768,6387|5720768|2024|20,6387|5720768|2024|45,2024|20,2024|45,ED_CARPENTER_RACING,RAHAL_LETTERMAN_LANIGAN,A_ONLY,A_ONLY,184.3329999446869,BETWEEN_GT5,4,48.0,2,TIER1_STRICT
DIFF_TEAM,6387,2024,2023_2024_PRIMARY,POST_QUALIFYING_PRACTICE,5720768,6387|5720768|2024|20,6387|5720768|2024|66,2024|20,2024|66,ED_CARPENTER_RACING,MEYER_SHANK_RACING,A_ONLY,A_ONLY,14.657999992370605,BETWEEN_3_5,3,3.5,2,TIER1_STRICT
DIFF_TEAM,6387,2024,2023_2024_PRIMARY,POST_QUALIFYING_PRACTICE,5720768,6387|5720768|2024|20,6387|5720768|2024|7,2024|20,2024|7,ED_CARPENTER_RACING,ARROW_MCLAREN_SPM,A_ONLY,A_ONLY,167.22399997711182,BETWEEN_GT5,4,37.0,2,TIER1_STRICT
DIFF_TEAM,6387,2024,2023_2024_PRIMARY,POST_QUALIFYING_PRACTICE,5720768,6387|5720768|2024|23,6387|5720768|2024|45,2024|23,2024|45,DREYER_REINBOLD_RACING,RAHAL_LETTERMAN_LANIGAN,A_ONLY,A_ONLY,102.78999996185303,BETWEEN_GT5,4,19.0,2,TIER1_STRICT
DIFF_TEAM,6387,2024,2023_2024_PRIMARY,POST_QUALIFYING_PRACTICE,5720768,6387|5720768|2024|23,6387|5720768|2024|66,2024|23,2024|66,DREYER_REINBOLD_RACING,MEYER_SHANK_RACING,A_ONLY,A_ONLY,66.88499999046326,BETWEEN_3_5,3,9.0,2,TIER1_STRICT
DIFF_TEAM,6387,2024,2023_2024_PRIMARY,POST_QUALIFYING_PRACTICE,5720768,6387|5720768|2024|23,6387|5720768|2024|7,2024|23,2024|7,DREYER_REINBOLD_RACING,ARROW_MCLAREN_SPM,A_ONLY,A_ONLY,85.68099999427795,BETWEEN_3_5,3,8.5,2,TIER1_STRICT
DIFF_TEAM,6387,2024,2023_2024_PRIMARY,POST_QUALIFYING_PRACTICE,5720768,6387|5720768|2024|45,6387|5720768|2024|66,2024|45,2024|66,RAHAL_LETTERMAN_LANIGAN,MEYER_SHANK_RACING,A_ONLY,A_ONLY,169.67499995231628,BETWEEN_GT5,4,45.0,2,TIER1_STRICT
DIFF_TEAM,6387,2024,2023_2024_PRIMARY,POST_QUALIFYING_PRACTICE,5720768,6387|5720768|2024|45,6387|5720768|2024|7,2024|45,2024|7,RAHAL_LETTERMAN_LANIGAN,ARROW_MCLAREN_SPM,A_ONLY,A_ONLY,17.108999967575073,BETWEEN_1_2,2,2.0,2,TIER1_STRICT
DIFF_TEAM,6387,2024,2023_2024_PRIMARY,POST_QUALIFYING_PRACTICE,5720768,6387|5720768|2024|66,6387|5720768|2024|7,2024|66,2024|7,MEYER_SHANK_RACING,ARROW_MCLAREN_SPM,A_ONLY,A_ONLY,152.5659999847412,BETWEEN_GT5,4,35.0,2,TIER1_STRICT
DIFF_TEAM,6387,2024,2023_2024_PRIMARY,POST_QUALIFYING_PRACTICE,5720769,6387|5720769|2024|20,6387|5720769|2024|51,2024|20,2024|51,ED_CARPENTER_RACING,DALE_COYNE_RACING,A_ONLY,A_ONLY,217.08750009536743,BETWEEN_GT5,4,94.0,2,TIER1_STRICT
DIFF_TEAM,6387,2024,2023_2024_PRIMARY,POST_QUALIFYING_PRACTICE,5720769,6387|5720769|2024|20,6387|5720769|2024|66,2024|20,2024|66,ED_CARPENTER_RACING,MEYER_SHANK_RACING,A_ONLY,A_ONLY,17.156999826431274,CONSECUTIVE,1,4.0,2,TIER1_STRICT
DIFF_TEAM,6387,2024,2023_2024_PRIMARY,POST_QUALIFYING_PRACTICE,5720769,6387|5720769|2024|20,6387|5720769|2024|77,2024|20,2024|77,ED_CARPENTER_RACING,JUNCOS_HOLLINGER_RACING,A_ONLY,A_ONLY,173.85349988937378,BETWEEN_GT5,4,50.0,2,TIER1_STRICT
DIFF_TEAM,6387,2024,2023_2024_PRIMARY,POST_QUALIFYING_PRACTICE,5720769,6387|5720769|2024|51,6387|5720769|2024|66,2024|51,2024|66,DALE_COYNE_RACING,MEYER_SHANK_RACING,A_ONLY,A_ONLY,234.2444999217987,BETWEEN_GT5,4,106.5,2,TIER1_STRICT
DIFF_TEAM,6387,2024,2023_2024_PRIMARY,POST_QUALIFYING_PRACTICE,5720769,6387|5720769|2024|51,6387|5720769|2024|77,2024|51,2024|77,DALE_COYNE_RACING,JUNCOS_HOLLINGER_RACING,A_ONLY,A_ONLY,43.23400020599365,CONSECUTIVE,1,0.5,2,TIER1_STRICT
DIFF_TEAM,6387,2024,2023_2024_PRIMARY,POST_QUALIFYING_PRACTICE,5720769,6387|5720769|2024|66,6387|5720769|2024|77,2024|66,2024|77,MEYER_SHANK_RACING,JUNCOS_HOLLINGER_RACING,A_ONLY,A_ONLY,191.01049971580505,BETWEEN_GT5,4,52.0,2,TIER1_STRICT
DIFF_TEAM,6387,2024,2023_2024_PRIMARY,POST_QUALIFYING_PRACTICE,5720770,6387|5720770|2024|21,6387|5720770|2024|30,2024|21,2024|30,ED_CARPENTER_RACING,RAHAL_LETTERMAN_LANIGAN,A_ONLY,A_ONLY,105.92849969863892,BETWEEN_GT5,4,12.5,1,TIER1_STRICT
DIFF_TEAM,6387,2024,2023_2024_PRIMARY,POST_QUALIFYING_PRACTICE,5720770,6387|5720770|2024|21,6387|5720770|2024|51,2024|21,2024|51,ED_CARPENTER_RACING,DALE_COYNE_RACING,A_ONLY,A_ONLY,95.3745002746582,BETWEEN_GT5,4,27.0,1,TIER1_STRICT
DIFF_TEAM,6387,2024,2023_2024_PRIMARY,POST_QUALIFYING_PRACTICE,5720770,6387|5720770|2024|21,6387|5720770|2024|6,2024|21,2024|6,ED_CARPENTER_RACING,ARROW_MCLAREN_SPM,A_ONLY,A_ONLY,83.93999981880188,BETWEEN_GT5,4,6.5,1,TIER1_STRICT
DIFF_TEAM,6387,2024,2023_2024_PRIMARY,POST_QUALIFYING_PRACTICE,5720770,6387|5720770|2024|30,6387|5720770|2024|51,2024|30,2024|51,RAHAL_LETTERMAN_LANIGAN,DALE_COYNE_RACING,A_ONLY,A_ONLY,201.30299997329712,BETWEEN_GT5,4,62.5,1,TIER1_STRICT
DIFF_TEAM,6387,2024,2023_2024_PRIMARY,POST_QUALIFYING_PRACTICE,5720770,6387|5720770|2024|30,6387|5720770|2024|6,2024|30,2024|6,RAHAL_LETTERMAN_LANIGAN,ARROW_MCLAREN_SPM,A_ONLY,A_ONLY,21.988499879837036,CONSECUTIVE,1,0.0,1,TIER1_STRICT
DIFF_TEAM,6387,2024,2023_2024_PRIMARY,POST_QUALIFYING_PRACTICE,5720770,6387|5720770|2024|51,6387|5720770|2024|6,2024|51,2024|6,DALE_COYNE_RACING,ARROW_MCLAREN_SPM,A_ONLY,A_ONLY,179.31450009346008,BETWEEN_GT5,4,37.0,1,TIER1_STRICT
DIFF_TEAM,6388,2024,2023_2024_PRIMARY,CARB_DAY,5721878,6388|5721878|2024|10,6388|5721878|2024|17,2024|10,2024|17,CHIP_GANASSI_RACING,ARROW_MCLAREN_SPM,A_ONLY,A_ONLY,20.65000009536743,SAME_UPDATE,0,0.0,2,TIER1_STRICT
DIFF_TEAM,6388,2024,2023_2024_PRIMARY,CARB_DAY,5721878,6388|5721878|2024|10,6388|5721878|2024|21,2024|10,2024|21,CHIP_GANASSI_RACING,ED_CARPENTER_RACING,A_ONLY,A_ONLY,121.01949977874756,BETWEEN_GT5,4,33.5,2,TIER1_STRICT
DIFF_TEAM,6388,2024,2023_2024_PRIMARY,CARB_DAY,5721878,6388|5721878|2024|10,6388|5721878|2024|24,2024|10,2024|24,CHIP_GANASSI_RACING,DREYER_REINBOLD_RACING,A_ONLY,A_ONLY,21.47249984741211,BETWEEN_GT5,4,18.0,2,TIER1_STRICT
DIFF_TEAM,6388,2024,2023_2024_PRIMARY,CARB_DAY,5721878,6388|5721878|2024|10,6388|5721878|2024|28,2024|10,2024|28,CHIP_GANASSI_RACING,ANDRETTI,A_ONLY,A_ONLY,138.37299990653992,BETWEEN_GT5,4,56.5,2,TIER1_STRICT
DIFF_TEAM,6388,2024,2023_2024_PRIMARY,CARB_DAY,5721878,6388|5721878|2024|10,6388|5721878|2024|30,2024|10,2024|30,CHIP_GANASSI_RACING,RAHAL_LETTERMAN_LANIGAN,A_ONLY,A_ONLY,37.16799998283386,BETWEEN_GT5,4,18.0,2,TIER1_STRICT
DIFF_TEAM,6388,2024,2023_2024_PRIMARY,CARB_DAY,5721878,6388|5721878|2024|10,6388|5721878|2024|33,2024|10,2024|33,CHIP_GANASSI_RACING,ED_CARPENTER_RACING,A_ONLY,A_ONLY,98.51049995422363,BETWEEN_1_2,2,14.0,2,TIER1_STRICT
DIFF_TEAM,6388,2024,2023_2024_PRIMARY,CARB_DAY,5721878,6388|5721878|2024|10,6388|5721878|2024|51,2024|10,2024|51,CHIP_GANASSI_RACING,DALE_COYNE_RACING,A_ONLY,A_ONLY,33.03999996185303,BETWEEN_GT5,4,9.5,2,TIER1_STRICT
DIFF_TEAM,6388,2024,2023_2024_PRIMARY,CARB_DAY,5721878,6388|5721878|2024|10,6388|5721878|2024|60,2024|10,2024|60,CHIP_GANASSI_RACING,MEYER_SHANK_RACING,A_ONLY,A_ONLY,32.218000173568726,BETWEEN_GT5,4,12.0,2,TIER1_STRICT
DIFF_TEAM,6388,2024,2023_2024_PRIMARY,CARB_DAY,5721878,6388|5721878|2024|10,6388|5721878|2024|66,2024|10,2024|66,CHIP_GANASSI_RACING,MEYER_SHANK_RACING,A_ONLY,A_ONLY,17.34600019454956,BETWEEN_GT5,4,17.5,2,TIER1_STRICT
DIFF_TEAM,6388,2024,2023_2024_PRIMARY,CARB_DAY,5721878,6388|5721878|2024|17,6388|5721878|2024|21,2024|17,2024|21,ARROW_MCLAREN_SPM,ED_CARPENTER_RACING,A_ONLY,A_ONLY,141.669499874115,BETWEEN_GT5,4,46.0,2,TIER1_STRICT
DIFF_TEAM,6388,2024,2023_2024_PRIMARY,CARB_DAY,5721878,6388|5721878|2024|17,6388|5721878|2024|24,2024|17,2024|24,ARROW_MCLAREN_SPM,DREYER_REINBOLD_RACING,A_ONLY,A_ONLY,42.12249994277954,BETWEEN_GT5,4,17.0,2,TIER1_STRICT
DIFF_TEAM,6388,2024,2023_2024_PRIMARY,CARB_DAY,5721878,6388|5721878|2024|17,6388|5721878|2024|28,2024|17,2024|28,ARROW_MCLAREN_SPM,ANDRETTI,A_ONLY,A_ONLY,159.02300000190735,BETWEEN_GT5,4,69.0,2,TIER1_STRICT
DIFF_TEAM,6388,2024,2023_2024_PRIMARY,CARB_DAY,5721878,6388|5721878|2024|17,6388|5721878|2024|30,2024|17,2024|30,ARROW_MCLAREN_SPM,RAHAL_LETTERMAN_LANIGAN,A_ONLY,A_ONLY,16.51799988746643,BETWEEN_GT5,4,17.0,2,TIER1_STRICT
DIFF_TEAM,6388,2024,2023_2024_PRIMARY,CARB_DAY,5721878,6388|5721878|2024|17,6388|5721878|2024|33,2024|17,2024|33,ARROW_MCLAREN_SPM,ED_CARPENTER_RACING,A_ONLY,A_ONLY,119.16050004959106,BETWEEN_GT5,4,26.0,2,TIER1_STRICT
DIFF_TEAM,6388,2024,2023_2024_PRIMARY,CARB_DAY,5721878,6388|5721878|2024|17,6388|5721878|2024|51,2024|17,2024|51,ARROW_MCLAREN_SPM,DALE_COYNE_RACING,A_ONLY,A_ONLY,53.69000005722046,BETWEEN_GT5,4,9.0,2,TIER1_STRICT
DIFF_TEAM,6388,2024,2023_2024_PRIMARY,CARB_DAY,5721878,6388|5721878|2024|17,6388|5721878|2024|60,2024|17,2024|60,ARROW_MCLAREN_SPM,MEYER_SHANK_RACING,A_ONLY,A_ONLY,11.568000078201294,BETWEEN_GT5,4,11.0,2,TIER1_STRICT
DIFF_TEAM,6388,2024,2023_2024_PRIMARY,CARB_DAY,5721878,6388|5721878|2024|17,6388|5721878|2024|66,2024|17,2024|66,ARROW_MCLAREN_SPM,MEYER_SHANK_RACING,A_ONLY,A_ONLY,3.303999900817871,BETWEEN_GT5,4,17.0,2,TIER1_STRICT
DIFF_TEAM,6388,2024,2023_2024_PRIMARY,CARB_DAY,5721878,6388|5721878|2024|21,6388|5721878|2024|24,2024|21,2024|24,ED_CARPENTER_RACING,DREYER_REINBOLD_RACING,A_ONLY,A_ONLY,99.54699993133545,BETWEEN_GT5,4,19.0,2,TIER1_STRICT
DIFF_TEAM,6388,2024,2023_2024_PRIMARY,CARB_DAY,5721878,6388|5721878|2024|21,6388|5721878|2024|28,2024|21,2024|28,ED_CARPENTER_RACING,ANDRETTI,A_ONLY,A_ONLY,17.35350012779236,BETWEEN_1_2,2,1.0,2,TIER1_STRICT
DIFF_TEAM,6388,2024,2023_2024_PRIMARY,CARB_DAY,5721878,6388|5721878|2024|21,6388|5721878|2024|30,2024|21,2024|30,ED_CARPENTER_RACING,RAHAL_LETTERMAN_LANIGAN,A_ONLY,A_ONLY,158.18749976158142,BETWEEN_GT5,4,81.5,2,TIER1_STRICT
SAME_TEAM,6388,2024,2023_2024_PRIMARY,CARB_DAY,5721878,6388|5721878|2024|21,6388|5721878|2024|33,2024|21,2024|33,ED_CARPENTER_RACING,ED_CARPENTER_RACING,A_ONLY,A_ONLY,22.508999824523926,BETWEEN_3_5,3,3.5,2,TIER1_STRICT
DIFF_TEAM,6388,2024,2023_2024_PRIMARY,CARB_DAY,5721878,6388|5721878|2024|21,6388|5721878|2024|51,2024|21,2024|51,ED_CARPENTER_RACING,DALE_COYNE_RACING,A_ONLY,A_ONLY,87.97949981689453,BETWEEN_GT5,4,22.5,2,TIER1_STRICT
DIFF_TEAM,6388,2024,2023_2024_PRIMARY,CARB_DAY,5721878,6388|5721878|2024|21,6388|5721878|2024|60,2024|21,2024|60,ED_CARPENTER_RACING,MEYER_SHANK_RACING,A_ONLY,A_ONLY,153.23749995231628,BETWEEN_GT5,4,75.5,2,TIER1_STRICT
DIFF_TEAM,6388,2024,2023_2024_PRIMARY,CARB_DAY,5721878,6388|5721878|2024|21,6388|5721878|2024|66,2024|21,2024|66,ED_CARPENTER_RACING,MEYER_SHANK_RACING,A_ONLY,A_ONLY,138.36549997329712,BETWEEN_GT5,4,57.5,2,TIER1_STRICT
DIFF_TEAM,6388,2024,2023_2024_PRIMARY,CARB_DAY,5721878,6388|5721878|2024|24,6388|5721878|2024|28,2024|24,2024|28,DREYER_REINBOLD_RACING,ANDRETTI,A_ONLY,A_ONLY,116.90050005912781,BETWEEN_GT5,4,53.0,2,TIER1_STRICT
DIFF_TEAM,6388,2024,2023_2024_PRIMARY,CARB_DAY,5721878,6388|5721878|2024|24,6388|5721878|2024|30,2024|24,2024|30,DREYER_REINBOLD_RACING,RAHAL_LETTERMAN_LANIGAN,A_ONLY,A_ONLY,58.64049983024597,CONSECUTIVE,1,10.5,2,TIER1_STRICT
DIFF_TEAM,6388,2024,2023_2024_PRIMARY,CARB_DAY,5721878,6388|5721878|2024|24,6388|5721878|2024|33,2024|24,2024|33,DREYER_REINBOLD_RACING,ED_CARPENTER_RACING,A_ONLY,A_ONLY,77.03800010681152,CONSECUTIVE,1,11.0,2,TIER1_STRICT
DIFF_TEAM,6388,2024,2023_2024_PRIMARY,CARB_DAY,5721878,6388|5721878|2024|24,6388|5721878|2024|51,2024|24,2024|51,DREYER_REINBOLD_RACING,DALE_COYNE_RACING,A_ONLY,A_ONLY,11.567500114440918,BETWEEN_GT5,4,8.0,2,TIER1_STRICT
DIFF_TEAM,6388,2024,2023_2024_PRIMARY,CARB_DAY,5721878,6388|5721878|2024|24,6388|5721878|2024|60,2024|24,2024|60,DREYER_REINBOLD_RACING,MEYER_SHANK_RACING,A_ONLY,A_ONLY,53.690500020980835,BETWEEN_GT5,4,10.5,2,TIER1_STRICT
DIFF_TEAM,6388,2024,2023_2024_PRIMARY,CARB_DAY,5721878,6388|5721878|2024|24,6388|5721878|2024|66,2024|24,2024|66,DREYER_REINBOLD_RACING,MEYER_SHANK_RACING,A_ONLY,A_ONLY,38.81850004196167,CONSECUTIVE,1,0.0,2,TIER1_STRICT
DIFF_TEAM,6388,2024,2023_2024_PRIMARY,CARB_DAY,5721878,6388|5721878|2024|28,6388|5721878|2024|30,2024|28,2024|30,ANDRETTI,RAHAL_LETTERMAN_LANIGAN,A_ONLY,A_ONLY,175.54099988937378,BETWEEN_GT5,4,90.0,2,TIER1_STRICT
DIFF_TEAM,6388,2024,2023_2024_PRIMARY,CARB_DAY,5721878,6388|5721878|2024|28,6388|5721878|2024|33,2024|28,2024|33,ANDRETTI,ED_CARPENTER_RACING,A_ONLY,A_ONLY,39.862499952316284,BETWEEN_GT5,4,15.0,2,TIER1_STRICT
DIFF_TEAM,6388,2024,2023_2024_PRIMARY,CARB_DAY,5721878,6388|5721878|2024|28,6388|5721878|2024|51,2024|28,2024|51,ANDRETTI,DALE_COYNE_RACING,A_ONLY,A_ONLY,105.33299994468689,BETWEEN_GT5,4,31.0,2,TIER1_STRICT
DIFF_TEAM,6388,2024,2023_2024_PRIMARY,CARB_DAY,5721878,6388|5721878|2024|28,6388|5721878|2024|60,2024|28,2024|60,ANDRETTI,MEYER_SHANK_RACING,A_ONLY,A_ONLY,170.59100008010864,BETWEEN_GT5,4,84.0,2,TIER1_STRICT
DIFF_TEAM,6388,2024,2023_2024_PRIMARY,CARB_DAY,5721878,6388|5721878|2024|28,6388|5721878|2024|66,2024|28,2024|66,ANDRETTI,MEYER_SHANK_RACING,A_ONLY,A_ONLY,155.71900010108948,BETWEEN_GT5,4,66.0,2,TIER1_STRICT
DIFF_TEAM,6388,2024,2023_2024_PRIMARY,CARB_DAY,5721878,6388|5721878|2024|30,6388|5721878|2024|33,2024|30,2024|33,RAHAL_LETTERMAN_LANIGAN,ED_CARPENTER_RACING,A_ONLY,A_ONLY,135.6784999370575,BETWEEN_GT5,4,46.0,2,TIER1_STRICT
DIFF_TEAM,6388,2024,2023_2024_PRIMARY,CARB_DAY,5721878,6388|5721878|2024|30,6388|5721878|2024|51,2024|30,2024|51,RAHAL_LETTERMAN_LANIGAN,DALE_COYNE_RACING,A_ONLY,A_ONLY,70.20799994468689,BETWEEN_GT5,4,6.0,2,TIER1_STRICT
DIFF_TEAM,6388,2024,2023_2024_PRIMARY,CARB_DAY,5721878,6388|5721878|2024|30,6388|5721878|2024|60,2024|30,2024|60,RAHAL_LETTERMAN_LANIGAN,MEYER_SHANK_RACING,A_ONLY,A_ONLY,4.949999809265137,BETWEEN_3_5,3,3.0,2,TIER1_STRICT
DIFF_TEAM,6388,2024,2023_2024_PRIMARY,CARB_DAY,5721878,6388|5721878|2024|30,6388|5721878|2024|66,2024|30,2024|66,RAHAL_LETTERMAN_LANIGAN,MEYER_SHANK_RACING,A_ONLY,A_ONLY,19.8219997882843,SAME_UPDATE,0,0.0,2,TIER1_STRICT
DIFF_TEAM,6388,2024,2023_2024_PRIMARY,CARB_DAY,5721878,6388|5721878|2024|33,6388|5721878|2024|51,2024|33,2024|51,ED_CARPENTER_RACING,DALE_COYNE_RACING,A_ONLY,A_ONLY,65.4704999923706,BETWEEN_GT5,4,12.5,2,TIER1_STRICT
DIFF_TEAM,6388,2024,2023_2024_PRIMARY,CARB_DAY,5721878,6388|5721878|2024|33,6388|5721878|2024|60,2024|33,2024|60,ED_CARPENTER_RACING,MEYER_SHANK_RACING,A_ONLY,A_ONLY,130.72850012779236,BETWEEN_GT5,4,54.5,2,TIER1_STRICT
DIFF_TEAM,6388,2024,2023_2024_PRIMARY,CARB_DAY,5721878,6388|5721878|2024|33,6388|5721878|2024|66,2024|33,2024|66,ED_CARPENTER_RACING,MEYER_SHANK_RACING,A_ONLY,A_ONLY,115.8565001487732,BETWEEN_GT5,4,36.5,2,TIER1_STRICT
DIFF_TEAM,6388,2024,2023_2024_PRIMARY,CARB_DAY,5721878,6388|5721878|2024|51,6388|5721878|2024|60,2024|51,2024|60,DALE_COYNE_RACING,MEYER_SHANK_RACING,A_ONLY,A_ONLY,65.25800013542175,CONSECUTIVE,1,12.0,2,TIER1_STRICT
DIFF_TEAM,6388,2024,2023_2024_PRIMARY,CARB_DAY,5721878,6388|5721878|2024|51,6388|5721878|2024|66,2024|51,2024|66,DALE_COYNE_RACING,MEYER_SHANK_RACING,A_ONLY,A_ONLY,50.38600015640259,BETWEEN_GT5,4,6.0,2,TIER1_STRICT
SAME_TEAM,6388,2024,2023_2024_PRIMARY,CARB_DAY,5721878,6388|5721878|2024|60,6388|5721878|2024|66,2024|60,2024|66,MEYER_SHANK_RACING,MEYER_SHANK_RACING,A_ONLY,A_ONLY,14.871999979019165,BETWEEN_3_5,3,3.0,2,TIER1_STRICT
DIFF_TEAM,6388,2024,2023_2024_PRIMARY,CARB_DAY,5721879,6388|5721879|2024|12,6388|5721879|2024|15,2024|12,2024|15,TEAM_PENSKE,RAHAL_LETTERMAN_LANIGAN,A_ONLY,A_ONLY,179.38700008392334,BETWEEN_GT5,4,24.5,2,TIER1_STRICT
DIFF_TEAM,6388,2024,2023_2024_PRIMARY,CARB_DAY,5721879,6388|5721879|2024|12,6388|5721879|2024|17,2024|12,2024|17,TEAM_PENSKE,ARROW_MCLAREN_SPM,A_ONLY,A_ONLY,247.98550009727478,BETWEEN_GT5,4,83.5,2,TIER1_STRICT
DIFF_TEAM,6388,2024,2023_2024_PRIMARY,CARB_DAY,5721879,6388|5721879|2024|12,6388|5721879|2024|24,2024|12,2024|24,TEAM_PENSKE,DREYER_REINBOLD_RACING,A_ONLY,A_ONLY,232.29299998283386,BETWEEN_GT5,4,65.5,2,TIER1_STRICT
DIFF_TEAM,6388,2024,2023_2024_PRIMARY,CARB_DAY,5721879,6388|5721879|2024|12,6388|5721879|2024|30,2024|12,2024|30,TEAM_PENSKE,RAHAL_LETTERMAN_LANIGAN,A_ONLY,A_ONLY,252.12299990653992,BETWEEN_GT5,4,86.5,2,TIER1_STRICT
DIFF_TEAM,6388,2024,2023_2024_PRIMARY,CARB_DAY,5721879,6388|5721879|2024|12,6388|5721879|2024|41,2024|12,2024|41,TEAM_PENSKE,AJ_FOYT,A_ONLY,A_ONLY,134.77099990844727,BETWEEN_3_5,3,9.5,2,TIER1_STRICT
DIFF_TEAM,6388,2024,2023_2024_PRIMARY,CARB_DAY,5721879,6388|5721879|2024|12,6388|5721879|2024|6,2024|12,2024|6,TEAM_PENSKE,ARROW_MCLAREN_SPM,A_ONLY,A_ONLY,39.66700005531311,SAME_UPDATE,0,0.0,2,TIER1_STRICT
DIFF_TEAM,6388,2024,2023_2024_PRIMARY,CARB_DAY,5721879,6388|5721879|2024|12,6388|5721879|2024|60,2024|12,2024|60,TEAM_PENSKE,MEYER_SHANK_RACING,A_ONLY,A_ONLY,174.43600010871887,BETWEEN_GT5,4,22.5,2,TIER1_STRICT
DIFF_TEAM,6388,2024,2023_2024_PRIMARY,CARB_DAY,5721879,6388|5721879|2024|12,6388|5721879|2024|77,2024|12,2024|77,TEAM_PENSKE,JUNCOS_HOLLINGER_RACING,A_ONLY,A_ONLY,93.52600002288818,BETWEEN_3_5,3,3.5,2,TIER1_STRICT
DIFF_TEAM,6388,2024,2023_2024_PRIMARY,CARB_DAY,5721879,6388|5721879|2024|12,6388|5721879|2024|78,2024|12,2024|78,TEAM_PENSKE,JUNCOS_HOLLINGER_RACING,A_ONLY,A_ONLY,160.38350009918213,BETWEEN_GT5,4,25.5,2,TIER1_STRICT
DIFF_TEAM,6388,2024,2023_2024_PRIMARY,CARB_DAY,5721879,6388|5721879|2024|15,6388|5721879|2024|17,2024|15,2024|17,RAHAL_LETTERMAN_LANIGAN,ARROW_MCLAREN_SPM,A_ONLY,A_ONLY,68.59850001335144,BETWEEN_GT5,4,24.0,2,TIER1_STRICT
DIFF_TEAM,6388,2024,2023_2024_PRIMARY,CARB_DAY,5721879,6388|5721879|2024|15,6388|5721879|2024|24,2024|15,2024|24,RAHAL_LETTERMAN_LANIGAN,DREYER_REINBOLD_RACING,A_ONLY,A_ONLY,52.90599989891052,BETWEEN_GT5,4,7.0,2,TIER1_STRICT
SAME_TEAM,6388,2024,2023_2024_PRIMARY,CARB_DAY,5721879,6388|5721879|2024|15,6388|5721879|2024|30,2024|15,2024|30,RAHAL_LETTERMAN_LANIGAN,RAHAL_LETTERMAN_LANIGAN,A_ONLY,A_ONLY,72.73599982261658,BETWEEN_GT5,4,27.0,2,TIER1_STRICT
DIFF_TEAM,6388,2024,2023_2024_PRIMARY,CARB_DAY,5721879,6388|5721879|2024|15,6388|5721879|2024|41,2024|15,2024|41,RAHAL_LETTERMAN_LANIGAN,AJ_FOYT,A_ONLY,A_ONLY,44.616000175476074,BETWEEN_1_2,2,1.0,2,TIER1_STRICT
DIFF_TEAM,6388,2024,2023_2024_PRIMARY,CARB_DAY,5721879,6388|5721879|2024|15,6388|5721879|2024|6,2024|15,2024|6,RAHAL_LETTERMAN_LANIGAN,ARROW_MCLAREN_SPM,A_ONLY,A_ONLY,139.72000002861023,BETWEEN_GT5,4,29.0,2,TIER1_STRICT
DIFF_TEAM,6388,2024,2023_2024_PRIMARY,CARB_DAY,5721879,6388|5721879|2024|15,6388|5721879|2024|60,2024|15,2024|60,RAHAL_LETTERMAN_LANIGAN,MEYER_SHANK_RACING,A_ONLY,A_ONLY,4.950999975204468,CONSECUTIVE,1,0.0,2,TIER1_STRICT
DIFF_TEAM,6388,2024,2023_2024_PRIMARY,CARB_DAY,5721879,6388|5721879|2024|15,6388|5721879|2024|77,2024|15,2024|77,RAHAL_LETTERMAN_LANIGAN,JUNCOS_HOLLINGER_RACING,A_ONLY,A_ONLY,85.86100006103516,BETWEEN_3_5,3,5.0,2,TIER1_STRICT
DIFF_TEAM,6388,2024,2023_2024_PRIMARY,CARB_DAY,5721879,6388|5721879|2024|15,6388|5721879|2024|78,2024|15,2024|78,RAHAL_LETTERMAN_LANIGAN,JUNCOS_HOLLINGER_RACING,A_ONLY,A_ONLY,19.00349998474121,CONSECUTIVE,1,0.0,2,TIER1_STRICT
DIFF_TEAM,6388,2024,2023_2024_PRIMARY,CARB_DAY,5721879,6388|5721879|2024|17,6388|5721879|2024|24,2024|17,2024|24,ARROW_MCLAREN_SPM,DREYER_REINBOLD_RACING,A_ONLY,A_ONLY,15.692500114440918,BETWEEN_GT5,4,16.5,2,TIER1_STRICT
DIFF_TEAM,6388,2024,2023_2024_PRIMARY,CARB_DAY,5721879,6388|5721879|2024|17,6388|5721879|2024|30,2024|17,2024|30,ARROW_MCLAREN_SPM,RAHAL_LETTERMAN_LANIGAN,A_ONLY,A_ONLY,4.137499809265137,CONSECUTIVE,1,9.0,2,TIER1_STRICT
DIFF_TEAM,6388,2024,2023_2024_PRIMARY,CARB_DAY,5721879,6388|5721879|2024|17,6388|5721879|2024|41,2024|17,2024|41,ARROW_MCLAREN_SPM,AJ_FOYT,A_ONLY,A_ONLY,113.21450018882751,BETWEEN_GT5,4,20.0,2,TIER1_STRICT
SAME_TEAM,6388,2024,2023_2024_PRIMARY,CARB_DAY,5721879,6388|5721879|2024|17,6388|5721879|2024|6,2024|17,2024|6,ARROW_MCLAREN_SPM,ARROW_MCLAREN_SPM,A_ONLY,A_ONLY,208.31850004196167,BETWEEN_GT5,4,66.0,2,TIER1_STRICT
DIFF_TEAM,6388,2024,2023_2024_PRIMARY,CARB_DAY,5721879,6388|5721879|2024|17,6388|5721879|2024|60,2024|17,2024|60,ARROW_MCLAREN_SPM,MEYER_SHANK_RACING,A_ONLY,A_ONLY,73.54949998855591,BETWEEN_GT5,4,10.0,2,TIER1_STRICT
DIFF_TEAM,6388,2024,2023_2024_PRIMARY,CARB_DAY,5721879,6388|5721879|2024|17,6388|5721879|2024|77,2024|17,2024|77,ARROW_MCLAREN_SPM,JUNCOS_HOLLINGER_RACING,A_ONLY,A_ONLY,154.4595000743866,BETWEEN_GT5,4,42.0,2,TIER1_STRICT
DIFF_TEAM,6388,2024,2023_2024_PRIMARY,CARB_DAY,5721879,6388|5721879|2024|17,6388|5721879|2024|78,2024|17,2024|78,ARROW_MCLAREN_SPM,JUNCOS_HOLLINGER_RACING,A_ONLY,A_ONLY,87.60199999809265,BETWEEN_3_5,3,17.0,2,TIER1_STRICT
DIFF_TEAM,6388,2024,2023_2024_PRIMARY,CARB_DAY,5721879,6388|5721879|2024|24,6388|5721879|2024|30,2024|24,2024|30,DREYER_REINBOLD_RACING,RAHAL_LETTERMAN_LANIGAN,A_ONLY,A_ONLY,19.829999923706055,SAME_UPDATE,0,9.0,2,TIER1_STRICT
DIFF_TEAM,6388,2024,2023_2024_PRIMARY,CARB_DAY,5721879,6388|5721879|2024|24,6388|5721879|2024|41,2024|24,2024|41,DREYER_REINBOLD_RACING,AJ_FOYT,A_ONLY,A_ONLY,97.5220000743866,BETWEEN_3_5,3,8.0,2,TIER1_STRICT
DIFF_TEAM,6388,2024,2023_2024_PRIMARY,CARB_DAY,5721879,6388|5721879|2024|24,6388|5721879|2024|6,2024|24,2024|6,DREYER_REINBOLD_RACING,ARROW_MCLAREN_SPM,A_ONLY,A_ONLY,192.62599992752075,BETWEEN_GT5,4,46.5,2,TIER1_STRICT
DIFF_TEAM,6388,2024,2023_2024_PRIMARY,CARB_DAY,5721879,6388|5721879|2024|24,6388|5721879|2024|60,2024|24,2024|60,DREYER_REINBOLD_RACING,MEYER_SHANK_RACING,A_ONLY,A_ONLY,57.85699987411499,BETWEEN_3_5,3,4.5,2,TIER1_STRICT
DIFF_TEAM,6388,2024,2023_2024_PRIMARY,CARB_DAY,5721879,6388|5721879|2024|24,6388|5721879|2024|77,2024|24,2024|77,DREYER_REINBOLD_RACING,JUNCOS_HOLLINGER_RACING,A_ONLY,A_ONLY,138.76699995994568,BETWEEN_GT5,4,22.5,2,TIER1_STRICT
DIFF_TEAM,6388,2024,2023_2024_PRIMARY,CARB_DAY,5721879,6388|5721879|2024|24,6388|5721879|2024|78,2024|24,2024|78,DREYER_REINBOLD_RACING,JUNCOS_HOLLINGER_RACING,A_ONLY,A_ONLY,71.90949988365173,BETWEEN_GT5,4,8.5,2,TIER1_STRICT
DIFF_TEAM,6388,2024,2023_2024_PRIMARY,CARB_DAY,5721879,6388|5721879|2024|30,6388|5721879|2024|41,2024|30,2024|41,RAHAL_LETTERMAN_LANIGAN,AJ_FOYT,A_ONLY,A_ONLY,117.35199999809265,BETWEEN_GT5,4,11.0,2,TIER1_STRICT
DIFF_TEAM,6388,2024,2023_2024_PRIMARY,CARB_DAY,5721879,6388|5721879|2024|30,6388|5721879|2024|6,2024|30,2024|6,RAHAL_LETTERMAN_LANIGAN,ARROW_MCLAREN_SPM,A_ONLY,A_ONLY,212.4559998512268,BETWEEN_GT5,4,57.0,2,TIER1_STRICT
DIFF_TEAM,6388,2024,2023_2024_PRIMARY,CARB_DAY,5721879,6388|5721879|2024|30,6388|5721879|2024|60,2024|30,2024|60,RAHAL_LETTERMAN_LANIGAN,MEYER_SHANK_RACING,A_ONLY,A_ONLY,77.68699979782104,BETWEEN_3_5,3,4.0,2,TIER1_STRICT
DIFF_TEAM,6388,2024,2023_2024_PRIMARY,CARB_DAY,5721879,6388|5721879|2024|30,6388|5721879|2024|77,2024|30,2024|77,RAHAL_LETTERMAN_LANIGAN,JUNCOS_HOLLINGER_RACING,A_ONLY,A_ONLY,158.59699988365173,BETWEEN_GT5,4,33.0,2,TIER1_STRICT
DIFF_TEAM,6388,2024,2023_2024_PRIMARY,CARB_DAY,5721879,6388|5721879|2024|30,6388|5721879|2024|78,2024|30,2024|78,RAHAL_LETTERMAN_LANIGAN,JUNCOS_HOLLINGER_RACING,A_ONLY,A_ONLY,91.73949980735779,BETWEEN_GT5,4,8.0,2,TIER1_STRICT
DIFF_TEAM,6388,2024,2023_2024_PRIMARY,CARB_DAY,5721879,6388|5721879|2024|41,6388|5721879|2024|6,2024|41,2024|6,AJ_FOYT,ARROW_MCLAREN_SPM,A_ONLY,A_ONLY,95.10399985313416,BETWEEN_GT5,4,8.0,2,TIER1_STRICT
DIFF_TEAM,6388,2024,2023_2024_PRIMARY,CARB_DAY,5721879,6388|5721879|2024|41,6388|5721879|2024|60,2024|41,2024|60,AJ_FOYT,MEYER_SHANK_RACING,A_ONLY,A_ONLY,39.665000200271606,SAME_UPDATE,0,0.0,2,TIER1_STRICT
DIFF_TEAM,6388,2024,2023_2024_PRIMARY,CARB_DAY,5721879,6388|5721879|2024|41,6388|5721879|2024|77,2024|41,2024|77,AJ_FOYT,JUNCOS_HOLLINGER_RACING,A_ONLY,A_ONLY,41.24499988555908,CONSECUTIVE,1,0.0,2,TIER1_STRICT
DIFF_TEAM,6388,2024,2023_2024_PRIMARY,CARB_DAY,5721879,6388|5721879|2024|41,6388|5721879|2024|78,2024|41,2024|78,AJ_FOYT,JUNCOS_HOLLINGER_RACING,A_ONLY,A_ONLY,25.612500190734863,BETWEEN_1_2,2,2.0,2,TIER1_STRICT
DIFF_TEAM,6388,2024,2023_2024_PRIMARY,CARB_DAY,5721879,6388|5721879|2024|6,6388|5721879|2024|60,2024|6,2024|60,ARROW_MCLAREN_SPM,MEYER_SHANK_RACING,A_ONLY,A_ONLY,134.76900005340576,BETWEEN_GT5,4,13.0,2,TIER1_STRICT
DIFF_TEAM,6388,2024,2023_2024_PRIMARY,CARB_DAY,5721879,6388|5721879|2024|6,6388|5721879|2024|77,2024|6,2024|77,ARROW_MCLAREN_SPM,JUNCOS_HOLLINGER_RACING,A_ONLY,A_ONLY,53.85899996757507,BETWEEN_1_2,2,2.5,2,TIER1_STRICT
DIFF_TEAM,6388,2024,2023_2024_PRIMARY,CARB_DAY,5721879,6388|5721879|2024|6,6388|5721879|2024|78,2024|6,2024|78,ARROW_MCLAREN_SPM,JUNCOS_HOLLINGER_RACING,A_ONLY,A_ONLY,120.71650004386902,BETWEEN_GT5,4,16.0,2,TIER1_STRICT
DIFF_TEAM,6388,2024,2023_2024_PRIMARY,CARB_DAY,5721879,6388|5721879|2024|60,6388|5721879|2024|77,2024|60,2024|77,MEYER_SHANK_RACING,JUNCOS_HOLLINGER_RACING,A_ONLY,A_ONLY,80.91000008583069,CONSECUTIVE,1,0.0,2,TIER1_STRICT
DIFF_TEAM,6388,2024,2023_2024_PRIMARY,CARB_DAY,5721879,6388|5721879|2024|60,6388|5721879|2024|78,2024|60,2024|78,MEYER_SHANK_RACING,JUNCOS_HOLLINGER_RACING,A_ONLY,A_ONLY,14.052500009536743,BETWEEN_1_2,2,2.0,2,TIER1_STRICT
SAME_TEAM,6388,2024,2023_2024_PRIMARY,CARB_DAY,5721879,6388|5721879|2024|77,6388|5721879|2024|78,2024|77,2024|78,JUNCOS_HOLLINGER_RACING,JUNCOS_HOLLINGER_RACING,A_ONLY,A_ONLY,66.85750007629395,BETWEEN_GT5,4,6.0,2,TIER1_STRICT
SAME_TEAM,6388,2024,2023_2024_PRIMARY,CARB_DAY,5721880,6388|5721880|2024|12,6388|5721880|2024|2,2024|12,2024|2,TEAM_PENSKE,TEAM_PENSKE,A_ONLY,A_ONLY,81.60050010681152,SAME_UPDATE,0,8.0,1,TIER1_STRICT
DIFF_TEAM,6388,2024,2023_2024_PRIMARY,CARB_DAY,5721882,6388|5721882|2024|3,6388|5721882|2024|4,2024|3,2024|4,TEAM_PENSKE,CHIP_GANASSI_RACING,A_ONLY,A_ONLY,42.96399998664856,BETWEEN_3_5,3,3.0,2,TIER1_STRICT
DIFF_TEAM,6388,2024,2023_2024_PRIMARY,CARB_DAY,5721882,6388|5721882|2024|3,6388|5721882|2024|5,2024|3,2024|5,TEAM_PENSKE,ARROW_MCLAREN_SPM,A_ONLY,A_ONLY,66.07799983024597,BETWEEN_GT5,4,6.0,2,TIER1_STRICT
DIFF_TEAM,6388,2024,2023_2024_PRIMARY,CARB_DAY,5721882,6388|5721882|2024|3,6388|5721882|2024|7,2024|3,2024|7,TEAM_PENSKE,ARROW_MCLAREN_SPM,A_ONLY,A_ONLY,149.4119997024536,BETWEEN_GT5,4,46.0,2,TIER1_STRICT
DIFF_TEAM,6388,2024,2023_2024_PRIMARY,CARB_DAY,5721882,6388|5721882|2024|3,6388|5721882|2024|75,2024|3,2024|75,TEAM_PENSKE,RAHAL_LETTERMAN_LANIGAN,A_ONLY,A_ONLY,19.813000202178955,CONSECUTIVE,1,0.0,2,TIER1_STRICT
DIFF_TEAM,6388,2024,2023_2024_PRIMARY,CARB_DAY,5721882,6388|5721882|2024|3,6388|5721882|2024|9,2024|3,2024|9,TEAM_PENSKE,CHIP_GANASSI_RACING,A_ONLY,A_ONLY,89.18499994277954,BETWEEN_GT5,4,9.0,2,TIER1_STRICT
DIFF_TEAM,6388,2024,2023_2024_PRIMARY,CARB_DAY,5721882,6388|5721882|2024|4,6388|5721882|2024|5,2024|4,2024|5,CHIP_GANASSI_RACING,ARROW_MCLAREN_SPM,A_ONLY,A_ONLY,23.113999843597412,BETWEEN_1_2,2,2.0,2,TIER1_STRICT
DIFF_TEAM,6388,2024,2023_2024_PRIMARY,CARB_DAY,5721882,6388|5721882|2024|4,6388|5721882|2024|7,2024|4,2024|7,CHIP_GANASSI_RACING,ARROW_MCLAREN_SPM,A_ONLY,A_ONLY,106.44799971580505,BETWEEN_GT5,4,32.0,2,TIER1_STRICT
DIFF_TEAM,6388,2024,2023_2024_PRIMARY,CARB_DAY,5721882,6388|5721882|2024|4,6388|5721882|2024|75,2024|4,2024|75,CHIP_GANASSI_RACING,RAHAL_LETTERMAN_LANIGAN,A_ONLY,A_ONLY,62.777000188827515,CONSECUTIVE,1,0.0,2,TIER1_STRICT
SAME_TEAM,6388,2024,2023_2024_PRIMARY,CARB_DAY,5721882,6388|5721882|2024|4,6388|5721882|2024|9,2024|4,2024|9,CHIP_GANASSI_RACING,CHIP_GANASSI_RACING,A_ONLY,A_ONLY,46.22099995613098,BETWEEN_3_5,3,5.0,2,TIER1_STRICT
SAME_TEAM,6388,2024,2023_2024_PRIMARY,CARB_DAY,5721882,6388|5721882|2024|5,6388|5721882|2024|7,2024|5,2024|7,ARROW_MCLAREN_SPM,ARROW_MCLAREN_SPM,A_ONLY,A_ONLY,83.33399987220764,BETWEEN_GT5,4,21.5,2,TIER1_STRICT
DIFF_TEAM,6388,2024,2023_2024_PRIMARY,CARB_DAY,5721882,6388|5721882|2024|5,6388|5721882|2024|75,2024|5,2024|75,ARROW_MCLAREN_SPM,RAHAL_LETTERMAN_LANIGAN,A_ONLY,A_ONLY,85.89100003242493,BETWEEN_3_5,3,9.5,2,TIER1_STRICT
DIFF_TEAM,6388,2024,2023_2024_PRIMARY,CARB_DAY,5721882,6388|5721882|2024|5,6388|5721882|2024|9,2024|5,2024|9,ARROW_MCLAREN_SPM,CHIP_GANASSI_RACING,A_ONLY,A_ONLY,23.10700011253357,CONSECUTIVE,1,1.0,2,TIER1_STRICT
DIFF_TEAM,6388,2024,2023_2024_PRIMARY,CARB_DAY,5721882,6388|5721882|2024|7,6388|5721882|2024|75,2024|7,2024|75,ARROW_MCLAREN_SPM,RAHAL_LETTERMAN_LANIGAN,A_ONLY,A_ONLY,169.22499990463257,BETWEEN_GT5,4,42.5,2,TIER1_STRICT
DIFF_TEAM,6388,2024,2023_2024_PRIMARY,CARB_DAY,5721882,6388|5721882|2024|7,6388|5721882|2024|9,2024|7,2024|9,ARROW_MCLAREN_SPM,CHIP_GANASSI_RACING,A_ONLY,A_ONLY,60.22699975967407,CONSECUTIVE,1,0.0,2,TIER1_STRICT
DIFF_TEAM,6388,2024,2023_2024_PRIMARY,CARB_DAY,5721882,6388|5721882|2024|75,6388|5721882|2024|9,2024|75,2024|9,RAHAL_LETTERMAN_LANIGAN,CHIP_GANASSI_RACING,A_ONLY,A_ONLY,108.9980001449585,BETWEEN_GT5,4,14.0,2,TIER1_STRICT
DIFF_TEAM,6388,2024,2023_2024_PRIMARY,CARB_DAY,5721891,6388|5721891|2024|23,6388|5721891|2024|26,2024|23,2024|26,DREYER_REINBOLD_RACING,ANDRETTI,A_ONLY,A_ONLY,52.88499999046326,BETWEEN_GT5,4,7.5,2,TIER1_STRICT
DIFF_TEAM,6388,2024,2023_2024_PRIMARY,CARB_DAY,5721898,6388|5721898|2024|2,6388|5721898|2024|6,2024|2,2024|6,TEAM_PENSKE,ARROW_MCLAREN_SPM,A_ONLY,A_ONLY,59.562000036239624,CONSECUTIVE,1,0.0,1,TIER1_STRICT
DIFF_TEAM,6651,2025,2025_SECONDARY,PRACTICE,5823888,6651|5823888|2025|2,6651|5823888|2025|8,2025|2,2025|8,TEAM_PENSKE,CHIP_GANASSI_RACING,A_ONLY,A_ONLY,20.987499952316284,SAME_UPDATE,0,0.0,2,TIER1_STRICT
DIFF_TEAM,6651,2025,2025_SECONDARY,PRACTICE,5823891,6651|5823891|2025|6,6651|5823891|2025|76,2025|6,2025|76,ARROW_MCLAREN_SPM,JUNCOS_HOLLINGER_RACING,A_ONLY,A_ONLY,6.724999904632568,CONSECUTIVE,1,0.0,2,TIER1_STRICT
DIFF_TEAM,6651,2025,2025_SECONDARY,PRACTICE,5823892,6651|5823892|2025|33,6651|5823892|2025|60,2025|33,2025|60,ED_CARPENTER_RACING,MEYER_SHANK_RACING,A_ONLY,A_ONLY,34.436999797821045,BETWEEN_1_2,2,1.0,1,TIER1_STRICT
DIFF_TEAM,6651,2025,2025_SECONDARY,PRACTICE,5823892,6651|5823892|2025|33,6651|5823892|2025|7,2025|33,2025|7,ED_CARPENTER_RACING,ARROW_MCLAREN_SPM,A_ONLY,A_ONLY,13.446000099182129,CONSECUTIVE,1,0.0,1,TIER1_STRICT
DIFF_TEAM,6651,2025,2025_SECONDARY,PRACTICE,5823892,6651|5823892|2025|60,6651|5823892|2025|7,2025|60,2025|7,MEYER_SHANK_RACING,ARROW_MCLAREN_SPM,A_ONLY,A_ONLY,47.882999897003174,BETWEEN_1_2,2,1.5,1,TIER1_STRICT
DIFF_TEAM,6651,2025,2025_SECONDARY,PRACTICE,5823893,6651|5823893|2025|33,6651|5823893|2025|7,2025|33,2025|7,ED_CARPENTER_RACING,ARROW_MCLAREN_SPM,A_ONLY,A_ONLY,13.427000045776367,BETWEEN_1_2,2,1.0,2,TIER1_STRICT
DIFF_TEAM,6651,2025,2025_SECONDARY,PRACTICE,5823894,6651|5823894|2025|12,6651|5823894|2025|27,2025|12,2025|27,TEAM_PENSKE,ANDRETTI,A_ONLY,A_ONLY,2.514500141143799,BETWEEN_3_5,3,3.0,2,TIER1_STRICT
DIFF_TEAM,6651,2025,2025_SECONDARY,PRACTICE,5823900,6651|5823900|2025|10,6651|5823900|2025|18,2025|10,2025|18,CHIP_GANASSI_RACING,DALE_COYNE_RACING,A_ONLY,A_ONLY,5.031000137329102,BETWEEN_3_5,3,3.0,2,TIER1_STRICT
DIFF_TEAM,6651,2025,2025_SECONDARY,PRACTICE,5823900,6651|5823900|2025|10,6651|5823900|2025|28,2025|10,2025|28,CHIP_GANASSI_RACING,ANDRETTI,A_ONLY,A_ONLY,82.29450011253357,SAME_UPDATE,0,6.0,2,TIER1_STRICT
DIFF_TEAM,6651,2025,2025_SECONDARY,PRACTICE,5823900,6651|5823900|2025|10,6651|5823900|2025|5,2025|10,2025|5,CHIP_GANASSI_RACING,ARROW_MCLAREN_SPM,A_ONLY,A_ONLY,93.18950009346008,BETWEEN_3_5,3,10.5,2,TIER1_STRICT
DIFF_TEAM,6651,2025,2025_SECONDARY,PRACTICE,5823900,6651|5823900|2025|18,6651|5823900|2025|28,2025|18,2025|28,DALE_COYNE_RACING,ANDRETTI,A_ONLY,A_ONLY,87.32550024986267,BETWEEN_3_5,3,11.5,2,TIER1_STRICT
DIFF_TEAM,6651,2025,2025_SECONDARY,PRACTICE,5823900,6651|5823900|2025|18,6651|5823900|2025|5,2025|18,2025|5,DALE_COYNE_RACING,ARROW_MCLAREN_SPM,A_ONLY,A_ONLY,98.22050023078918,BETWEEN_GT5,4,17.5,2,TIER1_STRICT
DIFF_TEAM,6651,2025,2025_SECONDARY,PRACTICE,5823900,6651|5823900|2025|28,6651|5823900|2025|5,2025|28,2025|5,ANDRETTI,ARROW_MCLAREN_SPM,A_ONLY,A_ONLY,10.894999980926514,BETWEEN_3_5,3,4.0,2,TIER1_STRICT
DIFF_TEAM,6651,2025,2025_SECONDARY,PRACTICE,5823903,6651|5823903|2025|26,6651|5823903|2025|30,2025|26,2025|30,ANDRETTI,RAHAL_LETTERMAN_LANIGAN,A_ONLY,A_ONLY,221.63250017166138,BETWEEN_GT5,4,52.0,2,TIER1_STRICT
DIFF_TEAM,6651,2025,2025_SECONDARY,PRACTICE,5823903,6651|5823903|2025|26,6651|5823903|2025|60,2025|26,2025|60,ANDRETTI,MEYER_SHANK_RACING,A_ONLY,A_ONLY,27.704500198364258,BETWEEN_3_5,3,4.0,2,TIER1_STRICT
DIFF_TEAM,6651,2025,2025_SECONDARY,PRACTICE,5823903,6651|5823903|2025|26,6651|5823903|2025|8,2025|26,2025|8,ANDRETTI,CHIP_GANASSI_RACING,A_ONLY,A_ONLY,24.347000122070312,CONSECUTIVE,1,0.0,2,TIER1_STRICT
DIFF_TEAM,6651,2025,2025_SECONDARY,PRACTICE,5823903,6651|5823903|2025|26,6651|5823903|2025|9,2025|26,2025|9,ANDRETTI,CHIP_GANASSI_RACING,A_ONLY,A_ONLY,48.693000078201294,BETWEEN_3_5,3,4.0,2,TIER1_STRICT
DIFF_TEAM,6651,2025,2025_SECONDARY,PRACTICE,5823903,6651|5823903|2025|30,6651|5823903|2025|60,2025|30,2025|60,RAHAL_LETTERMAN_LANIGAN,MEYER_SHANK_RACING,A_ONLY,A_ONLY,193.92799997329712,BETWEEN_GT5,4,46.5,2,TIER1_STRICT
DIFF_TEAM,6651,2025,2025_SECONDARY,PRACTICE,5823903,6651|5823903|2025|30,6651|5823903|2025|8,2025|30,2025|8,RAHAL_LETTERMAN_LANIGAN,CHIP_GANASSI_RACING,A_ONLY,A_ONLY,197.28550004959106,BETWEEN_GT5,4,55.5,2,TIER1_STRICT
DIFF_TEAM,6651,2025,2025_SECONDARY,PRACTICE,5823903,6651|5823903|2025|30,6651|5823903|2025|9,2025|30,2025|9,RAHAL_LETTERMAN_LANIGAN,CHIP_GANASSI_RACING,A_ONLY,A_ONLY,172.93950009346008,BETWEEN_GT5,4,34.5,2,TIER1_STRICT
DIFF_TEAM,6651,2025,2025_SECONDARY,PRACTICE,5823903,6651|5823903|2025|60,6651|5823903|2025|8,2025|60,2025|8,MEYER_SHANK_RACING,CHIP_GANASSI_RACING,A_ONLY,A_ONLY,3.3575000762939453,BETWEEN_1_2,2,3.0,2,TIER1_STRICT
DIFF_TEAM,6651,2025,2025_SECONDARY,PRACTICE,5823903,6651|5823903|2025|60,6651|5823903|2025|9,2025|60,2025|9,MEYER_SHANK_RACING,CHIP_GANASSI_RACING,A_ONLY,A_ONLY,20.988499879837036,SAME_UPDATE,0,0.0,2,TIER1_STRICT
SAME_TEAM,6651,2025,2025_SECONDARY,PRACTICE,5823903,6651|5823903|2025|8,6651|5823903|2025|9,2025|8,2025|9,CHIP_GANASSI_RACING,CHIP_GANASSI_RACING,A_ONLY,A_ONLY,24.34599995613098,BETWEEN_1_2,2,3.0,2,TIER1_STRICT
DIFF_TEAM,6651,2025,2025_SECONDARY,PRACTICE,5823904,6651|5823904|2025|26,6651|5823904|2025|60,2025|26,2025|60,ANDRETTI,MEYER_SHANK_RACING,A_ONLY,A_ONLY,47.839499950408936,BETWEEN_GT5,4,14.0,1,TIER1_STRICT
DIFF_TEAM,6651,2025,2025_SECONDARY,PRACTICE,5823904,6651|5823904|2025|26,6651|5823904|2025|8,2025|26,2025|8,ANDRETTI,CHIP_GANASSI_RACING,A_ONLY,A_ONLY,44.47349977493286,CONSECUTIVE,1,6.0,1,TIER1_STRICT
DIFF_TEAM,6651,2025,2025_SECONDARY,PRACTICE,5823904,6651|5823904|2025|26,6651|5823904|2025|9,2025|26,2025|9,ANDRETTI,CHIP_GANASSI_RACING,A_ONLY,A_ONLY,57.201499938964844,BETWEEN_1_2,2,3.0,1,TIER1_STRICT
DIFF_TEAM,6651,2025,2025_SECONDARY,PRACTICE,5823904,6651|5823904|2025|60,6651|5823904|2025|8,2025|60,2025|8,MEYER_SHANK_RACING,CHIP_GANASSI_RACING,A_ONLY,A_ONLY,3.366000175476074,BETWEEN_1_2,2,4.5,1,TIER1_STRICT
DIFF_TEAM,6651,2025,2025_SECONDARY,PRACTICE,5823904,6651|5823904|2025|60,6651|5823904|2025|9,2025|60,2025|9,MEYER_SHANK_RACING,CHIP_GANASSI_RACING,A_ONLY,A_ONLY,105.04099988937378,CONSECUTIVE,1,0.0,1,TIER1_STRICT
SAME_TEAM,6651,2025,2025_SECONDARY,PRACTICE,5823904,6651|5823904|2025|8,6651|5823904|2025|9,2025|8,2025|9,CHIP_GANASSI_RACING,CHIP_GANASSI_RACING,A_ONLY,A_ONLY,101.6749997138977,CONSECUTIVE,1,0.0,1,TIER1_STRICT
DIFF_TEAM,6653,2025,2025_SECONDARY,PRACTICE,5824142,6653|5824142|2025|10,6653|5824142|2025|21,2025|10,2025|21,CHIP_GANASSI_RACING,ED_CARPENTER_RACING,A_ONLY,A_ONLY,18.463000059127808,BETWEEN_1_2,2,2.0,3,TIER1_STRICT
DIFF_TEAM,6653,2025,2025_SECONDARY,PRACTICE,5824142,6653|5824142|2025|10,6653|5824142|2025|27,2025|10,2025|27,CHIP_GANASSI_RACING,ANDRETTI,A_ONLY,A_ONLY,88.94900012016296,BETWEEN_3_5,3,5.0,3,TIER1_STRICT
DIFF_TEAM,6653,2025,2025_SECONDARY,PRACTICE,5824142,6653|5824142|2025|10,6653|5824142|2025|4,2025|10,2025|4,CHIP_GANASSI_RACING,AJ_FOYT,A_ONLY,A_ONLY,150.23149991035461,BETWEEN_GT5,4,18.0,3,TIER1_STRICT
DIFF_TEAM,6653,2025,2025_SECONDARY,PRACTICE,5824142,6653|5824142|2025|10,6653|5824142|2025|5,2025|10,2025|5,CHIP_GANASSI_RACING,ARROW_MCLAREN_SPM,A_ONLY,A_ONLY,38.604000091552734,CONSECUTIVE,1,0.0,3,TIER1_STRICT
DIFF_TEAM,6653,2025,2025_SECONDARY,PRACTICE,5824142,6653|5824142|2025|10,6653|5824142|2025|6,2025|10,2025|6,CHIP_GANASSI_RACING,ARROW_MCLAREN_SPM,A_ONLY,A_ONLY,172.89599990844727,BETWEEN_GT5,4,20.0,3,TIER1_STRICT
DIFF_TEAM,6653,2025,2025_SECONDARY,PRACTICE,5824142,6653|5824142|2025|21,6653|5824142|2025|27,2025|21,2025|27,ED_CARPENTER_RACING,ANDRETTI,A_ONLY,A_ONLY,70.48600006103516,BETWEEN_1_2,2,2.0,3,TIER1_STRICT
DIFF_TEAM,6653,2025,2025_SECONDARY,PRACTICE,5824142,6653|5824142|2025|21,6653|5824142|2025|4,2025|21,2025|4,ED_CARPENTER_RACING,AJ_FOYT,A_ONLY,A_ONLY,131.7684998512268,BETWEEN_GT5,4,15.0,3,TIER1_STRICT
DIFF_TEAM,6653,2025,2025_SECONDARY,PRACTICE,5824142,6653|5824142|2025|21,6653|5824142|2025|5,2025|21,2025|5,ED_CARPENTER_RACING,ARROW_MCLAREN_SPM,A_ONLY,A_ONLY,20.141000032424927,BETWEEN_3_5,3,4.0,3,TIER1_STRICT
DIFF_TEAM,6653,2025,2025_SECONDARY,PRACTICE,5824142,6653|5824142|2025|21,6653|5824142|2025|6,2025|21,2025|6,ED_CARPENTER_RACING,ARROW_MCLAREN_SPM,A_ONLY,A_ONLY,154.43299984931946,BETWEEN_GT5,4,17.0,3,TIER1_STRICT
DIFF_TEAM,6653,2025,2025_SECONDARY,PRACTICE,5824142,6653|5824142|2025|27,6653|5824142|2025|4,2025|27,2025|4,ANDRETTI,AJ_FOYT,A_ONLY,A_ONLY,61.28249979019165,BETWEEN_3_5,3,3.5,3,TIER1_STRICT
DIFF_TEAM,6653,2025,2025_SECONDARY,PRACTICE,5824142,6653|5824142|2025|27,6653|5824142|2025|5,2025|27,2025|5,ANDRETTI,ARROW_MCLAREN_SPM,A_ONLY,A_ONLY,50.34500002861023,BETWEEN_1_2,2,4.0,3,TIER1_STRICT
DIFF_TEAM,6653,2025,2025_SECONDARY,PRACTICE,5824142,6653|5824142|2025|27,6653|5824142|2025|6,2025|27,2025|6,ANDRETTI,ARROW_MCLAREN_SPM,A_ONLY,A_ONLY,83.9469997882843,BETWEEN_1_2,2,3.5,3,TIER1_STRICT
DIFF_TEAM,6653,2025,2025_SECONDARY,PRACTICE,5824142,6653|5824142|2025|4,6653|5824142|2025|5,2025|4,2025|5,AJ_FOYT,ARROW_MCLAREN_SPM,A_ONLY,A_ONLY,111.62749981880188,BETWEEN_GT5,4,13.0,3,TIER1_STRICT
DIFF_TEAM,6653,2025,2025_SECONDARY,PRACTICE,5824142,6653|5824142|2025|4,6653|5824142|2025|6,2025|4,2025|6,AJ_FOYT,ARROW_MCLAREN_SPM,A_ONLY,A_ONLY,22.66449999809265,CONSECUTIVE,1,0.5,3,TIER1_STRICT
SAME_TEAM,6653,2025,2025_SECONDARY,PRACTICE,5824142,6653|5824142|2025|5,6653|5824142|2025|6,2025|5,2025|6,ARROW_MCLAREN_SPM,ARROW_MCLAREN_SPM,A_ONLY,A_ONLY,134.29199981689453,BETWEEN_GT5,4,12.0,3,TIER1_STRICT
DIFF_TEAM,6653,2025,2025_SECONDARY,PRACTICE,5824143,6653|5824143|2025|10,6653|5824143|2025|21,2025|10,2025|21,CHIP_GANASSI_RACING,ED_CARPENTER_RACING,A_ONLY,A_ONLY,39.44199991226196,BETWEEN_3_5,3,3.5,3,TIER1_STRICT
DIFF_TEAM,6653,2025,2025_SECONDARY,PRACTICE,5824143,6653|5824143|2025|10,6653|5824143|2025|5,2025|10,2025|5,CHIP_GANASSI_RACING,ARROW_MCLAREN_SPM,A_ONLY,A_ONLY,59.567999839782715,BETWEEN_3_5,3,8.5,3,TIER1_STRICT
DIFF_TEAM,6653,2025,2025_SECONDARY,PRACTICE,5824143,6653|5824143|2025|10,6653|5824143|2025|60,2025|10,2025|60,CHIP_GANASSI_RACING,MEYER_SHANK_RACING,A_ONLY,A_ONLY,66.3345000743866,BETWEEN_3_5,3,3.0,3,TIER1_STRICT
DIFF_TEAM,6653,2025,2025_SECONDARY,PRACTICE,5824143,6653|5824143|2025|21,6653|5824143|2025|5,2025|21,2025|5,ED_CARPENTER_RACING,ARROW_MCLAREN_SPM,A_ONLY,A_ONLY,20.125999927520752,BETWEEN_3_5,3,4.0,3,TIER1_STRICT
DIFF_TEAM,6653,2025,2025_SECONDARY,PRACTICE,5824143,6653|5824143|2025|21,6653|5824143|2025|60,2025|21,2025|60,ED_CARPENTER_RACING,MEYER_SHANK_RACING,A_ONLY,A_ONLY,105.77649998664856,BETWEEN_GT5,4,6.0,3,TIER1_STRICT
DIFF_TEAM,6653,2025,2025_SECONDARY,PRACTICE,5824143,6653|5824143|2025|5,6653|5824143|2025|60,2025|5,2025|60,ARROW_MCLAREN_SPM,MEYER_SHANK_RACING,A_ONLY,A_ONLY,125.90249991416931,BETWEEN_GT5,4,8.0,3,TIER1_STRICT
DIFF_TEAM,6653,2025,2025_SECONDARY,PRACTICE,5824146,6653|5824146|2025|24,6653|5824146|2025|26,2025|24,2025|26,DREYER_REINBOLD_RACING,ANDRETTI,A_ONLY,A_ONLY,162.80600023269653,BETWEEN_GT5,4,35.0,2,TIER1_STRICT
DIFF_TEAM,6653,2025,2025_SECONDARY,PRACTICE,5824147,6653|5824147|2025|20,6653|5824147|2025|26,2025|20,2025|26,ED_CARPENTER_RACING,ANDRETTI,A_ONLY,A_ONLY,233.28900003433228,BETWEEN_GT5,4,44.0,1,TIER1_STRICT
DIFF_TEAM,6653,2025,2025_SECONDARY,PRACTICE,5824147,6653|5824147|2025|20,6653|5824147|2025|30,2025|20,2025|30,ED_CARPENTER_RACING,RAHAL_LETTERMAN_LANIGAN,A_ONLY,A_ONLY,139.3159999847412,BETWEEN_GT5,4,6.0,1,TIER1_STRICT
DIFF_TEAM,6653,2025,2025_SECONDARY,PRACTICE,5824147,6653|5824147|2025|20,6653|5824147|2025|9,2025|20,2025|9,ED_CARPENTER_RACING,CHIP_GANASSI_RACING,A_ONLY,A_ONLY,20.98300004005432,SAME_UPDATE,0,0.0,1,TIER1_STRICT
DIFF_TEAM,6653,2025,2025_SECONDARY,PRACTICE,5824147,6653|5824147|2025|26,6653|5824147|2025|30,2025|26,2025|30,ANDRETTI,RAHAL_LETTERMAN_LANIGAN,A_ONLY,A_ONLY,93.97300004959106,CONSECUTIVE,1,0.0,1,TIER1_STRICT
DIFF_TEAM,6653,2025,2025_SECONDARY,PRACTICE,5824147,6653|5824147|2025|26,6653|5824147|2025|9,2025|26,2025|9,ANDRETTI,CHIP_GANASSI_RACING,A_ONLY,A_ONLY,212.30599999427795,BETWEEN_GT5,4,30.0,1,TIER1_STRICT
DIFF_TEAM,6653,2025,2025_SECONDARY,PRACTICE,5824147,6653|5824147|2025|30,6653|5824147|2025|9,2025|30,2025|9,RAHAL_LETTERMAN_LANIGAN,CHIP_GANASSI_RACING,A_ONLY,A_ONLY,118.33299994468689,BETWEEN_GT5,4,8.0,1,TIER1_STRICT
DIFF_TEAM,6653,2025,2025_SECONDARY,PRACTICE,5824148,6653|5824148|2025|20,6653|5824148|2025|8,2025|20,2025|8,ED_CARPENTER_RACING,CHIP_GANASSI_RACING,A_ONLY,A_ONLY,196.37599992752075,BETWEEN_GT5,4,34.0,2,TIER1_STRICT
DIFF_TEAM,6653,2025,2025_SECONDARY,PRACTICE,5824150,6653|5824150|2025|12,6653|5824150|2025|5,2025|12,2025|5,TEAM_PENSKE,ARROW_MCLAREN_SPM,A_ONLY,A_ONLY,41.992000102996826,SAME_UPDATE,0,0.0,1,TIER1_STRICT
DIFF_TEAM,6653,2025,2025_SECONDARY,PRACTICE,5824151,6653|5824151|2025|12,6653|5824151|2025|5,2025|12,2025|5,TEAM_PENSKE,ARROW_MCLAREN_SPM,A_ONLY,A_ONLY,0.0,SAME_UPDATE,0,0.0,2,TIER1_STRICT
DIFF_TEAM,6653,2025,2025_SECONDARY,PRACTICE,5824151,6653|5824151|2025|12,6653|5824151|2025|8,2025|12,2025|8,TEAM_PENSKE,CHIP_GANASSI_RACING,A_ONLY,A_ONLY,13.42549991607666,CONSECUTIVE,1,0.5,2,TIER1_STRICT
DIFF_TEAM,6653,2025,2025_SECONDARY,PRACTICE,5824151,6653|5824151|2025|5,6653|5824151|2025|8,2025|5,2025|8,ARROW_MCLAREN_SPM,CHIP_GANASSI_RACING,A_ONLY,A_ONLY,13.42549991607666,CONSECUTIVE,1,0.5,2,TIER1_STRICT
DIFF_TEAM,6653,2025,2025_SECONDARY,PRACTICE,5824154,6653|5824154|2025|21,6653|5824154|2025|83,2025|21,2025|83,ED_CARPENTER_RACING,PREMA_RACING,A_ONLY,A_ONLY,72.2039999961853,BETWEEN_1_2,2,2.0,2,TIER1_STRICT
DIFF_TEAM,6653,2025,2025_SECONDARY,PRACTICE,5824155,6653|5824155|2025|21,6653|5824155|2025|3,2025|21,2025|3,ED_CARPENTER_RACING,TEAM_PENSKE,A_ONLY,A_ONLY,26.02150011062622,BETWEEN_1_2,2,1.0,2,TIER1_STRICT
DIFF_TEAM,6653,2025,2025_SECONDARY,PRACTICE,5824155,6653|5824155|2025|21,6653|5824155|2025|83,2025|21,2025|83,ED_CARPENTER_RACING,PREMA_RACING,A_ONLY,A_ONLY,72.20000004768372,BETWEEN_GT5,4,8.0,2,TIER1_STRICT
DIFF_TEAM,6653,2025,2025_SECONDARY,PRACTICE,5824155,6653|5824155|2025|3,6653|5824155|2025|83,2025|3,2025|83,TEAM_PENSKE,PREMA_RACING,A_ONLY,A_ONLY,98.22150015830994,BETWEEN_GT5,4,13.5,2,TIER1_STRICT
DIFF_TEAM,6653,2025,2025_SECONDARY,PRACTICE,5824161,6653|5824161|2025|17,6653|5824161|2025|18,2025|17,2025|18,ARROW_MCLAREN_SPM,DALE_COYNE_RACING,A_ONLY,A_ONLY,65.45949983596802,BETWEEN_GT5,4,16.0,2,TIER1_STRICT
SAME_TEAM,6654,2025,2025_SECONDARY,PRACTICE,5824416,6654|5824416|2025|26,6654|5824416|2025|28,2025|26,2025|28,ANDRETTI,ANDRETTI,A_ONLY,A_ONLY,22.461000204086304,BETWEEN_1_2,2,2.0,2,TIER1_STRICT
DIFF_TEAM,6654,2025,2025_SECONDARY,PRACTICE,5824418,6654|5824418|2025|10,6654|5824418|2025|45,2025|10,2025|45,CHIP_GANASSI_RACING,RAHAL_LETTERMAN_LANIGAN,A_ONLY,A_ONLY,60.4370002746582,BETWEEN_GT5,4,10.5,2,TIER1_STRICT
DIFF_TEAM,6654,2025,2025_SECONDARY,PRACTICE,5824418,6654|5824418|2025|10,6654|5824418|2025|60,2025|10,2025|60,CHIP_GANASSI_RACING,MEYER_SHANK_RACING,A_ONLY,A_ONLY,20.163999795913696,SAME_UPDATE,0,0.0,2,TIER1_STRICT
SAME_TEAM,6654,2025,2025_SECONDARY,PRACTICE,5824418,6654|5824418|2025|10,6654|5824418|2025|8,2025|10,2025|8,CHIP_GANASSI_RACING,CHIP_GANASSI_RACING,A_ONLY,A_ONLY,120.35199975967407,BETWEEN_GT5,4,32.0,2,TIER1_STRICT
DIFF_TEAM,6654,2025,2025_SECONDARY,PRACTICE,5824418,6654|5824418|2025|45,6654|5824418|2025|60,2025|45,2025|60,RAHAL_LETTERMAN_LANIGAN,MEYER_SHANK_RACING,A_ONLY,A_ONLY,80.6010000705719,BETWEEN_GT5,4,10.5,2,TIER1_STRICT
DIFF_TEAM,6654,2025,2025_SECONDARY,PRACTICE,5824418,6654|5824418|2025|45,6654|5824418|2025|8,2025|45,2025|8,RAHAL_LETTERMAN_LANIGAN,CHIP_GANASSI_RACING,A_ONLY,A_ONLY,180.78900003433228,BETWEEN_GT5,4,59.0,2,TIER1_STRICT
DIFF_TEAM,6654,2025,2025_SECONDARY,PRACTICE,5824418,6654|5824418|2025|60,6654|5824418|2025|8,2025|60,2025|8,MEYER_SHANK_RACING,CHIP_GANASSI_RACING,A_ONLY,A_ONLY,100.18799996376038,BETWEEN_GT5,4,25.0,2,TIER1_STRICT
DIFF_TEAM,6654,2025,2025_SECONDARY,PRACTICE,5824420,6654|5824420|2025|66,6654|5824420|2025|90,2025|66,2025|90,MEYER_SHANK_RACING,PREMA_RACING,A_ONLY,A_ONLY,256.9409999847412,BETWEEN_GT5,4,46.0,1,TIER1_STRICT
DIFF_TEAM,6654,2025,2025_SECONDARY,PRACTICE,5824436,6654|5824436|2025|3,6654|5824436|2025|6,2025|3,2025|6,TEAM_PENSKE,ARROW_MCLAREN_SPM,A_ONLY,A_ONLY,109.01200008392334,BETWEEN_GT5,4,8.0,2,TIER1_STRICT
SAME_TEAM,6654,2025,2025_SECONDARY,PRACTICE,5824443,6654|5824443|2025|17,6654|5824443|2025|7,2025|17,2025|7,ARROW_MCLAREN_SPM,ARROW_MCLAREN_SPM,A_ONLY,A_ONLY,83.12049984931946,BETWEEN_1_2,2,2.0,2,TIER1_STRICT
DIFF_TEAM,6654,2025,2025_SECONDARY,PRACTICE,5824470,6654|5824470|2025|06,6654|5824470|2025|77,2025|06,2025|77,MEYER_SHANK_RACING,JUNCOS_HOLLINGER_RACING,A_ONLY,A_ONLY,51.08299994468689,BETWEEN_3_5,3,3.0,2,TIER1_STRICT
DIFF_TEAM,6654,2025,2025_SECONDARY,PRACTICE,5824471,6654|5824471|2025|06,6654|5824471|2025|18,2025|06,2025|18,MEYER_SHANK_RACING,DALE_COYNE_RACING,A_ONLY,A_ONLY,228.65499997138977,BETWEEN_GT5,4,24.0,1,TIER1_STRICT
DIFF_TEAM,6654,2025,2025_SECONDARY,PRACTICE,5824472,6654|5824472|2025|18,6654|5824472|2025|9,2025|18,2025|9,DALE_COYNE_RACING,CHIP_GANASSI_RACING,A_ONLY,A_ONLY,42.56850004196167,CONSECUTIVE,1,0.0,2,TIER1_STRICT
DIFF_TEAM,6654,2025,2025_SECONDARY,PRACTICE,5824476,6654|5824476|2025|2,6654|5824476|2025|4,2025|2,2025|4,TEAM_PENSKE,AJ_FOYT,A_ONLY,A_ONLY,146.86649990081787,BETWEEN_3_5,3,5.5,2,TIER1_STRICT
DIFF_TEAM,6654,2025,2025_SECONDARY,PRACTICE,5824477,6654|5824477|2025|2,6654|5824477|2025|27,2025|2,2025|27,TEAM_PENSKE,ANDRETTI,A_ONLY,A_ONLY,192.67149996757507,BETWEEN_3_5,3,5.5,1,TIER1_STRICT
DIFF_TEAM,6654,2025,2025_SECONDARY,PRACTICE,5824480,6654|5824480|2025|12,6654|5824480|2025|23,2025|12,2025|23,TEAM_PENSKE,DREYER_REINBOLD_RACING,A_ONLY,A_ONLY,120.41199994087219,BETWEEN_3_5,3,4.0,1,TIER1_STRICT
DIFF_TEAM,6654,2025,2025_SECONDARY,PRACTICE,5824480,6654|5824480|2025|12,6654|5824480|2025|76,2025|12,2025|76,TEAM_PENSKE,JUNCOS_HOLLINGER_RACING,A_ONLY,A_ONLY,176.04999995231628,BETWEEN_GT5,4,12.0,1,TIER1_STRICT
DIFF_TEAM,6654,2025,2025_SECONDARY,PRACTICE,5824480,6654|5824480|2025|23,6654|5824480|2025|76,2025|23,2025|76,DREYER_REINBOLD_RACING,JUNCOS_HOLLINGER_RACING,A_ONLY,A_ONLY,55.63800001144409,CONSECUTIVE,1,2.0,1,TIER1_STRICT
DIFF_TEAM,6654,2025,2025_SECONDARY,PRACTICE,5824483,6654|5824483|2025|14,6654|5824483|2025|75,2025|14,2025|75,AJ_FOYT,RAHAL_LETTERMAN_LANIGAN,A_ONLY,A_ONLY,137.85899996757507,BETWEEN_GT5,4,12.0,1,TIER1_STRICT
DIFF_TEAM,6654,2025,2025_SECONDARY,PRACTICE,5824484,6654|5824484|2025|5,6654|5824484|2025|77,2025|5,2025|77,ARROW_MCLAREN_SPM,JUNCOS_HOLLINGER_RACING,A_ONLY,A_ONLY,174.08200001716614,BETWEEN_GT5,4,15.5,2,TIER1_STRICT
SAME_TEAM,6655,2025,2025_SECONDARY,FAST_FRIDAY,5824705,6655|5824705|2025|23,6655|5824705|2025|24,2025|23,2025|24,DREYER_REINBOLD_RACING,DREYER_REINBOLD_RACING,A_ONLY,A_ONLY,200.239000082016,BETWEEN_GT5,4,9.0,1,TIER1_STRICT
DIFF_TEAM,6655,2025,2025_SECONDARY,FAST_FRIDAY,5824764,6655|5824764|2025|18,6655|5824764|2025|28,2025|18,2025|28,DALE_COYNE_RACING,ANDRETTI,A_ONLY,A_ONLY,14.185499906539917,CONSECUTIVE,1,0.5,2,TIER1_STRICT
DIFF_TEAM,6655,2025,2025_SECONDARY,FAST_FRIDAY,5824764,6655|5824764|2025|18,6655|5824764|2025|7,2025|18,2025|7,DALE_COYNE_RACING,ARROW_MCLAREN_SPM,A_ONLY,A_ONLY,242.79699993133545,BETWEEN_GT5,4,14.0,2,TIER1_STRICT
DIFF_TEAM,6655,2025,2025_SECONDARY,FAST_FRIDAY,5824764,6655|5824764|2025|28,6655|5824764|2025|7,2025|28,2025|7,ANDRETTI,ARROW_MCLAREN_SPM,A_ONLY,A_ONLY,228.61150002479553,BETWEEN_GT5,4,12.5,2,TIER1_STRICT
DIFF_TEAM,6655,2025,2025_SECONDARY,FAST_FRIDAY,5824765,6655|5824765|2025|18,6655|5824765|2025|83,2025|18,2025|83,DALE_COYNE_RACING,PREMA_RACING,A_ONLY,A_ONLY,101.01099991798401,BETWEEN_1_2,2,3.0,1,TIER1_STRICT
DIFF_TEAM,6655,2025,2025_SECONDARY,FAST_FRIDAY,5824769,6655|5824769|2025|45,6655|5824769|2025|77,2025|45,2025|77,RAHAL_LETTERMAN_LANIGAN,JUNCOS_HOLLINGER_RACING,A_ONLY,A_ONLY,162.61999988555908,BETWEEN_3_5,3,4.0,2,TIER1_STRICT
DIFF_TEAM,6655,2025,2025_SECONDARY,FAST_FRIDAY,5824771,6655|5824771|2025|10,6655|5824771|2025|26,2025|10,2025|26,CHIP_GANASSI_RACING,ANDRETTI,A_ONLY,A_ONLY,68.42499995231628,CONSECUTIVE,1,1.5,1,TIER1_STRICT
DIFF_TEAM,6655,2025,2025_SECONDARY,FAST_FRIDAY,5824771,6655|5824771|2025|10,6655|5824771|2025|51,2025|10,2025|51,CHIP_GANASSI_RACING,DALE_COYNE_RACING,A_ONLY,A_ONLY,18.361999988555908,CONSECUTIVE,1,0.0,1,TIER1_STRICT
DIFF_TEAM,6655,2025,2025_SECONDARY,FAST_FRIDAY,5824771,6655|5824771|2025|26,6655|5824771|2025|51,2025|26,2025|51,ANDRETTI,DALE_COYNE_RACING,A_ONLY,A_ONLY,50.062999963760376,CONSECUTIVE,1,0.0,1,TIER1_STRICT
DIFF_TEAM,6657,2025,2025_SECONDARY,QUALIFYING_WEEKEND_PRACTICE,5824959,6657|5824959|2025|2,6657|5824959|2025|98,2025|2,2025|98,TEAM_PENSKE,ANDRETTI,A_ONLY,A_ONLY,10.038999795913696,CONSECUTIVE,1,0.0,2,TIER1_STRICT
DIFF_TEAM,6657,2025,2025_SECONDARY,QUALIFYING_WEEKEND_PRACTICE,5824960,6657|5824960|2025|2,6657|5824960|2025|98,2025|2,2025|98,TEAM_PENSKE,ANDRETTI,A_ONLY,A_ONLY,8.33899998664856,CONSECUTIVE,1,0.0,1,TIER1_STRICT
DIFF_TEAM,6661,2025,2025_SECONDARY,QUALIFYING_WEEKEND_PRACTICE,5825293,6661|5825293|2025|10,6661|5825293|2025|5,2025|10,2025|5,CHIP_GANASSI_RACING,ARROW_MCLAREN_SPM,A_ONLY,A_ONLY,9.98200011253357,CONSECUTIVE,1,0.0,1,TIER1_STRICT
DIFF_TEAM,6662,2025,2025_SECONDARY,CARB_DAY,5826710,6662|5826710|2025|5,6662|5826710|2025|66,2025|5,2025|66,ARROW_MCLAREN_SPM,MEYER_SHANK_RACING,A_ONLY,A_ONLY,114.24900007247925,BETWEEN_GT5,4,38.5,2,TIER1_STRICT
DIFF_TEAM,6662,2025,2025_SECONDARY,CARB_DAY,5826710,6662|5826710|2025|5,6662|5826710|2025|77,2025|5,2025|77,ARROW_MCLAREN_SPM,JUNCOS_HOLLINGER_RACING,A_ONLY,A_ONLY,82.56500005722046,BETWEEN_GT5,4,19.5,2,TIER1_STRICT
DIFF_TEAM,6662,2025,2025_SECONDARY,CARB_DAY,5826710,6662|5826710|2025|5,6662|5826710|2025|83,2025|5,2025|83,ARROW_MCLAREN_SPM,PREMA_RACING,A_ONLY,A_ONLY,25.861999988555908,BETWEEN_1_2,2,1.5,2,TIER1_STRICT
DIFF_TEAM,6662,2025,2025_SECONDARY,CARB_DAY,5826710,6662|5826710|2025|66,6662|5826710|2025|77,2025|66,2025|77,MEYER_SHANK_RACING,JUNCOS_HOLLINGER_RACING,A_ONLY,A_ONLY,31.68400001525879,BETWEEN_3_5,3,3.0,2,TIER1_STRICT
DIFF_TEAM,6662,2025,2025_SECONDARY,CARB_DAY,5826710,6662|5826710|2025|66,6662|5826710|2025|83,2025|66,2025|83,MEYER_SHANK_RACING,PREMA_RACING,A_ONLY,A_ONLY,88.38700008392334,BETWEEN_1_2,2,2.0,2,TIER1_STRICT
DIFF_TEAM,6662,2025,2025_SECONDARY,CARB_DAY,5826710,6662|5826710|2025|77,6662|5826710|2025|83,2025|77,2025|83,JUNCOS_HOLLINGER_RACING,PREMA_RACING,A_ONLY,A_ONLY,56.70300006866455,CONSECUTIVE,1,0.0,2,TIER1_STRICT
DIFF_TEAM,6662,2025,2025_SECONDARY,CARB_DAY,5826711,6662|5826711|2025|66,6662|5826711|2025|77,2025|66,2025|77,MEYER_SHANK_RACING,JUNCOS_HOLLINGER_RACING,A_ONLY,A_ONLY,11.67900013923645,BETWEEN_3_5,3,3.0,2,TIER1_STRICT
DIFF_TEAM,6662,2025,2025_SECONDARY,CARB_DAY,5826711,6662|5826711|2025|66,6662|5826711|2025|90,2025|66,2025|90,MEYER_SHANK_RACING,PREMA_RACING,A_ONLY,A_ONLY,151.8454999923706,BETWEEN_GT5,4,35.0,2,TIER1_STRICT
DIFF_TEAM,6662,2025,2025_SECONDARY,CARB_DAY,5826711,6662|5826711|2025|77,6662|5826711|2025|90,2025|77,2025|90,JUNCOS_HOLLINGER_RACING,PREMA_RACING,A_ONLY,A_ONLY,163.52450013160706,BETWEEN_GT5,4,41.0,2,TIER1_STRICT
DIFF_TEAM,6662,2025,2025_SECONDARY,CARB_DAY,5826718,6662|5826718|2025|45,6662|5826718|2025|6,2025|45,2025|6,RAHAL_LETTERMAN_LANIGAN,ARROW_MCLAREN_SPM,A_ONLY,A_ONLY,88.40199995040894,BETWEEN_3_5,3,4.0,1,TIER1_STRICT
DIFF_TEAM,6662,2025,2025_SECONDARY,CARB_DAY,5826719,6662|5826719|2025|18,6662|5826719|2025|24,2025|18,2025|24,DALE_COYNE_RACING,DREYER_REINBOLD_RACING,A_ONLY,A_ONLY,183.5090000629425,BETWEEN_GT5,4,90.5,2,TIER1_STRICT
DIFF_TEAM,6662,2025,2025_SECONDARY,CARB_DAY,5826719,6662|5826719|2025|18,6662|5826719|2025|30,2025|18,2025|30,DALE_COYNE_RACING,RAHAL_LETTERMAN_LANIGAN,A_ONLY,A_ONLY,2.505500078201294,CONSECUTIVE,1,0.0,2,TIER1_STRICT
DIFF_TEAM,6662,2025,2025_SECONDARY,CARB_DAY,5826719,6662|5826719|2025|18,6662|5826719|2025|45,2025|18,2025|45,DALE_COYNE_RACING,RAHAL_LETTERMAN_LANIGAN,A_ONLY,A_ONLY,26.73799991607666,BETWEEN_GT5,4,7.0,2,TIER1_STRICT
DIFF_TEAM,6662,2025,2025_SECONDARY,CARB_DAY,5826719,6662|5826719|2025|18,6662|5826719|2025|6,2025|18,2025|6,DALE_COYNE_RACING,ARROW_MCLAREN_SPM,A_ONLY,A_ONLY,72.19400000572205,BETWEEN_GT5,4,46.0,2,TIER1_STRICT
DIFF_TEAM,6662,2025,2025_SECONDARY,CARB_DAY,5826719,6662|5826719|2025|18,6662|5826719|2025|66,2025|18,2025|66,DALE_COYNE_RACING,MEYER_SHANK_RACING,A_ONLY,A_ONLY,0.8365001678466797,CONSECUTIVE,1,0.0,2,TIER1_STRICT
DIFF_TEAM,6662,2025,2025_SECONDARY,CARB_DAY,5826719,6662|5826719|2025|18,6662|5826719|2025|98,2025|18,2025|98,DALE_COYNE_RACING,ANDRETTI,A_ONLY,A_ONLY,0.8365001678466797,CONSECUTIVE,1,0.0,2,TIER1_STRICT
DIFF_TEAM,6662,2025,2025_SECONDARY,CARB_DAY,5826719,6662|5826719|2025|24,6662|5826719|2025|30,2025|24,2025|30,DREYER_REINBOLD_RACING,RAHAL_LETTERMAN_LANIGAN,A_ONLY,A_ONLY,181.0034999847412,BETWEEN_GT5,4,55.0,2,TIER1_STRICT
DIFF_TEAM,6662,2025,2025_SECONDARY,CARB_DAY,5826719,6662|5826719|2025|24,6662|5826719|2025|45,2025|24,2025|45,DREYER_REINBOLD_RACING,RAHAL_LETTERMAN_LANIGAN,A_ONLY,A_ONLY,210.24699997901917,BETWEEN_GT5,4,86.0,2,TIER1_STRICT
DIFF_TEAM,6662,2025,2025_SECONDARY,CARB_DAY,5826719,6662|5826719|2025|24,6662|5826719|2025|6,2025|24,2025|6,DREYER_REINBOLD_RACING,ARROW_MCLAREN_SPM,A_ONLY,A_ONLY,255.70300006866455,BETWEEN_GT5,4,139.0,2,TIER1_STRICT
DIFF_TEAM,6662,2025,2025_SECONDARY,CARB_DAY,5826719,6662|5826719|2025|24,6662|5826719|2025|66,2025|24,2025|66,DREYER_REINBOLD_RACING,MEYER_SHANK_RACING,A_ONLY,A_ONLY,182.67249989509583,BETWEEN_GT5,4,55.0,2,TIER1_STRICT
DIFF_TEAM,6662,2025,2025_SECONDARY,CARB_DAY,5826719,6662|5826719|2025|24,6662|5826719|2025|98,2025|24,2025|98,DREYER_REINBOLD_RACING,ANDRETTI,A_ONLY,A_ONLY,182.67249989509583,BETWEEN_GT5,4,55.0,2,TIER1_STRICT
SAME_TEAM,6662,2025,2025_SECONDARY,CARB_DAY,5826719,6662|5826719|2025|30,6662|5826719|2025|45,2025|30,2025|45,RAHAL_LETTERMAN_LANIGAN,RAHAL_LETTERMAN_LANIGAN,A_ONLY,A_ONLY,29.243499994277954,BETWEEN_GT5,4,9.5,2,TIER1_STRICT
DIFF_TEAM,6662,2025,2025_SECONDARY,CARB_DAY,5826719,6662|5826719|2025|30,6662|5826719|2025|6,2025|30,2025|6,RAHAL_LETTERMAN_LANIGAN,ARROW_MCLAREN_SPM,A_ONLY,A_ONLY,74.69950008392334,BETWEEN_GT5,4,49.5,2,TIER1_STRICT
DIFF_TEAM,6662,2025,2025_SECONDARY,CARB_DAY,5826719,6662|5826719|2025|30,6662|5826719|2025|66,2025|30,2025|66,RAHAL_LETTERMAN_LANIGAN,MEYER_SHANK_RACING,A_ONLY,A_ONLY,1.6689999103546143,SAME_UPDATE,0,0.0,2,TIER1_STRICT
DIFF_TEAM,6662,2025,2025_SECONDARY,CARB_DAY,5826719,6662|5826719|2025|30,6662|5826719|2025|98,2025|30,2025|98,RAHAL_LETTERMAN_LANIGAN,ANDRETTI,A_ONLY,A_ONLY,1.6689999103546143,SAME_UPDATE,0,0.0,2,TIER1_STRICT
DIFF_TEAM,6662,2025,2025_SECONDARY,CARB_DAY,5826719,6662|5826719|2025|45,6662|5826719|2025|6,2025|45,2025|6,RAHAL_LETTERMAN_LANIGAN,ARROW_MCLAREN_SPM,A_ONLY,A_ONLY,45.456000089645386,BETWEEN_GT5,4,26.0,2,TIER1_STRICT
DIFF_TEAM,6662,2025,2025_SECONDARY,CARB_DAY,5826719,6662|5826719|2025|45,6662|5826719|2025|66,2025|45,2025|66,RAHAL_LETTERMAN_LANIGAN,MEYER_SHANK_RACING,A_ONLY,A_ONLY,27.57450008392334,BETWEEN_GT5,4,7.0,2,TIER1_STRICT
DIFF_TEAM,6662,2025,2025_SECONDARY,CARB_DAY,5826719,6662|5826719|2025|45,6662|5826719|2025|98,2025|45,2025|98,RAHAL_LETTERMAN_LANIGAN,ANDRETTI,A_ONLY,A_ONLY,27.57450008392334,BETWEEN_GT5,4,7.0,2,TIER1_STRICT
DIFF_TEAM,6662,2025,2025_SECONDARY,CARB_DAY,5826719,6662|5826719|2025|6,6662|5826719|2025|66,2025|6,2025|66,ARROW_MCLAREN_SPM,MEYER_SHANK_RACING,A_ONLY,A_ONLY,73.03050017356873,BETWEEN_GT5,4,14.0,2,TIER1_STRICT
DIFF_TEAM,6662,2025,2025_SECONDARY,CARB_DAY,5826719,6662|5826719|2025|6,6662|5826719|2025|98,2025|6,2025|98,ARROW_MCLAREN_SPM,ANDRETTI,A_ONLY,A_ONLY,73.03050017356873,BETWEEN_GT5,4,14.0,2,TIER1_STRICT
DIFF_TEAM,6662,2025,2025_SECONDARY,CARB_DAY,5826719,6662|5826719|2025|66,6662|5826719|2025|98,2025|66,2025|98,MEYER_SHANK_RACING,ANDRETTI,A_ONLY,A_ONLY,0.0,SAME_UPDATE,0,0.0,2,TIER1_STRICT
DIFF_TEAM,6662,2025,2025_SECONDARY,CARB_DAY,5826720,6662|5826720|2025|06,6662|5826720|2025|10,2025|06,2025|10,MEYER_SHANK_RACING,CHIP_GANASSI_RACING,A_ONLY,A_ONLY,81.77500009536743,BETWEEN_GT5,4,26.0,2,TIER1_STRICT
DIFF_TEAM,6662,2025,2025_SECONDARY,CARB_DAY,5826720,6662|5826720|2025|06,6662|5826720|2025|24,2025|06,2025|24,MEYER_SHANK_RACING,DREYER_REINBOLD_RACING,A_ONLY,A_ONLY,143.5589997768402,BETWEEN_GT5,4,37.5,2,TIER1_STRICT
DIFF_TEAM,6662,2025,2025_SECONDARY,CARB_DAY,5826720,6662|5826720|2025|06,6662|5826720|2025|28,2025|06,2025|28,MEYER_SHANK_RACING,ANDRETTI,A_ONLY,A_ONLY,42.56150007247925,CONSECUTIVE,1,0.0,2,TIER1_STRICT
DIFF_TEAM,6662,2025,2025_SECONDARY,CARB_DAY,5826720,6662|5826720|2025|06,6662|5826720|2025|4,2025|06,2025|4,MEYER_SHANK_RACING,AJ_FOYT,A_ONLY,A_ONLY,38.38850021362305,CONSECUTIVE,1,0.5,2,TIER1_STRICT
DIFF_TEAM,6662,2025,2025_SECONDARY,CARB_DAY,5826720,6662|5826720|2025|06,6662|5826720|2025|75,2025|06,2025|75,MEYER_SHANK_RACING,RAHAL_LETTERMAN_LANIGAN,A_ONLY,A_ONLY,108.48100018501282,BETWEEN_GT5,4,53.0,2,TIER1_STRICT
DIFF_TEAM,6662,2025,2025_SECONDARY,CARB_DAY,5826720,6662|5826720|2025|06,6662|5826720|2025|76,2025|06,2025|76,MEYER_SHANK_RACING,JUNCOS_HOLLINGER_RACING,A_ONLY,A_ONLY,105.14500021934509,BETWEEN_GT5,4,47.0,2,TIER1_STRICT
DIFF_TEAM,6662,2025,2025_SECONDARY,CARB_DAY,5826720,6662|5826720|2025|10,6662|5826720|2025|24,2025|10,2025|24,CHIP_GANASSI_RACING,DREYER_REINBOLD_RACING,A_ONLY,A_ONLY,225.33399987220764,BETWEEN_GT5,4,74.5,2,TIER1_STRICT
DIFF_TEAM,6662,2025,2025_SECONDARY,CARB_DAY,5826720,6662|5826720|2025|10,6662|5826720|2025|28,2025|10,2025|28,CHIP_GANASSI_RACING,ANDRETTI,A_ONLY,A_ONLY,39.213500022888184,CONSECUTIVE,1,1.0,2,TIER1_STRICT
DIFF_TEAM,6662,2025,2025_SECONDARY,CARB_DAY,5826720,6662|5826720|2025|10,6662|5826720|2025|4,2025|10,2025|4,CHIP_GANASSI_RACING,AJ_FOYT,A_ONLY,A_ONLY,43.386499881744385,CONSECUTIVE,1,0.5,2,TIER1_STRICT
DIFF_TEAM,6662,2025,2025_SECONDARY,CARB_DAY,5826720,6662|5826720|2025|10,6662|5826720|2025|75,2025|10,2025|75,CHIP_GANASSI_RACING,RAHAL_LETTERMAN_LANIGAN,A_ONLY,A_ONLY,26.706000089645386,BETWEEN_GT5,4,16.0,2,TIER1_STRICT
DIFF_TEAM,6662,2025,2025_SECONDARY,CARB_DAY,5826720,6662|5826720|2025|10,6662|5826720|2025|76,2025|10,2025|76,CHIP_GANASSI_RACING,JUNCOS_HOLLINGER_RACING,A_ONLY,A_ONLY,23.37000012397766,BETWEEN_1_2,2,10.0,2,TIER1_STRICT
DIFF_TEAM,6662,2025,2025_SECONDARY,CARB_DAY,5826720,6662|5826720|2025|24,6662|5826720|2025|28,2025|24,2025|28,DREYER_REINBOLD_RACING,ANDRETTI,A_ONLY,A_ONLY,186.12049984931946,BETWEEN_GT5,4,50.0,2,TIER1_STRICT
DIFF_TEAM,6662,2025,2025_SECONDARY,CARB_DAY,5826720,6662|5826720|2025|24,6662|5826720|2025|4,2025|24,2025|4,DREYER_REINBOLD_RACING,AJ_FOYT,A_ONLY,A_ONLY,181.94749999046326,BETWEEN_GT5,4,48.0,2,TIER1_STRICT
DIFF_TEAM,6662,2025,2025_SECONDARY,CARB_DAY,5826720,6662|5826720|2025|24,6662|5826720|2025|75,2025|24,2025|75,DREYER_REINBOLD_RACING,RAHAL_LETTERMAN_LANIGAN,A_ONLY,A_ONLY,252.03999996185303,BETWEEN_GT5,4,115.0,2,TIER1_STRICT
DIFF_TEAM,6662,2025,2025_SECONDARY,CARB_DAY,5826720,6662|5826720|2025|24,6662|5826720|2025|76,2025|24,2025|76,DREYER_REINBOLD_RACING,JUNCOS_HOLLINGER_RACING,A_ONLY,A_ONLY,248.7039999961853,BETWEEN_GT5,4,109.0,2,TIER1_STRICT
DIFF_TEAM,6662,2025,2025_SECONDARY,CARB_DAY,5826720,6662|5826720|2025|28,6662|5826720|2025|4,2025|28,2025|4,ANDRETTI,AJ_FOYT,A_ONLY,A_ONLY,4.172999858856201,BETWEEN_1_2,2,2.5,2,TIER1_STRICT
DIFF_TEAM,6662,2025,2025_SECONDARY,CARB_DAY,5826720,6662|5826720|2025|28,6662|5826720|2025|75,2025|28,2025|75,ANDRETTI,RAHAL_LETTERMAN_LANIGAN,A_ONLY,A_ONLY,65.91950011253357,BETWEEN_GT5,4,31.0,2,TIER1_STRICT
DIFF_TEAM,6662,2025,2025_SECONDARY,CARB_DAY,5826720,6662|5826720|2025|28,6662|5826720|2025|76,2025|28,2025|76,ANDRETTI,JUNCOS_HOLLINGER_RACING,A_ONLY,A_ONLY,62.583500146865845,BETWEEN_GT5,4,25.0,2,TIER1_STRICT
DIFF_TEAM,6662,2025,2025_SECONDARY,CARB_DAY,5826720,6662|5826720|2025|4,6662|5826720|2025|75,2025|4,2025|75,AJ_FOYT,RAHAL_LETTERMAN_LANIGAN,A_ONLY,A_ONLY,70.09249997138977,BETWEEN_GT5,4,37.0,2,TIER1_STRICT
DIFF_TEAM,6662,2025,2025_SECONDARY,CARB_DAY,5826720,6662|5826720|2025|4,6662|5826720|2025|76,2025|4,2025|76,AJ_FOYT,JUNCOS_HOLLINGER_RACING,A_ONLY,A_ONLY,66.75650000572205,BETWEEN_GT5,4,31.0,2,TIER1_STRICT
DIFF_TEAM,6662,2025,2025_SECONDARY,CARB_DAY,5826720,6662|5826720|2025|75,6662|5826720|2025|76,2025|75,2025|76,RAHAL_LETTERMAN_LANIGAN,JUNCOS_HOLLINGER_RACING,A_ONLY,A_ONLY,3.3359999656677246,BETWEEN_3_5,3,4.0,2,TIER1_STRICT
DIFF_TEAM,6662,2025,2025_SECONDARY,CARB_DAY,5826721,6662|5826721|2025|10,6662|5826721|2025|27,2025|10,2025|27,CHIP_GANASSI_RACING,ANDRETTI,A_ONLY,A_ONLY,48.45449995994568,BETWEEN_3_5,3,5.5,1,TIER1_STRICT
DIFF_TEAM,6662,2025,2025_SECONDARY,CARB_DAY,5826721,6662|5826721|2025|10,6662|5826721|2025|3,2025|10,2025|3,CHIP_GANASSI_RACING,TEAM_PENSKE,A_ONLY,A_ONLY,206.29500007629395,BETWEEN_GT5,4,84.0,1,TIER1_STRICT
DIFF_TEAM,6662,2025,2025_SECONDARY,CARB_DAY,5826721,6662|5826721|2025|10,6662|5826721|2025|30,2025|10,2025|30,CHIP_GANASSI_RACING,RAHAL_LETTERMAN_LANIGAN,A_ONLY,A_ONLY,70.98399996757507,BETWEEN_GT5,4,10.0,1,TIER1_STRICT
DIFF_TEAM,6662,2025,2025_SECONDARY,CARB_DAY,5826721,6662|5826721|2025|10,6662|5826721|2025|75,2025|10,2025|75,CHIP_GANASSI_RACING,RAHAL_LETTERMAN_LANIGAN,A_ONLY,A_ONLY,48.45449995994568,BETWEEN_3_5,3,5.5,1,TIER1_STRICT
DIFF_TEAM,6662,2025,2025_SECONDARY,CARB_DAY,5826721,6662|5826721|2025|10,6662|5826721|2025|76,2025|10,2025|76,CHIP_GANASSI_RACING,JUNCOS_HOLLINGER_RACING,A_ONLY,A_ONLY,24.26799988746643,BETWEEN_1_2,2,1.5,1,TIER1_STRICT
SAME_TEAM,6662,2025,2025_SECONDARY,CARB_DAY,5826721,6662|5826721|2025|10,6662|5826721|2025|8,2025|10,2025|8,CHIP_GANASSI_RACING,CHIP_GANASSI_RACING,A_ONLY,A_ONLY,129.3765001296997,BETWEEN_GT5,4,35.0,1,TIER1_STRICT
SAME_TEAM,6662,2025,2025_SECONDARY,CARB_DAY,5826721,6662|5826721|2025|10,6662|5826721|2025|9,2025|10,2025|9,CHIP_GANASSI_RACING,CHIP_GANASSI_RACING,A_ONLY,A_ONLY,204.62450003623962,BETWEEN_GT5,4,83.0,1,TIER1_STRICT
DIFF_TEAM,6662,2025,2025_SECONDARY,CARB_DAY,5826721,6662|5826721|2025|10,6662|5826721|2025|98,2025|10,2025|98,CHIP_GANASSI_RACING,ANDRETTI,A_ONLY,A_ONLY,173.68549990653992,BETWEEN_GT5,4,57.0,1,TIER1_STRICT
DIFF_TEAM,6662,2025,2025_SECONDARY,CARB_DAY,5826721,6662|5826721|2025|27,6662|5826721|2025|3,2025|27,2025|3,ANDRETTI,TEAM_PENSKE,A_ONLY,A_ONLY,157.84050011634827,BETWEEN_GT5,4,55.5,1,TIER1_STRICT
DIFF_TEAM,6662,2025,2025_SECONDARY,CARB_DAY,5826721,6662|5826721|2025|27,6662|5826721|2025|30,2025|27,2025|30,ANDRETTI,RAHAL_LETTERMAN_LANIGAN,A_ONLY,A_ONLY,22.529500007629395,CONSECUTIVE,1,0.5,1,TIER1_STRICT
DIFF_TEAM,6662,2025,2025_SECONDARY,CARB_DAY,5826721,6662|5826721|2025|27,6662|5826721|2025|75,2025|27,2025|75,ANDRETTI,RAHAL_LETTERMAN_LANIGAN,A_ONLY,A_ONLY,0.0,SAME_UPDATE,0,0.0,1,TIER1_STRICT
DIFF_TEAM,6662,2025,2025_SECONDARY,CARB_DAY,5826721,6662|5826721|2025|27,6662|5826721|2025|76,2025|27,2025|76,ANDRETTI,JUNCOS_HOLLINGER_RACING,A_ONLY,A_ONLY,24.186500072479248,BETWEEN_3_5,3,3.0,1,TIER1_STRICT
DIFF_TEAM,6662,2025,2025_SECONDARY,CARB_DAY,5826721,6662|5826721|2025|27,6662|5826721|2025|8,2025|27,2025|8,ANDRETTI,CHIP_GANASSI_RACING,A_ONLY,A_ONLY,80.92200016975403,CONSECUTIVE,1,8.0,1,TIER1_STRICT
DIFF_TEAM,6662,2025,2025_SECONDARY,CARB_DAY,5826721,6662|5826721|2025|27,6662|5826721|2025|9,2025|27,2025|9,ANDRETTI,CHIP_GANASSI_RACING,A_ONLY,A_ONLY,156.17000007629395,BETWEEN_GT5,4,54.5,1,TIER1_STRICT
SAME_TEAM,6662,2025,2025_SECONDARY,CARB_DAY,5826721,6662|5826721|2025|27,6662|5826721|2025|98,2025|27,2025|98,ANDRETTI,ANDRETTI,A_ONLY,A_ONLY,125.23099994659424,BETWEEN_GT5,4,28.5,1,TIER1_STRICT
DIFF_TEAM,6662,2025,2025_SECONDARY,CARB_DAY,5826721,6662|5826721|2025|3,6662|5826721|2025|30,2025|3,2025|30,TEAM_PENSKE,RAHAL_LETTERMAN_LANIGAN,A_ONLY,A_ONLY,135.31100010871887,BETWEEN_GT5,4,15.0,1,TIER1_STRICT
DIFF_TEAM,6662,2025,2025_SECONDARY,CARB_DAY,5826721,6662|5826721|2025|3,6662|5826721|2025|75,2025|3,2025|75,TEAM_PENSKE,RAHAL_LETTERMAN_LANIGAN,A_ONLY,A_ONLY,157.84050011634827,BETWEEN_GT5,4,36.0,1,TIER1_STRICT
DIFF_TEAM,6662,2025,2025_SECONDARY,CARB_DAY,5826721,6662|5826721|2025|3,6662|5826721|2025|76,2025|3,2025|76,TEAM_PENSKE,JUNCOS_HOLLINGER_RACING,A_ONLY,A_ONLY,182.02700018882751,BETWEEN_GT5,4,60.0,1,TIER1_STRICT
DIFF_TEAM,6662,2025,2025_SECONDARY,CARB_DAY,5826721,6662|5826721|2025|3,6662|5826721|2025|8,2025|3,2025|8,TEAM_PENSKE,CHIP_GANASSI_RACING,A_ONLY,A_ONLY,76.91849994659424,BETWEEN_GT5,4,6.5,1,TIER1_STRICT
DIFF_TEAM,6662,2025,2025_SECONDARY,CARB_DAY,5826721,6662|5826721|2025|3,6662|5826721|2025|9,2025|3,2025|9,TEAM_PENSKE,CHIP_GANASSI_RACING,A_ONLY,A_ONLY,1.6705000400543213,CONSECUTIVE,1,0.0,1,TIER1_STRICT
DIFF_TEAM,6662,2025,2025_SECONDARY,CARB_DAY,5826721,6662|5826721|2025|3,6662|5826721|2025|98,2025|3,2025|98,TEAM_PENSKE,ANDRETTI,A_ONLY,A_ONLY,32.60950016975403,BETWEEN_GT5,4,7.0,1,TIER1_STRICT
SAME_TEAM,6662,2025,2025_SECONDARY,CARB_DAY,5826721,6662|5826721|2025|30,6662|5826721|2025|75,2025|30,2025|75,RAHAL_LETTERMAN_LANIGAN,RAHAL_LETTERMAN_LANIGAN,A_ONLY,A_ONLY,22.529500007629395,BETWEEN_1_2,2,1.0,1,TIER1_STRICT
DIFF_TEAM,6662,2025,2025_SECONDARY,CARB_DAY,5826721,6662|5826721|2025|30,6662|5826721|2025|76,2025|30,2025|76,RAHAL_LETTERMAN_LANIGAN,JUNCOS_HOLLINGER_RACING,A_ONLY,A_ONLY,46.71600008010864,BETWEEN_GT5,4,6.0,1,TIER1_STRICT
DIFF_TEAM,6662,2025,2025_SECONDARY,CARB_DAY,5826721,6662|5826721|2025|30,6662|5826721|2025|8,2025|30,2025|8,RAHAL_LETTERMAN_LANIGAN,CHIP_GANASSI_RACING,A_ONLY,A_ONLY,58.392500162124634,BETWEEN_1_2,2,2.0,1,TIER1_STRICT
DIFF_TEAM,6662,2025,2025_SECONDARY,CARB_DAY,5826721,6662|5826721|2025|30,6662|5826721|2025|9,2025|30,2025|9,RAHAL_LETTERMAN_LANIGAN,CHIP_GANASSI_RACING,A_ONLY,A_ONLY,133.64050006866455,BETWEEN_GT5,4,43.0,1,TIER1_STRICT
DIFF_TEAM,6662,2025,2025_SECONDARY,CARB_DAY,5826721,6662|5826721|2025|30,6662|5826721|2025|98,2025|30,2025|98,RAHAL_LETTERMAN_LANIGAN,ANDRETTI,A_ONLY,A_ONLY,102.70149993896484,BETWEEN_GT5,4,17.0,1,TIER1_STRICT
DIFF_TEAM,6662,2025,2025_SECONDARY,CARB_DAY,5826721,6662|5826721|2025|75,6662|5826721|2025|76,2025|75,2025|76,RAHAL_LETTERMAN_LANIGAN,JUNCOS_HOLLINGER_RACING,A_ONLY,A_ONLY,24.186500072479248,BETWEEN_3_5,3,3.0,1,TIER1_STRICT
DIFF_TEAM,6662,2025,2025_SECONDARY,CARB_DAY,5826721,6662|5826721|2025|75,6662|5826721|2025|8,2025|75,2025|8,RAHAL_LETTERMAN_LANIGAN,CHIP_GANASSI_RACING,A_ONLY,A_ONLY,80.92200016975403,CONSECUTIVE,1,8.0,1,TIER1_STRICT
DIFF_TEAM,6662,2025,2025_SECONDARY,CARB_DAY,5826721,6662|5826721|2025|75,6662|5826721|2025|9,2025|75,2025|9,RAHAL_LETTERMAN_LANIGAN,CHIP_GANASSI_RACING,A_ONLY,A_ONLY,156.17000007629395,BETWEEN_GT5,4,54.5,1,TIER1_STRICT
DIFF_TEAM,6662,2025,2025_SECONDARY,CARB_DAY,5826721,6662|5826721|2025|75,6662|5826721|2025|98,2025|75,2025|98,RAHAL_LETTERMAN_LANIGAN,ANDRETTI,A_ONLY,A_ONLY,125.23099994659424,BETWEEN_GT5,4,28.5,1,TIER1_STRICT
DIFF_TEAM,6662,2025,2025_SECONDARY,CARB_DAY,5826721,6662|5826721|2025|76,6662|5826721|2025|8,2025|76,2025|8,JUNCOS_HOLLINGER_RACING,CHIP_GANASSI_RACING,A_ONLY,A_ONLY,105.10850024223328,BETWEEN_GT5,4,21.0,1,TIER1_STRICT
DIFF_TEAM,6662,2025,2025_SECONDARY,CARB_DAY,5826721,6662|5826721|2025|76,6662|5826721|2025|9,2025|76,2025|9,JUNCOS_HOLLINGER_RACING,CHIP_GANASSI_RACING,A_ONLY,A_ONLY,180.3565001487732,BETWEEN_GT5,4,69.0,1,TIER1_STRICT
DIFF_TEAM,6662,2025,2025_SECONDARY,CARB_DAY,5826721,6662|5826721|2025|76,6662|5826721|2025|98,2025|76,2025|98,JUNCOS_HOLLINGER_RACING,ANDRETTI,A_ONLY,A_ONLY,149.4175000190735,BETWEEN_GT5,4,43.0,1,TIER1_STRICT
SAME_TEAM,6662,2025,2025_SECONDARY,CARB_DAY,5826721,6662|5826721|2025|8,6662|5826721|2025|9,2025|8,2025|9,CHIP_GANASSI_RACING,CHIP_GANASSI_RACING,A_ONLY,A_ONLY,75.24799990653992,BETWEEN_GT5,4,17.5,1,TIER1_STRICT
DIFF_TEAM,6662,2025,2025_SECONDARY,CARB_DAY,5826721,6662|5826721|2025|8,6662|5826721|2025|98,2025|8,2025|98,CHIP_GANASSI_RACING,ANDRETTI,A_ONLY,A_ONLY,44.30899977684021,CONSECUTIVE,1,0.5,1,TIER1_STRICT
DIFF_TEAM,6662,2025,2025_SECONDARY,CARB_DAY,5826721,6662|5826721|2025|9,6662|5826721|2025|98,2025|9,2025|98,CHIP_GANASSI_RACING,ANDRETTI,A_ONLY,A_ONLY,30.939000129699707,BETWEEN_GT5,4,10.5,1,TIER1_STRICT
DIFF_TEAM,6662,2025,2025_SECONDARY,CARB_DAY,5826722,6662|5826722|2025|3,6662|5826722|2025|33,2025|3,2025|33,TEAM_PENSKE,ED_CARPENTER_RACING,A_ONLY,A_ONLY,183.57900023460388,BETWEEN_GT5,4,36.0,2,TIER1_STRICT
DIFF_TEAM,6662,2025,2025_SECONDARY,CARB_DAY,5826722,6662|5826722|2025|3,6662|5826722|2025|9,2025|3,2025|9,TEAM_PENSKE,CHIP_GANASSI_RACING,A_ONLY,A_ONLY,2.498999834060669,CONSECUTIVE,1,0.5,2,TIER1_STRICT
DIFF_TEAM,6662,2025,2025_SECONDARY,CARB_DAY,5826722,6662|5826722|2025|3,6662|5826722|2025|98,2025|3,2025|98,TEAM_PENSKE,ANDRETTI,A_ONLY,A_ONLY,10.018999814987183,BETWEEN_GT5,4,7.0,2,TIER1_STRICT
DIFF_TEAM,6662,2025,2025_SECONDARY,CARB_DAY,5826722,6662|5826722|2025|33,6662|5826722|2025|9,2025|33,2025|9,ED_CARPENTER_RACING,CHIP_GANASSI_RACING,A_ONLY,A_ONLY,186.07800006866455,BETWEEN_GT5,4,37.0,2,TIER1_STRICT
DIFF_TEAM,6662,2025,2025_SECONDARY,CARB_DAY,5826722,6662|5826722|2025|33,6662|5826722|2025|98,2025|33,2025|98,ED_CARPENTER_RACING,ANDRETTI,A_ONLY,A_ONLY,193.59800004959106,BETWEEN_GT5,4,44.0,2,TIER1_STRICT
DIFF_TEAM,6662,2025,2025_SECONDARY,CARB_DAY,5826722,6662|5826722|2025|9,6662|5826722|2025|98,2025|9,2025|98,CHIP_GANASSI_RACING,ANDRETTI,A_ONLY,A_ONLY,7.519999980926514,BETWEEN_3_5,3,6.5,2,TIER1_STRICT
DIFF_TEAM,6662,2025,2025_SECONDARY,CARB_DAY,5826728,6662|5826728|2025|12,6662|5826728|2025|7,2025|12,2025|7,TEAM_PENSKE,ARROW_MCLAREN_SPM,A_ONLY,A_ONLY,12.516499996185303,BETWEEN_GT5,4,15.5,2,TIER1_STRICT
DIFF_TEAM,6663,2025,2025_SECONDARY,POST_QUALIFYING_PRACTICE,5825581,6663|5825581|2025|17,6663|5825581|2025|4,2025|17,2025|4,ARROW_MCLAREN_SPM,AJ_FOYT,A_ONLY,A_ONLY,202.77499985694885,BETWEEN_GT5,4,59.0,1,TIER1_STRICT
SAME_TEAM,6663,2025,2025_SECONDARY,POST_QUALIFYING_PRACTICE,5825581,6663|5825581|2025|17,6663|5825581|2025|6,2025|17,2025|6,ARROW_MCLAREN_SPM,ARROW_MCLAREN_SPM,A_ONLY,A_ONLY,210.26199984550476,BETWEEN_GT5,4,73.0,1,TIER1_STRICT
DIFF_TEAM,6663,2025,2025_SECONDARY,POST_QUALIFYING_PRACTICE,5825581,6663|5825581|2025|4,6663|5825581|2025|6,2025|4,2025|6,AJ_FOYT,ARROW_MCLAREN_SPM,A_ONLY,A_ONLY,7.486999988555908,CONSECUTIVE,1,6.5,1,TIER1_STRICT
DIFF_TEAM,6663,2025,2025_SECONDARY,POST_QUALIFYING_PRACTICE,5825582,6663|5825582|2025|4,6663|5825582|2025|6,2025|4,2025|6,AJ_FOYT,ARROW_MCLAREN_SPM,A_ONLY,A_ONLY,5.347499847412109,CONSECUTIVE,1,0.5,2,TIER1_STRICT
SAME_TEAM,6663,2025,2025_SECONDARY,POST_QUALIFYING_PRACTICE,5825584,6663|5825584|2025|30,6663|5825584|2025|45,2025|30,2025|45,RAHAL_LETTERMAN_LANIGAN,RAHAL_LETTERMAN_LANIGAN,A_ONLY,A_ONLY,67.2354998588562,BETWEEN_GT5,4,31.0,1,TIER1_STRICT
DIFF_TEAM,6663,2025,2025_SECONDARY,POST_QUALIFYING_PRACTICE,5825584,6663|5825584|2025|30,6663|5825584|2025|90,2025|30,2025|90,RAHAL_LETTERMAN_LANIGAN,PREMA_RACING,A_ONLY,A_ONLY,3.3294999599456787,CONSECUTIVE,1,0.5,1,TIER1_STRICT
DIFF_TEAM,6663,2025,2025_SECONDARY,POST_QUALIFYING_PRACTICE,5825584,6663|5825584|2025|45,6663|5825584|2025|90,2025|45,2025|90,RAHAL_LETTERMAN_LANIGAN,PREMA_RACING,A_ONLY,A_ONLY,63.90599989891052,CONSECUTIVE,1,0.0,1,TIER1_STRICT
DIFF_TEAM,6663,2025,2025_SECONDARY,POST_QUALIFYING_PRACTICE,5825585,6663|5825585|2025|45,6663|5825585|2025|90,2025|45,2025|90,RAHAL_LETTERMAN_LANIGAN,PREMA_RACING,A_ONLY,A_ONLY,43.13900017738342,BETWEEN_GT5,4,17.0,2,TIER1_STRICT
DIFF_TEAM,6663,2025,2025_SECONDARY,POST_QUALIFYING_PRACTICE,5825592,6663|5825592|2025|2,6663|5825592|2025|24,2025|2,2025|24,TEAM_PENSKE,DREYER_REINBOLD_RACING,A_ONLY,A_ONLY,0.0,BETWEEN_GT5,4,12.0,2,TIER1_STRICT
DIFF_TEAM,6663,2025,2025_SECONDARY,POST_QUALIFYING_PRACTICE,5825592,6663|5825592|2025|2,6663|5825592|2025|7,2025|2,2025|7,TEAM_PENSKE,ARROW_MCLAREN_SPM,A_ONLY,A_ONLY,0.0,BETWEEN_GT5,4,12.0,2,TIER1_STRICT
DIFF_TEAM,6663,2025,2025_SECONDARY,POST_QUALIFYING_PRACTICE,5825592,6663|5825592|2025|24,6663|5825592|2025|7,2025|24,2025|7,DREYER_REINBOLD_RACING,ARROW_MCLAREN_SPM,A_ONLY,A_ONLY,0.0,SAME_UPDATE,0,0.0,2,TIER1_STRICT
SAME_TEAM,6663,2025,2025_SECONDARY,POST_QUALIFYING_PRACTICE,5825593,6663|5825593|2025|12,6663|5825593|2025|2,2025|12,2025|2,TEAM_PENSKE,TEAM_PENSKE,A_ONLY,A_ONLY,155.1489999294281,BETWEEN_GT5,4,26.5,1,TIER1_STRICT
DIFF_TEAM,6663,2025,2025_SECONDARY,POST_QUALIFYING_PRACTICE,5825593,6663|5825593|2025|12,6663|5825593|2025|24,2025|12,2025|24,TEAM_PENSKE,DREYER_REINBOLD_RACING,A_ONLY,A_ONLY,193.5090000629425,BETWEEN_GT5,4,34.5,1,TIER1_STRICT
SAME_TEAM,6663,2025,2025_SECONDARY,POST_QUALIFYING_PRACTICE,5825593,6663|5825593|2025|12,6663|5825593|2025|3,2025|12,2025|3,TEAM_PENSKE,TEAM_PENSKE,A_ONLY,A_ONLY,25.039999961853027,CONSECUTIVE,1,0.0,1,TIER1_STRICT
DIFF_TEAM,6663,2025,2025_SECONDARY,POST_QUALIFYING_PRACTICE,5825593,6663|5825593|2025|12,6663|5825593|2025|5,2025|12,2025|5,TEAM_PENSKE,ARROW_MCLAREN_SPM,A_ONLY,A_ONLY,172.65750002861023,BETWEEN_GT5,4,21.5,1,TIER1_STRICT
DIFF_TEAM,6663,2025,2025_SECONDARY,POST_QUALIFYING_PRACTICE,5825593,6663|5825593|2025|12,6663|5825593|2025|7,2025|12,2025|7,TEAM_PENSKE,ARROW_MCLAREN_SPM,A_ONLY,A_ONLY,174.3274998664856,BETWEEN_GT5,4,21.5,1,TIER1_STRICT
DIFF_TEAM,6663,2025,2025_SECONDARY,POST_QUALIFYING_PRACTICE,5825593,6663|5825593|2025|2,6663|5825593|2025|24,2025|2,2025|24,TEAM_PENSKE,DREYER_REINBOLD_RACING,A_ONLY,A_ONLY,38.360000133514404,BETWEEN_1_2,2,2.0,1,TIER1_STRICT
SAME_TEAM,6663,2025,2025_SECONDARY,POST_QUALIFYING_PRACTICE,5825593,6663|5825593|2025|2,6663|5825593|2025|3,2025|2,2025|3,TEAM_PENSKE,TEAM_PENSKE,A_ONLY,A_ONLY,130.10899996757507,BETWEEN_GT5,4,18.0,1,TIER1_STRICT
DIFF_TEAM,6663,2025,2025_SECONDARY,POST_QUALIFYING_PRACTICE,5825593,6663|5825593|2025|2,6663|5825593|2025|5,2025|2,2025|5,TEAM_PENSKE,ARROW_MCLAREN_SPM,A_ONLY,A_ONLY,17.50850009918213,CONSECUTIVE,1,0.0,1,TIER1_STRICT
DIFF_TEAM,6663,2025,2025_SECONDARY,POST_QUALIFYING_PRACTICE,5825593,6663|5825593|2025|2,6663|5825593|2025|7,2025|2,2025|7,TEAM_PENSKE,ARROW_MCLAREN_SPM,A_ONLY,A_ONLY,19.178499937057495,CONSECUTIVE,1,0.0,1,TIER1_STRICT
DIFF_TEAM,6663,2025,2025_SECONDARY,POST_QUALIFYING_PRACTICE,5825593,6663|5825593|2025|24,6663|5825593|2025|3,2025|24,2025|3,DREYER_REINBOLD_RACING,TEAM_PENSKE,A_ONLY,A_ONLY,168.46900010108948,BETWEEN_GT5,4,26.0,1,TIER1_STRICT
DIFF_TEAM,6663,2025,2025_SECONDARY,POST_QUALIFYING_PRACTICE,5825593,6663|5825593|2025|24,6663|5825593|2025|5,2025|24,2025|5,DREYER_REINBOLD_RACING,ARROW_MCLAREN_SPM,A_ONLY,A_ONLY,20.851500034332275,SAME_UPDATE,0,0.0,1,TIER1_STRICT
DIFF_TEAM,6663,2025,2025_SECONDARY,POST_QUALIFYING_PRACTICE,5825593,6663|5825593|2025|24,6663|5825593|2025|7,2025|24,2025|7,DREYER_REINBOLD_RACING,ARROW_MCLAREN_SPM,A_ONLY,A_ONLY,19.18150019645691,CONSECUTIVE,1,0.0,1,TIER1_STRICT
DIFF_TEAM,6663,2025,2025_SECONDARY,POST_QUALIFYING_PRACTICE,5825593,6663|5825593|2025|3,6663|5825593|2025|5,2025|3,2025|5,TEAM_PENSKE,ARROW_MCLAREN_SPM,A_ONLY,A_ONLY,147.6175000667572,BETWEEN_GT5,4,17.0,1,TIER1_STRICT
DIFF_TEAM,6663,2025,2025_SECONDARY,POST_QUALIFYING_PRACTICE,5825593,6663|5825593|2025|3,6663|5825593|2025|7,2025|3,2025|7,TEAM_PENSKE,ARROW_MCLAREN_SPM,A_ONLY,A_ONLY,149.28749990463257,BETWEEN_GT5,4,17.0,1,TIER1_STRICT
SAME_TEAM,6663,2025,2025_SECONDARY,POST_QUALIFYING_PRACTICE,5825593,6663|5825593|2025|5,6663|5825593|2025|7,2025|5,2025|7,ARROW_MCLAREN_SPM,ARROW_MCLAREN_SPM,A_ONLY,A_ONLY,1.6699998378753662,CONSECUTIVE,1,0.0,1,TIER1_STRICT
DIFF_TEAM,6663,2025,2025_SECONDARY,POST_QUALIFYING_PRACTICE,5825600,6663|5825600|2025|2,6663|5825600|2025|60,2025|2,2025|60,TEAM_PENSKE,MEYER_SHANK_RACING,A_ONLY,A_ONLY,249.81699991226196,BETWEEN_GT5,4,76.0,2,TIER1_STRICT
DIFF_TEAM,6663,2025,2025_SECONDARY,POST_QUALIFYING_PRACTICE,5825601,6663|5825601|2025|10,6663|5825601|2025|18,2025|10,2025|18,CHIP_GANASSI_RACING,DALE_COYNE_RACING,A_ONLY,A_ONLY,65.56750011444092,BETWEEN_3_5,3,11.5,2,TIER1_STRICT
DIFF_TEAM,6663,2025,2025_SECONDARY,POST_QUALIFYING_PRACTICE,5825601,6663|5825601|2025|10,6663|5825601|2025|2,2025|10,2025|2,CHIP_GANASSI_RACING,TEAM_PENSKE,A_ONLY,A_ONLY,107.11450004577637,BETWEEN_GT5,4,33.5,2,TIER1_STRICT
DIFF_TEAM,6663,2025,2025_SECONDARY,POST_QUALIFYING_PRACTICE,5825601,6663|5825601|2025|10,6663|5825601|2025|20,2025|10,2025|20,CHIP_GANASSI_RACING,ED_CARPENTER_RACING,A_ONLY,A_ONLY,38.178499937057495,BETWEEN_1_2,2,1.5,2,TIER1_STRICT
SAME_TEAM,6663,2025,2025_SECONDARY,POST_QUALIFYING_PRACTICE,5825601,6663|5825601|2025|10,6663|5825601|2025|8,2025|10,2025|8,CHIP_GANASSI_RACING,CHIP_GANASSI_RACING,A_ONLY,A_ONLY,67.22350001335144,BETWEEN_3_5,3,12.5,2,TIER1_STRICT
DIFF_TEAM,6663,2025,2025_SECONDARY,POST_QUALIFYING_PRACTICE,5825601,6663|5825601|2025|18,6663|5825601|2025|2,2025|18,2025|2,DALE_COYNE_RACING,TEAM_PENSKE,A_ONLY,A_ONLY,172.68200016021729,BETWEEN_GT5,4,65.0,2,TIER1_STRICT
DIFF_TEAM,6663,2025,2025_SECONDARY,POST_QUALIFYING_PRACTICE,5825601,6663|5825601|2025|18,6663|5825601|2025|20,2025|18,2025|20,DALE_COYNE_RACING,ED_CARPENTER_RACING,A_ONLY,A_ONLY,27.389000177383423,BETWEEN_GT5,4,9.0,2,TIER1_STRICT
DIFF_TEAM,6663,2025,2025_SECONDARY,POST_QUALIFYING_PRACTICE,5825601,6663|5825601|2025|18,6663|5825601|2025|8,2025|18,2025|8,DALE_COYNE_RACING,CHIP_GANASSI_RACING,A_ONLY,A_ONLY,1.6559998989105225,CONSECUTIVE,1,0.0,2,TIER1_STRICT
DIFF_TEAM,6663,2025,2025_SECONDARY,POST_QUALIFYING_PRACTICE,5825601,6663|5825601|2025|2,6663|5825601|2025|20,2025|2,2025|20,TEAM_PENSKE,ED_CARPENTER_RACING,A_ONLY,A_ONLY,145.29299998283386,BETWEEN_GT5,4,38.0,2,TIER1_STRICT
DIFF_TEAM,6663,2025,2025_SECONDARY,POST_QUALIFYING_PRACTICE,5825601,6663|5825601|2025|2,6663|5825601|2025|8,2025|2,2025|8,TEAM_PENSKE,CHIP_GANASSI_RACING,A_ONLY,A_ONLY,174.3380000591278,BETWEEN_GT5,4,67.0,2,TIER1_STRICT
DIFF_TEAM,6663,2025,2025_SECONDARY,POST_QUALIFYING_PRACTICE,5825601,6663|5825601|2025|20,6663|5825601|2025|8,2025|20,2025|8,ED_CARPENTER_RACING,CHIP_GANASSI_RACING,A_ONLY,A_ONLY,29.045000076293945,BETWEEN_GT5,4,11.0,2,TIER1_STRICT
DIFF_TEAM,6663,2025,2025_SECONDARY,POST_QUALIFYING_PRACTICE,5825602,6663|5825602|2025|18,6663|5825602|2025|20,2025|18,2025|20,DALE_COYNE_RACING,ED_CARPENTER_RACING,A_ONLY,A_ONLY,8.305999994277954,BETWEEN_GT5,4,7.0,1,TIER1_STRICT
DIFF_TEAM,6663,2025,2025_SECONDARY,POST_QUALIFYING_PRACTICE,5825602,6663|5825602|2025|18,6663|5825602|2025|66,2025|18,2025|66,DALE_COYNE_RACING,MEYER_SHANK_RACING,A_ONLY,A_ONLY,209.50099992752075,BETWEEN_GT5,4,72.0,1,TIER1_STRICT
DIFF_TEAM,6663,2025,2025_SECONDARY,POST_QUALIFYING_PRACTICE,5825602,6663|5825602|2025|18,6663|5825602|2025|75,2025|18,2025|75,DALE_COYNE_RACING,RAHAL_LETTERMAN_LANIGAN,A_ONLY,A_ONLY,207.83399987220764,BETWEEN_GT5,4,68.0,1,TIER1_STRICT
DIFF_TEAM,6663,2025,2025_SECONDARY,POST_QUALIFYING_PRACTICE,5825602,6663|5825602|2025|18,6663|5825602|2025|8,2025|18,2025|8,DALE_COYNE_RACING,CHIP_GANASSI_RACING,A_ONLY,A_ONLY,0.0,SAME_UPDATE,0,0.0,1,TIER1_STRICT
DIFF_TEAM,6663,2025,2025_SECONDARY,POST_QUALIFYING_PRACTICE,5825602,6663|5825602|2025|20,6663|5825602|2025|66,2025|20,2025|66,ED_CARPENTER_RACING,MEYER_SHANK_RACING,A_ONLY,A_ONLY,217.8069999217987,BETWEEN_GT5,4,81.0,1,TIER1_STRICT
DIFF_TEAM,6663,2025,2025_SECONDARY,POST_QUALIFYING_PRACTICE,5825602,6663|5825602|2025|20,6663|5825602|2025|75,2025|20,2025|75,ED_CARPENTER_RACING,RAHAL_LETTERMAN_LANIGAN,A_ONLY,A_ONLY,216.1399998664856,BETWEEN_GT5,4,77.0,1,TIER1_STRICT
DIFF_TEAM,6663,2025,2025_SECONDARY,POST_QUALIFYING_PRACTICE,5825602,6663|5825602|2025|20,6663|5825602|2025|8,2025|20,2025|8,ED_CARPENTER_RACING,CHIP_GANASSI_RACING,A_ONLY,A_ONLY,8.305999994277954,BETWEEN_GT5,4,7.0,1,TIER1_STRICT
DIFF_TEAM,6663,2025,2025_SECONDARY,POST_QUALIFYING_PRACTICE,5825602,6663|5825602|2025|66,6663|5825602|2025|75,2025|66,2025|75,MEYER_SHANK_RACING,RAHAL_LETTERMAN_LANIGAN,A_ONLY,A_ONLY,1.6670000553131104,CONSECUTIVE,1,0.0,1,TIER1_STRICT
DIFF_TEAM,6663,2025,2025_SECONDARY,POST_QUALIFYING_PRACTICE,5825602,6663|5825602|2025|66,6663|5825602|2025|8,2025|66,2025|8,MEYER_SHANK_RACING,CHIP_GANASSI_RACING,A_ONLY,A_ONLY,209.50099992752075,BETWEEN_GT5,4,91.0,1,TIER1_STRICT
DIFF_TEAM,6663,2025,2025_SECONDARY,POST_QUALIFYING_PRACTICE,5825602,6663|5825602|2025|75,6663|5825602|2025|8,2025|75,2025|8,RAHAL_LETTERMAN_LANIGAN,CHIP_GANASSI_RACING,A_ONLY,A_ONLY,207.83399987220764,BETWEEN_GT5,4,90.0,1,TIER1_STRICT
DIFF_TEAM,6663,2025,2025_SECONDARY,POST_QUALIFYING_PRACTICE,5825603,6663|5825603|2025|66,6663|5825603|2025|75,2025|66,2025|75,MEYER_SHANK_RACING,RAHAL_LETTERMAN_LANIGAN,A_ONLY,A_ONLY,1.6699998378753662,CONSECUTIVE,1,0.0,2,TIER1_STRICT
DIFF_TEAM,6663,2025,2025_SECONDARY,POST_QUALIFYING_PRACTICE,5825603,6663|5825603|2025|66,6663|5825603|2025|83,2025|66,2025|83,MEYER_SHANK_RACING,PREMA_RACING,A_ONLY,A_ONLY,116.64600014686584,BETWEEN_3_5,3,5.0,2,TIER1_STRICT
DIFF_TEAM,6663,2025,2025_SECONDARY,POST_QUALIFYING_PRACTICE,5825603,6663|5825603|2025|75,6663|5825603|2025|83,2025|75,2025|83,RAHAL_LETTERMAN_LANIGAN,PREMA_RACING,A_ONLY,A_ONLY,118.31599998474121,BETWEEN_GT5,4,6.0,2,TIER1_STRICT
DIFF_TEAM,6198,2023,2023_2024_PRIMARY,PRACTICE,5614465,6198|5614465|2023|3,6198|5614465|2023|5,2023|3,2023|5,TEAM_PENSKE,ARROW_MCLAREN_SPM,A_ONLY,B_ONLY,92.69200015068054,BETWEEN_GT5,4,6.0,1,TIER2_EXTENDED
DIFF_TEAM,6198,2023,2023_2024_PRIMARY,PRACTICE,5614466,6198|5614466|2023|45,6198|5614466|2023|51,2023|45,2023|51,RAHAL_LETTERMAN_LANIGAN,DALE_COYNE_RACING,A_ONLY,B_ONLY,98.74649977684021,BETWEEN_GT5,4,12.5,2,TIER2_EXTENDED
DIFF_TEAM,6198,2023,2023_2024_PRIMARY,PRACTICE,5614467,6198|5614467|2023|29,6198|5614467|2023|51,2023|29,2023|51,ANDRETTI,DALE_COYNE_RACING,A_ONLY,B_ONLY,35.14400005340576,BETWEEN_3_5,3,4.0,2,TIER2_EXTENDED
DIFF_TEAM,6198,2023,2023_2024_PRIMARY,PRACTICE,5614467,6198|5614467|2023|29,6198|5614467|2023|8,2023|29,2023|8,ANDRETTI,CHIP_GANASSI_RACING,A_ONLY,B_ONLY,85.45000004768372,BETWEEN_GT5,4,11.0,2,TIER2_EXTENDED
DIFF_TEAM,6198,2023,2023_2024_PRIMARY,PRACTICE,5614467,6198|5614467|2023|51,6198|5614467|2023|8,2023|51,2023|8,DALE_COYNE_RACING,CHIP_GANASSI_RACING,B_ONLY,B_ONLY,50.305999994277954,BETWEEN_1_2,2,3.0,2,TIER2_EXTENDED
DIFF_TEAM,6198,2023,2023_2024_PRIMARY,PRACTICE,5614470,6198|5614470|2023|24,6198|5614470|2023|26,2023|24,2023|26,DREYER_REINBOLD_RACING,ANDRETTI,A_ONLY,MIXED_AB,0.0,SAME_UPDATE,0,0.0,2,TIER2_EXTENDED
DIFF_TEAM,6198,2023,2023_2024_PRIMARY,PRACTICE,5614471,6198|5614471|2023|24,6198|5614471|2023|26,2023|24,2023|26,DREYER_REINBOLD_RACING,ANDRETTI,A_ONLY,A_ONLY,0.0,SAME_UPDATE,0,0.0,1,TIER2_EXTENDED
DIFF_TEAM,6198,2023,2023_2024_PRIMARY,PRACTICE,5614480,6198|5614480|2023|12,6198|5614480|2023|7,2023|12,2023|7,TEAM_PENSKE,ARROW_MCLAREN_SPM,B_ONLY,A_ONLY,85.28449988365173,BETWEEN_GT5,4,11.0,1,TIER2_EXTENDED
DIFF_TEAM,6198,2023,2023_2024_PRIMARY,PRACTICE,5614486,6198|5614486|2023|12,6198|5614486|2023|5,2023|12,2023|5,TEAM_PENSKE,ARROW_MCLAREN_SPM,A_ONLY,A_ONLY,18.394999980926514,CONSECUTIVE,1,0.0,1,TIER2_EXTENDED
DIFF_TEAM,6198,2023,2023_2024_PRIMARY,PRACTICE,5614494,6198|5614494|2023|23,6198|5614494|2023|8,2023|23,2023|8,DREYER_REINBOLD_RACING,CHIP_GANASSI_RACING,A_ONLY,A_ONLY,36.83299994468689,CONSECUTIVE,1,0.0,2,TIER2_EXTENDED
DIFF_TEAM,6198,2023,2023_2024_PRIMARY,PRACTICE,5614500,6198|5614500|2023|20,6198|5614500|2023|44,2023|20,2023|44,ED_CARPENTER_RACING,RAHAL_LETTERMAN_LANIGAN,A_ONLY,A_ONLY,37.470500230789185,BETWEEN_1_2,2,2.0,2,TIER2_EXTENDED
DIFF_TEAM,6198,2023,2023_2024_PRIMARY,PRACTICE,5614503,6198|5614503|2023|06,6198|5614503|2023|33,2023|06,2023|33,MEYER_SHANK_RACING,ED_CARPENTER_RACING,B_ONLY,A_ONLY,37.98800015449524,BETWEEN_3_5,3,4.0,2,TIER2_EXTENDED
DIFF_TEAM,6198,2023,2023_2024_PRIMARY,PRACTICE,5614504,6198|5614504|2023|06,6198|5614504|2023|50,2023|06,2023|50,MEYER_SHANK_RACING,ABEL_MOTORSPORTS,B_ONLY,A_ONLY,145.864000082016,BETWEEN_GT5,4,16.0,1,TIER2_EXTENDED
DIFF_TEAM,6198,2023,2023_2024_PRIMARY,PRACTICE,5614504,6198|5614504|2023|06,6198|5614504|2023|55,2023|06,2023|55,MEYER_SHANK_RACING,AJ_FOYT,B_ONLY,B_ONLY,84.52699995040894,BETWEEN_1_2,2,2.0,1,TIER2_EXTENDED
DIFF_TEAM,6198,2023,2023_2024_PRIMARY,PRACTICE,5614504,6198|5614504|2023|50,6198|5614504|2023|55,2023|50,2023|55,ABEL_MOTORSPORTS,AJ_FOYT,A_ONLY,B_ONLY,61.337000131607056,BETWEEN_1_2,2,2.0,1,TIER2_EXTENDED
DIFF_TEAM,6198,2023,2023_2024_PRIMARY,PRACTICE,5614526,6198|5614526|2023|11,6198|5614526|2023|77,2023|11,2023|77,CHIP_GANASSI_RACING,JUNCOS_HOLLINGER_RACING,A_ONLY,A_ONLY,30.151000022888184,BETWEEN_GT5,4,6.0,2,TIER2_EXTENDED
DIFF_TEAM,6198,2023,2023_2024_PRIMARY,PRACTICE,5614527,6198|5614527|2023|11,6198|5614527|2023|2,2023|11,2023|2,CHIP_GANASSI_RACING,TEAM_PENSKE,A_ONLY,B_ONLY,186.6144998073578,BETWEEN_GT5,4,72.0,2,TIER2_EXTENDED
DIFF_TEAM,6198,2023,2023_2024_PRIMARY,PRACTICE,5614527,6198|5614527|2023|11,6198|5614527|2023|30,2023|11,2023|30,CHIP_GANASSI_RACING,RAHAL_LETTERMAN_LANIGAN,A_ONLY,A_ONLY,229.30449986457825,BETWEEN_GT5,4,108.0,2,TIER2_EXTENDED
DIFF_TEAM,6198,2023,2023_2024_PRIMARY,PRACTICE,5614527,6198|5614527|2023|11,6198|5614527|2023|5,2023|11,2023|5,CHIP_GANASSI_RACING,ARROW_MCLAREN_SPM,A_ONLY,A_ONLY,220.9340000152588,BETWEEN_GT5,4,95.0,2,TIER2_EXTENDED
DIFF_TEAM,6198,2023,2023_2024_PRIMARY,PRACTICE,5614527,6198|5614527|2023|11,6198|5614527|2023|77,2023|11,2023|77,CHIP_GANASSI_RACING,JUNCOS_HOLLINGER_RACING,A_ONLY,A_ONLY,51.92400002479553,BETWEEN_GT5,4,10.0,2,TIER2_EXTENDED
DIFF_TEAM,6198,2023,2023_2024_PRIMARY,PRACTICE,5614527,6198|5614527|2023|2,6198|5614527|2023|30,2023|2,2023|30,TEAM_PENSKE,RAHAL_LETTERMAN_LANIGAN,B_ONLY,A_ONLY,42.69000005722046,BETWEEN_1_2,2,8.0,2,TIER2_EXTENDED
DIFF_TEAM,6198,2023,2023_2024_PRIMARY,PRACTICE,5614527,6198|5614527|2023|2,6198|5614527|2023|5,2023|2,2023|5,TEAM_PENSKE,ARROW_MCLAREN_SPM,B_ONLY,A_ONLY,34.319500207901,BETWEEN_3_5,3,4.5,2,TIER2_EXTENDED
DIFF_TEAM,6198,2023,2023_2024_PRIMARY,PRACTICE,5614527,6198|5614527|2023|2,6198|5614527|2023|77,2023|2,2023|77,TEAM_PENSKE,JUNCOS_HOLLINGER_RACING,B_ONLY,A_ONLY,134.69049978256226,BETWEEN_GT5,4,37.5,2,TIER2_EXTENDED
DIFF_TEAM,6198,2023,2023_2024_PRIMARY,PRACTICE,5614527,6198|5614527|2023|30,6198|5614527|2023|5,2023|30,2023|5,RAHAL_LETTERMAN_LANIGAN,ARROW_MCLAREN_SPM,A_ONLY,A_ONLY,8.370499849319458,BETWEEN_GT5,4,8.0,2,TIER2_EXTENDED
DIFF_TEAM,6198,2023,2023_2024_PRIMARY,PRACTICE,5614527,6198|5614527|2023|30,6198|5614527|2023|77,2023|30,2023|77,RAHAL_LETTERMAN_LANIGAN,JUNCOS_HOLLINGER_RACING,A_ONLY,A_ONLY,177.38049983978271,BETWEEN_GT5,4,54.5,2,TIER2_EXTENDED
DIFF_TEAM,6198,2023,2023_2024_PRIMARY,PRACTICE,5614527,6198|5614527|2023|5,6198|5614527|2023|77,2023|5,2023|77,ARROW_MCLAREN_SPM,JUNCOS_HOLLINGER_RACING,A_ONLY,A_ONLY,169.00999999046326,BETWEEN_GT5,4,43.0,2,TIER2_EXTENDED
DIFF_TEAM,6198,2023,2023_2024_PRIMARY,PRACTICE,5614528,6198|5614528|2023|10,6198|5614528|2023|2,2023|10,2023|2,CHIP_GANASSI_RACING,TEAM_PENSKE,A_ONLY,A_ONLY,10.878000259399414,BETWEEN_3_5,3,4.0,1,TIER2_EXTENDED
DIFF_TEAM,6198,2023,2023_2024_PRIMARY,PRACTICE,5614528,6198|5614528|2023|10,6198|5614528|2023|30,2023|10,2023|30,CHIP_GANASSI_RACING,RAHAL_LETTERMAN_LANIGAN,A_ONLY,A_ONLY,69.44100022315979,BETWEEN_1_2,2,8.0,1,TIER2_EXTENDED
DIFF_TEAM,6198,2023,2023_2024_PRIMARY,PRACTICE,5614528,6198|5614528|2023|10,6198|5614528|2023|33,2023|10,2023|33,CHIP_GANASSI_RACING,ED_CARPENTER_RACING,A_ONLY,B_ONLY,29.311999797821045,BETWEEN_3_5,3,5.5,1,TIER2_EXTENDED
DIFF_TEAM,6198,2023,2023_2024_PRIMARY,PRACTICE,5614528,6198|5614528|2023|10,6198|5614528|2023|45,2023|10,2023|45,CHIP_GANASSI_RACING,RAHAL_LETTERMAN_LANIGAN,A_ONLY,B_ONLY,143.11499977111816,BETWEEN_GT5,4,41.0,1,TIER2_EXTENDED
DIFF_TEAM,6198,2023,2023_2024_PRIMARY,PRACTICE,5614528,6198|5614528|2023|10,6198|5614528|2023|5,2023|10,2023|5,CHIP_GANASSI_RACING,ARROW_MCLAREN_SPM,A_ONLY,A_ONLY,76.13500022888184,BETWEEN_GT5,4,13.0,1,TIER2_EXTENDED
DIFF_TEAM,6198,2023,2023_2024_PRIMARY,PRACTICE,5614528,6198|5614528|2023|2,6198|5614528|2023|30,2023|2,2023|30,TEAM_PENSKE,RAHAL_LETTERMAN_LANIGAN,A_ONLY,A_ONLY,58.562999963760376,CONSECUTIVE,1,3.0,1,TIER2_EXTENDED
DIFF_TEAM,6198,2023,2023_2024_PRIMARY,PRACTICE,5614528,6198|5614528|2023|2,6198|5614528|2023|33,2023|2,2023|33,TEAM_PENSKE,ED_CARPENTER_RACING,A_ONLY,B_ONLY,40.19000005722046,SAME_UPDATE,0,0.0,1,TIER2_EXTENDED
DIFF_TEAM,6198,2023,2023_2024_PRIMARY,PRACTICE,5614528,6198|5614528|2023|2,6198|5614528|2023|45,2023|2,2023|45,TEAM_PENSKE,RAHAL_LETTERMAN_LANIGAN,A_ONLY,B_ONLY,153.99300003051758,BETWEEN_GT5,4,45.5,1,TIER2_EXTENDED
DIFF_TEAM,6198,2023,2023_2024_PRIMARY,PRACTICE,5614528,6198|5614528|2023|2,6198|5614528|2023|5,2023|2,2023|5,TEAM_PENSKE,ARROW_MCLAREN_SPM,A_ONLY,A_ONLY,65.25699996948242,BETWEEN_3_5,3,7.0,1,TIER2_EXTENDED
DIFF_TEAM,6198,2023,2023_2024_PRIMARY,PRACTICE,5614528,6198|5614528|2023|30,6198|5614528|2023|33,2023|30,2023|33,RAHAL_LETTERMAN_LANIGAN,ED_CARPENTER_RACING,A_ONLY,B_ONLY,98.75300002098083,BETWEEN_GT5,4,8.0,1,TIER2_EXTENDED
SAME_TEAM,6198,2023,2023_2024_PRIMARY,PRACTICE,5614528,6198|5614528|2023|30,6198|5614528|2023|45,2023|30,2023|45,RAHAL_LETTERMAN_LANIGAN,RAHAL_LETTERMAN_LANIGAN,A_ONLY,B_ONLY,212.55599999427795,BETWEEN_GT5,4,61.0,1,TIER2_EXTENDED
DIFF_TEAM,6198,2023,2023_2024_PRIMARY,PRACTICE,5614528,6198|5614528|2023|30,6198|5614528|2023|5,2023|30,2023|5,RAHAL_LETTERMAN_LANIGAN,ARROW_MCLAREN_SPM,A_ONLY,A_ONLY,6.694000005722046,BETWEEN_3_5,3,5.0,1,TIER2_EXTENDED
DIFF_TEAM,6198,2023,2023_2024_PRIMARY,PRACTICE,5614528,6198|5614528|2023|33,6198|5614528|2023|45,2023|33,2023|45,ED_CARPENTER_RACING,RAHAL_LETTERMAN_LANIGAN,B_ONLY,B_ONLY,113.80299997329712,BETWEEN_GT5,4,35.0,1,TIER2_EXTENDED
DIFF_TEAM,6198,2023,2023_2024_PRIMARY,PRACTICE,5614528,6198|5614528|2023|33,6198|5614528|2023|5,2023|33,2023|5,ED_CARPENTER_RACING,ARROW_MCLAREN_SPM,B_ONLY,A_ONLY,105.44700002670288,BETWEEN_GT5,4,16.5,1,TIER2_EXTENDED
DIFF_TEAM,6198,2023,2023_2024_PRIMARY,PRACTICE,5614528,6198|5614528|2023|45,6198|5614528|2023|5,2023|45,2023|5,RAHAL_LETTERMAN_LANIGAN,ARROW_MCLAREN_SPM,B_ONLY,A_ONLY,219.25,BETWEEN_GT5,4,54.0,1,TIER2_EXTENDED
DIFF_TEAM,6198,2023,2023_2024_PRIMARY,PRACTICE,5614529,6198|5614529|2023|14,6198|5614529|2023|45,2023|14,2023|45,AJ_FOYT,RAHAL_LETTERMAN_LANIGAN,B_ONLY,A_ONLY,46.84000015258789,BETWEEN_1_2,2,1.0,2,TIER2_EXTENDED
DIFF_TEAM,6198,2023,2023_2024_PRIMARY,PRACTICE,5614529,6198|5614529|2023|14,6198|5614529|2023|66,2023|14,2023|66,AJ_FOYT,ARROW_MCLAREN_SPM,B_ONLY,B_ONLY,82.80550003051758,BETWEEN_GT5,4,8.0,2,TIER2_EXTENDED
DIFF_TEAM,6198,2023,2023_2024_PRIMARY,PRACTICE,5614529,6198|5614529|2023|14,6198|5614529|2023|8,2023|14,2023|8,AJ_FOYT,CHIP_GANASSI_RACING,B_ONLY,A_ONLY,202.4190001487732,BETWEEN_GT5,4,55.0,2,TIER2_EXTENDED
DIFF_TEAM,6198,2023,2023_2024_PRIMARY,PRACTICE,5614529,6198|5614529|2023|45,6198|5614529|2023|66,2023|45,2023|66,RAHAL_LETTERMAN_LANIGAN,ARROW_MCLAREN_SPM,A_ONLY,B_ONLY,35.96549987792969,BETWEEN_1_2,2,1.0,2,TIER2_EXTENDED
DIFF_TEAM,6198,2023,2023_2024_PRIMARY,PRACTICE,5614529,6198|5614529|2023|45,6198|5614529|2023|8,2023|45,2023|8,RAHAL_LETTERMAN_LANIGAN,CHIP_GANASSI_RACING,A_ONLY,A_ONLY,155.5789999961853,BETWEEN_GT5,4,39.0,2,TIER2_EXTENDED
DIFF_TEAM,6198,2023,2023_2024_PRIMARY,PRACTICE,5614529,6198|5614529|2023|66,6198|5614529|2023|8,2023|66,2023|8,ARROW_MCLAREN_SPM,CHIP_GANASSI_RACING,B_ONLY,A_ONLY,119.61350011825562,BETWEEN_GT5,4,30.5,2,TIER2_EXTENDED
SAME_TEAM,6198,2023,2023_2024_PRIMARY,PRACTICE,5614530,6198|5614530|2023|8,6198|5614530|2023|9,2023|8,2023|9,CHIP_GANASSI_RACING,CHIP_GANASSI_RACING,A_ONLY,B_ONLY,61.88900017738342,SAME_UPDATE,0,0.0,2,TIER2_EXTENDED
SAME_TEAM,6198,2023,2023_2024_PRIMARY,PRACTICE,5614531,6198|5614531|2023|27,6198|5614531|2023|98,2023|27,2023|98,ANDRETTI,ANDRETTI,B_ONLY,B_ONLY,123.39599990844727,BETWEEN_GT5,4,17.0,1,TIER2_EXTENDED
DIFF_TEAM,6198,2023,2023_2024_PRIMARY,PRACTICE,5614533,6198|5614533|2023|15,6198|5614533|2023|27,2023|15,2023|27,RAHAL_LETTERMAN_LANIGAN,ANDRETTI,MIXED_AB,A_ONLY,87.85750007629395,BETWEEN_GT5,4,20.0,2,TIER2_EXTENDED
DIFF_TEAM,6198,2023,2023_2024_PRIMARY,PRACTICE,5614533,6198|5614533|2023|15,6198|5614533|2023|3,2023|15,2023|3,RAHAL_LETTERMAN_LANIGAN,TEAM_PENSKE,MIXED_AB,B_ONLY,45.98699998855591,BETWEEN_3_5,3,3.5,2,TIER2_EXTENDED
DIFF_TEAM,6198,2023,2023_2024_PRIMARY,PRACTICE,5614533,6198|5614533|2023|15,6198|5614533|2023|6,2023|15,2023|6,RAHAL_LETTERMAN_LANIGAN,ARROW_MCLAREN_SPM,MIXED_AB,A_ONLY,55.18599987030029,BETWEEN_GT5,4,6.0,2,TIER2_EXTENDED
DIFF_TEAM,6198,2023,2023_2024_PRIMARY,PRACTICE,5614533,6198|5614533|2023|27,6198|5614533|2023|3,2023|27,2023|3,ANDRETTI,TEAM_PENSKE,A_ONLY,B_ONLY,133.84450006484985,BETWEEN_GT5,4,46.0,2,TIER2_EXTENDED
DIFF_TEAM,6198,2023,2023_2024_PRIMARY,PRACTICE,5614533,6198|5614533|2023|27,6198|5614533|2023|6,2023|27,2023|6,ANDRETTI,ARROW_MCLAREN_SPM,A_ONLY,A_ONLY,143.04349994659424,BETWEEN_GT5,4,48.0,2,TIER2_EXTENDED
DIFF_TEAM,6198,2023,2023_2024_PRIMARY,PRACTICE,5614533,6198|5614533|2023|3,6198|5614533|2023|6,2023|3,2023|6,TEAM_PENSKE,ARROW_MCLAREN_SPM,B_ONLY,A_ONLY,9.198999881744385,BETWEEN_GT5,4,12.5,2,TIER2_EXTENDED
DIFF_TEAM,6198,2023,2023_2024_PRIMARY,PRACTICE,5614534,6198|5614534|2023|26,6198|5614534|2023|6,2023|26,2023|6,ANDRETTI,ARROW_MCLAREN_SPM,A_ONLY,A_ONLY,81.99300003051758,BETWEEN_GT5,4,32.0,1,TIER2_EXTENDED
DIFF_TEAM,6199,2023,2023_2024_PRIMARY,PRACTICE,5614753,6199|5614753|2023|29,6199|5614753|2023|33,2023|29,2023|33,ANDRETTI,ED_CARPENTER_RACING,A_ONLY,A_ONLY,76.3525002002716,BETWEEN_3_5,3,5.0,1,TIER2_EXTENDED
DIFF_TEAM,6199,2023,2023_2024_PRIMARY,PRACTICE,5614754,6199|5614754|2023|26,6199|5614754|2023|33,2023|26,2023|33,ANDRETTI,ED_CARPENTER_RACING,A_ONLY,A_ONLY,77.14300012588501,BETWEEN_GT5,4,11.5,2,TIER2_EXTENDED
DIFF_TEAM,6199,2023,2023_2024_PRIMARY,PRACTICE,5614759,6199|5614759|2023|21,6199|5614759|2023|27,2023|21,2023|27,ED_CARPENTER_RACING,ANDRETTI,MIXED_AB,A_ONLY,97.1029999256134,BETWEEN_3_5,3,5.0,1,TIER2_EXTENDED
DIFF_TEAM,6199,2023,2023_2024_PRIMARY,PRACTICE,5614759,6199|5614759|2023|21,6199|5614759|2023|77,2023|21,2023|77,ED_CARPENTER_RACING,JUNCOS_HOLLINGER_RACING,MIXED_AB,A_ONLY,130.60599994659424,BETWEEN_GT5,4,11.0,1,TIER2_EXTENDED
DIFF_TEAM,6199,2023,2023_2024_PRIMARY,PRACTICE,5614759,6199|5614759|2023|27,6199|5614759|2023|77,2023|27,2023|77,ANDRETTI,JUNCOS_HOLLINGER_RACING,A_ONLY,A_ONLY,33.503000020980835,BETWEEN_1_2,2,1.0,1,TIER2_EXTENDED
DIFF_TEAM,6199,2023,2023_2024_PRIMARY,PRACTICE,5614760,6199|5614760|2023|24,6199|5614760|2023|27,2023|24,2023|27,DREYER_REINBOLD_RACING,ANDRETTI,B_ONLY,A_ONLY,172.4465000629425,BETWEEN_GT5,4,45.0,2,TIER2_EXTENDED
DIFF_TEAM,6199,2023,2023_2024_PRIMARY,PRACTICE,5614760,6199|5614760|2023|24,6199|5614760|2023|6,2023|24,2023|6,DREYER_REINBOLD_RACING,ARROW_MCLAREN_SPM,B_ONLY,A_ONLY,70.2649998664856,BETWEEN_GT5,4,17.0,2,TIER2_EXTENDED
DIFF_TEAM,6199,2023,2023_2024_PRIMARY,PRACTICE,5614760,6199|5614760|2023|24,6199|5614760|2023|66,2023|24,2023|66,DREYER_REINBOLD_RACING,ARROW_MCLAREN_SPM,B_ONLY,A_ONLY,27.605499982833862,BETWEEN_3_5,3,4.5,2,TIER2_EXTENDED
DIFF_TEAM,6199,2023,2023_2024_PRIMARY,PRACTICE,5614760,6199|5614760|2023|24,6199|5614760|2023|77,2023|24,2023|77,DREYER_REINBOLD_RACING,JUNCOS_HOLLINGER_RACING,B_ONLY,A_ONLY,135.63750004768372,BETWEEN_GT5,4,30.0,2,TIER2_EXTENDED
DIFF_TEAM,6199,2023,2023_2024_PRIMARY,PRACTICE,5614760,6199|5614760|2023|27,6199|5614760|2023|6,2023|27,2023|6,ANDRETTI,ARROW_MCLAREN_SPM,A_ONLY,A_ONLY,242.7114999294281,BETWEEN_GT5,4,63.0,2,TIER2_EXTENDED
DIFF_TEAM,6199,2023,2023_2024_PRIMARY,PRACTICE,5614760,6199|5614760|2023|27,6199|5614760|2023|66,2023|27,2023|66,ANDRETTI,ARROW_MCLAREN_SPM,A_ONLY,A_ONLY,200.05200004577637,BETWEEN_GT5,4,32.0,2,TIER2_EXTENDED
DIFF_TEAM,6199,2023,2023_2024_PRIMARY,PRACTICE,5614760,6199|5614760|2023|27,6199|5614760|2023|77,2023|27,2023|77,ANDRETTI,JUNCOS_HOLLINGER_RACING,A_ONLY,A_ONLY,36.80900001525879,CONSECUTIVE,1,0.0,2,TIER2_EXTENDED
SAME_TEAM,6199,2023,2023_2024_PRIMARY,PRACTICE,5614760,6199|5614760|2023|6,6199|5614760|2023|66,2023|6,2023|66,ARROW_MCLAREN_SPM,ARROW_MCLAREN_SPM,A_ONLY,A_ONLY,42.65949988365173,CONSECUTIVE,1,0.0,2,TIER2_EXTENDED
DIFF_TEAM,6199,2023,2023_2024_PRIMARY,PRACTICE,5614760,6199|5614760|2023|6,6199|5614760|2023|77,2023|6,2023|77,ARROW_MCLAREN_SPM,JUNCOS_HOLLINGER_RACING,A_ONLY,A_ONLY,205.9024999141693,BETWEEN_GT5,4,55.0,2,TIER2_EXTENDED
DIFF_TEAM,6199,2023,2023_2024_PRIMARY,PRACTICE,5614760,6199|5614760|2023|66,6199|5614760|2023|77,2023|66,2023|77,ARROW_MCLAREN_SPM,JUNCOS_HOLLINGER_RACING,A_ONLY,A_ONLY,163.24300003051758,BETWEEN_GT5,4,36.5,2,TIER2_EXTENDED
DIFF_TEAM,6199,2023,2023_2024_PRIMARY,PRACTICE,5614761,6199|5614761|2023|6,6199|5614761|2023|60,2023|6,2023|60,ARROW_MCLAREN_SPM,MEYER_SHANK_RACING,A_ONLY,A_ONLY,214.19000005722046,BETWEEN_GT5,4,37.5,2,TIER2_EXTENDED
DIFF_TEAM,6199,2023,2023_2024_PRIMARY,PRACTICE,5614761,6199|5614761|2023|6,6199|5614761|2023|98,2023|6,2023|98,ARROW_MCLAREN_SPM,ANDRETTI,A_ONLY,A_ONLY,22.61050009727478,BETWEEN_1_2,2,4.0,2,TIER2_EXTENDED
DIFF_TEAM,6199,2023,2023_2024_PRIMARY,PRACTICE,5614761,6199|5614761|2023|60,6199|5614761|2023|98,2023|60,2023|98,MEYER_SHANK_RACING,ANDRETTI,A_ONLY,A_ONLY,191.57949995994568,BETWEEN_GT5,4,19.5,2,TIER2_EXTENDED
DIFF_TEAM,6199,2023,2023_2024_PRIMARY,PRACTICE,5614763,6199|5614763|2023|20,6199|5614763|2023|3,2023|20,2023|3,ED_CARPENTER_RACING,TEAM_PENSKE,A_ONLY,A_ONLY,3.3559999465942383,BETWEEN_1_2,2,1.5,2,TIER2_EXTENDED
DIFF_TEAM,6199,2023,2023_2024_PRIMARY,PRACTICE,5614764,6199|5614764|2023|2,6199|5614764|2023|20,2023|2,2023|20,TEAM_PENSKE,ED_CARPENTER_RACING,A_ONLY,A_ONLY,204.22399997711182,BETWEEN_GT5,4,19.0,2,TIER2_EXTENDED
DIFF_TEAM,6199,2023,2023_2024_PRIMARY,PRACTICE,5614764,6199|5614764|2023|2,6199|5614764|2023|28,2023|2,2023|28,TEAM_PENSKE,ANDRETTI,A_ONLY,A_ONLY,128.89249992370605,BETWEEN_3_5,3,3.0,2,TIER2_EXTENDED
SAME_TEAM,6199,2023,2023_2024_PRIMARY,PRACTICE,5614764,6199|5614764|2023|2,6199|5614764|2023|3,2023|2,2023|3,TEAM_PENSKE,TEAM_PENSKE,A_ONLY,A_ONLY,220.97199988365173,BETWEEN_GT5,4,21.0,2,TIER2_EXTENDED
DIFF_TEAM,6199,2023,2023_2024_PRIMARY,PRACTICE,5614764,6199|5614764|2023|20,6199|5614764|2023|28,2023|20,2023|28,ED_CARPENTER_RACING,ANDRETTI,A_ONLY,A_ONLY,75.33150005340576,BETWEEN_3_5,3,4.0,2,TIER2_EXTENDED
DIFF_TEAM,6199,2023,2023_2024_PRIMARY,PRACTICE,5614764,6199|5614764|2023|20,6199|5614764|2023|3,2023|20,2023|3,ED_CARPENTER_RACING,TEAM_PENSKE,A_ONLY,A_ONLY,16.747999906539917,BETWEEN_1_2,2,2.0,2,TIER2_EXTENDED
DIFF_TEAM,6199,2023,2023_2024_PRIMARY,PRACTICE,5614764,6199|5614764|2023|28,6199|5614764|2023|3,2023|28,2023|3,ANDRETTI,TEAM_PENSKE,A_ONLY,A_ONLY,92.07949995994568,BETWEEN_3_5,3,8.5,2,TIER2_EXTENDED
DIFF_TEAM,6199,2023,2023_2024_PRIMARY,PRACTICE,5614767,6199|5614767|2023|3,6199|5614767|2023|51,2023|3,2023|51,TEAM_PENSKE,DALE_COYNE_RACING,A_ONLY,A_ONLY,89.56599998474121,BETWEEN_1_2,2,1.0,2,TIER2_EXTENDED
DIFF_TEAM,6199,2023,2023_2024_PRIMARY,PRACTICE,5614770,6199|5614770|2023|10,6199|5614770|2023|45,2023|10,2023|45,CHIP_GANASSI_RACING,RAHAL_LETTERMAN_LANIGAN,A_ONLY,B_ONLY,97.12150001525879,BETWEEN_1_2,2,5.0,2,TIER2_EXTENDED
DIFF_TEAM,6199,2023,2023_2024_PRIMARY,PRACTICE,5614774,6199|5614774|2023|12,6199|5614774|2023|30,2023|12,2023|30,TEAM_PENSKE,RAHAL_LETTERMAN_LANIGAN,A_ONLY,A_ONLY,133.90149998664856,BETWEEN_3_5,3,6.0,1,TIER2_EXTENDED
DIFF_TEAM,6199,2023,2023_2024_PRIMARY,PRACTICE,5614797,6199|5614797|2023|06,6199|5614797|2023|12,2023|06,2023|12,MEYER_SHANK_RACING,TEAM_PENSKE,B_ONLY,B_ONLY,46.814499855041504,BETWEEN_GT5,4,13.5,2,TIER2_EXTENDED
DIFF_TEAM,6199,2023,2023_2024_PRIMARY,PRACTICE,5614798,6199|5614798|2023|06,6199|5614798|2023|12,2023|06,2023|12,MEYER_SHANK_RACING,TEAM_PENSKE,B_ONLY,B_ONLY,25.062999963760376,BETWEEN_3_5,3,5.0,1,TIER2_EXTENDED
DIFF_TEAM,6199,2023,2023_2024_PRIMARY,PRACTICE,5614798,6199|5614798|2023|06,6199|5614798|2023|26,2023|06,2023|26,MEYER_SHANK_RACING,ANDRETTI,B_ONLY,A_ONLY,110.36450004577637,BETWEEN_GT5,4,19.0,1,TIER2_EXTENDED
DIFF_TEAM,6199,2023,2023_2024_PRIMARY,PRACTICE,5614798,6199|5614798|2023|06,6199|5614798|2023|7,2023|06,2023|7,MEYER_SHANK_RACING,ARROW_MCLAREN_SPM,B_ONLY,B_ONLY,229.12450003623962,BETWEEN_GT5,4,63.0,1,TIER2_EXTENDED
DIFF_TEAM,6199,2023,2023_2024_PRIMARY,PRACTICE,5614798,6199|5614798|2023|12,6199|5614798|2023|26,2023|12,2023|26,TEAM_PENSKE,ANDRETTI,B_ONLY,A_ONLY,85.30150008201599,CONSECUTIVE,1,6.0,1,TIER2_EXTENDED
DIFF_TEAM,6199,2023,2023_2024_PRIMARY,PRACTICE,5614798,6199|5614798|2023|12,6199|5614798|2023|7,2023|12,2023|7,TEAM_PENSKE,ARROW_MCLAREN_SPM,B_ONLY,B_ONLY,204.06150007247925,BETWEEN_GT5,4,50.0,1,TIER2_EXTENDED
DIFF_TEAM,6199,2023,2023_2024_PRIMARY,PRACTICE,5614798,6199|5614798|2023|26,6199|5614798|2023|7,2023|26,2023|7,ANDRETTI,ARROW_MCLAREN_SPM,A_ONLY,B_ONLY,118.75999999046326,BETWEEN_GT5,4,25.0,1,TIER2_EXTENDED
DIFF_TEAM,6199,2023,2023_2024_PRIMARY,PRACTICE,5614804,6199|5614804|2023|18,6199|5614804|2023|24,2023|18,2023|24,DALE_COYNE_RACING,DREYER_REINBOLD_RACING,B_ONLY,A_ONLY,171.08649969100952,BETWEEN_GT5,4,27.0,1,TIER2_EXTENDED
DIFF_TEAM,6199,2023,2023_2024_PRIMARY,PRACTICE,5614804,6199|5614804|2023|18,6199|5614804|2023|27,2023|18,2023|27,DALE_COYNE_RACING,ANDRETTI,B_ONLY,B_ONLY,103.36899995803833,BETWEEN_GT5,4,12.0,1,TIER2_EXTENDED
DIFF_TEAM,6199,2023,2023_2024_PRIMARY,PRACTICE,5614804,6199|5614804|2023|24,6199|5614804|2023|27,2023|24,2023|27,DREYER_REINBOLD_RACING,ANDRETTI,A_ONLY,B_ONLY,67.71749973297119,BETWEEN_1_2,2,4.0,1,TIER2_EXTENDED
DIFF_TEAM,6199,2023,2023_2024_PRIMARY,PRACTICE,5614807,6199|5614807|2023|06,6199|5614807|2023|7,2023|06,2023|7,MEYER_SHANK_RACING,ARROW_MCLAREN_SPM,A_ONLY,A_ONLY,20.891000032424927,SAME_UPDATE,0,0.0,1,TIER2_EXTENDED
DIFF_TEAM,6199,2023,2023_2024_PRIMARY,PRACTICE,5614814,6199|5614814|2023|15,6199|5614814|2023|50,2023|15,2023|50,RAHAL_LETTERMAN_LANIGAN,ABEL_MOTORSPORTS,B_ONLY,A_ONLY,174.14950013160706,BETWEEN_GT5,4,81.0,2,TIER2_EXTENDED
DIFF_TEAM,6199,2023,2023_2024_PRIMARY,PRACTICE,5614815,6199|5614815|2023|45,6199|5614815|2023|50,2023|45,2023|50,RAHAL_LETTERMAN_LANIGAN,ABEL_MOTORSPORTS,A_ONLY,A_ONLY,221.35749983787537,BETWEEN_GT5,4,35.0,2,TIER2_EXTENDED
DIFF_TEAM,6199,2023,2023_2024_PRIMARY,PRACTICE,5614816,6199|5614816|2023|45,6199|5614816|2023|7,2023|45,2023|7,RAHAL_LETTERMAN_LANIGAN,ARROW_MCLAREN_SPM,A_ONLY,MIXED_AB,60.1324999332428,SAME_UPDATE,0,0.0,1,TIER2_EXTENDED
DIFF_TEAM,6199,2023,2023_2024_PRIMARY,PRACTICE,5614817,6199|5614817|2023|55,6199|5614817|2023|77,2023|55,2023|77,AJ_FOYT,JUNCOS_HOLLINGER_RACING,A_ONLY,B_ONLY,66.02649974822998,BETWEEN_3_5,3,4.0,2,TIER2_EXTENDED
DIFF_TEAM,6199,2023,2023_2024_PRIMARY,PRACTICE,5614820,6199|5614820|2023|15,6199|5614820|2023|55,2023|15,2023|55,RAHAL_LETTERMAN_LANIGAN,AJ_FOYT,B_ONLY,B_ONLY,48.47099995613098,BETWEEN_3_5,3,3.0,2,TIER2_EXTENDED
DIFF_TEAM,6199,2023,2023_2024_PRIMARY,PRACTICE,5614821,6199|5614821|2023|14,6199|5614821|2023|23,2023|14,2023|23,AJ_FOYT,DREYER_REINBOLD_RACING,A_ONLY,A_ONLY,140.37800002098083,BETWEEN_GT5,4,47.5,2,TIER2_EXTENDED
DIFF_TEAM,6199,2023,2023_2024_PRIMARY,PRACTICE,5614821,6199|5614821|2023|14,6199|5614821|2023|8,2023|14,2023|8,AJ_FOYT,CHIP_GANASSI_RACING,A_ONLY,A_ONLY,130.34400010108948,BETWEEN_GT5,4,46.5,2,TIER2_EXTENDED
DIFF_TEAM,6199,2023,2023_2024_PRIMARY,PRACTICE,5614821,6199|5614821|2023|14,6199|5614821|2023|9,2023|14,2023|9,AJ_FOYT,CHIP_GANASSI_RACING,A_ONLY,A_ONLY,53.448999881744385,BETWEEN_1_2,2,1.0,2,TIER2_EXTENDED
DIFF_TEAM,6199,2023,2023_2024_PRIMARY,PRACTICE,5614821,6199|5614821|2023|23,6199|5614821|2023|8,2023|23,2023|8,DREYER_REINBOLD_RACING,CHIP_GANASSI_RACING,A_ONLY,A_ONLY,10.033999919891357,CONSECUTIVE,1,0.0,2,TIER2_EXTENDED
DIFF_TEAM,6199,2023,2023_2024_PRIMARY,PRACTICE,5614821,6199|5614821|2023|23,6199|5614821|2023|9,2023|23,2023|9,DREYER_REINBOLD_RACING,CHIP_GANASSI_RACING,A_ONLY,A_ONLY,193.82699990272522,BETWEEN_GT5,4,42.0,2,TIER2_EXTENDED
SAME_TEAM,6199,2023,2023_2024_PRIMARY,PRACTICE,5614821,6199|5614821|2023|8,6199|5614821|2023|9,2023|8,2023|9,CHIP_GANASSI_RACING,CHIP_GANASSI_RACING,A_ONLY,A_ONLY,183.79299998283386,BETWEEN_GT5,4,41.0,2,TIER2_EXTENDED
DIFF_TEAM,6199,2023,2023_2024_PRIMARY,PRACTICE,5614822,6199|5614822|2023|11,6199|5614822|2023|23,2023|11,2023|23,CHIP_GANASSI_RACING,DREYER_REINBOLD_RACING,A_ONLY,A_ONLY,214.018000125885,BETWEEN_GT5,4,45.0,1,TIER2_EXTENDED
DIFF_TEAM,6199,2023,2023_2024_PRIMARY,PRACTICE,5614822,6199|5614822|2023|11,6199|5614822|2023|30,2023|11,2023|30,CHIP_GANASSI_RACING,RAHAL_LETTERMAN_LANIGAN,A_ONLY,A_ONLY,132.05100011825562,BETWEEN_GT5,4,14.0,1,TIER2_EXTENDED
SAME_TEAM,6199,2023,2023_2024_PRIMARY,PRACTICE,5614822,6199|5614822|2023|11,6199|5614822|2023|8,2023|11,2023|8,CHIP_GANASSI_RACING,CHIP_GANASSI_RACING,A_ONLY,A_ONLY,225.72800016403198,BETWEEN_GT5,4,46.0,1,TIER2_EXTENDED
DIFF_TEAM,6199,2023,2023_2024_PRIMARY,PRACTICE,5614822,6199|5614822|2023|23,6199|5614822|2023|30,2023|23,2023|30,DREYER_REINBOLD_RACING,RAHAL_LETTERMAN_LANIGAN,A_ONLY,A_ONLY,81.9670000076294,BETWEEN_GT5,4,8.0,1,TIER2_EXTENDED
DIFF_TEAM,6199,2023,2023_2024_PRIMARY,PRACTICE,5614822,6199|5614822|2023|23,6199|5614822|2023|8,2023|23,2023|8,DREYER_REINBOLD_RACING,CHIP_GANASSI_RACING,A_ONLY,A_ONLY,11.710000038146973,CONSECUTIVE,1,0.0,1,TIER2_EXTENDED
DIFF_TEAM,6199,2023,2023_2024_PRIMARY,PRACTICE,5614822,6199|5614822|2023|30,6199|5614822|2023|8,2023|30,2023|8,RAHAL_LETTERMAN_LANIGAN,CHIP_GANASSI_RACING,A_ONLY,A_ONLY,93.67700004577637,BETWEEN_GT5,4,14.0,1,TIER2_EXTENDED
SAME_TEAM,6200,2023,2023_2024_PRIMARY,FAST_FRIDAY,5615080,6200|5615080|2023|6,6200|5615080|2023|7,2023|6,2023|7,ARROW_MCLAREN_SPM,ARROW_MCLAREN_SPM,B_ONLY,A_ONLY,194.73499989509583,BETWEEN_GT5,4,10.0,1,TIER2_EXTENDED
DIFF_TEAM,6200,2023,2023_2024_PRIMARY,FAST_FRIDAY,5615081,6200|5615081|2023|11,6200|5615081|2023|29,2023|11,2023|29,CHIP_GANASSI_RACING,ANDRETTI,B_ONLY,A_ONLY,76.11950016021729,CONSECUTIVE,1,0.0,2,TIER2_EXTENDED
DIFF_TEAM,6200,2023,2023_2024_PRIMARY,FAST_FRIDAY,5615085,6200|5615085|2023|10,6200|5615085|2023|28,2023|10,2023|28,CHIP_GANASSI_RACING,ANDRETTI,A_ONLY,A_ONLY,15.875499725341797,CONSECUTIVE,1,0.5,2,TIER2_EXTENDED
DIFF_TEAM,6200,2023,2023_2024_PRIMARY,FAST_FRIDAY,5615086,6200|5615086|2023|10,6200|5615086|2023|28,2023|10,2023|28,CHIP_GANASSI_RACING,ANDRETTI,A_ONLY,A_ONLY,15.076499938964844,CONSECUTIVE,1,0.0,1,TIER2_EXTENDED
DIFF_TEAM,6200,2023,2023_2024_PRIMARY,FAST_FRIDAY,5615104,6200|5615104|2023|24,6200|5615104|2023|7,2023|24,2023|7,DREYER_REINBOLD_RACING,ARROW_MCLAREN_SPM,B_ONLY,A_ONLY,109.5149998664856,BETWEEN_3_5,3,4.0,1,TIER2_EXTENDED
DIFF_TEAM,6203,2023,2023_2024_PRIMARY,QUALIFYING_WEEKEND_PRACTICE,5615615,6203|5615615|2023|11,6203|5615615|2023|7,2023|11,2023|7,CHIP_GANASSI_RACING,ARROW_MCLAREN_SPM,B_ONLY,A_ONLY,9.234999895095825,CONSECUTIVE,1,0.0,2,TIER2_EXTENDED
DIFF_TEAM,6207,2023,2023_2024_PRIMARY,POST_QUALIFYING_PRACTICE,5615917,6207|5615917|2023|12,6207|5615917|2023|24,2023|12,2023|24,TEAM_PENSKE,DREYER_REINBOLD_RACING,A_ONLY,MIXED_AB,122.97849988937378,BETWEEN_GT5,4,42.5,1,TIER2_EXTENDED
DIFF_TEAM,6207,2023,2023_2024_PRIMARY,POST_QUALIFYING_PRACTICE,5615917,6207|5615917|2023|12,6207|5615917|2023|27,2023|12,2023|27,TEAM_PENSKE,ANDRETTI,A_ONLY,A_ONLY,105.38700008392334,BETWEEN_GT5,4,21.5,1,TIER2_EXTENDED
DIFF_TEAM,6207,2023,2023_2024_PRIMARY,POST_QUALIFYING_PRACTICE,5615917,6207|5615917|2023|12,6207|5615917|2023|30,2023|12,2023|30,TEAM_PENSKE,RAHAL_LETTERMAN_LANIGAN,A_ONLY,A_ONLY,46.87100005149841,BETWEEN_1_2,2,2.5,1,TIER2_EXTENDED
DIFF_TEAM,6207,2023,2023_2024_PRIMARY,POST_QUALIFYING_PRACTICE,5615917,6207|5615917|2023|12,6207|5615917|2023|5,2023|12,2023|5,TEAM_PENSKE,ARROW_MCLAREN_SPM,A_ONLY,B_ONLY,18.43499994277954,BETWEEN_3_5,3,5.0,1,TIER2_EXTENDED
DIFF_TEAM,6207,2023,2023_2024_PRIMARY,POST_QUALIFYING_PRACTICE,5615917,6207|5615917|2023|12,6207|5615917|2023|50,2023|12,2023|50,TEAM_PENSKE,ABEL_MOTORSPORTS,A_ONLY,A_ONLY,102.06799983978271,BETWEEN_GT5,4,43.0,1,TIER2_EXTENDED
DIFF_TEAM,6207,2023,2023_2024_PRIMARY,POST_QUALIFYING_PRACTICE,5615917,6207|5615917|2023|24,6207|5615917|2023|27,2023|24,2023|27,DREYER_REINBOLD_RACING,ANDRETTI,MIXED_AB,A_ONLY,17.59149980545044,BETWEEN_3_5,3,4.0,1,TIER2_EXTENDED
DIFF_TEAM,6207,2023,2023_2024_PRIMARY,POST_QUALIFYING_PRACTICE,5615917,6207|5615917|2023|24,6207|5615917|2023|30,2023|24,2023|30,DREYER_REINBOLD_RACING,RAHAL_LETTERMAN_LANIGAN,MIXED_AB,A_ONLY,76.10749983787537,BETWEEN_3_5,3,3.0,1,TIER2_EXTENDED
DIFF_TEAM,6207,2023,2023_2024_PRIMARY,POST_QUALIFYING_PRACTICE,5615917,6207|5615917|2023|24,6207|5615917|2023|5,2023|24,2023|5,DREYER_REINBOLD_RACING,ARROW_MCLAREN_SPM,MIXED_AB,B_ONLY,104.54349994659424,BETWEEN_GT5,4,18.5,1,TIER2_EXTENDED
DIFF_TEAM,6207,2023,2023_2024_PRIMARY,POST_QUALIFYING_PRACTICE,5615917,6207|5615917|2023|24,6207|5615917|2023|50,2023|24,2023|50,DREYER_REINBOLD_RACING,ABEL_MOTORSPORTS,MIXED_AB,A_ONLY,225.0464997291565,BETWEEN_GT5,4,96.5,1,TIER2_EXTENDED
DIFF_TEAM,6207,2023,2023_2024_PRIMARY,POST_QUALIFYING_PRACTICE,5615917,6207|5615917|2023|27,6207|5615917|2023|30,2023|27,2023|30,ANDRETTI,RAHAL_LETTERMAN_LANIGAN,A_ONLY,A_ONLY,58.51600003242493,CONSECUTIVE,1,0.0,1,TIER2_EXTENDED
DIFF_TEAM,6207,2023,2023_2024_PRIMARY,POST_QUALIFYING_PRACTICE,5615917,6207|5615917|2023|27,6207|5615917|2023|5,2023|27,2023|5,ANDRETTI,ARROW_MCLAREN_SPM,A_ONLY,B_ONLY,86.9520001411438,BETWEEN_GT5,4,14.0,1,TIER2_EXTENDED
DIFF_TEAM,6207,2023,2023_2024_PRIMARY,POST_QUALIFYING_PRACTICE,5615917,6207|5615917|2023|27,6207|5615917|2023|50,2023|27,2023|50,ANDRETTI,ABEL_MOTORSPORTS,A_ONLY,A_ONLY,207.45499992370605,BETWEEN_GT5,4,91.5,1,TIER2_EXTENDED
DIFF_TEAM,6207,2023,2023_2024_PRIMARY,POST_QUALIFYING_PRACTICE,5615917,6207|5615917|2023|30,6207|5615917|2023|5,2023|30,2023|5,RAHAL_LETTERMAN_LANIGAN,ARROW_MCLAREN_SPM,A_ONLY,B_ONLY,28.436000108718872,BETWEEN_GT5,4,7.0,1,TIER2_EXTENDED
DIFF_TEAM,6207,2023,2023_2024_PRIMARY,POST_QUALIFYING_PRACTICE,5615917,6207|5615917|2023|30,6207|5615917|2023|50,2023|30,2023|50,RAHAL_LETTERMAN_LANIGAN,ABEL_MOTORSPORTS,A_ONLY,A_ONLY,148.93899989128113,BETWEEN_GT5,4,68.0,1,TIER2_EXTENDED
DIFF_TEAM,6207,2023,2023_2024_PRIMARY,POST_QUALIFYING_PRACTICE,5615917,6207|5615917|2023|5,6207|5615917|2023|50,2023|5,2023|50,ARROW_MCLAREN_SPM,ABEL_MOTORSPORTS,B_ONLY,A_ONLY,120.50299978256226,BETWEEN_GT5,4,50.5,1,TIER2_EXTENDED
DIFF_TEAM,6207,2023,2023_2024_PRIMARY,POST_QUALIFYING_PRACTICE,5615918,6207|5615918|2023|18,6207|5615918|2023|24,2023|18,2023|24,DALE_COYNE_RACING,DREYER_REINBOLD_RACING,MIXED_AB,A_ONLY,83.61800003051758,BETWEEN_GT5,4,9.0,2,TIER2_EXTENDED
DIFF_TEAM,6207,2023,2023_2024_PRIMARY,POST_QUALIFYING_PRACTICE,5615918,6207|5615918|2023|18,6207|5615918|2023|27,2023|18,2023|27,DALE_COYNE_RACING,ANDRETTI,MIXED_AB,MIXED_AB,86.13649988174438,BETWEEN_GT5,4,12.0,2,TIER2_EXTENDED
DIFF_TEAM,6207,2023,2023_2024_PRIMARY,POST_QUALIFYING_PRACTICE,5615918,6207|5615918|2023|24,6207|5615918|2023|27,2023|24,2023|27,DREYER_REINBOLD_RACING,ANDRETTI,A_ONLY,MIXED_AB,2.5184998512268066,BETWEEN_1_2,2,2.0,2,TIER2_EXTENDED
DIFF_TEAM,6207,2023,2023_2024_PRIMARY,POST_QUALIFYING_PRACTICE,5615921,6207|5615921|2023|12,6207|5615921|2023|45,2023|12,2023|45,TEAM_PENSKE,RAHAL_LETTERMAN_LANIGAN,A_ONLY,A_ONLY,0.0,SAME_UPDATE,0,0.0,2,TIER2_EXTENDED
DIFF_TEAM,6207,2023,2023_2024_PRIMARY,POST_QUALIFYING_PRACTICE,5615922,6207|5615922|2023|12,6207|5615922|2023|26,2023|12,2023|26,TEAM_PENSKE,ANDRETTI,A_ONLY,A_ONLY,107.10899996757507,BETWEEN_GT5,4,12.0,2,TIER2_EXTENDED
DIFF_TEAM,6207,2023,2023_2024_PRIMARY,POST_QUALIFYING_PRACTICE,5615922,6207|5615922|2023|12,6207|5615922|2023|45,2023|12,2023|45,TEAM_PENSKE,RAHAL_LETTERMAN_LANIGAN,A_ONLY,A_ONLY,0.0,SAME_UPDATE,0,0.0,2,TIER2_EXTENDED
DIFF_TEAM,6207,2023,2023_2024_PRIMARY,POST_QUALIFYING_PRACTICE,5615922,6207|5615922|2023|26,6207|5615922|2023|45,2023|26,2023|45,ANDRETTI,RAHAL_LETTERMAN_LANIGAN,A_ONLY,A_ONLY,107.10899996757507,BETWEEN_GT5,4,20.5,2,TIER2_EXTENDED
DIFF_TEAM,6207,2023,2023_2024_PRIMARY,POST_QUALIFYING_PRACTICE,5615927,6207|5615927|2023|14,6207|5615927|2023|77,2023|14,2023|77,AJ_FOYT,JUNCOS_HOLLINGER_RACING,A_ONLY,A_ONLY,9.22849988937378,BETWEEN_GT5,4,13.5,2,TIER2_EXTENDED
DIFF_TEAM,6207,2023,2023_2024_PRIMARY,POST_QUALIFYING_PRACTICE,5615928,6207|5615928|2023|06,6207|5615928|2023|26,2023|06,2023|26,MEYER_SHANK_RACING,ANDRETTI,B_ONLY,B_ONLY,101.92300009727478,BETWEEN_GT5,4,11.0,2,TIER2_EXTENDED
DIFF_TEAM,6207,2023,2023_2024_PRIMARY,POST_QUALIFYING_PRACTICE,5615928,6207|5615928|2023|06,6207|5615928|2023|5,2023|06,2023|5,MEYER_SHANK_RACING,ARROW_MCLAREN_SPM,B_ONLY,A_ONLY,62.63700008392334,CONSECUTIVE,1,0.0,2,TIER2_EXTENDED
DIFF_TEAM,6207,2023,2023_2024_PRIMARY,POST_QUALIFYING_PRACTICE,5615928,6207|5615928|2023|06,6207|5615928|2023|55,2023|06,2023|55,MEYER_SHANK_RACING,AJ_FOYT,B_ONLY,MIXED_AB,73.49000000953674,BETWEEN_3_5,3,3.0,2,TIER2_EXTENDED
DIFF_TEAM,6207,2023,2023_2024_PRIMARY,POST_QUALIFYING_PRACTICE,5615928,6207|5615928|2023|06,6207|5615928|2023|7,2023|06,2023|7,MEYER_SHANK_RACING,ARROW_MCLAREN_SPM,B_ONLY,MIXED_AB,81.8420000076294,CONSECUTIVE,1,0.0,2,TIER2_EXTENDED
DIFF_TEAM,6207,2023,2023_2024_PRIMARY,POST_QUALIFYING_PRACTICE,5615928,6207|5615928|2023|06,6207|5615928|2023|77,2023|06,2023|77,MEYER_SHANK_RACING,JUNCOS_HOLLINGER_RACING,B_ONLY,A_ONLY,239.18200016021729,BETWEEN_GT5,4,101.0,2,TIER2_EXTENDED
DIFF_TEAM,6207,2023,2023_2024_PRIMARY,POST_QUALIFYING_PRACTICE,5615928,6207|5615928|2023|06,6207|5615928|2023|78,2023|06,2023|78,MEYER_SHANK_RACING,JUNCOS_HOLLINGER_RACING,B_ONLY,MIXED_AB,71.82000017166138,BETWEEN_3_5,3,5.0,2,TIER2_EXTENDED
DIFF_TEAM,6207,2023,2023_2024_PRIMARY,POST_QUALIFYING_PRACTICE,5615928,6207|5615928|2023|26,6207|5615928|2023|5,2023|26,2023|5,ANDRETTI,ARROW_MCLAREN_SPM,B_ONLY,A_ONLY,39.28600001335144,CONSECUTIVE,1,1.0,2,TIER2_EXTENDED
DIFF_TEAM,6207,2023,2023_2024_PRIMARY,POST_QUALIFYING_PRACTICE,5615928,6207|5615928|2023|26,6207|5615928|2023|55,2023|26,2023|55,ANDRETTI,AJ_FOYT,B_ONLY,MIXED_AB,28.433000087738037,BETWEEN_3_5,3,4.5,2,TIER2_EXTENDED
DIFF_TEAM,6207,2023,2023_2024_PRIMARY,POST_QUALIFYING_PRACTICE,5615928,6207|5615928|2023|26,6207|5615928|2023|7,2023|26,2023|7,ANDRETTI,ARROW_MCLAREN_SPM,B_ONLY,MIXED_AB,20.081000089645386,SAME_UPDATE,0,0.0,2,TIER2_EXTENDED
DIFF_TEAM,6207,2023,2023_2024_PRIMARY,POST_QUALIFYING_PRACTICE,5615928,6207|5615928|2023|26,6207|5615928|2023|77,2023|26,2023|77,ANDRETTI,JUNCOS_HOLLINGER_RACING,B_ONLY,A_ONLY,137.2590000629425,BETWEEN_GT5,4,63.0,2,TIER2_EXTENDED
DIFF_TEAM,6207,2023,2023_2024_PRIMARY,POST_QUALIFYING_PRACTICE,5615928,6207|5615928|2023|26,6207|5615928|2023|78,2023|26,2023|78,ANDRETTI,JUNCOS_HOLLINGER_RACING,B_ONLY,MIXED_AB,30.102999925613403,BETWEEN_3_5,3,5.0,2,TIER2_EXTENDED
DIFF_TEAM,6207,2023,2023_2024_PRIMARY,POST_QUALIFYING_PRACTICE,5615928,6207|5615928|2023|5,6207|5615928|2023|55,2023|5,2023|55,ARROW_MCLAREN_SPM,AJ_FOYT,A_ONLY,MIXED_AB,10.852999925613403,BETWEEN_GT5,4,8.0,2,TIER2_EXTENDED
SAME_TEAM,6207,2023,2023_2024_PRIMARY,POST_QUALIFYING_PRACTICE,5615928,6207|5615928|2023|5,6207|5615928|2023|7,2023|5,2023|7,ARROW_MCLAREN_SPM,ARROW_MCLAREN_SPM,A_ONLY,MIXED_AB,19.204999923706055,CONSECUTIVE,1,0.0,2,TIER2_EXTENDED
DIFF_TEAM,6207,2023,2023_2024_PRIMARY,POST_QUALIFYING_PRACTICE,5615928,6207|5615928|2023|5,6207|5615928|2023|77,2023|5,2023|77,ARROW_MCLAREN_SPM,JUNCOS_HOLLINGER_RACING,A_ONLY,A_ONLY,176.54500007629395,BETWEEN_GT5,4,75.5,2,TIER2_EXTENDED
DIFF_TEAM,6207,2023,2023_2024_PRIMARY,POST_QUALIFYING_PRACTICE,5615928,6207|5615928|2023|5,6207|5615928|2023|78,2023|5,2023|78,ARROW_MCLAREN_SPM,JUNCOS_HOLLINGER_RACING,A_ONLY,MIXED_AB,9.183000087738037,BETWEEN_GT5,4,9.5,2,TIER2_EXTENDED
DIFF_TEAM,6207,2023,2023_2024_PRIMARY,POST_QUALIFYING_PRACTICE,5615928,6207|5615928|2023|55,6207|5615928|2023|7,2023|55,2023|7,AJ_FOYT,ARROW_MCLAREN_SPM,MIXED_AB,MIXED_AB,8.351999998092651,BETWEEN_3_5,3,4.0,2,TIER2_EXTENDED
DIFF_TEAM,6207,2023,2023_2024_PRIMARY,POST_QUALIFYING_PRACTICE,5615928,6207|5615928|2023|55,6207|5615928|2023|77,2023|55,2023|77,AJ_FOYT,JUNCOS_HOLLINGER_RACING,MIXED_AB,A_ONLY,165.69200015068054,BETWEEN_GT5,4,79.0,2,TIER2_EXTENDED
DIFF_TEAM,6207,2023,2023_2024_PRIMARY,POST_QUALIFYING_PRACTICE,5615928,6207|5615928|2023|55,6207|5615928|2023|78,2023|55,2023|78,AJ_FOYT,JUNCOS_HOLLINGER_RACING,MIXED_AB,MIXED_AB,1.6699998378753662,SAME_UPDATE,0,0.0,2,TIER2_EXTENDED
DIFF_TEAM,6207,2023,2023_2024_PRIMARY,POST_QUALIFYING_PRACTICE,5615928,6207|5615928|2023|7,6207|5615928|2023|77,2023|7,2023|77,ARROW_MCLAREN_SPM,JUNCOS_HOLLINGER_RACING,MIXED_AB,A_ONLY,157.3400001525879,BETWEEN_GT5,4,70.0,2,TIER2_EXTENDED
DIFF_TEAM,6207,2023,2023_2024_PRIMARY,POST_QUALIFYING_PRACTICE,5615928,6207|5615928|2023|7,6207|5615928|2023|78,2023|7,2023|78,ARROW_MCLAREN_SPM,JUNCOS_HOLLINGER_RACING,MIXED_AB,MIXED_AB,10.021999835968018,BETWEEN_3_5,3,5.0,2,TIER2_EXTENDED
SAME_TEAM,6207,2023,2023_2024_PRIMARY,POST_QUALIFYING_PRACTICE,5615928,6207|5615928|2023|77,6207|5615928|2023|78,2023|77,2023|78,JUNCOS_HOLLINGER_RACING,JUNCOS_HOLLINGER_RACING,A_ONLY,MIXED_AB,167.3619999885559,BETWEEN_GT5,4,46.0,2,TIER2_EXTENDED
DIFF_TEAM,6207,2023,2023_2024_PRIMARY,POST_QUALIFYING_PRACTICE,5615929,6207|5615929|2023|06,6207|5615929|2023|7,2023|06,2023|7,MEYER_SHANK_RACING,ARROW_MCLAREN_SPM,B_ONLY,A_ONLY,61.033000230789185,SAME_UPDATE,0,0.0,1,TIER2_EXTENDED
DIFF_TEAM,6207,2023,2023_2024_PRIMARY,POST_QUALIFYING_PRACTICE,5615929,6207|5615929|2023|06,6207|5615929|2023|9,2023|06,2023|9,MEYER_SHANK_RACING,CHIP_GANASSI_RACING,B_ONLY,B_ONLY,60.19749999046326,CONSECUTIVE,1,0.0,1,TIER2_EXTENDED
DIFF_TEAM,6207,2023,2023_2024_PRIMARY,POST_QUALIFYING_PRACTICE,5615929,6207|5615929|2023|7,6207|5615929|2023|9,2023|7,2023|9,ARROW_MCLAREN_SPM,CHIP_GANASSI_RACING,A_ONLY,B_ONLY,0.8355002403259277,SAME_UPDATE,0,0.0,1,TIER2_EXTENDED
DIFF_TEAM,6207,2023,2023_2024_PRIMARY,POST_QUALIFYING_PRACTICE,5615936,6207|5615936|2023|50,6207|5615936|2023|51,2023|50,2023|51,ABEL_MOTORSPORTS,DALE_COYNE_RACING,B_ONLY,A_ONLY,25.117000102996826,CONSECUTIVE,1,0.0,2,TIER2_EXTENDED
DIFF_TEAM,6207,2023,2023_2024_PRIMARY,POST_QUALIFYING_PRACTICE,5615938,6207|5615938|2023|06,6207|5615938|2023|11,2023|06,2023|11,MEYER_SHANK_RACING,CHIP_GANASSI_RACING,B_ONLY,B_ONLY,123.07800006866455,BETWEEN_GT5,4,19.0,1,TIER2_EXTENDED
DIFF_TEAM,6207,2023,2023_2024_PRIMARY,POST_QUALIFYING_PRACTICE,5615938,6207|5615938|2023|06,6207|5615938|2023|3,2023|06,2023|3,MEYER_SHANK_RACING,TEAM_PENSKE,B_ONLY,A_ONLY,120.56550002098083,CONSECUTIVE,1,5.0,1,TIER2_EXTENDED
DIFF_TEAM,6207,2023,2023_2024_PRIMARY,POST_QUALIFYING_PRACTICE,5615938,6207|5615938|2023|06,6207|5615938|2023|6,2023|06,2023|6,MEYER_SHANK_RACING,ARROW_MCLAREN_SPM,B_ONLY,A_ONLY,123.07800006866455,SAME_UPDATE,0,7.0,1,TIER2_EXTENDED
DIFF_TEAM,6207,2023,2023_2024_PRIMARY,POST_QUALIFYING_PRACTICE,5615938,6207|5615938|2023|11,6207|5615938|2023|3,2023|11,2023|3,CHIP_GANASSI_RACING,TEAM_PENSKE,B_ONLY,A_ONLY,2.512500047683716,CONSECUTIVE,1,0.0,1,TIER2_EXTENDED
DIFF_TEAM,6207,2023,2023_2024_PRIMARY,POST_QUALIFYING_PRACTICE,5615938,6207|5615938|2023|11,6207|5615938|2023|6,2023|11,2023|6,CHIP_GANASSI_RACING,ARROW_MCLAREN_SPM,B_ONLY,A_ONLY,0.0,SAME_UPDATE,0,0.0,1,TIER2_EXTENDED
DIFF_TEAM,6207,2023,2023_2024_PRIMARY,POST_QUALIFYING_PRACTICE,5615938,6207|5615938|2023|3,6207|5615938|2023|6,2023|3,2023|6,TEAM_PENSKE,ARROW_MCLAREN_SPM,A_ONLY,A_ONLY,2.512500047683716,CONSECUTIVE,1,0.5,1,TIER2_EXTENDED
DIFF_TEAM,6207,2023,2023_2024_PRIMARY,POST_QUALIFYING_PRACTICE,5615939,6207|5615939|2023|06,6207|5615939|2023|10,2023|06,2023|10,MEYER_SHANK_RACING,CHIP_GANASSI_RACING,B_ONLY,A_ONLY,226.69449996948242,BETWEEN_GT5,4,105.0,2,TIER2_EXTENDED
DIFF_TEAM,6207,2023,2023_2024_PRIMARY,POST_QUALIFYING_PRACTICE,5615939,6207|5615939|2023|06,6207|5615939|2023|33,2023|06,2023|33,MEYER_SHANK_RACING,ED_CARPENTER_RACING,B_ONLY,B_ONLY,209.10150003433228,BETWEEN_GT5,4,91.0,2,TIER2_EXTENDED
SAME_TEAM,6207,2023,2023_2024_PRIMARY,POST_QUALIFYING_PRACTICE,5615939,6207|5615939|2023|06,6207|5615939|2023|60,2023|06,2023|60,MEYER_SHANK_RACING,MEYER_SHANK_RACING,B_ONLY,MIXED_AB,149.76349997520447,BETWEEN_GT5,4,36.0,2,TIER2_EXTENDED
DIFF_TEAM,6207,2023,2023_2024_PRIMARY,POST_QUALIFYING_PRACTICE,5615939,6207|5615939|2023|06,6207|5615939|2023|9,2023|06,2023|9,MEYER_SHANK_RACING,CHIP_GANASSI_RACING,B_ONLY,A_ONLY,184.830500125885,BETWEEN_GT5,4,68.0,2,TIER2_EXTENDED
DIFF_TEAM,6207,2023,2023_2024_PRIMARY,POST_QUALIFYING_PRACTICE,5615939,6207|5615939|2023|10,6207|5615939|2023|33,2023|10,2023|33,CHIP_GANASSI_RACING,ED_CARPENTER_RACING,A_ONLY,B_ONLY,17.592999935150146,BETWEEN_1_2,2,1.0,2,TIER2_EXTENDED
DIFF_TEAM,6207,2023,2023_2024_PRIMARY,POST_QUALIFYING_PRACTICE,5615939,6207|5615939|2023|10,6207|5615939|2023|60,2023|10,2023|60,CHIP_GANASSI_RACING,MEYER_SHANK_RACING,A_ONLY,MIXED_AB,76.93099999427795,BETWEEN_GT5,4,6.0,2,TIER2_EXTENDED
SAME_TEAM,6207,2023,2023_2024_PRIMARY,POST_QUALIFYING_PRACTICE,5615939,6207|5615939|2023|10,6207|5615939|2023|9,2023|10,2023|9,CHIP_GANASSI_RACING,CHIP_GANASSI_RACING,A_ONLY,A_ONLY,41.86399984359741,SAME_UPDATE,0,0.0,2,TIER2_EXTENDED
DIFF_TEAM,6207,2023,2023_2024_PRIMARY,POST_QUALIFYING_PRACTICE,5615939,6207|5615939|2023|33,6207|5615939|2023|60,2023|33,2023|60,ED_CARPENTER_RACING,MEYER_SHANK_RACING,B_ONLY,MIXED_AB,59.33800005912781,BETWEEN_1_2,2,2.5,2,TIER2_EXTENDED
DIFF_TEAM,6207,2023,2023_2024_PRIMARY,POST_QUALIFYING_PRACTICE,5615939,6207|5615939|2023|33,6207|5615939|2023|9,2023|33,2023|9,ED_CARPENTER_RACING,CHIP_GANASSI_RACING,B_ONLY,A_ONLY,24.270999908447266,BETWEEN_1_2,2,1.0,2,TIER2_EXTENDED
DIFF_TEAM,6207,2023,2023_2024_PRIMARY,POST_QUALIFYING_PRACTICE,5615939,6207|5615939|2023|60,6207|5615939|2023|9,2023|60,2023|9,MEYER_SHANK_RACING,CHIP_GANASSI_RACING,MIXED_AB,A_ONLY,35.06700015068054,BETWEEN_GT5,4,7.0,2,TIER2_EXTENDED
DIFF_TEAM,6207,2023,2023_2024_PRIMARY,POST_QUALIFYING_PRACTICE,5615940,6207|5615940|2023|10,6207|5615940|2023|33,2023|10,2023|33,CHIP_GANASSI_RACING,ED_CARPENTER_RACING,A_ONLY,B_ONLY,16.73449993133545,BETWEEN_1_2,2,2.0,2,TIER2_EXTENDED
DIFF_TEAM,6207,2023,2023_2024_PRIMARY,POST_QUALIFYING_PRACTICE,5615940,6207|5615940|2023|10,6207|5615940|2023|60,2023|10,2023|60,CHIP_GANASSI_RACING,MEYER_SHANK_RACING,A_ONLY,A_ONLY,31.79099988937378,BETWEEN_GT5,4,7.0,2,TIER2_EXTENDED
SAME_TEAM,6207,2023,2023_2024_PRIMARY,POST_QUALIFYING_PRACTICE,5615940,6207|5615940|2023|10,6207|5615940|2023|9,2023|10,2023|9,CHIP_GANASSI_RACING,CHIP_GANASSI_RACING,A_ONLY,A_ONLY,20.07100009918213,SAME_UPDATE,0,0.0,2,TIER2_EXTENDED
DIFF_TEAM,6207,2023,2023_2024_PRIMARY,POST_QUALIFYING_PRACTICE,5615940,6207|5615940|2023|33,6207|5615940|2023|60,2023|33,2023|60,ED_CARPENTER_RACING,MEYER_SHANK_RACING,B_ONLY,A_ONLY,15.05649995803833,BETWEEN_3_5,3,6.5,2,TIER2_EXTENDED
DIFF_TEAM,6207,2023,2023_2024_PRIMARY,POST_QUALIFYING_PRACTICE,5615940,6207|5615940|2023|33,6207|5615940|2023|9,2023|33,2023|9,ED_CARPENTER_RACING,CHIP_GANASSI_RACING,B_ONLY,A_ONLY,3.3365001678466797,CONSECUTIVE,1,1.0,2,TIER2_EXTENDED
DIFF_TEAM,6207,2023,2023_2024_PRIMARY,POST_QUALIFYING_PRACTICE,5615940,6207|5615940|2023|60,6207|5615940|2023|9,2023|60,2023|9,MEYER_SHANK_RACING,CHIP_GANASSI_RACING,A_ONLY,A_ONLY,11.71999979019165,BETWEEN_GT5,4,7.0,2,TIER2_EXTENDED
SAME_TEAM,6208,2023,2023_2024_PRIMARY,CARB_DAY,5617050,6208|5617050|2023|26,6208|5617050|2023|29,2023|26,2023|29,ANDRETTI,ANDRETTI,A_ONLY,A_ONLY,1.6740000247955322,CONSECUTIVE,1,0.0,2,TIER2_EXTENDED
DIFF_TEAM,6208,2023,2023_2024_PRIMARY,CARB_DAY,5617050,6208|5617050|2023|26,6208|5617050|2023|5,2023|26,2023|5,ANDRETTI,ARROW_MCLAREN_SPM,A_ONLY,MIXED_AB,18.36549997329712,BETWEEN_1_2,2,2.0,2,TIER2_EXTENDED
DIFF_TEAM,6208,2023,2023_2024_PRIMARY,CARB_DAY,5617050,6208|5617050|2023|26,6208|5617050|2023|6,2023|26,2023|6,ANDRETTI,ARROW_MCLAREN_SPM,A_ONLY,A_ONLY,1.6679999828338623,CONSECUTIVE,1,0.0,2,TIER2_EXTENDED
DIFF_TEAM,6208,2023,2023_2024_PRIMARY,CARB_DAY,5617050,6208|5617050|2023|29,6208|5617050|2023|5,2023|29,2023|5,ANDRETTI,ARROW_MCLAREN_SPM,A_ONLY,MIXED_AB,16.691499948501587,BETWEEN_1_2,2,2.0,2,TIER2_EXTENDED
DIFF_TEAM,6208,2023,2023_2024_PRIMARY,CARB_DAY,5617050,6208|5617050|2023|29,6208|5617050|2023|6,2023|29,2023|6,ANDRETTI,ARROW_MCLAREN_SPM,A_ONLY,A_ONLY,3.3420000076293945,BETWEEN_1_2,2,2.0,2,TIER2_EXTENDED
SAME_TEAM,6208,2023,2023_2024_PRIMARY,CARB_DAY,5617050,6208|5617050|2023|5,6208|5617050|2023|6,2023|5,2023|6,ARROW_MCLAREN_SPM,ARROW_MCLAREN_SPM,MIXED_AB,A_ONLY,20.03349995613098,SAME_UPDATE,0,0.0,2,TIER2_EXTENDED
DIFF_TEAM,6208,2023,2023_2024_PRIMARY,CARB_DAY,5617051,6208|5617051|2023|12,6208|5617051|2023|26,2023|12,2023|26,TEAM_PENSKE,ANDRETTI,A_ONLY,A_ONLY,168.15749979019165,BETWEEN_GT5,4,79.0,1,TIER2_EXTENDED
DIFF_TEAM,6208,2023,2023_2024_PRIMARY,CARB_DAY,5617051,6208|5617051|2023|12,6208|5617051|2023|28,2023|12,2023|28,TEAM_PENSKE,ANDRETTI,A_ONLY,A_ONLY,66.1875,BETWEEN_GT5,4,34.0,1,TIER2_EXTENDED
DIFF_TEAM,6208,2023,2023_2024_PRIMARY,CARB_DAY,5617051,6208|5617051|2023|12,6208|5617051|2023|29,2023|12,2023|29,TEAM_PENSKE,ANDRETTI,A_ONLY,A_ONLY,186.5625,BETWEEN_GT5,4,96.0,1,TIER2_EXTENDED
DIFF_TEAM,6208,2023,2023_2024_PRIMARY,CARB_DAY,5617051,6208|5617051|2023|12,6208|5617051|2023|5,2023|12,2023|5,TEAM_PENSKE,ARROW_MCLAREN_SPM,A_ONLY,A_ONLY,129.68799996376038,BETWEEN_GT5,4,42.0,1,TIER2_EXTENDED
DIFF_TEAM,6208,2023,2023_2024_PRIMARY,CARB_DAY,5617051,6208|5617051|2023|12,6208|5617051|2023|6,2023|12,2023|6,TEAM_PENSKE,ARROW_MCLAREN_SPM,A_ONLY,A_ONLY,169.82599997520447,BETWEEN_GT5,4,82.0,1,TIER2_EXTENDED
DIFF_TEAM,6208,2023,2023_2024_PRIMARY,CARB_DAY,5617051,6208|5617051|2023|12,6208|5617051|2023|60,2023|12,2023|60,TEAM_PENSKE,MEYER_SHANK_RACING,A_ONLY,B_ONLY,62.84650015830994,BETWEEN_GT5,4,31.0,1,TIER2_EXTENDED
SAME_TEAM,6208,2023,2023_2024_PRIMARY,CARB_DAY,5617051,6208|5617051|2023|26,6208|5617051|2023|28,2023|26,2023|28,ANDRETTI,ANDRETTI,A_ONLY,A_ONLY,234.34499979019165,BETWEEN_GT5,4,124.0,1,TIER2_EXTENDED
SAME_TEAM,6208,2023,2023_2024_PRIMARY,CARB_DAY,5617051,6208|5617051|2023|26,6208|5617051|2023|29,2023|26,2023|29,ANDRETTI,ANDRETTI,A_ONLY,A_ONLY,18.40500020980835,CONSECUTIVE,1,7.0,1,TIER2_EXTENDED
DIFF_TEAM,6208,2023,2023_2024_PRIMARY,CARB_DAY,5617051,6208|5617051|2023|26,6208|5617051|2023|5,2023|26,2023|5,ANDRETTI,ARROW_MCLAREN_SPM,A_ONLY,A_ONLY,38.469499826431274,CONSECUTIVE,1,0.0,1,TIER2_EXTENDED
DIFF_TEAM,6208,2023,2023_2024_PRIMARY,CARB_DAY,5617051,6208|5617051|2023|26,6208|5617051|2023|6,2023|26,2023|6,ANDRETTI,ARROW_MCLAREN_SPM,A_ONLY,A_ONLY,1.6685001850128174,CONSECUTIVE,1,0.0,1,TIER2_EXTENDED
DIFF_TEAM,6208,2023,2023_2024_PRIMARY,CARB_DAY,5617051,6208|5617051|2023|26,6208|5617051|2023|60,2023|26,2023|60,ANDRETTI,MEYER_SHANK_RACING,A_ONLY,B_ONLY,231.0039999485016,BETWEEN_GT5,4,121.0,1,TIER2_EXTENDED
SAME_TEAM,6208,2023,2023_2024_PRIMARY,CARB_DAY,5617051,6208|5617051|2023|28,6208|5617051|2023|29,2023|28,2023|29,ANDRETTI,ANDRETTI,A_ONLY,A_ONLY,252.75,BETWEEN_GT5,4,132.0,1,TIER2_EXTENDED
DIFF_TEAM,6208,2023,2023_2024_PRIMARY,CARB_DAY,5617051,6208|5617051|2023|28,6208|5617051|2023|5,2023|28,2023|5,ANDRETTI,ARROW_MCLAREN_SPM,A_ONLY,A_ONLY,195.87549996376038,BETWEEN_GT5,4,78.0,1,TIER2_EXTENDED
DIFF_TEAM,6208,2023,2023_2024_PRIMARY,CARB_DAY,5617051,6208|5617051|2023|28,6208|5617051|2023|6,2023|28,2023|6,ANDRETTI,ARROW_MCLAREN_SPM,A_ONLY,A_ONLY,236.01349997520447,BETWEEN_GT5,4,118.0,1,TIER2_EXTENDED
DIFF_TEAM,6208,2023,2023_2024_PRIMARY,CARB_DAY,5617051,6208|5617051|2023|28,6208|5617051|2023|60,2023|28,2023|60,ANDRETTI,MEYER_SHANK_RACING,A_ONLY,B_ONLY,3.3409998416900635,BETWEEN_1_2,2,2.0,1,TIER2_EXTENDED
DIFF_TEAM,6208,2023,2023_2024_PRIMARY,CARB_DAY,5617051,6208|5617051|2023|29,6208|5617051|2023|5,2023|29,2023|5,ANDRETTI,ARROW_MCLAREN_SPM,A_ONLY,A_ONLY,56.874500036239624,BETWEEN_3_5,3,4.0,1,TIER2_EXTENDED
DIFF_TEAM,6208,2023,2023_2024_PRIMARY,CARB_DAY,5617051,6208|5617051|2023|29,6208|5617051|2023|6,2023|29,2023|6,ANDRETTI,ARROW_MCLAREN_SPM,A_ONLY,A_ONLY,16.736500024795532,BETWEEN_3_5,3,4.0,1,TIER2_EXTENDED
DIFF_TEAM,6208,2023,2023_2024_PRIMARY,CARB_DAY,5617051,6208|5617051|2023|29,6208|5617051|2023|60,2023|29,2023|60,ANDRETTI,MEYER_SHANK_RACING,A_ONLY,B_ONLY,249.40900015830994,BETWEEN_GT5,4,129.0,1,TIER2_EXTENDED
SAME_TEAM,6208,2023,2023_2024_PRIMARY,CARB_DAY,5617051,6208|5617051|2023|5,6208|5617051|2023|6,2023|5,2023|6,ARROW_MCLAREN_SPM,ARROW_MCLAREN_SPM,A_ONLY,A_ONLY,40.13800001144409,SAME_UPDATE,0,8.5,1,TIER2_EXTENDED
DIFF_TEAM,6208,2023,2023_2024_PRIMARY,CARB_DAY,5617051,6208|5617051|2023|5,6208|5617051|2023|60,2023|5,2023|60,ARROW_MCLAREN_SPM,MEYER_SHANK_RACING,A_ONLY,B_ONLY,192.5345001220703,BETWEEN_GT5,4,105.5,1,TIER2_EXTENDED
DIFF_TEAM,6208,2023,2023_2024_PRIMARY,CARB_DAY,5617051,6208|5617051|2023|6,6208|5617051|2023|60,2023|6,2023|60,ARROW_MCLAREN_SPM,MEYER_SHANK_RACING,A_ONLY,B_ONLY,232.6725001335144,BETWEEN_GT5,4,124.5,1,TIER2_EXTENDED
DIFF_TEAM,6208,2023,2023_2024_PRIMARY,CARB_DAY,5617052,6208|5617052|2023|28,6208|5617052|2023|30,2023|28,2023|30,ANDRETTI,RAHAL_LETTERMAN_LANIGAN,A_ONLY,B_ONLY,61.27999997138977,CONSECUTIVE,1,0.0,2,TIER2_EXTENDED
DIFF_TEAM,6208,2023,2023_2024_PRIMARY,CARB_DAY,5617052,6208|5617052|2023|28,6208|5617052|2023|60,2023|28,2023|60,ANDRETTI,MEYER_SHANK_RACING,A_ONLY,A_ONLY,18.415000200271606,CONSECUTIVE,1,0.0,2,TIER2_EXTENDED
DIFF_TEAM,6208,2023,2023_2024_PRIMARY,CARB_DAY,5617052,6208|5617052|2023|30,6208|5617052|2023|60,2023|30,2023|60,RAHAL_LETTERMAN_LANIGAN,MEYER_SHANK_RACING,B_ONLY,A_ONLY,42.864999771118164,BETWEEN_1_2,2,2.0,2,TIER2_EXTENDED
DIFF_TEAM,6208,2023,2023_2024_PRIMARY,CARB_DAY,5617054,6208|5617054|2023|14,6208|5617054|2023|27,2023|14,2023|27,AJ_FOYT,ANDRETTI,B_ONLY,MIXED_AB,205.8525002002716,BETWEEN_GT5,4,83.0,1,TIER2_EXTENDED
DIFF_TEAM,6208,2023,2023_2024_PRIMARY,CARB_DAY,5617054,6208|5617054|2023|14,6208|5617054|2023|50,2023|14,2023|50,AJ_FOYT,ABEL_MOTORSPORTS,B_ONLY,A_ONLY,15.04200005531311,BETWEEN_3_5,3,4.0,1,TIER2_EXTENDED
DIFF_TEAM,6208,2023,2023_2024_PRIMARY,CARB_DAY,5617054,6208|5617054|2023|27,6208|5617054|2023|50,2023|27,2023|50,ANDRETTI,ABEL_MOTORSPORTS,MIXED_AB,A_ONLY,190.8105001449585,BETWEEN_GT5,4,72.5,1,TIER2_EXTENDED
DIFF_TEAM,6208,2023,2023_2024_PRIMARY,CARB_DAY,5617055,6208|5617055|2023|14,6208|5617055|2023|45,2023|14,2023|45,AJ_FOYT,RAHAL_LETTERMAN_LANIGAN,B_ONLY,A_ONLY,133.22399997711182,BETWEEN_GT5,4,13.5,2,TIER2_EXTENDED
DIFF_TEAM,6208,2023,2023_2024_PRIMARY,CARB_DAY,5617055,6208|5617055|2023|14,6208|5617055|2023|50,2023|14,2023|50,AJ_FOYT,ABEL_MOTORSPORTS,B_ONLY,A_ONLY,23.400500059127808,BETWEEN_1_2,2,1.5,2,TIER2_EXTENDED
DIFF_TEAM,6208,2023,2023_2024_PRIMARY,CARB_DAY,5617055,6208|5617055|2023|45,6208|5617055|2023|50,2023|45,2023|50,RAHAL_LETTERMAN_LANIGAN,ABEL_MOTORSPORTS,A_ONLY,A_ONLY,109.82349991798401,BETWEEN_GT5,4,28.5,2,TIER2_EXTENDED
DIFF_TEAM,6208,2023,2023_2024_PRIMARY,CARB_DAY,5617059,6208|5617059|2023|06,6208|5617059|2023|10,2023|06,2023|10,MEYER_SHANK_RACING,CHIP_GANASSI_RACING,B_ONLY,A_ONLY,147.39249992370605,BETWEEN_3_5,3,4.0,2,TIER2_EXTENDED
DIFF_TEAM,6208,2023,2023_2024_PRIMARY,CARB_DAY,5617059,6208|5617059|2023|06,6208|5617059|2023|11,2023|06,2023|11,MEYER_SHANK_RACING,CHIP_GANASSI_RACING,B_ONLY,A_ONLY,58.85700011253357,CONSECUTIVE,1,0.0,2,TIER2_EXTENDED
DIFF_TEAM,6208,2023,2023_2024_PRIMARY,CARB_DAY,5617059,6208|5617059|2023|06,6208|5617059|2023|12,2023|06,2023|12,MEYER_SHANK_RACING,TEAM_PENSKE,B_ONLY,B_ONLY,22.561000108718872,CONSECUTIVE,1,0.0,2,TIER2_EXTENDED
DIFF_TEAM,6208,2023,2023_2024_PRIMARY,CARB_DAY,5617059,6208|5617059|2023|06,6208|5617059|2023|18,2023|06,2023|18,MEYER_SHANK_RACING,DALE_COYNE_RACING,B_ONLY,B_ONLY,20.05150008201599,SAME_UPDATE,0,0.0,2,TIER2_EXTENDED
DIFF_TEAM,6208,2023,2023_2024_PRIMARY,CARB_DAY,5617059,6208|5617059|2023|06,6208|5617059|2023|2,2023|06,2023|2,MEYER_SHANK_RACING,TEAM_PENSKE,B_ONLY,B_ONLY,187.78550004959106,BETWEEN_GT5,4,75.0,2,TIER2_EXTENDED
DIFF_TEAM,6208,2023,2023_2024_PRIMARY,CARB_DAY,5617059,6208|5617059|2023|06,6208|5617059|2023|20,2023|06,2023|20,MEYER_SHANK_RACING,ED_CARPENTER_RACING,B_ONLY,B_ONLY,104.90100002288818,BETWEEN_GT5,4,24.0,2,TIER2_EXTENDED
DIFF_TEAM,6208,2023,2023_2024_PRIMARY,CARB_DAY,5617059,6208|5617059|2023|06,6208|5617059|2023|24,2023|06,2023|24,MEYER_SHANK_RACING,DREYER_REINBOLD_RACING,B_ONLY,A_ONLY,38.437000036239624,BETWEEN_1_2,2,1.0,2,TIER2_EXTENDED
DIFF_TEAM,6208,2023,2023_2024_PRIMARY,CARB_DAY,5617059,6208|5617059|2023|06,6208|5617059|2023|29,2023|06,2023|29,MEYER_SHANK_RACING,ANDRETTI,B_ONLY,B_ONLY,62.19099998474121,CONSECUTIVE,1,0.0,2,TIER2_EXTENDED
DIFF_TEAM,6208,2023,2023_2024_PRIMARY,CARB_DAY,5617059,6208|5617059|2023|06,6208|5617059|2023|3,2023|06,2023|3,MEYER_SHANK_RACING,TEAM_PENSKE,B_ONLY,A_ONLY,105.74500012397766,BETWEEN_GT5,4,24.0,2,TIER2_EXTENDED
DIFF_TEAM,6208,2023,2023_2024_PRIMARY,CARB_DAY,5617059,6208|5617059|2023|06,6208|5617059|2023|33,2023|06,2023|33,MEYER_SHANK_RACING,ED_CARPENTER_RACING,B_ONLY,A_ONLY,60.52250003814697,SAME_UPDATE,0,0.0,2,TIER2_EXTENDED
DIFF_TEAM,6208,2023,2023_2024_PRIMARY,CARB_DAY,5617059,6208|5617059|2023|06,6208|5617059|2023|51,2023|06,2023|51,MEYER_SHANK_RACING,DALE_COYNE_RACING,B_ONLY,A_ONLY,36.76800012588501,BETWEEN_1_2,2,1.0,2,TIER2_EXTENDED
DIFF_TEAM,6208,2023,2023_2024_PRIMARY,CARB_DAY,5617059,6208|5617059|2023|06,6208|5617059|2023|7,2023|06,2023|7,MEYER_SHANK_RACING,ARROW_MCLAREN_SPM,B_ONLY,A_ONLY,106.5785002708435,BETWEEN_GT5,4,24.0,2,TIER2_EXTENDED
DIFF_TEAM,6208,2023,2023_2024_PRIMARY,CARB_DAY,5617059,6208|5617059|2023|06,6208|5617059|2023|8,2023|06,2023|8,MEYER_SHANK_RACING,CHIP_GANASSI_RACING,B_ONLY,A_ONLY,15.047500133514404,BETWEEN_3_5,3,3.0,2,TIER2_EXTENDED
DIFF_TEAM,6208,2023,2023_2024_PRIMARY,CARB_DAY,5617059,6208|5617059|2023|06,6208|5617059|2023|9,2023|06,2023|9,MEYER_SHANK_RACING,CHIP_GANASSI_RACING,B_ONLY,A_ONLY,98.17899990081787,BETWEEN_GT5,4,15.0,2,TIER2_EXTENDED
SAME_TEAM,6208,2023,2023_2024_PRIMARY,CARB_DAY,5617059,6208|5617059|2023|10,6208|5617059|2023|11,2023|10,2023|11,CHIP_GANASSI_RACING,CHIP_GANASSI_RACING,A_ONLY,A_ONLY,88.53549981117249,BETWEEN_GT5,4,20.0,2,TIER2_EXTENDED
DIFF_TEAM,6208,2023,2023_2024_PRIMARY,CARB_DAY,5617059,6208|5617059|2023|10,6208|5617059|2023|12,2023|10,2023|12,CHIP_GANASSI_RACING,TEAM_PENSKE,A_ONLY,B_ONLY,124.83149981498718,BETWEEN_GT5,4,63.0,2,TIER2_EXTENDED
DIFF_TEAM,6208,2023,2023_2024_PRIMARY,CARB_DAY,5617059,6208|5617059|2023|10,6208|5617059|2023|18,2023|10,2023|18,CHIP_GANASSI_RACING,DALE_COYNE_RACING,A_ONLY,B_ONLY,127.34099984169006,BETWEEN_GT5,4,66.0,2,TIER2_EXTENDED
DIFF_TEAM,6208,2023,2023_2024_PRIMARY,CARB_DAY,5617059,6208|5617059|2023|10,6208|5617059|2023|2,2023|10,2023|2,CHIP_GANASSI_RACING,TEAM_PENSKE,A_ONLY,B_ONLY,40.39300012588501,SAME_UPDATE,0,11.0,2,TIER2_EXTENDED
DIFF_TEAM,6208,2023,2023_2024_PRIMARY,CARB_DAY,5617059,6208|5617059|2023|10,6208|5617059|2023|20,2023|10,2023|20,CHIP_GANASSI_RACING,ED_CARPENTER_RACING,A_ONLY,B_ONLY,42.49149990081787,BETWEEN_1_2,2,10.0,2,TIER2_EXTENDED
DIFF_TEAM,6208,2023,2023_2024_PRIMARY,CARB_DAY,5617059,6208|5617059|2023|10,6208|5617059|2023|24,2023|10,2023|24,CHIP_GANASSI_RACING,DREYER_REINBOLD_RACING,A_ONLY,A_ONLY,108.95549988746643,BETWEEN_GT5,4,46.0,2,TIER2_EXTENDED
DIFF_TEAM,6208,2023,2023_2024_PRIMARY,CARB_DAY,5617059,6208|5617059|2023|10,6208|5617059|2023|29,2023|10,2023|29,CHIP_GANASSI_RACING,ANDRETTI,A_ONLY,B_ONLY,85.20149993896484,BETWEEN_3_5,3,16.0,2,TIER2_EXTENDED
DIFF_TEAM,6208,2023,2023_2024_PRIMARY,CARB_DAY,5617059,6208|5617059|2023|10,6208|5617059|2023|3,2023|10,2023|3,CHIP_GANASSI_RACING,TEAM_PENSKE,A_ONLY,A_ONLY,41.647499799728394,CONSECUTIVE,1,9.0,2,TIER2_EXTENDED
DIFF_TEAM,6208,2023,2023_2024_PRIMARY,CARB_DAY,5617059,6208|5617059|2023|10,6208|5617059|2023|33,2023|10,2023|33,CHIP_GANASSI_RACING,ED_CARPENTER_RACING,A_ONLY,A_ONLY,86.86999988555908,BETWEEN_GT5,4,19.5,2,TIER2_EXTENDED
DIFF_TEAM,6208,2023,2023_2024_PRIMARY,CARB_DAY,5617059,6208|5617059|2023|10,6208|5617059|2023|51,2023|10,2023|51,CHIP_GANASSI_RACING,DALE_COYNE_RACING,A_ONLY,A_ONLY,110.62449979782104,BETWEEN_GT5,4,50.0,2,TIER2_EXTENDED
DIFF_TEAM,6208,2023,2023_2024_PRIMARY,CARB_DAY,5617059,6208|5617059|2023|10,6208|5617059|2023|7,2023|10,2023|7,CHIP_GANASSI_RACING,ARROW_MCLAREN_SPM,A_ONLY,A_ONLY,40.81399965286255,CONSECUTIVE,1,9.0,2,TIER2_EXTENDED
SAME_TEAM,6208,2023,2023_2024_PRIMARY,CARB_DAY,5617059,6208|5617059|2023|10,6208|5617059|2023|8,2023|10,2023|8,CHIP_GANASSI_RACING,CHIP_GANASSI_RACING,A_ONLY,A_ONLY,132.34499979019165,BETWEEN_GT5,4,73.0,2,TIER2_EXTENDED
SAME_TEAM,6208,2023,2023_2024_PRIMARY,CARB_DAY,5617059,6208|5617059|2023|10,6208|5617059|2023|9,2023|10,2023|9,CHIP_GANASSI_RACING,CHIP_GANASSI_RACING,A_ONLY,A_ONLY,49.213500022888184,BETWEEN_GT5,4,13.0,2,TIER2_EXTENDED
DIFF_TEAM,6208,2023,2023_2024_PRIMARY,CARB_DAY,5617059,6208|5617059|2023|11,6208|5617059|2023|12,2023|11,2023|12,CHIP_GANASSI_RACING,TEAM_PENSKE,A_ONLY,B_ONLY,36.2960000038147,BETWEEN_3_5,3,8.5,2,TIER2_EXTENDED
DIFF_TEAM,6208,2023,2023_2024_PRIMARY,CARB_DAY,5617059,6208|5617059|2023|11,6208|5617059|2023|18,2023|11,2023|18,CHIP_GANASSI_RACING,DALE_COYNE_RACING,A_ONLY,B_ONLY,38.80550003051758,CONSECUTIVE,1,8.0,2,TIER2_EXTENDED
DIFF_TEAM,6208,2023,2023_2024_PRIMARY,CARB_DAY,5617059,6208|5617059|2023|11,6208|5617059|2023|2,2023|11,2023|2,CHIP_GANASSI_RACING,TEAM_PENSKE,A_ONLY,B_ONLY,128.9284999370575,BETWEEN_GT5,4,45.0,2,TIER2_EXTENDED
DIFF_TEAM,6208,2023,2023_2024_PRIMARY,CARB_DAY,5617059,6208|5617059|2023|11,6208|5617059|2023|20,2023|11,2023|20,CHIP_GANASSI_RACING,ED_CARPENTER_RACING,A_ONLY,B_ONLY,46.043999910354614,BETWEEN_3_5,3,4.5,2,TIER2_EXTENDED
DIFF_TEAM,6208,2023,2023_2024_PRIMARY,CARB_DAY,5617059,6208|5617059|2023|11,6208|5617059|2023|24,2023|11,2023|24,CHIP_GANASSI_RACING,DREYER_REINBOLD_RACING,A_ONLY,A_ONLY,20.420000076293945,SAME_UPDATE,0,0.0,2,TIER2_EXTENDED
DIFF_TEAM,6208,2023,2023_2024_PRIMARY,CARB_DAY,5617059,6208|5617059|2023|11,6208|5617059|2023|29,2023|11,2023|29,CHIP_GANASSI_RACING,ANDRETTI,A_ONLY,B_ONLY,3.3339998722076416,BETWEEN_1_2,2,1.5,2,TIER2_EXTENDED
DIFF_TEAM,6208,2023,2023_2024_PRIMARY,CARB_DAY,5617059,6208|5617059|2023|11,6208|5617059|2023|3,2023|11,2023|3,CHIP_GANASSI_RACING,TEAM_PENSKE,A_ONLY,A_ONLY,46.88800001144409,BETWEEN_3_5,3,6.0,2,TIER2_EXTENDED
DIFF_TEAM,6208,2023,2023_2024_PRIMARY,CARB_DAY,5617059,6208|5617059|2023|11,6208|5617059|2023|33,2023|11,2023|33,CHIP_GANASSI_RACING,ED_CARPENTER_RACING,A_ONLY,A_ONLY,1.6654999256134033,CONSECUTIVE,1,0.0,2,TIER2_EXTENDED
DIFF_TEAM,6208,2023,2023_2024_PRIMARY,CARB_DAY,5617059,6208|5617059|2023|11,6208|5617059|2023|51,2023|11,2023|51,CHIP_GANASSI_RACING,DALE_COYNE_RACING,A_ONLY,A_ONLY,22.08899998664856,CONSECUTIVE,1,0.0,2,TIER2_EXTENDED
DIFF_TEAM,6208,2023,2023_2024_PRIMARY,CARB_DAY,5617059,6208|5617059|2023|11,6208|5617059|2023|7,2023|11,2023|7,CHIP_GANASSI_RACING,ARROW_MCLAREN_SPM,A_ONLY,A_ONLY,47.72150015830994,BETWEEN_GT5,4,7.0,2,TIER2_EXTENDED
SAME_TEAM,6208,2023,2023_2024_PRIMARY,CARB_DAY,5617059,6208|5617059|2023|11,6208|5617059|2023|8,2023|11,2023|8,CHIP_GANASSI_RACING,CHIP_GANASSI_RACING,A_ONLY,A_ONLY,43.809499979019165,BETWEEN_1_2,2,12.5,2,TIER2_EXTENDED
SAME_TEAM,6208,2023,2023_2024_PRIMARY,CARB_DAY,5617059,6208|5617059|2023|11,6208|5617059|2023|9,2023|11,2023|9,CHIP_GANASSI_RACING,CHIP_GANASSI_RACING,A_ONLY,A_ONLY,39.3219997882843,CONSECUTIVE,1,0.0,2,TIER2_EXTENDED
DIFF_TEAM,6208,2023,2023_2024_PRIMARY,CARB_DAY,5617059,6208|5617059|2023|12,6208|5617059|2023|18,2023|12,2023|18,TEAM_PENSKE,DALE_COYNE_RACING,B_ONLY,B_ONLY,2.509500026702881,CONSECUTIVE,1,1.0,2,TIER2_EXTENDED
SAME_TEAM,6208,2023,2023_2024_PRIMARY,CARB_DAY,5617059,6208|5617059|2023|12,6208|5617059|2023|2,2023|12,2023|2,TEAM_PENSKE,TEAM_PENSKE,B_ONLY,B_ONLY,165.2244999408722,BETWEEN_GT5,4,61.5,2,TIER2_EXTENDED
DIFF_TEAM,6208,2023,2023_2024_PRIMARY,CARB_DAY,5617059,6208|5617059|2023|12,6208|5617059|2023|20,2023|12,2023|20,TEAM_PENSKE,ED_CARPENTER_RACING,B_ONLY,B_ONLY,82.33999991416931,CONSECUTIVE,1,10.5,2,TIER2_EXTENDED
DIFF_TEAM,6208,2023,2023_2024_PRIMARY,CARB_DAY,5617059,6208|5617059|2023|12,6208|5617059|2023|24,2023|12,2023|24,TEAM_PENSKE,DREYER_REINBOLD_RACING,B_ONLY,A_ONLY,15.875999927520752,BETWEEN_3_5,3,4.0,2,TIER2_EXTENDED
DIFF_TEAM,6208,2023,2023_2024_PRIMARY,CARB_DAY,5617059,6208|5617059|2023|12,6208|5617059|2023|29,2023|12,2023|29,TEAM_PENSKE,ANDRETTI,B_ONLY,B_ONLY,39.62999987602234,SAME_UPDATE,0,0.0,2,TIER2_EXTENDED
SAME_TEAM,6208,2023,2023_2024_PRIMARY,CARB_DAY,5617059,6208|5617059|2023|12,6208|5617059|2023|3,2023|12,2023|3,TEAM_PENSKE,TEAM_PENSKE,B_ONLY,A_ONLY,83.18400001525879,CONSECUTIVE,1,10.5,2,TIER2_EXTENDED
DIFF_TEAM,6208,2023,2023_2024_PRIMARY,CARB_DAY,5617059,6208|5617059|2023|12,6208|5617059|2023|33,2023|12,2023|33,TEAM_PENSKE,ED_CARPENTER_RACING,B_ONLY,A_ONLY,37.9614999294281,CONSECUTIVE,1,1.0,2,TIER2_EXTENDED
DIFF_TEAM,6208,2023,2023_2024_PRIMARY,CARB_DAY,5617059,6208|5617059|2023|12,6208|5617059|2023|51,2023|12,2023|51,TEAM_PENSKE,DALE_COYNE_RACING,B_ONLY,A_ONLY,14.207000017166138,BETWEEN_3_5,3,6.0,2,TIER2_EXTENDED
DIFF_TEAM,6208,2023,2023_2024_PRIMARY,CARB_DAY,5617059,6208|5617059|2023|12,6208|5617059|2023|7,2023|12,2023|7,TEAM_PENSKE,ARROW_MCLAREN_SPM,B_ONLY,A_ONLY,84.01750016212463,CONSECUTIVE,1,10.5,2,TIER2_EXTENDED
DIFF_TEAM,6208,2023,2023_2024_PRIMARY,CARB_DAY,5617059,6208|5617059|2023|12,6208|5617059|2023|8,2023|12,2023|8,TEAM_PENSKE,CHIP_GANASSI_RACING,B_ONLY,A_ONLY,7.513499975204468,BETWEEN_GT5,4,7.5,2,TIER2_EXTENDED
DIFF_TEAM,6208,2023,2023_2024_PRIMARY,CARB_DAY,5617059,6208|5617059|2023|12,6208|5617059|2023|9,2023|12,2023|9,TEAM_PENSKE,CHIP_GANASSI_RACING,B_ONLY,A_ONLY,75.617999792099,BETWEEN_3_5,3,8.0,2,TIER2_EXTENDED
DIFF_TEAM,6208,2023,2023_2024_PRIMARY,CARB_DAY,5617059,6208|5617059|2023|18,6208|5617059|2023|2,2023|18,2023|2,DALE_COYNE_RACING,TEAM_PENSKE,B_ONLY,B_ONLY,167.73399996757507,BETWEEN_GT5,4,64.5,2,TIER2_EXTENDED
DIFF_TEAM,6208,2023,2023_2024_PRIMARY,CARB_DAY,5617059,6208|5617059|2023|18,6208|5617059|2023|20,2023|18,2023|20,DALE_COYNE_RACING,ED_CARPENTER_RACING,B_ONLY,B_ONLY,84.84949994087219,BETWEEN_3_5,3,13.5,2,TIER2_EXTENDED
DIFF_TEAM,6208,2023,2023_2024_PRIMARY,CARB_DAY,5617059,6208|5617059|2023|18,6208|5617059|2023|24,2023|18,2023|24,DALE_COYNE_RACING,DREYER_REINBOLD_RACING,B_ONLY,A_ONLY,18.385499954223633,CONSECUTIVE,1,0.5,2,TIER2_EXTENDED
DIFF_TEAM,6208,2023,2023_2024_PRIMARY,CARB_DAY,5617059,6208|5617059|2023|18,6208|5617059|2023|29,2023|18,2023|29,DALE_COYNE_RACING,ANDRETTI,B_ONLY,B_ONLY,42.13949990272522,CONSECUTIVE,1,0.0,2,TIER2_EXTENDED
DIFF_TEAM,6208,2023,2023_2024_PRIMARY,CARB_DAY,5617059,6208|5617059|2023|18,6208|5617059|2023|3,2023|18,2023|3,DALE_COYNE_RACING,TEAM_PENSKE,B_ONLY,A_ONLY,85.69350004196167,BETWEEN_3_5,3,13.5,2,TIER2_EXTENDED
DIFF_TEAM,6208,2023,2023_2024_PRIMARY,CARB_DAY,5617059,6208|5617059|2023|18,6208|5617059|2023|33,2023|18,2023|33,DALE_COYNE_RACING,ED_CARPENTER_RACING,B_ONLY,A_ONLY,40.47099995613098,SAME_UPDATE,0,0.0,2,TIER2_EXTENDED
SAME_TEAM,6208,2023,2023_2024_PRIMARY,CARB_DAY,5617059,6208|5617059|2023|18,6208|5617059|2023|51,2023|18,2023|51,DALE_COYNE_RACING,DALE_COYNE_RACING,B_ONLY,A_ONLY,16.71650004386902,BETWEEN_1_2,2,2.5,2,TIER2_EXTENDED
DIFF_TEAM,6208,2023,2023_2024_PRIMARY,CARB_DAY,5617059,6208|5617059|2023|18,6208|5617059|2023|7,2023|18,2023|7,DALE_COYNE_RACING,ARROW_MCLAREN_SPM,B_ONLY,A_ONLY,86.52700018882751,BETWEEN_3_5,3,13.5,2,TIER2_EXTENDED
DIFF_TEAM,6208,2023,2023_2024_PRIMARY,CARB_DAY,5617059,6208|5617059|2023|18,6208|5617059|2023|8,2023|18,2023|8,DALE_COYNE_RACING,CHIP_GANASSI_RACING,B_ONLY,A_ONLY,5.003999948501587,BETWEEN_3_5,3,4.0,2,TIER2_EXTENDED
DIFF_TEAM,6208,2023,2023_2024_PRIMARY,CARB_DAY,5617059,6208|5617059|2023|18,6208|5617059|2023|9,2023|18,2023|9,DALE_COYNE_RACING,CHIP_GANASSI_RACING,B_ONLY,A_ONLY,78.12749981880188,CONSECUTIVE,1,7.5,2,TIER2_EXTENDED
DIFF_TEAM,6208,2023,2023_2024_PRIMARY,CARB_DAY,5617059,6208|5617059|2023|2,6208|5617059|2023|20,2023|2,2023|20,TEAM_PENSKE,ED_CARPENTER_RACING,B_ONLY,B_ONLY,82.88450002670288,CONSECUTIVE,1,12.5,2,TIER2_EXTENDED
DIFF_TEAM,6208,2023,2023_2024_PRIMARY,CARB_DAY,5617059,6208|5617059|2023|2,6208|5617059|2023|24,2023|2,2023|24,TEAM_PENSKE,DREYER_REINBOLD_RACING,B_ONLY,A_ONLY,149.34850001335144,BETWEEN_GT5,4,70.5,2,TIER2_EXTENDED
DIFF_TEAM,6208,2023,2023_2024_PRIMARY,CARB_DAY,5617059,6208|5617059|2023|2,6208|5617059|2023|29,2023|2,2023|29,TEAM_PENSKE,ANDRETTI,B_ONLY,B_ONLY,125.59450006484985,BETWEEN_GT5,4,39.5,2,TIER2_EXTENDED
SAME_TEAM,6208,2023,2023_2024_PRIMARY,CARB_DAY,5617059,6208|5617059|2023|2,6208|5617059|2023|3,2023|2,2023|3,TEAM_PENSKE,TEAM_PENSKE,B_ONLY,A_ONLY,82.0404999256134,CONSECUTIVE,1,10.5,2,TIER2_EXTENDED
DIFF_TEAM,6208,2023,2023_2024_PRIMARY,CARB_DAY,5617059,6208|5617059|2023|2,6208|5617059|2023|33,2023|2,2023|33,TEAM_PENSKE,ED_CARPENTER_RACING,B_ONLY,A_ONLY,127.26300001144409,BETWEEN_GT5,4,43.5,2,TIER2_EXTENDED
DIFF_TEAM,6208,2023,2023_2024_PRIMARY,CARB_DAY,5617059,6208|5617059|2023|2,6208|5617059|2023|51,2023|2,2023|51,TEAM_PENSKE,DALE_COYNE_RACING,B_ONLY,A_ONLY,151.01749992370605,BETWEEN_GT5,4,74.5,2,TIER2_EXTENDED
DIFF_TEAM,6208,2023,2023_2024_PRIMARY,CARB_DAY,5617059,6208|5617059|2023|2,6208|5617059|2023|7,2023|2,2023|7,TEAM_PENSKE,ARROW_MCLAREN_SPM,B_ONLY,A_ONLY,81.20699977874756,SAME_UPDATE,0,10.5,2,TIER2_EXTENDED
DIFF_TEAM,6208,2023,2023_2024_PRIMARY,CARB_DAY,5617059,6208|5617059|2023|2,6208|5617059|2023|8,2023|2,2023|8,TEAM_PENSKE,CHIP_GANASSI_RACING,B_ONLY,A_ONLY,172.73799991607666,BETWEEN_GT5,4,97.5,2,TIER2_EXTENDED
DIFF_TEAM,6208,2023,2023_2024_PRIMARY,CARB_DAY,5617059,6208|5617059|2023|2,6208|5617059|2023|9,2023|2,2023|9,TEAM_PENSKE,CHIP_GANASSI_RACING,B_ONLY,A_ONLY,89.6065001487732,BETWEEN_GT5,4,25.5,2,TIER2_EXTENDED
DIFF_TEAM,6208,2023,2023_2024_PRIMARY,CARB_DAY,5617059,6208|5617059|2023|20,6208|5617059|2023|24,2023|20,2023|24,ED_CARPENTER_RACING,DREYER_REINBOLD_RACING,B_ONLY,A_ONLY,66.46399998664856,BETWEEN_3_5,3,18.0,2,TIER2_EXTENDED
DIFF_TEAM,6208,2023,2023_2024_PRIMARY,CARB_DAY,5617059,6208|5617059|2023|20,6208|5617059|2023|29,2023|20,2023|29,ED_CARPENTER_RACING,ANDRETTI,B_ONLY,B_ONLY,42.71000003814697,CONSECUTIVE,1,0.5,2,TIER2_EXTENDED
DIFF_TEAM,6208,2023,2023_2024_PRIMARY,CARB_DAY,5617059,6208|5617059|2023|20,6208|5617059|2023|3,2023|20,2023|3,ED_CARPENTER_RACING,TEAM_PENSKE,B_ONLY,A_ONLY,0.8440001010894775,SAME_UPDATE,0,0.0,2,TIER2_EXTENDED
SAME_TEAM,6208,2023,2023_2024_PRIMARY,CARB_DAY,5617059,6208|5617059|2023|20,6208|5617059|2023|33,2023|20,2023|33,ED_CARPENTER_RACING,ED_CARPENTER_RACING,B_ONLY,A_ONLY,44.37849998474121,BETWEEN_3_5,3,3.5,2,TIER2_EXTENDED
DIFF_TEAM,6208,2023,2023_2024_PRIMARY,CARB_DAY,5617059,6208|5617059|2023|20,6208|5617059|2023|51,2023|20,2023|51,ED_CARPENTER_RACING,DALE_COYNE_RACING,B_ONLY,A_ONLY,68.13299989700317,BETWEEN_GT5,4,22.0,2,TIER2_EXTENDED
DIFF_TEAM,6208,2023,2023_2024_PRIMARY,CARB_DAY,5617059,6208|5617059|2023|20,6208|5617059|2023|7,2023|20,2023|7,ED_CARPENTER_RACING,ARROW_MCLAREN_SPM,B_ONLY,A_ONLY,1.6775002479553223,CONSECUTIVE,1,0.0,2,TIER2_EXTENDED
DIFF_TEAM,6208,2023,2023_2024_PRIMARY,CARB_DAY,5617059,6208|5617059|2023|20,6208|5617059|2023|8,2023|20,2023|8,ED_CARPENTER_RACING,CHIP_GANASSI_RACING,B_ONLY,A_ONLY,89.85349988937378,BETWEEN_GT5,4,44.5,2,TIER2_EXTENDED
DIFF_TEAM,6208,2023,2023_2024_PRIMARY,CARB_DAY,5617059,6208|5617059|2023|20,6208|5617059|2023|9,2023|20,2023|9,ED_CARPENTER_RACING,CHIP_GANASSI_RACING,B_ONLY,A_ONLY,6.7220001220703125,BETWEEN_GT5,4,8.0,2,TIER2_EXTENDED
DIFF_TEAM,6208,2023,2023_2024_PRIMARY,CARB_DAY,5617059,6208|5617059|2023|24,6208|5617059|2023|29,2023|24,2023|29,DREYER_REINBOLD_RACING,ANDRETTI,A_ONLY,B_ONLY,23.753999948501587,BETWEEN_1_2,2,2.0,2,TIER2_EXTENDED
DIFF_TEAM,6208,2023,2023_2024_PRIMARY,CARB_DAY,5617059,6208|5617059|2023|24,6208|5617059|2023|3,2023|24,2023|3,DREYER_REINBOLD_RACING,TEAM_PENSKE,A_ONLY,A_ONLY,67.30800008773804,BETWEEN_GT5,4,7.0,2,TIER2_EXTENDED
DIFF_TEAM,6208,2023,2023_2024_PRIMARY,CARB_DAY,5617059,6208|5617059|2023|24,6208|5617059|2023|33,2023|24,2023|33,DREYER_REINBOLD_RACING,ED_CARPENTER_RACING,A_ONLY,A_ONLY,22.08550000190735,CONSECUTIVE,1,0.0,2,TIER2_EXTENDED
DIFF_TEAM,6208,2023,2023_2024_PRIMARY,CARB_DAY,5617059,6208|5617059|2023|24,6208|5617059|2023|51,2023|24,2023|51,DREYER_REINBOLD_RACING,DALE_COYNE_RACING,A_ONLY,A_ONLY,1.6689999103546143,CONSECUTIVE,1,0.0,2,TIER2_EXTENDED
DIFF_TEAM,6208,2023,2023_2024_PRIMARY,CARB_DAY,5617059,6208|5617059|2023|24,6208|5617059|2023|7,2023|24,2023|7,DREYER_REINBOLD_RACING,ARROW_MCLAREN_SPM,A_ONLY,A_ONLY,68.14150023460388,BETWEEN_GT5,4,7.0,2,TIER2_EXTENDED
DIFF_TEAM,6208,2023,2023_2024_PRIMARY,CARB_DAY,5617059,6208|5617059|2023|24,6208|5617059|2023|8,2023|24,2023|8,DREYER_REINBOLD_RACING,CHIP_GANASSI_RACING,A_ONLY,A_ONLY,23.38949990272522,BETWEEN_1_2,2,1.0,2,TIER2_EXTENDED
DIFF_TEAM,6208,2023,2023_2024_PRIMARY,CARB_DAY,5617059,6208|5617059|2023|24,6208|5617059|2023|9,2023|24,2023|9,DREYER_REINBOLD_RACING,CHIP_GANASSI_RACING,A_ONLY,A_ONLY,59.74199986457825,CONSECUTIVE,1,0.0,2,TIER2_EXTENDED
DIFF_TEAM,6208,2023,2023_2024_PRIMARY,CARB_DAY,5617059,6208|5617059|2023|29,6208|5617059|2023|3,2023|29,2023|3,ANDRETTI,TEAM_PENSKE,B_ONLY,A_ONLY,43.55400013923645,BETWEEN_1_2,2,2.0,2,TIER2_EXTENDED
DIFF_TEAM,6208,2023,2023_2024_PRIMARY,CARB_DAY,5617059,6208|5617059|2023|29,6208|5617059|2023|33,2023|29,2023|33,ANDRETTI,ED_CARPENTER_RACING,B_ONLY,A_ONLY,1.6684999465942383,CONSECUTIVE,1,0.0,2,TIER2_EXTENDED
DIFF_TEAM,6208,2023,2023_2024_PRIMARY,CARB_DAY,5617059,6208|5617059|2023|29,6208|5617059|2023|51,2023|29,2023|51,ANDRETTI,DALE_COYNE_RACING,B_ONLY,A_ONLY,25.4229998588562,BETWEEN_3_5,3,5.5,2,TIER2_EXTENDED
DIFF_TEAM,6208,2023,2023_2024_PRIMARY,CARB_DAY,5617059,6208|5617059|2023|29,6208|5617059|2023|7,2023|29,2023|7,ANDRETTI,ARROW_MCLAREN_SPM,B_ONLY,A_ONLY,44.387500286102295,BETWEEN_3_5,3,3.0,2,TIER2_EXTENDED
DIFF_TEAM,6208,2023,2023_2024_PRIMARY,CARB_DAY,5617059,6208|5617059|2023|29,6208|5617059|2023|8,2023|29,2023|8,ANDRETTI,CHIP_GANASSI_RACING,B_ONLY,A_ONLY,47.14349985122681,BETWEEN_GT5,4,17.5,2,TIER2_EXTENDED
DIFF_TEAM,6208,2023,2023_2024_PRIMARY,CARB_DAY,5617059,6208|5617059|2023|29,6208|5617059|2023|9,2023|29,2023|9,ANDRETTI,CHIP_GANASSI_RACING,B_ONLY,A_ONLY,35.98799991607666,BETWEEN_3_5,3,5.0,2,TIER2_EXTENDED
DIFF_TEAM,6208,2023,2023_2024_PRIMARY,CARB_DAY,5617059,6208|5617059|2023|3,6208|5617059|2023|33,2023|3,2023|33,TEAM_PENSKE,ED_CARPENTER_RACING,A_ONLY,A_ONLY,45.22250008583069,BETWEEN_3_5,3,5.0,2,TIER2_EXTENDED
DIFF_TEAM,6208,2023,2023_2024_PRIMARY,CARB_DAY,5617059,6208|5617059|2023|3,6208|5617059|2023|51,2023|3,2023|51,TEAM_PENSKE,DALE_COYNE_RACING,A_ONLY,A_ONLY,68.97699999809265,BETWEEN_GT5,4,23.0,2,TIER2_EXTENDED
DIFF_TEAM,6208,2023,2023_2024_PRIMARY,CARB_DAY,5617059,6208|5617059|2023|3,6208|5617059|2023|7,2023|3,2023|7,TEAM_PENSKE,ARROW_MCLAREN_SPM,A_ONLY,A_ONLY,0.8335001468658447,SAME_UPDATE,0,0.0,2,TIER2_EXTENDED
DIFF_TEAM,6208,2023,2023_2024_PRIMARY,CARB_DAY,5617059,6208|5617059|2023|3,6208|5617059|2023|8,2023|3,2023|8,TEAM_PENSKE,CHIP_GANASSI_RACING,A_ONLY,A_ONLY,90.69749999046326,BETWEEN_GT5,4,46.0,2,TIER2_EXTENDED
DIFF_TEAM,6208,2023,2023_2024_PRIMARY,CARB_DAY,5617059,6208|5617059|2023|3,6208|5617059|2023|9,2023|3,2023|9,TEAM_PENSKE,CHIP_GANASSI_RACING,A_ONLY,A_ONLY,7.56600022315979,BETWEEN_GT5,4,9.5,2,TIER2_EXTENDED
DIFF_TEAM,6208,2023,2023_2024_PRIMARY,CARB_DAY,5617059,6208|5617059|2023|33,6208|5617059|2023|51,2023|33,2023|51,ED_CARPENTER_RACING,DALE_COYNE_RACING,A_ONLY,A_ONLY,23.754499912261963,BETWEEN_3_5,3,4.0,2,TIER2_EXTENDED
DIFF_TEAM,6208,2023,2023_2024_PRIMARY,CARB_DAY,5617059,6208|5617059|2023|33,6208|5617059|2023|7,2023|33,2023|7,ED_CARPENTER_RACING,ARROW_MCLAREN_SPM,A_ONLY,A_ONLY,46.05600023269653,BETWEEN_GT5,4,6.5,2,TIER2_EXTENDED
DIFF_TEAM,6208,2023,2023_2024_PRIMARY,CARB_DAY,5617059,6208|5617059|2023|33,6208|5617059|2023|8,2023|33,2023|8,ED_CARPENTER_RACING,CHIP_GANASSI_RACING,A_ONLY,A_ONLY,45.47499990463257,BETWEEN_3_5,3,16.0,2,TIER2_EXTENDED
DIFF_TEAM,6208,2023,2023_2024_PRIMARY,CARB_DAY,5617059,6208|5617059|2023|33,6208|5617059|2023|9,2023|33,2023|9,ED_CARPENTER_RACING,CHIP_GANASSI_RACING,A_ONLY,A_ONLY,37.6564998626709,CONSECUTIVE,1,2.0,2,TIER2_EXTENDED
DIFF_TEAM,6208,2023,2023_2024_PRIMARY,CARB_DAY,5617059,6208|5617059|2023|51,6208|5617059|2023|7,2023|51,2023|7,DALE_COYNE_RACING,ARROW_MCLAREN_SPM,A_ONLY,A_ONLY,69.8105001449585,BETWEEN_GT5,4,11.0,2,TIER2_EXTENDED
DIFF_TEAM,6208,2023,2023_2024_PRIMARY,CARB_DAY,5617059,6208|5617059|2023|51,6208|5617059|2023|8,2023|51,2023|8,DALE_COYNE_RACING,CHIP_GANASSI_RACING,A_ONLY,A_ONLY,21.720499992370605,CONSECUTIVE,1,0.0,2,TIER2_EXTENDED
DIFF_TEAM,6208,2023,2023_2024_PRIMARY,CARB_DAY,5617059,6208|5617059|2023|51,6208|5617059|2023|9,2023|51,2023|9,DALE_COYNE_RACING,CHIP_GANASSI_RACING,A_ONLY,A_ONLY,61.41099977493286,CONSECUTIVE,1,0.0,2,TIER2_EXTENDED
DIFF_TEAM,6208,2023,2023_2024_PRIMARY,CARB_DAY,5617059,6208|5617059|2023|7,6208|5617059|2023|8,2023|7,2023|8,ARROW_MCLAREN_SPM,CHIP_GANASSI_RACING,A_ONLY,A_ONLY,91.5310001373291,BETWEEN_GT5,4,47.5,2,TIER2_EXTENDED
DIFF_TEAM,6208,2023,2023_2024_PRIMARY,CARB_DAY,5617059,6208|5617059|2023|7,6208|5617059|2023|9,2023|7,2023|9,ARROW_MCLAREN_SPM,CHIP_GANASSI_RACING,A_ONLY,A_ONLY,8.399500370025635,BETWEEN_GT5,4,11.0,2,TIER2_EXTENDED
SAME_TEAM,6208,2023,2023_2024_PRIMARY,CARB_DAY,5617059,6208|5617059|2023|8,6208|5617059|2023|9,2023|8,2023|9,CHIP_GANASSI_RACING,CHIP_GANASSI_RACING,A_ONLY,A_ONLY,83.13149976730347,BETWEEN_1_2,2,11.0,2,TIER2_EXTENDED
DIFF_TEAM,6208,2023,2023_2024_PRIMARY,CARB_DAY,5617060,6208|5617060|2023|06,6208|5617060|2023|10,2023|06,2023|10,MEYER_SHANK_RACING,CHIP_GANASSI_RACING,B_ONLY,MIXED_AB,15.852999687194824,BETWEEN_3_5,3,3.0,1,TIER2_EXTENDED
DIFF_TEAM,6208,2023,2023_2024_PRIMARY,CARB_DAY,5617060,6208|5617060|2023|06,6208|5617060|2023|12,2023|06,2023|12,MEYER_SHANK_RACING,TEAM_PENSKE,B_ONLY,B_ONLY,16.689499855041504,CONSECUTIVE,1,0.0,1,TIER2_EXTENDED
DIFF_TEAM,6208,2023,2023_2024_PRIMARY,CARB_DAY,5617060,6208|5617060|2023|06,6208|5617060|2023|18,2023|06,2023|18,MEYER_SHANK_RACING,DALE_COYNE_RACING,B_ONLY,B_ONLY,20.88450002670288,SAME_UPDATE,0,0.0,1,TIER2_EXTENDED
DIFF_TEAM,6208,2023,2023_2024_PRIMARY,CARB_DAY,5617060,6208|5617060|2023|06,6208|5617060|2023|24,2023|06,2023|24,MEYER_SHANK_RACING,DREYER_REINBOLD_RACING,B_ONLY,MIXED_AB,18.382500171661377,CONSECUTIVE,1,0.0,1,TIER2_EXTENDED
DIFF_TEAM,6208,2023,2023_2024_PRIMARY,CARB_DAY,5617060,6208|5617060|2023|06,6208|5617060|2023|51,2023|06,2023|51,MEYER_SHANK_RACING,DALE_COYNE_RACING,B_ONLY,MIXED_AB,3.3459999561309814,BETWEEN_1_2,2,2.0,1,TIER2_EXTENDED
DIFF_TEAM,6208,2023,2023_2024_PRIMARY,CARB_DAY,5617060,6208|5617060|2023|06,6208|5617060|2023|66,2023|06,2023|66,MEYER_SHANK_RACING,ARROW_MCLAREN_SPM,B_ONLY,MIXED_AB,66.8694999217987,BETWEEN_3_5,3,4.0,1,TIER2_EXTENDED
DIFF_TEAM,6208,2023,2023_2024_PRIMARY,CARB_DAY,5617060,6208|5617060|2023|06,6208|5617060|2023|8,2023|06,2023|8,MEYER_SHANK_RACING,CHIP_GANASSI_RACING,B_ONLY,A_ONLY,16.715500116348267,BETWEEN_1_2,2,2.0,1,TIER2_EXTENDED
DIFF_TEAM,6208,2023,2023_2024_PRIMARY,CARB_DAY,5617060,6208|5617060|2023|10,6208|5617060|2023|12,2023|10,2023|12,CHIP_GANASSI_RACING,TEAM_PENSKE,MIXED_AB,B_ONLY,0.8365001678466797,CONSECUTIVE,1,0.0,1,TIER2_EXTENDED
DIFF_TEAM,6208,2023,2023_2024_PRIMARY,CARB_DAY,5617060,6208|5617060|2023|10,6208|5617060|2023|18,2023|10,2023|18,CHIP_GANASSI_RACING,DALE_COYNE_RACING,MIXED_AB,B_ONLY,36.737499713897705,BETWEEN_3_5,3,5.5,1,TIER2_EXTENDED
DIFF_TEAM,6208,2023,2023_2024_PRIMARY,CARB_DAY,5617060,6208|5617060|2023|10,6208|5617060|2023|24,2023|10,2023|24,CHIP_GANASSI_RACING,DREYER_REINBOLD_RACING,MIXED_AB,MIXED_AB,34.2354998588562,BETWEEN_GT5,4,6.0,1,TIER2_EXTENDED
DIFF_TEAM,6208,2023,2023_2024_PRIMARY,CARB_DAY,5617060,6208|5617060|2023|10,6208|5617060|2023|51,2023|10,2023|51,CHIP_GANASSI_RACING,DALE_COYNE_RACING,MIXED_AB,MIXED_AB,12.506999731063843,BETWEEN_GT5,4,7.0,1,TIER2_EXTENDED
DIFF_TEAM,6208,2023,2023_2024_PRIMARY,CARB_DAY,5617060,6208|5617060|2023|10,6208|5617060|2023|66,2023|10,2023|66,CHIP_GANASSI_RACING,ARROW_MCLAREN_SPM,MIXED_AB,MIXED_AB,51.01650023460388,BETWEEN_GT5,4,8.5,1,TIER2_EXTENDED
SAME_TEAM,6208,2023,2023_2024_PRIMARY,CARB_DAY,5617060,6208|5617060|2023|10,6208|5617060|2023|8,2023|10,2023|8,CHIP_GANASSI_RACING,CHIP_GANASSI_RACING,MIXED_AB,A_ONLY,32.56849980354309,BETWEEN_GT5,4,8.0,1,TIER2_EXTENDED
DIFF_TEAM,6208,2023,2023_2024_PRIMARY,CARB_DAY,5617060,6208|5617060|2023|12,6208|5617060|2023|18,2023|12,2023|18,TEAM_PENSKE,DALE_COYNE_RACING,B_ONLY,B_ONLY,37.573999881744385,BETWEEN_1_2,2,4.0,1,TIER2_EXTENDED
DIFF_TEAM,6208,2023,2023_2024_PRIMARY,CARB_DAY,5617060,6208|5617060|2023|12,6208|5617060|2023|24,2023|12,2023|24,TEAM_PENSKE,DREYER_REINBOLD_RACING,B_ONLY,MIXED_AB,35.07200002670288,BETWEEN_3_5,3,4.0,1,TIER2_EXTENDED
DIFF_TEAM,6208,2023,2023_2024_PRIMARY,CARB_DAY,5617060,6208|5617060|2023|12,6208|5617060|2023|51,2023|12,2023|51,TEAM_PENSKE,DALE_COYNE_RACING,B_ONLY,MIXED_AB,13.343499898910522,BETWEEN_3_5,3,5.0,1,TIER2_EXTENDED
DIFF_TEAM,6208,2023,2023_2024_PRIMARY,CARB_DAY,5617060,6208|5617060|2023|12,6208|5617060|2023|66,2023|12,2023|66,TEAM_PENSKE,ARROW_MCLAREN_SPM,B_ONLY,MIXED_AB,50.1800000667572,BETWEEN_GT5,4,6.5,1,TIER2_EXTENDED
DIFF_TEAM,6208,2023,2023_2024_PRIMARY,CARB_DAY,5617060,6208|5617060|2023|12,6208|5617060|2023|8,2023|12,2023|8,TEAM_PENSKE,CHIP_GANASSI_RACING,B_ONLY,A_ONLY,33.40499997138977,BETWEEN_3_5,3,5.0,1,TIER2_EXTENDED
DIFF_TEAM,6208,2023,2023_2024_PRIMARY,CARB_DAY,5617060,6208|5617060|2023|18,6208|5617060|2023|24,2023|18,2023|24,DALE_COYNE_RACING,DREYER_REINBOLD_RACING,B_ONLY,MIXED_AB,2.501999855041504,CONSECUTIVE,1,0.0,1,TIER2_EXTENDED
SAME_TEAM,6208,2023,2023_2024_PRIMARY,CARB_DAY,5617060,6208|5617060|2023|18,6208|5617060|2023|51,2023|18,2023|51,DALE_COYNE_RACING,DALE_COYNE_RACING,B_ONLY,MIXED_AB,24.230499982833862,BETWEEN_1_2,2,2.0,1,TIER2_EXTENDED
DIFF_TEAM,6208,2023,2023_2024_PRIMARY,CARB_DAY,5617060,6208|5617060|2023|18,6208|5617060|2023|66,2023|18,2023|66,DALE_COYNE_RACING,ARROW_MCLAREN_SPM,B_ONLY,MIXED_AB,87.75399994850159,BETWEEN_3_5,3,4.0,1,TIER2_EXTENDED
DIFF_TEAM,6208,2023,2023_2024_PRIMARY,CARB_DAY,5617060,6208|5617060|2023|18,6208|5617060|2023|8,2023|18,2023|8,DALE_COYNE_RACING,CHIP_GANASSI_RACING,B_ONLY,A_ONLY,4.168999910354614,BETWEEN_1_2,2,2.0,1,TIER2_EXTENDED
DIFF_TEAM,6208,2023,2023_2024_PRIMARY,CARB_DAY,5617060,6208|5617060|2023|24,6208|5617060|2023|51,2023|24,2023|51,DREYER_REINBOLD_RACING,DALE_COYNE_RACING,MIXED_AB,MIXED_AB,21.72850012779236,CONSECUTIVE,1,0.0,1,TIER2_EXTENDED
DIFF_TEAM,6208,2023,2023_2024_PRIMARY,CARB_DAY,5617060,6208|5617060|2023|24,6208|5617060|2023|66,2023|24,2023|66,DREYER_REINBOLD_RACING,ARROW_MCLAREN_SPM,MIXED_AB,MIXED_AB,85.25200009346008,BETWEEN_1_2,2,2.0,1,TIER2_EXTENDED
DIFF_TEAM,6208,2023,2023_2024_PRIMARY,CARB_DAY,5617060,6208|5617060|2023|24,6208|5617060|2023|8,2023|24,2023|8,DREYER_REINBOLD_RACING,CHIP_GANASSI_RACING,MIXED_AB,A_ONLY,1.6670000553131104,CONSECUTIVE,1,0.0,1,TIER2_EXTENDED
DIFF_TEAM,6208,2023,2023_2024_PRIMARY,CARB_DAY,5617060,6208|5617060|2023|51,6208|5617060|2023|66,2023|51,2023|66,DALE_COYNE_RACING,ARROW_MCLAREN_SPM,MIXED_AB,MIXED_AB,63.523499965667725,CONSECUTIVE,1,0.0,1,TIER2_EXTENDED
DIFF_TEAM,6208,2023,2023_2024_PRIMARY,CARB_DAY,5617060,6208|5617060|2023|51,6208|5617060|2023|8,2023|51,2023|8,DALE_COYNE_RACING,CHIP_GANASSI_RACING,MIXED_AB,A_ONLY,20.061500072479248,SAME_UPDATE,0,0.0,1,TIER2_EXTENDED
DIFF_TEAM,6208,2023,2023_2024_PRIMARY,CARB_DAY,5617060,6208|5617060|2023|66,6208|5617060|2023|8,2023|66,2023|8,ARROW_MCLAREN_SPM,CHIP_GANASSI_RACING,MIXED_AB,A_ONLY,83.58500003814697,BETWEEN_GT5,4,22.5,1,TIER2_EXTENDED
DIFF_TEAM,6208,2023,2023_2024_PRIMARY,CARB_DAY,5617062,6208|5617062|2023|78,6208|5617062|2023|98,2023|78,2023|98,JUNCOS_HOLLINGER_RACING,ANDRETTI,B_ONLY,B_ONLY,2.509500026702881,BETWEEN_1_2,2,1.0,2,TIER2_EXTENDED
DIFF_TEAM,6208,2023,2023_2024_PRIMARY,CARB_DAY,5617065,6208|5617065|2023|14,6208|5617065|2023|2,2023|14,2023|2,AJ_FOYT,TEAM_PENSKE,A_ONLY,A_ONLY,0.0,SAME_UPDATE,0,0.0,2,TIER2_EXTENDED
DIFF_TEAM,6208,2023,2023_2024_PRIMARY,CARB_DAY,5617065,6208|5617065|2023|14,6208|5617065|2023|77,2023|14,2023|77,AJ_FOYT,JUNCOS_HOLLINGER_RACING,A_ONLY,A_ONLY,51.86549997329712,BETWEEN_GT5,4,20.0,2,TIER2_EXTENDED
DIFF_TEAM,6208,2023,2023_2024_PRIMARY,CARB_DAY,5617065,6208|5617065|2023|2,6208|5617065|2023|77,2023|2,2023|77,TEAM_PENSKE,JUNCOS_HOLLINGER_RACING,A_ONLY,A_ONLY,51.86549997329712,BETWEEN_GT5,4,20.0,2,TIER2_EXTENDED
DIFF_TEAM,6208,2023,2023_2024_PRIMARY,CARB_DAY,5617066,6208|5617066|2023|18,6208|5617066|2023|2,2023|18,2023|2,DALE_COYNE_RACING,TEAM_PENSKE,A_ONLY,A_ONLY,234.21099996566772,BETWEEN_GT5,4,82.5,1,TIER2_EXTENDED
DIFF_TEAM,6208,2023,2023_2024_PRIMARY,CARB_DAY,5617066,6208|5617066|2023|18,6208|5617066|2023|77,2023|18,2023|77,DALE_COYNE_RACING,JUNCOS_HOLLINGER_RACING,A_ONLY,MIXED_AB,200.7264997959137,BETWEEN_GT5,4,55.5,1,TIER2_EXTENDED
DIFF_TEAM,6208,2023,2023_2024_PRIMARY,CARB_DAY,5617066,6208|5617066|2023|18,6208|5617066|2023|78,2023|18,2023|78,DALE_COYNE_RACING,JUNCOS_HOLLINGER_RACING,A_ONLY,A_ONLY,22.552000045776367,BETWEEN_3_5,3,5.0,1,TIER2_EXTENDED
DIFF_TEAM,6208,2023,2023_2024_PRIMARY,CARB_DAY,5617066,6208|5617066|2023|18,6208|5617066|2023|98,2023|18,2023|98,DALE_COYNE_RACING,ANDRETTI,A_ONLY,A_ONLY,23.385499954223633,BETWEEN_3_5,3,4.5,1,TIER2_EXTENDED
DIFF_TEAM,6208,2023,2023_2024_PRIMARY,CARB_DAY,5617066,6208|5617066|2023|2,6208|5617066|2023|77,2023|2,2023|77,TEAM_PENSKE,JUNCOS_HOLLINGER_RACING,A_ONLY,MIXED_AB,33.48450016975403,BETWEEN_GT5,4,8.0,1,TIER2_EXTENDED
DIFF_TEAM,6208,2023,2023_2024_PRIMARY,CARB_DAY,5617066,6208|5617066|2023|2,6208|5617066|2023|78,2023|2,2023|78,TEAM_PENSKE,JUNCOS_HOLLINGER_RACING,A_ONLY,A_ONLY,211.65899991989136,BETWEEN_GT5,4,80.5,1,TIER2_EXTENDED
DIFF_TEAM,6208,2023,2023_2024_PRIMARY,CARB_DAY,5617066,6208|5617066|2023|2,6208|5617066|2023|98,2023|2,2023|98,TEAM_PENSKE,ANDRETTI,A_ONLY,A_ONLY,210.8255000114441,BETWEEN_GT5,4,80.5,1,TIER2_EXTENDED
SAME_TEAM,6208,2023,2023_2024_PRIMARY,CARB_DAY,5617066,6208|5617066|2023|77,6208|5617066|2023|78,2023|77,2023|78,JUNCOS_HOLLINGER_RACING,JUNCOS_HOLLINGER_RACING,MIXED_AB,A_ONLY,178.17449975013733,BETWEEN_GT5,4,60.0,1,TIER2_EXTENDED
DIFF_TEAM,6208,2023,2023_2024_PRIMARY,CARB_DAY,5617066,6208|5617066|2023|77,6208|5617066|2023|98,2023|77,2023|98,JUNCOS_HOLLINGER_RACING,ANDRETTI,MIXED_AB,A_ONLY,177.34099984169006,BETWEEN_GT5,4,60.0,1,TIER2_EXTENDED
DIFF_TEAM,6208,2023,2023_2024_PRIMARY,CARB_DAY,5617066,6208|5617066|2023|78,6208|5617066|2023|98,2023|78,2023|98,JUNCOS_HOLLINGER_RACING,ANDRETTI,A_ONLY,A_ONLY,0.8334999084472656,SAME_UPDATE,0,0.0,1,TIER2_EXTENDED
DIFF_TEAM,6208,2023,2023_2024_PRIMARY,CARB_DAY,5617067,6208|5617067|2023|18,6208|5617067|2023|77,2023|18,2023|77,DALE_COYNE_RACING,JUNCOS_HOLLINGER_RACING,A_ONLY,A_ONLY,81.02499985694885,BETWEEN_3_5,3,3.0,2,TIER2_EXTENDED
DIFF_TEAM,6208,2023,2023_2024_PRIMARY,CARB_DAY,5617067,6208|5617067|2023|18,6208|5617067|2023|78,2023|18,2023|78,DALE_COYNE_RACING,JUNCOS_HOLLINGER_RACING,A_ONLY,A_ONLY,0.8440001010894775,BETWEEN_3_5,3,3.5,2,TIER2_EXTENDED
DIFF_TEAM,6208,2023,2023_2024_PRIMARY,CARB_DAY,5617067,6208|5617067|2023|18,6208|5617067|2023|98,2023|18,2023|98,DALE_COYNE_RACING,ANDRETTI,A_ONLY,A_ONLY,21.722000122070312,BETWEEN_3_5,3,5.0,2,TIER2_EXTENDED
SAME_TEAM,6208,2023,2023_2024_PRIMARY,CARB_DAY,5617067,6208|5617067|2023|77,6208|5617067|2023|78,2023|77,2023|78,JUNCOS_HOLLINGER_RACING,JUNCOS_HOLLINGER_RACING,A_ONLY,A_ONLY,81.86899995803833,BETWEEN_GT5,4,12.0,2,TIER2_EXTENDED
DIFF_TEAM,6208,2023,2023_2024_PRIMARY,CARB_DAY,5617067,6208|5617067|2023|77,6208|5617067|2023|98,2023|77,2023|98,JUNCOS_HOLLINGER_RACING,ANDRETTI,A_ONLY,A_ONLY,102.74699997901917,BETWEEN_GT5,4,25.0,2,TIER2_EXTENDED
DIFF_TEAM,6208,2023,2023_2024_PRIMARY,CARB_DAY,5617067,6208|5617067|2023|78,6208|5617067|2023|98,2023|78,2023|98,JUNCOS_HOLLINGER_RACING,ANDRETTI,A_ONLY,A_ONLY,20.878000020980835,CONSECUTIVE,1,0.0,2,TIER2_EXTENDED
DIFF_TEAM,6375,2024,2023_2024_PRIMARY,PRACTICE,5718975,6375|5718975|2024|06,6375|5718975|2024|18,2024|06,2024|18,MEYER_SHANK_RACING,DALE_COYNE_RACING,B_ONLY,A_ONLY,35.45899987220764,BETWEEN_GT5,4,12.5,2,TIER2_EXTENDED
DIFF_TEAM,6375,2024,2023_2024_PRIMARY,PRACTICE,5718975,6375|5718975|2024|06,6375|5718975|2024|26,2024|06,2024|26,MEYER_SHANK_RACING,ANDRETTI,B_ONLY,B_ONLY,108.09850025177002,BETWEEN_3_5,3,11.5,2,TIER2_EXTENDED
DIFF_TEAM,6375,2024,2023_2024_PRIMARY,PRACTICE,5718975,6375|5718975|2024|06,6375|5718975|2024|5,2024|06,2024|5,MEYER_SHANK_RACING,ARROW_MCLAREN_SPM,B_ONLY,A_ONLY,34.604000091552734,CONSECUTIVE,1,1.0,2,TIER2_EXTENDED
DIFF_TEAM,6375,2024,2023_2024_PRIMARY,PRACTICE,5718975,6375|5718975|2024|06,6375|5718975|2024|6,2024|06,2024|6,MEYER_SHANK_RACING,ARROW_MCLAREN_SPM,B_ONLY,MIXED_AB,126.69100022315979,BETWEEN_3_5,3,10.5,2,TIER2_EXTENDED
SAME_TEAM,6375,2024,2023_2024_PRIMARY,PRACTICE,5718975,6375|5718975|2024|06,6375|5718975|2024|66,2024|06,2024|66,MEYER_SHANK_RACING,MEYER_SHANK_RACING,B_ONLY,B_ONLY,2.5304999351501465,CONSECUTIVE,1,0.5,2,TIER2_EXTENDED
DIFF_TEAM,6375,2024,2023_2024_PRIMARY,PRACTICE,5718975,6375|5718975|2024|18,6375|5718975|2024|26,2024|18,2024|26,DALE_COYNE_RACING,ANDRETTI,A_ONLY,B_ONLY,143.55750012397766,BETWEEN_GT5,4,25.0,2,TIER2_EXTENDED
DIFF_TEAM,6375,2024,2023_2024_PRIMARY,PRACTICE,5718975,6375|5718975|2024|18,6375|5718975|2024|5,2024|18,2024|5,DALE_COYNE_RACING,ARROW_MCLAREN_SPM,A_ONLY,A_ONLY,70.06299996376038,BETWEEN_1_2,2,1.0,2,TIER2_EXTENDED
DIFF_TEAM,6375,2024,2023_2024_PRIMARY,PRACTICE,5718975,6375|5718975|2024|18,6375|5718975|2024|6,2024|18,2024|6,DALE_COYNE_RACING,ARROW_MCLAREN_SPM,A_ONLY,MIXED_AB,162.15000009536743,BETWEEN_GT5,4,24.0,2,TIER2_EXTENDED
DIFF_TEAM,6375,2024,2023_2024_PRIMARY,PRACTICE,5718975,6375|5718975|2024|18,6375|5718975|2024|66,2024|18,2024|66,DALE_COYNE_RACING,MEYER_SHANK_RACING,A_ONLY,B_ONLY,37.98949980735779,BETWEEN_GT5,4,7.0,2,TIER2_EXTENDED
DIFF_TEAM,6375,2024,2023_2024_PRIMARY,PRACTICE,5718975,6375|5718975|2024|26,6375|5718975|2024|5,2024|26,2024|5,ANDRETTI,ARROW_MCLAREN_SPM,B_ONLY,A_ONLY,73.49450016021729,BETWEEN_1_2,2,6.5,2,TIER2_EXTENDED
DIFF_TEAM,6375,2024,2023_2024_PRIMARY,PRACTICE,5718975,6375|5718975|2024|26,6375|5718975|2024|6,2024|26,2024|6,ANDRETTI,ARROW_MCLAREN_SPM,B_ONLY,MIXED_AB,18.59249997138977,CONSECUTIVE,1,0.0,2,TIER2_EXTENDED
DIFF_TEAM,6375,2024,2023_2024_PRIMARY,PRACTICE,5718975,6375|5718975|2024|26,6375|5718975|2024|66,2024|26,2024|66,ANDRETTI,MEYER_SHANK_RACING,B_ONLY,B_ONLY,105.56800031661987,BETWEEN_GT5,4,22.5,2,TIER2_EXTENDED
SAME_TEAM,6375,2024,2023_2024_PRIMARY,PRACTICE,5718975,6375|5718975|2024|5,6375|5718975|2024|6,2024|5,2024|6,ARROW_MCLAREN_SPM,ARROW_MCLAREN_SPM,A_ONLY,MIXED_AB,92.08700013160706,BETWEEN_3_5,3,4.5,2,TIER2_EXTENDED
DIFF_TEAM,6375,2024,2023_2024_PRIMARY,PRACTICE,5718975,6375|5718975|2024|5,6375|5718975|2024|66,2024|5,2024|66,ARROW_MCLAREN_SPM,MEYER_SHANK_RACING,A_ONLY,B_ONLY,32.07350015640259,BETWEEN_3_5,3,4.5,2,TIER2_EXTENDED
DIFF_TEAM,6375,2024,2023_2024_PRIMARY,PRACTICE,5718975,6375|5718975|2024|6,6375|5718975|2024|66,2024|6,2024|66,ARROW_MCLAREN_SPM,MEYER_SHANK_RACING,MIXED_AB,B_ONLY,124.16050028800964,BETWEEN_GT5,4,29.0,2,TIER2_EXTENDED
DIFF_TEAM,6375,2024,2023_2024_PRIMARY,PRACTICE,5718976,6375|5718976|2024|06,6375|5718976|2024|18,2024|06,2024|18,MEYER_SHANK_RACING,DALE_COYNE_RACING,B_ONLY,A_ONLY,38.03699994087219,BETWEEN_1_2,2,2.5,1,TIER2_EXTENDED
DIFF_TEAM,6375,2024,2023_2024_PRIMARY,PRACTICE,5718976,6375|5718976|2024|06,6375|5718976|2024|3,2024|06,2024|3,MEYER_SHANK_RACING,TEAM_PENSKE,B_ONLY,A_ONLY,198.45900011062622,BETWEEN_GT5,4,35.0,1,TIER2_EXTENDED
SAME_TEAM,6375,2024,2023_2024_PRIMARY,PRACTICE,5718976,6375|5718976|2024|06,6375|5718976|2024|60,2024|06,2024|60,MEYER_SHANK_RACING,MEYER_SHANK_RACING,B_ONLY,B_ONLY,82.7885000705719,SAME_UPDATE,0,5.5,1,TIER2_EXTENDED
SAME_TEAM,6375,2024,2023_2024_PRIMARY,PRACTICE,5718976,6375|5718976|2024|06,6375|5718976|2024|66,2024|06,2024|66,MEYER_SHANK_RACING,MEYER_SHANK_RACING,B_ONLY,B_ONLY,0.0,SAME_UPDATE,0,0.0,1,TIER2_EXTENDED
DIFF_TEAM,6375,2024,2023_2024_PRIMARY,PRACTICE,5718976,6375|5718976|2024|18,6375|5718976|2024|3,2024|18,2024|3,DALE_COYNE_RACING,TEAM_PENSKE,A_ONLY,A_ONLY,160.42200016975403,BETWEEN_GT5,4,26.0,1,TIER2_EXTENDED
DIFF_TEAM,6375,2024,2023_2024_PRIMARY,PRACTICE,5718976,6375|5718976|2024|18,6375|5718976|2024|60,2024|18,2024|60,DALE_COYNE_RACING,MEYER_SHANK_RACING,A_ONLY,B_ONLY,44.75150012969971,BETWEEN_1_2,2,1.0,1,TIER2_EXTENDED
DIFF_TEAM,6375,2024,2023_2024_PRIMARY,PRACTICE,5718976,6375|5718976|2024|18,6375|5718976|2024|66,2024|18,2024|66,DALE_COYNE_RACING,MEYER_SHANK_RACING,A_ONLY,B_ONLY,38.03699994087219,BETWEEN_3_5,3,4.0,1,TIER2_EXTENDED
DIFF_TEAM,6375,2024,2023_2024_PRIMARY,PRACTICE,5718976,6375|5718976|2024|3,6375|5718976|2024|60,2024|3,2024|60,TEAM_PENSKE,MEYER_SHANK_RACING,A_ONLY,B_ONLY,115.67050004005432,BETWEEN_GT5,4,8.0,1,TIER2_EXTENDED
DIFF_TEAM,6375,2024,2023_2024_PRIMARY,PRACTICE,5718976,6375|5718976|2024|3,6375|5718976|2024|66,2024|3,2024|66,TEAM_PENSKE,MEYER_SHANK_RACING,A_ONLY,B_ONLY,198.45900011062622,BETWEEN_GT5,4,34.0,1,TIER2_EXTENDED
SAME_TEAM,6375,2024,2023_2024_PRIMARY,PRACTICE,5718976,6375|5718976|2024|60,6375|5718976|2024|66,2024|60,2024|66,MEYER_SHANK_RACING,MEYER_SHANK_RACING,B_ONLY,B_ONLY,82.7885000705719,BETWEEN_GT5,4,13.0,1,TIER2_EXTENDED
DIFF_TEAM,6378,2024,2023_2024_PRIMARY,PRACTICE,5719334,6378|5719334|2024|23,6378|5719334|2024|60,2024|23,2024|60,DREYER_REINBOLD_RACING,MEYER_SHANK_RACING,A_ONLY,A_ONLY,57.0770001411438,BETWEEN_GT5,4,13.0,2,TIER2_EXTENDED
DIFF_TEAM,6378,2024,2023_2024_PRIMARY,PRACTICE,5719335,6378|5719335|2024|06,6378|5719335|2024|2,2024|06,2024|2,MEYER_SHANK_RACING,TEAM_PENSKE,A_ONLY,B_ONLY,107.55100011825562,BETWEEN_GT5,4,11.0,2,TIER2_EXTENDED
SAME_TEAM,6378,2024,2023_2024_PRIMARY,PRACTICE,5719335,6378|5719335|2024|06,6378|5719335|2024|60,2024|06,2024|60,MEYER_SHANK_RACING,MEYER_SHANK_RACING,A_ONLY,MIXED_AB,89.37199997901917,BETWEEN_1_2,2,2.0,2,TIER2_EXTENDED
DIFF_TEAM,6378,2024,2023_2024_PRIMARY,PRACTICE,5719335,6378|5719335|2024|06,6378|5719335|2024|7,2024|06,2024|7,MEYER_SHANK_RACING,ARROW_MCLAREN_SPM,A_ONLY,A_ONLY,13.242500066757202,BETWEEN_1_2,2,2.0,2,TIER2_EXTENDED
DIFF_TEAM,6378,2024,2023_2024_PRIMARY,PRACTICE,5719335,6378|5719335|2024|2,6378|5719335|2024|60,2024|2,2024|60,TEAM_PENSKE,MEYER_SHANK_RACING,B_ONLY,MIXED_AB,18.17900013923645,CONSECUTIVE,1,1.0,2,TIER2_EXTENDED
DIFF_TEAM,6378,2024,2023_2024_PRIMARY,PRACTICE,5719335,6378|5719335|2024|2,6378|5719335|2024|7,2024|2,2024|7,TEAM_PENSKE,ARROW_MCLAREN_SPM,B_ONLY,A_ONLY,120.79350018501282,BETWEEN_GT5,4,20.0,2,TIER2_EXTENDED
DIFF_TEAM,6378,2024,2023_2024_PRIMARY,PRACTICE,5719335,6378|5719335|2024|60,6378|5719335|2024|7,2024|60,2024|7,MEYER_SHANK_RACING,ARROW_MCLAREN_SPM,MIXED_AB,A_ONLY,102.61450004577637,BETWEEN_GT5,4,18.0,2,TIER2_EXTENDED
DIFF_TEAM,6378,2024,2023_2024_PRIMARY,PRACTICE,5719336,6378|5719336|2024|06,6378|5719336|2024|10,2024|06,2024|10,MEYER_SHANK_RACING,CHIP_GANASSI_RACING,A_ONLY,MIXED_AB,101.75899982452393,CONSECUTIVE,1,6.5,2,TIER2_EXTENDED
DIFF_TEAM,6378,2024,2023_2024_PRIMARY,PRACTICE,5719336,6378|5719336|2024|06,6378|5719336|2024|17,2024|06,2024|17,MEYER_SHANK_RACING,ARROW_MCLAREN_SPM,A_ONLY,A_ONLY,216.76149988174438,BETWEEN_GT5,4,60.5,2,TIER2_EXTENDED
DIFF_TEAM,6378,2024,2023_2024_PRIMARY,PRACTICE,5719336,6378|5719336|2024|06,6378|5719336|2024|26,2024|06,2024|26,MEYER_SHANK_RACING,ANDRETTI,A_ONLY,MIXED_AB,100.09499979019165,SAME_UPDATE,0,5.0,2,TIER2_EXTENDED
DIFF_TEAM,6378,2024,2023_2024_PRIMARY,PRACTICE,5719336,6378|5719336|2024|06,6378|5719336|2024|30,2024|06,2024|30,MEYER_SHANK_RACING,RAHAL_LETTERMAN_LANIGAN,A_ONLY,B_ONLY,59.571499824523926,BETWEEN_3_5,3,3.5,2,TIER2_EXTENDED
DIFF_TEAM,6378,2024,2023_2024_PRIMARY,PRACTICE,5719336,6378|5719336|2024|06,6378|5719336|2024|51,2024|06,2024|51,MEYER_SHANK_RACING,DALE_COYNE_RACING,A_ONLY,MIXED_AB,141.47599983215332,BETWEEN_GT5,4,15.5,2,TIER2_EXTENDED
SAME_TEAM,6378,2024,2023_2024_PRIMARY,PRACTICE,5719336,6378|5719336|2024|06,6378|5719336|2024|60,2024|06,2024|60,MEYER_SHANK_RACING,MEYER_SHANK_RACING,A_ONLY,B_ONLY,27.319000244140625,BETWEEN_1_2,2,8.0,2,TIER2_EXTENDED
DIFF_TEAM,6378,2024,2023_2024_PRIMARY,PRACTICE,5719336,6378|5719336|2024|06,6378|5719336|2024|7,2024|06,2024|7,MEYER_SHANK_RACING,ARROW_MCLAREN_SPM,A_ONLY,A_ONLY,12.408999919891357,BETWEEN_1_2,2,2.0,2,TIER2_EXTENDED
DIFF_TEAM,6378,2024,2023_2024_PRIMARY,PRACTICE,5719336,6378|5719336|2024|10,6378|5719336|2024|17,2024|10,2024|17,CHIP_GANASSI_RACING,ARROW_MCLAREN_SPM,MIXED_AB,A_ONLY,115.00250005722046,BETWEEN_GT5,4,30.0,2,TIER2_EXTENDED
DIFF_TEAM,6378,2024,2023_2024_PRIMARY,PRACTICE,5719336,6378|5719336|2024|10,6378|5719336|2024|26,2024|10,2024|26,CHIP_GANASSI_RACING,ANDRETTI,MIXED_AB,MIXED_AB,1.6640000343322754,CONSECUTIVE,1,0.0,2,TIER2_EXTENDED
DIFF_TEAM,6378,2024,2023_2024_PRIMARY,PRACTICE,5719336,6378|5719336|2024|10,6378|5719336|2024|30,2024|10,2024|30,CHIP_GANASSI_RACING,RAHAL_LETTERMAN_LANIGAN,MIXED_AB,B_ONLY,42.1875,BETWEEN_3_5,3,3.0,2,TIER2_EXTENDED
DIFF_TEAM,6378,2024,2023_2024_PRIMARY,PRACTICE,5719336,6378|5719336|2024|10,6378|5719336|2024|51,2024|10,2024|51,CHIP_GANASSI_RACING,DALE_COYNE_RACING,MIXED_AB,MIXED_AB,39.717000007629395,SAME_UPDATE,0,0.0,2,TIER2_EXTENDED
DIFF_TEAM,6378,2024,2023_2024_PRIMARY,PRACTICE,5719336,6378|5719336|2024|10,6378|5719336|2024|60,2024|10,2024|60,CHIP_GANASSI_RACING,MEYER_SHANK_RACING,MIXED_AB,B_ONLY,129.07800006866455,BETWEEN_GT5,4,38.0,2,TIER2_EXTENDED
DIFF_TEAM,6378,2024,2023_2024_PRIMARY,PRACTICE,5719336,6378|5719336|2024|10,6378|5719336|2024|7,2024|10,2024|7,CHIP_GANASSI_RACING,ARROW_MCLAREN_SPM,MIXED_AB,A_ONLY,89.34999990463257,BETWEEN_GT5,4,13.0,2,TIER2_EXTENDED
DIFF_TEAM,6378,2024,2023_2024_PRIMARY,PRACTICE,5719336,6378|5719336|2024|17,6378|5719336|2024|26,2024|17,2024|26,ARROW_MCLAREN_SPM,ANDRETTI,A_ONLY,MIXED_AB,116.66650009155273,BETWEEN_3_5,3,11.5,2,TIER2_EXTENDED
DIFF_TEAM,6378,2024,2023_2024_PRIMARY,PRACTICE,5719336,6378|5719336|2024|17,6378|5719336|2024|30,2024|17,2024|30,ARROW_MCLAREN_SPM,RAHAL_LETTERMAN_LANIGAN,A_ONLY,B_ONLY,157.19000005722046,BETWEEN_GT5,4,31.5,2,TIER2_EXTENDED
DIFF_TEAM,6378,2024,2023_2024_PRIMARY,PRACTICE,5719336,6378|5719336|2024|17,6378|5719336|2024|51,2024|17,2024|51,ARROW_MCLAREN_SPM,DALE_COYNE_RACING,A_ONLY,MIXED_AB,75.28550004959106,BETWEEN_3_5,3,4.5,2,TIER2_EXTENDED
DIFF_TEAM,6378,2024,2023_2024_PRIMARY,PRACTICE,5719336,6378|5719336|2024|17,6378|5719336|2024|60,2024|17,2024|60,ARROW_MCLAREN_SPM,MEYER_SHANK_RACING,A_ONLY,B_ONLY,244.080500125885,BETWEEN_GT5,4,77.5,2,TIER2_EXTENDED
SAME_TEAM,6378,2024,2023_2024_PRIMARY,PRACTICE,5719336,6378|5719336|2024|17,6378|5719336|2024|7,2024|17,2024|7,ARROW_MCLAREN_SPM,ARROW_MCLAREN_SPM,A_ONLY,A_ONLY,204.35249996185303,BETWEEN_GT5,4,52.5,2,TIER2_EXTENDED
DIFF_TEAM,6378,2024,2023_2024_PRIMARY,PRACTICE,5719336,6378|5719336|2024|26,6378|5719336|2024|30,2024|26,2024|30,ANDRETTI,RAHAL_LETTERMAN_LANIGAN,MIXED_AB,B_ONLY,40.523499965667725,BETWEEN_3_5,3,3.0,2,TIER2_EXTENDED
DIFF_TEAM,6378,2024,2023_2024_PRIMARY,PRACTICE,5719336,6378|5719336|2024|26,6378|5719336|2024|51,2024|26,2024|51,ANDRETTI,DALE_COYNE_RACING,MIXED_AB,MIXED_AB,41.38100004196167,SAME_UPDATE,0,0.0,2,TIER2_EXTENDED
DIFF_TEAM,6378,2024,2023_2024_PRIMARY,PRACTICE,5719336,6378|5719336|2024|26,6378|5719336|2024|60,2024|26,2024|60,ANDRETTI,MEYER_SHANK_RACING,MIXED_AB,B_ONLY,127.41400003433228,BETWEEN_GT5,4,37.0,2,TIER2_EXTENDED
DIFF_TEAM,6378,2024,2023_2024_PRIMARY,PRACTICE,5719336,6378|5719336|2024|26,6378|5719336|2024|7,2024|26,2024|7,ANDRETTI,ARROW_MCLAREN_SPM,MIXED_AB,A_ONLY,87.6859998703003,BETWEEN_GT5,4,12.0,2,TIER2_EXTENDED
DIFF_TEAM,6378,2024,2023_2024_PRIMARY,PRACTICE,5719336,6378|5719336|2024|30,6378|5719336|2024|51,2024|30,2024|51,RAHAL_LETTERMAN_LANIGAN,DALE_COYNE_RACING,B_ONLY,MIXED_AB,81.9045000076294,BETWEEN_3_5,3,4.0,2,TIER2_EXTENDED
DIFF_TEAM,6378,2024,2023_2024_PRIMARY,PRACTICE,5719336,6378|5719336|2024|30,6378|5719336|2024|60,2024|30,2024|60,RAHAL_LETTERMAN_LANIGAN,MEYER_SHANK_RACING,B_ONLY,B_ONLY,86.89050006866455,BETWEEN_GT5,4,26.0,2,TIER2_EXTENDED
DIFF_TEAM,6378,2024,2023_2024_PRIMARY,PRACTICE,5719336,6378|5719336|2024|30,6378|5719336|2024|7,2024|30,2024|7,RAHAL_LETTERMAN_LANIGAN,ARROW_MCLAREN_SPM,B_ONLY,A_ONLY,47.16249990463257,BETWEEN_1_2,2,4.5,2,TIER2_EXTENDED
DIFF_TEAM,6378,2024,2023_2024_PRIMARY,PRACTICE,5719336,6378|5719336|2024|51,6378|5719336|2024|60,2024|51,2024|60,DALE_COYNE_RACING,MEYER_SHANK_RACING,MIXED_AB,B_ONLY,168.79500007629395,BETWEEN_GT5,4,49.0,2,TIER2_EXTENDED
DIFF_TEAM,6378,2024,2023_2024_PRIMARY,PRACTICE,5719336,6378|5719336|2024|51,6378|5719336|2024|7,2024|51,2024|7,DALE_COYNE_RACING,ARROW_MCLAREN_SPM,MIXED_AB,A_ONLY,129.06699991226196,BETWEEN_GT5,4,24.0,2,TIER2_EXTENDED
DIFF_TEAM,6378,2024,2023_2024_PRIMARY,PRACTICE,5719336,6378|5719336|2024|60,6378|5719336|2024|7,2024|60,2024|7,MEYER_SHANK_RACING,ARROW_MCLAREN_SPM,B_ONLY,A_ONLY,39.72800016403198,SAME_UPDATE,0,0.0,2,TIER2_EXTENDED
DIFF_TEAM,6378,2024,2023_2024_PRIMARY,PRACTICE,5719337,6378|5719337|2024|17,6378|5719337|2024|51,2024|17,2024|51,ARROW_MCLAREN_SPM,DALE_COYNE_RACING,A_ONLY,B_ONLY,33.90949988365173,BETWEEN_3_5,3,12.5,2,TIER2_EXTENDED
DIFF_TEAM,6378,2024,2023_2024_PRIMARY,PRACTICE,5719337,6378|5719337|2024|17,6378|5719337|2024|77,2024|17,2024|77,ARROW_MCLAREN_SPM,JUNCOS_HOLLINGER_RACING,A_ONLY,A_ONLY,90.19400000572205,BETWEEN_3_5,3,4.0,2,TIER2_EXTENDED
DIFF_TEAM,6378,2024,2023_2024_PRIMARY,PRACTICE,5719337,6378|5719337|2024|17,6378|5719337|2024|8,2024|17,2024|8,ARROW_MCLAREN_SPM,CHIP_GANASSI_RACING,A_ONLY,A_ONLY,84.40499997138977,BETWEEN_1_2,2,9.5,2,TIER2_EXTENDED
DIFF_TEAM,6378,2024,2023_2024_PRIMARY,PRACTICE,5719337,6378|5719337|2024|51,6378|5719337|2024|77,2024|51,2024|77,DALE_COYNE_RACING,JUNCOS_HOLLINGER_RACING,B_ONLY,A_ONLY,124.10349988937378,BETWEEN_GT5,4,9.0,2,TIER2_EXTENDED
DIFF_TEAM,6378,2024,2023_2024_PRIMARY,PRACTICE,5719337,6378|5719337|2024|51,6378|5719337|2024|8,2024|51,2024|8,DALE_COYNE_RACING,CHIP_GANASSI_RACING,B_ONLY,A_ONLY,118.3144998550415,BETWEEN_GT5,4,23.0,2,TIER2_EXTENDED
DIFF_TEAM,6378,2024,2023_2024_PRIMARY,PRACTICE,5719337,6378|5719337|2024|77,6378|5719337|2024|8,2024|77,2024|8,JUNCOS_HOLLINGER_RACING,CHIP_GANASSI_RACING,A_ONLY,A_ONLY,5.789000034332275,BETWEEN_1_2,2,1.0,2,TIER2_EXTENDED
DIFF_TEAM,6378,2024,2023_2024_PRIMARY,PRACTICE,5719340,6378|5719340|2024|14,6378|5719340|2024|17,2024|14,2024|17,AJ_FOYT,ARROW_MCLAREN_SPM,B_ONLY,B_ONLY,120.85049986839294,BETWEEN_GT5,4,34.5,2,TIER2_EXTENDED
DIFF_TEAM,6378,2024,2023_2024_PRIMARY,PRACTICE,5719340,6378|5719340|2024|14,6378|5719340|2024|60,2024|14,2024|60,AJ_FOYT,MEYER_SHANK_RACING,B_ONLY,B_ONLY,67.04900002479553,BETWEEN_GT5,4,13.0,2,TIER2_EXTENDED
DIFF_TEAM,6378,2024,2023_2024_PRIMARY,PRACTICE,5719340,6378|5719340|2024|14,6378|5719340|2024|78,2024|14,2024|78,AJ_FOYT,JUNCOS_HOLLINGER_RACING,B_ONLY,B_ONLY,124.98699998855591,BETWEEN_GT5,4,41.5,2,TIER2_EXTENDED
DIFF_TEAM,6378,2024,2023_2024_PRIMARY,PRACTICE,5719340,6378|5719340|2024|17,6378|5719340|2024|60,2024|17,2024|60,ARROW_MCLAREN_SPM,MEYER_SHANK_RACING,B_ONLY,B_ONLY,53.80149984359741,BETWEEN_GT5,4,14.0,2,TIER2_EXTENDED
DIFF_TEAM,6378,2024,2023_2024_PRIMARY,PRACTICE,5719340,6378|5719340|2024|17,6378|5719340|2024|78,2024|17,2024|78,ARROW_MCLAREN_SPM,JUNCOS_HOLLINGER_RACING,B_ONLY,B_ONLY,4.136500120162964,BETWEEN_GT5,4,15.0,2,TIER2_EXTENDED
DIFF_TEAM,6378,2024,2023_2024_PRIMARY,PRACTICE,5719340,6378|5719340|2024|60,6378|5719340|2024|78,2024|60,2024|78,MEYER_SHANK_RACING,JUNCOS_HOLLINGER_RACING,B_ONLY,B_ONLY,57.937999963760376,CONSECUTIVE,1,10.5,2,TIER2_EXTENDED
DIFF_TEAM,6378,2024,2023_2024_PRIMARY,PRACTICE,5719341,6378|5719341|2024|30,6378|5719341|2024|78,2024|30,2024|78,RAHAL_LETTERMAN_LANIGAN,JUNCOS_HOLLINGER_RACING,A_ONLY,B_ONLY,246.080500125885,BETWEEN_GT5,4,110.5,2,TIER2_EXTENDED
DIFF_TEAM,6378,2024,2023_2024_PRIMARY,PRACTICE,5719347,6378|5719347|2024|15,6378|5719347|2024|18,2024|15,2024|18,RAHAL_LETTERMAN_LANIGAN,DALE_COYNE_RACING,A_ONLY,A_ONLY,80.5329999923706,BETWEEN_GT5,4,48.0,2,TIER2_EXTENDED
DIFF_TEAM,6378,2024,2023_2024_PRIMARY,PRACTICE,5719347,6378|5719347|2024|15,6378|5719347|2024|20,2024|15,2024|20,RAHAL_LETTERMAN_LANIGAN,ED_CARPENTER_RACING,A_ONLY,MIXED_AB,57.12599992752075,CONSECUTIVE,1,5.5,2,TIER2_EXTENDED
DIFF_TEAM,6378,2024,2023_2024_PRIMARY,PRACTICE,5719347,6378|5719347|2024|15,6378|5719347|2024|21,2024|15,2024|21,RAHAL_LETTERMAN_LANIGAN,ED_CARPENTER_RACING,A_ONLY,B_ONLY,77.18950009346008,BETWEEN_GT5,4,27.0,2,TIER2_EXTENDED
DIFF_TEAM,6378,2024,2023_2024_PRIMARY,PRACTICE,5719347,6378|5719347|2024|15,6378|5719347|2024|27,2024|15,2024|27,RAHAL_LETTERMAN_LANIGAN,ANDRETTI,A_ONLY,A_ONLY,62.13499999046326,BETWEEN_GT5,4,35.0,2,TIER2_EXTENDED
DIFF_TEAM,6378,2024,2023_2024_PRIMARY,PRACTICE,5719347,6378|5719347|2024|15,6378|5719347|2024|5,2024|15,2024|5,RAHAL_LETTERMAN_LANIGAN,ARROW_MCLAREN_SPM,A_ONLY,B_ONLY,36.925999879837036,CONSECUTIVE,1,0.0,2,TIER2_EXTENDED
DIFF_TEAM,6378,2024,2023_2024_PRIMARY,PRACTICE,5719347,6378|5719347|2024|15,6378|5719347|2024|66,2024|15,2024|66,RAHAL_LETTERMAN_LANIGAN,MEYER_SHANK_RACING,A_ONLY,A_ONLY,75.50500011444092,BETWEEN_GT5,4,47.0,2,TIER2_EXTENDED
DIFF_TEAM,6378,2024,2023_2024_PRIMARY,PRACTICE,5719347,6378|5719347|2024|18,6378|5719347|2024|20,2024|18,2024|20,DALE_COYNE_RACING,ED_CARPENTER_RACING,A_ONLY,MIXED_AB,23.407000064849854,BETWEEN_1_2,2,2.0,2,TIER2_EXTENDED
DIFF_TEAM,6378,2024,2023_2024_PRIMARY,PRACTICE,5719347,6378|5719347|2024|18,6378|5719347|2024|21,2024|18,2024|21,DALE_COYNE_RACING,ED_CARPENTER_RACING,A_ONLY,B_ONLY,3.3434998989105225,BETWEEN_1_2,2,2.0,2,TIER2_EXTENDED
DIFF_TEAM,6378,2024,2023_2024_PRIMARY,PRACTICE,5719347,6378|5719347|2024|18,6378|5719347|2024|27,2024|18,2024|27,DALE_COYNE_RACING,ANDRETTI,A_ONLY,A_ONLY,18.39800000190735,BETWEEN_GT5,4,11.0,2,TIER2_EXTENDED
DIFF_TEAM,6378,2024,2023_2024_PRIMARY,PRACTICE,5719347,6378|5719347|2024|18,6378|5719347|2024|5,2024|18,2024|5,DALE_COYNE_RACING,ARROW_MCLAREN_SPM,A_ONLY,B_ONLY,43.60700011253357,BETWEEN_1_2,2,2.0,2,TIER2_EXTENDED
DIFF_TEAM,6378,2024,2023_2024_PRIMARY,PRACTICE,5719347,6378|5719347|2024|18,6378|5719347|2024|66,2024|18,2024|66,DALE_COYNE_RACING,MEYER_SHANK_RACING,A_ONLY,A_ONLY,5.0279998779296875,CONSECUTIVE,1,0.0,2,TIER2_EXTENDED
SAME_TEAM,6378,2024,2023_2024_PRIMARY,PRACTICE,5719347,6378|5719347|2024|20,6378|5719347|2024|21,2024|20,2024|21,ED_CARPENTER_RACING,ED_CARPENTER_RACING,MIXED_AB,B_ONLY,20.06350016593933,SAME_UPDATE,0,0.0,2,TIER2_EXTENDED
DIFF_TEAM,6378,2024,2023_2024_PRIMARY,PRACTICE,5719347,6378|5719347|2024|20,6378|5719347|2024|27,2024|20,2024|27,ED_CARPENTER_RACING,ANDRETTI,MIXED_AB,A_ONLY,5.009000062942505,BETWEEN_GT5,4,14.0,2,TIER2_EXTENDED
DIFF_TEAM,6378,2024,2023_2024_PRIMARY,PRACTICE,5719347,6378|5719347|2024|20,6378|5719347|2024|5,2024|20,2024|5,ED_CARPENTER_RACING,ARROW_MCLAREN_SPM,MIXED_AB,B_ONLY,20.200000047683716,SAME_UPDATE,0,0.0,2,TIER2_EXTENDED
DIFF_TEAM,6378,2024,2023_2024_PRIMARY,PRACTICE,5719347,6378|5719347|2024|20,6378|5719347|2024|66,2024|20,2024|66,ED_CARPENTER_RACING,MEYER_SHANK_RACING,MIXED_AB,A_ONLY,18.379000186920166,BETWEEN_GT5,4,16.0,2,TIER2_EXTENDED
DIFF_TEAM,6378,2024,2023_2024_PRIMARY,PRACTICE,5719347,6378|5719347|2024|21,6378|5719347|2024|27,2024|21,2024|27,ED_CARPENTER_RACING,ANDRETTI,B_ONLY,A_ONLY,15.054500102996826,BETWEEN_3_5,3,9.0,2,TIER2_EXTENDED
DIFF_TEAM,6378,2024,2023_2024_PRIMARY,PRACTICE,5719347,6378|5719347|2024|21,6378|5719347|2024|5,2024|21,2024|5,ED_CARPENTER_RACING,ARROW_MCLAREN_SPM,B_ONLY,B_ONLY,40.26350021362305,SAME_UPDATE,0,0.0,2,TIER2_EXTENDED
DIFF_TEAM,6378,2024,2023_2024_PRIMARY,PRACTICE,5719347,6378|5719347|2024|21,6378|5719347|2024|66,2024|21,2024|66,ED_CARPENTER_RACING,MEYER_SHANK_RACING,B_ONLY,A_ONLY,1.684499979019165,BETWEEN_3_5,3,9.5,2,TIER2_EXTENDED
DIFF_TEAM,6378,2024,2023_2024_PRIMARY,PRACTICE,5719347,6378|5719347|2024|27,6378|5719347|2024|5,2024|27,2024|5,ANDRETTI,ARROW_MCLAREN_SPM,A_ONLY,B_ONLY,25.20900011062622,BETWEEN_3_5,3,4.0,2,TIER2_EXTENDED
DIFF_TEAM,6378,2024,2023_2024_PRIMARY,PRACTICE,5719347,6378|5719347|2024|27,6378|5719347|2024|66,2024|27,2024|66,ANDRETTI,MEYER_SHANK_RACING,A_ONLY,A_ONLY,13.370000123977661,BETWEEN_GT5,4,10.0,2,TIER2_EXTENDED
DIFF_TEAM,6378,2024,2023_2024_PRIMARY,PRACTICE,5719347,6378|5719347|2024|5,6378|5719347|2024|66,2024|5,2024|66,ARROW_MCLAREN_SPM,MEYER_SHANK_RACING,B_ONLY,A_ONLY,38.57900023460388,BETWEEN_GT5,4,28.5,2,TIER2_EXTENDED
DIFF_TEAM,6378,2024,2023_2024_PRIMARY,PRACTICE,5719348,6378|5719348|2024|11,6378|5719348|2024|18,2024|11,2024|18,CHIP_GANASSI_RACING,DALE_COYNE_RACING,A_ONLY,A_ONLY,9.208499908447266,BETWEEN_1_2,2,2.0,1,TIER2_EXTENDED
DIFF_TEAM,6378,2024,2023_2024_PRIMARY,PRACTICE,5719348,6378|5719348|2024|11,6378|5719348|2024|20,2024|11,2024|20,CHIP_GANASSI_RACING,ED_CARPENTER_RACING,A_ONLY,A_ONLY,12.556999921798706,BETWEEN_GT5,4,11.5,1,TIER2_EXTENDED
DIFF_TEAM,6378,2024,2023_2024_PRIMARY,PRACTICE,5719348,6378|5719348|2024|11,6378|5719348|2024|21,2024|11,2024|21,CHIP_GANASSI_RACING,ED_CARPENTER_RACING,A_ONLY,A_ONLY,12.556999921798706,BETWEEN_GT5,4,11.5,1,TIER2_EXTENDED
DIFF_TEAM,6378,2024,2023_2024_PRIMARY,PRACTICE,5719348,6378|5719348|2024|11,6378|5719348|2024|27,2024|11,2024|27,CHIP_GANASSI_RACING,ANDRETTI,A_ONLY,A_ONLY,69.3974997997284,BETWEEN_GT5,4,18.5,1,TIER2_EXTENDED
DIFF_TEAM,6378,2024,2023_2024_PRIMARY,PRACTICE,5719348,6378|5719348|2024|11,6378|5719348|2024|28,2024|11,2024|28,CHIP_GANASSI_RACING,ANDRETTI,A_ONLY,MIXED_AB,54.37050008773804,BETWEEN_3_5,3,5.5,1,TIER2_EXTENDED
DIFF_TEAM,6378,2024,2023_2024_PRIMARY,PRACTICE,5719348,6378|5719348|2024|11,6378|5719348|2024|5,2024|11,2024|5,CHIP_GANASSI_RACING,ARROW_MCLAREN_SPM,A_ONLY,B_ONLY,72.74349999427795,BETWEEN_GT5,4,46.5,1,TIER2_EXTENDED
DIFF_TEAM,6378,2024,2023_2024_PRIMARY,PRACTICE,5719348,6378|5719348|2024|11,6378|5719348|2024|66,2024|11,2024|66,CHIP_GANASSI_RACING,MEYER_SHANK_RACING,A_ONLY,A_ONLY,56.02149987220764,CONSECUTIVE,1,9.0,1,TIER2_EXTENDED
DIFF_TEAM,6378,2024,2023_2024_PRIMARY,PRACTICE,5719348,6378|5719348|2024|11,6378|5719348|2024|7,2024|11,2024|7,CHIP_GANASSI_RACING,ARROW_MCLAREN_SPM,A_ONLY,B_ONLY,15.060499906539917,BETWEEN_GT5,4,14.0,1,TIER2_EXTENDED
DIFF_TEAM,6378,2024,2023_2024_PRIMARY,PRACTICE,5719348,6378|5719348|2024|11,6378|5719348|2024|78,2024|11,2024|78,CHIP_GANASSI_RACING,JUNCOS_HOLLINGER_RACING,A_ONLY,A_ONLY,137.91950011253357,BETWEEN_GT5,4,48.5,1,TIER2_EXTENDED
SAME_TEAM,6378,2024,2023_2024_PRIMARY,PRACTICE,5719348,6378|5719348|2024|11,6378|5719348|2024|8,2024|11,2024|8,CHIP_GANASSI_RACING,CHIP_GANASSI_RACING,A_ONLY,MIXED_AB,59.381500005722046,CONSECUTIVE,1,0.5,1,TIER2_EXTENDED
DIFF_TEAM,6378,2024,2023_2024_PRIMARY,PRACTICE,5719348,6378|5719348|2024|18,6378|5719348|2024|20,2024|18,2024|20,DALE_COYNE_RACING,ED_CARPENTER_RACING,A_ONLY,A_ONLY,3.3485000133514404,BETWEEN_3_5,3,3.0,1,TIER2_EXTENDED
DIFF_TEAM,6378,2024,2023_2024_PRIMARY,PRACTICE,5719348,6378|5719348|2024|18,6378|5719348|2024|21,2024|18,2024|21,DALE_COYNE_RACING,ED_CARPENTER_RACING,A_ONLY,A_ONLY,3.3485000133514404,BETWEEN_3_5,3,3.0,1,TIER2_EXTENDED
DIFF_TEAM,6378,2024,2023_2024_PRIMARY,PRACTICE,5719348,6378|5719348|2024|18,6378|5719348|2024|27,2024|18,2024|27,DALE_COYNE_RACING,ANDRETTI,A_ONLY,A_ONLY,60.18899989128113,BETWEEN_GT5,4,13.0,1,TIER2_EXTENDED
DIFF_TEAM,6378,2024,2023_2024_PRIMARY,PRACTICE,5719348,6378|5719348|2024|18,6378|5719348|2024|28,2024|18,2024|28,DALE_COYNE_RACING,ANDRETTI,A_ONLY,MIXED_AB,63.5789999961853,BETWEEN_GT5,4,10.0,1,TIER2_EXTENDED
DIFF_TEAM,6378,2024,2023_2024_PRIMARY,PRACTICE,5719348,6378|5719348|2024|18,6378|5719348|2024|5,2024|18,2024|5,DALE_COYNE_RACING,ARROW_MCLAREN_SPM,A_ONLY,B_ONLY,63.53500008583069,BETWEEN_GT5,4,40.0,1,TIER2_EXTENDED
DIFF_TEAM,6378,2024,2023_2024_PRIMARY,PRACTICE,5719348,6378|5719348|2024|18,6378|5719348|2024|66,2024|18,2024|66,DALE_COYNE_RACING,MEYER_SHANK_RACING,A_ONLY,A_ONLY,46.812999963760376,BETWEEN_1_2,2,1.0,1,TIER2_EXTENDED
DIFF_TEAM,6378,2024,2023_2024_PRIMARY,PRACTICE,5719348,6378|5719348|2024|18,6378|5719348|2024|7,2024|18,2024|7,DALE_COYNE_RACING,ARROW_MCLAREN_SPM,A_ONLY,B_ONLY,5.851999998092651,BETWEEN_1_2,2,1.0,1,TIER2_EXTENDED
DIFF_TEAM,6378,2024,2023_2024_PRIMARY,PRACTICE,5719348,6378|5719348|2024|18,6378|5719348|2024|78,2024|18,2024|78,DALE_COYNE_RACING,JUNCOS_HOLLINGER_RACING,A_ONLY,A_ONLY,147.12800002098083,BETWEEN_GT5,4,55.0,1,TIER2_EXTENDED
DIFF_TEAM,6378,2024,2023_2024_PRIMARY,PRACTICE,5719348,6378|5719348|2024|18,6378|5719348|2024|8,2024|18,2024|8,DALE_COYNE_RACING,CHIP_GANASSI_RACING,A_ONLY,MIXED_AB,68.58999991416931,BETWEEN_3_5,3,4.0,1,TIER2_EXTENDED
SAME_TEAM,6378,2024,2023_2024_PRIMARY,PRACTICE,5719348,6378|5719348|2024|20,6378|5719348|2024|21,2024|20,2024|21,ED_CARPENTER_RACING,ED_CARPENTER_RACING,A_ONLY,A_ONLY,0.0,SAME_UPDATE,0,0.0,1,TIER2_EXTENDED
DIFF_TEAM,6378,2024,2023_2024_PRIMARY,PRACTICE,5719348,6378|5719348|2024|20,6378|5719348|2024|27,2024|20,2024|27,ED_CARPENTER_RACING,ANDRETTI,A_ONLY,A_ONLY,56.84049987792969,BETWEEN_GT5,4,11.5,1,TIER2_EXTENDED
DIFF_TEAM,6378,2024,2023_2024_PRIMARY,PRACTICE,5719348,6378|5719348|2024|20,6378|5719348|2024|28,2024|20,2024|28,ED_CARPENTER_RACING,ANDRETTI,A_ONLY,MIXED_AB,66.92750000953674,BETWEEN_3_5,3,4.5,1,TIER2_EXTENDED
DIFF_TEAM,6378,2024,2023_2024_PRIMARY,PRACTICE,5719348,6378|5719348|2024|20,6378|5719348|2024|5,2024|20,2024|5,ED_CARPENTER_RACING,ARROW_MCLAREN_SPM,A_ONLY,B_ONLY,60.18650007247925,BETWEEN_GT5,4,32.5,1,TIER2_EXTENDED
DIFF_TEAM,6378,2024,2023_2024_PRIMARY,PRACTICE,5719348,6378|5719348|2024|20,6378|5719348|2024|66,2024|20,2024|66,ED_CARPENTER_RACING,MEYER_SHANK_RACING,A_ONLY,A_ONLY,43.464499950408936,BETWEEN_GT5,4,15.5,1,TIER2_EXTENDED
DIFF_TEAM,6378,2024,2023_2024_PRIMARY,PRACTICE,5719348,6378|5719348|2024|20,6378|5719348|2024|7,2024|20,2024|7,ED_CARPENTER_RACING,ARROW_MCLAREN_SPM,A_ONLY,B_ONLY,2.503499984741211,CONSECUTIVE,1,0.0,1,TIER2_EXTENDED
DIFF_TEAM,6378,2024,2023_2024_PRIMARY,PRACTICE,5719348,6378|5719348|2024|20,6378|5719348|2024|78,2024|20,2024|78,ED_CARPENTER_RACING,JUNCOS_HOLLINGER_RACING,A_ONLY,A_ONLY,150.47650003433228,BETWEEN_GT5,4,61.0,1,TIER2_EXTENDED
DIFF_TEAM,6378,2024,2023_2024_PRIMARY,PRACTICE,5719348,6378|5719348|2024|20,6378|5719348|2024|8,2024|20,2024|8,ED_CARPENTER_RACING,CHIP_GANASSI_RACING,A_ONLY,MIXED_AB,71.93849992752075,BETWEEN_GT5,4,7.0,1,TIER2_EXTENDED
DIFF_TEAM,6378,2024,2023_2024_PRIMARY,PRACTICE,5719348,6378|5719348|2024|21,6378|5719348|2024|27,2024|21,2024|27,ED_CARPENTER_RACING,ANDRETTI,A_ONLY,A_ONLY,56.84049987792969,BETWEEN_3_5,3,10.0,1,TIER2_EXTENDED
DIFF_TEAM,6378,2024,2023_2024_PRIMARY,PRACTICE,5719348,6378|5719348|2024|21,6378|5719348|2024|28,2024|21,2024|28,ED_CARPENTER_RACING,ANDRETTI,A_ONLY,MIXED_AB,66.92750000953674,BETWEEN_3_5,3,4.5,1,TIER2_EXTENDED
DIFF_TEAM,6378,2024,2023_2024_PRIMARY,PRACTICE,5719348,6378|5719348|2024|21,6378|5719348|2024|5,2024|21,2024|5,ED_CARPENTER_RACING,ARROW_MCLAREN_SPM,A_ONLY,B_ONLY,60.18650007247925,BETWEEN_GT5,4,32.5,1,TIER2_EXTENDED
DIFF_TEAM,6378,2024,2023_2024_PRIMARY,PRACTICE,5719348,6378|5719348|2024|21,6378|5719348|2024|66,2024|21,2024|66,ED_CARPENTER_RACING,MEYER_SHANK_RACING,A_ONLY,A_ONLY,43.464499950408936,BETWEEN_GT5,4,14.0,1,TIER2_EXTENDED
DIFF_TEAM,6378,2024,2023_2024_PRIMARY,PRACTICE,5719348,6378|5719348|2024|21,6378|5719348|2024|7,2024|21,2024|7,ED_CARPENTER_RACING,ARROW_MCLAREN_SPM,A_ONLY,B_ONLY,2.503499984741211,CONSECUTIVE,1,0.0,1,TIER2_EXTENDED
DIFF_TEAM,6378,2024,2023_2024_PRIMARY,PRACTICE,5719348,6378|5719348|2024|21,6378|5719348|2024|78,2024|21,2024|78,ED_CARPENTER_RACING,JUNCOS_HOLLINGER_RACING,A_ONLY,A_ONLY,150.47650003433228,BETWEEN_GT5,4,61.0,1,TIER2_EXTENDED
DIFF_TEAM,6378,2024,2023_2024_PRIMARY,PRACTICE,5719348,6378|5719348|2024|21,6378|5719348|2024|8,2024|21,2024|8,ED_CARPENTER_RACING,CHIP_GANASSI_RACING,A_ONLY,MIXED_AB,71.93849992752075,BETWEEN_GT5,4,7.0,1,TIER2_EXTENDED
SAME_TEAM,6378,2024,2023_2024_PRIMARY,PRACTICE,5719348,6378|5719348|2024|27,6378|5719348|2024|28,2024|27,2024|28,ANDRETTI,ANDRETTI,A_ONLY,MIXED_AB,123.76799988746643,BETWEEN_1_2,2,2.0,1,TIER2_EXTENDED
DIFF_TEAM,6378,2024,2023_2024_PRIMARY,PRACTICE,5719348,6378|5719348|2024|27,6378|5719348|2024|5,2024|27,2024|5,ANDRETTI,ARROW_MCLAREN_SPM,A_ONLY,B_ONLY,3.3460001945495605,BETWEEN_GT5,4,17.0,1,TIER2_EXTENDED
DIFF_TEAM,6378,2024,2023_2024_PRIMARY,PRACTICE,5719348,6378|5719348|2024|27,6378|5719348|2024|66,2024|27,2024|66,ANDRETTI,MEYER_SHANK_RACING,A_ONLY,A_ONLY,13.375999927520752,BETWEEN_GT5,4,10.0,1,TIER2_EXTENDED
DIFF_TEAM,6378,2024,2023_2024_PRIMARY,PRACTICE,5719348,6378|5719348|2024|27,6378|5719348|2024|7,2024|27,2024|7,ANDRETTI,ARROW_MCLAREN_SPM,A_ONLY,B_ONLY,54.33699989318848,BETWEEN_GT5,4,8.0,1,TIER2_EXTENDED
DIFF_TEAM,6378,2024,2023_2024_PRIMARY,PRACTICE,5719348,6378|5719348|2024|27,6378|5719348|2024|78,2024|27,2024|78,ANDRETTI,JUNCOS_HOLLINGER_RACING,A_ONLY,A_ONLY,207.31699991226196,BETWEEN_GT5,4,91.0,1,TIER2_EXTENDED
DIFF_TEAM,6378,2024,2023_2024_PRIMARY,PRACTICE,5719348,6378|5719348|2024|27,6378|5719348|2024|8,2024|27,2024|8,ANDRETTI,CHIP_GANASSI_RACING,A_ONLY,MIXED_AB,128.77899980545044,BETWEEN_GT5,4,27.0,1,TIER2_EXTENDED
DIFF_TEAM,6378,2024,2023_2024_PRIMARY,PRACTICE,5719348,6378|5719348|2024|28,6378|5719348|2024|5,2024|28,2024|5,ANDRETTI,ARROW_MCLAREN_SPM,MIXED_AB,B_ONLY,127.11400008201599,BETWEEN_GT5,4,72.0,1,TIER2_EXTENDED
DIFF_TEAM,6378,2024,2023_2024_PRIMARY,PRACTICE,5719348,6378|5719348|2024|28,6378|5719348|2024|66,2024|28,2024|66,ANDRETTI,MEYER_SHANK_RACING,MIXED_AB,A_ONLY,110.39199995994568,BETWEEN_GT5,4,33.0,1,TIER2_EXTENDED
DIFF_TEAM,6378,2024,2023_2024_PRIMARY,PRACTICE,5719348,6378|5719348|2024|28,6378|5719348|2024|7,2024|28,2024|7,ANDRETTI,ARROW_MCLAREN_SPM,MIXED_AB,B_ONLY,69.43099999427795,BETWEEN_GT5,4,11.0,1,TIER2_EXTENDED
DIFF_TEAM,6378,2024,2023_2024_PRIMARY,PRACTICE,5719348,6378|5719348|2024|28,6378|5719348|2024|78,2024|28,2024|78,ANDRETTI,JUNCOS_HOLLINGER_RACING,MIXED_AB,A_ONLY,83.54900002479553,BETWEEN_GT5,4,23.0,1,TIER2_EXTENDED
DIFF_TEAM,6378,2024,2023_2024_PRIMARY,PRACTICE,5719348,6378|5719348|2024|28,6378|5719348|2024|8,2024|28,2024|8,ANDRETTI,CHIP_GANASSI_RACING,MIXED_AB,MIXED_AB,5.010999917984009,BETWEEN_1_2,2,1.0,1,TIER2_EXTENDED
DIFF_TEAM,6378,2024,2023_2024_PRIMARY,PRACTICE,5719348,6378|5719348|2024|5,6378|5719348|2024|66,2024|5,2024|66,ARROW_MCLAREN_SPM,MEYER_SHANK_RACING,B_ONLY,A_ONLY,16.722000122070312,BETWEEN_GT5,4,15.0,1,TIER2_EXTENDED
SAME_TEAM,6378,2024,2023_2024_PRIMARY,PRACTICE,5719348,6378|5719348|2024|5,6378|5719348|2024|7,2024|5,2024|7,ARROW_MCLAREN_SPM,ARROW_MCLAREN_SPM,B_ONLY,B_ONLY,57.68300008773804,BETWEEN_1_2,2,1.0,1,TIER2_EXTENDED
DIFF_TEAM,6378,2024,2023_2024_PRIMARY,PRACTICE,5719348,6378|5719348|2024|5,6378|5719348|2024|78,2024|5,2024|78,ARROW_MCLAREN_SPM,JUNCOS_HOLLINGER_RACING,B_ONLY,A_ONLY,210.66300010681152,BETWEEN_GT5,4,96.0,1,TIER2_EXTENDED
DIFF_TEAM,6378,2024,2023_2024_PRIMARY,PRACTICE,5719348,6378|5719348|2024|5,6378|5719348|2024|8,2024|5,2024|8,ARROW_MCLAREN_SPM,CHIP_GANASSI_RACING,B_ONLY,MIXED_AB,132.125,BETWEEN_GT5,4,32.0,1,TIER2_EXTENDED
DIFF_TEAM,6378,2024,2023_2024_PRIMARY,PRACTICE,5719348,6378|5719348|2024|66,6378|5719348|2024|7,2024|66,2024|7,MEYER_SHANK_RACING,ARROW_MCLAREN_SPM,A_ONLY,B_ONLY,40.960999965667725,BETWEEN_1_2,2,2.0,1,TIER2_EXTENDED
DIFF_TEAM,6378,2024,2023_2024_PRIMARY,PRACTICE,5719348,6378|5719348|2024|66,6378|5719348|2024|78,2024|66,2024|78,MEYER_SHANK_RACING,JUNCOS_HOLLINGER_RACING,A_ONLY,A_ONLY,193.9409999847412,BETWEEN_GT5,4,79.0,1,TIER2_EXTENDED
DIFF_TEAM,6378,2024,2023_2024_PRIMARY,PRACTICE,5719348,6378|5719348|2024|66,6378|5719348|2024|8,2024|66,2024|8,MEYER_SHANK_RACING,CHIP_GANASSI_RACING,A_ONLY,MIXED_AB,115.40299987792969,BETWEEN_GT5,4,15.0,1,TIER2_EXTENDED
DIFF_TEAM,6378,2024,2023_2024_PRIMARY,PRACTICE,5719348,6378|5719348|2024|7,6378|5719348|2024|78,2024|7,2024|78,ARROW_MCLAREN_SPM,JUNCOS_HOLLINGER_RACING,B_ONLY,A_ONLY,152.9800000190735,BETWEEN_GT5,4,63.5,1,TIER2_EXTENDED
DIFF_TEAM,6378,2024,2023_2024_PRIMARY,PRACTICE,5719348,6378|5719348|2024|7,6378|5719348|2024|8,2024|7,2024|8,ARROW_MCLAREN_SPM,CHIP_GANASSI_RACING,B_ONLY,MIXED_AB,74.44199991226196,BETWEEN_GT5,4,10.0,1,TIER2_EXTENDED
DIFF_TEAM,6378,2024,2023_2024_PRIMARY,PRACTICE,5719348,6378|5719348|2024|78,6378|5719348|2024|8,2024|78,2024|8,JUNCOS_HOLLINGER_RACING,CHIP_GANASSI_RACING,A_ONLY,MIXED_AB,78.53800010681152,BETWEEN_1_2,2,1.0,1,TIER2_EXTENDED
DIFF_TEAM,6378,2024,2023_2024_PRIMARY,PRACTICE,5719349,6378|5719349|2024|28,6378|5719349|2024|33,2024|28,2024|33,ANDRETTI,ED_CARPENTER_RACING,B_ONLY,A_ONLY,67.74300003051758,CONSECUTIVE,1,0.0,2,TIER2_EXTENDED
DIFF_TEAM,6378,2024,2023_2024_PRIMARY,PRACTICE,5719349,6378|5719349|2024|28,6378|5719349|2024|78,2024|28,2024|78,ANDRETTI,JUNCOS_HOLLINGER_RACING,B_ONLY,A_ONLY,4.190999984741211,BETWEEN_3_5,3,5.5,2,TIER2_EXTENDED
DIFF_TEAM,6378,2024,2023_2024_PRIMARY,PRACTICE,5719349,6378|5719349|2024|33,6378|5719349|2024|78,2024|33,2024|78,ED_CARPENTER_RACING,JUNCOS_HOLLINGER_RACING,A_ONLY,A_ONLY,63.55200004577637,BETWEEN_GT5,4,7.0,2,TIER2_EXTENDED
SAME_TEAM,6378,2024,2023_2024_PRIMARY,PRACTICE,5719363,6378|5719363|2024|12,6378|5719363|2024|3,2024|12,2024|3,TEAM_PENSKE,TEAM_PENSKE,A_ONLY,A_ONLY,162.1280002593994,BETWEEN_GT5,4,50.5,1,TIER2_EXTENDED
DIFF_TEAM,6378,2024,2023_2024_PRIMARY,PRACTICE,5719363,6378|5719363|2024|12,6378|5719363|2024|4,2024|12,2024|4,TEAM_PENSKE,CHIP_GANASSI_RACING,A_ONLY,MIXED_AB,28.402999877929688,BETWEEN_3_5,3,5.0,1,TIER2_EXTENDED
DIFF_TEAM,6378,2024,2023_2024_PRIMARY,PRACTICE,5719363,6378|5719363|2024|12,6378|5719363|2024|45,2024|12,2024|45,TEAM_PENSKE,RAHAL_LETTERMAN_LANIGAN,A_ONLY,A_ONLY,123.71000003814697,BETWEEN_GT5,4,22.5,1,TIER2_EXTENDED
DIFF_TEAM,6378,2024,2023_2024_PRIMARY,PRACTICE,5719363,6378|5719363|2024|12,6378|5719363|2024|9,2024|12,2024|9,TEAM_PENSKE,CHIP_GANASSI_RACING,A_ONLY,A_ONLY,10.035999774932861,BETWEEN_3_5,3,6.0,1,TIER2_EXTENDED
DIFF_TEAM,6378,2024,2023_2024_PRIMARY,PRACTICE,5719363,6378|5719363|2024|3,6378|5719363|2024|4,2024|3,2024|4,TEAM_PENSKE,CHIP_GANASSI_RACING,A_ONLY,MIXED_AB,190.5310001373291,BETWEEN_GT5,4,38.5,1,TIER2_EXTENDED
DIFF_TEAM,6378,2024,2023_2024_PRIMARY,PRACTICE,5719363,6378|5719363|2024|3,6378|5719363|2024|45,2024|3,2024|45,TEAM_PENSKE,RAHAL_LETTERMAN_LANIGAN,A_ONLY,A_ONLY,38.41800022125244,CONSECUTIVE,1,0.0,1,TIER2_EXTENDED
DIFF_TEAM,6378,2024,2023_2024_PRIMARY,PRACTICE,5719363,6378|5719363|2024|3,6378|5719363|2024|9,2024|3,2024|9,TEAM_PENSKE,CHIP_GANASSI_RACING,A_ONLY,A_ONLY,172.16400003433228,BETWEEN_GT5,4,43.5,1,TIER2_EXTENDED
DIFF_TEAM,6378,2024,2023_2024_PRIMARY,PRACTICE,5719363,6378|5719363|2024|4,6378|5719363|2024|45,2024|4,2024|45,CHIP_GANASSI_RACING,RAHAL_LETTERMAN_LANIGAN,MIXED_AB,A_ONLY,152.11299991607666,BETWEEN_GT5,4,37.0,1,TIER2_EXTENDED
SAME_TEAM,6378,2024,2023_2024_PRIMARY,PRACTICE,5719363,6378|5719363|2024|4,6378|5719363|2024|9,2024|4,2024|9,CHIP_GANASSI_RACING,CHIP_GANASSI_RACING,MIXED_AB,A_ONLY,18.367000102996826,BETWEEN_1_2,2,1.0,1,TIER2_EXTENDED
DIFF_TEAM,6378,2024,2023_2024_PRIMARY,PRACTICE,5719363,6378|5719363|2024|45,6378|5719363|2024|9,2024|45,2024|9,RAHAL_LETTERMAN_LANIGAN,CHIP_GANASSI_RACING,A_ONLY,A_ONLY,133.74599981307983,BETWEEN_GT5,4,32.5,1,TIER2_EXTENDED
DIFF_TEAM,6378,2024,2023_2024_PRIMARY,PRACTICE,5719364,6378|5719364|2024|3,6378|5719364|2024|45,2024|3,2024|45,TEAM_PENSKE,RAHAL_LETTERMAN_LANIGAN,MIXED_AB,MIXED_AB,39.2720000743866,CONSECUTIVE,1,4.0,2,TIER2_EXTENDED
DIFF_TEAM,6378,2024,2023_2024_PRIMARY,PRACTICE,5719366,6378|5719366|2024|5,6378|5719366|2024|9,2024|5,2024|9,ARROW_MCLAREN_SPM,CHIP_GANASSI_RACING,A_ONLY,B_ONLY,58.54699993133545,BETWEEN_1_2,2,1.0,1,TIER2_EXTENDED
DIFF_TEAM,6378,2024,2023_2024_PRIMARY,PRACTICE,5719367,6378|5719367|2024|5,6378|5719367|2024|9,2024|5,2024|9,ARROW_MCLAREN_SPM,CHIP_GANASSI_RACING,A_ONLY,B_ONLY,38.46500015258789,BETWEEN_3_5,3,4.0,2,TIER2_EXTENDED
SAME_TEAM,6380,2024,2023_2024_PRIMARY,FAST_FRIDAY,5719934,6380|5719934|2024|4,6380|5719934|2024|8,2024|4,2024|8,CHIP_GANASSI_RACING,CHIP_GANASSI_RACING,A_ONLY,A_ONLY,169.39099979400635,BETWEEN_GT5,4,10.0,2,TIER2_EXTENDED
DIFF_TEAM,6380,2024,2023_2024_PRIMARY,FAST_FRIDAY,5719935,6380|5719935|2024|06,6380|5719935|2024|8,2024|06,2024|8,MEYER_SHANK_RACING,CHIP_GANASSI_RACING,A_ONLY,A_ONLY,65.15700006484985,BETWEEN_1_2,2,1.5,2,TIER2_EXTENDED
DIFF_TEAM,6380,2024,2023_2024_PRIMARY,FAST_FRIDAY,5719937,6380|5719937|2024|11,6380|5719937|2024|26,2024|11,2024|26,CHIP_GANASSI_RACING,ANDRETTI,A_ONLY,A_ONLY,70.0404999256134,BETWEEN_1_2,2,1.0,2,TIER2_EXTENDED
DIFF_TEAM,6380,2024,2023_2024_PRIMARY,FAST_FRIDAY,5719937,6380|5719937|2024|11,6380|5719937|2024|77,2024|11,2024|77,CHIP_GANASSI_RACING,JUNCOS_HOLLINGER_RACING,A_ONLY,A_ONLY,226.34500002861023,BETWEEN_GT5,4,22.0,2,TIER2_EXTENDED
DIFF_TEAM,6380,2024,2023_2024_PRIMARY,FAST_FRIDAY,5719937,6380|5719937|2024|26,6380|5719937|2024|77,2024|26,2024|77,ANDRETTI,JUNCOS_HOLLINGER_RACING,A_ONLY,A_ONLY,156.30450010299683,BETWEEN_GT5,4,13.5,2,TIER2_EXTENDED
DIFF_TEAM,6380,2024,2023_2024_PRIMARY,FAST_FRIDAY,5719940,6380|5719940|2024|06,6380|5719940|2024|30,2024|06,2024|30,MEYER_SHANK_RACING,RAHAL_LETTERMAN_LANIGAN,A_ONLY,A_ONLY,152.30800008773804,BETWEEN_GT5,4,10.5,2,TIER2_EXTENDED
DIFF_TEAM,6380,2024,2023_2024_PRIMARY,FAST_FRIDAY,5719940,6380|5719940|2024|06,6380|5719940|2024|8,2024|06,2024|8,MEYER_SHANK_RACING,CHIP_GANASSI_RACING,A_ONLY,B_ONLY,13.035500049591064,BETWEEN_1_2,2,1.5,2,TIER2_EXTENDED
DIFF_TEAM,6380,2024,2023_2024_PRIMARY,FAST_FRIDAY,5719940,6380|5719940|2024|30,6380|5719940|2024|8,2024|30,2024|8,RAHAL_LETTERMAN_LANIGAN,CHIP_GANASSI_RACING,A_ONLY,B_ONLY,139.27250003814697,BETWEEN_3_5,3,7.5,2,TIER2_EXTENDED
SAME_TEAM,6380,2024,2023_2024_PRIMARY,FAST_FRIDAY,5719942,6380|5719942|2024|27,6380|5719942|2024|28,2024|27,2024|28,ANDRETTI,ANDRETTI,A_ONLY,A_ONLY,53.76200008392334,CONSECUTIVE,1,1.0,1,TIER2_EXTENDED
DIFF_TEAM,6380,2024,2023_2024_PRIMARY,FAST_FRIDAY,5719942,6380|5719942|2024|27,6380|5719942|2024|8,2024|27,2024|8,ANDRETTI,CHIP_GANASSI_RACING,A_ONLY,A_ONLY,118.94249987602234,BETWEEN_GT5,4,15.0,1,TIER2_EXTENDED
DIFF_TEAM,6380,2024,2023_2024_PRIMARY,FAST_FRIDAY,5719942,6380|5719942|2024|28,6380|5719942|2024|8,2024|28,2024|8,ANDRETTI,CHIP_GANASSI_RACING,A_ONLY,A_ONLY,65.180499792099,BETWEEN_GT5,4,8.5,1,TIER2_EXTENDED
DIFF_TEAM,6387,2024,2023_2024_PRIMARY,POST_QUALIFYING_PRACTICE,5720749,6387|5720749|2024|06,6387|5720749|2024|2,2024|06,2024|2,MEYER_SHANK_RACING,TEAM_PENSKE,A_ONLY,A_ONLY,0.8149998188018799,SAME_UPDATE,0,0.0,1,TIER2_EXTENDED
DIFF_TEAM,6387,2024,2023_2024_PRIMARY,POST_QUALIFYING_PRACTICE,5720749,6387|5720749|2024|06,6387|5720749|2024|28,2024|06,2024|28,MEYER_SHANK_RACING,ANDRETTI,A_ONLY,B_ONLY,13.037499904632568,BETWEEN_1_2,2,3.5,1,TIER2_EXTENDED
DIFF_TEAM,6387,2024,2023_2024_PRIMARY,POST_QUALIFYING_PRACTICE,5720749,6387|5720749|2024|06,6387|5720749|2024|4,2024|06,2024|4,MEYER_SHANK_RACING,CHIP_GANASSI_RACING,A_ONLY,B_ONLY,72.51500010490417,CONSECUTIVE,1,5.0,1,TIER2_EXTENDED
SAME_TEAM,6387,2024,2023_2024_PRIMARY,POST_QUALIFYING_PRACTICE,5720749,6387|5720749|2024|06,6387|5720749|2024|66,2024|06,2024|66,MEYER_SHANK_RACING,MEYER_SHANK_RACING,A_ONLY,B_ONLY,0.815500020980835,SAME_UPDATE,0,0.0,1,TIER2_EXTENDED
DIFF_TEAM,6387,2024,2023_2024_PRIMARY,POST_QUALIFYING_PRACTICE,5720749,6387|5720749|2024|2,6387|5720749|2024|28,2024|2,2024|28,TEAM_PENSKE,ANDRETTI,A_ONLY,B_ONLY,12.222500085830688,BETWEEN_1_2,2,5.5,1,TIER2_EXTENDED
DIFF_TEAM,6387,2024,2023_2024_PRIMARY,POST_QUALIFYING_PRACTICE,5720749,6387|5720749|2024|2,6387|5720749|2024|4,2024|2,2024|4,TEAM_PENSKE,CHIP_GANASSI_RACING,A_ONLY,B_ONLY,71.7000002861023,CONSECUTIVE,1,7.0,1,TIER2_EXTENDED
DIFF_TEAM,6387,2024,2023_2024_PRIMARY,POST_QUALIFYING_PRACTICE,5720749,6387|5720749|2024|2,6387|5720749|2024|66,2024|2,2024|66,TEAM_PENSKE,MEYER_SHANK_RACING,A_ONLY,B_ONLY,1.6304998397827148,CONSECUTIVE,1,0.0,1,TIER2_EXTENDED
DIFF_TEAM,6387,2024,2023_2024_PRIMARY,POST_QUALIFYING_PRACTICE,5720749,6387|5720749|2024|28,6387|5720749|2024|4,2024|28,2024|4,ANDRETTI,CHIP_GANASSI_RACING,B_ONLY,B_ONLY,59.477500200271606,CONSECUTIVE,1,0.0,1,TIER2_EXTENDED
DIFF_TEAM,6387,2024,2023_2024_PRIMARY,POST_QUALIFYING_PRACTICE,5720749,6387|5720749|2024|28,6387|5720749|2024|66,2024|28,2024|66,ANDRETTI,MEYER_SHANK_RACING,B_ONLY,B_ONLY,13.852999925613403,BETWEEN_GT5,4,6.0,1,TIER2_EXTENDED
DIFF_TEAM,6387,2024,2023_2024_PRIMARY,POST_QUALIFYING_PRACTICE,5720749,6387|5720749|2024|4,6387|5720749|2024|66,2024|4,2024|66,CHIP_GANASSI_RACING,MEYER_SHANK_RACING,B_ONLY,B_ONLY,73.33050012588501,BETWEEN_GT5,4,17.5,1,TIER2_EXTENDED
DIFF_TEAM,6387,2024,2023_2024_PRIMARY,POST_QUALIFYING_PRACTICE,5720750,6387|5720750|2024|06,6387|5720750|2024|2,2024|06,2024|2,MEYER_SHANK_RACING,TEAM_PENSKE,A_ONLY,A_ONLY,0.0,SAME_UPDATE,0,0.0,2,TIER2_EXTENDED
DIFF_TEAM,6387,2024,2023_2024_PRIMARY,POST_QUALIFYING_PRACTICE,5720750,6387|5720750|2024|06,6387|5720750|2024|28,2024|06,2024|28,MEYER_SHANK_RACING,ANDRETTI,A_ONLY,B_ONLY,13.848999977111816,BETWEEN_GT5,4,6.0,2,TIER2_EXTENDED
SAME_TEAM,6387,2024,2023_2024_PRIMARY,POST_QUALIFYING_PRACTICE,5720750,6387|5720750|2024|06,6387|5720750|2024|66,2024|06,2024|66,MEYER_SHANK_RACING,MEYER_SHANK_RACING,A_ONLY,B_ONLY,0.819000244140625,SAME_UPDATE,0,0.0,2,TIER2_EXTENDED
DIFF_TEAM,6387,2024,2023_2024_PRIMARY,POST_QUALIFYING_PRACTICE,5720750,6387|5720750|2024|2,6387|5720750|2024|28,2024|2,2024|28,TEAM_PENSKE,ANDRETTI,A_ONLY,B_ONLY,13.848999977111816,BETWEEN_GT5,4,6.0,2,TIER2_EXTENDED
DIFF_TEAM,6387,2024,2023_2024_PRIMARY,POST_QUALIFYING_PRACTICE,5720750,6387|5720750|2024|2,6387|5720750|2024|66,2024|2,2024|66,TEAM_PENSKE,MEYER_SHANK_RACING,A_ONLY,B_ONLY,0.819000244140625,SAME_UPDATE,0,0.0,2,TIER2_EXTENDED
DIFF_TEAM,6387,2024,2023_2024_PRIMARY,POST_QUALIFYING_PRACTICE,5720750,6387|5720750|2024|28,6387|5720750|2024|66,2024|28,2024|66,ANDRETTI,MEYER_SHANK_RACING,B_ONLY,B_ONLY,14.668000221252441,BETWEEN_GT5,4,6.0,2,TIER2_EXTENDED
DIFF_TEAM,6387,2024,2023_2024_PRIMARY,POST_QUALIFYING_PRACTICE,5720753,6387|5720753|2024|27,6387|5720753|2024|5,2024|27,2024|5,ANDRETTI,ARROW_MCLAREN_SPM,B_ONLY,B_ONLY,44.87000012397766,BETWEEN_1_2,2,3.0,2,TIER2_EXTENDED
DIFF_TEAM,6387,2024,2023_2024_PRIMARY,POST_QUALIFYING_PRACTICE,5720754,6387|5720754|2024|17,6387|5720754|2024|24,2024|17,2024|24,ARROW_MCLAREN_SPM,DREYER_REINBOLD_RACING,A_ONLY,B_ONLY,110.78199982643127,BETWEEN_GT5,4,31.5,2,TIER2_EXTENDED
DIFF_TEAM,6387,2024,2023_2024_PRIMARY,POST_QUALIFYING_PRACTICE,5720754,6387|5720754|2024|17,6387|5720754|2024|3,2024|17,2024|3,ARROW_MCLAREN_SPM,TEAM_PENSKE,A_ONLY,A_ONLY,87.45300006866455,BETWEEN_3_5,3,11.0,2,TIER2_EXTENDED
DIFF_TEAM,6387,2024,2023_2024_PRIMARY,POST_QUALIFYING_PRACTICE,5720754,6387|5720754|2024|17,6387|5720754|2024|30,2024|17,2024|30,ARROW_MCLAREN_SPM,RAHAL_LETTERMAN_LANIGAN,A_ONLY,A_ONLY,86.62549996376038,BETWEEN_3_5,3,10.5,2,TIER2_EXTENDED
SAME_TEAM,6387,2024,2023_2024_PRIMARY,POST_QUALIFYING_PRACTICE,5720754,6387|5720754|2024|17,6387|5720754|2024|7,2024|17,2024|7,ARROW_MCLAREN_SPM,ARROW_MCLAREN_SPM,A_ONLY,B_ONLY,84.12999987602234,BETWEEN_1_2,2,8.0,2,TIER2_EXTENDED
DIFF_TEAM,6387,2024,2023_2024_PRIMARY,POST_QUALIFYING_PRACTICE,5720754,6387|5720754|2024|24,6387|5720754|2024|3,2024|24,2024|3,DREYER_REINBOLD_RACING,TEAM_PENSKE,B_ONLY,A_ONLY,23.328999757766724,BETWEEN_1_2,2,2.0,2,TIER2_EXTENDED
DIFF_TEAM,6387,2024,2023_2024_PRIMARY,POST_QUALIFYING_PRACTICE,5720754,6387|5720754|2024|24,6387|5720754|2024|30,2024|24,2024|30,DREYER_REINBOLD_RACING,RAHAL_LETTERMAN_LANIGAN,B_ONLY,A_ONLY,24.1564998626709,BETWEEN_3_5,3,3.0,2,TIER2_EXTENDED
DIFF_TEAM,6387,2024,2023_2024_PRIMARY,POST_QUALIFYING_PRACTICE,5720754,6387|5720754|2024|24,6387|5720754|2024|7,2024|24,2024|7,DREYER_REINBOLD_RACING,ARROW_MCLAREN_SPM,B_ONLY,B_ONLY,26.651999950408936,BETWEEN_GT5,4,6.0,2,TIER2_EXTENDED
DIFF_TEAM,6387,2024,2023_2024_PRIMARY,POST_QUALIFYING_PRACTICE,5720754,6387|5720754|2024|3,6387|5720754|2024|30,2024|3,2024|30,TEAM_PENSKE,RAHAL_LETTERMAN_LANIGAN,A_ONLY,A_ONLY,0.8275001049041748,SAME_UPDATE,0,0.0,2,TIER2_EXTENDED
DIFF_TEAM,6387,2024,2023_2024_PRIMARY,POST_QUALIFYING_PRACTICE,5720754,6387|5720754|2024|3,6387|5720754|2024|7,2024|3,2024|7,TEAM_PENSKE,ARROW_MCLAREN_SPM,A_ONLY,B_ONLY,3.323000192642212,BETWEEN_1_2,2,1.5,2,TIER2_EXTENDED
DIFF_TEAM,6387,2024,2023_2024_PRIMARY,POST_QUALIFYING_PRACTICE,5720754,6387|5720754|2024|30,6387|5720754|2024|7,2024|30,2024|7,RAHAL_LETTERMAN_LANIGAN,ARROW_MCLAREN_SPM,A_ONLY,B_ONLY,2.495500087738037,CONSECUTIVE,1,0.5,2,TIER2_EXTENDED
DIFF_TEAM,6387,2024,2023_2024_PRIMARY,POST_QUALIFYING_PRACTICE,5720755,6387|5720755|2024|24,6387|5720755|2024|28,2024|24,2024|28,DREYER_REINBOLD_RACING,ANDRETTI,MIXED_AB,A_ONLY,33.300999879837036,BETWEEN_GT5,4,8.0,1,TIER2_EXTENDED
DIFF_TEAM,6387,2024,2023_2024_PRIMARY,POST_QUALIFYING_PRACTICE,5720755,6387|5720755|2024|24,6387|5720755|2024|30,2024|24,2024|30,DREYER_REINBOLD_RACING,RAHAL_LETTERMAN_LANIGAN,MIXED_AB,A_ONLY,39.93599987030029,CONSECUTIVE,1,0.0,1,TIER2_EXTENDED
DIFF_TEAM,6387,2024,2023_2024_PRIMARY,POST_QUALIFYING_PRACTICE,5720755,6387|5720755|2024|24,6387|5720755|2024|60,2024|24,2024|60,DREYER_REINBOLD_RACING,MEYER_SHANK_RACING,MIXED_AB,A_ONLY,59.916499853134155,BETWEEN_GT5,4,11.0,1,TIER2_EXTENDED
DIFF_TEAM,6387,2024,2023_2024_PRIMARY,POST_QUALIFYING_PRACTICE,5720755,6387|5720755|2024|24,6387|5720755|2024|98,2024|24,2024|98,DREYER_REINBOLD_RACING,ANDRETTI,MIXED_AB,B_ONLY,36.62899994850159,BETWEEN_3_5,3,5.0,1,TIER2_EXTENDED
DIFF_TEAM,6387,2024,2023_2024_PRIMARY,POST_QUALIFYING_PRACTICE,5720755,6387|5720755|2024|28,6387|5720755|2024|30,2024|28,2024|30,ANDRETTI,RAHAL_LETTERMAN_LANIGAN,A_ONLY,A_ONLY,6.634999990463257,BETWEEN_3_5,3,4.0,1,TIER2_EXTENDED
DIFF_TEAM,6387,2024,2023_2024_PRIMARY,POST_QUALIFYING_PRACTICE,5720755,6387|5720755|2024|28,6387|5720755|2024|60,2024|28,2024|60,ANDRETTI,MEYER_SHANK_RACING,A_ONLY,A_ONLY,26.61549997329712,BETWEEN_3_5,3,4.0,1,TIER2_EXTENDED
SAME_TEAM,6387,2024,2023_2024_PRIMARY,POST_QUALIFYING_PRACTICE,5720755,6387|5720755|2024|28,6387|5720755|2024|98,2024|28,2024|98,ANDRETTI,ANDRETTI,A_ONLY,B_ONLY,3.328000068664551,CONSECUTIVE,1,0.0,1,TIER2_EXTENDED
DIFF_TEAM,6387,2024,2023_2024_PRIMARY,POST_QUALIFYING_PRACTICE,5720755,6387|5720755|2024|30,6387|5720755|2024|60,2024|30,2024|60,RAHAL_LETTERMAN_LANIGAN,MEYER_SHANK_RACING,A_ONLY,A_ONLY,19.980499982833862,SAME_UPDATE,0,0.0,1,TIER2_EXTENDED
DIFF_TEAM,6387,2024,2023_2024_PRIMARY,POST_QUALIFYING_PRACTICE,5720755,6387|5720755|2024|30,6387|5720755|2024|98,2024|30,2024|98,RAHAL_LETTERMAN_LANIGAN,ANDRETTI,A_ONLY,B_ONLY,3.306999921798706,BETWEEN_1_2,2,1.0,1,TIER2_EXTENDED
DIFF_TEAM,6387,2024,2023_2024_PRIMARY,POST_QUALIFYING_PRACTICE,5720755,6387|5720755|2024|60,6387|5720755|2024|98,2024|60,2024|98,MEYER_SHANK_RACING,ANDRETTI,A_ONLY,B_ONLY,23.28749990463257,CONSECUTIVE,1,0.5,1,TIER2_EXTENDED
DIFF_TEAM,6387,2024,2023_2024_PRIMARY,POST_QUALIFYING_PRACTICE,5720756,6387|5720756|2024|24,6387|5720756|2024|28,2024|24,2024|28,DREYER_REINBOLD_RACING,ANDRETTI,A_ONLY,A_ONLY,6.634999990463257,BETWEEN_GT5,4,6.0,2,TIER2_EXTENDED
DIFF_TEAM,6387,2024,2023_2024_PRIMARY,POST_QUALIFYING_PRACTICE,5720756,6387|5720756|2024|24,6387|5720756|2024|30,2024|24,2024|30,DREYER_REINBOLD_RACING,RAHAL_LETTERMAN_LANIGAN,A_ONLY,A_ONLY,18.308000087738037,CONSECUTIVE,1,0.0,2,TIER2_EXTENDED
DIFF_TEAM,6387,2024,2023_2024_PRIMARY,POST_QUALIFYING_PRACTICE,5720756,6387|5720756|2024|24,6387|5720756|2024|60,2024|24,2024|60,DREYER_REINBOLD_RACING,MEYER_SHANK_RACING,A_ONLY,A_ONLY,18.308000087738037,CONSECUTIVE,1,0.0,2,TIER2_EXTENDED
DIFF_TEAM,6387,2024,2023_2024_PRIMARY,POST_QUALIFYING_PRACTICE,5720756,6387|5720756|2024|24,6387|5720756|2024|98,2024|24,2024|98,DREYER_REINBOLD_RACING,ANDRETTI,A_ONLY,B_ONLY,4.979000091552734,BETWEEN_3_5,3,4.0,2,TIER2_EXTENDED
DIFF_TEAM,6387,2024,2023_2024_PRIMARY,POST_QUALIFYING_PRACTICE,5720756,6387|5720756|2024|28,6387|5720756|2024|30,2024|28,2024|30,ANDRETTI,RAHAL_LETTERMAN_LANIGAN,A_ONLY,A_ONLY,24.943000078201294,BETWEEN_1_2,2,2.0,2,TIER2_EXTENDED
DIFF_TEAM,6387,2024,2023_2024_PRIMARY,POST_QUALIFYING_PRACTICE,5720756,6387|5720756|2024|28,6387|5720756|2024|60,2024|28,2024|60,ANDRETTI,MEYER_SHANK_RACING,A_ONLY,A_ONLY,24.943000078201294,BETWEEN_1_2,2,2.0,2,TIER2_EXTENDED
SAME_TEAM,6387,2024,2023_2024_PRIMARY,POST_QUALIFYING_PRACTICE,5720756,6387|5720756|2024|28,6387|5720756|2024|98,2024|28,2024|98,ANDRETTI,ANDRETTI,A_ONLY,B_ONLY,1.6559998989105225,CONSECUTIVE,1,0.0,2,TIER2_EXTENDED
DIFF_TEAM,6387,2024,2023_2024_PRIMARY,POST_QUALIFYING_PRACTICE,5720756,6387|5720756|2024|30,6387|5720756|2024|60,2024|30,2024|60,RAHAL_LETTERMAN_LANIGAN,MEYER_SHANK_RACING,A_ONLY,A_ONLY,0.0,SAME_UPDATE,0,0.0,2,TIER2_EXTENDED
DIFF_TEAM,6387,2024,2023_2024_PRIMARY,POST_QUALIFYING_PRACTICE,5720756,6387|5720756|2024|30,6387|5720756|2024|98,2024|30,2024|98,RAHAL_LETTERMAN_LANIGAN,ANDRETTI,A_ONLY,B_ONLY,23.28700017929077,CONSECUTIVE,1,6.5,2,TIER2_EXTENDED
DIFF_TEAM,6387,2024,2023_2024_PRIMARY,POST_QUALIFYING_PRACTICE,5720756,6387|5720756|2024|60,6387|5720756|2024|98,2024|60,2024|98,MEYER_SHANK_RACING,ANDRETTI,A_ONLY,B_ONLY,23.28700017929077,CONSECUTIVE,1,6.5,2,TIER2_EXTENDED
DIFF_TEAM,6387,2024,2023_2024_PRIMARY,POST_QUALIFYING_PRACTICE,5720757,6387|5720757|2024|2,6387|5720757|2024|26,2024|2,2024|26,TEAM_PENSKE,ANDRETTI,B_ONLY,B_ONLY,85.01449966430664,CONSECUTIVE,1,9.5,2,TIER2_EXTENDED
DIFF_TEAM,6387,2024,2023_2024_PRIMARY,POST_QUALIFYING_PRACTICE,5720758,6387|5720758|2024|12,6387|5720758|2024|4,2024|12,2024|4,TEAM_PENSKE,CHIP_GANASSI_RACING,A_ONLY,A_ONLY,50.87850022315979,BETWEEN_GT5,4,11.0,1,TIER2_EXTENDED
DIFF_TEAM,6387,2024,2023_2024_PRIMARY,POST_QUALIFYING_PRACTICE,5720762,6387|5720762|2024|17,6387|5720762|2024|20,2024|17,2024|20,ARROW_MCLAREN_SPM,ED_CARPENTER_RACING,A_ONLY,B_ONLY,13.352999925613403,BETWEEN_GT5,4,8.0,2,TIER2_EXTENDED
DIFF_TEAM,6387,2024,2023_2024_PRIMARY,POST_QUALIFYING_PRACTICE,5720762,6387|5720762|2024|17,6387|5720762|2024|9,2024|17,2024|9,ARROW_MCLAREN_SPM,CHIP_GANASSI_RACING,A_ONLY,MIXED_AB,42.14450001716614,CONSECUTIVE,1,10.5,2,TIER2_EXTENDED
DIFF_TEAM,6387,2024,2023_2024_PRIMARY,POST_QUALIFYING_PRACTICE,5720762,6387|5720762|2024|20,6387|5720762|2024|9,2024|20,2024|9,ED_CARPENTER_RACING,CHIP_GANASSI_RACING,B_ONLY,MIXED_AB,55.49749994277954,BETWEEN_GT5,4,12.0,2,TIER2_EXTENDED
DIFF_TEAM,6387,2024,2023_2024_PRIMARY,POST_QUALIFYING_PRACTICE,5720763,6387|5720763|2024|15,6387|5720763|2024|17,2024|15,2024|17,RAHAL_LETTERMAN_LANIGAN,ARROW_MCLAREN_SPM,B_ONLY,A_ONLY,68.87850022315979,BETWEEN_GT5,4,16.5,2,TIER2_EXTENDED
DIFF_TEAM,6387,2024,2023_2024_PRIMARY,POST_QUALIFYING_PRACTICE,5720763,6387|5720763|2024|15,6387|5720763|2024|21,2024|15,2024|21,RAHAL_LETTERMAN_LANIGAN,ED_CARPENTER_RACING,B_ONLY,A_ONLY,6.674000263214111,BETWEEN_GT5,4,7.0,2,TIER2_EXTENDED
DIFF_TEAM,6387,2024,2023_2024_PRIMARY,POST_QUALIFYING_PRACTICE,5720763,6387|5720763|2024|15,6387|5720763|2024|33,2024|15,2024|33,RAHAL_LETTERMAN_LANIGAN,ED_CARPENTER_RACING,B_ONLY,A_ONLY,79.88100004196167,CONSECUTIVE,1,9.0,2,TIER2_EXTENDED
DIFF_TEAM,6387,2024,2023_2024_PRIMARY,POST_QUALIFYING_PRACTICE,5720763,6387|5720763|2024|15,6387|5720763|2024|78,2024|15,2024|78,RAHAL_LETTERMAN_LANIGAN,JUNCOS_HOLLINGER_RACING,B_ONLY,A_ONLY,79.88100004196167,BETWEEN_1_2,2,7.0,2,TIER2_EXTENDED
DIFF_TEAM,6387,2024,2023_2024_PRIMARY,POST_QUALIFYING_PRACTICE,5720763,6387|5720763|2024|15,6387|5720763|2024|9,2024|15,2024|9,RAHAL_LETTERMAN_LANIGAN,CHIP_GANASSI_RACING,B_ONLY,A_ONLY,48.040000200271606,BETWEEN_GT5,4,7.0,2,TIER2_EXTENDED
DIFF_TEAM,6387,2024,2023_2024_PRIMARY,POST_QUALIFYING_PRACTICE,5720763,6387|5720763|2024|15,6387|5720763|2024|98,2024|15,2024|98,RAHAL_LETTERMAN_LANIGAN,ANDRETTI,B_ONLY,A_ONLY,41.380500078201294,SAME_UPDATE,0,0.0,2,TIER2_EXTENDED
DIFF_TEAM,6387,2024,2023_2024_PRIMARY,POST_QUALIFYING_PRACTICE,5720763,6387|5720763|2024|17,6387|5720763|2024|21,2024|17,2024|21,ARROW_MCLAREN_SPM,ED_CARPENTER_RACING,A_ONLY,A_ONLY,62.20449995994568,SAME_UPDATE,0,0.0,2,TIER2_EXTENDED
DIFF_TEAM,6387,2024,2023_2024_PRIMARY,POST_QUALIFYING_PRACTICE,5720763,6387|5720763|2024|17,6387|5720763|2024|33,2024|17,2024|33,ARROW_MCLAREN_SPM,ED_CARPENTER_RACING,A_ONLY,A_ONLY,148.75950026512146,BETWEEN_GT5,4,49.0,2,TIER2_EXTENDED
DIFF_TEAM,6387,2024,2023_2024_PRIMARY,POST_QUALIFYING_PRACTICE,5720763,6387|5720763|2024|17,6387|5720763|2024|78,2024|17,2024|78,ARROW_MCLAREN_SPM,JUNCOS_HOLLINGER_RACING,A_ONLY,A_ONLY,148.75950026512146,BETWEEN_GT5,4,44.0,2,TIER2_EXTENDED
DIFF_TEAM,6387,2024,2023_2024_PRIMARY,POST_QUALIFYING_PRACTICE,5720763,6387|5720763|2024|17,6387|5720763|2024|9,2024|17,2024|9,ARROW_MCLAREN_SPM,CHIP_GANASSI_RACING,A_ONLY,A_ONLY,20.838500022888184,SAME_UPDATE,0,0.0,2,TIER2_EXTENDED
DIFF_TEAM,6387,2024,2023_2024_PRIMARY,POST_QUALIFYING_PRACTICE,5720763,6387|5720763|2024|17,6387|5720763|2024|98,2024|17,2024|98,ARROW_MCLAREN_SPM,ANDRETTI,A_ONLY,A_ONLY,27.498000144958496,BETWEEN_GT5,4,6.0,2,TIER2_EXTENDED
SAME_TEAM,6387,2024,2023_2024_PRIMARY,POST_QUALIFYING_PRACTICE,5720763,6387|5720763|2024|21,6387|5720763|2024|33,2024|21,2024|33,ED_CARPENTER_RACING,ED_CARPENTER_RACING,A_ONLY,A_ONLY,86.55500030517578,BETWEEN_GT5,4,16.5,2,TIER2_EXTENDED
DIFF_TEAM,6387,2024,2023_2024_PRIMARY,POST_QUALIFYING_PRACTICE,5720763,6387|5720763|2024|21,6387|5720763|2024|78,2024|21,2024|78,ED_CARPENTER_RACING,JUNCOS_HOLLINGER_RACING,A_ONLY,A_ONLY,86.55500030517578,BETWEEN_GT5,4,14.0,2,TIER2_EXTENDED
DIFF_TEAM,6387,2024,2023_2024_PRIMARY,POST_QUALIFYING_PRACTICE,5720763,6387|5720763|2024|21,6387|5720763|2024|9,2024|21,2024|9,ED_CARPENTER_RACING,CHIP_GANASSI_RACING,A_ONLY,A_ONLY,41.365999937057495,SAME_UPDATE,0,0.0,2,TIER2_EXTENDED
DIFF_TEAM,6387,2024,2023_2024_PRIMARY,POST_QUALIFYING_PRACTICE,5720763,6387|5720763|2024|21,6387|5720763|2024|98,2024|21,2024|98,ED_CARPENTER_RACING,ANDRETTI,A_ONLY,A_ONLY,34.70649981498718,BETWEEN_GT5,4,6.0,2,TIER2_EXTENDED
DIFF_TEAM,6387,2024,2023_2024_PRIMARY,POST_QUALIFYING_PRACTICE,5720763,6387|5720763|2024|33,6387|5720763|2024|78,2024|33,2024|78,ED_CARPENTER_RACING,JUNCOS_HOLLINGER_RACING,A_ONLY,A_ONLY,0.0,SAME_UPDATE,0,0.0,2,TIER2_EXTENDED
DIFF_TEAM,6387,2024,2023_2024_PRIMARY,POST_QUALIFYING_PRACTICE,5720763,6387|5720763|2024|33,6387|5720763|2024|9,2024|33,2024|9,ED_CARPENTER_RACING,CHIP_GANASSI_RACING,A_ONLY,A_ONLY,127.92100024223328,BETWEEN_GT5,4,34.5,2,TIER2_EXTENDED
DIFF_TEAM,6387,2024,2023_2024_PRIMARY,POST_QUALIFYING_PRACTICE,5720763,6387|5720763|2024|33,6387|5720763|2024|98,2024|33,2024|98,ED_CARPENTER_RACING,ANDRETTI,A_ONLY,A_ONLY,121.26150012016296,BETWEEN_GT5,4,24.5,2,TIER2_EXTENDED
DIFF_TEAM,6387,2024,2023_2024_PRIMARY,POST_QUALIFYING_PRACTICE,5720763,6387|5720763|2024|78,6387|5720763|2024|9,2024|78,2024|9,JUNCOS_HOLLINGER_RACING,CHIP_GANASSI_RACING,A_ONLY,A_ONLY,127.92100024223328,BETWEEN_GT5,4,34.5,2,TIER2_EXTENDED
DIFF_TEAM,6387,2024,2023_2024_PRIMARY,POST_QUALIFYING_PRACTICE,5720763,6387|5720763|2024|78,6387|5720763|2024|98,2024|78,2024|98,JUNCOS_HOLLINGER_RACING,ANDRETTI,A_ONLY,A_ONLY,121.26150012016296,BETWEEN_GT5,4,24.5,2,TIER2_EXTENDED
DIFF_TEAM,6387,2024,2023_2024_PRIMARY,POST_QUALIFYING_PRACTICE,5720763,6387|5720763|2024|9,6387|5720763|2024|98,2024|9,2024|98,CHIP_GANASSI_RACING,ANDRETTI,A_ONLY,A_ONLY,6.6595001220703125,BETWEEN_GT5,4,7.0,2,TIER2_EXTENDED
SAME_TEAM,6387,2024,2023_2024_PRIMARY,POST_QUALIFYING_PRACTICE,5720764,6387|5720764|2024|21,6387|5720764|2024|33,2024|21,2024|33,ED_CARPENTER_RACING,ED_CARPENTER_RACING,B_ONLY,A_ONLY,79.12299990653992,BETWEEN_GT5,4,18.5,1,TIER2_EXTENDED
DIFF_TEAM,6387,2024,2023_2024_PRIMARY,POST_QUALIFYING_PRACTICE,5720765,6387|5720765|2024|12,6387|5720765|2024|26,2024|12,2024|26,TEAM_PENSKE,ANDRETTI,MIXED_AB,A_ONLY,20.795499801635742,SAME_UPDATE,0,0.0,2,TIER2_EXTENDED
DIFF_TEAM,6387,2024,2023_2024_PRIMARY,POST_QUALIFYING_PRACTICE,5720766,6387|5720766|2024|10,6387|5720766|2024|14,2024|10,2024|14,CHIP_GANASSI_RACING,AJ_FOYT,B_ONLY,A_ONLY,56.532999992370605,BETWEEN_1_2,2,2.0,2,TIER2_EXTENDED
DIFF_TEAM,6387,2024,2023_2024_PRIMARY,POST_QUALIFYING_PRACTICE,5720766,6387|5720766|2024|10,6387|5720766|2024|41,2024|10,2024|41,CHIP_GANASSI_RACING,AJ_FOYT,B_ONLY,A_ONLY,16.395000219345093,BETWEEN_GT5,4,10.0,2,TIER2_EXTENDED
DIFF_TEAM,6387,2024,2023_2024_PRIMARY,POST_QUALIFYING_PRACTICE,5720766,6387|5720766|2024|10,6387|5720766|2024|75,2024|10,2024|75,CHIP_GANASSI_RACING,RAHAL_LETTERMAN_LANIGAN,B_ONLY,MIXED_AB,32.72199988365173,BETWEEN_3_5,3,4.0,2,TIER2_EXTENDED
SAME_TEAM,6387,2024,2023_2024_PRIMARY,POST_QUALIFYING_PRACTICE,5720766,6387|5720766|2024|14,6387|5720766|2024|41,2024|14,2024|41,AJ_FOYT,AJ_FOYT,A_ONLY,A_ONLY,72.9280002117157,BETWEEN_GT5,4,27.5,2,TIER2_EXTENDED
DIFF_TEAM,6387,2024,2023_2024_PRIMARY,POST_QUALIFYING_PRACTICE,5720766,6387|5720766|2024|14,6387|5720766|2024|75,2024|14,2024|75,AJ_FOYT,RAHAL_LETTERMAN_LANIGAN,A_ONLY,MIXED_AB,23.811000108718872,CONSECUTIVE,1,0.5,2,TIER2_EXTENDED
DIFF_TEAM,6387,2024,2023_2024_PRIMARY,POST_QUALIFYING_PRACTICE,5720766,6387|5720766|2024|41,6387|5720766|2024|75,2024|41,2024|75,AJ_FOYT,RAHAL_LETTERMAN_LANIGAN,A_ONLY,MIXED_AB,49.117000102996826,BETWEEN_3_5,3,4.0,2,TIER2_EXTENDED
DIFF_TEAM,6387,2024,2023_2024_PRIMARY,POST_QUALIFYING_PRACTICE,5720767,6387|5720767|2024|10,6387|5720767|2024|12,2024|10,2024|12,CHIP_GANASSI_RACING,TEAM_PENSKE,MIXED_AB,B_ONLY,61.26449990272522,SAME_UPDATE,0,0.0,1,TIER2_EXTENDED
DIFF_TEAM,6387,2024,2023_2024_PRIMARY,POST_QUALIFYING_PRACTICE,5720767,6387|5720767|2024|10,6387|5720767|2024|14,2024|10,2024|14,CHIP_GANASSI_RACING,AJ_FOYT,MIXED_AB,MIXED_AB,78.1965000629425,BETWEEN_GT5,4,16.0,1,TIER2_EXTENDED
DIFF_TEAM,6387,2024,2023_2024_PRIMARY,POST_QUALIFYING_PRACTICE,5720767,6387|5720767|2024|10,6387|5720767|2024|41,2024|10,2024|41,CHIP_GANASSI_RACING,AJ_FOYT,MIXED_AB,A_ONLY,46.446500062942505,BETWEEN_GT5,4,8.0,1,TIER2_EXTENDED
DIFF_TEAM,6387,2024,2023_2024_PRIMARY,POST_QUALIFYING_PRACTICE,5720767,6387|5720767|2024|10,6387|5720767|2024|45,2024|10,2024|45,CHIP_GANASSI_RACING,RAHAL_LETTERMAN_LANIGAN,MIXED_AB,A_ONLY,147.59850001335144,BETWEEN_GT5,4,46.5,1,TIER2_EXTENDED
DIFF_TEAM,6387,2024,2023_2024_PRIMARY,POST_QUALIFYING_PRACTICE,5720767,6387|5720767|2024|10,6387|5720767|2024|75,2024|10,2024|75,CHIP_GANASSI_RACING,RAHAL_LETTERMAN_LANIGAN,MIXED_AB,A_ONLY,56.2095000743866,BETWEEN_3_5,3,5.5,1,TIER2_EXTENDED
SAME_TEAM,6387,2024,2023_2024_PRIMARY,POST_QUALIFYING_PRACTICE,5720767,6387|5720767|2024|10,6387|5720767|2024|8,2024|10,2024|8,CHIP_GANASSI_RACING,CHIP_GANASSI_RACING,MIXED_AB,A_ONLY,30.965500116348267,BETWEEN_3_5,3,5.5,1,TIER2_EXTENDED
DIFF_TEAM,6387,2024,2023_2024_PRIMARY,POST_QUALIFYING_PRACTICE,5720767,6387|5720767|2024|12,6387|5720767|2024|14,2024|12,2024|14,TEAM_PENSKE,AJ_FOYT,B_ONLY,MIXED_AB,139.46099996566772,BETWEEN_GT5,4,38.0,1,TIER2_EXTENDED
DIFF_TEAM,6387,2024,2023_2024_PRIMARY,POST_QUALIFYING_PRACTICE,5720767,6387|5720767|2024|12,6387|5720767|2024|41,2024|12,2024|41,TEAM_PENSKE,AJ_FOYT,B_ONLY,A_ONLY,107.71099996566772,BETWEEN_GT5,4,18.0,1,TIER2_EXTENDED
DIFF_TEAM,6387,2024,2023_2024_PRIMARY,POST_QUALIFYING_PRACTICE,5720767,6387|5720767|2024|12,6387|5720767|2024|45,2024|12,2024|45,TEAM_PENSKE,RAHAL_LETTERMAN_LANIGAN,B_ONLY,A_ONLY,86.33400011062622,BETWEEN_GT5,4,27.0,1,TIER2_EXTENDED
DIFF_TEAM,6387,2024,2023_2024_PRIMARY,POST_QUALIFYING_PRACTICE,5720767,6387|5720767|2024|12,6387|5720767|2024|75,2024|12,2024|75,TEAM_PENSKE,RAHAL_LETTERMAN_LANIGAN,B_ONLY,A_ONLY,117.47399997711182,BETWEEN_GT5,4,21.0,1,TIER2_EXTENDED
DIFF_TEAM,6387,2024,2023_2024_PRIMARY,POST_QUALIFYING_PRACTICE,5720767,6387|5720767|2024|12,6387|5720767|2024|8,2024|12,2024|8,TEAM_PENSKE,CHIP_GANASSI_RACING,B_ONLY,A_ONLY,92.23000001907349,BETWEEN_3_5,3,5.0,1,TIER2_EXTENDED
SAME_TEAM,6387,2024,2023_2024_PRIMARY,POST_QUALIFYING_PRACTICE,5720767,6387|5720767|2024|14,6387|5720767|2024|41,2024|14,2024|41,AJ_FOYT,AJ_FOYT,MIXED_AB,A_ONLY,31.75,BETWEEN_3_5,3,3.5,1,TIER2_EXTENDED
DIFF_TEAM,6387,2024,2023_2024_PRIMARY,POST_QUALIFYING_PRACTICE,5720767,6387|5720767|2024|14,6387|5720767|2024|45,2024|14,2024|45,AJ_FOYT,RAHAL_LETTERMAN_LANIGAN,MIXED_AB,A_ONLY,225.79500007629395,BETWEEN_GT5,4,73.0,1,TIER2_EXTENDED
DIFF_TEAM,6387,2024,2023_2024_PRIMARY,POST_QUALIFYING_PRACTICE,5720767,6387|5720767|2024|14,6387|5720767|2024|75,2024|14,2024|75,AJ_FOYT,RAHAL_LETTERMAN_LANIGAN,MIXED_AB,A_ONLY,21.986999988555908,CONSECUTIVE,1,0.0,1,TIER2_EXTENDED
DIFF_TEAM,6387,2024,2023_2024_PRIMARY,POST_QUALIFYING_PRACTICE,5720767,6387|5720767|2024|14,6387|5720767|2024|8,2024|14,2024|8,AJ_FOYT,CHIP_GANASSI_RACING,MIXED_AB,A_ONLY,47.23099994659424,BETWEEN_1_2,2,1.5,1,TIER2_EXTENDED
DIFF_TEAM,6387,2024,2023_2024_PRIMARY,POST_QUALIFYING_PRACTICE,5720767,6387|5720767|2024|41,6387|5720767|2024|45,2024|41,2024|45,AJ_FOYT,RAHAL_LETTERMAN_LANIGAN,A_ONLY,A_ONLY,194.04500007629395,BETWEEN_GT5,4,62.0,1,TIER2_EXTENDED
DIFF_TEAM,6387,2024,2023_2024_PRIMARY,POST_QUALIFYING_PRACTICE,5720767,6387|5720767|2024|41,6387|5720767|2024|75,2024|41,2024|75,AJ_FOYT,RAHAL_LETTERMAN_LANIGAN,A_ONLY,A_ONLY,9.763000011444092,BETWEEN_1_2,2,2.0,1,TIER2_EXTENDED
DIFF_TEAM,6387,2024,2023_2024_PRIMARY,POST_QUALIFYING_PRACTICE,5720767,6387|5720767|2024|41,6387|5720767|2024|8,2024|41,2024|8,AJ_FOYT,CHIP_GANASSI_RACING,A_ONLY,A_ONLY,15.480999946594238,CONSECUTIVE,1,0.0,1,TIER2_EXTENDED
SAME_TEAM,6387,2024,2023_2024_PRIMARY,POST_QUALIFYING_PRACTICE,5720767,6387|5720767|2024|45,6387|5720767|2024|75,2024|45,2024|75,RAHAL_LETTERMAN_LANIGAN,RAHAL_LETTERMAN_LANIGAN,A_ONLY,A_ONLY,203.80800008773804,BETWEEN_GT5,4,50.0,1,TIER2_EXTENDED
DIFF_TEAM,6387,2024,2023_2024_PRIMARY,POST_QUALIFYING_PRACTICE,5720767,6387|5720767|2024|45,6387|5720767|2024|8,2024|45,2024|8,RAHAL_LETTERMAN_LANIGAN,CHIP_GANASSI_RACING,A_ONLY,A_ONLY,178.5640001296997,BETWEEN_GT5,4,34.0,1,TIER2_EXTENDED
DIFF_TEAM,6387,2024,2023_2024_PRIMARY,POST_QUALIFYING_PRACTICE,5720767,6387|5720767|2024|75,6387|5720767|2024|8,2024|75,2024|8,RAHAL_LETTERMAN_LANIGAN,CHIP_GANASSI_RACING,A_ONLY,A_ONLY,25.24399995803833,BETWEEN_1_2,2,1.0,1,TIER2_EXTENDED
DIFF_TEAM,6387,2024,2023_2024_PRIMARY,POST_QUALIFYING_PRACTICE,5720768,6387|5720768|2024|11,6387|5720768|2024|20,2024|11,2024|20,CHIP_GANASSI_RACING,ED_CARPENTER_RACING,A_ONLY,A_ONLY,37.45549988746643,CONSECUTIVE,1,3.0,2,TIER2_EXTENDED
DIFF_TEAM,6387,2024,2023_2024_PRIMARY,POST_QUALIFYING_PRACTICE,5720768,6387|5720768|2024|11,6387|5720768|2024|23,2024|11,2024|23,CHIP_GANASSI_RACING,DREYER_REINBOLD_RACING,A_ONLY,A_ONLY,44.08750009536743,BETWEEN_1_2,2,2.0,2,TIER2_EXTENDED
DIFF_TEAM,6387,2024,2023_2024_PRIMARY,POST_QUALIFYING_PRACTICE,5720768,6387|5720768|2024|11,6387|5720768|2024|33,2024|11,2024|33,CHIP_GANASSI_RACING,ED_CARPENTER_RACING,A_ONLY,B_ONLY,127.3180000782013,BETWEEN_GT5,4,22.5,2,TIER2_EXTENDED
DIFF_TEAM,6387,2024,2023_2024_PRIMARY,POST_QUALIFYING_PRACTICE,5720768,6387|5720768|2024|11,6387|5720768|2024|45,2024|11,2024|45,CHIP_GANASSI_RACING,RAHAL_LETTERMAN_LANIGAN,A_ONLY,A_ONLY,146.87750005722046,BETWEEN_GT5,4,36.5,2,TIER2_EXTENDED
DIFF_TEAM,6387,2024,2023_2024_PRIMARY,POST_QUALIFYING_PRACTICE,5720768,6387|5720768|2024|11,6387|5720768|2024|66,2024|11,2024|66,CHIP_GANASSI_RACING,MEYER_SHANK_RACING,A_ONLY,A_ONLY,22.797499895095825,BETWEEN_1_2,2,1.0,2,TIER2_EXTENDED
DIFF_TEAM,6387,2024,2023_2024_PRIMARY,POST_QUALIFYING_PRACTICE,5720768,6387|5720768|2024|11,6387|5720768|2024|7,2024|11,2024|7,CHIP_GANASSI_RACING,ARROW_MCLAREN_SPM,A_ONLY,A_ONLY,129.76850008964539,BETWEEN_GT5,4,25.5,2,TIER2_EXTENDED
DIFF_TEAM,6387,2024,2023_2024_PRIMARY,POST_QUALIFYING_PRACTICE,5720768,6387|5720768|2024|20,6387|5720768|2024|23,2024|20,2024|23,ED_CARPENTER_RACING,DREYER_REINBOLD_RACING,A_ONLY,A_ONLY,81.54299998283386,SAME_UPDATE,0,7.0,2,TIER2_EXTENDED
SAME_TEAM,6387,2024,2023_2024_PRIMARY,POST_QUALIFYING_PRACTICE,5720768,6387|5720768|2024|20,6387|5720768|2024|33,2024|20,2024|33,ED_CARPENTER_RACING,ED_CARPENTER_RACING,A_ONLY,B_ONLY,164.77349996566772,BETWEEN_GT5,4,34.0,2,TIER2_EXTENDED
DIFF_TEAM,6387,2024,2023_2024_PRIMARY,POST_QUALIFYING_PRACTICE,5720768,6387|5720768|2024|20,6387|5720768|2024|45,2024|20,2024|45,ED_CARPENTER_RACING,RAHAL_LETTERMAN_LANIGAN,A_ONLY,A_ONLY,184.3329999446869,BETWEEN_GT5,4,48.0,2,TIER2_EXTENDED
DIFF_TEAM,6387,2024,2023_2024_PRIMARY,POST_QUALIFYING_PRACTICE,5720768,6387|5720768|2024|20,6387|5720768|2024|66,2024|20,2024|66,ED_CARPENTER_RACING,MEYER_SHANK_RACING,A_ONLY,A_ONLY,14.657999992370605,BETWEEN_3_5,3,3.5,2,TIER2_EXTENDED
DIFF_TEAM,6387,2024,2023_2024_PRIMARY,POST_QUALIFYING_PRACTICE,5720768,6387|5720768|2024|20,6387|5720768|2024|7,2024|20,2024|7,ED_CARPENTER_RACING,ARROW_MCLAREN_SPM,A_ONLY,A_ONLY,167.22399997711182,BETWEEN_GT5,4,37.0,2,TIER2_EXTENDED
DIFF_TEAM,6387,2024,2023_2024_PRIMARY,POST_QUALIFYING_PRACTICE,5720768,6387|5720768|2024|23,6387|5720768|2024|33,2024|23,2024|33,DREYER_REINBOLD_RACING,ED_CARPENTER_RACING,A_ONLY,B_ONLY,83.23049998283386,CONSECUTIVE,1,5.0,2,TIER2_EXTENDED
DIFF_TEAM,6387,2024,2023_2024_PRIMARY,POST_QUALIFYING_PRACTICE,5720768,6387|5720768|2024|23,6387|5720768|2024|45,2024|23,2024|45,DREYER_REINBOLD_RACING,RAHAL_LETTERMAN_LANIGAN,A_ONLY,A_ONLY,102.78999996185303,BETWEEN_GT5,4,19.0,2,TIER2_EXTENDED
DIFF_TEAM,6387,2024,2023_2024_PRIMARY,POST_QUALIFYING_PRACTICE,5720768,6387|5720768|2024|23,6387|5720768|2024|66,2024|23,2024|66,DREYER_REINBOLD_RACING,MEYER_SHANK_RACING,A_ONLY,A_ONLY,66.88499999046326,BETWEEN_3_5,3,9.0,2,TIER2_EXTENDED
DIFF_TEAM,6387,2024,2023_2024_PRIMARY,POST_QUALIFYING_PRACTICE,5720768,6387|5720768|2024|23,6387|5720768|2024|7,2024|23,2024|7,DREYER_REINBOLD_RACING,ARROW_MCLAREN_SPM,A_ONLY,A_ONLY,85.68099999427795,BETWEEN_3_5,3,8.5,2,TIER2_EXTENDED
DIFF_TEAM,6387,2024,2023_2024_PRIMARY,POST_QUALIFYING_PRACTICE,5720768,6387|5720768|2024|33,6387|5720768|2024|45,2024|33,2024|45,ED_CARPENTER_RACING,RAHAL_LETTERMAN_LANIGAN,B_ONLY,A_ONLY,19.559499979019165,CONSECUTIVE,1,0.0,2,TIER2_EXTENDED
DIFF_TEAM,6387,2024,2023_2024_PRIMARY,POST_QUALIFYING_PRACTICE,5720768,6387|5720768|2024|33,6387|5720768|2024|66,2024|33,2024|66,ED_CARPENTER_RACING,MEYER_SHANK_RACING,B_ONLY,A_ONLY,150.11549997329712,BETWEEN_GT5,4,38.5,2,TIER2_EXTENDED
DIFF_TEAM,6387,2024,2023_2024_PRIMARY,POST_QUALIFYING_PRACTICE,5720768,6387|5720768|2024|33,6387|5720768|2024|7,2024|33,2024|7,ED_CARPENTER_RACING,ARROW_MCLAREN_SPM,B_ONLY,A_ONLY,2.450500011444092,CONSECUTIVE,1,0.0,2,TIER2_EXTENDED
DIFF_TEAM,6387,2024,2023_2024_PRIMARY,POST_QUALIFYING_PRACTICE,5720768,6387|5720768|2024|45,6387|5720768|2024|66,2024|45,2024|66,RAHAL_LETTERMAN_LANIGAN,MEYER_SHANK_RACING,A_ONLY,A_ONLY,169.67499995231628,BETWEEN_GT5,4,45.0,2,TIER2_EXTENDED
DIFF_TEAM,6387,2024,2023_2024_PRIMARY,POST_QUALIFYING_PRACTICE,5720768,6387|5720768|2024|45,6387|5720768|2024|7,2024|45,2024|7,RAHAL_LETTERMAN_LANIGAN,ARROW_MCLAREN_SPM,A_ONLY,A_ONLY,17.108999967575073,BETWEEN_1_2,2,2.0,2,TIER2_EXTENDED
DIFF_TEAM,6387,2024,2023_2024_PRIMARY,POST_QUALIFYING_PRACTICE,5720768,6387|5720768|2024|66,6387|5720768|2024|7,2024|66,2024|7,MEYER_SHANK_RACING,ARROW_MCLAREN_SPM,A_ONLY,A_ONLY,152.5659999847412,BETWEEN_GT5,4,35.0,2,TIER2_EXTENDED
SAME_TEAM,6387,2024,2023_2024_PRIMARY,POST_QUALIFYING_PRACTICE,5720769,6387|5720769|2024|20,6387|5720769|2024|21,2024|20,2024|21,ED_CARPENTER_RACING,ED_CARPENTER_RACING,A_ONLY,B_ONLY,248.91200017929077,BETWEEN_GT5,4,120.0,2,TIER2_EXTENDED
DIFF_TEAM,6387,2024,2023_2024_PRIMARY,POST_QUALIFYING_PRACTICE,5720769,6387|5720769|2024|20,6387|5720769|2024|51,2024|20,2024|51,ED_CARPENTER_RACING,DALE_COYNE_RACING,A_ONLY,A_ONLY,217.08750009536743,BETWEEN_GT5,4,94.0,2,TIER2_EXTENDED
DIFF_TEAM,6387,2024,2023_2024_PRIMARY,POST_QUALIFYING_PRACTICE,5720769,6387|5720769|2024|20,6387|5720769|2024|66,2024|20,2024|66,ED_CARPENTER_RACING,MEYER_SHANK_RACING,A_ONLY,A_ONLY,17.156999826431274,CONSECUTIVE,1,4.0,2,TIER2_EXTENDED
DIFF_TEAM,6387,2024,2023_2024_PRIMARY,POST_QUALIFYING_PRACTICE,5720769,6387|5720769|2024|20,6387|5720769|2024|77,2024|20,2024|77,ED_CARPENTER_RACING,JUNCOS_HOLLINGER_RACING,A_ONLY,A_ONLY,173.85349988937378,BETWEEN_GT5,4,50.0,2,TIER2_EXTENDED
DIFF_TEAM,6387,2024,2023_2024_PRIMARY,POST_QUALIFYING_PRACTICE,5720769,6387|5720769|2024|21,6387|5720769|2024|51,2024|21,2024|51,ED_CARPENTER_RACING,DALE_COYNE_RACING,B_ONLY,A_ONLY,31.82450008392334,BETWEEN_3_5,3,3.0,2,TIER2_EXTENDED
DIFF_TEAM,6387,2024,2023_2024_PRIMARY,POST_QUALIFYING_PRACTICE,5720769,6387|5720769|2024|21,6387|5720769|2024|66,2024|21,2024|66,ED_CARPENTER_RACING,MEYER_SHANK_RACING,B_ONLY,A_ONLY,266.06900000572205,BETWEEN_GT5,4,122.0,2,TIER2_EXTENDED
DIFF_TEAM,6387,2024,2023_2024_PRIMARY,POST_QUALIFYING_PRACTICE,5720769,6387|5720769|2024|21,6387|5720769|2024|77,2024|21,2024|77,ED_CARPENTER_RACING,JUNCOS_HOLLINGER_RACING,B_ONLY,A_ONLY,75.05850028991699,BETWEEN_GT5,4,6.0,2,TIER2_EXTENDED
DIFF_TEAM,6387,2024,2023_2024_PRIMARY,POST_QUALIFYING_PRACTICE,5720769,6387|5720769|2024|51,6387|5720769|2024|66,2024|51,2024|66,DALE_COYNE_RACING,MEYER_SHANK_RACING,A_ONLY,A_ONLY,234.2444999217987,BETWEEN_GT5,4,106.5,2,TIER2_EXTENDED
DIFF_TEAM,6387,2024,2023_2024_PRIMARY,POST_QUALIFYING_PRACTICE,5720769,6387|5720769|2024|51,6387|5720769|2024|77,2024|51,2024|77,DALE_COYNE_RACING,JUNCOS_HOLLINGER_RACING,A_ONLY,A_ONLY,43.23400020599365,CONSECUTIVE,1,0.5,2,TIER2_EXTENDED
DIFF_TEAM,6387,2024,2023_2024_PRIMARY,POST_QUALIFYING_PRACTICE,5720769,6387|5720769|2024|66,6387|5720769|2024|77,2024|66,2024|77,MEYER_SHANK_RACING,JUNCOS_HOLLINGER_RACING,A_ONLY,A_ONLY,191.01049971580505,BETWEEN_GT5,4,52.0,2,TIER2_EXTENDED
DIFF_TEAM,6387,2024,2023_2024_PRIMARY,POST_QUALIFYING_PRACTICE,5720770,6387|5720770|2024|21,6387|5720770|2024|30,2024|21,2024|30,ED_CARPENTER_RACING,RAHAL_LETTERMAN_LANIGAN,MIXED_AB,A_ONLY,126.30049991607666,BETWEEN_GT5,4,19.0,1,TIER2_EXTENDED
DIFF_TEAM,6387,2024,2023_2024_PRIMARY,POST_QUALIFYING_PRACTICE,5720770,6387|5720770|2024|21,6387|5720770|2024|51,2024|21,2024|51,ED_CARPENTER_RACING,DALE_COYNE_RACING,MIXED_AB,A_ONLY,75.00250005722046,BETWEEN_GT5,4,20.0,1,TIER2_EXTENDED
DIFF_TEAM,6387,2024,2023_2024_PRIMARY,POST_QUALIFYING_PRACTICE,5720770,6387|5720770|2024|21,6387|5720770|2024|6,2024|21,2024|6,ED_CARPENTER_RACING,ARROW_MCLAREN_SPM,MIXED_AB,A_ONLY,104.31200003623962,BETWEEN_GT5,4,7.0,1,TIER2_EXTENDED
DIFF_TEAM,6387,2024,2023_2024_PRIMARY,POST_QUALIFYING_PRACTICE,5720770,6387|5720770|2024|21,6387|5720770|2024|77,2024|21,2024|77,ED_CARPENTER_RACING,JUNCOS_HOLLINGER_RACING,MIXED_AB,B_ONLY,127.93050003051758,BETWEEN_GT5,4,20.0,1,TIER2_EXTENDED
DIFF_TEAM,6387,2024,2023_2024_PRIMARY,POST_QUALIFYING_PRACTICE,5720770,6387|5720770|2024|30,6387|5720770|2024|51,2024|30,2024|51,RAHAL_LETTERMAN_LANIGAN,DALE_COYNE_RACING,A_ONLY,A_ONLY,201.30299997329712,BETWEEN_GT5,4,62.5,1,TIER2_EXTENDED
DIFF_TEAM,6387,2024,2023_2024_PRIMARY,POST_QUALIFYING_PRACTICE,5720770,6387|5720770|2024|30,6387|5720770|2024|6,2024|30,2024|6,RAHAL_LETTERMAN_LANIGAN,ARROW_MCLAREN_SPM,A_ONLY,A_ONLY,21.988499879837036,CONSECUTIVE,1,0.0,1,TIER2_EXTENDED
DIFF_TEAM,6387,2024,2023_2024_PRIMARY,POST_QUALIFYING_PRACTICE,5720770,6387|5720770|2024|30,6387|5720770|2024|77,2024|30,2024|77,RAHAL_LETTERMAN_LANIGAN,JUNCOS_HOLLINGER_RACING,A_ONLY,B_ONLY,1.630000114440918,CONSECUTIVE,1,0.0,1,TIER2_EXTENDED
DIFF_TEAM,6387,2024,2023_2024_PRIMARY,POST_QUALIFYING_PRACTICE,5720770,6387|5720770|2024|51,6387|5720770|2024|6,2024|51,2024|6,DALE_COYNE_RACING,ARROW_MCLAREN_SPM,A_ONLY,A_ONLY,179.31450009346008,BETWEEN_GT5,4,37.0,1,TIER2_EXTENDED
DIFF_TEAM,6387,2024,2023_2024_PRIMARY,POST_QUALIFYING_PRACTICE,5720770,6387|5720770|2024|51,6387|5720770|2024|77,2024|51,2024|77,DALE_COYNE_RACING,JUNCOS_HOLLINGER_RACING,A_ONLY,B_ONLY,202.93300008773804,BETWEEN_GT5,4,52.0,1,TIER2_EXTENDED
DIFF_TEAM,6387,2024,2023_2024_PRIMARY,POST_QUALIFYING_PRACTICE,5720770,6387|5720770|2024|6,6387|5720770|2024|77,2024|6,2024|77,ARROW_MCLAREN_SPM,JUNCOS_HOLLINGER_RACING,A_ONLY,B_ONLY,23.618499994277954,BETWEEN_1_2,2,1.0,1,TIER2_EXTENDED
DIFF_TEAM,6388,2024,2023_2024_PRIMARY,CARB_DAY,5721877,6388|5721877|2024|20,6388|5721877|2024|26,2024|20,2024|26,ED_CARPENTER_RACING,ANDRETTI,B_ONLY,B_ONLY,3.2980000972747803,CONSECUTIVE,1,0.0,1,TIER2_EXTENDED
DIFF_TEAM,6388,2024,2023_2024_PRIMARY,CARB_DAY,5721877,6388|5721877|2024|20,6388|5721877|2024|28,2024|20,2024|28,ED_CARPENTER_RACING,ANDRETTI,B_ONLY,A_ONLY,0.0,SAME_UPDATE,0,0.0,1,TIER2_EXTENDED
SAME_TEAM,6388,2024,2023_2024_PRIMARY,CARB_DAY,5721877,6388|5721877|2024|26,6388|5721877|2024|28,2024|26,2024|28,ANDRETTI,ANDRETTI,B_ONLY,A_ONLY,3.2980000972747803,CONSECUTIVE,1,0.0,1,TIER2_EXTENDED
DIFF_TEAM,6388,2024,2023_2024_PRIMARY,CARB_DAY,5721878,6388|5721878|2024|10,6388|5721878|2024|17,2024|10,2024|17,CHIP_GANASSI_RACING,ARROW_MCLAREN_SPM,A_ONLY,A_ONLY,20.65000009536743,SAME_UPDATE,0,0.0,2,TIER2_EXTENDED
DIFF_TEAM,6388,2024,2023_2024_PRIMARY,CARB_DAY,5721878,6388|5721878|2024|10,6388|5721878|2024|20,2024|10,2024|20,CHIP_GANASSI_RACING,ED_CARPENTER_RACING,A_ONLY,B_ONLY,138.37299990653992,BETWEEN_GT5,4,54.5,2,TIER2_EXTENDED
DIFF_TEAM,6388,2024,2023_2024_PRIMARY,CARB_DAY,5721878,6388|5721878|2024|10,6388|5721878|2024|21,2024|10,2024|21,CHIP_GANASSI_RACING,ED_CARPENTER_RACING,A_ONLY,A_ONLY,121.01949977874756,BETWEEN_GT5,4,33.5,2,TIER2_EXTENDED
DIFF_TEAM,6388,2024,2023_2024_PRIMARY,CARB_DAY,5721878,6388|5721878|2024|10,6388|5721878|2024|24,2024|10,2024|24,CHIP_GANASSI_RACING,DREYER_REINBOLD_RACING,A_ONLY,A_ONLY,21.47249984741211,BETWEEN_GT5,4,18.0,2,TIER2_EXTENDED
DIFF_TEAM,6388,2024,2023_2024_PRIMARY,CARB_DAY,5721878,6388|5721878|2024|10,6388|5721878|2024|26,2024|10,2024|26,CHIP_GANASSI_RACING,ANDRETTI,A_ONLY,B_ONLY,138.37299990653992,BETWEEN_GT5,4,56.5,2,TIER2_EXTENDED
DIFF_TEAM,6388,2024,2023_2024_PRIMARY,CARB_DAY,5721878,6388|5721878|2024|10,6388|5721878|2024|27,2024|10,2024|27,CHIP_GANASSI_RACING,ANDRETTI,A_ONLY,B_ONLY,23.951000213623047,BETWEEN_3_5,3,6.0,2,TIER2_EXTENDED
DIFF_TEAM,6388,2024,2023_2024_PRIMARY,CARB_DAY,5721878,6388|5721878|2024|10,6388|5721878|2024|28,2024|10,2024|28,CHIP_GANASSI_RACING,ANDRETTI,A_ONLY,A_ONLY,138.37299990653992,BETWEEN_GT5,4,56.5,2,TIER2_EXTENDED
DIFF_TEAM,6388,2024,2023_2024_PRIMARY,CARB_DAY,5721878,6388|5721878|2024|10,6388|5721878|2024|30,2024|10,2024|30,CHIP_GANASSI_RACING,RAHAL_LETTERMAN_LANIGAN,A_ONLY,A_ONLY,37.16799998283386,BETWEEN_GT5,4,18.0,2,TIER2_EXTENDED
DIFF_TEAM,6388,2024,2023_2024_PRIMARY,CARB_DAY,5721878,6388|5721878|2024|10,6388|5721878|2024|33,2024|10,2024|33,CHIP_GANASSI_RACING,ED_CARPENTER_RACING,A_ONLY,A_ONLY,98.51049995422363,BETWEEN_1_2,2,14.0,2,TIER2_EXTENDED
DIFF_TEAM,6388,2024,2023_2024_PRIMARY,CARB_DAY,5721878,6388|5721878|2024|10,6388|5721878|2024|41,2024|10,2024|41,CHIP_GANASSI_RACING,AJ_FOYT,A_ONLY,B_ONLY,73.49200010299683,BETWEEN_GT5,4,49.5,2,TIER2_EXTENDED
DIFF_TEAM,6388,2024,2023_2024_PRIMARY,CARB_DAY,5721878,6388|5721878|2024|10,6388|5721878|2024|51,2024|10,2024|51,CHIP_GANASSI_RACING,DALE_COYNE_RACING,A_ONLY,MIXED_AB,33.03999996185303,BETWEEN_GT5,4,9.0,2,TIER2_EXTENDED
DIFF_TEAM,6388,2024,2023_2024_PRIMARY,CARB_DAY,5721878,6388|5721878|2024|10,6388|5721878|2024|60,2024|10,2024|60,CHIP_GANASSI_RACING,MEYER_SHANK_RACING,A_ONLY,A_ONLY,32.218000173568726,BETWEEN_GT5,4,12.0,2,TIER2_EXTENDED
DIFF_TEAM,6388,2024,2023_2024_PRIMARY,CARB_DAY,5721878,6388|5721878|2024|10,6388|5721878|2024|66,2024|10,2024|66,CHIP_GANASSI_RACING,MEYER_SHANK_RACING,A_ONLY,A_ONLY,17.34600019454956,BETWEEN_GT5,4,17.5,2,TIER2_EXTENDED
DIFF_TEAM,6388,2024,2023_2024_PRIMARY,CARB_DAY,5721878,6388|5721878|2024|17,6388|5721878|2024|20,2024|17,2024|20,ARROW_MCLAREN_SPM,ED_CARPENTER_RACING,A_ONLY,B_ONLY,159.02300000190735,BETWEEN_GT5,4,67.0,2,TIER2_EXTENDED
DIFF_TEAM,6388,2024,2023_2024_PRIMARY,CARB_DAY,5721878,6388|5721878|2024|17,6388|5721878|2024|21,2024|17,2024|21,ARROW_MCLAREN_SPM,ED_CARPENTER_RACING,A_ONLY,A_ONLY,141.669499874115,BETWEEN_GT5,4,46.0,2,TIER2_EXTENDED
DIFF_TEAM,6388,2024,2023_2024_PRIMARY,CARB_DAY,5721878,6388|5721878|2024|17,6388|5721878|2024|24,2024|17,2024|24,ARROW_MCLAREN_SPM,DREYER_REINBOLD_RACING,A_ONLY,A_ONLY,42.12249994277954,BETWEEN_GT5,4,17.0,2,TIER2_EXTENDED
DIFF_TEAM,6388,2024,2023_2024_PRIMARY,CARB_DAY,5721878,6388|5721878|2024|17,6388|5721878|2024|26,2024|17,2024|26,ARROW_MCLAREN_SPM,ANDRETTI,A_ONLY,B_ONLY,159.02300000190735,BETWEEN_GT5,4,69.0,2,TIER2_EXTENDED
DIFF_TEAM,6388,2024,2023_2024_PRIMARY,CARB_DAY,5721878,6388|5721878|2024|17,6388|5721878|2024|27,2024|17,2024|27,ARROW_MCLAREN_SPM,ANDRETTI,A_ONLY,B_ONLY,3.3010001182556152,BETWEEN_3_5,3,3.0,2,TIER2_EXTENDED
DIFF_TEAM,6388,2024,2023_2024_PRIMARY,CARB_DAY,5721878,6388|5721878|2024|17,6388|5721878|2024|28,2024|17,2024|28,ARROW_MCLAREN_SPM,ANDRETTI,A_ONLY,A_ONLY,159.02300000190735,BETWEEN_GT5,4,69.0,2,TIER2_EXTENDED
DIFF_TEAM,6388,2024,2023_2024_PRIMARY,CARB_DAY,5721878,6388|5721878|2024|17,6388|5721878|2024|30,2024|17,2024|30,ARROW_MCLAREN_SPM,RAHAL_LETTERMAN_LANIGAN,A_ONLY,A_ONLY,16.51799988746643,BETWEEN_GT5,4,17.0,2,TIER2_EXTENDED
DIFF_TEAM,6388,2024,2023_2024_PRIMARY,CARB_DAY,5721878,6388|5721878|2024|17,6388|5721878|2024|33,2024|17,2024|33,ARROW_MCLAREN_SPM,ED_CARPENTER_RACING,A_ONLY,A_ONLY,119.16050004959106,BETWEEN_GT5,4,26.0,2,TIER2_EXTENDED
DIFF_TEAM,6388,2024,2023_2024_PRIMARY,CARB_DAY,5721878,6388|5721878|2024|17,6388|5721878|2024|41,2024|17,2024|41,ARROW_MCLAREN_SPM,AJ_FOYT,A_ONLY,B_ONLY,52.842000007629395,BETWEEN_GT5,4,36.0,2,TIER2_EXTENDED
DIFF_TEAM,6388,2024,2023_2024_PRIMARY,CARB_DAY,5721878,6388|5721878|2024|17,6388|5721878|2024|51,2024|17,2024|51,ARROW_MCLAREN_SPM,DALE_COYNE_RACING,A_ONLY,MIXED_AB,53.69000005722046,BETWEEN_GT5,4,9.0,2,TIER2_EXTENDED
DIFF_TEAM,6388,2024,2023_2024_PRIMARY,CARB_DAY,5721878,6388|5721878|2024|17,6388|5721878|2024|60,2024|17,2024|60,ARROW_MCLAREN_SPM,MEYER_SHANK_RACING,A_ONLY,A_ONLY,11.568000078201294,BETWEEN_GT5,4,11.0,2,TIER2_EXTENDED
DIFF_TEAM,6388,2024,2023_2024_PRIMARY,CARB_DAY,5721878,6388|5721878|2024|17,6388|5721878|2024|66,2024|17,2024|66,ARROW_MCLAREN_SPM,MEYER_SHANK_RACING,A_ONLY,A_ONLY,3.303999900817871,BETWEEN_GT5,4,17.0,2,TIER2_EXTENDED
SAME_TEAM,6388,2024,2023_2024_PRIMARY,CARB_DAY,5721878,6388|5721878|2024|20,6388|5721878|2024|21,2024|20,2024|21,ED_CARPENTER_RACING,ED_CARPENTER_RACING,B_ONLY,A_ONLY,17.35350012779236,BETWEEN_3_5,3,3.0,2,TIER2_EXTENDED
DIFF_TEAM,6388,2024,2023_2024_PRIMARY,CARB_DAY,5721878,6388|5721878|2024|20,6388|5721878|2024|24,2024|20,2024|24,ED_CARPENTER_RACING,DREYER_REINBOLD_RACING,B_ONLY,A_ONLY,116.90050005912781,BETWEEN_GT5,4,14.0,2,TIER2_EXTENDED
DIFF_TEAM,6388,2024,2023_2024_PRIMARY,CARB_DAY,5721878,6388|5721878|2024|20,6388|5721878|2024|26,2024|20,2024|26,ED_CARPENTER_RACING,ANDRETTI,B_ONLY,B_ONLY,0.0,SAME_UPDATE,0,0.0,2,TIER2_EXTENDED
DIFF_TEAM,6388,2024,2023_2024_PRIMARY,CARB_DAY,5721878,6388|5721878|2024|20,6388|5721878|2024|27,2024|20,2024|27,ED_CARPENTER_RACING,ANDRETTI,B_ONLY,B_ONLY,162.32400012016296,BETWEEN_GT5,4,79.0,2,TIER2_EXTENDED
DIFF_TEAM,6388,2024,2023_2024_PRIMARY,CARB_DAY,5721878,6388|5721878|2024|20,6388|5721878|2024|28,2024|20,2024|28,ED_CARPENTER_RACING,ANDRETTI,B_ONLY,A_ONLY,0.0,CONSECUTIVE,1,0.0,2,TIER2_EXTENDED
DIFF_TEAM,6388,2024,2023_2024_PRIMARY,CARB_DAY,5721878,6388|5721878|2024|20,6388|5721878|2024|30,2024|20,2024|30,ED_CARPENTER_RACING,RAHAL_LETTERMAN_LANIGAN,B_ONLY,A_ONLY,175.54099988937378,BETWEEN_GT5,4,90.0,2,TIER2_EXTENDED
SAME_TEAM,6388,2024,2023_2024_PRIMARY,CARB_DAY,5721878,6388|5721878|2024|20,6388|5721878|2024|33,2024|20,2024|33,ED_CARPENTER_RACING,ED_CARPENTER_RACING,B_ONLY,A_ONLY,39.862499952316284,BETWEEN_GT5,4,13.0,2,TIER2_EXTENDED
DIFF_TEAM,6388,2024,2023_2024_PRIMARY,CARB_DAY,5721878,6388|5721878|2024|20,6388|5721878|2024|41,2024|20,2024|41,ED_CARPENTER_RACING,AJ_FOYT,B_ONLY,B_ONLY,211.86500000953674,BETWEEN_GT5,4,135.0,2,TIER2_EXTENDED
DIFF_TEAM,6388,2024,2023_2024_PRIMARY,CARB_DAY,5721878,6388|5721878|2024|20,6388|5721878|2024|51,2024|20,2024|51,ED_CARPENTER_RACING,DALE_COYNE_RACING,B_ONLY,MIXED_AB,105.33299994468689,BETWEEN_1_2,2,2.0,2,TIER2_EXTENDED
DIFF_TEAM,6388,2024,2023_2024_PRIMARY,CARB_DAY,5721878,6388|5721878|2024|20,6388|5721878|2024|60,2024|20,2024|60,ED_CARPENTER_RACING,MEYER_SHANK_RACING,B_ONLY,A_ONLY,170.59100008010864,BETWEEN_GT5,4,84.0,2,TIER2_EXTENDED
DIFF_TEAM,6388,2024,2023_2024_PRIMARY,CARB_DAY,5721878,6388|5721878|2024|20,6388|5721878|2024|66,2024|20,2024|66,ED_CARPENTER_RACING,MEYER_SHANK_RACING,B_ONLY,A_ONLY,155.71900010108948,BETWEEN_GT5,4,66.0,2,TIER2_EXTENDED
DIFF_TEAM,6388,2024,2023_2024_PRIMARY,CARB_DAY,5721878,6388|5721878|2024|21,6388|5721878|2024|24,2024|21,2024|24,ED_CARPENTER_RACING,DREYER_REINBOLD_RACING,A_ONLY,A_ONLY,99.54699993133545,BETWEEN_GT5,4,19.0,2,TIER2_EXTENDED
DIFF_TEAM,6388,2024,2023_2024_PRIMARY,CARB_DAY,5721878,6388|5721878|2024|21,6388|5721878|2024|26,2024|21,2024|26,ED_CARPENTER_RACING,ANDRETTI,A_ONLY,B_ONLY,17.35350012779236,BETWEEN_1_2,2,2.0,2,TIER2_EXTENDED
DIFF_TEAM,6388,2024,2023_2024_PRIMARY,CARB_DAY,5721878,6388|5721878|2024|21,6388|5721878|2024|27,2024|21,2024|27,ED_CARPENTER_RACING,ANDRETTI,A_ONLY,B_ONLY,144.9704999923706,BETWEEN_GT5,4,70.5,2,TIER2_EXTENDED
DIFF_TEAM,6388,2024,2023_2024_PRIMARY,CARB_DAY,5721878,6388|5721878|2024|21,6388|5721878|2024|28,2024|21,2024|28,ED_CARPENTER_RACING,ANDRETTI,A_ONLY,A_ONLY,17.35350012779236,BETWEEN_1_2,2,1.0,2,TIER2_EXTENDED
DIFF_TEAM,6388,2024,2023_2024_PRIMARY,CARB_DAY,5721878,6388|5721878|2024|21,6388|5721878|2024|30,2024|21,2024|30,ED_CARPENTER_RACING,RAHAL_LETTERMAN_LANIGAN,A_ONLY,A_ONLY,158.18749976158142,BETWEEN_GT5,4,81.5,2,TIER2_EXTENDED
SAME_TEAM,6388,2024,2023_2024_PRIMARY,CARB_DAY,5721878,6388|5721878|2024|21,6388|5721878|2024|33,2024|21,2024|33,ED_CARPENTER_RACING,ED_CARPENTER_RACING,A_ONLY,A_ONLY,22.508999824523926,BETWEEN_3_5,3,3.5,2,TIER2_EXTENDED
DIFF_TEAM,6388,2024,2023_2024_PRIMARY,CARB_DAY,5721878,6388|5721878|2024|21,6388|5721878|2024|41,2024|21,2024|41,ED_CARPENTER_RACING,AJ_FOYT,A_ONLY,B_ONLY,194.51149988174438,BETWEEN_GT5,4,126.5,2,TIER2_EXTENDED
DIFF_TEAM,6388,2024,2023_2024_PRIMARY,CARB_DAY,5721878,6388|5721878|2024|21,6388|5721878|2024|51,2024|21,2024|51,ED_CARPENTER_RACING,DALE_COYNE_RACING,A_ONLY,MIXED_AB,87.97949981689453,BETWEEN_GT5,4,8.0,2,TIER2_EXTENDED
DIFF_TEAM,6388,2024,2023_2024_PRIMARY,CARB_DAY,5721878,6388|5721878|2024|21,6388|5721878|2024|60,2024|21,2024|60,ED_CARPENTER_RACING,MEYER_SHANK_RACING,A_ONLY,A_ONLY,153.23749995231628,BETWEEN_GT5,4,75.5,2,TIER2_EXTENDED
DIFF_TEAM,6388,2024,2023_2024_PRIMARY,CARB_DAY,5721878,6388|5721878|2024|21,6388|5721878|2024|66,2024|21,2024|66,ED_CARPENTER_RACING,MEYER_SHANK_RACING,A_ONLY,A_ONLY,138.36549997329712,BETWEEN_GT5,4,57.5,2,TIER2_EXTENDED
DIFF_TEAM,6388,2024,2023_2024_PRIMARY,CARB_DAY,5721878,6388|5721878|2024|24,6388|5721878|2024|26,2024|24,2024|26,DREYER_REINBOLD_RACING,ANDRETTI,A_ONLY,B_ONLY,116.90050005912781,BETWEEN_GT5,4,53.0,2,TIER2_EXTENDED
DIFF_TEAM,6388,2024,2023_2024_PRIMARY,CARB_DAY,5721878,6388|5721878|2024|24,6388|5721878|2024|27,2024|24,2024|27,DREYER_REINBOLD_RACING,ANDRETTI,A_ONLY,B_ONLY,45.423500061035156,BETWEEN_GT5,4,11.0,2,TIER2_EXTENDED
DIFF_TEAM,6388,2024,2023_2024_PRIMARY,CARB_DAY,5721878,6388|5721878|2024|24,6388|5721878|2024|28,2024|24,2024|28,DREYER_REINBOLD_RACING,ANDRETTI,A_ONLY,A_ONLY,116.90050005912781,BETWEEN_GT5,4,53.0,2,TIER2_EXTENDED
DIFF_TEAM,6388,2024,2023_2024_PRIMARY,CARB_DAY,5721878,6388|5721878|2024|24,6388|5721878|2024|30,2024|24,2024|30,DREYER_REINBOLD_RACING,RAHAL_LETTERMAN_LANIGAN,A_ONLY,A_ONLY,58.64049983024597,CONSECUTIVE,1,10.5,2,TIER2_EXTENDED
DIFF_TEAM,6388,2024,2023_2024_PRIMARY,CARB_DAY,5721878,6388|5721878|2024|24,6388|5721878|2024|33,2024|24,2024|33,DREYER_REINBOLD_RACING,ED_CARPENTER_RACING,A_ONLY,A_ONLY,77.03800010681152,CONSECUTIVE,1,11.0,2,TIER2_EXTENDED
DIFF_TEAM,6388,2024,2023_2024_PRIMARY,CARB_DAY,5721878,6388|5721878|2024|24,6388|5721878|2024|41,2024|24,2024|41,DREYER_REINBOLD_RACING,AJ_FOYT,A_ONLY,B_ONLY,94.96449995040894,BETWEEN_GT5,4,53.5,2,TIER2_EXTENDED
DIFF_TEAM,6388,2024,2023_2024_PRIMARY,CARB_DAY,5721878,6388|5721878|2024|24,6388|5721878|2024|51,2024|24,2024|51,DREYER_REINBOLD_RACING,DALE_COYNE_RACING,A_ONLY,MIXED_AB,11.567500114440918,BETWEEN_GT5,4,7.5,2,TIER2_EXTENDED
DIFF_TEAM,6388,2024,2023_2024_PRIMARY,CARB_DAY,5721878,6388|5721878|2024|24,6388|5721878|2024|60,2024|24,2024|60,DREYER_REINBOLD_RACING,MEYER_SHANK_RACING,A_ONLY,A_ONLY,53.690500020980835,BETWEEN_GT5,4,10.5,2,TIER2_EXTENDED
DIFF_TEAM,6388,2024,2023_2024_PRIMARY,CARB_DAY,5721878,6388|5721878|2024|24,6388|5721878|2024|66,2024|24,2024|66,DREYER_REINBOLD_RACING,MEYER_SHANK_RACING,A_ONLY,A_ONLY,38.81850004196167,CONSECUTIVE,1,0.0,2,TIER2_EXTENDED
SAME_TEAM,6388,2024,2023_2024_PRIMARY,CARB_DAY,5721878,6388|5721878|2024|26,6388|5721878|2024|27,2024|26,2024|27,ANDRETTI,ANDRETTI,B_ONLY,B_ONLY,162.32400012016296,BETWEEN_GT5,4,79.0,2,TIER2_EXTENDED
SAME_TEAM,6388,2024,2023_2024_PRIMARY,CARB_DAY,5721878,6388|5721878|2024|26,6388|5721878|2024|28,2024|26,2024|28,ANDRETTI,ANDRETTI,B_ONLY,A_ONLY,0.0,SAME_UPDATE,0,0.0,2,TIER2_EXTENDED
DIFF_TEAM,6388,2024,2023_2024_PRIMARY,CARB_DAY,5721878,6388|5721878|2024|26,6388|5721878|2024|30,2024|26,2024|30,ANDRETTI,RAHAL_LETTERMAN_LANIGAN,B_ONLY,A_ONLY,175.54099988937378,BETWEEN_GT5,4,90.0,2,TIER2_EXTENDED
DIFF_TEAM,6388,2024,2023_2024_PRIMARY,CARB_DAY,5721878,6388|5721878|2024|26,6388|5721878|2024|33,2024|26,2024|33,ANDRETTI,ED_CARPENTER_RACING,B_ONLY,A_ONLY,39.862499952316284,BETWEEN_GT5,4,13.0,2,TIER2_EXTENDED
DIFF_TEAM,6388,2024,2023_2024_PRIMARY,CARB_DAY,5721878,6388|5721878|2024|26,6388|5721878|2024|41,2024|26,2024|41,ANDRETTI,AJ_FOYT,B_ONLY,B_ONLY,211.86500000953674,BETWEEN_GT5,4,135.0,2,TIER2_EXTENDED
DIFF_TEAM,6388,2024,2023_2024_PRIMARY,CARB_DAY,5721878,6388|5721878|2024|26,6388|5721878|2024|51,2024|26,2024|51,ANDRETTI,DALE_COYNE_RACING,B_ONLY,MIXED_AB,105.33299994468689,BETWEEN_3_5,3,4.0,2,TIER2_EXTENDED
DIFF_TEAM,6388,2024,2023_2024_PRIMARY,CARB_DAY,5721878,6388|5721878|2024|26,6388|5721878|2024|60,2024|26,2024|60,ANDRETTI,MEYER_SHANK_RACING,B_ONLY,A_ONLY,170.59100008010864,BETWEEN_GT5,4,84.0,2,TIER2_EXTENDED
DIFF_TEAM,6388,2024,2023_2024_PRIMARY,CARB_DAY,5721878,6388|5721878|2024|26,6388|5721878|2024|66,2024|26,2024|66,ANDRETTI,MEYER_SHANK_RACING,B_ONLY,A_ONLY,155.71900010108948,BETWEEN_GT5,4,66.0,2,TIER2_EXTENDED
SAME_TEAM,6388,2024,2023_2024_PRIMARY,CARB_DAY,5721878,6388|5721878|2024|27,6388|5721878|2024|28,2024|27,2024|28,ANDRETTI,ANDRETTI,B_ONLY,A_ONLY,162.32400012016296,BETWEEN_GT5,4,73.0,2,TIER2_EXTENDED
DIFF_TEAM,6388,2024,2023_2024_PRIMARY,CARB_DAY,5721878,6388|5721878|2024|27,6388|5721878|2024|30,2024|27,2024|30,ANDRETTI,RAHAL_LETTERMAN_LANIGAN,B_ONLY,A_ONLY,13.216999769210815,BETWEEN_GT5,4,10.0,2,TIER2_EXTENDED
DIFF_TEAM,6388,2024,2023_2024_PRIMARY,CARB_DAY,5721878,6388|5721878|2024|27,6388|5721878|2024|33,2024|27,2024|33,ANDRETTI,ED_CARPENTER_RACING,B_ONLY,A_ONLY,122.46150016784668,BETWEEN_GT5,4,30.0,2,TIER2_EXTENDED
DIFF_TEAM,6388,2024,2023_2024_PRIMARY,CARB_DAY,5721878,6388|5721878|2024|27,6388|5721878|2024|41,2024|27,2024|41,ANDRETTI,AJ_FOYT,B_ONLY,B_ONLY,49.54099988937378,BETWEEN_GT5,4,30.0,2,TIER2_EXTENDED
DIFF_TEAM,6388,2024,2023_2024_PRIMARY,CARB_DAY,5721878,6388|5721878|2024|27,6388|5721878|2024|51,2024|27,2024|51,ANDRETTI,DALE_COYNE_RACING,B_ONLY,MIXED_AB,56.991000175476074,BETWEEN_1_2,2,2.0,2,TIER2_EXTENDED
DIFF_TEAM,6388,2024,2023_2024_PRIMARY,CARB_DAY,5721878,6388|5721878|2024|27,6388|5721878|2024|60,2024|27,2024|60,ANDRETTI,MEYER_SHANK_RACING,B_ONLY,A_ONLY,8.266999959945679,BETWEEN_3_5,3,4.0,2,TIER2_EXTENDED
DIFF_TEAM,6388,2024,2023_2024_PRIMARY,CARB_DAY,5721878,6388|5721878|2024|27,6388|5721878|2024|66,2024|27,2024|66,ANDRETTI,MEYER_SHANK_RACING,B_ONLY,A_ONLY,6.605000019073486,BETWEEN_GT5,4,10.0,2,TIER2_EXTENDED
DIFF_TEAM,6388,2024,2023_2024_PRIMARY,CARB_DAY,5721878,6388|5721878|2024|28,6388|5721878|2024|30,2024|28,2024|30,ANDRETTI,RAHAL_LETTERMAN_LANIGAN,A_ONLY,A_ONLY,175.54099988937378,BETWEEN_GT5,4,90.0,2,TIER2_EXTENDED
DIFF_TEAM,6388,2024,2023_2024_PRIMARY,CARB_DAY,5721878,6388|5721878|2024|28,6388|5721878|2024|33,2024|28,2024|33,ANDRETTI,ED_CARPENTER_RACING,A_ONLY,A_ONLY,39.862499952316284,BETWEEN_GT5,4,15.0,2,TIER2_EXTENDED
DIFF_TEAM,6388,2024,2023_2024_PRIMARY,CARB_DAY,5721878,6388|5721878|2024|28,6388|5721878|2024|41,2024|28,2024|41,ANDRETTI,AJ_FOYT,A_ONLY,B_ONLY,211.86500000953674,BETWEEN_GT5,4,135.0,2,TIER2_EXTENDED
DIFF_TEAM,6388,2024,2023_2024_PRIMARY,CARB_DAY,5721878,6388|5721878|2024|28,6388|5721878|2024|51,2024|28,2024|51,ANDRETTI,DALE_COYNE_RACING,A_ONLY,MIXED_AB,105.33299994468689,BETWEEN_3_5,3,4.0,2,TIER2_EXTENDED
DIFF_TEAM,6388,2024,2023_2024_PRIMARY,CARB_DAY,5721878,6388|5721878|2024|28,6388|5721878|2024|60,2024|28,2024|60,ANDRETTI,MEYER_SHANK_RACING,A_ONLY,A_ONLY,170.59100008010864,BETWEEN_GT5,4,84.0,2,TIER2_EXTENDED
DIFF_TEAM,6388,2024,2023_2024_PRIMARY,CARB_DAY,5721878,6388|5721878|2024|28,6388|5721878|2024|66,2024|28,2024|66,ANDRETTI,MEYER_SHANK_RACING,A_ONLY,A_ONLY,155.71900010108948,BETWEEN_GT5,4,66.0,2,TIER2_EXTENDED
DIFF_TEAM,6388,2024,2023_2024_PRIMARY,CARB_DAY,5721878,6388|5721878|2024|30,6388|5721878|2024|33,2024|30,2024|33,RAHAL_LETTERMAN_LANIGAN,ED_CARPENTER_RACING,A_ONLY,A_ONLY,135.6784999370575,BETWEEN_GT5,4,46.0,2,TIER2_EXTENDED
DIFF_TEAM,6388,2024,2023_2024_PRIMARY,CARB_DAY,5721878,6388|5721878|2024|30,6388|5721878|2024|41,2024|30,2024|41,RAHAL_LETTERMAN_LANIGAN,AJ_FOYT,A_ONLY,B_ONLY,36.324000120162964,BETWEEN_GT5,4,15.0,2,TIER2_EXTENDED
DIFF_TEAM,6388,2024,2023_2024_PRIMARY,CARB_DAY,5721878,6388|5721878|2024|30,6388|5721878|2024|51,2024|30,2024|51,RAHAL_LETTERMAN_LANIGAN,DALE_COYNE_RACING,A_ONLY,MIXED_AB,70.20799994468689,BETWEEN_GT5,4,6.0,2,TIER2_EXTENDED
DIFF_TEAM,6388,2024,2023_2024_PRIMARY,CARB_DAY,5721878,6388|5721878|2024|30,6388|5721878|2024|60,2024|30,2024|60,RAHAL_LETTERMAN_LANIGAN,MEYER_SHANK_RACING,A_ONLY,A_ONLY,4.949999809265137,BETWEEN_3_5,3,3.0,2,TIER2_EXTENDED
DIFF_TEAM,6388,2024,2023_2024_PRIMARY,CARB_DAY,5721878,6388|5721878|2024|30,6388|5721878|2024|66,2024|30,2024|66,RAHAL_LETTERMAN_LANIGAN,MEYER_SHANK_RACING,A_ONLY,A_ONLY,19.8219997882843,SAME_UPDATE,0,0.0,2,TIER2_EXTENDED
DIFF_TEAM,6388,2024,2023_2024_PRIMARY,CARB_DAY,5721878,6388|5721878|2024|33,6388|5721878|2024|41,2024|33,2024|41,ED_CARPENTER_RACING,AJ_FOYT,A_ONLY,B_ONLY,172.00250005722046,BETWEEN_GT5,4,105.5,2,TIER2_EXTENDED
DIFF_TEAM,6388,2024,2023_2024_PRIMARY,CARB_DAY,5721878,6388|5721878|2024|33,6388|5721878|2024|51,2024|33,2024|51,ED_CARPENTER_RACING,DALE_COYNE_RACING,A_ONLY,MIXED_AB,65.4704999923706,BETWEEN_GT5,4,10.0,2,TIER2_EXTENDED
DIFF_TEAM,6388,2024,2023_2024_PRIMARY,CARB_DAY,5721878,6388|5721878|2024|33,6388|5721878|2024|60,2024|33,2024|60,ED_CARPENTER_RACING,MEYER_SHANK_RACING,A_ONLY,A_ONLY,130.72850012779236,BETWEEN_GT5,4,54.5,2,TIER2_EXTENDED
DIFF_TEAM,6388,2024,2023_2024_PRIMARY,CARB_DAY,5721878,6388|5721878|2024|33,6388|5721878|2024|66,2024|33,2024|66,ED_CARPENTER_RACING,MEYER_SHANK_RACING,A_ONLY,A_ONLY,115.8565001487732,BETWEEN_GT5,4,36.5,2,TIER2_EXTENDED
DIFF_TEAM,6388,2024,2023_2024_PRIMARY,CARB_DAY,5721878,6388|5721878|2024|41,6388|5721878|2024|51,2024|41,2024|51,AJ_FOYT,DALE_COYNE_RACING,B_ONLY,MIXED_AB,106.53200006484985,BETWEEN_1_2,2,1.0,2,TIER2_EXTENDED
DIFF_TEAM,6388,2024,2023_2024_PRIMARY,CARB_DAY,5721878,6388|5721878|2024|41,6388|5721878|2024|60,2024|41,2024|60,AJ_FOYT,MEYER_SHANK_RACING,B_ONLY,A_ONLY,41.2739999294281,SAME_UPDATE,0,0.0,2,TIER2_EXTENDED
DIFF_TEAM,6388,2024,2023_2024_PRIMARY,CARB_DAY,5721878,6388|5721878|2024|41,6388|5721878|2024|66,2024|41,2024|66,AJ_FOYT,MEYER_SHANK_RACING,B_ONLY,A_ONLY,56.145999908447266,BETWEEN_1_2,2,1.0,2,TIER2_EXTENDED
DIFF_TEAM,6388,2024,2023_2024_PRIMARY,CARB_DAY,5721878,6388|5721878|2024|51,6388|5721878|2024|60,2024|51,2024|60,DALE_COYNE_RACING,MEYER_SHANK_RACING,MIXED_AB,A_ONLY,65.25800013542175,BETWEEN_1_2,2,12.5,2,TIER2_EXTENDED
DIFF_TEAM,6388,2024,2023_2024_PRIMARY,CARB_DAY,5721878,6388|5721878|2024|51,6388|5721878|2024|66,2024|51,2024|66,DALE_COYNE_RACING,MEYER_SHANK_RACING,MIXED_AB,A_ONLY,50.38600015640259,BETWEEN_GT5,4,6.5,2,TIER2_EXTENDED
SAME_TEAM,6388,2024,2023_2024_PRIMARY,CARB_DAY,5721878,6388|5721878|2024|60,6388|5721878|2024|66,2024|60,2024|66,MEYER_SHANK_RACING,MEYER_SHANK_RACING,A_ONLY,A_ONLY,14.871999979019165,BETWEEN_3_5,3,3.0,2,TIER2_EXTENDED
DIFF_TEAM,6388,2024,2023_2024_PRIMARY,CARB_DAY,5721879,6388|5721879|2024|06,6388|5721879|2024|10,2024|06,2024|10,MEYER_SHANK_RACING,CHIP_GANASSI_RACING,B_ONLY,B_ONLY,186.77449989318848,BETWEEN_GT5,4,83.0,2,TIER2_EXTENDED
DIFF_TEAM,6388,2024,2023_2024_PRIMARY,CARB_DAY,5721879,6388|5721879|2024|06,6388|5721879|2024|12,2024|06,2024|12,MEYER_SHANK_RACING,TEAM_PENSKE,B_ONLY,A_ONLY,80.2095000743866,BETWEEN_3_5,3,12.0,2,TIER2_EXTENDED
DIFF_TEAM,6388,2024,2023_2024_PRIMARY,CARB_DAY,5721879,6388|5721879|2024|06,6388|5721879|2024|15,2024|06,2024|15,MEYER_SHANK_RACING,RAHAL_LETTERMAN_LANIGAN,B_ONLY,MIXED_AB,79.34850001335144,CONSECUTIVE,1,0.0,2,TIER2_EXTENDED
DIFF_TEAM,6388,2024,2023_2024_PRIMARY,CARB_DAY,5721879,6388|5721879|2024|06,6388|5721879|2024|17,2024|06,2024|17,MEYER_SHANK_RACING,ARROW_MCLAREN_SPM,B_ONLY,A_ONLY,167.77600002288818,BETWEEN_GT5,4,61.0,2,TIER2_EXTENDED
DIFF_TEAM,6388,2024,2023_2024_PRIMARY,CARB_DAY,5721879,6388|5721879|2024|06,6388|5721879|2024|24,2024|06,2024|24,MEYER_SHANK_RACING,DREYER_REINBOLD_RACING,B_ONLY,A_ONLY,152.08349990844727,BETWEEN_GT5,4,43.0,2,TIER2_EXTENDED
DIFF_TEAM,6388,2024,2023_2024_PRIMARY,CARB_DAY,5721879,6388|5721879|2024|06,6388|5721879|2024|27,2024|06,2024|27,MEYER_SHANK_RACING,ANDRETTI,B_ONLY,B_ONLY,183.47849988937378,BETWEEN_GT5,4,76.0,2,TIER2_EXTENDED
DIFF_TEAM,6388,2024,2023_2024_PRIMARY,CARB_DAY,5721879,6388|5721879|2024|06,6388|5721879|2024|30,2024|06,2024|30,MEYER_SHANK_RACING,RAHAL_LETTERMAN_LANIGAN,B_ONLY,MIXED_AB,152.08349990844727,BETWEEN_GT5,4,43.0,2,TIER2_EXTENDED
DIFF_TEAM,6388,2024,2023_2024_PRIMARY,CARB_DAY,5721879,6388|5721879|2024|06,6388|5721879|2024|41,2024|06,2024|41,MEYER_SHANK_RACING,AJ_FOYT,B_ONLY,MIXED_AB,74.39400005340576,BETWEEN_3_5,3,3.0,2,TIER2_EXTENDED
DIFF_TEAM,6388,2024,2023_2024_PRIMARY,CARB_DAY,5721879,6388|5721879|2024|06,6388|5721879|2024|6,2024|06,2024|6,MEYER_SHANK_RACING,ARROW_MCLAREN_SPM,B_ONLY,A_ONLY,40.542500019073486,SAME_UPDATE,0,0.0,2,TIER2_EXTENDED
SAME_TEAM,6388,2024,2023_2024_PRIMARY,CARB_DAY,5721879,6388|5721879|2024|06,6388|5721879|2024|60,2024|06,2024|60,MEYER_SHANK_RACING,MEYER_SHANK_RACING,B_ONLY,A_ONLY,94.22650003433228,BETWEEN_3_5,3,5.0,2,TIER2_EXTENDED
SAME_TEAM,6388,2024,2023_2024_PRIMARY,CARB_DAY,5721879,6388|5721879|2024|06,6388|5721879|2024|66,2024|06,2024|66,MEYER_SHANK_RACING,MEYER_SHANK_RACING,B_ONLY,B_ONLY,173.5644998550415,BETWEEN_GT5,4,67.0,2,TIER2_EXTENDED
DIFF_TEAM,6388,2024,2023_2024_PRIMARY,CARB_DAY,5721879,6388|5721879|2024|06,6388|5721879|2024|77,2024|06,2024|77,MEYER_SHANK_RACING,JUNCOS_HOLLINGER_RACING,B_ONLY,A_ONLY,13.316499948501587,BETWEEN_3_5,3,3.5,2,TIER2_EXTENDED
DIFF_TEAM,6388,2024,2023_2024_PRIMARY,CARB_DAY,5721879,6388|5721879|2024|06,6388|5721879|2024|78,2024|06,2024|78,MEYER_SHANK_RACING,JUNCOS_HOLLINGER_RACING,B_ONLY,MIXED_AB,59.51950001716614,SAME_UPDATE,0,0.0,2,TIER2_EXTENDED
DIFF_TEAM,6388,2024,2023_2024_PRIMARY,CARB_DAY,5721879,6388|5721879|2024|10,6388|5721879|2024|12,2024|10,2024|12,CHIP_GANASSI_RACING,TEAM_PENSKE,B_ONLY,A_ONLY,266.9839999675751,BETWEEN_GT5,4,99.0,2,TIER2_EXTENDED
DIFF_TEAM,6388,2024,2023_2024_PRIMARY,CARB_DAY,5721879,6388|5721879|2024|10,6388|5721879|2024|15,2024|10,2024|15,CHIP_GANASSI_RACING,RAHAL_LETTERMAN_LANIGAN,B_ONLY,MIXED_AB,107.42599987983704,BETWEEN_GT5,4,8.0,2,TIER2_EXTENDED
DIFF_TEAM,6388,2024,2023_2024_PRIMARY,CARB_DAY,5721879,6388|5721879|2024|10,6388|5721879|2024|17,2024|10,2024|17,CHIP_GANASSI_RACING,ARROW_MCLAREN_SPM,B_ONLY,A_ONLY,18.998499870300293,CONSECUTIVE,1,0.0,2,TIER2_EXTENDED
DIFF_TEAM,6388,2024,2023_2024_PRIMARY,CARB_DAY,5721879,6388|5721879|2024|10,6388|5721879|2024|24,2024|10,2024|24,CHIP_GANASSI_RACING,DREYER_REINBOLD_RACING,B_ONLY,A_ONLY,34.69099998474121,BETWEEN_GT5,4,16.0,2,TIER2_EXTENDED
DIFF_TEAM,6388,2024,2023_2024_PRIMARY,CARB_DAY,5721879,6388|5721879|2024|10,6388|5721879|2024|27,2024|10,2024|27,CHIP_GANASSI_RACING,ANDRETTI,B_ONLY,B_ONLY,3.2960000038146973,BETWEEN_3_5,3,5.0,2,TIER2_EXTENDED
DIFF_TEAM,6388,2024,2023_2024_PRIMARY,CARB_DAY,5721879,6388|5721879|2024|10,6388|5721879|2024|30,2024|10,2024|30,CHIP_GANASSI_RACING,RAHAL_LETTERMAN_LANIGAN,B_ONLY,MIXED_AB,34.69099998474121,BETWEEN_GT5,4,16.0,2,TIER2_EXTENDED
DIFF_TEAM,6388,2024,2023_2024_PRIMARY,CARB_DAY,5721879,6388|5721879|2024|10,6388|5721879|2024|41,2024|10,2024|41,CHIP_GANASSI_RACING,AJ_FOYT,B_ONLY,MIXED_AB,112.38049983978271,BETWEEN_GT5,4,10.0,2,TIER2_EXTENDED
DIFF_TEAM,6388,2024,2023_2024_PRIMARY,CARB_DAY,5721879,6388|5721879|2024|10,6388|5721879|2024|6,2024|10,2024|6,CHIP_GANASSI_RACING,ARROW_MCLAREN_SPM,B_ONLY,A_ONLY,227.31699991226196,BETWEEN_GT5,4,76.0,2,TIER2_EXTENDED
DIFF_TEAM,6388,2024,2023_2024_PRIMARY,CARB_DAY,5721879,6388|5721879|2024|10,6388|5721879|2024|60,2024|10,2024|60,CHIP_GANASSI_RACING,MEYER_SHANK_RACING,B_ONLY,A_ONLY,92.5479998588562,BETWEEN_GT5,4,10.0,2,TIER2_EXTENDED
DIFF_TEAM,6388,2024,2023_2024_PRIMARY,CARB_DAY,5721879,6388|5721879|2024|10,6388|5721879|2024|66,2024|10,2024|66,CHIP_GANASSI_RACING,MEYER_SHANK_RACING,B_ONLY,B_ONLY,13.210000038146973,BETWEEN_GT5,4,15.0,2,TIER2_EXTENDED
DIFF_TEAM,6388,2024,2023_2024_PRIMARY,CARB_DAY,5721879,6388|5721879|2024|10,6388|5721879|2024|77,2024|10,2024|77,CHIP_GANASSI_RACING,JUNCOS_HOLLINGER_RACING,B_ONLY,A_ONLY,173.4579999446869,BETWEEN_GT5,4,52.0,2,TIER2_EXTENDED
DIFF_TEAM,6388,2024,2023_2024_PRIMARY,CARB_DAY,5721879,6388|5721879|2024|10,6388|5721879|2024|78,2024|10,2024|78,CHIP_GANASSI_RACING,JUNCOS_HOLLINGER_RACING,B_ONLY,MIXED_AB,127.25499987602234,BETWEEN_GT5,4,27.0,2,TIER2_EXTENDED
DIFF_TEAM,6388,2024,2023_2024_PRIMARY,CARB_DAY,5721879,6388|5721879|2024|12,6388|5721879|2024|15,2024|12,2024|15,TEAM_PENSKE,RAHAL_LETTERMAN_LANIGAN,A_ONLY,MIXED_AB,159.55800008773804,BETWEEN_3_5,3,10.5,2,TIER2_EXTENDED
DIFF_TEAM,6388,2024,2023_2024_PRIMARY,CARB_DAY,5721879,6388|5721879|2024|12,6388|5721879|2024|17,2024|12,2024|17,TEAM_PENSKE,ARROW_MCLAREN_SPM,A_ONLY,A_ONLY,247.98550009727478,BETWEEN_GT5,4,83.5,2,TIER2_EXTENDED
DIFF_TEAM,6388,2024,2023_2024_PRIMARY,CARB_DAY,5721879,6388|5721879|2024|12,6388|5721879|2024|24,2024|12,2024|24,TEAM_PENSKE,DREYER_REINBOLD_RACING,A_ONLY,A_ONLY,232.29299998283386,BETWEEN_GT5,4,65.5,2,TIER2_EXTENDED
DIFF_TEAM,6388,2024,2023_2024_PRIMARY,CARB_DAY,5721879,6388|5721879|2024|12,6388|5721879|2024|27,2024|12,2024|27,TEAM_PENSKE,ANDRETTI,A_ONLY,B_ONLY,263.6879999637604,BETWEEN_GT5,4,98.5,2,TIER2_EXTENDED
DIFF_TEAM,6388,2024,2023_2024_PRIMARY,CARB_DAY,5721879,6388|5721879|2024|12,6388|5721879|2024|30,2024|12,2024|30,TEAM_PENSKE,RAHAL_LETTERMAN_LANIGAN,A_ONLY,MIXED_AB,232.29299998283386,BETWEEN_GT5,4,65.5,2,TIER2_EXTENDED
DIFF_TEAM,6388,2024,2023_2024_PRIMARY,CARB_DAY,5721879,6388|5721879|2024|12,6388|5721879|2024|41,2024|12,2024|41,TEAM_PENSKE,AJ_FOYT,A_ONLY,MIXED_AB,154.60350012779236,BETWEEN_3_5,3,9.5,2,TIER2_EXTENDED
DIFF_TEAM,6388,2024,2023_2024_PRIMARY,CARB_DAY,5721879,6388|5721879|2024|12,6388|5721879|2024|6,2024|12,2024|6,TEAM_PENSKE,ARROW_MCLAREN_SPM,A_ONLY,A_ONLY,39.66700005531311,SAME_UPDATE,0,0.0,2,TIER2_EXTENDED
DIFF_TEAM,6388,2024,2023_2024_PRIMARY,CARB_DAY,5721879,6388|5721879|2024|12,6388|5721879|2024|60,2024|12,2024|60,TEAM_PENSKE,MEYER_SHANK_RACING,A_ONLY,A_ONLY,174.43600010871887,BETWEEN_GT5,4,22.5,2,TIER2_EXTENDED
DIFF_TEAM,6388,2024,2023_2024_PRIMARY,CARB_DAY,5721879,6388|5721879|2024|12,6388|5721879|2024|66,2024|12,2024|66,TEAM_PENSKE,MEYER_SHANK_RACING,A_ONLY,B_ONLY,253.7739999294281,BETWEEN_GT5,4,89.5,2,TIER2_EXTENDED
DIFF_TEAM,6388,2024,2023_2024_PRIMARY,CARB_DAY,5721879,6388|5721879|2024|12,6388|5721879|2024|77,2024|12,2024|77,TEAM_PENSKE,JUNCOS_HOLLINGER_RACING,A_ONLY,A_ONLY,93.52600002288818,BETWEEN_3_5,3,3.5,2,TIER2_EXTENDED
DIFF_TEAM,6388,2024,2023_2024_PRIMARY,CARB_DAY,5721879,6388|5721879|2024|12,6388|5721879|2024|78,2024|12,2024|78,TEAM_PENSKE,JUNCOS_HOLLINGER_RACING,A_ONLY,MIXED_AB,139.72900009155273,BETWEEN_3_5,3,11.5,2,TIER2_EXTENDED
DIFF_TEAM,6388,2024,2023_2024_PRIMARY,CARB_DAY,5721879,6388|5721879|2024|15,6388|5721879|2024|17,2024|15,2024|17,RAHAL_LETTERMAN_LANIGAN,ARROW_MCLAREN_SPM,MIXED_AB,A_ONLY,88.42750000953674,BETWEEN_GT5,4,32.5,2,TIER2_EXTENDED
DIFF_TEAM,6388,2024,2023_2024_PRIMARY,CARB_DAY,5721879,6388|5721879|2024|15,6388|5721879|2024|24,2024|15,2024|24,RAHAL_LETTERMAN_LANIGAN,DREYER_REINBOLD_RACING,MIXED_AB,A_ONLY,72.73499989509583,BETWEEN_GT5,4,15.0,2,TIER2_EXTENDED
DIFF_TEAM,6388,2024,2023_2024_PRIMARY,CARB_DAY,5721879,6388|5721879|2024|15,6388|5721879|2024|27,2024|15,2024|27,RAHAL_LETTERMAN_LANIGAN,ANDRETTI,MIXED_AB,B_ONLY,104.12999987602234,BETWEEN_GT5,4,47.5,2,TIER2_EXTENDED
SAME_TEAM,6388,2024,2023_2024_PRIMARY,CARB_DAY,5721879,6388|5721879|2024|15,6388|5721879|2024|30,2024|15,2024|30,RAHAL_LETTERMAN_LANIGAN,RAHAL_LETTERMAN_LANIGAN,MIXED_AB,MIXED_AB,72.73499989509583,BETWEEN_GT5,4,15.0,2,TIER2_EXTENDED
DIFF_TEAM,6388,2024,2023_2024_PRIMARY,CARB_DAY,5721879,6388|5721879|2024|15,6388|5721879|2024|41,2024|15,2024|41,RAHAL_LETTERMAN_LANIGAN,AJ_FOYT,MIXED_AB,MIXED_AB,4.954499959945679,CONSECUTIVE,1,0.5,2,TIER2_EXTENDED
DIFF_TEAM,6388,2024,2023_2024_PRIMARY,CARB_DAY,5721879,6388|5721879|2024|15,6388|5721879|2024|6,2024|15,2024|6,RAHAL_LETTERMAN_LANIGAN,ARROW_MCLAREN_SPM,MIXED_AB,A_ONLY,119.89100003242493,BETWEEN_GT5,4,20.0,2,TIER2_EXTENDED
DIFF_TEAM,6388,2024,2023_2024_PRIMARY,CARB_DAY,5721879,6388|5721879|2024|15,6388|5721879|2024|60,2024|15,2024|60,RAHAL_LETTERMAN_LANIGAN,MEYER_SHANK_RACING,MIXED_AB,A_ONLY,14.878000020980835,CONSECUTIVE,1,0.5,2,TIER2_EXTENDED
DIFF_TEAM,6388,2024,2023_2024_PRIMARY,CARB_DAY,5721879,6388|5721879|2024|15,6388|5721879|2024|66,2024|15,2024|66,RAHAL_LETTERMAN_LANIGAN,MEYER_SHANK_RACING,MIXED_AB,B_ONLY,94.21599984169006,BETWEEN_GT5,4,38.5,2,TIER2_EXTENDED
DIFF_TEAM,6388,2024,2023_2024_PRIMARY,CARB_DAY,5721879,6388|5721879|2024|15,6388|5721879|2024|77,2024|15,2024|77,RAHAL_LETTERMAN_LANIGAN,JUNCOS_HOLLINGER_RACING,MIXED_AB,A_ONLY,66.03200006484985,BETWEEN_3_5,3,4.0,2,TIER2_EXTENDED
DIFF_TEAM,6388,2024,2023_2024_PRIMARY,CARB_DAY,5721879,6388|5721879|2024|15,6388|5721879|2024|78,2024|15,2024|78,RAHAL_LETTERMAN_LANIGAN,JUNCOS_HOLLINGER_RACING,MIXED_AB,MIXED_AB,19.828999996185303,CONSECUTIVE,1,0.0,2,TIER2_EXTENDED
DIFF_TEAM,6388,2024,2023_2024_PRIMARY,CARB_DAY,5721879,6388|5721879|2024|17,6388|5721879|2024|24,2024|17,2024|24,ARROW_MCLAREN_SPM,DREYER_REINBOLD_RACING,A_ONLY,A_ONLY,15.692500114440918,BETWEEN_GT5,4,16.5,2,TIER2_EXTENDED
DIFF_TEAM,6388,2024,2023_2024_PRIMARY,CARB_DAY,5721879,6388|5721879|2024|17,6388|5721879|2024|27,2024|17,2024|27,ARROW_MCLAREN_SPM,ANDRETTI,A_ONLY,B_ONLY,15.702499866485596,BETWEEN_GT5,4,9.5,2,TIER2_EXTENDED
DIFF_TEAM,6388,2024,2023_2024_PRIMARY,CARB_DAY,5721879,6388|5721879|2024|17,6388|5721879|2024|30,2024|17,2024|30,ARROW_MCLAREN_SPM,RAHAL_LETTERMAN_LANIGAN,A_ONLY,MIXED_AB,15.692500114440918,BETWEEN_GT5,4,16.5,2,TIER2_EXTENDED
DIFF_TEAM,6388,2024,2023_2024_PRIMARY,CARB_DAY,5721879,6388|5721879|2024|17,6388|5721879|2024|41,2024|17,2024|41,ARROW_MCLAREN_SPM,AJ_FOYT,A_ONLY,MIXED_AB,93.38199996948242,BETWEEN_GT5,4,10.0,2,TIER2_EXTENDED
SAME_TEAM,6388,2024,2023_2024_PRIMARY,CARB_DAY,5721879,6388|5721879|2024|17,6388|5721879|2024|6,2024|17,2024|6,ARROW_MCLAREN_SPM,ARROW_MCLAREN_SPM,A_ONLY,A_ONLY,208.31850004196167,BETWEEN_GT5,4,66.0,2,TIER2_EXTENDED
DIFF_TEAM,6388,2024,2023_2024_PRIMARY,CARB_DAY,5721879,6388|5721879|2024|17,6388|5721879|2024|60,2024|17,2024|60,ARROW_MCLAREN_SPM,MEYER_SHANK_RACING,A_ONLY,A_ONLY,73.54949998855591,BETWEEN_GT5,4,10.0,2,TIER2_EXTENDED
DIFF_TEAM,6388,2024,2023_2024_PRIMARY,CARB_DAY,5721879,6388|5721879|2024|17,6388|5721879|2024|66,2024|17,2024|66,ARROW_MCLAREN_SPM,MEYER_SHANK_RACING,A_ONLY,B_ONLY,5.78849983215332,BETWEEN_3_5,3,10.0,2,TIER2_EXTENDED
DIFF_TEAM,6388,2024,2023_2024_PRIMARY,CARB_DAY,5721879,6388|5721879|2024|17,6388|5721879|2024|77,2024|17,2024|77,ARROW_MCLAREN_SPM,JUNCOS_HOLLINGER_RACING,A_ONLY,A_ONLY,154.4595000743866,BETWEEN_GT5,4,42.0,2,TIER2_EXTENDED
DIFF_TEAM,6388,2024,2023_2024_PRIMARY,CARB_DAY,5721879,6388|5721879|2024|17,6388|5721879|2024|78,2024|17,2024|78,ARROW_MCLAREN_SPM,JUNCOS_HOLLINGER_RACING,A_ONLY,MIXED_AB,108.25650000572205,BETWEEN_3_5,3,17.0,2,TIER2_EXTENDED
DIFF_TEAM,6388,2024,2023_2024_PRIMARY,CARB_DAY,5721879,6388|5721879|2024|24,6388|5721879|2024|27,2024|24,2024|27,DREYER_REINBOLD_RACING,ANDRETTI,A_ONLY,B_ONLY,31.394999980926514,BETWEEN_GT5,4,19.5,2,TIER2_EXTENDED
DIFF_TEAM,6388,2024,2023_2024_PRIMARY,CARB_DAY,5721879,6388|5721879|2024|24,6388|5721879|2024|30,2024|24,2024|30,DREYER_REINBOLD_RACING,RAHAL_LETTERMAN_LANIGAN,A_ONLY,MIXED_AB,0.0,SAME_UPDATE,0,0.0,2,TIER2_EXTENDED
DIFF_TEAM,6388,2024,2023_2024_PRIMARY,CARB_DAY,5721879,6388|5721879|2024|24,6388|5721879|2024|41,2024|24,2024|41,DREYER_REINBOLD_RACING,AJ_FOYT,A_ONLY,MIXED_AB,77.6894998550415,BETWEEN_3_5,3,4.5,2,TIER2_EXTENDED
DIFF_TEAM,6388,2024,2023_2024_PRIMARY,CARB_DAY,5721879,6388|5721879|2024|24,6388|5721879|2024|6,2024|24,2024|6,DREYER_REINBOLD_RACING,ARROW_MCLAREN_SPM,A_ONLY,A_ONLY,192.62599992752075,BETWEEN_GT5,4,46.5,2,TIER2_EXTENDED
DIFF_TEAM,6388,2024,2023_2024_PRIMARY,CARB_DAY,5721879,6388|5721879|2024|24,6388|5721879|2024|60,2024|24,2024|60,DREYER_REINBOLD_RACING,MEYER_SHANK_RACING,A_ONLY,A_ONLY,57.85699987411499,BETWEEN_3_5,3,4.5,2,TIER2_EXTENDED
DIFF_TEAM,6388,2024,2023_2024_PRIMARY,CARB_DAY,5721879,6388|5721879|2024|24,6388|5721879|2024|66,2024|24,2024|66,DREYER_REINBOLD_RACING,MEYER_SHANK_RACING,A_ONLY,B_ONLY,21.48099994659424,CONSECUTIVE,1,10.5,2,TIER2_EXTENDED
DIFF_TEAM,6388,2024,2023_2024_PRIMARY,CARB_DAY,5721879,6388|5721879|2024|24,6388|5721879|2024|77,2024|24,2024|77,DREYER_REINBOLD_RACING,JUNCOS_HOLLINGER_RACING,A_ONLY,A_ONLY,138.76699995994568,BETWEEN_GT5,4,22.5,2,TIER2_EXTENDED
DIFF_TEAM,6388,2024,2023_2024_PRIMARY,CARB_DAY,5721879,6388|5721879|2024|24,6388|5721879|2024|78,2024|24,2024|78,DREYER_REINBOLD_RACING,JUNCOS_HOLLINGER_RACING,A_ONLY,MIXED_AB,92.56399989128113,BETWEEN_GT5,4,8.5,2,TIER2_EXTENDED
DIFF_TEAM,6388,2024,2023_2024_PRIMARY,CARB_DAY,5721879,6388|5721879|2024|27,6388|5721879|2024|30,2024|27,2024|30,ANDRETTI,RAHAL_LETTERMAN_LANIGAN,B_ONLY,MIXED_AB,31.394999980926514,BETWEEN_GT5,4,9.0,2,TIER2_EXTENDED
DIFF_TEAM,6388,2024,2023_2024_PRIMARY,CARB_DAY,5721879,6388|5721879|2024|27,6388|5721879|2024|41,2024|27,2024|41,ANDRETTI,AJ_FOYT,B_ONLY,MIXED_AB,109.08449983596802,BETWEEN_3_5,3,3.0,2,TIER2_EXTENDED
DIFF_TEAM,6388,2024,2023_2024_PRIMARY,CARB_DAY,5721879,6388|5721879|2024|27,6388|5721879|2024|6,2024|27,2024|6,ANDRETTI,ARROW_MCLAREN_SPM,B_ONLY,A_ONLY,224.02099990844727,BETWEEN_GT5,4,69.0,2,TIER2_EXTENDED
DIFF_TEAM,6388,2024,2023_2024_PRIMARY,CARB_DAY,5721879,6388|5721879|2024|27,6388|5721879|2024|60,2024|27,2024|60,ANDRETTI,MEYER_SHANK_RACING,B_ONLY,A_ONLY,89.2519998550415,BETWEEN_3_5,3,3.0,2,TIER2_EXTENDED
DIFF_TEAM,6388,2024,2023_2024_PRIMARY,CARB_DAY,5721879,6388|5721879|2024|27,6388|5721879|2024|66,2024|27,2024|66,ANDRETTI,MEYER_SHANK_RACING,B_ONLY,B_ONLY,9.914000034332275,BETWEEN_GT5,4,8.0,2,TIER2_EXTENDED
DIFF_TEAM,6388,2024,2023_2024_PRIMARY,CARB_DAY,5721879,6388|5721879|2024|27,6388|5721879|2024|77,2024|27,2024|77,ANDRETTI,JUNCOS_HOLLINGER_RACING,B_ONLY,A_ONLY,170.1619999408722,BETWEEN_GT5,4,45.0,2,TIER2_EXTENDED
DIFF_TEAM,6388,2024,2023_2024_PRIMARY,CARB_DAY,5721879,6388|5721879|2024|27,6388|5721879|2024|78,2024|27,2024|78,ANDRETTI,JUNCOS_HOLLINGER_RACING,B_ONLY,MIXED_AB,123.95899987220764,BETWEEN_GT5,4,20.0,2,TIER2_EXTENDED
DIFF_TEAM,6388,2024,2023_2024_PRIMARY,CARB_DAY,5721879,6388|5721879|2024|30,6388|5721879|2024|41,2024|30,2024|41,RAHAL_LETTERMAN_LANIGAN,AJ_FOYT,MIXED_AB,MIXED_AB,77.6894998550415,BETWEEN_3_5,3,4.5,2,TIER2_EXTENDED
DIFF_TEAM,6388,2024,2023_2024_PRIMARY,CARB_DAY,5721879,6388|5721879|2024|30,6388|5721879|2024|6,2024|30,2024|6,RAHAL_LETTERMAN_LANIGAN,ARROW_MCLAREN_SPM,MIXED_AB,A_ONLY,192.62599992752075,BETWEEN_GT5,4,46.5,2,TIER2_EXTENDED
DIFF_TEAM,6388,2024,2023_2024_PRIMARY,CARB_DAY,5721879,6388|5721879|2024|30,6388|5721879|2024|60,2024|30,2024|60,RAHAL_LETTERMAN_LANIGAN,MEYER_SHANK_RACING,MIXED_AB,A_ONLY,57.85699987411499,BETWEEN_3_5,3,4.5,2,TIER2_EXTENDED
DIFF_TEAM,6388,2024,2023_2024_PRIMARY,CARB_DAY,5721879,6388|5721879|2024|30,6388|5721879|2024|66,2024|30,2024|66,RAHAL_LETTERMAN_LANIGAN,MEYER_SHANK_RACING,MIXED_AB,B_ONLY,21.48099994659424,CONSECUTIVE,1,10.5,2,TIER2_EXTENDED
DIFF_TEAM,6388,2024,2023_2024_PRIMARY,CARB_DAY,5721879,6388|5721879|2024|30,6388|5721879|2024|77,2024|30,2024|77,RAHAL_LETTERMAN_LANIGAN,JUNCOS_HOLLINGER_RACING,MIXED_AB,A_ONLY,138.76699995994568,BETWEEN_GT5,4,22.5,2,TIER2_EXTENDED
DIFF_TEAM,6388,2024,2023_2024_PRIMARY,CARB_DAY,5721879,6388|5721879|2024|30,6388|5721879|2024|78,2024|30,2024|78,RAHAL_LETTERMAN_LANIGAN,JUNCOS_HOLLINGER_RACING,MIXED_AB,MIXED_AB,92.56399989128113,BETWEEN_GT5,4,8.5,2,TIER2_EXTENDED
DIFF_TEAM,6388,2024,2023_2024_PRIMARY,CARB_DAY,5721879,6388|5721879|2024|41,6388|5721879|2024|6,2024|41,2024|6,AJ_FOYT,ARROW_MCLAREN_SPM,MIXED_AB,A_ONLY,114.93650007247925,BETWEEN_GT5,4,16.0,2,TIER2_EXTENDED
DIFF_TEAM,6388,2024,2023_2024_PRIMARY,CARB_DAY,5721879,6388|5721879|2024|41,6388|5721879|2024|60,2024|41,2024|60,AJ_FOYT,MEYER_SHANK_RACING,MIXED_AB,A_ONLY,19.832499980926514,SAME_UPDATE,0,0.0,2,TIER2_EXTENDED
DIFF_TEAM,6388,2024,2023_2024_PRIMARY,CARB_DAY,5721879,6388|5721879|2024|41,6388|5721879|2024|66,2024|41,2024|66,AJ_FOYT,MEYER_SHANK_RACING,MIXED_AB,B_ONLY,99.17049980163574,BETWEEN_GT5,4,41.0,2,TIER2_EXTENDED
DIFF_TEAM,6388,2024,2023_2024_PRIMARY,CARB_DAY,5721879,6388|5721879|2024|41,6388|5721879|2024|77,2024|41,2024|77,AJ_FOYT,JUNCOS_HOLLINGER_RACING,MIXED_AB,A_ONLY,61.077500104904175,CONSECUTIVE,1,0.0,2,TIER2_EXTENDED
DIFF_TEAM,6388,2024,2023_2024_PRIMARY,CARB_DAY,5721879,6388|5721879|2024|41,6388|5721879|2024|78,2024|41,2024|78,AJ_FOYT,JUNCOS_HOLLINGER_RACING,MIXED_AB,MIXED_AB,14.874500036239624,BETWEEN_1_2,2,2.0,2,TIER2_EXTENDED
DIFF_TEAM,6388,2024,2023_2024_PRIMARY,CARB_DAY,5721879,6388|5721879|2024|6,6388|5721879|2024|60,2024|6,2024|60,ARROW_MCLAREN_SPM,MEYER_SHANK_RACING,A_ONLY,A_ONLY,134.76900005340576,BETWEEN_GT5,4,13.0,2,TIER2_EXTENDED
DIFF_TEAM,6388,2024,2023_2024_PRIMARY,CARB_DAY,5721879,6388|5721879|2024|6,6388|5721879|2024|66,2024|6,2024|66,ARROW_MCLAREN_SPM,MEYER_SHANK_RACING,A_ONLY,B_ONLY,214.106999874115,BETWEEN_GT5,4,80.0,2,TIER2_EXTENDED
DIFF_TEAM,6388,2024,2023_2024_PRIMARY,CARB_DAY,5721879,6388|5721879|2024|6,6388|5721879|2024|77,2024|6,2024|77,ARROW_MCLAREN_SPM,JUNCOS_HOLLINGER_RACING,A_ONLY,A_ONLY,53.85899996757507,BETWEEN_1_2,2,2.5,2,TIER2_EXTENDED
DIFF_TEAM,6388,2024,2023_2024_PRIMARY,CARB_DAY,5721879,6388|5721879|2024|6,6388|5721879|2024|78,2024|6,2024|78,ARROW_MCLAREN_SPM,JUNCOS_HOLLINGER_RACING,A_ONLY,MIXED_AB,100.06200003623962,SAME_UPDATE,0,4.0,2,TIER2_EXTENDED
SAME_TEAM,6388,2024,2023_2024_PRIMARY,CARB_DAY,5721879,6388|5721879|2024|60,6388|5721879|2024|66,2024|60,2024|66,MEYER_SHANK_RACING,MEYER_SHANK_RACING,A_ONLY,B_ONLY,79.33799982070923,BETWEEN_GT5,4,32.0,2,TIER2_EXTENDED
DIFF_TEAM,6388,2024,2023_2024_PRIMARY,CARB_DAY,5721879,6388|5721879|2024|60,6388|5721879|2024|77,2024|60,2024|77,MEYER_SHANK_RACING,JUNCOS_HOLLINGER_RACING,A_ONLY,A_ONLY,80.91000008583069,CONSECUTIVE,1,0.0,2,TIER2_EXTENDED
DIFF_TEAM,6388,2024,2023_2024_PRIMARY,CARB_DAY,5721879,6388|5721879|2024|60,6388|5721879|2024|78,2024|60,2024|78,MEYER_SHANK_RACING,JUNCOS_HOLLINGER_RACING,A_ONLY,MIXED_AB,34.70700001716614,BETWEEN_1_2,2,2.0,2,TIER2_EXTENDED
DIFF_TEAM,6388,2024,2023_2024_PRIMARY,CARB_DAY,5721879,6388|5721879|2024|66,6388|5721879|2024|77,2024|66,2024|77,MEYER_SHANK_RACING,JUNCOS_HOLLINGER_RACING,B_ONLY,A_ONLY,160.24799990653992,BETWEEN_GT5,4,36.0,2,TIER2_EXTENDED
DIFF_TEAM,6388,2024,2023_2024_PRIMARY,CARB_DAY,5721879,6388|5721879|2024|66,6388|5721879|2024|78,2024|66,2024|78,MEYER_SHANK_RACING,JUNCOS_HOLLINGER_RACING,B_ONLY,MIXED_AB,114.04499983787537,BETWEEN_GT5,4,11.0,2,TIER2_EXTENDED
SAME_TEAM,6388,2024,2023_2024_PRIMARY,CARB_DAY,5721879,6388|5721879|2024|77,6388|5721879|2024|78,2024|77,2024|78,JUNCOS_HOLLINGER_RACING,JUNCOS_HOLLINGER_RACING,A_ONLY,MIXED_AB,46.20300006866455,BETWEEN_3_5,3,3.0,2,TIER2_EXTENDED
SAME_TEAM,6388,2024,2023_2024_PRIMARY,CARB_DAY,5721880,6388|5721880|2024|12,6388|5721880|2024|2,2024|12,2024|2,TEAM_PENSKE,TEAM_PENSKE,A_ONLY,MIXED_AB,102.19700026512146,SAME_UPDATE,0,8.0,1,TIER2_EXTENDED
SAME_TEAM,6388,2024,2023_2024_PRIMARY,CARB_DAY,5721880,6388|5721880|2024|12,6388|5721880|2024|3,2024|12,2024|3,TEAM_PENSKE,TEAM_PENSKE,A_ONLY,B_ONLY,177.16000032424927,BETWEEN_GT5,4,79.5,1,TIER2_EXTENDED
SAME_TEAM,6388,2024,2023_2024_PRIMARY,CARB_DAY,5721880,6388|5721880|2024|2,6388|5721880|2024|3,2024|2,2024|3,TEAM_PENSKE,TEAM_PENSKE,MIXED_AB,B_ONLY,74.96300005912781,BETWEEN_GT5,4,35.0,1,TIER2_EXTENDED
DIFF_TEAM,6388,2024,2023_2024_PRIMARY,CARB_DAY,5721881,6388|5721881|2024|3,6388|5721881|2024|7,2024|3,2024|7,TEAM_PENSKE,ARROW_MCLAREN_SPM,B_ONLY,A_ONLY,195.09099984169006,BETWEEN_GT5,4,97.5,2,TIER2_EXTENDED
DIFF_TEAM,6388,2024,2023_2024_PRIMARY,CARB_DAY,5721881,6388|5721881|2024|3,6388|5721881|2024|78,2024|3,2024|78,TEAM_PENSKE,JUNCOS_HOLLINGER_RACING,B_ONLY,B_ONLY,77.31599998474121,BETWEEN_GT5,4,10.5,2,TIER2_EXTENDED
DIFF_TEAM,6388,2024,2023_2024_PRIMARY,CARB_DAY,5721881,6388|5721881|2024|7,6388|5721881|2024|78,2024|7,2024|78,ARROW_MCLAREN_SPM,JUNCOS_HOLLINGER_RACING,A_ONLY,B_ONLY,117.77499985694885,BETWEEN_GT5,4,28.0,2,TIER2_EXTENDED
DIFF_TEAM,6388,2024,2023_2024_PRIMARY,CARB_DAY,5721882,6388|5721882|2024|3,6388|5721882|2024|4,2024|3,2024|4,TEAM_PENSKE,CHIP_GANASSI_RACING,A_ONLY,A_ONLY,42.96399998664856,BETWEEN_3_5,3,3.0,2,TIER2_EXTENDED
DIFF_TEAM,6388,2024,2023_2024_PRIMARY,CARB_DAY,5721882,6388|5721882|2024|3,6388|5721882|2024|5,2024|3,2024|5,TEAM_PENSKE,ARROW_MCLAREN_SPM,A_ONLY,A_ONLY,66.07799983024597,BETWEEN_GT5,4,6.0,2,TIER2_EXTENDED
DIFF_TEAM,6388,2024,2023_2024_PRIMARY,CARB_DAY,5721882,6388|5721882|2024|3,6388|5721882|2024|7,2024|3,2024|7,TEAM_PENSKE,ARROW_MCLAREN_SPM,A_ONLY,A_ONLY,149.4119997024536,BETWEEN_GT5,4,46.0,2,TIER2_EXTENDED
DIFF_TEAM,6388,2024,2023_2024_PRIMARY,CARB_DAY,5721882,6388|5721882|2024|3,6388|5721882|2024|75,2024|3,2024|75,TEAM_PENSKE,RAHAL_LETTERMAN_LANIGAN,A_ONLY,MIXED_AB,0.0,CONSECUTIVE,1,0.0,2,TIER2_EXTENDED
DIFF_TEAM,6388,2024,2023_2024_PRIMARY,CARB_DAY,5721882,6388|5721882|2024|3,6388|5721882|2024|9,2024|3,2024|9,TEAM_PENSKE,CHIP_GANASSI_RACING,A_ONLY,A_ONLY,89.18499994277954,BETWEEN_GT5,4,9.0,2,TIER2_EXTENDED
DIFF_TEAM,6388,2024,2023_2024_PRIMARY,CARB_DAY,5721882,6388|5721882|2024|4,6388|5721882|2024|5,2024|4,2024|5,CHIP_GANASSI_RACING,ARROW_MCLAREN_SPM,A_ONLY,A_ONLY,23.113999843597412,BETWEEN_1_2,2,2.0,2,TIER2_EXTENDED
DIFF_TEAM,6388,2024,2023_2024_PRIMARY,CARB_DAY,5721882,6388|5721882|2024|4,6388|5721882|2024|7,2024|4,2024|7,CHIP_GANASSI_RACING,ARROW_MCLAREN_SPM,A_ONLY,A_ONLY,106.44799971580505,BETWEEN_GT5,4,32.0,2,TIER2_EXTENDED
DIFF_TEAM,6388,2024,2023_2024_PRIMARY,CARB_DAY,5721882,6388|5721882|2024|4,6388|5721882|2024|75,2024|4,2024|75,CHIP_GANASSI_RACING,RAHAL_LETTERMAN_LANIGAN,A_ONLY,MIXED_AB,42.96399998664856,CONSECUTIVE,1,0.0,2,TIER2_EXTENDED
SAME_TEAM,6388,2024,2023_2024_PRIMARY,CARB_DAY,5721882,6388|5721882|2024|4,6388|5721882|2024|9,2024|4,2024|9,CHIP_GANASSI_RACING,CHIP_GANASSI_RACING,A_ONLY,A_ONLY,46.22099995613098,BETWEEN_3_5,3,5.0,2,TIER2_EXTENDED
SAME_TEAM,6388,2024,2023_2024_PRIMARY,CARB_DAY,5721882,6388|5721882|2024|5,6388|5721882|2024|7,2024|5,2024|7,ARROW_MCLAREN_SPM,ARROW_MCLAREN_SPM,A_ONLY,A_ONLY,83.33399987220764,BETWEEN_GT5,4,21.5,2,TIER2_EXTENDED
DIFF_TEAM,6388,2024,2023_2024_PRIMARY,CARB_DAY,5721882,6388|5721882|2024|5,6388|5721882|2024|75,2024|5,2024|75,ARROW_MCLAREN_SPM,RAHAL_LETTERMAN_LANIGAN,A_ONLY,MIXED_AB,66.07799983024597,BETWEEN_1_2,2,2.5,2,TIER2_EXTENDED
DIFF_TEAM,6388,2024,2023_2024_PRIMARY,CARB_DAY,5721882,6388|5721882|2024|5,6388|5721882|2024|9,2024|5,2024|9,ARROW_MCLAREN_SPM,CHIP_GANASSI_RACING,A_ONLY,A_ONLY,23.10700011253357,CONSECUTIVE,1,1.0,2,TIER2_EXTENDED
DIFF_TEAM,6388,2024,2023_2024_PRIMARY,CARB_DAY,5721882,6388|5721882|2024|7,6388|5721882|2024|75,2024|7,2024|75,ARROW_MCLAREN_SPM,RAHAL_LETTERMAN_LANIGAN,A_ONLY,MIXED_AB,149.4119997024536,BETWEEN_GT5,4,28.5,2,TIER2_EXTENDED
DIFF_TEAM,6388,2024,2023_2024_PRIMARY,CARB_DAY,5721882,6388|5721882|2024|7,6388|5721882|2024|9,2024|7,2024|9,ARROW_MCLAREN_SPM,CHIP_GANASSI_RACING,A_ONLY,A_ONLY,60.22699975967407,CONSECUTIVE,1,0.0,2,TIER2_EXTENDED
DIFF_TEAM,6388,2024,2023_2024_PRIMARY,CARB_DAY,5721882,6388|5721882|2024|75,6388|5721882|2024|9,2024|75,2024|9,RAHAL_LETTERMAN_LANIGAN,CHIP_GANASSI_RACING,MIXED_AB,A_ONLY,89.18499994277954,BETWEEN_GT5,4,6.0,2,TIER2_EXTENDED
DIFF_TEAM,6388,2024,2023_2024_PRIMARY,CARB_DAY,5721891,6388|5721891|2024|23,6388|5721891|2024|26,2024|23,2024|26,DREYER_REINBOLD_RACING,ANDRETTI,A_ONLY,A_ONLY,52.88499999046326,BETWEEN_GT5,4,7.5,2,TIER2_EXTENDED
SAME_TEAM,6388,2024,2023_2024_PRIMARY,CARB_DAY,5721893,6388|5721893|2024|8,6388|5721893|2024|9,2024|8,2024|9,CHIP_GANASSI_RACING,CHIP_GANASSI_RACING,A_ONLY,B_ONLY,9.914000034332275,BETWEEN_GT5,4,10.0,2,TIER2_EXTENDED
DIFF_TEAM,6388,2024,2023_2024_PRIMARY,CARB_DAY,5721895,6388|5721895|2024|14,6388|5721895|2024|45,2024|14,2024|45,AJ_FOYT,RAHAL_LETTERMAN_LANIGAN,MIXED_AB,B_ONLY,63.617000102996826,CONSECUTIVE,1,0.0,1,TIER2_EXTENDED
DIFF_TEAM,6388,2024,2023_2024_PRIMARY,CARB_DAY,5721898,6388|5721898|2024|2,6388|5721898|2024|6,2024|2,2024|6,TEAM_PENSKE,ARROW_MCLAREN_SPM,MIXED_AB,MIXED_AB,38.88599991798401,CONSECUTIVE,1,0.0,1,TIER2_EXTENDED
DIFF_TEAM,6388,2024,2023_2024_PRIMARY,CARB_DAY,5721899,6388|5721899|2024|2,6388|5721899|2024|6,2024|2,2024|6,TEAM_PENSKE,ARROW_MCLAREN_SPM,A_ONLY,B_ONLY,41.301000118255615,CONSECUTIVE,1,0.0,2,TIER2_EXTENDED
DIFF_TEAM,6651,2025,2025_SECONDARY,PRACTICE,5823888,6651|5823888|2025|2,6651|5823888|2025|8,2025|2,2025|8,TEAM_PENSKE,CHIP_GANASSI_RACING,A_ONLY,A_ONLY,20.987499952316284,SAME_UPDATE,0,0.0,2,TIER2_EXTENDED
DIFF_TEAM,6651,2025,2025_SECONDARY,PRACTICE,5823891,6651|5823891|2025|6,6651|5823891|2025|76,2025|6,2025|76,ARROW_MCLAREN_SPM,JUNCOS_HOLLINGER_RACING,A_ONLY,A_ONLY,6.724999904632568,CONSECUTIVE,1,0.0,2,TIER2_EXTENDED
DIFF_TEAM,6651,2025,2025_SECONDARY,PRACTICE,5823892,6651|5823892|2025|33,6651|5823892|2025|60,2025|33,2025|60,ED_CARPENTER_RACING,MEYER_SHANK_RACING,A_ONLY,A_ONLY,34.436999797821045,BETWEEN_1_2,2,1.0,1,TIER2_EXTENDED
DIFF_TEAM,6651,2025,2025_SECONDARY,PRACTICE,5823892,6651|5823892|2025|33,6651|5823892|2025|7,2025|33,2025|7,ED_CARPENTER_RACING,ARROW_MCLAREN_SPM,A_ONLY,A_ONLY,13.446000099182129,CONSECUTIVE,1,0.0,1,TIER2_EXTENDED
DIFF_TEAM,6651,2025,2025_SECONDARY,PRACTICE,5823892,6651|5823892|2025|60,6651|5823892|2025|7,2025|60,2025|7,MEYER_SHANK_RACING,ARROW_MCLAREN_SPM,A_ONLY,A_ONLY,47.882999897003174,BETWEEN_1_2,2,1.5,1,TIER2_EXTENDED
DIFF_TEAM,6651,2025,2025_SECONDARY,PRACTICE,5823893,6651|5823893|2025|33,6651|5823893|2025|7,2025|33,2025|7,ED_CARPENTER_RACING,ARROW_MCLAREN_SPM,A_ONLY,A_ONLY,13.427000045776367,BETWEEN_1_2,2,1.0,2,TIER2_EXTENDED
DIFF_TEAM,6651,2025,2025_SECONDARY,PRACTICE,5823894,6651|5823894|2025|12,6651|5823894|2025|27,2025|12,2025|27,TEAM_PENSKE,ANDRETTI,A_ONLY,A_ONLY,2.514500141143799,BETWEEN_3_5,3,3.0,2,TIER2_EXTENDED
DIFF_TEAM,6651,2025,2025_SECONDARY,PRACTICE,5823900,6651|5823900|2025|10,6651|5823900|2025|18,2025|10,2025|18,CHIP_GANASSI_RACING,DALE_COYNE_RACING,A_ONLY,MIXED_AB,26.029500007629395,BETWEEN_3_5,3,3.0,2,TIER2_EXTENDED
DIFF_TEAM,6651,2025,2025_SECONDARY,PRACTICE,5823900,6651|5823900|2025|10,6651|5823900|2025|20,2025|10,2025|20,CHIP_GANASSI_RACING,ED_CARPENTER_RACING,A_ONLY,B_ONLY,0.8364999294281006,SAME_UPDATE,0,0.0,2,TIER2_EXTENDED
DIFF_TEAM,6651,2025,2025_SECONDARY,PRACTICE,5823900,6651|5823900|2025|10,6651|5823900|2025|28,2025|10,2025|28,CHIP_GANASSI_RACING,ANDRETTI,A_ONLY,MIXED_AB,61.291500091552734,SAME_UPDATE,0,0.0,2,TIER2_EXTENDED
DIFF_TEAM,6651,2025,2025_SECONDARY,PRACTICE,5823900,6651|5823900|2025|10,6651|5823900|2025|5,2025|10,2025|5,CHIP_GANASSI_RACING,ARROW_MCLAREN_SPM,A_ONLY,A_ONLY,93.18950009346008,BETWEEN_3_5,3,10.5,2,TIER2_EXTENDED
DIFF_TEAM,6651,2025,2025_SECONDARY,PRACTICE,5823900,6651|5823900|2025|10,6651|5823900|2025|90,2025|10,2025|90,CHIP_GANASSI_RACING,PREMA_RACING,A_ONLY,B_ONLY,7.557000160217285,CONSECUTIVE,1,0.0,2,TIER2_EXTENDED
DIFF_TEAM,6651,2025,2025_SECONDARY,PRACTICE,5823900,6651|5823900|2025|18,6651|5823900|2025|20,2025|18,2025|20,DALE_COYNE_RACING,ED_CARPENTER_RACING,MIXED_AB,B_ONLY,25.193000078201294,BETWEEN_3_5,3,3.0,2,TIER2_EXTENDED
DIFF_TEAM,6651,2025,2025_SECONDARY,PRACTICE,5823900,6651|5823900|2025|18,6651|5823900|2025|28,2025|18,2025|28,DALE_COYNE_RACING,ANDRETTI,MIXED_AB,MIXED_AB,87.32100009918213,BETWEEN_3_5,3,4.0,2,TIER2_EXTENDED
DIFF_TEAM,6651,2025,2025_SECONDARY,PRACTICE,5823900,6651|5823900|2025|18,6651|5823900|2025|5,2025|18,2025|5,DALE_COYNE_RACING,ARROW_MCLAREN_SPM,MIXED_AB,A_ONLY,119.21900010108948,BETWEEN_GT5,4,25.0,2,TIER2_EXTENDED
DIFF_TEAM,6651,2025,2025_SECONDARY,PRACTICE,5823900,6651|5823900|2025|18,6651|5823900|2025|90,2025|18,2025|90,DALE_COYNE_RACING,PREMA_RACING,MIXED_AB,B_ONLY,33.58650016784668,BETWEEN_GT5,4,7.0,2,TIER2_EXTENDED
DIFF_TEAM,6651,2025,2025_SECONDARY,PRACTICE,5823900,6651|5823900|2025|20,6651|5823900|2025|28,2025|20,2025|28,ED_CARPENTER_RACING,ANDRETTI,B_ONLY,MIXED_AB,62.128000020980835,SAME_UPDATE,0,0.0,2,TIER2_EXTENDED
DIFF_TEAM,6651,2025,2025_SECONDARY,PRACTICE,5823900,6651|5823900|2025|20,6651|5823900|2025|5,2025|20,2025|5,ED_CARPENTER_RACING,ARROW_MCLAREN_SPM,B_ONLY,A_ONLY,94.02600002288818,BETWEEN_GT5,4,12.0,2,TIER2_EXTENDED
DIFF_TEAM,6651,2025,2025_SECONDARY,PRACTICE,5823900,6651|5823900|2025|20,6651|5823900|2025|90,2025|20,2025|90,ED_CARPENTER_RACING,PREMA_RACING,B_ONLY,B_ONLY,8.393500089645386,CONSECUTIVE,1,0.0,2,TIER2_EXTENDED
DIFF_TEAM,6651,2025,2025_SECONDARY,PRACTICE,5823900,6651|5823900|2025|28,6651|5823900|2025|5,2025|28,2025|5,ANDRETTI,ARROW_MCLAREN_SPM,MIXED_AB,A_ONLY,31.89800000190735,BETWEEN_3_5,3,5.0,2,TIER2_EXTENDED
DIFF_TEAM,6651,2025,2025_SECONDARY,PRACTICE,5823900,6651|5823900|2025|28,6651|5823900|2025|90,2025|28,2025|90,ANDRETTI,PREMA_RACING,MIXED_AB,B_ONLY,53.73449993133545,CONSECUTIVE,1,0.0,2,TIER2_EXTENDED
DIFF_TEAM,6651,2025,2025_SECONDARY,PRACTICE,5823900,6651|5823900|2025|5,6651|5823900|2025|90,2025|5,2025|90,ARROW_MCLAREN_SPM,PREMA_RACING,A_ONLY,B_ONLY,85.6324999332428,BETWEEN_GT5,4,7.0,2,TIER2_EXTENDED
DIFF_TEAM,6651,2025,2025_SECONDARY,PRACTICE,5823903,6651|5823903|2025|17,6651|5823903|2025|26,2025|17,2025|26,ARROW_MCLAREN_SPM,ANDRETTI,B_ONLY,A_ONLY,27.704500198364258,BETWEEN_3_5,3,12.0,2,TIER2_EXTENDED
DIFF_TEAM,6651,2025,2025_SECONDARY,PRACTICE,5823903,6651|5823903|2025|17,6651|5823903|2025|30,2025|17,2025|30,ARROW_MCLAREN_SPM,RAHAL_LETTERMAN_LANIGAN,B_ONLY,A_ONLY,193.92799997329712,BETWEEN_GT5,4,34.5,2,TIER2_EXTENDED
SAME_TEAM,6651,2025,2025_SECONDARY,PRACTICE,5823903,6651|5823903|2025|17,6651|5823903|2025|6,2025|17,2025|6,ARROW_MCLAREN_SPM,ARROW_MCLAREN_SPM,B_ONLY,B_ONLY,154.45199966430664,BETWEEN_GT5,4,23.5,2,TIER2_EXTENDED
DIFF_TEAM,6651,2025,2025_SECONDARY,PRACTICE,5823903,6651|5823903|2025|17,6651|5823903|2025|60,2025|17,2025|60,ARROW_MCLAREN_SPM,MEYER_SHANK_RACING,B_ONLY,MIXED_AB,62.92649984359741,SAME_UPDATE,0,0.0,2,TIER2_EXTENDED
DIFF_TEAM,6651,2025,2025_SECONDARY,PRACTICE,5823903,6651|5823903|2025|17,6651|5823903|2025|66,2025|17,2025|66,ARROW_MCLAREN_SPM,MEYER_SHANK_RACING,B_ONLY,B_ONLY,40.27999973297119,SAME_UPDATE,0,0.0,2,TIER2_EXTENDED
DIFF_TEAM,6651,2025,2025_SECONDARY,PRACTICE,5823903,6651|5823903|2025|17,6651|5823903|2025|8,2025|17,2025|8,ARROW_MCLAREN_SPM,CHIP_GANASSI_RACING,B_ONLY,MIXED_AB,37.7669997215271,BETWEEN_1_2,2,3.0,2,TIER2_EXTENDED
DIFF_TEAM,6651,2025,2025_SECONDARY,PRACTICE,5823903,6651|5823903|2025|17,6651|5823903|2025|9,2025|17,2025|9,ARROW_MCLAREN_SPM,CHIP_GANASSI_RACING,B_ONLY,A_ONLY,20.988499879837036,SAME_UPDATE,0,0.0,2,TIER2_EXTENDED
DIFF_TEAM,6651,2025,2025_SECONDARY,PRACTICE,5823903,6651|5823903|2025|26,6651|5823903|2025|30,2025|26,2025|30,ANDRETTI,RAHAL_LETTERMAN_LANIGAN,A_ONLY,A_ONLY,221.63250017166138,BETWEEN_GT5,4,52.0,2,TIER2_EXTENDED
DIFF_TEAM,6651,2025,2025_SECONDARY,PRACTICE,5823903,6651|5823903|2025|26,6651|5823903|2025|6,2025|26,2025|6,ANDRETTI,ARROW_MCLAREN_SPM,A_ONLY,B_ONLY,182.1564998626709,BETWEEN_GT5,4,41.0,2,TIER2_EXTENDED
DIFF_TEAM,6651,2025,2025_SECONDARY,PRACTICE,5823903,6651|5823903|2025|26,6651|5823903|2025|60,2025|26,2025|60,ANDRETTI,MEYER_SHANK_RACING,A_ONLY,MIXED_AB,90.63100004196167,BETWEEN_3_5,3,4.0,2,TIER2_EXTENDED
DIFF_TEAM,6651,2025,2025_SECONDARY,PRACTICE,5823903,6651|5823903|2025|26,6651|5823903|2025|66,2025|26,2025|66,ANDRETTI,MEYER_SHANK_RACING,A_ONLY,B_ONLY,67.98449993133545,BETWEEN_3_5,3,4.0,2,TIER2_EXTENDED
DIFF_TEAM,6651,2025,2025_SECONDARY,PRACTICE,5823903,6651|5823903|2025|26,6651|5823903|2025|8,2025|26,2025|8,ANDRETTI,CHIP_GANASSI_RACING,A_ONLY,MIXED_AB,65.47149991989136,CONSECUTIVE,1,0.0,2,TIER2_EXTENDED
DIFF_TEAM,6651,2025,2025_SECONDARY,PRACTICE,5823903,6651|5823903|2025|26,6651|5823903|2025|9,2025|26,2025|9,ANDRETTI,CHIP_GANASSI_RACING,A_ONLY,A_ONLY,48.693000078201294,BETWEEN_3_5,3,4.0,2,TIER2_EXTENDED
DIFF_TEAM,6651,2025,2025_SECONDARY,PRACTICE,5823903,6651|5823903|2025|30,6651|5823903|2025|6,2025|30,2025|6,RAHAL_LETTERMAN_LANIGAN,ARROW_MCLAREN_SPM,A_ONLY,B_ONLY,39.47600030899048,CONSECUTIVE,1,0.0,2,TIER2_EXTENDED
DIFF_TEAM,6651,2025,2025_SECONDARY,PRACTICE,5823903,6651|5823903|2025|30,6651|5823903|2025|60,2025|30,2025|60,RAHAL_LETTERMAN_LANIGAN,MEYER_SHANK_RACING,A_ONLY,MIXED_AB,131.0015001296997,BETWEEN_GT5,4,11.0,2,TIER2_EXTENDED
DIFF_TEAM,6651,2025,2025_SECONDARY,PRACTICE,5823903,6651|5823903|2025|30,6651|5823903|2025|66,2025|30,2025|66,RAHAL_LETTERMAN_LANIGAN,MEYER_SHANK_RACING,A_ONLY,B_ONLY,153.64800024032593,BETWEEN_GT5,4,20.5,2,TIER2_EXTENDED
DIFF_TEAM,6651,2025,2025_SECONDARY,PRACTICE,5823903,6651|5823903|2025|30,6651|5823903|2025|8,2025|30,2025|8,RAHAL_LETTERMAN_LANIGAN,CHIP_GANASSI_RACING,A_ONLY,MIXED_AB,156.16100025177002,BETWEEN_GT5,4,26.5,2,TIER2_EXTENDED
DIFF_TEAM,6651,2025,2025_SECONDARY,PRACTICE,5823903,6651|5823903|2025|30,6651|5823903|2025|9,2025|30,2025|9,RAHAL_LETTERMAN_LANIGAN,CHIP_GANASSI_RACING,A_ONLY,A_ONLY,172.93950009346008,BETWEEN_GT5,4,34.5,2,TIER2_EXTENDED
DIFF_TEAM,6651,2025,2025_SECONDARY,PRACTICE,5823903,6651|5823903|2025|6,6651|5823903|2025|60,2025|6,2025|60,ARROW_MCLAREN_SPM,MEYER_SHANK_RACING,B_ONLY,MIXED_AB,91.52549982070923,BETWEEN_3_5,3,6.0,2,TIER2_EXTENDED
DIFF_TEAM,6651,2025,2025_SECONDARY,PRACTICE,5823903,6651|5823903|2025|6,6651|5823903|2025|66,2025|6,2025|66,ARROW_MCLAREN_SPM,MEYER_SHANK_RACING,B_ONLY,B_ONLY,114.17199993133545,BETWEEN_3_5,3,10.0,2,TIER2_EXTENDED
DIFF_TEAM,6651,2025,2025_SECONDARY,PRACTICE,5823903,6651|5823903|2025|6,6651|5823903|2025|8,2025|6,2025|8,ARROW_MCLAREN_SPM,CHIP_GANASSI_RACING,B_ONLY,MIXED_AB,116.68499994277954,BETWEEN_GT5,4,14.0,2,TIER2_EXTENDED
DIFF_TEAM,6651,2025,2025_SECONDARY,PRACTICE,5823903,6651|5823903|2025|6,6651|5823903|2025|9,2025|6,2025|9,ARROW_MCLAREN_SPM,CHIP_GANASSI_RACING,B_ONLY,A_ONLY,133.4634997844696,BETWEEN_GT5,4,22.0,2,TIER2_EXTENDED
SAME_TEAM,6651,2025,2025_SECONDARY,PRACTICE,5823903,6651|5823903|2025|60,6651|5823903|2025|66,2025|60,2025|66,MEYER_SHANK_RACING,MEYER_SHANK_RACING,MIXED_AB,B_ONLY,22.64650011062622,CONSECUTIVE,1,0.0,2,TIER2_EXTENDED
DIFF_TEAM,6651,2025,2025_SECONDARY,PRACTICE,5823903,6651|5823903|2025|60,6651|5823903|2025|8,2025|60,2025|8,MEYER_SHANK_RACING,CHIP_GANASSI_RACING,MIXED_AB,MIXED_AB,25.159500122070312,BETWEEN_3_5,3,3.0,2,TIER2_EXTENDED
DIFF_TEAM,6651,2025,2025_SECONDARY,PRACTICE,5823903,6651|5823903|2025|60,6651|5823903|2025|9,2025|60,2025|9,MEYER_SHANK_RACING,CHIP_GANASSI_RACING,MIXED_AB,A_ONLY,41.937999963760376,SAME_UPDATE,0,0.0,2,TIER2_EXTENDED
DIFF_TEAM,6651,2025,2025_SECONDARY,PRACTICE,5823903,6651|5823903|2025|66,6651|5823903|2025|8,2025|66,2025|8,MEYER_SHANK_RACING,CHIP_GANASSI_RACING,B_ONLY,MIXED_AB,2.513000011444092,BETWEEN_1_2,2,1.5,2,TIER2_EXTENDED
DIFF_TEAM,6651,2025,2025_SECONDARY,PRACTICE,5823903,6651|5823903|2025|66,6651|5823903|2025|9,2025|66,2025|9,MEYER_SHANK_RACING,CHIP_GANASSI_RACING,B_ONLY,A_ONLY,19.291499853134155,CONSECUTIVE,1,0.0,2,TIER2_EXTENDED
SAME_TEAM,6651,2025,2025_SECONDARY,PRACTICE,5823903,6651|5823903|2025|8,6651|5823903|2025|9,2025|8,2025|9,CHIP_GANASSI_RACING,CHIP_GANASSI_RACING,MIXED_AB,A_ONLY,16.778499841690063,BETWEEN_3_5,3,3.5,2,TIER2_EXTENDED
DIFF_TEAM,6651,2025,2025_SECONDARY,PRACTICE,5823904,6651|5823904|2025|17,6651|5823904|2025|26,2025|17,2025|26,ARROW_MCLAREN_SPM,ANDRETTI,B_ONLY,A_ONLY,46.99899983406067,BETWEEN_1_2,2,3.5,1,TIER2_EXTENDED
DIFF_TEAM,6651,2025,2025_SECONDARY,PRACTICE,5823904,6651|5823904|2025|17,6651|5823904|2025|60,2025|17,2025|60,ARROW_MCLAREN_SPM,MEYER_SHANK_RACING,B_ONLY,A_ONLY,0.8405001163482666,SAME_UPDATE,0,0.0,1,TIER2_EXTENDED
DIFF_TEAM,6651,2025,2025_SECONDARY,PRACTICE,5823904,6651|5823904|2025|17,6651|5823904|2025|8,2025|17,2025|8,ARROW_MCLAREN_SPM,CHIP_GANASSI_RACING,B_ONLY,A_ONLY,2.5255000591278076,CONSECUTIVE,1,1.0,1,TIER2_EXTENDED
DIFF_TEAM,6651,2025,2025_SECONDARY,PRACTICE,5823904,6651|5823904|2025|17,6651|5823904|2025|9,2025|17,2025|9,ARROW_MCLAREN_SPM,CHIP_GANASSI_RACING,B_ONLY,A_ONLY,104.20049977302551,SAME_UPDATE,0,0.0,1,TIER2_EXTENDED
DIFF_TEAM,6651,2025,2025_SECONDARY,PRACTICE,5823904,6651|5823904|2025|26,6651|5823904|2025|60,2025|26,2025|60,ANDRETTI,MEYER_SHANK_RACING,A_ONLY,A_ONLY,47.839499950408936,BETWEEN_GT5,4,14.0,1,TIER2_EXTENDED
DIFF_TEAM,6651,2025,2025_SECONDARY,PRACTICE,5823904,6651|5823904|2025|26,6651|5823904|2025|8,2025|26,2025|8,ANDRETTI,CHIP_GANASSI_RACING,A_ONLY,A_ONLY,44.47349977493286,CONSECUTIVE,1,6.0,1,TIER2_EXTENDED
DIFF_TEAM,6651,2025,2025_SECONDARY,PRACTICE,5823904,6651|5823904|2025|26,6651|5823904|2025|9,2025|26,2025|9,ANDRETTI,CHIP_GANASSI_RACING,A_ONLY,A_ONLY,57.201499938964844,BETWEEN_1_2,2,3.0,1,TIER2_EXTENDED
DIFF_TEAM,6651,2025,2025_SECONDARY,PRACTICE,5823904,6651|5823904|2025|60,6651|5823904|2025|8,2025|60,2025|8,MEYER_SHANK_RACING,CHIP_GANASSI_RACING,A_ONLY,A_ONLY,3.366000175476074,BETWEEN_1_2,2,4.5,1,TIER2_EXTENDED
DIFF_TEAM,6651,2025,2025_SECONDARY,PRACTICE,5823904,6651|5823904|2025|60,6651|5823904|2025|9,2025|60,2025|9,MEYER_SHANK_RACING,CHIP_GANASSI_RACING,A_ONLY,A_ONLY,105.04099988937378,CONSECUTIVE,1,0.0,1,TIER2_EXTENDED
SAME_TEAM,6651,2025,2025_SECONDARY,PRACTICE,5823904,6651|5823904|2025|8,6651|5823904|2025|9,2025|8,2025|9,CHIP_GANASSI_RACING,CHIP_GANASSI_RACING,A_ONLY,A_ONLY,101.6749997138977,CONSECUTIVE,1,0.0,1,TIER2_EXTENDED
DIFF_TEAM,6653,2025,2025_SECONDARY,PRACTICE,5824142,6653|5824142|2025|10,6653|5824142|2025|21,2025|10,2025|21,CHIP_GANASSI_RACING,ED_CARPENTER_RACING,A_ONLY,A_ONLY,18.463000059127808,BETWEEN_1_2,2,2.0,3,TIER2_EXTENDED
DIFF_TEAM,6653,2025,2025_SECONDARY,PRACTICE,5824142,6653|5824142|2025|10,6653|5824142|2025|27,2025|10,2025|27,CHIP_GANASSI_RACING,ANDRETTI,A_ONLY,A_ONLY,88.94900012016296,BETWEEN_3_5,3,5.0,3,TIER2_EXTENDED
DIFF_TEAM,6653,2025,2025_SECONDARY,PRACTICE,5824142,6653|5824142|2025|10,6653|5824142|2025|4,2025|10,2025|4,CHIP_GANASSI_RACING,AJ_FOYT,A_ONLY,MIXED_AB,129.24900007247925,BETWEEN_GT5,4,9.0,3,TIER2_EXTENDED
DIFF_TEAM,6653,2025,2025_SECONDARY,PRACTICE,5824142,6653|5824142|2025|10,6653|5824142|2025|5,2025|10,2025|5,CHIP_GANASSI_RACING,ARROW_MCLAREN_SPM,A_ONLY,A_ONLY,38.604000091552734,CONSECUTIVE,1,0.0,3,TIER2_EXTENDED
DIFF_TEAM,6653,2025,2025_SECONDARY,PRACTICE,5824142,6653|5824142|2025|10,6653|5824142|2025|6,2025|10,2025|6,CHIP_GANASSI_RACING,ARROW_MCLAREN_SPM,A_ONLY,A_ONLY,172.89599990844727,BETWEEN_GT5,4,20.0,3,TIER2_EXTENDED
SAME_TEAM,6653,2025,2025_SECONDARY,PRACTICE,5824142,6653|5824142|2025|10,6653|5824142|2025|8,2025|10,2025|8,CHIP_GANASSI_RACING,CHIP_GANASSI_RACING,A_ONLY,B_ONLY,151.07050013542175,BETWEEN_GT5,4,20.0,3,TIER2_EXTENDED
DIFF_TEAM,6653,2025,2025_SECONDARY,PRACTICE,5824142,6653|5824142|2025|21,6653|5824142|2025|27,2025|21,2025|27,ED_CARPENTER_RACING,ANDRETTI,A_ONLY,A_ONLY,70.48600006103516,BETWEEN_1_2,2,2.0,3,TIER2_EXTENDED
DIFF_TEAM,6653,2025,2025_SECONDARY,PRACTICE,5824142,6653|5824142|2025|21,6653|5824142|2025|4,2025|21,2025|4,ED_CARPENTER_RACING,AJ_FOYT,A_ONLY,MIXED_AB,110.78600001335144,BETWEEN_GT5,4,6.0,3,TIER2_EXTENDED
DIFF_TEAM,6653,2025,2025_SECONDARY,PRACTICE,5824142,6653|5824142|2025|21,6653|5824142|2025|5,2025|21,2025|5,ED_CARPENTER_RACING,ARROW_MCLAREN_SPM,A_ONLY,A_ONLY,20.141000032424927,BETWEEN_3_5,3,4.0,3,TIER2_EXTENDED
DIFF_TEAM,6653,2025,2025_SECONDARY,PRACTICE,5824142,6653|5824142|2025|21,6653|5824142|2025|6,2025|21,2025|6,ED_CARPENTER_RACING,ARROW_MCLAREN_SPM,A_ONLY,A_ONLY,154.43299984931946,BETWEEN_GT5,4,17.0,3,TIER2_EXTENDED
DIFF_TEAM,6653,2025,2025_SECONDARY,PRACTICE,5824142,6653|5824142|2025|21,6653|5824142|2025|8,2025|21,2025|8,ED_CARPENTER_RACING,CHIP_GANASSI_RACING,A_ONLY,B_ONLY,132.60750007629395,BETWEEN_GT5,4,17.0,3,TIER2_EXTENDED
DIFF_TEAM,6653,2025,2025_SECONDARY,PRACTICE,5824142,6653|5824142|2025|27,6653|5824142|2025|4,2025|27,2025|4,ANDRETTI,AJ_FOYT,A_ONLY,MIXED_AB,40.299999952316284,BETWEEN_3_5,3,3.0,3,TIER2_EXTENDED
DIFF_TEAM,6653,2025,2025_SECONDARY,PRACTICE,5824142,6653|5824142|2025|27,6653|5824142|2025|5,2025|27,2025|5,ANDRETTI,ARROW_MCLAREN_SPM,A_ONLY,A_ONLY,50.34500002861023,BETWEEN_1_2,2,4.0,3,TIER2_EXTENDED
DIFF_TEAM,6653,2025,2025_SECONDARY,PRACTICE,5824142,6653|5824142|2025|27,6653|5824142|2025|6,2025|27,2025|6,ANDRETTI,ARROW_MCLAREN_SPM,A_ONLY,A_ONLY,83.9469997882843,BETWEEN_1_2,2,3.5,3,TIER2_EXTENDED
DIFF_TEAM,6653,2025,2025_SECONDARY,PRACTICE,5824142,6653|5824142|2025|27,6653|5824142|2025|8,2025|27,2025|8,ANDRETTI,CHIP_GANASSI_RACING,A_ONLY,B_ONLY,62.12150001525879,BETWEEN_1_2,2,4.0,3,TIER2_EXTENDED
DIFF_TEAM,6653,2025,2025_SECONDARY,PRACTICE,5824142,6653|5824142|2025|4,6653|5824142|2025|5,2025|4,2025|5,AJ_FOYT,ARROW_MCLAREN_SPM,MIXED_AB,A_ONLY,90.64499998092651,BETWEEN_GT5,4,9.0,3,TIER2_EXTENDED
DIFF_TEAM,6653,2025,2025_SECONDARY,PRACTICE,5824142,6653|5824142|2025|4,6653|5824142|2025|6,2025|4,2025|6,AJ_FOYT,ARROW_MCLAREN_SPM,MIXED_AB,A_ONLY,43.64699983596802,BETWEEN_1_2,2,1.0,3,TIER2_EXTENDED
DIFF_TEAM,6653,2025,2025_SECONDARY,PRACTICE,5824142,6653|5824142|2025|4,6653|5824142|2025|8,2025|4,2025|8,AJ_FOYT,CHIP_GANASSI_RACING,MIXED_AB,B_ONLY,21.821500062942505,CONSECUTIVE,1,0.0,3,TIER2_EXTENDED
SAME_TEAM,6653,2025,2025_SECONDARY,PRACTICE,5824142,6653|5824142|2025|5,6653|5824142|2025|6,2025|5,2025|6,ARROW_MCLAREN_SPM,ARROW_MCLAREN_SPM,A_ONLY,A_ONLY,134.29199981689453,BETWEEN_GT5,4,12.0,3,TIER2_EXTENDED
DIFF_TEAM,6653,2025,2025_SECONDARY,PRACTICE,5824142,6653|5824142|2025|5,6653|5824142|2025|8,2025|5,2025|8,ARROW_MCLAREN_SPM,CHIP_GANASSI_RACING,A_ONLY,B_ONLY,112.46650004386902,BETWEEN_GT5,4,12.0,3,TIER2_EXTENDED
DIFF_TEAM,6653,2025,2025_SECONDARY,PRACTICE,5824142,6653|5824142|2025|6,6653|5824142|2025|8,2025|6,2025|8,ARROW_MCLAREN_SPM,CHIP_GANASSI_RACING,A_ONLY,B_ONLY,21.825499773025513,CONSECUTIVE,1,0.0,3,TIER2_EXTENDED
DIFF_TEAM,6653,2025,2025_SECONDARY,PRACTICE,5824143,6653|5824143|2025|10,6653|5824143|2025|21,2025|10,2025|21,CHIP_GANASSI_RACING,ED_CARPENTER_RACING,A_ONLY,A_ONLY,39.44199991226196,BETWEEN_3_5,3,3.5,3,TIER2_EXTENDED
DIFF_TEAM,6653,2025,2025_SECONDARY,PRACTICE,5824143,6653|5824143|2025|10,6653|5824143|2025|5,2025|10,2025|5,CHIP_GANASSI_RACING,ARROW_MCLAREN_SPM,A_ONLY,A_ONLY,59.567999839782715,BETWEEN_3_5,3,8.5,3,TIER2_EXTENDED
DIFF_TEAM,6653,2025,2025_SECONDARY,PRACTICE,5824143,6653|5824143|2025|10,6653|5824143|2025|60,2025|10,2025|60,CHIP_GANASSI_RACING,MEYER_SHANK_RACING,A_ONLY,A_ONLY,66.3345000743866,BETWEEN_3_5,3,3.0,3,TIER2_EXTENDED
DIFF_TEAM,6653,2025,2025_SECONDARY,PRACTICE,5824143,6653|5824143|2025|10,6653|5824143|2025|66,2025|10,2025|66,CHIP_GANASSI_RACING,MEYER_SHANK_RACING,A_ONLY,B_ONLY,174.53800010681152,BETWEEN_GT5,4,28.5,3,TIER2_EXTENDED
DIFF_TEAM,6653,2025,2025_SECONDARY,PRACTICE,5824143,6653|5824143|2025|21,6653|5824143|2025|5,2025|21,2025|5,ED_CARPENTER_RACING,ARROW_MCLAREN_SPM,A_ONLY,A_ONLY,20.125999927520752,BETWEEN_3_5,3,4.0,3,TIER2_EXTENDED
DIFF_TEAM,6653,2025,2025_SECONDARY,PRACTICE,5824143,6653|5824143|2025|21,6653|5824143|2025|60,2025|21,2025|60,ED_CARPENTER_RACING,MEYER_SHANK_RACING,A_ONLY,A_ONLY,105.77649998664856,BETWEEN_GT5,4,6.0,3,TIER2_EXTENDED
DIFF_TEAM,6653,2025,2025_SECONDARY,PRACTICE,5824143,6653|5824143|2025|21,6653|5824143|2025|66,2025|21,2025|66,ED_CARPENTER_RACING,MEYER_SHANK_RACING,A_ONLY,B_ONLY,213.9800000190735,BETWEEN_GT5,4,36.0,3,TIER2_EXTENDED
DIFF_TEAM,6653,2025,2025_SECONDARY,PRACTICE,5824143,6653|5824143|2025|5,6653|5824143|2025|60,2025|5,2025|60,ARROW_MCLAREN_SPM,MEYER_SHANK_RACING,A_ONLY,A_ONLY,125.90249991416931,BETWEEN_GT5,4,8.0,3,TIER2_EXTENDED
DIFF_TEAM,6653,2025,2025_SECONDARY,PRACTICE,5824143,6653|5824143|2025|5,6653|5824143|2025|66,2025|5,2025|66,ARROW_MCLAREN_SPM,MEYER_SHANK_RACING,A_ONLY,B_ONLY,234.10599994659424,BETWEEN_GT5,4,38.0,3,TIER2_EXTENDED
SAME_TEAM,6653,2025,2025_SECONDARY,PRACTICE,5824143,6653|5824143|2025|60,6653|5824143|2025|66,2025|60,2025|66,MEYER_SHANK_RACING,MEYER_SHANK_RACING,A_ONLY,B_ONLY,108.20350003242493,BETWEEN_GT5,4,16.5,3,TIER2_EXTENDED
DIFF_TEAM,6653,2025,2025_SECONDARY,PRACTICE,5824144,6653|5824144|2025|66,6653|5824144|2025|98,2025|66,2025|98,MEYER_SHANK_RACING,ANDRETTI,B_ONLY,A_ONLY,242.52499985694885,BETWEEN_GT5,4,37.0,2,TIER2_EXTENDED
DIFF_TEAM,6653,2025,2025_SECONDARY,PRACTICE,5824145,6653|5824145|2025|18,6653|5824145|2025|77,2025|18,2025|77,DALE_COYNE_RACING,JUNCOS_HOLLINGER_RACING,B_ONLY,B_ONLY,39.450000286102295,CONSECUTIVE,1,0.0,2,TIER2_EXTENDED
DIFF_TEAM,6653,2025,2025_SECONDARY,PRACTICE,5824145,6653|5824145|2025|18,6653|5824145|2025|98,2025|18,2025|98,DALE_COYNE_RACING,ANDRETTI,B_ONLY,A_ONLY,57.91849994659424,CONSECUTIVE,1,5.0,2,TIER2_EXTENDED
DIFF_TEAM,6653,2025,2025_SECONDARY,PRACTICE,5824145,6653|5824145|2025|77,6653|5824145|2025|98,2025|77,2025|98,JUNCOS_HOLLINGER_RACING,ANDRETTI,B_ONLY,A_ONLY,97.36850023269653,BETWEEN_GT5,4,14.0,2,TIER2_EXTENDED
DIFF_TEAM,6653,2025,2025_SECONDARY,PRACTICE,5824146,6653|5824146|2025|24,6653|5824146|2025|26,2025|24,2025|26,DREYER_REINBOLD_RACING,ANDRETTI,A_ONLY,A_ONLY,162.80600023269653,BETWEEN_GT5,4,35.0,2,TIER2_EXTENDED
DIFF_TEAM,6653,2025,2025_SECONDARY,PRACTICE,5824146,6653|5824146|2025|24,6653|5824146|2025|60,2025|24,2025|60,DREYER_REINBOLD_RACING,MEYER_SHANK_RACING,A_ONLY,B_ONLY,62.93900012969971,BETWEEN_GT5,4,7.5,2,TIER2_EXTENDED
DIFF_TEAM,6653,2025,2025_SECONDARY,PRACTICE,5824146,6653|5824146|2025|26,6653|5824146|2025|60,2025|26,2025|60,ANDRETTI,MEYER_SHANK_RACING,A_ONLY,B_ONLY,99.86700010299683,BETWEEN_GT5,4,9.0,2,TIER2_EXTENDED
DIFF_TEAM,6653,2025,2025_SECONDARY,PRACTICE,5824147,6653|5824147|2025|20,6653|5824147|2025|26,2025|20,2025|26,ED_CARPENTER_RACING,ANDRETTI,A_ONLY,A_ONLY,233.28900003433228,BETWEEN_GT5,4,44.0,1,TIER2_EXTENDED
DIFF_TEAM,6653,2025,2025_SECONDARY,PRACTICE,5824147,6653|5824147|2025|20,6653|5824147|2025|30,2025|20,2025|30,ED_CARPENTER_RACING,RAHAL_LETTERMAN_LANIGAN,A_ONLY,A_ONLY,139.3159999847412,BETWEEN_GT5,4,6.0,1,TIER2_EXTENDED
DIFF_TEAM,6653,2025,2025_SECONDARY,PRACTICE,5824147,6653|5824147|2025|20,6653|5824147|2025|9,2025|20,2025|9,ED_CARPENTER_RACING,CHIP_GANASSI_RACING,A_ONLY,A_ONLY,20.98300004005432,SAME_UPDATE,0,0.0,1,TIER2_EXTENDED
DIFF_TEAM,6653,2025,2025_SECONDARY,PRACTICE,5824147,6653|5824147|2025|26,6653|5824147|2025|30,2025|26,2025|30,ANDRETTI,RAHAL_LETTERMAN_LANIGAN,A_ONLY,A_ONLY,93.97300004959106,CONSECUTIVE,1,0.0,1,TIER2_EXTENDED
DIFF_TEAM,6653,2025,2025_SECONDARY,PRACTICE,5824147,6653|5824147|2025|26,6653|5824147|2025|9,2025|26,2025|9,ANDRETTI,CHIP_GANASSI_RACING,A_ONLY,A_ONLY,212.30599999427795,BETWEEN_GT5,4,30.0,1,TIER2_EXTENDED
DIFF_TEAM,6653,2025,2025_SECONDARY,PRACTICE,5824147,6653|5824147|2025|30,6653|5824147|2025|9,2025|30,2025|9,RAHAL_LETTERMAN_LANIGAN,CHIP_GANASSI_RACING,A_ONLY,A_ONLY,118.33299994468689,BETWEEN_GT5,4,8.0,1,TIER2_EXTENDED
DIFF_TEAM,6653,2025,2025_SECONDARY,PRACTICE,5824148,6653|5824148|2025|12,6653|5824148|2025|20,2025|12,2025|20,TEAM_PENSKE,ED_CARPENTER_RACING,B_ONLY,A_ONLY,203.9394998550415,BETWEEN_GT5,4,45.5,2,TIER2_EXTENDED
DIFF_TEAM,6653,2025,2025_SECONDARY,PRACTICE,5824148,6653|5824148|2025|12,6653|5824148|2025|8,2025|12,2025|8,TEAM_PENSKE,CHIP_GANASSI_RACING,B_ONLY,A_ONLY,7.563499927520752,BETWEEN_1_2,2,1.5,2,TIER2_EXTENDED
DIFF_TEAM,6653,2025,2025_SECONDARY,PRACTICE,5824148,6653|5824148|2025|20,6653|5824148|2025|8,2025|20,2025|8,ED_CARPENTER_RACING,CHIP_GANASSI_RACING,A_ONLY,A_ONLY,196.37599992752075,BETWEEN_GT5,4,34.0,2,TIER2_EXTENDED
DIFF_TEAM,6653,2025,2025_SECONDARY,PRACTICE,5824150,6653|5824150|2025|12,6653|5824150|2025|5,2025|12,2025|5,TEAM_PENSKE,ARROW_MCLAREN_SPM,A_ONLY,A_ONLY,41.992000102996826,SAME_UPDATE,0,0.0,1,TIER2_EXTENDED
DIFF_TEAM,6653,2025,2025_SECONDARY,PRACTICE,5824151,6653|5824151|2025|12,6653|5824151|2025|5,2025|12,2025|5,TEAM_PENSKE,ARROW_MCLAREN_SPM,A_ONLY,MIXED_AB,20.131999969482422,SAME_UPDATE,0,0.0,2,TIER2_EXTENDED
DIFF_TEAM,6653,2025,2025_SECONDARY,PRACTICE,5824151,6653|5824151|2025|12,6653|5824151|2025|8,2025|12,2025|8,TEAM_PENSKE,CHIP_GANASSI_RACING,A_ONLY,A_ONLY,13.42549991607666,CONSECUTIVE,1,0.5,2,TIER2_EXTENDED
DIFF_TEAM,6653,2025,2025_SECONDARY,PRACTICE,5824151,6653|5824151|2025|5,6653|5824151|2025|8,2025|5,2025|8,ARROW_MCLAREN_SPM,CHIP_GANASSI_RACING,MIXED_AB,A_ONLY,6.706500053405762,BETWEEN_1_2,2,1.0,2,TIER2_EXTENDED
DIFF_TEAM,6653,2025,2025_SECONDARY,PRACTICE,5824154,6653|5824154|2025|21,6653|5824154|2025|83,2025|21,2025|83,ED_CARPENTER_RACING,PREMA_RACING,A_ONLY,A_ONLY,72.2039999961853,BETWEEN_1_2,2,2.0,2,TIER2_EXTENDED
DIFF_TEAM,6653,2025,2025_SECONDARY,PRACTICE,5824155,6653|5824155|2025|21,6653|5824155|2025|3,2025|21,2025|3,ED_CARPENTER_RACING,TEAM_PENSKE,A_ONLY,A_ONLY,26.02150011062622,BETWEEN_1_2,2,1.0,2,TIER2_EXTENDED
DIFF_TEAM,6653,2025,2025_SECONDARY,PRACTICE,5824155,6653|5824155|2025|21,6653|5824155|2025|83,2025|21,2025|83,ED_CARPENTER_RACING,PREMA_RACING,A_ONLY,MIXED_AB,51.20700001716614,BETWEEN_1_2,2,2.0,2,TIER2_EXTENDED
DIFF_TEAM,6653,2025,2025_SECONDARY,PRACTICE,5824155,6653|5824155|2025|3,6653|5824155|2025|83,2025|3,2025|83,TEAM_PENSKE,PREMA_RACING,A_ONLY,MIXED_AB,77.22850012779236,BETWEEN_3_5,3,7.5,2,TIER2_EXTENDED
DIFF_TEAM,6653,2025,2025_SECONDARY,PRACTICE,5824158,6653|5824158|2025|15,6653|5824158|2025|83,2025|15,2025|83,RAHAL_LETTERMAN_LANIGAN,PREMA_RACING,B_ONLY,A_ONLY,35.25,BETWEEN_1_2,2,2.0,2,TIER2_EXTENDED
DIFF_TEAM,6653,2025,2025_SECONDARY,PRACTICE,5824160,6653|5824160|2025|06,6653|5824160|2025|18,2025|06,2025|18,MEYER_SHANK_RACING,DALE_COYNE_RACING,B_ONLY,A_ONLY,0.0,SAME_UPDATE,0,0.0,2,TIER2_EXTENDED
DIFF_TEAM,6653,2025,2025_SECONDARY,PRACTICE,5824161,6653|5824161|2025|06,6653|5824161|2025|17,2025|06,2025|17,MEYER_SHANK_RACING,ARROW_MCLAREN_SPM,B_ONLY,A_ONLY,65.45949983596802,BETWEEN_1_2,2,2.0,2,TIER2_EXTENDED
DIFF_TEAM,6653,2025,2025_SECONDARY,PRACTICE,5824161,6653|5824161|2025|06,6653|5824161|2025|18,2025|06,2025|18,MEYER_SHANK_RACING,DALE_COYNE_RACING,B_ONLY,A_ONLY,0.0,SAME_UPDATE,0,0.0,2,TIER2_EXTENDED
DIFF_TEAM,6653,2025,2025_SECONDARY,PRACTICE,5824161,6653|5824161|2025|17,6653|5824161|2025|18,2025|17,2025|18,ARROW_MCLAREN_SPM,DALE_COYNE_RACING,A_ONLY,A_ONLY,65.45949983596802,BETWEEN_GT5,4,16.0,2,TIER2_EXTENDED
SAME_TEAM,6654,2025,2025_SECONDARY,PRACTICE,5824416,6654|5824416|2025|26,6654|5824416|2025|28,2025|26,2025|28,ANDRETTI,ANDRETTI,A_ONLY,A_ONLY,22.461000204086304,BETWEEN_1_2,2,2.0,2,TIER2_EXTENDED
DIFF_TEAM,6654,2025,2025_SECONDARY,PRACTICE,5824418,6654|5824418|2025|10,6654|5824418|2025|20,2025|10,2025|20,CHIP_GANASSI_RACING,ED_CARPENTER_RACING,A_ONLY,B_ONLY,83.09600019454956,CONSECUTIVE,1,6.5,2,TIER2_EXTENDED
DIFF_TEAM,6654,2025,2025_SECONDARY,PRACTICE,5824418,6654|5824418|2025|10,6654|5824418|2025|45,2025|10,2025|45,CHIP_GANASSI_RACING,RAHAL_LETTERMAN_LANIGAN,A_ONLY,A_ONLY,60.4370002746582,BETWEEN_GT5,4,10.5,2,TIER2_EXTENDED
DIFF_TEAM,6654,2025,2025_SECONDARY,PRACTICE,5824418,6654|5824418|2025|10,6654|5824418|2025|60,2025|10,2025|60,CHIP_GANASSI_RACING,MEYER_SHANK_RACING,A_ONLY,A_ONLY,20.163999795913696,SAME_UPDATE,0,0.0,2,TIER2_EXTENDED
SAME_TEAM,6654,2025,2025_SECONDARY,PRACTICE,5824418,6654|5824418|2025|10,6654|5824418|2025|8,2025|10,2025|8,CHIP_GANASSI_RACING,CHIP_GANASSI_RACING,A_ONLY,A_ONLY,120.35199975967407,BETWEEN_GT5,4,32.0,2,TIER2_EXTENDED
DIFF_TEAM,6654,2025,2025_SECONDARY,PRACTICE,5824418,6654|5824418|2025|20,6654|5824418|2025|45,2025|20,2025|45,ED_CARPENTER_RACING,RAHAL_LETTERMAN_LANIGAN,B_ONLY,A_ONLY,22.658999919891357,BETWEEN_GT5,4,9.0,2,TIER2_EXTENDED
DIFF_TEAM,6654,2025,2025_SECONDARY,PRACTICE,5824418,6654|5824418|2025|20,6654|5824418|2025|60,2025|20,2025|60,ED_CARPENTER_RACING,MEYER_SHANK_RACING,B_ONLY,A_ONLY,103.25999999046326,CONSECUTIVE,1,5.0,2,TIER2_EXTENDED
DIFF_TEAM,6654,2025,2025_SECONDARY,PRACTICE,5824418,6654|5824418|2025|20,6654|5824418|2025|8,2025|20,2025|8,ED_CARPENTER_RACING,CHIP_GANASSI_RACING,B_ONLY,A_ONLY,203.44799995422363,BETWEEN_GT5,4,60.0,2,TIER2_EXTENDED
DIFF_TEAM,6654,2025,2025_SECONDARY,PRACTICE,5824418,6654|5824418|2025|45,6654|5824418|2025|60,2025|45,2025|60,RAHAL_LETTERMAN_LANIGAN,MEYER_SHANK_RACING,A_ONLY,A_ONLY,80.6010000705719,BETWEEN_GT5,4,10.5,2,TIER2_EXTENDED
DIFF_TEAM,6654,2025,2025_SECONDARY,PRACTICE,5824418,6654|5824418|2025|45,6654|5824418|2025|8,2025|45,2025|8,RAHAL_LETTERMAN_LANIGAN,CHIP_GANASSI_RACING,A_ONLY,A_ONLY,180.78900003433228,BETWEEN_GT5,4,59.0,2,TIER2_EXTENDED
DIFF_TEAM,6654,2025,2025_SECONDARY,PRACTICE,5824418,6654|5824418|2025|60,6654|5824418|2025|8,2025|60,2025|8,MEYER_SHANK_RACING,CHIP_GANASSI_RACING,A_ONLY,A_ONLY,100.18799996376038,BETWEEN_GT5,4,25.0,2,TIER2_EXTENDED
DIFF_TEAM,6654,2025,2025_SECONDARY,PRACTICE,5824419,6654|5824419|2025|33,6654|5824419|2025|66,2025|33,2025|66,ED_CARPENTER_RACING,MEYER_SHANK_RACING,B_ONLY,A_ONLY,63.785500049591064,CONSECUTIVE,1,4.5,2,TIER2_EXTENDED
DIFF_TEAM,6654,2025,2025_SECONDARY,PRACTICE,5824420,6654|5824420|2025|28,6654|5824420|2025|66,2025|28,2025|66,ANDRETTI,MEYER_SHANK_RACING,B_ONLY,A_ONLY,82.34150004386902,BETWEEN_GT5,4,12.0,1,TIER2_EXTENDED
DIFF_TEAM,6654,2025,2025_SECONDARY,PRACTICE,5824420,6654|5824420|2025|28,6654|5824420|2025|90,2025|28,2025|90,ANDRETTI,PREMA_RACING,B_ONLY,A_ONLY,174.5994999408722,BETWEEN_GT5,4,32.5,1,TIER2_EXTENDED
DIFF_TEAM,6654,2025,2025_SECONDARY,PRACTICE,5824420,6654|5824420|2025|66,6654|5824420|2025|90,2025|66,2025|90,MEYER_SHANK_RACING,PREMA_RACING,A_ONLY,A_ONLY,256.9409999847412,BETWEEN_GT5,4,46.0,1,TIER2_EXTENDED
DIFF_TEAM,6654,2025,2025_SECONDARY,PRACTICE,5824423,6654|5824423|2025|21,6654|5824423|2025|24,2025|21,2025|24,ED_CARPENTER_RACING,DREYER_REINBOLD_RACING,B_ONLY,A_ONLY,109.94299983978271,BETWEEN_GT5,4,20.5,1,TIER2_EXTENDED
DIFF_TEAM,6654,2025,2025_SECONDARY,PRACTICE,5824424,6654|5824424|2025|24,6654|5824424|2025|98,2025|24,2025|98,DREYER_REINBOLD_RACING,ANDRETTI,A_ONLY,B_ONLY,210.64049983024597,BETWEEN_GT5,4,23.5,2,TIER2_EXTENDED
DIFF_TEAM,6654,2025,2025_SECONDARY,PRACTICE,5824435,6654|5824435|2025|6,6654|5824435|2025|9,2025|6,2025|9,ARROW_MCLAREN_SPM,CHIP_GANASSI_RACING,MIXED_AB,B_ONLY,103.2279999256134,BETWEEN_GT5,4,12.0,1,TIER2_EXTENDED
DIFF_TEAM,6654,2025,2025_SECONDARY,PRACTICE,5824436,6654|5824436|2025|3,6654|5824436|2025|6,2025|3,2025|6,TEAM_PENSKE,ARROW_MCLAREN_SPM,A_ONLY,A_ONLY,109.01200008392334,BETWEEN_GT5,4,8.0,2,TIER2_EXTENDED
DIFF_TEAM,6654,2025,2025_SECONDARY,PRACTICE,5824436,6654|5824436|2025|3,6654|5824436|2025|8,2025|3,2025|8,TEAM_PENSKE,CHIP_GANASSI_RACING,A_ONLY,B_ONLY,36.886499881744385,BETWEEN_3_5,3,3.0,2,TIER2_EXTENDED
DIFF_TEAM,6654,2025,2025_SECONDARY,PRACTICE,5824436,6654|5824436|2025|6,6654|5824436|2025|8,2025|6,2025|8,ARROW_MCLAREN_SPM,CHIP_GANASSI_RACING,A_ONLY,B_ONLY,145.89849996566772,BETWEEN_GT5,4,30.0,2,TIER2_EXTENDED
DIFF_TEAM,6654,2025,2025_SECONDARY,PRACTICE,5824437,6654|5824437|2025|3,6654|5824437|2025|8,2025|3,2025|8,TEAM_PENSKE,CHIP_GANASSI_RACING,A_ONLY,B_ONLY,39.41099977493286,CONSECUTIVE,1,0.0,2,TIER2_EXTENDED
SAME_TEAM,6654,2025,2025_SECONDARY,PRACTICE,5824443,6654|5824443|2025|17,6654|5824443|2025|7,2025|17,2025|7,ARROW_MCLAREN_SPM,ARROW_MCLAREN_SPM,A_ONLY,A_ONLY,83.12049984931946,BETWEEN_1_2,2,2.0,2,TIER2_EXTENDED
DIFF_TEAM,6654,2025,2025_SECONDARY,PRACTICE,5824465,6654|5824465|2025|06,6654|5824465|2025|21,2025|06,2025|21,MEYER_SHANK_RACING,ED_CARPENTER_RACING,B_ONLY,A_ONLY,19.207000017166138,CONSECUTIVE,1,0.0,1,TIER2_EXTENDED
DIFF_TEAM,6654,2025,2025_SECONDARY,PRACTICE,5824470,6654|5824470|2025|06,6654|5824470|2025|10,2025|06,2025|10,MEYER_SHANK_RACING,CHIP_GANASSI_RACING,A_ONLY,B_ONLY,20.00850009918213,CONSECUTIVE,1,0.0,2,TIER2_EXTENDED
DIFF_TEAM,6654,2025,2025_SECONDARY,PRACTICE,5824470,6654|5824470|2025|06,6654|5824470|2025|17,2025|06,2025|17,MEYER_SHANK_RACING,ARROW_MCLAREN_SPM,A_ONLY,B_ONLY,20.00850009918213,CONSECUTIVE,1,0.0,2,TIER2_EXTENDED
DIFF_TEAM,6654,2025,2025_SECONDARY,PRACTICE,5824470,6654|5824470|2025|06,6654|5824470|2025|77,2025|06,2025|77,MEYER_SHANK_RACING,JUNCOS_HOLLINGER_RACING,A_ONLY,MIXED_AB,71.9524998664856,BETWEEN_3_5,3,3.0,2,TIER2_EXTENDED
DIFF_TEAM,6654,2025,2025_SECONDARY,PRACTICE,5824470,6654|5824470|2025|06,6654|5824470|2025|8,2025|06,2025|8,MEYER_SHANK_RACING,CHIP_GANASSI_RACING,A_ONLY,B_ONLY,20.00850009918213,SAME_UPDATE,0,0.0,2,TIER2_EXTENDED
DIFF_TEAM,6654,2025,2025_SECONDARY,PRACTICE,5824470,6654|5824470|2025|10,6654|5824470|2025|17,2025|10,2025|17,CHIP_GANASSI_RACING,ARROW_MCLAREN_SPM,B_ONLY,B_ONLY,0.0,SAME_UPDATE,0,0.0,2,TIER2_EXTENDED
DIFF_TEAM,6654,2025,2025_SECONDARY,PRACTICE,5824470,6654|5824470|2025|10,6654|5824470|2025|77,2025|10,2025|77,CHIP_GANASSI_RACING,JUNCOS_HOLLINGER_RACING,B_ONLY,MIXED_AB,91.96099996566772,BETWEEN_1_2,2,1.0,2,TIER2_EXTENDED
SAME_TEAM,6654,2025,2025_SECONDARY,PRACTICE,5824470,6654|5824470|2025|10,6654|5824470|2025|8,2025|10,2025|8,CHIP_GANASSI_RACING,CHIP_GANASSI_RACING,B_ONLY,B_ONLY,0.0,CONSECUTIVE,1,0.0,2,TIER2_EXTENDED
DIFF_TEAM,6654,2025,2025_SECONDARY,PRACTICE,5824470,6654|5824470|2025|17,6654|5824470|2025|77,2025|17,2025|77,ARROW_MCLAREN_SPM,JUNCOS_HOLLINGER_RACING,B_ONLY,MIXED_AB,91.96099996566772,BETWEEN_1_2,2,1.0,2,TIER2_EXTENDED
DIFF_TEAM,6654,2025,2025_SECONDARY,PRACTICE,5824470,6654|5824470|2025|17,6654|5824470|2025|8,2025|17,2025|8,ARROW_MCLAREN_SPM,CHIP_GANASSI_RACING,B_ONLY,B_ONLY,0.0,CONSECUTIVE,1,0.0,2,TIER2_EXTENDED
DIFF_TEAM,6654,2025,2025_SECONDARY,PRACTICE,5824470,6654|5824470|2025|77,6654|5824470|2025|8,2025|77,2025|8,JUNCOS_HOLLINGER_RACING,CHIP_GANASSI_RACING,MIXED_AB,B_ONLY,91.96099996566772,BETWEEN_GT5,4,14.0,2,TIER2_EXTENDED
DIFF_TEAM,6654,2025,2025_SECONDARY,PRACTICE,5824471,6654|5824471|2025|06,6654|5824471|2025|10,2025|06,2025|10,MEYER_SHANK_RACING,CHIP_GANASSI_RACING,A_ONLY,B_ONLY,1.6699998378753662,CONSECUTIVE,1,0.0,1,TIER2_EXTENDED
DIFF_TEAM,6654,2025,2025_SECONDARY,PRACTICE,5824471,6654|5824471|2025|06,6654|5824471|2025|17,2025|06,2025|17,MEYER_SHANK_RACING,ARROW_MCLAREN_SPM,A_ONLY,B_ONLY,1.6699998378753662,CONSECUTIVE,1,0.0,1,TIER2_EXTENDED
DIFF_TEAM,6654,2025,2025_SECONDARY,PRACTICE,5824471,6654|5824471|2025|06,6654|5824471|2025|18,2025|06,2025|18,MEYER_SHANK_RACING,DALE_COYNE_RACING,A_ONLY,A_ONLY,228.65499997138977,BETWEEN_GT5,4,24.0,1,TIER2_EXTENDED
DIFF_TEAM,6654,2025,2025_SECONDARY,PRACTICE,5824471,6654|5824471|2025|06,6654|5824471|2025|8,2025|06,2025|8,MEYER_SHANK_RACING,CHIP_GANASSI_RACING,A_ONLY,B_ONLY,20.84850001335144,SAME_UPDATE,0,0.0,1,TIER2_EXTENDED
DIFF_TEAM,6654,2025,2025_SECONDARY,PRACTICE,5824471,6654|5824471|2025|10,6654|5824471|2025|17,2025|10,2025|17,CHIP_GANASSI_RACING,ARROW_MCLAREN_SPM,B_ONLY,B_ONLY,0.0,SAME_UPDATE,0,0.0,1,TIER2_EXTENDED
DIFF_TEAM,6654,2025,2025_SECONDARY,PRACTICE,5824471,6654|5824471|2025|10,6654|5824471|2025|18,2025|10,2025|18,CHIP_GANASSI_RACING,DALE_COYNE_RACING,B_ONLY,A_ONLY,230.32499980926514,BETWEEN_GT5,4,26.0,1,TIER2_EXTENDED
SAME_TEAM,6654,2025,2025_SECONDARY,PRACTICE,5824471,6654|5824471|2025|10,6654|5824471|2025|8,2025|10,2025|8,CHIP_GANASSI_RACING,CHIP_GANASSI_RACING,B_ONLY,B_ONLY,22.518499851226807,CONSECUTIVE,1,0.0,1,TIER2_EXTENDED
DIFF_TEAM,6654,2025,2025_SECONDARY,PRACTICE,5824471,6654|5824471|2025|17,6654|5824471|2025|18,2025|17,2025|18,ARROW_MCLAREN_SPM,DALE_COYNE_RACING,B_ONLY,A_ONLY,230.32499980926514,BETWEEN_GT5,4,26.0,1,TIER2_EXTENDED
DIFF_TEAM,6654,2025,2025_SECONDARY,PRACTICE,5824471,6654|5824471|2025|17,6654|5824471|2025|8,2025|17,2025|8,ARROW_MCLAREN_SPM,CHIP_GANASSI_RACING,B_ONLY,B_ONLY,22.518499851226807,CONSECUTIVE,1,0.0,1,TIER2_EXTENDED
DIFF_TEAM,6654,2025,2025_SECONDARY,PRACTICE,5824471,6654|5824471|2025|18,6654|5824471|2025|8,2025|18,2025|8,DALE_COYNE_RACING,CHIP_GANASSI_RACING,A_ONLY,B_ONLY,207.80649995803833,BETWEEN_GT5,4,22.0,1,TIER2_EXTENDED
DIFF_TEAM,6654,2025,2025_SECONDARY,PRACTICE,5824472,6654|5824472|2025|18,6654|5824472|2025|60,2025|18,2025|60,DALE_COYNE_RACING,MEYER_SHANK_RACING,A_ONLY,B_ONLY,44.239500284194946,CONSECUTIVE,1,0.0,2,TIER2_EXTENDED
DIFF_TEAM,6654,2025,2025_SECONDARY,PRACTICE,5824472,6654|5824472|2025|18,6654|5824472|2025|9,2025|18,2025|9,DALE_COYNE_RACING,CHIP_GANASSI_RACING,A_ONLY,A_ONLY,42.56850004196167,CONSECUTIVE,1,0.0,2,TIER2_EXTENDED
DIFF_TEAM,6654,2025,2025_SECONDARY,PRACTICE,5824472,6654|5824472|2025|60,6654|5824472|2025|9,2025|60,2025|9,MEYER_SHANK_RACING,CHIP_GANASSI_RACING,B_ONLY,A_ONLY,1.6710002422332764,SAME_UPDATE,0,0.0,2,TIER2_EXTENDED
DIFF_TEAM,6654,2025,2025_SECONDARY,PRACTICE,5824476,6654|5824476|2025|2,6654|5824476|2025|4,2025|2,2025|4,TEAM_PENSKE,AJ_FOYT,A_ONLY,A_ONLY,146.86649990081787,BETWEEN_3_5,3,5.5,2,TIER2_EXTENDED
DIFF_TEAM,6654,2025,2025_SECONDARY,PRACTICE,5824477,6654|5824477|2025|2,6654|5824477|2025|27,2025|2,2025|27,TEAM_PENSKE,ANDRETTI,A_ONLY,A_ONLY,192.67149996757507,BETWEEN_3_5,3,5.5,1,TIER2_EXTENDED
DIFF_TEAM,6654,2025,2025_SECONDARY,PRACTICE,5824480,6654|5824480|2025|12,6654|5824480|2025|23,2025|12,2025|23,TEAM_PENSKE,DREYER_REINBOLD_RACING,A_ONLY,A_ONLY,120.41199994087219,BETWEEN_3_5,3,4.0,1,TIER2_EXTENDED
DIFF_TEAM,6654,2025,2025_SECONDARY,PRACTICE,5824480,6654|5824480|2025|12,6654|5824480|2025|76,2025|12,2025|76,TEAM_PENSKE,JUNCOS_HOLLINGER_RACING,A_ONLY,A_ONLY,176.04999995231628,BETWEEN_GT5,4,12.0,1,TIER2_EXTENDED
DIFF_TEAM,6654,2025,2025_SECONDARY,PRACTICE,5824480,6654|5824480|2025|23,6654|5824480|2025|76,2025|23,2025|76,DREYER_REINBOLD_RACING,JUNCOS_HOLLINGER_RACING,A_ONLY,A_ONLY,55.63800001144409,CONSECUTIVE,1,2.0,1,TIER2_EXTENDED
DIFF_TEAM,6654,2025,2025_SECONDARY,PRACTICE,5824483,6654|5824483|2025|14,6654|5824483|2025|75,2025|14,2025|75,AJ_FOYT,RAHAL_LETTERMAN_LANIGAN,MIXED_AB,A_ONLY,117.9210000038147,BETWEEN_GT5,4,9.0,1,TIER2_EXTENDED
DIFF_TEAM,6654,2025,2025_SECONDARY,PRACTICE,5824484,6654|5824484|2025|5,6654|5824484|2025|77,2025|5,2025|77,ARROW_MCLAREN_SPM,JUNCOS_HOLLINGER_RACING,A_ONLY,MIXED_AB,153.32850003242493,BETWEEN_GT5,4,10.5,2,TIER2_EXTENDED
SAME_TEAM,6655,2025,2025_SECONDARY,FAST_FRIDAY,5824705,6655|5824705|2025|23,6655|5824705|2025|24,2025|23,2025|24,DREYER_REINBOLD_RACING,DREYER_REINBOLD_RACING,A_ONLY,A_ONLY,200.239000082016,BETWEEN_GT5,4,9.0,1,TIER2_EXTENDED
DIFF_TEAM,6655,2025,2025_SECONDARY,FAST_FRIDAY,5824764,6655|5824764|2025|18,6655|5824764|2025|28,2025|18,2025|28,DALE_COYNE_RACING,ANDRETTI,A_ONLY,A_ONLY,14.185499906539917,CONSECUTIVE,1,0.5,2,TIER2_EXTENDED
DIFF_TEAM,6655,2025,2025_SECONDARY,FAST_FRIDAY,5824764,6655|5824764|2025|18,6655|5824764|2025|7,2025|18,2025|7,DALE_COYNE_RACING,ARROW_MCLAREN_SPM,A_ONLY,A_ONLY,242.79699993133545,BETWEEN_GT5,4,14.0,2,TIER2_EXTENDED
DIFF_TEAM,6655,2025,2025_SECONDARY,FAST_FRIDAY,5824764,6655|5824764|2025|28,6655|5824764|2025|7,2025|28,2025|7,ANDRETTI,ARROW_MCLAREN_SPM,A_ONLY,A_ONLY,228.61150002479553,BETWEEN_GT5,4,12.5,2,TIER2_EXTENDED
DIFF_TEAM,6655,2025,2025_SECONDARY,FAST_FRIDAY,5824765,6655|5824765|2025|18,6655|5824765|2025|83,2025|18,2025|83,DALE_COYNE_RACING,PREMA_RACING,A_ONLY,A_ONLY,101.01099991798401,BETWEEN_1_2,2,3.0,1,TIER2_EXTENDED
DIFF_TEAM,6655,2025,2025_SECONDARY,FAST_FRIDAY,5824769,6655|5824769|2025|45,6655|5824769|2025|77,2025|45,2025|77,RAHAL_LETTERMAN_LANIGAN,JUNCOS_HOLLINGER_RACING,A_ONLY,A_ONLY,162.61999988555908,BETWEEN_3_5,3,4.0,2,TIER2_EXTENDED
DIFF_TEAM,6655,2025,2025_SECONDARY,FAST_FRIDAY,5824771,6655|5824771|2025|10,6655|5824771|2025|26,2025|10,2025|26,CHIP_GANASSI_RACING,ANDRETTI,A_ONLY,A_ONLY,68.42499995231628,CONSECUTIVE,1,1.5,1,TIER2_EXTENDED
DIFF_TEAM,6655,2025,2025_SECONDARY,FAST_FRIDAY,5824771,6655|5824771|2025|10,6655|5824771|2025|51,2025|10,2025|51,CHIP_GANASSI_RACING,DALE_COYNE_RACING,A_ONLY,A_ONLY,18.361999988555908,CONSECUTIVE,1,0.0,1,TIER2_EXTENDED
DIFF_TEAM,6655,2025,2025_SECONDARY,FAST_FRIDAY,5824771,6655|5824771|2025|26,6655|5824771|2025|51,2025|26,2025|51,ANDRETTI,DALE_COYNE_RACING,A_ONLY,A_ONLY,50.062999963760376,CONSECUTIVE,1,0.0,1,TIER2_EXTENDED
DIFF_TEAM,6657,2025,2025_SECONDARY,QUALIFYING_WEEKEND_PRACTICE,5824951,6657|5824951|2025|15,6657|5824951|2025|8,2025|15,2025|8,RAHAL_LETTERMAN_LANIGAN,CHIP_GANASSI_RACING,B_ONLY,A_ONLY,94.45000004768372,BETWEEN_1_2,2,2.5,1,TIER2_EXTENDED
DIFF_TEAM,6657,2025,2025_SECONDARY,QUALIFYING_WEEKEND_PRACTICE,5824959,6657|5824959|2025|2,6657|5824959|2025|98,2025|2,2025|98,TEAM_PENSKE,ANDRETTI,A_ONLY,A_ONLY,10.038999795913696,CONSECUTIVE,1,0.0,2,TIER2_EXTENDED
DIFF_TEAM,6657,2025,2025_SECONDARY,QUALIFYING_WEEKEND_PRACTICE,5824960,6657|5824960|2025|2,6657|5824960|2025|98,2025|2,2025|98,TEAM_PENSKE,ANDRETTI,A_ONLY,A_ONLY,8.33899998664856,CONSECUTIVE,1,0.0,1,TIER2_EXTENDED
DIFF_TEAM,6661,2025,2025_SECONDARY,QUALIFYING_WEEKEND_PRACTICE,5825293,6661|5825293|2025|10,6661|5825293|2025|5,2025|10,2025|5,CHIP_GANASSI_RACING,ARROW_MCLAREN_SPM,A_ONLY,A_ONLY,9.98200011253357,CONSECUTIVE,1,0.0,1,TIER2_EXTENDED
DIFF_TEAM,6662,2025,2025_SECONDARY,CARB_DAY,5826710,6662|5826710|2025|5,6662|5826710|2025|66,2025|5,2025|66,ARROW_MCLAREN_SPM,MEYER_SHANK_RACING,MIXED_AB,MIXED_AB,72.54649996757507,BETWEEN_GT5,4,18.0,2,TIER2_EXTENDED
DIFF_TEAM,6662,2025,2025_SECONDARY,CARB_DAY,5826710,6662|5826710|2025|5,6662|5826710|2025|77,2025|5,2025|77,ARROW_MCLAREN_SPM,JUNCOS_HOLLINGER_RACING,MIXED_AB,MIXED_AB,41.70099997520447,CONSECUTIVE,1,0.0,2,TIER2_EXTENDED
DIFF_TEAM,6662,2025,2025_SECONDARY,CARB_DAY,5826710,6662|5826710|2025|5,6662|5826710|2025|83,2025|5,2025|83,ARROW_MCLAREN_SPM,PREMA_RACING,MIXED_AB,MIXED_AB,15.84250020980835,BETWEEN_1_2,2,1.0,2,TIER2_EXTENDED
DIFF_TEAM,6662,2025,2025_SECONDARY,CARB_DAY,5826710,6662|5826710|2025|66,6662|5826710|2025|77,2025|66,2025|77,MEYER_SHANK_RACING,JUNCOS_HOLLINGER_RACING,MIXED_AB,MIXED_AB,30.845499992370605,BETWEEN_3_5,3,4.0,2,TIER2_EXTENDED
DIFF_TEAM,6662,2025,2025_SECONDARY,CARB_DAY,5826710,6662|5826710|2025|66,6662|5826710|2025|83,2025|66,2025|83,MEYER_SHANK_RACING,PREMA_RACING,MIXED_AB,MIXED_AB,88.38900017738342,BETWEEN_1_2,2,3.0,2,TIER2_EXTENDED
DIFF_TEAM,6662,2025,2025_SECONDARY,CARB_DAY,5826710,6662|5826710|2025|77,6662|5826710|2025|83,2025|77,2025|83,JUNCOS_HOLLINGER_RACING,PREMA_RACING,MIXED_AB,MIXED_AB,57.54350018501282,CONSECUTIVE,1,0.0,2,TIER2_EXTENDED
DIFF_TEAM,6662,2025,2025_SECONDARY,CARB_DAY,5826711,6662|5826711|2025|5,6662|5826711|2025|66,2025|5,2025|66,ARROW_MCLAREN_SPM,MEYER_SHANK_RACING,B_ONLY,A_ONLY,11.67900013923645,BETWEEN_3_5,3,4.0,2,TIER2_EXTENDED
DIFF_TEAM,6662,2025,2025_SECONDARY,CARB_DAY,5826711,6662|5826711|2025|5,6662|5826711|2025|77,2025|5,2025|77,ARROW_MCLAREN_SPM,JUNCOS_HOLLINGER_RACING,B_ONLY,A_ONLY,0.0,CONSECUTIVE,1,0.0,2,TIER2_EXTENDED
DIFF_TEAM,6662,2025,2025_SECONDARY,CARB_DAY,5826711,6662|5826711|2025|5,6662|5826711|2025|90,2025|5,2025|90,ARROW_MCLAREN_SPM,PREMA_RACING,B_ONLY,A_ONLY,163.52450013160706,BETWEEN_GT5,4,41.0,2,TIER2_EXTENDED
DIFF_TEAM,6662,2025,2025_SECONDARY,CARB_DAY,5826711,6662|5826711|2025|66,6662|5826711|2025|77,2025|66,2025|77,MEYER_SHANK_RACING,JUNCOS_HOLLINGER_RACING,A_ONLY,A_ONLY,11.67900013923645,BETWEEN_3_5,3,3.0,2,TIER2_EXTENDED
DIFF_TEAM,6662,2025,2025_SECONDARY,CARB_DAY,5826711,6662|5826711|2025|66,6662|5826711|2025|90,2025|66,2025|90,MEYER_SHANK_RACING,PREMA_RACING,A_ONLY,A_ONLY,151.8454999923706,BETWEEN_GT5,4,35.0,2,TIER2_EXTENDED
DIFF_TEAM,6662,2025,2025_SECONDARY,CARB_DAY,5826711,6662|5826711|2025|77,6662|5826711|2025|90,2025|77,2025|90,JUNCOS_HOLLINGER_RACING,PREMA_RACING,A_ONLY,A_ONLY,163.52450013160706,BETWEEN_GT5,4,41.0,2,TIER2_EXTENDED
DIFF_TEAM,6662,2025,2025_SECONDARY,CARB_DAY,5826717,6662|5826717|2025|6,6662|5826717|2025|90,2025|6,2025|90,ARROW_MCLAREN_SPM,PREMA_RACING,B_ONLY,A_ONLY,60.88199996948242,CONSECUTIVE,1,0.0,2,TIER2_EXTENDED
DIFF_TEAM,6662,2025,2025_SECONDARY,CARB_DAY,5826718,6662|5826718|2025|45,6662|5826718|2025|6,2025|45,2025|6,RAHAL_LETTERMAN_LANIGAN,ARROW_MCLAREN_SPM,MIXED_AB,MIXED_AB,108.39900016784668,BETWEEN_3_5,3,4.0,1,TIER2_EXTENDED
DIFF_TEAM,6662,2025,2025_SECONDARY,CARB_DAY,5826719,6662|5826719|2025|18,6662|5826719|2025|24,2025|18,2025|24,DALE_COYNE_RACING,DREYER_REINBOLD_RACING,A_ONLY,A_ONLY,183.5090000629425,BETWEEN_GT5,4,90.5,2,TIER2_EXTENDED
DIFF_TEAM,6662,2025,2025_SECONDARY,CARB_DAY,5826719,6662|5826719|2025|18,6662|5826719|2025|30,2025|18,2025|30,DALE_COYNE_RACING,RAHAL_LETTERMAN_LANIGAN,A_ONLY,A_ONLY,2.505500078201294,CONSECUTIVE,1,0.0,2,TIER2_EXTENDED
DIFF_TEAM,6662,2025,2025_SECONDARY,CARB_DAY,5826719,6662|5826719|2025|18,6662|5826719|2025|45,2025|18,2025|45,DALE_COYNE_RACING,RAHAL_LETTERMAN_LANIGAN,A_ONLY,A_ONLY,26.73799991607666,BETWEEN_GT5,4,7.0,2,TIER2_EXTENDED
DIFF_TEAM,6662,2025,2025_SECONDARY,CARB_DAY,5826719,6662|5826719|2025|18,6662|5826719|2025|6,2025|18,2025|6,DALE_COYNE_RACING,ARROW_MCLAREN_SPM,A_ONLY,A_ONLY,72.19400000572205,BETWEEN_GT5,4,46.0,2,TIER2_EXTENDED
DIFF_TEAM,6662,2025,2025_SECONDARY,CARB_DAY,5826719,6662|5826719|2025|18,6662|5826719|2025|66,2025|18,2025|66,DALE_COYNE_RACING,MEYER_SHANK_RACING,A_ONLY,A_ONLY,0.8365001678466797,CONSECUTIVE,1,0.0,2,TIER2_EXTENDED
DIFF_TEAM,6662,2025,2025_SECONDARY,CARB_DAY,5826719,6662|5826719|2025|18,6662|5826719|2025|98,2025|18,2025|98,DALE_COYNE_RACING,ANDRETTI,A_ONLY,A_ONLY,0.8365001678466797,CONSECUTIVE,1,0.0,2,TIER2_EXTENDED
DIFF_TEAM,6662,2025,2025_SECONDARY,CARB_DAY,5826719,6662|5826719|2025|24,6662|5826719|2025|30,2025|24,2025|30,DREYER_REINBOLD_RACING,RAHAL_LETTERMAN_LANIGAN,A_ONLY,A_ONLY,181.0034999847412,BETWEEN_GT5,4,55.0,2,TIER2_EXTENDED
DIFF_TEAM,6662,2025,2025_SECONDARY,CARB_DAY,5826719,6662|5826719|2025|24,6662|5826719|2025|45,2025|24,2025|45,DREYER_REINBOLD_RACING,RAHAL_LETTERMAN_LANIGAN,A_ONLY,A_ONLY,210.24699997901917,BETWEEN_GT5,4,86.0,2,TIER2_EXTENDED
DIFF_TEAM,6662,2025,2025_SECONDARY,CARB_DAY,5826719,6662|5826719|2025|24,6662|5826719|2025|6,2025|24,2025|6,DREYER_REINBOLD_RACING,ARROW_MCLAREN_SPM,A_ONLY,A_ONLY,255.70300006866455,BETWEEN_GT5,4,139.0,2,TIER2_EXTENDED
DIFF_TEAM,6662,2025,2025_SECONDARY,CARB_DAY,5826719,6662|5826719|2025|24,6662|5826719|2025|66,2025|24,2025|66,DREYER_REINBOLD_RACING,MEYER_SHANK_RACING,A_ONLY,A_ONLY,182.67249989509583,BETWEEN_GT5,4,55.0,2,TIER2_EXTENDED
DIFF_TEAM,6662,2025,2025_SECONDARY,CARB_DAY,5826719,6662|5826719|2025|24,6662|5826719|2025|98,2025|24,2025|98,DREYER_REINBOLD_RACING,ANDRETTI,A_ONLY,A_ONLY,182.67249989509583,BETWEEN_GT5,4,55.0,2,TIER2_EXTENDED
SAME_TEAM,6662,2025,2025_SECONDARY,CARB_DAY,5826719,6662|5826719|2025|30,6662|5826719|2025|45,2025|30,2025|45,RAHAL_LETTERMAN_LANIGAN,RAHAL_LETTERMAN_LANIGAN,A_ONLY,A_ONLY,29.243499994277954,BETWEEN_GT5,4,9.5,2,TIER2_EXTENDED
DIFF_TEAM,6662,2025,2025_SECONDARY,CARB_DAY,5826719,6662|5826719|2025|30,6662|5826719|2025|6,2025|30,2025|6,RAHAL_LETTERMAN_LANIGAN,ARROW_MCLAREN_SPM,A_ONLY,A_ONLY,74.69950008392334,BETWEEN_GT5,4,49.5,2,TIER2_EXTENDED
DIFF_TEAM,6662,2025,2025_SECONDARY,CARB_DAY,5826719,6662|5826719|2025|30,6662|5826719|2025|66,2025|30,2025|66,RAHAL_LETTERMAN_LANIGAN,MEYER_SHANK_RACING,A_ONLY,A_ONLY,1.6689999103546143,SAME_UPDATE,0,0.0,2,TIER2_EXTENDED
DIFF_TEAM,6662,2025,2025_SECONDARY,CARB_DAY,5826719,6662|5826719|2025|30,6662|5826719|2025|98,2025|30,2025|98,RAHAL_LETTERMAN_LANIGAN,ANDRETTI,A_ONLY,A_ONLY,1.6689999103546143,SAME_UPDATE,0,0.0,2,TIER2_EXTENDED
DIFF_TEAM,6662,2025,2025_SECONDARY,CARB_DAY,5826719,6662|5826719|2025|45,6662|5826719|2025|6,2025|45,2025|6,RAHAL_LETTERMAN_LANIGAN,ARROW_MCLAREN_SPM,A_ONLY,A_ONLY,45.456000089645386,BETWEEN_GT5,4,26.0,2,TIER2_EXTENDED
DIFF_TEAM,6662,2025,2025_SECONDARY,CARB_DAY,5826719,6662|5826719|2025|45,6662|5826719|2025|66,2025|45,2025|66,RAHAL_LETTERMAN_LANIGAN,MEYER_SHANK_RACING,A_ONLY,A_ONLY,27.57450008392334,BETWEEN_GT5,4,7.0,2,TIER2_EXTENDED
DIFF_TEAM,6662,2025,2025_SECONDARY,CARB_DAY,5826719,6662|5826719|2025|45,6662|5826719|2025|98,2025|45,2025|98,RAHAL_LETTERMAN_LANIGAN,ANDRETTI,A_ONLY,A_ONLY,27.57450008392334,BETWEEN_GT5,4,7.0,2,TIER2_EXTENDED
DIFF_TEAM,6662,2025,2025_SECONDARY,CARB_DAY,5826719,6662|5826719|2025|6,6662|5826719|2025|66,2025|6,2025|66,ARROW_MCLAREN_SPM,MEYER_SHANK_RACING,A_ONLY,A_ONLY,73.03050017356873,BETWEEN_GT5,4,14.0,2,TIER2_EXTENDED
DIFF_TEAM,6662,2025,2025_SECONDARY,CARB_DAY,5826719,6662|5826719|2025|6,6662|5826719|2025|98,2025|6,2025|98,ARROW_MCLAREN_SPM,ANDRETTI,A_ONLY,A_ONLY,73.03050017356873,BETWEEN_GT5,4,14.0,2,TIER2_EXTENDED
DIFF_TEAM,6662,2025,2025_SECONDARY,CARB_DAY,5826719,6662|5826719|2025|66,6662|5826719|2025|98,2025|66,2025|98,MEYER_SHANK_RACING,ANDRETTI,A_ONLY,A_ONLY,0.0,SAME_UPDATE,0,0.0,2,TIER2_EXTENDED
DIFF_TEAM,6662,2025,2025_SECONDARY,CARB_DAY,5826720,6662|5826720|2025|06,6662|5826720|2025|10,2025|06,2025|10,MEYER_SHANK_RACING,CHIP_GANASSI_RACING,MIXED_AB,A_ONLY,61.73699998855591,BETWEEN_GT5,4,18.0,2,TIER2_EXTENDED
DIFF_TEAM,6662,2025,2025_SECONDARY,CARB_DAY,5826720,6662|5826720|2025|06,6662|5826720|2025|14,2025|06,2025|14,MEYER_SHANK_RACING,AJ_FOYT,MIXED_AB,B_ONLY,101.01900005340576,BETWEEN_3_5,3,3.0,2,TIER2_EXTENDED
DIFF_TEAM,6662,2025,2025_SECONDARY,CARB_DAY,5826720,6662|5826720|2025|06,6662|5826720|2025|2,2025|06,2025|2,MEYER_SHANK_RACING,TEAM_PENSKE,MIXED_AB,B_ONLY,16.682499885559082,BETWEEN_1_2,2,2.0,2,TIER2_EXTENDED
DIFF_TEAM,6662,2025,2025_SECONDARY,CARB_DAY,5826720,6662|5826720|2025|06,6662|5826720|2025|24,2025|06,2025|24,MEYER_SHANK_RACING,DREYER_REINBOLD_RACING,MIXED_AB,MIXED_AB,121.89100003242493,BETWEEN_GT5,4,8.0,2,TIER2_EXTENDED
DIFF_TEAM,6662,2025,2025_SECONDARY,CARB_DAY,5826720,6662|5826720|2025|06,6662|5826720|2025|27,2025|06,2025|27,MEYER_SHANK_RACING,ANDRETTI,MIXED_AB,B_ONLY,86.7739999294281,BETWEEN_GT5,4,41.0,2,TIER2_EXTENDED
DIFF_TEAM,6662,2025,2025_SECONDARY,CARB_DAY,5826720,6662|5826720|2025|06,6662|5826720|2025|28,2025|06,2025|28,MEYER_SHANK_RACING,ANDRETTI,MIXED_AB,A_ONLY,22.523499965667725,CONSECUTIVE,1,0.0,2,TIER2_EXTENDED
DIFF_TEAM,6662,2025,2025_SECONDARY,CARB_DAY,5826720,6662|5826720|2025|06,6662|5826720|2025|30,2025|06,2025|30,MEYER_SHANK_RACING,RAHAL_LETTERMAN_LANIGAN,MIXED_AB,B_ONLY,54.270999908447266,BETWEEN_GT5,4,8.0,2,TIER2_EXTENDED
DIFF_TEAM,6662,2025,2025_SECONDARY,CARB_DAY,5826720,6662|5826720|2025|06,6662|5826720|2025|4,2025|06,2025|4,MEYER_SHANK_RACING,AJ_FOYT,MIXED_AB,A_ONLY,18.350500106811523,BETWEEN_1_2,2,1.0,2,TIER2_EXTENDED
DIFF_TEAM,6662,2025,2025_SECONDARY,CARB_DAY,5826720,6662|5826720|2025|06,6662|5826720|2025|75,2025|06,2025|75,MEYER_SHANK_RACING,RAHAL_LETTERMAN_LANIGAN,MIXED_AB,MIXED_AB,118.55299997329712,BETWEEN_GT5,4,6.0,2,TIER2_EXTENDED
DIFF_TEAM,6662,2025,2025_SECONDARY,CARB_DAY,5826720,6662|5826720|2025|06,6662|5826720|2025|76,2025|06,2025|76,MEYER_SHANK_RACING,JUNCOS_HOLLINGER_RACING,MIXED_AB,A_ONLY,85.10700011253357,BETWEEN_GT5,4,39.0,2,TIER2_EXTENDED
DIFF_TEAM,6662,2025,2025_SECONDARY,CARB_DAY,5826720,6662|5826720|2025|06,6662|5826720|2025|98,2025|06,2025|98,MEYER_SHANK_RACING,ANDRETTI,MIXED_AB,B_ONLY,55.939499855041504,BETWEEN_GT5,4,7.0,2,TIER2_EXTENDED
DIFF_TEAM,6662,2025,2025_SECONDARY,CARB_DAY,5826720,6662|5826720|2025|10,6662|5826720|2025|14,2025|10,2025|14,CHIP_GANASSI_RACING,AJ_FOYT,A_ONLY,B_ONLY,162.75600004196167,BETWEEN_GT5,4,19.5,2,TIER2_EXTENDED
DIFF_TEAM,6662,2025,2025_SECONDARY,CARB_DAY,5826720,6662|5826720|2025|10,6662|5826720|2025|2,2025|10,2025|2,CHIP_GANASSI_RACING,TEAM_PENSKE,A_ONLY,B_ONLY,45.054500102996826,BETWEEN_1_2,2,2.0,2,TIER2_EXTENDED
DIFF_TEAM,6662,2025,2025_SECONDARY,CARB_DAY,5826720,6662|5826720|2025|10,6662|5826720|2025|24,2025|10,2025|24,CHIP_GANASSI_RACING,DREYER_REINBOLD_RACING,A_ONLY,MIXED_AB,183.62800002098083,BETWEEN_GT5,4,35.5,2,TIER2_EXTENDED
DIFF_TEAM,6662,2025,2025_SECONDARY,CARB_DAY,5826720,6662|5826720|2025|10,6662|5826720|2025|27,2025|10,2025|27,CHIP_GANASSI_RACING,ANDRETTI,A_ONLY,B_ONLY,25.036999940872192,BETWEEN_3_5,3,12.0,2,TIER2_EXTENDED
DIFF_TEAM,6662,2025,2025_SECONDARY,CARB_DAY,5826720,6662|5826720|2025|10,6662|5826720|2025|28,2025|10,2025|28,CHIP_GANASSI_RACING,ANDRETTI,A_ONLY,A_ONLY,39.213500022888184,CONSECUTIVE,1,1.0,2,TIER2_EXTENDED
DIFF_TEAM,6662,2025,2025_SECONDARY,CARB_DAY,5826720,6662|5826720|2025|10,6662|5826720|2025|30,2025|10,2025|30,CHIP_GANASSI_RACING,RAHAL_LETTERMAN_LANIGAN,A_ONLY,B_ONLY,116.00799989700317,BETWEEN_3_5,3,13.5,2,TIER2_EXTENDED
DIFF_TEAM,6662,2025,2025_SECONDARY,CARB_DAY,5826720,6662|5826720|2025|10,6662|5826720|2025|4,2025|10,2025|4,CHIP_GANASSI_RACING,AJ_FOYT,A_ONLY,A_ONLY,43.386499881744385,CONSECUTIVE,1,0.5,2,TIER2_EXTENDED
DIFF_TEAM,6662,2025,2025_SECONDARY,CARB_DAY,5826720,6662|5826720|2025|10,6662|5826720|2025|75,2025|10,2025|75,CHIP_GANASSI_RACING,RAHAL_LETTERMAN_LANIGAN,A_ONLY,MIXED_AB,180.28999996185303,BETWEEN_GT5,4,16.0,2,TIER2_EXTENDED
DIFF_TEAM,6662,2025,2025_SECONDARY,CARB_DAY,5826720,6662|5826720|2025|10,6662|5826720|2025|76,2025|10,2025|76,CHIP_GANASSI_RACING,JUNCOS_HOLLINGER_RACING,A_ONLY,A_ONLY,23.37000012397766,BETWEEN_1_2,2,10.0,2,TIER2_EXTENDED
DIFF_TEAM,6662,2025,2025_SECONDARY,CARB_DAY,5826720,6662|5826720|2025|10,6662|5826720|2025|98,2025|10,2025|98,CHIP_GANASSI_RACING,ANDRETTI,A_ONLY,B_ONLY,117.67649984359741,BETWEEN_GT5,4,14.5,2,TIER2_EXTENDED
DIFF_TEAM,6662,2025,2025_SECONDARY,CARB_DAY,5826720,6662|5826720|2025|14,6662|5826720|2025|2,2025|14,2025|2,AJ_FOYT,TEAM_PENSKE,B_ONLY,B_ONLY,117.70149993896484,BETWEEN_GT5,4,16.5,2,TIER2_EXTENDED
DIFF_TEAM,6662,2025,2025_SECONDARY,CARB_DAY,5826720,6662|5826720|2025|14,6662|5826720|2025|24,2025|14,2025|24,AJ_FOYT,DREYER_REINBOLD_RACING,B_ONLY,MIXED_AB,20.871999979019165,CONSECUTIVE,1,0.0,2,TIER2_EXTENDED
DIFF_TEAM,6662,2025,2025_SECONDARY,CARB_DAY,5826720,6662|5826720|2025|14,6662|5826720|2025|27,2025|14,2025|27,AJ_FOYT,ANDRETTI,B_ONLY,B_ONLY,187.79299998283386,BETWEEN_GT5,4,79.5,2,TIER2_EXTENDED
DIFF_TEAM,6662,2025,2025_SECONDARY,CARB_DAY,5826720,6662|5826720|2025|14,6662|5826720|2025|28,2025|14,2025|28,AJ_FOYT,ANDRETTI,B_ONLY,A_ONLY,123.54250001907349,BETWEEN_GT5,4,18.5,2,TIER2_EXTENDED
DIFF_TEAM,6662,2025,2025_SECONDARY,CARB_DAY,5826720,6662|5826720|2025|14,6662|5826720|2025|30,2025|14,2025|30,AJ_FOYT,RAHAL_LETTERMAN_LANIGAN,B_ONLY,B_ONLY,46.748000144958496,BETWEEN_3_5,3,4.5,2,TIER2_EXTENDED
SAME_TEAM,6662,2025,2025_SECONDARY,CARB_DAY,5826720,6662|5826720|2025|14,6662|5826720|2025|4,2025|14,2025|4,AJ_FOYT,AJ_FOYT,B_ONLY,A_ONLY,119.36950016021729,BETWEEN_GT5,4,16.5,2,TIER2_EXTENDED
DIFF_TEAM,6662,2025,2025_SECONDARY,CARB_DAY,5826720,6662|5826720|2025|14,6662|5826720|2025|75,2025|14,2025|75,AJ_FOYT,RAHAL_LETTERMAN_LANIGAN,B_ONLY,MIXED_AB,17.533999919891357,BETWEEN_1_2,2,1.5,2,TIER2_EXTENDED
DIFF_TEAM,6662,2025,2025_SECONDARY,CARB_DAY,5826720,6662|5826720|2025|14,6662|5826720|2025|76,2025|14,2025|76,AJ_FOYT,JUNCOS_HOLLINGER_RACING,B_ONLY,A_ONLY,186.12600016593933,BETWEEN_GT5,4,77.5,2,TIER2_EXTENDED
DIFF_TEAM,6662,2025,2025_SECONDARY,CARB_DAY,5826720,6662|5826720|2025|14,6662|5826720|2025|98,2025|14,2025|98,AJ_FOYT,ANDRETTI,B_ONLY,B_ONLY,45.07950019836426,BETWEEN_3_5,3,3.5,2,TIER2_EXTENDED
DIFF_TEAM,6662,2025,2025_SECONDARY,CARB_DAY,5826720,6662|5826720|2025|2,6662|5826720|2025|24,2025|2,2025|24,TEAM_PENSKE,DREYER_REINBOLD_RACING,B_ONLY,MIXED_AB,138.573499917984,BETWEEN_GT5,4,15.0,2,TIER2_EXTENDED
DIFF_TEAM,6662,2025,2025_SECONDARY,CARB_DAY,5826720,6662|5826720|2025|2,6662|5826720|2025|27,2025|2,2025|27,TEAM_PENSKE,ANDRETTI,B_ONLY,B_ONLY,70.09150004386902,BETWEEN_GT5,4,34.0,2,TIER2_EXTENDED
DIFF_TEAM,6662,2025,2025_SECONDARY,CARB_DAY,5826720,6662|5826720|2025|2,6662|5826720|2025|28,2025|2,2025|28,TEAM_PENSKE,ANDRETTI,B_ONLY,A_ONLY,5.841000080108643,BETWEEN_1_2,2,3.5,2,TIER2_EXTENDED
DIFF_TEAM,6662,2025,2025_SECONDARY,CARB_DAY,5826720,6662|5826720|2025|2,6662|5826720|2025|30,2025|2,2025|30,TEAM_PENSKE,RAHAL_LETTERMAN_LANIGAN,B_ONLY,B_ONLY,70.95349979400635,BETWEEN_GT5,4,13.0,2,TIER2_EXTENDED
DIFF_TEAM,6662,2025,2025_SECONDARY,CARB_DAY,5826720,6662|5826720|2025|2,6662|5826720|2025|4,2025|2,2025|4,TEAM_PENSKE,AJ_FOYT,B_ONLY,A_ONLY,1.6680002212524414,CONSECUTIVE,1,0.0,2,TIER2_EXTENDED
DIFF_TEAM,6662,2025,2025_SECONDARY,CARB_DAY,5826720,6662|5826720|2025|2,6662|5826720|2025|75,2025|2,2025|75,TEAM_PENSKE,RAHAL_LETTERMAN_LANIGAN,B_ONLY,MIXED_AB,135.2354998588562,BETWEEN_GT5,4,17.0,2,TIER2_EXTENDED
DIFF_TEAM,6662,2025,2025_SECONDARY,CARB_DAY,5826720,6662|5826720|2025|2,6662|5826720|2025|76,2025|2,2025|76,TEAM_PENSKE,JUNCOS_HOLLINGER_RACING,B_ONLY,A_ONLY,68.42450022697449,BETWEEN_GT5,4,32.0,2,TIER2_EXTENDED
DIFF_TEAM,6662,2025,2025_SECONDARY,CARB_DAY,5826720,6662|5826720|2025|2,6662|5826720|2025|98,2025|2,2025|98,TEAM_PENSKE,ANDRETTI,B_ONLY,B_ONLY,72.62199974060059,BETWEEN_GT5,4,12.0,2,TIER2_EXTENDED
DIFF_TEAM,6662,2025,2025_SECONDARY,CARB_DAY,5826720,6662|5826720|2025|24,6662|5826720|2025|27,2025|24,2025|27,DREYER_REINBOLD_RACING,ANDRETTI,MIXED_AB,B_ONLY,208.66499996185303,BETWEEN_GT5,4,89.0,2,TIER2_EXTENDED
DIFF_TEAM,6662,2025,2025_SECONDARY,CARB_DAY,5826720,6662|5826720|2025|24,6662|5826720|2025|28,2025|24,2025|28,DREYER_REINBOLD_RACING,ANDRETTI,MIXED_AB,A_ONLY,144.41449999809265,BETWEEN_GT5,4,28.0,2,TIER2_EXTENDED
DIFF_TEAM,6662,2025,2025_SECONDARY,CARB_DAY,5826720,6662|5826720|2025|24,6662|5826720|2025|30,2025|24,2025|30,DREYER_REINBOLD_RACING,RAHAL_LETTERMAN_LANIGAN,MIXED_AB,B_ONLY,67.62000012397766,BETWEEN_1_2,2,2.0,2,TIER2_EXTENDED
DIFF_TEAM,6662,2025,2025_SECONDARY,CARB_DAY,5826720,6662|5826720|2025|24,6662|5826720|2025|4,2025|24,2025|4,DREYER_REINBOLD_RACING,AJ_FOYT,MIXED_AB,A_ONLY,140.24150013923645,BETWEEN_GT5,4,26.0,2,TIER2_EXTENDED
DIFF_TEAM,6662,2025,2025_SECONDARY,CARB_DAY,5826720,6662|5826720|2025|24,6662|5826720|2025|75,2025|24,2025|75,DREYER_REINBOLD_RACING,RAHAL_LETTERMAN_LANIGAN,MIXED_AB,MIXED_AB,3.3380000591278076,BETWEEN_1_2,2,1.0,2,TIER2_EXTENDED
DIFF_TEAM,6662,2025,2025_SECONDARY,CARB_DAY,5826720,6662|5826720|2025|24,6662|5826720|2025|76,2025|24,2025|76,DREYER_REINBOLD_RACING,JUNCOS_HOLLINGER_RACING,MIXED_AB,A_ONLY,206.9980001449585,BETWEEN_GT5,4,87.0,2,TIER2_EXTENDED
DIFF_TEAM,6662,2025,2025_SECONDARY,CARB_DAY,5826720,6662|5826720|2025|24,6662|5826720|2025|98,2025|24,2025|98,DREYER_REINBOLD_RACING,ANDRETTI,MIXED_AB,B_ONLY,65.95150017738342,BETWEEN_1_2,2,2.0,2,TIER2_EXTENDED
SAME_TEAM,6662,2025,2025_SECONDARY,CARB_DAY,5826720,6662|5826720|2025|27,6662|5826720|2025|28,2025|27,2025|28,ANDRETTI,ANDRETTI,B_ONLY,A_ONLY,64.25049996376038,CONSECUTIVE,1,0.0,2,TIER2_EXTENDED
DIFF_TEAM,6662,2025,2025_SECONDARY,CARB_DAY,5826720,6662|5826720|2025|27,6662|5826720|2025|30,2025|27,2025|30,ANDRETTI,RAHAL_LETTERMAN_LANIGAN,B_ONLY,B_ONLY,141.04499983787537,BETWEEN_GT5,4,28.0,2,TIER2_EXTENDED
DIFF_TEAM,6662,2025,2025_SECONDARY,CARB_DAY,5826720,6662|5826720|2025|27,6662|5826720|2025|4,2025|27,2025|4,ANDRETTI,AJ_FOYT,B_ONLY,A_ONLY,68.42349982261658,BETWEEN_GT5,4,6.0,2,TIER2_EXTENDED
DIFF_TEAM,6662,2025,2025_SECONDARY,CARB_DAY,5826720,6662|5826720|2025|27,6662|5826720|2025|75,2025|27,2025|75,ANDRETTI,RAHAL_LETTERMAN_LANIGAN,B_ONLY,MIXED_AB,205.32699990272522,CONSECUTIVE,1,0.0,2,TIER2_EXTENDED
DIFF_TEAM,6662,2025,2025_SECONDARY,CARB_DAY,5826720,6662|5826720|2025|27,6662|5826720|2025|76,2025|27,2025|76,ANDRETTI,JUNCOS_HOLLINGER_RACING,B_ONLY,A_ONLY,1.6669998168945312,CONSECUTIVE,1,0.0,2,TIER2_EXTENDED
SAME_TEAM,6662,2025,2025_SECONDARY,CARB_DAY,5826720,6662|5826720|2025|27,6662|5826720|2025|98,2025|27,2025|98,ANDRETTI,ANDRETTI,B_ONLY,B_ONLY,142.7134997844696,BETWEEN_GT5,4,29.0,2,TIER2_EXTENDED
DIFF_TEAM,6662,2025,2025_SECONDARY,CARB_DAY,5826720,6662|5826720|2025|28,6662|5826720|2025|30,2025|28,2025|30,ANDRETTI,RAHAL_LETTERMAN_LANIGAN,A_ONLY,B_ONLY,76.79449987411499,BETWEEN_GT5,4,8.5,2,TIER2_EXTENDED
DIFF_TEAM,6662,2025,2025_SECONDARY,CARB_DAY,5826720,6662|5826720|2025|28,6662|5826720|2025|4,2025|28,2025|4,ANDRETTI,AJ_FOYT,A_ONLY,A_ONLY,4.172999858856201,BETWEEN_1_2,2,2.5,2,TIER2_EXTENDED
DIFF_TEAM,6662,2025,2025_SECONDARY,CARB_DAY,5826720,6662|5826720|2025|28,6662|5826720|2025|75,2025|28,2025|75,ANDRETTI,RAHAL_LETTERMAN_LANIGAN,A_ONLY,MIXED_AB,141.07649993896484,BETWEEN_GT5,4,13.0,2,TIER2_EXTENDED
DIFF_TEAM,6662,2025,2025_SECONDARY,CARB_DAY,5826720,6662|5826720|2025|28,6662|5826720|2025|76,2025|28,2025|76,ANDRETTI,JUNCOS_HOLLINGER_RACING,A_ONLY,A_ONLY,62.583500146865845,BETWEEN_GT5,4,25.0,2,TIER2_EXTENDED
SAME_TEAM,6662,2025,2025_SECONDARY,CARB_DAY,5826720,6662|5826720|2025|28,6662|5826720|2025|98,2025|28,2025|98,ANDRETTI,ANDRETTI,A_ONLY,B_ONLY,78.46299982070923,BETWEEN_GT5,4,8.5,2,TIER2_EXTENDED
DIFF_TEAM,6662,2025,2025_SECONDARY,CARB_DAY,5826720,6662|5826720|2025|30,6662|5826720|2025|4,2025|30,2025|4,RAHAL_LETTERMAN_LANIGAN,AJ_FOYT,B_ONLY,A_ONLY,72.62150001525879,BETWEEN_GT5,4,12.5,2,TIER2_EXTENDED
SAME_TEAM,6662,2025,2025_SECONDARY,CARB_DAY,5826720,6662|5826720|2025|30,6662|5826720|2025|75,2025|30,2025|75,RAHAL_LETTERMAN_LANIGAN,RAHAL_LETTERMAN_LANIGAN,B_ONLY,MIXED_AB,64.28200006484985,BETWEEN_1_2,2,9.5,2,TIER2_EXTENDED
DIFF_TEAM,6662,2025,2025_SECONDARY,CARB_DAY,5826720,6662|5826720|2025|30,6662|5826720|2025|76,2025|30,2025|76,RAHAL_LETTERMAN_LANIGAN,JUNCOS_HOLLINGER_RACING,B_ONLY,A_ONLY,139.37800002098083,BETWEEN_GT5,4,54.5,2,TIER2_EXTENDED
DIFF_TEAM,6662,2025,2025_SECONDARY,CARB_DAY,5826720,6662|5826720|2025|30,6662|5826720|2025|98,2025|30,2025|98,RAHAL_LETTERMAN_LANIGAN,ANDRETTI,B_ONLY,B_ONLY,1.6684999465942383,CONSECUTIVE,1,0.0,2,TIER2_EXTENDED
DIFF_TEAM,6662,2025,2025_SECONDARY,CARB_DAY,5826720,6662|5826720|2025|4,6662|5826720|2025|75,2025|4,2025|75,AJ_FOYT,RAHAL_LETTERMAN_LANIGAN,A_ONLY,MIXED_AB,136.90350008010864,BETWEEN_GT5,4,17.0,2,TIER2_EXTENDED
DIFF_TEAM,6662,2025,2025_SECONDARY,CARB_DAY,5826720,6662|5826720|2025|4,6662|5826720|2025|76,2025|4,2025|76,AJ_FOYT,JUNCOS_HOLLINGER_RACING,A_ONLY,A_ONLY,66.75650000572205,BETWEEN_GT5,4,31.0,2,TIER2_EXTENDED
DIFF_TEAM,6662,2025,2025_SECONDARY,CARB_DAY,5826720,6662|5826720|2025|4,6662|5826720|2025|98,2025|4,2025|98,AJ_FOYT,ANDRETTI,A_ONLY,B_ONLY,74.28999996185303,BETWEEN_GT5,4,11.5,2,TIER2_EXTENDED
DIFF_TEAM,6662,2025,2025_SECONDARY,CARB_DAY,5826720,6662|5826720|2025|75,6662|5826720|2025|76,2025|75,2025|76,RAHAL_LETTERMAN_LANIGAN,JUNCOS_HOLLINGER_RACING,MIXED_AB,A_ONLY,203.6600000858307,BETWEEN_GT5,4,85.0,2,TIER2_EXTENDED
DIFF_TEAM,6662,2025,2025_SECONDARY,CARB_DAY,5826720,6662|5826720|2025|75,6662|5826720|2025|98,2025|75,2025|98,RAHAL_LETTERMAN_LANIGAN,ANDRETTI,MIXED_AB,B_ONLY,62.613500118255615,BETWEEN_GT5,4,22.0,2,TIER2_EXTENDED
DIFF_TEAM,6662,2025,2025_SECONDARY,CARB_DAY,5826720,6662|5826720|2025|76,6662|5826720|2025|98,2025|76,2025|98,JUNCOS_HOLLINGER_RACING,ANDRETTI,A_ONLY,B_ONLY,141.04649996757507,BETWEEN_GT5,4,27.0,2,TIER2_EXTENDED
DIFF_TEAM,6662,2025,2025_SECONDARY,CARB_DAY,5826721,6662|5826721|2025|10,6662|5826721|2025|27,2025|10,2025|27,CHIP_GANASSI_RACING,ANDRETTI,MIXED_AB,A_ONLY,27.523499965667725,BETWEEN_GT5,4,7.0,1,TIER2_EXTENDED
DIFF_TEAM,6662,2025,2025_SECONDARY,CARB_DAY,5826721,6662|5826721|2025|10,6662|5826721|2025|28,2025|10,2025|28,CHIP_GANASSI_RACING,ANDRETTI,MIXED_AB,B_ONLY,38.52999997138977,BETWEEN_GT5,4,13.0,1,TIER2_EXTENDED
DIFF_TEAM,6662,2025,2025_SECONDARY,CARB_DAY,5826721,6662|5826721|2025|10,6662|5826721|2025|3,2025|10,2025|3,CHIP_GANASSI_RACING,TEAM_PENSKE,MIXED_AB,A_ONLY,185.364000082016,BETWEEN_GT5,4,74.0,1,TIER2_EXTENDED
DIFF_TEAM,6662,2025,2025_SECONDARY,CARB_DAY,5826721,6662|5826721|2025|10,6662|5826721|2025|30,2025|10,2025|30,CHIP_GANASSI_RACING,RAHAL_LETTERMAN_LANIGAN,MIXED_AB,A_ONLY,50.05299997329712,BETWEEN_GT5,4,10.0,1,TIER2_EXTENDED
DIFF_TEAM,6662,2025,2025_SECONDARY,CARB_DAY,5826721,6662|5826721|2025|10,6662|5826721|2025|60,2025|10,2025|60,CHIP_GANASSI_RACING,MEYER_SHANK_RACING,MIXED_AB,B_ONLY,165.33899998664856,BETWEEN_GT5,4,57.0,1,TIER2_EXTENDED
DIFF_TEAM,6662,2025,2025_SECONDARY,CARB_DAY,5826721,6662|5826721|2025|10,6662|5826721|2025|75,2025|10,2025|75,CHIP_GANASSI_RACING,RAHAL_LETTERMAN_LANIGAN,MIXED_AB,A_ONLY,27.523499965667725,BETWEEN_GT5,4,7.0,1,TIER2_EXTENDED
DIFF_TEAM,6662,2025,2025_SECONDARY,CARB_DAY,5826721,6662|5826721|2025|10,6662|5826721|2025|76,2025|10,2025|76,CHIP_GANASSI_RACING,JUNCOS_HOLLINGER_RACING,MIXED_AB,A_ONLY,3.3369998931884766,BETWEEN_1_2,2,1.0,1,TIER2_EXTENDED
SAME_TEAM,6662,2025,2025_SECONDARY,CARB_DAY,5826721,6662|5826721|2025|10,6662|5826721|2025|8,2025|10,2025|8,CHIP_GANASSI_RACING,CHIP_GANASSI_RACING,MIXED_AB,MIXED_AB,67.56049990653992,BETWEEN_3_5,3,4.0,1,TIER2_EXTENDED
SAME_TEAM,6662,2025,2025_SECONDARY,CARB_DAY,5826721,6662|5826721|2025|10,6662|5826721|2025|9,2025|10,2025|9,CHIP_GANASSI_RACING,CHIP_GANASSI_RACING,MIXED_AB,A_ONLY,183.69350004196167,BETWEEN_GT5,4,73.0,1,TIER2_EXTENDED
DIFF_TEAM,6662,2025,2025_SECONDARY,CARB_DAY,5826721,6662|5826721|2025|10,6662|5826721|2025|98,2025|10,2025|98,CHIP_GANASSI_RACING,ANDRETTI,MIXED_AB,A_ONLY,152.75449991226196,BETWEEN_GT5,4,47.0,1,TIER2_EXTENDED
SAME_TEAM,6662,2025,2025_SECONDARY,CARB_DAY,5826721,6662|5826721|2025|27,6662|5826721|2025|28,2025|27,2025|28,ANDRETTI,ANDRETTI,A_ONLY,B_ONLY,66.0534999370575,BETWEEN_GT5,4,32.5,1,TIER2_EXTENDED
DIFF_TEAM,6662,2025,2025_SECONDARY,CARB_DAY,5826721,6662|5826721|2025|27,6662|5826721|2025|3,2025|27,2025|3,ANDRETTI,TEAM_PENSKE,A_ONLY,A_ONLY,157.84050011634827,BETWEEN_GT5,4,55.5,1,TIER2_EXTENDED
DIFF_TEAM,6662,2025,2025_SECONDARY,CARB_DAY,5826721,6662|5826721|2025|27,6662|5826721|2025|30,2025|27,2025|30,ANDRETTI,RAHAL_LETTERMAN_LANIGAN,A_ONLY,A_ONLY,22.529500007629395,CONSECUTIVE,1,0.5,1,TIER2_EXTENDED
DIFF_TEAM,6662,2025,2025_SECONDARY,CARB_DAY,5826721,6662|5826721|2025|27,6662|5826721|2025|60,2025|27,2025|60,ANDRETTI,MEYER_SHANK_RACING,A_ONLY,B_ONLY,137.81550002098083,BETWEEN_GT5,4,38.5,1,TIER2_EXTENDED
DIFF_TEAM,6662,2025,2025_SECONDARY,CARB_DAY,5826721,6662|5826721|2025|27,6662|5826721|2025|75,2025|27,2025|75,ANDRETTI,RAHAL_LETTERMAN_LANIGAN,A_ONLY,A_ONLY,0.0,SAME_UPDATE,0,0.0,1,TIER2_EXTENDED
DIFF_TEAM,6662,2025,2025_SECONDARY,CARB_DAY,5826721,6662|5826721|2025|27,6662|5826721|2025|76,2025|27,2025|76,ANDRETTI,JUNCOS_HOLLINGER_RACING,A_ONLY,A_ONLY,24.186500072479248,BETWEEN_3_5,3,3.0,1,TIER2_EXTENDED
DIFF_TEAM,6662,2025,2025_SECONDARY,CARB_DAY,5826721,6662|5826721|2025|27,6662|5826721|2025|8,2025|27,2025|8,ANDRETTI,CHIP_GANASSI_RACING,A_ONLY,MIXED_AB,40.03699994087219,SAME_UPDATE,0,0.0,1,TIER2_EXTENDED
DIFF_TEAM,6662,2025,2025_SECONDARY,CARB_DAY,5826721,6662|5826721|2025|27,6662|5826721|2025|9,2025|27,2025|9,ANDRETTI,CHIP_GANASSI_RACING,A_ONLY,A_ONLY,156.17000007629395,BETWEEN_GT5,4,54.5,1,TIER2_EXTENDED
SAME_TEAM,6662,2025,2025_SECONDARY,CARB_DAY,5826721,6662|5826721|2025|27,6662|5826721|2025|98,2025|27,2025|98,ANDRETTI,ANDRETTI,A_ONLY,A_ONLY,125.23099994659424,BETWEEN_GT5,4,28.5,1,TIER2_EXTENDED
DIFF_TEAM,6662,2025,2025_SECONDARY,CARB_DAY,5826721,6662|5826721|2025|28,6662|5826721|2025|3,2025|28,2025|3,ANDRETTI,TEAM_PENSKE,B_ONLY,A_ONLY,223.89400005340576,BETWEEN_GT5,4,90.0,1,TIER2_EXTENDED
DIFF_TEAM,6662,2025,2025_SECONDARY,CARB_DAY,5826721,6662|5826721|2025|28,6662|5826721|2025|30,2025|28,2025|30,ANDRETTI,RAHAL_LETTERMAN_LANIGAN,B_ONLY,A_ONLY,88.58299994468689,BETWEEN_GT5,4,6.0,1,TIER2_EXTENDED
DIFF_TEAM,6662,2025,2025_SECONDARY,CARB_DAY,5826721,6662|5826721|2025|28,6662|5826721|2025|60,2025|28,2025|60,ANDRETTI,MEYER_SHANK_RACING,B_ONLY,B_ONLY,203.86899995803833,BETWEEN_GT5,4,73.0,1,TIER2_EXTENDED
DIFF_TEAM,6662,2025,2025_SECONDARY,CARB_DAY,5826721,6662|5826721|2025|28,6662|5826721|2025|75,2025|28,2025|75,ANDRETTI,RAHAL_LETTERMAN_LANIGAN,B_ONLY,A_ONLY,66.0534999370575,CONSECUTIVE,1,0.0,1,TIER2_EXTENDED
DIFF_TEAM,6662,2025,2025_SECONDARY,CARB_DAY,5826721,6662|5826721|2025|28,6662|5826721|2025|76,2025|28,2025|76,ANDRETTI,JUNCOS_HOLLINGER_RACING,B_ONLY,A_ONLY,41.86699986457825,SAME_UPDATE,0,0.0,1,TIER2_EXTENDED
DIFF_TEAM,6662,2025,2025_SECONDARY,CARB_DAY,5826721,6662|5826721|2025|28,6662|5826721|2025|8,2025|28,2025|8,ANDRETTI,CHIP_GANASSI_RACING,B_ONLY,MIXED_AB,106.09049987792969,CONSECUTIVE,1,0.0,1,TIER2_EXTENDED
DIFF_TEAM,6662,2025,2025_SECONDARY,CARB_DAY,5826721,6662|5826721|2025|28,6662|5826721|2025|9,2025|28,2025|9,ANDRETTI,CHIP_GANASSI_RACING,B_ONLY,A_ONLY,222.22350001335144,BETWEEN_GT5,4,89.0,1,TIER2_EXTENDED
SAME_TEAM,6662,2025,2025_SECONDARY,CARB_DAY,5826721,6662|5826721|2025|28,6662|5826721|2025|98,2025|28,2025|98,ANDRETTI,ANDRETTI,B_ONLY,A_ONLY,191.28449988365173,BETWEEN_GT5,4,63.0,1,TIER2_EXTENDED
DIFF_TEAM,6662,2025,2025_SECONDARY,CARB_DAY,5826721,6662|5826721|2025|3,6662|5826721|2025|30,2025|3,2025|30,TEAM_PENSKE,RAHAL_LETTERMAN_LANIGAN,A_ONLY,A_ONLY,135.31100010871887,BETWEEN_GT5,4,15.0,1,TIER2_EXTENDED
DIFF_TEAM,6662,2025,2025_SECONDARY,CARB_DAY,5826721,6662|5826721|2025|3,6662|5826721|2025|60,2025|3,2025|60,TEAM_PENSKE,MEYER_SHANK_RACING,A_ONLY,B_ONLY,20.02500009536743,SAME_UPDATE,0,0.0,1,TIER2_EXTENDED
DIFF_TEAM,6662,2025,2025_SECONDARY,CARB_DAY,5826721,6662|5826721|2025|3,6662|5826721|2025|75,2025|3,2025|75,TEAM_PENSKE,RAHAL_LETTERMAN_LANIGAN,A_ONLY,A_ONLY,157.84050011634827,BETWEEN_GT5,4,36.0,1,TIER2_EXTENDED
DIFF_TEAM,6662,2025,2025_SECONDARY,CARB_DAY,5826721,6662|5826721|2025|3,6662|5826721|2025|76,2025|3,2025|76,TEAM_PENSKE,JUNCOS_HOLLINGER_RACING,A_ONLY,A_ONLY,182.02700018882751,BETWEEN_GT5,4,60.0,1,TIER2_EXTENDED
DIFF_TEAM,6662,2025,2025_SECONDARY,CARB_DAY,5826721,6662|5826721|2025|3,6662|5826721|2025|8,2025|3,2025|8,TEAM_PENSKE,CHIP_GANASSI_RACING,A_ONLY,MIXED_AB,117.80350017547607,BETWEEN_GT5,4,6.5,1,TIER2_EXTENDED
DIFF_TEAM,6662,2025,2025_SECONDARY,CARB_DAY,5826721,6662|5826721|2025|3,6662|5826721|2025|9,2025|3,2025|9,TEAM_PENSKE,CHIP_GANASSI_RACING,A_ONLY,A_ONLY,1.6705000400543213,CONSECUTIVE,1,0.0,1,TIER2_EXTENDED
DIFF_TEAM,6662,2025,2025_SECONDARY,CARB_DAY,5826721,6662|5826721|2025|3,6662|5826721|2025|98,2025|3,2025|98,TEAM_PENSKE,ANDRETTI,A_ONLY,A_ONLY,32.60950016975403,BETWEEN_GT5,4,7.0,1,TIER2_EXTENDED
DIFF_TEAM,6662,2025,2025_SECONDARY,CARB_DAY,5826721,6662|5826721|2025|30,6662|5826721|2025|60,2025|30,2025|60,RAHAL_LETTERMAN_LANIGAN,MEYER_SHANK_RACING,A_ONLY,B_ONLY,115.28600001335144,BETWEEN_GT5,4,27.0,1,TIER2_EXTENDED
SAME_TEAM,6662,2025,2025_SECONDARY,CARB_DAY,5826721,6662|5826721|2025|30,6662|5826721|2025|75,2025|30,2025|75,RAHAL_LETTERMAN_LANIGAN,RAHAL_LETTERMAN_LANIGAN,A_ONLY,A_ONLY,22.529500007629395,BETWEEN_1_2,2,1.0,1,TIER2_EXTENDED
DIFF_TEAM,6662,2025,2025_SECONDARY,CARB_DAY,5826721,6662|5826721|2025|30,6662|5826721|2025|76,2025|30,2025|76,RAHAL_LETTERMAN_LANIGAN,JUNCOS_HOLLINGER_RACING,A_ONLY,A_ONLY,46.71600008010864,BETWEEN_GT5,4,6.0,1,TIER2_EXTENDED
DIFF_TEAM,6662,2025,2025_SECONDARY,CARB_DAY,5826721,6662|5826721|2025|30,6662|5826721|2025|8,2025|30,2025|8,RAHAL_LETTERMAN_LANIGAN,CHIP_GANASSI_RACING,A_ONLY,MIXED_AB,17.507499933242798,BETWEEN_1_2,2,2.0,1,TIER2_EXTENDED
DIFF_TEAM,6662,2025,2025_SECONDARY,CARB_DAY,5826721,6662|5826721|2025|30,6662|5826721|2025|9,2025|30,2025|9,RAHAL_LETTERMAN_LANIGAN,CHIP_GANASSI_RACING,A_ONLY,A_ONLY,133.64050006866455,BETWEEN_GT5,4,43.0,1,TIER2_EXTENDED
DIFF_TEAM,6662,2025,2025_SECONDARY,CARB_DAY,5826721,6662|5826721|2025|30,6662|5826721|2025|98,2025|30,2025|98,RAHAL_LETTERMAN_LANIGAN,ANDRETTI,A_ONLY,A_ONLY,102.70149993896484,BETWEEN_GT5,4,17.0,1,TIER2_EXTENDED
DIFF_TEAM,6662,2025,2025_SECONDARY,CARB_DAY,5826721,6662|5826721|2025|60,6662|5826721|2025|75,2025|60,2025|75,MEYER_SHANK_RACING,RAHAL_LETTERMAN_LANIGAN,B_ONLY,A_ONLY,137.81550002098083,BETWEEN_GT5,4,27.0,1,TIER2_EXTENDED
DIFF_TEAM,6662,2025,2025_SECONDARY,CARB_DAY,5826721,6662|5826721|2025|60,6662|5826721|2025|76,2025|60,2025|76,MEYER_SHANK_RACING,JUNCOS_HOLLINGER_RACING,B_ONLY,A_ONLY,162.00200009346008,BETWEEN_GT5,4,51.0,1,TIER2_EXTENDED
DIFF_TEAM,6662,2025,2025_SECONDARY,CARB_DAY,5826721,6662|5826721|2025|60,6662|5826721|2025|8,2025|60,2025|8,MEYER_SHANK_RACING,CHIP_GANASSI_RACING,B_ONLY,MIXED_AB,97.77850008010864,BETWEEN_GT5,4,6.0,1,TIER2_EXTENDED
DIFF_TEAM,6662,2025,2025_SECONDARY,CARB_DAY,5826721,6662|5826721|2025|60,6662|5826721|2025|9,2025|60,2025|9,MEYER_SHANK_RACING,CHIP_GANASSI_RACING,B_ONLY,A_ONLY,18.35450005531311,CONSECUTIVE,1,0.0,1,TIER2_EXTENDED
DIFF_TEAM,6662,2025,2025_SECONDARY,CARB_DAY,5826721,6662|5826721|2025|60,6662|5826721|2025|98,2025|60,2025|98,MEYER_SHANK_RACING,ANDRETTI,B_ONLY,A_ONLY,12.584500074386597,BETWEEN_GT5,4,6.0,1,TIER2_EXTENDED
DIFF_TEAM,6662,2025,2025_SECONDARY,CARB_DAY,5826721,6662|5826721|2025|75,6662|5826721|2025|76,2025|75,2025|76,RAHAL_LETTERMAN_LANIGAN,JUNCOS_HOLLINGER_RACING,A_ONLY,A_ONLY,24.186500072479248,BETWEEN_3_5,3,3.0,1,TIER2_EXTENDED
DIFF_TEAM,6662,2025,2025_SECONDARY,CARB_DAY,5826721,6662|5826721|2025|75,6662|5826721|2025|8,2025|75,2025|8,RAHAL_LETTERMAN_LANIGAN,CHIP_GANASSI_RACING,A_ONLY,MIXED_AB,40.03699994087219,SAME_UPDATE,0,0.0,1,TIER2_EXTENDED
DIFF_TEAM,6662,2025,2025_SECONDARY,CARB_DAY,5826721,6662|5826721|2025|75,6662|5826721|2025|9,2025|75,2025|9,RAHAL_LETTERMAN_LANIGAN,CHIP_GANASSI_RACING,A_ONLY,A_ONLY,156.17000007629395,BETWEEN_GT5,4,54.5,1,TIER2_EXTENDED
DIFF_TEAM,6662,2025,2025_SECONDARY,CARB_DAY,5826721,6662|5826721|2025|75,6662|5826721|2025|98,2025|75,2025|98,RAHAL_LETTERMAN_LANIGAN,ANDRETTI,A_ONLY,A_ONLY,125.23099994659424,BETWEEN_GT5,4,28.5,1,TIER2_EXTENDED
DIFF_TEAM,6662,2025,2025_SECONDARY,CARB_DAY,5826721,6662|5826721|2025|76,6662|5826721|2025|8,2025|76,2025|8,JUNCOS_HOLLINGER_RACING,CHIP_GANASSI_RACING,A_ONLY,MIXED_AB,64.22350001335144,CONSECUTIVE,1,0.0,1,TIER2_EXTENDED
DIFF_TEAM,6662,2025,2025_SECONDARY,CARB_DAY,5826721,6662|5826721|2025|76,6662|5826721|2025|9,2025|76,2025|9,JUNCOS_HOLLINGER_RACING,CHIP_GANASSI_RACING,A_ONLY,A_ONLY,180.3565001487732,BETWEEN_GT5,4,69.0,1,TIER2_EXTENDED
DIFF_TEAM,6662,2025,2025_SECONDARY,CARB_DAY,5826721,6662|5826721|2025|76,6662|5826721|2025|98,2025|76,2025|98,JUNCOS_HOLLINGER_RACING,ANDRETTI,A_ONLY,A_ONLY,149.4175000190735,BETWEEN_GT5,4,43.0,1,TIER2_EXTENDED
SAME_TEAM,6662,2025,2025_SECONDARY,CARB_DAY,5826721,6662|5826721|2025|8,6662|5826721|2025|9,2025|8,2025|9,CHIP_GANASSI_RACING,CHIP_GANASSI_RACING,MIXED_AB,A_ONLY,116.13300013542175,BETWEEN_GT5,4,36.5,1,TIER2_EXTENDED
DIFF_TEAM,6662,2025,2025_SECONDARY,CARB_DAY,5826721,6662|5826721|2025|8,6662|5826721|2025|98,2025|8,2025|98,CHIP_GANASSI_RACING,ANDRETTI,MIXED_AB,A_ONLY,85.19400000572205,BETWEEN_1_2,2,11.0,1,TIER2_EXTENDED
DIFF_TEAM,6662,2025,2025_SECONDARY,CARB_DAY,5826721,6662|5826721|2025|9,6662|5826721|2025|98,2025|9,2025|98,CHIP_GANASSI_RACING,ANDRETTI,A_ONLY,A_ONLY,30.939000129699707,BETWEEN_GT5,4,10.5,1,TIER2_EXTENDED
DIFF_TEAM,6662,2025,2025_SECONDARY,CARB_DAY,5826722,6662|5826722|2025|3,6662|5826722|2025|33,2025|3,2025|33,TEAM_PENSKE,ED_CARPENTER_RACING,A_ONLY,A_ONLY,183.57900023460388,BETWEEN_GT5,4,36.0,2,TIER2_EXTENDED
DIFF_TEAM,6662,2025,2025_SECONDARY,CARB_DAY,5826722,6662|5826722|2025|3,6662|5826722|2025|60,2025|3,2025|60,TEAM_PENSKE,MEYER_SHANK_RACING,A_ONLY,B_ONLY,20.021999835968018,SAME_UPDATE,0,7.5,2,TIER2_EXTENDED
DIFF_TEAM,6662,2025,2025_SECONDARY,CARB_DAY,5826722,6662|5826722|2025|3,6662|5826722|2025|9,2025|3,2025|9,TEAM_PENSKE,CHIP_GANASSI_RACING,A_ONLY,MIXED_AB,18.355000257492065,CONSECUTIVE,1,0.5,2,TIER2_EXTENDED
DIFF_TEAM,6662,2025,2025_SECONDARY,CARB_DAY,5826722,6662|5826722|2025|3,6662|5826722|2025|98,2025|3,2025|98,TEAM_PENSKE,ANDRETTI,A_ONLY,A_ONLY,10.018999814987183,BETWEEN_GT5,4,7.0,2,TIER2_EXTENDED
DIFF_TEAM,6662,2025,2025_SECONDARY,CARB_DAY,5826722,6662|5826722|2025|33,6662|5826722|2025|60,2025|33,2025|60,ED_CARPENTER_RACING,MEYER_SHANK_RACING,A_ONLY,B_ONLY,203.6010000705719,BETWEEN_GT5,4,52.0,2,TIER2_EXTENDED
DIFF_TEAM,6662,2025,2025_SECONDARY,CARB_DAY,5826722,6662|5826722|2025|33,6662|5826722|2025|9,2025|33,2025|9,ED_CARPENTER_RACING,CHIP_GANASSI_RACING,A_ONLY,MIXED_AB,165.22399997711182,BETWEEN_GT5,4,23.0,2,TIER2_EXTENDED
DIFF_TEAM,6662,2025,2025_SECONDARY,CARB_DAY,5826722,6662|5826722|2025|33,6662|5826722|2025|98,2025|33,2025|98,ED_CARPENTER_RACING,ANDRETTI,A_ONLY,A_ONLY,193.59800004959106,BETWEEN_GT5,4,44.0,2,TIER2_EXTENDED
DIFF_TEAM,6662,2025,2025_SECONDARY,CARB_DAY,5826722,6662|5826722|2025|60,6662|5826722|2025|9,2025|60,2025|9,MEYER_SHANK_RACING,CHIP_GANASSI_RACING,B_ONLY,MIXED_AB,38.37700009346008,BETWEEN_1_2,2,1.0,2,TIER2_EXTENDED
DIFF_TEAM,6662,2025,2025_SECONDARY,CARB_DAY,5826722,6662|5826722|2025|60,6662|5826722|2025|98,2025|60,2025|98,MEYER_SHANK_RACING,ANDRETTI,B_ONLY,A_ONLY,10.003000020980835,BETWEEN_GT5,4,7.0,2,TIER2_EXTENDED
DIFF_TEAM,6662,2025,2025_SECONDARY,CARB_DAY,5826722,6662|5826722|2025|9,6662|5826722|2025|98,2025|9,2025|98,CHIP_GANASSI_RACING,ANDRETTI,MIXED_AB,A_ONLY,28.374000072479248,BETWEEN_GT5,4,10.0,2,TIER2_EXTENDED
DIFF_TEAM,6662,2025,2025_SECONDARY,CARB_DAY,5826728,6662|5826728|2025|12,6662|5826728|2025|7,2025|12,2025|7,TEAM_PENSKE,ARROW_MCLAREN_SPM,A_ONLY,A_ONLY,12.516499996185303,BETWEEN_GT5,4,15.5,2,TIER2_EXTENDED
DIFF_TEAM,6663,2025,2025_SECONDARY,POST_QUALIFYING_PRACTICE,5825581,6663|5825581|2025|17,6663|5825581|2025|4,2025|17,2025|4,ARROW_MCLAREN_SPM,AJ_FOYT,A_ONLY,A_ONLY,202.77499985694885,BETWEEN_GT5,4,59.0,1,TIER2_EXTENDED
SAME_TEAM,6663,2025,2025_SECONDARY,POST_QUALIFYING_PRACTICE,5825581,6663|5825581|2025|17,6663|5825581|2025|6,2025|17,2025|6,ARROW_MCLAREN_SPM,ARROW_MCLAREN_SPM,A_ONLY,A_ONLY,210.26199984550476,BETWEEN_GT5,4,73.0,1,TIER2_EXTENDED
DIFF_TEAM,6663,2025,2025_SECONDARY,POST_QUALIFYING_PRACTICE,5825581,6663|5825581|2025|4,6663|5825581|2025|6,2025|4,2025|6,AJ_FOYT,ARROW_MCLAREN_SPM,A_ONLY,A_ONLY,7.486999988555908,CONSECUTIVE,1,6.5,1,TIER2_EXTENDED
DIFF_TEAM,6663,2025,2025_SECONDARY,POST_QUALIFYING_PRACTICE,5825582,6663|5825582|2025|4,6663|5825582|2025|6,2025|4,2025|6,AJ_FOYT,ARROW_MCLAREN_SPM,A_ONLY,A_ONLY,5.347499847412109,CONSECUTIVE,1,0.5,2,TIER2_EXTENDED
SAME_TEAM,6663,2025,2025_SECONDARY,POST_QUALIFYING_PRACTICE,5825584,6663|5825584|2025|23,6663|5825584|2025|24,2025|23,2025|24,DREYER_REINBOLD_RACING,DREYER_REINBOLD_RACING,B_ONLY,B_ONLY,1.6579999923706055,CONSECUTIVE,1,0.0,1,TIER2_EXTENDED
DIFF_TEAM,6663,2025,2025_SECONDARY,POST_QUALIFYING_PRACTICE,5825584,6663|5825584|2025|23,6663|5825584|2025|30,2025|23,2025|30,DREYER_REINBOLD_RACING,RAHAL_LETTERMAN_LANIGAN,B_ONLY,A_ONLY,57.24650001525879,BETWEEN_3_5,3,4.0,1,TIER2_EXTENDED
DIFF_TEAM,6663,2025,2025_SECONDARY,POST_QUALIFYING_PRACTICE,5825584,6663|5825584|2025|23,6663|5825584|2025|45,2025|23,2025|45,DREYER_REINBOLD_RACING,RAHAL_LETTERMAN_LANIGAN,B_ONLY,MIXED_AB,9.945500135421753,BETWEEN_GT5,4,8.0,1,TIER2_EXTENDED
DIFF_TEAM,6663,2025,2025_SECONDARY,POST_QUALIFYING_PRACTICE,5825584,6663|5825584|2025|23,6663|5825584|2025|90,2025|23,2025|90,DREYER_REINBOLD_RACING,PREMA_RACING,B_ONLY,A_ONLY,53.91700005531311,BETWEEN_GT5,4,7.0,1,TIER2_EXTENDED
DIFF_TEAM,6663,2025,2025_SECONDARY,POST_QUALIFYING_PRACTICE,5825584,6663|5825584|2025|24,6663|5825584|2025|30,2025|24,2025|30,DREYER_REINBOLD_RACING,RAHAL_LETTERMAN_LANIGAN,B_ONLY,A_ONLY,58.904500007629395,BETWEEN_3_5,3,4.0,1,TIER2_EXTENDED
DIFF_TEAM,6663,2025,2025_SECONDARY,POST_QUALIFYING_PRACTICE,5825584,6663|5825584|2025|24,6663|5825584|2025|45,2025|24,2025|45,DREYER_REINBOLD_RACING,RAHAL_LETTERMAN_LANIGAN,B_ONLY,MIXED_AB,11.603500127792358,BETWEEN_GT5,4,8.0,1,TIER2_EXTENDED
DIFF_TEAM,6663,2025,2025_SECONDARY,POST_QUALIFYING_PRACTICE,5825584,6663|5825584|2025|24,6663|5825584|2025|90,2025|24,2025|90,DREYER_REINBOLD_RACING,PREMA_RACING,B_ONLY,A_ONLY,55.575000047683716,BETWEEN_GT5,4,7.0,1,TIER2_EXTENDED
SAME_TEAM,6663,2025,2025_SECONDARY,POST_QUALIFYING_PRACTICE,5825584,6663|5825584|2025|30,6663|5825584|2025|45,2025|30,2025|45,RAHAL_LETTERMAN_LANIGAN,RAHAL_LETTERMAN_LANIGAN,A_ONLY,MIXED_AB,47.300999879837036,BETWEEN_3_5,3,12.0,1,TIER2_EXTENDED
DIFF_TEAM,6663,2025,2025_SECONDARY,POST_QUALIFYING_PRACTICE,5825584,6663|5825584|2025|30,6663|5825584|2025|90,2025|30,2025|90,RAHAL_LETTERMAN_LANIGAN,PREMA_RACING,A_ONLY,A_ONLY,3.3294999599456787,CONSECUTIVE,1,0.5,1,TIER2_EXTENDED
DIFF_TEAM,6663,2025,2025_SECONDARY,POST_QUALIFYING_PRACTICE,5825584,6663|5825584|2025|45,6663|5825584|2025|90,2025|45,2025|90,RAHAL_LETTERMAN_LANIGAN,PREMA_RACING,MIXED_AB,A_ONLY,43.97149991989136,CONSECUTIVE,1,0.0,1,TIER2_EXTENDED
SAME_TEAM,6663,2025,2025_SECONDARY,POST_QUALIFYING_PRACTICE,5825585,6663|5825585|2025|23,6663|5825585|2025|24,2025|23,2025|24,DREYER_REINBOLD_RACING,DREYER_REINBOLD_RACING,B_ONLY,B_ONLY,0.0,SAME_UPDATE,0,0.0,2,TIER2_EXTENDED
DIFF_TEAM,6663,2025,2025_SECONDARY,POST_QUALIFYING_PRACTICE,5825585,6663|5825585|2025|23,6663|5825585|2025|45,2025|23,2025|45,DREYER_REINBOLD_RACING,RAHAL_LETTERMAN_LANIGAN,B_ONLY,A_ONLY,9.97100019454956,BETWEEN_GT5,4,11.0,2,TIER2_EXTENDED
DIFF_TEAM,6663,2025,2025_SECONDARY,POST_QUALIFYING_PRACTICE,5825585,6663|5825585|2025|23,6663|5825585|2025|90,2025|23,2025|90,DREYER_REINBOLD_RACING,PREMA_RACING,B_ONLY,A_ONLY,33.16799998283386,BETWEEN_3_5,3,4.0,2,TIER2_EXTENDED
DIFF_TEAM,6663,2025,2025_SECONDARY,POST_QUALIFYING_PRACTICE,5825585,6663|5825585|2025|24,6663|5825585|2025|45,2025|24,2025|45,DREYER_REINBOLD_RACING,RAHAL_LETTERMAN_LANIGAN,B_ONLY,A_ONLY,9.97100019454956,BETWEEN_GT5,4,11.0,2,TIER2_EXTENDED
DIFF_TEAM,6663,2025,2025_SECONDARY,POST_QUALIFYING_PRACTICE,5825585,6663|5825585|2025|24,6663|5825585|2025|90,2025|24,2025|90,DREYER_REINBOLD_RACING,PREMA_RACING,B_ONLY,A_ONLY,33.16799998283386,BETWEEN_3_5,3,4.0,2,TIER2_EXTENDED
DIFF_TEAM,6663,2025,2025_SECONDARY,POST_QUALIFYING_PRACTICE,5825585,6663|5825585|2025|45,6663|5825585|2025|90,2025|45,2025|90,RAHAL_LETTERMAN_LANIGAN,PREMA_RACING,A_ONLY,A_ONLY,43.13900017738342,BETWEEN_GT5,4,17.0,2,TIER2_EXTENDED
DIFF_TEAM,6663,2025,2025_SECONDARY,POST_QUALIFYING_PRACTICE,5825592,6663|5825592|2025|2,6663|5825592|2025|24,2025|2,2025|24,TEAM_PENSKE,DREYER_REINBOLD_RACING,A_ONLY,A_ONLY,0.0,BETWEEN_GT5,4,12.0,2,TIER2_EXTENDED
DIFF_TEAM,6663,2025,2025_SECONDARY,POST_QUALIFYING_PRACTICE,5825592,6663|5825592|2025|2,6663|5825592|2025|6,2025|2,2025|6,TEAM_PENSKE,ARROW_MCLAREN_SPM,A_ONLY,B_ONLY,58.39300012588501,BETWEEN_1_2,2,2.0,2,TIER2_EXTENDED
DIFF_TEAM,6663,2025,2025_SECONDARY,POST_QUALIFYING_PRACTICE,5825592,6663|5825592|2025|2,6663|5825592|2025|7,2025|2,2025|7,TEAM_PENSKE,ARROW_MCLAREN_SPM,A_ONLY,A_ONLY,0.0,BETWEEN_GT5,4,12.0,2,TIER2_EXTENDED
DIFF_TEAM,6663,2025,2025_SECONDARY,POST_QUALIFYING_PRACTICE,5825592,6663|5825592|2025|2,6663|5825592|2025|76,2025|2,2025|76,TEAM_PENSKE,JUNCOS_HOLLINGER_RACING,A_ONLY,B_ONLY,91.76049995422363,BETWEEN_GT5,4,10.0,2,TIER2_EXTENDED
DIFF_TEAM,6663,2025,2025_SECONDARY,POST_QUALIFYING_PRACTICE,5825592,6663|5825592|2025|24,6663|5825592|2025|6,2025|24,2025|6,DREYER_REINBOLD_RACING,ARROW_MCLAREN_SPM,A_ONLY,B_ONLY,58.39300012588501,BETWEEN_1_2,2,2.0,2,TIER2_EXTENDED
DIFF_TEAM,6663,2025,2025_SECONDARY,POST_QUALIFYING_PRACTICE,5825592,6663|5825592|2025|24,6663|5825592|2025|7,2025|24,2025|7,DREYER_REINBOLD_RACING,ARROW_MCLAREN_SPM,A_ONLY,A_ONLY,0.0,SAME_UPDATE,0,0.0,2,TIER2_EXTENDED
DIFF_TEAM,6663,2025,2025_SECONDARY,POST_QUALIFYING_PRACTICE,5825592,6663|5825592|2025|24,6663|5825592|2025|76,2025|24,2025|76,DREYER_REINBOLD_RACING,JUNCOS_HOLLINGER_RACING,A_ONLY,B_ONLY,91.76049995422363,BETWEEN_1_2,2,1.0,2,TIER2_EXTENDED
SAME_TEAM,6663,2025,2025_SECONDARY,POST_QUALIFYING_PRACTICE,5825592,6663|5825592|2025|6,6663|5825592|2025|7,2025|6,2025|7,ARROW_MCLAREN_SPM,ARROW_MCLAREN_SPM,B_ONLY,A_ONLY,58.39300012588501,BETWEEN_GT5,4,18.0,2,TIER2_EXTENDED
DIFF_TEAM,6663,2025,2025_SECONDARY,POST_QUALIFYING_PRACTICE,5825592,6663|5825592|2025|6,6663|5825592|2025|76,2025|6,2025|76,ARROW_MCLAREN_SPM,JUNCOS_HOLLINGER_RACING,B_ONLY,B_ONLY,33.36749982833862,BETWEEN_3_5,3,6.0,2,TIER2_EXTENDED
DIFF_TEAM,6663,2025,2025_SECONDARY,POST_QUALIFYING_PRACTICE,5825592,6663|5825592|2025|7,6663|5825592|2025|76,2025|7,2025|76,ARROW_MCLAREN_SPM,JUNCOS_HOLLINGER_RACING,A_ONLY,B_ONLY,91.76049995422363,BETWEEN_1_2,2,1.0,2,TIER2_EXTENDED
SAME_TEAM,6663,2025,2025_SECONDARY,POST_QUALIFYING_PRACTICE,5825593,6663|5825593|2025|12,6663|5825593|2025|2,2025|12,2025|2,TEAM_PENSKE,TEAM_PENSKE,MIXED_AB,A_ONLY,135.11499977111816,BETWEEN_GT5,4,23.0,1,TIER2_EXTENDED
DIFF_TEAM,6663,2025,2025_SECONDARY,POST_QUALIFYING_PRACTICE,5825593,6663|5825593|2025|12,6663|5825593|2025|24,2025|12,2025|24,TEAM_PENSKE,DREYER_REINBOLD_RACING,MIXED_AB,A_ONLY,173.47499990463257,BETWEEN_GT5,4,31.0,1,TIER2_EXTENDED
SAME_TEAM,6663,2025,2025_SECONDARY,POST_QUALIFYING_PRACTICE,5825593,6663|5825593|2025|12,6663|5825593|2025|3,2025|12,2025|3,TEAM_PENSKE,TEAM_PENSKE,MIXED_AB,A_ONLY,5.005999803543091,CONSECUTIVE,1,0.0,1,TIER2_EXTENDED
DIFF_TEAM,6663,2025,2025_SECONDARY,POST_QUALIFYING_PRACTICE,5825593,6663|5825593|2025|12,6663|5825593|2025|5,2025|12,2025|5,TEAM_PENSKE,ARROW_MCLAREN_SPM,MIXED_AB,A_ONLY,152.6234998703003,BETWEEN_GT5,4,18.0,1,TIER2_EXTENDED
DIFF_TEAM,6663,2025,2025_SECONDARY,POST_QUALIFYING_PRACTICE,5825593,6663|5825593|2025|12,6663|5825593|2025|7,2025|12,2025|7,TEAM_PENSKE,ARROW_MCLAREN_SPM,MIXED_AB,MIXED_AB,133.44399976730347,BETWEEN_GT5,4,10.0,1,TIER2_EXTENDED
DIFF_TEAM,6663,2025,2025_SECONDARY,POST_QUALIFYING_PRACTICE,5825593,6663|5825593|2025|2,6663|5825593|2025|24,2025|2,2025|24,TEAM_PENSKE,DREYER_REINBOLD_RACING,A_ONLY,A_ONLY,38.360000133514404,BETWEEN_1_2,2,2.0,1,TIER2_EXTENDED
SAME_TEAM,6663,2025,2025_SECONDARY,POST_QUALIFYING_PRACTICE,5825593,6663|5825593|2025|2,6663|5825593|2025|3,2025|2,2025|3,TEAM_PENSKE,TEAM_PENSKE,A_ONLY,A_ONLY,130.10899996757507,BETWEEN_GT5,4,18.0,1,TIER2_EXTENDED
DIFF_TEAM,6663,2025,2025_SECONDARY,POST_QUALIFYING_PRACTICE,5825593,6663|5825593|2025|2,6663|5825593|2025|5,2025|2,2025|5,TEAM_PENSKE,ARROW_MCLAREN_SPM,A_ONLY,A_ONLY,17.50850009918213,CONSECUTIVE,1,0.0,1,TIER2_EXTENDED
DIFF_TEAM,6663,2025,2025_SECONDARY,POST_QUALIFYING_PRACTICE,5825593,6663|5825593|2025|2,6663|5825593|2025|7,2025|2,2025|7,TEAM_PENSKE,ARROW_MCLAREN_SPM,A_ONLY,MIXED_AB,1.6710000038146973,CONSECUTIVE,1,0.0,1,TIER2_EXTENDED
DIFF_TEAM,6663,2025,2025_SECONDARY,POST_QUALIFYING_PRACTICE,5825593,6663|5825593|2025|24,6663|5825593|2025|3,2025|24,2025|3,DREYER_REINBOLD_RACING,TEAM_PENSKE,A_ONLY,A_ONLY,168.46900010108948,BETWEEN_GT5,4,26.0,1,TIER2_EXTENDED
DIFF_TEAM,6663,2025,2025_SECONDARY,POST_QUALIFYING_PRACTICE,5825593,6663|5825593|2025|24,6663|5825593|2025|5,2025|24,2025|5,DREYER_REINBOLD_RACING,ARROW_MCLAREN_SPM,A_ONLY,A_ONLY,20.851500034332275,SAME_UPDATE,0,0.0,1,TIER2_EXTENDED
DIFF_TEAM,6663,2025,2025_SECONDARY,POST_QUALIFYING_PRACTICE,5825593,6663|5825593|2025|24,6663|5825593|2025|7,2025|24,2025|7,DREYER_REINBOLD_RACING,ARROW_MCLAREN_SPM,A_ONLY,MIXED_AB,40.0310001373291,CONSECUTIVE,1,0.0,1,TIER2_EXTENDED
DIFF_TEAM,6663,2025,2025_SECONDARY,POST_QUALIFYING_PRACTICE,5825593,6663|5825593|2025|3,6663|5825593|2025|5,2025|3,2025|5,TEAM_PENSKE,ARROW_MCLAREN_SPM,A_ONLY,A_ONLY,147.6175000667572,BETWEEN_GT5,4,17.0,1,TIER2_EXTENDED
DIFF_TEAM,6663,2025,2025_SECONDARY,POST_QUALIFYING_PRACTICE,5825593,6663|5825593|2025|3,6663|5825593|2025|7,2025|3,2025|7,TEAM_PENSKE,ARROW_MCLAREN_SPM,A_ONLY,MIXED_AB,128.43799996376038,BETWEEN_GT5,4,9.0,1,TIER2_EXTENDED
SAME_TEAM,6663,2025,2025_SECONDARY,POST_QUALIFYING_PRACTICE,5825593,6663|5825593|2025|5,6663|5825593|2025|7,2025|5,2025|7,ARROW_MCLAREN_SPM,ARROW_MCLAREN_SPM,A_ONLY,MIXED_AB,19.179500102996826,CONSECUTIVE,1,0.0,1,TIER2_EXTENDED
DIFF_TEAM,6663,2025,2025_SECONDARY,POST_QUALIFYING_PRACTICE,5825595,6663|5825595|2025|33,6663|5825595|2025|4,2025|33,2025|4,ED_CARPENTER_RACING,AJ_FOYT,MIXED_AB,B_ONLY,41.75,SAME_UPDATE,0,0.0,2,TIER2_EXTENDED
DIFF_TEAM,6663,2025,2025_SECONDARY,POST_QUALIFYING_PRACTICE,5825596,6663|5825596|2025|15,6663|5825596|2025|98,2025|15,2025|98,RAHAL_LETTERMAN_LANIGAN,ANDRETTI,B_ONLY,A_ONLY,45.849000215530396,CONSECUTIVE,1,0.0,1,TIER2_EXTENDED
SAME_TEAM,6663,2025,2025_SECONDARY,POST_QUALIFYING_PRACTICE,5825597,6663|5825597|2025|15,6663|5825597|2025|75,2025|15,2025|75,RAHAL_LETTERMAN_LANIGAN,RAHAL_LETTERMAN_LANIGAN,B_ONLY,B_ONLY,182.580500125885,BETWEEN_GT5,4,51.5,2,TIER2_EXTENDED
DIFF_TEAM,6663,2025,2025_SECONDARY,POST_QUALIFYING_PRACTICE,5825597,6663|5825597|2025|15,6663|5825597|2025|76,2025|15,2025|76,RAHAL_LETTERMAN_LANIGAN,JUNCOS_HOLLINGER_RACING,B_ONLY,A_ONLY,260.727499961853,BETWEEN_GT5,4,92.5,2,TIER2_EXTENDED
DIFF_TEAM,6663,2025,2025_SECONDARY,POST_QUALIFYING_PRACTICE,5825597,6663|5825597|2025|15,6663|5825597|2025|98,2025|15,2025|98,RAHAL_LETTERMAN_LANIGAN,ANDRETTI,B_ONLY,B_ONLY,182.580500125885,BETWEEN_GT5,4,51.5,2,TIER2_EXTENDED
DIFF_TEAM,6663,2025,2025_SECONDARY,POST_QUALIFYING_PRACTICE,5825597,6663|5825597|2025|75,6663|5825597|2025|76,2025|75,2025|76,RAHAL_LETTERMAN_LANIGAN,JUNCOS_HOLLINGER_RACING,B_ONLY,A_ONLY,78.14699983596802,BETWEEN_GT5,4,23.0,2,TIER2_EXTENDED
DIFF_TEAM,6663,2025,2025_SECONDARY,POST_QUALIFYING_PRACTICE,5825597,6663|5825597|2025|75,6663|5825597|2025|98,2025|75,2025|98,RAHAL_LETTERMAN_LANIGAN,ANDRETTI,B_ONLY,B_ONLY,0.0,SAME_UPDATE,0,0.0,2,TIER2_EXTENDED
DIFF_TEAM,6663,2025,2025_SECONDARY,POST_QUALIFYING_PRACTICE,5825597,6663|5825597|2025|76,6663|5825597|2025|98,2025|76,2025|98,JUNCOS_HOLLINGER_RACING,ANDRETTI,A_ONLY,B_ONLY,78.14699983596802,BETWEEN_GT5,4,8.0,2,TIER2_EXTENDED
DIFF_TEAM,6663,2025,2025_SECONDARY,POST_QUALIFYING_PRACTICE,5825598,6663|5825598|2025|75,6663|5825598|2025|76,2025|75,2025|76,RAHAL_LETTERMAN_LANIGAN,JUNCOS_HOLLINGER_RACING,B_ONLY,A_ONLY,59.01249980926514,BETWEEN_3_5,3,4.5,2,TIER2_EXTENDED
DIFF_TEAM,6663,2025,2025_SECONDARY,POST_QUALIFYING_PRACTICE,5825598,6663|5825598|2025|75,6663|5825598|2025|98,2025|75,2025|98,RAHAL_LETTERMAN_LANIGAN,ANDRETTI,B_ONLY,B_ONLY,0.0,SAME_UPDATE,0,0.0,2,TIER2_EXTENDED
DIFF_TEAM,6663,2025,2025_SECONDARY,POST_QUALIFYING_PRACTICE,5825598,6663|5825598|2025|76,6663|5825598|2025|98,2025|76,2025|98,JUNCOS_HOLLINGER_RACING,ANDRETTI,A_ONLY,B_ONLY,59.01249980926514,BETWEEN_GT5,4,7.0,2,TIER2_EXTENDED
DIFF_TEAM,6663,2025,2025_SECONDARY,POST_QUALIFYING_PRACTICE,5825599,6663|5825599|2025|60,6663|5825599|2025|77,2025|60,2025|77,MEYER_SHANK_RACING,JUNCOS_HOLLINGER_RACING,MIXED_AB,B_ONLY,1.6614999771118164,CONSECUTIVE,1,0.0,1,TIER2_EXTENDED
DIFF_TEAM,6663,2025,2025_SECONDARY,POST_QUALIFYING_PRACTICE,5825600,6663|5825600|2025|2,6663|5825600|2025|60,2025|2,2025|60,TEAM_PENSKE,MEYER_SHANK_RACING,A_ONLY,A_ONLY,249.81699991226196,BETWEEN_GT5,4,76.0,2,TIER2_EXTENDED
DIFF_TEAM,6663,2025,2025_SECONDARY,POST_QUALIFYING_PRACTICE,5825601,6663|5825601|2025|06,6663|5825601|2025|10,2025|06,2025|10,MEYER_SHANK_RACING,CHIP_GANASSI_RACING,B_ONLY,A_ONLY,43.14999985694885,CONSECUTIVE,1,0.5,2,TIER2_EXTENDED
DIFF_TEAM,6663,2025,2025_SECONDARY,POST_QUALIFYING_PRACTICE,5825601,6663|5825601|2025|06,6663|5825601|2025|18,2025|06,2025|18,MEYER_SHANK_RACING,DALE_COYNE_RACING,B_ONLY,A_ONLY,22.417500257492065,CONSECUTIVE,1,0.0,2,TIER2_EXTENDED
DIFF_TEAM,6663,2025,2025_SECONDARY,POST_QUALIFYING_PRACTICE,5825601,6663|5825601|2025|06,6663|5825601|2025|2,2025|06,2025|2,MEYER_SHANK_RACING,TEAM_PENSKE,B_ONLY,MIXED_AB,108.73149991035461,BETWEEN_GT5,4,18.5,2,TIER2_EXTENDED
DIFF_TEAM,6663,2025,2025_SECONDARY,POST_QUALIFYING_PRACTICE,5825601,6663|5825601|2025|06,6663|5825601|2025|20,2025|06,2025|20,MEYER_SHANK_RACING,ED_CARPENTER_RACING,B_ONLY,A_ONLY,4.971499919891357,BETWEEN_3_5,3,5.5,2,TIER2_EXTENDED
DIFF_TEAM,6663,2025,2025_SECONDARY,POST_QUALIFYING_PRACTICE,5825601,6663|5825601|2025|06,6663|5825601|2025|3,2025|06,2025|3,MEYER_SHANK_RACING,TEAM_PENSKE,B_ONLY,B_ONLY,22.417500257492065,CONSECUTIVE,1,0.0,2,TIER2_EXTENDED
DIFF_TEAM,6663,2025,2025_SECONDARY,POST_QUALIFYING_PRACTICE,5825601,6663|5825601|2025|06,6663|5825601|2025|75,2025|06,2025|75,MEYER_SHANK_RACING,RAHAL_LETTERMAN_LANIGAN,B_ONLY,B_ONLY,24.073500156402588,BETWEEN_1_2,2,2.5,2,TIER2_EXTENDED
DIFF_TEAM,6663,2025,2025_SECONDARY,POST_QUALIFYING_PRACTICE,5825601,6663|5825601|2025|06,6663|5825601|2025|8,2025|06,2025|8,MEYER_SHANK_RACING,CHIP_GANASSI_RACING,B_ONLY,A_ONLY,24.073500156402588,BETWEEN_1_2,2,2.0,2,TIER2_EXTENDED
DIFF_TEAM,6663,2025,2025_SECONDARY,POST_QUALIFYING_PRACTICE,5825601,6663|5825601|2025|10,6663|5825601|2025|18,2025|10,2025|18,CHIP_GANASSI_RACING,DALE_COYNE_RACING,A_ONLY,A_ONLY,65.56750011444092,BETWEEN_3_5,3,11.5,2,TIER2_EXTENDED
DIFF_TEAM,6663,2025,2025_SECONDARY,POST_QUALIFYING_PRACTICE,5825601,6663|5825601|2025|10,6663|5825601|2025|2,2025|10,2025|2,CHIP_GANASSI_RACING,TEAM_PENSKE,A_ONLY,MIXED_AB,65.58150005340576,BETWEEN_GT5,4,7.0,2,TIER2_EXTENDED
DIFF_TEAM,6663,2025,2025_SECONDARY,POST_QUALIFYING_PRACTICE,5825601,6663|5825601|2025|10,6663|5825601|2025|20,2025|10,2025|20,CHIP_GANASSI_RACING,ED_CARPENTER_RACING,A_ONLY,A_ONLY,38.178499937057495,BETWEEN_1_2,2,1.5,2,TIER2_EXTENDED
DIFF_TEAM,6663,2025,2025_SECONDARY,POST_QUALIFYING_PRACTICE,5825601,6663|5825601|2025|10,6663|5825601|2025|3,2025|10,2025|3,CHIP_GANASSI_RACING,TEAM_PENSKE,A_ONLY,B_ONLY,65.56750011444092,BETWEEN_3_5,3,11.5,2,TIER2_EXTENDED
DIFF_TEAM,6663,2025,2025_SECONDARY,POST_QUALIFYING_PRACTICE,5825601,6663|5825601|2025|10,6663|5825601|2025|75,2025|10,2025|75,CHIP_GANASSI_RACING,RAHAL_LETTERMAN_LANIGAN,A_ONLY,B_ONLY,67.22350001335144,BETWEEN_GT5,4,14.5,2,TIER2_EXTENDED
SAME_TEAM,6663,2025,2025_SECONDARY,POST_QUALIFYING_PRACTICE,5825601,6663|5825601|2025|10,6663|5825601|2025|8,2025|10,2025|8,CHIP_GANASSI_RACING,CHIP_GANASSI_RACING,A_ONLY,A_ONLY,67.22350001335144,BETWEEN_3_5,3,12.5,2,TIER2_EXTENDED
DIFF_TEAM,6663,2025,2025_SECONDARY,POST_QUALIFYING_PRACTICE,5825601,6663|5825601|2025|18,6663|5825601|2025|2,2025|18,2025|2,DALE_COYNE_RACING,TEAM_PENSKE,A_ONLY,MIXED_AB,131.14900016784668,BETWEEN_GT5,4,30.0,2,TIER2_EXTENDED
DIFF_TEAM,6663,2025,2025_SECONDARY,POST_QUALIFYING_PRACTICE,5825601,6663|5825601|2025|18,6663|5825601|2025|20,2025|18,2025|20,DALE_COYNE_RACING,ED_CARPENTER_RACING,A_ONLY,A_ONLY,27.389000177383423,BETWEEN_GT5,4,9.0,2,TIER2_EXTENDED
DIFF_TEAM,6663,2025,2025_SECONDARY,POST_QUALIFYING_PRACTICE,5825601,6663|5825601|2025|18,6663|5825601|2025|3,2025|18,2025|3,DALE_COYNE_RACING,TEAM_PENSKE,A_ONLY,B_ONLY,0.0,SAME_UPDATE,0,0.0,2,TIER2_EXTENDED
DIFF_TEAM,6663,2025,2025_SECONDARY,POST_QUALIFYING_PRACTICE,5825601,6663|5825601|2025|18,6663|5825601|2025|75,2025|18,2025|75,DALE_COYNE_RACING,RAHAL_LETTERMAN_LANIGAN,A_ONLY,B_ONLY,1.6559998989105225,CONSECUTIVE,1,0.0,2,TIER2_EXTENDED
DIFF_TEAM,6663,2025,2025_SECONDARY,POST_QUALIFYING_PRACTICE,5825601,6663|5825601|2025|18,6663|5825601|2025|8,2025|18,2025|8,DALE_COYNE_RACING,CHIP_GANASSI_RACING,A_ONLY,A_ONLY,1.6559998989105225,CONSECUTIVE,1,0.0,2,TIER2_EXTENDED
DIFF_TEAM,6663,2025,2025_SECONDARY,POST_QUALIFYING_PRACTICE,5825601,6663|5825601|2025|2,6663|5825601|2025|20,2025|2,2025|20,TEAM_PENSKE,ED_CARPENTER_RACING,MIXED_AB,A_ONLY,103.75999999046326,BETWEEN_GT5,4,18.0,2,TIER2_EXTENDED
SAME_TEAM,6663,2025,2025_SECONDARY,POST_QUALIFYING_PRACTICE,5825601,6663|5825601|2025|2,6663|5825601|2025|3,2025|2,2025|3,TEAM_PENSKE,TEAM_PENSKE,MIXED_AB,B_ONLY,131.14900016784668,BETWEEN_GT5,4,47.0,2,TIER2_EXTENDED
DIFF_TEAM,6663,2025,2025_SECONDARY,POST_QUALIFYING_PRACTICE,5825601,6663|5825601|2025|2,6663|5825601|2025|75,2025|2,2025|75,TEAM_PENSKE,RAHAL_LETTERMAN_LANIGAN,MIXED_AB,B_ONLY,132.8050000667572,BETWEEN_GT5,4,50.0,2,TIER2_EXTENDED
DIFF_TEAM,6663,2025,2025_SECONDARY,POST_QUALIFYING_PRACTICE,5825601,6663|5825601|2025|2,6663|5825601|2025|8,2025|2,2025|8,TEAM_PENSKE,CHIP_GANASSI_RACING,MIXED_AB,A_ONLY,132.8050000667572,BETWEEN_GT5,4,47.0,2,TIER2_EXTENDED
DIFF_TEAM,6663,2025,2025_SECONDARY,POST_QUALIFYING_PRACTICE,5825601,6663|5825601|2025|20,6663|5825601|2025|3,2025|20,2025|3,ED_CARPENTER_RACING,TEAM_PENSKE,A_ONLY,B_ONLY,27.389000177383423,BETWEEN_GT5,4,9.0,2,TIER2_EXTENDED
DIFF_TEAM,6663,2025,2025_SECONDARY,POST_QUALIFYING_PRACTICE,5825601,6663|5825601|2025|20,6663|5825601|2025|75,2025|20,2025|75,ED_CARPENTER_RACING,RAHAL_LETTERMAN_LANIGAN,A_ONLY,B_ONLY,29.045000076293945,BETWEEN_GT5,4,11.0,2,TIER2_EXTENDED
DIFF_TEAM,6663,2025,2025_SECONDARY,POST_QUALIFYING_PRACTICE,5825601,6663|5825601|2025|20,6663|5825601|2025|8,2025|20,2025|8,ED_CARPENTER_RACING,CHIP_GANASSI_RACING,A_ONLY,A_ONLY,29.045000076293945,BETWEEN_GT5,4,11.0,2,TIER2_EXTENDED
DIFF_TEAM,6663,2025,2025_SECONDARY,POST_QUALIFYING_PRACTICE,5825601,6663|5825601|2025|3,6663|5825601|2025|75,2025|3,2025|75,TEAM_PENSKE,RAHAL_LETTERMAN_LANIGAN,B_ONLY,B_ONLY,1.6559998989105225,CONSECUTIVE,1,0.0,2,TIER2_EXTENDED
DIFF_TEAM,6663,2025,2025_SECONDARY,POST_QUALIFYING_PRACTICE,5825601,6663|5825601|2025|3,6663|5825601|2025|8,2025|3,2025|8,TEAM_PENSKE,CHIP_GANASSI_RACING,B_ONLY,A_ONLY,1.6559998989105225,CONSECUTIVE,1,0.0,2,TIER2_EXTENDED
DIFF_TEAM,6663,2025,2025_SECONDARY,POST_QUALIFYING_PRACTICE,5825601,6663|5825601|2025|75,6663|5825601|2025|8,2025|75,2025|8,RAHAL_LETTERMAN_LANIGAN,CHIP_GANASSI_RACING,B_ONLY,A_ONLY,0.0,SAME_UPDATE,0,0.0,2,TIER2_EXTENDED
DIFF_TEAM,6663,2025,2025_SECONDARY,POST_QUALIFYING_PRACTICE,5825602,6663|5825602|2025|18,6663|5825602|2025|20,2025|18,2025|20,DALE_COYNE_RACING,ED_CARPENTER_RACING,A_ONLY,A_ONLY,8.305999994277954,BETWEEN_GT5,4,7.0,1,TIER2_EXTENDED
DIFF_TEAM,6663,2025,2025_SECONDARY,POST_QUALIFYING_PRACTICE,5825602,6663|5825602|2025|18,6663|5825602|2025|3,2025|18,2025|3,DALE_COYNE_RACING,TEAM_PENSKE,A_ONLY,B_ONLY,1.6540000438690186,CONSECUTIVE,1,0.0,1,TIER2_EXTENDED
DIFF_TEAM,6663,2025,2025_SECONDARY,POST_QUALIFYING_PRACTICE,5825602,6663|5825602|2025|18,6663|5825602|2025|66,2025|18,2025|66,DALE_COYNE_RACING,MEYER_SHANK_RACING,A_ONLY,A_ONLY,209.50099992752075,BETWEEN_GT5,4,72.0,1,TIER2_EXTENDED
DIFF_TEAM,6663,2025,2025_SECONDARY,POST_QUALIFYING_PRACTICE,5825602,6663|5825602|2025|18,6663|5825602|2025|75,2025|18,2025|75,DALE_COYNE_RACING,RAHAL_LETTERMAN_LANIGAN,A_ONLY,MIXED_AB,166.18899989128113,CONSECUTIVE,1,0.0,1,TIER2_EXTENDED
DIFF_TEAM,6663,2025,2025_SECONDARY,POST_QUALIFYING_PRACTICE,5825602,6663|5825602|2025|18,6663|5825602|2025|8,2025|18,2025|8,DALE_COYNE_RACING,CHIP_GANASSI_RACING,A_ONLY,MIXED_AB,20.780499935150146,SAME_UPDATE,0,0.0,1,TIER2_EXTENDED
DIFF_TEAM,6663,2025,2025_SECONDARY,POST_QUALIFYING_PRACTICE,5825602,6663|5825602|2025|20,6663|5825602|2025|3,2025|20,2025|3,ED_CARPENTER_RACING,TEAM_PENSKE,A_ONLY,B_ONLY,6.6519999504089355,BETWEEN_3_5,3,5.0,1,TIER2_EXTENDED
DIFF_TEAM,6663,2025,2025_SECONDARY,POST_QUALIFYING_PRACTICE,5825602,6663|5825602|2025|20,6663|5825602|2025|66,2025|20,2025|66,ED_CARPENTER_RACING,MEYER_SHANK_RACING,A_ONLY,A_ONLY,217.8069999217987,BETWEEN_GT5,4,81.0,1,TIER2_EXTENDED
DIFF_TEAM,6663,2025,2025_SECONDARY,POST_QUALIFYING_PRACTICE,5825602,6663|5825602|2025|20,6663|5825602|2025|75,2025|20,2025|75,ED_CARPENTER_RACING,RAHAL_LETTERMAN_LANIGAN,A_ONLY,MIXED_AB,174.49499988555908,BETWEEN_GT5,4,9.0,1,TIER2_EXTENDED
DIFF_TEAM,6663,2025,2025_SECONDARY,POST_QUALIFYING_PRACTICE,5825602,6663|5825602|2025|20,6663|5825602|2025|8,2025|20,2025|8,ED_CARPENTER_RACING,CHIP_GANASSI_RACING,A_ONLY,MIXED_AB,29.0864999294281,BETWEEN_GT5,4,7.0,1,TIER2_EXTENDED
DIFF_TEAM,6663,2025,2025_SECONDARY,POST_QUALIFYING_PRACTICE,5825602,6663|5825602|2025|3,6663|5825602|2025|66,2025|3,2025|66,TEAM_PENSKE,MEYER_SHANK_RACING,B_ONLY,A_ONLY,211.15499997138977,BETWEEN_GT5,4,74.0,1,TIER2_EXTENDED
DIFF_TEAM,6663,2025,2025_SECONDARY,POST_QUALIFYING_PRACTICE,5825602,6663|5825602|2025|3,6663|5825602|2025|75,2025|3,2025|75,TEAM_PENSKE,RAHAL_LETTERMAN_LANIGAN,B_ONLY,MIXED_AB,167.84299993515015,BETWEEN_1_2,2,2.0,1,TIER2_EXTENDED
DIFF_TEAM,6663,2025,2025_SECONDARY,POST_QUALIFYING_PRACTICE,5825602,6663|5825602|2025|3,6663|5825602|2025|8,2025|3,2025|8,TEAM_PENSKE,CHIP_GANASSI_RACING,B_ONLY,MIXED_AB,22.434499979019165,CONSECUTIVE,1,0.0,1,TIER2_EXTENDED
DIFF_TEAM,6663,2025,2025_SECONDARY,POST_QUALIFYING_PRACTICE,5825602,6663|5825602|2025|66,6663|5825602|2025|75,2025|66,2025|75,MEYER_SHANK_RACING,RAHAL_LETTERMAN_LANIGAN,A_ONLY,MIXED_AB,43.312000036239624,CONSECUTIVE,1,0.0,1,TIER2_EXTENDED
DIFF_TEAM,6663,2025,2025_SECONDARY,POST_QUALIFYING_PRACTICE,5825602,6663|5825602|2025|66,6663|5825602|2025|8,2025|66,2025|8,MEYER_SHANK_RACING,CHIP_GANASSI_RACING,A_ONLY,MIXED_AB,188.7204999923706,BETWEEN_GT5,4,76.0,1,TIER2_EXTENDED
DIFF_TEAM,6663,2025,2025_SECONDARY,POST_QUALIFYING_PRACTICE,5825602,6663|5825602|2025|75,6663|5825602|2025|8,2025|75,2025|8,RAHAL_LETTERMAN_LANIGAN,CHIP_GANASSI_RACING,MIXED_AB,MIXED_AB,145.40849995613098,BETWEEN_GT5,4,53.0,1,TIER2_EXTENDED
DIFF_TEAM,6663,2025,2025_SECONDARY,POST_QUALIFYING_PRACTICE,5825603,6663|5825603|2025|66,6663|5825603|2025|75,2025|66,2025|75,MEYER_SHANK_RACING,RAHAL_LETTERMAN_LANIGAN,A_ONLY,A_ONLY,1.6699998378753662,CONSECUTIVE,1,0.0,2,TIER2_EXTENDED
DIFF_TEAM,6663,2025,2025_SECONDARY,POST_QUALIFYING_PRACTICE,5825603,6663|5825603|2025|66,6663|5825603|2025|83,2025|66,2025|83,MEYER_SHANK_RACING,PREMA_RACING,A_ONLY,A_ONLY,116.64600014686584,BETWEEN_3_5,3,5.0,2,TIER2_EXTENDED
DIFF_TEAM,6663,2025,2025_SECONDARY,POST_QUALIFYING_PRACTICE,5825603,6663|5825603|2025|75,6663|5825603|2025|83,2025|75,2025|83,RAHAL_LETTERMAN_LANIGAN,PREMA_RACING,A_ONLY,A_ONLY,118.31599998474121,BETWEEN_GT5,4,6.0,2,TIER2_EXTENDED
