year,grid_time_utc,window_half_width_minutes,first_run_car_count,first_run_median_field_residual_mph,first_run_evidence_weight,repeat_car_count,repeat_median_residual_mph,repeat_evidence_weight,prior_mean_mph,prior_weight,latent_window_target_mph,latent_window_class,evidence_tier,target_available,target_role,important_constraint
2020,2020-08-15T12:15:00+00:00,30,0,,0.000000,0,,0.000000,0.000000,2.000000,,NO_EVIDENCE,NO_EVIDENCE,False,NO_TARGET,FULL-SESSION HISTORICAL TARGET; NOT DECISION-TIME FEATURE
2020,2020-08-15T12:20:00+00:00,30,0,,0.000000,0,,0.000000,0.000000,2.000000,,NO_EVIDENCE,NO_EVIDENCE,False,NO_TARGET,FULL-SESSION HISTORICAL TARGET; NOT DECISION-TIME FEATURE
2020,2020-08-15T12:25:00+00:00,30,0,,0.000000,0,,0.000000,0.000000,2.000000,,NO_EVIDENCE,NO_EVIDENCE,False,NO_TARGET,FULL-SESSION HISTORICAL TARGET; NOT DECISION-TIME FEATURE
2020,2020-08-15T12:30:00+00:00,30,0,,0.000000,0,,0.000000,0.000000,2.000000,,NO_EVIDENCE,NO_EVIDENCE,False,NO_TARGET,FULL-SESSION HISTORICAL TARGET; NOT DECISION-TIME FEATURE
2020,2020-08-15T12:35:00+00:00,30,0,,0.000000,0,,0.000000,0.000000,2.000000,,NO_EVIDENCE,NO_EVIDENCE,False,NO_TARGET,FULL-SESSION HISTORICAL TARGET; NOT DECISION-TIME FEATURE
2020,2020-08-15T12:40:00+00:00,30,0,,0.000000,0,,0.000000,0.000000,2.000000,,NO_EVIDENCE,NO_EVIDENCE,False,NO_TARGET,FULL-SESSION HISTORICAL TARGET; NOT DECISION-TIME FEATURE
2020,2020-08-15T12:45:00+00:00,30,0,,0.000000,0,,0.000000,0.000000,2.000000,,NO_EVIDENCE,NO_EVIDENCE,False,NO_TARGET,FULL-SESSION HISTORICAL TARGET; NOT DECISION-TIME FEATURE
2020,2020-08-15T12:50:00+00:00,30,0,,0.000000,0,,0.000000,0.000000,2.000000,,NO_EVIDENCE,NO_EVIDENCE,False,NO_TARGET,FULL-SESSION HISTORICAL TARGET; NOT DECISION-TIME FEATURE
2020,2020-08-15T12:55:00+00:00,30,0,,0.000000,0,,0.000000,0.000000,2.000000,,NO_EVIDENCE,NO_EVIDENCE,False,NO_TARGET,FULL-SESSION HISTORICAL TARGET; NOT DECISION-TIME FEATURE
2020,2020-08-15T13:00:00+00:00,30,0,,0.000000,0,,0.000000,0.000000,2.000000,,NO_EVIDENCE,NO_EVIDENCE,False,NO_TARGET,FULL-SESSION HISTORICAL TARGET; NOT DECISION-TIME FEATURE
2020,2020-08-15T13:05:00+00:00,30,0,,0.000000,0,,0.000000,0.000000,2.000000,,NO_EVIDENCE,NO_EVIDENCE,False,NO_TARGET,FULL-SESSION HISTORICAL TARGET; NOT DECISION-TIME FEATURE
2020,2020-08-15T13:10:00+00:00,30,0,,0.000000,0,,0.000000,0.000000,2.000000,,NO_EVIDENCE,NO_EVIDENCE,False,NO_TARGET,FULL-SESSION HISTORICAL TARGET; NOT DECISION-TIME FEATURE
2020,2020-08-15T13:15:00+00:00,30,0,,0.000000,0,,0.000000,0.000000,2.000000,,NO_EVIDENCE,NO_EVIDENCE,False,NO_TARGET,FULL-SESSION HISTORICAL TARGET; NOT DECISION-TIME FEATURE
2020,2020-08-15T13:20:00+00:00,30,0,,0.000000,0,,0.000000,0.000000,2.000000,,NO_EVIDENCE,NO_EVIDENCE,False,NO_TARGET,FULL-SESSION HISTORICAL TARGET; NOT DECISION-TIME FEATURE
2020,2020-08-15T13:25:00+00:00,30,0,,0.000000,0,,0.000000,0.000000,2.000000,,NO_EVIDENCE,NO_EVIDENCE,False,NO_TARGET,FULL-SESSION HISTORICAL TARGET; NOT DECISION-TIME FEATURE
2020,2020-08-15T13:30:00+00:00,30,0,,0.000000,0,,0.000000,0.000000,2.000000,,NO_EVIDENCE,NO_EVIDENCE,False,NO_TARGET,FULL-SESSION HISTORICAL TARGET; NOT DECISION-TIME FEATURE
2020,2020-08-15T13:35:00+00:00,30,0,,0.000000,0,,0.000000,0.000000,2.000000,,NO_EVIDENCE,NO_EVIDENCE,False,NO_TARGET,FULL-SESSION HISTORICAL TARGET; NOT DECISION-TIME FEATURE
2020,2020-08-15T13:40:00+00:00,30,0,,0.000000,0,,0.000000,0.000000,2.000000,,NO_EVIDENCE,NO_EVIDENCE,False,NO_TARGET,FULL-SESSION HISTORICAL TARGET; NOT DECISION-TIME FEATURE
2020,2020-08-15T13:45:00+00:00,30,0,,0.000000,0,,0.000000,0.000000,2.000000,,NO_EVIDENCE,NO_EVIDENCE,False,NO_TARGET,FULL-SESSION HISTORICAL TARGET; NOT DECISION-TIME FEATURE
2020,2020-08-15T13:50:00+00:00,30,0,,0.000000,0,,0.000000,0.000000,2.000000,,NO_EVIDENCE,NO_EVIDENCE,False,NO_TARGET,FULL-SESSION HISTORICAL TARGET; NOT DECISION-TIME FEATURE
2020,2020-08-15T13:55:00+00:00,30,0,,0.000000,0,,0.000000,0.000000,2.000000,,NO_EVIDENCE,NO_EVIDENCE,False,NO_TARGET,FULL-SESSION HISTORICAL TARGET; NOT DECISION-TIME FEATURE
2020,2020-08-15T14:00:00+00:00,30,0,,0.000000,0,,0.000000,0.000000,2.000000,,NO_EVIDENCE,NO_EVIDENCE,False,NO_TARGET,FULL-SESSION HISTORICAL TARGET; NOT DECISION-TIME FEATURE
2020,2020-08-15T14:05:00+00:00,30,0,,0.000000,0,,0.000000,0.000000,2.000000,,NO_EVIDENCE,NO_EVIDENCE,False,NO_TARGET,FULL-SESSION HISTORICAL TARGET; NOT DECISION-TIME FEATURE
2020,2020-08-15T14:10:00+00:00,30,0,,0.000000,0,,0.000000,0.000000,2.000000,,NO_EVIDENCE,NO_EVIDENCE,False,NO_TARGET,FULL-SESSION HISTORICAL TARGET; NOT DECISION-TIME FEATURE
2020,2020-08-15T14:15:00+00:00,30,0,,0.000000,0,,0.000000,0.000000,2.000000,,NO_EVIDENCE,NO_EVIDENCE,False,NO_TARGET,FULL-SESSION HISTORICAL TARGET; NOT DECISION-TIME FEATURE
2020,2020-08-15T14:20:00+00:00,30,0,,0.000000,0,,0.000000,0.000000,2.000000,,NO_EVIDENCE,NO_EVIDENCE,False,NO_TARGET,FULL-SESSION HISTORICAL TARGET; NOT DECISION-TIME FEATURE
2020,2020-08-15T14:25:00+00:00,30,0,,0.000000,0,,0.000000,0.000000,2.000000,,NO_EVIDENCE,NO_EVIDENCE,False,NO_TARGET,FULL-SESSION HISTORICAL TARGET; NOT DECISION-TIME FEATURE
2020,2020-08-15T14:30:00+00:00,30,0,,0.000000,0,,0.000000,0.000000,2.000000,,NO_EVIDENCE,NO_EVIDENCE,False,NO_TARGET,FULL-SESSION HISTORICAL TARGET; NOT DECISION-TIME FEATURE
2020,2020-08-15T14:35:00+00:00,30,1,0.929000,1.000000,0,,0.000000,0.000000,2.000000,0.309667,BETTER_THAN_REFERENCE,TIER_D_SPARSE_FIRST_RUN_ONLY,True,OFFLINE_LATENT_WINDOW_TARGET,FULL-SESSION HISTORICAL TARGET; NOT DECISION-TIME FEATURE
2020,2020-08-15T14:40:00+00:00,30,1,0.929000,1.000000,0,,0.000000,0.000000,2.000000,0.309667,BETTER_THAN_REFERENCE,TIER_D_SPARSE_FIRST_RUN_ONLY,True,OFFLINE_LATENT_WINDOW_TARGET,FULL-SESSION HISTORICAL TARGET; NOT DECISION-TIME FEATURE
2020,2020-08-15T14:45:00+00:00,30,2,-0.042000,1.414214,0,,0.000000,0.000000,2.000000,-0.017397,NEUTRAL,TIER_D_SPARSE_FIRST_RUN_ONLY,True,OFFLINE_LATENT_WINDOW_TARGET,FULL-SESSION HISTORICAL TARGET; NOT DECISION-TIME FEATURE
2020,2020-08-15T14:50:00+00:00,30,3,0.929000,1.732051,0,,0.000000,0.000000,2.000000,0.431150,BETTER_THAN_REFERENCE,TIER_C_MULTI_CAR_FIRST_RUN_ONLY,True,OFFLINE_LATENT_WINDOW_TARGET,FULL-SESSION HISTORICAL TARGET; NOT DECISION-TIME FEATURE
2020,2020-08-15T14:55:00+00:00,30,4,0.448500,2.000000,0,,0.000000,0.000000,2.000000,0.224250,BETTER_THAN_REFERENCE,TIER_C_MULTI_CAR_FIRST_RUN_ONLY,True,OFFLINE_LATENT_WINDOW_TARGET,FULL-SESSION HISTORICAL TARGET; NOT DECISION-TIME FEATURE
2020,2020-08-15T15:00:00+00:00,30,6,0.787500,2.449490,0,,0.000000,0.000000,2.000000,0.433527,BETTER_THAN_REFERENCE,TIER_C_MULTI_CAR_FIRST_RUN_ONLY,True,OFFLINE_LATENT_WINDOW_TARGET,FULL-SESSION HISTORICAL TARGET; NOT DECISION-TIME FEATURE
2020,2020-08-15T15:05:00+00:00,30,7,0.646000,2.645751,0,,0.000000,0.000000,2.000000,0.367896,BETTER_THAN_REFERENCE,TIER_C_MULTI_CAR_FIRST_RUN_ONLY,True,OFFLINE_LATENT_WINDOW_TARGET,FULL-SESSION HISTORICAL TARGET; NOT DECISION-TIME FEATURE
2020,2020-08-15T15:10:00+00:00,30,8,0.524500,2.828427,0,,0.000000,0.000000,2.000000,0.307245,BETTER_THAN_REFERENCE,TIER_C_MULTI_CAR_FIRST_RUN_ONLY,True,OFFLINE_LATENT_WINDOW_TARGET,FULL-SESSION HISTORICAL TARGET; NOT DECISION-TIME FEATURE
2020,2020-08-15T15:15:00+00:00,30,8,0.524500,2.828427,0,,0.000000,0.000000,2.000000,0.307245,BETTER_THAN_REFERENCE,TIER_C_MULTI_CAR_FIRST_RUN_ONLY,True,OFFLINE_LATENT_WINDOW_TARGET,FULL-SESSION HISTORICAL TARGET; NOT DECISION-TIME FEATURE
2020,2020-08-15T15:20:00+00:00,30,9,0.403000,3.000000,0,,0.000000,0.000000,2.000000,0.241800,BETTER_THAN_REFERENCE,TIER_C_MULTI_CAR_FIRST_RUN_ONLY,True,OFFLINE_LATENT_WINDOW_TARGET,FULL-SESSION HISTORICAL TARGET; NOT DECISION-TIME FEATURE
2020,2020-08-15T15:25:00+00:00,30,10,0.524500,3.162278,0,,0.000000,0.000000,2.000000,0.321295,BETTER_THAN_REFERENCE,TIER_C_MULTI_CAR_FIRST_RUN_ONLY,True,OFFLINE_LATENT_WINDOW_TARGET,FULL-SESSION HISTORICAL TARGET; NOT DECISION-TIME FEATURE
2020,2020-08-15T15:30:00+00:00,30,11,0.403000,3.316625,0,,0.000000,0.000000,2.000000,0.251400,BETTER_THAN_REFERENCE,TIER_C_MULTI_CAR_FIRST_RUN_ONLY,True,OFFLINE_LATENT_WINDOW_TARGET,FULL-SESSION HISTORICAL TARGET; NOT DECISION-TIME FEATURE
2020,2020-08-15T15:35:00+00:00,30,11,0.403000,3.316625,0,,0.000000,0.000000,2.000000,0.251400,BETTER_THAN_REFERENCE,TIER_C_MULTI_CAR_FIRST_RUN_ONLY,True,OFFLINE_LATENT_WINDOW_TARGET,FULL-SESSION HISTORICAL TARGET; NOT DECISION-TIME FEATURE
2020,2020-08-15T15:40:00+00:00,30,11,0.403000,3.316625,0,,0.000000,0.000000,2.000000,0.251400,BETTER_THAN_REFERENCE,TIER_C_MULTI_CAR_FIRST_RUN_ONLY,True,OFFLINE_LATENT_WINDOW_TARGET,FULL-SESSION HISTORICAL TARGET; NOT DECISION-TIME FEATURE
2020,2020-08-15T15:45:00+00:00,30,11,0.579000,3.316625,0,,0.000000,0.000000,2.000000,0.361193,BETTER_THAN_REFERENCE,TIER_C_MULTI_CAR_FIRST_RUN_ONLY,True,OFFLINE_LATENT_WINDOW_TARGET,FULL-SESSION HISTORICAL TARGET; NOT DECISION-TIME FEATURE
2020,2020-08-15T15:50:00+00:00,30,11,0.403000,3.316625,0,,0.000000,0.000000,2.000000,0.251400,BETTER_THAN_REFERENCE,TIER_C_MULTI_CAR_FIRST_RUN_ONLY,True,OFFLINE_LATENT_WINDOW_TARGET,FULL-SESSION HISTORICAL TARGET; NOT DECISION-TIME FEATURE
2020,2020-08-15T15:55:00+00:00,30,11,0.403000,3.316625,0,,0.000000,0.000000,2.000000,0.251400,BETTER_THAN_REFERENCE,TIER_C_MULTI_CAR_FIRST_RUN_ONLY,True,OFFLINE_LATENT_WINDOW_TARGET,FULL-SESSION HISTORICAL TARGET; NOT DECISION-TIME FEATURE
2020,2020-08-15T16:00:00+00:00,30,10,0.185000,3.162278,0,,0.000000,0.000000,2.000000,0.113326,BETTER_THAN_REFERENCE,TIER_C_MULTI_CAR_FIRST_RUN_ONLY,True,OFFLINE_LATENT_WINDOW_TARGET,FULL-SESSION HISTORICAL TARGET; NOT DECISION-TIME FEATURE
2020,2020-08-15T16:05:00+00:00,30,10,0.382000,3.162278,0,,0.000000,0.000000,2.000000,0.234003,BETTER_THAN_REFERENCE,TIER_C_MULTI_CAR_FIRST_RUN_ONLY,True,OFFLINE_LATENT_WINDOW_TARGET,FULL-SESSION HISTORICAL TARGET; NOT DECISION-TIME FEATURE
2020,2020-08-15T16:10:00+00:00,30,10,0.139500,3.162278,0,,0.000000,0.000000,2.000000,0.085454,NEUTRAL,TIER_C_MULTI_CAR_FIRST_RUN_ONLY,True,OFFLINE_LATENT_WINDOW_TARGET,FULL-SESSION HISTORICAL TARGET; NOT DECISION-TIME FEATURE
2020,2020-08-15T16:15:00+00:00,30,11,-0.082000,3.316625,0,,0.000000,0.000000,2.000000,-0.051153,NEUTRAL,TIER_C_MULTI_CAR_FIRST_RUN_ONLY,True,OFFLINE_LATENT_WINDOW_TARGET,FULL-SESSION HISTORICAL TARGET; NOT DECISION-TIME FEATURE
2020,2020-08-15T16:20:00+00:00,30,11,0.361000,3.316625,0,,0.000000,0.000000,2.000000,0.225200,BETTER_THAN_REFERENCE,TIER_C_MULTI_CAR_FIRST_RUN_ONLY,True,OFFLINE_LATENT_WINDOW_TARGET,FULL-SESSION HISTORICAL TARGET; NOT DECISION-TIME FEATURE
2020,2020-08-15T16:25:00+00:00,30,10,0.139500,3.162278,0,,0.000000,0.000000,2.000000,0.085454,NEUTRAL,TIER_C_MULTI_CAR_FIRST_RUN_ONLY,True,OFFLINE_LATENT_WINDOW_TARGET,FULL-SESSION HISTORICAL TARGET; NOT DECISION-TIME FEATURE
2020,2020-08-15T16:30:00+00:00,30,10,0.176000,3.162278,0,,0.000000,0.000000,2.000000,0.107813,BETTER_THAN_REFERENCE,TIER_C_MULTI_CAR_FIRST_RUN_ONLY,True,OFFLINE_LATENT_WINDOW_TARGET,FULL-SESSION HISTORICAL TARGET; NOT DECISION-TIME FEATURE
2020,2020-08-15T16:35:00+00:00,30,9,-0.009000,3.000000,0,,0.000000,0.000000,2.000000,-0.005400,NEUTRAL,TIER_C_MULTI_CAR_FIRST_RUN_ONLY,True,OFFLINE_LATENT_WINDOW_TARGET,FULL-SESSION HISTORICAL TARGET; NOT DECISION-TIME FEATURE
2020,2020-08-15T16:40:00+00:00,30,10,-0.045500,3.162278,0,,0.000000,0.000000,2.000000,-0.027872,NEUTRAL,TIER_C_MULTI_CAR_FIRST_RUN_ONLY,True,OFFLINE_LATENT_WINDOW_TARGET,FULL-SESSION HISTORICAL TARGET; NOT DECISION-TIME FEATURE
2020,2020-08-15T16:45:00+00:00,30,10,-0.045500,3.162278,0,,0.000000,0.000000,2.000000,-0.027872,NEUTRAL,TIER_C_MULTI_CAR_FIRST_RUN_ONLY,True,OFFLINE_LATENT_WINDOW_TARGET,FULL-SESSION HISTORICAL TARGET; NOT DECISION-TIME FEATURE
2020,2020-08-15T16:50:00+00:00,30,10,-0.045500,3.162278,0,,0.000000,0.000000,2.000000,-0.027872,NEUTRAL,TIER_C_MULTI_CAR_FIRST_RUN_ONLY,True,OFFLINE_LATENT_WINDOW_TARGET,FULL-SESSION HISTORICAL TARGET; NOT DECISION-TIME FEATURE
2020,2020-08-15T16:55:00+00:00,30,10,-0.045500,3.162278,0,,0.000000,0.000000,2.000000,-0.027872,NEUTRAL,TIER_C_MULTI_CAR_FIRST_RUN_ONLY,True,OFFLINE_LATENT_WINDOW_TARGET,FULL-SESSION HISTORICAL TARGET; NOT DECISION-TIME FEATURE
2020,2020-08-15T17:00:00+00:00,30,10,-0.374000,3.162278,0,,0.000000,0.000000,2.000000,-0.229103,WORSE_THAN_REFERENCE,TIER_C_MULTI_CAR_FIRST_RUN_ONLY,True,OFFLINE_LATENT_WINDOW_TARGET,FULL-SESSION HISTORICAL TARGET; NOT DECISION-TIME FEATURE
2020,2020-08-15T17:05:00+00:00,30,10,-0.898000,3.162278,0,,0.000000,0.000000,2.000000,-0.550092,WORSE_THAN_REFERENCE,TIER_C_MULTI_CAR_FIRST_RUN_ONLY,True,OFFLINE_LATENT_WINDOW_TARGET,FULL-SESSION HISTORICAL TARGET; NOT DECISION-TIME FEATURE
2020,2020-08-15T17:10:00+00:00,30,10,-0.898000,3.162278,0,,0.000000,0.000000,2.000000,-0.550092,WORSE_THAN_REFERENCE,TIER_C_MULTI_CAR_FIRST_RUN_ONLY,True,OFFLINE_LATENT_WINDOW_TARGET,FULL-SESSION HISTORICAL TARGET; NOT DECISION-TIME FEATURE
2020,2020-08-15T17:15:00+00:00,30,9,-0.739000,3.000000,0,,0.000000,0.000000,2.000000,-0.443400,WORSE_THAN_REFERENCE,TIER_C_MULTI_CAR_FIRST_RUN_ONLY,True,OFFLINE_LATENT_WINDOW_TARGET,FULL-SESSION HISTORICAL TARGET; NOT DECISION-TIME FEATURE
2020,2020-08-15T17:20:00+00:00,30,8,-0.898000,2.828427,0,,0.000000,0.000000,2.000000,-0.526036,WORSE_THAN_REFERENCE,TIER_C_MULTI_CAR_FIRST_RUN_ONLY,True,OFFLINE_LATENT_WINDOW_TARGET,FULL-SESSION HISTORICAL TARGET; NOT DECISION-TIME FEATURE
2020,2020-08-15T17:25:00+00:00,30,8,-0.898000,2.828427,0,,0.000000,0.000000,2.000000,-0.526036,WORSE_THAN_REFERENCE,TIER_C_MULTI_CAR_FIRST_RUN_ONLY,True,OFFLINE_LATENT_WINDOW_TARGET,FULL-SESSION HISTORICAL TARGET; NOT DECISION-TIME FEATURE
2020,2020-08-15T17:30:00+00:00,30,7,-1.057000,2.645751,1,-0.104000,3.000000,0.000000,2.000000,-0.406573,WORSE_THAN_REFERENCE,TIER_A_REPEAT_PLUS_FIRST_RUN,True,OFFLINE_LATENT_WINDOW_TARGET,FULL-SESSION HISTORICAL TARGET; NOT DECISION-TIME FEATURE
2020,2020-08-15T17:35:00+00:00,30,7,-1.057000,2.645751,2,-0.072500,4.242641,0.000000,2.000000,-0.349236,WORSE_THAN_REFERENCE,TIER_A_REPEAT_PLUS_FIRST_RUN,True,OFFLINE_LATENT_WINDOW_TARGET,FULL-SESSION HISTORICAL TARGET; NOT DECISION-TIME FEATURE
2020,2020-08-15T17:40:00+00:00,30,6,-1.258500,2.449490,2,-0.072500,4.242641,0.000000,2.000000,-0.390040,WORSE_THAN_REFERENCE,TIER_A_REPEAT_PLUS_FIRST_RUN,True,OFFLINE_LATENT_WINDOW_TARGET,FULL-SESSION HISTORICAL TARGET; NOT DECISION-TIME FEATURE
2020,2020-08-15T17:45:00+00:00,30,5,-1.778000,2.236068,2,-0.072500,4.242641,0.000000,2.000000,-0.505185,WORSE_THAN_REFERENCE,TIER_A_REPEAT_PLUS_FIRST_RUN,True,OFFLINE_LATENT_WINDOW_TARGET,FULL-SESSION HISTORICAL TARGET; NOT DECISION-TIME FEATURE
2020,2020-08-15T17:50:00+00:00,30,4,-2.665000,2.000000,3,-0.041000,5.196152,0.000000,2.000000,-0.602757,WORSE_THAN_REFERENCE,TIER_A_REPEAT_PLUS_FIRST_RUN,True,OFFLINE_LATENT_WINDOW_TARGET,FULL-SESSION HISTORICAL TARGET; NOT DECISION-TIME FEATURE
2020,2020-08-15T17:55:00+00:00,30,3,-3.552000,1.732051,3,-0.041000,5.196152,0.000000,2.000000,-0.712942,WORSE_THAN_REFERENCE,TIER_A_REPEAT_PLUS_FIRST_RUN,True,OFFLINE_LATENT_WINDOW_TARGET,FULL-SESSION HISTORICAL TARGET; NOT DECISION-TIME FEATURE
2020,2020-08-15T18:00:00+00:00,30,2,-2.665000,1.414214,3,-0.041000,5.196152,0.000000,2.000000,-0.462457,WORSE_THAN_REFERENCE,TIER_A_REPEAT_PLUS_FIRST_RUN,True,OFFLINE_LATENT_WINDOW_TARGET,FULL-SESSION HISTORICAL TARGET; NOT DECISION-TIME FEATURE
2020,2020-08-15T18:05:00+00:00,30,1,-3.552000,1.000000,3,-0.041000,5.196152,0.000000,2.000000,-0.459367,WORSE_THAN_REFERENCE,TIER_A_REPEAT_PLUS_FIRST_RUN,True,OFFLINE_LATENT_WINDOW_TARGET,FULL-SESSION HISTORICAL TARGET; NOT DECISION-TIME FEATURE
2020,2020-08-15T18:10:00+00:00,30,0,,0.000000,3,-0.041000,5.196152,0.000000,2.000000,-0.029605,NEUTRAL,TIER_B_REPEAT_ANCHOR_ONLY,True,OFFLINE_LATENT_WINDOW_TARGET,FULL-SESSION HISTORICAL TARGET; NOT DECISION-TIME FEATURE
2020,2020-08-15T18:15:00+00:00,30,0,,0.000000,3,-0.041000,5.196152,0.000000,2.000000,-0.029605,NEUTRAL,TIER_B_REPEAT_ANCHOR_ONLY,True,OFFLINE_LATENT_WINDOW_TARGET,FULL-SESSION HISTORICAL TARGET; NOT DECISION-TIME FEATURE
2020,2020-08-15T18:20:00+00:00,30,0,,0.000000,4,0.026500,6.000000,0.000000,2.000000,0.019875,NEUTRAL,TIER_B_REPEAT_ANCHOR_ONLY,True,OFFLINE_LATENT_WINDOW_TARGET,FULL-SESSION HISTORICAL TARGET; NOT DECISION-TIME FEATURE
2020,2020-08-15T18:25:00+00:00,30,0,,0.000000,4,0.026500,6.000000,0.000000,2.000000,0.019875,NEUTRAL,TIER_B_REPEAT_ANCHOR_ONLY,True,OFFLINE_LATENT_WINDOW_TARGET,FULL-SESSION HISTORICAL TARGET; NOT DECISION-TIME FEATURE
2020,2020-08-15T18:30:00+00:00,30,0,,0.000000,3,0.094000,5.196152,0.000000,2.000000,0.067875,NEUTRAL,TIER_B_REPEAT_ANCHOR_ONLY,True,OFFLINE_LATENT_WINDOW_TARGET,FULL-SESSION HISTORICAL TARGET; NOT DECISION-TIME FEATURE
2020,2020-08-15T18:35:00+00:00,30,0,,0.000000,3,0.094000,5.196152,0.000000,2.000000,0.067875,NEUTRAL,TIER_B_REPEAT_ANCHOR_ONLY,True,OFFLINE_LATENT_WINDOW_TARGET,FULL-SESSION HISTORICAL TARGET; NOT DECISION-TIME FEATURE
2020,2020-08-15T18:40:00+00:00,30,0,,0.000000,4,0.154500,6.000000,0.000000,2.000000,0.115875,BETTER_THAN_REFERENCE,TIER_B_REPEAT_ANCHOR_ONLY,True,OFFLINE_LATENT_WINDOW_TARGET,FULL-SESSION HISTORICAL TARGET; NOT DECISION-TIME FEATURE
2020,2020-08-15T18:45:00+00:00,30,0,,0.000000,5,0.094000,6.708204,0.000000,2.000000,0.072411,NEUTRAL,TIER_B_REPEAT_ANCHOR_ONLY,True,OFFLINE_LATENT_WINDOW_TARGET,FULL-SESSION HISTORICAL TARGET; NOT DECISION-TIME FEATURE
2020,2020-08-15T18:50:00+00:00,30,0,,0.000000,4,0.143000,6.000000,0.000000,2.000000,0.107250,BETTER_THAN_REFERENCE,TIER_B_REPEAT_ANCHOR_ONLY,True,OFFLINE_LATENT_WINDOW_TARGET,FULL-SESSION HISTORICAL TARGET; NOT DECISION-TIME FEATURE
2020,2020-08-15T18:55:00+00:00,30,0,,0.000000,4,0.143000,6.000000,0.000000,2.000000,0.107250,BETTER_THAN_REFERENCE,TIER_B_REPEAT_ANCHOR_ONLY,True,OFFLINE_LATENT_WINDOW_TARGET,FULL-SESSION HISTORICAL TARGET; NOT DECISION-TIME FEATURE
2020,2020-08-15T19:00:00+00:00,30,0,,0.000000,4,0.143000,6.000000,0.000000,2.000000,0.107250,BETTER_THAN_REFERENCE,TIER_B_REPEAT_ANCHOR_ONLY,True,OFFLINE_LATENT_WINDOW_TARGET,FULL-SESSION HISTORICAL TARGET; NOT DECISION-TIME FEATURE
2020,2020-08-15T19:05:00+00:00,30,0,,0.000000,5,0.215000,6.708204,0.000000,2.000000,0.165621,BETTER_THAN_REFERENCE,TIER_B_REPEAT_ANCHOR_ONLY,True,OFFLINE_LATENT_WINDOW_TARGET,FULL-SESSION HISTORICAL TARGET; NOT DECISION-TIME FEATURE
2020,2020-08-15T19:10:00+00:00,30,0,,0.000000,6,0.236500,7.348469,0.000000,2.000000,0.185903,BETTER_THAN_REFERENCE,TIER_B_REPEAT_ANCHOR_ONLY,True,OFFLINE_LATENT_WINDOW_TARGET,FULL-SESSION HISTORICAL TARGET; NOT DECISION-TIME FEATURE
2020,2020-08-15T19:15:00+00:00,30,0,,0.000000,6,0.236500,7.348469,0.000000,2.000000,0.185903,BETTER_THAN_REFERENCE,TIER_B_REPEAT_ANCHOR_ONLY,True,OFFLINE_LATENT_WINDOW_TARGET,FULL-SESSION HISTORICAL TARGET; NOT DECISION-TIME FEATURE
2020,2020-08-15T19:20:00+00:00,30,0,,0.000000,5,0.215000,6.708204,0.000000,2.000000,0.165621,BETTER_THAN_REFERENCE,TIER_B_REPEAT_ANCHOR_ONLY,True,OFFLINE_LATENT_WINDOW_TARGET,FULL-SESSION HISTORICAL TARGET; NOT DECISION-TIME FEATURE
2020,2020-08-15T19:25:00+00:00,30,0,,0.000000,5,0.215000,6.708204,0.000000,2.000000,0.165621,BETTER_THAN_REFERENCE,TIER_B_REPEAT_ANCHOR_ONLY,True,OFFLINE_LATENT_WINDOW_TARGET,FULL-SESSION HISTORICAL TARGET; NOT DECISION-TIME FEATURE
2020,2020-08-15T19:30:00+00:00,30,0,,0.000000,5,0.215000,6.708204,0.000000,2.000000,0.165621,BETTER_THAN_REFERENCE,TIER_B_REPEAT_ANCHOR_ONLY,True,OFFLINE_LATENT_WINDOW_TARGET,FULL-SESSION HISTORICAL TARGET; NOT DECISION-TIME FEATURE
2020,2020-08-15T19:35:00+00:00,30,0,,0.000000,4,0.236500,6.000000,0.000000,2.000000,0.177375,BETTER_THAN_REFERENCE,TIER_B_REPEAT_ANCHOR_ONLY,True,OFFLINE_LATENT_WINDOW_TARGET,FULL-SESSION HISTORICAL TARGET; NOT DECISION-TIME FEATURE
2020,2020-08-15T19:40:00+00:00,30,0,,0.000000,4,0.871000,6.000000,0.000000,2.000000,0.653250,BETTER_THAN_REFERENCE,TIER_B_REPEAT_ANCHOR_ONLY,True,OFFLINE_LATENT_WINDOW_TARGET,FULL-SESSION HISTORICAL TARGET; NOT DECISION-TIME FEATURE
2020,2020-08-15T19:45:00+00:00,30,0,,0.000000,4,0.871000,6.000000,0.000000,2.000000,0.653250,BETTER_THAN_REFERENCE,TIER_B_REPEAT_ANCHOR_ONLY,True,OFFLINE_LATENT_WINDOW_TARGET,FULL-SESSION HISTORICAL TARGET; NOT DECISION-TIME FEATURE
2020,2020-08-15T19:50:00+00:00,30,0,,0.000000,3,1.484000,5.196152,0.000000,2.000000,1.071557,BETTER_THAN_REFERENCE,TIER_B_REPEAT_ANCHOR_ONLY,True,OFFLINE_LATENT_WINDOW_TARGET,FULL-SESSION HISTORICAL TARGET; NOT DECISION-TIME FEATURE
2020,2020-08-15T19:55:00+00:00,30,0,,0.000000,4,0.897500,6.000000,0.000000,2.000000,0.673125,BETTER_THAN_REFERENCE,TIER_B_REPEAT_ANCHOR_ONLY,True,OFFLINE_LATENT_WINDOW_TARGET,FULL-SESSION HISTORICAL TARGET; NOT DECISION-TIME FEATURE
2020,2020-08-15T20:00:00+00:00,30,0,,0.000000,4,0.897500,6.000000,0.000000,2.000000,0.673125,BETTER_THAN_REFERENCE,TIER_B_REPEAT_ANCHOR_ONLY,True,OFFLINE_LATENT_WINDOW_TARGET,FULL-SESSION HISTORICAL TARGET; NOT DECISION-TIME FEATURE
2020,2020-08-15T20:05:00+00:00,30,0,,0.000000,3,0.311000,5.196152,0.000000,2.000000,0.224565,BETTER_THAN_REFERENCE,TIER_B_REPEAT_ANCHOR_ONLY,True,OFFLINE_LATENT_WINDOW_TARGET,FULL-SESSION HISTORICAL TARGET; NOT DECISION-TIME FEATURE
2020,2020-08-15T20:10:00+00:00,30,0,,0.000000,2,0.897500,4.242641,0.000000,2.000000,0.609961,BETTER_THAN_REFERENCE,TIER_B_REPEAT_ANCHOR_ONLY,True,OFFLINE_LATENT_WINDOW_TARGET,FULL-SESSION HISTORICAL TARGET; NOT DECISION-TIME FEATURE
2020,2020-08-15T20:15:00+00:00,30,0,,0.000000,2,0.897500,4.242641,0.000000,2.000000,0.609961,BETTER_THAN_REFERENCE,TIER_B_REPEAT_ANCHOR_ONLY,True,OFFLINE_LATENT_WINDOW_TARGET,FULL-SESSION HISTORICAL TARGET; NOT DECISION-TIME FEATURE
2020,2020-08-15T20:20:00+00:00,30,0,,0.000000,2,0.897500,4.242641,0.000000,2.000000,0.609961,BETTER_THAN_REFERENCE,TIER_B_REPEAT_ANCHOR_ONLY,True,OFFLINE_LATENT_WINDOW_TARGET,FULL-SESSION HISTORICAL TARGET; NOT DECISION-TIME FEATURE
2020,2020-08-15T20:25:00+00:00,30,0,,0.000000,2,0.897500,4.242641,0.000000,2.000000,0.609961,BETTER_THAN_REFERENCE,TIER_B_REPEAT_ANCHOR_ONLY,True,OFFLINE_LATENT_WINDOW_TARGET,FULL-SESSION HISTORICAL TARGET; NOT DECISION-TIME FEATURE
2020,2020-08-15T20:30:00+00:00,30,0,,0.000000,2,0.897500,4.242641,0.000000,2.000000,0.609961,BETTER_THAN_REFERENCE,TIER_B_REPEAT_ANCHOR_ONLY,True,OFFLINE_LATENT_WINDOW_TARGET,FULL-SESSION HISTORICAL TARGET; NOT DECISION-TIME FEATURE
2020,2020-08-15T20:35:00+00:00,30,0,,0.000000,2,0.897500,4.242641,0.000000,2.000000,0.609961,BETTER_THAN_REFERENCE,TIER_B_REPEAT_ANCHOR_ONLY,True,OFFLINE_LATENT_WINDOW_TARGET,FULL-SESSION HISTORICAL TARGET; NOT DECISION-TIME FEATURE
2020,2020-08-15T20:40:00+00:00,30,0,,0.000000,2,0.897500,4.242641,0.000000,2.000000,0.609961,BETTER_THAN_REFERENCE,TIER_B_REPEAT_ANCHOR_ONLY,True,OFFLINE_LATENT_WINDOW_TARGET,FULL-SESSION HISTORICAL TARGET; NOT DECISION-TIME FEATURE
2020,2020-08-15T20:45:00+00:00,30,0,,0.000000,1,0.311000,3.000000,0.000000,2.000000,0.186600,BETTER_THAN_REFERENCE,TIER_B_REPEAT_ANCHOR_ONLY,True,OFFLINE_LATENT_WINDOW_TARGET,FULL-SESSION HISTORICAL TARGET; NOT DECISION-TIME FEATURE
2020,2020-08-15T20:50:00+00:00,30,0,,0.000000,1,0.311000,3.000000,0.000000,2.000000,0.186600,BETTER_THAN_REFERENCE,TIER_B_REPEAT_ANCHOR_ONLY,True,OFFLINE_LATENT_WINDOW_TARGET,FULL-SESSION HISTORICAL TARGET; NOT DECISION-TIME FEATURE
2021,2021-05-22T12:45:00+00:00,30,0,,0.000000,0,,0.000000,0.000000,2.000000,,NO_EVIDENCE,NO_EVIDENCE,False,NO_TARGET,FULL-SESSION HISTORICAL TARGET; NOT DECISION-TIME FEATURE
2021,2021-05-22T12:50:00+00:00,30,0,,0.000000,0,,0.000000,0.000000,2.000000,,NO_EVIDENCE,NO_EVIDENCE,False,NO_TARGET,FULL-SESSION HISTORICAL TARGET; NOT DECISION-TIME FEATURE
2021,2021-05-22T12:55:00+00:00,30,0,,0.000000,0,,0.000000,0.000000,2.000000,,NO_EVIDENCE,NO_EVIDENCE,False,NO_TARGET,FULL-SESSION HISTORICAL TARGET; NOT DECISION-TIME FEATURE
2021,2021-05-22T13:00:00+00:00,30,0,,0.000000,0,,0.000000,0.000000,2.000000,,NO_EVIDENCE,NO_EVIDENCE,False,NO_TARGET,FULL-SESSION HISTORICAL TARGET; NOT DECISION-TIME FEATURE
2021,2021-05-22T13:05:00+00:00,30,0,,0.000000,0,,0.000000,0.000000,2.000000,,NO_EVIDENCE,NO_EVIDENCE,False,NO_TARGET,FULL-SESSION HISTORICAL TARGET; NOT DECISION-TIME FEATURE
2021,2021-05-22T13:10:00+00:00,30,0,,0.000000,0,,0.000000,0.000000,2.000000,,NO_EVIDENCE,NO_EVIDENCE,False,NO_TARGET,FULL-SESSION HISTORICAL TARGET; NOT DECISION-TIME FEATURE
2021,2021-05-22T13:15:00+00:00,30,0,,0.000000,0,,0.000000,0.000000,2.000000,,NO_EVIDENCE,NO_EVIDENCE,False,NO_TARGET,FULL-SESSION HISTORICAL TARGET; NOT DECISION-TIME FEATURE
2021,2021-05-22T13:20:00+00:00,30,0,,0.000000,0,,0.000000,0.000000,2.000000,,NO_EVIDENCE,NO_EVIDENCE,False,NO_TARGET,FULL-SESSION HISTORICAL TARGET; NOT DECISION-TIME FEATURE
2021,2021-05-22T13:25:00+00:00,30,0,,0.000000,0,,0.000000,0.000000,2.000000,,NO_EVIDENCE,NO_EVIDENCE,False,NO_TARGET,FULL-SESSION HISTORICAL TARGET; NOT DECISION-TIME FEATURE
2021,2021-05-22T13:30:00+00:00,30,0,,0.000000,0,,0.000000,0.000000,2.000000,,NO_EVIDENCE,NO_EVIDENCE,False,NO_TARGET,FULL-SESSION HISTORICAL TARGET; NOT DECISION-TIME FEATURE
2021,2021-05-22T13:35:00+00:00,30,0,,0.000000,0,,0.000000,0.000000,2.000000,,NO_EVIDENCE,NO_EVIDENCE,False,NO_TARGET,FULL-SESSION HISTORICAL TARGET; NOT DECISION-TIME FEATURE
2021,2021-05-22T13:40:00+00:00,30,0,,0.000000,0,,0.000000,0.000000,2.000000,,NO_EVIDENCE,NO_EVIDENCE,False,NO_TARGET,FULL-SESSION HISTORICAL TARGET; NOT DECISION-TIME FEATURE
2021,2021-05-22T13:45:00+00:00,30,0,,0.000000,0,,0.000000,0.000000,2.000000,,NO_EVIDENCE,NO_EVIDENCE,False,NO_TARGET,FULL-SESSION HISTORICAL TARGET; NOT DECISION-TIME FEATURE
2021,2021-05-22T13:50:00+00:00,30,0,,0.000000,0,,0.000000,0.000000,2.000000,,NO_EVIDENCE,NO_EVIDENCE,False,NO_TARGET,FULL-SESSION HISTORICAL TARGET; NOT DECISION-TIME FEATURE
2021,2021-05-22T13:55:00+00:00,30,0,,0.000000,0,,0.000000,0.000000,2.000000,,NO_EVIDENCE,NO_EVIDENCE,False,NO_TARGET,FULL-SESSION HISTORICAL TARGET; NOT DECISION-TIME FEATURE
2021,2021-05-22T14:00:00+00:00,30,0,,0.000000,0,,0.000000,0.000000,2.000000,,NO_EVIDENCE,NO_EVIDENCE,False,NO_TARGET,FULL-SESSION HISTORICAL TARGET; NOT DECISION-TIME FEATURE
2021,2021-05-22T14:05:00+00:00,30,0,,0.000000,0,,0.000000,0.000000,2.000000,,NO_EVIDENCE,NO_EVIDENCE,False,NO_TARGET,FULL-SESSION HISTORICAL TARGET; NOT DECISION-TIME FEATURE
2021,2021-05-22T14:10:00+00:00,30,0,,0.000000,0,,0.000000,0.000000,2.000000,,NO_EVIDENCE,NO_EVIDENCE,False,NO_TARGET,FULL-SESSION HISTORICAL TARGET; NOT DECISION-TIME FEATURE
2021,2021-05-22T14:15:00+00:00,30,0,,0.000000,0,,0.000000,0.000000,2.000000,,NO_EVIDENCE,NO_EVIDENCE,False,NO_TARGET,FULL-SESSION HISTORICAL TARGET; NOT DECISION-TIME FEATURE
2021,2021-05-22T14:20:00+00:00,30,0,,0.000000,0,,0.000000,0.000000,2.000000,,NO_EVIDENCE,NO_EVIDENCE,False,NO_TARGET,FULL-SESSION HISTORICAL TARGET; NOT DECISION-TIME FEATURE
2021,2021-05-22T14:25:00+00:00,30,0,,0.000000,0,,0.000000,0.000000,2.000000,,NO_EVIDENCE,NO_EVIDENCE,False,NO_TARGET,FULL-SESSION HISTORICAL TARGET; NOT DECISION-TIME FEATURE
2021,2021-05-22T14:30:00+00:00,30,0,,0.000000,0,,0.000000,0.000000,2.000000,,NO_EVIDENCE,NO_EVIDENCE,False,NO_TARGET,FULL-SESSION HISTORICAL TARGET; NOT DECISION-TIME FEATURE
2021,2021-05-22T14:35:00+00:00,30,0,,0.000000,0,,0.000000,0.000000,2.000000,,NO_EVIDENCE,NO_EVIDENCE,False,NO_TARGET,FULL-SESSION HISTORICAL TARGET; NOT DECISION-TIME FEATURE
2021,2021-05-22T14:40:00+00:00,30,0,,0.000000,0,,0.000000,0.000000,2.000000,,NO_EVIDENCE,NO_EVIDENCE,False,NO_TARGET,FULL-SESSION HISTORICAL TARGET; NOT DECISION-TIME FEATURE
2021,2021-05-22T14:45:00+00:00,30,0,,0.000000,0,,0.000000,0.000000,2.000000,,NO_EVIDENCE,NO_EVIDENCE,False,NO_TARGET,FULL-SESSION HISTORICAL TARGET; NOT DECISION-TIME FEATURE
2021,2021-05-22T14:50:00+00:00,30,0,,0.000000,0,,0.000000,0.000000,2.000000,,NO_EVIDENCE,NO_EVIDENCE,False,NO_TARGET,FULL-SESSION HISTORICAL TARGET; NOT DECISION-TIME FEATURE
2021,2021-05-22T14:55:00+00:00,30,0,,0.000000,0,,0.000000,0.000000,2.000000,,NO_EVIDENCE,NO_EVIDENCE,False,NO_TARGET,FULL-SESSION HISTORICAL TARGET; NOT DECISION-TIME FEATURE
2021,2021-05-22T15:00:00+00:00,30,0,,0.000000,0,,0.000000,0.000000,2.000000,,NO_EVIDENCE,NO_EVIDENCE,False,NO_TARGET,FULL-SESSION HISTORICAL TARGET; NOT DECISION-TIME FEATURE
2021,2021-05-22T15:05:00+00:00,30,0,,0.000000,0,,0.000000,0.000000,2.000000,,NO_EVIDENCE,NO_EVIDENCE,False,NO_TARGET,FULL-SESSION HISTORICAL TARGET; NOT DECISION-TIME FEATURE
2021,2021-05-22T15:10:00+00:00,30,0,,0.000000,0,,0.000000,0.000000,2.000000,,NO_EVIDENCE,NO_EVIDENCE,False,NO_TARGET,FULL-SESSION HISTORICAL TARGET; NOT DECISION-TIME FEATURE
2021,2021-05-22T15:15:00+00:00,30,0,,0.000000,0,,0.000000,0.000000,2.000000,,NO_EVIDENCE,NO_EVIDENCE,False,NO_TARGET,FULL-SESSION HISTORICAL TARGET; NOT DECISION-TIME FEATURE
2021,2021-05-22T15:20:00+00:00,30,0,,0.000000,0,,0.000000,0.000000,2.000000,,NO_EVIDENCE,NO_EVIDENCE,False,NO_TARGET,FULL-SESSION HISTORICAL TARGET; NOT DECISION-TIME FEATURE
2021,2021-05-22T15:25:00+00:00,30,0,,0.000000,0,,0.000000,0.000000,2.000000,,NO_EVIDENCE,NO_EVIDENCE,False,NO_TARGET,FULL-SESSION HISTORICAL TARGET; NOT DECISION-TIME FEATURE
2021,2021-05-22T15:30:00+00:00,30,0,,0.000000,0,,0.000000,0.000000,2.000000,,NO_EVIDENCE,NO_EVIDENCE,False,NO_TARGET,FULL-SESSION HISTORICAL TARGET; NOT DECISION-TIME FEATURE
2021,2021-05-22T15:35:00+00:00,30,1,1.401000,1.000000,0,,0.000000,0.000000,2.000000,0.467000,BETTER_THAN_REFERENCE,TIER_D_SPARSE_FIRST_RUN_ONLY,True,OFFLINE_LATENT_WINDOW_TARGET,FULL-SESSION HISTORICAL TARGET; NOT DECISION-TIME FEATURE
2021,2021-05-22T15:40:00+00:00,30,2,0.117500,1.414214,0,,0.000000,0.000000,2.000000,0.048670,NEUTRAL,TIER_D_SPARSE_FIRST_RUN_ONLY,True,OFFLINE_LATENT_WINDOW_TARGET,FULL-SESSION HISTORICAL TARGET; NOT DECISION-TIME FEATURE
2021,2021-05-22T15:45:00+00:00,30,4,0.724500,2.000000,0,,0.000000,0.000000,2.000000,0.362250,BETTER_THAN_REFERENCE,TIER_C_MULTI_CAR_FIRST_RUN_ONLY,True,OFFLINE_LATENT_WINDOW_TARGET,FULL-SESSION HISTORICAL TARGET; NOT DECISION-TIME FEATURE
2021,2021-05-22T15:50:00+00:00,30,5,0.712000,2.236068,0,,0.000000,0.000000,2.000000,0.375839,BETTER_THAN_REFERENCE,TIER_C_MULTI_CAR_FIRST_RUN_ONLY,True,OFFLINE_LATENT_WINDOW_TARGET,FULL-SESSION HISTORICAL TARGET; NOT DECISION-TIME FEATURE
2021,2021-05-22T15:55:00+00:00,30,6,0.424000,2.449490,0,,0.000000,0.000000,2.000000,0.233416,BETTER_THAN_REFERENCE,TIER_C_MULTI_CAR_FIRST_RUN_ONLY,True,OFFLINE_LATENT_WINDOW_TARGET,FULL-SESSION HISTORICAL TARGET; NOT DECISION-TIME FEATURE
2021,2021-05-22T16:00:00+00:00,30,7,0.136000,2.645751,0,,0.000000,0.000000,2.000000,0.077452,NEUTRAL,TIER_C_MULTI_CAR_FIRST_RUN_ONLY,True,OFFLINE_LATENT_WINDOW_TARGET,FULL-SESSION HISTORICAL TARGET; NOT DECISION-TIME FEATURE
2021,2021-05-22T16:05:00+00:00,30,8,0.424000,2.828427,0,,0.000000,0.000000,2.000000,0.248373,BETTER_THAN_REFERENCE,TIER_C_MULTI_CAR_FIRST_RUN_ONLY,True,OFFLINE_LATENT_WINDOW_TARGET,FULL-SESSION HISTORICAL TARGET; NOT DECISION-TIME FEATURE
2021,2021-05-22T16:10:00+00:00,30,9,0.136000,3.000000,0,,0.000000,0.000000,2.000000,0.081600,NEUTRAL,TIER_C_MULTI_CAR_FIRST_RUN_ONLY,True,OFFLINE_LATENT_WINDOW_TARGET,FULL-SESSION HISTORICAL TARGET; NOT DECISION-TIME FEATURE
2021,2021-05-22T16:15:00+00:00,30,10,0.275000,3.162278,0,,0.000000,0.000000,2.000000,0.168458,BETTER_THAN_REFERENCE,TIER_C_MULTI_CAR_FIRST_RUN_ONLY,True,OFFLINE_LATENT_WINDOW_TARGET,FULL-SESSION HISTORICAL TARGET; NOT DECISION-TIME FEATURE
2021,2021-05-22T16:20:00+00:00,30,11,0.136000,3.316625,0,,0.000000,0.000000,2.000000,0.084840,NEUTRAL,TIER_C_MULTI_CAR_FIRST_RUN_ONLY,True,OFFLINE_LATENT_WINDOW_TARGET,FULL-SESSION HISTORICAL TARGET; NOT DECISION-TIME FEATURE
2021,2021-05-22T16:25:00+00:00,30,12,0.208500,3.464102,0,,0.000000,0.000000,2.000000,0.132184,BETTER_THAN_REFERENCE,TIER_C_MULTI_CAR_FIRST_RUN_ONLY,True,OFFLINE_LATENT_WINDOW_TARGET,FULL-SESSION HISTORICAL TARGET; NOT DECISION-TIME FEATURE
2021,2021-05-22T16:30:00+00:00,30,13,0.136000,3.605551,0,,0.000000,0.000000,2.000000,0.087477,NEUTRAL,TIER_C_MULTI_CAR_FIRST_RUN_ONLY,True,OFFLINE_LATENT_WINDOW_TARGET,FULL-SESSION HISTORICAL TARGET; NOT DECISION-TIME FEATURE
2021,2021-05-22T16:35:00+00:00,30,12,0.133000,3.464102,0,,0.000000,0.000000,2.000000,0.084319,NEUTRAL,TIER_C_MULTI_CAR_FIRST_RUN_ONLY,True,OFFLINE_LATENT_WINDOW_TARGET,FULL-SESSION HISTORICAL TARGET; NOT DECISION-TIME FEATURE
2021,2021-05-22T16:40:00+00:00,30,12,0.208500,3.464102,0,,0.000000,0.000000,2.000000,0.132184,BETTER_THAN_REFERENCE,TIER_C_MULTI_CAR_FIRST_RUN_ONLY,True,OFFLINE_LATENT_WINDOW_TARGET,FULL-SESSION HISTORICAL TARGET; NOT DECISION-TIME FEATURE
2021,2021-05-22T16:45:00+00:00,30,11,0.130000,3.316625,0,,0.000000,0.000000,2.000000,0.081097,NEUTRAL,TIER_C_MULTI_CAR_FIRST_RUN_ONLY,True,OFFLINE_LATENT_WINDOW_TARGET,FULL-SESSION HISTORICAL TARGET; NOT DECISION-TIME FEATURE
2021,2021-05-22T16:50:00+00:00,30,11,0.130000,3.316625,0,,0.000000,0.000000,2.000000,0.081097,NEUTRAL,TIER_C_MULTI_CAR_FIRST_RUN_ONLY,True,OFFLINE_LATENT_WINDOW_TARGET,FULL-SESSION HISTORICAL TARGET; NOT DECISION-TIME FEATURE
2021,2021-05-22T16:55:00+00:00,30,11,-0.378000,3.316625,0,,0.000000,0.000000,2.000000,-0.235805,WORSE_THAN_REFERENCE,TIER_C_MULTI_CAR_FIRST_RUN_ONLY,True,OFFLINE_LATENT_WINDOW_TARGET,FULL-SESSION HISTORICAL TARGET; NOT DECISION-TIME FEATURE
2021,2021-05-22T17:00:00+00:00,30,11,0.130000,3.316625,0,,0.000000,0.000000,2.000000,0.081097,NEUTRAL,TIER_C_MULTI_CAR_FIRST_RUN_ONLY,True,OFFLINE_LATENT_WINDOW_TARGET,FULL-SESSION HISTORICAL TARGET; NOT DECISION-TIME FEATURE
2021,2021-05-22T17:05:00+00:00,30,11,0.130000,3.316625,0,,0.000000,0.000000,2.000000,0.081097,NEUTRAL,TIER_C_MULTI_CAR_FIRST_RUN_ONLY,True,OFFLINE_LATENT_WINDOW_TARGET,FULL-SESSION HISTORICAL TARGET; NOT DECISION-TIME FEATURE
2021,2021-05-22T17:10:00+00:00,30,12,0.100500,3.464102,0,,0.000000,0.000000,2.000000,0.063714,NEUTRAL,TIER_C_MULTI_CAR_FIRST_RUN_ONLY,True,OFFLINE_LATENT_WINDOW_TARGET,FULL-SESSION HISTORICAL TARGET; NOT DECISION-TIME FEATURE
2021,2021-05-22T17:15:00+00:00,30,12,-0.188000,3.464102,0,,0.000000,0.000000,2.000000,-0.119187,WORSE_THAN_REFERENCE,TIER_C_MULTI_CAR_FIRST_RUN_ONLY,True,OFFLINE_LATENT_WINDOW_TARGET,FULL-SESSION HISTORICAL TARGET; NOT DECISION-TIME FEATURE
2021,2021-05-22T17:20:00+00:00,30,12,-0.223500,3.464102,0,,0.000000,0.000000,2.000000,-0.141693,WORSE_THAN_REFERENCE,TIER_C_MULTI_CAR_FIRST_RUN_ONLY,True,OFFLINE_LATENT_WINDOW_TARGET,FULL-SESSION HISTORICAL TARGET; NOT DECISION-TIME FEATURE
2021,2021-05-22T17:25:00+00:00,30,12,-0.223500,3.464102,0,,0.000000,0.000000,2.000000,-0.141693,WORSE_THAN_REFERENCE,TIER_C_MULTI_CAR_FIRST_RUN_ONLY,True,OFFLINE_LATENT_WINDOW_TARGET,FULL-SESSION HISTORICAL TARGET; NOT DECISION-TIME FEATURE
2021,2021-05-22T17:30:00+00:00,30,12,-0.223500,3.464102,0,,0.000000,0.000000,2.000000,-0.141693,WORSE_THAN_REFERENCE,TIER_C_MULTI_CAR_FIRST_RUN_ONLY,True,OFFLINE_LATENT_WINDOW_TARGET,FULL-SESSION HISTORICAL TARGET; NOT DECISION-TIME FEATURE
2021,2021-05-22T17:35:00+00:00,30,12,-0.223500,3.464102,0,,0.000000,0.000000,2.000000,-0.141693,WORSE_THAN_REFERENCE,TIER_C_MULTI_CAR_FIRST_RUN_ONLY,True,OFFLINE_LATENT_WINDOW_TARGET,FULL-SESSION HISTORICAL TARGET; NOT DECISION-TIME FEATURE
2021,2021-05-22T17:40:00+00:00,30,12,-0.491500,3.464102,0,,0.000000,0.000000,2.000000,-0.311599,WORSE_THAN_REFERENCE,TIER_C_MULTI_CAR_FIRST_RUN_ONLY,True,OFFLINE_LATENT_WINDOW_TARGET,FULL-SESSION HISTORICAL TARGET; NOT DECISION-TIME FEATURE
2021,2021-05-22T17:45:00+00:00,30,12,-0.223500,3.464102,0,,0.000000,0.000000,2.000000,-0.141693,WORSE_THAN_REFERENCE,TIER_C_MULTI_CAR_FIRST_RUN_ONLY,True,OFFLINE_LATENT_WINDOW_TARGET,FULL-SESSION HISTORICAL TARGET; NOT DECISION-TIME FEATURE
2021,2021-05-22T17:50:00+00:00,30,12,0.035500,3.464102,0,,0.000000,0.000000,2.000000,0.022506,NEUTRAL,TIER_C_MULTI_CAR_FIRST_RUN_ONLY,True,OFFLINE_LATENT_WINDOW_TARGET,FULL-SESSION HISTORICAL TARGET; NOT DECISION-TIME FEATURE
2021,2021-05-22T17:55:00+00:00,30,12,0.082500,3.464102,0,,0.000000,0.000000,2.000000,0.052303,NEUTRAL,TIER_C_MULTI_CAR_FIRST_RUN_ONLY,True,OFFLINE_LATENT_WINDOW_TARGET,FULL-SESSION HISTORICAL TARGET; NOT DECISION-TIME FEATURE
2021,2021-05-22T18:00:00+00:00,30,12,0.035500,3.464102,0,,0.000000,0.000000,2.000000,0.022506,NEUTRAL,TIER_C_MULTI_CAR_FIRST_RUN_ONLY,True,OFFLINE_LATENT_WINDOW_TARGET,FULL-SESSION HISTORICAL TARGET; NOT DECISION-TIME FEATURE
2021,2021-05-22T18:05:00+00:00,30,12,-0.324500,3.464102,0,,0.000000,0.000000,2.000000,-0.205725,WORSE_THAN_REFERENCE,TIER_C_MULTI_CAR_FIRST_RUN_ONLY,True,OFFLINE_LATENT_WINDOW_TARGET,FULL-SESSION HISTORICAL TARGET; NOT DECISION-TIME FEATURE
2021,2021-05-22T18:10:00+00:00,30,11,-0.649000,3.316625,0,,0.000000,0.000000,2.000000,-0.404860,WORSE_THAN_REFERENCE,TIER_C_MULTI_CAR_FIRST_RUN_ONLY,True,OFFLINE_LATENT_WINDOW_TARGET,FULL-SESSION HISTORICAL TARGET; NOT DECISION-TIME FEATURE
2021,2021-05-22T18:15:00+00:00,30,11,-0.649000,3.316625,1,0.022000,3.000000,0.000000,2.000000,-0.250882,WORSE_THAN_REFERENCE,TIER_A_REPEAT_PLUS_FIRST_RUN,True,OFFLINE_LATENT_WINDOW_TARGET,FULL-SESSION HISTORICAL TARGET; NOT DECISION-TIME FEATURE
2021,2021-05-22T18:20:00+00:00,30,10,-0.666000,3.162278,2,0.332000,4.242641,0.000000,2.000000,-0.074165,NEUTRAL,TIER_A_REPEAT_PLUS_FIRST_RUN,True,OFFLINE_LATENT_WINDOW_TARGET,FULL-SESSION HISTORICAL TARGET; NOT DECISION-TIME FEATURE
2021,2021-05-22T18:25:00+00:00,30,9,-0.683000,3.000000,3,0.611000,5.196152,0.000000,2.000000,0.110419,BETTER_THAN_REFERENCE,TIER_A_REPEAT_PLUS_FIRST_RUN,True,OFFLINE_LATENT_WINDOW_TARGET,FULL-SESSION HISTORICAL TARGET; NOT DECISION-TIME FEATURE
2021,2021-05-22T18:30:00+00:00,30,8,-0.666000,2.828427,3,0.611000,5.196152,0.000000,2.000000,0.128795,BETTER_THAN_REFERENCE,TIER_A_REPEAT_PLUS_FIRST_RUN,True,OFFLINE_LATENT_WINDOW_TARGET,FULL-SESSION HISTORICAL TARGET; NOT DECISION-TIME FEATURE
2021,2021-05-22T18:35:00+00:00,30,8,-0.666000,2.828427,4,0.626500,6.000000,0.000000,2.000000,0.173180,BETTER_THAN_REFERENCE,TIER_A_REPEAT_PLUS_FIRST_RUN,True,OFFLINE_LATENT_WINDOW_TARGET,FULL-SESSION HISTORICAL TARGET; NOT DECISION-TIME FEATURE
2021,2021-05-22T18:40:00+00:00,30,7,-0.683000,2.645751,5,0.611000,6.708204,0.000000,2.000000,0.201838,BETTER_THAN_REFERENCE,TIER_A_REPEAT_PLUS_FIRST_RUN,True,OFFLINE_LATENT_WINDOW_TARGET,FULL-SESSION HISTORICAL TARGET; NOT DECISION-TIME FEATURE
2021,2021-05-22T18:45:00+00:00,30,6,-1.354500,2.449490,5,0.611000,6.708204,0.000000,2.000000,0.069986,NEUTRAL,TIER_A_REPEAT_PLUS_FIRST_RUN,True,OFFLINE_LATENT_WINDOW_TARGET,FULL-SESSION HISTORICAL TARGET; NOT DECISION-TIME FEATURE
2021,2021-05-22T18:50:00+00:00,30,5,-2.026000,2.236068,5,0.611000,6.708204,0.000000,2.000000,-0.039433,NEUTRAL,TIER_A_REPEAT_PLUS_FIRST_RUN,True,OFFLINE_LATENT_WINDOW_TARGET,FULL-SESSION HISTORICAL TARGET; NOT DECISION-TIME FEATURE
2021,2021-05-22T18:55:00+00:00,30,4,-2.140000,2.000000,5,0.611000,6.708204,0.000000,2.000000,-0.016930,NEUTRAL,TIER_A_REPEAT_PLUS_FIRST_RUN,True,OFFLINE_LATENT_WINDOW_TARGET,FULL-SESSION HISTORICAL TARGET; NOT DECISION-TIME FEATURE
2021,2021-05-22T19:00:00+00:00,30,3,-2.026000,1.732051,5,0.611000,6.708204,0.000000,2.000000,0.056472,NEUTRAL,TIER_A_REPEAT_PLUS_FIRST_RUN,True,OFFLINE_LATENT_WINDOW_TARGET,FULL-SESSION HISTORICAL TARGET; NOT DECISION-TIME FEATURE
2021,2021-05-22T19:05:00+00:00,30,2,-1.913500,1.414214,5,0.611000,6.708204,0.000000,2.000000,0.137577,BETTER_THAN_REFERENCE,TIER_A_REPEAT_PLUS_FIRST_RUN,True,OFFLINE_LATENT_WINDOW_TARGET,FULL-SESSION HISTORICAL TARGET; NOT DECISION-TIME FEATURE
2021,2021-05-22T19:10:00+00:00,30,1,-3.144000,1.000000,5,0.611000,6.708204,0.000000,2.000000,0.098341,NEUTRAL,TIER_A_REPEAT_PLUS_FIRST_RUN,True,OFFLINE_LATENT_WINDOW_TARGET,FULL-SESSION HISTORICAL TARGET; NOT DECISION-TIME FEATURE
2021,2021-05-22T19:15:00+00:00,30,0,,0.000000,4,0.626500,6.000000,0.000000,2.000000,0.469875,BETTER_THAN_REFERENCE,TIER_B_REPEAT_ANCHOR_ONLY,True,OFFLINE_LATENT_WINDOW_TARGET,FULL-SESSION HISTORICAL TARGET; NOT DECISION-TIME FEATURE
2021,2021-05-22T19:20:00+00:00,30,0,,0.000000,3,0.611000,5.196152,0.000000,2.000000,0.441187,BETTER_THAN_REFERENCE,TIER_B_REPEAT_ANCHOR_ONLY,True,OFFLINE_LATENT_WINDOW_TARGET,FULL-SESSION HISTORICAL TARGET; NOT DECISION-TIME FEATURE
2021,2021-05-22T19:25:00+00:00,30,0,,0.000000,2,2.337500,4.242641,0.000000,2.000000,1.588618,BETTER_THAN_REFERENCE,TIER_B_REPEAT_ANCHOR_ONLY,True,OFFLINE_LATENT_WINDOW_TARGET,FULL-SESSION HISTORICAL TARGET; NOT DECISION-TIME FEATURE
2021,2021-05-22T19:30:00+00:00,30,0,,0.000000,3,-0.020000,5.196152,0.000000,2.000000,-0.014441,NEUTRAL,TIER_B_REPEAT_ANCHOR_ONLY,True,OFFLINE_LATENT_WINDOW_TARGET,FULL-SESSION HISTORICAL TARGET; NOT DECISION-TIME FEATURE
2021,2021-05-22T19:35:00+00:00,30,0,,0.000000,2,-0.087000,4.242641,0.000000,2.000000,-0.059127,NEUTRAL,TIER_B_REPEAT_ANCHOR_ONLY,True,OFFLINE_LATENT_WINDOW_TARGET,FULL-SESSION HISTORICAL TARGET; NOT DECISION-TIME FEATURE
2021,2021-05-22T19:40:00+00:00,30,0,,0.000000,1,-0.154000,3.000000,0.000000,2.000000,-0.092400,NEUTRAL,TIER_B_REPEAT_ANCHOR_ONLY,True,OFFLINE_LATENT_WINDOW_TARGET,FULL-SESSION HISTORICAL TARGET; NOT DECISION-TIME FEATURE
2021,2021-05-22T19:45:00+00:00,30,0,,0.000000,1,-0.154000,3.000000,0.000000,2.000000,-0.092400,NEUTRAL,TIER_B_REPEAT_ANCHOR_ONLY,True,OFFLINE_LATENT_WINDOW_TARGET,FULL-SESSION HISTORICAL TARGET; NOT DECISION-TIME FEATURE
2021,2021-05-22T19:50:00+00:00,30,0,,0.000000,1,-0.154000,3.000000,0.000000,2.000000,-0.092400,NEUTRAL,TIER_B_REPEAT_ANCHOR_ONLY,True,OFFLINE_LATENT_WINDOW_TARGET,FULL-SESSION HISTORICAL TARGET; NOT DECISION-TIME FEATURE
2021,2021-05-22T19:55:00+00:00,30,0,,0.000000,1,-0.154000,3.000000,0.000000,2.000000,-0.092400,NEUTRAL,TIER_B_REPEAT_ANCHOR_ONLY,True,OFFLINE_LATENT_WINDOW_TARGET,FULL-SESSION HISTORICAL TARGET; NOT DECISION-TIME FEATURE
2021,2021-05-22T20:00:00+00:00,30,0,,0.000000,2,-0.786500,4.242641,0.000000,2.000000,-0.534523,WORSE_THAN_REFERENCE,TIER_B_REPEAT_ANCHOR_ONLY,True,OFFLINE_LATENT_WINDOW_TARGET,FULL-SESSION HISTORICAL TARGET; NOT DECISION-TIME FEATURE
2021,2021-05-22T20:05:00+00:00,30,0,,0.000000,2,-0.786500,4.242641,0.000000,2.000000,-0.534523,WORSE_THAN_REFERENCE,TIER_B_REPEAT_ANCHOR_ONLY,True,OFFLINE_LATENT_WINDOW_TARGET,FULL-SESSION HISTORICAL TARGET; NOT DECISION-TIME FEATURE
2021,2021-05-22T20:10:00+00:00,30,0,,0.000000,2,-0.786500,4.242641,0.000000,2.000000,-0.534523,WORSE_THAN_REFERENCE,TIER_B_REPEAT_ANCHOR_ONLY,True,OFFLINE_LATENT_WINDOW_TARGET,FULL-SESSION HISTORICAL TARGET; NOT DECISION-TIME FEATURE
2021,2021-05-22T20:15:00+00:00,30,0,,0.000000,2,-0.786500,4.242641,0.000000,2.000000,-0.534523,WORSE_THAN_REFERENCE,TIER_B_REPEAT_ANCHOR_ONLY,True,OFFLINE_LATENT_WINDOW_TARGET,FULL-SESSION HISTORICAL TARGET; NOT DECISION-TIME FEATURE
2021,2021-05-22T20:20:00+00:00,30,0,,0.000000,2,-0.786500,4.242641,0.000000,2.000000,-0.534523,WORSE_THAN_REFERENCE,TIER_B_REPEAT_ANCHOR_ONLY,True,OFFLINE_LATENT_WINDOW_TARGET,FULL-SESSION HISTORICAL TARGET; NOT DECISION-TIME FEATURE
2021,2021-05-22T20:25:00+00:00,30,0,,0.000000,2,-0.786500,4.242641,0.000000,2.000000,-0.534523,WORSE_THAN_REFERENCE,TIER_B_REPEAT_ANCHOR_ONLY,True,OFFLINE_LATENT_WINDOW_TARGET,FULL-SESSION HISTORICAL TARGET; NOT DECISION-TIME FEATURE
2021,2021-05-22T20:30:00+00:00,30,0,,0.000000,1,-1.419000,3.000000,0.000000,2.000000,-0.851400,WORSE_THAN_REFERENCE,TIER_B_REPEAT_ANCHOR_ONLY,True,OFFLINE_LATENT_WINDOW_TARGET,FULL-SESSION HISTORICAL TARGET; NOT DECISION-TIME FEATURE
2021,2021-05-22T20:35:00+00:00,30,0,,0.000000,2,-0.786500,4.242641,0.000000,2.000000,-0.534523,WORSE_THAN_REFERENCE,TIER_B_REPEAT_ANCHOR_ONLY,True,OFFLINE_LATENT_WINDOW_TARGET,FULL-SESSION HISTORICAL TARGET; NOT DECISION-TIME FEATURE
2021,2021-05-22T20:40:00+00:00,30,0,,0.000000,3,-0.154000,5.196152,0.000000,2.000000,-0.111199,WORSE_THAN_REFERENCE,TIER_B_REPEAT_ANCHOR_ONLY,True,OFFLINE_LATENT_WINDOW_TARGET,FULL-SESSION HISTORICAL TARGET; NOT DECISION-TIME FEATURE
2021,2021-05-22T20:45:00+00:00,30,0,,0.000000,4,-0.118000,6.000000,0.000000,2.000000,-0.088500,NEUTRAL,TIER_B_REPEAT_ANCHOR_ONLY,True,OFFLINE_LATENT_WINDOW_TARGET,FULL-SESSION HISTORICAL TARGET; NOT DECISION-TIME FEATURE
2021,2021-05-22T20:50:00+00:00,30,0,,0.000000,4,-0.118000,6.000000,0.000000,2.000000,-0.088500,NEUTRAL,TIER_B_REPEAT_ANCHOR_ONLY,True,OFFLINE_LATENT_WINDOW_TARGET,FULL-SESSION HISTORICAL TARGET; NOT DECISION-TIME FEATURE
2021,2021-05-22T20:55:00+00:00,30,0,,0.000000,5,-0.082000,6.708204,0.000000,2.000000,-0.063167,NEUTRAL,TIER_B_REPEAT_ANCHOR_ONLY,True,OFFLINE_LATENT_WINDOW_TARGET,FULL-SESSION HISTORICAL TARGET; NOT DECISION-TIME FEATURE
2021,2021-05-22T21:00:00+00:00,30,0,,0.000000,5,0.246000,6.708204,0.000000,2.000000,0.189502,BETTER_THAN_REFERENCE,TIER_B_REPEAT_ANCHOR_ONLY,True,OFFLINE_LATENT_WINDOW_TARGET,FULL-SESSION HISTORICAL TARGET; NOT DECISION-TIME FEATURE
2021,2021-05-22T21:05:00+00:00,30,0,,0.000000,7,0.222000,7.937254,0.000000,2.000000,0.177320,BETTER_THAN_REFERENCE,TIER_B_REPEAT_ANCHOR_ONLY,True,OFFLINE_LATENT_WINDOW_TARGET,FULL-SESSION HISTORICAL TARGET; NOT DECISION-TIME FEATURE
2021,2021-05-22T21:10:00+00:00,30,0,,0.000000,7,0.222000,7.937254,0.000000,2.000000,0.177320,BETTER_THAN_REFERENCE,TIER_B_REPEAT_ANCHOR_ONLY,True,OFFLINE_LATENT_WINDOW_TARGET,FULL-SESSION HISTORICAL TARGET; NOT DECISION-TIME FEATURE
2021,2021-05-22T21:15:00+00:00,30,0,,0.000000,7,0.222000,7.937254,0.000000,2.000000,0.177320,BETTER_THAN_REFERENCE,TIER_B_REPEAT_ANCHOR_ONLY,True,OFFLINE_LATENT_WINDOW_TARGET,FULL-SESSION HISTORICAL TARGET; NOT DECISION-TIME FEATURE
2021,2021-05-22T21:20:00+00:00,30,0,,0.000000,8,0.199000,8.485281,0.000000,2.000000,0.161042,BETTER_THAN_REFERENCE,TIER_B_REPEAT_ANCHOR_ONLY,True,OFFLINE_LATENT_WINDOW_TARGET,FULL-SESSION HISTORICAL TARGET; NOT DECISION-TIME FEATURE
2021,2021-05-22T21:25:00+00:00,30,0,,0.000000,8,0.199000,8.485281,0.000000,2.000000,0.161042,BETTER_THAN_REFERENCE,TIER_B_REPEAT_ANCHOR_ONLY,True,OFFLINE_LATENT_WINDOW_TARGET,FULL-SESSION HISTORICAL TARGET; NOT DECISION-TIME FEATURE
2021,2021-05-22T21:30:00+00:00,30,0,,0.000000,8,0.199000,8.485281,0.000000,2.000000,0.161042,BETTER_THAN_REFERENCE,TIER_B_REPEAT_ANCHOR_ONLY,True,OFFLINE_LATENT_WINDOW_TARGET,FULL-SESSION HISTORICAL TARGET; NOT DECISION-TIME FEATURE
2021,2021-05-22T21:35:00+00:00,30,0,,0.000000,7,0.222000,7.937254,0.000000,2.000000,0.177320,BETTER_THAN_REFERENCE,TIER_B_REPEAT_ANCHOR_ONLY,True,OFFLINE_LATENT_WINDOW_TARGET,FULL-SESSION HISTORICAL TARGET; NOT DECISION-TIME FEATURE
2021,2021-05-22T21:40:00+00:00,30,0,,0.000000,6,0.199000,7.348469,0.000000,2.000000,0.156426,BETTER_THAN_REFERENCE,TIER_B_REPEAT_ANCHOR_ONLY,True,OFFLINE_LATENT_WINDOW_TARGET,FULL-SESSION HISTORICAL TARGET; NOT DECISION-TIME FEATURE
2021,2021-05-22T21:45:00+00:00,30,0,,0.000000,5,0.176000,6.708204,0.000000,2.000000,0.135578,BETTER_THAN_REFERENCE,TIER_B_REPEAT_ANCHOR_ONLY,True,OFFLINE_LATENT_WINDOW_TARGET,FULL-SESSION HISTORICAL TARGET; NOT DECISION-TIME FEATURE
2021,2021-05-22T21:50:00+00:00,30,0,,0.000000,5,0.176000,6.708204,0.000000,2.000000,0.135578,BETTER_THAN_REFERENCE,TIER_B_REPEAT_ANCHOR_ONLY,True,OFFLINE_LATENT_WINDOW_TARGET,FULL-SESSION HISTORICAL TARGET; NOT DECISION-TIME FEATURE
2022,2022-05-21T12:00:00+00:00,30,0,,0.000000,0,,0.000000,0.000000,2.000000,,NO_EVIDENCE,NO_EVIDENCE,False,NO_TARGET,FULL-SESSION HISTORICAL TARGET; NOT DECISION-TIME FEATURE
2022,2022-05-21T12:05:00+00:00,30,0,,0.000000,0,,0.000000,0.000000,2.000000,,NO_EVIDENCE,NO_EVIDENCE,False,NO_TARGET,FULL-SESSION HISTORICAL TARGET; NOT DECISION-TIME FEATURE
2022,2022-05-21T12:10:00+00:00,30,0,,0.000000,0,,0.000000,0.000000,2.000000,,NO_EVIDENCE,NO_EVIDENCE,False,NO_TARGET,FULL-SESSION HISTORICAL TARGET; NOT DECISION-TIME FEATURE
2022,2022-05-21T12:15:00+00:00,30,0,,0.000000,0,,0.000000,0.000000,2.000000,,NO_EVIDENCE,NO_EVIDENCE,False,NO_TARGET,FULL-SESSION HISTORICAL TARGET; NOT DECISION-TIME FEATURE
2022,2022-05-21T12:20:00+00:00,30,0,,0.000000,0,,0.000000,0.000000,2.000000,,NO_EVIDENCE,NO_EVIDENCE,False,NO_TARGET,FULL-SESSION HISTORICAL TARGET; NOT DECISION-TIME FEATURE
2022,2022-05-21T12:25:00+00:00,30,0,,0.000000,0,,0.000000,0.000000,2.000000,,NO_EVIDENCE,NO_EVIDENCE,False,NO_TARGET,FULL-SESSION HISTORICAL TARGET; NOT DECISION-TIME FEATURE
2022,2022-05-21T12:30:00+00:00,30,0,,0.000000,0,,0.000000,0.000000,2.000000,,NO_EVIDENCE,NO_EVIDENCE,False,NO_TARGET,FULL-SESSION HISTORICAL TARGET; NOT DECISION-TIME FEATURE
2022,2022-05-21T12:35:00+00:00,30,0,,0.000000,0,,0.000000,0.000000,2.000000,,NO_EVIDENCE,NO_EVIDENCE,False,NO_TARGET,FULL-SESSION HISTORICAL TARGET; NOT DECISION-TIME FEATURE
2022,2022-05-21T12:40:00+00:00,30,0,,0.000000,0,,0.000000,0.000000,2.000000,,NO_EVIDENCE,NO_EVIDENCE,False,NO_TARGET,FULL-SESSION HISTORICAL TARGET; NOT DECISION-TIME FEATURE
2022,2022-05-21T12:45:00+00:00,30,0,,0.000000,0,,0.000000,0.000000,2.000000,,NO_EVIDENCE,NO_EVIDENCE,False,NO_TARGET,FULL-SESSION HISTORICAL TARGET; NOT DECISION-TIME FEATURE
2022,2022-05-21T12:50:00+00:00,30,0,,0.000000,0,,0.000000,0.000000,2.000000,,NO_EVIDENCE,NO_EVIDENCE,False,NO_TARGET,FULL-SESSION HISTORICAL TARGET; NOT DECISION-TIME FEATURE
2022,2022-05-21T12:55:00+00:00,30,0,,0.000000,0,,0.000000,0.000000,2.000000,,NO_EVIDENCE,NO_EVIDENCE,False,NO_TARGET,FULL-SESSION HISTORICAL TARGET; NOT DECISION-TIME FEATURE
2022,2022-05-21T13:00:00+00:00,30,0,,0.000000,0,,0.000000,0.000000,2.000000,,NO_EVIDENCE,NO_EVIDENCE,False,NO_TARGET,FULL-SESSION HISTORICAL TARGET; NOT DECISION-TIME FEATURE
2022,2022-05-21T13:05:00+00:00,30,0,,0.000000,0,,0.000000,0.000000,2.000000,,NO_EVIDENCE,NO_EVIDENCE,False,NO_TARGET,FULL-SESSION HISTORICAL TARGET; NOT DECISION-TIME FEATURE
2022,2022-05-21T13:10:00+00:00,30,0,,0.000000,0,,0.000000,0.000000,2.000000,,NO_EVIDENCE,NO_EVIDENCE,False,NO_TARGET,FULL-SESSION HISTORICAL TARGET; NOT DECISION-TIME FEATURE
2022,2022-05-21T13:15:00+00:00,30,0,,0.000000,0,,0.000000,0.000000,2.000000,,NO_EVIDENCE,NO_EVIDENCE,False,NO_TARGET,FULL-SESSION HISTORICAL TARGET; NOT DECISION-TIME FEATURE
2022,2022-05-21T13:20:00+00:00,30,0,,0.000000,0,,0.000000,0.000000,2.000000,,NO_EVIDENCE,NO_EVIDENCE,False,NO_TARGET,FULL-SESSION HISTORICAL TARGET; NOT DECISION-TIME FEATURE
2022,2022-05-21T13:25:00+00:00,30,0,,0.000000,0,,0.000000,0.000000,2.000000,,NO_EVIDENCE,NO_EVIDENCE,False,NO_TARGET,FULL-SESSION HISTORICAL TARGET; NOT DECISION-TIME FEATURE
2022,2022-05-21T13:30:00+00:00,30,0,,0.000000,0,,0.000000,0.000000,2.000000,,NO_EVIDENCE,NO_EVIDENCE,False,NO_TARGET,FULL-SESSION HISTORICAL TARGET; NOT DECISION-TIME FEATURE
2022,2022-05-21T13:35:00+00:00,30,0,,0.000000,0,,0.000000,0.000000,2.000000,,NO_EVIDENCE,NO_EVIDENCE,False,NO_TARGET,FULL-SESSION HISTORICAL TARGET; NOT DECISION-TIME FEATURE
2022,2022-05-21T13:40:00+00:00,30,0,,0.000000,0,,0.000000,0.000000,2.000000,,NO_EVIDENCE,NO_EVIDENCE,False,NO_TARGET,FULL-SESSION HISTORICAL TARGET; NOT DECISION-TIME FEATURE
2022,2022-05-21T13:45:00+00:00,30,0,,0.000000,0,,0.000000,0.000000,2.000000,,NO_EVIDENCE,NO_EVIDENCE,False,NO_TARGET,FULL-SESSION HISTORICAL TARGET; NOT DECISION-TIME FEATURE
2022,2022-05-21T13:50:00+00:00,30,0,,0.000000,0,,0.000000,0.000000,2.000000,,NO_EVIDENCE,NO_EVIDENCE,False,NO_TARGET,FULL-SESSION HISTORICAL TARGET; NOT DECISION-TIME FEATURE
2022,2022-05-21T13:55:00+00:00,30,0,,0.000000,0,,0.000000,0.000000,2.000000,,NO_EVIDENCE,NO_EVIDENCE,False,NO_TARGET,FULL-SESSION HISTORICAL TARGET; NOT DECISION-TIME FEATURE
2022,2022-05-21T14:00:00+00:00,30,0,,0.000000,0,,0.000000,0.000000,2.000000,,NO_EVIDENCE,NO_EVIDENCE,False,NO_TARGET,FULL-SESSION HISTORICAL TARGET; NOT DECISION-TIME FEATURE
2022,2022-05-21T14:05:00+00:00,30,0,,0.000000,0,,0.000000,0.000000,2.000000,,NO_EVIDENCE,NO_EVIDENCE,False,NO_TARGET,FULL-SESSION HISTORICAL TARGET; NOT DECISION-TIME FEATURE
2022,2022-05-21T14:10:00+00:00,30,0,,0.000000,0,,0.000000,0.000000,2.000000,,NO_EVIDENCE,NO_EVIDENCE,False,NO_TARGET,FULL-SESSION HISTORICAL TARGET; NOT DECISION-TIME FEATURE
2022,2022-05-21T14:15:00+00:00,30,0,,0.000000,0,,0.000000,0.000000,2.000000,,NO_EVIDENCE,NO_EVIDENCE,False,NO_TARGET,FULL-SESSION HISTORICAL TARGET; NOT DECISION-TIME FEATURE
2022,2022-05-21T14:20:00+00:00,30,0,,0.000000,0,,0.000000,0.000000,2.000000,,NO_EVIDENCE,NO_EVIDENCE,False,NO_TARGET,FULL-SESSION HISTORICAL TARGET; NOT DECISION-TIME FEATURE
2022,2022-05-21T14:25:00+00:00,30,0,,0.000000,0,,0.000000,0.000000,2.000000,,NO_EVIDENCE,NO_EVIDENCE,False,NO_TARGET,FULL-SESSION HISTORICAL TARGET; NOT DECISION-TIME FEATURE
2022,2022-05-21T14:30:00+00:00,30,0,,0.000000,0,,0.000000,0.000000,2.000000,,NO_EVIDENCE,NO_EVIDENCE,False,NO_TARGET,FULL-SESSION HISTORICAL TARGET; NOT DECISION-TIME FEATURE
2022,2022-05-21T14:35:00+00:00,30,0,,0.000000,0,,0.000000,0.000000,2.000000,,NO_EVIDENCE,NO_EVIDENCE,False,NO_TARGET,FULL-SESSION HISTORICAL TARGET; NOT DECISION-TIME FEATURE
2022,2022-05-21T14:40:00+00:00,30,0,,0.000000,0,,0.000000,0.000000,2.000000,,NO_EVIDENCE,NO_EVIDENCE,False,NO_TARGET,FULL-SESSION HISTORICAL TARGET; NOT DECISION-TIME FEATURE
2022,2022-05-21T14:45:00+00:00,30,0,,0.000000,0,,0.000000,0.000000,2.000000,,NO_EVIDENCE,NO_EVIDENCE,False,NO_TARGET,FULL-SESSION HISTORICAL TARGET; NOT DECISION-TIME FEATURE
2022,2022-05-21T14:50:00+00:00,30,0,,0.000000,0,,0.000000,0.000000,2.000000,,NO_EVIDENCE,NO_EVIDENCE,False,NO_TARGET,FULL-SESSION HISTORICAL TARGET; NOT DECISION-TIME FEATURE
2022,2022-05-21T14:55:00+00:00,30,0,,0.000000,0,,0.000000,0.000000,2.000000,,NO_EVIDENCE,NO_EVIDENCE,False,NO_TARGET,FULL-SESSION HISTORICAL TARGET; NOT DECISION-TIME FEATURE
2022,2022-05-21T15:00:00+00:00,30,0,,0.000000,0,,0.000000,0.000000,2.000000,,NO_EVIDENCE,NO_EVIDENCE,False,NO_TARGET,FULL-SESSION HISTORICAL TARGET; NOT DECISION-TIME FEATURE
2022,2022-05-21T15:05:00+00:00,30,0,,0.000000,0,,0.000000,0.000000,2.000000,,NO_EVIDENCE,NO_EVIDENCE,False,NO_TARGET,FULL-SESSION HISTORICAL TARGET; NOT DECISION-TIME FEATURE
2022,2022-05-21T15:10:00+00:00,30,0,,0.000000,0,,0.000000,0.000000,2.000000,,NO_EVIDENCE,NO_EVIDENCE,False,NO_TARGET,FULL-SESSION HISTORICAL TARGET; NOT DECISION-TIME FEATURE
2022,2022-05-21T15:15:00+00:00,30,0,,0.000000,0,,0.000000,0.000000,2.000000,,NO_EVIDENCE,NO_EVIDENCE,False,NO_TARGET,FULL-SESSION HISTORICAL TARGET; NOT DECISION-TIME FEATURE
2022,2022-05-21T15:20:00+00:00,30,0,,0.000000,0,,0.000000,0.000000,2.000000,,NO_EVIDENCE,NO_EVIDENCE,False,NO_TARGET,FULL-SESSION HISTORICAL TARGET; NOT DECISION-TIME FEATURE
2022,2022-05-21T15:25:00+00:00,30,0,,0.000000,0,,0.000000,0.000000,2.000000,,NO_EVIDENCE,NO_EVIDENCE,False,NO_TARGET,FULL-SESSION HISTORICAL TARGET; NOT DECISION-TIME FEATURE
2022,2022-05-21T15:30:00+00:00,30,0,,0.000000,0,,0.000000,0.000000,2.000000,,NO_EVIDENCE,NO_EVIDENCE,False,NO_TARGET,FULL-SESSION HISTORICAL TARGET; NOT DECISION-TIME FEATURE
2022,2022-05-21T15:35:00+00:00,30,0,,0.000000,0,,0.000000,0.000000,2.000000,,NO_EVIDENCE,NO_EVIDENCE,False,NO_TARGET,FULL-SESSION HISTORICAL TARGET; NOT DECISION-TIME FEATURE
2022,2022-05-21T15:40:00+00:00,30,0,,0.000000,0,,0.000000,0.000000,2.000000,,NO_EVIDENCE,NO_EVIDENCE,False,NO_TARGET,FULL-SESSION HISTORICAL TARGET; NOT DECISION-TIME FEATURE
2022,2022-05-21T15:45:00+00:00,30,0,,0.000000,0,,0.000000,0.000000,2.000000,,NO_EVIDENCE,NO_EVIDENCE,False,NO_TARGET,FULL-SESSION HISTORICAL TARGET; NOT DECISION-TIME FEATURE
2022,2022-05-21T15:50:00+00:00,30,0,,0.000000,0,,0.000000,0.000000,2.000000,,NO_EVIDENCE,NO_EVIDENCE,False,NO_TARGET,FULL-SESSION HISTORICAL TARGET; NOT DECISION-TIME FEATURE
2022,2022-05-21T15:55:00+00:00,30,0,,0.000000,0,,0.000000,0.000000,2.000000,,NO_EVIDENCE,NO_EVIDENCE,False,NO_TARGET,FULL-SESSION HISTORICAL TARGET; NOT DECISION-TIME FEATURE
2022,2022-05-21T16:00:00+00:00,30,0,,0.000000,0,,0.000000,0.000000,2.000000,,NO_EVIDENCE,NO_EVIDENCE,False,NO_TARGET,FULL-SESSION HISTORICAL TARGET; NOT DECISION-TIME FEATURE
2022,2022-05-21T16:05:00+00:00,30,0,,0.000000,0,,0.000000,0.000000,2.000000,,NO_EVIDENCE,NO_EVIDENCE,False,NO_TARGET,FULL-SESSION HISTORICAL TARGET; NOT DECISION-TIME FEATURE
2022,2022-05-21T16:10:00+00:00,30,0,,0.000000,0,,0.000000,0.000000,2.000000,,NO_EVIDENCE,NO_EVIDENCE,False,NO_TARGET,FULL-SESSION HISTORICAL TARGET; NOT DECISION-TIME FEATURE
2022,2022-05-21T16:15:00+00:00,30,0,,0.000000,0,,0.000000,0.000000,2.000000,,NO_EVIDENCE,NO_EVIDENCE,False,NO_TARGET,FULL-SESSION HISTORICAL TARGET; NOT DECISION-TIME FEATURE
2022,2022-05-21T16:20:00+00:00,30,0,,0.000000,0,,0.000000,0.000000,2.000000,,NO_EVIDENCE,NO_EVIDENCE,False,NO_TARGET,FULL-SESSION HISTORICAL TARGET; NOT DECISION-TIME FEATURE
2022,2022-05-21T16:25:00+00:00,30,0,,0.000000,0,,0.000000,0.000000,2.000000,,NO_EVIDENCE,NO_EVIDENCE,False,NO_TARGET,FULL-SESSION HISTORICAL TARGET; NOT DECISION-TIME FEATURE
2022,2022-05-21T16:30:00+00:00,30,0,,0.000000,0,,0.000000,0.000000,2.000000,,NO_EVIDENCE,NO_EVIDENCE,False,NO_TARGET,FULL-SESSION HISTORICAL TARGET; NOT DECISION-TIME FEATURE
2022,2022-05-21T16:35:00+00:00,30,0,,0.000000,0,,0.000000,0.000000,2.000000,,NO_EVIDENCE,NO_EVIDENCE,False,NO_TARGET,FULL-SESSION HISTORICAL TARGET; NOT DECISION-TIME FEATURE
2022,2022-05-21T16:40:00+00:00,30,0,,0.000000,0,,0.000000,0.000000,2.000000,,NO_EVIDENCE,NO_EVIDENCE,False,NO_TARGET,FULL-SESSION HISTORICAL TARGET; NOT DECISION-TIME FEATURE
2022,2022-05-21T16:45:00+00:00,30,0,,0.000000,0,,0.000000,0.000000,2.000000,,NO_EVIDENCE,NO_EVIDENCE,False,NO_TARGET,FULL-SESSION HISTORICAL TARGET; NOT DECISION-TIME FEATURE
2022,2022-05-21T16:50:00+00:00,30,0,,0.000000,0,,0.000000,0.000000,2.000000,,NO_EVIDENCE,NO_EVIDENCE,False,NO_TARGET,FULL-SESSION HISTORICAL TARGET; NOT DECISION-TIME FEATURE
2022,2022-05-21T16:55:00+00:00,30,0,,0.000000,0,,0.000000,0.000000,2.000000,,NO_EVIDENCE,NO_EVIDENCE,False,NO_TARGET,FULL-SESSION HISTORICAL TARGET; NOT DECISION-TIME FEATURE
2022,2022-05-21T17:00:00+00:00,30,0,,0.000000,0,,0.000000,0.000000,2.000000,,NO_EVIDENCE,NO_EVIDENCE,False,NO_TARGET,FULL-SESSION HISTORICAL TARGET; NOT DECISION-TIME FEATURE
2022,2022-05-21T17:05:00+00:00,30,0,,0.000000,0,,0.000000,0.000000,2.000000,,NO_EVIDENCE,NO_EVIDENCE,False,NO_TARGET,FULL-SESSION HISTORICAL TARGET; NOT DECISION-TIME FEATURE
2022,2022-05-21T17:10:00+00:00,30,0,,0.000000,0,,0.000000,0.000000,2.000000,,NO_EVIDENCE,NO_EVIDENCE,False,NO_TARGET,FULL-SESSION HISTORICAL TARGET; NOT DECISION-TIME FEATURE
2022,2022-05-21T17:15:00+00:00,30,0,,0.000000,0,,0.000000,0.000000,2.000000,,NO_EVIDENCE,NO_EVIDENCE,False,NO_TARGET,FULL-SESSION HISTORICAL TARGET; NOT DECISION-TIME FEATURE
2022,2022-05-21T17:20:00+00:00,30,0,,0.000000,0,,0.000000,0.000000,2.000000,,NO_EVIDENCE,NO_EVIDENCE,False,NO_TARGET,FULL-SESSION HISTORICAL TARGET; NOT DECISION-TIME FEATURE
2022,2022-05-21T17:25:00+00:00,30,0,,0.000000,0,,0.000000,0.000000,2.000000,,NO_EVIDENCE,NO_EVIDENCE,False,NO_TARGET,FULL-SESSION HISTORICAL TARGET; NOT DECISION-TIME FEATURE
2022,2022-05-21T17:30:00+00:00,30,0,,0.000000,0,,0.000000,0.000000,2.000000,,NO_EVIDENCE,NO_EVIDENCE,False,NO_TARGET,FULL-SESSION HISTORICAL TARGET; NOT DECISION-TIME FEATURE
2022,2022-05-21T17:35:00+00:00,30,0,,0.000000,0,,0.000000,0.000000,2.000000,,NO_EVIDENCE,NO_EVIDENCE,False,NO_TARGET,FULL-SESSION HISTORICAL TARGET; NOT DECISION-TIME FEATURE
2022,2022-05-21T17:40:00+00:00,30,0,,0.000000,0,,0.000000,0.000000,2.000000,,NO_EVIDENCE,NO_EVIDENCE,False,NO_TARGET,FULL-SESSION HISTORICAL TARGET; NOT DECISION-TIME FEATURE
2022,2022-05-21T17:45:00+00:00,30,0,,0.000000,0,,0.000000,0.000000,2.000000,,NO_EVIDENCE,NO_EVIDENCE,False,NO_TARGET,FULL-SESSION HISTORICAL TARGET; NOT DECISION-TIME FEATURE
2022,2022-05-21T17:50:00+00:00,30,0,,0.000000,0,,0.000000,0.000000,2.000000,,NO_EVIDENCE,NO_EVIDENCE,False,NO_TARGET,FULL-SESSION HISTORICAL TARGET; NOT DECISION-TIME FEATURE
2022,2022-05-21T17:55:00+00:00,30,0,,0.000000,0,,0.000000,0.000000,2.000000,,NO_EVIDENCE,NO_EVIDENCE,False,NO_TARGET,FULL-SESSION HISTORICAL TARGET; NOT DECISION-TIME FEATURE
2022,2022-05-21T18:00:00+00:00,30,0,,0.000000,0,,0.000000,0.000000,2.000000,,NO_EVIDENCE,NO_EVIDENCE,False,NO_TARGET,FULL-SESSION HISTORICAL TARGET; NOT DECISION-TIME FEATURE
2022,2022-05-21T18:05:00+00:00,30,0,,0.000000,0,,0.000000,0.000000,2.000000,,NO_EVIDENCE,NO_EVIDENCE,False,NO_TARGET,FULL-SESSION HISTORICAL TARGET; NOT DECISION-TIME FEATURE
2022,2022-05-21T18:10:00+00:00,30,0,,0.000000,0,,0.000000,0.000000,2.000000,,NO_EVIDENCE,NO_EVIDENCE,False,NO_TARGET,FULL-SESSION HISTORICAL TARGET; NOT DECISION-TIME FEATURE
2022,2022-05-21T18:15:00+00:00,30,0,,0.000000,0,,0.000000,0.000000,2.000000,,NO_EVIDENCE,NO_EVIDENCE,False,NO_TARGET,FULL-SESSION HISTORICAL TARGET; NOT DECISION-TIME FEATURE
2022,2022-05-21T18:20:00+00:00,30,0,,0.000000,0,,0.000000,0.000000,2.000000,,NO_EVIDENCE,NO_EVIDENCE,False,NO_TARGET,FULL-SESSION HISTORICAL TARGET; NOT DECISION-TIME FEATURE
2022,2022-05-21T18:25:00+00:00,30,0,,0.000000,0,,0.000000,0.000000,2.000000,,NO_EVIDENCE,NO_EVIDENCE,False,NO_TARGET,FULL-SESSION HISTORICAL TARGET; NOT DECISION-TIME FEATURE
2022,2022-05-21T18:30:00+00:00,30,0,,0.000000,0,,0.000000,0.000000,2.000000,,NO_EVIDENCE,NO_EVIDENCE,False,NO_TARGET,FULL-SESSION HISTORICAL TARGET; NOT DECISION-TIME FEATURE
2022,2022-05-21T18:35:00+00:00,30,0,,0.000000,0,,0.000000,0.000000,2.000000,,NO_EVIDENCE,NO_EVIDENCE,False,NO_TARGET,FULL-SESSION HISTORICAL TARGET; NOT DECISION-TIME FEATURE
2022,2022-05-21T18:40:00+00:00,30,0,,0.000000,0,,0.000000,0.000000,2.000000,,NO_EVIDENCE,NO_EVIDENCE,False,NO_TARGET,FULL-SESSION HISTORICAL TARGET; NOT DECISION-TIME FEATURE
2022,2022-05-21T18:45:00+00:00,30,0,,0.000000,0,,0.000000,0.000000,2.000000,,NO_EVIDENCE,NO_EVIDENCE,False,NO_TARGET,FULL-SESSION HISTORICAL TARGET; NOT DECISION-TIME FEATURE
2022,2022-05-21T18:50:00+00:00,30,0,,0.000000,0,,0.000000,0.000000,2.000000,,NO_EVIDENCE,NO_EVIDENCE,False,NO_TARGET,FULL-SESSION HISTORICAL TARGET; NOT DECISION-TIME FEATURE
2022,2022-05-21T18:55:00+00:00,30,0,,0.000000,0,,0.000000,0.000000,2.000000,,NO_EVIDENCE,NO_EVIDENCE,False,NO_TARGET,FULL-SESSION HISTORICAL TARGET; NOT DECISION-TIME FEATURE
2022,2022-05-21T19:00:00+00:00,30,0,,0.000000,0,,0.000000,0.000000,2.000000,,NO_EVIDENCE,NO_EVIDENCE,False,NO_TARGET,FULL-SESSION HISTORICAL TARGET; NOT DECISION-TIME FEATURE
2022,2022-05-21T19:05:00+00:00,30,0,,0.000000,0,,0.000000,0.000000,2.000000,,NO_EVIDENCE,NO_EVIDENCE,False,NO_TARGET,FULL-SESSION HISTORICAL TARGET; NOT DECISION-TIME FEATURE
2022,2022-05-21T19:10:00+00:00,30,0,,0.000000,0,,0.000000,0.000000,2.000000,,NO_EVIDENCE,NO_EVIDENCE,False,NO_TARGET,FULL-SESSION HISTORICAL TARGET; NOT DECISION-TIME FEATURE
2022,2022-05-21T19:15:00+00:00,30,0,,0.000000,0,,0.000000,0.000000,2.000000,,NO_EVIDENCE,NO_EVIDENCE,False,NO_TARGET,FULL-SESSION HISTORICAL TARGET; NOT DECISION-TIME FEATURE
2022,2022-05-21T19:20:00+00:00,30,0,,0.000000,0,,0.000000,0.000000,2.000000,,NO_EVIDENCE,NO_EVIDENCE,False,NO_TARGET,FULL-SESSION HISTORICAL TARGET; NOT DECISION-TIME FEATURE
2022,2022-05-21T19:25:00+00:00,30,0,,0.000000,0,,0.000000,0.000000,2.000000,,NO_EVIDENCE,NO_EVIDENCE,False,NO_TARGET,FULL-SESSION HISTORICAL TARGET; NOT DECISION-TIME FEATURE
2022,2022-05-21T19:30:00+00:00,30,0,,0.000000,0,,0.000000,0.000000,2.000000,,NO_EVIDENCE,NO_EVIDENCE,False,NO_TARGET,FULL-SESSION HISTORICAL TARGET; NOT DECISION-TIME FEATURE
2022,2022-05-21T19:35:00+00:00,30,0,,0.000000,0,,0.000000,0.000000,2.000000,,NO_EVIDENCE,NO_EVIDENCE,False,NO_TARGET,FULL-SESSION HISTORICAL TARGET; NOT DECISION-TIME FEATURE
2022,2022-05-21T19:40:00+00:00,30,0,,0.000000,0,,0.000000,0.000000,2.000000,,NO_EVIDENCE,NO_EVIDENCE,False,NO_TARGET,FULL-SESSION HISTORICAL TARGET; NOT DECISION-TIME FEATURE
2022,2022-05-21T19:45:00+00:00,30,0,,0.000000,0,,0.000000,0.000000,2.000000,,NO_EVIDENCE,NO_EVIDENCE,False,NO_TARGET,FULL-SESSION HISTORICAL TARGET; NOT DECISION-TIME FEATURE
2022,2022-05-21T19:50:00+00:00,30,0,,0.000000,0,,0.000000,0.000000,2.000000,,NO_EVIDENCE,NO_EVIDENCE,False,NO_TARGET,FULL-SESSION HISTORICAL TARGET; NOT DECISION-TIME FEATURE
2022,2022-05-21T19:55:00+00:00,30,0,,0.000000,0,,0.000000,0.000000,2.000000,,NO_EVIDENCE,NO_EVIDENCE,False,NO_TARGET,FULL-SESSION HISTORICAL TARGET; NOT DECISION-TIME FEATURE
2022,2022-05-21T20:00:00+00:00,30,0,,0.000000,0,,0.000000,0.000000,2.000000,,NO_EVIDENCE,NO_EVIDENCE,False,NO_TARGET,FULL-SESSION HISTORICAL TARGET; NOT DECISION-TIME FEATURE
2022,2022-05-21T20:05:00+00:00,30,0,,0.000000,0,,0.000000,0.000000,2.000000,,NO_EVIDENCE,NO_EVIDENCE,False,NO_TARGET,FULL-SESSION HISTORICAL TARGET; NOT DECISION-TIME FEATURE
2022,2022-05-21T20:10:00+00:00,30,0,,0.000000,0,,0.000000,0.000000,2.000000,,NO_EVIDENCE,NO_EVIDENCE,False,NO_TARGET,FULL-SESSION HISTORICAL TARGET; NOT DECISION-TIME FEATURE
2022,2022-05-21T20:15:00+00:00,30,0,,0.000000,0,,0.000000,0.000000,2.000000,,NO_EVIDENCE,NO_EVIDENCE,False,NO_TARGET,FULL-SESSION HISTORICAL TARGET; NOT DECISION-TIME FEATURE
2023,2023-05-20T12:15:00+00:00,30,0,,0.000000,0,,0.000000,0.000000,2.000000,,NO_EVIDENCE,NO_EVIDENCE,False,NO_TARGET,FULL-SESSION HISTORICAL TARGET; NOT DECISION-TIME FEATURE
2023,2023-05-20T12:20:00+00:00,30,0,,0.000000,0,,0.000000,0.000000,2.000000,,NO_EVIDENCE,NO_EVIDENCE,False,NO_TARGET,FULL-SESSION HISTORICAL TARGET; NOT DECISION-TIME FEATURE
2023,2023-05-20T12:25:00+00:00,30,0,,0.000000,0,,0.000000,0.000000,2.000000,,NO_EVIDENCE,NO_EVIDENCE,False,NO_TARGET,FULL-SESSION HISTORICAL TARGET; NOT DECISION-TIME FEATURE
2023,2023-05-20T12:30:00+00:00,30,0,,0.000000,0,,0.000000,0.000000,2.000000,,NO_EVIDENCE,NO_EVIDENCE,False,NO_TARGET,FULL-SESSION HISTORICAL TARGET; NOT DECISION-TIME FEATURE
2023,2023-05-20T12:35:00+00:00,30,0,,0.000000,0,,0.000000,0.000000,2.000000,,NO_EVIDENCE,NO_EVIDENCE,False,NO_TARGET,FULL-SESSION HISTORICAL TARGET; NOT DECISION-TIME FEATURE
2023,2023-05-20T12:40:00+00:00,30,0,,0.000000,0,,0.000000,0.000000,2.000000,,NO_EVIDENCE,NO_EVIDENCE,False,NO_TARGET,FULL-SESSION HISTORICAL TARGET; NOT DECISION-TIME FEATURE
2023,2023-05-20T12:45:00+00:00,30,0,,0.000000,0,,0.000000,0.000000,2.000000,,NO_EVIDENCE,NO_EVIDENCE,False,NO_TARGET,FULL-SESSION HISTORICAL TARGET; NOT DECISION-TIME FEATURE
2023,2023-05-20T12:50:00+00:00,30,0,,0.000000,0,,0.000000,0.000000,2.000000,,NO_EVIDENCE,NO_EVIDENCE,False,NO_TARGET,FULL-SESSION HISTORICAL TARGET; NOT DECISION-TIME FEATURE
2023,2023-05-20T12:55:00+00:00,30,0,,0.000000,0,,0.000000,0.000000,2.000000,,NO_EVIDENCE,NO_EVIDENCE,False,NO_TARGET,FULL-SESSION HISTORICAL TARGET; NOT DECISION-TIME FEATURE
2023,2023-05-20T13:00:00+00:00,30,0,,0.000000,0,,0.000000,0.000000,2.000000,,NO_EVIDENCE,NO_EVIDENCE,False,NO_TARGET,FULL-SESSION HISTORICAL TARGET; NOT DECISION-TIME FEATURE
2023,2023-05-20T13:05:00+00:00,30,0,,0.000000,0,,0.000000,0.000000,2.000000,,NO_EVIDENCE,NO_EVIDENCE,False,NO_TARGET,FULL-SESSION HISTORICAL TARGET; NOT DECISION-TIME FEATURE
2023,2023-05-20T13:10:00+00:00,30,0,,0.000000,0,,0.000000,0.000000,2.000000,,NO_EVIDENCE,NO_EVIDENCE,False,NO_TARGET,FULL-SESSION HISTORICAL TARGET; NOT DECISION-TIME FEATURE
2023,2023-05-20T13:15:00+00:00,30,0,,0.000000,0,,0.000000,0.000000,2.000000,,NO_EVIDENCE,NO_EVIDENCE,False,NO_TARGET,FULL-SESSION HISTORICAL TARGET; NOT DECISION-TIME FEATURE
2023,2023-05-20T13:20:00+00:00,30,0,,0.000000,0,,0.000000,0.000000,2.000000,,NO_EVIDENCE,NO_EVIDENCE,False,NO_TARGET,FULL-SESSION HISTORICAL TARGET; NOT DECISION-TIME FEATURE
2023,2023-05-20T13:25:00+00:00,30,0,,0.000000,0,,0.000000,0.000000,2.000000,,NO_EVIDENCE,NO_EVIDENCE,False,NO_TARGET,FULL-SESSION HISTORICAL TARGET; NOT DECISION-TIME FEATURE
2023,2023-05-20T13:30:00+00:00,30,0,,0.000000,0,,0.000000,0.000000,2.000000,,NO_EVIDENCE,NO_EVIDENCE,False,NO_TARGET,FULL-SESSION HISTORICAL TARGET; NOT DECISION-TIME FEATURE
2023,2023-05-20T13:35:00+00:00,30,0,,0.000000,0,,0.000000,0.000000,2.000000,,NO_EVIDENCE,NO_EVIDENCE,False,NO_TARGET,FULL-SESSION HISTORICAL TARGET; NOT DECISION-TIME FEATURE
2023,2023-05-20T13:40:00+00:00,30,0,,0.000000,0,,0.000000,0.000000,2.000000,,NO_EVIDENCE,NO_EVIDENCE,False,NO_TARGET,FULL-SESSION HISTORICAL TARGET; NOT DECISION-TIME FEATURE
2023,2023-05-20T13:45:00+00:00,30,0,,0.000000,0,,0.000000,0.000000,2.000000,,NO_EVIDENCE,NO_EVIDENCE,False,NO_TARGET,FULL-SESSION HISTORICAL TARGET; NOT DECISION-TIME FEATURE
2023,2023-05-20T13:50:00+00:00,30,0,,0.000000,0,,0.000000,0.000000,2.000000,,NO_EVIDENCE,NO_EVIDENCE,False,NO_TARGET,FULL-SESSION HISTORICAL TARGET; NOT DECISION-TIME FEATURE
2023,2023-05-20T13:55:00+00:00,30,0,,0.000000,0,,0.000000,0.000000,2.000000,,NO_EVIDENCE,NO_EVIDENCE,False,NO_TARGET,FULL-SESSION HISTORICAL TARGET; NOT DECISION-TIME FEATURE
2023,2023-05-20T14:00:00+00:00,30,0,,0.000000,0,,0.000000,0.000000,2.000000,,NO_EVIDENCE,NO_EVIDENCE,False,NO_TARGET,FULL-SESSION HISTORICAL TARGET; NOT DECISION-TIME FEATURE
2023,2023-05-20T14:05:00+00:00,30,0,,0.000000,0,,0.000000,0.000000,2.000000,,NO_EVIDENCE,NO_EVIDENCE,False,NO_TARGET,FULL-SESSION HISTORICAL TARGET; NOT DECISION-TIME FEATURE
2023,2023-05-20T14:10:00+00:00,30,0,,0.000000,0,,0.000000,0.000000,2.000000,,NO_EVIDENCE,NO_EVIDENCE,False,NO_TARGET,FULL-SESSION HISTORICAL TARGET; NOT DECISION-TIME FEATURE
2023,2023-05-20T14:15:00+00:00,30,0,,0.000000,0,,0.000000,0.000000,2.000000,,NO_EVIDENCE,NO_EVIDENCE,False,NO_TARGET,FULL-SESSION HISTORICAL TARGET; NOT DECISION-TIME FEATURE
2023,2023-05-20T14:20:00+00:00,30,0,,0.000000,0,,0.000000,0.000000,2.000000,,NO_EVIDENCE,NO_EVIDENCE,False,NO_TARGET,FULL-SESSION HISTORICAL TARGET; NOT DECISION-TIME FEATURE
2023,2023-05-20T14:25:00+00:00,30,0,,0.000000,0,,0.000000,0.000000,2.000000,,NO_EVIDENCE,NO_EVIDENCE,False,NO_TARGET,FULL-SESSION HISTORICAL TARGET; NOT DECISION-TIME FEATURE
2023,2023-05-20T14:30:00+00:00,30,0,,0.000000,0,,0.000000,0.000000,2.000000,,NO_EVIDENCE,NO_EVIDENCE,False,NO_TARGET,FULL-SESSION HISTORICAL TARGET; NOT DECISION-TIME FEATURE
2023,2023-05-20T14:35:00+00:00,30,0,,0.000000,0,,0.000000,0.000000,2.000000,,NO_EVIDENCE,NO_EVIDENCE,False,NO_TARGET,FULL-SESSION HISTORICAL TARGET; NOT DECISION-TIME FEATURE
2023,2023-05-20T14:40:00+00:00,30,0,,0.000000,0,,0.000000,0.000000,2.000000,,NO_EVIDENCE,NO_EVIDENCE,False,NO_TARGET,FULL-SESSION HISTORICAL TARGET; NOT DECISION-TIME FEATURE
2023,2023-05-20T14:45:00+00:00,30,0,,0.000000,0,,0.000000,0.000000,2.000000,,NO_EVIDENCE,NO_EVIDENCE,False,NO_TARGET,FULL-SESSION HISTORICAL TARGET; NOT DECISION-TIME FEATURE
2023,2023-05-20T14:50:00+00:00,30,0,,0.000000,0,,0.000000,0.000000,2.000000,,NO_EVIDENCE,NO_EVIDENCE,False,NO_TARGET,FULL-SESSION HISTORICAL TARGET; NOT DECISION-TIME FEATURE
2023,2023-05-20T14:55:00+00:00,30,1,-0.002000,1.000000,0,,0.000000,0.000000,2.000000,-0.000667,NEUTRAL,TIER_D_SPARSE_FIRST_RUN_ONLY,True,OFFLINE_LATENT_WINDOW_TARGET,FULL-SESSION HISTORICAL TARGET; NOT DECISION-TIME FEATURE
2023,2023-05-20T15:00:00+00:00,30,1,-0.002000,1.000000,0,,0.000000,0.000000,2.000000,-0.000667,NEUTRAL,TIER_D_SPARSE_FIRST_RUN_ONLY,True,OFFLINE_LATENT_WINDOW_TARGET,FULL-SESSION HISTORICAL TARGET; NOT DECISION-TIME FEATURE
2023,2023-05-20T15:05:00+00:00,30,2,0.394500,1.414214,0,,0.000000,0.000000,2.000000,0.163407,BETTER_THAN_REFERENCE,TIER_D_SPARSE_FIRST_RUN_ONLY,True,OFFLINE_LATENT_WINDOW_TARGET,FULL-SESSION HISTORICAL TARGET; NOT DECISION-TIME FEATURE
2023,2023-05-20T15:10:00+00:00,30,3,0.177000,1.732051,0,,0.000000,0.000000,2.000000,0.082146,NEUTRAL,TIER_C_MULTI_CAR_FIRST_RUN_ONLY,True,OFFLINE_LATENT_WINDOW_TARGET,FULL-SESSION HISTORICAL TARGET; NOT DECISION-TIME FEATURE
2023,2023-05-20T15:15:00+00:00,30,3,0.177000,1.732051,0,,0.000000,0.000000,2.000000,0.082146,NEUTRAL,TIER_C_MULTI_CAR_FIRST_RUN_ONLY,True,OFFLINE_LATENT_WINDOW_TARGET,FULL-SESSION HISTORICAL TARGET; NOT DECISION-TIME FEATURE
2023,2023-05-20T15:20:00+00:00,30,4,0.089500,2.000000,0,,0.000000,0.000000,2.000000,0.044750,NEUTRAL,TIER_C_MULTI_CAR_FIRST_RUN_ONLY,True,OFFLINE_LATENT_WINDOW_TARGET,FULL-SESSION HISTORICAL TARGET; NOT DECISION-TIME FEATURE
2023,2023-05-20T15:25:00+00:00,30,4,0.089500,2.000000,0,,0.000000,0.000000,2.000000,0.044750,NEUTRAL,TIER_C_MULTI_CAR_FIRST_RUN_ONLY,True,OFFLINE_LATENT_WINDOW_TARGET,FULL-SESSION HISTORICAL TARGET; NOT DECISION-TIME FEATURE
2023,2023-05-20T15:30:00+00:00,30,4,0.089500,2.000000,0,,0.000000,0.000000,2.000000,0.044750,NEUTRAL,TIER_C_MULTI_CAR_FIRST_RUN_ONLY,True,OFFLINE_LATENT_WINDOW_TARGET,FULL-SESSION HISTORICAL TARGET; NOT DECISION-TIME FEATURE
2023,2023-05-20T15:35:00+00:00,30,5,0.002000,2.236068,0,,0.000000,0.000000,2.000000,0.001056,NEUTRAL,TIER_C_MULTI_CAR_FIRST_RUN_ONLY,True,OFFLINE_LATENT_WINDOW_TARGET,FULL-SESSION HISTORICAL TARGET; NOT DECISION-TIME FEATURE
2023,2023-05-20T15:40:00+00:00,30,7,-0.002000,2.645751,0,,0.000000,0.000000,2.000000,-0.001139,NEUTRAL,TIER_C_MULTI_CAR_FIRST_RUN_ONLY,True,OFFLINE_LATENT_WINDOW_TARGET,FULL-SESSION HISTORICAL TARGET; NOT DECISION-TIME FEATURE
2023,2023-05-20T15:45:00+00:00,30,7,-0.002000,2.645751,0,,0.000000,0.000000,2.000000,-0.001139,NEUTRAL,TIER_C_MULTI_CAR_FIRST_RUN_ONLY,True,OFFLINE_LATENT_WINDOW_TARGET,FULL-SESSION HISTORICAL TARGET; NOT DECISION-TIME FEATURE
2023,2023-05-20T15:50:00+00:00,30,7,-0.002000,2.645751,0,,0.000000,0.000000,2.000000,-0.001139,NEUTRAL,TIER_C_MULTI_CAR_FIRST_RUN_ONLY,True,OFFLINE_LATENT_WINDOW_TARGET,FULL-SESSION HISTORICAL TARGET; NOT DECISION-TIME FEATURE
2023,2023-05-20T15:55:00+00:00,30,7,-0.117000,2.645751,0,,0.000000,0.000000,2.000000,-0.066631,NEUTRAL,TIER_C_MULTI_CAR_FIRST_RUN_ONLY,True,OFFLINE_LATENT_WINDOW_TARGET,FULL-SESSION HISTORICAL TARGET; NOT DECISION-TIME FEATURE
2023,2023-05-20T16:00:00+00:00,30,7,-0.117000,2.645751,0,,0.000000,0.000000,2.000000,-0.066631,NEUTRAL,TIER_C_MULTI_CAR_FIRST_RUN_ONLY,True,OFFLINE_LATENT_WINDOW_TARGET,FULL-SESSION HISTORICAL TARGET; NOT DECISION-TIME FEATURE
2023,2023-05-20T16:05:00+00:00,30,7,-0.117000,2.645751,0,,0.000000,0.000000,2.000000,-0.066631,NEUTRAL,TIER_C_MULTI_CAR_FIRST_RUN_ONLY,True,OFFLINE_LATENT_WINDOW_TARGET,FULL-SESSION HISTORICAL TARGET; NOT DECISION-TIME FEATURE
2023,2023-05-20T16:10:00+00:00,30,7,-0.117000,2.645751,0,,0.000000,0.000000,2.000000,-0.066631,NEUTRAL,TIER_C_MULTI_CAR_FIRST_RUN_ONLY,True,OFFLINE_LATENT_WINDOW_TARGET,FULL-SESSION HISTORICAL TARGET; NOT DECISION-TIME FEATURE
2023,2023-05-20T16:15:00+00:00,30,8,-0.204000,2.828427,0,,0.000000,0.000000,2.000000,-0.119500,WORSE_THAN_REFERENCE,TIER_C_MULTI_CAR_FIRST_RUN_ONLY,True,OFFLINE_LATENT_WINDOW_TARGET,FULL-SESSION HISTORICAL TARGET; NOT DECISION-TIME FEATURE
2023,2023-05-20T16:20:00+00:00,30,7,-0.291000,2.645751,0,,0.000000,0.000000,2.000000,-0.165724,WORSE_THAN_REFERENCE,TIER_C_MULTI_CAR_FIRST_RUN_ONLY,True,OFFLINE_LATENT_WINDOW_TARGET,FULL-SESSION HISTORICAL TARGET; NOT DECISION-TIME FEATURE
2023,2023-05-20T16:25:00+00:00,30,8,-0.204000,2.828427,0,,0.000000,0.000000,2.000000,-0.119500,WORSE_THAN_REFERENCE,TIER_C_MULTI_CAR_FIRST_RUN_ONLY,True,OFFLINE_LATENT_WINDOW_TARGET,FULL-SESSION HISTORICAL TARGET; NOT DECISION-TIME FEATURE
2023,2023-05-20T16:30:00+00:00,30,8,-0.204000,2.828427,0,,0.000000,0.000000,2.000000,-0.119500,WORSE_THAN_REFERENCE,TIER_C_MULTI_CAR_FIRST_RUN_ONLY,True,OFFLINE_LATENT_WINDOW_TARGET,FULL-SESSION HISTORICAL TARGET; NOT DECISION-TIME FEATURE
2023,2023-05-20T16:35:00+00:00,30,8,0.001500,2.828427,0,,0.000000,0.000000,2.000000,0.000879,NEUTRAL,TIER_C_MULTI_CAR_FIRST_RUN_ONLY,True,OFFLINE_LATENT_WINDOW_TARGET,FULL-SESSION HISTORICAL TARGET; NOT DECISION-TIME FEATURE
2023,2023-05-20T16:40:00+00:00,30,7,0.410000,2.645751,0,,0.000000,0.000000,2.000000,0.233495,BETTER_THAN_REFERENCE,TIER_C_MULTI_CAR_FIRST_RUN_ONLY,True,OFFLINE_LATENT_WINDOW_TARGET,FULL-SESSION HISTORICAL TARGET; NOT DECISION-TIME FEATURE
2023,2023-05-20T16:45:00+00:00,30,8,0.265000,2.828427,0,,0.000000,0.000000,2.000000,0.155233,BETTER_THAN_REFERENCE,TIER_C_MULTI_CAR_FIRST_RUN_ONLY,True,OFFLINE_LATENT_WINDOW_TARGET,FULL-SESSION HISTORICAL TARGET; NOT DECISION-TIME FEATURE
2023,2023-05-20T16:50:00+00:00,30,9,0.120000,3.000000,0,,0.000000,0.000000,2.000000,0.072000,NEUTRAL,TIER_C_MULTI_CAR_FIRST_RUN_ONLY,True,OFFLINE_LATENT_WINDOW_TARGET,FULL-SESSION HISTORICAL TARGET; NOT DECISION-TIME FEATURE
2023,2023-05-20T16:55:00+00:00,30,8,0.265000,2.828427,0,,0.000000,0.000000,2.000000,0.155233,BETTER_THAN_REFERENCE,TIER_C_MULTI_CAR_FIRST_RUN_ONLY,True,OFFLINE_LATENT_WINDOW_TARGET,FULL-SESSION HISTORICAL TARGET; NOT DECISION-TIME FEATURE
2023,2023-05-20T17:00:00+00:00,30,8,0.265000,2.828427,0,,0.000000,0.000000,2.000000,0.155233,BETTER_THAN_REFERENCE,TIER_C_MULTI_CAR_FIRST_RUN_ONLY,True,OFFLINE_LATENT_WINDOW_TARGET,FULL-SESSION HISTORICAL TARGET; NOT DECISION-TIME FEATURE
2023,2023-05-20T17:05:00+00:00,30,7,0.120000,2.645751,0,,0.000000,0.000000,2.000000,0.068340,NEUTRAL,TIER_C_MULTI_CAR_FIRST_RUN_ONLY,True,OFFLINE_LATENT_WINDOW_TARGET,FULL-SESSION HISTORICAL TARGET; NOT DECISION-TIME FEATURE
2023,2023-05-20T17:10:00+00:00,30,6,-0.113500,2.449490,0,,0.000000,0.000000,2.000000,-0.062483,NEUTRAL,TIER_C_MULTI_CAR_FIRST_RUN_ONLY,True,OFFLINE_LATENT_WINDOW_TARGET,FULL-SESSION HISTORICAL TARGET; NOT DECISION-TIME FEATURE
2023,2023-05-20T17:15:00+00:00,30,5,0.120000,2.236068,0,,0.000000,0.000000,2.000000,0.063344,NEUTRAL,TIER_C_MULTI_CAR_FIRST_RUN_ONLY,True,OFFLINE_LATENT_WINDOW_TARGET,FULL-SESSION HISTORICAL TARGET; NOT DECISION-TIME FEATURE
2023,2023-05-20T17:20:00+00:00,30,5,0.120000,2.236068,0,,0.000000,0.000000,2.000000,0.063344,NEUTRAL,TIER_C_MULTI_CAR_FIRST_RUN_ONLY,True,OFFLINE_LATENT_WINDOW_TARGET,FULL-SESSION HISTORICAL TARGET; NOT DECISION-TIME FEATURE
2023,2023-05-20T17:25:00+00:00,30,4,0.031500,2.000000,0,,0.000000,0.000000,2.000000,0.015750,NEUTRAL,TIER_C_MULTI_CAR_FIRST_RUN_ONLY,True,OFFLINE_LATENT_WINDOW_TARGET,FULL-SESSION HISTORICAL TARGET; NOT DECISION-TIME FEATURE
2023,2023-05-20T17:30:00+00:00,30,4,0.031500,2.000000,0,,0.000000,0.000000,2.000000,0.015750,NEUTRAL,TIER_C_MULTI_CAR_FIRST_RUN_ONLY,True,OFFLINE_LATENT_WINDOW_TARGET,FULL-SESSION HISTORICAL TARGET; NOT DECISION-TIME FEATURE
2023,2023-05-20T17:35:00+00:00,30,3,-0.347000,1.732051,0,,0.000000,0.000000,2.000000,-0.161043,WORSE_THAN_REFERENCE,TIER_C_MULTI_CAR_FIRST_RUN_ONLY,True,OFFLINE_LATENT_WINDOW_TARGET,FULL-SESSION HISTORICAL TARGET; NOT DECISION-TIME FEATURE
2023,2023-05-20T17:40:00+00:00,30,2,-1.007000,1.414214,0,,0.000000,0.000000,2.000000,-0.417113,WORSE_THAN_REFERENCE,TIER_D_SPARSE_FIRST_RUN_ONLY,True,OFFLINE_LATENT_WINDOW_TARGET,FULL-SESSION HISTORICAL TARGET; NOT DECISION-TIME FEATURE
2023,2023-05-20T17:45:00+00:00,30,1,-1.667000,1.000000,1,-0.314000,3.000000,0.000000,2.000000,-0.434833,WORSE_THAN_REFERENCE,TIER_A_REPEAT_PLUS_FIRST_RUN,True,OFFLINE_LATENT_WINDOW_TARGET,FULL-SESSION HISTORICAL TARGET; NOT DECISION-TIME FEATURE
2023,2023-05-20T17:50:00+00:00,30,0,,0.000000,1,-0.314000,3.000000,0.000000,2.000000,-0.188400,WORSE_THAN_REFERENCE,TIER_B_REPEAT_ANCHOR_ONLY,True,OFFLINE_LATENT_WINDOW_TARGET,FULL-SESSION HISTORICAL TARGET; NOT DECISION-TIME FEATURE
2023,2023-05-20T17:55:00+00:00,30,0,,0.000000,1,-0.314000,3.000000,0.000000,2.000000,-0.188400,WORSE_THAN_REFERENCE,TIER_B_REPEAT_ANCHOR_ONLY,True,OFFLINE_LATENT_WINDOW_TARGET,FULL-SESSION HISTORICAL TARGET; NOT DECISION-TIME FEATURE
2023,2023-05-20T18:00:00+00:00,30,0,,0.000000,1,-0.314000,3.000000,0.000000,2.000000,-0.188400,WORSE_THAN_REFERENCE,TIER_B_REPEAT_ANCHOR_ONLY,True,OFFLINE_LATENT_WINDOW_TARGET,FULL-SESSION HISTORICAL TARGET; NOT DECISION-TIME FEATURE
2023,2023-05-20T18:05:00+00:00,30,0,,0.000000,1,-0.314000,3.000000,0.000000,2.000000,-0.188400,WORSE_THAN_REFERENCE,TIER_B_REPEAT_ANCHOR_ONLY,True,OFFLINE_LATENT_WINDOW_TARGET,FULL-SESSION HISTORICAL TARGET; NOT DECISION-TIME FEATURE
2023,2023-05-20T18:10:00+00:00,30,0,,0.000000,1,-0.314000,3.000000,0.000000,2.000000,-0.188400,WORSE_THAN_REFERENCE,TIER_B_REPEAT_ANCHOR_ONLY,True,OFFLINE_LATENT_WINDOW_TARGET,FULL-SESSION HISTORICAL TARGET; NOT DECISION-TIME FEATURE
2023,2023-05-20T18:15:00+00:00,30,0,,0.000000,1,-0.314000,3.000000,0.000000,2.000000,-0.188400,WORSE_THAN_REFERENCE,TIER_B_REPEAT_ANCHOR_ONLY,True,OFFLINE_LATENT_WINDOW_TARGET,FULL-SESSION HISTORICAL TARGET; NOT DECISION-TIME FEATURE
2023,2023-05-20T18:20:00+00:00,30,0,,0.000000,2,1.574000,4.242641,0.000000,2.000000,1.069726,BETTER_THAN_REFERENCE,TIER_B_REPEAT_ANCHOR_ONLY,True,OFFLINE_LATENT_WINDOW_TARGET,FULL-SESSION HISTORICAL TARGET; NOT DECISION-TIME FEATURE
2023,2023-05-20T18:25:00+00:00,30,0,,0.000000,2,1.574000,4.242641,0.000000,2.000000,1.069726,BETTER_THAN_REFERENCE,TIER_B_REPEAT_ANCHOR_ONLY,True,OFFLINE_LATENT_WINDOW_TARGET,FULL-SESSION HISTORICAL TARGET; NOT DECISION-TIME FEATURE
2023,2023-05-20T18:30:00+00:00,30,0,,0.000000,3,0.174000,5.196152,0.000000,2.000000,0.125641,BETTER_THAN_REFERENCE,TIER_B_REPEAT_ANCHOR_ONLY,True,OFFLINE_LATENT_WINDOW_TARGET,FULL-SESSION HISTORICAL TARGET; NOT DECISION-TIME FEATURE
2023,2023-05-20T18:35:00+00:00,30,0,,0.000000,4,0.127000,6.000000,0.000000,2.000000,0.095250,NEUTRAL,TIER_B_REPEAT_ANCHOR_ONLY,True,OFFLINE_LATENT_WINDOW_TARGET,FULL-SESSION HISTORICAL TARGET; NOT DECISION-TIME FEATURE
2023,2023-05-20T18:40:00+00:00,30,0,,0.000000,5,0.174000,6.708204,0.000000,2.000000,0.134038,BETTER_THAN_REFERENCE,TIER_B_REPEAT_ANCHOR_ONLY,True,OFFLINE_LATENT_WINDOW_TARGET,FULL-SESSION HISTORICAL TARGET; NOT DECISION-TIME FEATURE
2023,2023-05-20T18:45:00+00:00,30,0,,0.000000,4,0.317500,6.000000,0.000000,2.000000,0.238125,BETTER_THAN_REFERENCE,TIER_B_REPEAT_ANCHOR_ONLY,True,OFFLINE_LATENT_WINDOW_TARGET,FULL-SESSION HISTORICAL TARGET; NOT DECISION-TIME FEATURE
2023,2023-05-20T18:50:00+00:00,30,0,,0.000000,5,0.227000,6.708204,0.000000,2.000000,0.174865,BETTER_THAN_REFERENCE,TIER_B_REPEAT_ANCHOR_ONLY,True,OFFLINE_LATENT_WINDOW_TARGET,FULL-SESSION HISTORICAL TARGET; NOT DECISION-TIME FEATURE
2023,2023-05-20T18:55:00+00:00,30,0,,0.000000,5,0.227000,6.708204,0.000000,2.000000,0.174865,BETTER_THAN_REFERENCE,TIER_B_REPEAT_ANCHOR_ONLY,True,OFFLINE_LATENT_WINDOW_TARGET,FULL-SESSION HISTORICAL TARGET; NOT DECISION-TIME FEATURE
2023,2023-05-20T19:00:00+00:00,30,0,,0.000000,6,0.200500,7.348469,0.000000,2.000000,0.157605,BETTER_THAN_REFERENCE,TIER_B_REPEAT_ANCHOR_ONLY,True,OFFLINE_LATENT_WINDOW_TARGET,FULL-SESSION HISTORICAL TARGET; NOT DECISION-TIME FEATURE
2023,2023-05-20T19:05:00+00:00,30,0,,0.000000,6,0.200500,7.348469,0.000000,2.000000,0.157605,BETTER_THAN_REFERENCE,TIER_B_REPEAT_ANCHOR_ONLY,True,OFFLINE_LATENT_WINDOW_TARGET,FULL-SESSION HISTORICAL TARGET; NOT DECISION-TIME FEATURE
2023,2023-05-20T19:10:00+00:00,30,0,,0.000000,6,0.200500,7.348469,0.000000,2.000000,0.157605,BETTER_THAN_REFERENCE,TIER_B_REPEAT_ANCHOR_ONLY,True,OFFLINE_LATENT_WINDOW_TARGET,FULL-SESSION HISTORICAL TARGET; NOT DECISION-TIME FEATURE
2023,2023-05-20T19:15:00+00:00,30,0,,0.000000,6,0.200500,7.348469,0.000000,2.000000,0.157605,BETTER_THAN_REFERENCE,TIER_B_REPEAT_ANCHOR_ONLY,True,OFFLINE_LATENT_WINDOW_TARGET,FULL-SESSION HISTORICAL TARGET; NOT DECISION-TIME FEATURE
2023,2023-05-20T19:20:00+00:00,30,0,,0.000000,6,0.200500,7.348469,0.000000,2.000000,0.157605,BETTER_THAN_REFERENCE,TIER_B_REPEAT_ANCHOR_ONLY,True,OFFLINE_LATENT_WINDOW_TARGET,FULL-SESSION HISTORICAL TARGET; NOT DECISION-TIME FEATURE
2023,2023-05-20T19:25:00+00:00,30,0,,0.000000,6,0.200500,7.348469,0.000000,2.000000,0.157605,BETTER_THAN_REFERENCE,TIER_B_REPEAT_ANCHOR_ONLY,True,OFFLINE_LATENT_WINDOW_TARGET,FULL-SESSION HISTORICAL TARGET; NOT DECISION-TIME FEATURE
2023,2023-05-20T19:30:00+00:00,30,0,,0.000000,6,0.261000,7.348469,0.000000,2.000000,0.205162,BETTER_THAN_REFERENCE,TIER_B_REPEAT_ANCHOR_ONLY,True,OFFLINE_LATENT_WINDOW_TARGET,FULL-SESSION HISTORICAL TARGET; NOT DECISION-TIME FEATURE
2023,2023-05-20T19:35:00+00:00,30,0,,0.000000,5,0.295000,6.708204,0.000000,2.000000,0.227248,BETTER_THAN_REFERENCE,TIER_B_REPEAT_ANCHOR_ONLY,True,OFFLINE_LATENT_WINDOW_TARGET,FULL-SESSION HISTORICAL TARGET; NOT DECISION-TIME FEATURE
2023,2023-05-20T19:40:00+00:00,30,0,,0.000000,4,0.261000,6.000000,0.000000,2.000000,0.195750,BETTER_THAN_REFERENCE,TIER_B_REPEAT_ANCHOR_ONLY,True,OFFLINE_LATENT_WINDOW_TARGET,FULL-SESSION HISTORICAL TARGET; NOT DECISION-TIME FEATURE
2023,2023-05-20T19:45:00+00:00,30,0,,0.000000,4,0.283500,6.000000,0.000000,2.000000,0.212625,BETTER_THAN_REFERENCE,TIER_B_REPEAT_ANCHOR_ONLY,True,OFFLINE_LATENT_WINDOW_TARGET,FULL-SESSION HISTORICAL TARGET; NOT DECISION-TIME FEATURE
2023,2023-05-20T19:50:00+00:00,30,0,,0.000000,4,0.283500,6.000000,0.000000,2.000000,0.212625,BETTER_THAN_REFERENCE,TIER_B_REPEAT_ANCHOR_ONLY,True,OFFLINE_LATENT_WINDOW_TARGET,FULL-SESSION HISTORICAL TARGET; NOT DECISION-TIME FEATURE
2023,2023-05-20T19:55:00+00:00,30,0,,0.000000,4,0.283500,6.000000,0.000000,2.000000,0.212625,BETTER_THAN_REFERENCE,TIER_B_REPEAT_ANCHOR_ONLY,True,OFFLINE_LATENT_WINDOW_TARGET,FULL-SESSION HISTORICAL TARGET; NOT DECISION-TIME FEATURE
2023,2023-05-20T20:00:00+00:00,30,0,,0.000000,3,0.295000,5.196152,0.000000,2.000000,0.213012,BETTER_THAN_REFERENCE,TIER_B_REPEAT_ANCHOR_ONLY,True,OFFLINE_LATENT_WINDOW_TARGET,FULL-SESSION HISTORICAL TARGET; NOT DECISION-TIME FEATURE
2023,2023-05-20T20:05:00+00:00,30,0,,0.000000,4,0.380000,6.000000,0.000000,2.000000,0.285000,BETTER_THAN_REFERENCE,TIER_B_REPEAT_ANCHOR_ONLY,True,OFFLINE_LATENT_WINDOW_TARGET,FULL-SESSION HISTORICAL TARGET; NOT DECISION-TIME FEATURE
2023,2023-05-20T20:10:00+00:00,30,0,,0.000000,4,0.380000,6.000000,0.000000,2.000000,0.285000,BETTER_THAN_REFERENCE,TIER_B_REPEAT_ANCHOR_ONLY,True,OFFLINE_LATENT_WINDOW_TARGET,FULL-SESSION HISTORICAL TARGET; NOT DECISION-TIME FEATURE
2023,2023-05-20T20:15:00+00:00,30,0,,0.000000,4,0.380000,6.000000,0.000000,2.000000,0.285000,BETTER_THAN_REFERENCE,TIER_B_REPEAT_ANCHOR_ONLY,True,OFFLINE_LATENT_WINDOW_TARGET,FULL-SESSION HISTORICAL TARGET; NOT DECISION-TIME FEATURE
2023,2023-05-20T20:20:00+00:00,30,0,,0.000000,4,0.283500,6.000000,0.000000,2.000000,0.212625,BETTER_THAN_REFERENCE,TIER_B_REPEAT_ANCHOR_ONLY,True,OFFLINE_LATENT_WINDOW_TARGET,FULL-SESSION HISTORICAL TARGET; NOT DECISION-TIME FEATURE
2023,2023-05-20T20:25:00+00:00,30,0,,0.000000,4,0.283500,6.000000,0.000000,2.000000,0.212625,BETTER_THAN_REFERENCE,TIER_B_REPEAT_ANCHOR_ONLY,True,OFFLINE_LATENT_WINDOW_TARGET,FULL-SESSION HISTORICAL TARGET; NOT DECISION-TIME FEATURE
2023,2023-05-20T20:30:00+00:00,30,0,,0.000000,3,0.272000,5.196152,0.000000,2.000000,0.196404,BETTER_THAN_REFERENCE,TIER_B_REPEAT_ANCHOR_ONLY,True,OFFLINE_LATENT_WINDOW_TARGET,FULL-SESSION HISTORICAL TARGET; NOT DECISION-TIME FEATURE
2023,2023-05-20T20:35:00+00:00,30,0,,0.000000,3,0.272000,5.196152,0.000000,2.000000,0.196404,BETTER_THAN_REFERENCE,TIER_B_REPEAT_ANCHOR_ONLY,True,OFFLINE_LATENT_WINDOW_TARGET,FULL-SESSION HISTORICAL TARGET; NOT DECISION-TIME FEATURE
2023,2023-05-20T20:40:00+00:00,30,0,,0.000000,3,0.272000,5.196152,0.000000,2.000000,0.196404,BETTER_THAN_REFERENCE,TIER_B_REPEAT_ANCHOR_ONLY,True,OFFLINE_LATENT_WINDOW_TARGET,FULL-SESSION HISTORICAL TARGET; NOT DECISION-TIME FEATURE
2023,2023-05-20T20:45:00+00:00,30,0,,0.000000,2,0.485000,4.242641,0.000000,2.000000,0.329617,BETTER_THAN_REFERENCE,TIER_B_REPEAT_ANCHOR_ONLY,True,OFFLINE_LATENT_WINDOW_TARGET,FULL-SESSION HISTORICAL TARGET; NOT DECISION-TIME FEATURE
2023,2023-05-20T20:50:00+00:00,30,0,,0.000000,2,0.485000,4.242641,0.000000,2.000000,0.329617,BETTER_THAN_REFERENCE,TIER_B_REPEAT_ANCHOR_ONLY,True,OFFLINE_LATENT_WINDOW_TARGET,FULL-SESSION HISTORICAL TARGET; NOT DECISION-TIME FEATURE
2023,2023-05-20T20:55:00+00:00,30,0,,0.000000,2,0.485000,4.242641,0.000000,2.000000,0.329617,BETTER_THAN_REFERENCE,TIER_B_REPEAT_ANCHOR_ONLY,True,OFFLINE_LATENT_WINDOW_TARGET,FULL-SESSION HISTORICAL TARGET; NOT DECISION-TIME FEATURE
2023,2023-05-20T21:00:00+00:00,30,0,,0.000000,2,0.485000,4.242641,0.000000,2.000000,0.329617,BETTER_THAN_REFERENCE,TIER_B_REPEAT_ANCHOR_ONLY,True,OFFLINE_LATENT_WINDOW_TARGET,FULL-SESSION HISTORICAL TARGET; NOT DECISION-TIME FEATURE
2023,2023-05-20T21:05:00+00:00,30,0,,0.000000,1,0.069000,3.000000,0.000000,2.000000,0.041400,NEUTRAL,TIER_B_REPEAT_ANCHOR_ONLY,True,OFFLINE_LATENT_WINDOW_TARGET,FULL-SESSION HISTORICAL TARGET; NOT DECISION-TIME FEATURE
2023,2023-05-20T21:10:00+00:00,30,0,,0.000000,1,0.069000,3.000000,0.000000,2.000000,0.041400,NEUTRAL,TIER_B_REPEAT_ANCHOR_ONLY,True,OFFLINE_LATENT_WINDOW_TARGET,FULL-SESSION HISTORICAL TARGET; NOT DECISION-TIME FEATURE
2023,2023-05-20T21:15:00+00:00,30,0,,0.000000,1,0.069000,3.000000,0.000000,2.000000,0.041400,NEUTRAL,TIER_B_REPEAT_ANCHOR_ONLY,True,OFFLINE_LATENT_WINDOW_TARGET,FULL-SESSION HISTORICAL TARGET; NOT DECISION-TIME FEATURE
2023,2023-05-20T21:20:00+00:00,30,0,,0.000000,0,,0.000000,0.000000,2.000000,,NO_EVIDENCE,NO_EVIDENCE,False,NO_TARGET,FULL-SESSION HISTORICAL TARGET; NOT DECISION-TIME FEATURE
2023,2023-05-20T21:25:00+00:00,30,0,,0.000000,0,,0.000000,0.000000,2.000000,,NO_EVIDENCE,NO_EVIDENCE,False,NO_TARGET,FULL-SESSION HISTORICAL TARGET; NOT DECISION-TIME FEATURE
2023,2023-05-20T21:30:00+00:00,30,0,,0.000000,0,,0.000000,0.000000,2.000000,,NO_EVIDENCE,NO_EVIDENCE,False,NO_TARGET,FULL-SESSION HISTORICAL TARGET; NOT DECISION-TIME FEATURE
2023,2023-05-20T21:35:00+00:00,30,0,,0.000000,0,,0.000000,0.000000,2.000000,,NO_EVIDENCE,NO_EVIDENCE,False,NO_TARGET,FULL-SESSION HISTORICAL TARGET; NOT DECISION-TIME FEATURE
2023,2023-05-20T21:40:00+00:00,30,0,,0.000000,0,,0.000000,0.000000,2.000000,,NO_EVIDENCE,NO_EVIDENCE,False,NO_TARGET,FULL-SESSION HISTORICAL TARGET; NOT DECISION-TIME FEATURE
2023,2023-05-20T21:45:00+00:00,30,0,,0.000000,0,,0.000000,0.000000,2.000000,,NO_EVIDENCE,NO_EVIDENCE,False,NO_TARGET,FULL-SESSION HISTORICAL TARGET; NOT DECISION-TIME FEATURE
2023,2023-05-20T21:50:00+00:00,30,0,,0.000000,0,,0.000000,0.000000,2.000000,,NO_EVIDENCE,NO_EVIDENCE,False,NO_TARGET,FULL-SESSION HISTORICAL TARGET; NOT DECISION-TIME FEATURE
2024,2024-05-18T12:45:00+00:00,30,0,,0.000000,0,,0.000000,0.000000,2.000000,,NO_EVIDENCE,NO_EVIDENCE,False,NO_TARGET,FULL-SESSION HISTORICAL TARGET; NOT DECISION-TIME FEATURE
2024,2024-05-18T12:50:00+00:00,30,0,,0.000000,0,,0.000000,0.000000,2.000000,,NO_EVIDENCE,NO_EVIDENCE,False,NO_TARGET,FULL-SESSION HISTORICAL TARGET; NOT DECISION-TIME FEATURE
2024,2024-05-18T12:55:00+00:00,30,0,,0.000000,0,,0.000000,0.000000,2.000000,,NO_EVIDENCE,NO_EVIDENCE,False,NO_TARGET,FULL-SESSION HISTORICAL TARGET; NOT DECISION-TIME FEATURE
2024,2024-05-18T13:00:00+00:00,30,0,,0.000000,0,,0.000000,0.000000,2.000000,,NO_EVIDENCE,NO_EVIDENCE,False,NO_TARGET,FULL-SESSION HISTORICAL TARGET; NOT DECISION-TIME FEATURE
2024,2024-05-18T13:05:00+00:00,30,0,,0.000000,0,,0.000000,0.000000,2.000000,,NO_EVIDENCE,NO_EVIDENCE,False,NO_TARGET,FULL-SESSION HISTORICAL TARGET; NOT DECISION-TIME FEATURE
2024,2024-05-18T13:10:00+00:00,30,0,,0.000000,0,,0.000000,0.000000,2.000000,,NO_EVIDENCE,NO_EVIDENCE,False,NO_TARGET,FULL-SESSION HISTORICAL TARGET; NOT DECISION-TIME FEATURE
2024,2024-05-18T13:15:00+00:00,30,0,,0.000000,0,,0.000000,0.000000,2.000000,,NO_EVIDENCE,NO_EVIDENCE,False,NO_TARGET,FULL-SESSION HISTORICAL TARGET; NOT DECISION-TIME FEATURE
2024,2024-05-18T13:20:00+00:00,30,0,,0.000000,0,,0.000000,0.000000,2.000000,,NO_EVIDENCE,NO_EVIDENCE,False,NO_TARGET,FULL-SESSION HISTORICAL TARGET; NOT DECISION-TIME FEATURE
2024,2024-05-18T13:25:00+00:00,30,0,,0.000000,0,,0.000000,0.000000,2.000000,,NO_EVIDENCE,NO_EVIDENCE,False,NO_TARGET,FULL-SESSION HISTORICAL TARGET; NOT DECISION-TIME FEATURE
2024,2024-05-18T13:30:00+00:00,30,0,,0.000000,0,,0.000000,0.000000,2.000000,,NO_EVIDENCE,NO_EVIDENCE,False,NO_TARGET,FULL-SESSION HISTORICAL TARGET; NOT DECISION-TIME FEATURE
2024,2024-05-18T13:35:00+00:00,30,0,,0.000000,0,,0.000000,0.000000,2.000000,,NO_EVIDENCE,NO_EVIDENCE,False,NO_TARGET,FULL-SESSION HISTORICAL TARGET; NOT DECISION-TIME FEATURE
2024,2024-05-18T13:40:00+00:00,30,0,,0.000000,0,,0.000000,0.000000,2.000000,,NO_EVIDENCE,NO_EVIDENCE,False,NO_TARGET,FULL-SESSION HISTORICAL TARGET; NOT DECISION-TIME FEATURE
2024,2024-05-18T13:45:00+00:00,30,0,,0.000000,0,,0.000000,0.000000,2.000000,,NO_EVIDENCE,NO_EVIDENCE,False,NO_TARGET,FULL-SESSION HISTORICAL TARGET; NOT DECISION-TIME FEATURE
2024,2024-05-18T13:50:00+00:00,30,0,,0.000000,0,,0.000000,0.000000,2.000000,,NO_EVIDENCE,NO_EVIDENCE,False,NO_TARGET,FULL-SESSION HISTORICAL TARGET; NOT DECISION-TIME FEATURE
2024,2024-05-18T13:55:00+00:00,30,0,,0.000000,0,,0.000000,0.000000,2.000000,,NO_EVIDENCE,NO_EVIDENCE,False,NO_TARGET,FULL-SESSION HISTORICAL TARGET; NOT DECISION-TIME FEATURE
2024,2024-05-18T14:00:00+00:00,30,0,,0.000000,0,,0.000000,0.000000,2.000000,,NO_EVIDENCE,NO_EVIDENCE,False,NO_TARGET,FULL-SESSION HISTORICAL TARGET; NOT DECISION-TIME FEATURE
2024,2024-05-18T14:05:00+00:00,30,0,,0.000000,0,,0.000000,0.000000,2.000000,,NO_EVIDENCE,NO_EVIDENCE,False,NO_TARGET,FULL-SESSION HISTORICAL TARGET; NOT DECISION-TIME FEATURE
2024,2024-05-18T14:10:00+00:00,30,0,,0.000000,0,,0.000000,0.000000,2.000000,,NO_EVIDENCE,NO_EVIDENCE,False,NO_TARGET,FULL-SESSION HISTORICAL TARGET; NOT DECISION-TIME FEATURE
2024,2024-05-18T14:15:00+00:00,30,0,,0.000000,0,,0.000000,0.000000,2.000000,,NO_EVIDENCE,NO_EVIDENCE,False,NO_TARGET,FULL-SESSION HISTORICAL TARGET; NOT DECISION-TIME FEATURE
2024,2024-05-18T14:20:00+00:00,30,0,,0.000000,0,,0.000000,0.000000,2.000000,,NO_EVIDENCE,NO_EVIDENCE,False,NO_TARGET,FULL-SESSION HISTORICAL TARGET; NOT DECISION-TIME FEATURE
2024,2024-05-18T14:25:00+00:00,30,0,,0.000000,0,,0.000000,0.000000,2.000000,,NO_EVIDENCE,NO_EVIDENCE,False,NO_TARGET,FULL-SESSION HISTORICAL TARGET; NOT DECISION-TIME FEATURE
2024,2024-05-18T14:30:00+00:00,30,0,,0.000000,0,,0.000000,0.000000,2.000000,,NO_EVIDENCE,NO_EVIDENCE,False,NO_TARGET,FULL-SESSION HISTORICAL TARGET; NOT DECISION-TIME FEATURE
2024,2024-05-18T14:35:00+00:00,30,0,,0.000000,0,,0.000000,0.000000,2.000000,,NO_EVIDENCE,NO_EVIDENCE,False,NO_TARGET,FULL-SESSION HISTORICAL TARGET; NOT DECISION-TIME FEATURE
2024,2024-05-18T14:40:00+00:00,30,0,,0.000000,0,,0.000000,0.000000,2.000000,,NO_EVIDENCE,NO_EVIDENCE,False,NO_TARGET,FULL-SESSION HISTORICAL TARGET; NOT DECISION-TIME FEATURE
2024,2024-05-18T14:45:00+00:00,30,0,,0.000000,0,,0.000000,0.000000,2.000000,,NO_EVIDENCE,NO_EVIDENCE,False,NO_TARGET,FULL-SESSION HISTORICAL TARGET; NOT DECISION-TIME FEATURE
2024,2024-05-18T14:50:00+00:00,30,0,,0.000000,0,,0.000000,0.000000,2.000000,,NO_EVIDENCE,NO_EVIDENCE,False,NO_TARGET,FULL-SESSION HISTORICAL TARGET; NOT DECISION-TIME FEATURE
2024,2024-05-18T14:55:00+00:00,30,0,,0.000000,0,,0.000000,0.000000,2.000000,,NO_EVIDENCE,NO_EVIDENCE,False,NO_TARGET,FULL-SESSION HISTORICAL TARGET; NOT DECISION-TIME FEATURE
2024,2024-05-18T15:00:00+00:00,30,0,,0.000000,0,,0.000000,0.000000,2.000000,,NO_EVIDENCE,NO_EVIDENCE,False,NO_TARGET,FULL-SESSION HISTORICAL TARGET; NOT DECISION-TIME FEATURE
2024,2024-05-18T15:05:00+00:00,30,0,,0.000000,0,,0.000000,0.000000,2.000000,,NO_EVIDENCE,NO_EVIDENCE,False,NO_TARGET,FULL-SESSION HISTORICAL TARGET; NOT DECISION-TIME FEATURE
2024,2024-05-18T15:10:00+00:00,30,0,,0.000000,0,,0.000000,0.000000,2.000000,,NO_EVIDENCE,NO_EVIDENCE,False,NO_TARGET,FULL-SESSION HISTORICAL TARGET; NOT DECISION-TIME FEATURE
2024,2024-05-18T15:15:00+00:00,30,0,,0.000000,0,,0.000000,0.000000,2.000000,,NO_EVIDENCE,NO_EVIDENCE,False,NO_TARGET,FULL-SESSION HISTORICAL TARGET; NOT DECISION-TIME FEATURE
2024,2024-05-18T15:20:00+00:00,30,0,,0.000000,0,,0.000000,0.000000,2.000000,,NO_EVIDENCE,NO_EVIDENCE,False,NO_TARGET,FULL-SESSION HISTORICAL TARGET; NOT DECISION-TIME FEATURE
2024,2024-05-18T15:25:00+00:00,30,0,,0.000000,0,,0.000000,0.000000,2.000000,,NO_EVIDENCE,NO_EVIDENCE,False,NO_TARGET,FULL-SESSION HISTORICAL TARGET; NOT DECISION-TIME FEATURE
2024,2024-05-18T15:30:00+00:00,30,1,0.398000,1.000000,0,,0.000000,0.000000,2.000000,0.132667,BETTER_THAN_REFERENCE,TIER_D_SPARSE_FIRST_RUN_ONLY,True,OFFLINE_LATENT_WINDOW_TARGET,FULL-SESSION HISTORICAL TARGET; NOT DECISION-TIME FEATURE
2024,2024-05-18T15:35:00+00:00,30,1,0.398000,1.000000,0,,0.000000,0.000000,2.000000,0.132667,BETTER_THAN_REFERENCE,TIER_D_SPARSE_FIRST_RUN_ONLY,True,OFFLINE_LATENT_WINDOW_TARGET,FULL-SESSION HISTORICAL TARGET; NOT DECISION-TIME FEATURE
2024,2024-05-18T15:40:00+00:00,30,1,0.398000,1.000000,0,,0.000000,0.000000,2.000000,0.132667,BETTER_THAN_REFERENCE,TIER_D_SPARSE_FIRST_RUN_ONLY,True,OFFLINE_LATENT_WINDOW_TARGET,FULL-SESSION HISTORICAL TARGET; NOT DECISION-TIME FEATURE
2024,2024-05-18T15:45:00+00:00,30,1,0.398000,1.000000,0,,0.000000,0.000000,2.000000,0.132667,BETTER_THAN_REFERENCE,TIER_D_SPARSE_FIRST_RUN_ONLY,True,OFFLINE_LATENT_WINDOW_TARGET,FULL-SESSION HISTORICAL TARGET; NOT DECISION-TIME FEATURE
2024,2024-05-18T15:50:00+00:00,30,1,0.398000,1.000000,0,,0.000000,0.000000,2.000000,0.132667,BETTER_THAN_REFERENCE,TIER_D_SPARSE_FIRST_RUN_ONLY,True,OFFLINE_LATENT_WINDOW_TARGET,FULL-SESSION HISTORICAL TARGET; NOT DECISION-TIME FEATURE
2024,2024-05-18T15:55:00+00:00,30,1,0.398000,1.000000,0,,0.000000,0.000000,2.000000,0.132667,BETTER_THAN_REFERENCE,TIER_D_SPARSE_FIRST_RUN_ONLY,True,OFFLINE_LATENT_WINDOW_TARGET,FULL-SESSION HISTORICAL TARGET; NOT DECISION-TIME FEATURE
2024,2024-05-18T16:00:00+00:00,30,1,0.398000,1.000000,0,,0.000000,0.000000,2.000000,0.132667,BETTER_THAN_REFERENCE,TIER_D_SPARSE_FIRST_RUN_ONLY,True,OFFLINE_LATENT_WINDOW_TARGET,FULL-SESSION HISTORICAL TARGET; NOT DECISION-TIME FEATURE
2024,2024-05-18T16:05:00+00:00,30,1,0.398000,1.000000,0,,0.000000,0.000000,2.000000,0.132667,BETTER_THAN_REFERENCE,TIER_D_SPARSE_FIRST_RUN_ONLY,True,OFFLINE_LATENT_WINDOW_TARGET,FULL-SESSION HISTORICAL TARGET; NOT DECISION-TIME FEATURE
2024,2024-05-18T16:10:00+00:00,30,1,0.398000,1.000000,0,,0.000000,0.000000,2.000000,0.132667,BETTER_THAN_REFERENCE,TIER_D_SPARSE_FIRST_RUN_ONLY,True,OFFLINE_LATENT_WINDOW_TARGET,FULL-SESSION HISTORICAL TARGET; NOT DECISION-TIME FEATURE
2024,2024-05-18T16:15:00+00:00,30,1,0.398000,1.000000,0,,0.000000,0.000000,2.000000,0.132667,BETTER_THAN_REFERENCE,TIER_D_SPARSE_FIRST_RUN_ONLY,True,OFFLINE_LATENT_WINDOW_TARGET,FULL-SESSION HISTORICAL TARGET; NOT DECISION-TIME FEATURE
2024,2024-05-18T16:20:00+00:00,30,1,0.398000,1.000000,0,,0.000000,0.000000,2.000000,0.132667,BETTER_THAN_REFERENCE,TIER_D_SPARSE_FIRST_RUN_ONLY,True,OFFLINE_LATENT_WINDOW_TARGET,FULL-SESSION HISTORICAL TARGET; NOT DECISION-TIME FEATURE
2024,2024-05-18T16:25:00+00:00,30,1,0.398000,1.000000,0,,0.000000,0.000000,2.000000,0.132667,BETTER_THAN_REFERENCE,TIER_D_SPARSE_FIRST_RUN_ONLY,True,OFFLINE_LATENT_WINDOW_TARGET,FULL-SESSION HISTORICAL TARGET; NOT DECISION-TIME FEATURE
2024,2024-05-18T16:30:00+00:00,30,0,,0.000000,0,,0.000000,0.000000,2.000000,,NO_EVIDENCE,NO_EVIDENCE,False,NO_TARGET,FULL-SESSION HISTORICAL TARGET; NOT DECISION-TIME FEATURE
2024,2024-05-18T16:35:00+00:00,30,0,,0.000000,0,,0.000000,0.000000,2.000000,,NO_EVIDENCE,NO_EVIDENCE,False,NO_TARGET,FULL-SESSION HISTORICAL TARGET; NOT DECISION-TIME FEATURE
2024,2024-05-18T16:40:00+00:00,30,0,,0.000000,0,,0.000000,0.000000,2.000000,,NO_EVIDENCE,NO_EVIDENCE,False,NO_TARGET,FULL-SESSION HISTORICAL TARGET; NOT DECISION-TIME FEATURE
2024,2024-05-18T16:45:00+00:00,30,0,,0.000000,0,,0.000000,0.000000,2.000000,,NO_EVIDENCE,NO_EVIDENCE,False,NO_TARGET,FULL-SESSION HISTORICAL TARGET; NOT DECISION-TIME FEATURE
2024,2024-05-18T16:50:00+00:00,30,0,,0.000000,0,,0.000000,0.000000,2.000000,,NO_EVIDENCE,NO_EVIDENCE,False,NO_TARGET,FULL-SESSION HISTORICAL TARGET; NOT DECISION-TIME FEATURE
2024,2024-05-18T16:55:00+00:00,30,0,,0.000000,0,,0.000000,0.000000,2.000000,,NO_EVIDENCE,NO_EVIDENCE,False,NO_TARGET,FULL-SESSION HISTORICAL TARGET; NOT DECISION-TIME FEATURE
2024,2024-05-18T17:00:00+00:00,30,0,,0.000000,0,,0.000000,0.000000,2.000000,,NO_EVIDENCE,NO_EVIDENCE,False,NO_TARGET,FULL-SESSION HISTORICAL TARGET; NOT DECISION-TIME FEATURE
2024,2024-05-18T17:05:00+00:00,30,0,,0.000000,0,,0.000000,0.000000,2.000000,,NO_EVIDENCE,NO_EVIDENCE,False,NO_TARGET,FULL-SESSION HISTORICAL TARGET; NOT DECISION-TIME FEATURE
2024,2024-05-18T17:10:00+00:00,30,0,,0.000000,0,,0.000000,0.000000,2.000000,,NO_EVIDENCE,NO_EVIDENCE,False,NO_TARGET,FULL-SESSION HISTORICAL TARGET; NOT DECISION-TIME FEATURE
2024,2024-05-18T17:15:00+00:00,30,0,,0.000000,0,,0.000000,0.000000,2.000000,,NO_EVIDENCE,NO_EVIDENCE,False,NO_TARGET,FULL-SESSION HISTORICAL TARGET; NOT DECISION-TIME FEATURE
2024,2024-05-18T17:20:00+00:00,30,0,,0.000000,0,,0.000000,0.000000,2.000000,,NO_EVIDENCE,NO_EVIDENCE,False,NO_TARGET,FULL-SESSION HISTORICAL TARGET; NOT DECISION-TIME FEATURE
2024,2024-05-18T17:25:00+00:00,30,1,-0.398000,1.000000,0,,0.000000,0.000000,2.000000,-0.132667,WORSE_THAN_REFERENCE,TIER_D_SPARSE_FIRST_RUN_ONLY,True,OFFLINE_LATENT_WINDOW_TARGET,FULL-SESSION HISTORICAL TARGET; NOT DECISION-TIME FEATURE
2024,2024-05-18T17:30:00+00:00,30,1,-0.398000,1.000000,0,,0.000000,0.000000,2.000000,-0.132667,WORSE_THAN_REFERENCE,TIER_D_SPARSE_FIRST_RUN_ONLY,True,OFFLINE_LATENT_WINDOW_TARGET,FULL-SESSION HISTORICAL TARGET; NOT DECISION-TIME FEATURE
2024,2024-05-18T17:35:00+00:00,30,1,-0.398000,1.000000,0,,0.000000,0.000000,2.000000,-0.132667,WORSE_THAN_REFERENCE,TIER_D_SPARSE_FIRST_RUN_ONLY,True,OFFLINE_LATENT_WINDOW_TARGET,FULL-SESSION HISTORICAL TARGET; NOT DECISION-TIME FEATURE
2024,2024-05-18T17:40:00+00:00,30,1,-0.398000,1.000000,0,,0.000000,0.000000,2.000000,-0.132667,WORSE_THAN_REFERENCE,TIER_D_SPARSE_FIRST_RUN_ONLY,True,OFFLINE_LATENT_WINDOW_TARGET,FULL-SESSION HISTORICAL TARGET; NOT DECISION-TIME FEATURE
2024,2024-05-18T17:45:00+00:00,30,1,-0.398000,1.000000,0,,0.000000,0.000000,2.000000,-0.132667,WORSE_THAN_REFERENCE,TIER_D_SPARSE_FIRST_RUN_ONLY,True,OFFLINE_LATENT_WINDOW_TARGET,FULL-SESSION HISTORICAL TARGET; NOT DECISION-TIME FEATURE
2024,2024-05-18T17:50:00+00:00,30,1,-0.398000,1.000000,0,,0.000000,0.000000,2.000000,-0.132667,WORSE_THAN_REFERENCE,TIER_D_SPARSE_FIRST_RUN_ONLY,True,OFFLINE_LATENT_WINDOW_TARGET,FULL-SESSION HISTORICAL TARGET; NOT DECISION-TIME FEATURE
2024,2024-05-18T17:55:00+00:00,30,1,-0.398000,1.000000,0,,0.000000,0.000000,2.000000,-0.132667,WORSE_THAN_REFERENCE,TIER_D_SPARSE_FIRST_RUN_ONLY,True,OFFLINE_LATENT_WINDOW_TARGET,FULL-SESSION HISTORICAL TARGET; NOT DECISION-TIME FEATURE
2024,2024-05-18T18:00:00+00:00,30,1,-0.398000,1.000000,0,,0.000000,0.000000,2.000000,-0.132667,WORSE_THAN_REFERENCE,TIER_D_SPARSE_FIRST_RUN_ONLY,True,OFFLINE_LATENT_WINDOW_TARGET,FULL-SESSION HISTORICAL TARGET; NOT DECISION-TIME FEATURE
2024,2024-05-18T18:05:00+00:00,30,1,-0.398000,1.000000,0,,0.000000,0.000000,2.000000,-0.132667,WORSE_THAN_REFERENCE,TIER_D_SPARSE_FIRST_RUN_ONLY,True,OFFLINE_LATENT_WINDOW_TARGET,FULL-SESSION HISTORICAL TARGET; NOT DECISION-TIME FEATURE
2024,2024-05-18T18:10:00+00:00,30,1,-0.398000,1.000000,0,,0.000000,0.000000,2.000000,-0.132667,WORSE_THAN_REFERENCE,TIER_D_SPARSE_FIRST_RUN_ONLY,True,OFFLINE_LATENT_WINDOW_TARGET,FULL-SESSION HISTORICAL TARGET; NOT DECISION-TIME FEATURE
2024,2024-05-18T18:15:00+00:00,30,1,-0.398000,1.000000,0,,0.000000,0.000000,2.000000,-0.132667,WORSE_THAN_REFERENCE,TIER_D_SPARSE_FIRST_RUN_ONLY,True,OFFLINE_LATENT_WINDOW_TARGET,FULL-SESSION HISTORICAL TARGET; NOT DECISION-TIME FEATURE
2024,2024-05-18T18:20:00+00:00,30,1,-0.398000,1.000000,0,,0.000000,0.000000,2.000000,-0.132667,WORSE_THAN_REFERENCE,TIER_D_SPARSE_FIRST_RUN_ONLY,True,OFFLINE_LATENT_WINDOW_TARGET,FULL-SESSION HISTORICAL TARGET; NOT DECISION-TIME FEATURE
2024,2024-05-18T18:25:00+00:00,30,0,,0.000000,0,,0.000000,0.000000,2.000000,,NO_EVIDENCE,NO_EVIDENCE,False,NO_TARGET,FULL-SESSION HISTORICAL TARGET; NOT DECISION-TIME FEATURE
2024,2024-05-18T18:30:00+00:00,30,0,,0.000000,0,,0.000000,0.000000,2.000000,,NO_EVIDENCE,NO_EVIDENCE,False,NO_TARGET,FULL-SESSION HISTORICAL TARGET; NOT DECISION-TIME FEATURE
2024,2024-05-18T18:35:00+00:00,30,0,,0.000000,0,,0.000000,0.000000,2.000000,,NO_EVIDENCE,NO_EVIDENCE,False,NO_TARGET,FULL-SESSION HISTORICAL TARGET; NOT DECISION-TIME FEATURE
2024,2024-05-18T18:40:00+00:00,30,0,,0.000000,0,,0.000000,0.000000,2.000000,,NO_EVIDENCE,NO_EVIDENCE,False,NO_TARGET,FULL-SESSION HISTORICAL TARGET; NOT DECISION-TIME FEATURE
2024,2024-05-18T18:45:00+00:00,30,0,,0.000000,0,,0.000000,0.000000,2.000000,,NO_EVIDENCE,NO_EVIDENCE,False,NO_TARGET,FULL-SESSION HISTORICAL TARGET; NOT DECISION-TIME FEATURE
2024,2024-05-18T18:50:00+00:00,30,0,,0.000000,0,,0.000000,0.000000,2.000000,,NO_EVIDENCE,NO_EVIDENCE,False,NO_TARGET,FULL-SESSION HISTORICAL TARGET; NOT DECISION-TIME FEATURE
2024,2024-05-18T18:55:00+00:00,30,0,,0.000000,0,,0.000000,0.000000,2.000000,,NO_EVIDENCE,NO_EVIDENCE,False,NO_TARGET,FULL-SESSION HISTORICAL TARGET; NOT DECISION-TIME FEATURE
2024,2024-05-18T19:00:00+00:00,30,0,,0.000000,0,,0.000000,0.000000,2.000000,,NO_EVIDENCE,NO_EVIDENCE,False,NO_TARGET,FULL-SESSION HISTORICAL TARGET; NOT DECISION-TIME FEATURE
2024,2024-05-18T19:05:00+00:00,30,0,,0.000000,0,,0.000000,0.000000,2.000000,,NO_EVIDENCE,NO_EVIDENCE,False,NO_TARGET,FULL-SESSION HISTORICAL TARGET; NOT DECISION-TIME FEATURE
2024,2024-05-18T19:10:00+00:00,30,0,,0.000000,0,,0.000000,0.000000,2.000000,,NO_EVIDENCE,NO_EVIDENCE,False,NO_TARGET,FULL-SESSION HISTORICAL TARGET; NOT DECISION-TIME FEATURE
2024,2024-05-18T19:15:00+00:00,30,0,,0.000000,0,,0.000000,0.000000,2.000000,,NO_EVIDENCE,NO_EVIDENCE,False,NO_TARGET,FULL-SESSION HISTORICAL TARGET; NOT DECISION-TIME FEATURE
2024,2024-05-18T19:20:00+00:00,30,0,,0.000000,0,,0.000000,0.000000,2.000000,,NO_EVIDENCE,NO_EVIDENCE,False,NO_TARGET,FULL-SESSION HISTORICAL TARGET; NOT DECISION-TIME FEATURE
2024,2024-05-18T19:25:00+00:00,30,0,,0.000000,0,,0.000000,0.000000,2.000000,,NO_EVIDENCE,NO_EVIDENCE,False,NO_TARGET,FULL-SESSION HISTORICAL TARGET; NOT DECISION-TIME FEATURE
2024,2024-05-18T19:30:00+00:00,30,0,,0.000000,0,,0.000000,0.000000,2.000000,,NO_EVIDENCE,NO_EVIDENCE,False,NO_TARGET,FULL-SESSION HISTORICAL TARGET; NOT DECISION-TIME FEATURE
2024,2024-05-18T19:35:00+00:00,30,0,,0.000000,0,,0.000000,0.000000,2.000000,,NO_EVIDENCE,NO_EVIDENCE,False,NO_TARGET,FULL-SESSION HISTORICAL TARGET; NOT DECISION-TIME FEATURE
2024,2024-05-18T19:40:00+00:00,30,0,,0.000000,0,,0.000000,0.000000,2.000000,,NO_EVIDENCE,NO_EVIDENCE,False,NO_TARGET,FULL-SESSION HISTORICAL TARGET; NOT DECISION-TIME FEATURE
2024,2024-05-18T19:45:00+00:00,30,0,,0.000000,0,,0.000000,0.000000,2.000000,,NO_EVIDENCE,NO_EVIDENCE,False,NO_TARGET,FULL-SESSION HISTORICAL TARGET; NOT DECISION-TIME FEATURE
2024,2024-05-18T19:50:00+00:00,30,0,,0.000000,0,,0.000000,0.000000,2.000000,,NO_EVIDENCE,NO_EVIDENCE,False,NO_TARGET,FULL-SESSION HISTORICAL TARGET; NOT DECISION-TIME FEATURE
2024,2024-05-18T19:55:00+00:00,30,0,,0.000000,0,,0.000000,0.000000,2.000000,,NO_EVIDENCE,NO_EVIDENCE,False,NO_TARGET,FULL-SESSION HISTORICAL TARGET; NOT DECISION-TIME FEATURE
2024,2024-05-18T20:00:00+00:00,30,0,,0.000000,0,,0.000000,0.000000,2.000000,,NO_EVIDENCE,NO_EVIDENCE,False,NO_TARGET,FULL-SESSION HISTORICAL TARGET; NOT DECISION-TIME FEATURE
2024,2024-05-18T20:05:00+00:00,30,0,,0.000000,0,,0.000000,0.000000,2.000000,,NO_EVIDENCE,NO_EVIDENCE,False,NO_TARGET,FULL-SESSION HISTORICAL TARGET; NOT DECISION-TIME FEATURE
2024,2024-05-18T20:10:00+00:00,30,0,,0.000000,1,0.107000,3.000000,0.000000,2.000000,0.064200,NEUTRAL,TIER_B_REPEAT_ANCHOR_ONLY,True,OFFLINE_LATENT_WINDOW_TARGET,FULL-SESSION HISTORICAL TARGET; NOT DECISION-TIME FEATURE
2024,2024-05-18T20:15:00+00:00,30,0,,0.000000,1,0.107000,3.000000,0.000000,2.000000,0.064200,NEUTRAL,TIER_B_REPEAT_ANCHOR_ONLY,True,OFFLINE_LATENT_WINDOW_TARGET,FULL-SESSION HISTORICAL TARGET; NOT DECISION-TIME FEATURE
2024,2024-05-18T20:20:00+00:00,30,0,,0.000000,1,0.107000,3.000000,0.000000,2.000000,0.064200,NEUTRAL,TIER_B_REPEAT_ANCHOR_ONLY,True,OFFLINE_LATENT_WINDOW_TARGET,FULL-SESSION HISTORICAL TARGET; NOT DECISION-TIME FEATURE
2024,2024-05-18T20:25:00+00:00,30,0,,0.000000,1,0.107000,3.000000,0.000000,2.000000,0.064200,NEUTRAL,TIER_B_REPEAT_ANCHOR_ONLY,True,OFFLINE_LATENT_WINDOW_TARGET,FULL-SESSION HISTORICAL TARGET; NOT DECISION-TIME FEATURE
2024,2024-05-18T20:30:00+00:00,30,0,,0.000000,1,0.107000,3.000000,0.000000,2.000000,0.064200,NEUTRAL,TIER_B_REPEAT_ANCHOR_ONLY,True,OFFLINE_LATENT_WINDOW_TARGET,FULL-SESSION HISTORICAL TARGET; NOT DECISION-TIME FEATURE
2024,2024-05-18T20:35:00+00:00,30,0,,0.000000,1,0.107000,3.000000,0.000000,2.000000,0.064200,NEUTRAL,TIER_B_REPEAT_ANCHOR_ONLY,True,OFFLINE_LATENT_WINDOW_TARGET,FULL-SESSION HISTORICAL TARGET; NOT DECISION-TIME FEATURE
2024,2024-05-18T20:40:00+00:00,30,0,,0.000000,1,0.107000,3.000000,0.000000,2.000000,0.064200,NEUTRAL,TIER_B_REPEAT_ANCHOR_ONLY,True,OFFLINE_LATENT_WINDOW_TARGET,FULL-SESSION HISTORICAL TARGET; NOT DECISION-TIME FEATURE
2024,2024-05-18T20:45:00+00:00,30,0,,0.000000,1,0.107000,3.000000,0.000000,2.000000,0.064200,NEUTRAL,TIER_B_REPEAT_ANCHOR_ONLY,True,OFFLINE_LATENT_WINDOW_TARGET,FULL-SESSION HISTORICAL TARGET; NOT DECISION-TIME FEATURE
2024,2024-05-18T20:50:00+00:00,30,0,,0.000000,1,0.107000,3.000000,0.000000,2.000000,0.064200,NEUTRAL,TIER_B_REPEAT_ANCHOR_ONLY,True,OFFLINE_LATENT_WINDOW_TARGET,FULL-SESSION HISTORICAL TARGET; NOT DECISION-TIME FEATURE
2024,2024-05-18T20:55:00+00:00,30,0,,0.000000,1,0.107000,3.000000,0.000000,2.000000,0.064200,NEUTRAL,TIER_B_REPEAT_ANCHOR_ONLY,True,OFFLINE_LATENT_WINDOW_TARGET,FULL-SESSION HISTORICAL TARGET; NOT DECISION-TIME FEATURE
2024,2024-05-18T21:00:00+00:00,30,0,,0.000000,1,0.107000,3.000000,0.000000,2.000000,0.064200,NEUTRAL,TIER_B_REPEAT_ANCHOR_ONLY,True,OFFLINE_LATENT_WINDOW_TARGET,FULL-SESSION HISTORICAL TARGET; NOT DECISION-TIME FEATURE
2024,2024-05-18T21:05:00+00:00,30,0,,0.000000,1,0.107000,3.000000,0.000000,2.000000,0.064200,NEUTRAL,TIER_B_REPEAT_ANCHOR_ONLY,True,OFFLINE_LATENT_WINDOW_TARGET,FULL-SESSION HISTORICAL TARGET; NOT DECISION-TIME FEATURE
2024,2024-05-18T21:10:00+00:00,30,0,,0.000000,0,,0.000000,0.000000,2.000000,,NO_EVIDENCE,NO_EVIDENCE,False,NO_TARGET,FULL-SESSION HISTORICAL TARGET; NOT DECISION-TIME FEATURE
2024,2024-05-18T21:15:00+00:00,30,0,,0.000000,0,,0.000000,0.000000,2.000000,,NO_EVIDENCE,NO_EVIDENCE,False,NO_TARGET,FULL-SESSION HISTORICAL TARGET; NOT DECISION-TIME FEATURE
2024,2024-05-18T21:20:00+00:00,30,0,,0.000000,0,,0.000000,0.000000,2.000000,,NO_EVIDENCE,NO_EVIDENCE,False,NO_TARGET,FULL-SESSION HISTORICAL TARGET; NOT DECISION-TIME FEATURE
2024,2024-05-18T21:25:00+00:00,30,0,,0.000000,0,,0.000000,0.000000,2.000000,,NO_EVIDENCE,NO_EVIDENCE,False,NO_TARGET,FULL-SESSION HISTORICAL TARGET; NOT DECISION-TIME FEATURE
2024,2024-05-18T21:30:00+00:00,30,0,,0.000000,0,,0.000000,0.000000,2.000000,,NO_EVIDENCE,NO_EVIDENCE,False,NO_TARGET,FULL-SESSION HISTORICAL TARGET; NOT DECISION-TIME FEATURE
2024,2024-05-18T21:35:00+00:00,30,0,,0.000000,0,,0.000000,0.000000,2.000000,,NO_EVIDENCE,NO_EVIDENCE,False,NO_TARGET,FULL-SESSION HISTORICAL TARGET; NOT DECISION-TIME FEATURE
2024,2024-05-18T21:40:00+00:00,30,0,,0.000000,0,,0.000000,0.000000,2.000000,,NO_EVIDENCE,NO_EVIDENCE,False,NO_TARGET,FULL-SESSION HISTORICAL TARGET; NOT DECISION-TIME FEATURE
2024,2024-05-18T21:45:00+00:00,30,0,,0.000000,0,,0.000000,0.000000,2.000000,,NO_EVIDENCE,NO_EVIDENCE,False,NO_TARGET,FULL-SESSION HISTORICAL TARGET; NOT DECISION-TIME FEATURE
2024,2024-05-18T21:50:00+00:00,30,0,,0.000000,0,,0.000000,0.000000,2.000000,,NO_EVIDENCE,NO_EVIDENCE,False,NO_TARGET,FULL-SESSION HISTORICAL TARGET; NOT DECISION-TIME FEATURE
