pair_id,model,calibration,held_out_year,horizon_min,actual,predicted,lower80,upper80,lower90,upper90,calibration_n
2020_2020-08-15_day1_000_h15,M1_no_solar,pooled,2020,15,0.5555555555555536,1.065791395729014,-2.660589462413055,3.7399691666744044,-3.824332123239893,4.757514654084879,535
2020_2020-08-15_day1_001_h15,M1_no_solar,pooled,2020,15,0.5555555555555571,1.0657913957290113,-2.6605894624130575,3.7399691666744017,-3.8243321232398957,4.757514654084877,535
2020_2020-08-15_day1_002_h15,M1_no_solar,pooled,2020,15,1.1111111111111107,1.4974728522320766,-2.228908005909992,4.171650623177467,-3.3926506667368304,5.189196110587942,535
2020_2020-08-15_day1_003_h15,M1_no_solar,pooled,2020,15,1.1111111111111107,1.065791395729014,-2.660589462413055,3.7399691666744044,-3.824332123239893,4.757514654084879,535
2020_2020-08-15_day1_004_h15,M1_no_solar,pooled,2020,15,1.1111111111111107,0.6140377546742338,-3.112343103467835,3.2882155256196244,-4.276085764294673,4.305761013030099,535
2020_2020-08-15_day1_006_h15,M1_no_solar,pooled,2020,15,1.1111111111111145,1.2766788221632186,-2.4497020359788504,3.9508565931086093,-3.613444696805688,4.968402080519084,535
2020_2020-08-15_day1_007_h15,M1_no_solar,pooled,2020,15,1.1111111111111072,0.4133159091570899,-3.313064948984979,3.0874936801024804,-4.476807609811817,4.105039167512955,535
2020_2020-08-15_day1_008_h15,M1_no_solar,pooled,2020,15,1.1111111111111145,0.8048529965567242,-2.9215278615853446,3.4790307675021146,-4.085270522412182,4.49657625491259,535
2020_2020-08-15_day1_009_h15,M1_no_solar,pooled,2020,15,1.1111111111111072,0.3530993555019467,-3.373281502640122,3.0272771264473373,-4.537024163466961,4.0448226138578125,535
2020_2020-08-15_day1_010_h15,M1_no_solar,pooled,2020,15,1.6666666666666714,0.7446364429015837,-2.981744415240485,3.418814213846974,-4.145487076067323,4.43635970125745,535
2020_2020-08-15_day1_011_h15,M1_no_solar,pooled,2020,15,3.3333333333333286,1.136173530301218,-2.590207327840851,3.8103513012466084,-3.753949988667689,4.827896788657084,535
2020_2020-08-15_day1_012_h15,M1_no_solar,pooled,2020,15,1.1111111111111145,0.1925218790882318,-3.533858979053837,2.866699650033622,-4.697601639880675,3.8842451374440974,535
2020_2020-08-15_day1_013_h15,M1_no_solar,pooled,2020,15,1.1111111111111072,0.152377509984803,-3.574003348157266,2.8265552809301933,-4.737746008984104,3.8441007683406685,535
2020_2020-08-15_day1_014_h15,M1_no_solar,pooled,2020,15,1.1111111111111145,0.1122331408813743,-3.6141477172606944,2.786410911826765,-4.777890378087533,3.80395639923724,535
2020_2020-08-15_day1_015_h15,M1_no_solar,pooled,2020,15,0.5555555555555571,0.5037702282810084,-3.2226106298610606,3.177947999226399,-4.386353290687898,4.195493486636874,535
2020_2020-08-15_day1_016_h15,M1_no_solar,pooled,2020,15,1.1111111111111072,0.9354516847840768,-2.790929173357992,3.6096294557294675,-3.95467183418483,4.627174943139942,535
2020_2020-08-15_day1_017_h15,M1_no_solar,pooled,2020,15,1.6666666666666714,0.0720887717779455,-3.6542920863641233,2.746266542723336,-4.8180347471909615,3.763812030133811,535
2020_2020-08-15_day1_018_h15,M1_no_solar,pooled,2020,15,-3.3333333333333357,0.0118722181228022,-3.7145086400192664,2.686049989068193,-4.878251300846105,3.703595476478668,535
2020_2020-08-15_day1_019_h15,M1_no_solar,pooled,2020,15,1.1111111111111145,-0.7310575875730428,-4.457438445715112,1.9431201833723475,-5.6211811065419495,2.9606656707828227,535
2020_2020-08-15_day1_020_h15,M1_no_solar,pooled,2020,15,2.7777777777777715,0.4836980437292966,-3.242682814412772,3.157875814674687,-4.40642547523961,4.175421302085162,535
2020_2020-08-15_day1_021_h15,M1_no_solar,pooled,2020,15,-3.3333333333333286,-0.0282721509806265,-3.7546530091226953,2.645905619964764,-4.9183956699495335,3.663451107375239,535
2020_2020-08-15_day1_022_h15,M1_no_solar,pooled,2020,15,0.0,0.0921609563296598,-3.634219901812409,2.76633872727505,-4.797962562639247,3.7838842146855254,535
2020_2020-08-15_day1_023_h15,M1_no_solar,pooled,2020,15,0.5555555555555571,-0.3395205001734059,-4.065901358315474,2.3346572707719844,-5.229644019142313,3.3522027581824596,535
2020_2020-08-15_day1_024_h15,M1_no_solar,pooled,2020,15,2.2222222222222214,0.4836980437292966,-3.242682814412772,3.157875814674687,-4.40642547523961,4.175421302085162,535
2020_2020-08-15_day1_025_h15,M1_no_solar,pooled,2020,15,1.1111111111111072,0.8551629465772164,-2.8712179115648526,3.529340717522607,-4.03496057239169,4.546886204933082,535
2020_2020-08-15_day1_026_h15,M1_no_solar,pooled,2020,15,0.0,0.8551629465772165,-2.871217911564852,3.529340717522607,-4.03496057239169,4.546886204933082,535
2020_2020-08-15_day1_027_h15,M1_no_solar,pooled,2020,15,-2.2222222222222214,-0.8314185103316117,-4.55779936847368,1.8427592606137786,-5.721542029300519,2.860304748024254,535
2020_2020-08-15_day1_028_h15,M1_no_solar,pooled,2020,15,0.0,0.0720887717779454,-3.6542920863641233,2.746266542723336,-4.8180347471909615,3.763812030133811,535
2020_2020-08-15_day1_029_h15,M1_no_solar,pooled,2020,15,1.1111111111111145,-0.3595926847251175,-4.085973542867186,2.314585086220273,-5.249716203694025,3.332130573630748,535
2020_2020-08-15_day1_000_h30,M1_no_solar,pooled,2020,30,1.1111111111111107,2.323749210126108,-1.4026316480159609,4.997926981071498,-2.566374308842799,6.015472468481974,535
2020_2020-08-15_day1_001_h30,M1_no_solar,pooled,2020,30,1.666666666666668,2.834480307138474,-0.8919005510035949,5.508658078083864,-2.055643211830433,6.52620356549434,535
2020_2020-08-15_day1_002_h30,M1_no_solar,pooled,2020,30,2.2222222222222214,2.834480307138477,-0.8919005510035918,5.508658078083867,-2.05564321183043,6.526203565494343,535
2020_2020-08-15_day1_003_h30,M1_no_solar,pooled,2020,30,2.2222222222222214,1.8130181131137424,-1.9133627450283264,4.487195884059133,-3.0771054058551646,5.504741371469608,535
2020_2020-08-15_day1_006_h30,M1_no_solar,pooled,2020,30,2.2222222222222214,1.860154560308506,-1.8662262978335629,4.534332331253896,-3.029968958660401,5.551877818664371,535
2020_2020-08-15_day1_007_h30,M1_no_solar,pooled,2020,30,2.2222222222222214,1.349423463296137,-2.376957394845932,4.023601234241528,-3.5407000556727697,5.0411467216520025,535
2020_2020-08-15_day1_008_h30,M1_no_solar,pooled,2020,30,2.2222222222222214,1.265133526965664,-2.4612473311764047,3.9393112979110545,-3.624989992003243,4.95685678532153,535
2020_2020-08-15_day1_009_h30,M1_no_solar,pooled,2020,30,2.7777777777777786,1.2229885588004306,-2.5033922993416384,3.8971663297458212,-3.667134960168476,4.914711817156296,535
2020_2020-08-15_day1_010_h30,M1_no_solar,pooled,2020,30,5.0,2.160160816494692,-1.5662200416473766,4.834338587440083,-2.729962702474215,5.851884074850558,535
2020_2020-08-15_day1_011_h30,M1_no_solar,pooled,2020,30,4.444444444444443,1.56513978315185,-2.161241074990219,4.239317554097241,-3.3249837358170566,5.2568630415077156,535
2020_2020-08-15_day1_012_h30,M1_no_solar,pooled,2020,30,2.2222222222222214,0.3750977164661695,-3.351283141675899,3.0492754874115597,-4.515025802502738,4.066820974822035,535
2020_2020-08-15_day1_013_h30,M1_no_solar,pooled,2020,30,2.2222222222222214,0.2908077801356963,-3.4355730780063727,2.964985551081087,-4.59931573883321,3.9825310384915618,535
2020_2020-08-15_day1_014_h30,M1_no_solar,pooled,2020,30,1.6666666666666714,0.717248940817589,-3.0091319173244795,3.3914267117629793,-4.172874578151318,4.408972199173455,535
2020_2020-08-15_day1_015_h30,M1_no_solar,pooled,2020,30,1.6666666666666643,1.6544211985118535,-2.071959659630215,4.328598969457244,-3.2357023204570536,5.346144456867719,535
2020_2020-08-15_day1_016_h30,M1_no_solar,pooled,2020,30,2.7777777777777786,1.143690101499488,-2.582690756642581,3.8178678724448787,-3.7464334174694187,4.8354133598553535,535
2020_2020-08-15_day1_017_h30,M1_no_solar,pooled,2020,30,-1.6666666666666643,0.1222279074747503,-3.6041529506673187,2.7964056784201405,-4.767895611494157,3.8139511658306158,535
2020_2020-08-15_day1_018_h30,M1_no_solar,pooled,2020,30,-2.2222222222222214,-1.0256691910456974,-4.752050049187766,1.648508579899693,-5.915792710014604,2.666054067310168,535
2020_2020-08-15_day1_019_h30,M1_no_solar,pooled,2020,30,3.8888888888888857,-0.2620682850419089,-3.9884491431839777,2.4121094859034815,-5.1521918040108154,3.4296549733139567,535
2020_2020-08-15_day1_020_h30,M1_no_solar,pooled,2020,30,-0.5555555555555571,0.5908140363218821,-3.135566821820187,3.264991807267273,-4.299309482647025,4.282537294677748,535
2020_2020-08-15_day1_021_h30,M1_no_solar,pooled,2020,30,-3.3333333333333286,-0.0884969333514327,-3.8148777914935015,2.5856808375939577,-4.97862045232034,3.603226325004433,535
2020_2020-08-15_day1_022_h30,M1_no_solar,pooled,2020,30,0.5555555555555571,-0.3463582213723823,-4.072739079514451,2.3278195495730083,-5.236481740341289,3.3453650369834835,535
2020_2020-08-15_day1_023_h30,M1_no_solar,pooled,2020,30,2.7777777777777786,0.1643728756399864,-3.5620079825020823,2.838550646585377,-4.7257506433289205,3.856096133995852,535
2020_2020-08-15_day1_024_h30,M1_no_solar,pooled,2020,30,3.3333333333333286,1.6122762303466167,-2.1141046277954523,4.286454001292007,-3.27784728862229,5.303999488702482,535
2020_2020-08-15_day1_025_h30,M1_no_solar,pooled,2020,30,1.1111111111111072,1.9965724228632724,-1.7298084352787964,4.670750193808663,-2.8935510961056345,5.688295681219138,535
2020_2020-08-15_day1_026_h30,M1_no_solar,pooled,2020,30,-2.2222222222222214,-0.0463519651861961,-3.7727328233282647,2.6278258057591946,-4.936475484155103,3.64537129316967,535
2020_2020-08-15_day1_027_h30,M1_no_solar,pooled,2020,30,-2.2222222222222214,-0.9835242228804576,-4.7099050810225265,1.6906535480649327,-5.873647741849364,2.708199035475408,535
2020_2020-08-15_day1_028_h30,M1_no_solar,pooled,2020,30,1.1111111111111145,-0.3885031895376156,-4.114884047679684,2.285674581407775,-5.278626708506523,3.3032200688182503,535
2020_2020-08-15_day1_000_h60,M1_no_solar,pooled,2020,60,3.333333333333332,6.201243465173899,2.4748626070318305,8.87542123611929,1.3111199462049923,9.892966723529765,535
2020_2020-08-15_day1_001_h60,M1_no_solar,pooled,2020,60,3.8888888888888897,5.503710969027694,1.7773301108856256,8.177888739973085,0.6135874500587875,9.19543422738356,535
2020_2020-08-15_day1_006_h60,M1_no_solar,pooled,2020,60,4.444444444444443,3.826248862967322,0.09986800482525338,6.500426633912713,-1.0638746560015848,7.517972121323188,535
2020_2020-08-15_day1_007_h60,M1_no_solar,pooled,2020,60,5.0,3.1287163668211213,-0.5976644913209475,5.802894137766511,-1.7614071521477856,6.820439625176987,535
2020_2020-08-15_day1_008_h60,M1_no_solar,pooled,2020,60,7.222222222222221,4.345612339129133,0.619231480987064,7.019790110074523,-0.5445111798397742,8.037335597484999,535
2020_2020-08-15_day1_009_h60,M1_no_solar,pooled,2020,60,7.222222222222221,3.558995332990735,-0.16738552515133387,6.233173103936125,-1.331128185978172,7.250718591346601,535
2020_2020-08-15_day1_010_h60,M1_no_solar,pooled,2020,60,7.222222222222221,3.380826313006341,-0.3455545451357276,6.055004083951731,-1.5092972059625658,7.072549571362207,535
2020_2020-08-15_day1_011_h60,M1_no_solar,pooled,2020,60,6.666666666666664,2.5051247968757417,-1.221256061266327,5.179302567821132,-2.384998722093165,6.196848055231607,535
2020_2020-08-15_day1_012_h60,M1_no_solar,pooled,2020,60,3.888888888888893,1.4512542607607497,-2.275126597381319,4.12543203170614,-3.4388692582081575,5.142977519116616,535
2020_2020-08-15_day1_013_h60,M1_no_solar,pooled,2020,60,3.8888888888888857,2.668150233068764,-1.0582306250733047,5.3423280040141545,-2.221973285900143,6.359873491424629,535
2020_2020-08-15_day1_014_h60,M1_no_solar,pooled,2020,60,4.44444444444445,2.489981213084371,-1.236399645057698,5.164158984029761,-2.400142305884536,6.181704471440236,535
2020_2020-08-15_day1_015_h60,M1_no_solar,pooled,2020,60,0.0,2.311812193099976,-1.4145686650420926,4.985989964045366,-2.5783113258689307,6.003535451455842,535
2020_2020-08-15_day1_016_h60,M1_no_solar,pooled,2020,60,0.5555555555555571,0.2192147046613661,-3.5071661534807026,2.8933924756067566,-4.670908814307541,3.910937963017232,535
2020_2020-08-15_day1_017_h60,M1_no_solar,pooled,2020,60,2.2222222222222214,-0.4783177914848378,-4.2046986496269065,2.1958599794605527,-5.368441310453745,3.213405466871028,535
2020_2020-08-15_day1_018_h60,M1_no_solar,pooled,2020,60,-2.7777777777777786,-0.7455713214614303,-4.471952179603499,1.92860644948396,-5.635694840430338,2.9461519368944353,535
2020_2020-08-15_day1_019_h60,M1_no_solar,pooled,2020,60,0.5555555555555571,-0.2110642615082469,-3.9374451196503157,2.4631135094371435,-5.1011877804771535,3.4806589968476187,535
2020_2020-08-15_day1_020_h60,M1_no_solar,pooled,2020,60,0.0,0.1301301946691682,-3.5962506634729006,2.8043079656145586,-4.759993324299739,3.821853453025034,535
2020_2020-08-15_day1_021_h60,M1_no_solar,pooled,2020,60,-0.55555555555555,-0.2262078452996192,-3.952588703441688,2.447969925645771,-5.116331364268526,3.4655154130562464,535
2020_2020-08-15_day1_022_h60,M1_no_solar,pooled,2020,60,3.8888888888888857,1.7033642069459678,-2.0230166511961007,4.377541977891358,-3.1867593120229394,5.395087465301834,535
2020_2020-08-15_day1_023_h60,M1_no_solar,pooled,2020,60,3.8888888888888857,3.098429199238373,-0.627951658903696,5.772606970183763,-1.7916943197305342,6.790152457594239,535
2020_2020-08-15_day1_024_h60,M1_no_solar,pooled,2020,60,1.1111111111111072,2.2227276831077782,-1.5036531750342905,4.896905454053169,-2.6673958358611287,5.9144509414636435,535
2020_2020-08-15_day1_025_h60,M1_no_solar,pooled,2020,60,-1.1111111111111145,1.2579416569849822,-2.4684392011570866,3.9321194279303726,-3.632181861983925,4.949664915340848,535
2020_2020-08-15_day1_026_h60,M1_no_solar,pooled,2020,60,-1.1111111111111072,-0.8346558314536225,-4.561036689595691,1.839521939491768,-5.72477935042253,2.857067426902243,535
2020_2020-08-15_day1_004_h90,M1_no_solar,pooled,2020,90,7.222222222222221,6.105712153502021,2.3793312953599526,8.779889924447412,1.2155886345331144,9.797435411857887,535
2020_2020-08-15_day1_005_h90,M1_no_solar,pooled,2020,90,7.222222222222225,7.480512820428168,3.7541319622860994,10.154690591373559,2.590389301459261,11.172236078784033,535
2020_2020-08-15_day1_006_h90,M1_no_solar,pooled,2020,90,9.444444444444445,7.323284927551104,3.596904069409035,9.997462698496495,2.4331614085821966,11.01500818590697,535
2020_2020-08-15_day1_007_h90,M1_no_solar,pooled,2020,90,9.444444444444445,5.707161910242061,1.9807810520999927,8.381339681187452,0.8170383912731545,9.398885168597927,535
2020_2020-08-15_day1_008_h90,M1_no_solar,pooled,2020,90,9.444444444444445,5.465839559859166,1.7394587017170973,8.140017330804557,0.5757160408902591,9.157562818215032,535
2020_2020-08-15_day1_009_h90,M1_no_solar,pooled,2020,90,9.444444444444445,4.537116876013198,0.8107360178711294,7.211294646958589,-0.3530066429557088,8.228840134369063,535
2020_2020-08-15_day1_010_h90,M1_no_solar,pooled,2020,90,8.888888888888893,5.103856034284822,1.3774751761427528,7.778033805230212,0.21373251531591464,8.795579292640687,535
2020_2020-08-15_day1_011_h90,M1_no_solar,pooled,2020,90,8.333333333333329,5.67059519255645,1.9442143344143816,8.34477296350184,0.7804716735875434,9.362318450912316,535
2020_2020-08-15_day1_012_h90,M1_no_solar,pooled,2020,90,6.666666666666671,3.5718274744816165,-0.15455338366045224,6.246005245427007,-1.3182960444872904,7.263550732837482,535
2020_2020-08-15_day1_013_h90,M1_no_solar,pooled,2020,90,2.2222222222222214,3.33050512409872,-0.39587573404334897,6.004682895044111,-1.5596183948701872,7.0222283824545855,535
2020_2020-08-15_day1_014_h90,M1_no_solar,pooled,2020,90,2.2222222222222285,1.4730597564067764,-2.2533211017352923,4.147237527352167,-3.4170637625621305,5.164783014762643,535
2020_2020-08-15_day1_015_h90,M1_no_solar,pooled,2020,90,3.8888888888888857,2.0397989146784044,-1.6865819434636644,4.713976685623795,-2.8503246042905026,5.73152217303427,535
2020_2020-08-15_day1_016_h90,M1_no_solar,pooled,2020,90,0.0,1.2317374060238857,-2.494643452118183,3.905915176969276,-3.6583861129450215,4.923460664379752,535
2020_2020-08-15_day1_017_h90,M1_no_solar,pooled,2020,90,-1.1111111111111072,-0.384385611285162,-4.110766469427231,2.2897921596602284,-5.274509130254069,3.3073376470707037,535
2020_2020-08-15_day1_018_h90,M1_no_solar,pooled,2020,90,-2.2222222222222214,-1.5544306455140315,-5.2808115036561,1.119747125431359,-6.4445541644829385,2.137292612841834,535
2020_2020-08-15_day1_019_h90,M1_no_solar,pooled,2020,90,3.3333333333333357,-0.0224020857108193,-3.748782943852888,2.651775685234571,-4.912525604679726,3.6693211726450463,535
2020_2020-08-15_day1_020_h90,M1_no_solar,pooled,2020,90,3.3333333333333286,2.72719924814148,-0.9991816100005888,5.401377019086871,-2.162924270827427,6.418922506497346,535
2020_2020-08-15_day1_021_h90,M1_no_solar,pooled,2020,90,0.5555555555555571,3.0526160560302085,-0.6737648021118603,5.726793826975599,-1.8375074629386985,6.744339314386075,535
2020_2020-08-15_day1_022_h90,M1_no_solar,pooled,2020,90,1.6666666666666643,2.160460089869852,-1.5659207682722167,4.834637860815242,-2.729663429099055,5.852183348225718,535
2020_2020-08-15_day1_023_h90,M1_no_solar,pooled,2020,90,1.6666666666666643,2.160460089869852,-1.5659207682722167,4.834637860815242,-2.729663429099055,5.852183348225718,535
2020_2020-08-15_day1_024_h90,M1_no_solar,pooled,2020,90,2.2222222222222214,1.9191377394869609,-1.807243118655108,4.593315510432351,-2.9709857794819463,5.610860997842827,535
2020_2020-08-15_day1_002_h120,M1_no_solar,pooled,2020,120,9.444444444444445,9.376276386553805,5.6498955284117365,12.050454157499196,4.486152867584898,13.067999644909671,535
2020_2020-08-15_day1_003_h120,M1_no_solar,pooled,2020,120,9.444444444444446,9.376276386553805,5.6498955284117365,12.050454157499196,4.486152867584898,13.067999644909671,535
2020_2020-08-15_day1_004_h120,M1_no_solar,pooled,2020,120,9.444444444444445,8.352710222861612,4.626329364719544,11.026887993807001,3.462586703892705,12.044433481217478,535
2020_2020-08-15_day1_005_h120,M1_no_solar,pooled,2020,120,9.444444444444446,9.025590474534544,5.299209616392476,11.699768245479934,4.135466955565637,12.71731373289041,535
2020_2020-08-15_day1_006_h120,M1_no_solar,pooled,2020,120,11.666666666666664,8.090428042483188,4.3640471843411195,10.764605813428577,3.200304523514281,11.782151300839054,535
2020_2020-08-15_day1_007_h120,M1_no_solar,pooled,2020,120,11.666666666666664,6.2770863231116465,2.5507054649695777,8.951264094057038,1.3869628041427395,9.968809581467513,535
2020_2020-08-15_day1_008_h120,M1_no_solar,pooled,2020,120,11.111111111111114,6.949966574784576,3.2235857166425075,9.624144345729967,2.0598430558156693,10.641689833140441,535
2020_2020-08-15_day1_009_h120,M1_no_solar,pooled,2020,120,11.111111111111107,7.739742130463936,4.013361272321868,10.413919901409326,2.8496186114950293,11.431465388819802,535
2020_2020-08-15_day1_010_h120,M1_no_solar,pooled,2020,120,11.666666666666671,7.505951522451098,3.779570664309029,10.180129293396488,2.615828003482191,11.197674780806963,535
2020_2020-08-15_day1_011_h120,M1_no_solar,pooled,2020,120,6.666666666666664,6.3654900547524855,2.6391091966104168,9.039667825697876,1.4753665357835786,10.05721331310835,535
2020_2020-08-15_day1_012_h120,M1_no_solar,pooled,2020,120,4.44444444444445,2.2712253999837206,-1.4551554581583481,4.9454031709291115,-2.6188981189851863,5.962948658339586,535
2020_2020-08-15_day1_013_h120,M1_no_solar,pooled,2020,120,6.111111111111107,2.9441056516566553,-0.7822752064854135,5.618283422602046,-1.9460178673122517,6.6358289100125205,535
2020_2020-08-15_day1_014_h120,M1_no_solar,pooled,2020,120,1.6666666666666714,2.7103150436438175,-1.0160658144982513,5.384492814589208,-2.1798084753250895,6.402038301999683,535
2020_2020-08-15_day1_015_h120,M1_no_solar,pooled,2020,120,0.5555555555555571,2.4765244356309783,-1.2498564225110904,5.150702206576369,-2.4135990833379286,6.168247693986844,535
2020_2020-08-15_day1_016_h120,M1_no_solar,pooled,2020,120,0.5555555555555571,0.6631827162594366,-3.063198141882632,3.337360487204827,-4.22694080270947,4.354905974615303,535
2020_2020-08-15_day1_017_h120,M1_no_solar,pooled,2020,120,1.6666666666666714,-0.2434881434263358,-3.9698690015684046,2.4306896275190546,-5.133611662395243,3.44823511492953,535
2020_2020-08-15_day1_018_h120,M1_no_solar,pooled,2020,120,1.1111111111111072,1.2191676639259468,-2.507213194216122,3.893345434871337,-3.67095585504296,4.910890922281812,535
2020_2020-08-15_day1_019_h120,M1_no_solar,pooled,2020,120,4.444444444444443,3.733881207336004,0.007500349193935385,6.408058978281394,-1.1562423116329028,7.42560446569187,535
2020_2020-08-15_day1_020_h120,M1_no_solar,pooled,2020,120,1.1111111111111072,3.266299991310333,-0.46008086683173577,5.940477762255723,-1.623823527658574,6.958023249666199,535
2020_2020-08-15_day1_021_h120,M1_no_solar,pooled,2020,120,-1.6666666666666643,1.892047915598882,-1.8343329425431867,4.566225686544272,-2.998075603370025,5.583771173954748,535
2020_2020-08-15_day1_022_h120,M1_no_solar,pooled,2020,120,2.7777777777777786,1.6867488799516297,-2.039631978190439,4.36092665089702,-3.2033746390172775,5.378472138307496,535
2020_2020-08-15_day1_000_h15,M1_no_solar,horizon_specific,2020,15,0.5555555555555536,1.065791395729014,-0.3402283053185453,2.373017580170192,-0.8544213842621708,3.0043947861101246,124
2020_2020-08-15_day1_001_h15,M1_no_solar,horizon_specific,2020,15,0.5555555555555571,1.0657913957290113,-0.340228305318548,2.373017580170189,-0.8544213842621735,3.004394786110122,124
2020_2020-08-15_day1_002_h15,M1_no_solar,horizon_specific,2020,15,1.1111111111111107,1.4974728522320766,0.09145315118451736,2.8046990366732545,-0.4227399277591082,3.4360762426131872,124
2020_2020-08-15_day1_003_h15,M1_no_solar,horizon_specific,2020,15,1.1111111111111107,1.065791395729014,-0.3402283053185453,2.373017580170192,-0.8544213842621708,3.0043947861101246,124
2020_2020-08-15_day1_004_h15,M1_no_solar,horizon_specific,2020,15,1.1111111111111107,0.6140377546742338,-0.7919819463733254,1.9212639391154118,-1.3061750253169508,2.5526411450553446,124
2020_2020-08-15_day1_006_h15,M1_no_solar,horizon_specific,2020,15,1.1111111111111145,1.2766788221632186,-0.12934087888434065,2.5839050066043967,-0.6435339578279662,3.215282212544329,124
2020_2020-08-15_day1_007_h15,M1_no_solar,horizon_specific,2020,15,1.1111111111111072,0.4133159091570899,-0.9927037918904693,1.7205420935982678,-1.5068968708340948,2.3519192995382006,124
2020_2020-08-15_day1_008_h15,M1_no_solar,horizon_specific,2020,15,1.1111111111111145,0.8048529965567242,-0.6011667044908351,2.112079180997902,-1.1153597834344606,2.743456386937835,124
2020_2020-08-15_day1_009_h15,M1_no_solar,horizon_specific,2020,15,1.1111111111111072,0.3530993555019467,-1.0529203455456124,1.6603255399431247,-1.567113424489238,2.2917027458830574,124
2020_2020-08-15_day1_010_h15,M1_no_solar,horizon_specific,2020,15,1.6666666666666714,0.7446364429015837,-0.6613832581459755,2.0518626273427616,-1.175576337089601,2.6832398332826943,124
2020_2020-08-15_day1_011_h15,M1_no_solar,horizon_specific,2020,15,3.3333333333333286,1.136173530301218,-0.2698461707463413,2.443399714742396,-0.7840392496899669,3.0747769206823286,124
2020_2020-08-15_day1_012_h15,M1_no_solar,horizon_specific,2020,15,1.1111111111111145,0.1925218790882318,-1.2134978219593275,1.4997480635294096,-1.727690900902953,2.1311252694693423,124
2020_2020-08-15_day1_013_h15,M1_no_solar,horizon_specific,2020,15,1.1111111111111072,0.152377509984803,-1.2536421910627562,1.459603694425981,-1.7678352700063817,2.0909809003659134,124
2020_2020-08-15_day1_014_h15,M1_no_solar,horizon_specific,2020,15,1.1111111111111145,0.1122331408813743,-1.2937865601661849,1.4194593253225523,-1.8079796391098104,2.050836531262485,124
2020_2020-08-15_day1_015_h15,M1_no_solar,horizon_specific,2020,15,0.5555555555555571,0.5037702282810084,-0.9022494727665509,1.8109964127221863,-1.4164425517101764,2.4423736186621188,124
2020_2020-08-15_day1_016_h15,M1_no_solar,horizon_specific,2020,15,1.1111111111111072,0.9354516847840768,-0.47056801626348244,2.242677869225255,-0.984761095207108,2.874055075165187,124
2020_2020-08-15_day1_017_h15,M1_no_solar,horizon_specific,2020,15,1.6666666666666714,0.0720887717779455,-1.3339309292696138,1.3793149562191234,-1.8481240082132393,2.010692162159056,124
2020_2020-08-15_day1_018_h15,M1_no_solar,horizon_specific,2020,15,-3.3333333333333357,0.0118722181228022,-1.394147482924757,1.31909840256398,-1.9083405618683826,1.9504756085039128,124
2020_2020-08-15_day1_019_h15,M1_no_solar,horizon_specific,2020,15,1.1111111111111145,-0.7310575875730428,-2.137077288620602,0.576168596868135,-2.6512703675642277,1.2075458028080677,124
2020_2020-08-15_day1_020_h15,M1_no_solar,horizon_specific,2020,15,2.7777777777777715,0.4836980437292966,-0.9223216573182627,1.7909242281704745,-1.4365147362618882,2.422301434110407,124
2020_2020-08-15_day1_021_h15,M1_no_solar,horizon_specific,2020,15,-3.3333333333333286,-0.0282721509806265,-1.4342918520281858,1.2789540334605514,-1.9484849309718113,1.910331239400484,124
2020_2020-08-15_day1_022_h15,M1_no_solar,horizon_specific,2020,15,0.0,0.0921609563296598,-1.3138587447178995,1.3993871407708376,-1.828051823661525,2.0307643467107703,124
2020_2020-08-15_day1_023_h15,M1_no_solar,horizon_specific,2020,15,0.5555555555555571,-0.3395205001734059,-1.745540201220965,0.967705684267772,-2.259733280164591,1.5990828902077048,124
2020_2020-08-15_day1_024_h15,M1_no_solar,horizon_specific,2020,15,2.2222222222222214,0.4836980437292966,-0.9223216573182627,1.7909242281704745,-1.4365147362618882,2.422301434110407,124
2020_2020-08-15_day1_025_h15,M1_no_solar,horizon_specific,2020,15,1.1111111111111072,0.8551629465772164,-0.5508567544703429,2.1623891310183945,-1.0650498334139684,2.7937663369583268,124
2020_2020-08-15_day1_026_h15,M1_no_solar,horizon_specific,2020,15,0.0,0.8551629465772165,-0.5508567544703428,2.1623891310183945,-1.0650498334139682,2.793766336958327,124
2020_2020-08-15_day1_027_h15,M1_no_solar,horizon_specific,2020,15,-2.2222222222222214,-0.8314185103316117,-2.237438211379171,0.47580767410956615,-2.7516312903227966,1.1071848800494988,124
2020_2020-08-15_day1_028_h15,M1_no_solar,horizon_specific,2020,15,0.0,0.0720887717779454,-1.3339309292696138,1.3793149562191234,-1.8481240082132393,2.010692162159056,124
2020_2020-08-15_day1_029_h15,M1_no_solar,horizon_specific,2020,15,1.1111111111111145,-0.3595926847251175,-1.7656123857726769,0.9476334997160604,-2.2798054647163024,1.579010705655993,124
2020_2020-08-15_day1_000_h30,M1_no_solar,horizon_specific,2020,30,1.1111111111111107,2.323749210126108,-0.2625559732203864,4.546952281750102,-0.7189742883489085,4.895315854544009,117
2020_2020-08-15_day1_001_h30,M1_no_solar,horizon_specific,2020,30,1.666666666666668,2.834480307138474,0.2481751237919796,5.0576833787624675,-0.20824319133654257,5.406046951556375,117
2020_2020-08-15_day1_002_h30,M1_no_solar,horizon_specific,2020,30,2.2222222222222214,2.834480307138477,0.2481751237919827,5.057683378762471,-0.20824319133653946,5.4060469515563785,117
2020_2020-08-15_day1_003_h30,M1_no_solar,horizon_specific,2020,30,2.2222222222222214,1.8130181131137424,-0.7732870702327519,4.0362211847377365,-1.229705385361274,4.384584757531644,117
2020_2020-08-15_day1_006_h30,M1_no_solar,horizon_specific,2020,30,2.2222222222222214,1.860154560308506,-0.7261506230379884,4.0833576319325005,-1.1825689381665105,4.431721204726408,117
2020_2020-08-15_day1_007_h30,M1_no_solar,horizon_specific,2020,30,2.2222222222222214,1.349423463296137,-1.2368817200503572,3.572626534920131,-1.6933000351788794,3.9209901077140383,117
2020_2020-08-15_day1_008_h30,M1_no_solar,horizon_specific,2020,30,2.2222222222222214,1.265133526965664,-1.3211716563808302,3.488336598589658,-1.7775899715093524,3.8367001713835656,117
2020_2020-08-15_day1_009_h30,M1_no_solar,horizon_specific,2020,30,2.7777777777777786,1.2229885588004306,-1.3633166245460637,3.4461916304244244,-1.8197349396745859,3.794555203218332,117
2020_2020-08-15_day1_010_h30,M1_no_solar,horizon_specific,2020,30,5.0,2.160160816494692,-0.4261443668518021,4.383363888118686,-0.8825626819803243,4.731727460912594,117
2020_2020-08-15_day1_011_h30,M1_no_solar,horizon_specific,2020,30,4.444444444444443,1.56513978315185,-1.0211654001946442,3.788342854775844,-1.4775837153231663,4.136706427569751,117
2020_2020-08-15_day1_012_h30,M1_no_solar,horizon_specific,2020,30,2.2222222222222214,0.3750977164661695,-2.2112074668803245,2.598300788090164,-2.667625782008847,2.9466643608840712,117
2020_2020-08-15_day1_013_h30,M1_no_solar,horizon_specific,2020,30,2.2222222222222214,0.2908077801356963,-2.295497403210798,2.51401085175969,-2.75191571833932,2.8623744245535976,117
2020_2020-08-15_day1_014_h30,M1_no_solar,horizon_specific,2020,30,1.6666666666666714,0.717248940817589,-1.8690562425289052,2.9404520124415834,-2.3254745576574276,3.288815585235491,117
2020_2020-08-15_day1_015_h30,M1_no_solar,horizon_specific,2020,30,1.6666666666666643,1.6544211985118535,-0.9318839848346407,3.877624270135848,-1.388302299963163,4.225987842929755,117
2020_2020-08-15_day1_016_h30,M1_no_solar,horizon_specific,2020,30,2.7777777777777786,1.143690101499488,-1.4426150818470063,3.366893173123482,-1.8990333969755284,3.7152567459173893,117
2020_2020-08-15_day1_017_h30,M1_no_solar,horizon_specific,2020,30,-1.6666666666666643,0.1222279074747503,-2.464077275871744,2.345430979098744,-2.9204955910002663,2.6937945518926516,117
2020_2020-08-15_day1_018_h30,M1_no_solar,horizon_specific,2020,30,-2.2222222222222214,-1.0256691910456974,-3.611974374392192,1.1975338805782967,-4.068392689520714,1.545897453372204,117
2020_2020-08-15_day1_019_h30,M1_no_solar,horizon_specific,2020,30,3.8888888888888857,-0.2620682850419089,-2.848373468388403,1.9611347865820852,-3.3047917835169254,2.3094983593759926,117
2020_2020-08-15_day1_020_h30,M1_no_solar,horizon_specific,2020,30,-0.5555555555555571,0.5908140363218821,-1.9954911470246122,2.814017107945876,-2.451909462153134,3.1623806807397834,117
2020_2020-08-15_day1_021_h30,M1_no_solar,horizon_specific,2020,30,-3.3333333333333286,-0.0884969333514327,-2.674802116697927,2.1347061382725614,-3.131220431826449,2.483069711066469,117
2020_2020-08-15_day1_022_h30,M1_no_solar,horizon_specific,2020,30,0.5555555555555571,-0.3463582213723823,-2.9326634047188764,1.8768448502516117,-3.3890817198473986,2.2252084230455194,117
2020_2020-08-15_day1_023_h30,M1_no_solar,horizon_specific,2020,30,2.7777777777777786,0.1643728756399864,-2.421932307706508,2.3875759472639806,-2.87835062283503,2.735939520057888,117
2020_2020-08-15_day1_024_h30,M1_no_solar,horizon_specific,2020,30,3.3333333333333286,1.6122762303466167,-0.9740289529998776,3.8354793019706106,-1.4304472681283997,4.183842874764518,117
2020_2020-08-15_day1_025_h30,M1_no_solar,horizon_specific,2020,30,1.1111111111111072,1.9965724228632724,-0.5897327604832219,4.2197754944872665,-1.046151075611744,4.568139067281174,117
2020_2020-08-15_day1_026_h30,M1_no_solar,horizon_specific,2020,30,-2.2222222222222214,-0.0463519651861961,-2.63265714853269,2.1768511064377982,-3.0890754636612123,2.5252146792317056,117
2020_2020-08-15_day1_027_h30,M1_no_solar,horizon_specific,2020,30,-2.2222222222222214,-0.9835242228804576,-3.569829406226952,1.2396788487435364,-4.026247721355474,1.5880424215374438,117
2020_2020-08-15_day1_028_h30,M1_no_solar,horizon_specific,2020,30,1.1111111111111145,-0.3885031895376156,-2.9748083728841097,1.8346998820863785,-3.431226688012632,2.183063454880286,117
2020_2020-08-15_day1_000_h60,M1_no_solar,horizon_specific,2020,60,3.333333333333332,6.201243465173899,2.4092232379409384,9.569226282532089,1.6773094378396065,10.666699101425216,104
2020_2020-08-15_day1_001_h60,M1_no_solar,horizon_specific,2020,60,3.8888888888888897,5.503710969027694,1.7116907417947336,8.871693786385885,0.9797769416934017,9.96916660527901,104
2020_2020-08-15_day1_006_h60,M1_no_solar,horizon_specific,2020,60,4.444444444444443,3.826248862967322,0.0342286357343613,7.194231680325513,-0.6976851643669706,8.291704499218639,104
2020_2020-08-15_day1_007_h60,M1_no_solar,horizon_specific,2020,60,5.0,3.1287163668211213,-0.6633038604118395,6.496699184179311,-1.3952176605131714,7.594172003072439,104
2020_2020-08-15_day1_008_h60,M1_no_solar,horizon_specific,2020,60,7.222222222222221,4.345612339129133,0.553592111896172,7.713595156487323,-0.17832168820515992,8.81106797538045,104
2020_2020-08-15_day1_009_h60,M1_no_solar,horizon_specific,2020,60,7.222222222222221,3.558995332990735,-0.23302489424222594,6.926978150348925,-0.9649386943435578,8.024450969242052,104
2020_2020-08-15_day1_010_h60,M1_no_solar,horizon_specific,2020,60,7.222222222222221,3.380826313006341,-0.41119391422661966,6.748809130364531,-1.1431077143279516,7.8462819492576585,104
2020_2020-08-15_day1_011_h60,M1_no_solar,horizon_specific,2020,60,6.666666666666664,2.5051247968757417,-1.286895430357219,5.873107614233932,-2.018809230458551,6.970580433127059,104
2020_2020-08-15_day1_012_h60,M1_no_solar,horizon_specific,2020,60,3.888888888888893,1.4512542607607497,-2.340765966472211,4.81923707811894,-3.0726797665735432,5.916709897012066,104
2020_2020-08-15_day1_013_h60,M1_no_solar,horizon_specific,2020,60,3.8888888888888857,2.668150233068764,-1.1238699941641968,6.036133050426955,-1.8557837942655286,7.133605869320081,104
2020_2020-08-15_day1_014_h60,M1_no_solar,horizon_specific,2020,60,4.44444444444445,2.489981213084371,-1.30203901414859,5.857964030442561,-2.033952814249922,6.955436849335688,104
2020_2020-08-15_day1_015_h60,M1_no_solar,horizon_specific,2020,60,0.0,2.311812193099976,-1.4802080341329846,5.679795010458166,-2.2121218342343165,6.777267829351294,104
2020_2020-08-15_day1_016_h60,M1_no_solar,horizon_specific,2020,60,0.5555555555555571,0.2192147046613661,-3.5728055225715947,3.5871975220195567,-4.304719322672927,4.684670340912683,104
2020_2020-08-15_day1_017_h60,M1_no_solar,horizon_specific,2020,60,2.2222222222222214,-0.4783177914848378,-4.270338018717799,2.8896650258733527,-5.002251818819131,3.987137844766479,104
2020_2020-08-15_day1_018_h60,M1_no_solar,horizon_specific,2020,60,-2.7777777777777786,-0.7455713214614303,-4.537591548694391,2.62241149589676,-5.2695053487957235,3.7198843147898866,104
2020_2020-08-15_day1_019_h60,M1_no_solar,horizon_specific,2020,60,0.5555555555555571,-0.2110642615082469,-4.003084488741208,3.1569185558499435,-4.734998288842539,4.25439137474307,104
2020_2020-08-15_day1_020_h60,M1_no_solar,horizon_specific,2020,60,0.0,0.1301301946691682,-3.6618900325637926,3.4981130120273587,-4.3938038326651245,4.595585830920485,104
2020_2020-08-15_day1_021_h60,M1_no_solar,horizon_specific,2020,60,-0.55555555555555,-0.2262078452996192,-4.01822807253258,3.1417749720585713,-4.750141872633912,4.239247790951698,104
2020_2020-08-15_day1_022_h60,M1_no_solar,horizon_specific,2020,60,3.8888888888888857,1.7033642069459678,-2.088656020286993,5.071347024304158,-2.820569820388325,6.1688198431972845,104
2020_2020-08-15_day1_023_h60,M1_no_solar,horizon_specific,2020,60,3.8888888888888857,3.098429199238373,-0.693591027994588,6.466412016596563,-1.42550482809592,7.56388483548969,104
2020_2020-08-15_day1_024_h60,M1_no_solar,horizon_specific,2020,60,1.1111111111111072,2.2227276831077782,-1.5692925441251826,5.590710500465969,-2.3012063442265145,6.688183319359095,104
2020_2020-08-15_day1_025_h60,M1_no_solar,horizon_specific,2020,60,-1.1111111111111145,1.2579416569849822,-2.5340785702479787,4.625924474343172,-3.2659923703493106,5.7233972932362995,104
2020_2020-08-15_day1_026_h60,M1_no_solar,horizon_specific,2020,60,-1.1111111111111072,-0.8346558314536225,-4.626676058686583,2.533326985904568,-5.358589858787916,3.6307998047976944,104
2020_2020-08-15_day1_004_h90,M1_no_solar,horizon_specific,2020,90,7.222222222222221,6.105712153502021,1.4268458202039662,9.762993529902722,0.6033226268996108,10.648387289057043,96
2020_2020-08-15_day1_005_h90,M1_no_solar,horizon_specific,2020,90,7.222222222222225,7.480512820428168,2.801646487130113,11.13779419682887,1.9781232938257576,12.02318795598319,96
2020_2020-08-15_day1_006_h90,M1_no_solar,horizon_specific,2020,90,9.444444444444445,7.323284927551104,2.6444185942530485,10.980566303951804,1.820895400948693,11.865960063106126,96
2020_2020-08-15_day1_007_h90,M1_no_solar,horizon_specific,2020,90,9.444444444444445,5.707161910242061,1.0282955769440063,9.364443286642762,0.2047723836396509,10.249837045797083,96
2020_2020-08-15_day1_008_h90,M1_no_solar,horizon_specific,2020,90,9.444444444444445,5.465839559859166,0.7869732265611109,9.123120936259866,-0.03654996674324451,10.008514695414188,96
2020_2020-08-15_day1_009_h90,M1_no_solar,horizon_specific,2020,90,9.444444444444445,4.537116876013198,-0.141749457284857,8.1943982524139,-0.9652726505892124,9.07979201156822,96
2020_2020-08-15_day1_010_h90,M1_no_solar,horizon_specific,2020,90,8.888888888888893,5.103856034284822,0.42498970098676647,8.761137410685523,-0.39853349231758894,9.646531169839843,96
2020_2020-08-15_day1_011_h90,M1_no_solar,horizon_specific,2020,90,8.333333333333329,5.67059519255645,0.9917288592583953,9.327876568957151,0.16820566595403985,10.213270328111472,96
2020_2020-08-15_day1_012_h90,M1_no_solar,horizon_specific,2020,90,6.666666666666671,3.5718274744816165,-1.1070388588164386,7.229108850882318,-1.930562052120794,8.114502610036638,96
2020_2020-08-15_day1_013_h90,M1_no_solar,horizon_specific,2020,90,2.2222222222222214,3.33050512409872,-1.3483612091993353,6.987786500499421,-2.1718844025036907,7.873180259653742,96
2020_2020-08-15_day1_014_h90,M1_no_solar,horizon_specific,2020,90,2.2222222222222285,1.4730597564067764,-3.2058065768912787,5.1303411328074775,-4.029329770195634,6.015734891961798,96
2020_2020-08-15_day1_015_h90,M1_no_solar,horizon_specific,2020,90,3.8888888888888857,2.0397989146784044,-2.6390674186196508,5.697080291079105,-3.462590611924006,6.582474050233426,96
2020_2020-08-15_day1_016_h90,M1_no_solar,horizon_specific,2020,90,0.0,1.2317374060238857,-3.4471289272741696,4.8890187824245865,-4.270652120578525,5.774412541578907,96
2020_2020-08-15_day1_017_h90,M1_no_solar,horizon_specific,2020,90,-1.1111111111111072,-0.384385611285162,-5.063251944583217,3.272895765115539,-5.886775137887573,4.158289524269859,96
2020_2020-08-15_day1_018_h90,M1_no_solar,horizon_specific,2020,90,-2.2222222222222214,-1.5544306455140315,-6.233296978812087,2.1028507308866695,-7.056820172116442,2.98824449004099,96
2020_2020-08-15_day1_019_h90,M1_no_solar,horizon_specific,2020,90,3.3333333333333357,-0.0224020857108193,-4.7012684190088745,3.6348792906898817,-5.52479161231323,4.520273049844202,96
2020_2020-08-15_day1_020_h90,M1_no_solar,horizon_specific,2020,90,3.3333333333333286,2.72719924814148,-1.9516670851565752,6.3844806245421815,-2.7751902784609306,7.269874383696502,96
2020_2020-08-15_day1_021_h90,M1_no_solar,horizon_specific,2020,90,0.5555555555555571,3.0526160560302085,-1.6262502772678467,6.7098974324309095,-2.449773470572202,7.59529119158523,96
2020_2020-08-15_day1_022_h90,M1_no_solar,horizon_specific,2020,90,1.6666666666666643,2.160460089869852,-2.518406243428203,5.817741466270553,-3.3419294367325585,6.703135225424873,96
2020_2020-08-15_day1_023_h90,M1_no_solar,horizon_specific,2020,90,1.6666666666666643,2.160460089869852,-2.518406243428203,5.817741466270553,-3.3419294367325585,6.703135225424873,96
2020_2020-08-15_day1_024_h90,M1_no_solar,horizon_specific,2020,90,2.2222222222222214,1.9191377394869609,-2.7597285938110945,5.576419115887662,-3.58325178711545,6.461812875041982,96
2020_2020-08-15_day1_002_h120,M1_no_solar,horizon_specific,2020,120,9.444444444444445,9.376276386553805,4.326064535531476,12.724994006820987,3.66853052540288,14.04587862271805,94
2020_2020-08-15_day1_003_h120,M1_no_solar,horizon_specific,2020,120,9.444444444444446,9.376276386553805,4.326064535531476,12.724994006820987,3.66853052540288,14.04587862271805,94
2020_2020-08-15_day1_004_h120,M1_no_solar,horizon_specific,2020,120,9.444444444444445,8.352710222861612,3.302498371839283,11.701427843128794,2.644964361710687,13.022312459025859,94
2020_2020-08-15_day1_005_h120,M1_no_solar,horizon_specific,2020,120,9.444444444444446,9.025590474534544,3.9753786235122153,12.374308094801727,3.3178446133836195,13.695192710698791,94
2020_2020-08-15_day1_006_h120,M1_no_solar,horizon_specific,2020,120,11.666666666666664,8.090428042483188,3.0402161914608588,11.43914566275037,2.382682181332263,12.760030278647434,94
2020_2020-08-15_day1_007_h120,M1_no_solar,horizon_specific,2020,120,11.666666666666664,6.2770863231116465,1.2268744720893174,9.625803943378829,0.5693404619607216,10.946688559275891,94
2020_2020-08-15_day1_008_h120,M1_no_solar,horizon_specific,2020,120,11.111111111111114,6.949966574784576,1.8997547237622472,10.29868419505176,1.2422207136336514,11.619568810948822,94
2020_2020-08-15_day1_009_h120,M1_no_solar,horizon_specific,2020,120,11.111111111111107,7.739742130463936,2.689530279441607,11.088459750731118,2.0319962693130114,12.409344366628183,94
2020_2020-08-15_day1_010_h120,M1_no_solar,horizon_specific,2020,120,11.666666666666671,7.505951522451098,2.455739671428769,10.85466914271828,1.7982056613001731,12.175553758615344,94
2020_2020-08-15_day1_011_h120,M1_no_solar,horizon_specific,2020,120,6.666666666666664,6.3654900547524855,1.3152782037301565,9.714207675019669,0.6577441936015607,11.035092290916731,94
2020_2020-08-15_day1_012_h120,M1_no_solar,horizon_specific,2020,120,4.44444444444445,2.2712253999837206,-2.7789864510386084,5.619943020250902,-3.436520461167204,6.940827636147967,94
2020_2020-08-15_day1_013_h120,M1_no_solar,horizon_specific,2020,120,6.111111111111107,2.9441056516566553,-2.106106199365674,6.2928232719238375,-2.7636402094942696,7.613707887820901,94
2020_2020-08-15_day1_014_h120,M1_no_solar,horizon_specific,2020,120,1.6666666666666714,2.7103150436438175,-2.3398968073785116,6.059032663910999,-2.9974308175071074,7.379917279808064,94
2020_2020-08-15_day1_015_h120,M1_no_solar,horizon_specific,2020,120,0.5555555555555571,2.4765244356309783,-2.5736874153913507,5.82524205589816,-3.2312214255199465,7.1461266717952245,94
2020_2020-08-15_day1_016_h120,M1_no_solar,horizon_specific,2020,120,0.5555555555555571,0.6631827162594366,-4.3870291347628925,4.011900336526619,-5.044563144891488,5.332784952423682,94
2020_2020-08-15_day1_017_h120,M1_no_solar,horizon_specific,2020,120,1.6666666666666714,-0.2434881434263358,-5.293699994448665,3.1052294768408464,-5.951234004577261,4.42611409273791,94
2020_2020-08-15_day1_018_h120,M1_no_solar,horizon_specific,2020,120,1.1111111111111072,1.2191676639259468,-3.8310441870963823,4.567885284193129,-4.488578197224978,5.8887699000901925,94
2020_2020-08-15_day1_019_h120,M1_no_solar,horizon_specific,2020,120,4.444444444444443,3.733881207336004,-1.316330643686325,7.082598827603187,-1.9738646538149207,8.40348344350025,94
2020_2020-08-15_day1_020_h120,M1_no_solar,horizon_specific,2020,120,1.1111111111111072,3.266299991310333,-1.783911859711996,6.615017611577516,-2.441445869840592,7.935902227474578,94
2020_2020-08-15_day1_021_h120,M1_no_solar,horizon_specific,2020,120,-1.6666666666666643,1.892047915598882,-3.158163935423447,5.240765535866064,-3.815697945552043,6.561650151763128,94
2020_2020-08-15_day1_022_h120,M1_no_solar,horizon_specific,2020,120,2.7777777777777786,1.6867488799516297,-3.3634629710706996,5.035466500218812,-4.020996981199295,6.356351116115875,94
2021_2021-05-22_day1_001_h15,M1_no_solar,pooled,2021,15,0.5555555555555536,1.2027871108801973,-2.0392336860805935,4.429098869392044,-3.5470052211681384,5.3281591324641475,532
2021_2021-05-22_day1_002_h15,M1_no_solar,pooled,2021,15,0.5555555555555571,1.2027871108802002,-2.039233686080591,4.429098869392048,-3.5470052211681358,5.32815913246415,532
2021_2021-05-22_day1_003_h15,M1_no_solar,pooled,2021,15,0.0,0.7745460321005392,-2.4674747648602517,4.000857790612387,-3.9752462999477967,4.899918053684489,532
2021_2021-05-22_day1_004_h15,M1_no_solar,pooled,2021,15,1.1111111111111107,1.2027871108801973,-2.0392336860805935,4.429098869392044,-3.5470052211681384,5.3281591324641475,532
2021_2021-05-22_day1_005_h15,M1_no_solar,pooled,2021,15,0.5555555555555536,1.1812416356112116,-2.060779161349579,4.40755339412306,-3.568550696437124,5.306613657195162,532
2021_2021-05-22_day1_007_h15,M1_no_solar,pooled,2021,15,1.6666666666666643,1.0950597345352575,-2.1469610624255333,4.3213714930471046,-3.654732597513078,5.220431756119208,532
2021_2021-05-22_day1_008_h15,M1_no_solar,pooled,2021,15,0.0,1.4802098627769391,-1.7618109341838517,4.706521621288786,-3.2695824692713966,5.605581884360889,532
2021_2021-05-22_day1_009_h15,M1_no_solar,pooled,2021,15,0.5555555555555571,0.6668186557555971,-2.5752021412051938,3.8931304142674446,-4.082973676292738,4.792190677339548,532
2021_2021-05-22_day1_010_h15,M1_no_solar,pooled,2021,15,1.1111111111111145,1.0735142592662663,-2.1685065376945243,4.299826017778114,-3.676278072782069,5.198886280850217,532
2021_2021-05-22_day1_011_h15,M1_no_solar,pooled,2021,15,0.55555555555555,0.6237277052176198,-2.618293091743171,3.850039463729467,-4.126064626830716,4.74909972680157,532
2021_2021-05-22_day1_012_h15,M1_no_solar,pooled,2021,15,1.6666666666666714,1.0304233087282924,-2.2115974882324982,4.25673506724014,-3.719369023320043,5.155795330312243,532
2021_2021-05-22_day1_013_h15,M1_no_solar,pooled,2021,15,0.0,0.5590912794106546,-2.682929517550136,3.785403037922502,-4.190701052637682,4.684463300994604,532
2021_2021-05-22_day1_014_h15,M1_no_solar,pooled,2021,15,0.0,0.5590912794106546,-2.682929517550136,3.785403037922502,-4.190701052637682,4.684463300994604,532
2021_2021-05-22_day1_015_h15,M1_no_solar,pooled,2021,15,-0.5555555555555571,0.1308502006309936,-3.111170596329797,3.357161959142841,-4.6189421314173424,4.2562222222149435,532
2021_2021-05-22_day1_016_h15,M1_no_solar,pooled,2021,15,0.0,0.9873323581903156,-2.2546884387704753,4.213644116702163,-3.7624599738580202,5.112704379774266,532
2021_2021-05-22_day1_017_h15,M1_no_solar,pooled,2021,15,0.5555555555555571,0.580636754679643,-2.661384042281148,3.8069485131914904,-4.169155577368692,4.706008776263594,532
2021_2021-05-22_day1_018_h15,M1_no_solar,pooled,2021,15,1.1111111111111072,0.5590912794106546,-2.682929517550136,3.785403037922502,-4.190701052637682,4.684463300994604,532
2021_2021-05-22_day1_019_h15,M1_no_solar,pooled,2021,15,3.3333333333333357,1.3724824864319969,-1.869538310528794,4.598794244943845,-3.377309845616339,5.497854508015947,532
2021_2021-05-22_day1_020_h15,M1_no_solar,pooled,2021,15,1.6666666666666643,0.858059506576382,-2.3839612903844087,4.08437126508823,-3.8917328254719536,4.983431528160332,532
2021_2021-05-22_day1_021_h15,M1_no_solar,pooled,2021,15,1.1111111111111145,0.8149685560384079,-2.427052240922383,4.041280314550256,-3.934823776009928,4.940340577622358,532
2021_2021-05-22_day1_022_h15,M1_no_solar,pooled,2021,15,0.5555555555555571,-0.0630590767899025,-3.3050798737506932,3.163252681721945,-4.812851408838238,4.062312944794048,532
2021_2021-05-22_day1_023_h15,M1_no_solar,pooled,2021,15,1.1111111111111072,0.3220910514517813,-2.9199297455090094,3.548402809963629,-4.427701280596555,4.447463073035731,532
2021_2021-05-22_day1_024_h15,M1_no_solar,pooled,2021,15,1.1111111111111145,0.7072411796934654,-2.5347796172673256,3.933552938205313,-4.0425511523548705,4.8326132012774154,532
2021_2021-05-22_day1_025_h15,M1_no_solar,pooled,2021,15,0.0,0.6856957044244769,-2.556325092536314,3.9120074629363244,-4.064096627623859,4.811067726008427,532
2021_2021-05-22_day1_026_h15,M1_no_solar,pooled,2021,15,-0.5555555555555571,-0.1492409778658564,-3.3912617748266474,3.077070780645991,-4.899033309914192,3.9761310437180937,532
2021_2021-05-22_day1_027_h15,M1_no_solar,pooled,2021,15,-0.5555555555555571,0.2790001009138045,-2.9630206960469865,3.505311859425652,-4.470792231134531,4.404372122497755,532
2021_2021-05-22_day1_028_h15,M1_no_solar,pooled,2021,15,-1.6666666666666643,0.3005455761827931,-2.9414752207779977,3.5268573346946406,-4.449246755865543,4.425917597766743,532
2021_2021-05-22_day1_029_h15,M1_no_solar,pooled,2021,15,0.0,0.7934230807694194,-2.4485977161913715,4.019734839281266,-3.9563692512789164,4.91879510235337,532
2021_2021-05-22_day1_030_h15,M1_no_solar,pooled,2021,15,-0.5555555555555571,0.3867274772587469,-2.855293319702044,3.6130392357705943,-4.363064854789589,4.512099498842697,532
2021_2021-05-22_day1_000_h30,M1_no_solar,pooled,2021,30,1.1111111111111145,2.1795084104303695,-1.0625123865304213,5.405820168942217,-2.5702839216179663,6.30488043201432,532
2021_2021-05-22_day1_001_h30,M1_no_solar,pooled,2021,30,1.1111111111111107,2.6558714551804363,-0.5861493417803545,5.882183213692284,-2.0939208768678994,6.781243476764386,532
2021_2021-05-22_day1_002_h30,M1_no_solar,pooled,2021,30,0.5555555555555571,2.1328859670369114,-1.1091348299238795,5.359197725548759,-2.6169063650114244,6.258257988620862,532
2021_2021-05-22_day1_003_h30,M1_no_solar,pooled,2021,30,1.1111111111111107,2.132885967036908,-1.109134829923883,5.359197725548755,-2.616906365011428,6.2582579886208585,532
2021_2021-05-22_day1_004_h30,M1_no_solar,pooled,2021,30,1.6666666666666643,2.6558714551804363,-0.5861493417803545,5.882183213692284,-2.0939208768678994,6.781243476764386,532
2021_2021-05-22_day1_007_h30,M1_no_solar,pooled,2021,30,1.6666666666666643,2.9457447263566756,-0.2962760706041152,6.1720564848685235,-1.8040476056916601,7.071116747940626,532
2021_2021-05-22_day1_008_h30,M1_no_solar,pooled,2021,30,0.5555555555555571,2.329514351426232,-0.9125064455345586,5.55582610993808,-2.4202779806221035,6.454886373010183,532
2021_2021-05-22_day1_009_h30,M1_no_solar,pooled,2021,30,1.6666666666666714,1.8997737500696197,-1.3422470468911711,5.126085508581467,-2.8500185819787163,6.02514577165357,532
2021_2021-05-22_day1_010_h30,M1_no_solar,pooled,2021,30,1.6666666666666643,1.8531513066761616,-1.3888694902846292,5.079463065188009,-2.8966410253721744,5.978523328260112,532
2021_2021-05-22_day1_011_h30,M1_no_solar,pooled,2021,30,2.2222222222222214,1.8065288632827063,-1.4354919336780845,5.032840621794554,-2.9432634687656294,5.931900884866657,532
2021_2021-05-22_day1_012_h30,M1_no_solar,pooled,2021,30,1.6666666666666714,1.7599064198892491,-1.4821143770715417,4.986218178401097,-2.9898859121590866,5.885278441473199,532
2021_2021-05-22_day1_013_h30,M1_no_solar,pooled,2021,30,0.0,1.1436760449588057,-2.098344752001985,4.369987803470654,-3.60611628708953,5.269048066542756,532
2021_2021-05-22_day1_014_h30,M1_no_solar,pooled,2021,30,-0.5555555555555571,0.6206905568152774,-2.6213302401455136,3.847002315327125,-4.1291017752330585,4.746062578399227,532
2021_2021-05-22_day1_015_h30,M1_no_solar,pooled,2021,30,-0.5555555555555571,1.1436760449588057,-2.098344752001985,4.369987803470654,-3.60611628708953,5.269048066542756,532
2021_2021-05-22_day1_016_h30,M1_no_solar,pooled,2021,30,0.5555555555555571,1.6666615331023336,-1.5753592638584573,4.892973291614181,-3.0831307989460024,5.792033554686284,532
2021_2021-05-22_day1_017_h30,M1_no_solar,pooled,2021,30,1.6666666666666643,1.1902984883522634,-2.0517223086085274,4.416610246864111,-3.5594938436960724,5.315670509936213,532
2021_2021-05-22_day1_018_h30,M1_no_solar,pooled,2021,30,4.444444444444443,2.1896470212458583,-1.0523737757149325,5.415958779757705,-2.5601453108024774,6.3150190428298085,532
2021_2021-05-22_day1_019_h30,M1_no_solar,pooled,2021,30,5.0,2.619387622602468,-0.6226331743583229,5.845699381114315,-2.130404709445868,6.744759644186418,532
2021_2021-05-22_day1_020_h30,M1_no_solar,pooled,2021,30,2.7777777777777786,1.9099123608851112,-1.3321084360756796,5.136224119396958,-2.8398799711632243,6.035284382469062,532
2021_2021-05-22_day1_021_h30,M1_no_solar,pooled,2021,30,1.6666666666666714,0.770696497811143,-2.471324299149648,3.9970082563229905,-3.9790958342371927,4.896068519395094,532
2021_2021-05-22_day1_022_h30,M1_no_solar,pooled,2021,30,1.6666666666666643,0.2010885662741572,-3.0409322306866335,3.4274003247860048,-4.548703765774179,4.326460587858107,532
2021_2021-05-22_day1_023_h30,M1_no_solar,pooled,2021,30,2.2222222222222214,1.1538146557742974,-2.088206141186493,4.380126414286145,-3.595977676274038,5.279186677358248,532
2021_2021-05-22_day1_024_h30,M1_no_solar,pooled,2021,30,1.1111111111111145,1.5835552571309104,-1.6584655398298804,4.809867015642758,-3.1662370749174253,5.70892727871486,532
2021_2021-05-22_day1_025_h30,M1_no_solar,pooled,2021,30,-0.5555555555555571,0.4909618374503961,-2.7510589595103947,3.7172735959622436,-4.258830494597939,4.616333859034347,532
2021_2021-05-22_day1_026_h30,M1_no_solar,pooled,2021,30,-1.1111111111111145,0.0145987927003261,-3.2274220042604647,3.2409105512121736,-4.73519353934801,4.139970814284276,532
2021_2021-05-22_day1_027_h30,M1_no_solar,pooled,2021,30,-2.2222222222222214,0.537584280843854,-2.704436516116937,3.7638960393557017,-4.212208051204482,4.662956302427804,532
2021_2021-05-22_day1_028_h30,M1_no_solar,pooled,2021,30,-1.6666666666666643,1.10719221238084,-2.134828584579951,4.3335039708926875,-3.6426001196674958,5.232564233964791,532
2021_2021-05-22_day1_029_h30,M1_no_solar,pooled,2021,30,-0.5555555555555571,1.2470595425612134,-1.9949612543995774,4.473371301073061,-3.5027327894871223,5.372431564145163,532
2021_2021-05-22_day1_000_h60,M1_no_solar,pooled,2021,60,2.222222222222225,5.551052572182332,2.3090317752215412,8.77736433069418,0.8012602401339963,9.676424593766281,532
2021_2021-05-22_day1_001_h60,M1_no_solar,pooled,2021,60,2.2222222222222214,5.451893460971109,2.2098726640103186,8.678205219482956,0.7021011289227737,9.57726548255506,532
2021_2021-05-22_day1_002_h60,M1_no_solar,pooled,2021,60,2.2222222222222214,5.451893460971114,2.209872664010323,8.678205219482962,0.7021011289227781,9.577265482555063,532
2021_2021-05-22_day1_007_h60,M1_no_solar,pooled,2021,60,3.3333333333333357,5.665179145013203,2.4231583480524126,8.891490903525051,0.9153868129648677,9.790551166597155,532
2021_2021-05-22_day1_008_h60,M1_no_solar,pooled,2021,60,2.2222222222222214,4.7577796824925835,1.5157588855317927,7.984091441004431,0.00798735044424781,8.883151704076534,532
2021_2021-05-22_day1_009_h60,M1_no_solar,pooled,2021,60,3.888888888888893,4.247016664816839,1.0049958678560484,7.473328423328686,-0.5027756672314965,8.37238868640079,532
2021_2021-05-22_day1_010_h60,M1_no_solar,pooled,2021,60,3.3333333333333357,4.147857553605621,0.9058367566448302,7.374169312117468,-0.6019347784427147,8.273229575189571,532
2021_2021-05-22_day1_011_h60,M1_no_solar,pooled,2021,60,2.2222222222222214,3.339617202296221,0.09759640533543035,6.565928960808069,-1.4101751297521146,7.464989223880171,532
2021_2021-05-22_day1_012_h60,M1_no_solar,pooled,2021,60,1.1111111111111145,2.531376850986818,-0.7106439459739726,5.757688609498666,-2.2184154810615175,6.656748872570768,532
2021_2021-05-22_day1_013_h60,M1_no_solar,pooled,2021,60,-0.5555555555555571,2.3330586285643826,-0.9089621683964082,5.55937038707623,-2.416733703483953,6.458430650148333,532
2021_2021-05-22_day1_014_h60,M1_no_solar,pooled,2021,60,0.0,2.3330586285643826,-0.9089621683964082,5.55937038707623,-2.416733703483953,6.458430650148333,532
2021_2021-05-22_day1_015_h60,M1_no_solar,pooled,2021,60,1.1111111111111072,2.3330586285643826,-0.9089621683964082,5.55937038707623,-2.416733703483953,6.458430650148333,532
2021_2021-05-22_day1_016_h60,M1_no_solar,pooled,2021,60,5.0,4.460302348858933,1.2182815518981425,7.686614107370781,-0.28948998318940244,8.585674370442884,532
2021_2021-05-22_day1_017_h60,M1_no_solar,pooled,2021,60,6.666666666666664,4.559461460070146,1.3174406631093554,7.785773218581994,-0.19033087197818954,8.684833481654096,532
2021_2021-05-22_day1_018_h60,M1_no_solar,pooled,2021,60,7.222222222222221,5.169383588957114,1.9273627919963232,8.395695347468962,0.4195912569087783,9.294755610541063,532
2021_2021-05-22_day1_019_h60,M1_no_solar,pooled,2021,60,6.666666666666671,4.261984126436492,1.0199633294757016,7.488295884948339,-0.48780820561184335,8.387356148020443,532
2021_2021-05-22_day1_020_h60,M1_no_solar,pooled,2021,60,4.444444444444443,2.4471852013952544,-0.7948355955655364,5.6734969599071015,-2.3026071306530813,6.572557222979205,532
2021_2021-05-22_day1_021_h60,M1_no_solar,pooled,2021,60,3.888888888888893,2.2488669789728233,-0.9931538179879675,5.47517873748467,-2.5009253530755124,6.3742390005567735,532
2021_2021-05-22_day1_022_h60,M1_no_solar,pooled,2021,60,2.7777777777777786,2.149707867761605,-1.0923129291991858,5.376019626273452,-2.6000844642867307,6.275079889345555,532
2021_2021-05-22_day1_023_h60,M1_no_solar,pooled,2021,60,1.6666666666666643,1.951389645339168,-1.290631151621623,5.177701403851016,-2.798402686709168,6.076761666923118,532
2021_2021-05-22_day1_024_h60,M1_no_solar,pooled,2021,60,0.0,1.7530714229167326,-1.4889493740440582,4.97938318142858,-2.996720909131603,5.878443444500682,532
2021_2021-05-22_day1_025_h60,M1_no_solar,pooled,2021,60,-2.7777777777777786,0.9448310716073292,-2.2971897253534617,4.171142830119177,-3.8049612604410066,5.07020309319128,532
2021_2021-05-22_day1_026_h60,M1_no_solar,pooled,2021,60,-2.7777777777777786,1.0439901828185478,-2.198030614142243,4.270301941330395,-3.705802149229788,5.169362204402498,532
2021_2021-05-22_day1_027_h60,M1_no_solar,pooled,2021,60,-2.7777777777777786,1.7530714229167326,-1.4889493740440582,4.97938318142858,-2.996720909131603,5.878443444500682,532
2021_2021-05-22_day1_000_h90,M1_no_solar,pooled,2021,90,3.3333333333333357,8.322399802013289,5.080379005052498,11.548711560525136,3.572607469964953,12.44777182359724,532
2021_2021-05-22_day1_005_h90,M1_no_solar,pooled,2021,90,5.0,8.896238919328976,5.654218122368185,12.122550677840824,4.14644658728064,13.021610940912925,532
2021_2021-05-22_day1_006_h90,M1_no_solar,pooled,2021,90,6.111111111111111,8.896238919328976,5.654218122368185,12.122550677840824,4.14644658728064,13.021610940912925,532
2021_2021-05-22_day1_007_h90,M1_no_solar,pooled,2021,90,5.555555555555557,8.3273725712116,5.0853517742508085,11.553684329723447,3.5775802391632636,12.45274459279555,532
2021_2021-05-22_day1_008_h90,M1_no_solar,pooled,2021,90,3.888888888888893,7.184667105778537,3.9426463088177464,10.410978864290385,2.4348747737302014,11.310039127362487,532
2021_2021-05-22_day1_009_h90,M1_no_solar,pooled,2021,90,3.888888888888893,5.75255569708848,2.5105349001276895,8.978867455600328,1.0027633650401446,9.877927718672431,532
2021_2021-05-22_day1_010_h90,M1_no_solar,pooled,2021,90,2.7777777777777786,4.752066818684761,1.5100460217239702,7.978378577196608,0.002274486636425266,8.877438840268711,532
2021_2021-05-22_day1_011_h90,M1_no_solar,pooled,2021,90,1.6666666666666643,4.609850231655421,1.36782943469463,7.836161990167268,-0.13994210039291488,8.735222253239371,532
2021_2021-05-22_day1_012_h90,M1_no_solar,pooled,2021,90,1.6666666666666714,4.467633644626078,1.2256128476652872,7.693945403137926,-0.2821586874222577,8.59300566621003,532
2021_2021-05-22_day1_013_h90,M1_no_solar,pooled,2021,90,1.1111111111111072,3.324928179193015,0.08290738223222416,6.551239937704862,-1.4248641528553208,7.450300200776965,532
2021_2021-05-22_day1_014_h90,M1_no_solar,pooled,2021,90,4.444444444444443,5.041472761941759,1.7994519649809684,8.267784520453606,0.29168042989342347,9.16684478352571,532
2021_2021-05-22_day1_015_h90,M1_no_solar,pooled,2021,90,6.111111111111107,5.899745053316129,2.657724256355338,9.126056811827976,1.149952721267793,10.025117074900079,532
2021_2021-05-22_day1_016_h90,M1_no_solar,pooled,2021,90,7.777777777777779,7.616289636064879,4.374268839104088,10.842601394576727,2.8664973040165433,11.74166165764883,532
2021_2021-05-22_day1_017_h90,M1_no_solar,pooled,2021,90,8.333333333333336,6.041961640345473,2.7999408433846824,9.268273398857321,1.2921693082971375,10.167333661929423,532
2021_2021-05-22_day1_018_h90,M1_no_solar,pooled,2021,90,8.888888888888886,5.899745053316129,2.657724256355338,9.126056811827976,1.149952721267793,10.025117074900079,532
2021_2021-05-22_day1_019_h90,M1_no_solar,pooled,2021,90,8.888888888888893,6.473584170631816,3.231563373671025,9.699895929143663,1.7237918385834803,10.598956192215766,532
2021_2021-05-22_day1_020_h90,M1_no_solar,pooled,2021,90,5.555555555555557,5.046445531140071,1.80442473417928,8.272757289651919,0.29665319909173515,9.171817552724022,532
2021_2021-05-22_day1_021_h90,M1_no_solar,pooled,2021,90,3.3333333333333357,3.0454677743326375,-0.19655302262815333,6.271779532844485,-1.7043245577156982,7.170839795916588,532
2021_2021-05-22_day1_022_h90,M1_no_solar,pooled,2021,90,1.6666666666666643,2.0449788959289186,-1.1970419010318722,5.271290654440766,-2.704813436119417,6.170350917512868,532
2021_2021-05-22_day1_023_h90,M1_no_solar,pooled,2021,90,-0.5555555555555571,2.618818013244604,-0.6232027837161866,5.845129771756452,-2.1309743188037316,6.744190034828554,532
2021_2021-05-22_day1_024_h90,M1_no_solar,pooled,2021,90,-1.6666666666666643,3.192657130560293,-0.04936366640049794,6.41896888907214,-1.5571352014880429,7.318029152144243,532
2021_2021-05-22_day1_025_h90,M1_no_solar,pooled,2021,90,-3.3333333333333357,2.1921682521565726,-1.0498525448042182,5.41848001066842,-2.557624079891763,6.317540273740523,532
2021_2021-05-22_day1_003_h120,M1_no_solar,pooled,2021,120,6.111111111111111,10.539867414675356,7.2978466177145656,13.766179173187204,5.790075082627021,14.665239436259306,532
2021_2021-05-22_day1_004_h120,M1_no_solar,pooled,2021,120,7.777777777777775,11.497039723907523,8.255018926946732,14.723351482419371,6.7472473918591875,15.622411745491473,532
2021_2021-05-22_day1_005_h120,M1_no_solar,pooled,2021,120,6.666666666666664,12.313821423352037,9.071800626391246,15.540133181863885,7.564029091303701,16.439193444935988,532
2021_2021-05-22_day1_006_h120,M1_no_solar,pooled,2021,120,6.666666666666668,11.356649114119872,8.114628317159081,14.58296087263172,6.606856782071536,15.482021135703821,532
2021_2021-05-22_day1_007_h120,M1_no_solar,pooled,2021,120,5.555555555555557,8.880742056504936,5.638721259544145,12.107053815016783,4.1309497244566,13.006114078088885,532
2021_2021-05-22_day1_008_h120,M1_no_solar,pooled,2021,120,3.3333333333333357,6.685616218465302,3.4435954215045115,9.91192797697715,1.9358238864169666,10.810988240049252,532
2021_2021-05-22_day1_009_h120,M1_no_solar,pooled,2021,120,3.3333333333333357,6.009225128808446,2.7672043318476556,9.235536887320293,1.2594327967601107,10.134597150392397,532
2021_2021-05-22_day1_010_h120,M1_no_solar,pooled,2021,120,3.3333333333333357,5.868834519020794,2.626813722060003,9.095146277532642,1.1190421869724583,9.994206540604743,532
2021_2021-05-22_day1_011_h120,M1_no_solar,pooled,2021,120,3.3333333333333286,4.771271600000981,1.5292508030401901,7.997583358512829,0.02147926795264521,8.896643621584932,532
2021_2021-05-22_day1_012_h120,M1_no_solar,pooled,2021,120,6.111111111111114,6.545225608677655,3.3032048117168644,9.771537367189502,1.7954332766293195,10.670597630261605,532
2021_2021-05-22_day1_013_h120,M1_no_solar,pooled,2021,120,6.111111111111107,6.264444389102344,3.0224235921415534,9.490756147614192,1.5146520570540085,10.389816410686294,532
2021_2021-05-22_day1_014_h120,M1_no_solar,pooled,2021,120,7.222222222222221,7.22161669833451,3.9795959013737194,10.447928456846357,2.4718243662861745,11.34698871991846,532
2021_2021-05-22_day1_015_h120,M1_no_solar,pooled,2021,120,7.777777777777779,6.264444389102344,3.0224235921415534,9.490756147614192,1.5146520570540085,10.389816410686294,532
2021_2021-05-22_day1_016_h120,M1_no_solar,pooled,2021,120,9.444444444444445,7.22161669833451,3.9795959013737194,10.447928456846357,2.4718243662861745,11.34698871991846,532
2021_2021-05-22_day1_017_h120,M1_no_solar,pooled,2021,120,10.555555555555555,7.362007308122163,4.119986511161372,10.58831906663401,2.612214976073827,11.487379329706112,532
2021_2021-05-22_day1_018_h120,M1_no_solar,pooled,2021,120,10.0,8.178789007566676,4.936768210605885,11.405100766078524,3.4289966755183405,12.304161029150627,532
2021_2021-05-22_day1_019_h120,M1_no_solar,pooled,2021,120,8.333333333333336,6.940835478759206,3.6988146817984155,10.167147237271054,2.1910431467108706,11.066207500343157,532
2021_2021-05-22_day1_020_h120,M1_no_solar,pooled,2021,120,4.444444444444443,4.464928421144272,1.222907624183481,7.69124017965612,-0.2848639109040638,8.590300442728221,532
2021_2021-05-22_day1_021_h120,M1_no_solar,pooled,2021,120,1.1111111111111145,3.226974892336808,-0.01504590462398303,6.453286650848655,-1.522817439711528,7.3523469139207585,532
2021_2021-05-22_day1_022_h120,M1_no_solar,pooled,2021,120,0.0,3.086584282549156,-0.15543651441163497,6.312896041061004,-1.6632080494991799,7.211956304133106,532
2021_2021-05-22_day1_023_h120,M1_no_solar,pooled,2021,120,-1.1111111111111145,3.762975372206016,0.5209545752452254,6.989287130717864,-0.9868169598423195,7.888347393789966,532
2021_2021-05-22_day1_001_h15,M1_no_solar,horizon_specific,2021,15,0.5555555555555536,1.2027871108801973,-0.2092433587252165,2.775688960430938,-0.8883514035702813,3.482328855276217,124
2021_2021-05-22_day1_002_h15,M1_no_solar,horizon_specific,2021,15,0.5555555555555571,1.2027871108802002,-0.2092433587252136,2.7756889604309407,-0.8883514035702784,3.4823288552762195,124
2021_2021-05-22_day1_003_h15,M1_no_solar,horizon_specific,2021,15,0.0,0.7745460321005392,-0.6374844375048746,2.34744788165128,-1.3165924823499395,3.0540877764965586,124
2021_2021-05-22_day1_004_h15,M1_no_solar,horizon_specific,2021,15,1.1111111111111107,1.2027871108801973,-0.2092433587252165,2.775688960430938,-0.8883514035702813,3.482328855276217,124
2021_2021-05-22_day1_005_h15,M1_no_solar,horizon_specific,2021,15,0.5555555555555536,1.1812416356112116,-0.23078883399420214,2.7541434851619524,-0.909896878839267,3.460783380007231,124
2021_2021-05-22_day1_007_h15,M1_no_solar,horizon_specific,2021,15,1.6666666666666643,1.0950597345352575,-0.3169707350701563,2.6679615840859983,-0.9960787799152211,3.374601478931277,124
2021_2021-05-22_day1_008_h15,M1_no_solar,horizon_specific,2021,15,0.0,1.4802098627769391,0.06817939317152533,3.05311171232768,-0.6109286516735395,3.7597516071729586,124
2021_2021-05-22_day1_009_h15,M1_no_solar,horizon_specific,2021,15,0.5555555555555571,0.6668186557555971,-0.7452118138498167,2.2397205053063374,-1.4243198586948815,2.9463604001516166,124
2021_2021-05-22_day1_010_h15,M1_no_solar,horizon_specific,2021,15,1.1111111111111145,1.0735142592662663,-0.33851621033914747,2.646416108817007,-1.0176242551842123,3.353056003662286,124
2021_2021-05-22_day1_011_h15,M1_no_solar,horizon_specific,2021,15,0.55555555555555,0.6237277052176198,-0.788302764387794,2.1966295547683603,-1.4674108092328588,2.9032694496136395,124
2021_2021-05-22_day1_012_h15,M1_no_solar,horizon_specific,2021,15,1.6666666666666714,1.0304233087282924,-0.38160716087712143,2.603325158279033,-1.0607152057221862,3.309965053124312,124
2021_2021-05-22_day1_013_h15,M1_no_solar,horizon_specific,2021,15,0.0,0.5590912794106546,-0.8529391901947592,2.131993128961395,-1.532047235039824,2.838633023806674,124
2021_2021-05-22_day1_014_h15,M1_no_solar,horizon_specific,2021,15,0.0,0.5590912794106546,-0.8529391901947592,2.131993128961395,-1.532047235039824,2.838633023806674,124
2021_2021-05-22_day1_015_h15,M1_no_solar,horizon_specific,2021,15,-0.5555555555555571,0.1308502006309936,-1.2811802689744203,1.703752050181734,-1.960288313819485,2.4103919450270133,124
2021_2021-05-22_day1_016_h15,M1_no_solar,horizon_specific,2021,15,0.0,0.9873323581903156,-0.42469811141509817,2.5602342077410563,-1.103806156260163,3.266874102586335,124
2021_2021-05-22_day1_017_h15,M1_no_solar,horizon_specific,2021,15,0.5555555555555571,0.580636754679643,-0.8313937149257707,2.1535386042303837,-1.5105017597708357,2.8601784990756625,124
2021_2021-05-22_day1_018_h15,M1_no_solar,horizon_specific,2021,15,1.1111111111111072,0.5590912794106546,-0.8529391901947592,2.131993128961395,-1.532047235039824,2.838633023806674,124
2021_2021-05-22_day1_019_h15,M1_no_solar,horizon_specific,2021,15,3.3333333333333357,1.3724824864319969,-0.0395479831734169,2.9453843359827374,-0.7186560280184817,3.652024230828016,124
2021_2021-05-22_day1_020_h15,M1_no_solar,horizon_specific,2021,15,1.6666666666666643,0.858059506576382,-0.5539709630290318,2.4309613561271224,-1.2330790078740965,3.1376012509724016,124
2021_2021-05-22_day1_021_h15,M1_no_solar,horizon_specific,2021,15,1.1111111111111145,0.8149685560384079,-0.5970619135670059,2.3878704055891484,-1.2761699584120707,3.094510300434427,124
2021_2021-05-22_day1_022_h15,M1_no_solar,horizon_specific,2021,15,0.5555555555555571,-0.0630590767899025,-1.4750895463953162,1.5098427727608381,-2.154197591240381,2.216482667606117,124
2021_2021-05-22_day1_023_h15,M1_no_solar,horizon_specific,2021,15,1.1111111111111072,0.3220910514517813,-1.0899394181536324,1.8949929010025217,-1.7690474629986972,2.601632795847801,124
2021_2021-05-22_day1_024_h15,M1_no_solar,horizon_specific,2021,15,1.1111111111111145,0.7072411796934654,-0.7047892899119483,2.280143029244206,-1.3838973347570132,2.9867829240894848,124
2021_2021-05-22_day1_025_h15,M1_no_solar,horizon_specific,2021,15,0.0,0.6856957044244769,-0.7263347651809369,2.2585975539752177,-1.4054428100260017,2.9652374488204964,124
2021_2021-05-22_day1_026_h15,M1_no_solar,horizon_specific,2021,15,-0.5555555555555571,-0.1492409778658564,-1.5612714474712701,1.4236608716848842,-2.240379492316335,2.130300766530163,124
2021_2021-05-22_day1_027_h15,M1_no_solar,horizon_specific,2021,15,-0.5555555555555571,0.2790001009138045,-1.1330303686916092,1.851901950464545,-1.812138413536674,2.558541845309824,124
2021_2021-05-22_day1_028_h15,M1_no_solar,horizon_specific,2021,15,-1.6666666666666643,0.3005455761827931,-1.1114848934226207,1.8734474257335336,-1.7905929382676855,2.5800873205788126,124
2021_2021-05-22_day1_029_h15,M1_no_solar,horizon_specific,2021,15,0.0,0.7934230807694194,-0.6186073888359944,2.36632493032016,-1.2977154336810592,3.072964825165439,124
2021_2021-05-22_day1_030_h15,M1_no_solar,horizon_specific,2021,15,-0.5555555555555571,0.3867274772587469,-1.025302992346667,1.9596293268094875,-1.7044110371917318,2.6662692216547663,124
2021_2021-05-22_day1_000_h30,M1_no_solar,horizon_specific,2021,30,1.1111111111111145,2.1795084104303695,-0.15755067954637392,4.658334874252835,-1.0442109668932371,5.149941283710902,116
2021_2021-05-22_day1_001_h30,M1_no_solar,horizon_specific,2021,30,1.1111111111111107,2.6558714551804363,0.31881236520369294,5.134697919002901,-0.5678479221431703,5.62630432846097,116
2021_2021-05-22_day1_002_h30,M1_no_solar,horizon_specific,2021,30,0.5555555555555571,2.1328859670369114,-0.20417312293983203,4.611712430859377,-1.0908334102866952,5.103318840317444,116
2021_2021-05-22_day1_003_h30,M1_no_solar,horizon_specific,2021,30,1.1111111111111107,2.132885967036908,-0.20417312293983558,4.611712430859374,-1.0908334102866988,5.10331884031744,116
2021_2021-05-22_day1_004_h30,M1_no_solar,horizon_specific,2021,30,1.6666666666666643,2.6558714551804363,0.31881236520369294,5.134697919002901,-0.5678479221431703,5.62630432846097,116
2021_2021-05-22_day1_007_h30,M1_no_solar,horizon_specific,2021,30,1.6666666666666643,2.9457447263566756,0.6086856363799322,5.424571190179141,-0.27797465096693097,5.916177599637209,116
2021_2021-05-22_day1_008_h30,M1_no_solar,horizon_specific,2021,30,0.5555555555555571,2.329514351426232,-0.0075447385505111875,4.808340815248698,-0.8942050258973744,5.299947224706765,116
2021_2021-05-22_day1_009_h30,M1_no_solar,horizon_specific,2021,30,1.6666666666666714,1.8997737500696197,-0.4372853399071237,4.378600213892085,-1.323945627253987,4.870206623350152,116
2021_2021-05-22_day1_010_h30,M1_no_solar,horizon_specific,2021,30,1.6666666666666643,1.8531513066761616,-0.4839077833005818,4.331977770498627,-1.370568070647445,4.823584179956694,116
2021_2021-05-22_day1_011_h30,M1_no_solar,horizon_specific,2021,30,2.2222222222222214,1.8065288632827063,-0.530530226694037,4.285355327105172,-1.4171905140409002,4.776961736563239,116
2021_2021-05-22_day1_012_h30,M1_no_solar,horizon_specific,2021,30,1.6666666666666714,1.7599064198892491,-0.5771526700874943,4.238732883711714,-1.4638129574343575,4.7303392931697825,116
2021_2021-05-22_day1_013_h30,M1_no_solar,horizon_specific,2021,30,0.0,1.1436760449588057,-1.1933830450179377,3.6225025087812712,-2.080043332364801,4.114108918239339,116
2021_2021-05-22_day1_014_h30,M1_no_solar,horizon_specific,2021,30,-0.5555555555555571,0.6206905568152774,-1.716368533161466,3.0995170206377427,-2.603028820508329,3.59112343009581,116
2021_2021-05-22_day1_015_h30,M1_no_solar,horizon_specific,2021,30,-0.5555555555555571,1.1436760449588057,-1.1933830450179377,3.6225025087812712,-2.080043332364801,4.114108918239339,116
2021_2021-05-22_day1_016_h30,M1_no_solar,horizon_specific,2021,30,0.5555555555555571,1.6666615331023336,-0.6703975568744098,4.145487996924799,-1.557057844221273,4.637094406382866,116
2021_2021-05-22_day1_017_h30,M1_no_solar,horizon_specific,2021,30,1.6666666666666643,1.1902984883522634,-1.14676060162448,3.669124952174729,-2.033420888971343,4.160731361632797,116
2021_2021-05-22_day1_018_h30,M1_no_solar,horizon_specific,2021,30,4.444444444444443,2.1896470212458583,-0.14741206873088508,4.668473485068324,-1.0340723560777483,5.160079894526391,116
2021_2021-05-22_day1_019_h30,M1_no_solar,horizon_specific,2021,30,5.0,2.619387622602468,0.28232853262572455,5.0982140864249335,-0.6043317547211386,5.589820495883001,116
2021_2021-05-22_day1_020_h30,M1_no_solar,horizon_specific,2021,30,2.7777777777777786,1.9099123608851112,-0.4271467290916322,4.388738824707577,-1.3138070164384954,4.880345234165644,116
2021_2021-05-22_day1_021_h30,M1_no_solar,horizon_specific,2021,30,1.6666666666666714,0.770696497811143,-1.5663625921656004,3.2495229616336085,-2.4530228795124636,3.741129371091676,116
2021_2021-05-22_day1_022_h30,M1_no_solar,horizon_specific,2021,30,1.6666666666666643,0.2010885662741572,-2.135970523702586,2.679915030096623,-3.0226308110494493,3.1715214395546902,116
2021_2021-05-22_day1_023_h30,M1_no_solar,horizon_specific,2021,30,2.2222222222222214,1.1538146557742974,-1.183244434202446,3.632641119596763,-2.0699047215493094,4.124247529054831,116
2021_2021-05-22_day1_024_h30,M1_no_solar,horizon_specific,2021,30,1.1111111111111145,1.5835552571309104,-0.753503832845833,4.0623817209533755,-1.6401641201926962,4.553988130411444,116
2021_2021-05-22_day1_025_h30,M1_no_solar,horizon_specific,2021,30,-0.5555555555555571,0.4909618374503961,-1.8460972525263473,2.9697883012728616,-2.7327575398732105,3.461394710730929,116
2021_2021-05-22_day1_026_h30,M1_no_solar,horizon_specific,2021,30,-1.1111111111111145,0.0145987927003261,-2.3224602972764172,2.4934252565227917,-3.2091205846232804,2.985031665980859,116
2021_2021-05-22_day1_027_h30,M1_no_solar,horizon_specific,2021,30,-2.2222222222222214,0.537584280843854,-1.7994748091328894,3.0164107446663193,-2.6861350964797523,3.5080171541243867,116
2021_2021-05-22_day1_028_h30,M1_no_solar,horizon_specific,2021,30,-1.6666666666666643,1.10719221238084,-1.2298668775959034,3.5860186762033055,-2.1165271649427666,4.0776250856613725,116
2021_2021-05-22_day1_029_h30,M1_no_solar,horizon_specific,2021,30,-0.5555555555555571,1.2470595425612134,-1.08999954741553,3.725886006383679,-1.9766598347623932,4.217492415841747,116
2021_2021-05-22_day1_000_h60,M1_no_solar,horizon_specific,2021,60,2.222222222222225,5.551052572182332,2.590860349195104,9.19755009984404,1.0698690309106693,10.054961284131206,103
2021_2021-05-22_day1_001_h60,M1_no_solar,horizon_specific,2021,60,2.2222222222222214,5.451893460971109,2.4917012379838814,9.098390988632818,0.9707099196994466,9.955802172919984,103
2021_2021-05-22_day1_002_h60,M1_no_solar,horizon_specific,2021,60,2.2222222222222214,5.451893460971114,2.491701237983886,9.098390988632822,0.9707099196994511,9.955802172919988,103
2021_2021-05-22_day1_007_h60,M1_no_solar,horizon_specific,2021,60,3.3333333333333357,5.665179145013203,2.7049869220259755,9.311676672674913,1.1839956037415407,10.16908785696208,103
2021_2021-05-22_day1_008_h60,M1_no_solar,horizon_specific,2021,60,2.2222222222222214,4.7577796824925835,1.7975874595053556,8.404277210154293,0.2765961412209208,9.261688394441459,103
2021_2021-05-22_day1_009_h60,M1_no_solar,horizon_specific,2021,60,3.888888888888893,4.247016664816839,1.2868244418296113,7.893514192478548,-0.23416687645482348,8.750925376765714,103
2021_2021-05-22_day1_010_h60,M1_no_solar,horizon_specific,2021,60,3.3333333333333357,4.147857553605621,1.187665330618393,7.79435508126733,-0.3333259876660417,8.651766265554496,103
2021_2021-05-22_day1_011_h60,M1_no_solar,horizon_specific,2021,60,2.2222222222222214,3.339617202296221,0.3794249793089932,6.98611472995793,-1.1415663389754416,7.843525914245096,103
2021_2021-05-22_day1_012_h60,M1_no_solar,horizon_specific,2021,60,1.1111111111111145,2.531376850986818,-0.42881537200040976,6.177874378648527,-1.9498066902848445,7.035285562935693,103
2021_2021-05-22_day1_013_h60,M1_no_solar,horizon_specific,2021,60,-0.5555555555555571,2.3330586285643826,-0.6271335944228453,5.979556156226092,-2.14812491270728,6.836967340513258,103
2021_2021-05-22_day1_014_h60,M1_no_solar,horizon_specific,2021,60,0.0,2.3330586285643826,-0.6271335944228453,5.979556156226092,-2.14812491270728,6.836967340513258,103
2021_2021-05-22_day1_015_h60,M1_no_solar,horizon_specific,2021,60,1.1111111111111072,2.3330586285643826,-0.6271335944228453,5.979556156226092,-2.14812491270728,6.836967340513258,103
2021_2021-05-22_day1_016_h60,M1_no_solar,horizon_specific,2021,60,5.0,4.460302348858933,1.5001101258717053,8.106799876520643,-0.020881192412729455,8.96421106080781,103
2021_2021-05-22_day1_017_h60,M1_no_solar,horizon_specific,2021,60,6.666666666666664,4.559461460070146,1.5992692370829182,8.205958987731854,0.07827791879848345,9.06337017201902,103
2021_2021-05-22_day1_018_h60,M1_no_solar,horizon_specific,2021,60,7.222222222222221,5.169383588957114,2.209191365969886,8.815881116618822,0.6882000476854513,9.673292300905988,103
2021_2021-05-22_day1_019_h60,M1_no_solar,horizon_specific,2021,60,6.666666666666671,4.261984126436492,1.3017919034492644,7.9084816540982015,-0.21919941483517036,8.765892838385367,103
2021_2021-05-22_day1_020_h60,M1_no_solar,horizon_specific,2021,60,4.444444444444443,2.4471852013952544,-0.5130070215919735,6.0936827290569635,-2.0339983398764083,6.951093913344129,103
2021_2021-05-22_day1_021_h60,M1_no_solar,horizon_specific,2021,60,3.888888888888893,2.2488669789728233,-0.7113252440144047,5.895364506634532,-2.2323165622988395,6.752775690921698,103
2021_2021-05-22_day1_022_h60,M1_no_solar,horizon_specific,2021,60,2.7777777777777786,2.149707867761605,-0.8104843552256229,5.796205395423314,-2.3314756735100577,6.65361657971048,103
2021_2021-05-22_day1_023_h60,M1_no_solar,horizon_specific,2021,60,1.6666666666666643,1.951389645339168,-1.00880257764806,5.597887173000877,-2.529793895932495,6.455298357288043,103
2021_2021-05-22_day1_024_h60,M1_no_solar,horizon_specific,2021,60,0.0,1.7530714229167326,-1.2071208000704954,5.399568950578441,-2.72811211835493,6.256980134865607,103
2021_2021-05-22_day1_025_h60,M1_no_solar,horizon_specific,2021,60,-2.7777777777777786,0.9448310716073292,-2.015361151379899,4.591328599269039,-3.5363524696643336,5.448739783556205,103
2021_2021-05-22_day1_026_h60,M1_no_solar,horizon_specific,2021,60,-2.7777777777777786,1.0439901828185478,-1.9162020401686801,4.690487710480257,-3.437193358453115,5.547898894767423,103
2021_2021-05-22_day1_027_h60,M1_no_solar,horizon_specific,2021,60,-2.7777777777777786,1.7530714229167326,-1.2071208000704954,5.399568950578441,-2.72811211835493,6.256980134865607,103
2021_2021-05-22_day1_000_h90,M1_no_solar,horizon_specific,2021,90,3.3333333333333357,8.322399802013289,4.162975758997191,12.268824734283864,3.2684114082606657,13.227770413010864,95
2021_2021-05-22_day1_005_h90,M1_no_solar,horizon_specific,2021,90,5.0,8.896238919328976,4.736814876312878,12.842663851599552,3.842250525576353,13.801609530326552,95
2021_2021-05-22_day1_006_h90,M1_no_solar,horizon_specific,2021,90,6.111111111111111,8.896238919328976,4.736814876312878,12.842663851599552,3.842250525576353,13.801609530326552,95
2021_2021-05-22_day1_007_h90,M1_no_solar,horizon_specific,2021,90,5.555555555555557,8.3273725712116,4.1679485281955015,12.273797503482175,3.2733841774589765,13.232743182209175,95
2021_2021-05-22_day1_008_h90,M1_no_solar,horizon_specific,2021,90,3.888888888888893,7.184667105778537,3.0252430627624394,11.131092038049113,2.1306787120259143,12.090037716776113,95
2021_2021-05-22_day1_009_h90,M1_no_solar,horizon_specific,2021,90,3.888888888888893,5.75255569708848,1.5931316540723826,9.698980629359056,0.6985673033358575,10.657926308086056,95
2021_2021-05-22_day1_010_h90,M1_no_solar,horizon_specific,2021,90,2.7777777777777786,4.752066818684761,0.5926427756686632,8.698491750955338,-0.3019215750678619,9.657437429682336,95
2021_2021-05-22_day1_011_h90,M1_no_solar,horizon_specific,2021,90,1.6666666666666643,4.609850231655421,0.45042618863932304,8.556275163925996,-0.444138162097202,9.515220842652997,95
2021_2021-05-22_day1_012_h90,M1_no_solar,horizon_specific,2021,90,1.6666666666666714,4.467633644626078,0.30820960160998023,8.414058576896654,-0.5863547491265448,9.373004255623654,95
2021_2021-05-22_day1_013_h90,M1_no_solar,horizon_specific,2021,90,1.1111111111111072,3.324928179193015,-0.8344958638230828,7.271353111463591,-1.729060214559608,8.230298790190592,95
2021_2021-05-22_day1_014_h90,M1_no_solar,horizon_specific,2021,90,4.444444444444443,5.041472761941759,0.8820487189256614,8.987897694212336,-0.012515631810863681,9.946843372939334,95
2021_2021-05-22_day1_015_h90,M1_no_solar,horizon_specific,2021,90,6.111111111111107,5.899745053316129,1.7403210103000308,9.846169985586705,0.8457566595635058,10.805115664313703,95
2021_2021-05-22_day1_016_h90,M1_no_solar,horizon_specific,2021,90,7.777777777777779,7.616289636064879,3.4568655930487813,11.562714568335455,2.562301242312256,12.521660247062455,95
2021_2021-05-22_day1_017_h90,M1_no_solar,horizon_specific,2021,90,8.333333333333336,6.041961640345473,1.8825375973293754,9.988386572616049,0.9879732465928504,10.947332251343049,95
2021_2021-05-22_day1_018_h90,M1_no_solar,horizon_specific,2021,90,8.888888888888886,5.899745053316129,1.7403210103000308,9.846169985586705,0.8457566595635058,10.805115664313703,95
2021_2021-05-22_day1_019_h90,M1_no_solar,horizon_specific,2021,90,8.888888888888893,6.473584170631816,2.314160127615718,10.420009102902391,1.4195957768791931,11.378954781629393,95
2021_2021-05-22_day1_020_h90,M1_no_solar,horizon_specific,2021,90,5.555555555555557,5.046445531140071,0.8870214881239731,8.992870463410647,-0.007542862612551993,9.951816142137647,95
2021_2021-05-22_day1_021_h90,M1_no_solar,horizon_specific,2021,90,3.3333333333333357,3.0454677743326375,-1.1139562686834603,6.991892706603213,-2.0085206194199854,7.950838385330213,95
2021_2021-05-22_day1_022_h90,M1_no_solar,horizon_specific,2021,90,1.6666666666666643,2.0449788959289186,-2.1144451470871792,5.991403828199495,-3.0090094978237043,6.950349506926495,95
2021_2021-05-22_day1_023_h90,M1_no_solar,horizon_specific,2021,90,-0.5555555555555571,2.618818013244604,-1.5406060297714936,6.56524294551518,-2.4351703805080187,7.52418862424218,95
2021_2021-05-22_day1_024_h90,M1_no_solar,horizon_specific,2021,90,-1.6666666666666643,3.192657130560293,-0.9667669124558049,7.139082062830869,-1.86133126319233,8.098027741557868,95
2021_2021-05-22_day1_025_h90,M1_no_solar,horizon_specific,2021,90,-3.3333333333333357,2.1921682521565726,-1.9672557908595252,6.138593184427148,-2.8618201415960502,7.097538863154148,95
2021_2021-05-22_day1_003_h120,M1_no_solar,horizon_specific,2021,120,6.111111111111111,10.539867414675356,5.589829487225059,14.512720605488806,5.000055716394343,15.84567236440373,94
2021_2021-05-22_day1_004_h120,M1_no_solar,horizon_specific,2021,120,7.777777777777775,11.497039723907523,6.547001796457226,15.469892914720972,5.9572280256265095,16.802844673635896,94
2021_2021-05-22_day1_005_h120,M1_no_solar,horizon_specific,2021,120,6.666666666666664,12.313821423352037,7.36378349590174,16.286674614165488,6.774009725071023,17.61962637308041,94
2021_2021-05-22_day1_006_h120,M1_no_solar,horizon_specific,2021,120,6.666666666666668,11.356649114119872,6.406611186669575,15.329502304933321,5.816837415838858,16.662454063848244,94
2021_2021-05-22_day1_007_h120,M1_no_solar,horizon_specific,2021,120,5.555555555555557,8.880742056504936,3.9307041290546385,12.853595247318385,3.340930358223922,14.18654700623331,94
2021_2021-05-22_day1_008_h120,M1_no_solar,horizon_specific,2021,120,3.3333333333333357,6.685616218465302,1.7355782910150053,10.658469409278752,1.1458045201842886,11.991421168193677,94
2021_2021-05-22_day1_009_h120,M1_no_solar,horizon_specific,2021,120,3.3333333333333357,6.009225128808446,1.0591872013581494,9.982078319621897,0.4694134305274327,11.315030078536822,94
2021_2021-05-22_day1_010_h120,M1_no_solar,horizon_specific,2021,120,3.3333333333333357,5.868834519020794,0.918796591570497,9.841687709834243,0.3290228207397803,11.174639468749168,94
2021_2021-05-22_day1_011_h120,M1_no_solar,horizon_specific,2021,120,3.3333333333333286,4.771271600000981,-0.1787663274493161,8.74412479081443,-0.7685400982800328,10.077076549729355,94
2021_2021-05-22_day1_012_h120,M1_no_solar,horizon_specific,2021,120,6.111111111111114,6.545225608677655,1.5951876812273582,10.518078799491105,1.0054139103966415,11.85103055840603,94
2021_2021-05-22_day1_013_h120,M1_no_solar,horizon_specific,2021,120,6.111111111111107,6.264444389102344,1.3144064616520472,10.237297579915793,0.7246326908213305,11.570249338830719,94
2021_2021-05-22_day1_014_h120,M1_no_solar,horizon_specific,2021,120,7.222222222222221,7.22161669833451,2.2715787708842132,11.19446988914796,1.6818050000534965,12.527421648062884,94
2021_2021-05-22_day1_015_h120,M1_no_solar,horizon_specific,2021,120,7.777777777777779,6.264444389102344,1.3144064616520472,10.237297579915793,0.7246326908213305,11.570249338830719,94
2021_2021-05-22_day1_016_h120,M1_no_solar,horizon_specific,2021,120,9.444444444444445,7.22161669833451,2.2715787708842132,11.19446988914796,1.6818050000534965,12.527421648062884,94
2021_2021-05-22_day1_017_h120,M1_no_solar,horizon_specific,2021,120,10.555555555555555,7.362007308122163,2.4119693806718656,11.334860498935612,1.822195609841149,12.667812257850537,94
2021_2021-05-22_day1_018_h120,M1_no_solar,horizon_specific,2021,120,10.0,8.178789007566676,3.2287510801163792,12.151642198380125,2.6389773092856625,13.48459395729505,94
2021_2021-05-22_day1_019_h120,M1_no_solar,horizon_specific,2021,120,8.333333333333336,6.940835478759206,1.9907975513089093,10.913688669572656,1.4010237804781926,12.24664042848758,94
2021_2021-05-22_day1_020_h120,M1_no_solar,horizon_specific,2021,120,4.444444444444443,4.464928421144272,-0.4851095063060251,8.437781611957721,-1.0748832771367418,9.770733370872646,94
2021_2021-05-22_day1_021_h120,M1_no_solar,horizon_specific,2021,120,1.1111111111111145,3.226974892336808,-1.7230630351134892,7.1998280831502575,-2.312836805944206,8.532779842065182,94
2021_2021-05-22_day1_022_h120,M1_no_solar,horizon_specific,2021,120,0.0,3.086584282549156,-1.8634536449011412,7.059437473362605,-2.453227415731858,8.39238923227753,94
2021_2021-05-22_day1_023_h120,M1_no_solar,horizon_specific,2021,120,-1.1111111111111145,3.762975372206016,-1.1870625552442808,7.735828563019465,-1.7768363260749975,9.06878032193439,94
2022_2022-05-21_day1_000_h15,M1_no_solar,pooled,2022,15,0.5555555555555536,1.0617293429882635,-1.6540859212905505,3.9184250251979265,-2.303443967729214,4.8181120053513204,533
2022_2022-05-21_day1_001_h15,M1_no_solar,pooled,2022,15,0.5555555555555571,1.4189783576057018,-1.2968369066731122,4.275674039815365,-1.9461949531117757,5.175361019968759,533
2022_2022-05-21_day1_002_h15,M1_no_solar,pooled,2022,15,1.1111111111111107,1.4189783576057018,-1.2968369066731122,4.275674039815365,-1.9461949531117757,5.175361019968759,533
2022_2022-05-21_day1_003_h15,M1_no_solar,pooled,2022,15,1.6666666666666643,1.0139926796300882,-1.7018225846487258,3.8706883618397514,-2.3511806310873893,4.770375341993145,533
2022_2022-05-21_day1_004_h15,M1_no_solar,pooled,2022,15,0.0,1.323505030889348,-1.3923102333894661,4.180200713099011,-2.0416682798281296,5.079887693252405,533
2022_2022-05-21_day1_005_h15,M1_no_solar,pooled,2022,15,0.5555555555555571,0.5851386699753892,-2.130676594303425,3.4418343521850523,-2.7800346407420884,4.341521332338447,533
2022_2022-05-21_day1_007_h15,M1_no_solar,pooled,2022,15,0.0,0.9185193529137368,-1.7972959113650773,3.7752150351234,-2.4466539578037407,4.674902015276794,533
2022_2022-05-21_day1_008_h15,M1_no_solar,pooled,2022,15,0.0,0.537402006617211,-2.178413257661603,3.394097688826874,-2.8277713041002666,4.293784668980268,533
2022_2022-05-21_day1_009_h15,M1_no_solar,pooled,2022,15,0.0,0.8946510212346488,-1.8211642430441652,3.751346703444312,-2.4705222894828287,4.651033683597706,533
2022_2022-05-21_day1_010_h15,M1_no_solar,pooled,2022,15,1.1111111111111107,0.8946510212346488,-1.8211642430441652,3.751346703444312,-2.4705222894828287,4.651033683597706,533
2022_2022-05-21_day1_011_h15,M1_no_solar,pooled,2022,15,1.666666666666668,0.8469143578764731,-1.868900906402341,3.7036100400861365,-2.5182589528410046,4.6032970202395305,533
2022_2022-05-21_day1_012_h15,M1_no_solar,pooled,2022,15,0.5555555555555571,1.1564267091357352,-1.5593885551430788,4.013122391345398,-2.2087466015817423,4.912809371498792,533
2022_2022-05-21_day1_013_h15,M1_no_solar,pooled,2022,15,3.8888888888888857,0.7753093628392095,-1.9405059014396047,3.6320050450488726,-2.589863947878268,4.5316920252022665,533
2022_2022-05-21_day1_014_h15,M1_no_solar,pooled,2022,15,3.3333333333333357,0.9893483873821178,-1.7264668768966962,3.8460440695917812,-2.37582492333536,4.745731049745175,533
2022_2022-05-21_day1_015_h15,M1_no_solar,pooled,2022,15,1.1111111111111072,1.2511240752832042,-1.4646911889956098,4.107819757492868,-2.1140492354342735,5.007506737646262,533
2022_2022-05-21_day1_016_h15,M1_no_solar,pooled,2022,15,1.6666666666666714,0.8700067289866809,-1.8458085352921332,3.726702411196344,-2.4951665817307966,4.626389391349738,533
2022_2022-05-21_day1_017_h15,M1_no_solar,pooled,2022,15,-1.6666666666666714,0.4411527193319794,-2.2746625449468345,3.2978484015416427,-2.924020591385498,4.197535381695037,533
2022_2022-05-21_day1_018_h15,M1_no_solar,pooled,2022,15,-0.55555555555555,0.5127577143692431,-2.203057549909571,3.369453396578906,-2.8524155963482345,4.269140376732301,533
2022_2022-05-21_day1_019_h15,M1_no_solar,pooled,2022,15,-2.7777777777777786,0.155508699751805,-2.560306564527009,3.0122043819614683,-3.2096646109656723,3.9118913621148623,533
2022_2022-05-21_day1_020_h15,M1_no_solar,pooled,2022,15,-0.5555555555555571,0.6320993727646822,-2.0837158915141316,3.4887950549743456,-2.7330739379527955,4.38848203512774,533
2022_2022-05-21_day1_021_h15,M1_no_solar,pooled,2022,15,1.6666666666666643,1.037085050740296,-1.678730213538518,3.893780732949959,-2.3280882599771813,4.793467713103353,533
2022_2022-05-21_day1_022_h15,M1_no_solar,pooled,2022,15,-5.555555555555557,0.2271136947890688,-2.4887015694897454,3.083809376998732,-3.138059615928409,3.983496357152126,533
2022_2022-05-21_day1_023_h15,M1_no_solar,pooled,2022,15,-0.55555555555555,0.441928679900862,-2.273886584377952,3.2986243621105253,-2.9232446308166153,4.198311342263919,533
2022_2022-05-21_day1_024_h15,M1_no_solar,pooled,2022,15,1.1111111111111072,-0.7014233589887153,-3.4172386232675294,2.155272323220948,-4.066596669706193,3.054959303374342,533
2022_2022-05-21_day1_025_h15,M1_no_solar,pooled,2022,15,1.6666666666666714,-0.082398656470191,-2.798213920749005,2.774297025739472,-3.4475719671876686,3.673984005892866,533
2022_2022-05-21_day1_026_h15,M1_no_solar,pooled,2022,15,-1.1111111111111145,-0.5828576611621539,-3.298672925440968,2.273838021047509,-3.948030971879631,3.173525001200903,533
2022_2022-05-21_day1_027_h15,M1_no_solar,pooled,2022,15,-2.2222222222222214,-0.2256086465447182,-2.941423910823532,2.631087035664945,-3.5907819572621955,3.530774015818339,533
2022_2022-05-21_day1_028_h15,M1_no_solar,pooled,2022,15,-0.5555555555555571,0.96548005570303,-1.750335208575784,3.8221757379126933,-2.3996932550144474,4.721862718066087,533
2022_2022-05-21_day1_029_h15,M1_no_solar,pooled,2022,15,-3.333333333333332,0.6320993727646824,-2.0837158915141316,3.4887950549743456,-2.733073937952795,4.38848203512774,533
2022_2022-05-21_day1_000_h30,M1_no_solar,pooled,2022,30,1.1111111111111107,2.415333365255134,-0.30048189902367994,5.272029047464797,-0.9498399454623434,6.171716027618191,533
2022_2022-05-21_day1_001_h30,M1_no_solar,pooled,2022,30,1.666666666666668,2.883464015729962,0.16764875145114777,5.7401596979396246,-0.4817092949875157,6.6398466780930185,533
2022_2022-05-21_day1_002_h30,M1_no_solar,pooled,2022,30,2.777777777777775,2.3719929705754503,-0.3438222937033637,5.228688652785113,-0.9931803401420272,6.128375632938507,533
2022_2022-05-21_day1_003_h30,M1_no_solar,pooled,2022,30,1.6666666666666643,2.328652575895763,-0.387162688383051,5.185348258105426,-1.0365207348217145,6.08503523825882,533
2022_2022-05-21_day1_004_h30,M1_no_solar,pooled,2022,30,0.5555555555555571,1.6871603467022038,-1.0286549175766102,4.543856028911867,-1.6780129640152737,5.443543009065261,533
2022_2022-05-21_day1_007_h30,M1_no_solar,pooled,2022,30,0.0,1.132348906868009,-1.583466357410805,3.9890445890776722,-2.2328244038494685,4.888731569231066,533
2022_2022-05-21_day1_008_h30,M1_no_solar,pooled,2022,30,0.0,1.132348906868009,-1.583466357410805,3.9890445890776722,-2.2328244038494685,4.888731569231066,533
2022_2022-05-21_day1_009_h30,M1_no_solar,pooled,2022,30,1.1111111111111107,1.6004795573428356,-1.1153357069359784,4.457175239552499,-1.7646937533746418,5.356862219705893,533
2022_2022-05-21_day1_010_h30,M1_no_solar,pooled,2022,30,2.7777777777777786,1.6004795573428356,-1.1153357069359784,4.457175239552499,-1.7646937533746418,5.356862219705893,533
2022_2022-05-21_day1_011_h30,M1_no_solar,pooled,2022,30,2.222222222222225,2.025269813137978,-0.690545451140836,4.881965495347641,-1.3399034975794994,5.781652475501035,533
2022_2022-05-21_day1_012_h30,M1_no_solar,pooled,2022,30,4.444444444444443,1.895248629098926,-0.8205666351798879,4.7519443113085895,-1.4699246816185514,5.6516312914619835,533
2022_2022-05-21_day1_013_h30,M1_no_solar,pooled,2022,30,7.222222222222221,1.8952486290989223,-0.8205666351798917,4.751944311308586,-1.4699246816185552,5.65163129146198,533
2022_2022-05-21_day1_014_h30,M1_no_solar,pooled,2022,30,4.444444444444443,2.6148079566501523,-0.10100730762866172,5.471503638859815,-0.7503653540673252,6.371190619013209,533
2022_2022-05-21_day1_015_h30,M1_no_solar,pooled,2022,30,2.7777777777777786,2.3981059832517353,-0.31770928102707874,5.2548016654613985,-0.9670673274657422,6.1544886456147925,533
2022_2022-05-21_day1_016_h30,M1_no_solar,pooled,2022,30,0.0,1.3751638929427177,-1.3406513713360964,4.231859575152381,-1.9900094177747598,5.131546555305775,533
2022_2022-05-21_day1_017_h30,M1_no_solar,pooled,2022,30,-2.2222222222222214,0.7770120584288389,-1.9388032058499751,3.633707740638502,-2.5881612522886384,4.533394720791896,533
2022_2022-05-21_day1_018_h30,M1_no_solar,pooled,2022,30,-3.3333333333333286,0.3955621973133807,-2.3202530669654333,3.252257879523044,-2.969611113404097,4.151944859676438,533
2022_2022-05-21_day1_019_h30,M1_no_solar,pooled,2022,30,-3.3333333333333357,0.4389025919930642,-2.27691267228575,3.295598274202727,-2.9262707187244135,4.195285254356121,533
2022_2022-05-21_day1_020_h30,M1_no_solar,pooled,2022,30,1.1111111111111072,1.6352062610208216,-1.0806090032579925,4.491901943230484,-1.729967049696656,5.391588923383878,533
2022_2022-05-21_day1_021_h30,M1_no_solar,pooled,2022,30,-3.888888888888893,1.1670756105459952,-1.5487396537328189,4.023771292755658,-2.1980977001714823,4.923458272909052,533
2022_2022-05-21_day1_022_h30,M1_no_solar,pooled,2022,30,-6.111111111111107,0.0574527308776096,-2.6583625334012044,2.914148413087273,-3.307720579839868,3.813835393240667,533
2022_2022-05-21_day1_023_h30,M1_no_solar,pooled,2022,30,0.5555555555555571,-1.0868968524687626,-3.8027121167475766,1.7697988297409006,-4.4520701631862405,2.6694858098942946,533
2022_2022-05-21_day1_024_h30,M1_no_solar,pooled,2022,30,2.7777777777777786,-1.5983678976232736,-4.314183161902088,1.2583277845863896,-4.963541208340751,2.1580147647397836,533
2022_2022-05-21_day1_025_h30,M1_no_solar,pooled,2022,30,0.5555555555555571,-1.346939220546863,-4.062754484825677,1.5097564616628,-4.71211253126434,2.409443441816194,533
2022_2022-05-21_day1_026_h30,M1_no_solar,pooled,2022,30,-3.3333333333333357,-1.563641193945284,-4.279456458224098,1.2930544882643793,-4.928814504662761,2.1927414684177733,533
2022_2022-05-21_day1_027_h30,M1_no_solar,pooled,2022,30,-2.7777777777777786,0.4389025919930647,-2.276912672285749,3.295598274202728,-2.926270718724413,4.195285254356122,533
2022_2022-05-21_day1_028_h30,M1_no_solar,pooled,2022,30,-3.8888888888888897,1.5485254716614505,-1.1672897926173635,4.405221153871114,-1.816647839056027,5.304908134024508,533
2022_2022-05-21_day1_000_h60,M1_no_solar,pooled,2022,60,3.8888888888888857,4.952940728807119,2.2371254645283054,7.809636411016783,1.587767418089642,8.709323391170177,533
2022_2022-05-21_day1_001_h60,M1_no_solar,pooled,2022,60,3.333333333333332,5.612320123872841,2.8965048595940273,8.469015806082504,2.247146813155364,9.368702786235898,533
2022_2022-05-21_day1_002_h60,M1_no_solar,pooled,2022,60,3.333333333333332,4.130831535515949,1.4150162712371346,6.987527217725612,0.7656582247984711,7.887214197879006,533
2022_2022-05-21_day1_006_h60,M1_no_solar,pooled,2022,60,0.0,2.983262745773893,0.26744748149507913,5.839958427983556,-0.38191056494358433,6.73964540813695,533
2022_2022-05-21_day1_007_h60,M1_no_solar,pooled,2022,60,1.1111111111111107,2.242518451595444,-0.47329681268336987,5.099214133805107,-1.1226548591220333,5.998901113958501,533
2022_2022-05-21_day1_008_h60,M1_no_solar,pooled,2022,60,2.7777777777777786,2.242518451595444,-0.47329681268336987,5.099214133805107,-1.1226548591220333,5.998901113958501,533
2022_2022-05-21_day1_009_h60,M1_no_solar,pooled,2022,60,3.3333333333333357,3.64264214083962,0.9268268765608059,6.499337823049283,0.2774688301221424,7.399024803202677,533
2022_2022-05-21_day1_010_h60,M1_no_solar,pooled,2022,60,7.222222222222221,3.64264214083962,0.9268268765608059,6.499337823049283,0.2774688301221424,7.399024803202677,533
2022_2022-05-21_day1_011_h60,M1_no_solar,pooled,2022,60,9.444444444444446,4.22065663679262,1.5048413725138063,7.077352319002284,0.8554833260751429,7.9770392991556776,533
2022_2022-05-21_day1_012_h60,M1_no_solar,pooled,2022,60,8.888888888888886,5.4580505278113485,2.7422352635325344,8.314746210021012,2.092877217093871,9.214433190174406,533
2022_2022-05-21_day1_013_h60,M1_no_solar,pooled,2022,60,10.0,5.4580505278113485,2.7422352635325344,8.314746210021012,2.092877217093871,9.214433190174406,533
2022_2022-05-21_day1_014_h60,M1_no_solar,pooled,2022,60,4.444444444444443,4.888496234022298,2.1726809697434843,7.745191916231962,1.5233229233048209,8.644878896385356,533
2022_2022-05-21_day1_015_h60,M1_no_solar,pooled,2022,60,0.5555555555555571,3.740927444280246,1.025112180001432,6.597623126489909,0.37575413356276854,7.497310106643303,533
2022_2022-05-21_day1_016_h60,M1_no_solar,pooled,2022,60,-3.3333333333333286,1.5186945617449052,-1.1971207025339088,4.375390243954568,-1.8464787489725722,5.275077224107962,533
2022_2022-05-21_day1_017_h60,M1_no_solar,pooled,2022,60,-5.555555555555557,0.6152204693410135,-2.1005947949378005,3.4719161515506767,-2.749952841376464,4.37160313170407,533
2022_2022-05-21_day1_018_h60,M1_no_solar,pooled,2022,60,-2.2222222222222214,1.600059460857627,-1.115755803421187,4.456755143067291,-1.7651138498598504,5.356442123220685,533
2022_2022-05-21_day1_019_h60,M1_no_solar,pooled,2022,60,-7.2222222222222285,0.9406800657918994,-1.7751351984869146,3.7973757480015626,-2.424493244925578,4.697062728154957,533
2022_2022-05-21_day1_020_h60,M1_no_solar,pooled,2022,60,-5.0,1.2661396622427905,-1.4496756020360235,4.1228353444524535,-2.0990336484746868,5.0225223246058475,533
2022_2022-05-21_day1_021_h60,M1_no_solar,pooled,2022,60,-3.3333333333333357,-1.6154726153582777,-4.331287879637092,1.2412230668513855,-4.980645926075756,2.1409100470047795,533
2022_2022-05-21_day1_022_h60,M1_no_solar,pooled,2022,60,-3.3333333333333286,-4.000435296119062,-6.716250560397876,-1.143739613909399,-7.36560860683654,-0.24405263375600494,533
2022_2022-05-21_day1_023_h60,M1_no_solar,pooled,2022,60,1.1111111111111145,-4.749639792461455,-7.465455056740269,-1.8929441102517917,-8.114813103178932,-0.9932571300983977,533
2022_2022-05-21_day1_024_h60,M1_no_solar,pooled,2022,60,-0.5555555555555571,-5.490384086639905,-8.20619935091872,-2.6336884044302415,-8.855557397357382,-1.7340014242768476,533
2022_2022-05-21_day1_025_h60,M1_no_solar,pooled,2022,60,-2.2222222222222214,-2.2748520104239995,-4.990667274702814,0.5818436717856637,-5.6400253211414775,1.4815306519390576,533
2022_2022-05-21_day1_026_h60,M1_no_solar,pooled,2022,60,-7.222222222222225,-1.200187917630716,-3.91600318190953,1.6565077645789472,-4.565361228348193,2.556194744732341,533
2022_2022-05-21_day1_000_h90,M1_no_solar,pooled,2022,90,4.444444444444443,7.5231617040149565,4.8073464397361425,10.37985738622462,4.1579883932974795,11.279544366378014,533
2022_2022-05-21_day1_004_h90,M1_no_solar,pooled,2022,90,0.5555555555555571,5.420673757927914,2.7048584936491,8.277369440137576,2.0555004472104366,9.17705642029097,533
2022_2022-05-21_day1_005_h90,M1_no_solar,pooled,2022,90,0.5555555555555571,4.86851417376478,2.1526989094859657,7.725209855974443,1.5033408630473022,8.624896836127837,533
2022_2022-05-21_day1_006_h90,M1_no_solar,pooled,2022,90,0.0,4.583323094404557,1.867507830125743,7.44001877661422,1.2181497836870796,8.339705756767614,533
2022_2022-05-21_day1_007_h90,M1_no_solar,pooled,2022,90,3.3333333333333357,5.2780782182478045,2.5622629539689905,8.134773900457468,1.912904907530327,9.034460880610862,533
2022_2022-05-21_day1_008_h90,M1_no_solar,pooled,2022,90,7.222222222222221,5.2780782182478045,2.5622629539689905,8.134773900457468,1.912904907530327,9.034460880610862,533
2022_2022-05-21_day1_009_h90,M1_no_solar,pooled,2022,90,10.555555555555555,6.5249929262541855,3.8091776619753714,9.381688608463849,3.159819615536708,10.281375588617243,533
2022_2022-05-21_day1_010_h90,M1_no_solar,pooled,2022,90,11.666666666666664,7.914503173940676,5.198687909661862,10.771198856150338,4.549329863223198,11.670885836303732,533
2022_2022-05-21_day1_011_h90,M1_no_solar,pooled,2022,90,12.222222222222223,8.324067218423703,5.608251954144889,11.180762900633367,4.958893907706226,12.08044988078676,533
2022_2022-05-21_day1_012_h90,M1_no_solar,pooled,2022,90,8.888888888888886,7.896280599383376,5.180465335104562,10.752976281593039,4.531107288665899,11.652663261746433,533
2022_2022-05-21_day1_013_h90,M1_no_solar,pooled,2022,90,7.777777777777779,7.2015254755401275,4.485710211261313,10.058221157749792,3.83635216482265,10.957908137903186,533
2022_2022-05-21_day1_014_h90,M1_no_solar,pooled,2022,90,1.1111111111111145,5.508601573936113,2.7927863096572993,8.365297256145777,2.143428263218636,9.26498423629917,533
2022_2022-05-21_day1_015_h90,M1_no_solar,pooled,2022,90,-2.7777777777777786,4.100868751692321,1.385053487413507,6.957564433901984,0.7356954409748435,7.857251414055378,533
2022_2022-05-21_day1_016_h90,M1_no_solar,pooled,2022,90,-2.2222222222222214,3.4061136278490785,0.6902983635702644,6.262809310058742,0.040940317131600956,7.162496290212136,533
2022_2022-05-21_day1_017_h90,M1_no_solar,pooled,2022,90,-9.44444444444445,1.731412300802364,-0.98440296347645,4.588107983012027,-1.6337610099151134,5.487794963165421,533
2022_2022-05-21_day1_018_h90,M1_no_solar,pooled,2022,90,-8.333333333333329,1.4644437959994503,-1.2513714682793637,4.321139478209114,-1.9007295147180272,5.220826458362508,533
2022_2022-05-21_day1_019_h90,M1_no_solar,pooled,2022,90,-6.666666666666671,-1.171981159693427,-3.887796423972241,1.684714522516236,-4.537154470410904,2.58440150266963,533
2022_2022-05-21_day1_020_h90,M1_no_solar,pooled,2022,90,-2.2222222222222214,-1.296354124816233,-4.012169389095047,1.5603415573934303,-4.66152743553371,2.4600285375468243,533
2022_2022-05-21_day1_021_h90,M1_no_solar,pooled,2022,90,-2.7777777777777786,-3.238023956665856,-5.95383922094467,-0.3813282744561928,-6.603197267383333,0.5183587056972012,533
2022_2022-05-21_day1_022_h90,M1_no_solar,pooled,2022,90,-6.666666666666664,-5.607480407555812,-8.323295671834625,-2.750784725346149,-8.972653718273289,-1.8510977451927548,533
2022_2022-05-21_day1_023_h90,M1_no_solar,pooled,2022,90,-1.6666666666666643,-2.934610302748336,-5.65042556702715,-0.07791462053867271,-6.299783613465813,0.8217723596147213,533
2022_2022-05-21_day1_024_h90,M1_no_solar,pooled,2022,90,-4.444444444444446,-2.239855178905094,-4.955670443183908,0.6168405033045694,-5.605028489622571,1.5165274834579634,533
2022_2022-05-21_day1_002_h120,M1_no_solar,pooled,2022,120,3.333333333333332,8.293011828766733,5.577196564487919,11.149707510976397,4.927838518049256,12.04939449112979,533
2022_2022-05-21_day1_003_h120,M1_no_solar,pooled,2022,120,2.2222222222222214,7.510124573068433,4.794309308789619,10.366820255278096,4.144951262350956,11.26650723543149,533
2022_2022-05-21_day1_004_h120,M1_no_solar,pooled,2022,120,0.5555555555555571,6.3758277535710794,3.6600124892922654,9.232523435780742,3.010654442853602,10.132210415934136,533
2022_2022-05-21_day1_005_h120,M1_no_solar,pooled,2022,120,0.5555555555555571,5.944350061671836,3.2285347973930216,8.801045743881499,2.579176750954358,9.700732724034893,533
2022_2022-05-21_day1_006_h120,M1_no_solar,pooled,2022,120,1.1111111111111107,6.200122971671552,3.4843077073927375,9.056818653881216,2.834949660954074,9.95650563403461,533
2022_2022-05-21_day1_007_h120,M1_no_solar,pooled,2022,120,10.555555555555555,7.414487919269096,4.698672654990282,10.271183601478759,4.049314608551619,11.170870581632153,533
2022_2022-05-21_day1_008_h120,M1_no_solar,pooled,2022,120,11.666666666666664,8.628852866866639,5.913037602587825,11.485548549076302,5.263679556149162,12.385235529229696,533
2022_2022-05-21_day1_009_h120,M1_no_solar,pooled,2022,120,13.333333333333336,9.66751303256466,6.951697768285846,12.524208714774323,6.302339721847183,13.423895694927717,533
2022_2022-05-21_day1_010_h120,M1_no_solar,pooled,2022,120,11.666666666666664,9.66751303256466,6.951697768285846,12.524208714774323,6.302339721847183,13.423895694927717,533
2022_2022-05-21_day1_011_h120,M1_no_solar,pooled,2022,120,10.000000000000004,9.316103468765604,6.60028820448679,12.172799150975267,5.950930158048127,13.072486131128661,533
2022_2022-05-21_day1_012_h120,M1_no_solar,pooled,2022,120,5.555555555555557,8.18180664926825,5.465991384989436,11.038502331477913,4.816633338550773,11.938189311631307,533
2022_2022-05-21_day1_013_h120,M1_no_solar,pooled,2022,120,4.444444444444443,7.574624175469476,4.858808911190662,10.431319857679139,4.209450864751998,11.331006837832533,533
2022_2022-05-21_day1_014_h120,M1_no_solar,pooled,2022,120,2.2222222222222214,6.951873175971562,4.236057911692748,9.808568858181225,3.5866998652540842,10.708255838334619,533
2022_2022-05-21_day1_015_h120,M1_no_solar,pooled,2022,120,-6.666666666666671,4.858984318876383,2.1431690545975686,7.715680001086046,1.493811008158905,8.61536698123944,533
2022_2022-05-21_day1_016_h120,M1_no_solar,pooled,2022,120,-8.333333333333329,3.0374368974800694,0.32162163320125536,5.894132579689733,-0.3277364132374081,6.793819559843127,533
2022_2022-05-21_day1_017_h120,M1_no_solar,pooled,2022,120,-8.888888888888893,-0.34988503531285,-3.065700299591664,2.506810646896813,-3.7150583460303275,3.406497627050207,533
2022_2022-05-21_day1_018_h120,M1_no_solar,pooled,2022,120,-5.55555555555555,-1.0371356372118117,-3.7529509014906255,1.8195600449978515,-4.402308947929289,2.7192470251512457,533
2022_2022-05-21_day1_019_h120,M1_no_solar,pooled,2022,120,-6.111111111111114,-2.6829782767085995,-5.3987935409874135,0.17371740550106374,-6.0481515874260765,1.0734043856544577,533
2022_2022-05-21_day1_020_h120,M1_no_solar,pooled,2022,120,-5.555555555555557,-2.5873416229092623,-5.303156887188076,0.2693540593004009,-5.952514933626739,1.169041039453795,533
2022_2022-05-21_day1_021_h120,M1_no_solar,pooled,2022,120,-5.555555555555557,-1.8044543672109636,-4.520269631489778,1.0522413149986996,-5.169627677928441,1.9519282951520935,533
2022_2022-05-21_day1_022_h120,M1_no_solar,pooled,2022,120,-10.555555555555554,-2.76304640480879,-5.478861669087604,0.09364927740087303,-6.128219715526267,0.993336257554267,533
2022_2022-05-21_day1_000_h15,M1_no_solar,horizon_specific,2022,15,0.5555555555555536,1.0617293429882635,-0.2074484459554664,2.5272764099522176,-0.4915687843011334,3.0047778676570243,124
2022_2022-05-21_day1_001_h15,M1_no_solar,horizon_specific,2022,15,0.5555555555555571,1.4189783576057018,0.1498005686619719,2.884525424569656,-0.13431976968369508,3.3620268822744626,124
2022_2022-05-21_day1_002_h15,M1_no_solar,horizon_specific,2022,15,1.1111111111111107,1.4189783576057018,0.1498005686619719,2.884525424569656,-0.13431976968369508,3.3620268822744626,124
2022_2022-05-21_day1_003_h15,M1_no_solar,horizon_specific,2022,15,1.6666666666666643,1.0139926796300882,-0.2551851093136417,2.4795397465940425,-0.5393054476593087,2.957041204298849,124
2022_2022-05-21_day1_004_h15,M1_no_solar,horizon_specific,2022,15,0.0,1.323505030889348,0.054327241945618,2.789052097853302,-0.22979309640004897,3.266553555558109,124
2022_2022-05-21_day1_005_h15,M1_no_solar,horizon_specific,2022,15,0.5555555555555571,0.5851386699753892,-0.6840391189683407,2.0506857369393434,-0.9681594573140077,2.52818719464415,124
2022_2022-05-21_day1_007_h15,M1_no_solar,horizon_specific,2022,15,0.0,0.9185193529137368,-0.35065843602999314,2.384066419877691,-0.6347787743756601,2.8615678775824978,124
2022_2022-05-21_day1_008_h15,M1_no_solar,horizon_specific,2022,15,0.0,0.537402006617211,-0.7317757823265189,2.0029490735811653,-1.0158961206721857,2.480450531285972,124
2022_2022-05-21_day1_009_h15,M1_no_solar,horizon_specific,2022,15,0.0,0.8946510212346488,-0.3745267677090811,2.360198088198603,-0.6586471060547481,2.83769954590341,124
2022_2022-05-21_day1_010_h15,M1_no_solar,horizon_specific,2022,15,1.1111111111111107,0.8946510212346488,-0.3745267677090811,2.360198088198603,-0.6586471060547481,2.83769954590341,124
2022_2022-05-21_day1_011_h15,M1_no_solar,horizon_specific,2022,15,1.666666666666668,0.8469143578764731,-0.42226343106725683,2.3124614248404276,-0.7063837694129238,2.7899628825452343,124
2022_2022-05-21_day1_012_h15,M1_no_solar,horizon_specific,2022,15,0.5555555555555571,1.1564267091357352,-0.1127510798079947,2.6219737760996895,-0.39687141815366167,3.099475233804496,124
2022_2022-05-21_day1_013_h15,M1_no_solar,horizon_specific,2022,15,3.8888888888888857,0.7753093628392095,-0.4938684261045204,2.2408564298031637,-0.7779887644501874,2.7183578875079704,124
2022_2022-05-21_day1_014_h15,M1_no_solar,horizon_specific,2022,15,3.3333333333333357,0.9893483873821178,-0.27982940156161207,2.4548954543460724,-0.563949739907279,2.932396912050879,124
2022_2022-05-21_day1_015_h15,M1_no_solar,horizon_specific,2022,15,1.1111111111111072,1.2511240752832042,-0.01805371366052566,2.7166711422471588,-0.30217405200619263,3.1941725999519655,124
2022_2022-05-21_day1_016_h15,M1_no_solar,horizon_specific,2022,15,1.6666666666666714,0.8700067289866809,-0.39917105995704905,2.335553795950635,-0.683291398302716,2.813055253655442,124
2022_2022-05-21_day1_017_h15,M1_no_solar,horizon_specific,2022,15,-1.6666666666666714,0.4411527193319794,-0.8280250696117505,1.9066997862959338,-1.1121454079574176,2.3842012440007405,124
2022_2022-05-21_day1_018_h15,M1_no_solar,horizon_specific,2022,15,-0.55555555555555,0.5127577143692431,-0.7564200745744868,1.9783047813331973,-1.0405404129201536,2.455806239038004,124
2022_2022-05-21_day1_019_h15,M1_no_solar,horizon_specific,2022,15,-2.7777777777777786,0.155508699751805,-1.113669089191925,1.6210557667157592,-1.397789427537592,2.098557224420566,124
2022_2022-05-21_day1_020_h15,M1_no_solar,horizon_specific,2022,15,-0.5555555555555571,0.6320993727646822,-0.6370784161790477,2.0976464397286367,-0.9211987545247147,2.5751478974334434,124
2022_2022-05-21_day1_021_h15,M1_no_solar,horizon_specific,2022,15,1.6666666666666643,1.037085050740296,-0.2320927382034339,2.50263211770425,-0.5162130765491009,2.9801335754090568,124
2022_2022-05-21_day1_022_h15,M1_no_solar,horizon_specific,2022,15,-5.555555555555557,0.2271136947890688,-1.042064094154661,1.6926607617530232,-1.326184432500328,2.1701622194578296,124
2022_2022-05-21_day1_023_h15,M1_no_solar,horizon_specific,2022,15,-0.55555555555555,0.441928679900862,-0.827249109042868,1.9074757468648162,-1.111369447388535,2.384977204569623,124
2022_2022-05-21_day1_024_h15,M1_no_solar,horizon_specific,2022,15,1.1111111111111072,-0.7014233589887153,-1.9706011479324452,0.764123707975239,-2.254721486278112,1.2416251656800457,124
2022_2022-05-21_day1_025_h15,M1_no_solar,horizon_specific,2022,15,1.6666666666666714,-0.082398656470191,-1.351576445413921,1.3831484104937632,-1.635696783759588,1.86064986819857,124
2022_2022-05-21_day1_026_h15,M1_no_solar,horizon_specific,2022,15,-1.1111111111111145,-0.5828576611621539,-1.8520354501058838,0.8826894058018004,-2.1361557884515507,1.3601908635066071,124
2022_2022-05-21_day1_027_h15,M1_no_solar,horizon_specific,2022,15,-2.2222222222222214,-0.2256086465447182,-1.4947864354884481,1.239938420419236,-1.778906773834115,1.7174398781240428,124
2022_2022-05-21_day1_028_h15,M1_no_solar,horizon_specific,2022,15,-0.5555555555555571,0.96548005570303,-0.30369773324069993,2.4310271226669844,-0.5878180715863669,2.908528580371791,124
2022_2022-05-21_day1_029_h15,M1_no_solar,horizon_specific,2022,15,-3.333333333333332,0.6320993727646824,-0.6370784161790475,2.0976464397286367,-0.9211987545247144,2.5751478974334434,124
2022_2022-05-21_day1_000_h30,M1_no_solar,horizon_specific,2022,30,1.1111111111111107,2.415333365255134,0.6326621127185139,4.709351638856617,-0.12694318787684367,5.1121411705221504,117
2022_2022-05-21_day1_001_h30,M1_no_solar,horizon_specific,2022,30,1.666666666666668,2.883464015729962,1.1007927631933416,5.177482289331445,0.34118746259798405,5.580271820996979,117
2022_2022-05-21_day1_002_h30,M1_no_solar,horizon_specific,2022,30,2.777777777777775,2.3719929705754503,0.5893217180388302,4.666011244176934,-0.17028358255652742,5.068800775842467,117
2022_2022-05-21_day1_003_h30,M1_no_solar,horizon_specific,2022,30,1.6666666666666643,2.328652575895763,0.5459813233591428,4.622670849497247,-0.21362397723621473,5.02546038116278,117
2022_2022-05-21_day1_004_h30,M1_no_solar,horizon_specific,2022,30,0.5555555555555571,1.6871603467022038,-0.09551090583441635,3.9811786203036874,-0.8551162064297739,4.383968151969221,117
2022_2022-05-21_day1_007_h30,M1_no_solar,horizon_specific,2022,30,0.0,1.132348906868009,-0.6503223456686111,3.4263671804694926,-1.4099276462639687,3.829156712135026,117
2022_2022-05-21_day1_008_h30,M1_no_solar,horizon_specific,2022,30,0.0,1.132348906868009,-0.6503223456686111,3.4263671804694926,-1.4099276462639687,3.829156712135026,117
2022_2022-05-21_day1_009_h30,M1_no_solar,horizon_specific,2022,30,1.1111111111111107,1.6004795573428356,-0.18219169519378453,3.894497830944319,-0.9417969957891421,4.297287362609852,117
2022_2022-05-21_day1_010_h30,M1_no_solar,horizon_specific,2022,30,2.7777777777777786,1.6004795573428356,-0.18219169519378453,3.894497830944319,-0.9417969957891421,4.297287362609852,117
2022_2022-05-21_day1_011_h30,M1_no_solar,horizon_specific,2022,30,2.222222222222225,2.025269813137978,0.24259856060135787,4.319288086739462,-0.5170067399939997,4.722077618404995,117
2022_2022-05-21_day1_012_h30,M1_no_solar,horizon_specific,2022,30,4.444444444444443,1.895248629098926,0.11257737656230593,4.1892669027004095,-0.6470279240330516,4.592056434365943,117
2022_2022-05-21_day1_013_h30,M1_no_solar,horizon_specific,2022,30,7.222222222222221,1.8952486290989223,0.11257737656230216,4.189266902700406,-0.6470279240330554,4.592056434365939,117
2022_2022-05-21_day1_014_h30,M1_no_solar,horizon_specific,2022,30,4.444444444444443,2.6148079566501523,0.8321367041135321,4.908826230251636,0.07253140351817455,5.311615761917169,117
2022_2022-05-21_day1_015_h30,M1_no_solar,horizon_specific,2022,30,2.7777777777777786,2.3981059832517353,0.6154347307151151,4.692124256853219,-0.14417056988024246,5.0949137885187525,117
2022_2022-05-21_day1_016_h30,M1_no_solar,horizon_specific,2022,30,0.0,1.3751638929427177,-0.4075073595939025,3.6691821665442013,-1.16711266018926,4.071971698209735,117
2022_2022-05-21_day1_017_h30,M1_no_solar,horizon_specific,2022,30,-2.2222222222222214,0.7770120584288389,-1.0056591941077813,3.0710303320303227,-1.7652644947031388,3.473819863695856,117
2022_2022-05-21_day1_018_h30,M1_no_solar,horizon_specific,2022,30,-3.3333333333333286,0.3955621973133807,-1.3871090552232395,2.6895804709148643,-2.146714355818597,3.0923700025803975,117
2022_2022-05-21_day1_019_h30,M1_no_solar,horizon_specific,2022,30,-3.3333333333333357,0.4389025919930642,-1.343768660543556,2.7329208655945476,-2.1033739611389137,3.135710397260081,117
2022_2022-05-21_day1_020_h30,M1_no_solar,horizon_specific,2022,30,1.1111111111111072,1.6352062610208216,-0.14746499151579862,3.929224534622305,-0.9070702921111562,4.332014066287838,117
2022_2022-05-21_day1_021_h30,M1_no_solar,horizon_specific,2022,30,-3.888888888888893,1.1670756105459952,-0.615595641990625,3.4610938841474788,-1.3752009425859826,3.863883415813012,117
2022_2022-05-21_day1_022_h30,M1_no_solar,horizon_specific,2022,30,-6.111111111111107,0.0574527308776096,-1.7252185216590106,2.351471004479093,-2.484823822254368,2.7542605361446264,117
2022_2022-05-21_day1_023_h30,M1_no_solar,horizon_specific,2022,30,0.5555555555555571,-1.0868968524687626,-2.8695681050053827,1.207121421132721,-3.6291734056007403,1.6099109527982542,117
2022_2022-05-21_day1_024_h30,M1_no_solar,horizon_specific,2022,30,2.7777777777777786,-1.5983678976232736,-3.3810391501598938,0.69565037597821,-4.140644450755252,1.0984399076437432,117
2022_2022-05-21_day1_025_h30,M1_no_solar,horizon_specific,2022,30,0.5555555555555571,-1.346939220546863,-3.129610473083483,0.9470790530546205,-3.889215773678841,1.3498685847201537,117
2022_2022-05-21_day1_026_h30,M1_no_solar,horizon_specific,2022,30,-3.3333333333333357,-1.563641193945284,-3.346312446481904,0.7303770796561997,-4.105917747077262,1.133166611321733,117
2022_2022-05-21_day1_027_h30,M1_no_solar,horizon_specific,2022,30,-2.7777777777777786,0.4389025919930647,-1.3437686605435555,2.732920865594548,-2.103373961138913,3.1357103972600813,117
2022_2022-05-21_day1_028_h30,M1_no_solar,horizon_specific,2022,30,-3.8888888888888897,1.5485254716614505,-0.23414578087516968,3.842543745262934,-0.9937510814705273,4.245333276928467,117
2022_2022-05-21_day1_000_h60,M1_no_solar,horizon_specific,2022,60,3.8888888888888857,4.952940728807119,2.1515011312805936,8.172733656718805,1.269709729364512,8.776519736024559,103
2022_2022-05-21_day1_001_h60,M1_no_solar,horizon_specific,2022,60,3.333333333333332,5.612320123872841,2.8108805263463155,8.832113051784527,1.929089124430234,9.435899131090281,103
2022_2022-05-21_day1_002_h60,M1_no_solar,horizon_specific,2022,60,3.333333333333332,4.130831535515949,1.3293919379894228,7.350624463427634,0.44760053607334127,7.954410542733388,103
2022_2022-05-21_day1_006_h60,M1_no_solar,horizon_specific,2022,60,0.0,2.983262745773893,0.18182314824736734,6.203055673685579,-0.6999682536687142,6.806841752991332,103
2022_2022-05-21_day1_007_h60,M1_no_solar,horizon_specific,2022,60,1.1111111111111107,2.242518451595444,-0.5589211459310817,5.462311379507129,-1.4407125478471632,6.066097458812884,103
2022_2022-05-21_day1_008_h60,M1_no_solar,horizon_specific,2022,60,2.7777777777777786,2.242518451595444,-0.5589211459310817,5.462311379507129,-1.4407125478471632,6.066097458812884,103
2022_2022-05-21_day1_009_h60,M1_no_solar,horizon_specific,2022,60,3.3333333333333357,3.64264214083962,0.8412025433130941,6.862435068751306,-0.04058885860298744,7.466221148057059,103
2022_2022-05-21_day1_010_h60,M1_no_solar,horizon_specific,2022,60,7.222222222222221,3.64264214083962,0.8412025433130941,6.862435068751306,-0.04058885860298744,7.466221148057059,103
2022_2022-05-21_day1_011_h60,M1_no_solar,horizon_specific,2022,60,9.444444444444446,4.22065663679262,1.4192170392660945,7.440449564704306,0.537425637350013,8.04423564401006,103
2022_2022-05-21_day1_012_h60,M1_no_solar,horizon_specific,2022,60,8.888888888888886,5.4580505278113485,2.6566109302848226,8.677843455723034,1.7748195283687411,9.281629535028788,103
2022_2022-05-21_day1_013_h60,M1_no_solar,horizon_specific,2022,60,10.0,5.4580505278113485,2.6566109302848226,8.677843455723034,1.7748195283687411,9.281629535028788,103
2022_2022-05-21_day1_014_h60,M1_no_solar,horizon_specific,2022,60,4.444444444444443,4.888496234022298,2.0870566364957726,8.108289161933984,1.205265234579691,8.712075241239738,103
2022_2022-05-21_day1_015_h60,M1_no_solar,horizon_specific,2022,60,0.5555555555555571,3.740927444280246,0.9394878467537202,6.960720372191932,0.057696444837638694,7.564506451497685,103
2022_2022-05-21_day1_016_h60,M1_no_solar,horizon_specific,2022,60,-3.3333333333333286,1.5186945617449052,-1.2827450357816206,4.738487489656591,-2.164536437697702,5.342273568962344,103
2022_2022-05-21_day1_017_h60,M1_no_solar,horizon_specific,2022,60,-5.555555555555557,0.6152204693410135,-2.1862191281855123,3.835013397252699,-3.068010530101594,4.438799476558453,103
2022_2022-05-21_day1_018_h60,M1_no_solar,horizon_specific,2022,60,-2.2222222222222214,1.600059460857627,-1.2013801366688988,4.819852388769313,-2.0831715385849803,5.423638468075066,103
2022_2022-05-21_day1_019_h60,M1_no_solar,horizon_specific,2022,60,-7.2222222222222285,0.9406800657918994,-1.8607595317346264,4.160472993703586,-2.742550933650708,4.764259073009338,103
2022_2022-05-21_day1_020_h60,M1_no_solar,horizon_specific,2022,60,-5.0,1.2661396622427905,-1.5352999352837353,4.485932590154476,-2.4170913371998166,5.08971866946023,103
2022_2022-05-21_day1_021_h60,M1_no_solar,horizon_specific,2022,60,-3.3333333333333357,-1.6154726153582777,-4.416912212884803,1.604320312553408,-5.2987036148008855,2.2081063918591615,103
2022_2022-05-21_day1_022_h60,M1_no_solar,horizon_specific,2022,60,-3.3333333333333286,-4.000435296119062,-6.8018748936455875,-0.7806423682073764,-7.68366629556167,-0.17685628890162297,103
2022_2022-05-21_day1_023_h60,M1_no_solar,horizon_specific,2022,60,1.1111111111111145,-4.749639792461455,-7.551079389987981,-1.5298468645497691,-8.432870791904062,-0.9260607852440157,103
2022_2022-05-21_day1_024_h60,M1_no_solar,horizon_specific,2022,60,-0.5555555555555571,-5.490384086639905,-8.291823684166431,-2.270591158728219,-9.173615086082512,-1.6668050794224656,103
2022_2022-05-21_day1_025_h60,M1_no_solar,horizon_specific,2022,60,-2.2222222222222214,-2.2748520104239995,-5.076291607950525,0.9449409174876862,-5.958083009866607,1.5487269967934396,103
2022_2022-05-21_day1_026_h60,M1_no_solar,horizon_specific,2022,60,-7.222222222222225,-1.200187917630716,-4.001627515157242,2.0196050102809697,-4.883418917073323,2.623391089586723,103
2022_2022-05-21_day1_000_h90,M1_no_solar,horizon_specific,2022,90,4.444444444444443,7.5231617040149565,4.275945346361105,11.289094430458352,3.61705780641675,12.428532315012532,95
2022_2022-05-21_day1_004_h90,M1_no_solar,horizon_specific,2022,90,0.5555555555555571,5.420673757927914,2.1734574002740628,9.18660648437131,1.5145698603297073,10.32604436892549,95
2022_2022-05-21_day1_005_h90,M1_no_solar,horizon_specific,2022,90,0.5555555555555571,4.86851417376478,1.6212978161109284,8.634446900208175,0.9624102761665729,9.773884784762355,95
2022_2022-05-21_day1_006_h90,M1_no_solar,horizon_specific,2022,90,0.0,4.583323094404557,1.3361067367507058,8.349255820847954,0.6772191968063503,9.488693705402133,95
2022_2022-05-21_day1_007_h90,M1_no_solar,horizon_specific,2022,90,3.3333333333333357,5.2780782182478045,2.0308618605939532,9.044010944691202,1.3719743206495978,10.18344882924538,95
2022_2022-05-21_day1_008_h90,M1_no_solar,horizon_specific,2022,90,7.222222222222221,5.2780782182478045,2.0308618605939532,9.044010944691202,1.3719743206495978,10.18344882924538,95
2022_2022-05-21_day1_009_h90,M1_no_solar,horizon_specific,2022,90,10.555555555555555,6.5249929262541855,3.277776568600334,10.290925652697581,2.6188890286559787,11.430363537251761,95
2022_2022-05-21_day1_010_h90,M1_no_solar,horizon_specific,2022,90,11.666666666666664,7.914503173940676,4.667286816286825,11.680435900384072,4.00839927634247,12.819873784938252,95
2022_2022-05-21_day1_011_h90,M1_no_solar,horizon_specific,2022,90,12.222222222222223,8.324067218423703,5.076850860769852,12.089999944867099,4.417963320825496,13.229437829421279,95
2022_2022-05-21_day1_012_h90,M1_no_solar,horizon_specific,2022,90,8.888888888888886,7.896280599383376,4.6490642417295245,11.662213325826773,3.990176701785169,12.801651210380951,95
2022_2022-05-21_day1_013_h90,M1_no_solar,horizon_specific,2022,90,7.777777777777779,7.2015254755401275,3.954309117886276,10.967458201983524,3.2954215779419207,12.106896086537702,95
2022_2022-05-21_day1_014_h90,M1_no_solar,horizon_specific,2022,90,1.1111111111111145,5.508601573936113,2.261385216282262,9.27453430037951,1.6024976763379066,10.413972184933689,95
2022_2022-05-21_day1_015_h90,M1_no_solar,horizon_specific,2022,90,-2.7777777777777786,4.100868751692321,0.8536523940384697,7.866801478135717,0.19476485409411426,9.006239362689897,95
2022_2022-05-21_day1_016_h90,M1_no_solar,horizon_specific,2022,90,-2.2222222222222214,3.4061136278490785,0.15889727019522715,7.172046354292474,-0.4999902697491283,8.311484238846655,95
2022_2022-05-21_day1_017_h90,M1_no_solar,horizon_specific,2022,90,-9.44444444444445,1.731412300802364,-1.5158040568514872,5.4973450272457605,-2.1746915967958427,6.63678291179994,95
2022_2022-05-21_day1_018_h90,M1_no_solar,horizon_specific,2022,90,-8.333333333333329,1.4644437959994503,-1.782772561654401,5.230376522442847,-2.4416601015987567,6.369814406997026,95
2022_2022-05-21_day1_019_h90,M1_no_solar,horizon_specific,2022,90,-6.666666666666671,-1.171981159693427,-4.419197517347278,2.5939515667499693,-5.078085057291634,3.7333894513041486,95
2022_2022-05-21_day1_020_h90,M1_no_solar,horizon_specific,2022,90,-2.2222222222222214,-1.296354124816233,-4.543570482470084,2.4695786016271635,-5.20245802241444,3.6090164861813427,95
2022_2022-05-21_day1_021_h90,M1_no_solar,horizon_specific,2022,90,-2.7777777777777786,-3.238023956665856,-6.485240314319707,0.5279087697775404,-7.144127854264063,1.6673466543317197,95
2022_2022-05-21_day1_022_h90,M1_no_solar,horizon_specific,2022,90,-6.666666666666664,-5.607480407555812,-8.854696765209663,-1.8415476811124156,-9.51358430515402,-0.7021097965582364,95
2022_2022-05-21_day1_023_h90,M1_no_solar,horizon_specific,2022,90,-1.6666666666666643,-2.934610302748336,-6.181826660402187,0.8313224236950605,-6.840714200346543,1.9707603082492398,95
2022_2022-05-21_day1_024_h90,M1_no_solar,horizon_specific,2022,90,-4.444444444444446,-2.239855178905094,-5.487071536558945,1.5260775475383026,-6.145959076503301,2.665515432092482,95
2022_2022-05-21_day1_002_h120,M1_no_solar,horizon_specific,2022,120,3.333333333333332,8.293011828766733,4.621914091796246,12.238990516604623,3.679830208082307,13.598816778495108,94
2022_2022-05-21_day1_003_h120,M1_no_solar,horizon_specific,2022,120,2.2222222222222214,7.510124573068433,3.8390268360979456,11.456103260906323,2.8969429523840065,12.815929522796807,94
2022_2022-05-21_day1_004_h120,M1_no_solar,horizon_specific,2022,120,0.5555555555555571,6.3758277535710794,2.704730016600592,10.32180644140897,1.762646132886653,11.681632703299453,94
2022_2022-05-21_day1_005_h120,M1_no_solar,horizon_specific,2022,120,0.5555555555555571,5.944350061671836,2.2732523247013483,9.890328749509726,1.3311684409874092,11.25015501140021,94
2022_2022-05-21_day1_006_h120,M1_no_solar,horizon_specific,2022,120,1.1111111111111107,6.200122971671552,2.529025234701064,10.146101659509442,1.586941350987125,11.505927921399927,94
2022_2022-05-21_day1_007_h120,M1_no_solar,horizon_specific,2022,120,10.555555555555555,7.414487919269096,3.7433901822986084,11.360466607106986,2.8013062985846693,12.72029286899747,94
2022_2022-05-21_day1_008_h120,M1_no_solar,horizon_specific,2022,120,11.666666666666664,8.628852866866639,4.957755129896151,12.574831554704529,4.015671246182213,13.934657816595013,94
2022_2022-05-21_day1_009_h120,M1_no_solar,horizon_specific,2022,120,13.333333333333336,9.66751303256466,5.996415295594172,13.61349172040255,5.054331411880233,14.973317982293034,94
2022_2022-05-21_day1_010_h120,M1_no_solar,horizon_specific,2022,120,11.666666666666664,9.66751303256466,5.996415295594172,13.61349172040255,5.054331411880233,14.973317982293034,94
2022_2022-05-21_day1_011_h120,M1_no_solar,horizon_specific,2022,120,10.000000000000004,9.316103468765604,5.645005731795116,13.262082156603494,4.702921848081178,14.621908418493978,94
2022_2022-05-21_day1_012_h120,M1_no_solar,horizon_specific,2022,120,5.555555555555557,8.18180664926825,4.510708912297762,12.12778533710614,3.5686250285838232,13.487611598996624,94
2022_2022-05-21_day1_013_h120,M1_no_solar,horizon_specific,2022,120,4.444444444444443,7.574624175469476,3.903526438498989,11.520602863307367,2.96144255478505,12.88042912519785,94
2022_2022-05-21_day1_014_h120,M1_no_solar,horizon_specific,2022,120,2.2222222222222214,6.951873175971562,3.2807754390010744,10.897851863809452,2.3386915552871352,12.257678125699936,94
2022_2022-05-21_day1_015_h120,M1_no_solar,horizon_specific,2022,120,-6.666666666666671,4.858984318876383,1.1878865819058952,8.804963006714273,0.2458026981919561,10.164789268604757,94
2022_2022-05-21_day1_016_h120,M1_no_solar,horizon_specific,2022,120,-8.333333333333329,3.0374368974800694,-0.633660839490418,6.98341558531796,-1.575744723204357,8.343241847208443,94
2022_2022-05-21_day1_017_h120,M1_no_solar,horizon_specific,2022,120,-8.888888888888893,-0.34988503531285,-4.020982772283338,3.5960936525250404,-4.9630666559972765,4.955919914415524,94
2022_2022-05-21_day1_018_h120,M1_no_solar,horizon_specific,2022,120,-5.55555555555555,-1.0371356372118117,-4.708233374182299,2.9088430506260785,-5.650317257896238,4.268669312516563,94
2022_2022-05-21_day1_019_h120,M1_no_solar,horizon_specific,2022,120,-6.111111111111114,-2.6829782767085995,-6.354076013679087,1.263000411129291,-7.296159897393026,2.622826673019775,94
2022_2022-05-21_day1_020_h120,M1_no_solar,horizon_specific,2022,120,-5.555555555555557,-2.5873416229092623,-6.25843935987975,1.3586370649286281,-7.200523243593689,2.718463326819112,94
2022_2022-05-21_day1_021_h120,M1_no_solar,horizon_specific,2022,120,-5.555555555555557,-1.8044543672109636,-5.475552104181451,2.1415243206269268,-6.41763598789539,3.5013505825174107,94
2022_2022-05-21_day1_022_h120,M1_no_solar,horizon_specific,2022,120,-10.555555555555554,-2.76304640480879,-6.434144141779278,1.1829322830291003,-7.376228025493217,2.542758544919584,94
2023_2023-05-20_day1_000_h15,M1_no_solar,pooled,2023,15,0.5555555555555571,0.6383060146554185,-2.892938931177576,3.226027282076302,-4.229502672000371,4.172360285937281,515
2023_2023-05-20_day1_001_h15,M1_no_solar,pooled,2023,15,1.1111111111111107,1.071455136919198,-2.459789808913796,3.6591764043400814,-3.7963535497365912,4.605509408201061,515
2023_2023-05-20_day1_002_h15,M1_no_solar,pooled,2023,15,0.5555555555555571,0.5972146685414652,-2.934030277291529,3.184935935962349,-4.270594018114324,4.131268939823328,515
2023_2023-05-20_day1_003_h15,M1_no_solar,pooled,2023,15,1.1111111111111107,1.030363790805246,-2.500881155027748,3.6180850582261295,-3.837444895850543,4.564418062087109,515
2023_2023-05-20_day1_004_h15,M1_no_solar,pooled,2023,15,0.5555555555555536,0.556123322427512,-2.9751216234054825,3.1438445898483955,-4.3116853642282775,4.090177593709375,515
2023_2023-05-20_day1_006_h15,M1_no_solar,pooled,2023,15,1.1111111111111107,0.3712122649147225,-3.1600326809182717,2.958933532335606,-4.496596421741067,3.9052665361965855,515
2023_2023-05-20_day1_007_h15,M1_no_solar,pooled,2023,15,1.1111111111111145,1.237510509442286,-2.293734436390708,3.8252317768631694,-3.6302981772135032,4.771564780724149,515
2023_2023-05-20_day1_008_h15,M1_no_solar,pooled,2023,15,2.7777777777777786,0.3301209188007693,-3.201124027032225,2.9178421862216526,-4.53768776785502,3.864175190082632,515
2023_2023-05-20_day1_009_h15,M1_no_solar,pooled,2023,15,1.1111111111111072,0.2273925535158861,-3.303852392317108,2.8151138209367694,-4.640416133139903,3.761446824797749,515
2023_2023-05-20_day1_010_h15,M1_no_solar,pooled,2023,15,1.6666666666666714,0.1863012074019331,-3.344943738431061,2.7740224748228166,-4.681507479253856,3.7203554786837962,515
2023_2023-05-20_day1_011_h15,M1_no_solar,pooled,2023,15,1.1111111111111072,0.1246641882310031,-3.4065807576019913,2.7123854556518863,-4.743144498424786,3.658718459512866,515
2023_2023-05-20_day1_012_h15,M1_no_solar,pooled,2023,15,1.6666666666666643,0.5372676374378063,-2.9939773083951877,3.1249889048586894,-4.330541049217983,4.0713219087196695,515
2023_2023-05-20_day1_013_h15,M1_no_solar,pooled,2023,15,1.1111111111111145,-0.4112132993176592,-3.9424582451506534,2.176507968103224,-5.279021985973449,3.122840971964204,515
2023_2023-05-20_day1_014_h15,M1_no_solar,pooled,2023,15,1.1111111111111145,0.8882340674736823,-2.643010878359312,3.4759553348945658,-3.979574619182107,4.422288338755545,515
2023_2023-05-20_day1_015_h15,M1_no_solar,pooled,2023,15,1.1111111111111072,-0.019155523167833,-3.5504004690008273,2.5685657442530503,-4.886964209823622,3.51489874811403,515
2023_2023-05-20_day1_016_h15,M1_no_solar,pooled,2023,15,0.5555555555555571,-0.0602468692817861,-3.59149181511478,2.5274743981390975,-4.928055555937576,3.473807402000077,515
2023_2023-05-20_day1_017_h15,M1_no_solar,pooled,2023,15,0.0,-0.0807925423387628,-3.612037488171757,2.5069287250821204,-4.948601228994552,3.4532617289431,515
2023_2023-05-20_day1_018_h15,M1_no_solar,pooled,2023,15,1.1111111111111072,0.8265970483027524,-2.7046478975302417,3.414318315723636,-4.041211638353037,4.3606513195846155,515
2023_2023-05-20_day1_019_h15,M1_no_solar,pooled,2023,15,1.1111111111111145,-0.0807925423387627,-3.6120374881717567,2.506928725082121,-4.948601228994552,3.4532617289431005,515
2023_2023-05-20_day1_020_h15,M1_no_solar,pooled,2023,15,0.0,-0.121883888452716,-3.65312883428571,2.4658373789681676,-4.9896925751085055,3.412170382829147,515
2023_2023-05-20_day1_021_h15,M1_no_solar,pooled,2023,15,-0.5555555555555571,-0.121883888452716,-3.65312883428571,2.4658373789681676,-4.9896925751085055,3.412170382829147,515
2023_2023-05-20_day1_022_h15,M1_no_solar,pooled,2023,15,0.0,-0.1013382153957394,-3.632583161228734,2.486383052025144,-4.969146902051529,3.4327160558861234,515
2023_2023-05-20_day1_023_h15,M1_no_solar,pooled,2023,15,0.0,-0.5550330107164986,-4.086277956549493,2.0326882567043847,-5.422841697372288,2.9790212605653643,515
2023_2023-05-20_day1_024_h15,M1_no_solar,pooled,2023,15,0.5555555555555571,0.331810906868043,-3.1994340389649514,2.919532174288926,-4.535997779787746,3.865865178149906,515
2023_2023-05-20_day1_025_h15,M1_no_solar,pooled,2023,15,-0.5555555555555571,-0.121883888452716,-3.65312883428571,2.4658373789681676,-4.9896925751085055,3.412170382829147,515
2023_2023-05-20_day1_026_h15,M1_no_solar,pooled,2023,15,0.0,-0.1013382153957394,-3.632583161228734,2.486383052025144,-4.969146902051529,3.4327160558861234,515
2023_2023-05-20_day1_027_h15,M1_no_solar,pooled,2023,15,0.0,-0.1013382153957394,-3.632583161228734,2.486383052025144,-4.969146902051529,3.4327160558861234,515
2023_2023-05-20_day1_028_h15,M1_no_solar,pooled,2023,15,0.0,-0.1013382153957394,-3.632583161228734,2.486383052025144,-4.969146902051529,3.4327160558861234,515
2023_2023-05-20_day1_029_h15,M1_no_solar,pooled,2023,15,-0.5555555555555571,-0.1013382153957394,-3.632583161228734,2.486383052025144,-4.969146902051529,3.4327160558861234,515
2023_2023-05-20_day1_030_h15,M1_no_solar,pooled,2023,15,-2.2222222222222214,-0.0807925423387627,-3.6120374881717567,2.506928725082121,-4.948601228994552,3.4532617289431005,515
2023_2023-05-20_day1_031_h15,M1_no_solar,pooled,2023,15,0.0,0.0013901498891436,-3.5298547959438507,2.589111417310027,-4.866418536766646,3.5354444211710065,515
2023_2023-05-20_day1_032_h15,M1_no_solar,pooled,2023,15,-1.1111111111111072,0.4550849452098999,-3.0761600006230942,3.0428062126307833,-4.412723741445889,3.989139216491763,515
2023_2023-05-20_day1_033_h15,M1_no_solar,pooled,2023,15,-1.6666666666666714,-0.3906676262606828,-3.921912572093677,2.1970536411602004,-5.258476312916472,3.14338664502118,515
2023_2023-05-20_day1_000_h30,M1_no_solar,pooled,2023,30,1.666666666666668,1.826339502197326,-1.704905443635668,4.414060769618209,-3.041469184458463,5.360393773479189,515
2023_2023-05-20_day1_001_h30,M1_no_solar,pooled,2023,30,1.666666666666668,1.7823108719828091,-1.748934073850185,4.370032139403692,-3.08549781467298,5.316365143264672,515
2023_2023-05-20_day1_002_h30,M1_no_solar,pooled,2023,30,1.666666666666668,1.738282241768294,-1.7929627040647003,4.326003509189177,-3.129526444887495,5.272336513050157,515
2023_2023-05-20_day1_003_h30,M1_no_solar,pooled,2023,30,1.6666666666666643,1.6942536115537772,-1.836991334279217,4.28197487897466,-3.173555075102012,5.22830788283564,515
2023_2023-05-20_day1_006_h30,M1_no_solar,pooled,2023,30,2.222222222222225,1.7748059787436594,-1.7564389670893348,4.362527246164543,-3.09300270791213,5.308860250025522,515
2023_2023-05-20_day1_007_h30,M1_no_solar,pooled,2023,30,3.888888888888893,1.686748718314626,-1.8444962275183683,4.274469985735509,-3.181059968341163,5.220802989596489,515
2023_2023-05-20_day1_008_h30,M1_no_solar,pooled,2023,30,3.8888888888888857,0.6450713796445311,-2.886173566188463,3.2327926470654145,-4.222737307011258,4.1791256509263945,515
2023_2023-05-20_day1_009_h30,M1_no_solar,pooled,2023,30,2.7777777777777786,0.424928228571948,-3.106316717261046,3.0126494959928314,-4.442880458083842,3.958982499853811,515
2023_2023-05-20_day1_010_h30,M1_no_solar,pooled,2023,30,2.7777777777777786,0.3368709681429152,-3.194373977690079,2.9245922355637983,-4.530937718512874,3.8709252394247784,515
2023_2023-05-20_day1_011_h30,M1_no_solar,pooled,2023,30,2.7777777777777715,0.7256237468344098,-2.805621198998584,3.313345014255293,-4.142184939821379,4.259678018116273,515
2023_2023-05-20_day1_012_h30,M1_no_solar,pooled,2023,30,2.7777777777777786,0.1167278170703318,-3.4145171287626623,2.7044490844912152,-4.751080869585458,3.650782088352195,515
2023_2023-05-20_day1_013_h30,M1_no_solar,pooled,2023,30,2.2222222222222285,0.549509225976347,-2.981735719856647,3.1372304933972304,-4.318299460679443,4.0835634972582096,515
2023_2023-05-20_day1_014_h30,M1_no_solar,pooled,2023,30,2.2222222222222214,0.938262004667842,-2.592982941165152,3.5259832720887254,-3.929546681987947,4.472316275949705,515
2023_2023-05-20_day1_015_h30,M1_no_solar,pooled,2023,30,1.6666666666666643,-0.1034153340022514,-3.6346602798352454,2.484305933418632,-4.971224020658041,3.4306389372796118,515
2023_2023-05-20_day1_016_h30,M1_no_solar,pooled,2023,30,0.5555555555555571,-0.1914725944312845,-3.722717540264279,2.396248672989599,-5.059281281087074,3.3425816768505783,515
2023_2023-05-20_day1_017_h30,M1_no_solar,pooled,2023,30,1.1111111111111072,0.806176114024292,-2.725068831808702,3.3938973814451754,-4.061632572631497,4.340230385306155,515
2023_2023-05-20_day1_018_h30,M1_no_solar,pooled,2023,30,2.2222222222222214,0.806176114024292,-2.725068831808702,3.3938973814451754,-4.061632572631497,4.340230385306155,515
2023_2023-05-20_day1_019_h30,M1_no_solar,pooled,2023,30,1.1111111111111145,-0.2355012246458008,-3.766746170478795,2.3522200427750826,-5.10330991130159,3.298553046636062,515
2023_2023-05-20_day1_020_h30,M1_no_solar,pooled,2023,30,-0.5555555555555571,-0.3235584850748345,-3.8548034309078285,2.264162782346049,-5.191367171730624,3.2104957862070287,515
2023_2023-05-20_day1_021_h30,M1_no_solar,pooled,2023,30,-0.5555555555555571,-0.3235584850748345,-3.8548034309078285,2.264162782346049,-5.191367171730624,3.2104957862070287,515
2023_2023-05-20_day1_022_h30,M1_no_solar,pooled,2023,30,0.0,-0.8003685241953657,-4.33161347002836,1.7873527432255176,-5.668177210851155,2.733685747086497,515
2023_2023-05-20_day1_023_h30,M1_no_solar,pooled,2023,30,0.5555555555555571,-0.2795298548603175,-3.8107748006933115,2.308191412560566,-5.147338541516107,3.2545244164215457,515
2023_2023-05-20_day1_024_h30,M1_no_solar,pooled,2023,30,0.0,0.1972801842602138,-3.3339647615727803,2.7850014516810973,-4.670528502395576,3.731334455542077,515
2023_2023-05-20_day1_025_h30,M1_no_solar,pooled,2023,30,-0.5555555555555571,-0.3235584850748345,-3.8548034309078285,2.264162782346049,-5.191367171730624,3.2104957862070287,515
2023_2023-05-20_day1_026_h30,M1_no_solar,pooled,2023,30,0.0,-0.2795298548603175,-3.8107748006933115,2.308191412560566,-5.147338541516107,3.2545244164215457,515
2023_2023-05-20_day1_027_h30,M1_no_solar,pooled,2023,30,0.0,-0.2795298548603175,-3.8107748006933115,2.308191412560566,-5.147338541516107,3.2545244164215457,515
2023_2023-05-20_day1_028_h30,M1_no_solar,pooled,2023,30,-0.5555555555555571,-0.2795298548603175,-3.8107748006933115,2.308191412560566,-5.147338541516107,3.2545244164215457,515
2023_2023-05-20_day1_029_h30,M1_no_solar,pooled,2023,30,-2.7777777777777786,-0.2795298548603175,-3.8107748006933115,2.308191412560566,-5.147338541516107,3.2545244164215457,515
2023_2023-05-20_day1_030_h30,M1_no_solar,pooled,2023,30,-2.2222222222222214,-0.2355012246458008,-3.766746170478795,2.3522200427750826,-5.10330991130159,3.298553046636062,515
2023_2023-05-20_day1_031_h30,M1_no_solar,pooled,2023,30,-1.1111111111111072,0.4614519655473104,-3.069792980285684,3.0491732329681938,-4.406356721108478,3.9955062368291734,515
2023_2023-05-20_day1_032_h30,M1_no_solar,pooled,2023,30,-2.7777777777777786,-0.0593867037877344,-3.5906316496207284,2.528334563633149,-4.927195390443524,3.4746675674941288,515
2023_2023-05-20_day1_000_h60,M1_no_solar,pooled,2023,60,3.3333333333333357,4.056643952943787,0.525399007110793,6.644365220364671,-0.811164733712002,7.59069822422565,515
2023_2023-05-20_day1_001_h60,M1_no_solar,pooled,2023,60,3.333333333333332,3.964920556585513,0.4336756107525188,6.552641824006397,-0.9028881300702762,7.498974827867376,515
2023_2023-05-20_day1_006_h60,M1_no_solar,pooled,2023,60,6.111111111111111,2.8642398002862297,-0.6670051455467645,5.4519610677071135,-2.0035688863695595,6.398294071568093,515
2023_2023-05-20_day1_007_h60,M1_no_solar,pooled,2023,60,6.666666666666671,2.6807930075696818,-0.8504519382633124,5.268514274990565,-2.1870156790861075,6.214847278851545,515
2023_2023-05-20_day1_008_h60,M1_no_solar,pooled,2023,60,6.666666666666664,1.2835709352446178,-2.2476740105883763,3.8712922026655012,-3.5842377514111714,4.817625206526481,515
2023_2023-05-20_day1_009_h60,M1_no_solar,pooled,2023,60,5.55555555555555,1.5235649896157764,-2.007679956217218,4.11128625703666,-3.344243697040013,5.057619260897639,515
2023_2023-05-20_day1_010_h60,M1_no_solar,pooled,2023,60,5.555555555555557,0.6415071607367007,-2.8897377850962935,3.229228428157584,-4.226301525919089,4.175561432018563,515
2023_2023-05-20_day1_011_h60,M1_no_solar,pooled,2023,60,5.0,1.763559043986939,-1.7676859018460551,4.351280311407822,-3.10424964266885,5.297613315268802,515
2023_2023-05-20_day1_012_h60,M1_no_solar,pooled,2023,60,5.0,1.5801122512703916,-1.9511326945626026,4.167833518691275,-3.2876964353853975,5.114166522552255,515
2023_2023-05-20_day1_013_h60,M1_no_solar,pooled,2023,60,3.888888888888893,0.6980544223913152,-2.833190523441679,3.2857756898121986,-4.1697542642644745,4.232108693673178,515
2023_2023-05-20_day1_014_h60,M1_no_solar,pooled,2023,60,2.7777777777777786,1.1214952694790217,-2.4097496763539725,3.709216536899905,-3.7463134171767676,4.655549540760885,515
2023_2023-05-20_day1_015_h60,M1_no_solar,pooled,2023,60,2.7777777777777715,1.1214952694790212,-2.409749676353973,3.7092165368999046,-3.746313417176768,4.655549540760884,515
2023_2023-05-20_day1_016_h60,M1_no_solar,pooled,2023,60,2.7777777777777786,0.9380484767624736,-2.5931964690705205,3.525769744183357,-3.9297602098933155,4.472102748044336,515
2023_2023-05-20_day1_017_h60,M1_no_solar,pooled,2023,60,2.2222222222222214,0.8463250804041995,-2.6849198654287947,3.434046347825083,-4.021483606251589,4.380379351686063,515
2023_2023-05-20_day1_018_h60,M1_no_solar,pooled,2023,60,1.6666666666666643,0.8463250804041995,-2.6849198654287947,3.434046347825083,-4.021483606251589,4.380379351686063,515
2023_2023-05-20_day1_019_h60,M1_no_solar,pooled,2023,60,0.5555555555555571,-0.5508969919208608,-4.082141937753855,2.0368242755000225,-5.41870567857665,2.983157279361002,515
2023_2023-05-20_day1_020_h60,M1_no_solar,pooled,2023,60,-0.5555555555555571,-1.4329548207999423,-4.9641997666329365,1.154766446620941,-6.3007635074557315,2.1010994504819207,515
2023_2023-05-20_day1_021_h60,M1_no_solar,pooled,2023,60,0.0,-0.7343437846374101,-4.265588730470404,1.8533774827834733,-5.602152471293199,2.799710486644453,515
2023_2023-05-20_day1_022_h60,M1_no_solar,pooled,2023,60,0.0,-0.642620388279135,-4.173865334112129,1.9451008791417483,-5.510429074934924,2.891433883002728,515
2023_2023-05-20_day1_023_h60,M1_no_solar,pooled,2023,60,0.0,-0.642620388279135,-4.173865334112129,1.9451008791417483,-5.510429074934924,2.891433883002728,515
2023_2023-05-20_day1_024_h60,M1_no_solar,pooled,2023,60,0.0,-0.035732748474877,-3.5669776943078713,2.5519885189460063,-4.903541435130666,3.498321522806986,515
2023_2023-05-20_day1_025_h60,M1_no_solar,pooled,2023,60,-0.5555555555555571,-0.7343437846374101,-4.265588730470404,1.8533774827834733,-5.602152471293199,2.799710486644453,515
2023_2023-05-20_day1_026_h60,M1_no_solar,pooled,2023,60,-0.5555555555555571,-0.642620388279135,-4.173865334112129,1.9451008791417483,-5.510429074934924,2.891433883002728,515
2023_2023-05-20_day1_027_h60,M1_no_solar,pooled,2023,60,-2.7777777777777786,-0.642620388279135,-4.173865334112129,1.9451008791417483,-5.510429074934924,2.891433883002728,515
2023_2023-05-20_day1_028_h60,M1_no_solar,pooled,2023,60,-2.7777777777777786,-0.642620388279135,-4.173865334112129,1.9451008791417483,-5.510429074934924,2.891433883002728,515
2023_2023-05-20_day1_029_h60,M1_no_solar,pooled,2023,60,-3.8888888888888857,0.0559906478833931,-3.475254297949601,2.6437119153042765,-4.8118180387723966,3.590044919165256,515
2023_2023-05-20_day1_030_h60,M1_no_solar,pooled,2023,60,-5.0,-0.5508969919208608,-4.082141937753855,2.0368242755000225,-5.41870567857665,2.983157279361002,515
2023_2023-05-20_day1_004_h90,M1_no_solar,pooled,2023,90,6.666666666666664,5.706258434308881,2.175013488475887,8.293979701729764,0.8384497476530921,9.240312705590744,515
2023_2023-05-20_day1_005_h90,M1_no_solar,pooled,2023,90,7.222222222222221,5.580531353259873,2.0492864074268784,8.168252620680756,0.7127226666040833,9.114585624541736,515
2023_2023-05-20_day1_006_h90,M1_no_solar,pooled,2023,90,8.88888888888889,3.7533354301662705,0.22209048433327627,6.341056697587154,-1.1144732564895188,7.2873897014481335,515
2023_2023-05-20_day1_007_h90,M1_no_solar,pooled,2023,90,9.444444444444445,4.323260542769784,0.7920155969367899,6.910981810190668,-0.5445481438860051,7.857314814051647,515
2023_2023-05-20_day1_008_h90,M1_no_solar,pooled,2023,90,9.444444444444445,1.8591227186651813,-1.672122227167813,4.446843986086065,-3.008685967990608,5.393176989947044,515
2023_2023-05-20_day1_009_h90,M1_no_solar,pooled,2023,90,7.777777777777779,2.8732458628232047,-0.6579990830097895,5.460967130244088,-1.9945628238325845,6.407300134105068,515
2023_2023-05-20_day1_010_h90,M1_no_solar,pooled,2023,90,7.777777777777779,2.6217917007251876,-0.9094532451078066,5.209512968146071,-2.2460169859306016,6.15584597200705,515
2023_2023-05-20_day1_011_h90,M1_no_solar,pooled,2023,90,6.666666666666664,2.24461045757816,-1.2866344882548342,4.832331724999044,-2.6231982290776292,5.778664728860023,515
2023_2023-05-20_day1_012_h90,M1_no_solar,pooled,2023,90,5.555555555555557,1.993156295480143,-1.5380886503528512,4.580877562901026,-2.8746523911756463,5.527210566762006,515
2023_2023-05-20_day1_013_h90,M1_no_solar,pooled,2023,90,5.0,2.563081408083662,-0.9681635377493323,5.150802675504545,-2.3047272785721273,6.097135679365525,515
2023_2023-05-20_day1_014_h90,M1_no_solar,pooled,2023,90,5.0,3.0072794396381664,-0.5239655061948278,5.59500070705905,-1.860529247017623,6.541333710920029,515
2023_2023-05-20_day1_015_h90,M1_no_solar,pooled,2023,90,3.8888888888888857,1.3645208902350974,-2.166724055597897,3.9522421576559807,-3.503287796420692,4.898575161516961,515
2023_2023-05-20_day1_016_h90,M1_no_solar,pooled,2023,90,2.2222222222222214,1.1130667281370807,-2.4181782176959135,3.700787995557964,-3.7547419585187085,4.647120999418943,515
2023_2023-05-20_day1_017_h90,M1_no_solar,pooled,2023,90,1.6666666666666643,0.9873396470880716,-2.5439052987449227,3.575060914508955,-3.8804690395677177,4.5213939183699345,515
2023_2023-05-20_day1_018_h90,M1_no_solar,pooled,2023,90,1.6666666666666643,0.165960372386535,-3.365284573446459,2.7536816398074184,-4.701848314269254,3.700014643668398,515
2023_2023-05-20_day1_019_h90,M1_no_solar,pooled,2023,90,1.1111111111111145,-0.6554189023149961,-4.18666384814799,1.9323023651058873,-5.523227588970785,2.878635368966867,515
2023_2023-05-20_day1_020_h90,M1_no_solar,pooled,2023,90,-0.5555555555555571,-0.9068730644130144,-4.438118010246009,1.6808482030078689,-5.774681751068804,2.6271812068688485,515
2023_2023-05-20_day1_021_h90,M1_no_solar,pooled,2023,90,-0.5555555555555571,-0.9068730644130144,-4.438118010246009,1.6808482030078689,-5.774681751068804,2.6271812068688485,515
2023_2023-05-20_day1_022_h90,M1_no_solar,pooled,2023,90,0.0,-0.7811459833640049,-4.312390929196999,1.8065752840568785,-5.648954670019794,2.752908287917858,515
2023_2023-05-20_day1_023_h90,M1_no_solar,pooled,2023,90,0.0,-0.7811459833640049,-4.312390929196999,1.8065752840568785,-5.648954670019794,2.752908287917858,515
2023_2023-05-20_day1_024_h90,M1_no_solar,pooled,2023,90,-0.5555555555555571,-0.085493789711478,-3.6167387355444722,2.5022274777094053,-4.953302476367267,3.448560481570385,515
2023_2023-05-20_day1_025_h90,M1_no_solar,pooled,2023,90,-3.3333333333333357,-0.9068730644130144,-4.438118010246009,1.6808482030078689,-5.774681751068804,2.6271812068688485,515
2023_2023-05-20_day1_026_h90,M1_no_solar,pooled,2023,90,-2.7777777777777786,-0.7811459833640049,-4.312390929196999,1.8065752840568785,-5.648954670019794,2.752908287917858,515
2023_2023-05-20_day1_027_h90,M1_no_solar,pooled,2023,90,-3.8888888888888857,0.0402332913375262,-3.491011654495468,2.6279545587584097,-4.827575395318263,3.5742875626193893,515
2023_2023-05-20_day1_028_h90,M1_no_solar,pooled,2023,90,-5.555555555555557,-0.7811459833640049,-4.312390929196999,1.8065752840568785,-5.648954670019794,2.752908287917858,515
2023_2023-05-20_day1_002_h120,M1_no_solar,pooled,2023,120,8.333333333333332,7.132394589742458,3.601149643909464,9.720115857163341,2.264585903086669,10.666448861024321,515
2023_2023-05-20_day1_003_h120,M1_no_solar,pooled,2023,120,8.888888888888886,7.020462350277404,3.4892174044444095,9.608183617698288,2.1526536636216145,10.554516621559266,515
2023_2023-05-20_day1_004_h120,M1_no_solar,pooled,2023,120,8.88888888888889,7.819085905508004,4.28784095967501,10.406807172928888,2.9512772188522147,11.353140176789868,515
2023_2023-05-20_day1_005_h120,M1_no_solar,pooled,2023,120,11.111111111111114,7.7071536660429505,4.175908720209956,10.294874933463834,2.8393449793871612,11.241207937324813,515
2023_2023-05-20_day1_006_h120,M1_no_solar,pooled,2023,120,11.666666666666668,4.080028366235565,0.5487834204025708,6.667749633656449,-0.7877803204202243,7.614082637517428,515
2023_2023-05-20_day1_007_h120,M1_no_solar,pooled,2023,120,11.666666666666671,5.677275476696759,2.146030530863765,8.264996744117642,0.80946679004097,9.211329747978622,515
2023_2023-05-20_day1_008_h120,M1_no_solar,pooled,2023,120,11.666666666666664,3.8561638873054536,0.32491894147245937,6.4438851547263365,-1.0116447993503357,7.390218158587317,515
2023_2023-05-20_day1_009_h120,M1_no_solar,pooled,2023,120,9.444444444444445,3.2965026899801835,-0.23474225585281072,5.884223957401067,-1.5713059966756058,6.8305569612620465,515
2023_2023-05-20_day1_010_h120,M1_no_solar,pooled,2023,120,8.333333333333336,3.072638211050076,-0.45860673478291814,5.660359478470959,-1.7951704756057132,6.606692482331939,515
2023_2023-05-20_day1_011_h120,M1_no_solar,pooled,2023,120,7.7777777777777715,4.557953082046215,1.0267081362132204,7.1456743494670985,-0.3098556046095746,8.092007353328079,515
2023_2023-05-20_day1_012_h120,M1_no_solar,pooled,2023,120,7.777777777777779,4.334088603116108,0.8028436572831135,6.9218098705369915,-0.5337200835396816,7.868142874397971,515
2023_2023-05-20_day1_013_h120,M1_no_solar,pooled,2023,120,6.111111111111114,3.1996683294903523,-0.3315766163426419,5.787389596911236,-1.668140357165437,6.733722600772215,515
2023_2023-05-20_day1_014_h120,M1_no_solar,pooled,2023,120,4.444444444444443,3.774427405790837,0.24318245995784293,6.3621486732117205,-1.0933812808649521,7.308481677072701,515
2023_2023-05-20_day1_015_h120,M1_no_solar,pooled,2023,120,3.3333333333333286,1.9533158163995343,-1.5779291294334599,4.5410370838204175,-2.9144928702562547,5.487370087681398,515
2023_2023-05-20_day1_016_h120,M1_no_solar,pooled,2023,120,2.2222222222222214,0.818895542773773,-2.7123494030592212,3.4066168101946563,-4.048913143882016,4.352949814055636,515
2023_2023-05-20_day1_017_h120,M1_no_solar,pooled,2023,120,2.2222222222222214,1.6175190980043728,-1.9137258478286214,4.205240365425256,-3.2502895886514165,5.151573369286236,515
2023_2023-05-20_day1_018_h120,M1_no_solar,pooled,2023,120,1.6666666666666643,1.6175190980043728,-1.9137258478286214,4.205240365425256,-3.2502895886514165,5.151573369286236,515
2023_2023-05-20_day1_019_h120,M1_no_solar,pooled,2023,120,0.5555555555555571,-0.203592491386928,-3.7348374372199222,2.3841287760339553,-5.071401178042717,3.330461779894935,515
2023_2023-05-20_day1_020_h120,M1_no_solar,pooled,2023,120,-0.5555555555555571,-0.4274569703170368,-3.958701916150031,2.1602642971038466,-5.295265656972826,3.1065973009648262,515
2023_2023-05-20_day1_021_h120,M1_no_solar,pooled,2023,120,-0.5555555555555571,-0.4274569703170368,-3.958701916150031,2.1602642971038466,-5.295265656972826,3.1065973009648262,515
2023_2023-05-20_day1_022_h120,M1_no_solar,pooled,2023,120,-0.5555555555555571,-0.3155247308519824,-3.8467696766849766,2.272196536568901,-5.183333417507772,3.2185295404298806,515
2023_2023-05-20_day1_023_h120,M1_no_solar,pooled,2023,120,-2.7777777777777786,-0.3155247308519824,-3.8467696766849766,2.272196536568901,-5.183333417507772,3.2185295404298806,515
2023_2023-05-20_day1_024_h120,M1_no_solar,pooled,2023,120,-2.7777777777777786,0.4830988243786169,-3.0481461214543772,3.0708200917995003,-4.384709862277172,4.01715309566048,515
2023_2023-05-20_day1_025_h120,M1_no_solar,pooled,2023,120,-4.444444444444443,0.4830988243786107,-3.0481461214543835,3.070820091799494,-4.3847098622771785,4.017153095660474,515
2023_2023-05-20_day1_026_h120,M1_no_solar,pooled,2023,120,-5.555555555555557,-0.3155247308519824,-3.8467696766849766,2.272196536568901,-5.183333417507772,3.2185295404298806,515
2023_2023-05-20_day1_000_h15,M1_no_solar,horizon_specific,2023,15,0.5555555555555571,0.6383060146554185,-0.7887298579571438,2.2472785379045654,-1.363867851538142,2.8403118142383468,120
2023_2023-05-20_day1_001_h15,M1_no_solar,horizon_specific,2023,15,1.1111111111111107,1.071455136919198,-0.35558073569336424,2.6804276601683448,-0.9307187292743624,3.2734609365021266,120
2023_2023-05-20_day1_002_h15,M1_no_solar,horizon_specific,2023,15,0.5555555555555571,0.5972146685414652,-0.829821204071097,2.206187191790612,-1.4049591976520952,2.7992204681243935,120
2023_2023-05-20_day1_003_h15,M1_no_solar,horizon_specific,2023,15,1.1111111111111107,1.030363790805246,-0.39667208180731617,2.6393363140543933,-0.9718100753883143,3.2323695903881746,120
2023_2023-05-20_day1_004_h15,M1_no_solar,horizon_specific,2023,15,0.5555555555555536,0.556123322427512,-0.8709125501850503,2.165095845676659,-1.4460505437660485,2.7581291220104402,120
2023_2023-05-20_day1_006_h15,M1_no_solar,horizon_specific,2023,15,1.1111111111111107,0.3712122649147225,-1.0558236076978398,1.9801847881638694,-1.630961601278838,2.573218064497651,120
2023_2023-05-20_day1_007_h15,M1_no_solar,horizon_specific,2023,15,1.1111111111111145,1.237510509442286,-0.18952536317027624,2.8464830326914328,-0.7646633567512744,3.4395163090252145,120
2023_2023-05-20_day1_008_h15,M1_no_solar,horizon_specific,2023,15,2.7777777777777786,0.3301209188007693,-1.096914953811793,1.9390934420499164,-1.6720529473927912,2.5321267183836977,120
2023_2023-05-20_day1_009_h15,M1_no_solar,horizon_specific,2023,15,1.1111111111111072,0.2273925535158861,-1.1996433190966762,1.836365076765033,-1.7747813126776744,2.4293983530988146,120
2023_2023-05-20_day1_010_h15,M1_no_solar,horizon_specific,2023,15,1.6666666666666714,0.1863012074019331,-1.2407346652106293,1.79527373065108,-1.8158726587916274,2.3883070069848618,120
2023_2023-05-20_day1_011_h15,M1_no_solar,horizon_specific,2023,15,1.1111111111111072,0.1246641882310031,-1.3023716843815591,1.73363671148015,-1.8775096779625573,2.3266699878139314,120
2023_2023-05-20_day1_012_h15,M1_no_solar,horizon_specific,2023,15,1.6666666666666643,0.5372676374378063,-0.889768235174756,2.1462401606869532,-1.4649062287557542,2.739273437020735,120
2023_2023-05-20_day1_013_h15,M1_no_solar,horizon_specific,2023,15,1.1111111111111145,-0.4112132993176592,-1.8382491719302214,1.1977592239314878,-2.4133871655112196,1.7907925002652694,120
2023_2023-05-20_day1_014_h15,M1_no_solar,horizon_specific,2023,15,1.1111111111111145,0.8882340674736823,-0.53880180513888,2.497206590722829,-1.113939798719878,3.090239867056611,120
2023_2023-05-20_day1_015_h15,M1_no_solar,horizon_specific,2023,15,1.1111111111111072,-0.019155523167833,-1.4461913957803954,1.5898170000813139,-2.0213293893613935,2.1828502764150954,120
2023_2023-05-20_day1_016_h15,M1_no_solar,horizon_specific,2023,15,0.5555555555555571,-0.0602468692817861,-1.4872827418943484,1.5487256539673608,-2.0624207354753463,2.1417589303011426,120
2023_2023-05-20_day1_017_h15,M1_no_solar,horizon_specific,2023,15,0.0,-0.0807925423387628,-1.507828414951325,1.5281799809103842,-2.0829664085323234,2.1212132572441655,120
2023_2023-05-20_day1_018_h15,M1_no_solar,horizon_specific,2023,15,1.1111111111111072,0.8265970483027524,-0.6004388243098099,2.4355695715518992,-1.175576817890808,3.028602847885681,120
2023_2023-05-20_day1_019_h15,M1_no_solar,horizon_specific,2023,15,1.1111111111111145,-0.0807925423387627,-1.507828414951325,1.5281799809103842,-2.082966408532323,2.121213257244166,120
2023_2023-05-20_day1_020_h15,M1_no_solar,horizon_specific,2023,15,0.0,-0.121883888452716,-1.5489197610652783,1.487088634796431,-2.124057754646276,2.0801219111302127,120
2023_2023-05-20_day1_021_h15,M1_no_solar,horizon_specific,2023,15,-0.5555555555555571,-0.121883888452716,-1.5489197610652783,1.487088634796431,-2.124057754646276,2.0801219111302127,120
2023_2023-05-20_day1_022_h15,M1_no_solar,horizon_specific,2023,15,0.0,-0.1013382153957394,-1.5283740880083017,1.5076343078534076,-2.1035120815893,2.100667584187189,120
2023_2023-05-20_day1_023_h15,M1_no_solar,horizon_specific,2023,15,0.0,-0.5550330107164986,-1.982068883329061,1.0539395125326485,-2.557206876910059,1.6469727888664298,120
2023_2023-05-20_day1_024_h15,M1_no_solar,horizon_specific,2023,15,0.5555555555555571,0.331810906868043,-1.0952249657445192,1.94078343011719,-1.6703629593255174,2.5338167064509713,120
2023_2023-05-20_day1_025_h15,M1_no_solar,horizon_specific,2023,15,-0.5555555555555571,-0.121883888452716,-1.5489197610652783,1.487088634796431,-2.124057754646276,2.0801219111302127,120
2023_2023-05-20_day1_026_h15,M1_no_solar,horizon_specific,2023,15,0.0,-0.1013382153957394,-1.5283740880083017,1.5076343078534076,-2.1035120815893,2.100667584187189,120
2023_2023-05-20_day1_027_h15,M1_no_solar,horizon_specific,2023,15,0.0,-0.1013382153957394,-1.5283740880083017,1.5076343078534076,-2.1035120815893,2.100667584187189,120
2023_2023-05-20_day1_028_h15,M1_no_solar,horizon_specific,2023,15,0.0,-0.1013382153957394,-1.5283740880083017,1.5076343078534076,-2.1035120815893,2.100667584187189,120
2023_2023-05-20_day1_029_h15,M1_no_solar,horizon_specific,2023,15,-0.5555555555555571,-0.1013382153957394,-1.5283740880083017,1.5076343078534076,-2.1035120815893,2.100667584187189,120
2023_2023-05-20_day1_030_h15,M1_no_solar,horizon_specific,2023,15,-2.2222222222222214,-0.0807925423387627,-1.507828414951325,1.5281799809103842,-2.082966408532323,2.121213257244166,120
2023_2023-05-20_day1_031_h15,M1_no_solar,horizon_specific,2023,15,0.0,0.0013901498891436,-1.4256457227234187,1.6103626731382905,-2.000783716304417,2.203395949472072,120
2023_2023-05-20_day1_032_h15,M1_no_solar,horizon_specific,2023,15,-1.1111111111111072,0.4550849452098999,-0.9719509274026623,2.0640574684590467,-1.5470889209836605,2.6570907447928285,120
2023_2023-05-20_day1_033_h15,M1_no_solar,horizon_specific,2023,15,-1.6666666666666714,-0.3906676262606828,-1.817703498873245,1.2183048969884642,-2.3928414924542434,1.8113381733222458,120
2023_2023-05-20_day1_000_h30,M1_no_solar,horizon_specific,2023,30,1.666666666666668,1.826339502197326,-0.8166797516627387,4.050598854496404,-1.4016032796579385,4.681964876817547,113
2023_2023-05-20_day1_001_h30,M1_no_solar,horizon_specific,2023,30,1.666666666666668,1.7823108719828091,-0.8607083818772556,4.006570224281887,-1.4456319098724555,4.63793624660303,113
2023_2023-05-20_day1_002_h30,M1_no_solar,horizon_specific,2023,30,1.666666666666668,1.738282241768294,-0.9047370120917708,3.962541594067372,-1.4896605400869707,4.593907616388515,113
2023_2023-05-20_day1_003_h30,M1_no_solar,horizon_specific,2023,30,1.6666666666666643,1.6942536115537772,-0.9487656423062876,3.9185129638528555,-1.5336891703014874,4.549878986173999,113
2023_2023-05-20_day1_006_h30,M1_no_solar,horizon_specific,2023,30,2.222222222222225,1.7748059787436594,-0.8682132751164053,3.999065331042738,-1.4531368031116052,4.630431353363881,113
2023_2023-05-20_day1_007_h30,M1_no_solar,horizon_specific,2023,30,3.888888888888893,1.686748718314626,-0.9562705355454388,3.911008070613704,-1.5411940635406387,4.542374092934847,113
2023_2023-05-20_day1_008_h30,M1_no_solar,horizon_specific,2023,30,3.8888888888888857,0.6450713796445311,-1.9979478742155337,2.8693307319436094,-2.5828714022107335,3.5006967542647525,113
2023_2023-05-20_day1_009_h30,M1_no_solar,horizon_specific,2023,30,2.7777777777777786,0.424928228571948,-2.2180910252881167,2.6491875808710263,-2.8030145532833166,3.2805536031921694,113
2023_2023-05-20_day1_010_h30,M1_no_solar,horizon_specific,2023,30,2.7777777777777786,0.3368709681429152,-2.30614828571715,2.5611303204419933,-2.8910718137123492,3.1924963427631363,113
2023_2023-05-20_day1_011_h30,M1_no_solar,horizon_specific,2023,30,2.7777777777777715,0.7256237468344098,-1.917395507025655,2.949883099133488,-2.5023190350208546,3.581249121454631,113
2023_2023-05-20_day1_012_h30,M1_no_solar,horizon_specific,2023,30,2.7777777777777786,0.1167278170703318,-2.526291436789733,2.34098716936941,-3.1112149647849328,2.9723531916905532,113
2023_2023-05-20_day1_013_h30,M1_no_solar,horizon_specific,2023,30,2.2222222222222285,0.549509225976347,-2.0935100278837178,2.7737685782754253,-2.6784335558789176,3.4051346005965684,113
2023_2023-05-20_day1_014_h30,M1_no_solar,horizon_specific,2023,30,2.2222222222222214,0.938262004667842,-1.7047572491922227,3.1625213569669204,-2.2896807771874226,3.7938873792880634,113
2023_2023-05-20_day1_015_h30,M1_no_solar,horizon_specific,2023,30,1.6666666666666643,-0.1034153340022514,-2.746434587862316,2.120844018296827,-3.331358115857516,2.75221004061797,113
2023_2023-05-20_day1_016_h30,M1_no_solar,horizon_specific,2023,30,0.5555555555555571,-0.1914725944312845,-2.834491848291349,2.032786757867794,-3.4194153762865493,2.664152780188937,113
2023_2023-05-20_day1_017_h30,M1_no_solar,horizon_specific,2023,30,1.1111111111111072,0.806176114024292,-1.8368431398357727,3.0304354663233704,-2.4217666678309726,3.6618014886445134,113
2023_2023-05-20_day1_018_h30,M1_no_solar,horizon_specific,2023,30,2.2222222222222214,0.806176114024292,-1.8368431398357727,3.0304354663233704,-2.4217666678309726,3.6618014886445134,113
2023_2023-05-20_day1_019_h30,M1_no_solar,horizon_specific,2023,30,1.1111111111111145,-0.2355012246458008,-2.8785204785058656,1.9887581276532775,-3.4634440065010654,2.6201241499744206,113
2023_2023-05-20_day1_020_h30,M1_no_solar,horizon_specific,2023,30,-0.5555555555555571,-0.3235584850748345,-2.966577738934899,1.9007008672242438,-3.551501266930099,2.532066889545387,113
2023_2023-05-20_day1_021_h30,M1_no_solar,horizon_specific,2023,30,-0.5555555555555571,-0.3235584850748345,-2.966577738934899,1.9007008672242438,-3.551501266930099,2.532066889545387,113
2023_2023-05-20_day1_022_h30,M1_no_solar,horizon_specific,2023,30,0.0,-0.8003685241953657,-3.4433877780554303,1.4238908281037126,-4.028311306050631,2.055256850424856,113
2023_2023-05-20_day1_023_h30,M1_no_solar,horizon_specific,2023,30,0.5555555555555571,-0.2795298548603175,-2.922549108720382,1.9447294974387608,-3.507472636715582,2.576095519759904,113
2023_2023-05-20_day1_024_h30,M1_no_solar,horizon_specific,2023,30,0.0,0.1972801842602138,-2.445739069599851,2.421539536559292,-3.0306625975950507,3.0529055588804352,113
2023_2023-05-20_day1_025_h30,M1_no_solar,horizon_specific,2023,30,-0.5555555555555571,-0.3235584850748345,-2.966577738934899,1.9007008672242438,-3.551501266930099,2.532066889545387,113
2023_2023-05-20_day1_026_h30,M1_no_solar,horizon_specific,2023,30,0.0,-0.2795298548603175,-2.922549108720382,1.9447294974387608,-3.507472636715582,2.576095519759904,113
2023_2023-05-20_day1_027_h30,M1_no_solar,horizon_specific,2023,30,0.0,-0.2795298548603175,-2.922549108720382,1.9447294974387608,-3.507472636715582,2.576095519759904,113
2023_2023-05-20_day1_028_h30,M1_no_solar,horizon_specific,2023,30,-0.5555555555555571,-0.2795298548603175,-2.922549108720382,1.9447294974387608,-3.507472636715582,2.576095519759904,113
2023_2023-05-20_day1_029_h30,M1_no_solar,horizon_specific,2023,30,-2.7777777777777786,-0.2795298548603175,-2.922549108720382,1.9447294974387608,-3.507472636715582,2.576095519759904,113
2023_2023-05-20_day1_030_h30,M1_no_solar,horizon_specific,2023,30,-2.2222222222222214,-0.2355012246458008,-2.8785204785058656,1.9887581276532775,-3.4634440065010654,2.6201241499744206,113
2023_2023-05-20_day1_031_h30,M1_no_solar,horizon_specific,2023,30,-1.1111111111111072,0.4614519655473104,-2.1815672883127544,2.6857113178463887,-2.7664908163079542,3.3170773401675318,113
2023_2023-05-20_day1_032_h30,M1_no_solar,horizon_specific,2023,30,-2.7777777777777786,-0.0593867037877344,-2.702405957647799,2.164872648511344,-3.287329485642999,2.796238670832487,113
2023_2023-05-20_day1_000_h60,M1_no_solar,horizon_specific,2023,60,3.3333333333333357,4.056643952943787,0.6884357530411802,7.10453827999117,-0.4902641824699101,7.914047160188419,100
2023_2023-05-20_day1_001_h60,M1_no_solar,horizon_specific,2023,60,3.333333333333332,3.964920556585513,0.596712356682906,7.012814883632895,-0.5819875788281843,7.822323763830145,100
2023_2023-05-20_day1_006_h60,M1_no_solar,horizon_specific,2023,60,6.111111111111111,2.8642398002862297,-0.5039683996163773,5.912134127333612,-1.6826683351274676,6.7216430075308615,100
2023_2023-05-20_day1_007_h60,M1_no_solar,horizon_specific,2023,60,6.666666666666671,2.6807930075696818,-0.6874151923329253,5.728687334617064,-1.8661151278440156,6.538196214814313,100
2023_2023-05-20_day1_008_h60,M1_no_solar,horizon_specific,2023,60,6.666666666666664,1.2835709352446178,-2.084637264657989,4.331465262291999,-3.2633372001690795,5.140974142489249,100
2023_2023-05-20_day1_009_h60,M1_no_solar,horizon_specific,2023,60,5.55555555555555,1.5235649896157764,-1.8446432102868306,4.571459316663159,-3.023343145797921,5.380968196860408,100
2023_2023-05-20_day1_010_h60,M1_no_solar,horizon_specific,2023,60,5.555555555555557,0.6415071607367007,-2.7267010391659063,3.6894014877840826,-3.9054009746769967,4.498910367981332,100
2023_2023-05-20_day1_011_h60,M1_no_solar,horizon_specific,2023,60,5.0,1.763559043986939,-1.604649155915668,4.811453371034321,-2.783349091426758,5.62096225123157,100
2023_2023-05-20_day1_012_h60,M1_no_solar,horizon_specific,2023,60,5.0,1.5801122512703916,-1.7880959486322154,4.628006578317773,-2.9667958841433055,5.437515458515023,100
2023_2023-05-20_day1_013_h60,M1_no_solar,horizon_specific,2023,60,3.888888888888893,0.6980544223913152,-2.670153777511292,3.745948749438697,-3.848853713022382,4.555457629635947,100
2023_2023-05-20_day1_014_h60,M1_no_solar,horizon_specific,2023,60,2.7777777777777786,1.1214952694790217,-2.2467129304235853,4.169389596526404,-3.4254128659346756,4.9788984767236535,100
2023_2023-05-20_day1_015_h60,M1_no_solar,horizon_specific,2023,60,2.7777777777777715,1.1214952694790212,-2.2467129304235858,4.169389596526403,-3.425412865934676,4.978898476723653,100
2023_2023-05-20_day1_016_h60,M1_no_solar,horizon_specific,2023,60,2.7777777777777786,0.9380484767624736,-2.4301597231401333,3.9859428038098557,-3.6088596586512236,4.795451684007105,100
2023_2023-05-20_day1_017_h60,M1_no_solar,horizon_specific,2023,60,2.2222222222222214,0.8463250804041995,-2.5218831194984075,3.8942194074515815,-3.700583055009498,4.703728287648831,100
2023_2023-05-20_day1_018_h60,M1_no_solar,horizon_specific,2023,60,1.6666666666666643,0.8463250804041995,-2.5218831194984075,3.8942194074515815,-3.700583055009498,4.703728287648831,100
2023_2023-05-20_day1_019_h60,M1_no_solar,horizon_specific,2023,60,0.5555555555555571,-0.5508969919208608,-3.919105191823468,2.496997335126521,-5.097805127334558,3.3065062153237705,100
2023_2023-05-20_day1_020_h60,M1_no_solar,horizon_specific,2023,60,-0.5555555555555571,-1.4329548207999423,-4.80116302070255,1.6149395062474396,-5.97986295621364,2.424448386444689,100
2023_2023-05-20_day1_021_h60,M1_no_solar,horizon_specific,2023,60,0.0,-0.7343437846374101,-4.102551984540018,2.313550542409972,-5.281251920051107,3.1230594226072212,100
2023_2023-05-20_day1_022_h60,M1_no_solar,horizon_specific,2023,60,0.0,-0.642620388279135,-4.010828588181742,2.405273938768247,-5.189528523692832,3.2147828189654963,100
2023_2023-05-20_day1_023_h60,M1_no_solar,horizon_specific,2023,60,0.0,-0.642620388279135,-4.010828588181742,2.405273938768247,-5.189528523692832,3.2147828189654963,100
2023_2023-05-20_day1_024_h60,M1_no_solar,horizon_specific,2023,60,0.0,-0.035732748474877,-3.403940948377484,3.012161578572505,-4.582640883888574,3.8216704587697543,100
2023_2023-05-20_day1_025_h60,M1_no_solar,horizon_specific,2023,60,-0.5555555555555571,-0.7343437846374101,-4.102551984540018,2.313550542409972,-5.281251920051107,3.1230594226072212,100
2023_2023-05-20_day1_026_h60,M1_no_solar,horizon_specific,2023,60,-0.5555555555555571,-0.642620388279135,-4.010828588181742,2.405273938768247,-5.189528523692832,3.2147828189654963,100
2023_2023-05-20_day1_027_h60,M1_no_solar,horizon_specific,2023,60,-2.7777777777777786,-0.642620388279135,-4.010828588181742,2.405273938768247,-5.189528523692832,3.2147828189654963,100
2023_2023-05-20_day1_028_h60,M1_no_solar,horizon_specific,2023,60,-2.7777777777777786,-0.642620388279135,-4.010828588181742,2.405273938768247,-5.189528523692832,3.2147828189654963,100
2023_2023-05-20_day1_029_h60,M1_no_solar,horizon_specific,2023,60,-3.8888888888888857,0.0559906478833931,-3.312217552019214,3.103884974930775,-4.490917487530305,3.9133938551280245,100
2023_2023-05-20_day1_030_h60,M1_no_solar,horizon_specific,2023,60,-5.0,-0.5508969919208608,-3.919105191823468,2.496997335126521,-5.097805127334558,3.3065062153237705,100
2023_2023-05-20_day1_004_h90,M1_no_solar,horizon_specific,2023,90,6.666666666666664,5.706258434308881,1.1415186030622797,8.790528090832707,0.19770569200313837,9.542196256050454,92
2023_2023-05-20_day1_005_h90,M1_no_solar,horizon_specific,2023,90,7.222222222222221,5.580531353259873,1.015791522013271,8.664801009783698,0.07197861095412961,9.416469175001446,92
2023_2023-05-20_day1_006_h90,M1_no_solar,horizon_specific,2023,90,8.88888888888889,3.7533354301662705,-0.8114044010803312,6.837605086690097,-1.7552173121394725,7.589273251907844,92
2023_2023-05-20_day1_007_h90,M1_no_solar,horizon_specific,2023,90,9.444444444444445,4.323260542769784,-0.24147928847681754,7.4075301992936105,-1.1852921995359589,8.159198364511358,92
2023_2023-05-20_day1_008_h90,M1_no_solar,horizon_specific,2023,90,9.444444444444445,1.8591227186651813,-2.7056171125814203,4.943392375189007,-3.6494300236405617,5.695060540406755,92
2023_2023-05-20_day1_009_h90,M1_no_solar,horizon_specific,2023,90,7.777777777777779,2.8732458628232047,-1.691493968423397,5.95751551934703,-2.6353068794825383,6.709183684564778,92
2023_2023-05-20_day1_010_h90,M1_no_solar,horizon_specific,2023,90,7.777777777777779,2.6217917007251876,-1.942948130521414,5.7060613572490135,-2.8867610415805554,6.457729522466761,92
2023_2023-05-20_day1_011_h90,M1_no_solar,horizon_specific,2023,90,6.666666666666664,2.24461045757816,-2.3201293736684416,5.328880114101986,-3.263942284727583,6.080548279319734,92
2023_2023-05-20_day1_012_h90,M1_no_solar,horizon_specific,2023,90,5.555555555555557,1.993156295480143,-2.5715835357664587,5.077425952003969,-3.5153964468256,5.829094117221716,92
2023_2023-05-20_day1_013_h90,M1_no_solar,horizon_specific,2023,90,5.0,2.563081408083662,-2.0016584231629397,5.647351064607488,-2.945471334222081,6.399019229825235,92
2023_2023-05-20_day1_014_h90,M1_no_solar,horizon_specific,2023,90,5.0,3.0072794396381664,-1.5574603916084353,6.091549096161993,-2.5012733026675766,6.84321726137974,92
2023_2023-05-20_day1_015_h90,M1_no_solar,horizon_specific,2023,90,3.8888888888888857,1.3645208902350974,-3.2002189410115043,4.448790546758923,-4.144031852070645,5.200458711976671,92
2023_2023-05-20_day1_016_h90,M1_no_solar,horizon_specific,2023,90,2.2222222222222214,1.1130667281370807,-3.451673103109521,4.197336384660907,-4.395486014168663,4.949004549878654,92
2023_2023-05-20_day1_017_h90,M1_no_solar,horizon_specific,2023,90,1.6666666666666643,0.9873396470880716,-3.57740018415853,4.071609303611898,-4.5212130952176715,4.823277468829645,92
2023_2023-05-20_day1_018_h90,M1_no_solar,horizon_specific,2023,90,1.6666666666666643,0.165960372386535,-4.398779458860067,3.250230028910361,-5.342592369919208,4.001898194128108,92
2023_2023-05-20_day1_019_h90,M1_no_solar,horizon_specific,2023,90,1.1111111111111145,-0.6554189023149961,-5.220158733561598,2.42885075420883,-6.163971644620739,3.1805189194265773,92
2023_2023-05-20_day1_020_h90,M1_no_solar,horizon_specific,2023,90,-0.5555555555555571,-0.9068730644130144,-5.471612895659616,2.1773965921108114,-6.4154258067187575,2.929064757328559,92
2023_2023-05-20_day1_021_h90,M1_no_solar,horizon_specific,2023,90,-0.5555555555555571,-0.9068730644130144,-5.471612895659616,2.1773965921108114,-6.4154258067187575,2.929064757328559,92
2023_2023-05-20_day1_022_h90,M1_no_solar,horizon_specific,2023,90,0.0,-0.7811459833640049,-5.3458858146106065,2.303123673159821,-6.289698725669748,3.0547918383775685,92
2023_2023-05-20_day1_023_h90,M1_no_solar,horizon_specific,2023,90,0.0,-0.7811459833640049,-5.3458858146106065,2.303123673159821,-6.289698725669748,3.0547918383775685,92
2023_2023-05-20_day1_024_h90,M1_no_solar,horizon_specific,2023,90,-0.5555555555555571,-0.085493789711478,-4.65023362095808,2.998775866812348,-5.594046532017221,3.7504440320300954,92
2023_2023-05-20_day1_025_h90,M1_no_solar,horizon_specific,2023,90,-3.3333333333333357,-0.9068730644130144,-5.471612895659616,2.1773965921108114,-6.4154258067187575,2.929064757328559,92
2023_2023-05-20_day1_026_h90,M1_no_solar,horizon_specific,2023,90,-2.7777777777777786,-0.7811459833640049,-5.3458858146106065,2.303123673159821,-6.289698725669748,3.0547918383775685,92
2023_2023-05-20_day1_027_h90,M1_no_solar,horizon_specific,2023,90,-3.8888888888888857,0.0402332913375262,-4.524506539909075,3.124502947861352,-5.468319450968217,3.8761711130790997,92
2023_2023-05-20_day1_028_h90,M1_no_solar,horizon_specific,2023,90,-5.555555555555557,-0.7811459833640049,-5.3458858146106065,2.303123673159821,-6.289698725669748,3.0547918383775685,92
2023_2023-05-20_day1_002_h120,M1_no_solar,horizon_specific,2023,120,8.333333333333332,7.132394589742458,2.1597827577963526,10.302054327994805,1.3900252403255031,11.039455018403455,90
2023_2023-05-20_day1_003_h120,M1_no_solar,horizon_specific,2023,120,8.888888888888886,7.020462350277404,2.0478505183312983,10.19012208852975,1.2780930008604487,10.9275227789384,90
2023_2023-05-20_day1_004_h120,M1_no_solar,horizon_specific,2023,120,8.88888888888889,7.819085905508004,2.8464740735618985,10.98874564376035,2.076716556091049,11.726146334169,90
2023_2023-05-20_day1_005_h120,M1_no_solar,horizon_specific,2023,120,11.111111111111114,7.7071536660429505,2.734541834096845,10.876813404295296,1.9647843166259955,11.614214094703947,90
2023_2023-05-20_day1_006_h120,M1_no_solar,horizon_specific,2023,120,11.666666666666668,4.080028366235565,-0.8925834657105405,7.249688104487911,-1.66234098318139,7.987088794896561,90
2023_2023-05-20_day1_007_h120,M1_no_solar,horizon_specific,2023,120,11.666666666666671,5.677275476696759,0.7046636447506538,8.846935214949106,-0.06509387272019573,9.584335905357754,90
2023_2023-05-20_day1_008_h120,M1_no_solar,horizon_specific,2023,120,11.666666666666664,3.8561638873054536,-1.116447944640652,7.0258236255578,-1.8862054621115014,7.76322431596645,90
2023_2023-05-20_day1_009_h120,M1_no_solar,horizon_specific,2023,120,9.444444444444445,3.2965026899801835,-1.676109141965922,6.466162428232529,-2.4458666594367715,7.2035631186411795,90
2023_2023-05-20_day1_010_h120,M1_no_solar,horizon_specific,2023,120,8.333333333333336,3.072638211050076,-1.8999736208960294,6.242297949302422,-2.669731138366879,6.9796986397110725,90
2023_2023-05-20_day1_011_h120,M1_no_solar,horizon_specific,2023,120,7.7777777777777715,4.557953082046215,-0.4146587498998908,7.72761282029856,-1.1844162673707403,8.46501351070721,90
2023_2023-05-20_day1_012_h120,M1_no_solar,horizon_specific,2023,120,7.777777777777779,4.334088603116108,-0.6385232288299978,7.503748341368453,-1.4082807463008473,8.241149031777104,90
2023_2023-05-20_day1_013_h120,M1_no_solar,horizon_specific,2023,120,6.111111111111114,3.1996683294903523,-1.7729435024557532,6.369328067742698,-2.5427010199266027,7.106728758151348,90
2023_2023-05-20_day1_014_h120,M1_no_solar,horizon_specific,2023,120,4.444444444444443,3.774427405790837,-1.1981844261552683,6.944087144043183,-1.9679419436261179,7.681487834451833,90
2023_2023-05-20_day1_015_h120,M1_no_solar,horizon_specific,2023,120,3.3333333333333286,1.9533158163995343,-3.019296015546571,5.12297555465188,-3.7890535330174204,5.860376245060531,90
2023_2023-05-20_day1_016_h120,M1_no_solar,horizon_specific,2023,120,2.2222222222222214,0.818895542773773,-4.1537162891723325,3.988555281026119,-4.923473806643182,4.725955971434769,90
2023_2023-05-20_day1_017_h120,M1_no_solar,horizon_specific,2023,120,2.2222222222222214,1.6175190980043728,-3.3550927339417327,4.787178836256719,-4.124850251412582,5.524579526665368,90
2023_2023-05-20_day1_018_h120,M1_no_solar,horizon_specific,2023,120,1.6666666666666643,1.6175190980043728,-3.3550927339417327,4.787178836256719,-4.124850251412582,5.524579526665368,90
2023_2023-05-20_day1_019_h120,M1_no_solar,horizon_specific,2023,120,0.5555555555555571,-0.203592491386928,-5.1762043233330335,2.966067246865418,-5.945961840803883,3.703467937274068,90
2023_2023-05-20_day1_020_h120,M1_no_solar,horizon_specific,2023,120,-0.5555555555555571,-0.4274569703170368,-5.400068802263142,2.7422027679353094,-6.169826319733992,3.4796034583439592,90
2023_2023-05-20_day1_021_h120,M1_no_solar,horizon_specific,2023,120,-0.5555555555555571,-0.4274569703170368,-5.400068802263142,2.7422027679353094,-6.169826319733992,3.4796034583439592,90
2023_2023-05-20_day1_022_h120,M1_no_solar,horizon_specific,2023,120,-0.5555555555555571,-0.3155247308519824,-5.288136562798088,2.8541350074003637,-6.057894080268937,3.5915356978090136,90
2023_2023-05-20_day1_023_h120,M1_no_solar,horizon_specific,2023,120,-2.7777777777777786,-0.3155247308519824,-5.288136562798088,2.8541350074003637,-6.057894080268937,3.5915356978090136,90
2023_2023-05-20_day1_024_h120,M1_no_solar,horizon_specific,2023,120,-2.7777777777777786,0.4830988243786169,-4.4895130075674885,3.652758562630963,-5.259270525038338,4.390159253039613,90
2023_2023-05-20_day1_025_h120,M1_no_solar,horizon_specific,2023,120,-4.444444444444443,0.4830988243786107,-4.489513007567495,3.652758562630957,-5.259270525038344,4.390159253039607,90
2023_2023-05-20_day1_026_h120,M1_no_solar,horizon_specific,2023,120,-5.555555555555557,-0.3155247308519824,-5.288136562798088,2.8541350074003637,-6.057894080268937,3.5915356978090136,90
2024_2024-05-18_day1_000_h15,M1_no_solar,pooled,2024,15,1.1111111111111145,0.5450291027040244,-3.1749022240767957,3.716800363567101,-4.401795302085238,4.576448493988437,509
2024_2024-05-18_day1_001_h15,M1_no_solar,pooled,2024,15,0.5555555555555536,0.9792232808234866,-2.7407080459573336,4.150994541686563,-3.9676011239657756,5.010642672107899,509
2024_2024-05-18_day1_002_h15,M1_no_solar,pooled,2024,15,1.1111111111111107,0.9792232808234838,-2.7407080459573363,4.15099454168656,-3.9676011239657782,5.010642672107896,509
2024_2024-05-18_day1_003_h15,M1_no_solar,pooled,2024,15,1.666666666666668,0.9624366692283473,-2.757494657552473,4.134207930091424,-3.9843877355609147,4.99385606051276,509
2024_2024-05-18_day1_004_h15,M1_no_solar,pooled,2024,15,1.666666666666668,1.3966308473478066,-2.3233004794330134,4.568402108210883,-3.5501935574414554,5.428050238632219,509
2024_2024-05-18_day1_006_h15,M1_no_solar,pooled,2024,15,0.5555555555555571,0.8617169996575109,-2.858214327123309,4.0334882605205875,-4.085107405131751,4.893136390941923,509
2024_2024-05-18_day1_007_h15,M1_no_solar,pooled,2024,15,1.6666666666666643,1.329484400967249,-2.390446925813571,4.501255661830326,-3.617340003822013,5.360903792251662,509
2024_2024-05-18_day1_008_h15,M1_no_solar,pooled,2024,15,0.5555555555555571,0.8449303880623684,-2.8750009387184514,4.016701648925445,-4.101894016726893,4.876349779346781,509
2024_2024-05-18_day1_009_h15,M1_no_solar,pooled,2024,15,0.5555555555555571,-0.0906044145571081,-3.810535741337928,3.0811668463059685,-5.0374288193463705,3.9408149767273044,509
2024_2024-05-18_day1_010_h15,M1_no_solar,pooled,2024,15,2.2222222222222214,1.279124566181831,-2.4408067605989894,4.450895827044907,-3.6676998386074313,5.310543957466243,509
2024_2024-05-18_day1_011_h15,M1_no_solar,pooled,2024,15,-1.1111111111111145,0.3100165403720725,-3.4099147864087476,3.481787801235149,-4.6368078644171895,4.341435931656485,509
2024_2024-05-18_day1_012_h15,M1_no_solar,pooled,2024,15,1.6666666666666714,0.8113571648720926,-2.9085741619087275,3.983128425735169,-4.135467239917169,4.8427765561565055,509
2024_2024-05-18_day1_013_h15,M1_no_solar,pooled,2024,15,1.6666666666666643,0.3100165403720725,-3.4099147864087476,3.481787801235149,-4.6368078644171895,4.341435931656485,509
2024_2024-05-18_day1_014_h15,M1_no_solar,pooled,2024,15,-1.1111111111111072,0.2596567055866543,-3.4602746211941655,3.431427966449731,-4.6871676992026075,4.291076096871067,509
2024_2024-05-18_day1_015_h15,M1_no_solar,pooled,2024,15,3.8888888888888857,0.7609973300866714,-2.9589339966941486,3.932768590949748,-4.1858270747025905,4.792416721371084,509
2024_2024-05-18_day1_016_h15,M1_no_solar,pooled,2024,15,0.5555555555555571,0.1925102592060965,-3.5274210675747235,3.364281520069173,-4.754314145583166,4.223929650490509,509
2024_2024-05-18_day1_017_h15,M1_no_solar,pooled,2024,15,0.0,0.1757236476109571,-3.544207679169863,3.3474949084740335,-4.771100757178305,4.20714303889537,509
2024_2024-05-18_day1_018_h15,M1_no_solar,pooled,2024,15,-0.5555555555555571,0.6434910489206983,-3.076440277860122,3.815262309783775,-4.303333355868563,4.674910440205111,509
2024_2024-05-18_day1_019_h15,M1_no_solar,pooled,2024,15,2.2222222222222214,-0.2584705305085052,-3.978401857289325,2.9133007303545715,-5.2052949352977675,3.7729488607759074,509
2024_2024-05-18_day1_020_h15,M1_no_solar,pooled,2024,15,1.6666666666666643,0.5931312141352801,-3.12680011264554,3.764902474998357,-4.353693190653982,4.624550605419692,509
2024_2024-05-18_day1_021_h15,M1_no_solar,pooled,2024,15,-1.1111111111111072,0.0917905896352603,-3.62814073714556,3.263561850498337,-4.855033815154002,4.123209980919673,509
2024_2024-05-18_day1_022_h15,M1_no_solar,pooled,2024,15,0.5555555555555571,0.5931312141352771,-3.126800112645543,3.7649024749983537,-4.353693190653985,4.62455060541969,509
2024_2024-05-18_day1_023_h15,M1_no_solar,pooled,2024,15,1.1111111111111072,-0.3424035884841993,-4.062334915265019,2.8293676723788774,-5.289227993273461,3.6890158028002134,509
2024_2024-05-18_day1_024_h15,M1_no_solar,pooled,2024,15,1.1111111111111145,1.0105387806596002,-2.7093925461212196,4.182310041522677,-3.9362856241296615,5.041958171944013,509
2024_2024-05-18_day1_025_h15,M1_no_solar,pooled,2024,15,-1.1111111111111145,0.5427713793498589,-3.1771599474309613,3.7145426402129353,-4.404053025439403,4.574190770634272,509
2024_2024-05-18_day1_026_h15,M1_no_solar,pooled,2024,15,-1.6666666666666643,-0.3424035884841993,-4.062334915265019,2.8293676723788774,-5.289227993273461,3.6890158028002134,509
2024_2024-05-18_day1_027_h15,M1_no_solar,pooled,2024,15,2.2222222222222214,-0.3088303652939234,-4.0287616920747436,2.862940895569153,-5.2556547700831855,3.722589025990489,509
2024_2024-05-18_day1_028_h15,M1_no_solar,pooled,2024,15,0.5555555555555571,0.5427713793498619,-3.177159947430958,3.7145426402129385,-4.4040530254394,4.574190770634274,509
2024_2024-05-18_day1_029_h15,M1_no_solar,pooled,2024,15,0.5555555555555571,-0.3927634232696205,-4.112694750050441,2.779007837593456,-5.339587828058883,3.638655968014792,509
2024_2024-05-18_day1_030_h15,M1_no_solar,pooled,2024,15,-1.1111111111111145,0.5091981561595829,-3.2107331706212374,3.6809694170226592,-4.437626248629679,4.540617547443995,509
2024_2024-05-18_day1_031_h15,M1_no_solar,pooled,2024,15,-1.1111111111111145,0.0917905896352601,-3.62814073714556,3.263561850498337,-4.855033815154002,4.123209980919673,509
2024_2024-05-18_day1_032_h15,M1_no_solar,pooled,2024,15,-0.55555555555555,0.1253638128255391,-3.594567513955281,3.2971350736886156,-4.821460591963723,4.156783204109952,509
2024_2024-05-18_day1_033_h15,M1_no_solar,pooled,2024,15,-1.1111111111111145,0.1421504244206782,-3.577780902360142,3.3139216852837547,-4.804673980368584,4.173569815705091,509
2024_2024-05-18_day1_000_h30,M1_no_solar,pooled,2024,30,1.666666666666668,1.6787541295351356,-2.0411771972456845,4.850525390398213,-3.2680702752541264,5.7101735208195485,509
2024_2024-05-18_day1_001_h30,M1_no_solar,pooled,2024,30,1.6666666666666643,2.1641268807549414,-1.5558044460258786,5.335898141618018,-2.7826975240343206,6.195546272039354,509
2024_2024-05-18_day1_002_h30,M1_no_solar,pooled,2024,30,2.7777777777777786,2.164126880754942,-1.5558044460258782,5.335898141618019,-2.78269752403432,6.195546272039355,509
2024_2024-05-18_day1_003_h30,M1_no_solar,pooled,2024,30,3.3333333333333357,2.6867936207166565,-1.0331377060641636,5.858564881579733,-2.2600307840726055,6.718213012001069,509
2024_2024-05-18_day1_006_h30,M1_no_solar,pooled,2024,30,2.2222222222222214,2.4630296882652294,-1.2569016385155907,5.634800949128306,-2.4837947165240326,6.494449079549642,509
2024_2024-05-18_day1_007_h30,M1_no_solar,pooled,2024,30,2.2222222222222214,2.4630296882652254,-1.2569016385155947,5.6348009491283015,-2.4837947165240366,6.4944490795496375,509
2024_2024-05-18_day1_008_h30,M1_no_solar,pooled,2024,30,1.1111111111111145,0.7458535134124707,-2.9740778133683494,3.9176247742755472,-4.200970891376791,4.777272904696884,509
2024_2024-05-18_day1_009_h30,M1_no_solar,pooled,2024,30,2.7777777777777786,1.3058142421160897,-2.4141170846647304,4.477585502979166,-3.6410101626731723,5.337233633400502,509
2024_2024-05-18_day1_010_h30,M1_no_solar,pooled,2024,30,1.1111111111111072,1.791186993335896,-1.9287443334449241,4.9629582541989725,-3.155637411453366,5.822606384620308,509
2024_2024-05-18_day1_011_h30,M1_no_solar,pooled,2024,30,0.5555555555555571,1.1566382871484715,-2.563293039632349,4.328409548011548,-3.7901861176407907,5.188057678432884,509
2024_2024-05-18_day1_012_h30,M1_no_solar,pooled,2024,30,3.3333333333333357,1.231226264632281,-2.488705062148539,4.4029975254953575,-3.715598140156981,5.262645655916693,509
2024_2024-05-18_day1_013_h30,M1_no_solar,pooled,2024,30,0.5555555555555571,0.5966775584448525,-3.1232537683359674,3.7684488193079293,-4.350146846344409,4.628096949729265,509
2024_2024-05-18_day1_014_h30,M1_no_solar,pooled,2024,30,2.7777777777777786,1.0447563209227542,-2.675175005858066,4.216527581785831,-3.902068083866508,5.076175712207167,509
2024_2024-05-18_day1_015_h30,M1_no_solar,pooled,2024,30,4.444444444444443,1.1193442984065634,-2.6005870283742567,4.29111555926964,-3.8274801063826986,5.150763689690976,509
2024_2024-05-18_day1_016_h30,M1_no_solar,pooled,2024,30,0.5555555555555571,0.3356196372515203,-3.3843116895292997,3.507390898114597,-4.611204767537742,4.367039028535933,509
2024_2024-05-18_day1_017_h30,M1_no_solar,pooled,2024,30,-0.5555555555555571,0.8582863772132346,-2.8616449495675855,4.030057638076311,-4.0885380275760275,4.889705768497647,509
2024_2024-05-18_day1_018_h30,M1_no_solar,pooled,2024,30,1.6666666666666643,0.2983256485096157,-3.4216056782712045,3.470096909372692,-4.648498756279646,4.3297450397940285,509
2024_2024-05-18_day1_019_h30,M1_no_solar,pooled,2024,30,3.8888888888888857,0.3729136259934249,-3.3470177007873954,3.5446848868565013,-4.573910778795837,4.404333017277837,509
2024_2024-05-18_day1_020_h30,M1_no_solar,pooled,2024,30,0.5555555555555571,0.7464044109875211,-2.973526915793299,3.9181756718505976,-4.200419993801741,4.777823802271934,509
2024_2024-05-18_day1_021_h30,M1_no_solar,pooled,2024,30,-0.55555555555555,0.6718164335037089,-3.048114893277111,3.8435876943667857,-4.275007971285553,4.703235824788122,509
2024_2024-05-18_day1_022_h30,M1_no_solar,pooled,2024,30,1.6666666666666643,0.1864436822839019,-3.533487644496918,3.3582149431469785,-4.76038072250536,4.2178630735683145,509
2024_2024-05-18_day1_023_h30,M1_no_solar,pooled,2024,30,2.2222222222222214,0.7464044109875211,-2.973526915793299,3.9181756718505976,-4.200419993801741,4.777823802271934,509
2024_2024-05-18_day1_024_h30,M1_no_solar,pooled,2024,30,0.0,1.7544439021690383,-1.9654874246117817,4.926215163032115,-3.1923805026202237,5.785863293453451,509
2024_2024-05-18_day1_025_h30,M1_no_solar,pooled,2024,30,-2.7777777777777786,0.0745617160581881,-3.645369610722632,3.2463329769212645,-4.872262688731074,4.1059811073426005,509
2024_2024-05-18_day1_026_h30,M1_no_solar,pooled,2024,30,0.5555555555555571,-0.9334777751233324,-4.653409101904153,2.238293485739744,-5.8803021799125945,3.09794161616108,509
2024_2024-05-18_day1_027_h30,M1_no_solar,pooled,2024,30,2.7777777777777786,0.2610316597677111,-3.458899667013109,3.4328029206307877,-4.685792745021551,4.292451051052123,509
2024_2024-05-18_day1_028_h30,M1_no_solar,pooled,2024,30,1.1111111111111145,0.0745617160581881,-3.645369610722632,3.2463329769212645,-4.872262688731074,4.1059811073426005,509
2024_2024-05-18_day1_029_h30,M1_no_solar,pooled,2024,30,-0.5555555555555571,0.0745617160581881,-3.645369610722632,3.2463329769212645,-4.872262688731074,4.1059811073426005,509
2024_2024-05-18_day1_030_h30,M1_no_solar,pooled,2024,30,-2.2222222222222285,0.5599344672779978,-3.1599968595028223,3.7317057281410744,-4.386889937511264,4.59135385856241,509
2024_2024-05-18_day1_031_h30,M1_no_solar,pooled,2024,30,-1.6666666666666643,0.1118557048000929,-3.6080756219807273,3.2836269656631694,-4.834968699989169,4.143275096084506,509
2024_2024-05-18_day1_032_h30,M1_no_solar,pooled,2024,30,-1.6666666666666643,0.1864436822839024,-3.5334876444969177,3.358214943146979,-4.76038072250536,4.217863073568315,509
2024_2024-05-18_day1_000_h60,M1_no_solar,pooled,2024,60,4.444444444444446,4.656241443447895,0.9363101166670749,7.8280127043109715,-0.2905829613413671,8.687660834732307,509
2024_2024-05-18_day1_001_h60,M1_no_solar,pooled,2024,60,5.0,5.964322204568517,2.244390877787697,9.136093465431593,1.017497799779255,9.99574159585293,509
2024_2024-05-18_day1_004_h60,M1_no_solar,pooled,2024,60,5.555555555555554,6.446343739737799,2.7264124129569787,9.618115000600875,1.4995193349485367,10.477763131022211,509
2024_2024-05-18_day1_005_h60,M1_no_solar,pooled,2024,60,4.444444444444443,5.620284513786462,1.900353187005642,8.792055774649539,0.6734601089972001,9.651703905070875,509
2024_2024-05-18_day1_006_h60,M1_no_solar,pooled,2024,60,3.3333333333333357,3.882156639188271,0.16222531240745086,7.053927900051347,-1.064667765600991,7.913576030472683,509
2024_2024-05-18_day1_007_h60,M1_no_solar,pooled,2024,60,5.0,4.622206442444094,0.902275115663274,7.793977703307171,-0.32461796234516793,8.653625833728507,509
2024_2024-05-18_day1_008_h60,M1_no_solar,pooled,2024,60,2.2222222222222214,3.056097413236929,-0.6638339135438911,6.227868674100005,-1.890726991552333,7.087516804521341,509
2024_2024-05-18_day1_009_h60,M1_no_solar,pooled,2024,60,3.3333333333333357,3.0560974132369334,-0.6638339135438867,6.22786867410001,-1.8907269915523286,7.087516804521346,509
2024_2024-05-18_day1_010_h60,M1_no_solar,pooled,2024,60,4.444444444444443,3.6241283711017287,-0.09580295567909136,6.795899631964805,-1.3226960336875333,7.655547762386141,509
2024_2024-05-18_day1_011_h60,M1_no_solar,pooled,2024,60,1.1111111111111145,1.9720099191990503,-1.7479214075817697,5.143781180062127,-2.974814485590212,6.003429310483463,509
2024_2024-05-18_day1_012_h60,M1_no_solar,pooled,2024,60,6.111111111111114,2.8840785678459016,-0.8358527589349185,6.055849828708978,-2.0627458369433604,6.915497959130314,509
2024_2024-05-18_day1_013_h60,M1_no_solar,pooled,2024,60,5.0,1.9720099191990457,-1.7479214075817744,5.143781180062122,-2.9748144855902163,6.003429310483458,509
2024_2024-05-18_day1_014_h60,M1_no_solar,pooled,2024,60,3.3333333333333357,1.7139816511125046,-2.0059496756683153,4.885752911975581,-3.232842753676757,5.745401042396917,509
2024_2024-05-18_day1_015_h60,M1_no_solar,pooled,2024,60,3.8888888888888857,2.62605029975936,-1.0938810270214598,5.797821560622436,-2.320774105029902,6.657469691043772,509
2024_2024-05-18_day1_016_h60,M1_no_solar,pooled,2024,60,2.2222222222222214,0.6298941570746259,-3.090037169706194,3.8016654179377025,-4.316930247714636,4.661313548359038,509
2024_2024-05-18_day1_017_h60,M1_no_solar,pooled,2024,60,3.3333333333333286,1.2839345376349391,-2.435996789145881,4.455705798498016,-3.662889867154323,5.315353928919352,509
2024_2024-05-18_day1_018_h60,M1_no_solar,pooled,2024,60,2.2222222222222214,1.2839345376349391,-2.435996789145881,4.455705798498016,-3.662889867154323,5.315353928919352,509
2024_2024-05-18_day1_019_h60,M1_no_solar,pooled,2024,60,3.3333333333333357,1.4559533830259626,-2.2639779437548575,4.627724643889039,-3.4908710217632994,5.487372774310375,509
2024_2024-05-18_day1_020_h60,M1_no_solar,pooled,2024,60,2.2222222222222214,1.0259062695483985,-2.6940250572324214,4.197677530411475,-3.9209181352408633,5.057325660832811,509
2024_2024-05-18_day1_021_h60,M1_no_solar,pooled,2024,60,1.6666666666666714,1.5939372274131944,-2.1259940993676256,4.765708488276271,-3.3528871773760676,5.625356618697607,509
2024_2024-05-18_day1_022_h60,M1_no_solar,pooled,2024,60,1.6666666666666643,2.506005876060044,-1.213925450720776,5.677777136923121,-2.440818528729218,6.537425267344457,509
2024_2024-05-18_day1_023_h60,M1_no_solar,pooled,2024,60,-0.5555555555555571,1.0259062695483985,-2.6940250572324214,4.197677530411475,-3.9209181352408633,5.057325660832811,509
2024_2024-05-18_day1_024_h60,M1_no_solar,pooled,2024,60,0.5555555555555571,0.767878001461852,-2.952053325318968,3.9396492623249286,-4.17894640332741,4.799297392746265,509
2024_2024-05-18_day1_025_h60,M1_no_solar,pooled,2024,60,0.0,0.0278281982060288,-3.692103128574791,3.1995994590691055,-4.918996206583233,4.059247589490441,509
2024_2024-05-18_day1_026_h60,M1_no_solar,pooled,2024,60,1.6666666666666714,-1.19424314021908,-4.9141744669999,1.9775281206439965,-6.141067545008342,2.8371762510653324,509
2024_2024-05-18_day1_027_h60,M1_no_solar,pooled,2024,60,2.2222222222222214,0.4578753116835981,-3.262056015097222,3.6296465725466747,-4.4889490931056635,4.48929470296801,509
2024_2024-05-18_day1_028_h60,M1_no_solar,pooled,2024,60,-1.1111111111111145,0.7678780014618565,-2.9520533253189636,3.939649262324933,-4.178946403327405,4.7992973927462685,509
2024_2024-05-18_day1_029_h60,M1_no_solar,pooled,2024,60,-2.2222222222222214,0.0278281982060288,-3.692103128574791,3.1995994590691055,-4.918996206583233,4.059247589490441,509
2024_2024-05-18_day1_030_h60,M1_no_solar,pooled,2024,60,-3.888888888888893,0.5958591560708282,-3.124072170709992,3.7676304169339048,-4.350965248718434,4.627278547355241,509
2024_2024-05-18_day1_002_h90,M1_no_solar,pooled,2024,90,8.333333333333332,10.673062176255357,6.953130849474537,13.844833437118433,5.726237771466095,14.70448156753977,509
2024_2024-05-18_day1_003_h90,M1_no_solar,pooled,2024,90,7.777777777777779,10.54397342165423,6.824042094873409,13.715744682517306,5.597149016864967,14.575392812938642,509
2024_2024-05-18_day1_004_h90,M1_no_solar,pooled,2024,90,7.777777777777775,11.198602359504765,7.478671032723945,14.370373620367841,6.251777954715503,15.230021750789177,509
2024_2024-05-18_day1_005_h90,M1_no_solar,pooled,2024,90,6.666666666666664,10.156707157850832,6.436775831070012,13.328478418713908,5.20988275306157,14.188126549135244,509
2024_2024-05-18_day1_006_h90,M1_no_solar,pooled,2024,90,4.444444444444443,7.031021552889046,3.3110902261082256,10.202792813752122,2.0841971480997836,11.062440944173458,509
2024_2024-05-18_day1_007_h90,M1_no_solar,pooled,2024,90,5.555555555555557,7.031021552889046,3.3110902261082256,10.202792813752122,2.0841971480997836,11.062440944173458,509
2024_2024-05-18_day1_008_h90,M1_no_solar,pooled,2024,90,5.555555555555557,5.076319904182316,1.3563885774014963,8.248091165045393,0.12949549939305438,9.107739295466729,509
2024_2024-05-18_day1_009_h90,M1_no_solar,pooled,2024,90,3.888888888888893,4.163513457129519,0.4435821303486991,7.335284717992596,-0.7833109476597429,8.19493284841393,509
2024_2024-05-18_day1_010_h90,M1_no_solar,pooled,2024,90,7.222222222222221,5.73094884203285,2.01101751525203,8.902720102895927,0.7841244372435883,9.762368233317263,509
2024_2024-05-18_day1_011_h90,M1_no_solar,pooled,2024,90,5.555555555555557,3.64715843872499,-0.07277288805583026,6.818929699588066,-1.2996659660642722,7.678577830009402,509
2024_2024-05-18_day1_012_h90,M1_no_solar,pooled,2024,90,6.666666666666671,3.905335947927252,0.18540462114643175,7.077107208790329,-1.0414884568620102,7.936755339211665,509
2024_2024-05-18_day1_013_h90,M1_no_solar,pooled,2024,90,4.444444444444443,3.64715843872499,-0.07277288805583026,6.818929699588066,-1.2996659660642722,7.678577830009402,509
2024_2024-05-18_day1_014_h90,M1_no_solar,pooled,2024,90,5.0,2.347085727868796,-1.3728455989120238,5.518856988731873,-2.599738676920466,6.378505119153209,509
2024_2024-05-18_day1_015_h90,M1_no_solar,pooled,2024,90,7.7777777777777715,3.5180696841238595,-0.2018616426569606,6.689840944986936,-1.4287547206654025,7.549489075408272,509
2024_2024-05-18_day1_016_h90,M1_no_solar,pooled,2024,90,2.7777777777777786,1.8307307094642775,-1.8892006173165425,5.002501970327354,-3.1160936953249845,5.86215010074869,509
2024_2024-05-18_day1_017_h90,M1_no_solar,pooled,2024,90,2.7777777777777786,2.614448401915942,-1.1054829248648779,5.786219662779018,-2.33237600287332,6.645867793200354,509
2024_2024-05-18_day1_018_h90,M1_no_solar,pooled,2024,90,3.8888888888888857,1.7016419548631465,-2.0182893719176738,4.873413215726223,-3.2451824499261157,5.733061346147559,509
2024_2024-05-18_day1_019_h90,M1_no_solar,pooled,2024,90,5.555555555555557,2.872625911118205,-0.847305415662615,6.044397171981282,-2.074198493671057,6.904045302402618,509
2024_2024-05-18_day1_020_h90,M1_no_solar,pooled,2024,90,2.2222222222222214,4.052795032218149,0.3328637054373287,7.224566293081225,-0.8940293725711133,8.084214423502562,509
2024_2024-05-18_day1_021_h90,M1_no_solar,pooled,2024,90,-1.1111111111111072,1.9690046289102905,-1.7509266978705296,5.1407758897733675,-2.9778197758789715,6.0004240201947034,509
2024_2024-05-18_day1_022_h90,M1_no_solar,pooled,2024,90,2.2222222222222214,1.3143756910597486,-2.4055556357210715,4.486146951922825,-3.6324487137295134,5.345795082344161,509
2024_2024-05-18_day1_023_h90,M1_no_solar,pooled,2024,90,2.2222222222222214,1.3143756910597544,-2.4055556357210657,4.486146951922831,-3.6324487137295076,5.345795082344167,509
2024_2024-05-18_day1_024_h90,M1_no_solar,pooled,2024,90,1.6666666666666714,0.9271094272563564,-2.792821899524464,4.098880688119433,-4.019714977532906,4.958528818540769,509
2024_2024-05-18_day1_025_h90,M1_no_solar,pooled,2024,90,-0.5555555555555571,0.014302980203559,-3.705628346577261,3.1860742410666356,-4.932521424585703,4.0457223714879715,509
2024_2024-05-18_day1_026_h90,M1_no_solar,pooled,2024,90,-0.5555555555555571,-0.5112372030458436,-4.231168529826664,2.660534057817233,-5.458061607835106,3.520182188238569,509
2024_2024-05-18_day1_027_h90,M1_no_solar,pooled,2024,90,0.5555555555555571,0.6597467532092143,-3.060184573571606,3.831518014072291,-4.287077651580048,4.691166144493627,509
2024_2024-05-18_day1_028_h90,M1_no_solar,pooled,2024,90,-2.7777777777777786,0.9271094272563616,-2.7928218995244585,4.098880688119438,-4.0197149775329,4.958528818540774,509
2024_2024-05-18_day1_000_h120,M1_no_solar,pooled,2024,120,10.0,12.890604678516125,9.170673351735305,16.0623759393792,7.943780273726863,16.922024069800536,509
2024_2024-05-18_day1_001_h120,M1_no_solar,pooled,2024,120,9.444444444444445,13.669495319878612,9.949563993097792,16.84126658074169,8.722670915089349,17.700914711163023,509
2024_2024-05-18_day1_002_h120,M1_no_solar,pooled,2024,120,10.555555555555554,14.69526869745369,10.97533737067287,17.867039958316767,9.748444292664427,18.7266880887381,509
2024_2024-05-18_day1_003_h120,M1_no_solar,pooled,2024,120,10.0,14.571827329347393,10.851896002566573,17.743598590210468,9.625002924558132,18.603246720631805,509
2024_2024-05-18_day1_004_h120,M1_no_solar,pooled,2024,120,8.88888888888889,12.273397837984634,8.553466511203814,15.44516909884771,7.326573433195372,16.304817229269048,509
2024_2024-05-18_day1_005_h120,M1_no_solar,pooled,2024,120,9.444444444444445,12.149956469878337,8.430025143097517,15.321727730741413,7.203132065089075,16.18137586116275,509
2024_2024-05-18_day1_006_h120,M1_no_solar,pooled,2024,120,7.777777777777779,8.702312232834206,4.982380906053386,11.874083493697283,3.755487828044944,12.733731624118619,509
2024_2024-05-18_day1_007_h120,M1_no_solar,pooled,2024,120,6.111111111111114,7.676538855259123,3.956607528478303,10.8483101161222,2.729714450469861,11.707958246543535,509
2024_2024-05-18_day1_008_h120,M1_no_solar,pooled,2024,120,8.333333333333336,6.527324109577741,2.8073927827969207,9.699095370440817,1.5804997047884788,10.558743500862153,509
2024_2024-05-18_day1_009_h120,M1_no_solar,pooled,2024,120,8.333333333333336,5.501550732002663,1.7816194052218428,8.67332199286574,0.5547263272134009,9.532970123287075,509
2024_2024-05-18_day1_010_h120,M1_no_solar,pooled,2024,120,7.777777777777779,6.280441373365145,2.5605100465843247,9.452212634228221,1.3336169685758827,10.311860764649557,509
2024_2024-05-18_day1_011_h120,M1_no_solar,pooled,2024,120,5.0,5.0077852595774734,1.2878539327966534,8.17955652044055,0.06096085478821145,9.039204650861887,509
2024_2024-05-18_day1_012_h120,M1_no_solar,pooled,2024,120,8.333333333333336,4.2288946182149845,0.5089632914341644,7.400665879078061,-0.7179297865742775,8.260314009499396,509
2024_2024-05-18_day1_013_h120,M1_no_solar,pooled,2024,120,8.333333333333329,3.982011882002389,0.2620805552215688,7.153783142865466,-0.9648125227868731,8.013431273286802,509
2024_2024-05-18_day1_014_h120,M1_no_solar,pooled,2024,120,5.555555555555557,3.6116877776834966,-0.10824354909732348,6.783459038546573,-1.3351366271057654,7.643107168967909,509
2024_2024-05-18_day1_015_h120,M1_no_solar,pooled,2024,120,7.222222222222221,4.884343891471168,1.1644125646903483,8.056115152334245,-0.06248051331809368,8.91576328275558,509
2024_2024-05-18_day1_016_h120,M1_no_solar,pooled,2024,120,4.444444444444443,2.0921489276832284,-1.6277823990975917,5.2639201885463045,-2.8546754771060336,6.12356831896764,509
2024_2024-05-18_day1_017_h120,M1_no_solar,pooled,2024,120,5.0,4.020254314727093,0.30032298794627277,7.192025575590169,-0.9265700900621692,8.051673706011506,509
2024_2024-05-18_day1_018_h120,M1_no_solar,pooled,2024,120,3.8888888888888857,5.04602769230217,1.3260963655213498,8.217798953165246,0.09920328751290786,9.077447083586582,509
2024_2024-05-18_day1_019_h120,M1_no_solar,pooled,2024,120,2.7777777777777786,3.241363673364604,-0.4785676534162162,6.41313493422768,-1.7054607314246581,7.272783064649016,509
2024_2024-05-18_day1_020_h120,M1_no_solar,pooled,2024,120,2.7777777777777786,2.624156832833116,-1.095774493947704,5.795928093696192,-2.322667571956146,6.655576224117528,509
2024_2024-05-18_day1_021_h120,M1_no_solar,pooled,2024,120,1.6666666666666714,2.3772740966205226,-1.3426572301602975,5.5490453574836,-2.5695503081687394,6.4086934879049355,509
2024_2024-05-18_day1_022_h120,M1_no_solar,pooled,2024,120,3.3333333333333357,1.5983834552580318,-2.1215478715227882,4.770154716121109,-3.34844094953123,5.629802846542445,509
2024_2024-05-18_day1_023_h120,M1_no_solar,pooled,2024,120,1.6666666666666643,1.5983834552580385,-2.1215478715227816,4.770154716121115,-3.3484409495312235,5.629802846542451,509
2024_2024-05-18_day1_024_h120,M1_no_solar,pooled,2024,120,-0.5555555555555571,2.253832728514224,-1.466098598266596,5.425603989377301,-2.692991676275038,6.285252119798637,509
2024_2024-05-18_day1_025_h120,M1_no_solar,pooled,2024,120,-2.2222222222222214,0.2022859733640611,-3.517645353416759,3.3740572342271378,-4.744538431425201,4.233705364648474,509
2024_2024-05-18_day1_026_h120,M1_no_solar,pooled,2024,120,-2.2222222222222214,-0.4531632998921227,-4.173094626672943,2.718607960970954,-5.399987704681385,3.57825609139229,509
2024_2024-05-18_day1_000_h15,M1_no_solar,horizon_specific,2024,15,1.1111111111111145,0.5450291027040244,-0.8547152242752181,2.029590457085167,-1.564470797988867,2.3931319087990404,120
2024_2024-05-18_day1_001_h15,M1_no_solar,horizon_specific,2024,15,0.5555555555555536,0.9792232808234866,-0.4205210461557558,2.463784635204629,-1.1302766198694048,2.827326086918503,120
2024_2024-05-18_day1_002_h15,M1_no_solar,horizon_specific,2024,15,1.1111111111111107,0.9792232808234838,-0.4205210461557587,2.463784635204626,-1.1302766198694076,2.8273260869184997,120
2024_2024-05-18_day1_003_h15,M1_no_solar,horizon_specific,2024,15,1.666666666666668,0.9624366692283473,-0.4373076577508952,2.4469980236094893,-1.1470632314645441,2.8105394753233632,120
2024_2024-05-18_day1_004_h15,M1_no_solar,horizon_specific,2024,15,1.666666666666668,1.3966308473478066,-0.0031134796314358226,2.8811922017289486,-0.7128690533450848,3.2447336534428226,120
2024_2024-05-18_day1_006_h15,M1_no_solar,horizon_specific,2024,15,0.5555555555555571,0.8617169996575109,-0.5380273273217315,2.3462783540386534,-1.2477829010353805,2.709819805752527,120
2024_2024-05-18_day1_007_h15,M1_no_solar,horizon_specific,2024,15,1.6666666666666643,1.329484400967249,-0.07025992601199338,2.814045755348391,-0.7800154997256423,3.177587207062265,120
2024_2024-05-18_day1_008_h15,M1_no_solar,horizon_specific,2024,15,0.5555555555555571,0.8449303880623684,-0.554813938916874,2.3294917424435106,-1.264569512630523,2.693033194157384,120
2024_2024-05-18_day1_009_h15,M1_no_solar,horizon_specific,2024,15,0.5555555555555571,-0.0906044145571081,-1.4903487415363506,1.3939569398240341,-2.2001043152499995,1.7574983915379079,120
2024_2024-05-18_day1_010_h15,M1_no_solar,horizon_specific,2024,15,2.2222222222222214,1.279124566181831,-0.12061976079741155,2.763685920562973,-0.8303753345110605,3.127227372276847,120
2024_2024-05-18_day1_011_h15,M1_no_solar,horizon_specific,2024,15,-1.1111111111111145,0.3100165403720725,-1.08972778660717,1.7945778947532147,-1.799483360320819,2.1581193464670885,120
2024_2024-05-18_day1_012_h15,M1_no_solar,horizon_specific,2024,15,1.6666666666666714,0.8113571648720926,-0.5883871621071498,2.295918519253235,-1.2981427358207989,2.6594599709671085,120
2024_2024-05-18_day1_013_h15,M1_no_solar,horizon_specific,2024,15,1.6666666666666643,0.3100165403720725,-1.08972778660717,1.7945778947532147,-1.799483360320819,2.1581193464670885,120
2024_2024-05-18_day1_014_h15,M1_no_solar,horizon_specific,2024,15,-1.1111111111111072,0.2596567055866543,-1.1400876213925881,1.7442180599677966,-1.849843195106237,2.10775951168167,120
2024_2024-05-18_day1_015_h15,M1_no_solar,horizon_specific,2024,15,3.8888888888888857,0.7609973300866714,-0.6387469968925711,2.2455586844678135,-1.34850257060622,2.6091001361816875,120
2024_2024-05-18_day1_016_h15,M1_no_solar,horizon_specific,2024,15,0.5555555555555571,0.1925102592060965,-1.207234067773146,1.6770716135872388,-1.9169896414867948,2.0406130653011125,120
2024_2024-05-18_day1_017_h15,M1_no_solar,horizon_specific,2024,15,0.0,0.1757236476109571,-1.2240206793682853,1.6602850019920994,-1.9337762530819342,2.023826453705973,120
2024_2024-05-18_day1_018_h15,M1_no_solar,horizon_specific,2024,15,-0.5555555555555571,0.6434910489206983,-0.7562532780585441,2.1280524033018406,-1.4660088517721932,2.491593855015714,120
2024_2024-05-18_day1_019_h15,M1_no_solar,horizon_specific,2024,15,2.2222222222222214,-0.2584705305085052,-1.6582148574877476,1.226090823872637,-2.3679704312013965,1.5896322755865109,120
2024_2024-05-18_day1_020_h15,M1_no_solar,horizon_specific,2024,15,1.6666666666666643,0.5931312141352801,-0.8066131128439623,2.0776925685164223,-1.5163686865576111,2.4412340202302962,120
2024_2024-05-18_day1_021_h15,M1_no_solar,horizon_specific,2024,15,-1.1111111111111072,0.0917905896352603,-1.3079537373439822,1.5763519440164024,-2.017709311057631,1.9398933957302762,120
2024_2024-05-18_day1_022_h15,M1_no_solar,horizon_specific,2024,15,0.5555555555555571,0.5931312141352771,-0.8066131128439653,2.0776925685164196,-1.5163686865576143,2.441234020230293,120
2024_2024-05-18_day1_023_h15,M1_no_solar,horizon_specific,2024,15,1.1111111111111072,-0.3424035884841993,-1.7421479154634416,1.1421577658969428,-2.4519034891770906,1.5056992176108168,120
2024_2024-05-18_day1_024_h15,M1_no_solar,horizon_specific,2024,15,1.1111111111111145,1.0105387806596002,-0.3892055463196422,2.4951001350407425,-1.0989611200332912,2.858641586754616,120
2024_2024-05-18_day1_025_h15,M1_no_solar,horizon_specific,2024,15,-1.1111111111111145,0.5427713793498589,-0.8569729476293836,2.027332733731001,-1.5667285213430326,2.3908741854448747,120
2024_2024-05-18_day1_026_h15,M1_no_solar,horizon_specific,2024,15,-1.6666666666666643,-0.3424035884841993,-1.7421479154634416,1.1421577658969428,-2.4519034891770906,1.5056992176108168,120
2024_2024-05-18_day1_027_h15,M1_no_solar,horizon_specific,2024,15,2.2222222222222214,-0.3088303652939234,-1.708574692273166,1.175730989087219,-2.418330265986815,1.5392724408010925,120
2024_2024-05-18_day1_028_h15,M1_no_solar,horizon_specific,2024,15,0.5555555555555571,0.5427713793498619,-0.8569729476293806,2.0273327337310043,-1.5667285213430295,2.390874185444878,120
2024_2024-05-18_day1_029_h15,M1_no_solar,horizon_specific,2024,15,0.5555555555555571,-0.3927634232696205,-1.7925077502488629,1.0917979311115218,-2.502263323962512,1.4553393828253955,120
2024_2024-05-18_day1_030_h15,M1_no_solar,horizon_specific,2024,15,-1.1111111111111145,0.5091981561595829,-0.8905461708196596,1.993759510540725,-1.6003017445333085,2.357300962254599,120
2024_2024-05-18_day1_031_h15,M1_no_solar,horizon_specific,2024,15,-1.1111111111111145,0.0917905896352601,-1.3079537373439822,1.5763519440164022,-2.017709311057631,1.9398933957302762,120
2024_2024-05-18_day1_032_h15,M1_no_solar,horizon_specific,2024,15,-0.55555555555555,0.1253638128255391,-1.2743805141537035,1.6099251672066814,-1.9841360878673524,1.973466618920555,120
2024_2024-05-18_day1_033_h15,M1_no_solar,horizon_specific,2024,15,-1.1111111111111145,0.1421504244206782,-1.2575939025585643,1.6267117788018204,-1.9673494762722132,1.9902532305156941,120
2024_2024-05-18_day1_000_h30,M1_no_solar,horizon_specific,2024,30,1.666666666666668,1.6787541295351356,-0.7550182602060382,4.011993253539517,-1.549188652320129,4.411319779361725,113
2024_2024-05-18_day1_001_h30,M1_no_solar,horizon_specific,2024,30,1.6666666666666643,2.1641268807549414,-0.2696455089862324,4.497366004759323,-1.0638159011003232,4.8966925305815305,113
2024_2024-05-18_day1_002_h30,M1_no_solar,horizon_specific,2024,30,2.7777777777777786,2.164126880754942,-0.26964550898623196,4.497366004759323,-1.0638159011003228,4.896692530581531,113
2024_2024-05-18_day1_003_h30,M1_no_solar,horizon_specific,2024,30,3.3333333333333357,2.6867936207166565,0.2530212309754827,5.020032744721037,-0.5411491611386081,5.4193592705432465,113
2024_2024-05-18_day1_006_h30,M1_no_solar,horizon_specific,2024,30,2.2222222222222214,2.4630296882652294,0.029257298524055564,4.796268812269611,-0.7649130935900352,5.1955953380918185,113
2024_2024-05-18_day1_007_h30,M1_no_solar,horizon_specific,2024,30,2.2222222222222214,2.4630296882652254,0.029257298524051567,4.796268812269607,-0.7649130935900392,5.195595338091815,113
2024_2024-05-18_day1_008_h30,M1_no_solar,horizon_specific,2024,30,1.1111111111111145,0.7458535134124707,-1.6879188763287032,3.079092637416852,-2.482089268442794,3.47841916323906,113
2024_2024-05-18_day1_009_h30,M1_no_solar,horizon_specific,2024,30,2.7777777777777786,1.3058142421160897,-1.1279581476250842,3.639053366120471,-1.922128539739175,4.038379891942679,113
2024_2024-05-18_day1_010_h30,M1_no_solar,horizon_specific,2024,30,1.1111111111111072,1.791186993335896,-0.6425853964052779,4.124426117340278,-1.4367557885193687,4.523752643162485,113
2024_2024-05-18_day1_011_h30,M1_no_solar,horizon_specific,2024,30,0.5555555555555571,1.1566382871484715,-1.2771341025927023,3.489877411152853,-2.0713044947067933,3.8892039369750613,113
2024_2024-05-18_day1_012_h30,M1_no_solar,horizon_specific,2024,30,3.3333333333333357,1.231226264632281,-1.202546125108893,3.564465388636662,-1.9967165172229837,3.9637919144588705,113
2024_2024-05-18_day1_013_h30,M1_no_solar,horizon_specific,2024,30,0.5555555555555571,0.5966775584448525,-1.8370948312963213,2.9299166824492335,-2.631265223410412,3.329243208271442,113
2024_2024-05-18_day1_014_h30,M1_no_solar,horizon_specific,2024,30,2.7777777777777786,1.0447563209227542,-1.3890160688184197,3.3779954449271354,-2.1831864609325105,3.7773219707493437,113
2024_2024-05-18_day1_015_h30,M1_no_solar,horizon_specific,2024,30,4.444444444444443,1.1193442984065634,-1.3144280913346105,3.4525834224109446,-2.1085984834487013,3.851909948233153,113
2024_2024-05-18_day1_016_h30,M1_no_solar,horizon_specific,2024,30,0.5555555555555571,0.3356196372515203,-2.0981527524896535,2.6688587612559016,-2.8923231446037443,3.06818528707811,113
2024_2024-05-18_day1_017_h30,M1_no_solar,horizon_specific,2024,30,-0.5555555555555571,0.8582863772132346,-1.5754860125279393,3.191525501217616,-2.36965640464203,3.590852027039824,113
2024_2024-05-18_day1_018_h30,M1_no_solar,horizon_specific,2024,30,1.6666666666666643,0.2983256485096157,-2.1354467412315583,2.631564772513997,-2.929617133345649,3.030891298336205,113
2024_2024-05-18_day1_019_h30,M1_no_solar,horizon_specific,2024,30,3.8888888888888857,0.3729136259934249,-2.060858763747749,2.7061527499978064,-2.85502915586184,3.1054792758200147,113
2024_2024-05-18_day1_020_h30,M1_no_solar,horizon_specific,2024,30,0.5555555555555571,0.7464044109875211,-1.6873679787536529,3.0796435349919022,-2.4815383708677436,3.4789700608141105,113
2024_2024-05-18_day1_021_h30,M1_no_solar,horizon_specific,2024,30,-0.55555555555555,0.6718164335037089,-1.761955956237465,3.00505555750809,-2.5561263483515555,3.4043820833302982,113
2024_2024-05-18_day1_022_h30,M1_no_solar,horizon_specific,2024,30,1.6666666666666643,0.1864436822839019,-2.247328707457272,2.5196828062882832,-3.0414990995713627,2.9190093321104915,113
2024_2024-05-18_day1_023_h30,M1_no_solar,horizon_specific,2024,30,2.2222222222222214,0.7464044109875211,-1.6873679787536529,3.0796435349919022,-2.4815383708677436,3.4789700608141105,113
2024_2024-05-18_day1_024_h30,M1_no_solar,horizon_specific,2024,30,0.0,1.7544439021690383,-0.6793284875721355,4.087683026173419,-1.4734988796862263,4.487009551995628,113
2024_2024-05-18_day1_025_h30,M1_no_solar,horizon_specific,2024,30,-2.7777777777777786,0.0745617160581881,-2.359210673682986,2.4078008400625692,-3.1533810657970767,2.8071273658847775,113
2024_2024-05-18_day1_026_h30,M1_no_solar,horizon_specific,2024,30,0.5555555555555571,-0.9334777751233324,-3.3672501648645063,1.3997613488810488,-4.161420556978597,1.799087874703257,113
2024_2024-05-18_day1_027_h30,M1_no_solar,horizon_specific,2024,30,2.7777777777777786,0.2610316597677111,-2.1727407299734627,2.5942707837720924,-2.9669111220875535,2.9935973095943007,113
2024_2024-05-18_day1_028_h30,M1_no_solar,horizon_specific,2024,30,1.1111111111111145,0.0745617160581881,-2.359210673682986,2.4078008400625692,-3.1533810657970767,2.8071273658847775,113
2024_2024-05-18_day1_029_h30,M1_no_solar,horizon_specific,2024,30,-0.5555555555555571,0.0745617160581881,-2.359210673682986,2.4078008400625692,-3.1533810657970767,2.8071273658847775,113
2024_2024-05-18_day1_030_h30,M1_no_solar,horizon_specific,2024,30,-2.2222222222222285,0.5599344672779978,-1.873837922463176,2.893173591282379,-2.668008314577267,3.2925001171045873,113
2024_2024-05-18_day1_031_h30,M1_no_solar,horizon_specific,2024,30,-1.6666666666666643,0.1118557048000929,-2.321916684941081,2.445094828804474,-3.116087077055172,2.8444213546266823,113
2024_2024-05-18_day1_032_h30,M1_no_solar,horizon_specific,2024,30,-1.6666666666666643,0.1864436822839024,-2.2473287074572714,2.5196828062882837,-3.041499099571362,2.919009332110492,113
2024_2024-05-18_day1_000_h60,M1_no_solar,horizon_specific,2024,60,4.444444444444446,4.656241443447895,0.9038848606994216,8.372919038674699,0.07721543859582525,9.254005754031073,98
2024_2024-05-18_day1_001_h60,M1_no_solar,horizon_specific,2024,60,5.0,5.964322204568517,2.2119656218200436,9.680999799795321,1.3852961997164472,10.562086515151696,98
2024_2024-05-18_day1_004_h60,M1_no_solar,horizon_specific,2024,60,5.555555555555554,6.446343739737799,2.6939871569893254,10.163021334964602,1.867317734885729,11.044108050320979,98
2024_2024-05-18_day1_005_h60,M1_no_solar,horizon_specific,2024,60,4.444444444444443,5.620284513786462,1.8679279310379888,9.336962109013266,1.0412585089343924,10.218048824369642,98
2024_2024-05-18_day1_006_h60,M1_no_solar,horizon_specific,2024,60,3.3333333333333357,3.882156639188271,0.12980005643979764,7.598834234415075,-0.6968693656637988,8.47992094977145,98
2024_2024-05-18_day1_007_h60,M1_no_solar,horizon_specific,2024,60,5.0,4.622206442444094,0.8698498596956208,8.338884037670898,0.04318043759202439,9.219970753027273,98
2024_2024-05-18_day1_008_h60,M1_no_solar,horizon_specific,2024,60,2.2222222222222214,3.056097413236929,-0.6962591695115443,6.772775008463733,-1.5229285916151407,7.653861723820109,98
2024_2024-05-18_day1_009_h60,M1_no_solar,horizon_specific,2024,60,3.3333333333333357,3.0560974132369334,-0.6962591695115399,6.7727750084637375,-1.5229285916151363,7.653861723820112,98
2024_2024-05-18_day1_010_h60,M1_no_solar,horizon_specific,2024,60,4.444444444444443,3.6241283711017287,-0.12822821164674458,7.340805966328533,-0.954897633750341,8.221892681684908,98
2024_2024-05-18_day1_011_h60,M1_no_solar,horizon_specific,2024,60,1.1111111111111145,1.9720099191990503,-1.780346663549423,5.688687514425855,-2.6070160856530196,6.5697742297822295,98
2024_2024-05-18_day1_012_h60,M1_no_solar,horizon_specific,2024,60,6.111111111111114,2.8840785678459016,-0.8682780149025717,6.600756163072706,-1.6949474370061681,7.481842878429081,98
2024_2024-05-18_day1_013_h60,M1_no_solar,horizon_specific,2024,60,5.0,1.9720099191990457,-1.7803466635494276,5.688687514425849,-2.607016085653024,6.569774229782225,98
2024_2024-05-18_day1_014_h60,M1_no_solar,horizon_specific,2024,60,3.3333333333333357,1.7139816511125046,-2.0383749316359685,5.430659246339308,-2.865044353739565,6.311745961695684,98
2024_2024-05-18_day1_015_h60,M1_no_solar,horizon_specific,2024,60,3.8888888888888857,2.62605029975936,-1.126306282989113,6.342727894986164,-1.9529757050927095,7.22381461034254,98
2024_2024-05-18_day1_016_h60,M1_no_solar,horizon_specific,2024,60,2.2222222222222214,0.6298941570746259,-3.1224624256738474,4.34657175230143,-3.9491318477774437,5.227658467657806,98
2024_2024-05-18_day1_017_h60,M1_no_solar,horizon_specific,2024,60,3.3333333333333286,1.2839345376349391,-2.468422045113534,5.000612132861743,-3.2950914672171305,5.881698848218118,98
2024_2024-05-18_day1_018_h60,M1_no_solar,horizon_specific,2024,60,2.2222222222222214,1.2839345376349391,-2.468422045113534,5.000612132861743,-3.2950914672171305,5.881698848218118,98
2024_2024-05-18_day1_019_h60,M1_no_solar,horizon_specific,2024,60,3.3333333333333357,1.4559533830259626,-2.2964031997225107,5.172630978252767,-3.123072621826107,6.053717693609142,98
2024_2024-05-18_day1_020_h60,M1_no_solar,horizon_specific,2024,60,2.2222222222222214,1.0259062695483985,-2.7264503132000746,4.742583864775202,-3.553119735303671,5.623670580131578,98
2024_2024-05-18_day1_021_h60,M1_no_solar,horizon_specific,2024,60,1.6666666666666714,1.5939372274131944,-2.158419355335279,5.310614822639998,-2.9850887774388752,6.191701537996374,98
2024_2024-05-18_day1_022_h60,M1_no_solar,horizon_specific,2024,60,1.6666666666666643,2.506005876060044,-1.2463507066884292,6.222683471286848,-2.0730201287920256,7.1037701866432235,98
2024_2024-05-18_day1_023_h60,M1_no_solar,horizon_specific,2024,60,-0.5555555555555571,1.0259062695483985,-2.7264503132000746,4.742583864775202,-3.553119735303671,5.623670580131578,98
2024_2024-05-18_day1_024_h60,M1_no_solar,horizon_specific,2024,60,0.5555555555555571,0.767878001461852,-2.9844785812866212,4.484555596688656,-3.8111480033902176,5.365642312045031,98
2024_2024-05-18_day1_025_h60,M1_no_solar,horizon_specific,2024,60,0.0,0.0278281982060288,-3.7245283845424444,3.744505793432833,-4.551197806646041,4.625592508789208,98
2024_2024-05-18_day1_026_h60,M1_no_solar,horizon_specific,2024,60,1.6666666666666714,-1.19424314021908,-4.946599722967553,2.522434455007724,-5.77326914507115,3.4035211703640993,98
2024_2024-05-18_day1_027_h60,M1_no_solar,horizon_specific,2024,60,2.2222222222222214,0.4578753116835981,-3.294481271064875,4.174552906910402,-4.121150693168472,5.055639622266778,98
2024_2024-05-18_day1_028_h60,M1_no_solar,horizon_specific,2024,60,-1.1111111111111145,0.7678780014618565,-2.984478581286617,4.4845555966886606,-3.811148003390213,5.365642312045036,98
2024_2024-05-18_day1_029_h60,M1_no_solar,horizon_specific,2024,60,-2.2222222222222214,0.0278281982060288,-3.7245283845424444,3.744505793432833,-4.551197806646041,4.625592508789208,98
2024_2024-05-18_day1_030_h60,M1_no_solar,horizon_specific,2024,60,-3.888888888888893,0.5958591560708282,-3.156497426677645,4.312536751297632,-3.9831668487812415,5.1936234666540075,98
2024_2024-05-18_day1_002_h90,M1_no_solar,horizon_specific,2024,90,8.333333333333332,10.673062176255357,5.890161181560264,14.579262168132553,5.161427826097947,15.5791317006221,90
2024_2024-05-18_day1_003_h90,M1_no_solar,horizon_specific,2024,90,7.777777777777779,10.54397342165423,5.761072426959136,14.450173413531425,5.0323390714968195,15.450042946020972,90
2024_2024-05-18_day1_004_h90,M1_no_solar,horizon_specific,2024,90,7.777777777777775,11.198602359504765,6.415701364809672,15.104802351381961,5.686968009347355,16.104671883871507,90
2024_2024-05-18_day1_005_h90,M1_no_solar,horizon_specific,2024,90,6.666666666666664,10.156707157850832,5.373806163155739,14.062907149728028,4.645072807693422,15.062776682217574,90
2024_2024-05-18_day1_006_h90,M1_no_solar,horizon_specific,2024,90,4.444444444444443,7.031021552889046,2.2481205581939525,10.937221544766242,1.519387202731636,11.93709107725579,90
2024_2024-05-18_day1_007_h90,M1_no_solar,horizon_specific,2024,90,5.555555555555557,7.031021552889046,2.2481205581939525,10.937221544766242,1.519387202731636,11.93709107725579,90
2024_2024-05-18_day1_008_h90,M1_no_solar,horizon_specific,2024,90,5.555555555555557,5.076319904182316,0.29341890948722327,8.982519896059513,-0.4353144459750933,9.982389428549059,90
2024_2024-05-18_day1_009_h90,M1_no_solar,horizon_specific,2024,90,3.888888888888893,4.163513457129519,-0.619387537565574,8.069713449006716,-1.3481208930278905,9.069582981496263,90
2024_2024-05-18_day1_010_h90,M1_no_solar,horizon_specific,2024,90,7.222222222222221,5.73094884203285,0.9480478473377572,9.637148833910047,0.2193144918754406,10.637018366399595,90
2024_2024-05-18_day1_011_h90,M1_no_solar,horizon_specific,2024,90,5.555555555555557,3.64715843872499,-1.1357425559701033,7.553358430602186,-1.8644759114324199,8.553227963091732,90
2024_2024-05-18_day1_012_h90,M1_no_solar,horizon_specific,2024,90,6.666666666666671,3.905335947927252,-0.8775650467678413,7.811535939804449,-1.6062984022301579,8.811405472293995,90
2024_2024-05-18_day1_013_h90,M1_no_solar,horizon_specific,2024,90,4.444444444444443,3.64715843872499,-1.1357425559701033,7.553358430602186,-1.8644759114324199,8.553227963091732,90
2024_2024-05-18_day1_014_h90,M1_no_solar,horizon_specific,2024,90,5.0,2.347085727868796,-2.435815266826297,6.253285719745993,-3.1645486222886134,7.25315525223554,90
2024_2024-05-18_day1_015_h90,M1_no_solar,horizon_specific,2024,90,7.7777777777777715,3.5180696841238595,-1.2648313105712337,7.424269676001056,-1.9935646660335502,8.424139208490603,90
2024_2024-05-18_day1_016_h90,M1_no_solar,horizon_specific,2024,90,2.7777777777777786,1.8307307094642775,-2.9521702852308156,5.736930701341474,-3.680903640693132,6.736800233831021,90
2024_2024-05-18_day1_017_h90,M1_no_solar,horizon_specific,2024,90,2.7777777777777786,2.614448401915942,-2.168452592779151,6.520648393793138,-2.8971859482414675,7.520517926282686,90
2024_2024-05-18_day1_018_h90,M1_no_solar,horizon_specific,2024,90,3.8888888888888857,1.7016419548631465,-3.081259039831947,5.607841946740343,-3.8099923952942634,6.60771147922989,90
2024_2024-05-18_day1_019_h90,M1_no_solar,horizon_specific,2024,90,5.555555555555557,2.872625911118205,-1.910275083576888,6.778825902995401,-2.6390084390392046,7.7786954354849485,90
2024_2024-05-18_day1_020_h90,M1_no_solar,horizon_specific,2024,90,2.2222222222222214,4.052795032218149,-0.7301059624769444,7.958995024095345,-1.458839317939261,8.958864556584892,90
2024_2024-05-18_day1_021_h90,M1_no_solar,horizon_specific,2024,90,-1.1111111111111072,1.9690046289102905,-2.8138963657848026,5.875204620787487,-3.542629721247119,6.875074153277033,90
2024_2024-05-18_day1_022_h90,M1_no_solar,horizon_specific,2024,90,2.2222222222222214,1.3143756910597486,-3.4685253036353445,5.2205756829369445,-4.1972586590976615,6.220445215426492,90
2024_2024-05-18_day1_023_h90,M1_no_solar,horizon_specific,2024,90,2.2222222222222214,1.3143756910597544,-3.4685253036353387,5.220575682936951,-4.197258659097655,6.220445215426498,90
2024_2024-05-18_day1_024_h90,M1_no_solar,horizon_specific,2024,90,1.6666666666666714,0.9271094272563564,-3.855791567438737,4.833309419133553,-4.584524922901053,5.8331789516231,90
2024_2024-05-18_day1_025_h90,M1_no_solar,horizon_specific,2024,90,-0.5555555555555571,0.014302980203559,-4.768598014491534,3.9205029720807554,-5.497331369953851,4.920372504570302,90
2024_2024-05-18_day1_026_h90,M1_no_solar,horizon_specific,2024,90,-0.5555555555555571,-0.5112372030458436,-5.294138197740937,3.3949627888313527,-6.022871553203253,4.3948323213209,90
2024_2024-05-18_day1_027_h90,M1_no_solar,horizon_specific,2024,90,0.5555555555555571,0.6597467532092143,-4.123154241485879,4.565946745086411,-4.851887596948195,5.565816277575958,90
2024_2024-05-18_day1_028_h90,M1_no_solar,horizon_specific,2024,90,-2.7777777777777786,0.9271094272563616,-3.8557915674387315,4.833309419133558,-4.584524922901048,5.833178951623105,90
2024_2024-05-18_day1_000_h120,M1_no_solar,horizon_specific,2024,120,10.0,12.890604678516125,7.756287128712744,16.49371780567516,7.130923584966155,18.235075194626027,88
2024_2024-05-18_day1_001_h120,M1_no_solar,horizon_specific,2024,120,9.444444444444445,13.669495319878612,8.535177770075231,17.272608447037648,7.909814226328642,19.013965835988515,88
2024_2024-05-18_day1_002_h120,M1_no_solar,horizon_specific,2024,120,10.555555555555554,14.69526869745369,9.560951147650309,18.298381824612726,8.93558760390372,20.039739213563593,88
2024_2024-05-18_day1_003_h120,M1_no_solar,horizon_specific,2024,120,10.0,14.571827329347393,9.437509779544012,18.17494045650643,8.812146235797423,19.916297845457294,88
2024_2024-05-18_day1_004_h120,M1_no_solar,horizon_specific,2024,120,8.88888888888889,12.273397837984634,7.139080288181253,15.87651096514367,6.513716744434664,17.617868354094533,88
2024_2024-05-18_day1_005_h120,M1_no_solar,horizon_specific,2024,120,9.444444444444445,12.149956469878337,7.015638920074956,15.753069597037372,6.390275376328367,17.494426985988238,88
2024_2024-05-18_day1_006_h120,M1_no_solar,horizon_specific,2024,120,7.777777777777779,8.702312232834206,3.5679946830308253,12.305425359993242,2.942631139284236,14.046782748944107,88
2024_2024-05-18_day1_007_h120,M1_no_solar,horizon_specific,2024,120,6.111111111111114,7.676538855259123,2.542221305455742,11.279651982418159,1.916857761709153,13.021009371369024,88
2024_2024-05-18_day1_008_h120,M1_no_solar,horizon_specific,2024,120,8.333333333333336,6.527324109577741,1.39300655977436,10.130437236736777,0.7676430160277707,11.871794625687642,88
2024_2024-05-18_day1_009_h120,M1_no_solar,horizon_specific,2024,120,8.333333333333336,5.501550732002663,0.367233182199282,9.104663859161699,-0.2581303615473072,10.846021248112564,88
2024_2024-05-18_day1_010_h120,M1_no_solar,horizon_specific,2024,120,7.777777777777779,6.280441373365145,1.146123823561764,9.88355450052418,0.5207602798151747,11.624911889475046,88
2024_2024-05-18_day1_011_h120,M1_no_solar,horizon_specific,2024,120,5.0,5.0077852595774734,-0.1265322902259074,8.61089838673651,-0.7518958339724966,10.352255775687375,88
2024_2024-05-18_day1_012_h120,M1_no_solar,horizon_specific,2024,120,8.333333333333336,4.2288946182149845,-0.9054229315883964,7.832007745374021,-1.5307864753349856,9.573365134324884,88
2024_2024-05-18_day1_013_h120,M1_no_solar,horizon_specific,2024,120,8.333333333333329,3.982011882002389,-1.152305667800992,7.585125009161425,-1.7776692115475812,9.32648239811229,88
2024_2024-05-18_day1_014_h120,M1_no_solar,horizon_specific,2024,120,5.555555555555557,3.6116877776834966,-1.5226297721198843,7.214800904842533,-2.1479933158664735,8.956158293793397,88
2024_2024-05-18_day1_015_h120,M1_no_solar,horizon_specific,2024,120,7.222222222222221,4.884343891471168,-0.24997365833221252,8.487457018630204,-0.8753372020788017,10.22881440758107,88
2024_2024-05-18_day1_016_h120,M1_no_solar,horizon_specific,2024,120,4.444444444444443,2.0921489276832284,-3.0421686221201525,5.6952620548422646,-3.6675321658667417,7.436619443793129,88
2024_2024-05-18_day1_017_h120,M1_no_solar,horizon_specific,2024,120,5.0,4.020254314727093,-1.114063235076288,7.6233674418861295,-1.7394267788228772,9.364724830836995,88
2024_2024-05-18_day1_018_h120,M1_no_solar,horizon_specific,2024,120,3.8888888888888857,5.04602769230217,-0.08828985750121099,8.649140819461206,-0.7136534012478002,10.39049820841207,88
2024_2024-05-18_day1_019_h120,M1_no_solar,horizon_specific,2024,120,2.7777777777777786,3.241363673364604,-1.892953876438777,6.8444768005236405,-2.518317420185366,8.585834189474504,88
2024_2024-05-18_day1_020_h120,M1_no_solar,horizon_specific,2024,120,2.7777777777777786,2.624156832833116,-2.510160716970265,6.227269959992152,-3.135524260716854,7.968627348943016,88
2024_2024-05-18_day1_021_h120,M1_no_solar,horizon_specific,2024,120,1.6666666666666714,2.3772740966205226,-2.7570434531828583,5.980387223779559,-3.3824069969294475,7.721744612730424,88
2024_2024-05-18_day1_022_h120,M1_no_solar,horizon_specific,2024,120,3.3333333333333357,1.5983834552580318,-3.535934094545349,5.201496582417068,-4.161297638291938,6.942853971367933,88
2024_2024-05-18_day1_023_h120,M1_no_solar,horizon_specific,2024,120,1.6666666666666643,1.5983834552580385,-3.5359340945453424,5.201496582417075,-4.1612976382919316,6.942853971367939,88
2024_2024-05-18_day1_024_h120,M1_no_solar,horizon_specific,2024,120,-0.5555555555555571,2.253832728514224,-2.8804848212891567,5.85694585567326,-3.505848365035746,7.598303244624125,88
2024_2024-05-18_day1_025_h120,M1_no_solar,horizon_specific,2024,120,-2.2222222222222214,0.2022859733640611,-4.93203157643932,3.8053991005230974,-5.557395120185909,5.546756489473962,88
2024_2024-05-18_day1_026_h120,M1_no_solar,horizon_specific,2024,120,-2.2222222222222214,-0.4531632998921227,-5.5874808496955035,3.1499498272669135,-6.212844393442093,4.891307216217778,88
2020_2020-08-15_day1_000_h15,M2b_mean_solar,pooled,2020,15,0.5555555555555536,0.5685693953817927,-2.8991778391518017,2.9940882184229887,-4.036364664928843,3.9438673614913,535
2020_2020-08-15_day1_001_h15,M2b_mean_solar,pooled,2020,15,0.5555555555555571,0.6148838947801436,-2.852863339753451,3.0404027178213395,-3.990050165530493,3.990181860889651,535
2020_2020-08-15_day1_002_h15,M2b_mean_solar,pooled,2020,15,1.1111111111111107,1.1146150070460403,-2.353132227487554,3.5401338300872363,-3.4903190532645962,4.489912973155548,535
2020_2020-08-15_day1_003_h15,M2b_mean_solar,pooled,2020,15,1.1111111111111107,0.7077747202510632,-2.759972514282531,3.1332935432922593,-3.897159340059573,4.083072686360571,535
2020_2020-08-15_day1_004_h15,M2b_mean_solar,pooled,2020,15,1.1111111111111107,0.2736902606374574,-3.194056973896137,2.699209083678653,-4.331243799673179,3.6489882267469644,535
2020_2020-08-15_day1_006_h15,M2b_mean_solar,pooled,2020,15,1.1111111111111145,1.1800235013963984,-2.287723733137196,3.6055423244375944,-3.424910558914238,4.555321467505905,535
2020_2020-08-15_day1_007_h15,M2b_mean_solar,pooled,2020,15,1.1111111111111072,0.3162526037970872,-3.151494630736507,2.741771426838283,-4.288681456513549,3.6915505699065942,535
2020_2020-08-15_day1_008_h15,M2b_mean_solar,pooled,2020,15,1.1111111111111145,0.7567605309034072,-2.710986703630187,3.1822793539446033,-3.8481735294072292,4.132058497012914,535
2020_2020-08-15_day1_009_h15,M2b_mean_solar,pooled,2020,15,1.1111111111111072,0.316322012319833,-3.1514252222137613,2.741840835361029,-4.288612047990804,3.6916199784293404,535
2020_2020-08-15_day1_010_h15,M2b_mean_solar,pooled,2020,15,1.6666666666666714,0.7533944413318554,-2.714352793201739,3.178913264373051,-3.851539618978781,4.1286924074413625,535
2020_2020-08-15_day1_011_h15,M2b_mean_solar,pooled,2020,15,3.3333333333333286,1.1881294073933937,-2.279617827140201,3.6136482304345896,-3.416804652917243,4.5634273735029005,535
2020_2020-08-15_day1_012_h15,M2b_mean_solar,pooled,2020,15,1.1111111111111145,0.205700275718901,-3.2620469588146936,2.6312190987600967,-4.399233784591735,3.580998241828408,535
2020_2020-08-15_day1_013_h15,M2b_mean_solar,pooled,2020,15,1.1111111111111072,0.1807954648876223,-3.286951769645972,2.6063142879288184,-4.424138595423014,3.5560934309971297,535
2020_2020-08-15_day1_014_h15,M2b_mean_solar,pooled,2020,15,1.1111111111111145,0.1517247804146166,-3.316022454118978,2.5772436034558126,-4.45320927989602,3.527022746524124,535
2020_2020-08-15_day1_015_h15,M2b_mean_solar,pooled,2020,15,0.5555555555555571,0.5710567477194924,-2.896690486814102,2.9965755707606885,-4.0338773125911445,3.946354713829,535
2020_2020-08-15_day1_016_h15,M2b_mean_solar,pooled,2020,15,1.1111111111111072,1.0391671884039,-2.4285800461296945,3.464686011445096,-3.5657668719067366,4.414465154513407,535
2020_2020-08-15_day1_017_h15,M2b_mean_solar,pooled,2020,15,1.6666666666666714,0.1411531932301576,-3.3265940413034367,2.5666720162713537,-4.463780867080479,3.516451159339665,535
2020_2020-08-15_day1_018_h15,M2b_mean_solar,pooled,2020,15,-3.3333333333333357,0.061555697145685,-3.4061915373879095,2.487074520186881,-4.543378363164951,3.4368536632551923,535
2020_2020-08-15_day1_019_h15,M2b_mean_solar,pooled,2020,15,1.1111111111111145,-0.6865751293360349,-4.154322363869629,1.738943693705161,-5.291509189646671,2.688722836773472,535
2020_2020-08-15_day1_020_h15,M2b_mean_solar,pooled,2020,15,2.7777777777777715,0.5533689431128442,-2.9143782914207503,2.97888776615404,-4.051565117197792,3.9286669092223514,535
2020_2020-08-15_day1_021_h15,M2b_mean_solar,pooled,2020,15,-3.3333333333333286,-0.0258928882400742,-3.4936401227736686,2.3996259348011217,-4.630826948550711,3.349405077869433,535
2020_2020-08-15_day1_022_h15,M2b_mean_solar,pooled,2020,15,0.0,0.1147777514077547,-3.3529694831258396,2.5402965744489507,-4.490156308902882,3.490075717517262,535
2020_2020-08-15_day1_023_h15,M2b_mean_solar,pooled,2020,15,0.5555555555555571,-0.3656363990077568,-3.8333836335413514,2.059882424033439,-4.9705704593183935,3.0096615671017504,535
2020_2020-08-15_day1_024_h15,M2b_mean_solar,pooled,2020,15,2.2222222222222214,0.4555857150936339,-3.0121615194399607,2.8811045381348297,-4.149348345217002,3.830883681203141,535
2020_2020-08-15_day1_025_h15,M2b_mean_solar,pooled,2020,15,1.1111111111111072,0.7930896353811007,-2.6746575991524937,3.2186084584222967,-3.811844424929536,4.168387601490608,535
2020_2020-08-15_day1_026_h15,M2b_mean_solar,pooled,2020,15,0.0,0.7562383161520575,-2.711508918381537,3.1817571391932535,-3.848695744158579,4.131536282261565,535
2020_2020-08-15_day1_027_h15,M2b_mean_solar,pooled,2020,15,-2.2222222222222214,-1.041585731698503,-4.509332966232098,1.3839330913426928,-5.64651979200914,2.333712234411004,535
2020_2020-08-15_day1_028_h15,M2b_mean_solar,pooled,2020,15,0.0,-0.1213373359730921,-3.5890845705066865,2.304181487068104,-4.726271396283729,3.2539606301364152,535
2020_2020-08-15_day1_029_h15,M2b_mean_solar,pooled,2020,15,1.1111111111111145,-0.6168029454848329,-4.084550180018427,1.808715877556363,-5.22173700579547,2.7584950206246743,535
2020_2020-08-15_day1_000_h30,M2b_mean_solar,pooled,2020,30,1.1111111111111107,1.2961529848559528,-2.171594249677642,3.721671807897149,-3.308781075454684,4.67145095096546,535
2020_2020-08-15_day1_001_h30,M2b_mean_solar,pooled,2020,30,1.666666666666668,1.9526063943289715,-1.515140840204623,4.378125217370167,-2.652327665981665,5.327904360438479,535
2020_2020-08-15_day1_002_h30,M2b_mean_solar,pooled,2020,30,2.2222222222222214,2.0513525986221537,-1.4163946359114408,4.47687142166335,-2.553581461688483,5.426650564731661,535
2020_2020-08-15_day1_003_h30,M2b_mean_solar,pooled,2020,30,2.2222222222222214,1.0343558937964883,-2.4333913407371064,3.4598747168376844,-3.5705781665141485,4.409653859905996,535
2020_2020-08-15_day1_006_h30,M2b_mean_solar,pooled,2020,30,2.2222222222222214,1.653822802797526,-1.8139244317360685,4.079341625838722,-2.9511112575131104,5.029120768907033,535
2020_2020-08-15_day1_007_h30,M2b_mean_solar,pooled,2020,30,2.2222222222222214,1.1856101268146195,-2.2821371077189747,3.6111289498558152,-3.419323933496017,4.560908092924127,535
2020_2020-08-15_day1_008_h30,M2b_mean_solar,pooled,2020,30,2.2222222222222214,1.161250591728638,-2.3064966428049565,3.586769414769834,-3.4436834685819986,4.536548557838145,535
2020_2020-08-15_day1_009_h30,M2b_mean_solar,pooled,2020,30,2.7777777777777786,1.1887145988456431,-2.279032635687951,3.614233421886839,-3.4162194614649932,4.56401256495515,535
2020_2020-08-15_day1_010_h30,M2b_mean_solar,pooled,2020,30,5.0,2.271841737476035,-1.1959054970575593,4.697360560517231,-2.3330923228346014,5.647139703585543,535
2020_2020-08-15_day1_011_h30,M2b_mean_solar,pooled,2020,30,4.444444444444443,1.6758020392467416,-1.7919451952868528,4.101320862287937,-2.9291320210638947,5.051100005356249,535
2020_2020-08-15_day1_012_h30,M2b_mean_solar,pooled,2020,30,2.2222222222222214,0.4040845171437106,-3.063662717389884,2.8296033401849066,-4.200849543166926,3.779382483253218,535
2020_2020-08-15_day1_013_h30,M2b_mean_solar,pooled,2020,30,2.2222222222222214,0.3509604666116646,-3.11678676792193,2.7764792896528605,-4.253973593698972,3.726258432721172,535
2020_2020-08-15_day1_014_h30,M2b_mean_solar,pooled,2020,30,1.6666666666666714,0.8460472185869816,-2.6217000159466126,3.2715660416281773,-3.7588868417236547,4.221345184696489,535
2020_2020-08-15_day1_015_h30,M2b_mean_solar,pooled,2020,30,1.6666666666666643,1.887847282911455,-1.5798999516221395,4.313366105952651,-2.7170867773991816,5.263145249020962,535
2020_2020-08-15_day1_016_h30,M2b_mean_solar,pooled,2020,30,2.7777777777777786,1.3545939998562706,-2.113153234677324,3.7801128228974665,-3.250340060454366,4.729891965965778,535
2020_2020-08-15_day1_017_h30,M2b_mean_solar,pooled,2020,30,-1.6666666666666643,0.2499887471831106,-3.217758487350484,2.6755075702243065,-4.354945313127526,3.625286713292618,535
2020_2020-08-15_day1_018_h30,M2b_mean_solar,pooled,2020,30,-2.2222222222222214,-1.03512954765483,-4.502876782188425,1.390389275386366,-5.640063607965466,2.3401684184546774,535
2020_2020-08-15_day1_019_h30,M2b_mean_solar,pooled,2020,30,3.8888888888888857,-0.160874189497294,-3.6286214240308885,2.264644633543902,-4.765808249807931,3.2144237766122132,535
2020_2020-08-15_day1_020_h30,M2b_mean_solar,pooled,2020,30,-0.5555555555555571,0.7029592580569219,-2.7647879764766725,3.128478081098118,-3.9019748022537146,4.078257224166429,535
2020_2020-08-15_day1_021_h30,M2b_mean_solar,pooled,2020,30,-3.3333333333333286,-0.1187795495151258,-3.5865267840487203,2.30673927352607,-4.723713609825762,3.2565184165943815,535
2020_2020-08-15_day1_022_h30,M2b_mean_solar,pooled,2020,30,0.5555555555555571,-0.3959298644869768,-3.8636770990205713,2.029588958554219,-5.000863924797613,2.9793681016225304,535
2020_2020-08-15_day1_023_h30,M2b_mean_solar,pooled,2020,30,2.7777777777777786,0.1005147491586697,-3.3672324853749247,2.5260335721998657,-4.504419311151967,3.475812715268177,535
2020_2020-08-15_day1_024_h30,M2b_mean_solar,pooled,2020,30,3.3333333333333286,1.5940653609602755,-1.873681873573319,4.019584184001472,-3.010868699350361,4.969363327069782,535
2020_2020-08-15_day1_025_h30,M2b_mean_solar,pooled,2020,30,1.1111111111111072,1.9100950163091523,-1.557652218224442,4.335613839350348,-2.694839044001484,5.28539298241866,535
2020_2020-08-15_day1_026_h30,M2b_mean_solar,pooled,2020,30,-2.2222222222222214,-0.4017933178076656,-3.86954055234126,2.0237255052335303,-5.006727378118303,2.9735046483018417,535
2020_2020-08-15_day1_027_h30,M2b_mean_solar,pooled,2020,30,-2.2222222222222214,-1.4911144338103577,-4.958861668343952,0.9344043892308382,-6.0960484941209945,1.8841835322991496,535
2020_2020-08-15_day1_028_h30,M2b_mean_solar,pooled,2020,30,1.1111111111111145,-0.9102391512270748,-4.37798638576067,1.5152796718141213,-5.515173211537712,2.4650588148824326,535
2020_2020-08-15_day1_000_h60,M2b_mean_solar,pooled,2020,60,3.333333333333332,4.106051776228884,0.6383045416952893,6.531570599270079,-0.49888228408175284,7.4813497423383915,535
2020_2020-08-15_day1_001_h60,M2b_mean_solar,pooled,2020,60,3.8888888888888897,3.555622855665498,0.08787562113190361,5.9811416787066936,-1.0493112046451385,6.930920821775006,535
2020_2020-08-15_day1_006_h60,M2b_mean_solar,pooled,2020,60,4.444444444444443,3.3747972769293773,-0.0929499576042172,5.800316099970573,-1.2301367833812593,6.750095243038885,535
2020_2020-08-15_day1_007_h60,M2b_mean_solar,pooled,2020,60,5.0,2.7980626268221096,-0.6696846077114849,5.223581449863305,-1.806871433488527,6.173360592931617,535
2020_2020-08-15_day1_008_h60,M2b_mean_solar,pooled,2020,60,7.222222222222221,4.2539647977055735,0.786217563171979,6.679483620746769,-0.3509692626050631,7.629262763815081,535
2020_2020-08-15_day1_009_h60,M2b_mean_solar,pooled,2020,60,7.222222222222221,3.5522973371522206,0.08455010261862617,5.9778161601934166,-1.052636723158416,6.927595303261728,535
2020_2020-08-15_day1_010_h60,M2b_mean_solar,pooled,2020,60,7.222222222222221,3.4831771447154902,0.015429910181895767,5.908695967756686,-1.1217569155951463,6.8584751108249975,535
2020_2020-08-15_day1_011_h60,M2b_mean_solar,pooled,2020,60,6.666666666666664,2.6480377204712817,-0.8197095140623127,5.073556543512478,-1.9568963398393548,6.023335686580789,535
2020_2020-08-15_day1_012_h60,M2b_mean_solar,pooled,2020,60,3.888888888888893,1.581604788407478,-1.8861424461261165,4.007123611448674,-3.0233292719031586,4.956902754516985,535
2020_2020-08-15_day1_013_h60,M2b_mean_solar,pooled,2020,60,3.8888888888888857,2.964507793940603,-0.5032394405929916,5.390026616981799,-1.6404262663700337,6.33980576005011,535
2020_2020-08-15_day1_014_h60,M2b_mean_solar,pooled,2020,60,4.44444444444445,2.821835449453233,-0.6459117850803615,5.247354272494428,-1.7830986108574036,6.197133415562741,535
2020_2020-08-15_day1_015_h60,M2b_mean_solar,pooled,2020,60,0.0,2.6547096282157057,-0.8130376063178888,5.080228451256902,-1.950224432094931,6.0300075943252125,535
2020_2020-08-15_day1_016_h60,M2b_mean_solar,pooled,2020,60,0.5555555555555571,0.4210232178037199,-3.0467240167298746,2.846542040844916,-4.183910842506917,3.796321183913227,535
2020_2020-08-15_day1_017_h60,M2b_mean_solar,pooled,2020,60,2.2222222222222214,-0.3360243182919293,-3.803771552825524,2.0894945047492666,-4.9409583786025655,3.039273647817578,535
2020_2020-08-15_day1_018_h60,M2b_mean_solar,pooled,2020,60,-2.7777777777777786,-0.6892430447985993,-4.156990279332193,1.7362757782425966,-5.294177105109236,2.686054921310908,535
2020_2020-08-15_day1_019_h60,M2b_mean_solar,pooled,2020,60,0.5555555555555571,-0.1038090131636337,-3.5715562476972282,2.321709809877562,-4.70874307347427,3.2714889529458735,535
2020_2020-08-15_day1_020_h60,M2b_mean_solar,pooled,2020,60,0.0,0.1383867256202391,-3.3293605089133553,2.563905548661435,-4.466547334690397,3.5136846917297464,535
2020_2020-08-15_day1_021_h60,M2b_mean_solar,pooled,2020,60,-0.55555555555555,-0.3923793783791574,-3.860126612912752,2.0331394446620386,-4.997313438689794,2.98291858773035,535
2020_2020-08-15_day1_022_h60,M2b_mean_solar,pooled,2020,60,3.8888888888888857,1.632611235893167,-1.8351359986404274,4.058130058934363,-2.9723228244174695,5.007909202002674,535
2020_2020-08-15_day1_023_h60,M2b_mean_solar,pooled,2020,60,3.8888888888888857,2.998914758631833,-0.46883247590176147,5.4244335816730285,-1.6060193016788036,6.374212724741341,535
2020_2020-08-15_day1_024_h60,M2b_mean_solar,pooled,2020,60,1.1111111111111072,1.882721360603231,-1.5850258739303635,4.308240183644427,-2.7222126997074056,5.258019326712738,535
2020_2020-08-15_day1_025_h60,M2b_mean_solar,pooled,2020,60,-1.1111111111111145,0.6483441730372768,-2.8194030614963177,3.0738629960784727,-3.95658988727336,4.023642139146784,535
2020_2020-08-15_day1_026_h60,M2b_mean_solar,pooled,2020,60,-1.1111111111111072,-1.77697620998984,-5.2447234445234345,0.6485426130513559,-6.381910270300477,1.5983217561196672,535
2020_2020-08-15_day1_004_h90,M2b_mean_solar,pooled,2020,90,7.222222222222221,3.9971352862670626,0.5293880517334681,6.422654109308258,-0.607798774043574,7.37243325237657,535
2020_2020-08-15_day1_005_h90,M2b_mean_solar,pooled,2020,90,7.222222222222225,5.690998209452347,2.223250974918752,8.116517032493542,1.08606414914171,9.066296175561854,535
2020_2020-08-15_day1_006_h90,M2b_mean_solar,pooled,2020,90,9.444444444444445,6.7352697673848825,3.267522532851288,9.160788590426078,2.130335707074246,10.11056773349439,535
2020_2020-08-15_day1_007_h90,M2b_mean_solar,pooled,2020,90,9.444444444444445,5.2719014577278305,1.804154223194236,7.697420280769027,0.6669673974171939,8.647199423837337,535
2020_2020-08-15_day1_008_h90,M2b_mean_solar,pooled,2020,90,9.444444444444445,5.213785361303863,1.7460381267702685,7.639304184345059,0.6088513009932264,8.58908332741337,535
2020_2020-08-15_day1_009_h90,M2b_mean_solar,pooled,2020,90,9.444444444444445,4.42757247032819,0.9598252357945958,6.853091293369387,-0.17736158998244633,7.802870436437697,535
2020_2020-08-15_day1_010_h90,M2b_mean_solar,pooled,2020,90,8.888888888888893,5.175880016609195,1.7081327820756007,7.6013988396503915,0.5709459562985586,8.551177982718702,535
2020_2020-08-15_day1_011_h90,M2b_mean_solar,pooled,2020,90,8.333333333333329,5.899633272213189,2.431886037679594,8.325152095254385,1.294699211902552,9.274931238322695,535
2020_2020-08-15_day1_012_h90,M2b_mean_solar,pooled,2020,90,6.666666666666671,3.787632142324582,0.3198849077909873,6.213150965365777,-0.8173019179860548,7.1629301084340895,535
2020_2020-08-15_day1_013_h90,M2b_mean_solar,pooled,2020,90,2.2222222222222214,3.6080133762470545,0.14026614171346008,6.033532199288251,-0.996920684063582,6.983311342356561,535
2020_2020-08-15_day1_014_h90,M2b_mean_solar,pooled,2020,90,2.2222222222222285,1.7051394372730195,-1.762607797260575,4.130658260314215,-2.899794623037617,5.080437403382527,535
2020_2020-08-15_day1_015_h90,M2b_mean_solar,pooled,2020,90,3.8888888888888857,2.3062992804223024,-1.161447954111292,4.731818103463498,-2.298634779888334,5.68159724653181,535
2020_2020-08-15_day1_016_h90,M2b_mean_solar,pooled,2020,90,0.0,1.4538110238659143,-2.01393621066768,3.87932984690711,-3.151123036444722,4.829108989975421,535
2020_2020-08-15_day1_017_h90,M2b_mean_solar,pooled,2020,90,-1.1111111111111072,-0.2776783920468562,-3.7454256265804506,2.1478404309943397,-4.882612452357493,3.097619574062651,535
2020_2020-08-15_day1_018_h90,M2b_mean_solar,pooled,2020,90,-2.2222222222222214,-1.6028366340954427,-5.070583868629037,0.8226821889457532,-6.207770694406079,1.7724613320140645,535
2020_2020-08-15_day1_019_h90,M2b_mean_solar,pooled,2020,90,3.3333333333333357,-0.0478016882621172,-3.5155489227957117,2.3777171347790786,-4.652735748572754,3.32749627784739,535
2020_2020-08-15_day1_020_h90,M2b_mean_solar,pooled,2020,90,3.3333333333333286,2.659394937487084,-0.8083522970465102,5.084913760528281,-1.9455391228235523,6.034692903596591,535
2020_2020-08-15_day1_021_h90,M2b_mean_solar,pooled,2020,90,0.5555555555555571,2.8031446989058653,-0.6646025356277292,5.228663521947061,-1.8017893614047713,6.178442665015373,535
2020_2020-08-15_day1_022_h90,M2b_mean_solar,pooled,2020,90,1.6666666666666643,1.7423110806245026,-1.7254361539090919,4.167829903665698,-2.862622979686134,5.11760904673401,535
2020_2020-08-15_day1_023_h90,M2b_mean_solar,pooled,2020,90,1.6666666666666643,1.5394808625784575,-1.928266371955137,3.964999685619653,-3.065453197732179,4.914778828687965,535
2020_2020-08-15_day1_024_h90,M2b_mean_solar,pooled,2020,90,2.2222222222222214,1.0487710412169822,-2.4189761933166123,3.474289864258178,-3.5561630190936544,4.424069007326489,535
2020_2020-08-15_day1_002_h120,M2b_mean_solar,pooled,2020,120,9.444444444444445,6.829542511547389,3.361795277013795,9.255061334588586,2.2246084512367528,10.204840477656896,535
2020_2020-08-15_day1_003_h120,M2b_mean_solar,pooled,2020,120,9.444444444444446,7.152308132325233,3.6845608977916386,9.57782695536643,2.5473740720145965,10.52760609843474,535
2020_2020-08-15_day1_004_h120,M2b_mean_solar,pooled,2020,120,9.444444444444445,6.378832000484895,2.9110847659513004,8.804350823526091,1.7738979401742583,9.754129966594402,535
2020_2020-08-15_day1_005_h120,M2b_mean_solar,pooled,2020,120,9.444444444444446,7.36590631156418,3.898159077030585,9.791425134605376,2.760972251253543,10.741204277673686,535
2020_2020-08-15_day1_006_h120,M2b_mean_solar,pooled,2020,120,11.666666666666664,7.674162334739449,4.206415100205855,10.099681157780646,3.069228274428813,11.049460300848956,535
2020_2020-08-15_day1_007_h120,M2b_mean_solar,pooled,2020,120,11.666666666666664,6.007465908398382,2.5397186738647877,8.432984731439578,1.4025318480877456,9.382763874507889,535
2020_2020-08-15_day1_008_h120,M2b_mean_solar,pooled,2020,120,11.111111111111114,6.8967901975722405,3.429042963038646,9.322309020613437,2.291856137261604,10.272088163681747,535
2020_2020-08-15_day1_009_h120,M2b_mean_solar,pooled,2020,120,11.111111111111107,7.899360437803036,4.431613203269442,10.324879260844233,3.2944263774923996,11.274658403912543,535
2020_2020-08-15_day1_010_h120,M2b_mean_solar,pooled,2020,120,11.666666666666671,7.780306918466257,4.312559683932663,10.205825741507454,3.1753728581556206,11.155604884575764,535
2020_2020-08-15_day1_011_h120,M2b_mean_solar,pooled,2020,120,6.666666666666664,6.6768625112062185,3.209115276672624,9.102381334247415,2.071928450895582,10.052160477315725,535
2020_2020-08-15_day1_012_h120,M2b_mean_solar,pooled,2020,120,4.44444444444445,2.403018379514693,-1.0647288550189016,4.828537202555889,-2.2019156807959437,5.7783163456242,535
2020_2020-08-15_day1_013_h120,M2b_mean_solar,pooled,2020,120,6.111111111111107,3.137860429489959,-0.32988680504363543,5.5633792525311545,-1.4670736308206775,6.513158395599467,535
2020_2020-08-15_day1_014_h120,M2b_mean_solar,pooled,2020,120,1.6666666666666714,2.8858951788110696,-0.5818520557225249,5.311414001852265,-1.719038881499567,6.261193144920577,535
2020_2020-08-15_day1_015_h120,M2b_mean_solar,pooled,2020,120,0.5555555555555571,2.5997916685441913,-0.8679555659894032,5.025310491585387,-2.0051423917664453,5.975089634653699,535
2020_2020-08-15_day1_016_h120,M2b_mean_solar,pooled,2020,120,0.5555555555555571,0.6533142570476604,-2.814432977485934,3.0788330800888564,-3.951619803262976,4.028612223157168,535
2020_2020-08-15_day1_017_h120,M2b_mean_solar,pooled,2020,120,1.6666666666666714,-0.3745485989752541,-3.8422958335088486,2.0509702240659418,-4.979482659285891,3.000749367134253,535
2020_2020-08-15_day1_018_h120,M2b_mean_solar,pooled,2020,120,1.1111111111111072,1.0032414600234991,-2.464505774510095,3.428760283064695,-3.6016926002871372,4.378539426133006,535
2020_2020-08-15_day1_019_h120,M2b_mean_solar,pooled,2020,120,4.444444444444443,3.604480545865907,0.13673331133231237,6.029999368907102,-1.0004535144447297,6.9797785119754145,535
2020_2020-08-15_day1_020_h120,M2b_mean_solar,pooled,2020,120,1.1111111111111072,2.873756813358943,-0.5939904211746514,5.299275636400139,-1.7311772469516935,6.24905477946845,535
2020_2020-08-15_day1_021_h120,M2b_mean_solar,pooled,2020,120,-1.6666666666666643,1.162128206337064,-2.3056190281965305,3.58764702937826,-3.4428058539735726,4.537426172446571,535
2020_2020-08-15_day1_022_h120,M2b_mean_solar,pooled,2020,120,2.7777777777777786,0.8212358884688431,-2.6465113460647514,3.246754711510039,-3.7836981718417935,4.19653385457835,535
2020_2020-08-15_day1_000_h15,M2b_mean_solar,horizon_specific,2020,15,0.5555555555555536,0.5685693953817927,-0.9782686666329834,1.7609536494463738,-1.2506182599980502,2.161513425021341,124
2020_2020-08-15_day1_001_h15,M2b_mean_solar,horizon_specific,2020,15,0.5555555555555571,0.6148838947801436,-0.9319541672346325,1.8072681488447246,-1.2043037605996993,2.207827924419692,124
2020_2020-08-15_day1_002_h15,M2b_mean_solar,horizon_specific,2020,15,1.1111111111111107,1.1146150070460403,-0.4322230549687358,2.3069992611106214,-0.7045726483338026,2.7075590366855886,124
2020_2020-08-15_day1_003_h15,M2b_mean_solar,horizon_specific,2020,15,1.1111111111111107,0.7077747202510632,-0.8390633417637129,1.9001589743156444,-1.1114129351287798,2.3007187498906116,124
2020_2020-08-15_day1_004_h15,M2b_mean_solar,horizon_specific,2020,15,1.1111111111111107,0.2736902606374574,-1.2731478013773188,1.4660745147020384,-1.5454973947423856,1.866634290277006,124
2020_2020-08-15_day1_006_h15,M2b_mean_solar,horizon_specific,2020,15,1.1111111111111145,1.1800235013963984,-0.3668145606183777,2.3724077554609795,-0.6391641539834445,2.772967531035947,124
2020_2020-08-15_day1_007_h15,M2b_mean_solar,horizon_specific,2020,15,1.1111111111111072,0.3162526037970872,-1.230585458217689,1.5086368578616682,-1.5029350515827558,1.9091966334366357,124
2020_2020-08-15_day1_008_h15,M2b_mean_solar,horizon_specific,2020,15,1.1111111111111145,0.7567605309034072,-0.7900775311113689,1.9491447849679884,-1.0624271244764358,2.3497045605429556,124
2020_2020-08-15_day1_009_h15,M2b_mean_solar,horizon_specific,2020,15,1.1111111111111072,0.316322012319833,-1.2305160496949432,1.508706266384414,-1.50286564306001,1.9092660419593814,124
2020_2020-08-15_day1_010_h15,M2b_mean_solar,horizon_specific,2020,15,1.6666666666666714,0.7533944413318554,-0.7934436206829207,1.9457786953964364,-1.0657932140479875,2.346338470971404,124
2020_2020-08-15_day1_011_h15,M2b_mean_solar,horizon_specific,2020,15,3.3333333333333286,1.1881294073933937,-0.35870865462138246,2.3805136614579747,-0.6310582479864493,2.7810734370329424,124
2020_2020-08-15_day1_012_h15,M2b_mean_solar,horizon_specific,2020,15,1.1111111111111145,0.205700275718901,-1.341137786295875,1.398084529783482,-1.613487379660942,1.7986443053584495,124
2020_2020-08-15_day1_013_h15,M2b_mean_solar,horizon_specific,2020,15,1.1111111111111072,0.1807954648876223,-1.366042597127154,1.3731797189522033,-1.6383921904922207,1.7737394945271707,124
2020_2020-08-15_day1_014_h15,M2b_mean_solar,horizon_specific,2020,15,1.1111111111111145,0.1517247804146166,-1.3951132816001595,1.3441090344791977,-1.6674628749652263,1.7446688100541652,124
2020_2020-08-15_day1_015_h15,M2b_mean_solar,horizon_specific,2020,15,0.5555555555555571,0.5710567477194924,-0.9757813142952837,1.7634410017840736,-1.2481309076603506,2.164000777359041,124
2020_2020-08-15_day1_016_h15,M2b_mean_solar,horizon_specific,2020,15,1.1111111111111072,1.0391671884039,-0.5076708736108761,2.231551442468481,-0.780020466975943,2.6321112180434483,124
2020_2020-08-15_day1_017_h15,M2b_mean_solar,horizon_specific,2020,15,1.6666666666666714,0.1411531932301576,-1.4056848687846186,1.3335374472947386,-1.6780344621496854,1.734097222869706,124
2020_2020-08-15_day1_018_h15,M2b_mean_solar,horizon_specific,2020,15,-3.3333333333333357,0.061555697145685,-1.4852823648690912,1.253939951210266,-1.757631958234158,1.6544997267852335,124
2020_2020-08-15_day1_019_h15,M2b_mean_solar,horizon_specific,2020,15,1.1111111111111145,-0.6865751293360349,-2.2334131913508113,0.5058091247285461,-2.505762784715878,0.9063689003035136,124
2020_2020-08-15_day1_020_h15,M2b_mean_solar,horizon_specific,2020,15,2.7777777777777715,0.5533689431128442,-0.9934691189019319,1.7457531971774252,-1.2658187122669986,2.146312972752393,124
2020_2020-08-15_day1_021_h15,M2b_mean_solar,horizon_specific,2020,15,-3.3333333333333286,-0.0258928882400742,-1.5727309502548503,1.1664913658245069,-1.8450805436199171,1.5670511413994743,124
2020_2020-08-15_day1_022_h15,M2b_mean_solar,horizon_specific,2020,15,0.0,0.1147777514077547,-1.4320603106070213,1.3071620054723359,-1.7044099039720884,1.707721781047303,124
2020_2020-08-15_day1_023_h15,M2b_mean_solar,horizon_specific,2020,15,0.5555555555555571,-0.3656363990077568,-1.912474461022533,0.8267478550568242,-2.1848240543875996,1.2273076306317918,124
2020_2020-08-15_day1_024_h15,M2b_mean_solar,horizon_specific,2020,15,2.2222222222222214,0.4555857150936339,-1.0912523469211424,1.6479699691582148,-1.363601940286209,2.0485297447331825,124
2020_2020-08-15_day1_025_h15,M2b_mean_solar,horizon_specific,2020,15,1.1111111111111072,0.7930896353811007,-0.7537484266336755,1.9854738894456818,-1.0260980199987424,2.386033665020649,124
2020_2020-08-15_day1_026_h15,M2b_mean_solar,horizon_specific,2020,15,0.0,0.7562383161520575,-0.7905997458627186,1.9486225702166386,-1.0629493392277856,2.349182345791606,124
2020_2020-08-15_day1_027_h15,M2b_mean_solar,horizon_specific,2020,15,-2.2222222222222214,-1.041585731698503,-2.5884237937132792,0.15079852236607794,-2.8607733870783463,0.5513582979410454,124
2020_2020-08-15_day1_028_h15,M2b_mean_solar,horizon_specific,2020,15,0.0,-0.1213373359730921,-1.6681753979878682,1.071046918091489,-1.940524991352935,1.4716066936664565,124
2020_2020-08-15_day1_029_h15,M2b_mean_solar,horizon_specific,2020,15,1.1111111111111145,-0.6168029454848329,-2.163641007499609,0.5755813085797481,-2.4359906008646757,0.9761410841547156,124
2020_2020-08-15_day1_000_h30,M2b_mean_solar,horizon_specific,2020,30,1.1111111111111107,1.2961529848559528,-0.9328280742861252,3.098510576755762,-2.2421884068145728,3.898269245366617,117
2020_2020-08-15_day1_001_h30,M2b_mean_solar,horizon_specific,2020,30,1.666666666666668,1.9526063943289715,-0.27637466481310646,3.7549639862287805,-1.5857349973415538,4.554722654839635,117
2020_2020-08-15_day1_002_h30,M2b_mean_solar,horizon_specific,2020,30,2.2222222222222214,2.0513525986221537,-0.1776284605199243,3.853710190521963,-1.4869887930483716,4.6534688591328175,117
2020_2020-08-15_day1_003_h30,M2b_mean_solar,horizon_specific,2020,30,2.2222222222222214,1.0343558937964883,-1.1946251653455897,2.8367134856962974,-2.5039854978740372,3.6364721543071523,117
2020_2020-08-15_day1_006_h30,M2b_mean_solar,horizon_specific,2020,30,2.2222222222222214,1.653822802797526,-0.5751582563445521,3.456180394697335,-1.8845185888729994,4.2559390633081895,117
2020_2020-08-15_day1_007_h30,M2b_mean_solar,horizon_specific,2020,30,2.2222222222222214,1.1856101268146195,-1.0433709323274585,2.9879677187144287,-2.3527312648559056,3.787726387325283,117
2020_2020-08-15_day1_008_h30,M2b_mean_solar,horizon_specific,2020,30,2.2222222222222214,1.161250591728638,-1.06773046741344,2.9636081836284474,-2.3770907999418873,3.763366852239302,117
2020_2020-08-15_day1_009_h30,M2b_mean_solar,horizon_specific,2020,30,2.7777777777777786,1.1887145988456431,-1.0402664602964349,2.9910721907454523,-2.349626792824882,3.7908308593563067,117
2020_2020-08-15_day1_010_h30,M2b_mean_solar,horizon_specific,2020,30,5.0,2.271841737476035,0.042860678333957125,4.074199329375844,-1.2664996541944902,4.8739579979866985,117
2020_2020-08-15_day1_011_h30,M2b_mean_solar,horizon_specific,2020,30,4.444444444444443,1.6758020392467416,-0.5531790198953364,3.478159631146551,-1.8625393524237837,4.277918299757405,117
2020_2020-08-15_day1_012_h30,M2b_mean_solar,horizon_specific,2020,30,2.2222222222222214,0.4040845171437106,-1.8248965419983674,2.2064421090435196,-3.1342568745268147,3.0062007776543744,117
2020_2020-08-15_day1_013_h30,M2b_mean_solar,horizon_specific,2020,30,2.2222222222222214,0.3509604666116646,-1.8780205925304134,2.1533180585114735,-3.1873809250588607,2.9530767271223284,117
2020_2020-08-15_day1_014_h30,M2b_mean_solar,horizon_specific,2020,30,1.6666666666666714,0.8460472185869816,-1.3829338405550964,2.6484048104867908,-2.6922941730835435,3.448163479097645,117
2020_2020-08-15_day1_015_h30,M2b_mean_solar,horizon_specific,2020,30,1.6666666666666643,1.887847282911455,-0.341133776230623,3.690204874811264,-1.6504941087590703,4.489963543422119,117
2020_2020-08-15_day1_016_h30,M2b_mean_solar,horizon_specific,2020,30,2.7777777777777786,1.3545939998562706,-0.8743870592858074,3.15695159175608,-2.1837473918142547,3.9567102603669344,117
2020_2020-08-15_day1_017_h30,M2b_mean_solar,horizon_specific,2020,30,-1.6666666666666643,0.2499887471831106,-1.9789923119589674,2.05234633908292,-3.2883526444874147,2.8521050076937744,117
2020_2020-08-15_day1_018_h30,M2b_mean_solar,horizon_specific,2020,30,-2.2222222222222214,-1.03512954765483,-3.264110606796908,0.7672280442449793,-4.573470939325356,1.566986712855834,117
2020_2020-08-15_day1_019_h30,M2b_mean_solar,horizon_specific,2020,30,3.8888888888888857,-0.160874189497294,-2.389855248639372,1.6414834024025151,-3.6992155811678193,2.4412420710133698,117
2020_2020-08-15_day1_020_h30,M2b_mean_solar,horizon_specific,2020,30,-0.5555555555555571,0.7029592580569219,-1.526021801085156,2.5053168499567313,-2.8353821336136034,3.3050755185675857,117
2020_2020-08-15_day1_021_h30,M2b_mean_solar,horizon_specific,2020,30,-3.3333333333333286,-0.1187795495151258,-2.347760608657204,1.6835780423846833,-3.657120941185651,2.483336710995538,117
2020_2020-08-15_day1_022_h30,M2b_mean_solar,horizon_specific,2020,30,0.5555555555555571,-0.3959298644869768,-2.624910923629055,1.4064277274128323,-3.934271256157502,2.206186396023687,117
2020_2020-08-15_day1_023_h30,M2b_mean_solar,horizon_specific,2020,30,2.7777777777777786,0.1005147491586697,-2.1284663099834082,1.902872341058479,-3.4378266425118555,2.7026310096693336,117
2020_2020-08-15_day1_024_h30,M2b_mean_solar,horizon_specific,2020,30,3.3333333333333286,1.5940653609602755,-0.6349156981818025,3.3964229528600844,-1.9442760307102498,4.19618162147094,117
2020_2020-08-15_day1_025_h30,M2b_mean_solar,horizon_specific,2020,30,1.1111111111111072,1.9100950163091523,-0.31888604283292565,3.7124526082089613,-1.628246375361373,4.512211276819816,117
2020_2020-08-15_day1_026_h30,M2b_mean_solar,horizon_specific,2020,30,-2.2222222222222214,-0.4017933178076656,-2.6307743769497436,1.4005642740921436,-3.940134709478191,2.200322942702998,117
2020_2020-08-15_day1_027_h30,M2b_mean_solar,horizon_specific,2020,30,-2.2222222222222214,-1.4911144338103577,-3.720095492952436,0.31124315808945147,-5.029455825480883,1.1110018267003061,117
2020_2020-08-15_day1_028_h30,M2b_mean_solar,horizon_specific,2020,30,1.1111111111111145,-0.9102391512270748,-3.1392202103691527,0.8921184406727344,-4.4485805428976,1.6918771092835891,117
2020_2020-08-15_day1_000_h60,M2b_mean_solar,horizon_specific,2020,60,3.333333333333332,4.106051776228884,0.6046840872487245,7.112032191851818,-0.8903757564409931,8.072608471701635,104
2020_2020-08-15_day1_001_h60,M2b_mean_solar,horizon_specific,2020,60,3.8888888888888897,3.555622855665498,0.05425516668533881,6.5616032712884325,-1.4408046770043788,7.522179551138249,104
2020_2020-08-15_day1_006_h60,M2b_mean_solar,horizon_specific,2020,60,4.444444444444443,3.3747972769293773,-0.126570412050782,6.380777692552312,-1.6216302557404996,7.341353972402128,104
2020_2020-08-15_day1_007_h60,M2b_mean_solar,horizon_specific,2020,60,5.0,2.7980626268221096,-0.7033050621580497,5.804043042445044,-2.1983649058477672,6.764619322294861,104
2020_2020-08-15_day1_008_h60,M2b_mean_solar,horizon_specific,2020,60,7.222222222222221,4.2539647977055735,0.7525971087254142,7.259945213328508,-0.7424627349643034,8.220521493178325,104
2020_2020-08-15_day1_009_h60,M2b_mean_solar,horizon_specific,2020,60,7.222222222222221,3.5522973371522206,0.05092964817206136,6.558277752775155,-1.4441301955176562,7.518854032624971,104
2020_2020-08-15_day1_010_h60,M2b_mean_solar,horizon_specific,2020,60,7.222222222222221,3.4831771447154902,-0.01819054426466904,6.489157560338425,-1.5132503879543866,7.449733840188241,104
2020_2020-08-15_day1_011_h60,M2b_mean_solar,horizon_specific,2020,60,6.666666666666664,2.6480377204712817,-0.8533299685088775,5.654018136094216,-2.348389812198595,6.614594415944032,104
2020_2020-08-15_day1_012_h60,M2b_mean_solar,horizon_specific,2020,60,3.888888888888893,1.581604788407478,-1.9197629005726813,4.587585204030413,-3.414822744262399,5.548161483880229,104
2020_2020-08-15_day1_013_h60,M2b_mean_solar,horizon_specific,2020,60,3.8888888888888857,2.964507793940603,-0.5368598950395564,5.970488209563538,-2.031919738729274,6.9310644894133535,104
2020_2020-08-15_day1_014_h60,M2b_mean_solar,horizon_specific,2020,60,4.44444444444445,2.821835449453233,-0.6795322395269263,5.827815865076167,-2.174592083216644,6.788392144925984,104
2020_2020-08-15_day1_015_h60,M2b_mean_solar,horizon_specific,2020,60,0.0,2.6547096282157057,-0.8466580607644536,5.66069004383864,-2.341717904454171,6.621266323688456,104
2020_2020-08-15_day1_016_h60,M2b_mean_solar,horizon_specific,2020,60,0.5555555555555571,0.4210232178037199,-3.0803444711764394,3.4270036334266543,-4.575404314866157,4.38757991327647,104
2020_2020-08-15_day1_017_h60,M2b_mean_solar,horizon_specific,2020,60,2.2222222222222214,-0.3360243182919293,-3.8373920072720886,2.669956097331005,-5.332451850961806,3.6305323771808213,104
2020_2020-08-15_day1_018_h60,M2b_mean_solar,horizon_specific,2020,60,-2.7777777777777786,-0.6892430447985993,-4.190610733778758,2.316737370824335,-5.685670577468477,3.2773136506741514,104
2020_2020-08-15_day1_019_h60,M2b_mean_solar,horizon_specific,2020,60,0.5555555555555571,-0.1038090131636337,-3.605176702143793,2.9021714024593006,-5.100236545833511,3.862747682309117,104
2020_2020-08-15_day1_020_h60,M2b_mean_solar,horizon_specific,2020,60,0.0,0.1383867256202391,-3.36298096335992,3.1443671412431735,-4.858040807049638,4.104943421092989,104
2020_2020-08-15_day1_021_h60,M2b_mean_solar,horizon_specific,2020,60,-0.55555555555555,-0.3923793783791574,-3.8937470673593166,2.613601037243777,-5.388806911049034,3.5741773170935933,104
2020_2020-08-15_day1_022_h60,M2b_mean_solar,horizon_specific,2020,60,3.8888888888888857,1.632611235893167,-1.8687564530869922,4.638591651516101,-3.36381629677671,5.599167931365917,104
2020_2020-08-15_day1_023_h60,M2b_mean_solar,horizon_specific,2020,60,3.8888888888888857,2.998914758631833,-0.5024529303483263,6.004895174254767,-1.9975127740380438,6.965471454104584,104
2020_2020-08-15_day1_024_h60,M2b_mean_solar,horizon_specific,2020,60,1.1111111111111072,1.882721360603231,-1.6186463283769283,4.888701776226165,-3.113706172066646,5.849278056075981,104
2020_2020-08-15_day1_025_h60,M2b_mean_solar,horizon_specific,2020,60,-1.1111111111111145,0.6483441730372768,-2.8530235159428825,3.654324588660211,-4.3480833596326,4.614900868510027,104
2020_2020-08-15_day1_026_h60,M2b_mean_solar,horizon_specific,2020,60,-1.1111111111111072,-1.77697620998984,-5.278343898969999,1.2290042056330943,-6.773403742659717,2.1895804854829106,104
2020_2020-08-15_day1_004_h90,M2b_mean_solar,horizon_specific,2020,90,7.222222222222221,3.9971352862670626,-0.02190479517918842,7.026047074966471,-1.6476686974075063,8.219349565988985,96
2020_2020-08-15_day1_005_h90,M2b_mean_solar,horizon_specific,2020,90,7.222222222222225,5.690998209452347,1.6719581280060956,8.719909998151756,0.04619422577777765,9.913212489174267,96
2020_2020-08-15_day1_006_h90,M2b_mean_solar,horizon_specific,2020,90,9.444444444444445,6.7352697673848825,2.7162296859386315,9.764181556084292,1.0904657837103136,10.957484047106803,96
2020_2020-08-15_day1_007_h90,M2b_mean_solar,horizon_specific,2020,90,9.444444444444445,5.2719014577278305,1.2528613762815795,8.30081324642724,-0.37290252594673845,9.494115737449752,96
2020_2020-08-15_day1_008_h90,M2b_mean_solar,horizon_specific,2020,90,9.444444444444445,5.213785361303863,1.194745279857612,8.242697150003272,-0.431018622370706,9.435999641025784,96
2020_2020-08-15_day1_009_h90,M2b_mean_solar,horizon_specific,2020,90,9.444444444444445,4.42757247032819,0.4085323888819392,7.456484259027599,-1.2172315133463787,8.649786750050112,96
2020_2020-08-15_day1_010_h90,M2b_mean_solar,horizon_specific,2020,90,8.888888888888893,5.175880016609195,1.1568399351629441,8.204791805308604,-0.46892396706537376,9.398094296331116,96
2020_2020-08-15_day1_011_h90,M2b_mean_solar,horizon_specific,2020,90,8.333333333333329,5.899633272213189,1.8805931907669375,8.928545060912597,0.25482928853861964,10.12184755193511,96
2020_2020-08-15_day1_012_h90,M2b_mean_solar,horizon_specific,2020,90,6.666666666666671,3.787632142324582,-0.23140793912166924,6.816543931023991,-1.8571718413499871,8.009846422046504,96
2020_2020-08-15_day1_013_h90,M2b_mean_solar,horizon_specific,2020,90,2.2222222222222214,3.6080133762470545,-0.4110267051991965,6.636925164946463,-2.0367906074275144,7.830227655968976,96
2020_2020-08-15_day1_014_h90,M2b_mean_solar,horizon_specific,2020,90,2.2222222222222285,1.7051394372730195,-2.3139006441732315,4.734051225972428,-3.9396645464015494,5.927353716994941,96
2020_2020-08-15_day1_015_h90,M2b_mean_solar,horizon_specific,2020,90,3.8888888888888857,2.3062992804223024,-1.7127408010239487,5.335211069121711,-3.3385047032522666,6.528513560144224,96
2020_2020-08-15_day1_016_h90,M2b_mean_solar,horizon_specific,2020,90,0.0,1.4538110238659143,-2.5652290575803365,4.482722812565323,-4.190992959808654,5.676025303587836,96
2020_2020-08-15_day1_017_h90,M2b_mean_solar,horizon_specific,2020,90,-1.1111111111111072,-0.2776783920468562,-4.296718473493107,2.7512333966525526,-5.922482375721425,3.944535887675065,96
2020_2020-08-15_day1_018_h90,M2b_mean_solar,horizon_specific,2020,90,-2.2222222222222214,-1.6028366340954427,-5.621876715541694,1.426075154603966,-7.247640617770012,2.6193776456264786,96
2020_2020-08-15_day1_019_h90,M2b_mean_solar,horizon_specific,2020,90,3.3333333333333357,-0.0478016882621172,-4.066841769708368,2.9811101004372915,-5.692605671936686,4.174412591459804,96
2020_2020-08-15_day1_020_h90,M2b_mean_solar,horizon_specific,2020,90,3.3333333333333286,2.659394937487084,-1.3596451439591668,5.688306726186493,-2.9854090461874847,6.8816092172090055,96
2020_2020-08-15_day1_021_h90,M2b_mean_solar,horizon_specific,2020,90,0.5555555555555571,2.8031446989058653,-1.2158953825403858,5.832056487605274,-2.8416592847687037,7.025358978627787,96
2020_2020-08-15_day1_022_h90,M2b_mean_solar,horizon_specific,2020,90,1.6666666666666643,1.7423110806245026,-2.2767290008217484,4.771222869323911,-3.9024929030500664,5.964525360346424,96
2020_2020-08-15_day1_023_h90,M2b_mean_solar,horizon_specific,2020,90,1.6666666666666643,1.5394808625784575,-2.4795592188677933,4.5683926512778665,-4.105323121096111,5.761695142300379,96
2020_2020-08-15_day1_024_h90,M2b_mean_solar,horizon_specific,2020,90,2.2222222222222214,1.0487710412169822,-2.970269040229269,4.077682829916391,-4.596032942457587,5.2709853209389035,96
2020_2020-08-15_day1_002_h120,M2b_mean_solar,horizon_specific,2020,120,9.444444444444445,6.829542511547389,2.3004751394610414,9.77575028403868,0.7337883672655128,11.159800361836112,94
2020_2020-08-15_day1_003_h120,M2b_mean_solar,horizon_specific,2020,120,9.444444444444446,7.152308132325233,2.623240760238885,10.098515904816523,1.0565539880433565,11.482565982613956,94
2020_2020-08-15_day1_004_h120,M2b_mean_solar,horizon_specific,2020,120,9.444444444444445,6.378832000484895,1.849764628398547,9.325039772976186,0.2830778562030183,10.709089850773617,94
2020_2020-08-15_day1_005_h120,M2b_mean_solar,horizon_specific,2020,120,9.444444444444446,7.36590631156418,2.8368389394778317,10.31211408405547,1.270152167282303,11.696164161852902,94
2020_2020-08-15_day1_006_h120,M2b_mean_solar,horizon_specific,2020,120,11.666666666666664,7.674162334739449,3.1450949626531015,10.620370107230741,1.5784081904575729,12.004420185028172,94
2020_2020-08-15_day1_007_h120,M2b_mean_solar,horizon_specific,2020,120,11.666666666666664,6.007465908398382,1.4783985363120342,8.953673680889672,-0.08828823588349444,10.337723758687105,94
2020_2020-08-15_day1_008_h120,M2b_mean_solar,horizon_specific,2020,120,11.111111111111114,6.8967901975722405,2.3677228254858926,9.842997970063532,0.801036053290364,11.227048047860963,94
2020_2020-08-15_day1_009_h120,M2b_mean_solar,horizon_specific,2020,120,11.111111111111107,7.899360437803036,3.3702930657166883,10.845568210294328,1.8036062935211596,12.229618288091759,94
2020_2020-08-15_day1_010_h120,M2b_mean_solar,horizon_specific,2020,120,11.666666666666671,7.780306918466257,3.2512395463799093,10.726514690957547,1.6845527741843807,12.11056476875498,94
2020_2020-08-15_day1_011_h120,M2b_mean_solar,horizon_specific,2020,120,6.666666666666664,6.6768625112062185,2.1477951391198706,9.623070283697508,0.581108366924342,11.007120361494941,94
2020_2020-08-15_day1_012_h120,M2b_mean_solar,horizon_specific,2020,120,4.44444444444445,2.403018379514693,-2.126048992571655,5.349226152005984,-3.6927357647671837,6.7332762298034154,94
2020_2020-08-15_day1_013_h120,M2b_mean_solar,horizon_specific,2020,120,6.111111111111107,3.137860429489959,-1.3912069425963889,6.08406820198125,-2.9578937147919175,7.468118279778682,94
2020_2020-08-15_day1_014_h120,M2b_mean_solar,horizon_specific,2020,120,1.6666666666666714,2.8858951788110696,-1.6431721932752783,5.83210295130236,-3.209858965470807,7.216153029099792,94
2020_2020-08-15_day1_015_h120,M2b_mean_solar,horizon_specific,2020,120,0.5555555555555571,2.5997916685441913,-1.9292757035421566,5.545999441035482,-3.4959624757376853,6.930049518832914,94
2020_2020-08-15_day1_016_h120,M2b_mean_solar,horizon_specific,2020,120,0.5555555555555571,0.6533142570476604,-3.8757531150386875,3.599522029538951,-5.442439887234216,4.983572107336383,94
2020_2020-08-15_day1_017_h120,M2b_mean_solar,horizon_specific,2020,120,1.6666666666666714,-0.3745485989752541,-4.903615971061602,2.5716591735160366,-6.470302743257131,3.9557092513134684,94
2020_2020-08-15_day1_018_h120,M2b_mean_solar,horizon_specific,2020,120,1.1111111111111072,1.0032414600234991,-3.5258259120628486,3.94944923251479,-5.092512684258377,5.333499310312222,94
2020_2020-08-15_day1_019_h120,M2b_mean_solar,horizon_specific,2020,120,4.444444444444443,3.604480545865907,-0.9245868262204411,6.550688318357198,-2.4912735984159697,7.934738396154629,94
2020_2020-08-15_day1_020_h120,M2b_mean_solar,horizon_specific,2020,120,1.1111111111111072,2.873756813358943,-1.6553105587274048,5.819964585850234,-3.2219973309229335,7.204014663647666,94
2020_2020-08-15_day1_021_h120,M2b_mean_solar,horizon_specific,2020,120,-1.6666666666666643,1.162128206337064,-3.366939165749284,4.108335978828355,-4.933625937944813,5.4923860566257865,94
2020_2020-08-15_day1_022_h120,M2b_mean_solar,horizon_specific,2020,120,2.7777777777777786,0.8212358884688431,-3.707831483617505,3.767443660960134,-5.2745182558130335,5.151493738757566,94
2021_2021-05-22_day1_001_h15,M2b_mean_solar,pooled,2021,15,0.5555555555555536,1.085714660980601,-1.5649986798151556,4.049533117147184,-2.980874715443286,5.025347333596783,532
2021_2021-05-22_day1_002_h15,M2b_mean_solar,pooled,2021,15,0.5555555555555571,1.1343203272830156,-1.516393013512741,4.098138783449598,-2.9322690491408716,5.073952999899198,532
2021_2021-05-22_day1_003_h15,M2b_mean_solar,pooled,2021,15,0.0,0.718899490576205,-1.9318138502195517,3.6827179467427875,-3.3476898858476822,4.658532163192387,532
2021_2021-05-22_day1_004_h15,M2b_mean_solar,pooled,2021,15,1.1111111111111107,1.2312289643283747,-1.419484376467382,4.195047420494957,-2.8353604120955125,5.170861636944557,532
2021_2021-05-22_day1_005_h15,M2b_mean_solar,pooled,2021,15,0.5555555555555536,1.2471078744705495,-1.403605466325207,4.2109263306371325,-2.8194815019533377,5.186740547086732,532
2021_2021-05-22_day1_007_h15,M2b_mean_solar,pooled,2021,15,1.6666666666666643,1.3908170128856665,-1.25989632791009,4.3546354690522495,-2.6757723635382207,5.330449685501849,532
2021_2021-05-22_day1_008_h15,M2b_mean_solar,pooled,2021,15,0.0,1.8302758904351268,-0.8204374503606298,4.794094346601709,-2.2363134859887603,5.76990856305131,532
2021_2021-05-22_day1_009_h15,M2b_mean_solar,pooled,2021,15,0.5555555555555571,1.0037429319209084,-1.6469704088748482,3.967561388087491,-3.062846444502979,4.94337560453709,532
2021_2021-05-22_day1_010_h15,M2b_mean_solar,pooled,2021,15,1.1111111111111145,1.4686249261597697,-1.182088414635987,4.432443382326352,-2.5979644502641177,5.408257598775952,532
2021_2021-05-22_day1_011_h15,M2b_mean_solar,pooled,2021,15,0.55555555555555,1.0007088125992567,-1.6500045281965,3.9645272687658393,-3.0658805638246305,4.9403414852154395,532
2021_2021-05-22_day1_012_h15,M2b_mean_solar,pooled,2021,15,1.6666666666666714,1.454628891545103,-1.1960844492506535,4.418447347711686,-2.611960484878784,5.394261564161285,532
2021_2021-05-22_day1_013_h15,M2b_mean_solar,pooled,2021,15,0.0,0.9411311085063826,-1.7095822322893741,3.904949564672965,-3.1254582679175047,4.880763781122565,532
2021_2021-05-22_day1_014_h15,M2b_mean_solar,pooled,2021,15,0.0,0.9477442982726396,-1.702969042523117,3.911562754439222,-3.1188450781512476,4.8873769708888215,532
2021_2021-05-22_day1_015_h15,M2b_mean_solar,pooled,2021,15,-0.5555555555555571,0.4816405895762233,-2.169072751219533,3.445459045742806,-3.5849487868476637,4.421273262192406,532
2021_2021-05-22_day1_016_h15,M2b_mean_solar,pooled,2021,15,0.0,1.3988168349775214,-1.2518965058182352,4.3626352911441035,-2.6677725414463658,5.338449507593704,532
2021_2021-05-22_day1_017_h15,M2b_mean_solar,pooled,2021,15,0.5555555555555571,0.9484923077829528,-1.7022210330128038,3.9123107639495354,-3.1180970686409344,4.888124980399136,532
2021_2021-05-22_day1_018_h15,M2b_mean_solar,pooled,2021,15,1.1111111111111072,0.890993364795109,-1.7597199760006474,3.8548118209616917,-3.175596011628778,4.8306260374112915,532
2021_2021-05-22_day1_019_h15,M2b_mean_solar,pooled,2021,15,3.3333333333333357,1.723718380891976,-0.9269949599037806,4.687536837058559,-2.342870995531911,5.663351053508158,532
2021_2021-05-22_day1_020_h15,M2b_mean_solar,pooled,2021,15,1.6666666666666643,1.0958030714417957,-1.554910269353961,4.059621527608378,-2.9707863049820915,5.035435744057978,532
2021_2021-05-22_day1_021_h15,M2b_mean_solar,pooled,2021,15,1.1111111111111145,0.9928908059802768,-1.6578225348154798,3.9567092621468594,-3.0736985704436104,4.932523478596459,532
2021_2021-05-22_day1_022_h15,M2b_mean_solar,pooled,2021,15,0.5555555555555571,-0.0083331590944354,-2.659046499890192,2.9554852970721472,-4.074922535518323,3.931299513521747,532
2021_2021-05-22_day1_023_h15,M2b_mean_solar,pooled,2021,15,1.1111111111111072,0.3481039408500349,-2.302609399945722,3.3119223970166174,-3.7184854355738524,4.287736613466217,532
2021_2021-05-22_day1_024_h15,M2b_mean_solar,pooled,2021,15,1.1111111111111145,0.703004234785087,-1.9477091060106697,3.6668226909516695,-3.3635851416388003,4.642636907401269,532
2021_2021-05-22_day1_025_h15,M2b_mean_solar,pooled,2021,15,0.0,0.6249817102306318,-2.025731630565125,3.588800166397214,-3.4416076661932555,4.564614382846814,532
2021_2021-05-22_day1_026_h15,M2b_mean_solar,pooled,2021,15,-0.5555555555555571,-0.3174287333035168,-2.968142074099273,2.646389722863066,-4.384018109727404,3.6222039393126657,532
2021_2021-05-22_day1_027_h15,M2b_mean_solar,pooled,2021,15,-0.5555555555555571,0.0991543803148862,-2.5515589604808704,3.062972836481469,-3.967434996109001,4.0387870529310685,532
2021_2021-05-22_day1_028_h15,M2b_mean_solar,pooled,2021,15,-1.6666666666666643,0.0834994301632433,-2.567213910632513,3.047317886329826,-3.9830899462606437,4.023132102779425,532
2021_2021-05-22_day1_029_h15,M2b_mean_solar,pooled,2021,15,0.0,0.5958823467379564,-2.0548309940578005,3.5597008029045387,-3.470707029685931,4.535515019354139,532
2021_2021-05-22_day1_030_h15,M2b_mean_solar,pooled,2021,15,-0.5555555555555571,0.115705217304559,-2.5350081234911976,3.0795236734711415,-3.950884159119328,4.055337889920741,532
2021_2021-05-22_day1_000_h30,M2b_mean_solar,pooled,2021,30,1.1111111111111145,1.6332733336257184,-1.0174400071700382,4.597091789792301,-2.433316042798169,5.572906006241901,532
2021_2021-05-22_day1_001_h30,M2b_mean_solar,pooled,2021,30,1.1111111111111107,2.391923599957402,-0.2587897408383548,5.355742056123985,-1.6746657764664854,6.331556272573584,532
2021_2021-05-22_day1_002_h30,M2b_mean_solar,pooled,2021,30,0.5555555555555571,1.9068901047499165,-0.7438232360458401,4.8707085609164995,-2.1596992716739707,5.846522777366099,532
2021_2021-05-22_day1_003_h30,M2b_mean_solar,pooled,2021,30,1.1111111111111107,2.0207041980747587,-0.630009142720998,4.984522654241341,-2.0458851783491285,5.960336870690941,532
2021_2021-05-22_day1_004_h30,M2b_mean_solar,pooled,2021,30,1.6666666666666643,2.7331133261070004,0.08239998531124382,5.696931782273583,-1.3334760503168868,6.672745998723183,532
2021_2021-05-22_day1_007_h30,M2b_mean_solar,pooled,2021,30,1.6666666666666643,3.731597389047443,1.0808840482516864,6.6954158452140256,-0.3349919873764442,7.671230061663625,532
2021_2021-05-22_day1_008_h30,M2b_mean_solar,pooled,2021,30,0.5555555555555571,3.085039229648179,0.4343258888524222,6.048857685814761,-0.9815501467757084,7.024671902264361,532
2021_2021-05-22_day1_009_h30,M2b_mean_solar,pooled,2021,30,1.6666666666666714,2.705034798860134,0.05432145806437738,5.6688532550267166,-1.3615545775637532,6.644667471476316,532
2021_2021-05-22_day1_010_h30,M2b_mean_solar,pooled,2021,30,1.6666666666666643,2.7078361696691777,0.05712282887342113,5.67165462583576,-1.3587532067547095,6.64746884228536,532
2021_2021-05-22_day1_011_h30,M2b_mean_solar,pooled,2021,30,2.2222222222222214,2.69769521392438,0.04698187312862334,5.6615136700909625,-1.3688941624995072,6.637327886540563,532
2021_2021-05-22_day1_012_h30,M2b_mean_solar,pooled,2021,30,1.6666666666666714,2.6718942106573813,0.021180869861624707,5.635712666823964,-1.3946951657665059,6.611526883273564,532
2021_2021-05-22_day1_013_h30,M2b_mean_solar,pooled,2021,30,0.0,1.960232927174572,-0.6904804136211846,4.924051383341155,-2.106356449249315,5.899865599790754,532
2021_2021-05-22_day1_014_h30,M2b_mean_solar,pooled,2021,30,-0.5555555555555571,1.366247598735009,-1.2844657420607477,4.330066054901591,-2.7003417776888785,5.3058802713511914,532
2021_2021-05-22_day1_015_h30,M2b_mean_solar,pooled,2021,30,-0.5555555555555571,1.9505322610006817,-0.7001810797950749,4.914350717167264,-2.1160571154232057,5.890164933616864,532
2021_2021-05-22_day1_016_h30,M2b_mean_solar,pooled,2021,30,0.5555555555555571,2.5158076383903083,-0.1349057024054483,5.479626094556891,-1.5507817380335789,6.455440311006491,532
2021_2021-05-22_day1_017_h30,M2b_mean_solar,pooled,2021,30,1.6666666666666643,1.9345209029908987,-0.7161924378048579,4.8983393591574815,-2.132068473432988,5.874153575607081,532
2021_2021-05-22_day1_018_h30,M2b_mean_solar,pooled,2021,30,4.444444444444443,2.9989656460196352,0.3482523052238786,5.962784102186218,-1.067623730404252,6.938598318635817,532
2021_2021-05-22_day1_019_h30,M2b_mean_solar,pooled,2021,30,5.0,3.3839831396491658,0.7332697988534091,6.347801595815748,-0.6826062367747214,7.3236158122653485,532
2021_2021-05-22_day1_020_h30,M2b_mean_solar,pooled,2021,30,2.7777777777777786,2.424228758965963,-0.2264845818297938,5.388047215132545,-1.6423606174579244,6.363861431582145,532
2021_2021-05-22_day1_021_h30,M2b_mean_solar,pooled,2021,30,1.6666666666666714,0.9955250393582546,-1.655188301437502,3.959343495524837,-3.0710643370656325,4.935157711974437,532
2021_2021-05-22_day1_022_h30,M2b_mean_solar,pooled,2021,30,1.6666666666666643,0.229107049481124,-2.4216062913146326,3.1929255056477066,-3.837482326942763,4.168739722097306,532
2021_2021-05-22_day1_023_h30,M2b_mean_solar,pooled,2021,30,2.2222222222222214,1.187190256221548,-1.4635230845742087,4.151008712388131,-2.879399120202339,5.12682292883773,532
2021_2021-05-22_day1_024_h30,M2b_mean_solar,pooled,2021,30,1.1111111111111145,1.5429018885548735,-1.107811452240883,4.506720344721456,-2.5236874878690134,5.482534561171056,532
2021_2021-05-22_day1_025_h30,M2b_mean_solar,pooled,2021,30,-0.5555555555555571,0.1674107070358346,-2.483302633759922,3.131229163202417,-3.8991786693880526,4.107043379652017,532
2021_2021-05-22_day1_026_h30,M2b_mean_solar,pooled,2021,30,-1.1111111111111145,-0.4734947205111803,-3.1242080613069367,2.4903237356554024,-4.540084096935067,3.466137952105002,532
2021_2021-05-22_day1_027_h30,M2b_mean_solar,pooled,2021,30,-2.2222222222222214,0.0138135428591017,-2.636899797936655,2.977631999025684,-4.052775833564786,3.953446215475284,532
2021_2021-05-22_day1_028_h30,M2b_mean_solar,pooled,2021,30,-1.6666666666666643,0.5687862803105987,-2.0819270604851576,3.5326047364771815,-3.497803096113288,4.508418952926781,532
2021_2021-05-22_day1_029_h30,M2b_mean_solar,pooled,2021,30,-0.5555555555555571,0.6612765250997994,-1.9894368156959572,3.6250949812663817,-3.405312851324088,4.600909197715982,532
2021_2021-05-22_day1_000_h60,M2b_mean_solar,pooled,2021,60,2.222222222222225,4.349851267318359,1.699137926522602,7.313669723484941,0.2832618908944715,8.289483939934541,532
2021_2021-05-22_day1_001_h60,M2b_mean_solar,pooled,2021,60,2.2222222222222214,4.6851048333921455,2.034391492596389,7.648923289558728,0.6185154569682583,8.624737506008328,532
2021_2021-05-22_day1_002_h60,M2b_mean_solar,pooled,2021,60,2.2222222222222214,4.917562426114935,2.266849085319178,7.881380882281517,0.8509730496910475,8.857195098731117,532
2021_2021-05-22_day1_007_h60,M2b_mean_solar,pooled,2021,60,3.3333333333333357,6.978649309539171,4.3279359687434145,9.942467765705754,2.912059933115284,10.918281982155353,532
2021_2021-05-22_day1_008_h60,M2b_mean_solar,pooled,2021,60,2.2222222222222214,6.075030483875557,3.4243171430798007,9.03884894004214,2.00844110745167,10.01466315649174,532
2021_2021-05-22_day1_009_h60,M2b_mean_solar,pooled,2021,60,3.888888888888893,5.67387121281473,3.023157872018974,8.637689668981313,1.6072818363908432,9.613503885430912,532
2021_2021-05-22_day1_010_h60,M2b_mean_solar,pooled,2021,60,3.3333333333333357,5.654002834191604,3.0032894933958474,8.617821290358187,1.5874134577677168,9.593635506807786,532
2021_2021-05-22_day1_011_h60,M2b_mean_solar,pooled,2021,60,2.2222222222222214,4.800971517524617,2.15025817672886,7.764789973691199,0.7343821411007294,8.740604190140798,532
2021_2021-05-22_day1_012_h60,M2b_mean_solar,pooled,2021,60,1.1111111111111145,3.913500034213606,1.2627866934178495,6.877318490380189,-0.15308934221028103,7.853132706829788,532
2021_2021-05-22_day1_013_h60,M2b_mean_solar,pooled,2021,60,-0.5555555555555571,3.660498154390384,1.0097848135946275,6.624316610556967,-0.4060912220335031,7.600130827006566,532
2021_2021-05-22_day1_014_h60,M2b_mean_solar,pooled,2021,60,0.0,3.633301426271984,0.9825880854762272,6.597119882438566,-0.43328795015190336,7.572934098888166,532
2021_2021-05-22_day1_015_h60,M2b_mean_solar,pooled,2021,60,1.1111111111111072,3.5705632121919235,0.9198498713961669,6.534381668358506,-0.49602616423196366,7.510195884808105,532
2021_2021-05-22_day1_016_h60,M2b_mean_solar,pooled,2021,60,5.0,5.8805353222260655,3.229821981430309,8.844353778392648,1.8139459458021783,9.820167994842247,532
2021_2021-05-22_day1_017_h60,M2b_mean_solar,pooled,2021,60,6.666666666666664,5.8866954412036945,3.235982100407938,8.850513897370277,1.8201060647798073,9.826328113819876,532
2021_2021-05-22_day1_018_h60,M2b_mean_solar,pooled,2021,60,7.222222222222221,6.407619137074419,3.7569057962786623,9.371437593241001,2.3410297606505317,10.3472518096906,532
2021_2021-05-22_day1_019_h60,M2b_mean_solar,pooled,2021,60,6.666666666666671,5.173382663994828,2.5226693231990716,8.13720112016141,1.106793287570941,9.11301533661101,532
2021_2021-05-22_day1_020_h60,M2b_mean_solar,pooled,2021,60,4.444444444444443,2.8588972854343364,0.2081839446385798,5.822715741600919,-1.2076920909895508,6.798529958050519,532
2021_2021-05-22_day1_021_h60,M2b_mean_solar,pooled,2021,60,3.888888888888893,2.3982658349304407,-0.25244750586531595,5.362084291097023,-1.6683235414934465,6.3378985075466225,532
2021_2021-05-22_day1_022_h60,M2b_mean_solar,pooled,2021,60,2.7777777777777786,2.059294253241637,-0.5914190875541196,5.0231127094082195,-2.0072951231822502,5.99892692585782,532
2021_2021-05-22_day1_023_h60,M2b_mean_solar,pooled,2021,60,1.6666666666666643,1.581807606277851,-1.0689057345179056,4.545626062444434,-2.484781770146036,5.521440278894033,532
2021_2021-05-22_day1_024_h60,M2b_mean_solar,pooled,2021,60,0.0,1.0987548325854537,-1.551958508210303,4.062573288752036,-2.9678345438384337,5.038387505201636,532
2021_2021-05-22_day1_025_h60,M2b_mean_solar,pooled,2021,60,-2.7777777777777786,-0.0592090030452401,-2.7099223438409967,2.9046094531213424,-4.125798379469127,3.880423669570942,532
2021_2021-05-22_day1_026_h60,M2b_mean_solar,pooled,2021,60,-2.7777777777777786,-0.1559646252071771,-2.8066779660029337,2.8078538309594054,-4.222554001631064,3.783668047409005,532
2021_2021-05-22_day1_027_h60,M2b_mean_solar,pooled,2021,60,-2.7777777777777786,0.415744524188125,-2.2349688166076316,3.3795629803547076,-3.650844852235762,4.355377196804307,532
2021_2021-05-22_day1_000_h90,M2b_mean_solar,pooled,2021,90,3.3333333333333357,6.634784229233157,3.9840708884374,9.59860268539974,2.5681948528092695,10.57441690184934,532
2021_2021-05-22_day1_005_h90,M2b_mean_solar,pooled,2021,90,5.0,8.885028755683704,6.234315414887948,11.848847211850288,4.818439379259817,12.824661428299887,532
2021_2021-05-22_day1_006_h90,M2b_mean_solar,pooled,2021,90,6.111111111111111,9.148386471125244,6.4976731303294875,12.112204927291828,5.081797094701357,13.088019143741427,532
2021_2021-05-22_day1_007_h90,M2b_mean_solar,pooled,2021,90,5.555555555555557,9.58805471065932,6.937341369863563,12.551873166825903,5.521465334235432,13.527687383275502,532
2021_2021-05-22_day1_008_h90,M2b_mean_solar,pooled,2021,90,3.888888888888893,8.491787483869679,5.841074143073922,11.45560594003626,4.425198107445792,12.431420156485862,532
2021_2021-05-22_day1_009_h90,M2b_mean_solar,pooled,2021,90,3.888888888888893,7.124333795404182,4.473620454608425,10.088152251570765,3.0577444189802945,11.063966468020364,532
2021_2021-05-22_day1_010_h90,M2b_mean_solar,pooled,2021,90,2.7777777777777786,6.1275448711333915,3.476831530337635,9.091363327299973,2.0609554947095043,10.067177543749574,532
2021_2021-05-22_day1_011_h90,M2b_mean_solar,pooled,2021,90,1.6666666666666643,6.006283889217995,3.3555705484222385,8.970102345384579,1.9396945127941079,9.945916561834178,532
2021_2021-05-22_day1_012_h90,M2b_mean_solar,pooled,2021,90,1.6666666666666714,5.847249080299564,3.1965357395038074,8.811067536466147,1.7806597038756768,9.786881752915747,532
2021_2021-05-22_day1_013_h90,M2b_mean_solar,pooled,2021,90,1.1111111111111072,4.568755450557275,1.9180421097615188,7.532573906723858,0.5021660741333882,8.508388123173457,532
2021_2021-05-22_day1_014_h90,M2b_mean_solar,pooled,2021,90,4.444444444444443,6.328805873759475,3.678092532963718,9.292624329926056,2.2622164973355874,10.268438546375657,532
2021_2021-05-22_day1_015_h90,M2b_mean_solar,pooled,2021,90,6.111111111111107,7.139074081747763,4.4883607409520065,10.102892537914347,3.072484705323876,11.078706754363946,532
2021_2021-05-22_day1_016_h90,M2b_mean_solar,pooled,2021,90,7.777777777777779,8.827403649072226,6.176690308276469,11.791222105238809,4.7608142726483385,12.767036321688408,532
2021_2021-05-22_day1_017_h90,M2b_mean_solar,pooled,2021,90,8.333333333333336,7.001492743059936,4.3507794022641795,9.96531119922652,2.934903366636049,10.941125415676119,532
2021_2021-05-22_day1_018_h90,M2b_mean_solar,pooled,2021,90,8.888888888888886,6.6371219733690126,3.986408632573256,9.600940429535594,2.5705325969451254,10.576754645985195,532
2021_2021-05-22_day1_019_h90,M2b_mean_solar,pooled,2021,90,8.888888888888893,6.994983571907399,4.344270231111643,9.958802028073983,2.928394195483512,10.934616244523582,532
2021_2021-05-22_day1_020_h90,M2b_mean_solar,pooled,2021,90,5.555555555555557,5.172147883454972,2.5214345426592155,8.135966339621554,1.105558507031085,9.111780556071155,532
2021_2021-05-22_day1_021_h90,M2b_mean_solar,pooled,2021,90,3.3333333333333357,2.760348172743653,0.10963483194789658,5.724166628910236,-1.306241203680234,6.6999808453598355,532
2021_2021-05-22_day1_022_h90,M2b_mean_solar,pooled,2021,90,1.6666666666666643,1.4198015848428684,-1.2309117559528882,4.383620041009451,-2.6467877915810187,5.359434257459051,532
2021_2021-05-22_day1_023_h90,M2b_mean_solar,pooled,2021,90,-0.5555555555555571,1.7284226013089925,-0.9222907394867641,4.6922410574755755,-2.3381667751148947,5.668055273925175,532
2021_2021-05-22_day1_024_h90,M2b_mean_solar,pooled,2021,90,-1.6666666666666643,2.0310847365696847,-0.6196286042260719,4.994903192736267,-2.0355046398542025,5.970717409185867,532
2021_2021-05-22_day1_025_h90,M2b_mean_solar,pooled,2021,90,-3.3333333333333357,0.6722476744554045,-1.9784656663403521,3.636066130621987,-3.3943417019684827,4.611880347071587,532
2021_2021-05-22_day1_003_h120,M2b_mean_solar,pooled,2021,120,6.111111111111111,10.47511387589885,7.824400535103094,13.438932332065434,6.4085244994749635,14.414746548515033,532
2021_2021-05-22_day1_004_h120,M2b_mean_solar,pooled,2021,120,7.777777777777775,11.849075344715818,9.19836200392006,14.8128938008824,7.7824859682919305,15.788708017332,532
2021_2021-05-22_day1_005_h120,M2b_mean_solar,pooled,2021,120,6.666666666666664,13.028630759676007,10.377917418880251,15.99244921584259,8.96204138325212,16.96826343229219,532
2021_2021-05-22_day1_006_h120,M2b_mean_solar,pooled,2021,120,6.666666666666668,12.32314642401324,9.672433083217484,15.286964880179823,8.256557047589354,16.262779096629423,532
2021_2021-05-22_day1_007_h120,M2b_mean_solar,pooled,2021,120,5.555555555555557,10.758251008513236,8.10753766771748,13.72206946467982,6.691661632089349,14.697883681129419,532
2021_2021-05-22_day1_008_h120,M2b_mean_solar,pooled,2021,120,3.3333333333333357,8.470643228905336,5.81992988810958,11.43446168507192,4.404053852481449,12.41027590152152,532
2021_2021-05-22_day1_009_h120,M2b_mean_solar,pooled,2021,120,3.3333333333333357,7.902345103650131,5.251631762854374,10.866163559816712,3.8357557272262435,11.841977776266313,532
2021_2021-05-22_day1_010_h120,M2b_mean_solar,pooled,2021,120,3.3333333333333357,7.76919710954864,5.118483768752883,10.733015565715222,3.7026077331247524,11.708829782164822,532
2021_2021-05-22_day1_011_h120,M2b_mean_solar,pooled,2021,120,3.3333333333333286,6.568662829923317,3.917949489127561,9.5324812860899,2.5020734534994302,10.5082955025395,532
2021_2021-05-22_day1_012_h120,M2b_mean_solar,pooled,2021,120,6.111111111111114,8.40975785987781,5.759044519082054,11.373576316044392,4.3431684834539235,12.349390532493993,532
2021_2021-05-22_day1_013_h120,M2b_mean_solar,pooled,2021,120,6.111111111111107,7.972228545577666,5.321515204781909,10.93604700174425,3.905639169153779,11.911861218193849,532
2021_2021-05-22_day1_014_h120,M2b_mean_solar,pooled,2021,120,7.222222222222221,8.88723754334695,6.236524202551194,11.851055999513534,4.820648166923063,12.826870215963133,532
2021_2021-05-22_day1_015_h120,M2b_mean_solar,pooled,2021,120,7.777777777777779,7.705595516146121,5.0548821753503645,10.669413972312704,3.639006139722234,11.645228188762303,532
2021_2021-05-22_day1_016_h120,M2b_mean_solar,pooled,2021,120,9.444444444444445,8.537391859694237,5.8866785188984805,11.50121031586082,4.47080248327035,12.47702453231042,532
2021_2021-05-22_day1_017_h120,M2b_mean_solar,pooled,2021,120,10.555555555555555,8.488174994359364,5.837461653563607,11.451993450525947,4.421585617935476,12.427807666975546,532
2021_2021-05-22_day1_018_h120,M2b_mean_solar,pooled,2021,120,10.0,9.066695344238942,6.415982003443186,12.030513800405526,5.000105967815055,13.006328016855125,532
2021_2021-05-22_day1_019_h120,M2b_mean_solar,pooled,2021,120,8.333333333333336,7.3807317611313135,4.730018420335557,10.344550217297897,3.3141423847074263,11.320364433747496,532
2021_2021-05-22_day1_020_h120,M2b_mean_solar,pooled,2021,120,4.444444444444443,4.279357139742604,1.6286437989468476,7.243175595909187,0.21276776331871705,8.218989812358787,532
2021_2021-05-22_day1_021_h120,M2b_mean_solar,pooled,2021,120,1.1111111111111145,2.5560243206830737,-0.09468902011268288,5.519842776849656,-1.5105650557408135,6.4956569932992565,532
2021_2021-05-22_day1_022_h120,M2b_mean_solar,pooled,2021,120,0.0,2.0310058968713607,-0.6197074439243959,4.994824353037943,-2.0355834795525265,5.970638569487543,532
2021_2021-05-22_day1_023_h120,M2b_mean_solar,pooled,2021,120,-1.1111111111111145,2.3401924028908407,-0.31052093790491586,5.304010859057423,-1.7263969735330464,6.2798250755070235,532
2021_2021-05-22_day1_001_h15,M2b_mean_solar,horizon_specific,2021,15,0.5555555555555536,1.085714660980601,-0.46112340103417515,2.5740949623080027,-1.0778702026317795,3.2007002356044243,124
2021_2021-05-22_day1_002_h15,M2b_mean_solar,horizon_specific,2021,15,0.5555555555555571,1.1343203272830156,-0.41251773473176057,2.6227006286104175,-1.0292645363293649,3.249305901906839,124
2021_2021-05-22_day1_003_h15,M2b_mean_solar,horizon_specific,2021,15,0.0,0.718899490576205,-0.8279385714385712,2.207279791903607,-1.4446853730361755,2.8338850652000285,124
2021_2021-05-22_day1_004_h15,M2b_mean_solar,horizon_specific,2021,15,1.1111111111111107,1.2312289643283747,-0.31560909768640144,2.7196092656557767,-0.9323558992840058,3.3462145389521982,124
2021_2021-05-22_day1_005_h15,M2b_mean_solar,horizon_specific,2021,15,0.5555555555555536,1.2471078744705495,-0.29973018754422665,2.7354881757979514,-0.916476989141831,3.362093449094373,124
2021_2021-05-22_day1_007_h15,M2b_mean_solar,horizon_specific,2021,15,1.6666666666666643,1.3908170128856665,-0.15602104912910963,2.8791973142130685,-0.772767850726714,3.50580258750949,124
2021_2021-05-22_day1_008_h15,M2b_mean_solar,horizon_specific,2021,15,0.0,1.8302758904351268,0.2834378284203507,3.318656191762529,-0.3333089731772536,3.9452614650589504,124
2021_2021-05-22_day1_009_h15,M2b_mean_solar,horizon_specific,2021,15,0.5555555555555571,1.0037429319209084,-0.5430951300938678,2.4921232332483103,-1.159841931691472,3.118728506544732,124
2021_2021-05-22_day1_010_h15,M2b_mean_solar,horizon_specific,2021,15,1.1111111111111145,1.4686249261597697,-0.07821313585500644,2.957005227487172,-0.6949599374526108,3.5836105007835934,124
2021_2021-05-22_day1_011_h15,M2b_mean_solar,horizon_specific,2021,15,0.55555555555555,1.0007088125992567,-0.5461292494155194,2.4890891139266587,-1.1628760510131237,3.1156943872230802,124
2021_2021-05-22_day1_012_h15,M2b_mean_solar,horizon_specific,2021,15,1.6666666666666714,1.454628891545103,-0.09220917046967303,2.943009192872505,-0.7089559720672773,3.5696144661689266,124
2021_2021-05-22_day1_013_h15,M2b_mean_solar,horizon_specific,2021,15,0.0,0.9411311085063826,-0.6057069535083935,2.4295114098337844,-1.222453755105998,3.056116683130206,124
2021_2021-05-22_day1_014_h15,M2b_mean_solar,horizon_specific,2021,15,0.0,0.9477442982726396,-0.5990937637421365,2.4361245996000416,-1.2158405653397408,3.062729872896463,124
2021_2021-05-22_day1_015_h15,M2b_mean_solar,horizon_specific,2021,15,-0.5555555555555571,0.4816405895762233,-1.065197472438553,1.9700208909036252,-1.6819442740361572,2.596626164200047,124
2021_2021-05-22_day1_016_h15,M2b_mean_solar,horizon_specific,2021,15,0.0,1.3988168349775214,-0.14802122703725473,2.8871971363049234,-0.764768028634859,3.513802409601345,124
2021_2021-05-22_day1_017_h15,M2b_mean_solar,horizon_specific,2021,15,0.5555555555555571,0.9484923077829528,-0.5983457542318233,2.4368726091103547,-1.2150925558294277,3.0634778824067763,124
2021_2021-05-22_day1_018_h15,M2b_mean_solar,horizon_specific,2021,15,1.1111111111111072,0.890993364795109,-0.6558446972196671,2.379373666122511,-1.2725914988172713,3.0059789394189327,124
2021_2021-05-22_day1_019_h15,M2b_mean_solar,horizon_specific,2021,15,3.3333333333333357,1.723718380891976,0.1768803188771999,3.212098682219378,-0.4398664827204044,3.8387039555157996,124
2021_2021-05-22_day1_020_h15,M2b_mean_solar,horizon_specific,2021,15,1.6666666666666643,1.0958030714417957,-0.45103499057298047,2.5841833727691976,-1.0677817921705848,3.210788646065619,124
2021_2021-05-22_day1_021_h15,M2b_mean_solar,horizon_specific,2021,15,1.1111111111111145,0.9928908059802768,-0.5539472560344993,2.4812711073076787,-1.1706940576321037,3.1078763806041003,124
2021_2021-05-22_day1_022_h15,M2b_mean_solar,horizon_specific,2021,15,0.5555555555555571,-0.0083331590944354,-1.5551712211092115,1.4800471422329666,-2.1719180227068158,2.106652415529388,124
2021_2021-05-22_day1_023_h15,M2b_mean_solar,horizon_specific,2021,15,1.1111111111111072,0.3481039408500349,-1.1987341211647413,1.8364842421774368,-1.8154809227623456,2.4630895154738583,124
2021_2021-05-22_day1_024_h15,M2b_mean_solar,horizon_specific,2021,15,1.1111111111111145,0.703004234785087,-0.8438338272296891,2.191384536112489,-1.4605806288272936,2.8179898094089104,124
2021_2021-05-22_day1_025_h15,M2b_mean_solar,horizon_specific,2021,15,0.0,0.6249817102306318,-0.9218563517841444,2.1133620115580336,-1.5386031533817488,2.739967284854455,124
2021_2021-05-22_day1_026_h15,M2b_mean_solar,horizon_specific,2021,15,-0.5555555555555571,-0.3174287333035168,-1.864266795318293,1.1709515680238851,-2.481013596915897,1.7975568413203067,124
2021_2021-05-22_day1_027_h15,M2b_mean_solar,horizon_specific,2021,15,-0.5555555555555571,0.0991543803148862,-1.44768368169989,1.5875346816422882,-2.0644304832974942,2.2141399549387097,124
2021_2021-05-22_day1_028_h15,M2b_mean_solar,horizon_specific,2021,15,-1.6666666666666643,0.0834994301632433,-1.463338631851533,1.5718797314906452,-2.080085433449137,2.198485004787067,124
2021_2021-05-22_day1_029_h15,M2b_mean_solar,horizon_specific,2021,15,0.0,0.5958823467379564,-0.9509557152768198,2.0842626480653585,-1.567702516874424,2.71086792136178,124
2021_2021-05-22_day1_030_h15,M2b_mean_solar,horizon_specific,2021,15,-0.5555555555555571,0.115705217304559,-1.4311328447102172,1.604085518631961,-2.0478796463078215,2.2306907919283825,124
2021_2021-05-22_day1_000_h30,M2b_mean_solar,horizon_specific,2021,30,1.1111111111111145,1.6332733336257184,-0.4231391098673407,4.003887594580065,-1.921032781481135,4.426561123968982,116
2021_2021-05-22_day1_001_h30,M2b_mean_solar,horizon_specific,2021,30,1.1111111111111107,2.391923599957402,0.3355111564643427,4.762537860911749,-1.1623825151494516,5.185211390300665,116
2021_2021-05-22_day1_002_h30,M2b_mean_solar,horizon_specific,2021,30,0.5555555555555571,1.9068901047499165,-0.14952233874314258,4.277504365704264,-1.6474160103569369,4.70017789509318,116
2021_2021-05-22_day1_003_h30,M2b_mean_solar,horizon_specific,2021,30,1.1111111111111107,2.0207041980747587,-0.03570824541830042,4.3913184590291054,-1.5336019170320947,4.813991988418023,116
2021_2021-05-22_day1_004_h30,M2b_mean_solar,horizon_specific,2021,30,1.6666666666666643,2.7331133261070004,0.6767008826139413,5.103727587061347,-0.8211927889998529,5.526401116450264,116
2021_2021-05-22_day1_007_h30,M2b_mean_solar,horizon_specific,2021,30,1.6666666666666643,3.731597389047443,1.675184945554384,6.10221165000179,0.17729127394058963,6.524885179390707,116
2021_2021-05-22_day1_008_h30,M2b_mean_solar,horizon_specific,2021,30,0.5555555555555571,3.085039229648179,1.0286267861551197,5.455653490602526,-0.46926688545867457,5.878327019991443,116
2021_2021-05-22_day1_009_h30,M2b_mean_solar,horizon_specific,2021,30,1.6666666666666714,2.705034798860134,0.6486223553670749,5.075649059814481,-0.8492713162467194,5.498322589203398,116
2021_2021-05-22_day1_010_h30,M2b_mean_solar,horizon_specific,2021,30,1.6666666666666643,2.7078361696691777,0.6514237261761187,5.0784504306235245,-0.8464699454376756,5.501123960012442,116
2021_2021-05-22_day1_011_h30,M2b_mean_solar,horizon_specific,2021,30,2.2222222222222214,2.69769521392438,0.6412827704313209,5.068309474878727,-0.8566109011824734,5.490983004267644,116
2021_2021-05-22_day1_012_h30,M2b_mean_solar,horizon_specific,2021,30,1.6666666666666714,2.6718942106573813,0.6154817671643222,5.042508471611728,-0.882411904449472,5.465182001000645,116
2021_2021-05-22_day1_013_h30,M2b_mean_solar,horizon_specific,2021,30,0.0,1.960232927174572,-0.09617951631848709,4.330847188128919,-1.5940731879322814,4.753520717517836,116
2021_2021-05-22_day1_014_h30,M2b_mean_solar,horizon_specific,2021,30,-0.5555555555555571,1.366247598735009,-0.6901648447580502,3.7368618596893555,-2.1880585163718447,4.159535389078273,116
2021_2021-05-22_day1_015_h30,M2b_mean_solar,horizon_specific,2021,30,-0.5555555555555571,1.9505322610006817,-0.1058801824923774,4.321146521955028,-1.6037738541061717,4.7438200513439455,116
2021_2021-05-22_day1_016_h30,M2b_mean_solar,horizon_specific,2021,30,0.5555555555555571,2.5158076383903083,0.4593951948972492,4.886421899344655,-1.038498476716545,5.309095428733572,116
2021_2021-05-22_day1_017_h30,M2b_mean_solar,horizon_specific,2021,30,1.6666666666666643,1.9345209029908987,-0.12189154050216033,4.305135163945246,-1.6197852121159546,4.727808693334163,116
2021_2021-05-22_day1_018_h30,M2b_mean_solar,horizon_specific,2021,30,4.444444444444443,2.9989656460196352,0.9425532025265762,5.369579906973982,-0.5553404690872181,5.792253436362899,116
2021_2021-05-22_day1_019_h30,M2b_mean_solar,horizon_specific,2021,30,5.0,3.3839831396491658,1.3275706961561067,5.7545974006035125,-0.1703229754576876,6.17727092999243,116
2021_2021-05-22_day1_020_h30,M2b_mean_solar,horizon_specific,2021,30,2.7777777777777786,2.424228758965963,0.3678163154729037,4.794843019920309,-1.1300773561408906,5.217516549309227,116
2021_2021-05-22_day1_021_h30,M2b_mean_solar,horizon_specific,2021,30,1.6666666666666714,0.9955250393582546,-1.0608874041348044,3.3661393003126014,-2.5587810757485987,3.7888128297015187,116
2021_2021-05-22_day1_022_h30,M2b_mean_solar,horizon_specific,2021,30,1.6666666666666643,0.229107049481124,-1.827305394011935,2.599721310435471,-3.3251990656257293,3.022394839824388,116
2021_2021-05-22_day1_023_h30,M2b_mean_solar,horizon_specific,2021,30,2.2222222222222214,1.187190256221548,-0.8692221872715111,3.557804517175895,-2.367115858885305,3.980478046564812,116
2021_2021-05-22_day1_024_h30,M2b_mean_solar,horizon_specific,2021,30,1.1111111111111145,1.5429018885548735,-0.5135105549381855,3.9135161495092206,-2.0114042265519796,4.336189678898138,116
2021_2021-05-22_day1_025_h30,M2b_mean_solar,horizon_specific,2021,30,-0.5555555555555571,0.1674107070358346,-1.8890017364572245,2.5380249679901814,-3.3868954080710187,2.9606984973790986,116
2021_2021-05-22_day1_026_h30,M2b_mean_solar,horizon_specific,2021,30,-1.1111111111111145,-0.4734947205111803,-2.529907164004239,1.8971195404431664,-4.0278008356180335,2.319793069832084,116
2021_2021-05-22_day1_027_h30,M2b_mean_solar,horizon_specific,2021,30,-2.2222222222222214,0.0138135428591017,-2.0425989006339575,2.3844278038134483,-3.540492572247752,2.8071013332023655,116
2021_2021-05-22_day1_028_h30,M2b_mean_solar,horizon_specific,2021,30,-1.6666666666666643,0.5687862803105987,-1.4876261631824603,2.9394005412649458,-2.9855198347962544,3.362074070653863,116
2021_2021-05-22_day1_029_h30,M2b_mean_solar,horizon_specific,2021,30,-0.5555555555555571,0.6612765250997994,-1.3951359183932597,3.031890786054146,-2.893029590007054,3.454564315443063,116
2021_2021-05-22_day1_000_h60,M2b_mean_solar,horizon_specific,2021,60,2.222222222222225,4.349851267318359,1.7653520110455538,7.908791544440318,-0.670596384329059,8.364416604243806,103
2021_2021-05-22_day1_001_h60,M2b_mean_solar,horizon_specific,2021,60,2.2222222222222214,4.6851048333921455,2.1006055771193406,8.244045110514104,-0.33534281825527223,8.699670170317592,103
2021_2021-05-22_day1_002_h60,M2b_mean_solar,horizon_specific,2021,60,2.2222222222222214,4.917562426114935,2.33306316984213,8.476502703236893,-0.10288522553248303,8.93212776304038,103
2021_2021-05-22_day1_007_h60,M2b_mean_solar,horizon_specific,2021,60,3.3333333333333357,6.978649309539171,4.394150053266366,10.53758958666113,1.9582016578917534,10.993214646464619,103
2021_2021-05-22_day1_008_h60,M2b_mean_solar,horizon_specific,2021,60,2.2222222222222214,6.075030483875557,3.4905312276027525,9.633970760997517,1.0545828322281396,10.089595820801005,103
2021_2021-05-22_day1_009_h60,M2b_mean_solar,horizon_specific,2021,60,3.888888888888893,5.67387121281473,3.0893719565419255,9.23281148993669,0.6534235611673127,9.688436549740178,103
2021_2021-05-22_day1_010_h60,M2b_mean_solar,horizon_specific,2021,60,3.3333333333333357,5.654002834191604,3.069503577918799,9.212943111313564,0.6335551825441863,9.668568171117052,103
2021_2021-05-22_day1_011_h60,M2b_mean_solar,horizon_specific,2021,60,2.2222222222222214,4.800971517524617,2.2164722612518117,8.359911794646575,-0.2194761341228011,8.815536854450063,103
2021_2021-05-22_day1_012_h60,M2b_mean_solar,horizon_specific,2021,60,1.1111111111111145,3.913500034213606,1.3290007779408013,7.472440311335565,-1.1069476174338115,7.928065371139053,103
2021_2021-05-22_day1_013_h60,M2b_mean_solar,horizon_specific,2021,60,-0.5555555555555571,3.660498154390384,1.0759988981175792,7.2194384315123425,-1.3599494972570336,7.67506349131583,103
2021_2021-05-22_day1_014_h60,M2b_mean_solar,horizon_specific,2021,60,0.0,3.633301426271984,1.048802169999179,7.192241703393943,-1.3871462253754339,7.647866763197431,103
2021_2021-05-22_day1_015_h60,M2b_mean_solar,horizon_specific,2021,60,1.1111111111111072,3.5705632121919235,0.9860639559191187,7.1295034893138824,-1.4498844394554942,7.58512854911737,103
2021_2021-05-22_day1_016_h60,M2b_mean_solar,horizon_specific,2021,60,5.0,5.8805353222260655,3.2960360659532606,9.439475599348025,0.8600876705786478,9.895100659151513,103
2021_2021-05-22_day1_017_h60,M2b_mean_solar,horizon_specific,2021,60,6.666666666666664,5.8866954412036945,3.3021961849308896,9.445635718325654,0.8662477895562768,9.901260778129142,103
2021_2021-05-22_day1_018_h60,M2b_mean_solar,horizon_specific,2021,60,7.222222222222221,6.407619137074419,3.823119880801614,9.966559414196379,1.3871714854270012,10.422184473999867,103
2021_2021-05-22_day1_019_h60,M2b_mean_solar,horizon_specific,2021,60,6.666666666666671,5.173382663994828,2.5888834077220233,8.732322941116788,0.15293501234741047,9.187948000920276,103
2021_2021-05-22_day1_020_h60,M2b_mean_solar,horizon_specific,2021,60,4.444444444444443,2.8588972854343364,0.27439802916153155,6.417837562556295,-2.1615503662130813,6.873462622359783,103
2021_2021-05-22_day1_021_h60,M2b_mean_solar,horizon_specific,2021,60,3.888888888888893,2.3982658349304407,-0.1862334213423642,5.9572061120524,-2.622181816716977,6.4128311718558875,103
2021_2021-05-22_day1_022_h60,M2b_mean_solar,horizon_specific,2021,60,2.7777777777777786,2.059294253241637,-0.5252050030311679,5.618234530363596,-2.9611533984057807,6.073859590167084,103
2021_2021-05-22_day1_023_h60,M2b_mean_solar,horizon_specific,2021,60,1.6666666666666643,1.581807606277851,-1.0026916499949539,5.1407478833998095,-3.4386400453695667,5.596372943203297,103
2021_2021-05-22_day1_024_h60,M2b_mean_solar,horizon_specific,2021,60,0.0,1.0987548325854537,-1.4857444236873512,4.657695109707412,-3.921692819061964,5.1133201695109,103
2021_2021-05-22_day1_025_h60,M2b_mean_solar,horizon_specific,2021,60,-2.7777777777777786,-0.0592090030452401,-2.643708259318045,3.499731274076719,-5.079656654692657,3.9553563338802067,103
2021_2021-05-22_day1_026_h60,M2b_mean_solar,horizon_specific,2021,60,-2.7777777777777786,-0.1559646252071771,-2.740463881479982,3.402975651914782,-5.176412276854594,3.8586007117182697,103
2021_2021-05-22_day1_027_h60,M2b_mean_solar,horizon_specific,2021,60,-2.7777777777777786,0.415744524188125,-2.16875473208468,3.974684801310084,-4.604703127459293,4.430309861113572,103
2021_2021-05-22_day1_000_h90,M2b_mean_solar,horizon_specific,2021,90,3.3333333333333357,6.634784229233157,3.7402192234387437,10.464936020191917,0.9849531803930125,11.374525991412977,95
2021_2021-05-22_day1_005_h90,M2b_mean_solar,horizon_specific,2021,90,5.0,8.885028755683704,5.990463749889291,12.715180546642465,3.23519770684356,13.624770517863524,95
2021_2021-05-22_day1_006_h90,M2b_mean_solar,horizon_specific,2021,90,6.111111111111111,9.148386471125244,6.253821465330831,12.978538262084005,3.4985554222851,13.888128233305064,95
2021_2021-05-22_day1_007_h90,M2b_mean_solar,horizon_specific,2021,90,5.555555555555557,9.58805471065932,6.6934897048649065,13.41820650161808,3.9382236618191753,14.32779647283914,95
2021_2021-05-22_day1_008_h90,M2b_mean_solar,horizon_specific,2021,90,3.888888888888893,8.491787483869679,5.597222478075266,12.32193927482844,2.8419564350295348,13.231529246049499,95
2021_2021-05-22_day1_009_h90,M2b_mean_solar,horizon_specific,2021,90,3.888888888888893,7.124333795404182,4.229768789609769,10.954485586362942,1.4745027465640375,11.864075557584002,95
2021_2021-05-22_day1_010_h90,M2b_mean_solar,horizon_specific,2021,90,2.7777777777777786,6.1275448711333915,3.2329798653389785,9.957696662092152,0.4777138222932473,10.867286633313212,95
2021_2021-05-22_day1_011_h90,M2b_mean_solar,horizon_specific,2021,90,1.6666666666666643,6.006283889217995,3.111718883423582,9.836435680176756,0.35645284037785085,10.746025651397815,95
2021_2021-05-22_day1_012_h90,M2b_mean_solar,horizon_specific,2021,90,1.6666666666666714,5.847249080299564,2.952684074505151,9.677400871258325,0.19741803145941983,10.586990842479384,95
2021_2021-05-22_day1_013_h90,M2b_mean_solar,horizon_specific,2021,90,1.1111111111111072,4.568755450557275,1.6741904447628624,8.398907241516035,-1.0810755982828688,9.308497212737095,95
2021_2021-05-22_day1_014_h90,M2b_mean_solar,horizon_specific,2021,90,4.444444444444443,6.328805873759475,3.4342408679650616,10.158957664718235,0.6789748249193304,11.068547635939295,95
2021_2021-05-22_day1_015_h90,M2b_mean_solar,horizon_specific,2021,90,6.111111111111107,7.139074081747763,4.24450907595335,10.969225872706524,1.489243032907619,11.878815843927583,95
2021_2021-05-22_day1_016_h90,M2b_mean_solar,horizon_specific,2021,90,7.777777777777779,8.827403649072226,5.932838643277813,12.657555440030986,3.1775726002320814,13.567145411252046,95
2021_2021-05-22_day1_017_h90,M2b_mean_solar,horizon_specific,2021,90,8.333333333333336,7.001492743059936,4.106927737265523,10.831644534018697,1.3516616942197919,11.741234505239756,95
2021_2021-05-22_day1_018_h90,M2b_mean_solar,horizon_specific,2021,90,8.888888888888886,6.6371219733690126,3.7425569675745995,10.467273764327773,0.9872909245288684,11.376863735548833,95
2021_2021-05-22_day1_019_h90,M2b_mean_solar,horizon_specific,2021,90,8.888888888888893,6.994983571907399,4.100418566112986,10.82513536286616,1.345152523067255,11.73472533408722,95
2021_2021-05-22_day1_020_h90,M2b_mean_solar,horizon_specific,2021,90,5.555555555555557,5.172147883454972,2.277582877660559,9.002299674413733,-0.4776831653851721,9.911889645634792,95
2021_2021-05-22_day1_021_h90,M2b_mean_solar,horizon_specific,2021,90,3.3333333333333357,2.760348172743653,-0.13421683305075982,6.590499963702413,-2.889482876096491,7.500089934923473,95
2021_2021-05-22_day1_022_h90,M2b_mean_solar,horizon_specific,2021,90,1.6666666666666643,1.4198015848428684,-1.4747634209515446,5.2499533758016295,-4.230029463997276,6.159543347022689,95
2021_2021-05-22_day1_023_h90,M2b_mean_solar,horizon_specific,2021,90,-0.5555555555555571,1.7284226013089925,-1.1661424044854205,5.558574392267753,-3.9214084475311517,6.468164363488812,95
2021_2021-05-22_day1_024_h90,M2b_mean_solar,horizon_specific,2021,90,-1.6666666666666643,2.0310847365696847,-0.8634802692247283,5.861236527528446,-3.6187463122704595,6.770826498749505,95
2021_2021-05-22_day1_025_h90,M2b_mean_solar,horizon_specific,2021,90,-3.3333333333333357,0.6722476744554045,-2.2223173313390086,4.502399465414165,-4.977583374384739,5.411989436635224,95
2021_2021-05-22_day1_003_h120,M2b_mean_solar,horizon_specific,2021,120,6.111111111111111,10.47511387589885,6.629716533833893,14.33385178732388,5.535954244953904,15.635168172227285,94
2021_2021-05-22_day1_004_h120,M2b_mean_solar,horizon_specific,2021,120,7.777777777777775,11.849075344715818,8.00367800265086,15.707813256140849,6.909915713770871,17.009129641044254,94
2021_2021-05-22_day1_005_h120,M2b_mean_solar,horizon_specific,2021,120,6.666666666666664,13.028630759676007,9.18323341761105,16.887368671101036,8.08947112873106,18.18868505600444,94
2021_2021-05-22_day1_006_h120,M2b_mean_solar,horizon_specific,2021,120,6.666666666666668,12.32314642401324,8.477749081948282,16.18188433543827,7.383986793068293,17.483200720341674,94
2021_2021-05-22_day1_007_h120,M2b_mean_solar,horizon_specific,2021,120,5.555555555555557,10.758251008513236,6.912853666448278,14.616988919938265,5.819091377568289,15.91830530484167,94
2021_2021-05-22_day1_008_h120,M2b_mean_solar,horizon_specific,2021,120,3.3333333333333357,8.470643228905336,4.6252458868403785,12.329381140330366,3.5314835979603894,13.63069752523377,94
2021_2021-05-22_day1_009_h120,M2b_mean_solar,horizon_specific,2021,120,3.3333333333333357,7.902345103650131,4.056947761585173,11.761083015075162,2.9631854727051836,13.062399399978565,94
2021_2021-05-22_day1_010_h120,M2b_mean_solar,horizon_specific,2021,120,3.3333333333333357,7.76919710954864,3.9237997674836813,11.62793502097367,2.8300374786036926,12.929251405877075,94
2021_2021-05-22_day1_011_h120,M2b_mean_solar,horizon_specific,2021,120,3.3333333333333286,6.568662829923317,2.723265487858359,10.427400741348347,1.6295031989783704,11.728717126251752,94
2021_2021-05-22_day1_012_h120,M2b_mean_solar,horizon_specific,2021,120,6.111111111111114,8.40975785987781,4.564360517812853,12.268495771302842,3.4705982289328636,13.569812156206245,94
2021_2021-05-22_day1_013_h120,M2b_mean_solar,horizon_specific,2021,120,6.111111111111107,7.972228545577666,4.126831203512708,11.830966457002695,3.033068914632719,13.1322828419061,94
2021_2021-05-22_day1_014_h120,M2b_mean_solar,horizon_specific,2021,120,7.222222222222221,8.88723754334695,5.0418402012819925,12.74597545477198,3.9480779124020033,14.047291839675385,94
2021_2021-05-22_day1_015_h120,M2b_mean_solar,horizon_specific,2021,120,7.777777777777779,7.705595516146121,3.860198174081163,11.564333427571151,2.766435885201174,12.865649812474555,94
2021_2021-05-22_day1_016_h120,M2b_mean_solar,horizon_specific,2021,120,9.444444444444445,8.537391859694237,4.691994517629279,12.396129771119266,3.59823222874929,13.697446156022671,94
2021_2021-05-22_day1_017_h120,M2b_mean_solar,horizon_specific,2021,120,10.555555555555555,8.488174994359364,4.642777652294406,12.346912905784393,3.5490153634144166,13.648229290687798,94
2021_2021-05-22_day1_018_h120,M2b_mean_solar,horizon_specific,2021,120,10.0,9.066695344238942,5.2212980021739845,12.925433255663972,4.127535713293995,14.226749640567377,94
2021_2021-05-22_day1_019_h120,M2b_mean_solar,horizon_specific,2021,120,8.333333333333336,7.3807317611313135,3.535334419066355,11.239469672556343,2.4415721301863664,12.540786057459748,94
2021_2021-05-22_day1_020_h120,M2b_mean_solar,horizon_specific,2021,120,4.444444444444443,4.279357139742604,0.4339597976776459,8.138095051167635,-0.6598024912023428,9.439411436071039,94
2021_2021-05-22_day1_021_h120,M2b_mean_solar,horizon_specific,2021,120,1.1111111111111145,2.5560243206830737,-1.2893730213818846,6.414762232108104,-2.3831353102618733,7.716078617011508,94
2021_2021-05-22_day1_022_h120,M2b_mean_solar,horizon_specific,2021,120,0.0,2.0310058968713607,-1.8143914451935976,5.889743808296391,-2.9081537340735863,7.191060193199795,94
2021_2021-05-22_day1_023_h120,M2b_mean_solar,horizon_specific,2021,120,-1.1111111111111145,2.3401924028908407,-1.5052049391741176,6.198930314315871,-2.5989672280541063,7.500246699219275,94
2022_2022-05-21_day1_000_h15,M2b_mean_solar,pooled,2022,15,0.5555555555555536,0.5611220278485087,-1.976982638099164,3.285483573279593,-2.849955057185352,4.28454538221902,533
2022_2022-05-21_day1_001_h15,M2b_mean_solar,pooled,2022,15,0.5555555555555571,0.9749407008595554,-1.5631639650881173,3.6993022462906398,-2.436136384174305,4.698364055230066,533
2022_2022-05-21_day1_002_h15,M2b_mean_solar,pooled,2022,15,1.1111111111111107,1.0471437892992272,-1.4909608766484455,3.7715053347303114,-2.3639332957346335,4.770567143669738,533
2022_2022-05-21_day1_003_h15,M2b_mean_solar,pooled,2022,15,1.6666666666666643,0.7009576332962286,-1.837147032651444,3.425319178727313,-2.710119451737632,4.424380987666739,533
2022_2022-05-21_day1_004_h15,M2b_mean_solar,pooled,2022,15,0.0,1.0391929354926877,-1.498911730454985,3.763554480923772,-2.371884149541173,4.762616289863198,533
2022_2022-05-21_day1_005_h15,M2b_mean_solar,pooled,2022,15,0.5555555555555571,0.3896510357274176,-2.148453630220255,3.114012581158502,-3.021426049306443,4.113074390097928,533
2022_2022-05-21_day1_007_h15,M2b_mean_solar,pooled,2022,15,0.0,1.0555332224927918,-1.482571443454881,3.779894767923876,-2.3555438625410687,4.778956576863303,533
2022_2022-05-21_day1_008_h15,M2b_mean_solar,pooled,2022,15,0.0,0.7457547581001793,-1.7923499078474934,3.4701163035312637,-2.665322326933681,4.46917811247069,533
2022_2022-05-21_day1_009_h15,M2b_mean_solar,pooled,2022,15,0.0,1.15729089391388,-1.3808137720337927,3.8816524393449643,-2.2537861911199806,4.880714248284391,533
2022_2022-05-21_day1_010_h15,M2b_mean_solar,pooled,2022,15,1.1111111111111107,1.2251785407514189,-1.3129261251962538,3.949540086182503,-2.1858985442824417,4.9486018951219295,533
2022_2022-05-21_day1_011_h15,M2b_mean_solar,pooled,2022,15,1.666666666666668,1.2143537951272658,-1.3237508708204069,3.93871534055835,-2.1967232899065947,4.9377771494977765,533
2022_2022-05-21_day1_012_h15,M2b_mean_solar,pooled,2022,15,0.5555555555555571,1.5429516310687192,-0.9951530348789535,4.267313176499804,-1.8681254539651413,5.26637498543923,533
2022_2022-05-21_day1_013_h15,M2b_mean_solar,pooled,2022,15,3.8888888888888857,1.2222588247635162,-1.3158458411841565,3.9466203701946005,-2.1888182602703443,4.945682179134026,533
2022_2022-05-21_day1_014_h15,M2b_mean_solar,pooled,2022,15,3.3333333333333357,1.3895850828341372,-1.1485195831135355,4.1139466282652215,-2.0214920021997234,5.113008437204648,533
2022_2022-05-21_day1_015_h15,M2b_mean_solar,pooled,2022,15,1.1111111111111072,1.6278083746632306,-0.9102962912844421,4.352169920094315,-1.78326871037063,5.351231729033741,533
2022_2022-05-21_day1_016_h15,M2b_mean_solar,pooled,2022,15,1.6666666666666714,1.289526004245909,-1.2485786617017638,4.013887549676993,-2.1215510807879516,5.012949358616419,533
2022_2022-05-21_day1_017_h15,M2b_mean_solar,pooled,2022,15,-1.6666666666666714,0.8654605477670609,-1.6726441181806118,3.589822093198145,-2.5456165372668,4.588883902137572,533
2022_2022-05-21_day1_018_h15,M2b_mean_solar,pooled,2022,15,-0.55555555555555,1.0025871339171737,-1.535517532030499,3.726948679348258,-2.408489951116687,4.7260104882876846,533
2022_2022-05-21_day1_019_h15,M2b_mean_solar,pooled,2022,15,-2.7777777777777786,0.6702959785182437,-1.867808687429429,3.394657523949328,-2.740781106515617,4.393719332888755,533
2022_2022-05-21_day1_020_h15,M2b_mean_solar,pooled,2022,15,-0.5555555555555571,1.200798767844344,-1.3373058981033288,3.9251603132754282,-2.2102783171895166,4.924222122214855,533
2022_2022-05-21_day1_021_h15,M2b_mean_solar,pooled,2022,15,1.6666666666666643,1.6034994225763437,-0.934605243371329,4.327860968007428,-1.8075776624575168,5.326922776946854,533
2022_2022-05-21_day1_022_h15,M2b_mean_solar,pooled,2022,15,-5.555555555555557,0.7382605500418304,-1.7998441159058423,3.4626220954729146,-2.6728165349920303,4.461683904412341,533
2022_2022-05-21_day1_023_h15,M2b_mean_solar,pooled,2022,15,-0.55555555555555,1.0455017878612405,-1.4926028780864322,3.769863333292325,-2.36557529717262,4.768925142231751,533
2022_2022-05-21_day1_024_h15,M2b_mean_solar,pooled,2022,15,1.1111111111111072,-0.1417286863702475,-2.67983335231792,2.582632859060837,-3.552805771404108,3.5816946680002633,533
2022_2022-05-21_day1_025_h15,M2b_mean_solar,pooled,2022,15,1.6666666666666714,0.3366013768718896,-2.201503289075783,3.060962922302974,-3.074475708161971,4.0600247312424,533
2022_2022-05-21_day1_026_h15,M2b_mean_solar,pooled,2022,15,-1.1111111111111145,-0.2930786372979269,-2.8311833032455995,2.4312829081331575,-3.7041557223317874,3.430344717072584,533
2022_2022-05-21_day1_027_h15,M2b_mean_solar,pooled,2022,15,-2.2222222222222214,-0.0125249702648019,-2.5506296362124745,2.7118365751662825,-3.4236020552986623,3.710898384105709,533
2022_2022-05-21_day1_028_h15,M2b_mean_solar,pooled,2022,15,-0.5555555555555571,1.1408325041386504,-1.3972721618090223,3.865194049569735,-2.27024458089521,4.864255858509161,533
2022_2022-05-21_day1_029_h15,M2b_mean_solar,pooled,2022,15,-3.333333333333332,0.7701873131871437,-1.767917352760529,3.494548858618228,-2.640889771846717,4.493610667557654,533
2022_2022-05-21_day1_000_h30,M2b_mean_solar,pooled,2022,30,1.1111111111111107,1.354377006897487,-1.1837276590501857,4.078738552328572,-2.0567000781363736,5.077800361267998,533
2022_2022-05-21_day1_001_h30,M2b_mean_solar,pooled,2022,30,1.666666666666668,1.9593861957639096,-0.5787184701837631,4.683747741194994,-1.451690889269951,5.6828095501344205,533
2022_2022-05-21_day1_002_h30,M2b_mean_solar,pooled,2022,30,2.777777777777775,1.571882358791741,-0.9662223071559317,4.296243904222825,-1.8391947262421195,5.295305713162252,533
2022_2022-05-21_day1_003_h30,M2b_mean_solar,pooled,2022,30,1.6666666666666643,1.6475650272170168,-0.8905396387306559,4.371926572648102,-1.7635120578168437,5.3709883815875274,533
2022_2022-05-21_day1_004_h30,M2b_mean_solar,pooled,2022,30,0.5555555555555571,1.056523618844497,-1.4815810471031756,3.780885164275581,-2.3545534661893637,4.779946973215008,533
2022_2022-05-21_day1_007_h30,M2b_mean_solar,pooled,2022,30,0.0,1.3161345855119877,-1.221970080435685,4.0404961309430725,-2.094942499521873,5.039557939882498,533
2022_2022-05-21_day1_008_h30,M2b_mean_solar,pooled,2022,30,0.0,1.4546445380539426,-1.0834601278937301,4.179006083485027,-1.956432546979918,5.178067892424453,533
2022_2022-05-21_day1_009_h30,M2b_mean_solar,pooled,2022,30,1.1111111111111107,2.052965986005595,-0.4851386799420778,4.777327531436679,-1.3581110990282657,5.776389340376106,533
2022_2022-05-21_day1_010_h30,M2b_mean_solar,pooled,2022,30,2.7777777777777786,2.1850780849883673,-0.3530265809593054,4.909439630419452,-1.2259990000454932,5.9085014393588775,533
2022_2022-05-21_day1_011_h30,M2b_mean_solar,pooled,2022,30,2.222222222222225,2.706855571790997,0.16875090584332408,5.431217117222081,-0.7042215132428638,6.430278926161508,533
2022_2022-05-21_day1_012_h30,M2b_mean_solar,pooled,2022,30,4.444444444444443,2.6235430338738173,0.08543836792614456,5.347904579304902,-0.7875340511600433,6.3469663882443275,533
2022_2022-05-21_day1_013_h30,M2b_mean_solar,pooled,2022,30,7.222222222222221,2.7367827844825907,0.198678118534918,5.461144329913675,-0.6742943005512698,6.460206138853101,533
2022_2022-05-21_day1_014_h30,M2b_mean_solar,pooled,2022,30,4.444444444444443,3.424003556832931,0.8858988908852581,6.148365102264015,0.01292647179907025,7.147426911203441,533
2022_2022-05-21_day1_015_h30,M2b_mean_solar,pooled,2022,30,2.7777777777777786,3.172956492249516,0.6348518263018432,5.8973180376806,-0.2381205927843446,6.896379846620027,533
2022_2022-05-21_day1_016_h30,M2b_mean_solar,pooled,2022,30,0.0,2.184925109595846,-0.35317955635182674,4.90928665502693,-1.2261519754380146,5.908348463966357,533
2022_2022-05-21_day1_017_h30,M2b_mean_solar,pooled,2022,30,-2.2222222222222214,1.571554744429556,-0.9665499215181168,4.2959162898606404,-1.8395223406043046,5.294978098800066,533
2022_2022-05-21_day1_018_h30,M2b_mean_solar,pooled,2022,30,-3.3333333333333286,1.2763501460802933,-1.2617545198673794,4.000711691511378,-2.134726938953567,4.999773500450804,533
2022_2022-05-21_day1_019_h30,M2b_mean_solar,pooled,2022,30,-3.3333333333333357,1.350877143446169,-1.1872275225015037,4.075238688877254,-2.0601999415876913,5.0743004978166795,533
2022_2022-05-21_day1_020_h30,M2b_mean_solar,pooled,2022,30,1.1111111111111072,2.6663603022134676,0.12825563626579495,5.390721847644552,-0.7447167828203929,6.389783656583978,533
2022_2022-05-21_day1_021_h30,M2b_mean_solar,pooled,2022,30,-3.888888888888893,2.1611753711655775,-0.37692929478209525,4.885536916596662,-1.249901713868283,5.8845987255360885,533
2022_2022-05-21_day1_022_h30,M2b_mean_solar,pooled,2022,30,-6.111111111111107,0.8993743420753202,-1.6387303238723525,3.6237358875064043,-2.5117027429585406,4.622797696445831,533
2022_2022-05-21_day1_023_h30,M2b_mean_solar,pooled,2022,30,0.5555555555555571,-0.1612980926581677,-2.6994027586058404,2.5630634527729166,-3.5723751776920283,3.562125261712343,533
2022_2022-05-21_day1_024_h30,M2b_mean_solar,pooled,2022,30,2.7777777777777786,-0.7887575845802862,-3.326862250527959,1.935603960850798,-4.199834669614146,2.9346657697902243,533
2022_2022-05-21_day1_025_h30,M2b_mean_solar,pooled,2022,30,0.5555555555555571,-0.7754109435364633,-3.313515609484136,1.948950601894621,-4.186488028570324,2.948012410834047,533
2022_2022-05-21_day1_026_h30,M2b_mean_solar,pooled,2022,30,-3.3333333333333357,-1.2337142531530507,-3.771818919100723,1.4906472922780336,-4.644791338186911,2.4897091012174597,533
2022_2022-05-21_day1_027_h30,M2b_mean_solar,pooled,2022,30,-2.7777777777777786,0.6967047201474339,-1.8413999458002388,3.421066265578518,-2.714372364886427,4.420128074517945,533
2022_2022-05-21_day1_028_h30,M2b_mean_solar,pooled,2022,30,-3.8888888888888897,1.764745271643154,-0.7733593943045187,4.489106817074238,-1.6463318133907066,5.488168626013665,533
2022_2022-05-21_day1_000_h60,M2b_mean_solar,pooled,2022,60,3.8888888888888857,2.2542553204531637,-0.283849345494509,4.9786168658842485,-1.1568217645806969,5.977678674823674,533
2022_2022-05-21_day1_001_h60,M2b_mean_solar,pooled,2022,60,3.333333333333332,3.287596519728395,0.7494918537807225,6.0119580651594795,-0.12348056530546536,7.011019874098906,533
2022_2022-05-21_day1_002_h60,M2b_mean_solar,pooled,2022,60,3.333333333333332,1.8613734061251408,-0.6767312598225319,4.585734951556225,-1.5497036789087197,5.584796760495651,533
2022_2022-05-21_day1_006_h60,M2b_mean_solar,pooled,2022,60,0.0,1.6228206883366307,-0.915283977611042,4.347182233767715,-1.7882563966972298,5.346244042707141,533
2022_2022-05-21_day1_007_h60,M2b_mean_solar,pooled,2022,60,1.1111111111111107,1.8773750014998396,-0.6607296644478331,4.601736546930924,-1.533702083534021,5.60079835587035,533
2022_2022-05-21_day1_008_h60,M2b_mean_solar,pooled,2022,60,2.7777777777777786,2.143123972266715,-0.3949806936809579,4.8674855176978,-1.2679531127671457,5.8665473266372254,533
2022_2022-05-21_day1_009_h60,M2b_mean_solar,pooled,2022,60,3.3333333333333357,4.00678882322161,1.4686841572739375,6.731150368652695,0.5957117381877497,7.73021217759212,533
2022_2022-05-21_day1_010_h60,M2b_mean_solar,pooled,2022,60,7.222222222222221,4.254367758558182,1.7162630926105091,6.978729303989266,0.8432906735243213,7.977791112928692,533
2022_2022-05-21_day1_011_h60,M2b_mean_solar,pooled,2022,60,9.444444444444446,5.135338146096071,2.5972334801483985,7.8596996915271555,1.7242610610622107,8.858761500466581,533
2022_2022-05-21_day1_012_h60,M2b_mean_solar,pooled,2022,60,8.888888888888886,6.74993807747196,4.211833411524287,9.474299622903043,3.338860992438099,10.47336143184247,533
2022_2022-05-21_day1_013_h60,M2b_mean_solar,pooled,2022,60,10.0,6.94502561396402,4.406920948016348,9.669387159395104,3.5339485289301598,10.66844896833453,533
2022_2022-05-21_day1_014_h60,M2b_mean_solar,pooled,2022,60,4.444444444444443,6.384146553494107,3.846041887546434,9.108508098925192,2.9730694684602463,10.107569907864617,533
2022_2022-05-21_day1_015_h60,M2b_mean_solar,pooled,2022,60,0.5555555555555571,5.143641065607242,2.6055363996595693,7.868002611038326,1.7325639805733815,8.867064419977753,533
2022_2022-05-21_day1_016_h60,M2b_mean_solar,pooled,2022,60,-3.3333333333333286,2.6757710315321113,0.13766636558443857,5.400132576963196,-0.7353060535017493,6.3991943859026215,533
2022_2022-05-21_day1_017_h60,M2b_mean_solar,pooled,2022,60,-5.555555555555557,1.667806340311706,-0.8702983256359667,4.39216788574279,-1.7432707447221545,5.391229694682217,533
2022_2022-05-21_day1_018_h60,M2b_mean_solar,pooled,2022,60,-2.2222222222222214,2.846265667380278,0.3081610014326053,5.570627212811362,-0.5648114176535826,6.569689021750788,533
2022_2022-05-21_day1_019_h60,M2b_mean_solar,pooled,2022,60,-7.2222222222222285,2.0622436674462263,-0.47586099850144636,4.78660521287731,-1.3488334175876342,5.785667021816737,533
2022_2022-05-21_day1_020_h60,M2b_mean_solar,pooled,2022,60,-5.0,2.4023635155757304,-0.13574115037194234,5.126725061006814,-1.0087135694581302,6.125786869946241,533
2022_2022-05-21_day1_021_h60,M2b_mean_solar,pooled,2022,60,-3.3333333333333357,-1.029675564832132,-3.567780230779805,1.6946859805989523,-4.440752649865993,2.693747789538379,533
2022_2022-05-21_day1_022_h60,M2b_mean_solar,pooled,2022,60,-3.3333333333333286,-3.954601384136355,-6.492706050084028,-1.2302398387052706,-7.3656784691702155,-0.23117802976584434,533
2022_2022-05-21_day1_023_h60,M2b_mean_solar,pooled,2022,60,1.1111111111111145,-4.909604382579549,-7.447709048527222,-2.185242837148465,-8.32068146761341,-1.1861810282090386,533
2022_2022-05-21_day1_024_h60,M2b_mean_solar,pooled,2022,60,-0.5555555555555571,-5.971080117694009,-8.509184783641683,-3.2467185722629246,-9.38215720272787,-2.2476567633234983,533
2022_2022-05-21_day1_025_h60,M2b_mean_solar,pooled,2022,60,-2.2222222222222214,-2.546927970034182,-5.085032635981855,0.1774335753969023,-5.958005055068043,1.1764953843363286,533
2022_2022-05-21_day1_026_h60,M2b_mean_solar,pooled,2022,60,-7.222222222222225,-1.5987058930301037,-4.136810558977777,1.1256556524009806,-5.009782978063964,2.124717461340407,533
2022_2022-05-21_day1_000_h90,M2b_mean_solar,pooled,2022,90,4.444444444444443,3.7732971752514866,1.2351925093038139,6.497658720682571,0.362220090217626,7.496720529621998,533
2022_2022-05-21_day1_004_h90,M2b_mean_solar,pooled,2022,90,0.5555555555555571,2.7668685463864424,0.22876388043876972,5.491230091817527,-0.6442085386474181,6.490291900756953,533
2022_2022-05-21_day1_005_h90,M2b_mean_solar,pooled,2022,90,0.5555555555555571,2.4438167994974047,-0.09428786645026799,5.168178344928489,-0.9672602855364558,6.167240153867915,533
2022_2022-05-21_day1_006_h90,M2b_mean_solar,pooled,2022,90,0.0,2.481851267485535,-0.05625339846213784,5.206212812916619,-0.9292258175483257,6.205274621856045,533
2022_2022-05-21_day1_007_h90,M2b_mean_solar,pooled,2022,90,3.3333333333333357,4.5863783506201585,2.048273684672486,7.310739896051243,1.175301265586298,8.309801704990669,533
2022_2022-05-21_day1_008_h90,M2b_mean_solar,pooled,2022,90,7.222222222222221,4.888687884037811,2.3505832180901383,7.613049429468895,1.4776107990039504,8.612111238408321,533
2022_2022-05-21_day1_009_h90,M2b_mean_solar,pooled,2022,90,10.555555555555555,6.6473084854774225,4.10920381952975,9.371670030908508,3.236231400443562,10.370731839847933,533
2022_2022-05-21_day1_010_h90,M2b_mean_solar,pooled,2022,90,11.666666666666664,8.536337477957302,5.998232812009629,11.260699023388387,5.125260392923441,12.259760832327812,533
2022_2022-05-21_day1_011_h90,M2b_mean_solar,pooled,2022,90,12.222222222222223,9.294727833532768,6.756623167585095,12.019089378963852,5.883650748498908,13.018151187903278,533
2022_2022-05-21_day1_012_h90,M2b_mean_solar,pooled,2022,90,8.888888888888886,9.065679138805129,6.527574472857456,11.790040684236214,5.654602053771268,12.789102493175639,533
2022_2022-05-21_day1_013_h90,M2b_mean_solar,pooled,2022,90,7.777777777777779,8.438737928742892,5.900633262795219,11.163099474173976,5.0276608437090315,12.162161283113402,533
2022_2022-05-21_day1_014_h90,M2b_mean_solar,pooled,2022,90,1.1111111111111145,6.730779768957809,4.192675103010136,9.455141314388893,3.319702683923948,10.45420312332832,533
2022_2022-05-21_day1_015_h90,M2b_mean_solar,pooled,2022,90,-2.7777777777777786,5.277679499848632,2.739574833900959,8.002041045279716,1.8666024148147713,9.001102854219143,533
2022_2022-05-21_day1_016_h90,M2b_mean_solar,pooled,2022,90,-2.2222222222222214,4.524200908034054,1.986096242086381,7.248562453465138,1.1131238230001932,8.247624262404564,533
2022_2022-05-21_day1_017_h90,M2b_mean_solar,pooled,2022,90,-9.44444444444445,2.6185936670545553,0.08048900110688262,5.34295521248564,-0.7924834179793052,6.342017021425066,533
2022_2022-05-21_day1_018_h90,M2b_mean_solar,pooled,2022,90,-8.333333333333329,2.221727977724724,-0.31637668822294884,4.946089523155808,-1.1893491073091367,5.945151332095234,533
2022_2022-05-21_day1_019_h90,M2b_mean_solar,pooled,2022,90,-6.666666666666671,-0.9464567055084778,-3.4845613714561505,1.7779048399226065,-4.357533790542338,2.776966648862033,533
2022_2022-05-21_day1_020_h90,M2b_mean_solar,pooled,2022,90,-2.2222222222222214,-1.282962613384993,-3.8210672793326657,1.4413989320460914,-4.6940396984188535,2.4404607409855177,533
2022_2022-05-21_day1_021_h90,M2b_mean_solar,pooled,2022,90,-2.7777777777777786,-3.7265173289379008,-6.264621994885573,-1.0021557835068164,-7.137594413971762,-0.003093974567390134,533
2022_2022-05-21_day1_022_h90,M2b_mean_solar,pooled,2022,90,-6.666666666666664,-6.653647927512427,-9.1917525934601,-3.929286382081343,-10.064725012546287,-2.9302245731419165,533
2022_2022-05-21_day1_023_h90,M2b_mean_solar,pooled,2022,90,-1.6666666666666643,-3.9274830712567663,-6.465587737204439,-1.203121525825682,-7.338560156290627,-0.20405971688625568,533
2022_2022-05-21_day1_024_h90,M2b_mean_solar,pooled,2022,90,-4.444444444444446,-3.3762862891174694,-5.914390955065143,-0.6519247436863851,-6.7873633741513295,0.3471370652530412,533
2022_2022-05-21_day1_002_h120,M2b_mean_solar,pooled,2022,120,3.333333333333332,5.432952651772954,2.8948479858252814,8.157314197204037,2.0218755667390935,9.156376006143464,533
2022_2022-05-21_day1_003_h120,M2b_mean_solar,pooled,2022,120,2.2222222222222214,4.8369689762384365,2.2988643102907638,7.561330521669521,1.425891891204576,8.560392330608947,533
2022_2022-05-21_day1_004_h120,M2b_mean_solar,pooled,2022,120,0.5555555555555571,3.866637462338886,1.3285327963912135,6.5909990077699705,0.45556037730502563,7.590060816709396,533
2022_2022-05-21_day1_005_h120,M2b_mean_solar,pooled,2022,120,0.5555555555555571,3.638833001948887,1.1007283360012141,6.363194547379971,0.22775591691502628,7.3622563563193975,533
2022_2022-05-21_day1_006_h120,M2b_mean_solar,pooled,2022,120,1.1111111111111107,4.354612081235183,1.8165074152875107,7.078973626666268,0.9435349962013229,8.078035435605694,533
2022_2022-05-21_day1_007_h120,M2b_mean_solar,pooled,2022,120,10.555555555555555,7.122497160960481,4.584392495012808,9.846858706391565,3.71142007592662,10.845920515330992,533
2022_2022-05-21_day1_008_h120,M2b_mean_solar,pooled,2022,120,11.666666666666664,8.91007815139632,6.371973485448647,11.634439696827403,5.499001066362459,12.63350150576683,533
2022_2022-05-21_day1_009_h120,M2b_mean_solar,pooled,2022,120,13.333333333333336,10.489287182731658,7.951182516783986,13.213648728162742,7.078210097697798,14.212710537102168,533
2022_2022-05-21_day1_010_h120,M2b_mean_solar,pooled,2022,120,11.666666666666664,10.720940584242136,8.182835918294463,13.44530212967322,7.309863499208276,14.444363938612646,533
2022_2022-05-21_day1_011_h120,M2b_mean_solar,pooled,2022,120,10.000000000000004,10.54757151994546,8.009466853997788,13.271933065376544,7.1364944349116,14.27099487431597,533
2022_2022-05-21_day1_012_h120,M2b_mean_solar,pooled,2022,120,5.555555555555557,9.398123018800728,6.860018352853055,12.122484564231812,5.9870459337668676,13.121546373171238,533
2022_2022-05-21_day1_013_h120,M2b_mean_solar,pooled,2022,120,4.444444444444443,8.768914576228479,6.230809910280806,11.493276121659562,5.357837491194618,12.492337930598989,533
2022_2022-05-21_day1_014_h120,M2b_mean_solar,pooled,2022,120,2.2222222222222214,8.302948065894576,5.764843399946903,11.02730961132566,4.891870980860715,12.026371420265086,533
2022_2022-05-21_day1_015_h120,M2b_mean_solar,pooled,2022,120,-6.666666666666671,5.9114349413577365,3.373330275410064,8.63579648678882,2.500357856323876,9.634858295728247,533
2022_2022-05-21_day1_016_h120,M2b_mean_solar,pooled,2022,120,-8.333333333333329,3.660885784233909,1.1227811182862362,6.385247329664994,0.24980869920004833,7.3843091386044195,533
2022_2022-05-21_day1_017_h120,M2b_mean_solar,pooled,2022,120,-8.888888888888893,-0.5060295840957836,-3.0441342500434563,2.2183319613353008,-3.917106669129644,3.217393770274727,533
2022_2022-05-21_day1_018_h120,M2b_mean_solar,pooled,2022,120,-5.55555555555555,-1.5191826728470534,-4.057287338794726,1.205178872584031,-4.930259757880914,2.204240681523457,533
2022_2022-05-21_day1_019_h120,M2b_mean_solar,pooled,2022,120,-6.111111111111114,-3.6970535690070903,-6.235158234954763,-0.9726920235760059,-7.10813065404095,0.026369785363420384,533
2022_2022-05-21_day1_020_h120,M2b_mean_solar,pooled,2022,120,-5.555555555555557,-3.848469328085306,-6.386573994032979,-1.1241077826542218,-7.259546413119167,-0.12504597371479553,533
2022_2022-05-21_day1_021_h120,M2b_mean_solar,pooled,2022,120,-5.555555555555557,-3.0900907120796877,-5.62819537802736,-0.36572916664860333,-6.501167797113548,0.633332642290823,533
2022_2022-05-21_day1_022_h120,M2b_mean_solar,pooled,2022,120,-10.555555555555554,-4.431891710141707,-6.969996376089379,-1.7075301647106222,-7.842968795175567,-0.7084683557711959,533
2022_2022-05-21_day1_000_h15,M2b_mean_solar,horizon_specific,2022,15,0.5555555555555536,0.5611220278485087,-0.7039424941114123,2.0190493928989044,-0.9587449240499903,2.3541508082978737,124
2022_2022-05-21_day1_001_h15,M2b_mean_solar,horizon_specific,2022,15,0.5555555555555571,0.9749407008595554,-0.2901238211003656,2.4328680659099513,-0.5449262510389437,2.7679694813089206,124
2022_2022-05-21_day1_002_h15,M2b_mean_solar,horizon_specific,2022,15,1.1111111111111107,1.0471437892992272,-0.21792073266069378,2.505071154349623,-0.47272316259927183,2.8401725697485922,124
2022_2022-05-21_day1_003_h15,M2b_mean_solar,horizon_specific,2022,15,1.6666666666666643,0.7009576332962286,-0.5641068886636924,2.1588849983466245,-0.8189093186022705,2.493986413745594,124
2022_2022-05-21_day1_004_h15,M2b_mean_solar,horizon_specific,2022,15,0.0,1.0391929354926877,-0.22587158646723338,2.4971203005430835,-0.4806740164058114,2.832221715942053,124
2022_2022-05-21_day1_005_h15,M2b_mean_solar,horizon_specific,2022,15,0.5555555555555571,0.3896510357274176,-0.8754134862325034,1.8475784007778133,-1.1302159161710814,2.1826798161767824,124
2022_2022-05-21_day1_007_h15,M2b_mean_solar,horizon_specific,2022,15,0.0,1.0555332224927918,-0.20953129946712923,2.5134605875431877,-0.4643337294057073,2.848562002942157,124
2022_2022-05-21_day1_008_h15,M2b_mean_solar,horizon_specific,2022,15,0.0,0.7457547581001793,-0.5193097638597417,2.2036821231505748,-0.7741121937983197,2.538783538549544,124
2022_2022-05-21_day1_009_h15,M2b_mean_solar,horizon_specific,2022,15,0.0,1.15729089391388,-0.10777362804604107,2.6152182589642754,-0.3625760579846191,2.9503196743632447,124
2022_2022-05-21_day1_010_h15,M2b_mean_solar,horizon_specific,2022,15,1.1111111111111107,1.2251785407514189,-0.039885981208502175,2.6831059058018143,-0.2946884111470802,3.0182073212007836,124
2022_2022-05-21_day1_011_h15,M2b_mean_solar,horizon_specific,2022,15,1.666666666666668,1.2143537951272658,-0.050710726832655206,2.6722811601776613,-0.30551315677123325,3.0073825755766306,124
2022_2022-05-21_day1_012_h15,M2b_mean_solar,horizon_specific,2022,15,0.5555555555555571,1.5429516310687192,0.2778871091087982,3.000878996119115,0.023084679170220168,3.335980411518084,124
2022_2022-05-21_day1_013_h15,M2b_mean_solar,horizon_specific,2022,15,3.8888888888888857,1.2222588247635162,-0.04280569719640481,2.680186189813912,-0.29760812713498286,3.0152876052128814,124
2022_2022-05-21_day1_014_h15,M2b_mean_solar,horizon_specific,2022,15,3.3333333333333357,1.3895850828341372,0.12452056087421615,2.847512447884533,-0.1302818690643619,3.1826138632835024,124
2022_2022-05-21_day1_015_h15,M2b_mean_solar,horizon_specific,2022,15,1.1111111111111072,1.6278083746632306,0.36274385270330955,3.085735739713626,0.10794142276473151,3.4208371551125953,124
2022_2022-05-21_day1_016_h15,M2b_mean_solar,horizon_specific,2022,15,1.6666666666666714,1.289526004245909,0.02446148228598788,2.747453369296305,-0.23034094765259017,3.082554784695274,124
2022_2022-05-21_day1_017_h15,M2b_mean_solar,horizon_specific,2022,15,-1.6666666666666714,0.8654605477670609,-0.3996039741928601,2.3233879128174566,-0.6544064041314381,2.658489328216426,124
2022_2022-05-21_day1_018_h15,M2b_mean_solar,horizon_specific,2022,15,-0.55555555555555,1.0025871339171737,-0.26247738804274734,2.4605144989675694,-0.5172798179813254,2.7956159143665387,124
2022_2022-05-21_day1_019_h15,M2b_mean_solar,horizon_specific,2022,15,-2.7777777777777786,0.6702959785182437,-0.5947685434416773,2.1282233435686395,-0.8495709733802553,2.463324758967609,124
2022_2022-05-21_day1_020_h15,M2b_mean_solar,horizon_specific,2022,15,-0.5555555555555571,1.200798767844344,-0.06426575411557711,2.6587261328947394,-0.31906818405415516,2.9938275482937087,124
2022_2022-05-21_day1_021_h15,M2b_mean_solar,horizon_specific,2022,15,1.6666666666666643,1.6034994225763437,0.3384349006164227,3.0614267876267394,0.08363247067784463,3.3965282030257087,124
2022_2022-05-21_day1_022_h15,M2b_mean_solar,horizon_specific,2022,15,-5.555555555555557,0.7382605500418304,-0.5268039719180906,2.196187915092226,-0.7816064018566686,2.5312893304911954,124
2022_2022-05-21_day1_023_h15,M2b_mean_solar,horizon_specific,2022,15,-0.55555555555555,1.0455017878612405,-0.21956273409868055,2.503429152911636,-0.4743651640372586,2.8385305683106052,124
2022_2022-05-21_day1_024_h15,M2b_mean_solar,horizon_specific,2022,15,1.1111111111111072,-0.1417286863702475,-1.4067932083301686,1.316198678680148,-1.6615956382687465,1.6513000940791174,124
2022_2022-05-21_day1_025_h15,M2b_mean_solar,horizon_specific,2022,15,1.6666666666666714,0.3366013768718896,-0.9284631450880314,1.7945287419222853,-1.1832655750266095,2.1296301573212544,124
2022_2022-05-21_day1_026_h15,M2b_mean_solar,horizon_specific,2022,15,-1.1111111111111145,-0.2930786372979269,-1.5581431592578479,1.1648487277524688,-1.812945589196426,1.4999501431514382,124
2022_2022-05-21_day1_027_h15,M2b_mean_solar,horizon_specific,2022,15,-2.2222222222222214,-0.0125249702648019,-1.2775894922247228,1.4454023947855938,-1.532391922163301,1.7805038101845632,124
2022_2022-05-21_day1_028_h15,M2b_mean_solar,horizon_specific,2022,15,-0.5555555555555571,1.1408325041386504,-0.12423201782127058,2.5987598691890463,-0.3790344477598486,2.9338612845880156,124
2022_2022-05-21_day1_029_h15,M2b_mean_solar,horizon_specific,2022,15,-3.333333333333332,0.7701873131871437,-0.4948772087727773,2.2281146782375396,-0.7496796387113553,2.563216093636509,124
2022_2022-05-21_day1_000_h30,M2b_mean_solar,horizon_specific,2022,30,1.1111111111111107,1.354377006897487,-0.5827980565466815,3.438617402871931,-0.8724467562995293,4.090416396350424,117
2022_2022-05-21_day1_001_h30,M2b_mean_solar,horizon_specific,2022,30,1.666666666666668,1.9593861957639096,0.022211132319741145,4.043626591738354,-0.26743756743310665,4.695425585216846,117
2022_2022-05-21_day1_002_h30,M2b_mean_solar,horizon_specific,2022,30,2.777777777777775,1.571882358791741,-0.36529270465242747,3.6561227547661854,-0.6549414044052753,4.307921748244677,117
2022_2022-05-21_day1_003_h30,M2b_mean_solar,horizon_specific,2022,30,1.6666666666666643,1.6475650272170168,-0.28961003622715165,3.731805423191461,-0.5792587359799994,4.383604416669954,117
2022_2022-05-21_day1_004_h30,M2b_mean_solar,horizon_specific,2022,30,0.5555555555555571,1.056523618844497,-0.8806514445996714,3.1407640148189415,-1.1703001443525192,3.7925630082974333,117
2022_2022-05-21_day1_007_h30,M2b_mean_solar,horizon_specific,2022,30,0.0,1.3161345855119877,-0.6210404779321808,3.400374981486432,-0.9106891776850286,4.052173974964925,117
2022_2022-05-21_day1_008_h30,M2b_mean_solar,horizon_specific,2022,30,0.0,1.4546445380539426,-0.4825305253902259,3.5388849340283866,-0.7721792251430737,4.190683927506879,117
2022_2022-05-21_day1_009_h30,M2b_mean_solar,horizon_specific,2022,30,1.1111111111111107,2.052965986005595,0.11579092256142642,4.1372063819800395,-0.17385777719142137,4.789005375458531,117
2022_2022-05-21_day1_010_h30,M2b_mean_solar,horizon_specific,2022,30,2.7777777777777786,2.1850780849883673,0.24790302154419885,4.269318480962811,-0.04174567820864894,4.921117474441304,117
2022_2022-05-21_day1_011_h30,M2b_mean_solar,horizon_specific,2022,30,2.222222222222225,2.706855571790997,0.7696805083468283,4.791095967765441,0.48003180859398054,5.442894961243933,117
2022_2022-05-21_day1_012_h30,M2b_mean_solar,horizon_specific,2022,30,4.444444444444443,2.6235430338738173,0.6863679704296488,4.707783429848261,0.396719270676801,5.359582423326754,117
2022_2022-05-21_day1_013_h30,M2b_mean_solar,horizon_specific,2022,30,7.222222222222221,2.7367827844825907,0.7996077210384223,4.8210231804570345,0.5099590212855745,5.472822173935527,117
2022_2022-05-21_day1_014_h30,M2b_mean_solar,horizon_specific,2022,30,4.444444444444443,3.424003556832931,1.4868284933887623,5.5082439528073746,1.1971797936359145,6.160042946285867,117
2022_2022-05-21_day1_015_h30,M2b_mean_solar,horizon_specific,2022,30,2.7777777777777786,3.172956492249516,1.2357814288053475,5.257196888223961,0.9461327290524997,5.908995881702452,117
2022_2022-05-21_day1_016_h30,M2b_mean_solar,horizon_specific,2022,30,0.0,2.184925109595846,0.2477500461516775,4.269165505570291,-0.04189865360117029,4.920964499048782,117
2022_2022-05-21_day1_017_h30,M2b_mean_solar,horizon_specific,2022,30,-2.2222222222222214,1.571554744429556,-0.36562031901461256,3.655795140404,-0.6552690187674604,4.307594133882493,117
2022_2022-05-21_day1_018_h30,M2b_mean_solar,horizon_specific,2022,30,-3.3333333333333286,1.2763501460802933,-0.6608249173638752,3.3605905420547373,-0.950473617116723,4.01238953553323,117
2022_2022-05-21_day1_019_h30,M2b_mean_solar,horizon_specific,2022,30,-3.3333333333333357,1.350877143446169,-0.5862979199979994,3.435117539420613,-0.8759466197508472,4.086916532899106,117
2022_2022-05-21_day1_020_h30,M2b_mean_solar,horizon_specific,2022,30,1.1111111111111072,2.6663603022134676,0.7291852387692992,4.750600698187911,0.4395365390164514,5.402399691666404,117
2022_2022-05-21_day1_021_h30,M2b_mean_solar,horizon_specific,2022,30,-3.888888888888893,2.1611753711655775,0.224000307721409,4.245415767140022,-0.0656483920314388,4.897214760618514,117
2022_2022-05-21_day1_022_h30,M2b_mean_solar,horizon_specific,2022,30,-6.111111111111107,0.8993743420753202,-1.0378007213688483,2.9836147380497646,-1.327449421121696,3.6354137315282564,117
2022_2022-05-21_day1_023_h30,M2b_mean_solar,horizon_specific,2022,30,0.5555555555555571,-0.1612980926581677,-2.098473156102336,1.9229423033162765,-2.388121855855184,2.5747412967947687,117
2022_2022-05-21_day1_024_h30,M2b_mean_solar,horizon_specific,2022,30,2.7777777777777786,-0.7887575845802862,-2.725932648024455,1.2954828113941579,-3.0155813477773026,1.9472818048726501,117
2022_2022-05-21_day1_025_h30,M2b_mean_solar,horizon_specific,2022,30,0.5555555555555571,-0.7754109435364633,-2.712586006980632,1.3088294524379809,-3.0022347067334794,1.9606284459164731,117
2022_2022-05-21_day1_026_h30,M2b_mean_solar,horizon_specific,2022,30,-3.3333333333333357,-1.2337142531530507,-3.1708893165972194,0.8505261428213935,-3.4605380163500667,1.5023251362998857,117
2022_2022-05-21_day1_027_h30,M2b_mean_solar,horizon_specific,2022,30,-2.7777777777777786,0.6967047201474339,-1.2404703432967346,2.7809451161218783,-1.5301190430495824,3.43274410960037,117
2022_2022-05-21_day1_028_h30,M2b_mean_solar,horizon_specific,2022,30,-3.8888888888888897,1.764745271643154,-0.17242979180101448,3.8489856676175984,-0.46207849155386227,4.50078466109609,117
2022_2022-05-21_day1_000_h60,M2b_mean_solar,horizon_specific,2022,60,3.8888888888888857,2.2542553204531637,-0.43295876830414803,5.208546517571618,-0.8543537426676271,5.986388378716221,103
2022_2022-05-21_day1_001_h60,M2b_mean_solar,horizon_specific,2022,60,3.333333333333332,3.287596519728395,0.6003824309710835,6.241887716846849,0.1789874566076044,7.019729577991453,103
2022_2022-05-21_day1_002_h60,M2b_mean_solar,horizon_specific,2022,60,3.333333333333332,1.8613734061251408,-0.8258406826321709,4.815664603243595,-1.24723565699565,5.593506464388199,103
2022_2022-05-21_day1_006_h60,M2b_mean_solar,horizon_specific,2022,60,0.0,1.6228206883366307,-1.064393400420681,4.577111885455084,-1.48578837478416,5.354953746599689,103
2022_2022-05-21_day1_007_h60,M2b_mean_solar,horizon_specific,2022,60,1.1111111111111107,1.8773750014998396,-0.8098390872574721,4.831666198618294,-1.2312340616209512,5.609508059762897,103
2022_2022-05-21_day1_008_h60,M2b_mean_solar,horizon_specific,2022,60,2.7777777777777786,2.143123972266715,-0.5440901164905969,5.097415169385169,-0.965485090854076,5.875257030529772,103
2022_2022-05-21_day1_009_h60,M2b_mean_solar,horizon_specific,2022,60,3.3333333333333357,4.00678882322161,1.3195747344642985,6.961080020340064,0.8981797601008195,7.738921881484668,103
2022_2022-05-21_day1_010_h60,M2b_mean_solar,horizon_specific,2022,60,7.222222222222221,4.254367758558182,1.5671536698008701,7.208658955676635,1.145758695437391,7.9865008168212395,103
2022_2022-05-21_day1_011_h60,M2b_mean_solar,horizon_specific,2022,60,9.444444444444446,5.135338146096071,2.4481240573387595,8.089629343214526,2.0267290829752804,8.867471204359129,103
2022_2022-05-21_day1_012_h60,M2b_mean_solar,horizon_specific,2022,60,8.888888888888886,6.74993807747196,4.062723988714648,9.704229274590414,3.641329014351169,10.482071135735017,103
2022_2022-05-21_day1_013_h60,M2b_mean_solar,horizon_specific,2022,60,10.0,6.94502561396402,4.257811525206709,9.899316811082475,3.8364165508432295,10.677158672227078,103
2022_2022-05-21_day1_014_h60,M2b_mean_solar,horizon_specific,2022,60,4.444444444444443,6.384146553494107,3.696932464736795,9.33843775061256,3.275537490373316,10.116279611757165,103
2022_2022-05-21_day1_015_h60,M2b_mean_solar,horizon_specific,2022,60,0.5555555555555571,5.143641065607242,2.4564269768499303,8.097932262725696,2.035032002486451,8.8757741238703,103
2022_2022-05-21_day1_016_h60,M2b_mean_solar,horizon_specific,2022,60,-3.3333333333333286,2.6757710315321113,-0.011443057225200448,5.630062228650565,-0.4328380315886795,6.407904089795169,103
2022_2022-05-21_day1_017_h60,M2b_mean_solar,horizon_specific,2022,60,-5.555555555555557,1.667806340311706,-1.0194077484456057,4.622097537430159,-1.4408027228090847,5.399939398574764,103
2022_2022-05-21_day1_018_h60,M2b_mean_solar,horizon_specific,2022,60,-2.2222222222222214,2.846265667380278,0.15905157862296626,5.8005568644987315,-0.2623433957405128,6.578398725643336,103
2022_2022-05-21_day1_019_h60,M2b_mean_solar,horizon_specific,2022,60,-7.2222222222222285,2.0622436674462263,-0.6249704213110854,5.0165348645646795,-1.0463653956745644,5.794376725709284,103
2022_2022-05-21_day1_020_h60,M2b_mean_solar,horizon_specific,2022,60,-5.0,2.4023635155757304,-0.28485057318158136,5.3566547126941835,-0.7062455475450604,6.134496573838788,103
2022_2022-05-21_day1_021_h60,M2b_mean_solar,horizon_specific,2022,60,-3.3333333333333357,-1.029675564832132,-3.716889653589444,1.9246156322863215,-4.138284627952923,2.7024574934309253,103
2022_2022-05-21_day1_022_h60,M2b_mean_solar,horizon_specific,2022,60,-3.3333333333333286,-3.954601384136355,-6.641815472893667,-1.0003101870179014,-7.063210447257146,-0.22246832587329735,103
2022_2022-05-21_day1_023_h60,M2b_mean_solar,horizon_specific,2022,60,1.1111111111111145,-4.909604382579549,-7.596818471336861,-1.9553131854610957,-8.01821344570034,-1.1774713243164916,103
2022_2022-05-21_day1_024_h60,M2b_mean_solar,horizon_specific,2022,60,-0.5555555555555571,-5.971080117694009,-8.65829420645132,-3.0167889205755554,-9.0796891808148,-2.2389470594309513,103
2022_2022-05-21_day1_025_h60,M2b_mean_solar,horizon_specific,2022,60,-2.2222222222222214,-2.546927970034182,-5.234142058791494,0.40736322708427153,-5.655537033154973,1.1852050882288756,103
2022_2022-05-21_day1_026_h60,M2b_mean_solar,horizon_specific,2022,60,-7.222222222222225,-1.5987058930301037,-4.285919981787416,1.3555853040883499,-4.707314956150895,2.1334271652329537,103
2022_2022-05-21_day1_000_h90,M2b_mean_solar,horizon_specific,2022,90,4.444444444444443,3.7732971752514866,0.4428565608781905,7.441554610478509,-0.1478972560637284,8.513038937431308,95
2022_2022-05-21_day1_004_h90,M2b_mean_solar,horizon_specific,2022,90,0.5555555555555571,2.7668685463864424,-0.5635720679868537,6.4351259816134645,-1.1543258849287725,7.5066103085662625,95
2022_2022-05-21_day1_005_h90,M2b_mean_solar,horizon_specific,2022,90,0.5555555555555571,2.4438167994974047,-0.8866238148758914,6.112074234724426,-1.4773776318178102,7.183558561677225,95
2022_2022-05-21_day1_006_h90,M2b_mean_solar,horizon_specific,2022,90,0.0,2.481851267485535,-0.8485893468877612,6.150108702712557,-1.43934316382968,7.221593029665355,95
2022_2022-05-21_day1_007_h90,M2b_mean_solar,horizon_specific,2022,90,3.3333333333333357,4.5863783506201585,1.2559377362468624,8.254635785847181,0.6651839193049436,9.326120112799979,95
2022_2022-05-21_day1_008_h90,M2b_mean_solar,horizon_specific,2022,90,7.222222222222221,4.888687884037811,1.5582472696645149,8.556945319264834,0.967493452722596,9.628429646217631,95
2022_2022-05-21_day1_009_h90,M2b_mean_solar,horizon_specific,2022,90,10.555555555555555,6.6473084854774225,3.3168678711041264,10.315565920704444,2.7261140541622075,11.387050247657243,95
2022_2022-05-21_day1_010_h90,M2b_mean_solar,horizon_specific,2022,90,11.666666666666664,8.536337477957302,5.205896863584005,12.204594913184323,4.615143046642087,13.276079240137122,95
2022_2022-05-21_day1_011_h90,M2b_mean_solar,horizon_specific,2022,90,12.222222222222223,9.294727833532768,5.964287219159472,12.962985268759791,5.373533402217554,14.034469595712588,95
2022_2022-05-21_day1_012_h90,M2b_mean_solar,horizon_specific,2022,90,8.888888888888886,9.065679138805129,5.735238524431832,12.73393657403215,5.144484707489914,13.805420900984949,95
2022_2022-05-21_day1_013_h90,M2b_mean_solar,horizon_specific,2022,90,7.777777777777779,8.438737928742892,5.1082973143695956,12.106995363969915,4.517543497427678,13.178479690922712,95
2022_2022-05-21_day1_014_h90,M2b_mean_solar,horizon_specific,2022,90,1.1111111111111145,6.730779768957809,3.4003391545845125,10.39903720418483,2.8095853376425937,11.470521531137628,95
2022_2022-05-21_day1_015_h90,M2b_mean_solar,horizon_specific,2022,90,-2.7777777777777786,5.277679499848632,1.9472388854753357,8.945936935075654,1.3564850685334169,10.017421262028453,95
2022_2022-05-21_day1_016_h90,M2b_mean_solar,horizon_specific,2022,90,-2.2222222222222214,4.524200908034054,1.1937602936607576,8.192458343261077,0.6030064767188388,9.263942670213874,95
2022_2022-05-21_day1_017_h90,M2b_mean_solar,horizon_specific,2022,90,-9.44444444444445,2.6185936670545553,-0.7118469473187408,6.286851102281577,-1.3026007642606596,7.3583354292343754,95
2022_2022-05-21_day1_018_h90,M2b_mean_solar,horizon_specific,2022,90,-8.333333333333329,2.221727977724724,-1.1087126366485722,5.889985412951746,-1.699466453590491,6.961469739904544,95
2022_2022-05-21_day1_019_h90,M2b_mean_solar,horizon_specific,2022,90,-6.666666666666671,-0.9464567055084778,-4.276897319881774,2.7218007297185443,-4.867651136823692,3.7932850566713423,95
2022_2022-05-21_day1_020_h90,M2b_mean_solar,horizon_specific,2022,90,-2.2222222222222214,-1.282962613384993,-4.613403227758289,2.385294821842029,-5.204157044700208,3.456779148794827,95
2022_2022-05-21_day1_021_h90,M2b_mean_solar,horizon_specific,2022,90,-2.7777777777777786,-3.7265173289379008,-7.056957943311197,-0.058259893710878696,-7.647711760253116,1.0132244332419194,95
2022_2022-05-21_day1_022_h90,M2b_mean_solar,horizon_specific,2022,90,-6.666666666666664,-6.653647927512427,-9.984088541885724,-2.985390492285405,-10.574842358827642,-1.913906165332607,95
2022_2022-05-21_day1_023_h90,M2b_mean_solar,horizon_specific,2022,90,-1.6666666666666643,-3.9274830712567663,-7.257923685630063,-0.25922563602974424,-7.848677502571981,0.8122586909230538,95
2022_2022-05-21_day1_024_h90,M2b_mean_solar,horizon_specific,2022,90,-4.444444444444446,-3.3762862891174694,-6.7067269034907655,0.29197114610955266,-7.297480720432684,1.3634554730623507,95
2022_2022-05-21_day1_002_h120,M2b_mean_solar,horizon_specific,2022,120,3.333333333333332,5.432952651772954,1.5166493450908871,9.291690563197985,0.9504870776221281,10.593006948101388,94
2022_2022-05-21_day1_003_h120,M2b_mean_solar,horizon_specific,2022,120,2.2222222222222214,4.8369689762384365,0.9206656695563695,8.695706887663466,0.35450340208761055,9.99702327256687,94
2022_2022-05-21_day1_004_h120,M2b_mean_solar,horizon_specific,2022,120,0.5555555555555571,3.866637462338886,-0.049665844343180776,7.725375373763916,-0.6158281118119397,9.02669175866732,94
2022_2022-05-21_day1_005_h120,M2b_mean_solar,horizon_specific,2022,120,0.5555555555555571,3.638833001948887,-0.27747030473318013,7.497570913373917,-0.8436325722019391,8.798887298277322,94
2022_2022-05-21_day1_006_h120,M2b_mean_solar,horizon_specific,2022,120,1.1111111111111107,4.354612081235183,0.43830877455311645,8.213349992660213,-0.12785349291564252,9.514666377563618,94
2022_2022-05-21_day1_007_h120,M2b_mean_solar,horizon_specific,2022,120,10.555555555555555,7.122497160960481,3.2061938542784136,10.98123507238551,2.6400315868096547,12.282551457288914,94
2022_2022-05-21_day1_008_h120,M2b_mean_solar,horizon_specific,2022,120,11.666666666666664,8.91007815139632,4.9937748447142525,12.768816062821351,4.427612577245494,14.070132447724754,94
2022_2022-05-21_day1_009_h120,M2b_mean_solar,horizon_specific,2022,120,13.333333333333336,10.489287182731658,6.572983876049591,14.34802509415669,6.006821608580832,15.649341479060093,94
2022_2022-05-21_day1_010_h120,M2b_mean_solar,horizon_specific,2022,120,11.666666666666664,10.720940584242136,6.804637277560069,14.579678495667167,6.23847501009131,15.88099488057057,94
2022_2022-05-21_day1_011_h120,M2b_mean_solar,horizon_specific,2022,120,10.000000000000004,10.54757151994546,6.631268213263393,14.406309431370492,6.065105945794635,15.707625816273895,94
2022_2022-05-21_day1_012_h120,M2b_mean_solar,horizon_specific,2022,120,5.555555555555557,9.398123018800728,5.481819712118661,13.25686093022576,4.915657444649902,14.558177315129162,94
2022_2022-05-21_day1_013_h120,M2b_mean_solar,horizon_specific,2022,120,4.444444444444443,8.768914576228479,4.852611269546411,12.62765248765351,4.286449002077653,13.928968872556913,94
2022_2022-05-21_day1_014_h120,M2b_mean_solar,horizon_specific,2022,120,2.2222222222222214,8.302948065894576,4.386644759212508,12.161685977319607,3.82048249174375,13.46300236222301,94
2022_2022-05-21_day1_015_h120,M2b_mean_solar,horizon_specific,2022,120,-6.666666666666671,5.9114349413577365,1.9951316346756696,9.770172852782768,1.4289693672069106,11.07148923768617,94
2022_2022-05-21_day1_016_h120,M2b_mean_solar,horizon_specific,2022,120,-8.333333333333329,3.660885784233909,-0.2554175224481581,7.5196236956589395,-0.821579789916917,8.820940080562343,94
2022_2022-05-21_day1_017_h120,M2b_mean_solar,horizon_specific,2022,120,-8.888888888888893,-0.5060295840957836,-4.4223328907778505,3.3527083273292466,-4.988495158246609,4.654024712232651,94
2022_2022-05-21_day1_018_h120,M2b_mean_solar,horizon_specific,2022,120,-5.55555555555555,-1.5191826728470534,-5.435485979529121,2.3395552385779768,-6.001648246997879,3.640871623481381,94
2022_2022-05-21_day1_019_h120,M2b_mean_solar,horizon_specific,2022,120,-6.111111111111114,-3.6970535690070903,-7.613356875689157,0.16168434241793994,-8.179519143157917,1.4630007273213441,94
2022_2022-05-21_day1_020_h120,M2b_mean_solar,horizon_specific,2022,120,-5.555555555555557,-3.848469328085306,-7.764772634767374,0.010268583339724024,-8.330934902236132,1.3115849682431282,94
2022_2022-05-21_day1_021_h120,M2b_mean_solar,horizon_specific,2022,120,-5.555555555555557,-3.0900907120796877,-7.006394018761755,0.7686471993453425,-7.572556286230514,2.0699635842487467,94
2022_2022-05-21_day1_022_h120,M2b_mean_solar,horizon_specific,2022,120,-10.555555555555554,-4.431891710141707,-8.348195016823773,-0.5731537987166764,-8.914357284292532,0.7281625861867278,94
2023_2023-05-20_day1_000_h15,M2b_mean_solar,pooled,2023,15,0.5555555555555571,0.3298487960910553,-3.1252592131774275,2.7138977266780624,-4.302192782532331,3.531228902023934,515
2023_2023-05-20_day1_001_h15,M2b_mean_solar,pooled,2023,15,1.1111111111111107,0.814805498885948,-2.640302510382535,3.198854429472955,-3.8172360797374387,4.016185604818826,515
2023_2023-05-20_day1_002_h15,M2b_mean_solar,pooled,2023,15,0.5555555555555571,0.3438359210062634,-3.1112720882622193,2.7278848515932705,-4.288205657617123,3.545216026939142,515
2023_2023-05-20_day1_003_h15,M2b_mean_solar,pooled,2023,15,1.1111111111111107,0.829071484626011,-2.6260365246424717,3.2131204152130177,-3.8029700939973754,4.030451590558889,515
2023_2023-05-20_day1_004_h15,M2b_mean_solar,pooled,2023,15,0.5555555555555536,0.3582766173948453,-3.0968313918736374,2.742325547981852,-4.273764961228541,3.5596567233277234,515
2023_2023-05-20_day1_006_h15,M2b_mean_solar,pooled,2023,15,1.1111111111111107,0.3189546495084582,-3.1361533597600246,2.7030035800954653,-4.313086929114928,3.5203347554413367,515
2023_2023-05-20_day1_007_h15,M2b_mean_solar,pooled,2023,15,1.1111111111111145,1.2538188124520515,-2.2012891968164316,3.6378677430390587,-3.3782227661713353,4.45519891838493,515
2023_2023-05-20_day1_008_h15,M2b_mean_solar,pooled,2023,15,2.7777777777777786,0.3293369838911594,-3.1257710253773237,2.7133859144781662,-4.302704594732227,3.5307170898240376,515
2023_2023-05-20_day1_009_h15,M2b_mean_solar,pooled,2023,15,1.1111111111111072,0.2260338005547442,-3.2290742087137385,2.610082731141751,-4.406007778068642,3.4274139064876223,515
2023_2023-05-20_day1_010_h15,M2b_mean_solar,pooled,2023,15,1.6666666666666714,0.2018417521325639,-3.253266257135919,2.5858906827195707,-4.4301998264908224,3.403221858065442,515
2023_2023-05-20_day1_011_h15,M2b_mean_solar,pooled,2023,15,1.1111111111111072,0.149232774458255,-3.305875234810228,2.533281705045262,-4.482808804165131,3.3506128803911333,515
2023_2023-05-20_day1_012_h15,M2b_mean_solar,pooled,2023,15,1.6666666666666643,0.5993542473705935,-2.8557537618978897,2.9834031779576007,-4.032687331252793,3.800734353303472,515
2023_2023-05-20_day1_013_h15,M2b_mean_solar,pooled,2023,15,1.1111111111111145,-0.3873643559848422,-3.8424723652533253,1.9966845746021646,-5.019405934608229,2.814015749948036,515
2023_2023-05-20_day1_014_h15,M2b_mean_solar,pooled,2023,15,1.1111111111111145,0.9859278215942896,-2.4691801876741932,3.3699767521812967,-3.646113757029097,4.187307927527168,515
2023_2023-05-20_day1_015_h15,M2b_mean_solar,pooled,2023,15,1.1111111111111072,0.0451150321117614,-3.4099929771567217,2.429163962698768,-4.586926546511625,3.2464951380446396,515
2023_2023-05-20_day1_016_h15,M2b_mean_solar,pooled,2023,15,0.5555555555555571,0.0017572695700552,-3.4533507396984278,2.385806200157062,-4.630284309053331,3.2031373755029335,515
2023_2023-05-20_day1_017_h15,M2b_mean_solar,pooled,2023,15,0.0,-0.0205236891829934,-3.475631698451476,2.3635252414040138,-4.65256526780638,3.180856416749885,515
2023_2023-05-20_day1_018_h15,M2b_mean_solar,pooled,2023,15,1.1111111111111072,0.9340417567448008,-2.521066252523682,3.3180906873318077,-3.697999821878586,4.1354218626776795,515
2023_2023-05-20_day1_019_h15,M2b_mean_solar,pooled,2023,15,1.1111111111111145,-0.0294971779092588,-3.484605187177742,2.354551752677748,-4.661538756532646,3.1718829280236194,515
2023_2023-05-20_day1_020_h15,M2b_mean_solar,pooled,2023,15,0.0,-0.0959361785879035,-3.5510441878563865,2.2881127519991034,-4.72797775721129,3.1054439273449748,515
2023_2023-05-20_day1_021_h15,M2b_mean_solar,pooled,2023,15,-0.5555555555555571,-0.1134527929558228,-3.568560802224306,2.270596137631184,-4.745494371579209,3.0879273129770555,515
2023_2023-05-20_day1_022_h15,M2b_mean_solar,pooled,2023,15,0.0,-0.1080048029633847,-3.563112812231868,2.276044127623622,-4.7400463815867715,3.0933753029694935,515
2023_2023-05-20_day1_023_h15,M2b_mean_solar,pooled,2023,15,0.0,-0.6104381383871402,-4.065546147655623,1.7736107921998667,-5.242479717010527,2.590941967545738,515
2023_2023-05-20_day1_024_h15,M2b_mean_solar,pooled,2023,15,0.5555555555555571,0.2920923942720233,-3.1630156149964597,2.6761413248590302,-4.339949184351363,3.4934725002049016,515
2023_2023-05-20_day1_025_h15,M2b_mean_solar,pooled,2023,15,-0.5555555555555571,-0.214572923553153,-3.669680932821636,2.169476007033854,-4.846614502176539,2.9868071823797253,515
2023_2023-05-20_day1_026_h15,M2b_mean_solar,pooled,2023,15,0.0,-0.2178307587635014,-3.6729387680319845,2.1662181718235054,-4.849872337386888,2.983549347169377,515
2023_2023-05-20_day1_027_h15,M2b_mean_solar,pooled,2023,15,0.0,-0.2489773841903205,-3.7040853934588034,2.1350715463966865,-4.881018962813707,2.952402721742558,515
2023_2023-05-20_day1_028_h15,M2b_mean_solar,pooled,2023,15,0.0,-0.2809690200014101,-3.736077029269893,2.103079910585597,-4.913010598624797,2.9204110859314683,515
2023_2023-05-20_day1_029_h15,M2b_mean_solar,pooled,2023,15,-0.5555555555555571,-0.3136060227024758,-3.768714031970959,2.070442907884531,-4.945647601325862,2.8877740832304024,515
2023_2023-05-20_day1_030_h15,M2b_mean_solar,pooled,2023,15,-2.2222222222222214,-0.3199408925650618,-3.7750489018335447,2.064108038021945,-4.951982471188448,2.8814392133678166,515
2023_2023-05-20_day1_031_h15,M2b_mean_solar,pooled,2023,15,0.0,-0.2462677463034649,-3.7013757555719478,2.137781184283542,-4.878309324926851,2.9551123596294135,515
2023_2023-05-20_day1_032_h15,M2b_mean_solar,pooled,2023,15,-1.1111111111111072,0.1980404989214612,-3.2570675103470217,2.582089429508468,-4.434001079701925,3.3994206048543396,515
2023_2023-05-20_day1_033_h15,M2b_mean_solar,pooled,2023,15,-1.6666666666666714,-0.7115869864497633,-4.166694995718246,1.6724619441372437,-5.34362856507315,2.489793119483115,515
2023_2023-05-20_day1_000_h30,M2b_mean_solar,pooled,2023,30,1.666666666666668,1.1347352925954055,-2.320372716673077,3.5187842231824122,-3.497306286027981,4.336115398528284,515
2023_2023-05-20_day1_001_h30,M2b_mean_solar,pooled,2023,30,1.666666666666668,1.1567635512816272,-2.2983444579868557,3.540812481868634,-3.4752780273417594,4.358143657214505,515
2023_2023-05-20_day1_002_h30,M2b_mean_solar,pooled,2023,30,1.666666666666668,1.179117205316563,-2.27599080395192,3.56316613590357,-3.4529243733068236,4.380497311249441,515
2023_2023-05-20_day1_003_h30,M2b_mean_solar,pooled,2023,30,1.6666666666666643,1.2016735923673243,-2.2534344169011584,3.585722522954331,-3.430367986256062,4.403053698300202,515
2023_2023-05-20_day1_006_h30,M2b_mean_solar,pooled,2023,30,2.222222222222225,1.7496200306745346,-1.7054879785939483,4.133668961261542,-2.882421547948852,4.951000136607413,515
2023_2023-05-20_day1_007_h30,M2b_mean_solar,pooled,2023,30,3.888888888888893,1.7103132924600684,-1.7447947168084146,4.094362223047075,-2.9217282861633183,4.911693398392947,515
2023_2023-05-20_day1_008_h30,M2b_mean_solar,pooled,2023,30,3.8888888888888857,0.6459411146763397,-2.8091668945921433,3.0299900452633466,-3.986100463947047,3.847321220609218,515
2023_2023-05-20_day1_009_h30,M2b_mean_solar,pooled,2023,30,2.7777777777777786,0.4308706462300432,-3.0242373630384396,2.8149195768170503,-4.201170932393343,3.6322507521629217,515
2023_2023-05-20_day1_010_h30,M2b_mean_solar,pooled,2023,30,2.7777777777777786,0.3834563874168198,-3.071651621851663,2.7675053180038267,-4.248585191206566,3.584836493349698,515
2023_2023-05-20_day1_011_h30,M2b_mean_solar,pooled,2023,30,2.7777777777777715,0.8431226157750361,-2.611985393493447,3.227171546362043,-3.7889189628483506,4.044502721707914,515
2023_2023-05-20_day1_012_h30,M2b_mean_solar,pooled,2023,30,2.7777777777777786,0.2170234264316523,-3.2380845828368305,2.6010723570186594,-4.415018152191735,3.4184035323645308,515
2023_2023-05-20_day1_013_h30,M2b_mean_solar,pooled,2023,30,2.2222222222222285,0.7207673763538426,-2.7343406329146402,3.1048163069408496,-3.911274202269544,3.922147482286721,515
2023_2023-05-20_day1_014_h30,M2b_mean_solar,pooled,2023,30,2.2222222222222214,1.15846546385065,-2.296642545417833,3.542514394437657,-3.4735761147727366,4.359845569783529,515
2023_2023-05-20_day1_015_h30,M2b_mean_solar,pooled,2023,30,1.6666666666666643,0.0507648357807041,-3.4043431734877787,2.434813766367711,-4.581276742842682,3.2521449417135826,515
2023_2023-05-20_day1_016_h30,M2b_mean_solar,pooled,2023,30,0.5555555555555571,-0.04636222285565,-3.501470232124133,2.337686707731357,-4.678403801479036,3.155017883077228,515
2023_2023-05-20_day1_017_h30,M2b_mean_solar,pooled,2023,30,1.1111111111111072,1.0371235179177505,-2.4179844913507322,3.421172448504757,-3.594918060705636,4.238503623850629,515
2023_2023-05-20_day1_018_h30,M2b_mean_solar,pooled,2023,30,2.2222222222222214,1.0268178047183438,-2.428290204550139,3.410866735305351,-3.605223773905043,4.228197910651222,515
2023_2023-05-20_day1_019_h30,M2b_mean_solar,pooled,2023,30,1.1111111111111145,-0.1336468154961051,-3.588754824764588,2.250402115090902,-4.765688394119492,3.0677332904367733,515
2023_2023-05-20_day1_020_h30,M2b_mean_solar,pooled,2023,30,-0.5555555555555571,-0.2827733573419927,-3.7378813666104755,2.1012755732450143,-4.91481493596538,2.9186067485908858,515
2023_2023-05-20_day1_021_h30,M2b_mean_solar,pooled,2023,30,-0.5555555555555571,-0.3277726350678805,-3.7828806443363634,2.0562762955191265,-4.959814213691267,2.873607470864998,515
2023_2023-05-20_day1_022_h30,M2b_mean_solar,pooled,2023,30,0.0,-0.8923896069557763,-4.347497616224259,1.4916593236312305,-5.524431185579163,2.308990498977102,515
2023_2023-05-20_day1_023_h30,M2b_mean_solar,pooled,2023,30,0.5555555555555571,-0.3833772520516839,-3.8384852613201668,2.000671678535323,-5.01541883067507,2.8180028538811945,515
2023_2023-05-20_day1_024_h30,M2b_mean_solar,pooled,2023,30,0.0,0.0635797420086777,-3.391528267259805,2.447628672595685,-4.568461836614709,3.2649598479415562,515
2023_2023-05-20_day1_025_h30,M2b_mean_solar,pooled,2023,30,-0.5555555555555571,-0.573420298894667,-4.02852830816315,1.8106286316923401,-5.2054618775180534,2.6279598070382115,515
2023_2023-05-20_day1_026_h30,M2b_mean_solar,pooled,2023,30,0.0,-0.5878521132608622,-4.042960122529345,1.7961968173261447,-5.2198936918842485,2.613527992672016,515
2023_2023-05-20_day1_027_h30,M2b_mean_solar,pooled,2023,30,0.0,-0.6616259863350321,-4.116733995603515,1.7224229442519747,-5.293667564958419,2.539754119597846,515
2023_2023-05-20_day1_028_h30,M2b_mean_solar,pooled,2023,30,-0.5555555555555571,-0.7371720112338386,-4.192280020502322,1.6468769193531685,-5.3692135898572255,2.46420809469904,515
2023_2023-05-20_day1_029_h30,M2b_mean_solar,pooled,2023,30,-2.7777777777777786,-0.8140640099276942,-4.269172019196177,1.5699849206593126,-5.446105588551081,2.387316096005184,515
2023_2023-05-20_day1_030_h30,M2b_mean_solar,pooled,2023,30,-2.2222222222222214,-0.8349328260523904,-4.290040835320873,1.5491161045346167,-5.466974404675777,2.366447279880488,515
2023_2023-05-20_day1_031_h30,M2b_mean_solar,pooled,2023,30,-1.1111111111111072,-0.1168989676697617,-3.5720069769382445,2.2671499629172454,-4.748940546293149,3.0844811382631168,515
2023_2023-05-20_day1_032_h30,M2b_mean_solar,pooled,2023,30,-2.7777777777777786,-0.7645719709719451,-4.219679980240428,1.6194769596150618,-5.396613549595331,2.436808134960933,515
2023_2023-05-20_day1_000_h60,M2b_mean_solar,pooled,2023,60,3.3333333333333357,2.5828167288655415,-0.8722912804029415,4.966865659452548,-2.049224849757845,5.78419683479842,515
2023_2023-05-20_day1_001_h60,M2b_mean_solar,pooled,2023,60,3.333333333333332,2.63605602870353,-0.8190519805649528,5.020104959290537,-1.9959855499198564,5.837436134636409,515
2023_2023-05-20_day1_006_h60,M2b_mean_solar,pooled,2023,60,6.111111111111111,2.7605676143525555,-0.6945403949159275,5.144616544939563,-1.8714739642708311,5.961947720285433,515
2023_2023-05-20_day1_007_h60,M2b_mean_solar,pooled,2023,60,6.666666666666671,2.6886738131706487,-0.7664341960978343,5.072722743757655,-1.943367765452738,5.8900539191035275,515
2023_2023-05-20_day1_008_h60,M2b_mean_solar,pooled,2023,60,6.666666666666664,1.3076937840444185,-2.1474142252240647,3.6917427146314257,-3.3243477945789683,4.509073889977297,515
2023_2023-05-20_day1_009_h60,M2b_mean_solar,pooled,2023,60,5.55555555555555,1.653803755548005,-1.801304253720478,4.037852686135012,-2.9782378230753817,4.855183861480883,515
2023_2023-05-20_day1_010_h60,M2b_mean_solar,pooled,2023,60,5.555555555555557,0.7967633306332869,-2.658344678635196,3.180812261220294,-3.8352782479900998,3.998143436566165,515
2023_2023-05-20_day1_011_h60,M2b_mean_solar,pooled,2023,60,5.0,2.101573712474324,-1.3535342967941588,4.4856226430613315,-2.5304678661490625,5.302953818407202,515
2023_2023-05-20_day1_012_h60,M2b_mean_solar,pooled,2023,60,5.0,1.9776798906803967,-1.4774281185880862,4.361728821267404,-2.65436168794299,5.179059996613275,515
2023_2023-05-20_day1_013_h60,M2b_mean_solar,pooled,2023,60,3.888888888888893,1.0734661715485667,-2.381641837719916,3.4575151021355737,-3.55857540707482,4.274846277481445,515
2023_2023-05-20_day1_014_h60,M2b_mean_solar,pooled,2023,60,2.7777777777777786,1.5605407263545223,-1.8945672829139606,3.9445896569415293,-3.0715008522688643,4.761920832287401,515
2023_2023-05-20_day1_015_h60,M2b_mean_solar,pooled,2023,60,2.7777777777777715,1.591986372233475,-1.8631216370350079,3.976035302820482,-3.0400552063899116,4.793366478166353,515
2023_2023-05-20_day1_016_h60,M2b_mean_solar,pooled,2023,60,2.7777777777777786,1.3784798459648695,-2.0766281633036137,3.7625287765518767,-3.2535617326585173,4.579859951897748,515
2023_2023-05-20_day1_017_h60,M2b_mean_solar,pooled,2023,60,2.2222222222222214,1.2495157690554444,-2.2055922402130386,3.6335646996424513,-3.3825258095679422,4.450895874988323,515
2023_2023-05-20_day1_018_h60,M2b_mean_solar,pooled,2023,60,1.6666666666666643,1.2058332542740184,-2.2492747549944645,3.5898821848610254,-3.426208324349368,4.407213360206897,515
2023_2023-05-20_day1_019_h60,M2b_mean_solar,pooled,2023,60,0.5555555555555571,-0.3836915771070077,-3.8387995863754907,2.000357353479999,-5.015733155730394,2.8176885288258706,515
2023_2023-05-20_day1_020_h60,M2b_mean_solar,pooled,2023,60,-0.5555555555555571,-1.4519162963019054,-4.907024305570388,0.9321326342851015,-6.083957874925292,1.749463809630973,515
2023_2023-05-20_day1_021_h60,M2b_mean_solar,pooled,2023,60,0.0,-0.7946459853340357,-4.249753994602519,1.5894029452529712,-5.426687563957422,2.4067341205988426,515
2023_2023-05-20_day1_022_h60,M2b_mean_solar,pooled,2023,60,0.0,-0.8030343480236062,-4.258142357292089,1.5810145825634008,-5.435075926646993,2.398345757909272,515
2023_2023-05-20_day1_023_h60,M2b_mean_solar,pooled,2023,60,0.0,-0.9325556993527956,-4.387663708621279,1.4514932312342115,-5.5645972779761825,2.268824406580083,515
2023_2023-05-20_day1_024_h60,M2b_mean_solar,pooled,2023,60,0.0,-0.4192994031965442,-3.874407412465027,1.9647495273904627,-5.051340981819931,2.782080702736334,515
2023_2023-05-20_day1_025_h60,M2b_mean_solar,pooled,2023,60,-0.5555555555555571,-1.325857287062694,-4.780965296331177,1.058191643524313,-5.95789886568608,1.8755228188701845,515
2023_2023-05-20_day1_026_h60,M2b_mean_solar,pooled,2023,60,-0.5555555555555571,-1.3662673055439534,-4.821375314812436,1.0177816250430536,-5.99830888416734,1.835112800388925,515
2023_2023-05-20_day1_027_h60,M2b_mean_solar,pooled,2023,60,-2.7777777777777786,-1.5205906240256644,-4.975698633294147,0.8634583065613426,-6.152632202649051,1.680789481907214,515
2023_2023-05-20_day1_028_h60,M2b_mean_solar,pooled,2023,60,-2.7777777777777786,-1.6779484874343034,-5.133056496702786,0.7061004431527036,-6.30999006605769,1.523431618498575,515
2023_2023-05-20_day1_029_h60,M2b_mean_solar,pooled,2023,60,-3.8888888888888857,-1.0761075400928823,-4.531215549361365,1.3079413904941246,-5.708149118716269,2.125272565839996,515
2023_2023-05-20_day1_030_h60,M2b_mean_solar,pooled,2023,60,-5.0,-1.8889323935804048,-5.344040402848888,0.4951165370066022,-6.520973972203791,1.3124477123524736,515
2023_2023-05-20_day1_004_h90,M2b_mean_solar,pooled,2023,90,6.666666666666664,4.754068797265553,1.2989607879970704,7.13811772785256,0.1220272186421667,7.955448903198432,515
2023_2023-05-20_day1_005_h90,M2b_mean_solar,pooled,2023,90,7.222222222222221,4.787915809537162,1.3328078002686787,7.171964740124169,0.15587423091377506,7.98929591547004,515
2023_2023-05-20_day1_006_h90,M2b_mean_solar,pooled,2023,90,8.88888888888889,3.6448102694314146,0.18970226016293168,6.028859200018422,-0.987231309191972,6.8461903753642925,515
2023_2023-05-20_day1_007_h90,M2b_mean_solar,pooled,2023,90,9.444444444444445,4.370549390872064,0.9154413816035811,6.754598321459071,-0.26149218775132255,7.571929496804943,515
2023_2023-05-20_day1_008_h90,M2b_mean_solar,pooled,2023,90,9.444444444444445,1.9435666105898708,-1.5115413986786121,4.327615541176877,-2.688474968033516,5.14494671652275,515
2023_2023-05-20_day1_009_h90,M2b_mean_solar,pooled,2023,90,7.777777777777779,3.087725026745107,-0.3673829825233761,5.471773957332114,-1.5443165518782798,6.289105132677985,515
2023_2023-05-20_day1_010_h90,M2b_mean_solar,pooled,2023,90,7.777777777777779,2.922094989587944,-0.5330130196805389,5.306143920174951,-1.7099465890354426,6.123475095520822,515
2023_2023-05-20_day1_011_h90,M2b_mean_solar,pooled,2023,90,6.666666666666664,2.600398544048326,-0.8547094652201568,4.984447474635333,-2.0316430345750605,5.8017786499812045,515
2023_2023-05-20_day1_012_h90,M2b_mean_solar,pooled,2023,90,5.555555555555557,2.3968861273084774,-1.0582218819600056,4.780935057895484,-2.2351554513149092,5.598266233241356,515
2023_2023-05-20_day1_013_h90,M2b_mean_solar,pooled,2023,90,5.0,3.0265175905343544,-0.4285904187341285,5.410566521121361,-1.6055239880890322,6.227897696467233,515
2023_2023-05-20_day1_014_h90,M2b_mean_solar,pooled,2023,90,5.0,3.495123409009024,0.040015399740541024,5.879172339596031,-1.1369181696143627,6.696503514941902,515
2023_2023-05-20_day1_015_h90,M2b_mean_solar,pooled,2023,90,3.8888888888888857,1.790876703458228,-1.664231305810255,4.174925634045235,-2.8411648751651586,4.992256809391106,515
2023_2023-05-20_day1_016_h90,M2b_mean_solar,pooled,2023,90,2.2222222222222214,1.496915534404716,-1.958192474863767,3.880964464991723,-3.1351260442186706,4.698295640337594,515
2023_2023-05-20_day1_017_h90,M2b_mean_solar,pooled,2023,90,1.6666666666666643,1.3184415575466777,-2.1366664517218052,3.7024904881336846,-3.313600021076709,4.519821663479556,515
2023_2023-05-20_day1_018_h90,M2b_mean_solar,pooled,2023,90,1.6666666666666643,0.4009885307040242,-3.0541194785644588,2.785037461291031,-4.231053047919362,3.6023686366369025,515
2023_2023-05-20_day1_019_h90,M2b_mean_solar,pooled,2023,90,1.1111111111111145,-0.5375627429360486,-3.9926707522045315,1.8464861876509584,-5.169604321559435,2.66381736299683,515
2023_2023-05-20_day1_020_h90,M2b_mean_solar,pooled,2023,90,-0.5555555555555571,-0.9168311053990874,-4.371939114667571,1.4672178251879195,-5.548872684022474,2.284549000533791,515
2023_2023-05-20_day1_021_h90,M2b_mean_solar,pooled,2023,90,-0.5555555555555571,-1.0357038281376765,-4.490811837406159,1.3483451024493305,-5.667745406761063,2.165676277795202,515
2023_2023-05-20_day1_022_h90,M2b_mean_solar,pooled,2023,90,0.0,-1.0296349731312464,-4.484742982399729,1.3544139574557605,-5.661676551754633,2.171745132801632,515
2023_2023-05-20_day1_023_h90,M2b_mean_solar,pooled,2023,90,0.0,-1.1726068252445463,-4.6277148345130295,1.2114421053424607,-5.804648403867933,2.0287732806883323,515
2023_2023-05-20_day1_024_h90,M2b_mean_solar,pooled,2023,90,-0.5555555555555571,-0.6073056910921264,-4.06241370036061,1.7767432394948806,-5.239347269715513,2.594074414840752,515
2023_2023-05-20_day1_025_h90,M2b_mean_solar,pooled,2023,90,-3.3333333333333357,-1.620074449130836,-5.075182458399319,0.7639744814561709,-6.252116027754223,1.5813056568020423,515
2023_2023-05-20_day1_026_h90,M2b_mean_solar,pooled,2023,90,-2.7777777777777786,-1.6444524485163856,-5.099560457784868,0.7395964820706213,-6.276494027139773,1.5569276574164927,515
2023_2023-05-20_day1_027_h90,M2b_mean_solar,pooled,2023,90,-3.8888888888888857,-0.9559366611552168,-4.4110446704237,1.4281122694317903,-5.587978239778604,2.2454434447776617,515
2023_2023-05-20_day1_028_h90,M2b_mean_solar,pooled,2023,90,-5.555555555555557,-1.9801761967505185,-5.435284206019001,0.4038727338364885,-6.612217775373905,1.2212039091823599,515
2023_2023-05-20_day1_002_h120,M2b_mean_solar,pooled,2023,120,8.333333333333332,5.920995894757933,2.46588788548945,8.30504482534494,1.2889543161345465,9.122376000690812,515
2023_2023-05-20_day1_003_h120,M2b_mean_solar,pooled,2023,120,8.888888888888886,5.994207590356282,2.5390995810877994,8.378256520943289,1.3621660117328958,9.195587696289161,515
2023_2023-05-20_day1_004_h120,M2b_mean_solar,pooled,2023,120,8.88888888888889,7.013901226962991,3.5587932176945083,9.397950157549998,2.3818596483396046,10.21528133289587,515
2023_2023-05-20_day1_005_h120,M2b_mean_solar,pooled,2023,120,11.111111111111114,7.082943793097899,3.6278357838294157,9.466992723684905,2.450902214474512,10.284323899030777,515
2023_2023-05-20_day1_006_h120,M2b_mean_solar,pooled,2023,120,11.666666666666668,4.111179219165257,0.6560712098967745,6.495228149752265,-0.5208623594581292,7.312559325098135,515
2023_2023-05-20_day1_007_h120,M2b_mean_solar,pooled,2023,120,11.666666666666671,5.900142858588712,2.445034849320229,8.284191789175718,1.2681012799653253,9.10152296452159,515
2023_2023-05-20_day1_008_h120,M2b_mean_solar,pooled,2023,120,11.666666666666664,4.141433044954397,0.6863250356859139,6.525481975541403,-0.4906085336689898,7.342813150887276,515
2023_2023-05-20_day1_009_h120,M2b_mean_solar,pooled,2023,120,9.444444444444445,3.606586635063128,0.151478625794645,5.990635565650135,-1.0254549435602587,6.807966740996006,515
2023_2023-05-20_day1_010_h120,M2b_mean_solar,pooled,2023,120,8.333333333333336,3.442050208818659,-0.013057800449824075,5.826099139405666,-1.1899913698047277,6.643430314751537,515
2023_2023-05-20_day1_011_h120,M2b_mean_solar,pooled,2023,120,7.7777777777777715,5.020238853024779,1.5651308437562959,7.404287783611785,0.3881972744013922,8.221618958957658,515
2023_2023-05-20_day1_012_h120,M2b_mean_solar,pooled,2023,120,7.777777777777779,4.809487230732765,1.3543792214642822,7.193536161319772,0.17744565210937857,8.010867336665644,515
2023_2023-05-20_day1_013_h120,M2b_mean_solar,pooled,2023,120,6.111111111111114,3.6277713454408937,0.1726633361724108,6.011820276027901,-1.0042702331824929,6.829151451373772,515
2023_2023-05-20_day1_014_h120,M2b_mean_solar,pooled,2023,120,4.444444444444443,4.189502820411864,0.7343948111433809,6.57355175099887,-0.4425387582115228,7.390882926344743,515
2023_2023-05-20_day1_015_h120,M2b_mean_solar,pooled,2023,120,3.3333333333333286,2.2765119595277725,-1.1785960497407104,4.6605608901147795,-2.355529619095614,5.477892065460651,515
2023_2023-05-20_day1_016_h120,M2b_mean_solar,pooled,2023,120,2.2222222222222214,1.0279038824144986,-2.4272041268539843,3.4119528130015055,-3.604137696208888,4.229283988347377,515
2023_2023-05-20_day1_017_h120,M2b_mean_solar,pooled,2023,120,2.2222222222222214,1.7832490198001874,-1.6718589894682956,4.167297950387194,-2.8487925588231993,4.984629125733066,515
2023_2023-05-20_day1_018_h120,M2b_mean_solar,pooled,2023,120,1.6666666666666643,1.6978401435522632,-1.7572678657162197,4.08188907413927,-2.9342014350711234,4.899220249485142,515
2023_2023-05-20_day1_019_h120,M2b_mean_solar,pooled,2023,120,0.5555555555555571,-0.3063745541572849,-3.761482563425768,2.077674376429722,-4.938416132780672,2.8950055517755935,515
2023_2023-05-20_day1_020_h120,M2b_mean_solar,pooled,2023,120,-0.5555555555555571,-0.6960648540523802,-4.151172863320863,1.6879840765346268,-5.328106432675767,2.505315251880498,515
2023_2023-05-20_day1_021_h120,M2b_mean_solar,pooled,2023,120,-0.5555555555555571,-0.8422278801557241,-4.2973358894242075,1.5418210504312828,-5.47426945877911,2.359152225777154,515
2023_2023-05-20_day1_022_h120,M2b_mean_solar,pooled,2023,120,-0.5555555555555571,-0.8724190224189194,-4.327527031687403,1.5116299081680875,-5.504460601042306,2.328961083513959,515
2023_2023-05-20_day1_023_h120,M2b_mean_solar,pooled,2023,120,-2.7777777777777786,-1.044973225428362,-4.500081234696845,1.339075705158645,-5.6770148040517485,2.1564068805045165,515
2023_2023-05-20_day1_024_h120,M2b_mean_solar,pooled,2023,120,-2.7777777777777786,-0.4091320632500053,-3.8642400725184882,1.9749168673370017,-5.041173641873392,2.792248042682873,515
2023_2023-05-20_day1_025_h120,M2b_mean_solar,pooled,2023,120,-4.444444444444443,-0.5978342971710044,-4.052942306439487,1.7862146334160025,-5.2298758757943915,2.603545808761874,515
2023_2023-05-20_day1_026_h120,M2b_mean_solar,pooled,2023,120,-5.555555555555557,-1.6093837519840777,-5.064491761252561,0.7746651786029293,-6.2414253306074645,1.5919963539488007,515
2023_2023-05-20_day1_000_h15,M2b_mean_solar,horizon_specific,2023,15,0.5555555555555571,0.3298487960910553,-1.2742985880094608,1.7800499180642682,-1.89596995399018,2.28366983036229,120
2023_2023-05-20_day1_001_h15,M2b_mean_solar,horizon_specific,2023,15,1.1111111111111107,0.814805498885948,-0.789341885214568,2.265006620859161,-1.4110132511952873,2.7686265331571827,120
2023_2023-05-20_day1_002_h15,M2b_mean_solar,horizon_specific,2023,15,0.5555555555555571,0.3438359210062634,-1.2603114630942527,1.7940370429794763,-1.8819828290749718,2.2976569552774984,120
2023_2023-05-20_day1_003_h15,M2b_mean_solar,horizon_specific,2023,15,1.1111111111111107,0.829071484626011,-0.7750758994745051,2.279272606599224,-1.3967472654552242,2.7828925188972455,120
2023_2023-05-20_day1_004_h15,M2b_mean_solar,horizon_specific,2023,15,0.5555555555555536,0.3582766173948453,-1.2458707667056708,1.8084777393680582,-1.86754213268639,2.31209765166608,120
2023_2023-05-20_day1_006_h15,M2b_mean_solar,horizon_specific,2023,15,1.1111111111111107,0.3189546495084582,-1.2851927345920577,1.769155771481671,-1.9068641005727769,2.272775683779693,120
2023_2023-05-20_day1_007_h15,M2b_mean_solar,horizon_specific,2023,15,1.1111111111111145,1.2538188124520515,-0.35032857164846454,2.7040199344252644,-0.9719999376291837,3.2076398467232865,120
2023_2023-05-20_day1_008_h15,M2b_mean_solar,horizon_specific,2023,15,2.7777777777777786,0.3293369838911594,-1.2748104002093568,1.7795381058643724,-1.896481766190076,2.283158018162394,120
2023_2023-05-20_day1_009_h15,M2b_mean_solar,horizon_specific,2023,15,1.1111111111111072,0.2260338005547442,-1.3781135835457718,1.6762349225279571,-1.999784949526491,2.1798548348259787,120
2023_2023-05-20_day1_010_h15,M2b_mean_solar,horizon_specific,2023,15,1.6666666666666714,0.2018417521325639,-1.402305631967952,1.6520428741057769,-2.0239769979486715,2.1556627864037985,120
2023_2023-05-20_day1_011_h15,M2b_mean_solar,horizon_specific,2023,15,1.1111111111111072,0.149232774458255,-1.4549146096422612,1.599433896431468,-2.0765859756229803,2.1030538087294897,120
2023_2023-05-20_day1_012_h15,M2b_mean_solar,horizon_specific,2023,15,1.6666666666666643,0.5993542473705935,-1.0047931367299225,2.0495553693438064,-1.6264645027106417,2.5531752816418285,120
2023_2023-05-20_day1_013_h15,M2b_mean_solar,horizon_specific,2023,15,1.1111111111111145,-0.3873643559848422,-1.9915117400853584,1.0628367659883708,-2.6131831060660775,1.5664566782863925,120
2023_2023-05-20_day1_014_h15,M2b_mean_solar,horizon_specific,2023,15,1.1111111111111145,0.9859278215942896,-0.6182195625062264,2.4361289435675024,-1.2398909284869455,2.9397488558655245,120
2023_2023-05-20_day1_015_h15,M2b_mean_solar,horizon_specific,2023,15,1.1111111111111072,0.0451150321117614,-1.5590323519887546,1.4953161540849744,-2.180703717969474,1.9989360663829963,120
2023_2023-05-20_day1_016_h15,M2b_mean_solar,horizon_specific,2023,15,0.5555555555555571,0.0017572695700552,-1.6023901145304609,1.4519583915432681,-2.22406148051118,1.95557830384129,120
2023_2023-05-20_day1_017_h15,M2b_mean_solar,horizon_specific,2023,15,0.0,-0.0205236891829934,-1.6246710732835095,1.4296774327902195,-2.2463424392642284,1.9332973450882414,120
2023_2023-05-20_day1_018_h15,M2b_mean_solar,horizon_specific,2023,15,1.1111111111111072,0.9340417567448008,-0.6701056273557152,2.384242878718014,-1.2917769933364345,2.8878627910160355,120
2023_2023-05-20_day1_019_h15,M2b_mean_solar,horizon_specific,2023,15,1.1111111111111145,-0.0294971779092588,-1.6336445620097748,1.4207039440639542,-2.255315927990494,1.924323856361976,120
2023_2023-05-20_day1_020_h15,M2b_mean_solar,horizon_specific,2023,15,0.0,-0.0959361785879035,-1.7000835626884196,1.3542649433853093,-2.321754928669139,1.8578848556833312,120
2023_2023-05-20_day1_021_h15,M2b_mean_solar,horizon_specific,2023,15,-0.5555555555555571,-0.1134527929558228,-1.717600177056339,1.33674832901739,-2.339271543037058,1.8403682413154119,120
2023_2023-05-20_day1_022_h15,M2b_mean_solar,horizon_specific,2023,15,0.0,-0.1080048029633847,-1.7121521870639007,1.3421963190098283,-2.33382355304462,1.84581623130785,120
2023_2023-05-20_day1_023_h15,M2b_mean_solar,horizon_specific,2023,15,0.0,-0.6104381383871402,-2.2145855224876563,0.8397629835860727,-2.8362568884683754,1.3433828958840945,120
2023_2023-05-20_day1_024_h15,M2b_mean_solar,horizon_specific,2023,15,0.5555555555555571,0.2920923942720233,-1.3120549898284928,1.7422935162452362,-1.933726355809212,2.245913428543258,120
2023_2023-05-20_day1_025_h15,M2b_mean_solar,horizon_specific,2023,15,-0.5555555555555571,-0.214572923553153,-1.818720307653669,1.2356281984200599,-2.4403916736343882,1.7392481107180817,120
2023_2023-05-20_day1_026_h15,M2b_mean_solar,horizon_specific,2023,15,0.0,-0.2178307587635014,-1.8219781428640174,1.2323703632097116,-2.4436495088447368,1.7359902755077334,120
2023_2023-05-20_day1_027_h15,M2b_mean_solar,horizon_specific,2023,15,0.0,-0.2489773841903205,-1.8531247682908365,1.2012237377828925,-2.4747961342715556,1.7048436500809143,120
2023_2023-05-20_day1_028_h15,M2b_mean_solar,horizon_specific,2023,15,0.0,-0.2809690200014101,-1.8851164041019262,1.1692321019718028,-2.5067877700826453,1.6728520142698247,120
2023_2023-05-20_day1_029_h15,M2b_mean_solar,horizon_specific,2023,15,-0.5555555555555571,-0.3136060227024758,-1.9177534068029918,1.1365950992707372,-2.539424772783711,1.640215011568759,120
2023_2023-05-20_day1_030_h15,M2b_mean_solar,horizon_specific,2023,15,-2.2222222222222214,-0.3199408925650618,-1.9240882766655778,1.1302602294081512,-2.545759642646297,1.633880141706173,120
2023_2023-05-20_day1_031_h15,M2b_mean_solar,horizon_specific,2023,15,0.0,-0.2462677463034649,-1.8504151304039809,1.2039333756697481,-2.4720864963847,1.70755328796777,120
2023_2023-05-20_day1_032_h15,M2b_mean_solar,horizon_specific,2023,15,-1.1111111111111072,0.1980404989214612,-1.4061068851790548,1.6482416208946742,-2.027778251159774,2.151861533192696,120
2023_2023-05-20_day1_033_h15,M2b_mean_solar,horizon_specific,2023,15,-1.6666666666666714,-0.7115869864497633,-2.3157343705502793,0.7386141355234497,-2.9374057365309985,1.2422340478214715,120
2023_2023-05-20_day1_000_h30,M2b_mean_solar,horizon_specific,2023,30,1.666666666666668,1.1347352925954055,-1.1011839088651054,2.955083962067608,-2.4674649928204326,3.9027305929757814,113
2023_2023-05-20_day1_001_h30,M2b_mean_solar,horizon_specific,2023,30,1.666666666666668,1.1567635512816272,-1.0791556501788837,2.97711222075383,-2.445436734134211,3.924758851662003,113
2023_2023-05-20_day1_002_h30,M2b_mean_solar,horizon_specific,2023,30,1.666666666666668,1.179117205316563,-1.0568019961439479,2.9994658747887657,-2.4230830800992753,3.9471125056969387,113
2023_2023-05-20_day1_003_h30,M2b_mean_solar,horizon_specific,2023,30,1.6666666666666643,1.2016735923673243,-1.0342456090931866,3.0220222618395267,-2.400526693048514,3.9696688927477,113
2023_2023-05-20_day1_006_h30,M2b_mean_solar,horizon_specific,2023,30,2.222222222222225,1.7496200306745346,-0.4862991707859763,3.5699687001467373,-1.8525802547413037,4.517615331054911,113
2023_2023-05-20_day1_007_h30,M2b_mean_solar,horizon_specific,2023,30,3.888888888888893,1.7103132924600684,-0.5256059090004426,3.530661961932271,-1.89188699295577,4.478308592840444,113
2023_2023-05-20_day1_008_h30,M2b_mean_solar,horizon_specific,2023,30,3.8888888888888857,0.6459411146763397,-1.5899780867841713,2.4662897841485423,-2.9562591707394987,3.4139364150567153,113
2023_2023-05-20_day1_009_h30,M2b_mean_solar,horizon_specific,2023,30,2.7777777777777786,0.4308706462300432,-1.8050485552304678,2.251219315702246,-3.171329639185795,3.198865946610419,113
2023_2023-05-20_day1_010_h30,M2b_mean_solar,horizon_specific,2023,30,2.7777777777777786,0.3834563874168198,-1.8524628140436912,2.2038050568890224,-3.2187438979990186,3.1514516877971954,113
2023_2023-05-20_day1_011_h30,M2b_mean_solar,horizon_specific,2023,30,2.7777777777777715,0.8431226157750361,-1.392796585685475,2.6634712852472386,-2.7590776696408024,3.6111179161554117,113
2023_2023-05-20_day1_012_h30,M2b_mean_solar,horizon_specific,2023,30,2.7777777777777786,0.2170234264316523,-2.0188957750288585,2.037372095903855,-3.385176858984186,2.985018726812028,113
2023_2023-05-20_day1_013_h30,M2b_mean_solar,horizon_specific,2023,30,2.2222222222222285,0.7207673763538426,-1.5151518251066682,2.5411160458260453,-2.8814329090619957,3.4887626767342184,113
2023_2023-05-20_day1_014_h30,M2b_mean_solar,horizon_specific,2023,30,2.2222222222222214,1.15846546385065,-1.077453737609861,2.9788141333228526,-2.4437348215651884,3.9264607642310256,113
2023_2023-05-20_day1_015_h30,M2b_mean_solar,horizon_specific,2023,30,1.6666666666666643,0.0507648357807041,-2.1851543656798067,1.8711135052529067,-3.551435449635134,2.81876013616108,113
2023_2023-05-20_day1_016_h30,M2b_mean_solar,horizon_specific,2023,30,0.5555555555555571,-0.04636222285565,-2.282281424316161,1.7739864466165527,-3.6485625082714885,2.7216330775247255,113
2023_2023-05-20_day1_017_h30,M2b_mean_solar,horizon_specific,2023,30,1.1111111111111072,1.0371235179177505,-1.1987956835427604,2.857472187389953,-2.5650767674980877,3.8051188182981264,113
2023_2023-05-20_day1_018_h30,M2b_mean_solar,horizon_specific,2023,30,2.2222222222222214,1.0268178047183438,-1.209101396742167,2.8471664741905465,-2.5753824806974945,3.7948131050987195,113
2023_2023-05-20_day1_019_h30,M2b_mean_solar,horizon_specific,2023,30,1.1111111111111145,-0.1336468154961051,-2.369566016956616,1.6867018539760976,-3.7358471009119434,2.6343484848842706,113
2023_2023-05-20_day1_020_h30,M2b_mean_solar,horizon_specific,2023,30,-0.5555555555555571,-0.2827733573419927,-2.5186925588025035,1.53757531213021,-3.884973642757831,2.485221943038383,113
2023_2023-05-20_day1_021_h30,M2b_mean_solar,horizon_specific,2023,30,-0.5555555555555571,-0.3277726350678805,-2.5636918365283914,1.4925760344043222,-3.929972920483719,2.440222665312495,113
2023_2023-05-20_day1_022_h30,M2b_mean_solar,horizon_specific,2023,30,0.0,-0.8923896069557763,-3.1283088084162873,0.9279590625164263,-4.494589892371614,1.8756056934245993,113
2023_2023-05-20_day1_023_h30,M2b_mean_solar,horizon_specific,2023,30,0.5555555555555571,-0.3833772520516839,-2.6192964535121948,1.4369714174205188,-3.985577537467522,2.384618048328692,113
2023_2023-05-20_day1_024_h30,M2b_mean_solar,horizon_specific,2023,30,0.0,0.0635797420086777,-2.172339459451833,1.8839284114808803,-3.5386205434071605,2.8315750423890536,113
2023_2023-05-20_day1_025_h30,M2b_mean_solar,horizon_specific,2023,30,-0.5555555555555571,-0.573420298894667,-2.8093395003551778,1.2469283705775358,-4.175620584310505,2.194575001485709,113
2023_2023-05-20_day1_026_h30,M2b_mean_solar,horizon_specific,2023,30,0.0,-0.5878521132608622,-2.823771314721373,1.2324965562113404,-4.1900523986767,2.1801431871195134,113
2023_2023-05-20_day1_027_h30,M2b_mean_solar,horizon_specific,2023,30,0.0,-0.6616259863350321,-2.897545187795543,1.1587226831371704,-4.263826271750871,2.1063693140453434,113
2023_2023-05-20_day1_028_h30,M2b_mean_solar,horizon_specific,2023,30,-0.5555555555555571,-0.7371720112338386,-2.9730912126943494,1.0831766582383642,-4.339372296649677,2.030823289146537,113
2023_2023-05-20_day1_029_h30,M2b_mean_solar,horizon_specific,2023,30,-2.7777777777777786,-0.8140640099276942,-3.0499832113882053,1.0062846595445083,-4.416264295343533,1.9539312904526813,113
2023_2023-05-20_day1_030_h30,M2b_mean_solar,horizon_specific,2023,30,-2.2222222222222214,-0.8349328260523904,-3.070852027512901,0.9854158434198123,-4.437133111468229,1.9330624743279854,113
2023_2023-05-20_day1_031_h30,M2b_mean_solar,horizon_specific,2023,30,-1.1111111111111072,-0.1168989676697617,-2.3528181691302725,1.703449701802441,-3.7190992530856,2.651096332710614,113
2023_2023-05-20_day1_032_h30,M2b_mean_solar,horizon_specific,2023,30,-2.7777777777777786,-0.7645719709719451,-3.000491172432456,1.0557766985002575,-4.366772256387783,2.0034233294084305,113
2023_2023-05-20_day1_000_h60,M2b_mean_solar,horizon_specific,2023,60,3.3333333333333357,2.5828167288655415,-1.0516861523998275,5.182024061694685,-2.513422582716439,6.256197623557378,100
2023_2023-05-20_day1_001_h60,M2b_mean_solar,horizon_specific,2023,60,3.333333333333332,2.63605602870353,-0.9984468525618388,5.235263361532674,-2.4601832828784502,6.309436923395367,100
2023_2023-05-20_day1_006_h60,M2b_mean_solar,horizon_specific,2023,60,6.111111111111111,2.7605676143525555,-0.8739352669128135,5.359774947181698,-2.335671697229425,6.433948509044392,100
2023_2023-05-20_day1_007_h60,M2b_mean_solar,horizon_specific,2023,60,6.666666666666671,2.6886738131706487,-0.9458290680947203,5.287881145999792,-2.4075654984113317,6.362054707862486,100
2023_2023-05-20_day1_008_h60,M2b_mean_solar,horizon_specific,2023,60,6.666666666666664,1.3076937840444185,-2.3268090972209503,3.906901116873562,-3.788545527537562,4.981074678736255,100
2023_2023-05-20_day1_009_h60,M2b_mean_solar,horizon_specific,2023,60,5.55555555555555,1.653803755548005,-1.980699125717364,4.253011088377148,-3.4424355560339754,5.3271846502398414,100
2023_2023-05-20_day1_010_h60,M2b_mean_solar,horizon_specific,2023,60,5.555555555555557,0.7967633306332869,-2.837739550632082,3.39597066346243,-4.299475980948694,4.470144225325123,100
2023_2023-05-20_day1_011_h60,M2b_mean_solar,horizon_specific,2023,60,5.0,2.101573712474324,-1.532929168791045,4.700781045303467,-2.9946655991076563,5.774954607166161,100
2023_2023-05-20_day1_012_h60,M2b_mean_solar,horizon_specific,2023,60,5.0,1.9776798906803967,-1.6568229905849723,4.57688722350954,-3.1185594209015837,5.651060785372234,100
2023_2023-05-20_day1_013_h60,M2b_mean_solar,horizon_specific,2023,60,3.888888888888893,1.0734661715485667,-2.5610367097168023,3.67267350437771,-4.022773140033413,4.746847066240404,100
2023_2023-05-20_day1_014_h60,M2b_mean_solar,horizon_specific,2023,60,2.7777777777777786,1.5605407263545223,-2.0739621549108467,4.1597480591836655,-3.535698585227458,5.23392162104636,100
2023_2023-05-20_day1_015_h60,M2b_mean_solar,horizon_specific,2023,60,2.7777777777777715,1.591986372233475,-2.042516509031894,4.191193705062618,-3.5042529393485053,5.2653672669253115,100
2023_2023-05-20_day1_016_h60,M2b_mean_solar,horizon_specific,2023,60,2.7777777777777786,1.3784798459648695,-2.2560230353004993,3.977687178794013,-3.717759465617111,5.051860740656706,100
2023_2023-05-20_day1_017_h60,M2b_mean_solar,horizon_specific,2023,60,2.2222222222222214,1.2495157690554444,-2.3849871122099247,3.8487231018845875,-3.846723542526536,4.922896663747281,100
2023_2023-05-20_day1_018_h60,M2b_mean_solar,horizon_specific,2023,60,1.6666666666666643,1.2058332542740184,-2.4286696269913506,3.8050405871031616,-3.890406057307962,4.879214148965856,100
2023_2023-05-20_day1_019_h60,M2b_mean_solar,horizon_specific,2023,60,0.5555555555555571,-0.3836915771070077,-4.018194458372377,2.2155157557221354,-5.479930888688988,3.289689317584829,100
2023_2023-05-20_day1_020_h60,M2b_mean_solar,horizon_specific,2023,60,-0.5555555555555571,-1.4519162963019054,-5.086419177567274,1.1472910365272377,-6.548155607883886,2.2214645983899315,100
2023_2023-05-20_day1_021_h60,M2b_mean_solar,horizon_specific,2023,60,0.0,-0.7946459853340357,-4.429148866599405,1.8045613474951074,-5.890885296916016,2.878734909357801,100
2023_2023-05-20_day1_022_h60,M2b_mean_solar,horizon_specific,2023,60,0.0,-0.8030343480236062,-4.437537229288975,1.796172984805537,-5.899273659605587,2.8703465466682307,100
2023_2023-05-20_day1_023_h60,M2b_mean_solar,horizon_specific,2023,60,0.0,-0.9325556993527956,-4.5670585806181645,1.6666516334763477,-6.028795010934776,2.7408251953390415,100
2023_2023-05-20_day1_024_h60,M2b_mean_solar,horizon_specific,2023,60,0.0,-0.4192994031965442,-4.053802284461913,2.179907929632599,-5.515538714778525,3.2540814914952927,100
2023_2023-05-20_day1_025_h60,M2b_mean_solar,horizon_specific,2023,60,-0.5555555555555571,-1.325857287062694,-4.960360168328063,1.2733500457664493,-6.422096598644674,2.3475236076291432,100
2023_2023-05-20_day1_026_h60,M2b_mean_solar,horizon_specific,2023,60,-0.5555555555555571,-1.3662673055439534,-5.000770186809323,1.2329400272851898,-6.462506617125934,2.3071135891478836,100
2023_2023-05-20_day1_027_h60,M2b_mean_solar,horizon_specific,2023,60,-2.7777777777777786,-1.5205906240256644,-5.155093505291033,1.0786167088034788,-6.616829935607645,2.1527902706661726,100
2023_2023-05-20_day1_028_h60,M2b_mean_solar,horizon_specific,2023,60,-2.7777777777777786,-1.6779484874343034,-5.312451368699673,0.9212588453948398,-6.774187799016284,1.9954324072575336,100
2023_2023-05-20_day1_029_h60,M2b_mean_solar,horizon_specific,2023,60,-3.8888888888888857,-1.0761075400928823,-4.710610421358251,1.5230997927362608,-6.172346851674863,2.5972733545989546,100
2023_2023-05-20_day1_030_h60,M2b_mean_solar,horizon_specific,2023,60,-5.0,-1.8889323935804048,-5.523435274845774,0.7102749392487384,-6.985171705162385,1.7844485011114322,100
2023_2023-05-20_day1_004_h90,M2b_mean_solar,horizon_specific,2023,90,6.666666666666664,4.754068797265553,0.7242614568932932,7.676717199520272,-0.9108434470713158,8.40554444359782,92
2023_2023-05-20_day1_005_h90,M2b_mean_solar,horizon_specific,2023,90,7.222222222222221,4.787915809537162,0.7581084691649016,7.710564211791881,-0.8769964347997075,8.43939145586943,92
2023_2023-05-20_day1_006_h90,M2b_mean_solar,horizon_specific,2023,90,8.88888888888889,3.6448102694314146,-0.38499707094084545,6.567458671686134,-2.0201019749054545,7.296285915763683,92
2023_2023-05-20_day1_007_h90,M2b_mean_solar,horizon_specific,2023,90,9.444444444444445,4.370549390872064,0.340742050499804,7.293197793126783,-1.294362853464805,8.022025037204331,92
2023_2023-05-20_day1_008_h90,M2b_mean_solar,horizon_specific,2023,90,9.444444444444445,1.9435666105898708,-2.0862407297823893,4.86621501284459,-3.7213456337469983,5.595042256922138,92
2023_2023-05-20_day1_009_h90,M2b_mean_solar,horizon_specific,2023,90,7.777777777777779,3.087725026745107,-0.9420823136271532,6.010373428999825,-2.5771872175917623,6.739200673077375,92
2023_2023-05-20_day1_010_h90,M2b_mean_solar,horizon_specific,2023,90,7.777777777777779,2.922094989587944,-1.107712350784316,5.844743391842663,-2.742817254748925,6.573570635920212,92
2023_2023-05-20_day1_011_h90,M2b_mean_solar,horizon_specific,2023,90,6.666666666666664,2.600398544048326,-1.429408796323934,5.523046946303046,-3.064513700288543,6.251874190380594,92
2023_2023-05-20_day1_012_h90,M2b_mean_solar,horizon_specific,2023,90,5.555555555555557,2.3968861273084774,-1.6329212130637827,5.319534529563196,-3.2680261170283917,6.048361773640745,92
2023_2023-05-20_day1_013_h90,M2b_mean_solar,horizon_specific,2023,90,5.0,3.0265175905343544,-1.0032897498379056,5.949165992789073,-2.6383946538025147,6.677993236866622,92
2023_2023-05-20_day1_014_h90,M2b_mean_solar,horizon_specific,2023,90,5.0,3.495123409009024,-0.5346839313632361,6.4177718112637425,-2.169788835327845,7.146599055341292,92
2023_2023-05-20_day1_015_h90,M2b_mean_solar,horizon_specific,2023,90,3.8888888888888857,1.790876703458228,-2.238930636914032,4.713525105712947,-3.874035540878641,5.442352349790496,92
2023_2023-05-20_day1_016_h90,M2b_mean_solar,horizon_specific,2023,90,2.2222222222222214,1.496915534404716,-2.532891805967544,4.419563936659435,-4.167996709932153,5.148391180736984,92
2023_2023-05-20_day1_017_h90,M2b_mean_solar,horizon_specific,2023,90,1.6666666666666643,1.3184415575466777,-2.7113657828255824,4.241089959801396,-4.346470686790191,4.969917203878945,92
2023_2023-05-20_day1_018_h90,M2b_mean_solar,horizon_specific,2023,90,1.6666666666666643,0.4009885307040242,-3.628818809668236,3.323636932958743,-5.263923713632845,4.052464177036292,92
2023_2023-05-20_day1_019_h90,M2b_mean_solar,horizon_specific,2023,90,1.1111111111111145,-0.5375627429360486,-4.567370083308308,2.3850856593186704,-6.202474987272918,3.113912903396219,92
2023_2023-05-20_day1_020_h90,M2b_mean_solar,horizon_specific,2023,90,-0.5555555555555571,-0.9168311053990874,-4.946638445771347,2.0058172968556316,-6.581743349735957,2.7346445409331803,92
2023_2023-05-20_day1_021_h90,M2b_mean_solar,horizon_specific,2023,90,-0.5555555555555571,-1.0357038281376765,-5.0655111685099365,1.8869445741170425,-6.700616072474546,2.6157718181945913,92
2023_2023-05-20_day1_022_h90,M2b_mean_solar,horizon_specific,2023,90,0.0,-1.0296349731312464,-5.0594423135035065,1.8930134291234726,-6.6945472174681155,2.6218406732010213,92
2023_2023-05-20_day1_023_h90,M2b_mean_solar,horizon_specific,2023,90,0.0,-1.1726068252445463,-5.202414165616807,1.7500415770101727,-6.837519069581416,2.4788688210877217,92
2023_2023-05-20_day1_024_h90,M2b_mean_solar,horizon_specific,2023,90,-0.5555555555555571,-0.6073056910921264,-4.637113031464386,2.3153427111625926,-6.272217935428996,3.0441699552401413,92
2023_2023-05-20_day1_025_h90,M2b_mean_solar,horizon_specific,2023,90,-3.3333333333333357,-1.620074449130836,-5.649881789503096,1.302573953123883,-7.284986693467705,2.031401197201432,92
2023_2023-05-20_day1_026_h90,M2b_mean_solar,horizon_specific,2023,90,-2.7777777777777786,-1.6444524485163856,-5.674259788888646,1.2781959537383334,-7.309364692853254,2.007023197815882,92
2023_2023-05-20_day1_027_h90,M2b_mean_solar,horizon_specific,2023,90,-3.8888888888888857,-0.9559366611552168,-4.985744001527477,1.9667117410995023,-6.620848905492086,2.695538985177051,92
2023_2023-05-20_day1_028_h90,M2b_mean_solar,horizon_specific,2023,90,-5.555555555555557,-1.9801761967505185,-6.009983537122778,0.9424722055042005,-7.645088441087387,1.6712994495817493,92
2023_2023-05-20_day1_002_h120,M2b_mean_solar,horizon_specific,2023,120,8.333333333333332,5.920995894757933,1.295154311915618,8.903482752612922,-0.183345849872242,9.600971080356791,90
2023_2023-05-20_day1_003_h120,M2b_mean_solar,horizon_specific,2023,120,8.888888888888886,5.994207590356282,1.3683660075139672,8.976694448211271,-0.11013415427389273,9.67418277595514,90
2023_2023-05-20_day1_004_h120,M2b_mean_solar,horizon_specific,2023,120,8.88888888888889,7.013901226962991,2.388059644120676,9.99638808481798,0.9095594823328161,10.693876412561849,90
2023_2023-05-20_day1_005_h120,M2b_mean_solar,horizon_specific,2023,120,11.111111111111114,7.082943793097899,2.4571022102555835,10.065430650952887,0.9786020484677236,10.762918978696757,90
2023_2023-05-20_day1_006_h120,M2b_mean_solar,horizon_specific,2023,120,11.666666666666668,4.111179219165257,-0.5146623636770578,7.093666077020247,-1.9931625254649177,7.791154404764114,90
2023_2023-05-20_day1_007_h120,M2b_mean_solar,horizon_specific,2023,120,11.666666666666671,5.900142858588712,1.2743012757463967,8.8826297164437,-0.2041988860414632,9.58011804418757,90
2023_2023-05-20_day1_008_h120,M2b_mean_solar,horizon_specific,2023,120,11.666666666666664,4.141433044954397,-0.4844085378879184,7.123919902809385,-1.9629086996757783,7.821408230553255,90
2023_2023-05-20_day1_009_h120,M2b_mean_solar,horizon_specific,2023,120,9.444444444444445,3.606586635063128,-1.0192549477791872,6.589073492918117,-2.497755109567047,7.286561820661985,90
2023_2023-05-20_day1_010_h120,M2b_mean_solar,horizon_specific,2023,120,8.333333333333336,3.442050208818659,-1.1837913740236563,6.424537066673648,-2.6622915358115162,7.122025394417516,90
2023_2023-05-20_day1_011_h120,M2b_mean_solar,horizon_specific,2023,120,7.7777777777777715,5.020238853024779,0.3943972701824636,8.002725710879767,-1.0841028916053963,8.700214038623637,90
2023_2023-05-20_day1_012_h120,M2b_mean_solar,horizon_specific,2023,120,7.777777777777779,4.809487230732765,0.18364564789045001,7.791974088587754,-1.29485451389741,8.489462416331623,90
2023_2023-05-20_day1_013_h120,M2b_mean_solar,horizon_specific,2023,120,6.111111111111114,3.6277713454408937,-0.9980702374014214,6.610258203295883,-2.4765703991892813,7.307746531039751,90
2023_2023-05-20_day1_014_h120,M2b_mean_solar,horizon_specific,2023,120,4.444444444444443,4.189502820411864,-0.43633876243045133,7.171989678266852,-1.9148389242183113,7.869478006010722,90
2023_2023-05-20_day1_015_h120,M2b_mean_solar,horizon_specific,2023,120,3.3333333333333286,2.2765119595277725,-2.3493296233145426,5.2589988173827615,-3.8278297851024026,5.95648714512663,90
2023_2023-05-20_day1_016_h120,M2b_mean_solar,horizon_specific,2023,120,2.2222222222222214,1.0279038824144986,-3.5979377004278166,4.010390740269488,-5.076437862215677,4.707879068013356,90
2023_2023-05-20_day1_017_h120,M2b_mean_solar,horizon_specific,2023,120,2.2222222222222214,1.7832490198001874,-2.842592563042128,4.765735877655176,-4.321092724829988,5.463224205399045,90
2023_2023-05-20_day1_018_h120,M2b_mean_solar,horizon_specific,2023,120,1.6666666666666643,1.6978401435522632,-2.928001439290052,4.680327001407252,-4.4065016010779114,5.377815329151121,90
2023_2023-05-20_day1_019_h120,M2b_mean_solar,horizon_specific,2023,120,0.5555555555555571,-0.3063745541572849,-4.9322161369996,2.676112303697704,-6.4107162987874595,3.3736006314415725,90
2023_2023-05-20_day1_020_h120,M2b_mean_solar,horizon_specific,2023,120,-0.5555555555555571,-0.6960648540523802,-5.321906436894695,2.286422003802609,-6.800406598682555,2.9839103315464772,90
2023_2023-05-20_day1_021_h120,M2b_mean_solar,horizon_specific,2023,120,-0.5555555555555571,-0.8422278801557241,-5.46806946299804,2.140258977699265,-6.9465696247859,2.8377473054431332,90
2023_2023-05-20_day1_022_h120,M2b_mean_solar,horizon_specific,2023,120,-0.5555555555555571,-0.8724190224189194,-5.498260605261235,2.1100678354360696,-6.976760767049095,2.807556163179938,90
2023_2023-05-20_day1_023_h120,M2b_mean_solar,horizon_specific,2023,120,-2.7777777777777786,-1.044973225428362,-5.670814808270677,1.937513632426627,-7.149314970058537,2.6350019601704955,90
2023_2023-05-20_day1_024_h120,M2b_mean_solar,horizon_specific,2023,120,-2.7777777777777786,-0.4091320632500053,-5.03497364609232,2.5733547946049837,-6.51347380788018,3.270843122348852,90
2023_2023-05-20_day1_025_h120,M2b_mean_solar,horizon_specific,2023,120,-4.444444444444443,-0.5978342971710044,-5.223675880013319,2.3846525606839846,-6.702176041801179,3.082140888427853,90
2023_2023-05-20_day1_026_h120,M2b_mean_solar,horizon_specific,2023,120,-5.555555555555557,-1.6093837519840777,-6.235225334826393,1.3731031058709113,-7.713725496614253,2.07059143361478,90
2024_2024-05-18_day1_000_h15,M2b_mean_solar,pooled,2024,15,1.1111111111111145,0.2714877138263454,-3.2231741562748315,3.1669180101575636,-4.382911964006807,4.2581874543810825,509
2024_2024-05-18_day1_001_h15,M2b_mean_solar,pooled,2024,15,0.5555555555555536,0.7532739327477657,-2.7413879373534114,3.6487042290789837,-3.9011257450853862,4.739973673302503,509
2024_2024-05-18_day1_002_h15,M2b_mean_solar,pooled,2024,15,1.1111111111111107,0.7907307840234562,-2.703931086077721,3.6861610803546743,-3.8636688938096957,4.777430524578193,509
2024_2024-05-18_day1_003_h15,M2b_mean_solar,pooled,2024,15,1.666666666666668,0.8046588369498696,-2.6900030331513074,3.7000891332810877,-3.8497408408832823,4.791358577504607,509
2024_2024-05-18_day1_004_h15,M2b_mean_solar,pooled,2024,15,1.666666666666668,1.2864332074476763,-2.208228662653501,4.181863503778894,-3.3679664703854755,5.273132948002414,509
2024_2024-05-18_day1_006_h15,M2b_mean_solar,pooled,2024,15,0.5555555555555571,0.8479284901488308,-2.6467333799523463,3.743358786480049,-3.806471187684321,4.834628230703568,509
2024_2024-05-18_day1_007_h15,M2b_mean_solar,pooled,2024,15,1.6666666666666643,1.374913286920047,-2.11974858318113,4.270343583251265,-3.279486390913105,5.361613027474784,509
2024_2024-05-18_day1_008_h15,M2b_mean_solar,pooled,2024,15,0.5555555555555571,0.8946524276835386,-2.6000094424176385,3.7900827240147565,-3.7597472501496134,4.881352168238276,509
2024_2024-05-18_day1_009_h15,M2b_mean_solar,pooled,2024,15,0.5555555555555571,-0.0546050572121956,-3.5492669273133726,2.8408252391190225,-4.7090047350453474,3.932094683342542,509
2024_2024-05-18_day1_010_h15,M2b_mean_solar,pooled,2024,15,2.2222222222222214,1.4049088952853306,-2.0897529748158465,4.3003391916165485,-3.2494907825478214,5.391608635840068,509
2024_2024-05-18_day1_011_h15,M2b_mean_solar,pooled,2024,15,-1.1111111111111145,0.4053918465168984,-3.0892700235842785,3.3008221428481166,-4.249007831316254,4.3920915870716355,509
2024_2024-05-18_day1_012_h15,M2b_mean_solar,pooled,2024,15,1.6666666666666714,0.971985742979524,-2.5226761271216533,3.8674160393107417,-3.682413934853628,4.9586854835342615,509
2024_2024-05-18_day1_013_h15,M2b_mean_solar,pooled,2024,15,1.6666666666666643,0.4585964018257209,-3.0360654682754564,3.3540266981569387,-4.195803276007431,4.4452961423804584,509
2024_2024-05-18_day1_014_h15,M2b_mean_solar,pooled,2024,15,-1.1111111111111072,0.4093494868351249,-3.0853123832660523,3.304779783166343,-4.245050190998027,4.396049227389862,509
2024_2024-05-18_day1_015_h15,M2b_mean_solar,pooled,2024,15,3.8888888888888857,0.9645221744710224,-2.5301396956301545,3.8599524708022406,-3.68987750336213,4.9512219150257595,509
2024_2024-05-18_day1_016_h15,M2b_mean_solar,pooled,2024,15,0.5555555555555571,0.3430530339836687,-3.1516088361175085,3.2384833303148866,-4.311346643849483,4.329752774538406,509
2024_2024-05-18_day1_017_h15,M2b_mean_solar,pooled,2024,15,0.0,0.3244240603510695,-3.1702378097501076,3.2198543566822875,-4.3299756174820825,4.311123800905807,509
2024_2024-05-18_day1_018_h15,M2b_mean_solar,pooled,2024,15,-0.5555555555555571,0.8141841799862024,-2.6804776901149747,3.7096144763174204,-3.8402154978469496,4.80088392054094,509
2024_2024-05-18_day1_019_h15,M2b_mean_solar,pooled,2024,15,2.2222222222222214,-0.1297971456338247,-3.6244590157350016,2.7656331506973935,-4.784196823466977,3.856902594920913,509
2024_2024-05-18_day1_020_h15,M2b_mean_solar,pooled,2024,15,1.6666666666666643,0.7213975893914498,-2.773264280709727,3.616827885722668,-3.933002088441702,4.708097329946187,509
2024_2024-05-18_day1_021_h15,M2b_mean_solar,pooled,2024,15,-1.1111111111111072,0.1637407568581057,-3.3309211132430714,3.0591710531893237,-4.490658920975046,4.150440497412843,509
2024_2024-05-18_day1_022_h15,M2b_mean_solar,pooled,2024,15,0.5555555555555571,0.6788811170568959,-2.8157807530442813,3.5743114133881138,-3.975518560776256,4.6655808576116335,509
2024_2024-05-18_day1_023_h15,M2b_mean_solar,pooled,2024,15,1.1111111111111072,-0.3307219718106272,-3.8253838419118043,2.564708324520591,-4.985121649643779,3.65597776874411,509
2024_2024-05-18_day1_024_h15,M2b_mean_solar,pooled,2024,15,1.1111111111111145,1.0436845659843228,-2.4509773041168543,3.9391148623155408,-3.610715111848829,5.0303843065390605,509
2024_2024-05-18_day1_025_h15,M2b_mean_solar,pooled,2024,15,-1.1111111111111145,0.5208466391429313,-2.973815230958246,3.416276935474149,-4.133553038690221,4.5075463796976685,509
2024_2024-05-18_day1_026_h15,M2b_mean_solar,pooled,2024,15,-1.6666666666666643,-0.4244392853950907,-3.919101155496268,2.4709910109361273,-5.078838963228243,3.5622604551596466,509
2024_2024-05-18_day1_027_h15,M2b_mean_solar,pooled,2024,15,2.2222222222222214,-0.4115862243377266,-3.9062480944389035,2.4838440719934916,-5.065985902170879,3.5751135162170105,509
2024_2024-05-18_day1_028_h15,M2b_mean_solar,pooled,2024,15,0.5555555555555571,0.4185255066169641,-3.076136363484213,3.313955802948182,-4.235874171216188,4.4052252471717015,509
2024_2024-05-18_day1_029_h15,M2b_mean_solar,pooled,2024,15,0.5555555555555571,-0.6002280066975114,-4.094889876798689,2.2952022896337065,-5.254627684530663,3.386471733857226,509
2024_2024-05-18_day1_030_h15,M2b_mean_solar,pooled,2024,15,-1.1111111111111145,0.2991975526019569,-3.19546431749922,3.194627848933175,-4.355202125231195,4.285897293156694,509
2024_2024-05-18_day1_031_h15,M2b_mean_solar,pooled,2024,15,-1.1111111111111145,-0.1584802537657467,-3.6531421238669237,2.7369500425654714,-4.812879931598899,3.8282194867889907,509
2024_2024-05-18_day1_032_h15,M2b_mean_solar,pooled,2024,15,-0.55555555555555,-0.1485279025690399,-3.643189772670217,2.746902393762178,-4.802927580402192,3.8381718379856973,509
2024_2024-05-18_day1_033_h15,M2b_mean_solar,pooled,2024,15,-1.1111111111111145,-0.1622923497703188,-3.656954219871496,2.733137946560899,-4.816692027603471,3.8244073907844185,509
2024_2024-05-18_day1_000_h30,M2b_mean_solar,pooled,2024,30,1.666666666666668,1.0625159709820815,-2.432145899119096,3.9579462673132992,-3.5918837068510703,5.049215711536819,509
2024_2024-05-18_day1_001_h30,M2b_mean_solar,pooled,2024,30,1.6666666666666643,1.6605904673624097,-1.8340714027387675,4.556020763693628,-2.9938092104707423,5.6472902079171465,509
2024_2024-05-18_day1_002_h30,M2b_mean_solar,pooled,2024,30,2.7777777777777786,1.750010919135199,-1.7446509509659782,4.645441215466417,-2.9043887586979533,5.736710659689936,509
2024_2024-05-18_day1_003_h30,M2b_mean_solar,pooled,2024,30,3.3333333333333357,2.3997069305141467,-1.0949549395870304,5.295137226845364,-2.2546927473190053,6.386406671068884,509
2024_2024-05-18_day1_006_h30,M2b_mean_solar,pooled,2024,30,2.2222222222222214,2.5277640765931455,-0.9668977935080316,5.423194372924364,-2.1266356012400065,6.514463817147883,509
2024_2024-05-18_day1_007_h30,M2b_mean_solar,pooled,2024,30,2.2222222222222214,2.611526686126017,-0.8831351839751602,5.506956982457234,-2.042872991707135,6.598226426680754,509
2024_2024-05-18_day1_008_h30,M2b_mean_solar,pooled,2024,30,1.1111111111111145,0.8052907473191518,-2.6893711227820254,3.7007210436503697,-3.8491089305140003,4.791990487873889,509
2024_2024-05-18_day1_009_h30,M2b_mean_solar,pooled,2024,30,2.7777777777777786,1.49574621590698,-1.998915654194197,4.391176512238198,-3.158653461926172,5.482445956461717,509
2024_2024-05-18_day1_010_h30,M2b_mean_solar,pooled,2024,30,1.1111111111111072,2.0790218810877747,-1.4156399890134024,4.974452177418993,-2.5753777967453773,6.065721621642512,509
2024_2024-05-18_day1_011_h30,M2b_mean_solar,pooled,2024,30,0.5555555555555571,1.4332551383839751,-2.0614067317172022,4.328685434715193,-3.2211445394491767,5.419954878938713,509
2024_2024-05-18_day1_012_h30,M2b_mean_solar,pooled,2024,30,3.3333333333333357,1.599649759459315,-1.895012110641862,4.495080055790533,-3.0547499183738367,5.586349500014053,509
2024_2024-05-18_day1_013_h30,M2b_mean_solar,pooled,2024,30,0.5555555555555571,0.9392992353502024,-2.5553626347509746,3.8347295316814205,-3.7151004424829495,4.92599897590494,509
2024_2024-05-18_day1_014_h30,M2b_mean_solar,pooled,2024,30,2.7777777777777786,1.4412183911891354,-2.0534434789120417,4.336648687520354,-3.2131812866440166,5.427918131743873,509
2024_2024-05-18_day1_015_h30,M2b_mean_solar,pooled,2024,30,4.444444444444443,1.5772204986644902,-1.917441371436687,4.472650794995708,-3.077179179168662,5.563920239219227,509
2024_2024-05-18_day1_016_h30,M2b_mean_solar,pooled,2024,30,0.5555555555555571,0.6741470275033817,-2.8205148425977953,3.5695773238346,-3.98025265032977,4.660846768058119,509
2024_2024-05-18_day1_017_h30,M2b_mean_solar,pooled,2024,30,-0.5555555555555571,1.2382795418039398,-2.2563823282972373,4.133709838135157,-3.416120136029212,5.224979282358677,509
2024_2024-05-18_day1_018_h30,M2b_mean_solar,pooled,2024,30,1.6666666666666643,0.6147443700932985,-2.8799175000078785,3.5101746664245166,-4.039655307739854,4.6014441106480355,509
2024_2024-05-18_day1_019_h30,M2b_mean_solar,pooled,2024,30,3.8888888888888857,0.6919533118310887,-2.8027085582700884,3.5873836081623067,-3.9624463660020632,4.678653052385826,509
2024_2024-05-18_day1_020_h30,M2b_mean_solar,pooled,2024,30,0.5555555555555571,1.0066077914923324,-2.4880540786088448,3.9020380878235503,-3.6477918863408196,4.993307532047069,509
2024_2024-05-18_day1_021_h30,M2b_mean_solar,pooled,2024,30,-0.55555555555555,0.8530791640991365,-2.6415827060020405,3.7485094604303546,-3.8013205137340154,4.8397789046538735,509
2024_2024-05-18_day1_022_h30,M2b_mean_solar,pooled,2024,30,1.6666666666666643,0.2850340546459685,-3.2096278154552085,3.1804643509771866,-4.369365623187184,4.2717337952007055,509
2024_2024-05-18_day1_023_h30,M2b_mean_solar,pooled,2024,30,2.2222222222222214,0.8304895765425061,-2.664172293558671,3.725919872873724,-3.823910101290646,4.8171893170972435,509
2024_2024-05-18_day1_024_h30,M2b_mean_solar,pooled,2024,30,0.0,1.8273535052718937,-1.6673083648292835,4.722783801603112,-2.8270461725612583,5.814053245826631,509
2024_2024-05-18_day1_025_h30,M2b_mean_solar,pooled,2024,30,-2.7777777777777786,-0.0853141921710293,-3.5799760622722063,2.8101161041601888,-4.739713870004182,3.901385548383708,509
2024_2024-05-18_day1_026_h30,M2b_mean_solar,pooled,2024,30,0.5555555555555571,-1.2344394905637075,-4.729101360664885,1.6609908057675105,-5.88883916839686,2.75226024999103,509
2024_2024-05-18_day1_027_h30,M2b_mean_solar,pooled,2024,30,2.7777777777777786,0.0102138806089532,-3.484447989492224,2.905644176940171,-4.644185797224199,3.9969136211636904,509
2024_2024-05-18_day1_028_h30,M2b_mean_solar,pooled,2024,30,1.1111111111111145,-0.3326932844708549,-3.827355154572032,2.562737011860363,-4.987092962304007,3.6540064560838825,509
2024_2024-05-18_day1_029_h30,M2b_mean_solar,pooled,2024,30,-0.5555555555555571,-0.4189098380147827,-3.91357170811596,2.4765204583164353,-5.073309515847935,3.5677899025399546,509
2024_2024-05-18_day1_030_h30,M2b_mean_solar,pooled,2024,30,-2.2222222222222285,0.0024442450297258,-3.492217625071451,2.897874541360944,-4.651955432803426,3.9891439855844633,509
2024_2024-05-18_day1_031_h30,M2b_mean_solar,pooled,2024,30,-1.6666666666666643,-0.5428392865491415,-4.037501156650318,2.3525910097820764,-5.197238964382294,3.4438604540055957,509
2024_2024-05-18_day1_032_h30,M2b_mean_solar,pooled,2024,30,-1.6666666666666643,-0.5283350652708713,-4.022996935372048,2.367095231060347,-5.182734743104024,3.458364675283866,509
2024_2024-05-18_day1_000_h60,M2b_mean_solar,pooled,2024,60,4.444444444444446,3.3448033220728624,-0.14985854802831478,6.24023361840408,-1.3095963557602897,7.3315030626276,509
2024_2024-05-18_day1_001_h60,M2b_mean_solar,pooled,2024,60,5.0,4.929509216428933,1.4348473463277558,7.824939512760151,0.2751095385957809,8.91620895698367,509
2024_2024-05-18_day1_004_h60,M2b_mean_solar,pooled,2024,60,5.555555555555554,5.981465314324432,2.486803444223255,8.87689561065565,1.3270656364912803,9.968165054879169,509
2024_2024-05-18_day1_005_h60,M2b_mean_solar,pooled,2024,60,4.444444444444443,5.257668230034271,1.7630063599330943,8.15309852636549,0.6032685522011194,9.244367970589009,509
2024_2024-05-18_day1_006_h60,M2b_mean_solar,pooled,2024,60,3.3333333333333357,3.872759009825859,0.37809713972468195,6.768189306157077,-0.7816406680072929,7.859458750380597,509
2024_2024-05-18_day1_007_h60,M2b_mean_solar,pooled,2024,60,5.0,4.848454199457429,1.3537923293562515,7.743884495788647,0.1940545216242766,8.835153940012166,509
2024_2024-05-18_day1_008_h60,M2b_mean_solar,pooled,2024,60,2.2222222222222214,3.2987444412565736,-0.1959174288446035,6.194174737587792,-1.3556552365765784,7.285444181811311,509
2024_2024-05-18_day1_009_h60,M2b_mean_solar,pooled,2024,60,3.3333333333333357,3.454450895104318,-0.04021097499685933,6.349881191435536,-1.1999487827288342,7.441150635659055,509
2024_2024-05-18_day1_010_h60,M2b_mean_solar,pooled,2024,60,4.444444444444443,4.188801210937843,0.6941393408366658,7.084231507269061,-0.46559846689530904,8.17550095149258,509
2024_2024-05-18_day1_011_h60,M2b_mean_solar,pooled,2024,60,1.1111111111111145,2.496819164943007,-0.99784270515817,5.3922494612742256,-2.157580512890145,6.4835189054977445,509
2024_2024-05-18_day1_012_h60,M2b_mean_solar,pooled,2024,60,6.111111111111114,3.6252946423062182,0.1306327722050411,6.520724938637436,-1.0291050355269338,7.6119943828609555,509
2024_2024-05-18_day1_013_h60,M2b_mean_solar,pooled,2024,60,5.0,2.69702485460303,-0.7976370154981471,5.5924551509342475,-1.957374823230122,6.683724595157767,509
2024_2024-05-18_day1_014_h60,M2b_mean_solar,pooled,2024,60,3.3333333333333357,2.4406498034570685,-1.0540120666441086,5.336080099788287,-2.2137498743760835,6.427349544011806,509
2024_2024-05-18_day1_015_h60,M2b_mean_solar,pooled,2024,60,3.8888888888888857,3.4943765934777726,-0.00028527662340449567,6.389806889808991,-1.1600230843553794,7.48107633403251,509
2024_2024-05-18_day1_016_h60,M2b_mean_solar,pooled,2024,60,2.2222222222222214,1.253179294256008,-2.2414825758451693,4.148609590587226,-3.4012203835771437,5.239879034810746,509
2024_2024-05-18_day1_017_h60,M2b_mean_solar,pooled,2024,60,3.3333333333333286,1.9281238915590275,-1.5665379785421496,4.823554187890245,-2.7262757862741243,5.914823632113765,509
2024_2024-05-18_day1_018_h60,M2b_mean_solar,pooled,2024,60,2.2222222222222214,1.8774879286912496,-1.6171739414099275,4.772918225022467,-2.7769117491419024,5.864187669245987,509
2024_2024-05-18_day1_019_h60,M2b_mean_solar,pooled,2024,60,3.3333333333333357,2.0138938060017697,-1.4807680640994074,4.909324102332988,-2.6405058718313823,6.000593546556507,509
2024_2024-05-18_day1_020_h60,M2b_mean_solar,pooled,2024,60,2.2222222222222214,1.379250683629592,-2.115411186471585,4.274680979960809,-3.27514899420356,5.365950424184329,509
2024_2024-05-18_day1_021_h60,M2b_mean_solar,pooled,2024,60,1.6666666666666714,1.8487743811296975,-1.6458874889714796,4.744204677460916,-2.8056252967034547,5.835474121684435,509
2024_2024-05-18_day1_022_h60,M2b_mean_solar,pooled,2024,60,1.6666666666666643,2.7290074424180872,-0.7656544276830899,5.624437738749306,-1.9253922354150648,6.7157071829728245,509
2024_2024-05-18_day1_023_h60,M2b_mean_solar,pooled,2024,60,-0.5555555555555571,0.9709928553666044,-2.5236690147345726,3.8664231516978225,-3.6834068224665475,4.957692595921341,509
2024_2024-05-18_day1_024_h60,M2b_mean_solar,pooled,2024,60,0.5555555555555571,0.4900859266447448,-3.004575943456432,3.385516222975963,-4.164313751188407,4.476785667199482,509
2024_2024-05-18_day1_025_h60,M2b_mean_solar,pooled,2024,60,0.0,-0.4823100356576397,-3.9769719057588166,2.4131202606735784,-5.1367097134907915,3.504389704897098,509
2024_2024-05-18_day1_026_h60,M2b_mean_solar,pooled,2024,60,1.6666666666666714,-1.9443728055461391,-5.439034675647316,0.9510574907850788,-6.598772483379291,2.042326935008598,509
2024_2024-05-18_day1_027_h60,M2b_mean_solar,pooled,2024,60,2.2222222222222214,-0.3024866056013742,-3.797148475702551,2.592943690729844,-4.956886283434526,3.684213134953363,509
2024_2024-05-18_day1_028_h60,M2b_mean_solar,pooled,2024,60,-1.1111111111111145,-0.2155252067423203,-3.7101870768434972,2.679905089588898,-4.869924884575473,3.771174533812417,509
2024_2024-05-18_day1_029_h60,M2b_mean_solar,pooled,2024,60,-2.2222222222222214,-1.205065165569325,-4.699727035670502,1.690365130761893,-5.859464843402477,2.7816345749854126,509
2024_2024-05-18_day1_030_h60,M2b_mean_solar,pooled,2024,60,-3.888888888888893,-0.8024067154573438,-4.297068585558521,2.093023580873874,-5.4568063932904955,3.1842930250973938,509
2024_2024-05-18_day1_002_h90,M2b_mean_solar,pooled,2024,90,8.333333333333332,9.7316527176408,6.236990847539623,12.627083013972019,5.0772530398076485,13.718352458195538,509
2024_2024-05-18_day1_003_h90,M2b_mean_solar,pooled,2024,90,7.777777777777779,9.77659022485958,6.281928354758403,12.672020521190799,5.122190547026428,13.763289965414318,509
2024_2024-05-18_day1_004_h90,M2b_mean_solar,pooled,2024,90,7.777777777777775,10.614761950663304,7.120100080562127,13.510192246994523,5.960362272830152,14.601461691218041,509
2024_2024-05-18_day1_005_h90,M2b_mean_solar,pooled,2024,90,6.666666666666664,9.718090105591711,6.223428235490534,12.61352040192293,5.0636904277585595,13.704789846146449,509
2024_2024-05-18_day1_006_h90,M2b_mean_solar,pooled,2024,90,4.444444444444443,7.001584929743753,3.5069230596425762,9.897015226074972,2.3471852519106013,10.98828467029849,509
2024_2024-05-18_day1_007_h90,M2b_mean_solar,pooled,2024,90,5.555555555555557,7.161176288162592,3.6665144180614146,10.05660658449381,2.5067766103294398,11.147876028717329,509
2024_2024-05-18_day1_008_h90,M2b_mean_solar,pooled,2024,90,5.555555555555557,5.294497133451985,1.7998352633508081,8.189927429783204,0.6400974556188332,9.281196874006723,509
2024_2024-05-18_day1_009_h90,M2b_mean_solar,pooled,2024,90,3.888888888888893,4.493619036011951,0.9989571659107734,7.389049332343168,-0.16078064182120144,8.480318776566687,509
2024_2024-05-18_day1_010_h90,M2b_mean_solar,pooled,2024,90,7.222222222222221,6.203941456810757,2.7092795867095796,9.099371753141975,1.5495417789776047,10.190641197365494,509
2024_2024-05-18_day1_011_h90,M2b_mean_solar,pooled,2024,90,5.555555555555557,4.146993022530591,0.6523311524294138,7.042423318861809,-0.5074066553025611,8.133692763085328,509
2024_2024-05-18_day1_012_h90,M2b_mean_solar,pooled,2024,90,6.666666666666671,4.509765809580452,1.0151039394792751,7.405196105911671,-0.14463386825269975,8.49646555013519,509
2024_2024-05-18_day1_013_h90,M2b_mean_solar,pooled,2024,90,4.444444444444443,4.281476134250869,0.7868142641496916,7.176906430582086,-0.3729235435822833,8.268175874805607,509
2024_2024-05-18_day1_014_h90,M2b_mean_solar,pooled,2024,90,5.0,2.949783135168746,-0.5448787349324311,5.845213431499964,-1.704616542664406,6.936482875723483,509
2024_2024-05-18_day1_015_h90,M2b_mean_solar,pooled,2024,90,7.7777777777777715,4.176647498129765,0.6819856280285879,7.0720777944609825,-0.477752179703387,8.163347238684501,509
2024_2024-05-18_day1_016_h90,M2b_mean_solar,pooled,2024,90,2.7777777777777786,2.369664378747038,-1.1249974913541392,5.265094675078256,-2.284735299086114,6.356364119301775,509
2024_2024-05-18_day1_017_h90,M2b_mean_solar,pooled,2024,90,2.7777777777777786,3.1213465444786315,-0.37331532562254566,6.016776840809849,-1.5330531333545205,7.108046285033369,509
2024_2024-05-18_day1_018_h90,M2b_mean_solar,pooled,2024,90,3.8888888888888857,2.1167115833126178,-1.3779502867885594,5.012141879643836,-2.5376880945205342,6.1034113238673555,509
2024_2024-05-18_day1_019_h90,M2b_mean_solar,pooled,2024,90,5.555555555555557,3.2470713866582552,-0.2475904834429219,6.142501682989473,-1.4073282911748968,7.233771127212993,509
2024_2024-05-18_day1_020_h90,M2b_mean_solar,pooled,2024,90,2.2222222222222214,4.300844756467638,0.8061828863664613,7.196275052798857,-0.3535549213655136,8.287544497022376,509
2024_2024-05-18_day1_021_h90,M2b_mean_solar,pooled,2024,90,-1.1111111111111072,2.0144870095869005,-1.4801748605142766,4.9099173059181185,-2.6399126682462515,6.001186750141638,509
2024_2024-05-18_day1_022_h90,M2b_mean_solar,pooled,2024,90,2.2222222222222214,1.2180744034252435,-2.2765874666759336,4.1135046997564615,-3.4363252744079085,5.20477414397998,509
2024_2024-05-18_day1_023_h90,M2b_mean_solar,pooled,2024,90,2.2222222222222214,1.0633134754340705,-2.431348394667107,3.9587437717652882,-3.5910862023990813,5.050013215988808,509
2024_2024-05-18_day1_024_h90,M2b_mean_solar,pooled,2024,90,1.6666666666666714,0.4738272140899764,-3.0208346560112007,3.3692575104211944,-4.180572463743175,4.460526954644713,509
2024_2024-05-18_day1_025_h90,M2b_mean_solar,pooled,2024,90,-0.5555555555555571,-0.6341415829803831,-4.12880345308156,2.261288713350835,-5.288541260813535,3.352558157574354,509
2024_2024-05-18_day1_026_h90,M2b_mean_solar,pooled,2024,90,-0.5555555555555571,-1.3219245611129495,-4.816586431214127,1.5735057352182684,-5.976324238946102,2.6647751794417878,509
2024_2024-05-18_day1_027_h90,M2b_mean_solar,pooled,2024,90,0.5555555555555571,-0.2816443216225948,-3.776306191723772,2.613785974708623,-4.936043999455746,3.7050554189321425,509
2024_2024-05-18_day1_028_h90,M2b_mean_solar,pooled,2024,90,-2.7777777777777786,-0.2375178638663433,-3.7321797339675205,2.6579124324648746,-4.891917541699495,3.749181876688394,509
2024_2024-05-18_day1_000_h120,M2b_mean_solar,pooled,2024,120,10.0,11.93451329889489,8.439851428793713,14.829943595226108,7.280113621061738,15.921213039449627,509
2024_2024-05-18_day1_001_h120,M2b_mean_solar,pooled,2024,120,9.444444444444445,12.879803611310566,9.385141741209388,15.775233907641784,8.225403933477413,16.866503351865305,509
2024_2024-05-18_day1_002_h120,M2b_mean_solar,pooled,2024,120,10.555555555555554,14.10151365539025,10.606851785289072,16.996943951721466,9.447113977557098,18.088213395944987,509
2024_2024-05-18_day1_003_h120,M2b_mean_solar,pooled,2024,120,10.0,14.134831793946011,10.640169923844834,17.03026209027723,9.480432116112858,18.121531534500747,509
2024_2024-05-18_day1_004_h120,M2b_mean_solar,pooled,2024,120,8.88888888888889,11.931681874375355,8.437020004274178,14.827112170706574,7.277282196542203,15.918381614930093,509
2024_2024-05-18_day1_005_h120,M2b_mean_solar,pooled,2024,120,9.444444444444445,11.957939789113972,8.463277919012794,14.85337008544519,7.30354011128082,15.94463952966871,509
2024_2024-05-18_day1_006_h120,M2b_mean_solar,pooled,2024,120,7.777777777777779,8.855898411994579,5.361236541893401,11.751328708325797,4.201498734161427,12.842598152549316,509
2024_2024-05-18_day1_007_h120,M2b_mean_solar,pooled,2024,120,6.111111111111114,7.941101509098649,4.446439638997472,10.836531805429868,3.286701831265497,11.927801249653387,509
2024_2024-05-18_day1_008_h120,M2b_mean_solar,pooled,2024,120,8.333333333333336,6.8733172603126835,3.3786553902115064,9.768747556643902,2.2189175824795315,10.86001700086742,509
2024_2024-05-18_day1_009_h120,M2b_mean_solar,pooled,2024,120,8.333333333333336,5.92793136092569,2.433269490824513,8.823361657256909,1.2735316830925383,9.914631101480428,509
2024_2024-05-18_day1_010_h120,M2b_mean_solar,pooled,2024,120,7.777777777777779,6.780514501181207,3.28585263108003,9.675944797512425,2.126114823348055,10.767214241735944,509
2024_2024-05-18_day1_011_h120,M2b_mean_solar,pooled,2024,120,5.0,5.51885623573984,2.0241943656386625,8.414286532071058,0.8644565579066876,9.505555976294577,509
2024_2024-05-18_day1_012_h120,M2b_mean_solar,pooled,2024,120,8.333333333333336,4.793072537384814,1.2984106672836373,7.688502833716033,0.13867285955166242,8.779772277939552,509
2024_2024-05-18_day1_013_h120,M2b_mean_solar,pooled,2024,120,8.333333333333329,4.539046374384195,1.0443845042830175,7.434476670715412,-0.11535330344895733,8.525746114938933,509
2024_2024-05-18_day1_014_h120,M2b_mean_solar,pooled,2024,120,5.555555555555557,4.126844681203558,0.6321828111023806,7.022274977534776,-0.5275549966295943,8.113544421758295,509
2024_2024-05-18_day1_015_h120,M2b_mean_solar,pooled,2024,120,7.222222222222221,5.437602536783148,1.9429406666819706,8.333032833114366,0.7832028589499958,9.424302277337885,509
2024_2024-05-18_day1_016_h120,M2b_mean_solar,pooled,2024,120,4.444444444444443,2.475504512253562,-1.019157357847615,5.37093480858478,-2.17889516557959,6.4622042528082995,509
2024_2024-05-18_day1_017_h120,M2b_mean_solar,pooled,2024,120,5.0,4.377362242682157,0.8827003725809797,7.272792539013375,-0.2770374351509952,8.364061983236894,509
2024_2024-05-18_day1_018_h120,M2b_mean_solar,pooled,2024,120,3.8888888888888857,5.350976744861376,1.8563148747601992,8.246407041192594,0.6965770670282243,9.337676485416115,509
2024_2024-05-18_day1_019_h120,M2b_mean_solar,pooled,2024,120,2.7777777777777786,3.4415026802070505,-0.0531591898941266,6.336932976538268,-1.2128969976261015,7.428202420761788,509
2024_2024-05-18_day1_020_h120,M2b_mean_solar,pooled,2024,120,2.7777777777777786,2.636127499252347,-0.85853437084883,5.531557795583565,-2.018272178580805,6.622827239807084,509
2024_2024-05-18_day1_021_h120,M2b_mean_solar,pooled,2024,120,1.6666666666666714,2.2323477803949068,-1.2623140897062703,5.127778076726125,-2.4220518974382452,6.219047520949644,509
2024_2024-05-18_day1_022_h120,M2b_mean_solar,pooled,2024,120,3.3333333333333357,1.3245128673033717,-2.1701490027978054,4.219943163634589,-3.3298868105297803,5.311212607858109,509
2024_2024-05-18_day1_023_h120,M2b_mean_solar,pooled,2024,120,1.6666666666666643,1.175859992368805,-2.3188018777323722,4.071290288700023,-3.478539685464347,5.162559732923542,509
2024_2024-05-18_day1_024_h120,M2b_mean_solar,pooled,2024,120,-0.5555555555555571,1.649633545049742,-1.8450283250514352,4.54506384138096,-3.00476613278341,5.636333285604479,509
2024_2024-05-18_day1_025_h120,M2b_mean_solar,pooled,2024,120,-2.2222222222222214,-0.6075441328990467,-4.102206003000224,2.287886163432171,-5.261943810732198,3.3791556076556906,509
2024_2024-05-18_day1_026_h120,M2b_mean_solar,pooled,2024,120,-2.2222222222222214,-1.4052246432932147,-4.899886513394392,1.4902056530380032,-6.059624321126367,2.5814750972615226,509
2024_2024-05-18_day1_000_h15,M2b_mean_solar,horizon_specific,2024,15,1.1111111111111145,0.2714877138263454,-1.3391027012181869,1.615028966095061,-1.9543310362548898,2.039676707620861,120
2024_2024-05-18_day1_001_h15,M2b_mean_solar,horizon_specific,2024,15,0.5555555555555536,0.7532739327477657,-0.8573164822967666,2.096815185016481,-1.4725448173334694,2.521462926542281,120
2024_2024-05-18_day1_002_h15,M2b_mean_solar,horizon_specific,2024,15,1.1111111111111107,0.7907307840234562,-0.8198596310210761,2.1342720362921717,-1.4350879660577789,2.5589197778179718,120
2024_2024-05-18_day1_003_h15,M2b_mean_solar,horizon_specific,2024,15,1.666666666666668,0.8046588369498696,-0.8059315780946626,2.148200089218585,-1.4211599131313655,2.572847830744385,120
2024_2024-05-18_day1_004_h15,M2b_mean_solar,horizon_specific,2024,15,1.666666666666668,1.2864332074476763,-0.32415720759685596,2.629974459716392,-0.9393855426335589,3.054622201242192,120
2024_2024-05-18_day1_006_h15,M2b_mean_solar,horizon_specific,2024,15,0.5555555555555571,0.8479284901488308,-0.7626619248957015,2.191469742417546,-1.3778902599324043,2.6161174839433463,120
2024_2024-05-18_day1_007_h15,M2b_mean_solar,horizon_specific,2024,15,1.6666666666666643,1.374913286920047,-0.23567712812448516,2.7184545391887625,-0.8509054631611881,3.1431022807145625,120
2024_2024-05-18_day1_008_h15,M2b_mean_solar,horizon_specific,2024,15,0.5555555555555571,0.8946524276835386,-0.7159379873609937,2.2381936799522544,-1.3311663223976966,2.6628414214780545,120
2024_2024-05-18_day1_009_h15,M2b_mean_solar,horizon_specific,2024,15,0.5555555555555571,-0.0546050572121956,-1.665195472256728,1.28893619505652,-2.2804238072934306,1.71358393658232,120
2024_2024-05-18_day1_010_h15,M2b_mean_solar,horizon_specific,2024,15,2.2222222222222214,1.4049088952853306,-0.20568151975920168,2.7484501475540464,-0.8209098547959046,3.1730978890798465,120
2024_2024-05-18_day1_011_h15,M2b_mean_solar,horizon_specific,2024,15,-1.1111111111111145,0.4053918465168984,-1.2051985685276339,1.748933098785614,-1.8204269035643368,2.173580840311414,120
2024_2024-05-18_day1_012_h15,M2b_mean_solar,horizon_specific,2024,15,1.6666666666666714,0.971985742979524,-0.6386046720650083,2.3155269952482396,-1.2538330071017112,2.7401747367740397,120
2024_2024-05-18_day1_013_h15,M2b_mean_solar,horizon_specific,2024,15,1.6666666666666643,0.4585964018257209,-1.1519940132188113,1.8021376540944365,-1.7672223482555143,2.2267853956202366,120
2024_2024-05-18_day1_014_h15,M2b_mean_solar,horizon_specific,2024,15,-1.1111111111111072,0.4093494868351249,-1.2012409282094074,1.7528907391038404,-1.8164692632461104,2.1775384806296407,120
2024_2024-05-18_day1_015_h15,M2b_mean_solar,horizon_specific,2024,15,3.8888888888888857,0.9645221744710224,-0.6460682405735099,2.308063426739738,-1.2612965756102128,2.732711168265538,120
2024_2024-05-18_day1_016_h15,M2b_mean_solar,horizon_specific,2024,15,0.5555555555555571,0.3430530339836687,-1.2675373810608637,1.6865942862523844,-1.8827657160975666,2.1112420277781845,120
2024_2024-05-18_day1_017_h15,M2b_mean_solar,horizon_specific,2024,15,0.0,0.3244240603510695,-1.2861663546934627,1.667965312619785,-1.9013946897301657,2.092613054145585,120
2024_2024-05-18_day1_018_h15,M2b_mean_solar,horizon_specific,2024,15,-0.5555555555555571,0.8141841799862024,-0.7964062350583299,2.157725432254918,-1.4116345700950328,2.5823731737807183,120
2024_2024-05-18_day1_019_h15,M2b_mean_solar,horizon_specific,2024,15,2.2222222222222214,-0.1297971456338247,-1.740387560678357,1.2137441066348909,-2.3556158957150597,1.638391848160691,120
2024_2024-05-18_day1_020_h15,M2b_mean_solar,horizon_specific,2024,15,1.6666666666666643,0.7213975893914498,-0.8891928256530824,2.0649388416601653,-1.5044211606897853,2.4895865831859654,120
2024_2024-05-18_day1_021_h15,M2b_mean_solar,horizon_specific,2024,15,-1.1111111111111072,0.1637407568581057,-1.4468496581864265,1.5072820091268213,-2.0620779932231295,1.9319297506526214,120
2024_2024-05-18_day1_022_h15,M2b_mean_solar,horizon_specific,2024,15,0.5555555555555571,0.6788811170568959,-0.9317092979876364,2.0224223693256116,-1.5469376330243394,2.4470701108514117,120
2024_2024-05-18_day1_023_h15,M2b_mean_solar,horizon_specific,2024,15,1.1111111111111072,-0.3307219718106272,-1.9413123868551594,1.0128192804580884,-2.5565407218918623,1.4374670219838885,120
2024_2024-05-18_day1_024_h15,M2b_mean_solar,horizon_specific,2024,15,1.1111111111111145,1.0436845659843228,-0.5669058490602095,2.3872258182530386,-1.1821341840969124,2.8118735597788387,120
2024_2024-05-18_day1_025_h15,M2b_mean_solar,horizon_specific,2024,15,-1.1111111111111145,0.5208466391429313,-1.089743775901601,1.864387891411647,-1.704972110938304,2.289035632937447,120
2024_2024-05-18_day1_026_h15,M2b_mean_solar,horizon_specific,2024,15,-1.6666666666666643,-0.4244392853950907,-2.035029700439623,0.9191019668736249,-2.650258035476326,1.343749708399425,120
2024_2024-05-18_day1_027_h15,M2b_mean_solar,horizon_specific,2024,15,2.2222222222222214,-0.4115862243377266,-2.022176639382259,0.9319550279309889,-2.6374049744189616,1.356602769456789,120
2024_2024-05-18_day1_028_h15,M2b_mean_solar,horizon_specific,2024,15,0.5555555555555571,0.4185255066169641,-1.192064908427568,1.7620667588856795,-1.807293243464271,2.1867145004114796,120
2024_2024-05-18_day1_029_h15,M2b_mean_solar,horizon_specific,2024,15,0.5555555555555571,-0.6002280066975114,-2.2108184217420437,0.7433132455712042,-2.8260467567787466,1.1679609870970042,120
2024_2024-05-18_day1_030_h15,M2b_mean_solar,horizon_specific,2024,15,-1.1111111111111145,0.2991975526019569,-1.3113928624425752,1.6427388048706724,-1.9266211974792782,2.0673865463964725,120
2024_2024-05-18_day1_031_h15,M2b_mean_solar,horizon_specific,2024,15,-1.1111111111111145,-0.1584802537657467,-1.7690706688102789,1.1850609985029688,-2.384299003846982,1.6097087400287688,120
2024_2024-05-18_day1_032_h15,M2b_mean_solar,horizon_specific,2024,15,-0.55555555555555,-0.1485279025690399,-1.759118317613572,1.1950133496996758,-2.3743466526502752,1.6196610912254759,120
2024_2024-05-18_day1_033_h15,M2b_mean_solar,horizon_specific,2024,15,-1.1111111111111145,-0.1622923497703188,-1.772882764814851,1.1812489024983968,-2.388111099851554,1.6058966440241969,120
2024_2024-05-18_day1_000_h30,M2b_mean_solar,horizon_specific,2024,30,1.666666666666668,1.0625159709820815,-1.1628314085188982,3.0665272132531802,-2.5396843144337566,3.7601370931631326,113
2024_2024-05-18_day1_001_h30,M2b_mean_solar,horizon_specific,2024,30,1.6666666666666643,1.6605904673624097,-0.56475691213857,3.664601709633508,-1.9416098180534287,4.35821158954346,113
2024_2024-05-18_day1_002_h30,M2b_mean_solar,horizon_specific,2024,30,2.7777777777777786,1.750010919135199,-0.4753364603657808,3.754022161406297,-1.8521893662806395,4.44763204131625,113
2024_2024-05-18_day1_003_h30,M2b_mean_solar,horizon_specific,2024,30,3.3333333333333357,2.3997069305141467,0.17435955101316702,4.403718172785245,-1.2024933549016916,5.097328052695198,113
2024_2024-05-18_day1_006_h30,M2b_mean_solar,horizon_specific,2024,30,2.2222222222222214,2.5277640765931455,0.3024166970921658,4.531775318864244,-1.0744362088226929,5.225385198774196,113
2024_2024-05-18_day1_007_h30,M2b_mean_solar,horizon_specific,2024,30,2.2222222222222214,2.611526686126017,0.3861793066250372,4.615537928397115,-0.9906735992898215,5.309147808307068,113
2024_2024-05-18_day1_008_h30,M2b_mean_solar,horizon_specific,2024,30,1.1111111111111145,0.8052907473191518,-1.420056632181828,2.8093019895902502,-2.7969095380966866,3.5029118695002026,113
2024_2024-05-18_day1_009_h30,M2b_mean_solar,horizon_specific,2024,30,2.7777777777777786,1.49574621590698,-0.7296011635939996,3.4997574581780784,-2.1064540695088585,4.193367338088031,113
2024_2024-05-18_day1_010_h30,M2b_mean_solar,horizon_specific,2024,30,1.1111111111111072,2.0790218810877747,-0.14632549841320497,4.083033123358874,-1.5231784043280636,4.776643003268825,113
2024_2024-05-18_day1_011_h30,M2b_mean_solar,horizon_specific,2024,30,0.5555555555555571,1.4332551383839751,-0.7920922411170046,3.437266380655074,-2.168945147031863,4.130876260565026,113
2024_2024-05-18_day1_012_h30,M2b_mean_solar,horizon_specific,2024,30,3.3333333333333357,1.599649759459315,-0.6256976200416646,3.603661001730414,-2.002550525956523,4.297270881640366,113
2024_2024-05-18_day1_013_h30,M2b_mean_solar,horizon_specific,2024,30,0.5555555555555571,0.9392992353502024,-1.2860481441507772,2.943310477621301,-2.662901050065636,3.6369203575312534,113
2024_2024-05-18_day1_014_h30,M2b_mean_solar,horizon_specific,2024,30,2.7777777777777786,1.4412183911891354,-0.7841289883118443,3.445229633460234,-2.160981894226703,4.138839513370186,113
2024_2024-05-18_day1_015_h30,M2b_mean_solar,horizon_specific,2024,30,4.444444444444443,1.5772204986644902,-0.6481268808364895,3.5812317409355887,-2.024979786751348,4.274841620845541,113
2024_2024-05-18_day1_016_h30,M2b_mean_solar,horizon_specific,2024,30,0.5555555555555571,0.6741470275033817,-1.5512003519975979,2.6781582697744803,-2.9280532579124565,3.3717681496844327,113
2024_2024-05-18_day1_017_h30,M2b_mean_solar,horizon_specific,2024,30,-0.5555555555555571,1.2382795418039398,-0.9870678376970399,3.2422907840750383,-2.3639207436118985,3.9359006639849907,113
2024_2024-05-18_day1_018_h30,M2b_mean_solar,horizon_specific,2024,30,1.6666666666666643,0.6147443700932985,-1.610603009407681,2.618755612364397,-2.9874559153225397,3.3123654922743495,113
2024_2024-05-18_day1_019_h30,M2b_mean_solar,horizon_specific,2024,30,3.8888888888888857,0.6919533118310887,-1.533394067669891,2.6959645541021873,-2.9102469735847496,3.3895744340121396,113
2024_2024-05-18_day1_020_h30,M2b_mean_solar,horizon_specific,2024,30,0.5555555555555571,1.0066077914923324,-1.2187395880086473,3.010619033763431,-2.595592493923506,3.7042289136733832,113
2024_2024-05-18_day1_021_h30,M2b_mean_solar,horizon_specific,2024,30,-0.55555555555555,0.8530791640991365,-1.372268215401843,2.857090406370235,-2.7491211213167017,3.5507002862801875,113
2024_2024-05-18_day1_022_h30,M2b_mean_solar,horizon_specific,2024,30,1.6666666666666643,0.2850340546459685,-1.9403133248550113,2.289045296917067,-3.3171662307698697,2.9826551768270195,113
2024_2024-05-18_day1_023_h30,M2b_mean_solar,horizon_specific,2024,30,2.2222222222222214,0.8304895765425061,-1.3948578029584735,2.8345008188136047,-2.771710708873332,3.528110698723557,113
2024_2024-05-18_day1_024_h30,M2b_mean_solar,horizon_specific,2024,30,0.0,1.8273535052718937,-0.39799387422908605,3.831364747542992,-1.7748467801439447,4.524974627452945,113
2024_2024-05-18_day1_025_h30,M2b_mean_solar,horizon_specific,2024,30,-2.7777777777777786,-0.0853141921710293,-2.310661571672009,1.9186970501000693,-3.6875144775868676,2.6123069300100217,113
2024_2024-05-18_day1_026_h30,M2b_mean_solar,horizon_specific,2024,30,0.5555555555555571,-1.2344394905637075,-3.459786870064687,0.769571751707391,-4.836639775979545,1.4631816316173434,113
2024_2024-05-18_day1_027_h30,M2b_mean_solar,horizon_specific,2024,30,2.7777777777777786,0.0102138806089532,-2.2151334988920266,2.0142251228800516,-3.5919864048068852,2.707835002790004,113
2024_2024-05-18_day1_028_h30,M2b_mean_solar,horizon_specific,2024,30,1.1111111111111145,-0.3326932844708549,-2.5580406639718345,1.6713179578002437,-3.934893569886693,2.364927837710196,113
2024_2024-05-18_day1_029_h30,M2b_mean_solar,horizon_specific,2024,30,-0.5555555555555571,-0.4189098380147827,-2.6442572175157624,1.5851014042563158,-4.0211101234306215,2.2787112841662682,113
2024_2024-05-18_day1_030_h30,M2b_mean_solar,horizon_specific,2024,30,-2.2222222222222285,0.0024442450297258,-2.2229031344712538,2.0064554873008245,-3.5997560403861124,2.700065367210777,113
2024_2024-05-18_day1_031_h30,M2b_mean_solar,horizon_specific,2024,30,-1.6666666666666643,-0.5428392865491415,-2.7681866660501213,1.461171955721957,-4.14503957196498,2.1547818356319093,113
2024_2024-05-18_day1_032_h30,M2b_mean_solar,horizon_specific,2024,30,-1.6666666666666643,-0.5283350652708713,-2.753682444771851,1.4756761770002274,-4.13053535068671,2.1692860569101797,113
2024_2024-05-18_day1_000_h60,M2b_mean_solar,horizon_specific,2024,60,4.444444444444446,3.3448033220728624,-0.29210246917927707,6.79116123532485,-1.80693883346808,7.407003871091192,98
2024_2024-05-18_day1_001_h60,M2b_mean_solar,horizon_specific,2024,60,5.0,4.929509216428933,1.2926034251767935,8.375867129680922,-0.22223293911200948,8.991709765447261,98
2024_2024-05-18_day1_004_h60,M2b_mean_solar,horizon_specific,2024,60,5.555555555555554,5.981465314324432,2.344559523072293,9.42782322757642,0.8297231587834899,10.043665863342762,98
2024_2024-05-18_day1_005_h60,M2b_mean_solar,horizon_specific,2024,60,4.444444444444443,5.257668230034271,1.620762438782132,8.70402614328626,0.10592607449332903,9.319868779052602,98
2024_2024-05-18_day1_006_h60,M2b_mean_solar,horizon_specific,2024,60,3.3333333333333357,3.872759009825859,0.23585321857371966,7.319116923077847,-1.2789831457150833,7.934959558844188,98
2024_2024-05-18_day1_007_h60,M2b_mean_solar,horizon_specific,2024,60,5.0,4.848454199457429,1.2115484082052892,8.294812112709417,-0.3032879560835138,8.910654748475757,98
2024_2024-05-18_day1_008_h60,M2b_mean_solar,horizon_specific,2024,60,2.2222222222222214,3.2987444412565736,-0.3381613499955658,6.745102354508562,-1.8529977142843688,7.360944990274903,98
2024_2024-05-18_day1_009_h60,M2b_mean_solar,horizon_specific,2024,60,3.3333333333333357,3.454450895104318,-0.18245489614782162,6.900808808356306,-1.6972912604366246,7.5166514441226475,98
2024_2024-05-18_day1_010_h60,M2b_mean_solar,horizon_specific,2024,60,4.444444444444443,4.188801210937843,0.5518954196857035,7.635159124189832,-0.9629409446030994,8.251001759956171,98
2024_2024-05-18_day1_011_h60,M2b_mean_solar,horizon_specific,2024,60,1.1111111111111145,2.496819164943007,-1.1400866263091323,5.943177078194996,-2.6549229905979352,6.559019713961336,98
2024_2024-05-18_day1_012_h60,M2b_mean_solar,horizon_specific,2024,60,6.111111111111114,3.6252946423062182,-0.01161114894592119,7.071652555558206,-1.5264475132347242,7.6874951913245475,98
2024_2024-05-18_day1_013_h60,M2b_mean_solar,horizon_specific,2024,60,5.0,2.69702485460303,-0.9398809366491094,6.143382767855018,-2.4547173009379124,6.759225403621359,98
2024_2024-05-18_day1_014_h60,M2b_mean_solar,horizon_specific,2024,60,3.3333333333333357,2.4406498034570685,-1.196255987795071,5.887007716709057,-2.711092352083874,6.502850352475398,98
2024_2024-05-18_day1_015_h60,M2b_mean_solar,horizon_specific,2024,60,3.8888888888888857,3.4943765934777726,-0.1425291977743668,6.940734506729761,-1.6573655620631698,7.556577142496102,98
2024_2024-05-18_day1_016_h60,M2b_mean_solar,horizon_specific,2024,60,2.2222222222222214,1.253179294256008,-2.3837264969961316,4.699537207507996,-3.898562861284934,5.3153798432743375,98
2024_2024-05-18_day1_017_h60,M2b_mean_solar,horizon_specific,2024,60,3.3333333333333286,1.9281238915590275,-1.708781899693112,5.3744818048110155,-3.2236182639819146,5.990324440577357,98
2024_2024-05-18_day1_018_h60,M2b_mean_solar,horizon_specific,2024,60,2.2222222222222214,1.8774879286912496,-1.7594178625608898,5.323845841943237,-3.274254226849693,5.939688477709579,98
2024_2024-05-18_day1_019_h60,M2b_mean_solar,horizon_specific,2024,60,3.3333333333333357,2.0138938060017697,-1.6230119852503697,5.460251719253758,-3.1378483495391727,6.076094355020099,98
2024_2024-05-18_day1_020_h60,M2b_mean_solar,horizon_specific,2024,60,2.2222222222222214,1.379250683629592,-2.2576551076225475,4.82560859688158,-3.7724914719113505,5.441451232647921,98
2024_2024-05-18_day1_021_h60,M2b_mean_solar,horizon_specific,2024,60,1.6666666666666714,1.8487743811296975,-1.788131410122442,5.295132294381686,-3.302967774411245,5.9109749301480266,98
2024_2024-05-18_day1_022_h60,M2b_mean_solar,horizon_specific,2024,60,1.6666666666666643,2.7290074424180872,-0.9078983488340522,6.175365355670076,-2.422734713122855,6.7912079914364165,98
2024_2024-05-18_day1_023_h60,M2b_mean_solar,horizon_specific,2024,60,-0.5555555555555571,0.9709928553666044,-2.665912935885535,4.417350768618593,-4.180749300174338,5.033193404384933,98
2024_2024-05-18_day1_024_h60,M2b_mean_solar,horizon_specific,2024,60,0.5555555555555571,0.4900859266447448,-3.1468198646073944,3.936443839896733,-4.661656228896198,4.552286475663074,98
2024_2024-05-18_day1_025_h60,M2b_mean_solar,horizon_specific,2024,60,0.0,-0.4823100356576397,-4.119215826909779,2.9640478775943486,-5.634052191198582,3.5798905133606898,98
2024_2024-05-18_day1_026_h60,M2b_mean_solar,horizon_specific,2024,60,1.6666666666666714,-1.9443728055461391,-5.5812785967982785,1.501985107705849,-7.096114961087082,2.11782774347219,98
2024_2024-05-18_day1_027_h60,M2b_mean_solar,horizon_specific,2024,60,2.2222222222222214,-0.3024866056013742,-3.9393923968535134,3.143871307650614,-5.454228761142317,3.759713943416955,98
2024_2024-05-18_day1_028_h60,M2b_mean_solar,horizon_specific,2024,60,-1.1111111111111145,-0.2155252067423203,-3.8524309979944595,3.230832706509668,-5.367267362283263,3.846675342276009,98
2024_2024-05-18_day1_029_h60,M2b_mean_solar,horizon_specific,2024,60,-2.2222222222222214,-1.205065165569325,-4.841970956821465,2.241292747682663,-6.356807321110267,2.8571353834490045,98
2024_2024-05-18_day1_030_h60,M2b_mean_solar,horizon_specific,2024,60,-3.888888888888893,-0.8024067154573438,-4.439312506709483,2.643951197794644,-5.954148870998286,3.2597938335609857,98
2024_2024-05-18_day1_002_h90,M2b_mean_solar,horizon_specific,2024,90,8.333333333333332,9.7316527176408,5.684345236684125,13.655701892972955,4.056686342972782,14.512801989109912,90
2024_2024-05-18_day1_003_h90,M2b_mean_solar,horizon_specific,2024,90,7.777777777777779,9.77659022485958,5.729282743902905,13.700639400191735,4.101623850191562,14.557739496328692,90
2024_2024-05-18_day1_004_h90,M2b_mean_solar,horizon_specific,2024,90,7.777777777777775,10.614761950663304,6.567454469706629,14.538811125995458,4.939795575995285,15.395911222132415,90
2024_2024-05-18_day1_005_h90,M2b_mean_solar,horizon_specific,2024,90,6.666666666666664,9.718090105591711,5.670782624635036,13.642139280923866,4.043123730923693,14.499239377060823,90
2024_2024-05-18_day1_006_h90,M2b_mean_solar,horizon_specific,2024,90,4.444444444444443,7.001584929743753,2.954277448787078,10.925634105075908,1.3266185550757346,11.782734201212865,90
2024_2024-05-18_day1_007_h90,M2b_mean_solar,horizon_specific,2024,90,5.555555555555557,7.161176288162592,3.1138688072059164,11.085225463494746,1.486209913494573,11.942325559631703,90
2024_2024-05-18_day1_008_h90,M2b_mean_solar,horizon_specific,2024,90,5.555555555555557,5.294497133451985,1.2471896524953099,9.21854630878414,-0.38046924121603354,10.075646404921097,90
2024_2024-05-18_day1_009_h90,M2b_mean_solar,horizon_specific,2024,90,3.888888888888893,4.493619036011951,0.4463115550552752,8.417668211344106,-1.1813473386560682,9.274768307481061,90
2024_2024-05-18_day1_010_h90,M2b_mean_solar,horizon_specific,2024,90,7.222222222222221,6.203941456810757,2.1566339758540813,10.127990632142911,0.5289750821427379,10.985090728279868,90
2024_2024-05-18_day1_011_h90,M2b_mean_solar,horizon_specific,2024,90,5.555555555555557,4.146993022530591,0.09968554157391551,8.071042197862745,-1.527973352137428,8.928142293999702,90
2024_2024-05-18_day1_012_h90,M2b_mean_solar,horizon_specific,2024,90,6.666666666666671,4.509765809580452,0.4624583286237769,8.433814984912607,-1.1652005650875665,9.290915081049564,90
2024_2024-05-18_day1_013_h90,M2b_mean_solar,horizon_specific,2024,90,4.444444444444443,4.281476134250869,0.23416865329419334,8.205525309583024,-1.39349024041715,9.06262540571998,90
2024_2024-05-18_day1_014_h90,M2b_mean_solar,horizon_specific,2024,90,5.0,2.949783135168746,-1.0975243457879293,6.873832310500901,-2.7251832394992728,7.730932406637857,90
2024_2024-05-18_day1_015_h90,M2b_mean_solar,horizon_specific,2024,90,7.7777777777777715,4.176647498129765,0.12934001717308963,8.10069667346192,-1.4983188765382538,8.957796769598875,90
2024_2024-05-18_day1_016_h90,M2b_mean_solar,horizon_specific,2024,90,2.7777777777777786,2.369664378747038,-1.6776431022096374,6.293713554079193,-3.305301995920981,7.150813650216149,90
2024_2024-05-18_day1_017_h90,M2b_mean_solar,horizon_specific,2024,90,2.7777777777777786,3.1213465444786315,-0.9259609364780439,7.045395719810786,-2.5536198301893873,7.902495815947743,90
2024_2024-05-18_day1_018_h90,M2b_mean_solar,horizon_specific,2024,90,3.8888888888888857,2.1167115833126178,-1.9305958976440576,6.0407607586447725,-3.558254791355401,6.8978608547817295,90
2024_2024-05-18_day1_019_h90,M2b_mean_solar,horizon_specific,2024,90,5.555555555555557,3.2470713866582552,-0.8002360942984201,7.17112056199041,-2.4278949880097636,8.028220658127367,90
2024_2024-05-18_day1_020_h90,M2b_mean_solar,horizon_specific,2024,90,2.2222222222222214,4.300844756467638,0.25353727551096306,8.224893931799793,-1.3741216182003804,9.08199402793675,90
2024_2024-05-18_day1_021_h90,M2b_mean_solar,horizon_specific,2024,90,-1.1111111111111072,2.0144870095869005,-2.032820471369775,5.938536184919055,-3.6604793650811183,6.795636281056012,90
2024_2024-05-18_day1_022_h90,M2b_mean_solar,horizon_specific,2024,90,2.2222222222222214,1.2180744034252435,-2.829233077531432,5.142123578757398,-4.456891971242776,5.999223674894354,90
2024_2024-05-18_day1_023_h90,M2b_mean_solar,horizon_specific,2024,90,2.2222222222222214,1.0633134754340705,-2.9839940055226046,4.987362650766225,-4.611652899233948,5.844462746903182,90
2024_2024-05-18_day1_024_h90,M2b_mean_solar,horizon_specific,2024,90,1.6666666666666714,0.4738272140899764,-3.573480266866699,4.397876389422131,-5.201139160578043,5.254976485559087,90
2024_2024-05-18_day1_025_h90,M2b_mean_solar,horizon_specific,2024,90,-0.5555555555555571,-0.6341415829803831,-4.681449063937059,3.2899075923517715,-6.309107957648402,4.147007688488728,90
2024_2024-05-18_day1_026_h90,M2b_mean_solar,horizon_specific,2024,90,-0.5555555555555571,-1.3219245611129495,-5.3692320420696245,2.602124614219205,-6.996890935780968,3.4592247103561617,90
2024_2024-05-18_day1_027_h90,M2b_mean_solar,horizon_specific,2024,90,0.5555555555555571,-0.2816443216225948,-4.328951802579271,3.64240485370956,-5.956610696290614,4.499504949846516,90
2024_2024-05-18_day1_028_h90,M2b_mean_solar,horizon_specific,2024,90,-2.7777777777777786,-0.2375178638663433,-4.284825344823019,3.6865313114658114,-5.912484238534362,4.543631407602768,90
2024_2024-05-18_day1_000_h120,M2b_mean_solar,horizon_specific,2024,120,10.0,11.93451329889489,7.195012091001534,15.852716422213344,5.825877754090565,17.324942885349405,88
2024_2024-05-18_day1_001_h120,M2b_mean_solar,horizon_specific,2024,120,9.444444444444445,12.879803611310566,8.14030240341721,16.79800673462902,6.771168066506241,18.27023319776508,88
2024_2024-05-18_day1_002_h120,M2b_mean_solar,horizon_specific,2024,120,10.555555555555554,14.10151365539025,9.362012447496893,18.019716778708705,7.992878110585925,19.491943241844762,88
2024_2024-05-18_day1_003_h120,M2b_mean_solar,horizon_specific,2024,120,10.0,14.134831793946011,9.395330586052655,18.053034917264466,8.026196249141687,19.525261380400526,88
2024_2024-05-18_day1_004_h120,M2b_mean_solar,horizon_specific,2024,120,8.88888888888889,11.931681874375355,7.192180666481999,15.84988499769381,5.823046329571031,17.32211146082987,88
2024_2024-05-18_day1_005_h120,M2b_mean_solar,horizon_specific,2024,120,9.444444444444445,11.957939789113972,7.2184385812206155,15.876142912432426,5.849304244309647,17.348369375568485,88
2024_2024-05-18_day1_006_h120,M2b_mean_solar,horizon_specific,2024,120,7.777777777777779,8.855898411994579,4.116397204101222,12.774101535313033,2.747262867190254,14.246327998449093,88
2024_2024-05-18_day1_007_h120,M2b_mean_solar,horizon_specific,2024,120,6.111111111111114,7.941101509098649,3.2016003012052927,11.859304632417103,1.8324659642943244,13.331531095553164,88
2024_2024-05-18_day1_008_h120,M2b_mean_solar,horizon_specific,2024,120,8.333333333333336,6.8733172603126835,2.133816052419327,10.791520383631138,0.7646817155083587,12.263746846767198,88
2024_2024-05-18_day1_009_h120,M2b_mean_solar,horizon_specific,2024,120,8.333333333333336,5.92793136092569,1.1884301530323338,9.846134484244145,-0.18070418387863452,11.318360947380203,88
2024_2024-05-18_day1_010_h120,M2b_mean_solar,horizon_specific,2024,120,7.777777777777779,6.780514501181207,2.0410132932878504,10.698717624499661,0.6718789563768821,12.170944087635721,88
2024_2024-05-18_day1_011_h120,M2b_mean_solar,horizon_specific,2024,120,5.0,5.51885623573984,0.7793550278464831,9.437059359058294,-0.5897793090644852,10.909285822194352,88
2024_2024-05-18_day1_012_h120,M2b_mean_solar,horizon_specific,2024,120,8.333333333333336,4.793072537384814,0.05357132949145793,8.711275660703269,-1.3155630074195104,10.183502123839329,88
2024_2024-05-18_day1_013_h120,M2b_mean_solar,horizon_specific,2024,120,8.333333333333329,4.539046374384195,-0.20045483350916182,8.457249497702648,-1.5695891704201301,9.929475960838708,88
2024_2024-05-18_day1_014_h120,M2b_mean_solar,horizon_specific,2024,120,5.555555555555557,4.126844681203558,-0.6126565266897988,8.045047804522012,-1.981790863600767,9.51727426765807,88
2024_2024-05-18_day1_015_h120,M2b_mean_solar,horizon_specific,2024,120,7.222222222222221,5.437602536783148,0.6981013288897913,9.355805660101602,-0.671033008021177,10.828032123237662,88
2024_2024-05-18_day1_016_h120,M2b_mean_solar,horizon_specific,2024,120,4.444444444444443,2.475504512253562,-2.2639966956397943,6.393707635572016,-3.6331310325507626,7.865934098708076,88
2024_2024-05-18_day1_017_h120,M2b_mean_solar,horizon_specific,2024,120,5.0,4.377362242682157,-0.3621389652111997,8.295565366000611,-1.731273302122168,9.76779182913667,88
2024_2024-05-18_day1_018_h120,M2b_mean_solar,horizon_specific,2024,120,3.8888888888888857,5.350976744861376,0.6114755369680198,9.26917986817983,-0.7576587999429485,10.74140633131589,88
2024_2024-05-18_day1_019_h120,M2b_mean_solar,horizon_specific,2024,120,2.7777777777777786,3.4415026802070505,-1.297998527686306,7.359705803525505,-2.6671328645972743,8.831932266661564,88
2024_2024-05-18_day1_020_h120,M2b_mean_solar,horizon_specific,2024,120,2.7777777777777786,2.636127499252347,-2.1033737086410094,6.554330622570801,-3.4725080455519777,8.02655708570686,88
2024_2024-05-18_day1_021_h120,M2b_mean_solar,horizon_specific,2024,120,1.6666666666666714,2.2323477803949068,-2.5071534274984497,6.150550903713361,-3.876287764409418,7.62277736684942,88
2024_2024-05-18_day1_022_h120,M2b_mean_solar,horizon_specific,2024,120,3.3333333333333357,1.3245128673033717,-3.414988340589985,5.242715990621826,-4.784122677500953,6.714942453757885,88
2024_2024-05-18_day1_023_h120,M2b_mean_solar,horizon_specific,2024,120,1.6666666666666643,1.175859992368805,-3.5636412155245516,5.094063115687259,-4.93277555243552,6.566289578823318,88
2024_2024-05-18_day1_024_h120,M2b_mean_solar,horizon_specific,2024,120,-0.5555555555555571,1.649633545049742,-3.0898676628436146,5.567836668368196,-4.459001999754583,7.0400631315042554,88
2024_2024-05-18_day1_025_h120,M2b_mean_solar,horizon_specific,2024,120,-2.2222222222222214,-0.6075441328990467,-5.347045340792404,3.3106589904194075,-6.716179677703371,4.782885453555467,88
2024_2024-05-18_day1_026_h120,M2b_mean_solar,horizon_specific,2024,120,-2.2222222222222214,-1.4052246432932147,-6.144725851186571,2.5129784800252395,-7.5138601880975395,3.985204943161299,88
