pair_id,year,session_id,t0_utc,t0_local,future_utc,future_local,requested_horizon_min,actual_horizon_min,horizon_error_min,track_temp_0_c,ambient_temp_0_c,thermal_gap_0_c,track_rate_0_c_per_min,rate_lookback_min,rate_source_utc,rate_source_track_c,rate_valid,future_track_temp_c,future_ambient_temp_c,delta_track_temp_c,delta_ambient_temp_c,source_row_0,source_row_future
2020_2020-08-15_day1_000_h15,2020,2020_2020-08-15_day1,2020-08-15 12:15:00+00:00,2020-08-15 12:15:00+00:00,2020-08-15 12:30:00+00:00,2020-08-15 12:30:00+00:00,15,15.0,0.0,26.666666666666668,21.11111111111111,5.555555555555557,,,,,False,27.22222222222222,21.666666666666668,0.5555555555555536,0.5555555555555571,325,326
2020_2020-08-15_day1_000_h30,2020,2020_2020-08-15_day1,2020-08-15 12:15:00+00:00,2020-08-15 12:15:00+00:00,2020-08-15 12:45:00+00:00,2020-08-15 12:45:00+00:00,30,30.0,0.0,26.666666666666668,21.11111111111111,5.555555555555557,,,,,False,27.77777777777778,22.22222222222222,1.1111111111111107,1.1111111111111107,325,327
2020_2020-08-15_day1_000_h60,2020,2020_2020-08-15_day1,2020-08-15 12:15:00+00:00,2020-08-15 12:15:00+00:00,2020-08-15 13:15:00+00:00,2020-08-15 13:15:00+00:00,60,60.0,0.0,26.666666666666668,21.11111111111111,5.555555555555557,,,,,False,30.0,23.88888888888889,3.333333333333332,2.7777777777777786,325,329
2020_2020-08-15_day1_001_h15,2020,2020_2020-08-15_day1,2020-08-15 12:30:00+00:00,2020-08-15 12:30:00+00:00,2020-08-15 12:45:00+00:00,2020-08-15 12:45:00+00:00,15,15.0,0.0,27.22222222222222,21.666666666666668,5.555555555555554,0.0370370370370369,15.0,2020-08-15 12:15:00+00:00,26.666666666666668,True,27.77777777777778,22.22222222222222,0.5555555555555571,0.5555555555555536,326,327
2020_2020-08-15_day1_001_h30,2020,2020_2020-08-15_day1,2020-08-15 12:30:00+00:00,2020-08-15 12:30:00+00:00,2020-08-15 13:00:00+00:00,2020-08-15 13:00:00+00:00,30,30.0,0.0,27.22222222222222,21.666666666666668,5.555555555555554,0.0370370370370369,15.0,2020-08-15 12:15:00+00:00,26.666666666666668,True,28.88888888888889,23.333333333333332,1.6666666666666679,1.6666666666666643,326,328
2020_2020-08-15_day1_001_h60,2020,2020_2020-08-15_day1,2020-08-15 12:30:00+00:00,2020-08-15 12:30:00+00:00,2020-08-15 13:30:00+00:00,2020-08-15 13:30:00+00:00,60,60.0,0.0,27.22222222222222,21.666666666666668,5.555555555555554,0.0370370370370369,15.0,2020-08-15 12:15:00+00:00,26.666666666666668,True,31.11111111111111,23.88888888888889,3.8888888888888893,2.2222222222222214,326,330
2020_2020-08-15_day1_002_h15,2020,2020_2020-08-15_day1,2020-08-15 12:45:00+00:00,2020-08-15 12:45:00+00:00,2020-08-15 13:00:00+00:00,2020-08-15 13:00:00+00:00,15,15.0,0.0,27.77777777777778,22.22222222222222,5.555555555555557,0.03703703703703714,15.0,2020-08-15 12:30:00+00:00,27.22222222222222,True,28.88888888888889,23.333333333333332,1.1111111111111107,1.1111111111111107,327,328
2020_2020-08-15_day1_002_h30,2020,2020_2020-08-15_day1,2020-08-15 12:45:00+00:00,2020-08-15 12:45:00+00:00,2020-08-15 13:15:00+00:00,2020-08-15 13:15:00+00:00,30,30.0,0.0,27.77777777777778,22.22222222222222,5.555555555555557,0.03703703703703714,15.0,2020-08-15 12:30:00+00:00,27.22222222222222,True,30.0,23.88888888888889,2.2222222222222214,1.6666666666666679,327,329
2020_2020-08-15_day1_002_h120,2020,2020_2020-08-15_day1,2020-08-15 12:45:00+00:00,2020-08-15 12:45:00+00:00,2020-08-15 14:45:00+00:00,2020-08-15 14:45:00+00:00,120,120.0,0.0,27.77777777777778,22.22222222222222,5.555555555555557,0.03703703703703714,15.0,2020-08-15 12:30:00+00:00,27.22222222222222,True,37.22222222222222,25.555555555555557,9.444444444444443,3.3333333333333357,327,331
2020_2020-08-15_day1_003_h15,2020,2020_2020-08-15_day1,2020-08-15 13:00:00+00:00,2020-08-15 13:00:00+00:00,2020-08-15 13:15:00+00:00,2020-08-15 13:15:00+00:00,15,15.0,0.0,28.88888888888889,23.333333333333332,5.555555555555557,0.07407407407407404,15.0,2020-08-15 12:45:00+00:00,27.77777777777778,True,30.0,23.88888888888889,1.1111111111111107,0.5555555555555571,328,329
2020_2020-08-15_day1_003_h30,2020,2020_2020-08-15_day1,2020-08-15 13:00:00+00:00,2020-08-15 13:00:00+00:00,2020-08-15 13:30:00+00:00,2020-08-15 13:30:00+00:00,30,30.0,0.0,28.88888888888889,23.333333333333332,5.555555555555557,0.07407407407407404,15.0,2020-08-15 12:45:00+00:00,27.77777777777778,True,31.11111111111111,23.88888888888889,2.2222222222222214,0.5555555555555571,328,330
2020_2020-08-15_day1_003_h120,2020,2020_2020-08-15_day1,2020-08-15 13:00:00+00:00,2020-08-15 13:00:00+00:00,2020-08-15 15:00:00+00:00,2020-08-15 15:00:00+00:00,120,120.0,0.0,28.88888888888889,23.333333333333332,5.555555555555557,0.07407407407407404,15.0,2020-08-15 12:45:00+00:00,27.77777777777778,True,38.333333333333336,26.666666666666668,9.444444444444446,3.3333333333333357,328,332
2020_2020-08-15_day1_004_h15,2020,2020_2020-08-15_day1,2020-08-15 13:15:00+00:00,2020-08-15 13:15:00+00:00,2020-08-15 13:30:00+00:00,2020-08-15 13:30:00+00:00,15,15.0,0.0,30.0,23.88888888888889,6.111111111111111,0.07407407407407404,15.0,2020-08-15 13:00:00+00:00,28.88888888888889,True,31.11111111111111,23.88888888888889,1.1111111111111107,0.0,329,330
2020_2020-08-15_day1_004_h90,2020,2020_2020-08-15_day1,2020-08-15 13:15:00+00:00,2020-08-15 13:15:00+00:00,2020-08-15 14:45:00+00:00,2020-08-15 14:45:00+00:00,90,90.0,0.0,30.0,23.88888888888889,6.111111111111111,0.07407407407407404,15.0,2020-08-15 13:00:00+00:00,28.88888888888889,True,37.22222222222222,25.555555555555557,7.222222222222221,1.6666666666666679,329,331
2020_2020-08-15_day1_004_h120,2020,2020_2020-08-15_day1,2020-08-15 13:15:00+00:00,2020-08-15 13:15:00+00:00,2020-08-15 15:15:00+00:00,2020-08-15 15:15:00+00:00,120,120.0,0.0,30.0,23.88888888888889,6.111111111111111,0.07407407407407404,15.0,2020-08-15 13:00:00+00:00,28.88888888888889,True,39.44444444444444,26.666666666666668,9.444444444444443,2.7777777777777786,329,333
2020_2020-08-15_day1_005_h90,2020,2020_2020-08-15_day1,2020-08-15 13:30:00+00:00,2020-08-15 13:30:00+00:00,2020-08-15 15:00:00+00:00,2020-08-15 15:00:00+00:00,90,90.0,0.0,31.11111111111111,23.88888888888889,7.222222222222221,0.07407407407407404,15.0,2020-08-15 13:15:00+00:00,30.0,True,38.333333333333336,26.666666666666668,7.222222222222225,2.7777777777777786,330,332
2020_2020-08-15_day1_005_h120,2020,2020_2020-08-15_day1,2020-08-15 13:30:00+00:00,2020-08-15 13:30:00+00:00,2020-08-15 15:30:00+00:00,2020-08-15 15:30:00+00:00,120,120.0,0.0,31.11111111111111,23.88888888888889,7.222222222222221,0.07407407407407404,15.0,2020-08-15 13:15:00+00:00,30.0,True,40.55555555555556,27.22222222222222,9.444444444444446,3.333333333333332,330,334
2020_2020-08-15_day1_006_h15,2020,2020_2020-08-15_day1,2020-08-15 14:45:00+00:00,2020-08-15 14:45:00+00:00,2020-08-15 15:00:00+00:00,2020-08-15 15:00:00+00:00,15,15.0,0.0,37.22222222222222,25.555555555555557,11.666666666666664,,,,,False,38.333333333333336,26.666666666666668,1.1111111111111143,1.1111111111111107,331,332
2020_2020-08-15_day1_006_h30,2020,2020_2020-08-15_day1,2020-08-15 14:45:00+00:00,2020-08-15 14:45:00+00:00,2020-08-15 15:15:00+00:00,2020-08-15 15:15:00+00:00,30,30.0,0.0,37.22222222222222,25.555555555555557,11.666666666666664,,,,,False,39.44444444444444,26.666666666666668,2.2222222222222214,1.1111111111111107,331,333
2020_2020-08-15_day1_006_h60,2020,2020_2020-08-15_day1,2020-08-15 14:45:00+00:00,2020-08-15 14:45:00+00:00,2020-08-15 15:45:00+00:00,2020-08-15 15:45:00+00:00,60,60.0,0.0,37.22222222222222,25.555555555555557,11.666666666666664,,,,,False,41.666666666666664,27.22222222222222,4.444444444444443,1.6666666666666643,331,335
2020_2020-08-15_day1_006_h90,2020,2020_2020-08-15_day1,2020-08-15 14:45:00+00:00,2020-08-15 14:45:00+00:00,2020-08-15 16:15:00+00:00,2020-08-15 16:15:00+00:00,90,90.0,0.0,37.22222222222222,25.555555555555557,11.666666666666664,,,,,False,46.666666666666664,28.88888888888889,9.444444444444443,3.333333333333332,331,337
2020_2020-08-15_day1_006_h120,2020,2020_2020-08-15_day1,2020-08-15 14:45:00+00:00,2020-08-15 14:45:00+00:00,2020-08-15 16:45:00+00:00,2020-08-15 16:45:00+00:00,120,120.0,0.0,37.22222222222222,25.555555555555557,11.666666666666664,,,,,False,48.888888888888886,28.88888888888889,11.666666666666664,3.333333333333332,331,339
2020_2020-08-15_day1_007_h15,2020,2020_2020-08-15_day1,2020-08-15 15:00:00+00:00,2020-08-15 15:00:00+00:00,2020-08-15 15:15:00+00:00,2020-08-15 15:15:00+00:00,15,15.0,0.0,38.333333333333336,26.666666666666668,11.666666666666668,0.07407407407407428,15.0,2020-08-15 14:45:00+00:00,37.22222222222222,True,39.44444444444444,26.666666666666668,1.1111111111111072,0.0,332,333
2020_2020-08-15_day1_007_h30,2020,2020_2020-08-15_day1,2020-08-15 15:00:00+00:00,2020-08-15 15:00:00+00:00,2020-08-15 15:30:00+00:00,2020-08-15 15:30:00+00:00,30,30.0,0.0,38.333333333333336,26.666666666666668,11.666666666666668,0.07407407407407428,15.0,2020-08-15 14:45:00+00:00,37.22222222222222,True,40.55555555555556,27.22222222222222,2.2222222222222214,0.5555555555555536,332,334
2020_2020-08-15_day1_007_h60,2020,2020_2020-08-15_day1,2020-08-15 15:00:00+00:00,2020-08-15 15:00:00+00:00,2020-08-15 16:00:00+00:00,2020-08-15 16:00:00+00:00,60,60.0,0.0,38.333333333333336,26.666666666666668,11.666666666666668,0.07407407407407428,15.0,2020-08-15 14:45:00+00:00,37.22222222222222,True,43.333333333333336,27.77777777777778,5.0,1.1111111111111107,332,336
2020_2020-08-15_day1_007_h90,2020,2020_2020-08-15_day1,2020-08-15 15:00:00+00:00,2020-08-15 15:00:00+00:00,2020-08-15 16:30:00+00:00,2020-08-15 16:30:00+00:00,90,90.0,0.0,38.333333333333336,26.666666666666668,11.666666666666668,0.07407407407407428,15.0,2020-08-15 14:45:00+00:00,37.22222222222222,True,47.77777777777778,28.88888888888889,9.444444444444443,2.2222222222222214,332,338
2020_2020-08-15_day1_007_h120,2020,2020_2020-08-15_day1,2020-08-15 15:00:00+00:00,2020-08-15 15:00:00+00:00,2020-08-15 17:00:00+00:00,2020-08-15 17:00:00+00:00,120,120.0,0.0,38.333333333333336,26.666666666666668,11.666666666666668,0.07407407407407428,15.0,2020-08-15 14:45:00+00:00,37.22222222222222,True,50.0,28.88888888888889,11.666666666666664,2.2222222222222214,332,340
2020_2020-08-15_day1_008_h15,2020,2020_2020-08-15_day1,2020-08-15 15:15:00+00:00,2020-08-15 15:15:00+00:00,2020-08-15 15:30:00+00:00,2020-08-15 15:30:00+00:00,15,15.0,0.0,39.44444444444444,26.666666666666668,12.777777777777775,0.0740740740740738,15.0,2020-08-15 15:00:00+00:00,38.333333333333336,True,40.55555555555556,27.22222222222222,1.1111111111111143,0.5555555555555536,333,334
2020_2020-08-15_day1_008_h30,2020,2020_2020-08-15_day1,2020-08-15 15:15:00+00:00,2020-08-15 15:15:00+00:00,2020-08-15 15:45:00+00:00,2020-08-15 15:45:00+00:00,30,30.0,0.0,39.44444444444444,26.666666666666668,12.777777777777775,0.0740740740740738,15.0,2020-08-15 15:00:00+00:00,38.333333333333336,True,41.666666666666664,27.22222222222222,2.2222222222222214,0.5555555555555536,333,335
2020_2020-08-15_day1_008_h60,2020,2020_2020-08-15_day1,2020-08-15 15:15:00+00:00,2020-08-15 15:15:00+00:00,2020-08-15 16:15:00+00:00,2020-08-15 16:15:00+00:00,60,60.0,0.0,39.44444444444444,26.666666666666668,12.777777777777775,0.0740740740740738,15.0,2020-08-15 15:00:00+00:00,38.333333333333336,True,46.666666666666664,28.88888888888889,7.222222222222221,2.2222222222222214,333,337
2020_2020-08-15_day1_008_h90,2020,2020_2020-08-15_day1,2020-08-15 15:15:00+00:00,2020-08-15 15:15:00+00:00,2020-08-15 16:45:00+00:00,2020-08-15 16:45:00+00:00,90,90.0,0.0,39.44444444444444,26.666666666666668,12.777777777777775,0.0740740740740738,15.0,2020-08-15 15:00:00+00:00,38.333333333333336,True,48.888888888888886,28.88888888888889,9.444444444444443,2.2222222222222214,333,339
2020_2020-08-15_day1_008_h120,2020,2020_2020-08-15_day1,2020-08-15 15:15:00+00:00,2020-08-15 15:15:00+00:00,2020-08-15 17:15:00+00:00,2020-08-15 17:15:00+00:00,120,120.0,0.0,39.44444444444444,26.666666666666668,12.777777777777775,0.0740740740740738,15.0,2020-08-15 15:00:00+00:00,38.333333333333336,True,50.55555555555556,29.444444444444443,11.111111111111114,2.777777777777775,333,341
2020_2020-08-15_day1_009_h15,2020,2020_2020-08-15_day1,2020-08-15 15:30:00+00:00,2020-08-15 15:30:00+00:00,2020-08-15 15:45:00+00:00,2020-08-15 15:45:00+00:00,15,15.0,0.0,40.55555555555556,27.22222222222222,13.333333333333336,0.07407407407407428,15.0,2020-08-15 15:15:00+00:00,39.44444444444444,True,41.666666666666664,27.22222222222222,1.1111111111111072,0.0,334,335
2020_2020-08-15_day1_009_h30,2020,2020_2020-08-15_day1,2020-08-15 15:30:00+00:00,2020-08-15 15:30:00+00:00,2020-08-15 16:00:00+00:00,2020-08-15 16:00:00+00:00,30,30.0,0.0,40.55555555555556,27.22222222222222,13.333333333333336,0.07407407407407428,15.0,2020-08-15 15:15:00+00:00,39.44444444444444,True,43.333333333333336,27.77777777777778,2.7777777777777786,0.5555555555555571,334,336
2020_2020-08-15_day1_009_h60,2020,2020_2020-08-15_day1,2020-08-15 15:30:00+00:00,2020-08-15 15:30:00+00:00,2020-08-15 16:30:00+00:00,2020-08-15 16:30:00+00:00,60,60.0,0.0,40.55555555555556,27.22222222222222,13.333333333333336,0.07407407407407428,15.0,2020-08-15 15:15:00+00:00,39.44444444444444,True,47.77777777777778,28.88888888888889,7.222222222222221,1.6666666666666679,334,338
2020_2020-08-15_day1_009_h90,2020,2020_2020-08-15_day1,2020-08-15 15:30:00+00:00,2020-08-15 15:30:00+00:00,2020-08-15 17:00:00+00:00,2020-08-15 17:00:00+00:00,90,90.0,0.0,40.55555555555556,27.22222222222222,13.333333333333336,0.07407407407407428,15.0,2020-08-15 15:15:00+00:00,39.44444444444444,True,50.0,28.88888888888889,9.444444444444443,1.6666666666666679,334,340
2020_2020-08-15_day1_009_h120,2020,2020_2020-08-15_day1,2020-08-15 15:30:00+00:00,2020-08-15 15:30:00+00:00,2020-08-15 17:30:00+00:00,2020-08-15 17:30:00+00:00,120,120.0,0.0,40.55555555555556,27.22222222222222,13.333333333333336,0.07407407407407428,15.0,2020-08-15 15:15:00+00:00,39.44444444444444,True,51.666666666666664,30.555555555555557,11.111111111111107,3.3333333333333357,334,342
2020_2020-08-15_day1_010_h15,2020,2020_2020-08-15_day1,2020-08-15 15:45:00+00:00,2020-08-15 15:45:00+00:00,2020-08-15 16:00:00+00:00,2020-08-15 16:00:00+00:00,15,15.0,0.0,41.666666666666664,27.22222222222222,14.444444444444443,0.0740740740740738,15.0,2020-08-15 15:30:00+00:00,40.55555555555556,True,43.333333333333336,27.77777777777778,1.6666666666666714,0.5555555555555571,335,336
2020_2020-08-15_day1_010_h30,2020,2020_2020-08-15_day1,2020-08-15 15:45:00+00:00,2020-08-15 15:45:00+00:00,2020-08-15 16:15:00+00:00,2020-08-15 16:15:00+00:00,30,30.0,0.0,41.666666666666664,27.22222222222222,14.444444444444443,0.0740740740740738,15.0,2020-08-15 15:30:00+00:00,40.55555555555556,True,46.666666666666664,28.88888888888889,5.0,1.6666666666666679,335,337
2020_2020-08-15_day1_010_h60,2020,2020_2020-08-15_day1,2020-08-15 15:45:00+00:00,2020-08-15 15:45:00+00:00,2020-08-15 16:45:00+00:00,2020-08-15 16:45:00+00:00,60,60.0,0.0,41.666666666666664,27.22222222222222,14.444444444444443,0.0740740740740738,15.0,2020-08-15 15:30:00+00:00,40.55555555555556,True,48.888888888888886,28.88888888888889,7.222222222222221,1.6666666666666679,335,339
2020_2020-08-15_day1_010_h90,2020,2020_2020-08-15_day1,2020-08-15 15:45:00+00:00,2020-08-15 15:45:00+00:00,2020-08-15 17:15:00+00:00,2020-08-15 17:15:00+00:00,90,90.0,0.0,41.666666666666664,27.22222222222222,14.444444444444443,0.0740740740740738,15.0,2020-08-15 15:30:00+00:00,40.55555555555556,True,50.55555555555556,29.444444444444443,8.888888888888893,2.2222222222222214,335,341
2020_2020-08-15_day1_010_h120,2020,2020_2020-08-15_day1,2020-08-15 15:45:00+00:00,2020-08-15 15:45:00+00:00,2020-08-15 17:45:00+00:00,2020-08-15 17:45:00+00:00,120,120.0,0.0,41.666666666666664,27.22222222222222,14.444444444444443,0.0740740740740738,15.0,2020-08-15 15:30:00+00:00,40.55555555555556,True,53.333333333333336,30.555555555555557,11.666666666666671,3.3333333333333357,335,343
2020_2020-08-15_day1_011_h15,2020,2020_2020-08-15_day1,2020-08-15 16:00:00+00:00,2020-08-15 16:00:00+00:00,2020-08-15 16:15:00+00:00,2020-08-15 16:15:00+00:00,15,15.0,0.0,43.333333333333336,27.77777777777778,15.555555555555557,0.11111111111111142,15.0,2020-08-15 15:45:00+00:00,41.666666666666664,True,46.666666666666664,28.88888888888889,3.3333333333333286,1.1111111111111107,336,337
2020_2020-08-15_day1_011_h30,2020,2020_2020-08-15_day1,2020-08-15 16:00:00+00:00,2020-08-15 16:00:00+00:00,2020-08-15 16:30:00+00:00,2020-08-15 16:30:00+00:00,30,30.0,0.0,43.333333333333336,27.77777777777778,15.555555555555557,0.11111111111111142,15.0,2020-08-15 15:45:00+00:00,41.666666666666664,True,47.77777777777778,28.88888888888889,4.444444444444443,1.1111111111111107,336,338
2020_2020-08-15_day1_011_h60,2020,2020_2020-08-15_day1,2020-08-15 16:00:00+00:00,2020-08-15 16:00:00+00:00,2020-08-15 17:00:00+00:00,2020-08-15 17:00:00+00:00,60,60.0,0.0,43.333333333333336,27.77777777777778,15.555555555555557,0.11111111111111142,15.0,2020-08-15 15:45:00+00:00,41.666666666666664,True,50.0,28.88888888888889,6.666666666666664,1.1111111111111107,336,340
2020_2020-08-15_day1_011_h90,2020,2020_2020-08-15_day1,2020-08-15 16:00:00+00:00,2020-08-15 16:00:00+00:00,2020-08-15 17:30:00+00:00,2020-08-15 17:30:00+00:00,90,90.0,0.0,43.333333333333336,27.77777777777778,15.555555555555557,0.11111111111111142,15.0,2020-08-15 15:45:00+00:00,41.666666666666664,True,51.666666666666664,30.555555555555557,8.333333333333329,2.7777777777777786,336,342
2020_2020-08-15_day1_011_h120,2020,2020_2020-08-15_day1,2020-08-15 16:00:00+00:00,2020-08-15 16:00:00+00:00,2020-08-15 18:00:00+00:00,2020-08-15 18:00:00+00:00,120,120.0,0.0,43.333333333333336,27.77777777777778,15.555555555555557,0.11111111111111142,15.0,2020-08-15 15:45:00+00:00,41.666666666666664,True,50.0,30.555555555555557,6.666666666666664,2.7777777777777786,336,344
2020_2020-08-15_day1_012_h15,2020,2020_2020-08-15_day1,2020-08-15 16:15:00+00:00,2020-08-15 16:15:00+00:00,2020-08-15 16:30:00+00:00,2020-08-15 16:30:00+00:00,15,15.0,0.0,46.666666666666664,28.88888888888889,17.777777777777775,0.2222222222222219,15.0,2020-08-15 16:00:00+00:00,43.333333333333336,True,47.77777777777778,28.88888888888889,1.1111111111111143,0.0,337,338
2020_2020-08-15_day1_012_h30,2020,2020_2020-08-15_day1,2020-08-15 16:15:00+00:00,2020-08-15 16:15:00+00:00,2020-08-15 16:45:00+00:00,2020-08-15 16:45:00+00:00,30,30.0,0.0,46.666666666666664,28.88888888888889,17.777777777777775,0.2222222222222219,15.0,2020-08-15 16:00:00+00:00,43.333333333333336,True,48.888888888888886,28.88888888888889,2.2222222222222214,0.0,337,339
2020_2020-08-15_day1_012_h60,2020,2020_2020-08-15_day1,2020-08-15 16:15:00+00:00,2020-08-15 16:15:00+00:00,2020-08-15 17:15:00+00:00,2020-08-15 17:15:00+00:00,60,60.0,0.0,46.666666666666664,28.88888888888889,17.777777777777775,0.2222222222222219,15.0,2020-08-15 16:00:00+00:00,43.333333333333336,True,50.55555555555556,29.444444444444443,3.888888888888893,0.5555555555555536,337,341
2020_2020-08-15_day1_012_h90,2020,2020_2020-08-15_day1,2020-08-15 16:15:00+00:00,2020-08-15 16:15:00+00:00,2020-08-15 17:45:00+00:00,2020-08-15 17:45:00+00:00,90,90.0,0.0,46.666666666666664,28.88888888888889,17.777777777777775,0.2222222222222219,15.0,2020-08-15 16:00:00+00:00,43.333333333333336,True,53.333333333333336,30.555555555555557,6.666666666666671,1.6666666666666679,337,343
2020_2020-08-15_day1_012_h120,2020,2020_2020-08-15_day1,2020-08-15 16:15:00+00:00,2020-08-15 16:15:00+00:00,2020-08-15 18:15:00+00:00,2020-08-15 18:15:00+00:00,120,120.0,0.0,46.666666666666664,28.88888888888889,17.777777777777775,0.2222222222222219,15.0,2020-08-15 16:00:00+00:00,43.333333333333336,True,51.111111111111114,29.444444444444443,4.44444444444445,0.5555555555555536,337,345
2020_2020-08-15_day1_013_h15,2020,2020_2020-08-15_day1,2020-08-15 16:30:00+00:00,2020-08-15 16:30:00+00:00,2020-08-15 16:45:00+00:00,2020-08-15 16:45:00+00:00,15,15.0,0.0,47.77777777777778,28.88888888888889,18.88888888888889,0.07407407407407428,15.0,2020-08-15 16:15:00+00:00,46.666666666666664,True,48.888888888888886,28.88888888888889,1.1111111111111072,0.0,338,339
2020_2020-08-15_day1_013_h30,2020,2020_2020-08-15_day1,2020-08-15 16:30:00+00:00,2020-08-15 16:30:00+00:00,2020-08-15 17:00:00+00:00,2020-08-15 17:00:00+00:00,30,30.0,0.0,47.77777777777778,28.88888888888889,18.88888888888889,0.07407407407407428,15.0,2020-08-15 16:15:00+00:00,46.666666666666664,True,50.0,28.88888888888889,2.2222222222222214,0.0,338,340
2020_2020-08-15_day1_013_h60,2020,2020_2020-08-15_day1,2020-08-15 16:30:00+00:00,2020-08-15 16:30:00+00:00,2020-08-15 17:30:00+00:00,2020-08-15 17:30:00+00:00,60,60.0,0.0,47.77777777777778,28.88888888888889,18.88888888888889,0.07407407407407428,15.0,2020-08-15 16:15:00+00:00,46.666666666666664,True,51.666666666666664,30.555555555555557,3.8888888888888857,1.6666666666666679,338,342
2020_2020-08-15_day1_013_h90,2020,2020_2020-08-15_day1,2020-08-15 16:30:00+00:00,2020-08-15 16:30:00+00:00,2020-08-15 18:00:00+00:00,2020-08-15 18:00:00+00:00,90,90.0,0.0,47.77777777777778,28.88888888888889,18.88888888888889,0.07407407407407428,15.0,2020-08-15 16:15:00+00:00,46.666666666666664,True,50.0,30.555555555555557,2.2222222222222214,1.6666666666666679,338,344
2020_2020-08-15_day1_013_h120,2020,2020_2020-08-15_day1,2020-08-15 16:30:00+00:00,2020-08-15 16:30:00+00:00,2020-08-15 18:30:00+00:00,2020-08-15 18:30:00+00:00,120,120.0,0.0,47.77777777777778,28.88888888888889,18.88888888888889,0.07407407407407428,15.0,2020-08-15 16:15:00+00:00,46.666666666666664,True,53.888888888888886,30.0,6.111111111111107,1.1111111111111107,338,346
2020_2020-08-15_day1_014_h15,2020,2020_2020-08-15_day1,2020-08-15 16:45:00+00:00,2020-08-15 16:45:00+00:00,2020-08-15 17:00:00+00:00,2020-08-15 17:00:00+00:00,15,15.0,0.0,48.888888888888886,28.88888888888889,19.999999999999996,0.0740740740740738,15.0,2020-08-15 16:30:00+00:00,47.77777777777778,True,50.0,28.88888888888889,1.1111111111111143,0.0,339,340
2020_2020-08-15_day1_014_h30,2020,2020_2020-08-15_day1,2020-08-15 16:45:00+00:00,2020-08-15 16:45:00+00:00,2020-08-15 17:15:00+00:00,2020-08-15 17:15:00+00:00,30,30.0,0.0,48.888888888888886,28.88888888888889,19.999999999999996,0.0740740740740738,15.0,2020-08-15 16:30:00+00:00,47.77777777777778,True,50.55555555555556,29.444444444444443,1.6666666666666714,0.5555555555555536,339,341
2020_2020-08-15_day1_014_h60,2020,2020_2020-08-15_day1,2020-08-15 16:45:00+00:00,2020-08-15 16:45:00+00:00,2020-08-15 17:45:00+00:00,2020-08-15 17:45:00+00:00,60,60.0,0.0,48.888888888888886,28.88888888888889,19.999999999999996,0.0740740740740738,15.0,2020-08-15 16:30:00+00:00,47.77777777777778,True,53.333333333333336,30.555555555555557,4.44444444444445,1.6666666666666679,339,343
2020_2020-08-15_day1_014_h90,2020,2020_2020-08-15_day1,2020-08-15 16:45:00+00:00,2020-08-15 16:45:00+00:00,2020-08-15 18:15:00+00:00,2020-08-15 18:15:00+00:00,90,90.0,0.0,48.888888888888886,28.88888888888889,19.999999999999996,0.0740740740740738,15.0,2020-08-15 16:30:00+00:00,47.77777777777778,True,51.111111111111114,29.444444444444443,2.2222222222222285,0.5555555555555536,339,345
2020_2020-08-15_day1_014_h120,2020,2020_2020-08-15_day1,2020-08-15 16:45:00+00:00,2020-08-15 16:45:00+00:00,2020-08-15 18:45:00+00:00,2020-08-15 18:45:00+00:00,120,120.0,0.0,48.888888888888886,28.88888888888889,19.999999999999996,0.0740740740740738,15.0,2020-08-15 16:30:00+00:00,47.77777777777778,True,50.55555555555556,30.0,1.6666666666666714,1.1111111111111107,339,347
2020_2020-08-15_day1_015_h15,2020,2020_2020-08-15_day1,2020-08-15 17:00:00+00:00,2020-08-15 17:00:00+00:00,2020-08-15 17:15:00+00:00,2020-08-15 17:15:00+00:00,15,15.0,0.0,50.0,28.88888888888889,21.11111111111111,0.07407407407407428,15.0,2020-08-15 16:45:00+00:00,48.888888888888886,True,50.55555555555556,29.444444444444443,0.5555555555555571,0.5555555555555536,340,341
2020_2020-08-15_day1_015_h30,2020,2020_2020-08-15_day1,2020-08-15 17:00:00+00:00,2020-08-15 17:00:00+00:00,2020-08-15 17:30:00+00:00,2020-08-15 17:30:00+00:00,30,30.0,0.0,50.0,28.88888888888889,21.11111111111111,0.07407407407407428,15.0,2020-08-15 16:45:00+00:00,48.888888888888886,True,51.666666666666664,30.555555555555557,1.6666666666666643,1.6666666666666679,340,342
2020_2020-08-15_day1_015_h60,2020,2020_2020-08-15_day1,2020-08-15 17:00:00+00:00,2020-08-15 17:00:00+00:00,2020-08-15 18:00:00+00:00,2020-08-15 18:00:00+00:00,60,60.0,0.0,50.0,28.88888888888889,21.11111111111111,0.07407407407407428,15.0,2020-08-15 16:45:00+00:00,48.888888888888886,True,50.0,30.555555555555557,0.0,1.6666666666666679,340,344
2020_2020-08-15_day1_015_h90,2020,2020_2020-08-15_day1,2020-08-15 17:00:00+00:00,2020-08-15 17:00:00+00:00,2020-08-15 18:30:00+00:00,2020-08-15 18:30:00+00:00,90,90.0,0.0,50.0,28.88888888888889,21.11111111111111,0.07407407407407428,15.0,2020-08-15 16:45:00+00:00,48.888888888888886,True,53.888888888888886,30.0,3.8888888888888857,1.1111111111111107,340,346
2020_2020-08-15_day1_015_h120,2020,2020_2020-08-15_day1,2020-08-15 17:00:00+00:00,2020-08-15 17:00:00+00:00,2020-08-15 19:00:00+00:00,2020-08-15 19:00:00+00:00,120,120.0,0.0,50.0,28.88888888888889,21.11111111111111,0.07407407407407428,15.0,2020-08-15 16:45:00+00:00,48.888888888888886,True,50.55555555555556,30.0,0.5555555555555571,1.1111111111111107,340,348
2020_2020-08-15_day1_016_h15,2020,2020_2020-08-15_day1,2020-08-15 17:15:00+00:00,2020-08-15 17:15:00+00:00,2020-08-15 17:30:00+00:00,2020-08-15 17:30:00+00:00,15,15.0,0.0,50.55555555555556,29.444444444444443,21.111111111111114,0.03703703703703714,15.0,2020-08-15 17:00:00+00:00,50.0,True,51.666666666666664,30.555555555555557,1.1111111111111072,1.1111111111111143,341,342
2020_2020-08-15_day1_016_h30,2020,2020_2020-08-15_day1,2020-08-15 17:15:00+00:00,2020-08-15 17:15:00+00:00,2020-08-15 17:45:00+00:00,2020-08-15 17:45:00+00:00,30,30.0,0.0,50.55555555555556,29.444444444444443,21.111111111111114,0.03703703703703714,15.0,2020-08-15 17:00:00+00:00,50.0,True,53.333333333333336,30.555555555555557,2.7777777777777786,1.1111111111111143,341,343
2020_2020-08-15_day1_016_h60,2020,2020_2020-08-15_day1,2020-08-15 17:15:00+00:00,2020-08-15 17:15:00+00:00,2020-08-15 18:15:00+00:00,2020-08-15 18:15:00+00:00,60,60.0,0.0,50.55555555555556,29.444444444444443,21.111111111111114,0.03703703703703714,15.0,2020-08-15 17:00:00+00:00,50.0,True,51.111111111111114,29.444444444444443,0.5555555555555571,0.0,341,345
2020_2020-08-15_day1_016_h90,2020,2020_2020-08-15_day1,2020-08-15 17:15:00+00:00,2020-08-15 17:15:00+00:00,2020-08-15 18:45:00+00:00,2020-08-15 18:45:00+00:00,90,90.0,0.0,50.55555555555556,29.444444444444443,21.111111111111114,0.03703703703703714,15.0,2020-08-15 17:00:00+00:00,50.0,True,50.55555555555556,30.0,0.0,0.5555555555555571,341,347
2020_2020-08-15_day1_016_h120,2020,2020_2020-08-15_day1,2020-08-15 17:15:00+00:00,2020-08-15 17:15:00+00:00,2020-08-15 19:15:00+00:00,2020-08-15 19:15:00+00:00,120,120.0,0.0,50.55555555555556,29.444444444444443,21.111111111111114,0.03703703703703714,15.0,2020-08-15 17:00:00+00:00,50.0,True,51.111111111111114,29.444444444444443,0.5555555555555571,0.0,341,349
2020_2020-08-15_day1_017_h15,2020,2020_2020-08-15_day1,2020-08-15 17:30:00+00:00,2020-08-15 17:30:00+00:00,2020-08-15 17:45:00+00:00,2020-08-15 17:45:00+00:00,15,15.0,0.0,51.666666666666664,30.555555555555557,21.111111111111107,0.0740740740740738,15.0,2020-08-15 17:15:00+00:00,50.55555555555556,True,53.333333333333336,30.555555555555557,1.6666666666666714,0.0,342,343
2020_2020-08-15_day1_017_h30,2020,2020_2020-08-15_day1,2020-08-15 17:30:00+00:00,2020-08-15 17:30:00+00:00,2020-08-15 18:00:00+00:00,2020-08-15 18:00:00+00:00,30,30.0,0.0,51.666666666666664,30.555555555555557,21.111111111111107,0.0740740740740738,15.0,2020-08-15 17:15:00+00:00,50.55555555555556,True,50.0,30.555555555555557,-1.6666666666666643,0.0,342,344
2020_2020-08-15_day1_017_h60,2020,2020_2020-08-15_day1,2020-08-15 17:30:00+00:00,2020-08-15 17:30:00+00:00,2020-08-15 18:30:00+00:00,2020-08-15 18:30:00+00:00,60,60.0,0.0,51.666666666666664,30.555555555555557,21.111111111111107,0.0740740740740738,15.0,2020-08-15 17:15:00+00:00,50.55555555555556,True,53.888888888888886,30.0,2.2222222222222214,-0.5555555555555571,342,346
2020_2020-08-15_day1_017_h90,2020,2020_2020-08-15_day1,2020-08-15 17:30:00+00:00,2020-08-15 17:30:00+00:00,2020-08-15 19:00:00+00:00,2020-08-15 19:00:00+00:00,90,90.0,0.0,51.666666666666664,30.555555555555557,21.111111111111107,0.0740740740740738,15.0,2020-08-15 17:15:00+00:00,50.55555555555556,True,50.55555555555556,30.0,-1.1111111111111072,-0.5555555555555571,342,348
2020_2020-08-15_day1_017_h120,2020,2020_2020-08-15_day1,2020-08-15 17:30:00+00:00,2020-08-15 17:30:00+00:00,2020-08-15 19:30:00+00:00,2020-08-15 19:30:00+00:00,120,120.0,0.0,51.666666666666664,30.555555555555557,21.111111111111107,0.0740740740740738,15.0,2020-08-15 17:15:00+00:00,50.55555555555556,True,53.333333333333336,30.0,1.6666666666666714,-0.5555555555555571,342,350
2020_2020-08-15_day1_018_h15,2020,2020_2020-08-15_day1,2020-08-15 17:45:00+00:00,2020-08-15 17:45:00+00:00,2020-08-15 18:00:00+00:00,2020-08-15 18:00:00+00:00,15,15.0,0.0,53.333333333333336,30.555555555555557,22.77777777777778,0.11111111111111142,15.0,2020-08-15 17:30:00+00:00,51.666666666666664,True,50.0,30.555555555555557,-3.3333333333333357,0.0,343,344
2020_2020-08-15_day1_018_h30,2020,2020_2020-08-15_day1,2020-08-15 17:45:00+00:00,2020-08-15 17:45:00+00:00,2020-08-15 18:15:00+00:00,2020-08-15 18:15:00+00:00,30,30.0,0.0,53.333333333333336,30.555555555555557,22.77777777777778,0.11111111111111142,15.0,2020-08-15 17:30:00+00:00,51.666666666666664,True,51.111111111111114,29.444444444444443,-2.2222222222222214,-1.1111111111111143,343,345
2020_2020-08-15_day1_018_h60,2020,2020_2020-08-15_day1,2020-08-15 17:45:00+00:00,2020-08-15 17:45:00+00:00,2020-08-15 18:45:00+00:00,2020-08-15 18:45:00+00:00,60,60.0,0.0,53.333333333333336,30.555555555555557,22.77777777777778,0.11111111111111142,15.0,2020-08-15 17:30:00+00:00,51.666666666666664,True,50.55555555555556,30.0,-2.7777777777777786,-0.5555555555555571,343,347
2020_2020-08-15_day1_018_h90,2020,2020_2020-08-15_day1,2020-08-15 17:45:00+00:00,2020-08-15 17:45:00+00:00,2020-08-15 19:15:00+00:00,2020-08-15 19:15:00+00:00,90,90.0,0.0,53.333333333333336,30.555555555555557,22.77777777777778,0.11111111111111142,15.0,2020-08-15 17:30:00+00:00,51.666666666666664,True,51.111111111111114,29.444444444444443,-2.2222222222222214,-1.1111111111111143,343,349
2020_2020-08-15_day1_018_h120,2020,2020_2020-08-15_day1,2020-08-15 17:45:00+00:00,2020-08-15 17:45:00+00:00,2020-08-15 19:45:00+00:00,2020-08-15 19:45:00+00:00,120,120.0,0.0,53.333333333333336,30.555555555555557,22.77777777777778,0.11111111111111142,15.0,2020-08-15 17:30:00+00:00,51.666666666666664,True,54.44444444444444,31.11111111111111,1.1111111111111072,0.5555555555555536,343,351
2020_2020-08-15_day1_019_h15,2020,2020_2020-08-15_day1,2020-08-15 18:00:00+00:00,2020-08-15 18:00:00+00:00,2020-08-15 18:15:00+00:00,2020-08-15 18:15:00+00:00,15,15.0,0.0,50.0,30.555555555555557,19.444444444444443,-0.22222222222222238,15.0,2020-08-15 17:45:00+00:00,53.333333333333336,True,51.111111111111114,29.444444444444443,1.1111111111111143,-1.1111111111111143,344,345
2020_2020-08-15_day1_019_h30,2020,2020_2020-08-15_day1,2020-08-15 18:00:00+00:00,2020-08-15 18:00:00+00:00,2020-08-15 18:30:00+00:00,2020-08-15 18:30:00+00:00,30,30.0,0.0,50.0,30.555555555555557,19.444444444444443,-0.22222222222222238,15.0,2020-08-15 17:45:00+00:00,53.333333333333336,True,53.888888888888886,30.0,3.8888888888888857,-0.5555555555555571,344,346
2020_2020-08-15_day1_019_h60,2020,2020_2020-08-15_day1,2020-08-15 18:00:00+00:00,2020-08-15 18:00:00+00:00,2020-08-15 19:00:00+00:00,2020-08-15 19:00:00+00:00,60,60.0,0.0,50.0,30.555555555555557,19.444444444444443,-0.22222222222222238,15.0,2020-08-15 17:45:00+00:00,53.333333333333336,True,50.55555555555556,30.0,0.5555555555555571,-0.5555555555555571,344,348
2020_2020-08-15_day1_019_h90,2020,2020_2020-08-15_day1,2020-08-15 18:00:00+00:00,2020-08-15 18:00:00+00:00,2020-08-15 19:30:00+00:00,2020-08-15 19:30:00+00:00,90,90.0,0.0,50.0,30.555555555555557,19.444444444444443,-0.22222222222222238,15.0,2020-08-15 17:45:00+00:00,53.333333333333336,True,53.333333333333336,30.0,3.3333333333333357,-0.5555555555555571,344,350
2020_2020-08-15_day1_019_h120,2020,2020_2020-08-15_day1,2020-08-15 18:00:00+00:00,2020-08-15 18:00:00+00:00,2020-08-15 20:00:00+00:00,2020-08-15 20:00:00+00:00,120,120.0,0.0,50.0,30.555555555555557,19.444444444444443,-0.22222222222222238,15.0,2020-08-15 17:45:00+00:00,53.333333333333336,True,54.44444444444444,32.22222222222222,4.444444444444443,1.6666666666666643,344,352
2020_2020-08-15_day1_020_h15,2020,2020_2020-08-15_day1,2020-08-15 18:15:00+00:00,2020-08-15 18:15:00+00:00,2020-08-15 18:30:00+00:00,2020-08-15 18:30:00+00:00,15,15.0,0.0,51.111111111111114,29.444444444444443,21.66666666666667,0.07407407407407428,15.0,2020-08-15 18:00:00+00:00,50.0,True,53.888888888888886,30.0,2.7777777777777715,0.5555555555555571,345,346
2020_2020-08-15_day1_020_h30,2020,2020_2020-08-15_day1,2020-08-15 18:15:00+00:00,2020-08-15 18:15:00+00:00,2020-08-15 18:45:00+00:00,2020-08-15 18:45:00+00:00,30,30.0,0.0,51.111111111111114,29.444444444444443,21.66666666666667,0.07407407407407428,15.0,2020-08-15 18:00:00+00:00,50.0,True,50.55555555555556,30.0,-0.5555555555555571,0.5555555555555571,345,347
2020_2020-08-15_day1_020_h60,2020,2020_2020-08-15_day1,2020-08-15 18:15:00+00:00,2020-08-15 18:15:00+00:00,2020-08-15 19:15:00+00:00,2020-08-15 19:15:00+00:00,60,60.0,0.0,51.111111111111114,29.444444444444443,21.66666666666667,0.07407407407407428,15.0,2020-08-15 18:00:00+00:00,50.0,True,51.111111111111114,29.444444444444443,0.0,0.0,345,349
2020_2020-08-15_day1_020_h90,2020,2020_2020-08-15_day1,2020-08-15 18:15:00+00:00,2020-08-15 18:15:00+00:00,2020-08-15 19:45:00+00:00,2020-08-15 19:45:00+00:00,90,90.0,0.0,51.111111111111114,29.444444444444443,21.66666666666667,0.07407407407407428,15.0,2020-08-15 18:00:00+00:00,50.0,True,54.44444444444444,31.11111111111111,3.3333333333333286,1.6666666666666679,345,351
2020_2020-08-15_day1_020_h120,2020,2020_2020-08-15_day1,2020-08-15 18:15:00+00:00,2020-08-15 18:15:00+00:00,2020-08-15 20:15:00+00:00,2020-08-15 20:15:00+00:00,120,120.0,0.0,51.111111111111114,29.444444444444443,21.66666666666667,0.07407407407407428,15.0,2020-08-15 18:00:00+00:00,50.0,True,52.22222222222222,31.11111111111111,1.1111111111111072,1.6666666666666679,345,353
2020_2020-08-15_day1_021_h15,2020,2020_2020-08-15_day1,2020-08-15 18:30:00+00:00,2020-08-15 18:30:00+00:00,2020-08-15 18:45:00+00:00,2020-08-15 18:45:00+00:00,15,15.0,0.0,53.888888888888886,30.0,23.888888888888886,0.18518518518518476,15.0,2020-08-15 18:15:00+00:00,51.111111111111114,True,50.55555555555556,30.0,-3.3333333333333286,0.0,346,347
2020_2020-08-15_day1_021_h30,2020,2020_2020-08-15_day1,2020-08-15 18:30:00+00:00,2020-08-15 18:30:00+00:00,2020-08-15 19:00:00+00:00,2020-08-15 19:00:00+00:00,30,30.0,0.0,53.888888888888886,30.0,23.888888888888886,0.18518518518518476,15.0,2020-08-15 18:15:00+00:00,51.111111111111114,True,50.55555555555556,30.0,-3.3333333333333286,0.0,346,348
2020_2020-08-15_day1_021_h60,2020,2020_2020-08-15_day1,2020-08-15 18:30:00+00:00,2020-08-15 18:30:00+00:00,2020-08-15 19:30:00+00:00,2020-08-15 19:30:00+00:00,60,60.0,0.0,53.888888888888886,30.0,23.888888888888886,0.18518518518518476,15.0,2020-08-15 18:15:00+00:00,51.111111111111114,True,53.333333333333336,30.0,-0.55555555555555,0.0,346,350
2020_2020-08-15_day1_021_h90,2020,2020_2020-08-15_day1,2020-08-15 18:30:00+00:00,2020-08-15 18:30:00+00:00,2020-08-15 20:00:00+00:00,2020-08-15 20:00:00+00:00,90,90.0,0.0,53.888888888888886,30.0,23.888888888888886,0.18518518518518476,15.0,2020-08-15 18:15:00+00:00,51.111111111111114,True,54.44444444444444,32.22222222222222,0.5555555555555571,2.2222222222222214,346,352
2020_2020-08-15_day1_021_h120,2020,2020_2020-08-15_day1,2020-08-15 18:30:00+00:00,2020-08-15 18:30:00+00:00,2020-08-15 20:30:00+00:00,2020-08-15 20:30:00+00:00,120,120.0,0.0,53.888888888888886,30.0,23.888888888888886,0.18518518518518476,15.0,2020-08-15 18:15:00+00:00,51.111111111111114,True,52.22222222222222,31.11111111111111,-1.6666666666666643,1.1111111111111107,346,354
2020_2020-08-15_day1_022_h15,2020,2020_2020-08-15_day1,2020-08-15 18:45:00+00:00,2020-08-15 18:45:00+00:00,2020-08-15 19:00:00+00:00,2020-08-15 19:00:00+00:00,15,15.0,0.0,50.55555555555556,30.0,20.555555555555557,-0.2222222222222219,15.0,2020-08-15 18:30:00+00:00,53.888888888888886,True,50.55555555555556,30.0,0.0,0.0,347,348
2020_2020-08-15_day1_022_h30,2020,2020_2020-08-15_day1,2020-08-15 18:45:00+00:00,2020-08-15 18:45:00+00:00,2020-08-15 19:15:00+00:00,2020-08-15 19:15:00+00:00,30,30.0,0.0,50.55555555555556,30.0,20.555555555555557,-0.2222222222222219,15.0,2020-08-15 18:30:00+00:00,53.888888888888886,True,51.111111111111114,29.444444444444443,0.5555555555555571,-0.5555555555555571,347,349
2020_2020-08-15_day1_022_h60,2020,2020_2020-08-15_day1,2020-08-15 18:45:00+00:00,2020-08-15 18:45:00+00:00,2020-08-15 19:45:00+00:00,2020-08-15 19:45:00+00:00,60,60.0,0.0,50.55555555555556,30.0,20.555555555555557,-0.2222222222222219,15.0,2020-08-15 18:30:00+00:00,53.888888888888886,True,54.44444444444444,31.11111111111111,3.8888888888888857,1.1111111111111107,347,351
2020_2020-08-15_day1_022_h90,2020,2020_2020-08-15_day1,2020-08-15 18:45:00+00:00,2020-08-15 18:45:00+00:00,2020-08-15 20:15:00+00:00,2020-08-15 20:15:00+00:00,90,90.0,0.0,50.55555555555556,30.0,20.555555555555557,-0.2222222222222219,15.0,2020-08-15 18:30:00+00:00,53.888888888888886,True,52.22222222222222,31.11111111111111,1.6666666666666643,1.1111111111111107,347,353
2020_2020-08-15_day1_022_h120,2020,2020_2020-08-15_day1,2020-08-15 18:45:00+00:00,2020-08-15 18:45:00+00:00,2020-08-15 20:45:00+00:00,2020-08-15 20:45:00+00:00,120,120.0,0.0,50.55555555555556,30.0,20.555555555555557,-0.2222222222222219,15.0,2020-08-15 18:30:00+00:00,53.888888888888886,True,53.333333333333336,30.555555555555557,2.7777777777777786,0.5555555555555571,347,355
2020_2020-08-15_day1_023_h15,2020,2020_2020-08-15_day1,2020-08-15 19:00:00+00:00,2020-08-15 19:00:00+00:00,2020-08-15 19:15:00+00:00,2020-08-15 19:15:00+00:00,15,15.0,0.0,50.55555555555556,30.0,20.555555555555557,0.0,15.0,2020-08-15 18:45:00+00:00,50.55555555555556,True,51.111111111111114,29.444444444444443,0.5555555555555571,-0.5555555555555571,348,349
2020_2020-08-15_day1_023_h30,2020,2020_2020-08-15_day1,2020-08-15 19:00:00+00:00,2020-08-15 19:00:00+00:00,2020-08-15 19:30:00+00:00,2020-08-15 19:30:00+00:00,30,30.0,0.0,50.55555555555556,30.0,20.555555555555557,0.0,15.0,2020-08-15 18:45:00+00:00,50.55555555555556,True,53.333333333333336,30.0,2.7777777777777786,0.0,348,350
2020_2020-08-15_day1_023_h60,2020,2020_2020-08-15_day1,2020-08-15 19:00:00+00:00,2020-08-15 19:00:00+00:00,2020-08-15 20:00:00+00:00,2020-08-15 20:00:00+00:00,60,60.0,0.0,50.55555555555556,30.0,20.555555555555557,0.0,15.0,2020-08-15 18:45:00+00:00,50.55555555555556,True,54.44444444444444,32.22222222222222,3.8888888888888857,2.2222222222222214,348,352
2020_2020-08-15_day1_023_h90,2020,2020_2020-08-15_day1,2020-08-15 19:00:00+00:00,2020-08-15 19:00:00+00:00,2020-08-15 20:30:00+00:00,2020-08-15 20:30:00+00:00,90,90.0,0.0,50.55555555555556,30.0,20.555555555555557,0.0,15.0,2020-08-15 18:45:00+00:00,50.55555555555556,True,52.22222222222222,31.11111111111111,1.6666666666666643,1.1111111111111107,348,354
2020_2020-08-15_day1_024_h15,2020,2020_2020-08-15_day1,2020-08-15 19:15:00+00:00,2020-08-15 19:15:00+00:00,2020-08-15 19:30:00+00:00,2020-08-15 19:30:00+00:00,15,15.0,0.0,51.111111111111114,29.444444444444443,21.66666666666667,0.03703703703703714,15.0,2020-08-15 19:00:00+00:00,50.55555555555556,True,53.333333333333336,30.0,2.2222222222222214,0.5555555555555571,349,350
2020_2020-08-15_day1_024_h30,2020,2020_2020-08-15_day1,2020-08-15 19:15:00+00:00,2020-08-15 19:15:00+00:00,2020-08-15 19:45:00+00:00,2020-08-15 19:45:00+00:00,30,30.0,0.0,51.111111111111114,29.444444444444443,21.66666666666667,0.03703703703703714,15.0,2020-08-15 19:00:00+00:00,50.55555555555556,True,54.44444444444444,31.11111111111111,3.3333333333333286,1.6666666666666679,349,351
2020_2020-08-15_day1_024_h60,2020,2020_2020-08-15_day1,2020-08-15 19:15:00+00:00,2020-08-15 19:15:00+00:00,2020-08-15 20:15:00+00:00,2020-08-15 20:15:00+00:00,60,60.0,0.0,51.111111111111114,29.444444444444443,21.66666666666667,0.03703703703703714,15.0,2020-08-15 19:00:00+00:00,50.55555555555556,True,52.22222222222222,31.11111111111111,1.1111111111111072,1.6666666666666679,349,353
2020_2020-08-15_day1_024_h90,2020,2020_2020-08-15_day1,2020-08-15 19:15:00+00:00,2020-08-15 19:15:00+00:00,2020-08-15 20:45:00+00:00,2020-08-15 20:45:00+00:00,90,90.0,0.0,51.111111111111114,29.444444444444443,21.66666666666667,0.03703703703703714,15.0,2020-08-15 19:00:00+00:00,50.55555555555556,True,53.333333333333336,30.555555555555557,2.2222222222222214,1.1111111111111143,349,355
2020_2020-08-15_day1_025_h15,2020,2020_2020-08-15_day1,2020-08-15 19:30:00+00:00,2020-08-15 19:30:00+00:00,2020-08-15 19:45:00+00:00,2020-08-15 19:45:00+00:00,15,15.0,0.0,53.333333333333336,30.0,23.333333333333336,0.14814814814814808,15.0,2020-08-15 19:15:00+00:00,51.111111111111114,True,54.44444444444444,31.11111111111111,1.1111111111111072,1.1111111111111107,350,351
2020_2020-08-15_day1_025_h30,2020,2020_2020-08-15_day1,2020-08-15 19:30:00+00:00,2020-08-15 19:30:00+00:00,2020-08-15 20:00:00+00:00,2020-08-15 20:00:00+00:00,30,30.0,0.0,53.333333333333336,30.0,23.333333333333336,0.14814814814814808,15.0,2020-08-15 19:15:00+00:00,51.111111111111114,True,54.44444444444444,32.22222222222222,1.1111111111111072,2.2222222222222214,350,352
2020_2020-08-15_day1_025_h60,2020,2020_2020-08-15_day1,2020-08-15 19:30:00+00:00,2020-08-15 19:30:00+00:00,2020-08-15 20:30:00+00:00,2020-08-15 20:30:00+00:00,60,60.0,0.0,53.333333333333336,30.0,23.333333333333336,0.14814814814814808,15.0,2020-08-15 19:15:00+00:00,51.111111111111114,True,52.22222222222222,31.11111111111111,-1.1111111111111143,1.1111111111111107,350,354
2020_2020-08-15_day1_026_h15,2020,2020_2020-08-15_day1,2020-08-15 19:45:00+00:00,2020-08-15 19:45:00+00:00,2020-08-15 20:00:00+00:00,2020-08-15 20:00:00+00:00,15,15.0,0.0,54.44444444444444,31.11111111111111,23.333333333333332,0.0740740740740738,15.0,2020-08-15 19:30:00+00:00,53.333333333333336,True,54.44444444444444,32.22222222222222,0.0,1.1111111111111107,351,352
2020_2020-08-15_day1_026_h30,2020,2020_2020-08-15_day1,2020-08-15 19:45:00+00:00,2020-08-15 19:45:00+00:00,2020-08-15 20:15:00+00:00,2020-08-15 20:15:00+00:00,30,30.0,0.0,54.44444444444444,31.11111111111111,23.333333333333332,0.0740740740740738,15.0,2020-08-15 19:30:00+00:00,53.333333333333336,True,52.22222222222222,31.11111111111111,-2.2222222222222214,0.0,351,353
2020_2020-08-15_day1_026_h60,2020,2020_2020-08-15_day1,2020-08-15 19:45:00+00:00,2020-08-15 19:45:00+00:00,2020-08-15 20:45:00+00:00,2020-08-15 20:45:00+00:00,60,60.0,0.0,54.44444444444444,31.11111111111111,23.333333333333332,0.0740740740740738,15.0,2020-08-15 19:30:00+00:00,53.333333333333336,True,53.333333333333336,30.555555555555557,-1.1111111111111072,-0.5555555555555536,351,355
2020_2020-08-15_day1_027_h15,2020,2020_2020-08-15_day1,2020-08-15 20:00:00+00:00,2020-08-15 20:00:00+00:00,2020-08-15 20:15:00+00:00,2020-08-15 20:15:00+00:00,15,15.0,0.0,54.44444444444444,32.22222222222222,22.22222222222222,0.0,15.0,2020-08-15 19:45:00+00:00,54.44444444444444,True,52.22222222222222,31.11111111111111,-2.2222222222222214,-1.1111111111111107,352,353
2020_2020-08-15_day1_027_h30,2020,2020_2020-08-15_day1,2020-08-15 20:00:00+00:00,2020-08-15 20:00:00+00:00,2020-08-15 20:30:00+00:00,2020-08-15 20:30:00+00:00,30,30.0,0.0,54.44444444444444,32.22222222222222,22.22222222222222,0.0,15.0,2020-08-15 19:45:00+00:00,54.44444444444444,True,52.22222222222222,31.11111111111111,-2.2222222222222214,-1.1111111111111107,352,354
2020_2020-08-15_day1_028_h15,2020,2020_2020-08-15_day1,2020-08-15 20:15:00+00:00,2020-08-15 20:15:00+00:00,2020-08-15 20:30:00+00:00,2020-08-15 20:30:00+00:00,15,15.0,0.0,52.22222222222222,31.11111111111111,21.11111111111111,-0.14814814814814808,15.0,2020-08-15 20:00:00+00:00,54.44444444444444,True,52.22222222222222,31.11111111111111,0.0,0.0,353,354
2020_2020-08-15_day1_028_h30,2020,2020_2020-08-15_day1,2020-08-15 20:15:00+00:00,2020-08-15 20:15:00+00:00,2020-08-15 20:45:00+00:00,2020-08-15 20:45:00+00:00,30,30.0,0.0,52.22222222222222,31.11111111111111,21.11111111111111,-0.14814814814814808,15.0,2020-08-15 20:00:00+00:00,54.44444444444444,True,53.333333333333336,30.555555555555557,1.1111111111111143,-0.5555555555555536,353,355
2020_2020-08-15_day1_029_h15,2020,2020_2020-08-15_day1,2020-08-15 20:30:00+00:00,2020-08-15 20:30:00+00:00,2020-08-15 20:45:00+00:00,2020-08-15 20:45:00+00:00,15,15.0,0.0,52.22222222222222,31.11111111111111,21.11111111111111,0.0,15.0,2020-08-15 20:15:00+00:00,52.22222222222222,True,53.333333333333336,30.555555555555557,1.1111111111111143,-0.5555555555555536,354,355
2021_2021-05-22_day1_000_h30,2021,2021_2021-05-22_day1,2021-05-22 12:45:00+00:00,2021-05-22 12:45:00+00:00,2021-05-22 13:15:00+00:00,2021-05-22 13:15:00+00:00,30,30.0,0.0,24.444444444444443,20.0,4.444444444444443,,,,,False,25.555555555555557,20.555555555555557,1.1111111111111143,0.5555555555555571,342,343
2021_2021-05-22_day1_000_h60,2021,2021_2021-05-22_day1,2021-05-22 12:45:00+00:00,2021-05-22 12:45:00+00:00,2021-05-22 13:45:00+00:00,2021-05-22 13:45:00+00:00,60,60.0,0.0,24.444444444444443,20.0,4.444444444444443,,,,,False,26.666666666666668,21.666666666666668,2.222222222222225,1.6666666666666679,342,345
2021_2021-05-22_day1_000_h90,2021,2021_2021-05-22_day1,2021-05-22 12:45:00+00:00,2021-05-22 12:45:00+00:00,2021-05-22 14:15:00+00:00,2021-05-22 14:15:00+00:00,90,90.0,0.0,24.444444444444443,20.0,4.444444444444443,,,,,False,27.77777777777778,22.22222222222222,3.3333333333333357,2.2222222222222214,342,347
2021_2021-05-22_day1_001_h15,2021,2021_2021-05-22_day1,2021-05-22 13:15:00+00:00,2021-05-22 13:15:00+00:00,2021-05-22 13:30:00+00:00,2021-05-22 13:30:00+00:00,15,15.0,0.0,25.555555555555557,20.555555555555557,5.0,,,,,False,26.11111111111111,21.11111111111111,0.5555555555555536,0.5555555555555536,343,344
2021_2021-05-22_day1_001_h30,2021,2021_2021-05-22_day1,2021-05-22 13:15:00+00:00,2021-05-22 13:15:00+00:00,2021-05-22 13:45:00+00:00,2021-05-22 13:45:00+00:00,30,30.0,0.0,25.555555555555557,20.555555555555557,5.0,,,,,False,26.666666666666668,21.666666666666668,1.1111111111111107,1.1111111111111107,343,345
2021_2021-05-22_day1_001_h60,2021,2021_2021-05-22_day1,2021-05-22 13:15:00+00:00,2021-05-22 13:15:00+00:00,2021-05-22 14:15:00+00:00,2021-05-22 14:15:00+00:00,60,60.0,0.0,25.555555555555557,20.555555555555557,5.0,,,,,False,27.77777777777778,22.22222222222222,2.2222222222222214,1.6666666666666643,343,347
2021_2021-05-22_day1_002_h15,2021,2021_2021-05-22_day1,2021-05-22 13:30:00+00:00,2021-05-22 13:30:00+00:00,2021-05-22 13:45:00+00:00,2021-05-22 13:45:00+00:00,15,15.0,0.0,26.11111111111111,21.11111111111111,5.0,0.0370370370370369,15.0,2021-05-22 13:15:00+00:00,25.555555555555557,True,26.666666666666668,21.666666666666668,0.5555555555555571,0.5555555555555571,344,345
2021_2021-05-22_day1_002_h30,2021,2021_2021-05-22_day1,2021-05-22 13:30:00+00:00,2021-05-22 13:30:00+00:00,2021-05-22 14:00:00+00:00,2021-05-22 14:00:00+00:00,30,30.0,0.0,26.11111111111111,21.11111111111111,5.0,0.0370370370370369,15.0,2021-05-22 13:15:00+00:00,25.555555555555557,True,26.666666666666668,21.666666666666668,0.5555555555555571,0.5555555555555571,344,346
2021_2021-05-22_day1_002_h60,2021,2021_2021-05-22_day1,2021-05-22 13:30:00+00:00,2021-05-22 13:30:00+00:00,2021-05-22 14:30:00+00:00,2021-05-22 14:30:00+00:00,60,60.0,0.0,26.11111111111111,21.11111111111111,5.0,0.0370370370370369,15.0,2021-05-22 13:15:00+00:00,25.555555555555557,True,28.333333333333332,22.77777777777778,2.2222222222222214,1.6666666666666679,344,348
2021_2021-05-22_day1_003_h15,2021,2021_2021-05-22_day1,2021-05-22 13:45:00+00:00,2021-05-22 13:45:00+00:00,2021-05-22 14:00:00+00:00,2021-05-22 14:00:00+00:00,15,15.0,0.0,26.666666666666668,21.666666666666668,5.0,0.03703703703703714,15.0,2021-05-22 13:30:00+00:00,26.11111111111111,True,26.666666666666668,21.666666666666668,0.0,0.0,345,346
2021_2021-05-22_day1_003_h30,2021,2021_2021-05-22_day1,2021-05-22 13:45:00+00:00,2021-05-22 13:45:00+00:00,2021-05-22 14:15:00+00:00,2021-05-22 14:15:00+00:00,30,30.0,0.0,26.666666666666668,21.666666666666668,5.0,0.03703703703703714,15.0,2021-05-22 13:30:00+00:00,26.11111111111111,True,27.77777777777778,22.22222222222222,1.1111111111111107,0.5555555555555536,345,347
2021_2021-05-22_day1_003_h120,2021,2021_2021-05-22_day1,2021-05-22 13:45:00+00:00,2021-05-22 13:45:00+00:00,2021-05-22 15:45:00+00:00,2021-05-22 15:45:00+00:00,120,120.0,0.0,26.666666666666668,21.666666666666668,5.0,0.03703703703703714,15.0,2021-05-22 13:30:00+00:00,26.11111111111111,True,32.77777777777778,25.0,6.111111111111111,3.333333333333332,345,349
2021_2021-05-22_day1_004_h15,2021,2021_2021-05-22_day1,2021-05-22 14:00:00+00:00,2021-05-22 14:00:00+00:00,2021-05-22 14:15:00+00:00,2021-05-22 14:15:00+00:00,15,15.0,0.0,26.666666666666668,21.666666666666668,5.0,0.0,15.0,2021-05-22 13:45:00+00:00,26.666666666666668,True,27.77777777777778,22.22222222222222,1.1111111111111107,0.5555555555555536,346,347
2021_2021-05-22_day1_004_h30,2021,2021_2021-05-22_day1,2021-05-22 14:00:00+00:00,2021-05-22 14:00:00+00:00,2021-05-22 14:30:00+00:00,2021-05-22 14:30:00+00:00,30,30.0,0.0,26.666666666666668,21.666666666666668,5.0,0.0,15.0,2021-05-22 13:45:00+00:00,26.666666666666668,True,28.333333333333332,22.77777777777778,1.6666666666666643,1.1111111111111107,346,348
2021_2021-05-22_day1_004_h120,2021,2021_2021-05-22_day1,2021-05-22 14:00:00+00:00,2021-05-22 14:00:00+00:00,2021-05-22 16:00:00+00:00,2021-05-22 16:00:00+00:00,120,120.0,0.0,26.666666666666668,21.666666666666668,5.0,0.0,15.0,2021-05-22 13:45:00+00:00,26.666666666666668,True,34.44444444444444,25.555555555555557,7.777777777777775,3.8888888888888893,346,350
2021_2021-05-22_day1_005_h15,2021,2021_2021-05-22_day1,2021-05-22 14:15:00+00:00,2021-05-22 14:15:00+00:00,2021-05-22 14:30:00+00:00,2021-05-22 14:30:00+00:00,15,15.0,0.0,27.77777777777778,22.22222222222222,5.555555555555557,0.07407407407407404,15.0,2021-05-22 14:00:00+00:00,26.666666666666668,True,28.333333333333332,22.77777777777778,0.5555555555555536,0.5555555555555571,347,348
2021_2021-05-22_day1_005_h90,2021,2021_2021-05-22_day1,2021-05-22 14:15:00+00:00,2021-05-22 14:15:00+00:00,2021-05-22 15:45:00+00:00,2021-05-22 15:45:00+00:00,90,90.0,0.0,27.77777777777778,22.22222222222222,5.555555555555557,0.07407407407407404,15.0,2021-05-22 14:00:00+00:00,26.666666666666668,True,32.77777777777778,25.0,5.0,2.7777777777777786,347,349
2021_2021-05-22_day1_005_h120,2021,2021_2021-05-22_day1,2021-05-22 14:15:00+00:00,2021-05-22 14:15:00+00:00,2021-05-22 16:15:00+00:00,2021-05-22 16:15:00+00:00,120,120.0,0.0,27.77777777777778,22.22222222222222,5.555555555555557,0.07407407407407404,15.0,2021-05-22 14:00:00+00:00,26.666666666666668,True,34.44444444444444,26.666666666666668,6.666666666666664,4.444444444444446,347,351
2021_2021-05-22_day1_006_h90,2021,2021_2021-05-22_day1,2021-05-22 14:30:00+00:00,2021-05-22 14:30:00+00:00,2021-05-22 16:00:00+00:00,2021-05-22 16:00:00+00:00,90,90.0,0.0,28.333333333333332,22.77777777777778,5.555555555555554,0.0370370370370369,15.0,2021-05-22 14:15:00+00:00,27.77777777777778,True,34.44444444444444,25.555555555555557,6.111111111111111,2.7777777777777786,348,350
2021_2021-05-22_day1_006_h120,2021,2021_2021-05-22_day1,2021-05-22 14:30:00+00:00,2021-05-22 14:30:00+00:00,2021-05-22 16:30:00+00:00,2021-05-22 16:30:00+00:00,120,120.0,0.0,28.333333333333332,22.77777777777778,5.555555555555554,0.0370370370370369,15.0,2021-05-22 14:15:00+00:00,27.77777777777778,True,35.0,26.666666666666668,6.666666666666668,3.8888888888888893,348,352
2021_2021-05-22_day1_007_h15,2021,2021_2021-05-22_day1,2021-05-22 15:45:00+00:00,2021-05-22 15:45:00+00:00,2021-05-22 16:00:00+00:00,2021-05-22 16:00:00+00:00,15,15.0,0.0,32.77777777777778,25.0,7.777777777777779,,,,,False,34.44444444444444,25.555555555555557,1.6666666666666643,0.5555555555555571,349,350
2021_2021-05-22_day1_007_h30,2021,2021_2021-05-22_day1,2021-05-22 15:45:00+00:00,2021-05-22 15:45:00+00:00,2021-05-22 16:15:00+00:00,2021-05-22 16:15:00+00:00,30,30.0,0.0,32.77777777777778,25.0,7.777777777777779,,,,,False,34.44444444444444,26.666666666666668,1.6666666666666643,1.6666666666666679,349,351
2021_2021-05-22_day1_007_h60,2021,2021_2021-05-22_day1,2021-05-22 15:45:00+00:00,2021-05-22 15:45:00+00:00,2021-05-22 16:45:00+00:00,2021-05-22 16:45:00+00:00,60,60.0,0.0,32.77777777777778,25.0,7.777777777777779,,,,,False,36.111111111111114,27.22222222222222,3.3333333333333357,2.2222222222222214,349,353
2021_2021-05-22_day1_007_h90,2021,2021_2021-05-22_day1,2021-05-22 15:45:00+00:00,2021-05-22 15:45:00+00:00,2021-05-22 17:15:00+00:00,2021-05-22 17:15:00+00:00,90,90.0,0.0,32.77777777777778,25.0,7.777777777777779,,,,,False,38.333333333333336,27.77777777777778,5.555555555555557,2.7777777777777786,349,355
2021_2021-05-22_day1_007_h120,2021,2021_2021-05-22_day1,2021-05-22 15:45:00+00:00,2021-05-22 15:45:00+00:00,2021-05-22 17:45:00+00:00,2021-05-22 17:45:00+00:00,120,120.0,0.0,32.77777777777778,25.0,7.777777777777779,,,,,False,38.333333333333336,27.77777777777778,5.555555555555557,2.7777777777777786,349,357
2021_2021-05-22_day1_008_h15,2021,2021_2021-05-22_day1,2021-05-22 16:00:00+00:00,2021-05-22 16:00:00+00:00,2021-05-22 16:15:00+00:00,2021-05-22 16:15:00+00:00,15,15.0,0.0,34.44444444444444,25.555555555555557,8.888888888888886,0.11111111111111095,15.0,2021-05-22 15:45:00+00:00,32.77777777777778,True,34.44444444444444,26.666666666666668,0.0,1.1111111111111107,350,351
2021_2021-05-22_day1_008_h30,2021,2021_2021-05-22_day1,2021-05-22 16:00:00+00:00,2021-05-22 16:00:00+00:00,2021-05-22 16:30:00+00:00,2021-05-22 16:30:00+00:00,30,30.0,0.0,34.44444444444444,25.555555555555557,8.888888888888886,0.11111111111111095,15.0,2021-05-22 15:45:00+00:00,32.77777777777778,True,35.0,26.666666666666668,0.5555555555555571,1.1111111111111107,350,352
2021_2021-05-22_day1_008_h60,2021,2021_2021-05-22_day1,2021-05-22 16:00:00+00:00,2021-05-22 16:00:00+00:00,2021-05-22 17:00:00+00:00,2021-05-22 17:00:00+00:00,60,60.0,0.0,34.44444444444444,25.555555555555557,8.888888888888886,0.11111111111111095,15.0,2021-05-22 15:45:00+00:00,32.77777777777778,True,36.666666666666664,27.22222222222222,2.2222222222222214,1.6666666666666643,350,354
2021_2021-05-22_day1_008_h90,2021,2021_2021-05-22_day1,2021-05-22 16:00:00+00:00,2021-05-22 16:00:00+00:00,2021-05-22 17:30:00+00:00,2021-05-22 17:30:00+00:00,90,90.0,0.0,34.44444444444444,25.555555555555557,8.888888888888886,0.11111111111111095,15.0,2021-05-22 15:45:00+00:00,32.77777777777778,True,38.333333333333336,27.77777777777778,3.888888888888893,2.2222222222222214,350,356
2021_2021-05-22_day1_008_h120,2021,2021_2021-05-22_day1,2021-05-22 16:00:00+00:00,2021-05-22 16:00:00+00:00,2021-05-22 18:00:00+00:00,2021-05-22 18:00:00+00:00,120,120.0,0.0,34.44444444444444,25.555555555555557,8.888888888888886,0.11111111111111095,15.0,2021-05-22 15:45:00+00:00,32.77777777777778,True,37.77777777777778,27.22222222222222,3.3333333333333357,1.6666666666666643,350,358
2021_2021-05-22_day1_009_h15,2021,2021_2021-05-22_day1,2021-05-22 16:15:00+00:00,2021-05-22 16:15:00+00:00,2021-05-22 16:30:00+00:00,2021-05-22 16:30:00+00:00,15,15.0,0.0,34.44444444444444,26.666666666666668,7.777777777777775,0.0,15.0,2021-05-22 16:00:00+00:00,34.44444444444444,True,35.0,26.666666666666668,0.5555555555555571,0.0,351,352
2021_2021-05-22_day1_009_h30,2021,2021_2021-05-22_day1,2021-05-22 16:15:00+00:00,2021-05-22 16:15:00+00:00,2021-05-22 16:45:00+00:00,2021-05-22 16:45:00+00:00,30,30.0,0.0,34.44444444444444,26.666666666666668,7.777777777777775,0.0,15.0,2021-05-22 16:00:00+00:00,34.44444444444444,True,36.111111111111114,27.22222222222222,1.6666666666666714,0.5555555555555536,351,353
2021_2021-05-22_day1_009_h60,2021,2021_2021-05-22_day1,2021-05-22 16:15:00+00:00,2021-05-22 16:15:00+00:00,2021-05-22 17:15:00+00:00,2021-05-22 17:15:00+00:00,60,60.0,0.0,34.44444444444444,26.666666666666668,7.777777777777775,0.0,15.0,2021-05-22 16:00:00+00:00,34.44444444444444,True,38.333333333333336,27.77777777777778,3.888888888888893,1.1111111111111107,351,355
2021_2021-05-22_day1_009_h90,2021,2021_2021-05-22_day1,2021-05-22 16:15:00+00:00,2021-05-22 16:15:00+00:00,2021-05-22 17:45:00+00:00,2021-05-22 17:45:00+00:00,90,90.0,0.0,34.44444444444444,26.666666666666668,7.777777777777775,0.0,15.0,2021-05-22 16:00:00+00:00,34.44444444444444,True,38.333333333333336,27.77777777777778,3.888888888888893,1.1111111111111107,351,357
2021_2021-05-22_day1_009_h120,2021,2021_2021-05-22_day1,2021-05-22 16:15:00+00:00,2021-05-22 16:15:00+00:00,2021-05-22 18:15:00+00:00,2021-05-22 18:15:00+00:00,120,120.0,0.0,34.44444444444444,26.666666666666668,7.777777777777775,0.0,15.0,2021-05-22 16:00:00+00:00,34.44444444444444,True,37.77777777777778,27.77777777777778,3.3333333333333357,1.1111111111111107,351,359
2021_2021-05-22_day1_010_h15,2021,2021_2021-05-22_day1,2021-05-22 16:30:00+00:00,2021-05-22 16:30:00+00:00,2021-05-22 16:45:00+00:00,2021-05-22 16:45:00+00:00,15,15.0,0.0,35.0,26.666666666666668,8.333333333333332,0.03703703703703714,15.0,2021-05-22 16:15:00+00:00,34.44444444444444,True,36.111111111111114,27.22222222222222,1.1111111111111143,0.5555555555555536,352,353
2021_2021-05-22_day1_010_h30,2021,2021_2021-05-22_day1,2021-05-22 16:30:00+00:00,2021-05-22 16:30:00+00:00,2021-05-22 17:00:00+00:00,2021-05-22 17:00:00+00:00,30,30.0,0.0,35.0,26.666666666666668,8.333333333333332,0.03703703703703714,15.0,2021-05-22 16:15:00+00:00,34.44444444444444,True,36.666666666666664,27.22222222222222,1.6666666666666643,0.5555555555555536,352,354
2021_2021-05-22_day1_010_h60,2021,2021_2021-05-22_day1,2021-05-22 16:30:00+00:00,2021-05-22 16:30:00+00:00,2021-05-22 17:30:00+00:00,2021-05-22 17:30:00+00:00,60,60.0,0.0,35.0,26.666666666666668,8.333333333333332,0.03703703703703714,15.0,2021-05-22 16:15:00+00:00,34.44444444444444,True,38.333333333333336,27.77777777777778,3.3333333333333357,1.1111111111111107,352,356
2021_2021-05-22_day1_010_h90,2021,2021_2021-05-22_day1,2021-05-22 16:30:00+00:00,2021-05-22 16:30:00+00:00,2021-05-22 18:00:00+00:00,2021-05-22 18:00:00+00:00,90,90.0,0.0,35.0,26.666666666666668,8.333333333333332,0.03703703703703714,15.0,2021-05-22 16:15:00+00:00,34.44444444444444,True,37.77777777777778,27.22222222222222,2.7777777777777786,0.5555555555555536,352,358
2021_2021-05-22_day1_010_h120,2021,2021_2021-05-22_day1,2021-05-22 16:30:00+00:00,2021-05-22 16:30:00+00:00,2021-05-22 18:30:00+00:00,2021-05-22 18:30:00+00:00,120,120.0,0.0,35.0,26.666666666666668,8.333333333333332,0.03703703703703714,15.0,2021-05-22 16:15:00+00:00,34.44444444444444,True,38.333333333333336,27.77777777777778,3.3333333333333357,1.1111111111111107,352,360
2021_2021-05-22_day1_011_h15,2021,2021_2021-05-22_day1,2021-05-22 16:45:00+00:00,2021-05-22 16:45:00+00:00,2021-05-22 17:00:00+00:00,2021-05-22 17:00:00+00:00,15,15.0,0.0,36.111111111111114,27.22222222222222,8.888888888888893,0.07407407407407428,15.0,2021-05-22 16:30:00+00:00,35.0,True,36.666666666666664,27.22222222222222,0.55555555555555,0.0,353,354
2021_2021-05-22_day1_011_h30,2021,2021_2021-05-22_day1,2021-05-22 16:45:00+00:00,2021-05-22 16:45:00+00:00,2021-05-22 17:15:00+00:00,2021-05-22 17:15:00+00:00,30,30.0,0.0,36.111111111111114,27.22222222222222,8.888888888888893,0.07407407407407428,15.0,2021-05-22 16:30:00+00:00,35.0,True,38.333333333333336,27.77777777777778,2.2222222222222214,0.5555555555555571,353,355
2021_2021-05-22_day1_011_h60,2021,2021_2021-05-22_day1,2021-05-22 16:45:00+00:00,2021-05-22 16:45:00+00:00,2021-05-22 17:45:00+00:00,2021-05-22 17:45:00+00:00,60,60.0,0.0,36.111111111111114,27.22222222222222,8.888888888888893,0.07407407407407428,15.0,2021-05-22 16:30:00+00:00,35.0,True,38.333333333333336,27.77777777777778,2.2222222222222214,0.5555555555555571,353,357
2021_2021-05-22_day1_011_h90,2021,2021_2021-05-22_day1,2021-05-22 16:45:00+00:00,2021-05-22 16:45:00+00:00,2021-05-22 18:15:00+00:00,2021-05-22 18:15:00+00:00,90,90.0,0.0,36.111111111111114,27.22222222222222,8.888888888888893,0.07407407407407428,15.0,2021-05-22 16:30:00+00:00,35.0,True,37.77777777777778,27.77777777777778,1.6666666666666643,0.5555555555555571,353,359
2021_2021-05-22_day1_011_h120,2021,2021_2021-05-22_day1,2021-05-22 16:45:00+00:00,2021-05-22 16:45:00+00:00,2021-05-22 18:45:00+00:00,2021-05-22 18:45:00+00:00,120,120.0,0.0,36.111111111111114,27.22222222222222,8.888888888888893,0.07407407407407428,15.0,2021-05-22 16:30:00+00:00,35.0,True,39.44444444444444,27.77777777777778,3.3333333333333286,0.5555555555555571,353,361
2021_2021-05-22_day1_012_h15,2021,2021_2021-05-22_day1,2021-05-22 17:00:00+00:00,2021-05-22 17:00:00+00:00,2021-05-22 17:15:00+00:00,2021-05-22 17:15:00+00:00,15,15.0,0.0,36.666666666666664,27.22222222222222,9.444444444444443,0.03703703703703667,15.0,2021-05-22 16:45:00+00:00,36.111111111111114,True,38.333333333333336,27.77777777777778,1.6666666666666714,0.5555555555555571,354,355
2021_2021-05-22_day1_012_h30,2021,2021_2021-05-22_day1,2021-05-22 17:00:00+00:00,2021-05-22 17:00:00+00:00,2021-05-22 17:30:00+00:00,2021-05-22 17:30:00+00:00,30,30.0,0.0,36.666666666666664,27.22222222222222,9.444444444444443,0.03703703703703667,15.0,2021-05-22 16:45:00+00:00,36.111111111111114,True,38.333333333333336,27.77777777777778,1.6666666666666714,0.5555555555555571,354,356
2021_2021-05-22_day1_012_h60,2021,2021_2021-05-22_day1,2021-05-22 17:00:00+00:00,2021-05-22 17:00:00+00:00,2021-05-22 18:00:00+00:00,2021-05-22 18:00:00+00:00,60,60.0,0.0,36.666666666666664,27.22222222222222,9.444444444444443,0.03703703703703667,15.0,2021-05-22 16:45:00+00:00,36.111111111111114,True,37.77777777777778,27.22222222222222,1.1111111111111143,0.0,354,358
2021_2021-05-22_day1_012_h90,2021,2021_2021-05-22_day1,2021-05-22 17:00:00+00:00,2021-05-22 17:00:00+00:00,2021-05-22 18:30:00+00:00,2021-05-22 18:30:00+00:00,90,90.0,0.0,36.666666666666664,27.22222222222222,9.444444444444443,0.03703703703703667,15.0,2021-05-22 16:45:00+00:00,36.111111111111114,True,38.333333333333336,27.77777777777778,1.6666666666666714,0.5555555555555571,354,360
2021_2021-05-22_day1_012_h120,2021,2021_2021-05-22_day1,2021-05-22 17:00:00+00:00,2021-05-22 17:00:00+00:00,2021-05-22 19:00:00+00:00,2021-05-22 19:00:00+00:00,120,120.0,0.0,36.666666666666664,27.22222222222222,9.444444444444443,0.03703703703703667,15.0,2021-05-22 16:45:00+00:00,36.111111111111114,True,42.77777777777778,28.88888888888889,6.111111111111114,1.6666666666666679,354,362
2021_2021-05-22_day1_013_h15,2021,2021_2021-05-22_day1,2021-05-22 17:15:00+00:00,2021-05-22 17:15:00+00:00,2021-05-22 17:30:00+00:00,2021-05-22 17:30:00+00:00,15,15.0,0.0,38.333333333333336,27.77777777777778,10.555555555555557,0.11111111111111142,15.0,2021-05-22 17:00:00+00:00,36.666666666666664,True,38.333333333333336,27.77777777777778,0.0,0.0,355,356
2021_2021-05-22_day1_013_h30,2021,2021_2021-05-22_day1,2021-05-22 17:15:00+00:00,2021-05-22 17:15:00+00:00,2021-05-22 17:45:00+00:00,2021-05-22 17:45:00+00:00,30,30.0,0.0,38.333333333333336,27.77777777777778,10.555555555555557,0.11111111111111142,15.0,2021-05-22 17:00:00+00:00,36.666666666666664,True,38.333333333333336,27.77777777777778,0.0,0.0,355,357
2021_2021-05-22_day1_013_h60,2021,2021_2021-05-22_day1,2021-05-22 17:15:00+00:00,2021-05-22 17:15:00+00:00,2021-05-22 18:15:00+00:00,2021-05-22 18:15:00+00:00,60,60.0,0.0,38.333333333333336,27.77777777777778,10.555555555555557,0.11111111111111142,15.0,2021-05-22 17:00:00+00:00,36.666666666666664,True,37.77777777777778,27.77777777777778,-0.5555555555555571,0.0,355,359
2021_2021-05-22_day1_013_h90,2021,2021_2021-05-22_day1,2021-05-22 17:15:00+00:00,2021-05-22 17:15:00+00:00,2021-05-22 18:45:00+00:00,2021-05-22 18:45:00+00:00,90,90.0,0.0,38.333333333333336,27.77777777777778,10.555555555555557,0.11111111111111142,15.0,2021-05-22 17:00:00+00:00,36.666666666666664,True,39.44444444444444,27.77777777777778,1.1111111111111072,0.0,355,361
2021_2021-05-22_day1_013_h120,2021,2021_2021-05-22_day1,2021-05-22 17:15:00+00:00,2021-05-22 17:15:00+00:00,2021-05-22 19:15:00+00:00,2021-05-22 19:15:00+00:00,120,120.0,0.0,38.333333333333336,27.77777777777778,10.555555555555557,0.11111111111111142,15.0,2021-05-22 17:00:00+00:00,36.666666666666664,True,44.44444444444444,29.444444444444443,6.111111111111107,1.6666666666666643,355,363
2021_2021-05-22_day1_014_h15,2021,2021_2021-05-22_day1,2021-05-22 17:30:00+00:00,2021-05-22 17:30:00+00:00,2021-05-22 17:45:00+00:00,2021-05-22 17:45:00+00:00,15,15.0,0.0,38.333333333333336,27.77777777777778,10.555555555555557,0.0,15.0,2021-05-22 17:15:00+00:00,38.333333333333336,True,38.333333333333336,27.77777777777778,0.0,0.0,356,357
2021_2021-05-22_day1_014_h30,2021,2021_2021-05-22_day1,2021-05-22 17:30:00+00:00,2021-05-22 17:30:00+00:00,2021-05-22 18:00:00+00:00,2021-05-22 18:00:00+00:00,30,30.0,0.0,38.333333333333336,27.77777777777778,10.555555555555557,0.0,15.0,2021-05-22 17:15:00+00:00,38.333333333333336,True,37.77777777777778,27.22222222222222,-0.5555555555555571,-0.5555555555555571,356,358
2021_2021-05-22_day1_014_h60,2021,2021_2021-05-22_day1,2021-05-22 17:30:00+00:00,2021-05-22 17:30:00+00:00,2021-05-22 18:30:00+00:00,2021-05-22 18:30:00+00:00,60,60.0,0.0,38.333333333333336,27.77777777777778,10.555555555555557,0.0,15.0,2021-05-22 17:15:00+00:00,38.333333333333336,True,38.333333333333336,27.77777777777778,0.0,0.0,356,360
2021_2021-05-22_day1_014_h90,2021,2021_2021-05-22_day1,2021-05-22 17:30:00+00:00,2021-05-22 17:30:00+00:00,2021-05-22 19:00:00+00:00,2021-05-22 19:00:00+00:00,90,90.0,0.0,38.333333333333336,27.77777777777778,10.555555555555557,0.0,15.0,2021-05-22 17:15:00+00:00,38.333333333333336,True,42.77777777777778,28.88888888888889,4.444444444444443,1.1111111111111107,356,362
2021_2021-05-22_day1_014_h120,2021,2021_2021-05-22_day1,2021-05-22 17:30:00+00:00,2021-05-22 17:30:00+00:00,2021-05-22 19:30:00+00:00,2021-05-22 19:30:00+00:00,120,120.0,0.0,38.333333333333336,27.77777777777778,10.555555555555557,0.0,15.0,2021-05-22 17:15:00+00:00,38.333333333333336,True,45.55555555555556,30.0,7.222222222222221,2.2222222222222214,356,364
2021_2021-05-22_day1_015_h15,2021,2021_2021-05-22_day1,2021-05-22 17:45:00+00:00,2021-05-22 17:45:00+00:00,2021-05-22 18:00:00+00:00,2021-05-22 18:00:00+00:00,15,15.0,0.0,38.333333333333336,27.77777777777778,10.555555555555557,0.0,15.0,2021-05-22 17:30:00+00:00,38.333333333333336,True,37.77777777777778,27.22222222222222,-0.5555555555555571,-0.5555555555555571,357,358
2021_2021-05-22_day1_015_h30,2021,2021_2021-05-22_day1,2021-05-22 17:45:00+00:00,2021-05-22 17:45:00+00:00,2021-05-22 18:15:00+00:00,2021-05-22 18:15:00+00:00,30,30.0,0.0,38.333333333333336,27.77777777777778,10.555555555555557,0.0,15.0,2021-05-22 17:30:00+00:00,38.333333333333336,True,37.77777777777778,27.77777777777778,-0.5555555555555571,0.0,357,359
2021_2021-05-22_day1_015_h60,2021,2021_2021-05-22_day1,2021-05-22 17:45:00+00:00,2021-05-22 17:45:00+00:00,2021-05-22 18:45:00+00:00,2021-05-22 18:45:00+00:00,60,60.0,0.0,38.333333333333336,27.77777777777778,10.555555555555557,0.0,15.0,2021-05-22 17:30:00+00:00,38.333333333333336,True,39.44444444444444,27.77777777777778,1.1111111111111072,0.0,357,361
2021_2021-05-22_day1_015_h90,2021,2021_2021-05-22_day1,2021-05-22 17:45:00+00:00,2021-05-22 17:45:00+00:00,2021-05-22 19:15:00+00:00,2021-05-22 19:15:00+00:00,90,90.0,0.0,38.333333333333336,27.77777777777778,10.555555555555557,0.0,15.0,2021-05-22 17:30:00+00:00,38.333333333333336,True,44.44444444444444,29.444444444444443,6.111111111111107,1.6666666666666643,357,363
2021_2021-05-22_day1_015_h120,2021,2021_2021-05-22_day1,2021-05-22 17:45:00+00:00,2021-05-22 17:45:00+00:00,2021-05-22 19:45:00+00:00,2021-05-22 19:45:00+00:00,120,120.0,0.0,38.333333333333336,27.77777777777778,10.555555555555557,0.0,15.0,2021-05-22 17:30:00+00:00,38.333333333333336,True,46.111111111111114,29.444444444444443,7.777777777777779,1.6666666666666643,357,365
2021_2021-05-22_day1_016_h15,2021,2021_2021-05-22_day1,2021-05-22 18:00:00+00:00,2021-05-22 18:00:00+00:00,2021-05-22 18:15:00+00:00,2021-05-22 18:15:00+00:00,15,15.0,0.0,37.77777777777778,27.22222222222222,10.555555555555557,-0.03703703703703714,15.0,2021-05-22 17:45:00+00:00,38.333333333333336,True,37.77777777777778,27.77777777777778,0.0,0.5555555555555571,358,359
2021_2021-05-22_day1_016_h30,2021,2021_2021-05-22_day1,2021-05-22 18:00:00+00:00,2021-05-22 18:00:00+00:00,2021-05-22 18:30:00+00:00,2021-05-22 18:30:00+00:00,30,30.0,0.0,37.77777777777778,27.22222222222222,10.555555555555557,-0.03703703703703714,15.0,2021-05-22 17:45:00+00:00,38.333333333333336,True,38.333333333333336,27.77777777777778,0.5555555555555571,0.5555555555555571,358,360
2021_2021-05-22_day1_016_h60,2021,2021_2021-05-22_day1,2021-05-22 18:00:00+00:00,2021-05-22 18:00:00+00:00,2021-05-22 19:00:00+00:00,2021-05-22 19:00:00+00:00,60,60.0,0.0,37.77777777777778,27.22222222222222,10.555555555555557,-0.03703703703703714,15.0,2021-05-22 17:45:00+00:00,38.333333333333336,True,42.77777777777778,28.88888888888889,5.0,1.6666666666666679,358,362
2021_2021-05-22_day1_016_h90,2021,2021_2021-05-22_day1,2021-05-22 18:00:00+00:00,2021-05-22 18:00:00+00:00,2021-05-22 19:30:00+00:00,2021-05-22 19:30:00+00:00,90,90.0,0.0,37.77777777777778,27.22222222222222,10.555555555555557,-0.03703703703703714,15.0,2021-05-22 17:45:00+00:00,38.333333333333336,True,45.55555555555556,30.0,7.777777777777779,2.7777777777777786,358,364
2021_2021-05-22_day1_016_h120,2021,2021_2021-05-22_day1,2021-05-22 18:00:00+00:00,2021-05-22 18:00:00+00:00,2021-05-22 20:00:00+00:00,2021-05-22 20:00:00+00:00,120,120.0,0.0,37.77777777777778,27.22222222222222,10.555555555555557,-0.03703703703703714,15.0,2021-05-22 17:45:00+00:00,38.333333333333336,True,47.22222222222222,29.444444444444443,9.444444444444443,2.2222222222222214,358,366
2021_2021-05-22_day1_017_h15,2021,2021_2021-05-22_day1,2021-05-22 18:15:00+00:00,2021-05-22 18:15:00+00:00,2021-05-22 18:30:00+00:00,2021-05-22 18:30:00+00:00,15,15.0,0.0,37.77777777777778,27.77777777777778,10.0,0.0,15.0,2021-05-22 18:00:00+00:00,37.77777777777778,True,38.333333333333336,27.77777777777778,0.5555555555555571,0.0,359,360
2021_2021-05-22_day1_017_h30,2021,2021_2021-05-22_day1,2021-05-22 18:15:00+00:00,2021-05-22 18:15:00+00:00,2021-05-22 18:45:00+00:00,2021-05-22 18:45:00+00:00,30,30.0,0.0,37.77777777777778,27.77777777777778,10.0,0.0,15.0,2021-05-22 18:00:00+00:00,37.77777777777778,True,39.44444444444444,27.77777777777778,1.6666666666666643,0.0,359,361
2021_2021-05-22_day1_017_h60,2021,2021_2021-05-22_day1,2021-05-22 18:15:00+00:00,2021-05-22 18:15:00+00:00,2021-05-22 19:15:00+00:00,2021-05-22 19:15:00+00:00,60,60.0,0.0,37.77777777777778,27.77777777777778,10.0,0.0,15.0,2021-05-22 18:00:00+00:00,37.77777777777778,True,44.44444444444444,29.444444444444443,6.666666666666664,1.6666666666666643,359,363
2021_2021-05-22_day1_017_h90,2021,2021_2021-05-22_day1,2021-05-22 18:15:00+00:00,2021-05-22 18:15:00+00:00,2021-05-22 19:45:00+00:00,2021-05-22 19:45:00+00:00,90,90.0,0.0,37.77777777777778,27.77777777777778,10.0,0.0,15.0,2021-05-22 18:00:00+00:00,37.77777777777778,True,46.111111111111114,29.444444444444443,8.333333333333336,1.6666666666666643,359,365
2021_2021-05-22_day1_017_h120,2021,2021_2021-05-22_day1,2021-05-22 18:15:00+00:00,2021-05-22 18:15:00+00:00,2021-05-22 20:15:00+00:00,2021-05-22 20:15:00+00:00,120,120.0,0.0,37.77777777777778,27.77777777777778,10.0,0.0,15.0,2021-05-22 18:00:00+00:00,37.77777777777778,True,48.333333333333336,30.0,10.555555555555557,2.2222222222222214,359,367
2021_2021-05-22_day1_018_h15,2021,2021_2021-05-22_day1,2021-05-22 18:30:00+00:00,2021-05-22 18:30:00+00:00,2021-05-22 18:45:00+00:00,2021-05-22 18:45:00+00:00,15,15.0,0.0,38.333333333333336,27.77777777777778,10.555555555555557,0.03703703703703714,15.0,2021-05-22 18:15:00+00:00,37.77777777777778,True,39.44444444444444,27.77777777777778,1.1111111111111072,0.0,360,361
2021_2021-05-22_day1_018_h30,2021,2021_2021-05-22_day1,2021-05-22 18:30:00+00:00,2021-05-22 18:30:00+00:00,2021-05-22 19:00:00+00:00,2021-05-22 19:00:00+00:00,30,30.0,0.0,38.333333333333336,27.77777777777778,10.555555555555557,0.03703703703703714,15.0,2021-05-22 18:15:00+00:00,37.77777777777778,True,42.77777777777778,28.88888888888889,4.444444444444443,1.1111111111111107,360,362
2021_2021-05-22_day1_018_h60,2021,2021_2021-05-22_day1,2021-05-22 18:30:00+00:00,2021-05-22 18:30:00+00:00,2021-05-22 19:30:00+00:00,2021-05-22 19:30:00+00:00,60,60.0,0.0,38.333333333333336,27.77777777777778,10.555555555555557,0.03703703703703714,15.0,2021-05-22 18:15:00+00:00,37.77777777777778,True,45.55555555555556,30.0,7.222222222222221,2.2222222222222214,360,364
2021_2021-05-22_day1_018_h90,2021,2021_2021-05-22_day1,2021-05-22 18:30:00+00:00,2021-05-22 18:30:00+00:00,2021-05-22 20:00:00+00:00,2021-05-22 20:00:00+00:00,90,90.0,0.0,38.333333333333336,27.77777777777778,10.555555555555557,0.03703703703703714,15.0,2021-05-22 18:15:00+00:00,37.77777777777778,True,47.22222222222222,29.444444444444443,8.888888888888886,1.6666666666666643,360,366
2021_2021-05-22_day1_018_h120,2021,2021_2021-05-22_day1,2021-05-22 18:30:00+00:00,2021-05-22 18:30:00+00:00,2021-05-22 20:30:00+00:00,2021-05-22 20:30:00+00:00,120,120.0,0.0,38.333333333333336,27.77777777777778,10.555555555555557,0.03703703703703714,15.0,2021-05-22 18:15:00+00:00,37.77777777777778,True,48.333333333333336,30.555555555555557,10.0,2.7777777777777786,360,368
2021_2021-05-22_day1_019_h15,2021,2021_2021-05-22_day1,2021-05-22 18:45:00+00:00,2021-05-22 18:45:00+00:00,2021-05-22 19:00:00+00:00,2021-05-22 19:00:00+00:00,15,15.0,0.0,39.44444444444444,27.77777777777778,11.666666666666664,0.0740740740740738,15.0,2021-05-22 18:30:00+00:00,38.333333333333336,True,42.77777777777778,28.88888888888889,3.3333333333333357,1.1111111111111107,361,362
2021_2021-05-22_day1_019_h30,2021,2021_2021-05-22_day1,2021-05-22 18:45:00+00:00,2021-05-22 18:45:00+00:00,2021-05-22 19:15:00+00:00,2021-05-22 19:15:00+00:00,30,30.0,0.0,39.44444444444444,27.77777777777778,11.666666666666664,0.0740740740740738,15.0,2021-05-22 18:30:00+00:00,38.333333333333336,True,44.44444444444444,29.444444444444443,5.0,1.6666666666666643,361,363
2021_2021-05-22_day1_019_h60,2021,2021_2021-05-22_day1,2021-05-22 18:45:00+00:00,2021-05-22 18:45:00+00:00,2021-05-22 19:45:00+00:00,2021-05-22 19:45:00+00:00,60,60.0,0.0,39.44444444444444,27.77777777777778,11.666666666666664,0.0740740740740738,15.0,2021-05-22 18:30:00+00:00,38.333333333333336,True,46.111111111111114,29.444444444444443,6.666666666666671,1.6666666666666643,361,365
2021_2021-05-22_day1_019_h90,2021,2021_2021-05-22_day1,2021-05-22 18:45:00+00:00,2021-05-22 18:45:00+00:00,2021-05-22 20:15:00+00:00,2021-05-22 20:15:00+00:00,90,90.0,0.0,39.44444444444444,27.77777777777778,11.666666666666664,0.0740740740740738,15.0,2021-05-22 18:30:00+00:00,38.333333333333336,True,48.333333333333336,30.0,8.888888888888893,2.2222222222222214,361,367
2021_2021-05-22_day1_019_h120,2021,2021_2021-05-22_day1,2021-05-22 18:45:00+00:00,2021-05-22 18:45:00+00:00,2021-05-22 20:45:00+00:00,2021-05-22 20:45:00+00:00,120,120.0,0.0,39.44444444444444,27.77777777777778,11.666666666666664,0.0740740740740738,15.0,2021-05-22 18:30:00+00:00,38.333333333333336,True,47.77777777777778,30.0,8.333333333333336,2.2222222222222214,361,369
2021_2021-05-22_day1_020_h15,2021,2021_2021-05-22_day1,2021-05-22 19:00:00+00:00,2021-05-22 19:00:00+00:00,2021-05-22 19:15:00+00:00,2021-05-22 19:15:00+00:00,15,15.0,0.0,42.77777777777778,28.88888888888889,13.88888888888889,0.22222222222222238,15.0,2021-05-22 18:45:00+00:00,39.44444444444444,True,44.44444444444444,29.444444444444443,1.6666666666666643,0.5555555555555536,362,363
2021_2021-05-22_day1_020_h30,2021,2021_2021-05-22_day1,2021-05-22 19:00:00+00:00,2021-05-22 19:00:00+00:00,2021-05-22 19:30:00+00:00,2021-05-22 19:30:00+00:00,30,30.0,0.0,42.77777777777778,28.88888888888889,13.88888888888889,0.22222222222222238,15.0,2021-05-22 18:45:00+00:00,39.44444444444444,True,45.55555555555556,30.0,2.7777777777777786,1.1111111111111107,362,364
2021_2021-05-22_day1_020_h60,2021,2021_2021-05-22_day1,2021-05-22 19:00:00+00:00,2021-05-22 19:00:00+00:00,2021-05-22 20:00:00+00:00,2021-05-22 20:00:00+00:00,60,60.0,0.0,42.77777777777778,28.88888888888889,13.88888888888889,0.22222222222222238,15.0,2021-05-22 18:45:00+00:00,39.44444444444444,True,47.22222222222222,29.444444444444443,4.444444444444443,0.5555555555555536,362,366
2021_2021-05-22_day1_020_h90,2021,2021_2021-05-22_day1,2021-05-22 19:00:00+00:00,2021-05-22 19:00:00+00:00,2021-05-22 20:30:00+00:00,2021-05-22 20:30:00+00:00,90,90.0,0.0,42.77777777777778,28.88888888888889,13.88888888888889,0.22222222222222238,15.0,2021-05-22 18:45:00+00:00,39.44444444444444,True,48.333333333333336,30.555555555555557,5.555555555555557,1.6666666666666679,362,368
2021_2021-05-22_day1_020_h120,2021,2021_2021-05-22_day1,2021-05-22 19:00:00+00:00,2021-05-22 19:00:00+00:00,2021-05-22 21:00:00+00:00,2021-05-22 21:00:00+00:00,120,120.0,0.0,42.77777777777778,28.88888888888889,13.88888888888889,0.22222222222222238,15.0,2021-05-22 18:45:00+00:00,39.44444444444444,True,47.22222222222222,30.0,4.444444444444443,1.1111111111111107,362,370
2021_2021-05-22_day1_021_h15,2021,2021_2021-05-22_day1,2021-05-22 19:15:00+00:00,2021-05-22 19:15:00+00:00,2021-05-22 19:30:00+00:00,2021-05-22 19:30:00+00:00,15,15.0,0.0,44.44444444444444,29.444444444444443,15.0,0.11111111111111095,15.0,2021-05-22 19:00:00+00:00,42.77777777777778,True,45.55555555555556,30.0,1.1111111111111143,0.5555555555555571,363,364
2021_2021-05-22_day1_021_h30,2021,2021_2021-05-22_day1,2021-05-22 19:15:00+00:00,2021-05-22 19:15:00+00:00,2021-05-22 19:45:00+00:00,2021-05-22 19:45:00+00:00,30,30.0,0.0,44.44444444444444,29.444444444444443,15.0,0.11111111111111095,15.0,2021-05-22 19:00:00+00:00,42.77777777777778,True,46.111111111111114,29.444444444444443,1.6666666666666714,0.0,363,365
2021_2021-05-22_day1_021_h60,2021,2021_2021-05-22_day1,2021-05-22 19:15:00+00:00,2021-05-22 19:15:00+00:00,2021-05-22 20:15:00+00:00,2021-05-22 20:15:00+00:00,60,60.0,0.0,44.44444444444444,29.444444444444443,15.0,0.11111111111111095,15.0,2021-05-22 19:00:00+00:00,42.77777777777778,True,48.333333333333336,30.0,3.888888888888893,0.5555555555555571,363,367
2021_2021-05-22_day1_021_h90,2021,2021_2021-05-22_day1,2021-05-22 19:15:00+00:00,2021-05-22 19:15:00+00:00,2021-05-22 20:45:00+00:00,2021-05-22 20:45:00+00:00,90,90.0,0.0,44.44444444444444,29.444444444444443,15.0,0.11111111111111095,15.0,2021-05-22 19:00:00+00:00,42.77777777777778,True,47.77777777777778,30.0,3.3333333333333357,0.5555555555555571,363,369
2021_2021-05-22_day1_021_h120,2021,2021_2021-05-22_day1,2021-05-22 19:15:00+00:00,2021-05-22 19:15:00+00:00,2021-05-22 21:15:00+00:00,2021-05-22 21:15:00+00:00,120,120.0,0.0,44.44444444444444,29.444444444444443,15.0,0.11111111111111095,15.0,2021-05-22 19:00:00+00:00,42.77777777777778,True,45.55555555555556,30.0,1.1111111111111143,0.5555555555555571,363,371
2021_2021-05-22_day1_022_h15,2021,2021_2021-05-22_day1,2021-05-22 19:30:00+00:00,2021-05-22 19:30:00+00:00,2021-05-22 19:45:00+00:00,2021-05-22 19:45:00+00:00,15,15.0,0.0,45.55555555555556,30.0,15.555555555555557,0.07407407407407428,15.0,2021-05-22 19:15:00+00:00,44.44444444444444,True,46.111111111111114,29.444444444444443,0.5555555555555571,-0.5555555555555571,364,365
2021_2021-05-22_day1_022_h30,2021,2021_2021-05-22_day1,2021-05-22 19:30:00+00:00,2021-05-22 19:30:00+00:00,2021-05-22 20:00:00+00:00,2021-05-22 20:00:00+00:00,30,30.0,0.0,45.55555555555556,30.0,15.555555555555557,0.07407407407407428,15.0,2021-05-22 19:15:00+00:00,44.44444444444444,True,47.22222222222222,29.444444444444443,1.6666666666666643,-0.5555555555555571,364,366
2021_2021-05-22_day1_022_h60,2021,2021_2021-05-22_day1,2021-05-22 19:30:00+00:00,2021-05-22 19:30:00+00:00,2021-05-22 20:30:00+00:00,2021-05-22 20:30:00+00:00,60,60.0,0.0,45.55555555555556,30.0,15.555555555555557,0.07407407407407428,15.0,2021-05-22 19:15:00+00:00,44.44444444444444,True,48.333333333333336,30.555555555555557,2.7777777777777786,0.5555555555555571,364,368
2021_2021-05-22_day1_022_h90,2021,2021_2021-05-22_day1,2021-05-22 19:30:00+00:00,2021-05-22 19:30:00+00:00,2021-05-22 21:00:00+00:00,2021-05-22 21:00:00+00:00,90,90.0,0.0,45.55555555555556,30.0,15.555555555555557,0.07407407407407428,15.0,2021-05-22 19:15:00+00:00,44.44444444444444,True,47.22222222222222,30.0,1.6666666666666643,0.0,364,370
2021_2021-05-22_day1_022_h120,2021,2021_2021-05-22_day1,2021-05-22 19:30:00+00:00,2021-05-22 19:30:00+00:00,2021-05-22 21:30:00+00:00,2021-05-22 21:30:00+00:00,120,120.0,0.0,45.55555555555556,30.0,15.555555555555557,0.07407407407407428,15.0,2021-05-22 19:15:00+00:00,44.44444444444444,True,45.55555555555556,30.555555555555557,0.0,0.5555555555555571,364,372
2021_2021-05-22_day1_023_h15,2021,2021_2021-05-22_day1,2021-05-22 19:45:00+00:00,2021-05-22 19:45:00+00:00,2021-05-22 20:00:00+00:00,2021-05-22 20:00:00+00:00,15,15.0,0.0,46.111111111111114,29.444444444444443,16.66666666666667,0.03703703703703714,15.0,2021-05-22 19:30:00+00:00,45.55555555555556,True,47.22222222222222,29.444444444444443,1.1111111111111072,0.0,365,366
2021_2021-05-22_day1_023_h30,2021,2021_2021-05-22_day1,2021-05-22 19:45:00+00:00,2021-05-22 19:45:00+00:00,2021-05-22 20:15:00+00:00,2021-05-22 20:15:00+00:00,30,30.0,0.0,46.111111111111114,29.444444444444443,16.66666666666667,0.03703703703703714,15.0,2021-05-22 19:30:00+00:00,45.55555555555556,True,48.333333333333336,30.0,2.2222222222222214,0.5555555555555571,365,367
2021_2021-05-22_day1_023_h60,2021,2021_2021-05-22_day1,2021-05-22 19:45:00+00:00,2021-05-22 19:45:00+00:00,2021-05-22 20:45:00+00:00,2021-05-22 20:45:00+00:00,60,60.0,0.0,46.111111111111114,29.444444444444443,16.66666666666667,0.03703703703703714,15.0,2021-05-22 19:30:00+00:00,45.55555555555556,True,47.77777777777778,30.0,1.6666666666666643,0.5555555555555571,365,369
2021_2021-05-22_day1_023_h90,2021,2021_2021-05-22_day1,2021-05-22 19:45:00+00:00,2021-05-22 19:45:00+00:00,2021-05-22 21:15:00+00:00,2021-05-22 21:15:00+00:00,90,90.0,0.0,46.111111111111114,29.444444444444443,16.66666666666667,0.03703703703703714,15.0,2021-05-22 19:30:00+00:00,45.55555555555556,True,45.55555555555556,30.0,-0.5555555555555571,0.5555555555555571,365,371
2021_2021-05-22_day1_023_h120,2021,2021_2021-05-22_day1,2021-05-22 19:45:00+00:00,2021-05-22 19:45:00+00:00,2021-05-22 21:45:00+00:00,2021-05-22 21:45:00+00:00,120,120.0,0.0,46.111111111111114,29.444444444444443,16.66666666666667,0.03703703703703714,15.0,2021-05-22 19:30:00+00:00,45.55555555555556,True,45.0,30.555555555555557,-1.1111111111111143,1.1111111111111143,365,373
2021_2021-05-22_day1_024_h15,2021,2021_2021-05-22_day1,2021-05-22 20:00:00+00:00,2021-05-22 20:00:00+00:00,2021-05-22 20:15:00+00:00,2021-05-22 20:15:00+00:00,15,15.0,0.0,47.22222222222222,29.444444444444443,17.77777777777778,0.0740740740740738,15.0,2021-05-22 19:45:00+00:00,46.111111111111114,True,48.333333333333336,30.0,1.1111111111111143,0.5555555555555571,366,367
2021_2021-05-22_day1_024_h30,2021,2021_2021-05-22_day1,2021-05-22 20:00:00+00:00,2021-05-22 20:00:00+00:00,2021-05-22 20:30:00+00:00,2021-05-22 20:30:00+00:00,30,30.0,0.0,47.22222222222222,29.444444444444443,17.77777777777778,0.0740740740740738,15.0,2021-05-22 19:45:00+00:00,46.111111111111114,True,48.333333333333336,30.555555555555557,1.1111111111111143,1.1111111111111143,366,368
2021_2021-05-22_day1_024_h60,2021,2021_2021-05-22_day1,2021-05-22 20:00:00+00:00,2021-05-22 20:00:00+00:00,2021-05-22 21:00:00+00:00,2021-05-22 21:00:00+00:00,60,60.0,0.0,47.22222222222222,29.444444444444443,17.77777777777778,0.0740740740740738,15.0,2021-05-22 19:45:00+00:00,46.111111111111114,True,47.22222222222222,30.0,0.0,0.5555555555555571,366,370
2021_2021-05-22_day1_024_h90,2021,2021_2021-05-22_day1,2021-05-22 20:00:00+00:00,2021-05-22 20:00:00+00:00,2021-05-22 21:30:00+00:00,2021-05-22 21:30:00+00:00,90,90.0,0.0,47.22222222222222,29.444444444444443,17.77777777777778,0.0740740740740738,15.0,2021-05-22 19:45:00+00:00,46.111111111111114,True,45.55555555555556,30.555555555555557,-1.6666666666666643,1.1111111111111143,366,372
2021_2021-05-22_day1_025_h15,2021,2021_2021-05-22_day1,2021-05-22 20:15:00+00:00,2021-05-22 20:15:00+00:00,2021-05-22 20:30:00+00:00,2021-05-22 20:30:00+00:00,15,15.0,0.0,48.333333333333336,30.0,18.333333333333336,0.07407407407407428,15.0,2021-05-22 20:00:00+00:00,47.22222222222222,True,48.333333333333336,30.555555555555557,0.0,0.5555555555555571,367,368
2021_2021-05-22_day1_025_h30,2021,2021_2021-05-22_day1,2021-05-22 20:15:00+00:00,2021-05-22 20:15:00+00:00,2021-05-22 20:45:00+00:00,2021-05-22 20:45:00+00:00,30,30.0,0.0,48.333333333333336,30.0,18.333333333333336,0.07407407407407428,15.0,2021-05-22 20:00:00+00:00,47.22222222222222,True,47.77777777777778,30.0,-0.5555555555555571,0.0,367,369
2021_2021-05-22_day1_025_h60,2021,2021_2021-05-22_day1,2021-05-22 20:15:00+00:00,2021-05-22 20:15:00+00:00,2021-05-22 21:15:00+00:00,2021-05-22 21:15:00+00:00,60,60.0,0.0,48.333333333333336,30.0,18.333333333333336,0.07407407407407428,15.0,2021-05-22 20:00:00+00:00,47.22222222222222,True,45.55555555555556,30.0,-2.7777777777777786,0.0,367,371
2021_2021-05-22_day1_025_h90,2021,2021_2021-05-22_day1,2021-05-22 20:15:00+00:00,2021-05-22 20:15:00+00:00,2021-05-22 21:45:00+00:00,2021-05-22 21:45:00+00:00,90,90.0,0.0,48.333333333333336,30.0,18.333333333333336,0.07407407407407428,15.0,2021-05-22 20:00:00+00:00,47.22222222222222,True,45.0,30.555555555555557,-3.3333333333333357,0.5555555555555571,367,373
2021_2021-05-22_day1_026_h15,2021,2021_2021-05-22_day1,2021-05-22 20:30:00+00:00,2021-05-22 20:30:00+00:00,2021-05-22 20:45:00+00:00,2021-05-22 20:45:00+00:00,15,15.0,0.0,48.333333333333336,30.555555555555557,17.77777777777778,0.0,15.0,2021-05-22 20:15:00+00:00,48.333333333333336,True,47.77777777777778,30.0,-0.5555555555555571,-0.5555555555555571,368,369
2021_2021-05-22_day1_026_h30,2021,2021_2021-05-22_day1,2021-05-22 20:30:00+00:00,2021-05-22 20:30:00+00:00,2021-05-22 21:00:00+00:00,2021-05-22 21:00:00+00:00,30,30.0,0.0,48.333333333333336,30.555555555555557,17.77777777777778,0.0,15.0,2021-05-22 20:15:00+00:00,48.333333333333336,True,47.22222222222222,30.0,-1.1111111111111143,-0.5555555555555571,368,370
2021_2021-05-22_day1_026_h60,2021,2021_2021-05-22_day1,2021-05-22 20:30:00+00:00,2021-05-22 20:30:00+00:00,2021-05-22 21:30:00+00:00,2021-05-22 21:30:00+00:00,60,60.0,0.0,48.333333333333336,30.555555555555557,17.77777777777778,0.0,15.0,2021-05-22 20:15:00+00:00,48.333333333333336,True,45.55555555555556,30.555555555555557,-2.7777777777777786,0.0,368,372
2021_2021-05-22_day1_027_h15,2021,2021_2021-05-22_day1,2021-05-22 20:45:00+00:00,2021-05-22 20:45:00+00:00,2021-05-22 21:00:00+00:00,2021-05-22 21:00:00+00:00,15,15.0,0.0,47.77777777777778,30.0,17.77777777777778,-0.03703703703703714,15.0,2021-05-22 20:30:00+00:00,48.333333333333336,True,47.22222222222222,30.0,-0.5555555555555571,0.0,369,370
2021_2021-05-22_day1_027_h30,2021,2021_2021-05-22_day1,2021-05-22 20:45:00+00:00,2021-05-22 20:45:00+00:00,2021-05-22 21:15:00+00:00,2021-05-22 21:15:00+00:00,30,30.0,0.0,47.77777777777778,30.0,17.77777777777778,-0.03703703703703714,15.0,2021-05-22 20:30:00+00:00,48.333333333333336,True,45.55555555555556,30.0,-2.2222222222222214,0.0,369,371
2021_2021-05-22_day1_027_h60,2021,2021_2021-05-22_day1,2021-05-22 20:45:00+00:00,2021-05-22 20:45:00+00:00,2021-05-22 21:45:00+00:00,2021-05-22 21:45:00+00:00,60,60.0,0.0,47.77777777777778,30.0,17.77777777777778,-0.03703703703703714,15.0,2021-05-22 20:30:00+00:00,48.333333333333336,True,45.0,30.555555555555557,-2.7777777777777786,0.5555555555555571,369,373
2021_2021-05-22_day1_028_h15,2021,2021_2021-05-22_day1,2021-05-22 21:00:00+00:00,2021-05-22 21:00:00+00:00,2021-05-22 21:15:00+00:00,2021-05-22 21:15:00+00:00,15,15.0,0.0,47.22222222222222,30.0,17.22222222222222,-0.03703703703703714,15.0,2021-05-22 20:45:00+00:00,47.77777777777778,True,45.55555555555556,30.0,-1.6666666666666643,0.0,370,371
2021_2021-05-22_day1_028_h30,2021,2021_2021-05-22_day1,2021-05-22 21:00:00+00:00,2021-05-22 21:00:00+00:00,2021-05-22 21:30:00+00:00,2021-05-22 21:30:00+00:00,30,30.0,0.0,47.22222222222222,30.0,17.22222222222222,-0.03703703703703714,15.0,2021-05-22 20:45:00+00:00,47.77777777777778,True,45.55555555555556,30.555555555555557,-1.6666666666666643,0.5555555555555571,370,372
2021_2021-05-22_day1_029_h15,2021,2021_2021-05-22_day1,2021-05-22 21:15:00+00:00,2021-05-22 21:15:00+00:00,2021-05-22 21:30:00+00:00,2021-05-22 21:30:00+00:00,15,15.0,0.0,45.55555555555556,30.0,15.555555555555557,-0.11111111111111095,15.0,2021-05-22 21:00:00+00:00,47.22222222222222,True,45.55555555555556,30.555555555555557,0.0,0.5555555555555571,371,372
2021_2021-05-22_day1_029_h30,2021,2021_2021-05-22_day1,2021-05-22 21:15:00+00:00,2021-05-22 21:15:00+00:00,2021-05-22 21:45:00+00:00,2021-05-22 21:45:00+00:00,30,30.0,0.0,45.55555555555556,30.0,15.555555555555557,-0.11111111111111095,15.0,2021-05-22 21:00:00+00:00,47.22222222222222,True,45.0,30.555555555555557,-0.5555555555555571,0.5555555555555571,371,373
2021_2021-05-22_day1_030_h15,2021,2021_2021-05-22_day1,2021-05-22 21:30:00+00:00,2021-05-22 21:30:00+00:00,2021-05-22 21:45:00+00:00,2021-05-22 21:45:00+00:00,15,15.0,0.0,45.55555555555556,30.555555555555557,15.0,0.0,15.0,2021-05-22 21:15:00+00:00,45.55555555555556,True,45.0,30.555555555555557,-0.5555555555555571,0.0,372,373
2022_2022-05-21_day1_000_h15,2022,2022_2022-05-21_day1,2022-05-21 12:00:00+00:00,2022-05-21 12:00:00+00:00,2022-05-21 12:15:00+00:00,2022-05-21 12:15:00+00:00,15,15.0,0.0,25.555555555555557,24.444444444444443,1.1111111111111143,,,,,False,26.11111111111111,24.444444444444443,0.5555555555555536,0.0,376,377
2022_2022-05-21_day1_000_h30,2022,2022_2022-05-21_day1,2022-05-21 12:00:00+00:00,2022-05-21 12:00:00+00:00,2022-05-21 12:30:00+00:00,2022-05-21 12:30:00+00:00,30,30.0,0.0,25.555555555555557,24.444444444444443,1.1111111111111143,,,,,False,26.666666666666668,25.0,1.1111111111111107,0.5555555555555571,376,378
2022_2022-05-21_day1_000_h60,2022,2022_2022-05-21_day1,2022-05-21 12:00:00+00:00,2022-05-21 12:00:00+00:00,2022-05-21 13:00:00+00:00,2022-05-21 13:00:00+00:00,60,60.0,0.0,25.555555555555557,24.444444444444443,1.1111111111111143,,,,,False,29.444444444444443,25.555555555555557,3.8888888888888857,1.1111111111111143,376,380
2022_2022-05-21_day1_000_h90,2022,2022_2022-05-21_day1,2022-05-21 12:00:00+00:00,2022-05-21 12:00:00+00:00,2022-05-21 13:30:00+00:00,2022-05-21 13:30:00+00:00,90,90.0,0.0,25.555555555555557,24.444444444444443,1.1111111111111143,,,,,False,30.0,25.555555555555557,4.444444444444443,1.1111111111111143,376,382
2022_2022-05-21_day1_001_h15,2022,2022_2022-05-21_day1,2022-05-21 12:15:00+00:00,2022-05-21 12:15:00+00:00,2022-05-21 12:30:00+00:00,2022-05-21 12:30:00+00:00,15,15.0,0.0,26.11111111111111,24.444444444444443,1.6666666666666679,0.0370370370370369,15.0,2022-05-21 12:00:00+00:00,25.555555555555557,True,26.666666666666668,25.0,0.5555555555555571,0.5555555555555571,377,378
2022_2022-05-21_day1_001_h30,2022,2022_2022-05-21_day1,2022-05-21 12:15:00+00:00,2022-05-21 12:15:00+00:00,2022-05-21 12:45:00+00:00,2022-05-21 12:45:00+00:00,30,30.0,0.0,26.11111111111111,24.444444444444443,1.6666666666666679,0.0370370370370369,15.0,2022-05-21 12:00:00+00:00,25.555555555555557,True,27.77777777777778,25.555555555555557,1.6666666666666679,1.1111111111111143,377,379
2022_2022-05-21_day1_001_h60,2022,2022_2022-05-21_day1,2022-05-21 12:15:00+00:00,2022-05-21 12:15:00+00:00,2022-05-21 13:15:00+00:00,2022-05-21 13:15:00+00:00,60,60.0,0.0,26.11111111111111,24.444444444444443,1.6666666666666679,0.0370370370370369,15.0,2022-05-21 12:00:00+00:00,25.555555555555557,True,29.444444444444443,26.11111111111111,3.333333333333332,1.6666666666666679,377,381
2022_2022-05-21_day1_002_h15,2022,2022_2022-05-21_day1,2022-05-21 12:30:00+00:00,2022-05-21 12:30:00+00:00,2022-05-21 12:45:00+00:00,2022-05-21 12:45:00+00:00,15,15.0,0.0,26.666666666666668,25.0,1.6666666666666679,0.03703703703703714,15.0,2022-05-21 12:15:00+00:00,26.11111111111111,True,27.77777777777778,25.555555555555557,1.1111111111111107,0.5555555555555571,378,379
2022_2022-05-21_day1_002_h30,2022,2022_2022-05-21_day1,2022-05-21 12:30:00+00:00,2022-05-21 12:30:00+00:00,2022-05-21 13:00:00+00:00,2022-05-21 13:00:00+00:00,30,30.0,0.0,26.666666666666668,25.0,1.6666666666666679,0.03703703703703714,15.0,2022-05-21 12:15:00+00:00,26.11111111111111,True,29.444444444444443,25.555555555555557,2.777777777777775,0.5555555555555571,378,380
2022_2022-05-21_day1_002_h60,2022,2022_2022-05-21_day1,2022-05-21 12:30:00+00:00,2022-05-21 12:30:00+00:00,2022-05-21 13:30:00+00:00,2022-05-21 13:30:00+00:00,60,60.0,0.0,26.666666666666668,25.0,1.6666666666666679,0.03703703703703714,15.0,2022-05-21 12:15:00+00:00,26.11111111111111,True,30.0,25.555555555555557,3.333333333333332,0.5555555555555571,378,382
2022_2022-05-21_day1_002_h120,2022,2022_2022-05-21_day1,2022-05-21 12:30:00+00:00,2022-05-21 12:30:00+00:00,2022-05-21 14:30:00+00:00,2022-05-21 14:30:00+00:00,120,120.0,0.0,26.666666666666668,25.0,1.6666666666666679,0.03703703703703714,15.0,2022-05-21 12:15:00+00:00,26.11111111111111,True,30.0,25.555555555555557,3.333333333333332,0.5555555555555571,378,383
2022_2022-05-21_day1_003_h15,2022,2022_2022-05-21_day1,2022-05-21 12:45:00+00:00,2022-05-21 12:45:00+00:00,2022-05-21 13:00:00+00:00,2022-05-21 13:00:00+00:00,15,15.0,0.0,27.77777777777778,25.555555555555557,2.2222222222222214,0.07407407407407404,15.0,2022-05-21 12:30:00+00:00,26.666666666666668,True,29.444444444444443,25.555555555555557,1.6666666666666643,0.0,379,380
2022_2022-05-21_day1_003_h30,2022,2022_2022-05-21_day1,2022-05-21 12:45:00+00:00,2022-05-21 12:45:00+00:00,2022-05-21 13:15:00+00:00,2022-05-21 13:15:00+00:00,30,30.0,0.0,27.77777777777778,25.555555555555557,2.2222222222222214,0.07407407407407404,15.0,2022-05-21 12:30:00+00:00,26.666666666666668,True,29.444444444444443,26.11111111111111,1.6666666666666643,0.5555555555555536,379,381
2022_2022-05-21_day1_003_h120,2022,2022_2022-05-21_day1,2022-05-21 12:45:00+00:00,2022-05-21 12:45:00+00:00,2022-05-21 14:45:00+00:00,2022-05-21 14:45:00+00:00,120,120.0,0.0,27.77777777777778,25.555555555555557,2.2222222222222214,0.07407407407407404,15.0,2022-05-21 12:30:00+00:00,26.666666666666668,True,30.0,25.555555555555557,2.2222222222222214,0.0,379,384
2022_2022-05-21_day1_004_h15,2022,2022_2022-05-21_day1,2022-05-21 13:00:00+00:00,2022-05-21 13:00:00+00:00,2022-05-21 13:15:00+00:00,2022-05-21 13:15:00+00:00,15,15.0,0.0,29.444444444444443,25.555555555555557,3.8888888888888857,0.11111111111111095,15.0,2022-05-21 12:45:00+00:00,27.77777777777778,True,29.444444444444443,26.11111111111111,0.0,0.5555555555555536,380,381
2022_2022-05-21_day1_004_h30,2022,2022_2022-05-21_day1,2022-05-21 13:00:00+00:00,2022-05-21 13:00:00+00:00,2022-05-21 13:30:00+00:00,2022-05-21 13:30:00+00:00,30,30.0,0.0,29.444444444444443,25.555555555555557,3.8888888888888857,0.11111111111111095,15.0,2022-05-21 12:45:00+00:00,27.77777777777778,True,30.0,25.555555555555557,0.5555555555555571,0.0,380,382
2022_2022-05-21_day1_004_h90,2022,2022_2022-05-21_day1,2022-05-21 13:00:00+00:00,2022-05-21 13:00:00+00:00,2022-05-21 14:30:00+00:00,2022-05-21 14:30:00+00:00,90,90.0,0.0,29.444444444444443,25.555555555555557,3.8888888888888857,0.11111111111111095,15.0,2022-05-21 12:45:00+00:00,27.77777777777778,True,30.0,25.555555555555557,0.5555555555555571,0.0,380,383
2022_2022-05-21_day1_004_h120,2022,2022_2022-05-21_day1,2022-05-21 13:00:00+00:00,2022-05-21 13:00:00+00:00,2022-05-21 15:00:00+00:00,2022-05-21 15:00:00+00:00,120,120.0,0.0,29.444444444444443,25.555555555555557,3.8888888888888857,0.11111111111111095,15.0,2022-05-21 12:45:00+00:00,27.77777777777778,True,30.0,25.0,0.5555555555555571,-0.5555555555555571,380,385
2022_2022-05-21_day1_005_h15,2022,2022_2022-05-21_day1,2022-05-21 13:15:00+00:00,2022-05-21 13:15:00+00:00,2022-05-21 13:30:00+00:00,2022-05-21 13:30:00+00:00,15,15.0,0.0,29.444444444444443,26.11111111111111,3.333333333333332,0.0,15.0,2022-05-21 13:00:00+00:00,29.444444444444443,True,30.0,25.555555555555557,0.5555555555555571,-0.5555555555555536,381,382
2022_2022-05-21_day1_005_h90,2022,2022_2022-05-21_day1,2022-05-21 13:15:00+00:00,2022-05-21 13:15:00+00:00,2022-05-21 14:45:00+00:00,2022-05-21 14:45:00+00:00,90,90.0,0.0,29.444444444444443,26.11111111111111,3.333333333333332,0.0,15.0,2022-05-21 13:00:00+00:00,29.444444444444443,True,30.0,25.555555555555557,0.5555555555555571,-0.5555555555555536,381,384
2022_2022-05-21_day1_005_h120,2022,2022_2022-05-21_day1,2022-05-21 13:15:00+00:00,2022-05-21 13:15:00+00:00,2022-05-21 15:15:00+00:00,2022-05-21 15:15:00+00:00,120,120.0,0.0,29.444444444444443,26.11111111111111,3.333333333333332,0.0,15.0,2022-05-21 13:00:00+00:00,29.444444444444443,True,30.0,25.0,0.5555555555555571,-1.1111111111111107,381,386
2022_2022-05-21_day1_006_h60,2022,2022_2022-05-21_day1,2022-05-21 13:30:00+00:00,2022-05-21 13:30:00+00:00,2022-05-21 14:30:00+00:00,2022-05-21 14:30:00+00:00,60,60.0,0.0,30.0,25.555555555555557,4.444444444444443,0.03703703703703714,15.0,2022-05-21 13:15:00+00:00,29.444444444444443,True,30.0,25.555555555555557,0.0,0.0,382,383
2022_2022-05-21_day1_006_h90,2022,2022_2022-05-21_day1,2022-05-21 13:30:00+00:00,2022-05-21 13:30:00+00:00,2022-05-21 15:00:00+00:00,2022-05-21 15:00:00+00:00,90,90.0,0.0,30.0,25.555555555555557,4.444444444444443,0.03703703703703714,15.0,2022-05-21 13:15:00+00:00,29.444444444444443,True,30.0,25.0,0.0,-0.5555555555555571,382,385
2022_2022-05-21_day1_006_h120,2022,2022_2022-05-21_day1,2022-05-21 13:30:00+00:00,2022-05-21 13:30:00+00:00,2022-05-21 15:30:00+00:00,2022-05-21 15:30:00+00:00,120,120.0,0.0,30.0,25.555555555555557,4.444444444444443,0.03703703703703714,15.0,2022-05-21 13:15:00+00:00,29.444444444444443,True,31.11111111111111,25.0,1.1111111111111107,-0.5555555555555571,382,387
2022_2022-05-21_day1_007_h15,2022,2022_2022-05-21_day1,2022-05-21 14:30:00+00:00,2022-05-21 14:30:00+00:00,2022-05-21 14:45:00+00:00,2022-05-21 14:45:00+00:00,15,15.0,0.0,30.0,25.555555555555557,4.444444444444443,,,,,False,30.0,25.555555555555557,0.0,0.0,383,384
2022_2022-05-21_day1_007_h30,2022,2022_2022-05-21_day1,2022-05-21 14:30:00+00:00,2022-05-21 14:30:00+00:00,2022-05-21 15:00:00+00:00,2022-05-21 15:00:00+00:00,30,30.0,0.0,30.0,25.555555555555557,4.444444444444443,,,,,False,30.0,25.0,0.0,-0.5555555555555571,383,385
2022_2022-05-21_day1_007_h60,2022,2022_2022-05-21_day1,2022-05-21 14:30:00+00:00,2022-05-21 14:30:00+00:00,2022-05-21 15:30:00+00:00,2022-05-21 15:30:00+00:00,60,60.0,0.0,30.0,25.555555555555557,4.444444444444443,,,,,False,31.11111111111111,25.0,1.1111111111111107,-0.5555555555555571,383,387
2022_2022-05-21_day1_007_h90,2022,2022_2022-05-21_day1,2022-05-21 14:30:00+00:00,2022-05-21 14:30:00+00:00,2022-05-21 16:00:00+00:00,2022-05-21 16:00:00+00:00,90,90.0,0.0,30.0,25.555555555555557,4.444444444444443,,,,,False,33.333333333333336,25.555555555555557,3.3333333333333357,0.0,383,389
2022_2022-05-21_day1_007_h120,2022,2022_2022-05-21_day1,2022-05-21 14:30:00+00:00,2022-05-21 14:30:00+00:00,2022-05-21 16:30:00+00:00,2022-05-21 16:30:00+00:00,120,120.0,0.0,30.0,25.555555555555557,4.444444444444443,,,,,False,40.55555555555556,26.11111111111111,10.555555555555557,0.5555555555555536,383,391
2022_2022-05-21_day1_008_h15,2022,2022_2022-05-21_day1,2022-05-21 14:45:00+00:00,2022-05-21 14:45:00+00:00,2022-05-21 15:00:00+00:00,2022-05-21 15:00:00+00:00,15,15.0,0.0,30.0,25.555555555555557,4.444444444444443,0.0,15.0,2022-05-21 14:30:00+00:00,30.0,True,30.0,25.0,0.0,-0.5555555555555571,384,385
2022_2022-05-21_day1_008_h30,2022,2022_2022-05-21_day1,2022-05-21 14:45:00+00:00,2022-05-21 14:45:00+00:00,2022-05-21 15:15:00+00:00,2022-05-21 15:15:00+00:00,30,30.0,0.0,30.0,25.555555555555557,4.444444444444443,0.0,15.0,2022-05-21 14:30:00+00:00,30.0,True,30.0,25.0,0.0,-0.5555555555555571,384,386
2022_2022-05-21_day1_008_h60,2022,2022_2022-05-21_day1,2022-05-21 14:45:00+00:00,2022-05-21 14:45:00+00:00,2022-05-21 15:45:00+00:00,2022-05-21 15:45:00+00:00,60,60.0,0.0,30.0,25.555555555555557,4.444444444444443,0.0,15.0,2022-05-21 14:30:00+00:00,30.0,True,32.77777777777778,25.0,2.7777777777777786,-0.5555555555555571,384,388
2022_2022-05-21_day1_008_h90,2022,2022_2022-05-21_day1,2022-05-21 14:45:00+00:00,2022-05-21 14:45:00+00:00,2022-05-21 16:15:00+00:00,2022-05-21 16:15:00+00:00,90,90.0,0.0,30.0,25.555555555555557,4.444444444444443,0.0,15.0,2022-05-21 14:30:00+00:00,30.0,True,37.22222222222222,25.555555555555557,7.222222222222221,0.0,384,390
2022_2022-05-21_day1_008_h120,2022,2022_2022-05-21_day1,2022-05-21 14:45:00+00:00,2022-05-21 14:45:00+00:00,2022-05-21 16:45:00+00:00,2022-05-21 16:45:00+00:00,120,120.0,0.0,30.0,25.555555555555557,4.444444444444443,0.0,15.0,2022-05-21 14:30:00+00:00,30.0,True,41.666666666666664,27.22222222222222,11.666666666666664,1.6666666666666643,384,392
2022_2022-05-21_day1_009_h15,2022,2022_2022-05-21_day1,2022-05-21 15:00:00+00:00,2022-05-21 15:00:00+00:00,2022-05-21 15:15:00+00:00,2022-05-21 15:15:00+00:00,15,15.0,0.0,30.0,25.0,5.0,0.0,15.0,2022-05-21 14:45:00+00:00,30.0,True,30.0,25.0,0.0,0.0,385,386
2022_2022-05-21_day1_009_h30,2022,2022_2022-05-21_day1,2022-05-21 15:00:00+00:00,2022-05-21 15:00:00+00:00,2022-05-21 15:30:00+00:00,2022-05-21 15:30:00+00:00,30,30.0,0.0,30.0,25.0,5.0,0.0,15.0,2022-05-21 14:45:00+00:00,30.0,True,31.11111111111111,25.0,1.1111111111111107,0.0,385,387
2022_2022-05-21_day1_009_h60,2022,2022_2022-05-21_day1,2022-05-21 15:00:00+00:00,2022-05-21 15:00:00+00:00,2022-05-21 16:00:00+00:00,2022-05-21 16:00:00+00:00,60,60.0,0.0,30.0,25.0,5.0,0.0,15.0,2022-05-21 14:45:00+00:00,30.0,True,33.333333333333336,25.555555555555557,3.3333333333333357,0.5555555555555571,385,389
2022_2022-05-21_day1_009_h90,2022,2022_2022-05-21_day1,2022-05-21 15:00:00+00:00,2022-05-21 15:00:00+00:00,2022-05-21 16:30:00+00:00,2022-05-21 16:30:00+00:00,90,90.0,0.0,30.0,25.0,5.0,0.0,15.0,2022-05-21 14:45:00+00:00,30.0,True,40.55555555555556,26.11111111111111,10.555555555555557,1.1111111111111107,385,391
2022_2022-05-21_day1_009_h120,2022,2022_2022-05-21_day1,2022-05-21 15:00:00+00:00,2022-05-21 15:00:00+00:00,2022-05-21 17:00:00+00:00,2022-05-21 17:00:00+00:00,120,120.0,0.0,30.0,25.0,5.0,0.0,15.0,2022-05-21 14:45:00+00:00,30.0,True,43.333333333333336,27.77777777777778,13.333333333333336,2.7777777777777786,385,393
2022_2022-05-21_day1_010_h15,2022,2022_2022-05-21_day1,2022-05-21 15:15:00+00:00,2022-05-21 15:15:00+00:00,2022-05-21 15:30:00+00:00,2022-05-21 15:30:00+00:00,15,15.0,0.0,30.0,25.0,5.0,0.0,15.0,2022-05-21 15:00:00+00:00,30.0,True,31.11111111111111,25.0,1.1111111111111107,0.0,386,387
2022_2022-05-21_day1_010_h30,2022,2022_2022-05-21_day1,2022-05-21 15:15:00+00:00,2022-05-21 15:15:00+00:00,2022-05-21 15:45:00+00:00,2022-05-21 15:45:00+00:00,30,30.0,0.0,30.0,25.0,5.0,0.0,15.0,2022-05-21 15:00:00+00:00,30.0,True,32.77777777777778,25.0,2.7777777777777786,0.0,386,388
2022_2022-05-21_day1_010_h60,2022,2022_2022-05-21_day1,2022-05-21 15:15:00+00:00,2022-05-21 15:15:00+00:00,2022-05-21 16:15:00+00:00,2022-05-21 16:15:00+00:00,60,60.0,0.0,30.0,25.0,5.0,0.0,15.0,2022-05-21 15:00:00+00:00,30.0,True,37.22222222222222,25.555555555555557,7.222222222222221,0.5555555555555571,386,390
2022_2022-05-21_day1_010_h90,2022,2022_2022-05-21_day1,2022-05-21 15:15:00+00:00,2022-05-21 15:15:00+00:00,2022-05-21 16:45:00+00:00,2022-05-21 16:45:00+00:00,90,90.0,0.0,30.0,25.0,5.0,0.0,15.0,2022-05-21 15:00:00+00:00,30.0,True,41.666666666666664,27.22222222222222,11.666666666666664,2.2222222222222214,386,392
2022_2022-05-21_day1_010_h120,2022,2022_2022-05-21_day1,2022-05-21 15:15:00+00:00,2022-05-21 15:15:00+00:00,2022-05-21 17:15:00+00:00,2022-05-21 17:15:00+00:00,120,120.0,0.0,30.0,25.0,5.0,0.0,15.0,2022-05-21 15:00:00+00:00,30.0,True,41.666666666666664,27.77777777777778,11.666666666666664,2.7777777777777786,386,394
2022_2022-05-21_day1_011_h15,2022,2022_2022-05-21_day1,2022-05-21 15:30:00+00:00,2022-05-21 15:30:00+00:00,2022-05-21 15:45:00+00:00,2022-05-21 15:45:00+00:00,15,15.0,0.0,31.11111111111111,25.0,6.111111111111111,0.07407407407407404,15.0,2022-05-21 15:15:00+00:00,30.0,True,32.77777777777778,25.0,1.6666666666666679,0.0,387,388
2022_2022-05-21_day1_011_h30,2022,2022_2022-05-21_day1,2022-05-21 15:30:00+00:00,2022-05-21 15:30:00+00:00,2022-05-21 16:00:00+00:00,2022-05-21 16:00:00+00:00,30,30.0,0.0,31.11111111111111,25.0,6.111111111111111,0.07407407407407404,15.0,2022-05-21 15:15:00+00:00,30.0,True,33.333333333333336,25.555555555555557,2.222222222222225,0.5555555555555571,387,389
2022_2022-05-21_day1_011_h60,2022,2022_2022-05-21_day1,2022-05-21 15:30:00+00:00,2022-05-21 15:30:00+00:00,2022-05-21 16:30:00+00:00,2022-05-21 16:30:00+00:00,60,60.0,0.0,31.11111111111111,25.0,6.111111111111111,0.07407407407407404,15.0,2022-05-21 15:15:00+00:00,30.0,True,40.55555555555556,26.11111111111111,9.444444444444446,1.1111111111111107,387,391
2022_2022-05-21_day1_011_h90,2022,2022_2022-05-21_day1,2022-05-21 15:30:00+00:00,2022-05-21 15:30:00+00:00,2022-05-21 17:00:00+00:00,2022-05-21 17:00:00+00:00,90,90.0,0.0,31.11111111111111,25.0,6.111111111111111,0.07407407407407404,15.0,2022-05-21 15:15:00+00:00,30.0,True,43.333333333333336,27.77777777777778,12.222222222222225,2.7777777777777786,387,393
2022_2022-05-21_day1_011_h120,2022,2022_2022-05-21_day1,2022-05-21 15:30:00+00:00,2022-05-21 15:30:00+00:00,2022-05-21 17:30:00+00:00,2022-05-21 17:30:00+00:00,120,120.0,0.0,31.11111111111111,25.0,6.111111111111111,0.07407407407407404,15.0,2022-05-21 15:15:00+00:00,30.0,True,41.111111111111114,27.77777777777778,10.000000000000004,2.7777777777777786,387,395
2022_2022-05-21_day1_012_h15,2022,2022_2022-05-21_day1,2022-05-21 15:45:00+00:00,2022-05-21 15:45:00+00:00,2022-05-21 16:00:00+00:00,2022-05-21 16:00:00+00:00,15,15.0,0.0,32.77777777777778,25.0,7.777777777777779,0.11111111111111119,15.0,2022-05-21 15:30:00+00:00,31.11111111111111,True,33.333333333333336,25.555555555555557,0.5555555555555571,0.5555555555555571,388,389
2022_2022-05-21_day1_012_h30,2022,2022_2022-05-21_day1,2022-05-21 15:45:00+00:00,2022-05-21 15:45:00+00:00,2022-05-21 16:15:00+00:00,2022-05-21 16:15:00+00:00,30,30.0,0.0,32.77777777777778,25.0,7.777777777777779,0.11111111111111119,15.0,2022-05-21 15:30:00+00:00,31.11111111111111,True,37.22222222222222,25.555555555555557,4.444444444444443,0.5555555555555571,388,390
2022_2022-05-21_day1_012_h60,2022,2022_2022-05-21_day1,2022-05-21 15:45:00+00:00,2022-05-21 15:45:00+00:00,2022-05-21 16:45:00+00:00,2022-05-21 16:45:00+00:00,60,60.0,0.0,32.77777777777778,25.0,7.777777777777779,0.11111111111111119,15.0,2022-05-21 15:30:00+00:00,31.11111111111111,True,41.666666666666664,27.22222222222222,8.888888888888886,2.2222222222222214,388,392
2022_2022-05-21_day1_012_h90,2022,2022_2022-05-21_day1,2022-05-21 15:45:00+00:00,2022-05-21 15:45:00+00:00,2022-05-21 17:15:00+00:00,2022-05-21 17:15:00+00:00,90,90.0,0.0,32.77777777777778,25.0,7.777777777777779,0.11111111111111119,15.0,2022-05-21 15:30:00+00:00,31.11111111111111,True,41.666666666666664,27.77777777777778,8.888888888888886,2.7777777777777786,388,394
2022_2022-05-21_day1_012_h120,2022,2022_2022-05-21_day1,2022-05-21 15:45:00+00:00,2022-05-21 15:45:00+00:00,2022-05-21 17:45:00+00:00,2022-05-21 17:45:00+00:00,120,120.0,0.0,32.77777777777778,25.0,7.777777777777779,0.11111111111111119,15.0,2022-05-21 15:30:00+00:00,31.11111111111111,True,38.333333333333336,27.22222222222222,5.555555555555557,2.2222222222222214,388,396
2022_2022-05-21_day1_013_h15,2022,2022_2022-05-21_day1,2022-05-21 16:00:00+00:00,2022-05-21 16:00:00+00:00,2022-05-21 16:15:00+00:00,2022-05-21 16:15:00+00:00,15,15.0,0.0,33.333333333333336,25.555555555555557,7.777777777777779,0.03703703703703714,15.0,2022-05-21 15:45:00+00:00,32.77777777777778,True,37.22222222222222,25.555555555555557,3.8888888888888857,0.0,389,390
2022_2022-05-21_day1_013_h30,2022,2022_2022-05-21_day1,2022-05-21 16:00:00+00:00,2022-05-21 16:00:00+00:00,2022-05-21 16:30:00+00:00,2022-05-21 16:30:00+00:00,30,30.0,0.0,33.333333333333336,25.555555555555557,7.777777777777779,0.03703703703703714,15.0,2022-05-21 15:45:00+00:00,32.77777777777778,True,40.55555555555556,26.11111111111111,7.222222222222221,0.5555555555555536,389,391
2022_2022-05-21_day1_013_h60,2022,2022_2022-05-21_day1,2022-05-21 16:00:00+00:00,2022-05-21 16:00:00+00:00,2022-05-21 17:00:00+00:00,2022-05-21 17:00:00+00:00,60,60.0,0.0,33.333333333333336,25.555555555555557,7.777777777777779,0.03703703703703714,15.0,2022-05-21 15:45:00+00:00,32.77777777777778,True,43.333333333333336,27.77777777777778,10.0,2.2222222222222214,389,393
2022_2022-05-21_day1_013_h90,2022,2022_2022-05-21_day1,2022-05-21 16:00:00+00:00,2022-05-21 16:00:00+00:00,2022-05-21 17:30:00+00:00,2022-05-21 17:30:00+00:00,90,90.0,0.0,33.333333333333336,25.555555555555557,7.777777777777779,0.03703703703703714,15.0,2022-05-21 15:45:00+00:00,32.77777777777778,True,41.111111111111114,27.77777777777778,7.777777777777779,2.2222222222222214,389,395
2022_2022-05-21_day1_013_h120,2022,2022_2022-05-21_day1,2022-05-21 16:00:00+00:00,2022-05-21 16:00:00+00:00,2022-05-21 18:00:00+00:00,2022-05-21 18:00:00+00:00,120,120.0,0.0,33.333333333333336,25.555555555555557,7.777777777777779,0.03703703703703714,15.0,2022-05-21 15:45:00+00:00,32.77777777777778,True,37.77777777777778,27.22222222222222,4.444444444444443,1.6666666666666643,389,397
2022_2022-05-21_day1_014_h15,2022,2022_2022-05-21_day1,2022-05-21 16:15:00+00:00,2022-05-21 16:15:00+00:00,2022-05-21 16:30:00+00:00,2022-05-21 16:30:00+00:00,15,15.0,0.0,37.22222222222222,25.555555555555557,11.666666666666664,0.259259259259259,15.0,2022-05-21 16:00:00+00:00,33.333333333333336,True,40.55555555555556,26.11111111111111,3.3333333333333357,0.5555555555555536,390,391
2022_2022-05-21_day1_014_h30,2022,2022_2022-05-21_day1,2022-05-21 16:15:00+00:00,2022-05-21 16:15:00+00:00,2022-05-21 16:45:00+00:00,2022-05-21 16:45:00+00:00,30,30.0,0.0,37.22222222222222,25.555555555555557,11.666666666666664,0.259259259259259,15.0,2022-05-21 16:00:00+00:00,33.333333333333336,True,41.666666666666664,27.22222222222222,4.444444444444443,1.6666666666666643,390,392
2022_2022-05-21_day1_014_h60,2022,2022_2022-05-21_day1,2022-05-21 16:15:00+00:00,2022-05-21 16:15:00+00:00,2022-05-21 17:15:00+00:00,2022-05-21 17:15:00+00:00,60,60.0,0.0,37.22222222222222,25.555555555555557,11.666666666666664,0.259259259259259,15.0,2022-05-21 16:00:00+00:00,33.333333333333336,True,41.666666666666664,27.77777777777778,4.444444444444443,2.2222222222222214,390,394
2022_2022-05-21_day1_014_h90,2022,2022_2022-05-21_day1,2022-05-21 16:15:00+00:00,2022-05-21 16:15:00+00:00,2022-05-21 17:45:00+00:00,2022-05-21 17:45:00+00:00,90,90.0,0.0,37.22222222222222,25.555555555555557,11.666666666666664,0.259259259259259,15.0,2022-05-21 16:00:00+00:00,33.333333333333336,True,38.333333333333336,27.22222222222222,1.1111111111111143,1.6666666666666643,390,396
2022_2022-05-21_day1_014_h120,2022,2022_2022-05-21_day1,2022-05-21 16:15:00+00:00,2022-05-21 16:15:00+00:00,2022-05-21 18:15:00+00:00,2022-05-21 18:15:00+00:00,120,120.0,0.0,37.22222222222222,25.555555555555557,11.666666666666664,0.259259259259259,15.0,2022-05-21 16:00:00+00:00,33.333333333333336,True,39.44444444444444,27.77777777777778,2.2222222222222214,2.2222222222222214,390,398
2022_2022-05-21_day1_015_h15,2022,2022_2022-05-21_day1,2022-05-21 16:30:00+00:00,2022-05-21 16:30:00+00:00,2022-05-21 16:45:00+00:00,2022-05-21 16:45:00+00:00,15,15.0,0.0,40.55555555555556,26.11111111111111,14.444444444444446,0.22222222222222238,15.0,2022-05-21 16:15:00+00:00,37.22222222222222,True,41.666666666666664,27.22222222222222,1.1111111111111072,1.1111111111111107,391,392
2022_2022-05-21_day1_015_h30,2022,2022_2022-05-21_day1,2022-05-21 16:30:00+00:00,2022-05-21 16:30:00+00:00,2022-05-21 17:00:00+00:00,2022-05-21 17:00:00+00:00,30,30.0,0.0,40.55555555555556,26.11111111111111,14.444444444444446,0.22222222222222238,15.0,2022-05-21 16:15:00+00:00,37.22222222222222,True,43.333333333333336,27.77777777777778,2.7777777777777786,1.6666666666666679,391,393
2022_2022-05-21_day1_015_h60,2022,2022_2022-05-21_day1,2022-05-21 16:30:00+00:00,2022-05-21 16:30:00+00:00,2022-05-21 17:30:00+00:00,2022-05-21 17:30:00+00:00,60,60.0,0.0,40.55555555555556,26.11111111111111,14.444444444444446,0.22222222222222238,15.0,2022-05-21 16:15:00+00:00,37.22222222222222,True,41.111111111111114,27.77777777777778,0.5555555555555571,1.6666666666666679,391,395
2022_2022-05-21_day1_015_h90,2022,2022_2022-05-21_day1,2022-05-21 16:30:00+00:00,2022-05-21 16:30:00+00:00,2022-05-21 18:00:00+00:00,2022-05-21 18:00:00+00:00,90,90.0,0.0,40.55555555555556,26.11111111111111,14.444444444444446,0.22222222222222238,15.0,2022-05-21 16:15:00+00:00,37.22222222222222,True,37.77777777777778,27.22222222222222,-2.7777777777777786,1.1111111111111107,391,397
2022_2022-05-21_day1_015_h120,2022,2022_2022-05-21_day1,2022-05-21 16:30:00+00:00,2022-05-21 16:30:00+00:00,2022-05-21 18:30:00+00:00,2022-05-21 18:30:00+00:00,120,120.0,0.0,40.55555555555556,26.11111111111111,14.444444444444446,0.22222222222222238,15.0,2022-05-21 16:15:00+00:00,37.22222222222222,True,33.888888888888886,27.22222222222222,-6.666666666666671,1.1111111111111107,391,399
2022_2022-05-21_day1_016_h15,2022,2022_2022-05-21_day1,2022-05-21 16:45:00+00:00,2022-05-21 16:45:00+00:00,2022-05-21 17:00:00+00:00,2022-05-21 17:00:00+00:00,15,15.0,0.0,41.666666666666664,27.22222222222222,14.444444444444443,0.0740740740740738,15.0,2022-05-21 16:30:00+00:00,40.55555555555556,True,43.333333333333336,27.77777777777778,1.6666666666666714,0.5555555555555571,392,393
2022_2022-05-21_day1_016_h30,2022,2022_2022-05-21_day1,2022-05-21 16:45:00+00:00,2022-05-21 16:45:00+00:00,2022-05-21 17:15:00+00:00,2022-05-21 17:15:00+00:00,30,30.0,0.0,41.666666666666664,27.22222222222222,14.444444444444443,0.0740740740740738,15.0,2022-05-21 16:30:00+00:00,40.55555555555556,True,41.666666666666664,27.77777777777778,0.0,0.5555555555555571,392,394
2022_2022-05-21_day1_016_h60,2022,2022_2022-05-21_day1,2022-05-21 16:45:00+00:00,2022-05-21 16:45:00+00:00,2022-05-21 17:45:00+00:00,2022-05-21 17:45:00+00:00,60,60.0,0.0,41.666666666666664,27.22222222222222,14.444444444444443,0.0740740740740738,15.0,2022-05-21 16:30:00+00:00,40.55555555555556,True,38.333333333333336,27.22222222222222,-3.3333333333333286,0.0,392,396
2022_2022-05-21_day1_016_h90,2022,2022_2022-05-21_day1,2022-05-21 16:45:00+00:00,2022-05-21 16:45:00+00:00,2022-05-21 18:15:00+00:00,2022-05-21 18:15:00+00:00,90,90.0,0.0,41.666666666666664,27.22222222222222,14.444444444444443,0.0740740740740738,15.0,2022-05-21 16:30:00+00:00,40.55555555555556,True,39.44444444444444,27.77777777777778,-2.2222222222222214,0.5555555555555571,392,398
2022_2022-05-21_day1_016_h120,2022,2022_2022-05-21_day1,2022-05-21 16:45:00+00:00,2022-05-21 16:45:00+00:00,2022-05-21 18:45:00+00:00,2022-05-21 18:45:00+00:00,120,120.0,0.0,41.666666666666664,27.22222222222222,14.444444444444443,0.0740740740740738,15.0,2022-05-21 16:30:00+00:00,40.55555555555556,True,33.333333333333336,26.666666666666668,-8.333333333333329,-0.5555555555555536,392,400
2022_2022-05-21_day1_017_h15,2022,2022_2022-05-21_day1,2022-05-21 17:00:00+00:00,2022-05-21 17:00:00+00:00,2022-05-21 17:15:00+00:00,2022-05-21 17:15:00+00:00,15,15.0,0.0,43.333333333333336,27.77777777777778,15.555555555555557,0.11111111111111142,15.0,2022-05-21 16:45:00+00:00,41.666666666666664,True,41.666666666666664,27.77777777777778,-1.6666666666666714,0.0,393,394
2022_2022-05-21_day1_017_h30,2022,2022_2022-05-21_day1,2022-05-21 17:00:00+00:00,2022-05-21 17:00:00+00:00,2022-05-21 17:30:00+00:00,2022-05-21 17:30:00+00:00,30,30.0,0.0,43.333333333333336,27.77777777777778,15.555555555555557,0.11111111111111142,15.0,2022-05-21 16:45:00+00:00,41.666666666666664,True,41.111111111111114,27.77777777777778,-2.2222222222222214,0.0,393,395
2022_2022-05-21_day1_017_h60,2022,2022_2022-05-21_day1,2022-05-21 17:00:00+00:00,2022-05-21 17:00:00+00:00,2022-05-21 18:00:00+00:00,2022-05-21 18:00:00+00:00,60,60.0,0.0,43.333333333333336,27.77777777777778,15.555555555555557,0.11111111111111142,15.0,2022-05-21 16:45:00+00:00,41.666666666666664,True,37.77777777777778,27.22222222222222,-5.555555555555557,-0.5555555555555571,393,397
2022_2022-05-21_day1_017_h90,2022,2022_2022-05-21_day1,2022-05-21 17:00:00+00:00,2022-05-21 17:00:00+00:00,2022-05-21 18:30:00+00:00,2022-05-21 18:30:00+00:00,90,90.0,0.0,43.333333333333336,27.77777777777778,15.555555555555557,0.11111111111111142,15.0,2022-05-21 16:45:00+00:00,41.666666666666664,True,33.888888888888886,27.22222222222222,-9.44444444444445,-0.5555555555555571,393,399
2022_2022-05-21_day1_017_h120,2022,2022_2022-05-21_day1,2022-05-21 17:00:00+00:00,2022-05-21 17:00:00+00:00,2022-05-21 19:00:00+00:00,2022-05-21 19:00:00+00:00,120,120.0,0.0,43.333333333333336,27.77777777777778,15.555555555555557,0.11111111111111142,15.0,2022-05-21 16:45:00+00:00,41.666666666666664,True,34.44444444444444,24.444444444444443,-8.888888888888893,-3.3333333333333357,393,401
2022_2022-05-21_day1_018_h15,2022,2022_2022-05-21_day1,2022-05-21 17:15:00+00:00,2022-05-21 17:15:00+00:00,2022-05-21 17:30:00+00:00,2022-05-21 17:30:00+00:00,15,15.0,0.0,41.666666666666664,27.77777777777778,13.888888888888886,-0.11111111111111142,15.0,2022-05-21 17:00:00+00:00,43.333333333333336,True,41.111111111111114,27.77777777777778,-0.55555555555555,0.0,394,395
2022_2022-05-21_day1_018_h30,2022,2022_2022-05-21_day1,2022-05-21 17:15:00+00:00,2022-05-21 17:15:00+00:00,2022-05-21 17:45:00+00:00,2022-05-21 17:45:00+00:00,30,30.0,0.0,41.666666666666664,27.77777777777778,13.888888888888886,-0.11111111111111142,15.0,2022-05-21 17:00:00+00:00,43.333333333333336,True,38.333333333333336,27.22222222222222,-3.3333333333333286,-0.5555555555555571,394,396
2022_2022-05-21_day1_018_h60,2022,2022_2022-05-21_day1,2022-05-21 17:15:00+00:00,2022-05-21 17:15:00+00:00,2022-05-21 18:15:00+00:00,2022-05-21 18:15:00+00:00,60,60.0,0.0,41.666666666666664,27.77777777777778,13.888888888888886,-0.11111111111111142,15.0,2022-05-21 17:00:00+00:00,43.333333333333336,True,39.44444444444444,27.77777777777778,-2.2222222222222214,0.0,394,398
2022_2022-05-21_day1_018_h90,2022,2022_2022-05-21_day1,2022-05-21 17:15:00+00:00,2022-05-21 17:15:00+00:00,2022-05-21 18:45:00+00:00,2022-05-21 18:45:00+00:00,90,90.0,0.0,41.666666666666664,27.77777777777778,13.888888888888886,-0.11111111111111142,15.0,2022-05-21 17:00:00+00:00,43.333333333333336,True,33.333333333333336,26.666666666666668,-8.333333333333329,-1.1111111111111107,394,400
2022_2022-05-21_day1_018_h120,2022,2022_2022-05-21_day1,2022-05-21 17:15:00+00:00,2022-05-21 17:15:00+00:00,2022-05-21 19:15:00+00:00,2022-05-21 19:15:00+00:00,120,120.0,0.0,41.666666666666664,27.77777777777778,13.888888888888886,-0.11111111111111142,15.0,2022-05-21 17:00:00+00:00,43.333333333333336,True,36.111111111111114,23.333333333333332,-5.55555555555555,-4.444444444444446,394,402
2022_2022-05-21_day1_019_h15,2022,2022_2022-05-21_day1,2022-05-21 17:30:00+00:00,2022-05-21 17:30:00+00:00,2022-05-21 17:45:00+00:00,2022-05-21 17:45:00+00:00,15,15.0,0.0,41.111111111111114,27.77777777777778,13.333333333333336,-0.03703703703703667,15.0,2022-05-21 17:15:00+00:00,41.666666666666664,True,38.333333333333336,27.22222222222222,-2.7777777777777786,-0.5555555555555571,395,396
2022_2022-05-21_day1_019_h30,2022,2022_2022-05-21_day1,2022-05-21 17:30:00+00:00,2022-05-21 17:30:00+00:00,2022-05-21 18:00:00+00:00,2022-05-21 18:00:00+00:00,30,30.0,0.0,41.111111111111114,27.77777777777778,13.333333333333336,-0.03703703703703667,15.0,2022-05-21 17:15:00+00:00,41.666666666666664,True,37.77777777777778,27.22222222222222,-3.3333333333333357,-0.5555555555555571,395,397
2022_2022-05-21_day1_019_h60,2022,2022_2022-05-21_day1,2022-05-21 17:30:00+00:00,2022-05-21 17:30:00+00:00,2022-05-21 18:30:00+00:00,2022-05-21 18:30:00+00:00,60,60.0,0.0,41.111111111111114,27.77777777777778,13.333333333333336,-0.03703703703703667,15.0,2022-05-21 17:15:00+00:00,41.666666666666664,True,33.888888888888886,27.22222222222222,-7.2222222222222285,-0.5555555555555571,395,399
2022_2022-05-21_day1_019_h90,2022,2022_2022-05-21_day1,2022-05-21 17:30:00+00:00,2022-05-21 17:30:00+00:00,2022-05-21 19:00:00+00:00,2022-05-21 19:00:00+00:00,90,90.0,0.0,41.111111111111114,27.77777777777778,13.333333333333336,-0.03703703703703667,15.0,2022-05-21 17:15:00+00:00,41.666666666666664,True,34.44444444444444,24.444444444444443,-6.666666666666671,-3.3333333333333357,395,401
2022_2022-05-21_day1_019_h120,2022,2022_2022-05-21_day1,2022-05-21 17:30:00+00:00,2022-05-21 17:30:00+00:00,2022-05-21 19:30:00+00:00,2022-05-21 19:30:00+00:00,120,120.0,0.0,41.111111111111114,27.77777777777778,13.333333333333336,-0.03703703703703667,15.0,2022-05-21 17:15:00+00:00,41.666666666666664,True,35.0,21.666666666666668,-6.111111111111114,-6.111111111111111,395,403
2022_2022-05-21_day1_020_h15,2022,2022_2022-05-21_day1,2022-05-21 17:45:00+00:00,2022-05-21 17:45:00+00:00,2022-05-21 18:00:00+00:00,2022-05-21 18:00:00+00:00,15,15.0,0.0,38.333333333333336,27.22222222222222,11.111111111111114,-0.18518518518518523,15.0,2022-05-21 17:30:00+00:00,41.111111111111114,True,37.77777777777778,27.22222222222222,-0.5555555555555571,0.0,396,397
2022_2022-05-21_day1_020_h30,2022,2022_2022-05-21_day1,2022-05-21 17:45:00+00:00,2022-05-21 17:45:00+00:00,2022-05-21 18:15:00+00:00,2022-05-21 18:15:00+00:00,30,30.0,0.0,38.333333333333336,27.22222222222222,11.111111111111114,-0.18518518518518523,15.0,2022-05-21 17:30:00+00:00,41.111111111111114,True,39.44444444444444,27.77777777777778,1.1111111111111072,0.5555555555555571,396,398
2022_2022-05-21_day1_020_h60,2022,2022_2022-05-21_day1,2022-05-21 17:45:00+00:00,2022-05-21 17:45:00+00:00,2022-05-21 18:45:00+00:00,2022-05-21 18:45:00+00:00,60,60.0,0.0,38.333333333333336,27.22222222222222,11.111111111111114,-0.18518518518518523,15.0,2022-05-21 17:30:00+00:00,41.111111111111114,True,33.333333333333336,26.666666666666668,-5.0,-0.5555555555555536,396,400
2022_2022-05-21_day1_020_h90,2022,2022_2022-05-21_day1,2022-05-21 17:45:00+00:00,2022-05-21 17:45:00+00:00,2022-05-21 19:15:00+00:00,2022-05-21 19:15:00+00:00,90,90.0,0.0,38.333333333333336,27.22222222222222,11.111111111111114,-0.18518518518518523,15.0,2022-05-21 17:30:00+00:00,41.111111111111114,True,36.111111111111114,23.333333333333332,-2.2222222222222214,-3.8888888888888893,396,402
2022_2022-05-21_day1_020_h120,2022,2022_2022-05-21_day1,2022-05-21 17:45:00+00:00,2022-05-21 17:45:00+00:00,2022-05-21 19:45:00+00:00,2022-05-21 19:45:00+00:00,120,120.0,0.0,38.333333333333336,27.22222222222222,11.111111111111114,-0.18518518518518523,15.0,2022-05-21 17:30:00+00:00,41.111111111111114,True,32.77777777777778,20.555555555555557,-5.555555555555557,-6.666666666666664,396,404
2022_2022-05-21_day1_021_h15,2022,2022_2022-05-21_day1,2022-05-21 18:00:00+00:00,2022-05-21 18:00:00+00:00,2022-05-21 18:15:00+00:00,2022-05-21 18:15:00+00:00,15,15.0,0.0,37.77777777777778,27.22222222222222,10.555555555555557,-0.03703703703703714,15.0,2022-05-21 17:45:00+00:00,38.333333333333336,True,39.44444444444444,27.77777777777778,1.6666666666666643,0.5555555555555571,397,398
2022_2022-05-21_day1_021_h30,2022,2022_2022-05-21_day1,2022-05-21 18:00:00+00:00,2022-05-21 18:00:00+00:00,2022-05-21 18:30:00+00:00,2022-05-21 18:30:00+00:00,30,30.0,0.0,37.77777777777778,27.22222222222222,10.555555555555557,-0.03703703703703714,15.0,2022-05-21 17:45:00+00:00,38.333333333333336,True,33.888888888888886,27.22222222222222,-3.888888888888893,0.0,397,399
2022_2022-05-21_day1_021_h60,2022,2022_2022-05-21_day1,2022-05-21 18:00:00+00:00,2022-05-21 18:00:00+00:00,2022-05-21 19:00:00+00:00,2022-05-21 19:00:00+00:00,60,60.0,0.0,37.77777777777778,27.22222222222222,10.555555555555557,-0.03703703703703714,15.0,2022-05-21 17:45:00+00:00,38.333333333333336,True,34.44444444444444,24.444444444444443,-3.3333333333333357,-2.7777777777777786,397,401
2022_2022-05-21_day1_021_h90,2022,2022_2022-05-21_day1,2022-05-21 18:00:00+00:00,2022-05-21 18:00:00+00:00,2022-05-21 19:30:00+00:00,2022-05-21 19:30:00+00:00,90,90.0,0.0,37.77777777777778,27.22222222222222,10.555555555555557,-0.03703703703703714,15.0,2022-05-21 17:45:00+00:00,38.333333333333336,True,35.0,21.666666666666668,-2.7777777777777786,-5.555555555555554,397,403
2022_2022-05-21_day1_021_h120,2022,2022_2022-05-21_day1,2022-05-21 18:00:00+00:00,2022-05-21 18:00:00+00:00,2022-05-21 20:00:00+00:00,2022-05-21 20:00:00+00:00,120,120.0,0.0,37.77777777777778,27.22222222222222,10.555555555555557,-0.03703703703703714,15.0,2022-05-21 17:45:00+00:00,38.333333333333336,True,32.22222222222222,21.11111111111111,-5.555555555555557,-6.111111111111111,397,405
2022_2022-05-21_day1_022_h15,2022,2022_2022-05-21_day1,2022-05-21 18:15:00+00:00,2022-05-21 18:15:00+00:00,2022-05-21 18:30:00+00:00,2022-05-21 18:30:00+00:00,15,15.0,0.0,39.44444444444444,27.77777777777778,11.666666666666664,0.11111111111111095,15.0,2022-05-21 18:00:00+00:00,37.77777777777778,True,33.888888888888886,27.22222222222222,-5.555555555555557,-0.5555555555555571,398,399
2022_2022-05-21_day1_022_h30,2022,2022_2022-05-21_day1,2022-05-21 18:15:00+00:00,2022-05-21 18:15:00+00:00,2022-05-21 18:45:00+00:00,2022-05-21 18:45:00+00:00,30,30.0,0.0,39.44444444444444,27.77777777777778,11.666666666666664,0.11111111111111095,15.0,2022-05-21 18:00:00+00:00,37.77777777777778,True,33.333333333333336,26.666666666666668,-6.111111111111107,-1.1111111111111107,398,400
2022_2022-05-21_day1_022_h60,2022,2022_2022-05-21_day1,2022-05-21 18:15:00+00:00,2022-05-21 18:15:00+00:00,2022-05-21 19:15:00+00:00,2022-05-21 19:15:00+00:00,60,60.0,0.0,39.44444444444444,27.77777777777778,11.666666666666664,0.11111111111111095,15.0,2022-05-21 18:00:00+00:00,37.77777777777778,True,36.111111111111114,23.333333333333332,-3.3333333333333286,-4.444444444444446,398,402
2022_2022-05-21_day1_022_h90,2022,2022_2022-05-21_day1,2022-05-21 18:15:00+00:00,2022-05-21 18:15:00+00:00,2022-05-21 19:45:00+00:00,2022-05-21 19:45:00+00:00,90,90.0,0.0,39.44444444444444,27.77777777777778,11.666666666666664,0.11111111111111095,15.0,2022-05-21 18:00:00+00:00,37.77777777777778,True,32.77777777777778,20.555555555555557,-6.666666666666664,-7.222222222222221,398,404
2022_2022-05-21_day1_022_h120,2022,2022_2022-05-21_day1,2022-05-21 18:15:00+00:00,2022-05-21 18:15:00+00:00,2022-05-21 20:15:00+00:00,2022-05-21 20:15:00+00:00,120,120.0,0.0,39.44444444444444,27.77777777777778,11.666666666666664,0.11111111111111095,15.0,2022-05-21 18:00:00+00:00,37.77777777777778,True,28.88888888888889,21.11111111111111,-10.555555555555554,-6.666666666666668,398,406
2022_2022-05-21_day1_023_h15,2022,2022_2022-05-21_day1,2022-05-21 18:30:00+00:00,2022-05-21 18:30:00+00:00,2022-05-21 18:45:00+00:00,2022-05-21 18:45:00+00:00,15,15.0,0.0,33.888888888888886,27.22222222222222,6.666666666666664,-0.37037037037037046,15.0,2022-05-21 18:15:00+00:00,39.44444444444444,True,33.333333333333336,26.666666666666668,-0.55555555555555,-0.5555555555555536,399,400
2022_2022-05-21_day1_023_h30,2022,2022_2022-05-21_day1,2022-05-21 18:30:00+00:00,2022-05-21 18:30:00+00:00,2022-05-21 19:00:00+00:00,2022-05-21 19:00:00+00:00,30,30.0,0.0,33.888888888888886,27.22222222222222,6.666666666666664,-0.37037037037037046,15.0,2022-05-21 18:15:00+00:00,39.44444444444444,True,34.44444444444444,24.444444444444443,0.5555555555555571,-2.7777777777777786,399,401
2022_2022-05-21_day1_023_h60,2022,2022_2022-05-21_day1,2022-05-21 18:30:00+00:00,2022-05-21 18:30:00+00:00,2022-05-21 19:30:00+00:00,2022-05-21 19:30:00+00:00,60,60.0,0.0,33.888888888888886,27.22222222222222,6.666666666666664,-0.37037037037037046,15.0,2022-05-21 18:15:00+00:00,39.44444444444444,True,35.0,21.666666666666668,1.1111111111111143,-5.555555555555554,399,403
2022_2022-05-21_day1_023_h90,2022,2022_2022-05-21_day1,2022-05-21 18:30:00+00:00,2022-05-21 18:30:00+00:00,2022-05-21 20:00:00+00:00,2022-05-21 20:00:00+00:00,90,90.0,0.0,33.888888888888886,27.22222222222222,6.666666666666664,-0.37037037037037046,15.0,2022-05-21 18:15:00+00:00,39.44444444444444,True,32.22222222222222,21.11111111111111,-1.6666666666666643,-6.111111111111111,399,405
2022_2022-05-21_day1_024_h15,2022,2022_2022-05-21_day1,2022-05-21 18:45:00+00:00,2022-05-21 18:45:00+00:00,2022-05-21 19:00:00+00:00,2022-05-21 19:00:00+00:00,15,15.0,0.0,33.333333333333336,26.666666666666668,6.666666666666668,-0.03703703703703667,15.0,2022-05-21 18:30:00+00:00,33.888888888888886,True,34.44444444444444,24.444444444444443,1.1111111111111072,-2.222222222222225,400,401
2022_2022-05-21_day1_024_h30,2022,2022_2022-05-21_day1,2022-05-21 18:45:00+00:00,2022-05-21 18:45:00+00:00,2022-05-21 19:15:00+00:00,2022-05-21 19:15:00+00:00,30,30.0,0.0,33.333333333333336,26.666666666666668,6.666666666666668,-0.03703703703703667,15.0,2022-05-21 18:30:00+00:00,33.888888888888886,True,36.111111111111114,23.333333333333332,2.7777777777777786,-3.3333333333333357,400,402
2022_2022-05-21_day1_024_h60,2022,2022_2022-05-21_day1,2022-05-21 18:45:00+00:00,2022-05-21 18:45:00+00:00,2022-05-21 19:45:00+00:00,2022-05-21 19:45:00+00:00,60,60.0,0.0,33.333333333333336,26.666666666666668,6.666666666666668,-0.03703703703703667,15.0,2022-05-21 18:30:00+00:00,33.888888888888886,True,32.77777777777778,20.555555555555557,-0.5555555555555571,-6.111111111111111,400,404
2022_2022-05-21_day1_024_h90,2022,2022_2022-05-21_day1,2022-05-21 18:45:00+00:00,2022-05-21 18:45:00+00:00,2022-05-21 20:15:00+00:00,2022-05-21 20:15:00+00:00,90,90.0,0.0,33.333333333333336,26.666666666666668,6.666666666666668,-0.03703703703703667,15.0,2022-05-21 18:30:00+00:00,33.888888888888886,True,28.88888888888889,21.11111111111111,-4.444444444444446,-5.555555555555557,400,406
2022_2022-05-21_day1_025_h15,2022,2022_2022-05-21_day1,2022-05-21 19:00:00+00:00,2022-05-21 19:00:00+00:00,2022-05-21 19:15:00+00:00,2022-05-21 19:15:00+00:00,15,15.0,0.0,34.44444444444444,24.444444444444443,10.0,0.0740740740740738,15.0,2022-05-21 18:45:00+00:00,33.333333333333336,True,36.111111111111114,23.333333333333332,1.6666666666666714,-1.1111111111111107,401,402
2022_2022-05-21_day1_025_h30,2022,2022_2022-05-21_day1,2022-05-21 19:00:00+00:00,2022-05-21 19:00:00+00:00,2022-05-21 19:30:00+00:00,2022-05-21 19:30:00+00:00,30,30.0,0.0,34.44444444444444,24.444444444444443,10.0,0.0740740740740738,15.0,2022-05-21 18:45:00+00:00,33.333333333333336,True,35.0,21.666666666666668,0.5555555555555571,-2.777777777777775,401,403
2022_2022-05-21_day1_025_h60,2022,2022_2022-05-21_day1,2022-05-21 19:00:00+00:00,2022-05-21 19:00:00+00:00,2022-05-21 20:00:00+00:00,2022-05-21 20:00:00+00:00,60,60.0,0.0,34.44444444444444,24.444444444444443,10.0,0.0740740740740738,15.0,2022-05-21 18:45:00+00:00,33.333333333333336,True,32.22222222222222,21.11111111111111,-2.2222222222222214,-3.333333333333332,401,405
2022_2022-05-21_day1_026_h15,2022,2022_2022-05-21_day1,2022-05-21 19:15:00+00:00,2022-05-21 19:15:00+00:00,2022-05-21 19:30:00+00:00,2022-05-21 19:30:00+00:00,15,15.0,0.0,36.111111111111114,23.333333333333332,12.777777777777782,0.11111111111111142,15.0,2022-05-21 19:00:00+00:00,34.44444444444444,True,35.0,21.666666666666668,-1.1111111111111143,-1.6666666666666643,402,403
2022_2022-05-21_day1_026_h30,2022,2022_2022-05-21_day1,2022-05-21 19:15:00+00:00,2022-05-21 19:15:00+00:00,2022-05-21 19:45:00+00:00,2022-05-21 19:45:00+00:00,30,30.0,0.0,36.111111111111114,23.333333333333332,12.777777777777782,0.11111111111111142,15.0,2022-05-21 19:00:00+00:00,34.44444444444444,True,32.77777777777778,20.555555555555557,-3.3333333333333357,-2.777777777777775,402,404
2022_2022-05-21_day1_026_h60,2022,2022_2022-05-21_day1,2022-05-21 19:15:00+00:00,2022-05-21 19:15:00+00:00,2022-05-21 20:15:00+00:00,2022-05-21 20:15:00+00:00,60,60.0,0.0,36.111111111111114,23.333333333333332,12.777777777777782,0.11111111111111142,15.0,2022-05-21 19:00:00+00:00,34.44444444444444,True,28.88888888888889,21.11111111111111,-7.222222222222225,-2.2222222222222214,402,406
2022_2022-05-21_day1_027_h15,2022,2022_2022-05-21_day1,2022-05-21 19:30:00+00:00,2022-05-21 19:30:00+00:00,2022-05-21 19:45:00+00:00,2022-05-21 19:45:00+00:00,15,15.0,0.0,35.0,21.666666666666668,13.333333333333332,-0.07407407407407428,15.0,2022-05-21 19:15:00+00:00,36.111111111111114,True,32.77777777777778,20.555555555555557,-2.2222222222222214,-1.1111111111111107,403,404
2022_2022-05-21_day1_027_h30,2022,2022_2022-05-21_day1,2022-05-21 19:30:00+00:00,2022-05-21 19:30:00+00:00,2022-05-21 20:00:00+00:00,2022-05-21 20:00:00+00:00,30,30.0,0.0,35.0,21.666666666666668,13.333333333333332,-0.07407407407407428,15.0,2022-05-21 19:15:00+00:00,36.111111111111114,True,32.22222222222222,21.11111111111111,-2.7777777777777786,-0.5555555555555571,403,405
2022_2022-05-21_day1_028_h15,2022,2022_2022-05-21_day1,2022-05-21 19:45:00+00:00,2022-05-21 19:45:00+00:00,2022-05-21 20:00:00+00:00,2022-05-21 20:00:00+00:00,15,15.0,0.0,32.77777777777778,20.555555555555557,12.222222222222221,-0.14814814814814808,15.0,2022-05-21 19:30:00+00:00,35.0,True,32.22222222222222,21.11111111111111,-0.5555555555555571,0.5555555555555536,404,405
2022_2022-05-21_day1_028_h30,2022,2022_2022-05-21_day1,2022-05-21 19:45:00+00:00,2022-05-21 19:45:00+00:00,2022-05-21 20:15:00+00:00,2022-05-21 20:15:00+00:00,30,30.0,0.0,32.77777777777778,20.555555555555557,12.222222222222221,-0.14814814814814808,15.0,2022-05-21 19:30:00+00:00,35.0,True,28.88888888888889,21.11111111111111,-3.8888888888888893,0.5555555555555536,404,406
2022_2022-05-21_day1_029_h15,2022,2022_2022-05-21_day1,2022-05-21 20:00:00+00:00,2022-05-21 20:00:00+00:00,2022-05-21 20:15:00+00:00,2022-05-21 20:15:00+00:00,15,15.0,0.0,32.22222222222222,21.11111111111111,11.11111111111111,-0.03703703703703714,15.0,2022-05-21 19:45:00+00:00,32.77777777777778,True,28.88888888888889,21.11111111111111,-3.333333333333332,0.0,405,406
2023_2023-05-20_day1_000_h15,2023,2023_2023-05-20_day1,2023-05-20 12:15:00+00:00,2023-05-20 12:15:00+00:00,2023-05-20 12:30:00+00:00,2023-05-20 12:30:00+00:00,15,15.0,0.0,18.333333333333332,12.77777777777778,5.555555555555552,,,,,False,18.88888888888889,12.77777777777778,0.5555555555555571,0.0,466,467
2023_2023-05-20_day1_000_h30,2023,2023_2023-05-20_day1,2023-05-20 12:15:00+00:00,2023-05-20 12:15:00+00:00,2023-05-20 12:45:00+00:00,2023-05-20 12:45:00+00:00,30,30.0,0.0,18.333333333333332,12.77777777777778,5.555555555555552,,,,,False,20.0,13.333333333333334,1.6666666666666679,0.5555555555555536,466,468
2023_2023-05-20_day1_000_h60,2023,2023_2023-05-20_day1,2023-05-20 12:15:00+00:00,2023-05-20 12:15:00+00:00,2023-05-20 13:15:00+00:00,2023-05-20 13:15:00+00:00,60,60.0,0.0,18.333333333333332,12.77777777777778,5.555555555555552,,,,,False,21.666666666666668,13.88888888888889,3.3333333333333357,1.111111111111109,466,470
2023_2023-05-20_day1_001_h15,2023,2023_2023-05-20_day1,2023-05-20 12:30:00+00:00,2023-05-20 12:30:00+00:00,2023-05-20 12:45:00+00:00,2023-05-20 12:45:00+00:00,15,15.0,0.0,18.88888888888889,12.77777777777778,6.111111111111109,0.03703703703703714,15.0,2023-05-20 12:15:00+00:00,18.333333333333332,True,20.0,13.333333333333334,1.1111111111111107,0.5555555555555536,467,468
2023_2023-05-20_day1_001_h30,2023,2023_2023-05-20_day1,2023-05-20 12:30:00+00:00,2023-05-20 12:30:00+00:00,2023-05-20 13:00:00+00:00,2023-05-20 13:00:00+00:00,30,30.0,0.0,18.88888888888889,12.77777777777778,6.111111111111109,0.03703703703703714,15.0,2023-05-20 12:15:00+00:00,18.333333333333332,True,20.555555555555557,13.333333333333334,1.6666666666666679,0.5555555555555536,467,469
2023_2023-05-20_day1_001_h60,2023,2023_2023-05-20_day1,2023-05-20 12:30:00+00:00,2023-05-20 12:30:00+00:00,2023-05-20 13:30:00+00:00,2023-05-20 13:30:00+00:00,60,60.0,0.0,18.88888888888889,12.77777777777778,6.111111111111109,0.03703703703703714,15.0,2023-05-20 12:15:00+00:00,18.333333333333332,True,22.22222222222222,13.88888888888889,3.333333333333332,1.111111111111109,467,471
2023_2023-05-20_day1_002_h15,2023,2023_2023-05-20_day1,2023-05-20 12:45:00+00:00,2023-05-20 12:45:00+00:00,2023-05-20 13:00:00+00:00,2023-05-20 13:00:00+00:00,15,15.0,0.0,20.0,13.333333333333334,6.666666666666666,0.07407407407407404,15.0,2023-05-20 12:30:00+00:00,18.88888888888889,True,20.555555555555557,13.333333333333334,0.5555555555555571,0.0,468,469
2023_2023-05-20_day1_002_h30,2023,2023_2023-05-20_day1,2023-05-20 12:45:00+00:00,2023-05-20 12:45:00+00:00,2023-05-20 13:15:00+00:00,2023-05-20 13:15:00+00:00,30,30.0,0.0,20.0,13.333333333333334,6.666666666666666,0.07407407407407404,15.0,2023-05-20 12:30:00+00:00,18.88888888888889,True,21.666666666666668,13.88888888888889,1.6666666666666679,0.5555555555555554,468,470
2023_2023-05-20_day1_002_h120,2023,2023_2023-05-20_day1,2023-05-20 12:45:00+00:00,2023-05-20 12:45:00+00:00,2023-05-20 14:45:00+00:00,2023-05-20 14:45:00+00:00,120,120.0,0.0,20.0,13.333333333333334,6.666666666666666,0.07407407407407404,15.0,2023-05-20 12:30:00+00:00,18.88888888888889,True,28.333333333333332,15.555555555555555,8.333333333333332,2.2222222222222214,468,472
2023_2023-05-20_day1_003_h15,2023,2023_2023-05-20_day1,2023-05-20 13:00:00+00:00,2023-05-20 13:00:00+00:00,2023-05-20 13:15:00+00:00,2023-05-20 13:15:00+00:00,15,15.0,0.0,20.555555555555557,13.333333333333334,7.222222222222223,0.03703703703703714,15.0,2023-05-20 12:45:00+00:00,20.0,True,21.666666666666668,13.88888888888889,1.1111111111111107,0.5555555555555554,469,470
2023_2023-05-20_day1_003_h30,2023,2023_2023-05-20_day1,2023-05-20 13:00:00+00:00,2023-05-20 13:00:00+00:00,2023-05-20 13:30:00+00:00,2023-05-20 13:30:00+00:00,30,30.0,0.0,20.555555555555557,13.333333333333334,7.222222222222223,0.03703703703703714,15.0,2023-05-20 12:45:00+00:00,20.0,True,22.22222222222222,13.88888888888889,1.6666666666666643,0.5555555555555554,469,471
2023_2023-05-20_day1_003_h120,2023,2023_2023-05-20_day1,2023-05-20 13:00:00+00:00,2023-05-20 13:00:00+00:00,2023-05-20 15:00:00+00:00,2023-05-20 15:00:00+00:00,120,120.0,0.0,20.555555555555557,13.333333333333334,7.222222222222223,0.03703703703703714,15.0,2023-05-20 12:45:00+00:00,20.0,True,29.444444444444443,15.555555555555555,8.888888888888886,2.2222222222222214,469,473
2023_2023-05-20_day1_004_h15,2023,2023_2023-05-20_day1,2023-05-20 13:15:00+00:00,2023-05-20 13:15:00+00:00,2023-05-20 13:30:00+00:00,2023-05-20 13:30:00+00:00,15,15.0,0.0,21.666666666666668,13.88888888888889,7.777777777777779,0.07407407407407404,15.0,2023-05-20 13:00:00+00:00,20.555555555555557,True,22.22222222222222,13.88888888888889,0.5555555555555536,0.0,470,471
2023_2023-05-20_day1_004_h90,2023,2023_2023-05-20_day1,2023-05-20 13:15:00+00:00,2023-05-20 13:15:00+00:00,2023-05-20 14:45:00+00:00,2023-05-20 14:45:00+00:00,90,90.0,0.0,21.666666666666668,13.88888888888889,7.777777777777779,0.07407407407407404,15.0,2023-05-20 13:00:00+00:00,20.555555555555557,True,28.333333333333332,15.555555555555555,6.666666666666664,1.666666666666666,470,472
2023_2023-05-20_day1_004_h120,2023,2023_2023-05-20_day1,2023-05-20 13:15:00+00:00,2023-05-20 13:15:00+00:00,2023-05-20 15:15:00+00:00,2023-05-20 15:15:00+00:00,120,120.0,0.0,21.666666666666668,13.88888888888889,7.777777777777779,0.07407407407407404,15.0,2023-05-20 13:00:00+00:00,20.555555555555557,True,30.555555555555557,16.666666666666668,8.88888888888889,2.7777777777777786,470,474
2023_2023-05-20_day1_005_h90,2023,2023_2023-05-20_day1,2023-05-20 13:30:00+00:00,2023-05-20 13:30:00+00:00,2023-05-20 15:00:00+00:00,2023-05-20 15:00:00+00:00,90,90.0,0.0,22.22222222222222,13.88888888888889,8.333333333333332,0.0370370370370369,15.0,2023-05-20 13:15:00+00:00,21.666666666666668,True,29.444444444444443,15.555555555555555,7.222222222222221,1.666666666666666,471,473
2023_2023-05-20_day1_005_h120,2023,2023_2023-05-20_day1,2023-05-20 13:30:00+00:00,2023-05-20 13:30:00+00:00,2023-05-20 15:30:00+00:00,2023-05-20 15:30:00+00:00,120,120.0,0.0,22.22222222222222,13.88888888888889,8.333333333333332,0.0370370370370369,15.0,2023-05-20 13:15:00+00:00,21.666666666666668,True,33.333333333333336,16.666666666666668,11.111111111111114,2.7777777777777786,471,475
2023_2023-05-20_day1_006_h15,2023,2023_2023-05-20_day1,2023-05-20 14:45:00+00:00,2023-05-20 14:45:00+00:00,2023-05-20 15:00:00+00:00,2023-05-20 15:00:00+00:00,15,15.0,0.0,28.333333333333332,15.555555555555555,12.777777777777777,,,,,False,29.444444444444443,15.555555555555555,1.1111111111111107,0.0,472,473
2023_2023-05-20_day1_006_h30,2023,2023_2023-05-20_day1,2023-05-20 14:45:00+00:00,2023-05-20 14:45:00+00:00,2023-05-20 15:15:00+00:00,2023-05-20 15:15:00+00:00,30,30.0,0.0,28.333333333333332,15.555555555555555,12.777777777777777,,,,,False,30.555555555555557,16.666666666666668,2.222222222222225,1.1111111111111125,472,474
2023_2023-05-20_day1_006_h60,2023,2023_2023-05-20_day1,2023-05-20 14:45:00+00:00,2023-05-20 14:45:00+00:00,2023-05-20 15:45:00+00:00,2023-05-20 15:45:00+00:00,60,60.0,0.0,28.333333333333332,15.555555555555555,12.777777777777777,,,,,False,34.44444444444444,16.666666666666668,6.111111111111111,1.1111111111111125,472,476
2023_2023-05-20_day1_006_h90,2023,2023_2023-05-20_day1,2023-05-20 14:45:00+00:00,2023-05-20 14:45:00+00:00,2023-05-20 16:15:00+00:00,2023-05-20 16:15:00+00:00,90,90.0,0.0,28.333333333333332,15.555555555555555,12.777777777777777,,,,,False,37.22222222222222,16.666666666666668,8.88888888888889,1.1111111111111125,472,478
2023_2023-05-20_day1_006_h120,2023,2023_2023-05-20_day1,2023-05-20 14:45:00+00:00,2023-05-20 14:45:00+00:00,2023-05-20 16:45:00+00:00,2023-05-20 16:45:00+00:00,120,120.0,0.0,28.333333333333332,15.555555555555555,12.777777777777777,,,,,False,40.0,16.666666666666668,11.666666666666668,1.1111111111111125,472,480
2023_2023-05-20_day1_007_h15,2023,2023_2023-05-20_day1,2023-05-20 15:00:00+00:00,2023-05-20 15:00:00+00:00,2023-05-20 15:15:00+00:00,2023-05-20 15:15:00+00:00,15,15.0,0.0,29.444444444444443,15.555555555555555,13.888888888888888,0.07407407407407404,15.0,2023-05-20 14:45:00+00:00,28.333333333333332,True,30.555555555555557,16.666666666666668,1.1111111111111143,1.1111111111111125,473,474
2023_2023-05-20_day1_007_h30,2023,2023_2023-05-20_day1,2023-05-20 15:00:00+00:00,2023-05-20 15:00:00+00:00,2023-05-20 15:30:00+00:00,2023-05-20 15:30:00+00:00,30,30.0,0.0,29.444444444444443,15.555555555555555,13.888888888888888,0.07407407407407404,15.0,2023-05-20 14:45:00+00:00,28.333333333333332,True,33.333333333333336,16.666666666666668,3.888888888888893,1.1111111111111125,473,475
2023_2023-05-20_day1_007_h60,2023,2023_2023-05-20_day1,2023-05-20 15:00:00+00:00,2023-05-20 15:00:00+00:00,2023-05-20 16:00:00+00:00,2023-05-20 16:00:00+00:00,60,60.0,0.0,29.444444444444443,15.555555555555555,13.888888888888888,0.07407407407407404,15.0,2023-05-20 14:45:00+00:00,28.333333333333332,True,36.111111111111114,16.666666666666668,6.666666666666671,1.1111111111111125,473,477
2023_2023-05-20_day1_007_h90,2023,2023_2023-05-20_day1,2023-05-20 15:00:00+00:00,2023-05-20 15:00:00+00:00,2023-05-20 16:30:00+00:00,2023-05-20 16:30:00+00:00,90,90.0,0.0,29.444444444444443,15.555555555555555,13.888888888888888,0.07407407407407404,15.0,2023-05-20 14:45:00+00:00,28.333333333333332,True,38.888888888888886,17.22222222222222,9.444444444444443,1.666666666666666,473,479
2023_2023-05-20_day1_007_h120,2023,2023_2023-05-20_day1,2023-05-20 15:00:00+00:00,2023-05-20 15:00:00+00:00,2023-05-20 17:00:00+00:00,2023-05-20 17:00:00+00:00,120,120.0,0.0,29.444444444444443,15.555555555555555,13.888888888888888,0.07407407407407404,15.0,2023-05-20 14:45:00+00:00,28.333333333333332,True,41.111111111111114,17.77777777777778,11.666666666666671,2.222222222222223,473,481
2023_2023-05-20_day1_008_h15,2023,2023_2023-05-20_day1,2023-05-20 15:15:00+00:00,2023-05-20 15:15:00+00:00,2023-05-20 15:30:00+00:00,2023-05-20 15:30:00+00:00,15,15.0,0.0,30.555555555555557,16.666666666666668,13.88888888888889,0.07407407407407428,15.0,2023-05-20 15:00:00+00:00,29.444444444444443,True,33.333333333333336,16.666666666666668,2.7777777777777786,0.0,474,475
2023_2023-05-20_day1_008_h30,2023,2023_2023-05-20_day1,2023-05-20 15:15:00+00:00,2023-05-20 15:15:00+00:00,2023-05-20 15:45:00+00:00,2023-05-20 15:45:00+00:00,30,30.0,0.0,30.555555555555557,16.666666666666668,13.88888888888889,0.07407407407407428,15.0,2023-05-20 15:00:00+00:00,29.444444444444443,True,34.44444444444444,16.666666666666668,3.8888888888888857,0.0,474,476
2023_2023-05-20_day1_008_h60,2023,2023_2023-05-20_day1,2023-05-20 15:15:00+00:00,2023-05-20 15:15:00+00:00,2023-05-20 16:15:00+00:00,2023-05-20 16:15:00+00:00,60,60.0,0.0,30.555555555555557,16.666666666666668,13.88888888888889,0.07407407407407428,15.0,2023-05-20 15:00:00+00:00,29.444444444444443,True,37.22222222222222,16.666666666666668,6.666666666666664,0.0,474,478
2023_2023-05-20_day1_008_h90,2023,2023_2023-05-20_day1,2023-05-20 15:15:00+00:00,2023-05-20 15:15:00+00:00,2023-05-20 16:45:00+00:00,2023-05-20 16:45:00+00:00,90,90.0,0.0,30.555555555555557,16.666666666666668,13.88888888888889,0.07407407407407428,15.0,2023-05-20 15:00:00+00:00,29.444444444444443,True,40.0,16.666666666666668,9.444444444444443,0.0,474,480
2023_2023-05-20_day1_008_h120,2023,2023_2023-05-20_day1,2023-05-20 15:15:00+00:00,2023-05-20 15:15:00+00:00,2023-05-20 17:15:00+00:00,2023-05-20 17:15:00+00:00,120,120.0,0.0,30.555555555555557,16.666666666666668,13.88888888888889,0.07407407407407428,15.0,2023-05-20 15:00:00+00:00,29.444444444444443,True,42.22222222222222,17.77777777777778,11.666666666666664,1.1111111111111107,474,482
2023_2023-05-20_day1_009_h15,2023,2023_2023-05-20_day1,2023-05-20 15:30:00+00:00,2023-05-20 15:30:00+00:00,2023-05-20 15:45:00+00:00,2023-05-20 15:45:00+00:00,15,15.0,0.0,33.333333333333336,16.666666666666668,16.666666666666668,0.18518518518518523,15.0,2023-05-20 15:15:00+00:00,30.555555555555557,True,34.44444444444444,16.666666666666668,1.1111111111111072,0.0,475,476
2023_2023-05-20_day1_009_h30,2023,2023_2023-05-20_day1,2023-05-20 15:30:00+00:00,2023-05-20 15:30:00+00:00,2023-05-20 16:00:00+00:00,2023-05-20 16:00:00+00:00,30,30.0,0.0,33.333333333333336,16.666666666666668,16.666666666666668,0.18518518518518523,15.0,2023-05-20 15:15:00+00:00,30.555555555555557,True,36.111111111111114,16.666666666666668,2.7777777777777786,0.0,475,477
2023_2023-05-20_day1_009_h60,2023,2023_2023-05-20_day1,2023-05-20 15:30:00+00:00,2023-05-20 15:30:00+00:00,2023-05-20 16:30:00+00:00,2023-05-20 16:30:00+00:00,60,60.0,0.0,33.333333333333336,16.666666666666668,16.666666666666668,0.18518518518518523,15.0,2023-05-20 15:15:00+00:00,30.555555555555557,True,38.888888888888886,17.22222222222222,5.55555555555555,0.5555555555555536,475,479
2023_2023-05-20_day1_009_h90,2023,2023_2023-05-20_day1,2023-05-20 15:30:00+00:00,2023-05-20 15:30:00+00:00,2023-05-20 17:00:00+00:00,2023-05-20 17:00:00+00:00,90,90.0,0.0,33.333333333333336,16.666666666666668,16.666666666666668,0.18518518518518523,15.0,2023-05-20 15:15:00+00:00,30.555555555555557,True,41.111111111111114,17.77777777777778,7.777777777777779,1.1111111111111107,475,481
2023_2023-05-20_day1_009_h120,2023,2023_2023-05-20_day1,2023-05-20 15:30:00+00:00,2023-05-20 15:30:00+00:00,2023-05-20 17:30:00+00:00,2023-05-20 17:30:00+00:00,120,120.0,0.0,33.333333333333336,16.666666666666668,16.666666666666668,0.18518518518518523,15.0,2023-05-20 15:15:00+00:00,30.555555555555557,True,42.77777777777778,17.77777777777778,9.444444444444443,1.1111111111111107,475,483
2023_2023-05-20_day1_010_h15,2023,2023_2023-05-20_day1,2023-05-20 15:45:00+00:00,2023-05-20 15:45:00+00:00,2023-05-20 16:00:00+00:00,2023-05-20 16:00:00+00:00,15,15.0,0.0,34.44444444444444,16.666666666666668,17.777777777777775,0.0740740740740738,15.0,2023-05-20 15:30:00+00:00,33.333333333333336,True,36.111111111111114,16.666666666666668,1.6666666666666714,0.0,476,477
2023_2023-05-20_day1_010_h30,2023,2023_2023-05-20_day1,2023-05-20 15:45:00+00:00,2023-05-20 15:45:00+00:00,2023-05-20 16:15:00+00:00,2023-05-20 16:15:00+00:00,30,30.0,0.0,34.44444444444444,16.666666666666668,17.777777777777775,0.0740740740740738,15.0,2023-05-20 15:30:00+00:00,33.333333333333336,True,37.22222222222222,16.666666666666668,2.7777777777777786,0.0,476,478
2023_2023-05-20_day1_010_h60,2023,2023_2023-05-20_day1,2023-05-20 15:45:00+00:00,2023-05-20 15:45:00+00:00,2023-05-20 16:45:00+00:00,2023-05-20 16:45:00+00:00,60,60.0,0.0,34.44444444444444,16.666666666666668,17.777777777777775,0.0740740740740738,15.0,2023-05-20 15:30:00+00:00,33.333333333333336,True,40.0,16.666666666666668,5.555555555555557,0.0,476,480
2023_2023-05-20_day1_010_h90,2023,2023_2023-05-20_day1,2023-05-20 15:45:00+00:00,2023-05-20 15:45:00+00:00,2023-05-20 17:15:00+00:00,2023-05-20 17:15:00+00:00,90,90.0,0.0,34.44444444444444,16.666666666666668,17.777777777777775,0.0740740740740738,15.0,2023-05-20 15:30:00+00:00,33.333333333333336,True,42.22222222222222,17.77777777777778,7.777777777777779,1.1111111111111107,476,482
2023_2023-05-20_day1_010_h120,2023,2023_2023-05-20_day1,2023-05-20 15:45:00+00:00,2023-05-20 15:45:00+00:00,2023-05-20 17:45:00+00:00,2023-05-20 17:45:00+00:00,120,120.0,0.0,34.44444444444444,16.666666666666668,17.777777777777775,0.0740740740740738,15.0,2023-05-20 15:30:00+00:00,33.333333333333336,True,42.77777777777778,17.77777777777778,8.333333333333336,1.1111111111111107,476,484
2023_2023-05-20_day1_011_h15,2023,2023_2023-05-20_day1,2023-05-20 16:00:00+00:00,2023-05-20 16:00:00+00:00,2023-05-20 16:15:00+00:00,2023-05-20 16:15:00+00:00,15,15.0,0.0,36.111111111111114,16.666666666666668,19.444444444444446,0.11111111111111142,15.0,2023-05-20 15:45:00+00:00,34.44444444444444,True,37.22222222222222,16.666666666666668,1.1111111111111072,0.0,477,478
2023_2023-05-20_day1_011_h30,2023,2023_2023-05-20_day1,2023-05-20 16:00:00+00:00,2023-05-20 16:00:00+00:00,2023-05-20 16:30:00+00:00,2023-05-20 16:30:00+00:00,30,30.0,0.0,36.111111111111114,16.666666666666668,19.444444444444446,0.11111111111111142,15.0,2023-05-20 15:45:00+00:00,34.44444444444444,True,38.888888888888886,17.22222222222222,2.7777777777777715,0.5555555555555536,477,479
2023_2023-05-20_day1_011_h60,2023,2023_2023-05-20_day1,2023-05-20 16:00:00+00:00,2023-05-20 16:00:00+00:00,2023-05-20 17:00:00+00:00,2023-05-20 17:00:00+00:00,60,60.0,0.0,36.111111111111114,16.666666666666668,19.444444444444446,0.11111111111111142,15.0,2023-05-20 15:45:00+00:00,34.44444444444444,True,41.111111111111114,17.77777777777778,5.0,1.1111111111111107,477,481
2023_2023-05-20_day1_011_h90,2023,2023_2023-05-20_day1,2023-05-20 16:00:00+00:00,2023-05-20 16:00:00+00:00,2023-05-20 17:30:00+00:00,2023-05-20 17:30:00+00:00,90,90.0,0.0,36.111111111111114,16.666666666666668,19.444444444444446,0.11111111111111142,15.0,2023-05-20 15:45:00+00:00,34.44444444444444,True,42.77777777777778,17.77777777777778,6.666666666666664,1.1111111111111107,477,483
2023_2023-05-20_day1_011_h120,2023,2023_2023-05-20_day1,2023-05-20 16:00:00+00:00,2023-05-20 16:00:00+00:00,2023-05-20 18:00:00+00:00,2023-05-20 18:00:00+00:00,120,120.0,0.0,36.111111111111114,16.666666666666668,19.444444444444446,0.11111111111111142,15.0,2023-05-20 15:45:00+00:00,34.44444444444444,True,43.888888888888886,18.88888888888889,7.7777777777777715,2.2222222222222214,477,485
2023_2023-05-20_day1_012_h15,2023,2023_2023-05-20_day1,2023-05-20 16:15:00+00:00,2023-05-20 16:15:00+00:00,2023-05-20 16:30:00+00:00,2023-05-20 16:30:00+00:00,15,15.0,0.0,37.22222222222222,16.666666666666668,20.555555555555554,0.0740740740740738,15.0,2023-05-20 16:00:00+00:00,36.111111111111114,True,38.888888888888886,17.22222222222222,1.6666666666666643,0.5555555555555536,478,479
2023_2023-05-20_day1_012_h30,2023,2023_2023-05-20_day1,2023-05-20 16:15:00+00:00,2023-05-20 16:15:00+00:00,2023-05-20 16:45:00+00:00,2023-05-20 16:45:00+00:00,30,30.0,0.0,37.22222222222222,16.666666666666668,20.555555555555554,0.0740740740740738,15.0,2023-05-20 16:00:00+00:00,36.111111111111114,True,40.0,16.666666666666668,2.7777777777777786,0.0,478,480
2023_2023-05-20_day1_012_h60,2023,2023_2023-05-20_day1,2023-05-20 16:15:00+00:00,2023-05-20 16:15:00+00:00,2023-05-20 17:15:00+00:00,2023-05-20 17:15:00+00:00,60,60.0,0.0,37.22222222222222,16.666666666666668,20.555555555555554,0.0740740740740738,15.0,2023-05-20 16:00:00+00:00,36.111111111111114,True,42.22222222222222,17.77777777777778,5.0,1.1111111111111107,478,482
2023_2023-05-20_day1_012_h90,2023,2023_2023-05-20_day1,2023-05-20 16:15:00+00:00,2023-05-20 16:15:00+00:00,2023-05-20 17:45:00+00:00,2023-05-20 17:45:00+00:00,90,90.0,0.0,37.22222222222222,16.666666666666668,20.555555555555554,0.0740740740740738,15.0,2023-05-20 16:00:00+00:00,36.111111111111114,True,42.77777777777778,17.77777777777778,5.555555555555557,1.1111111111111107,478,484
2023_2023-05-20_day1_012_h120,2023,2023_2023-05-20_day1,2023-05-20 16:15:00+00:00,2023-05-20 16:15:00+00:00,2023-05-20 18:15:00+00:00,2023-05-20 18:15:00+00:00,120,120.0,0.0,37.22222222222222,16.666666666666668,20.555555555555554,0.0740740740740738,15.0,2023-05-20 16:00:00+00:00,36.111111111111114,True,45.0,18.88888888888889,7.777777777777779,2.2222222222222214,478,486
2023_2023-05-20_day1_013_h15,2023,2023_2023-05-20_day1,2023-05-20 16:30:00+00:00,2023-05-20 16:30:00+00:00,2023-05-20 16:45:00+00:00,2023-05-20 16:45:00+00:00,15,15.0,0.0,38.888888888888886,17.22222222222222,21.666666666666664,0.11111111111111095,15.0,2023-05-20 16:15:00+00:00,37.22222222222222,True,40.0,16.666666666666668,1.1111111111111143,-0.5555555555555536,479,480
2023_2023-05-20_day1_013_h30,2023,2023_2023-05-20_day1,2023-05-20 16:30:00+00:00,2023-05-20 16:30:00+00:00,2023-05-20 17:00:00+00:00,2023-05-20 17:00:00+00:00,30,30.0,0.0,38.888888888888886,17.22222222222222,21.666666666666664,0.11111111111111095,15.0,2023-05-20 16:15:00+00:00,37.22222222222222,True,41.111111111111114,17.77777777777778,2.2222222222222285,0.5555555555555571,479,481
2023_2023-05-20_day1_013_h60,2023,2023_2023-05-20_day1,2023-05-20 16:30:00+00:00,2023-05-20 16:30:00+00:00,2023-05-20 17:30:00+00:00,2023-05-20 17:30:00+00:00,60,60.0,0.0,38.888888888888886,17.22222222222222,21.666666666666664,0.11111111111111095,15.0,2023-05-20 16:15:00+00:00,37.22222222222222,True,42.77777777777778,17.77777777777778,3.888888888888893,0.5555555555555571,479,483
2023_2023-05-20_day1_013_h90,2023,2023_2023-05-20_day1,2023-05-20 16:30:00+00:00,2023-05-20 16:30:00+00:00,2023-05-20 18:00:00+00:00,2023-05-20 18:00:00+00:00,90,90.0,0.0,38.888888888888886,17.22222222222222,21.666666666666664,0.11111111111111095,15.0,2023-05-20 16:15:00+00:00,37.22222222222222,True,43.888888888888886,18.88888888888889,5.0,1.6666666666666679,479,485
2023_2023-05-20_day1_013_h120,2023,2023_2023-05-20_day1,2023-05-20 16:30:00+00:00,2023-05-20 16:30:00+00:00,2023-05-20 18:30:00+00:00,2023-05-20 18:30:00+00:00,120,120.0,0.0,38.888888888888886,17.22222222222222,21.666666666666664,0.11111111111111095,15.0,2023-05-20 16:15:00+00:00,37.22222222222222,True,45.0,18.88888888888889,6.111111111111114,1.6666666666666679,479,487
2023_2023-05-20_day1_014_h15,2023,2023_2023-05-20_day1,2023-05-20 16:45:00+00:00,2023-05-20 16:45:00+00:00,2023-05-20 17:00:00+00:00,2023-05-20 17:00:00+00:00,15,15.0,0.0,40.0,16.666666666666668,23.333333333333332,0.07407407407407428,15.0,2023-05-20 16:30:00+00:00,38.888888888888886,True,41.111111111111114,17.77777777777778,1.1111111111111143,1.1111111111111107,480,481
2023_2023-05-20_day1_014_h30,2023,2023_2023-05-20_day1,2023-05-20 16:45:00+00:00,2023-05-20 16:45:00+00:00,2023-05-20 17:15:00+00:00,2023-05-20 17:15:00+00:00,30,30.0,0.0,40.0,16.666666666666668,23.333333333333332,0.07407407407407428,15.0,2023-05-20 16:30:00+00:00,38.888888888888886,True,42.22222222222222,17.77777777777778,2.2222222222222214,1.1111111111111107,480,482
2023_2023-05-20_day1_014_h60,2023,2023_2023-05-20_day1,2023-05-20 16:45:00+00:00,2023-05-20 16:45:00+00:00,2023-05-20 17:45:00+00:00,2023-05-20 17:45:00+00:00,60,60.0,0.0,40.0,16.666666666666668,23.333333333333332,0.07407407407407428,15.0,2023-05-20 16:30:00+00:00,38.888888888888886,True,42.77777777777778,17.77777777777778,2.7777777777777786,1.1111111111111107,480,484
2023_2023-05-20_day1_014_h90,2023,2023_2023-05-20_day1,2023-05-20 16:45:00+00:00,2023-05-20 16:45:00+00:00,2023-05-20 18:15:00+00:00,2023-05-20 18:15:00+00:00,90,90.0,0.0,40.0,16.666666666666668,23.333333333333332,0.07407407407407428,15.0,2023-05-20 16:30:00+00:00,38.888888888888886,True,45.0,18.88888888888889,5.0,2.2222222222222214,480,486
2023_2023-05-20_day1_014_h120,2023,2023_2023-05-20_day1,2023-05-20 16:45:00+00:00,2023-05-20 16:45:00+00:00,2023-05-20 18:45:00+00:00,2023-05-20 18:45:00+00:00,120,120.0,0.0,40.0,16.666666666666668,23.333333333333332,0.07407407407407428,15.0,2023-05-20 16:30:00+00:00,38.888888888888886,True,44.44444444444444,18.88888888888889,4.444444444444443,2.2222222222222214,480,488
2023_2023-05-20_day1_015_h15,2023,2023_2023-05-20_day1,2023-05-20 17:00:00+00:00,2023-05-20 17:00:00+00:00,2023-05-20 17:15:00+00:00,2023-05-20 17:15:00+00:00,15,15.0,0.0,41.111111111111114,17.77777777777778,23.333333333333336,0.07407407407407428,15.0,2023-05-20 16:45:00+00:00,40.0,True,42.22222222222222,17.77777777777778,1.1111111111111072,0.0,481,482
2023_2023-05-20_day1_015_h30,2023,2023_2023-05-20_day1,2023-05-20 17:00:00+00:00,2023-05-20 17:00:00+00:00,2023-05-20 17:30:00+00:00,2023-05-20 17:30:00+00:00,30,30.0,0.0,41.111111111111114,17.77777777777778,23.333333333333336,0.07407407407407428,15.0,2023-05-20 16:45:00+00:00,40.0,True,42.77777777777778,17.77777777777778,1.6666666666666643,0.0,481,483
2023_2023-05-20_day1_015_h60,2023,2023_2023-05-20_day1,2023-05-20 17:00:00+00:00,2023-05-20 17:00:00+00:00,2023-05-20 18:00:00+00:00,2023-05-20 18:00:00+00:00,60,60.0,0.0,41.111111111111114,17.77777777777778,23.333333333333336,0.07407407407407428,15.0,2023-05-20 16:45:00+00:00,40.0,True,43.888888888888886,18.88888888888889,2.7777777777777715,1.1111111111111107,481,485
2023_2023-05-20_day1_015_h90,2023,2023_2023-05-20_day1,2023-05-20 17:00:00+00:00,2023-05-20 17:00:00+00:00,2023-05-20 18:30:00+00:00,2023-05-20 18:30:00+00:00,90,90.0,0.0,41.111111111111114,17.77777777777778,23.333333333333336,0.07407407407407428,15.0,2023-05-20 16:45:00+00:00,40.0,True,45.0,18.88888888888889,3.8888888888888857,1.1111111111111107,481,487
2023_2023-05-20_day1_015_h120,2023,2023_2023-05-20_day1,2023-05-20 17:00:00+00:00,2023-05-20 17:00:00+00:00,2023-05-20 19:00:00+00:00,2023-05-20 19:00:00+00:00,120,120.0,0.0,41.111111111111114,17.77777777777778,23.333333333333336,0.07407407407407428,15.0,2023-05-20 16:45:00+00:00,40.0,True,44.44444444444444,18.88888888888889,3.3333333333333286,1.1111111111111107,481,489
2023_2023-05-20_day1_016_h15,2023,2023_2023-05-20_day1,2023-05-20 17:15:00+00:00,2023-05-20 17:15:00+00:00,2023-05-20 17:30:00+00:00,2023-05-20 17:30:00+00:00,15,15.0,0.0,42.22222222222222,17.77777777777778,24.444444444444443,0.0740740740740738,15.0,2023-05-20 17:00:00+00:00,41.111111111111114,True,42.77777777777778,17.77777777777778,0.5555555555555571,0.0,482,483
2023_2023-05-20_day1_016_h30,2023,2023_2023-05-20_day1,2023-05-20 17:15:00+00:00,2023-05-20 17:15:00+00:00,2023-05-20 17:45:00+00:00,2023-05-20 17:45:00+00:00,30,30.0,0.0,42.22222222222222,17.77777777777778,24.444444444444443,0.0740740740740738,15.0,2023-05-20 17:00:00+00:00,41.111111111111114,True,42.77777777777778,17.77777777777778,0.5555555555555571,0.0,482,484
2023_2023-05-20_day1_016_h60,2023,2023_2023-05-20_day1,2023-05-20 17:15:00+00:00,2023-05-20 17:15:00+00:00,2023-05-20 18:15:00+00:00,2023-05-20 18:15:00+00:00,60,60.0,0.0,42.22222222222222,17.77777777777778,24.444444444444443,0.0740740740740738,15.0,2023-05-20 17:00:00+00:00,41.111111111111114,True,45.0,18.88888888888889,2.7777777777777786,1.1111111111111107,482,486
2023_2023-05-20_day1_016_h90,2023,2023_2023-05-20_day1,2023-05-20 17:15:00+00:00,2023-05-20 17:15:00+00:00,2023-05-20 18:45:00+00:00,2023-05-20 18:45:00+00:00,90,90.0,0.0,42.22222222222222,17.77777777777778,24.444444444444443,0.0740740740740738,15.0,2023-05-20 17:00:00+00:00,41.111111111111114,True,44.44444444444444,18.88888888888889,2.2222222222222214,1.1111111111111107,482,488
2023_2023-05-20_day1_016_h120,2023,2023_2023-05-20_day1,2023-05-20 17:15:00+00:00,2023-05-20 17:15:00+00:00,2023-05-20 19:15:00+00:00,2023-05-20 19:15:00+00:00,120,120.0,0.0,42.22222222222222,17.77777777777778,24.444444444444443,0.0740740740740738,15.0,2023-05-20 17:00:00+00:00,41.111111111111114,True,44.44444444444444,18.333333333333332,2.2222222222222214,0.5555555555555536,482,490
2023_2023-05-20_day1_017_h15,2023,2023_2023-05-20_day1,2023-05-20 17:30:00+00:00,2023-05-20 17:30:00+00:00,2023-05-20 17:45:00+00:00,2023-05-20 17:45:00+00:00,15,15.0,0.0,42.77777777777778,17.77777777777778,25.0,0.03703703703703714,15.0,2023-05-20 17:15:00+00:00,42.22222222222222,True,42.77777777777778,17.77777777777778,0.0,0.0,483,484
2023_2023-05-20_day1_017_h30,2023,2023_2023-05-20_day1,2023-05-20 17:30:00+00:00,2023-05-20 17:30:00+00:00,2023-05-20 18:00:00+00:00,2023-05-20 18:00:00+00:00,30,30.0,0.0,42.77777777777778,17.77777777777778,25.0,0.03703703703703714,15.0,2023-05-20 17:15:00+00:00,42.22222222222222,True,43.888888888888886,18.88888888888889,1.1111111111111072,1.1111111111111107,483,485
2023_2023-05-20_day1_017_h60,2023,2023_2023-05-20_day1,2023-05-20 17:30:00+00:00,2023-05-20 17:30:00+00:00,2023-05-20 18:30:00+00:00,2023-05-20 18:30:00+00:00,60,60.0,0.0,42.77777777777778,17.77777777777778,25.0,0.03703703703703714,15.0,2023-05-20 17:15:00+00:00,42.22222222222222,True,45.0,18.88888888888889,2.2222222222222214,1.1111111111111107,483,487
2023_2023-05-20_day1_017_h90,2023,2023_2023-05-20_day1,2023-05-20 17:30:00+00:00,2023-05-20 17:30:00+00:00,2023-05-20 19:00:00+00:00,2023-05-20 19:00:00+00:00,90,90.0,0.0,42.77777777777778,17.77777777777778,25.0,0.03703703703703714,15.0,2023-05-20 17:15:00+00:00,42.22222222222222,True,44.44444444444444,18.88888888888889,1.6666666666666643,1.1111111111111107,483,489
2023_2023-05-20_day1_017_h120,2023,2023_2023-05-20_day1,2023-05-20 17:30:00+00:00,2023-05-20 17:30:00+00:00,2023-05-20 19:30:00+00:00,2023-05-20 19:30:00+00:00,120,120.0,0.0,42.77777777777778,17.77777777777778,25.0,0.03703703703703714,15.0,2023-05-20 17:15:00+00:00,42.22222222222222,True,45.0,18.88888888888889,2.2222222222222214,1.1111111111111107,483,491
2023_2023-05-20_day1_018_h15,2023,2023_2023-05-20_day1,2023-05-20 17:45:00+00:00,2023-05-20 17:45:00+00:00,2023-05-20 18:00:00+00:00,2023-05-20 18:00:00+00:00,15,15.0,0.0,42.77777777777778,17.77777777777778,25.0,0.0,15.0,2023-05-20 17:30:00+00:00,42.77777777777778,True,43.888888888888886,18.88888888888889,1.1111111111111072,1.1111111111111107,484,485
2023_2023-05-20_day1_018_h30,2023,2023_2023-05-20_day1,2023-05-20 17:45:00+00:00,2023-05-20 17:45:00+00:00,2023-05-20 18:15:00+00:00,2023-05-20 18:15:00+00:00,30,30.0,0.0,42.77777777777778,17.77777777777778,25.0,0.0,15.0,2023-05-20 17:30:00+00:00,42.77777777777778,True,45.0,18.88888888888889,2.2222222222222214,1.1111111111111107,484,486
2023_2023-05-20_day1_018_h60,2023,2023_2023-05-20_day1,2023-05-20 17:45:00+00:00,2023-05-20 17:45:00+00:00,2023-05-20 18:45:00+00:00,2023-05-20 18:45:00+00:00,60,60.0,0.0,42.77777777777778,17.77777777777778,25.0,0.0,15.0,2023-05-20 17:30:00+00:00,42.77777777777778,True,44.44444444444444,18.88888888888889,1.6666666666666643,1.1111111111111107,484,488
2023_2023-05-20_day1_018_h90,2023,2023_2023-05-20_day1,2023-05-20 17:45:00+00:00,2023-05-20 17:45:00+00:00,2023-05-20 19:15:00+00:00,2023-05-20 19:15:00+00:00,90,90.0,0.0,42.77777777777778,17.77777777777778,25.0,0.0,15.0,2023-05-20 17:30:00+00:00,42.77777777777778,True,44.44444444444444,18.333333333333332,1.6666666666666643,0.5555555555555536,484,490
2023_2023-05-20_day1_018_h120,2023,2023_2023-05-20_day1,2023-05-20 17:45:00+00:00,2023-05-20 17:45:00+00:00,2023-05-20 19:45:00+00:00,2023-05-20 19:45:00+00:00,120,120.0,0.0,42.77777777777778,17.77777777777778,25.0,0.0,15.0,2023-05-20 17:30:00+00:00,42.77777777777778,True,44.44444444444444,18.88888888888889,1.6666666666666643,1.1111111111111107,484,492
2023_2023-05-20_day1_019_h15,2023,2023_2023-05-20_day1,2023-05-20 18:00:00+00:00,2023-05-20 18:00:00+00:00,2023-05-20 18:15:00+00:00,2023-05-20 18:15:00+00:00,15,15.0,0.0,43.888888888888886,18.88888888888889,24.999999999999996,0.0740740740740738,15.0,2023-05-20 17:45:00+00:00,42.77777777777778,True,45.0,18.88888888888889,1.1111111111111143,0.0,485,486
2023_2023-05-20_day1_019_h30,2023,2023_2023-05-20_day1,2023-05-20 18:00:00+00:00,2023-05-20 18:00:00+00:00,2023-05-20 18:30:00+00:00,2023-05-20 18:30:00+00:00,30,30.0,0.0,43.888888888888886,18.88888888888889,24.999999999999996,0.0740740740740738,15.0,2023-05-20 17:45:00+00:00,42.77777777777778,True,45.0,18.88888888888889,1.1111111111111143,0.0,485,487
2023_2023-05-20_day1_019_h60,2023,2023_2023-05-20_day1,2023-05-20 18:00:00+00:00,2023-05-20 18:00:00+00:00,2023-05-20 19:00:00+00:00,2023-05-20 19:00:00+00:00,60,60.0,0.0,43.888888888888886,18.88888888888889,24.999999999999996,0.0740740740740738,15.0,2023-05-20 17:45:00+00:00,42.77777777777778,True,44.44444444444444,18.88888888888889,0.5555555555555571,0.0,485,489
2023_2023-05-20_day1_019_h90,2023,2023_2023-05-20_day1,2023-05-20 18:00:00+00:00,2023-05-20 18:00:00+00:00,2023-05-20 19:30:00+00:00,2023-05-20 19:30:00+00:00,90,90.0,0.0,43.888888888888886,18.88888888888889,24.999999999999996,0.0740740740740738,15.0,2023-05-20 17:45:00+00:00,42.77777777777778,True,45.0,18.88888888888889,1.1111111111111143,0.0,485,491
2023_2023-05-20_day1_019_h120,2023,2023_2023-05-20_day1,2023-05-20 18:00:00+00:00,2023-05-20 18:00:00+00:00,2023-05-20 20:00:00+00:00,2023-05-20 20:00:00+00:00,120,120.0,0.0,43.888888888888886,18.88888888888889,24.999999999999996,0.0740740740740738,15.0,2023-05-20 17:45:00+00:00,42.77777777777778,True,44.44444444444444,18.88888888888889,0.5555555555555571,0.0,485,493
2023_2023-05-20_day1_020_h15,2023,2023_2023-05-20_day1,2023-05-20 18:15:00+00:00,2023-05-20 18:15:00+00:00,2023-05-20 18:30:00+00:00,2023-05-20 18:30:00+00:00,15,15.0,0.0,45.0,18.88888888888889,26.11111111111111,0.07407407407407428,15.0,2023-05-20 18:00:00+00:00,43.888888888888886,True,45.0,18.88888888888889,0.0,0.0,486,487
2023_2023-05-20_day1_020_h30,2023,2023_2023-05-20_day1,2023-05-20 18:15:00+00:00,2023-05-20 18:15:00+00:00,2023-05-20 18:45:00+00:00,2023-05-20 18:45:00+00:00,30,30.0,0.0,45.0,18.88888888888889,26.11111111111111,0.07407407407407428,15.0,2023-05-20 18:00:00+00:00,43.888888888888886,True,44.44444444444444,18.88888888888889,-0.5555555555555571,0.0,486,488
2023_2023-05-20_day1_020_h60,2023,2023_2023-05-20_day1,2023-05-20 18:15:00+00:00,2023-05-20 18:15:00+00:00,2023-05-20 19:15:00+00:00,2023-05-20 19:15:00+00:00,60,60.0,0.0,45.0,18.88888888888889,26.11111111111111,0.07407407407407428,15.0,2023-05-20 18:00:00+00:00,43.888888888888886,True,44.44444444444444,18.333333333333332,-0.5555555555555571,-0.5555555555555571,486,490
2023_2023-05-20_day1_020_h90,2023,2023_2023-05-20_day1,2023-05-20 18:15:00+00:00,2023-05-20 18:15:00+00:00,2023-05-20 19:45:00+00:00,2023-05-20 19:45:00+00:00,90,90.0,0.0,45.0,18.88888888888889,26.11111111111111,0.07407407407407428,15.0,2023-05-20 18:00:00+00:00,43.888888888888886,True,44.44444444444444,18.88888888888889,-0.5555555555555571,0.0,486,492
2023_2023-05-20_day1_020_h120,2023,2023_2023-05-20_day1,2023-05-20 18:15:00+00:00,2023-05-20 18:15:00+00:00,2023-05-20 20:15:00+00:00,2023-05-20 20:15:00+00:00,120,120.0,0.0,45.0,18.88888888888889,26.11111111111111,0.07407407407407428,15.0,2023-05-20 18:00:00+00:00,43.888888888888886,True,44.44444444444444,18.88888888888889,-0.5555555555555571,0.0,486,494
2023_2023-05-20_day1_021_h15,2023,2023_2023-05-20_day1,2023-05-20 18:30:00+00:00,2023-05-20 18:30:00+00:00,2023-05-20 18:45:00+00:00,2023-05-20 18:45:00+00:00,15,15.0,0.0,45.0,18.88888888888889,26.11111111111111,0.0,15.0,2023-05-20 18:15:00+00:00,45.0,True,44.44444444444444,18.88888888888889,-0.5555555555555571,0.0,487,488
2023_2023-05-20_day1_021_h30,2023,2023_2023-05-20_day1,2023-05-20 18:30:00+00:00,2023-05-20 18:30:00+00:00,2023-05-20 19:00:00+00:00,2023-05-20 19:00:00+00:00,30,30.0,0.0,45.0,18.88888888888889,26.11111111111111,0.0,15.0,2023-05-20 18:15:00+00:00,45.0,True,44.44444444444444,18.88888888888889,-0.5555555555555571,0.0,487,489
2023_2023-05-20_day1_021_h60,2023,2023_2023-05-20_day1,2023-05-20 18:30:00+00:00,2023-05-20 18:30:00+00:00,2023-05-20 19:30:00+00:00,2023-05-20 19:30:00+00:00,60,60.0,0.0,45.0,18.88888888888889,26.11111111111111,0.0,15.0,2023-05-20 18:15:00+00:00,45.0,True,45.0,18.88888888888889,0.0,0.0,487,491
2023_2023-05-20_day1_021_h90,2023,2023_2023-05-20_day1,2023-05-20 18:30:00+00:00,2023-05-20 18:30:00+00:00,2023-05-20 20:00:00+00:00,2023-05-20 20:00:00+00:00,90,90.0,0.0,45.0,18.88888888888889,26.11111111111111,0.0,15.0,2023-05-20 18:15:00+00:00,45.0,True,44.44444444444444,18.88888888888889,-0.5555555555555571,0.0,487,493
2023_2023-05-20_day1_021_h120,2023,2023_2023-05-20_day1,2023-05-20 18:30:00+00:00,2023-05-20 18:30:00+00:00,2023-05-20 20:30:00+00:00,2023-05-20 20:30:00+00:00,120,120.0,0.0,45.0,18.88888888888889,26.11111111111111,0.0,15.0,2023-05-20 18:15:00+00:00,45.0,True,44.44444444444444,18.88888888888889,-0.5555555555555571,0.0,487,495
2023_2023-05-20_day1_022_h15,2023,2023_2023-05-20_day1,2023-05-20 18:45:00+00:00,2023-05-20 18:45:00+00:00,2023-05-20 19:00:00+00:00,2023-05-20 19:00:00+00:00,15,15.0,0.0,44.44444444444444,18.88888888888889,25.555555555555554,-0.03703703703703714,15.0,2023-05-20 18:30:00+00:00,45.0,True,44.44444444444444,18.88888888888889,0.0,0.0,488,489
2023_2023-05-20_day1_022_h30,2023,2023_2023-05-20_day1,2023-05-20 18:45:00+00:00,2023-05-20 18:45:00+00:00,2023-05-20 19:15:00+00:00,2023-05-20 19:15:00+00:00,30,30.0,0.0,44.44444444444444,18.88888888888889,25.555555555555554,-0.03703703703703714,15.0,2023-05-20 18:30:00+00:00,45.0,True,44.44444444444444,18.333333333333332,0.0,-0.5555555555555571,488,490
2023_2023-05-20_day1_022_h60,2023,2023_2023-05-20_day1,2023-05-20 18:45:00+00:00,2023-05-20 18:45:00+00:00,2023-05-20 19:45:00+00:00,2023-05-20 19:45:00+00:00,60,60.0,0.0,44.44444444444444,18.88888888888889,25.555555555555554,-0.03703703703703714,15.0,2023-05-20 18:30:00+00:00,45.0,True,44.44444444444444,18.88888888888889,0.0,0.0,488,492
2023_2023-05-20_day1_022_h90,2023,2023_2023-05-20_day1,2023-05-20 18:45:00+00:00,2023-05-20 18:45:00+00:00,2023-05-20 20:15:00+00:00,2023-05-20 20:15:00+00:00,90,90.0,0.0,44.44444444444444,18.88888888888889,25.555555555555554,-0.03703703703703714,15.0,2023-05-20 18:30:00+00:00,45.0,True,44.44444444444444,18.88888888888889,0.0,0.0,488,494
2023_2023-05-20_day1_022_h120,2023,2023_2023-05-20_day1,2023-05-20 18:45:00+00:00,2023-05-20 18:45:00+00:00,2023-05-20 20:45:00+00:00,2023-05-20 20:45:00+00:00,120,120.0,0.0,44.44444444444444,18.88888888888889,25.555555555555554,-0.03703703703703714,15.0,2023-05-20 18:30:00+00:00,45.0,True,43.888888888888886,18.88888888888889,-0.5555555555555571,0.0,488,496
2023_2023-05-20_day1_023_h15,2023,2023_2023-05-20_day1,2023-05-20 19:00:00+00:00,2023-05-20 19:00:00+00:00,2023-05-20 19:15:00+00:00,2023-05-20 19:15:00+00:00,15,15.0,0.0,44.44444444444444,18.88888888888889,25.555555555555554,0.0,15.0,2023-05-20 18:45:00+00:00,44.44444444444444,True,44.44444444444444,18.333333333333332,0.0,-0.5555555555555571,489,490
2023_2023-05-20_day1_023_h30,2023,2023_2023-05-20_day1,2023-05-20 19:00:00+00:00,2023-05-20 19:00:00+00:00,2023-05-20 19:30:00+00:00,2023-05-20 19:30:00+00:00,30,30.0,0.0,44.44444444444444,18.88888888888889,25.555555555555554,0.0,15.0,2023-05-20 18:45:00+00:00,44.44444444444444,True,45.0,18.88888888888889,0.5555555555555571,0.0,489,491
2023_2023-05-20_day1_023_h60,2023,2023_2023-05-20_day1,2023-05-20 19:00:00+00:00,2023-05-20 19:00:00+00:00,2023-05-20 20:00:00+00:00,2023-05-20 20:00:00+00:00,60,60.0,0.0,44.44444444444444,18.88888888888889,25.555555555555554,0.0,15.0,2023-05-20 18:45:00+00:00,44.44444444444444,True,44.44444444444444,18.88888888888889,0.0,0.0,489,493
2023_2023-05-20_day1_023_h90,2023,2023_2023-05-20_day1,2023-05-20 19:00:00+00:00,2023-05-20 19:00:00+00:00,2023-05-20 20:30:00+00:00,2023-05-20 20:30:00+00:00,90,90.0,0.0,44.44444444444444,18.88888888888889,25.555555555555554,0.0,15.0,2023-05-20 18:45:00+00:00,44.44444444444444,True,44.44444444444444,18.88888888888889,0.0,0.0,489,495
2023_2023-05-20_day1_023_h120,2023,2023_2023-05-20_day1,2023-05-20 19:00:00+00:00,2023-05-20 19:00:00+00:00,2023-05-20 21:00:00+00:00,2023-05-20 21:00:00+00:00,120,120.0,0.0,44.44444444444444,18.88888888888889,25.555555555555554,0.0,15.0,2023-05-20 18:45:00+00:00,44.44444444444444,True,41.666666666666664,18.88888888888889,-2.7777777777777786,0.0,489,497
2023_2023-05-20_day1_024_h15,2023,2023_2023-05-20_day1,2023-05-20 19:15:00+00:00,2023-05-20 19:15:00+00:00,2023-05-20 19:30:00+00:00,2023-05-20 19:30:00+00:00,15,15.0,0.0,44.44444444444444,18.333333333333332,26.11111111111111,0.0,15.0,2023-05-20 19:00:00+00:00,44.44444444444444,True,45.0,18.88888888888889,0.5555555555555571,0.5555555555555571,490,491
2023_2023-05-20_day1_024_h30,2023,2023_2023-05-20_day1,2023-05-20 19:15:00+00:00,2023-05-20 19:15:00+00:00,2023-05-20 19:45:00+00:00,2023-05-20 19:45:00+00:00,30,30.0,0.0,44.44444444444444,18.333333333333332,26.11111111111111,0.0,15.0,2023-05-20 19:00:00+00:00,44.44444444444444,True,44.44444444444444,18.88888888888889,0.0,0.5555555555555571,490,492
2023_2023-05-20_day1_024_h60,2023,2023_2023-05-20_day1,2023-05-20 19:15:00+00:00,2023-05-20 19:15:00+00:00,2023-05-20 20:15:00+00:00,2023-05-20 20:15:00+00:00,60,60.0,0.0,44.44444444444444,18.333333333333332,26.11111111111111,0.0,15.0,2023-05-20 19:00:00+00:00,44.44444444444444,True,44.44444444444444,18.88888888888889,0.0,0.5555555555555571,490,494
2023_2023-05-20_day1_024_h90,2023,2023_2023-05-20_day1,2023-05-20 19:15:00+00:00,2023-05-20 19:15:00+00:00,2023-05-20 20:45:00+00:00,2023-05-20 20:45:00+00:00,90,90.0,0.0,44.44444444444444,18.333333333333332,26.11111111111111,0.0,15.0,2023-05-20 19:00:00+00:00,44.44444444444444,True,43.888888888888886,18.88888888888889,-0.5555555555555571,0.5555555555555571,490,496
2023_2023-05-20_day1_024_h120,2023,2023_2023-05-20_day1,2023-05-20 19:15:00+00:00,2023-05-20 19:15:00+00:00,2023-05-20 21:15:00+00:00,2023-05-20 21:15:00+00:00,120,120.0,0.0,44.44444444444444,18.333333333333332,26.11111111111111,0.0,15.0,2023-05-20 19:00:00+00:00,44.44444444444444,True,41.666666666666664,18.88888888888889,-2.7777777777777786,0.5555555555555571,490,498
2023_2023-05-20_day1_025_h15,2023,2023_2023-05-20_day1,2023-05-20 19:30:00+00:00,2023-05-20 19:30:00+00:00,2023-05-20 19:45:00+00:00,2023-05-20 19:45:00+00:00,15,15.0,0.0,45.0,18.88888888888889,26.11111111111111,0.03703703703703714,15.0,2023-05-20 19:15:00+00:00,44.44444444444444,True,44.44444444444444,18.88888888888889,-0.5555555555555571,0.0,491,492
2023_2023-05-20_day1_025_h30,2023,2023_2023-05-20_day1,2023-05-20 19:30:00+00:00,2023-05-20 19:30:00+00:00,2023-05-20 20:00:00+00:00,2023-05-20 20:00:00+00:00,30,30.0,0.0,45.0,18.88888888888889,26.11111111111111,0.03703703703703714,15.0,2023-05-20 19:15:00+00:00,44.44444444444444,True,44.44444444444444,18.88888888888889,-0.5555555555555571,0.0,491,493
2023_2023-05-20_day1_025_h60,2023,2023_2023-05-20_day1,2023-05-20 19:30:00+00:00,2023-05-20 19:30:00+00:00,2023-05-20 20:30:00+00:00,2023-05-20 20:30:00+00:00,60,60.0,0.0,45.0,18.88888888888889,26.11111111111111,0.03703703703703714,15.0,2023-05-20 19:15:00+00:00,44.44444444444444,True,44.44444444444444,18.88888888888889,-0.5555555555555571,0.0,491,495
2023_2023-05-20_day1_025_h90,2023,2023_2023-05-20_day1,2023-05-20 19:30:00+00:00,2023-05-20 19:30:00+00:00,2023-05-20 21:00:00+00:00,2023-05-20 21:00:00+00:00,90,90.0,0.0,45.0,18.88888888888889,26.11111111111111,0.03703703703703714,15.0,2023-05-20 19:15:00+00:00,44.44444444444444,True,41.666666666666664,18.88888888888889,-3.3333333333333357,0.0,491,497
2023_2023-05-20_day1_025_h120,2023,2023_2023-05-20_day1,2023-05-20 19:30:00+00:00,2023-05-20 19:30:00+00:00,2023-05-20 21:30:00+00:00,2023-05-20 21:30:00+00:00,120,120.0,0.0,45.0,18.88888888888889,26.11111111111111,0.03703703703703714,15.0,2023-05-20 19:15:00+00:00,44.44444444444444,True,40.55555555555556,19.444444444444443,-4.444444444444443,0.5555555555555536,491,499
2023_2023-05-20_day1_026_h15,2023,2023_2023-05-20_day1,2023-05-20 19:45:00+00:00,2023-05-20 19:45:00+00:00,2023-05-20 20:00:00+00:00,2023-05-20 20:00:00+00:00,15,15.0,0.0,44.44444444444444,18.88888888888889,25.555555555555554,-0.03703703703703714,15.0,2023-05-20 19:30:00+00:00,45.0,True,44.44444444444444,18.88888888888889,0.0,0.0,492,493
2023_2023-05-20_day1_026_h30,2023,2023_2023-05-20_day1,2023-05-20 19:45:00+00:00,2023-05-20 19:45:00+00:00,2023-05-20 20:15:00+00:00,2023-05-20 20:15:00+00:00,30,30.0,0.0,44.44444444444444,18.88888888888889,25.555555555555554,-0.03703703703703714,15.0,2023-05-20 19:30:00+00:00,45.0,True,44.44444444444444,18.88888888888889,0.0,0.0,492,494
2023_2023-05-20_day1_026_h60,2023,2023_2023-05-20_day1,2023-05-20 19:45:00+00:00,2023-05-20 19:45:00+00:00,2023-05-20 20:45:00+00:00,2023-05-20 20:45:00+00:00,60,60.0,0.0,44.44444444444444,18.88888888888889,25.555555555555554,-0.03703703703703714,15.0,2023-05-20 19:30:00+00:00,45.0,True,43.888888888888886,18.88888888888889,-0.5555555555555571,0.0,492,496
2023_2023-05-20_day1_026_h90,2023,2023_2023-05-20_day1,2023-05-20 19:45:00+00:00,2023-05-20 19:45:00+00:00,2023-05-20 21:15:00+00:00,2023-05-20 21:15:00+00:00,90,90.0,0.0,44.44444444444444,18.88888888888889,25.555555555555554,-0.03703703703703714,15.0,2023-05-20 19:30:00+00:00,45.0,True,41.666666666666664,18.88888888888889,-2.7777777777777786,0.0,492,498
2023_2023-05-20_day1_026_h120,2023,2023_2023-05-20_day1,2023-05-20 19:45:00+00:00,2023-05-20 19:45:00+00:00,2023-05-20 21:45:00+00:00,2023-05-20 21:45:00+00:00,120,120.0,0.0,44.44444444444444,18.88888888888889,25.555555555555554,-0.03703703703703714,15.0,2023-05-20 19:30:00+00:00,45.0,True,38.888888888888886,18.88888888888889,-5.555555555555557,0.0,492,500
2023_2023-05-20_day1_027_h15,2023,2023_2023-05-20_day1,2023-05-20 20:00:00+00:00,2023-05-20 20:00:00+00:00,2023-05-20 20:15:00+00:00,2023-05-20 20:15:00+00:00,15,15.0,0.0,44.44444444444444,18.88888888888889,25.555555555555554,0.0,15.0,2023-05-20 19:45:00+00:00,44.44444444444444,True,44.44444444444444,18.88888888888889,0.0,0.0,493,494
2023_2023-05-20_day1_027_h30,2023,2023_2023-05-20_day1,2023-05-20 20:00:00+00:00,2023-05-20 20:00:00+00:00,2023-05-20 20:30:00+00:00,2023-05-20 20:30:00+00:00,30,30.0,0.0,44.44444444444444,18.88888888888889,25.555555555555554,0.0,15.0,2023-05-20 19:45:00+00:00,44.44444444444444,True,44.44444444444444,18.88888888888889,0.0,0.0,493,495
2023_2023-05-20_day1_027_h60,2023,2023_2023-05-20_day1,2023-05-20 20:00:00+00:00,2023-05-20 20:00:00+00:00,2023-05-20 21:00:00+00:00,2023-05-20 21:00:00+00:00,60,60.0,0.0,44.44444444444444,18.88888888888889,25.555555555555554,0.0,15.0,2023-05-20 19:45:00+00:00,44.44444444444444,True,41.666666666666664,18.88888888888889,-2.7777777777777786,0.0,493,497
2023_2023-05-20_day1_027_h90,2023,2023_2023-05-20_day1,2023-05-20 20:00:00+00:00,2023-05-20 20:00:00+00:00,2023-05-20 21:30:00+00:00,2023-05-20 21:30:00+00:00,90,90.0,0.0,44.44444444444444,18.88888888888889,25.555555555555554,0.0,15.0,2023-05-20 19:45:00+00:00,44.44444444444444,True,40.55555555555556,19.444444444444443,-3.8888888888888857,0.5555555555555536,493,499
2023_2023-05-20_day1_028_h15,2023,2023_2023-05-20_day1,2023-05-20 20:15:00+00:00,2023-05-20 20:15:00+00:00,2023-05-20 20:30:00+00:00,2023-05-20 20:30:00+00:00,15,15.0,0.0,44.44444444444444,18.88888888888889,25.555555555555554,0.0,15.0,2023-05-20 20:00:00+00:00,44.44444444444444,True,44.44444444444444,18.88888888888889,0.0,0.0,494,495
2023_2023-05-20_day1_028_h30,2023,2023_2023-05-20_day1,2023-05-20 20:15:00+00:00,2023-05-20 20:15:00+00:00,2023-05-20 20:45:00+00:00,2023-05-20 20:45:00+00:00,30,30.0,0.0,44.44444444444444,18.88888888888889,25.555555555555554,0.0,15.0,2023-05-20 20:00:00+00:00,44.44444444444444,True,43.888888888888886,18.88888888888889,-0.5555555555555571,0.0,494,496
2023_2023-05-20_day1_028_h60,2023,2023_2023-05-20_day1,2023-05-20 20:15:00+00:00,2023-05-20 20:15:00+00:00,2023-05-20 21:15:00+00:00,2023-05-20 21:15:00+00:00,60,60.0,0.0,44.44444444444444,18.88888888888889,25.555555555555554,0.0,15.0,2023-05-20 20:00:00+00:00,44.44444444444444,True,41.666666666666664,18.88888888888889,-2.7777777777777786,0.0,494,498
2023_2023-05-20_day1_028_h90,2023,2023_2023-05-20_day1,2023-05-20 20:15:00+00:00,2023-05-20 20:15:00+00:00,2023-05-20 21:45:00+00:00,2023-05-20 21:45:00+00:00,90,90.0,0.0,44.44444444444444,18.88888888888889,25.555555555555554,0.0,15.0,2023-05-20 20:00:00+00:00,44.44444444444444,True,38.888888888888886,18.88888888888889,-5.555555555555557,0.0,494,500
2023_2023-05-20_day1_029_h15,2023,2023_2023-05-20_day1,2023-05-20 20:30:00+00:00,2023-05-20 20:30:00+00:00,2023-05-20 20:45:00+00:00,2023-05-20 20:45:00+00:00,15,15.0,0.0,44.44444444444444,18.88888888888889,25.555555555555554,0.0,15.0,2023-05-20 20:15:00+00:00,44.44444444444444,True,43.888888888888886,18.88888888888889,-0.5555555555555571,0.0,495,496
2023_2023-05-20_day1_029_h30,2023,2023_2023-05-20_day1,2023-05-20 20:30:00+00:00,2023-05-20 20:30:00+00:00,2023-05-20 21:00:00+00:00,2023-05-20 21:00:00+00:00,30,30.0,0.0,44.44444444444444,18.88888888888889,25.555555555555554,0.0,15.0,2023-05-20 20:15:00+00:00,44.44444444444444,True,41.666666666666664,18.88888888888889,-2.7777777777777786,0.0,495,497
2023_2023-05-20_day1_029_h60,2023,2023_2023-05-20_day1,2023-05-20 20:30:00+00:00,2023-05-20 20:30:00+00:00,2023-05-20 21:30:00+00:00,2023-05-20 21:30:00+00:00,60,60.0,0.0,44.44444444444444,18.88888888888889,25.555555555555554,0.0,15.0,2023-05-20 20:15:00+00:00,44.44444444444444,True,40.55555555555556,19.444444444444443,-3.8888888888888857,0.5555555555555536,495,499
2023_2023-05-20_day1_030_h15,2023,2023_2023-05-20_day1,2023-05-20 20:45:00+00:00,2023-05-20 20:45:00+00:00,2023-05-20 21:00:00+00:00,2023-05-20 21:00:00+00:00,15,15.0,0.0,43.888888888888886,18.88888888888889,24.999999999999996,-0.03703703703703714,15.0,2023-05-20 20:30:00+00:00,44.44444444444444,True,41.666666666666664,18.88888888888889,-2.2222222222222214,0.0,496,497
2023_2023-05-20_day1_030_h30,2023,2023_2023-05-20_day1,2023-05-20 20:45:00+00:00,2023-05-20 20:45:00+00:00,2023-05-20 21:15:00+00:00,2023-05-20 21:15:00+00:00,30,30.0,0.0,43.888888888888886,18.88888888888889,24.999999999999996,-0.03703703703703714,15.0,2023-05-20 20:30:00+00:00,44.44444444444444,True,41.666666666666664,18.88888888888889,-2.2222222222222214,0.0,496,498
2023_2023-05-20_day1_030_h60,2023,2023_2023-05-20_day1,2023-05-20 20:45:00+00:00,2023-05-20 20:45:00+00:00,2023-05-20 21:45:00+00:00,2023-05-20 21:45:00+00:00,60,60.0,0.0,43.888888888888886,18.88888888888889,24.999999999999996,-0.03703703703703714,15.0,2023-05-20 20:30:00+00:00,44.44444444444444,True,38.888888888888886,18.88888888888889,-5.0,0.0,496,500
2023_2023-05-20_day1_031_h15,2023,2023_2023-05-20_day1,2023-05-20 21:00:00+00:00,2023-05-20 21:00:00+00:00,2023-05-20 21:15:00+00:00,2023-05-20 21:15:00+00:00,15,15.0,0.0,41.666666666666664,18.88888888888889,22.777777777777775,-0.14814814814814808,15.0,2023-05-20 20:45:00+00:00,43.888888888888886,True,41.666666666666664,18.88888888888889,0.0,0.0,497,498
2023_2023-05-20_day1_031_h30,2023,2023_2023-05-20_day1,2023-05-20 21:00:00+00:00,2023-05-20 21:00:00+00:00,2023-05-20 21:30:00+00:00,2023-05-20 21:30:00+00:00,30,30.0,0.0,41.666666666666664,18.88888888888889,22.777777777777775,-0.14814814814814808,15.0,2023-05-20 20:45:00+00:00,43.888888888888886,True,40.55555555555556,19.444444444444443,-1.1111111111111072,0.5555555555555536,497,499
2023_2023-05-20_day1_032_h15,2023,2023_2023-05-20_day1,2023-05-20 21:15:00+00:00,2023-05-20 21:15:00+00:00,2023-05-20 21:30:00+00:00,2023-05-20 21:30:00+00:00,15,15.0,0.0,41.666666666666664,18.88888888888889,22.777777777777775,0.0,15.0,2023-05-20 21:00:00+00:00,41.666666666666664,True,40.55555555555556,19.444444444444443,-1.1111111111111072,0.5555555555555536,498,499
2023_2023-05-20_day1_032_h30,2023,2023_2023-05-20_day1,2023-05-20 21:15:00+00:00,2023-05-20 21:15:00+00:00,2023-05-20 21:45:00+00:00,2023-05-20 21:45:00+00:00,30,30.0,0.0,41.666666666666664,18.88888888888889,22.777777777777775,0.0,15.0,2023-05-20 21:00:00+00:00,41.666666666666664,True,38.888888888888886,18.88888888888889,-2.7777777777777786,0.0,498,500
2023_2023-05-20_day1_033_h15,2023,2023_2023-05-20_day1,2023-05-20 21:30:00+00:00,2023-05-20 21:30:00+00:00,2023-05-20 21:45:00+00:00,2023-05-20 21:45:00+00:00,15,15.0,0.0,40.55555555555556,19.444444444444443,21.111111111111114,-0.0740740740740738,15.0,2023-05-20 21:15:00+00:00,41.666666666666664,True,38.888888888888886,18.88888888888889,-1.6666666666666714,-0.5555555555555536,499,500
2024_2024-05-18_day1_000_h15,2024,2024_2024-05-18_day1,2024-05-18 12:45:00+00:00,2024-05-18 12:45:00+00:00,2024-05-18 13:00:00+00:00,2024-05-18 13:00:00+00:00,15,15.0,0.0,24.444444444444443,17.22222222222222,7.222222222222221,,,,,False,25.555555555555557,17.22222222222222,1.1111111111111143,0.0,462,463
2024_2024-05-18_day1_000_h30,2024,2024_2024-05-18_day1,2024-05-18 12:45:00+00:00,2024-05-18 12:45:00+00:00,2024-05-18 13:15:00+00:00,2024-05-18 13:15:00+00:00,30,30.0,0.0,24.444444444444443,17.22222222222222,7.222222222222221,,,,,False,26.11111111111111,17.77777777777778,1.6666666666666679,0.5555555555555571,462,464
2024_2024-05-18_day1_000_h60,2024,2024_2024-05-18_day1,2024-05-18 12:45:00+00:00,2024-05-18 12:45:00+00:00,2024-05-18 13:45:00+00:00,2024-05-18 13:45:00+00:00,60,60.0,0.0,24.444444444444443,17.22222222222222,7.222222222222221,,,,,False,28.88888888888889,18.88888888888889,4.444444444444446,1.6666666666666679,462,466
2024_2024-05-18_day1_000_h120,2024,2024_2024-05-18_day1,2024-05-18 12:45:00+00:00,2024-05-18 12:45:00+00:00,2024-05-18 14:45:00+00:00,2024-05-18 14:45:00+00:00,120,120.0,0.0,24.444444444444443,17.22222222222222,7.222222222222221,,,,,False,34.44444444444444,22.22222222222222,10.0,5.0,462,468
2024_2024-05-18_day1_001_h15,2024,2024_2024-05-18_day1,2024-05-18 13:00:00+00:00,2024-05-18 13:00:00+00:00,2024-05-18 13:15:00+00:00,2024-05-18 13:15:00+00:00,15,15.0,0.0,25.555555555555557,17.22222222222222,8.333333333333336,0.07407407407407428,15.0,2024-05-18 12:45:00+00:00,24.444444444444443,True,26.11111111111111,17.77777777777778,0.5555555555555536,0.5555555555555571,463,464
2024_2024-05-18_day1_001_h30,2024,2024_2024-05-18_day1,2024-05-18 13:00:00+00:00,2024-05-18 13:00:00+00:00,2024-05-18 13:30:00+00:00,2024-05-18 13:30:00+00:00,30,30.0,0.0,25.555555555555557,17.22222222222222,8.333333333333336,0.07407407407407428,15.0,2024-05-18 12:45:00+00:00,24.444444444444443,True,27.22222222222222,18.333333333333332,1.6666666666666643,1.1111111111111107,463,465
2024_2024-05-18_day1_001_h60,2024,2024_2024-05-18_day1,2024-05-18 13:00:00+00:00,2024-05-18 13:00:00+00:00,2024-05-18 14:00:00+00:00,2024-05-18 14:00:00+00:00,60,60.0,0.0,25.555555555555557,17.22222222222222,8.333333333333336,0.07407407407407428,15.0,2024-05-18 12:45:00+00:00,24.444444444444443,True,30.555555555555557,20.0,5.0,2.7777777777777786,463,467
2024_2024-05-18_day1_001_h120,2024,2024_2024-05-18_day1,2024-05-18 13:00:00+00:00,2024-05-18 13:00:00+00:00,2024-05-18 15:00:00+00:00,2024-05-18 15:00:00+00:00,120,120.0,0.0,25.555555555555557,17.22222222222222,8.333333333333336,0.07407407407407428,15.0,2024-05-18 12:45:00+00:00,24.444444444444443,True,35.0,22.77777777777778,9.444444444444443,5.555555555555557,463,469
2024_2024-05-18_day1_002_h15,2024,2024_2024-05-18_day1,2024-05-18 13:15:00+00:00,2024-05-18 13:15:00+00:00,2024-05-18 13:30:00+00:00,2024-05-18 13:30:00+00:00,15,15.0,0.0,26.11111111111111,17.77777777777778,8.333333333333332,0.0370370370370369,15.0,2024-05-18 13:00:00+00:00,25.555555555555557,True,27.22222222222222,18.333333333333332,1.1111111111111107,0.5555555555555536,464,465
2024_2024-05-18_day1_002_h30,2024,2024_2024-05-18_day1,2024-05-18 13:15:00+00:00,2024-05-18 13:15:00+00:00,2024-05-18 13:45:00+00:00,2024-05-18 13:45:00+00:00,30,30.0,0.0,26.11111111111111,17.77777777777778,8.333333333333332,0.0370370370370369,15.0,2024-05-18 13:00:00+00:00,25.555555555555557,True,28.88888888888889,18.88888888888889,2.7777777777777786,1.1111111111111107,464,466
2024_2024-05-18_day1_002_h90,2024,2024_2024-05-18_day1,2024-05-18 13:15:00+00:00,2024-05-18 13:15:00+00:00,2024-05-18 14:45:00+00:00,2024-05-18 14:45:00+00:00,90,90.0,0.0,26.11111111111111,17.77777777777778,8.333333333333332,0.0370370370370369,15.0,2024-05-18 13:00:00+00:00,25.555555555555557,True,34.44444444444444,22.22222222222222,8.333333333333332,4.444444444444443,464,468
2024_2024-05-18_day1_002_h120,2024,2024_2024-05-18_day1,2024-05-18 13:15:00+00:00,2024-05-18 13:15:00+00:00,2024-05-18 15:15:00+00:00,2024-05-18 15:15:00+00:00,120,120.0,0.0,26.11111111111111,17.77777777777778,8.333333333333332,0.0370370370370369,15.0,2024-05-18 13:00:00+00:00,25.555555555555557,True,36.666666666666664,23.88888888888889,10.555555555555554,6.111111111111111,464,470
2024_2024-05-18_day1_003_h15,2024,2024_2024-05-18_day1,2024-05-18 13:30:00+00:00,2024-05-18 13:30:00+00:00,2024-05-18 13:45:00+00:00,2024-05-18 13:45:00+00:00,15,15.0,0.0,27.22222222222222,18.333333333333332,8.88888888888889,0.07407407407407404,15.0,2024-05-18 13:15:00+00:00,26.11111111111111,True,28.88888888888889,18.88888888888889,1.6666666666666679,0.5555555555555571,465,466
2024_2024-05-18_day1_003_h30,2024,2024_2024-05-18_day1,2024-05-18 13:30:00+00:00,2024-05-18 13:30:00+00:00,2024-05-18 14:00:00+00:00,2024-05-18 14:00:00+00:00,30,30.0,0.0,27.22222222222222,18.333333333333332,8.88888888888889,0.07407407407407404,15.0,2024-05-18 13:15:00+00:00,26.11111111111111,True,30.555555555555557,20.0,3.3333333333333357,1.6666666666666679,465,467
2024_2024-05-18_day1_003_h90,2024,2024_2024-05-18_day1,2024-05-18 13:30:00+00:00,2024-05-18 13:30:00+00:00,2024-05-18 15:00:00+00:00,2024-05-18 15:00:00+00:00,90,90.0,0.0,27.22222222222222,18.333333333333332,8.88888888888889,0.07407407407407404,15.0,2024-05-18 13:15:00+00:00,26.11111111111111,True,35.0,22.77777777777778,7.777777777777779,4.444444444444446,465,469
2024_2024-05-18_day1_003_h120,2024,2024_2024-05-18_day1,2024-05-18 13:30:00+00:00,2024-05-18 13:30:00+00:00,2024-05-18 15:30:00+00:00,2024-05-18 15:30:00+00:00,120,120.0,0.0,27.22222222222222,18.333333333333332,8.88888888888889,0.07407407407407404,15.0,2024-05-18 13:15:00+00:00,26.11111111111111,True,37.22222222222222,24.444444444444443,10.0,6.111111111111111,465,471
2024_2024-05-18_day1_004_h15,2024,2024_2024-05-18_day1,2024-05-18 13:45:00+00:00,2024-05-18 13:45:00+00:00,2024-05-18 14:00:00+00:00,2024-05-18 14:00:00+00:00,15,15.0,0.0,28.88888888888889,18.88888888888889,10.0,0.11111111111111119,15.0,2024-05-18 13:30:00+00:00,27.22222222222222,True,30.555555555555557,20.0,1.6666666666666679,1.1111111111111107,466,467
2024_2024-05-18_day1_004_h60,2024,2024_2024-05-18_day1,2024-05-18 13:45:00+00:00,2024-05-18 13:45:00+00:00,2024-05-18 14:45:00+00:00,2024-05-18 14:45:00+00:00,60,60.0,0.0,28.88888888888889,18.88888888888889,10.0,0.11111111111111119,15.0,2024-05-18 13:30:00+00:00,27.22222222222222,True,34.44444444444444,22.22222222222222,5.555555555555554,3.333333333333332,466,468
2024_2024-05-18_day1_004_h90,2024,2024_2024-05-18_day1,2024-05-18 13:45:00+00:00,2024-05-18 13:45:00+00:00,2024-05-18 15:15:00+00:00,2024-05-18 15:15:00+00:00,90,90.0,0.0,28.88888888888889,18.88888888888889,10.0,0.11111111111111119,15.0,2024-05-18 13:30:00+00:00,27.22222222222222,True,36.666666666666664,23.88888888888889,7.777777777777775,5.0,466,470
2024_2024-05-18_day1_004_h120,2024,2024_2024-05-18_day1,2024-05-18 13:45:00+00:00,2024-05-18 13:45:00+00:00,2024-05-18 15:45:00+00:00,2024-05-18 15:45:00+00:00,120,120.0,0.0,28.88888888888889,18.88888888888889,10.0,0.11111111111111119,15.0,2024-05-18 13:30:00+00:00,27.22222222222222,True,37.77777777777778,23.88888888888889,8.88888888888889,5.0,466,472
2024_2024-05-18_day1_005_h60,2024,2024_2024-05-18_day1,2024-05-18 14:00:00+00:00,2024-05-18 14:00:00+00:00,2024-05-18 15:00:00+00:00,2024-05-18 15:00:00+00:00,60,60.0,0.0,30.555555555555557,20.0,10.555555555555557,0.11111111111111119,15.0,2024-05-18 13:45:00+00:00,28.88888888888889,True,35.0,22.77777777777778,4.444444444444443,2.7777777777777786,467,469
2024_2024-05-18_day1_005_h90,2024,2024_2024-05-18_day1,2024-05-18 14:00:00+00:00,2024-05-18 14:00:00+00:00,2024-05-18 15:30:00+00:00,2024-05-18 15:30:00+00:00,90,90.0,0.0,30.555555555555557,20.0,10.555555555555557,0.11111111111111119,15.0,2024-05-18 13:45:00+00:00,28.88888888888889,True,37.22222222222222,24.444444444444443,6.666666666666664,4.444444444444443,467,471
2024_2024-05-18_day1_005_h120,2024,2024_2024-05-18_day1,2024-05-18 14:00:00+00:00,2024-05-18 14:00:00+00:00,2024-05-18 16:00:00+00:00,2024-05-18 16:00:00+00:00,120,120.0,0.0,30.555555555555557,20.0,10.555555555555557,0.11111111111111119,15.0,2024-05-18 13:45:00+00:00,28.88888888888889,True,40.0,25.0,9.444444444444443,5.0,467,473
2024_2024-05-18_day1_006_h15,2024,2024_2024-05-18_day1,2024-05-18 14:45:00+00:00,2024-05-18 14:45:00+00:00,2024-05-18 15:00:00+00:00,2024-05-18 15:00:00+00:00,15,15.0,0.0,34.44444444444444,22.22222222222222,12.222222222222221,,,,,False,35.0,22.77777777777778,0.5555555555555571,0.5555555555555571,468,469
2024_2024-05-18_day1_006_h30,2024,2024_2024-05-18_day1,2024-05-18 14:45:00+00:00,2024-05-18 14:45:00+00:00,2024-05-18 15:15:00+00:00,2024-05-18 15:15:00+00:00,30,30.0,0.0,34.44444444444444,22.22222222222222,12.222222222222221,,,,,False,36.666666666666664,23.88888888888889,2.2222222222222214,1.6666666666666679,468,470
2024_2024-05-18_day1_006_h60,2024,2024_2024-05-18_day1,2024-05-18 14:45:00+00:00,2024-05-18 14:45:00+00:00,2024-05-18 15:45:00+00:00,2024-05-18 15:45:00+00:00,60,60.0,0.0,34.44444444444444,22.22222222222222,12.222222222222221,,,,,False,37.77777777777778,23.88888888888889,3.3333333333333357,1.6666666666666679,468,472
2024_2024-05-18_day1_006_h90,2024,2024_2024-05-18_day1,2024-05-18 14:45:00+00:00,2024-05-18 14:45:00+00:00,2024-05-18 16:15:00+00:00,2024-05-18 16:15:00+00:00,90,90.0,0.0,34.44444444444444,22.22222222222222,12.222222222222221,,,,,False,38.888888888888886,25.0,4.444444444444443,2.7777777777777786,468,474
2024_2024-05-18_day1_006_h120,2024,2024_2024-05-18_day1,2024-05-18 14:45:00+00:00,2024-05-18 14:45:00+00:00,2024-05-18 16:45:00+00:00,2024-05-18 16:45:00+00:00,120,120.0,0.0,34.44444444444444,22.22222222222222,12.222222222222221,,,,,False,42.22222222222222,25.555555555555557,7.777777777777779,3.3333333333333357,468,476
2024_2024-05-18_day1_007_h15,2024,2024_2024-05-18_day1,2024-05-18 15:00:00+00:00,2024-05-18 15:00:00+00:00,2024-05-18 15:15:00+00:00,2024-05-18 15:15:00+00:00,15,15.0,0.0,35.0,22.77777777777778,12.222222222222221,0.03703703703703714,15.0,2024-05-18 14:45:00+00:00,34.44444444444444,True,36.666666666666664,23.88888888888889,1.6666666666666643,1.1111111111111107,469,470
2024_2024-05-18_day1_007_h30,2024,2024_2024-05-18_day1,2024-05-18 15:00:00+00:00,2024-05-18 15:00:00+00:00,2024-05-18 15:30:00+00:00,2024-05-18 15:30:00+00:00,30,30.0,0.0,35.0,22.77777777777778,12.222222222222221,0.03703703703703714,15.0,2024-05-18 14:45:00+00:00,34.44444444444444,True,37.22222222222222,24.444444444444443,2.2222222222222214,1.6666666666666643,469,471
2024_2024-05-18_day1_007_h60,2024,2024_2024-05-18_day1,2024-05-18 15:00:00+00:00,2024-05-18 15:00:00+00:00,2024-05-18 16:00:00+00:00,2024-05-18 16:00:00+00:00,60,60.0,0.0,35.0,22.77777777777778,12.222222222222221,0.03703703703703714,15.0,2024-05-18 14:45:00+00:00,34.44444444444444,True,40.0,25.0,5.0,2.2222222222222214,469,473
2024_2024-05-18_day1_007_h90,2024,2024_2024-05-18_day1,2024-05-18 15:00:00+00:00,2024-05-18 15:00:00+00:00,2024-05-18 16:30:00+00:00,2024-05-18 16:30:00+00:00,90,90.0,0.0,35.0,22.77777777777778,12.222222222222221,0.03703703703703714,15.0,2024-05-18 14:45:00+00:00,34.44444444444444,True,40.55555555555556,25.555555555555557,5.555555555555557,2.7777777777777786,469,475
2024_2024-05-18_day1_007_h120,2024,2024_2024-05-18_day1,2024-05-18 15:00:00+00:00,2024-05-18 15:00:00+00:00,2024-05-18 17:00:00+00:00,2024-05-18 17:00:00+00:00,120,120.0,0.0,35.0,22.77777777777778,12.222222222222221,0.03703703703703714,15.0,2024-05-18 14:45:00+00:00,34.44444444444444,True,41.111111111111114,25.555555555555557,6.111111111111114,2.7777777777777786,469,477
2024_2024-05-18_day1_008_h15,2024,2024_2024-05-18_day1,2024-05-18 15:15:00+00:00,2024-05-18 15:15:00+00:00,2024-05-18 15:30:00+00:00,2024-05-18 15:30:00+00:00,15,15.0,0.0,36.666666666666664,23.88888888888889,12.777777777777775,0.11111111111111095,15.0,2024-05-18 15:00:00+00:00,35.0,True,37.22222222222222,24.444444444444443,0.5555555555555571,0.5555555555555536,470,471
2024_2024-05-18_day1_008_h30,2024,2024_2024-05-18_day1,2024-05-18 15:15:00+00:00,2024-05-18 15:15:00+00:00,2024-05-18 15:45:00+00:00,2024-05-18 15:45:00+00:00,30,30.0,0.0,36.666666666666664,23.88888888888889,12.777777777777775,0.11111111111111095,15.0,2024-05-18 15:00:00+00:00,35.0,True,37.77777777777778,23.88888888888889,1.1111111111111143,0.0,470,472
2024_2024-05-18_day1_008_h60,2024,2024_2024-05-18_day1,2024-05-18 15:15:00+00:00,2024-05-18 15:15:00+00:00,2024-05-18 16:15:00+00:00,2024-05-18 16:15:00+00:00,60,60.0,0.0,36.666666666666664,23.88888888888889,12.777777777777775,0.11111111111111095,15.0,2024-05-18 15:00:00+00:00,35.0,True,38.888888888888886,25.0,2.2222222222222214,1.1111111111111107,470,474
2024_2024-05-18_day1_008_h90,2024,2024_2024-05-18_day1,2024-05-18 15:15:00+00:00,2024-05-18 15:15:00+00:00,2024-05-18 16:45:00+00:00,2024-05-18 16:45:00+00:00,90,90.0,0.0,36.666666666666664,23.88888888888889,12.777777777777775,0.11111111111111095,15.0,2024-05-18 15:00:00+00:00,35.0,True,42.22222222222222,25.555555555555557,5.555555555555557,1.6666666666666679,470,476
2024_2024-05-18_day1_008_h120,2024,2024_2024-05-18_day1,2024-05-18 15:15:00+00:00,2024-05-18 15:15:00+00:00,2024-05-18 17:15:00+00:00,2024-05-18 17:15:00+00:00,120,120.0,0.0,36.666666666666664,23.88888888888889,12.777777777777775,0.11111111111111095,15.0,2024-05-18 15:00:00+00:00,35.0,True,45.0,26.11111111111111,8.333333333333336,2.2222222222222214,470,478
2024_2024-05-18_day1_009_h15,2024,2024_2024-05-18_day1,2024-05-18 15:30:00+00:00,2024-05-18 15:30:00+00:00,2024-05-18 15:45:00+00:00,2024-05-18 15:45:00+00:00,15,15.0,0.0,37.22222222222222,24.444444444444443,12.777777777777779,0.03703703703703714,15.0,2024-05-18 15:15:00+00:00,36.666666666666664,True,37.77777777777778,23.88888888888889,0.5555555555555571,-0.5555555555555536,471,472
2024_2024-05-18_day1_009_h30,2024,2024_2024-05-18_day1,2024-05-18 15:30:00+00:00,2024-05-18 15:30:00+00:00,2024-05-18 16:00:00+00:00,2024-05-18 16:00:00+00:00,30,30.0,0.0,37.22222222222222,24.444444444444443,12.777777777777779,0.03703703703703714,15.0,2024-05-18 15:15:00+00:00,36.666666666666664,True,40.0,25.0,2.7777777777777786,0.5555555555555571,471,473
2024_2024-05-18_day1_009_h60,2024,2024_2024-05-18_day1,2024-05-18 15:30:00+00:00,2024-05-18 15:30:00+00:00,2024-05-18 16:30:00+00:00,2024-05-18 16:30:00+00:00,60,60.0,0.0,37.22222222222222,24.444444444444443,12.777777777777779,0.03703703703703714,15.0,2024-05-18 15:15:00+00:00,36.666666666666664,True,40.55555555555556,25.555555555555557,3.3333333333333357,1.1111111111111143,471,475
2024_2024-05-18_day1_009_h90,2024,2024_2024-05-18_day1,2024-05-18 15:30:00+00:00,2024-05-18 15:30:00+00:00,2024-05-18 17:00:00+00:00,2024-05-18 17:00:00+00:00,90,90.0,0.0,37.22222222222222,24.444444444444443,12.777777777777779,0.03703703703703714,15.0,2024-05-18 15:15:00+00:00,36.666666666666664,True,41.111111111111114,25.555555555555557,3.888888888888893,1.1111111111111143,471,477
2024_2024-05-18_day1_009_h120,2024,2024_2024-05-18_day1,2024-05-18 15:30:00+00:00,2024-05-18 15:30:00+00:00,2024-05-18 17:30:00+00:00,2024-05-18 17:30:00+00:00,120,120.0,0.0,37.22222222222222,24.444444444444443,12.777777777777779,0.03703703703703714,15.0,2024-05-18 15:15:00+00:00,36.666666666666664,True,45.55555555555556,26.11111111111111,8.333333333333336,1.6666666666666679,471,479
2024_2024-05-18_day1_010_h15,2024,2024_2024-05-18_day1,2024-05-18 15:45:00+00:00,2024-05-18 15:45:00+00:00,2024-05-18 16:00:00+00:00,2024-05-18 16:00:00+00:00,15,15.0,0.0,37.77777777777778,23.88888888888889,13.88888888888889,0.03703703703703714,15.0,2024-05-18 15:30:00+00:00,37.22222222222222,True,40.0,25.0,2.2222222222222214,1.1111111111111107,472,473
2024_2024-05-18_day1_010_h30,2024,2024_2024-05-18_day1,2024-05-18 15:45:00+00:00,2024-05-18 15:45:00+00:00,2024-05-18 16:15:00+00:00,2024-05-18 16:15:00+00:00,30,30.0,0.0,37.77777777777778,23.88888888888889,13.88888888888889,0.03703703703703714,15.0,2024-05-18 15:30:00+00:00,37.22222222222222,True,38.888888888888886,25.0,1.1111111111111072,1.1111111111111107,472,474
2024_2024-05-18_day1_010_h60,2024,2024_2024-05-18_day1,2024-05-18 15:45:00+00:00,2024-05-18 15:45:00+00:00,2024-05-18 16:45:00+00:00,2024-05-18 16:45:00+00:00,60,60.0,0.0,37.77777777777778,23.88888888888889,13.88888888888889,0.03703703703703714,15.0,2024-05-18 15:30:00+00:00,37.22222222222222,True,42.22222222222222,25.555555555555557,4.444444444444443,1.6666666666666679,472,476
2024_2024-05-18_day1_010_h90,2024,2024_2024-05-18_day1,2024-05-18 15:45:00+00:00,2024-05-18 15:45:00+00:00,2024-05-18 17:15:00+00:00,2024-05-18 17:15:00+00:00,90,90.0,0.0,37.77777777777778,23.88888888888889,13.88888888888889,0.03703703703703714,15.0,2024-05-18 15:30:00+00:00,37.22222222222222,True,45.0,26.11111111111111,7.222222222222221,2.2222222222222214,472,478
2024_2024-05-18_day1_010_h120,2024,2024_2024-05-18_day1,2024-05-18 15:45:00+00:00,2024-05-18 15:45:00+00:00,2024-05-18 17:45:00+00:00,2024-05-18 17:45:00+00:00,120,120.0,0.0,37.77777777777778,23.88888888888889,13.88888888888889,0.03703703703703714,15.0,2024-05-18 15:30:00+00:00,37.22222222222222,True,45.55555555555556,26.11111111111111,7.777777777777779,2.2222222222222214,472,480
2024_2024-05-18_day1_011_h15,2024,2024_2024-05-18_day1,2024-05-18 16:00:00+00:00,2024-05-18 16:00:00+00:00,2024-05-18 16:15:00+00:00,2024-05-18 16:15:00+00:00,15,15.0,0.0,40.0,25.0,15.0,0.14814814814814808,15.0,2024-05-18 15:45:00+00:00,37.77777777777778,True,38.888888888888886,25.0,-1.1111111111111143,0.0,473,474
2024_2024-05-18_day1_011_h30,2024,2024_2024-05-18_day1,2024-05-18 16:00:00+00:00,2024-05-18 16:00:00+00:00,2024-05-18 16:30:00+00:00,2024-05-18 16:30:00+00:00,30,30.0,0.0,40.0,25.0,15.0,0.14814814814814808,15.0,2024-05-18 15:45:00+00:00,37.77777777777778,True,40.55555555555556,25.555555555555557,0.5555555555555571,0.5555555555555571,473,475
2024_2024-05-18_day1_011_h60,2024,2024_2024-05-18_day1,2024-05-18 16:00:00+00:00,2024-05-18 16:00:00+00:00,2024-05-18 17:00:00+00:00,2024-05-18 17:00:00+00:00,60,60.0,0.0,40.0,25.0,15.0,0.14814814814814808,15.0,2024-05-18 15:45:00+00:00,37.77777777777778,True,41.111111111111114,25.555555555555557,1.1111111111111143,0.5555555555555571,473,477
2024_2024-05-18_day1_011_h90,2024,2024_2024-05-18_day1,2024-05-18 16:00:00+00:00,2024-05-18 16:00:00+00:00,2024-05-18 17:30:00+00:00,2024-05-18 17:30:00+00:00,90,90.0,0.0,40.0,25.0,15.0,0.14814814814814808,15.0,2024-05-18 15:45:00+00:00,37.77777777777778,True,45.55555555555556,26.11111111111111,5.555555555555557,1.1111111111111107,473,479
2024_2024-05-18_day1_011_h120,2024,2024_2024-05-18_day1,2024-05-18 16:00:00+00:00,2024-05-18 16:00:00+00:00,2024-05-18 18:00:00+00:00,2024-05-18 18:00:00+00:00,120,120.0,0.0,40.0,25.0,15.0,0.14814814814814808,15.0,2024-05-18 15:45:00+00:00,37.77777777777778,True,45.0,26.666666666666668,5.0,1.6666666666666679,473,481
2024_2024-05-18_day1_012_h15,2024,2024_2024-05-18_day1,2024-05-18 16:15:00+00:00,2024-05-18 16:15:00+00:00,2024-05-18 16:30:00+00:00,2024-05-18 16:30:00+00:00,15,15.0,0.0,38.888888888888886,25.0,13.888888888888886,-0.07407407407407428,15.0,2024-05-18 16:00:00+00:00,40.0,True,40.55555555555556,25.555555555555557,1.6666666666666714,0.5555555555555571,474,475
2024_2024-05-18_day1_012_h30,2024,2024_2024-05-18_day1,2024-05-18 16:15:00+00:00,2024-05-18 16:15:00+00:00,2024-05-18 16:45:00+00:00,2024-05-18 16:45:00+00:00,30,30.0,0.0,38.888888888888886,25.0,13.888888888888886,-0.07407407407407428,15.0,2024-05-18 16:00:00+00:00,40.0,True,42.22222222222222,25.555555555555557,3.3333333333333357,0.5555555555555571,474,476
2024_2024-05-18_day1_012_h60,2024,2024_2024-05-18_day1,2024-05-18 16:15:00+00:00,2024-05-18 16:15:00+00:00,2024-05-18 17:15:00+00:00,2024-05-18 17:15:00+00:00,60,60.0,0.0,38.888888888888886,25.0,13.888888888888886,-0.07407407407407428,15.0,2024-05-18 16:00:00+00:00,40.0,True,45.0,26.11111111111111,6.111111111111114,1.1111111111111107,474,478
2024_2024-05-18_day1_012_h90,2024,2024_2024-05-18_day1,2024-05-18 16:15:00+00:00,2024-05-18 16:15:00+00:00,2024-05-18 17:45:00+00:00,2024-05-18 17:45:00+00:00,90,90.0,0.0,38.888888888888886,25.0,13.888888888888886,-0.07407407407407428,15.0,2024-05-18 16:00:00+00:00,40.0,True,45.55555555555556,26.11111111111111,6.666666666666671,1.1111111111111107,474,480
2024_2024-05-18_day1_012_h120,2024,2024_2024-05-18_day1,2024-05-18 16:15:00+00:00,2024-05-18 16:15:00+00:00,2024-05-18 18:15:00+00:00,2024-05-18 18:15:00+00:00,120,120.0,0.0,38.888888888888886,25.0,13.888888888888886,-0.07407407407407428,15.0,2024-05-18 16:00:00+00:00,40.0,True,47.22222222222222,26.11111111111111,8.333333333333336,1.1111111111111107,474,482
2024_2024-05-18_day1_013_h15,2024,2024_2024-05-18_day1,2024-05-18 16:30:00+00:00,2024-05-18 16:30:00+00:00,2024-05-18 16:45:00+00:00,2024-05-18 16:45:00+00:00,15,15.0,0.0,40.55555555555556,25.555555555555557,15.0,0.11111111111111142,15.0,2024-05-18 16:15:00+00:00,38.888888888888886,True,42.22222222222222,25.555555555555557,1.6666666666666643,0.0,475,476
2024_2024-05-18_day1_013_h30,2024,2024_2024-05-18_day1,2024-05-18 16:30:00+00:00,2024-05-18 16:30:00+00:00,2024-05-18 17:00:00+00:00,2024-05-18 17:00:00+00:00,30,30.0,0.0,40.55555555555556,25.555555555555557,15.0,0.11111111111111142,15.0,2024-05-18 16:15:00+00:00,38.888888888888886,True,41.111111111111114,25.555555555555557,0.5555555555555571,0.0,475,477
2024_2024-05-18_day1_013_h60,2024,2024_2024-05-18_day1,2024-05-18 16:30:00+00:00,2024-05-18 16:30:00+00:00,2024-05-18 17:30:00+00:00,2024-05-18 17:30:00+00:00,60,60.0,0.0,40.55555555555556,25.555555555555557,15.0,0.11111111111111142,15.0,2024-05-18 16:15:00+00:00,38.888888888888886,True,45.55555555555556,26.11111111111111,5.0,0.5555555555555536,475,479
2024_2024-05-18_day1_013_h90,2024,2024_2024-05-18_day1,2024-05-18 16:30:00+00:00,2024-05-18 16:30:00+00:00,2024-05-18 18:00:00+00:00,2024-05-18 18:00:00+00:00,90,90.0,0.0,40.55555555555556,25.555555555555557,15.0,0.11111111111111142,15.0,2024-05-18 16:15:00+00:00,38.888888888888886,True,45.0,26.666666666666668,4.444444444444443,1.1111111111111107,475,481
2024_2024-05-18_day1_013_h120,2024,2024_2024-05-18_day1,2024-05-18 16:30:00+00:00,2024-05-18 16:30:00+00:00,2024-05-18 18:30:00+00:00,2024-05-18 18:30:00+00:00,120,120.0,0.0,40.55555555555556,25.555555555555557,15.0,0.11111111111111142,15.0,2024-05-18 16:15:00+00:00,38.888888888888886,True,48.888888888888886,26.666666666666668,8.333333333333329,1.1111111111111107,475,483
2024_2024-05-18_day1_014_h15,2024,2024_2024-05-18_day1,2024-05-18 16:45:00+00:00,2024-05-18 16:45:00+00:00,2024-05-18 17:00:00+00:00,2024-05-18 17:00:00+00:00,15,15.0,0.0,42.22222222222222,25.555555555555557,16.666666666666664,0.11111111111111095,15.0,2024-05-18 16:30:00+00:00,40.55555555555556,True,41.111111111111114,25.555555555555557,-1.1111111111111072,0.0,476,477
2024_2024-05-18_day1_014_h30,2024,2024_2024-05-18_day1,2024-05-18 16:45:00+00:00,2024-05-18 16:45:00+00:00,2024-05-18 17:15:00+00:00,2024-05-18 17:15:00+00:00,30,30.0,0.0,42.22222222222222,25.555555555555557,16.666666666666664,0.11111111111111095,15.0,2024-05-18 16:30:00+00:00,40.55555555555556,True,45.0,26.11111111111111,2.7777777777777786,0.5555555555555536,476,478
2024_2024-05-18_day1_014_h60,2024,2024_2024-05-18_day1,2024-05-18 16:45:00+00:00,2024-05-18 16:45:00+00:00,2024-05-18 17:45:00+00:00,2024-05-18 17:45:00+00:00,60,60.0,0.0,42.22222222222222,25.555555555555557,16.666666666666664,0.11111111111111095,15.0,2024-05-18 16:30:00+00:00,40.55555555555556,True,45.55555555555556,26.11111111111111,3.3333333333333357,0.5555555555555536,476,480
2024_2024-05-18_day1_014_h90,2024,2024_2024-05-18_day1,2024-05-18 16:45:00+00:00,2024-05-18 16:45:00+00:00,2024-05-18 18:15:00+00:00,2024-05-18 18:15:00+00:00,90,90.0,0.0,42.22222222222222,25.555555555555557,16.666666666666664,0.11111111111111095,15.0,2024-05-18 16:30:00+00:00,40.55555555555556,True,47.22222222222222,26.11111111111111,5.0,0.5555555555555536,476,482
2024_2024-05-18_day1_014_h120,2024,2024_2024-05-18_day1,2024-05-18 16:45:00+00:00,2024-05-18 16:45:00+00:00,2024-05-18 18:45:00+00:00,2024-05-18 18:45:00+00:00,120,120.0,0.0,42.22222222222222,25.555555555555557,16.666666666666664,0.11111111111111095,15.0,2024-05-18 16:30:00+00:00,40.55555555555556,True,47.77777777777778,26.666666666666668,5.555555555555557,1.1111111111111107,476,484
2024_2024-05-18_day1_015_h15,2024,2024_2024-05-18_day1,2024-05-18 17:00:00+00:00,2024-05-18 17:00:00+00:00,2024-05-18 17:15:00+00:00,2024-05-18 17:15:00+00:00,15,15.0,0.0,41.111111111111114,25.555555555555557,15.555555555555557,-0.0740740740740738,15.0,2024-05-18 16:45:00+00:00,42.22222222222222,True,45.0,26.11111111111111,3.8888888888888857,0.5555555555555536,477,478
2024_2024-05-18_day1_015_h30,2024,2024_2024-05-18_day1,2024-05-18 17:00:00+00:00,2024-05-18 17:00:00+00:00,2024-05-18 17:30:00+00:00,2024-05-18 17:30:00+00:00,30,30.0,0.0,41.111111111111114,25.555555555555557,15.555555555555557,-0.0740740740740738,15.0,2024-05-18 16:45:00+00:00,42.22222222222222,True,45.55555555555556,26.11111111111111,4.444444444444443,0.5555555555555536,477,479
2024_2024-05-18_day1_015_h60,2024,2024_2024-05-18_day1,2024-05-18 17:00:00+00:00,2024-05-18 17:00:00+00:00,2024-05-18 18:00:00+00:00,2024-05-18 18:00:00+00:00,60,60.0,0.0,41.111111111111114,25.555555555555557,15.555555555555557,-0.0740740740740738,15.0,2024-05-18 16:45:00+00:00,42.22222222222222,True,45.0,26.666666666666668,3.8888888888888857,1.1111111111111107,477,481
2024_2024-05-18_day1_015_h90,2024,2024_2024-05-18_day1,2024-05-18 17:00:00+00:00,2024-05-18 17:00:00+00:00,2024-05-18 18:30:00+00:00,2024-05-18 18:30:00+00:00,90,90.0,0.0,41.111111111111114,25.555555555555557,15.555555555555557,-0.0740740740740738,15.0,2024-05-18 16:45:00+00:00,42.22222222222222,True,48.888888888888886,26.666666666666668,7.7777777777777715,1.1111111111111107,477,483
2024_2024-05-18_day1_015_h120,2024,2024_2024-05-18_day1,2024-05-18 17:00:00+00:00,2024-05-18 17:00:00+00:00,2024-05-18 19:00:00+00:00,2024-05-18 19:00:00+00:00,120,120.0,0.0,41.111111111111114,25.555555555555557,15.555555555555557,-0.0740740740740738,15.0,2024-05-18 16:45:00+00:00,42.22222222222222,True,48.333333333333336,27.22222222222222,7.222222222222221,1.6666666666666643,477,485
2024_2024-05-18_day1_016_h15,2024,2024_2024-05-18_day1,2024-05-18 17:15:00+00:00,2024-05-18 17:15:00+00:00,2024-05-18 17:30:00+00:00,2024-05-18 17:30:00+00:00,15,15.0,0.0,45.0,26.11111111111111,18.88888888888889,0.259259259259259,15.0,2024-05-18 17:00:00+00:00,41.111111111111114,True,45.55555555555556,26.11111111111111,0.5555555555555571,0.0,478,479
2024_2024-05-18_day1_016_h30,2024,2024_2024-05-18_day1,2024-05-18 17:15:00+00:00,2024-05-18 17:15:00+00:00,2024-05-18 17:45:00+00:00,2024-05-18 17:45:00+00:00,30,30.0,0.0,45.0,26.11111111111111,18.88888888888889,0.259259259259259,15.0,2024-05-18 17:00:00+00:00,41.111111111111114,True,45.55555555555556,26.11111111111111,0.5555555555555571,0.0,478,480
2024_2024-05-18_day1_016_h60,2024,2024_2024-05-18_day1,2024-05-18 17:15:00+00:00,2024-05-18 17:15:00+00:00,2024-05-18 18:15:00+00:00,2024-05-18 18:15:00+00:00,60,60.0,0.0,45.0,26.11111111111111,18.88888888888889,0.259259259259259,15.0,2024-05-18 17:00:00+00:00,41.111111111111114,True,47.22222222222222,26.11111111111111,2.2222222222222214,0.0,478,482
2024_2024-05-18_day1_016_h90,2024,2024_2024-05-18_day1,2024-05-18 17:15:00+00:00,2024-05-18 17:15:00+00:00,2024-05-18 18:45:00+00:00,2024-05-18 18:45:00+00:00,90,90.0,0.0,45.0,26.11111111111111,18.88888888888889,0.259259259259259,15.0,2024-05-18 17:00:00+00:00,41.111111111111114,True,47.77777777777778,26.666666666666668,2.7777777777777786,0.5555555555555571,478,484
2024_2024-05-18_day1_016_h120,2024,2024_2024-05-18_day1,2024-05-18 17:15:00+00:00,2024-05-18 17:15:00+00:00,2024-05-18 19:15:00+00:00,2024-05-18 19:15:00+00:00,120,120.0,0.0,45.0,26.11111111111111,18.88888888888889,0.259259259259259,15.0,2024-05-18 17:00:00+00:00,41.111111111111114,True,49.44444444444444,26.666666666666668,4.444444444444443,0.5555555555555571,478,486
2024_2024-05-18_day1_017_h15,2024,2024_2024-05-18_day1,2024-05-18 17:30:00+00:00,2024-05-18 17:30:00+00:00,2024-05-18 17:45:00+00:00,2024-05-18 17:45:00+00:00,15,15.0,0.0,45.55555555555556,26.11111111111111,19.444444444444446,0.03703703703703714,15.0,2024-05-18 17:15:00+00:00,45.0,True,45.55555555555556,26.11111111111111,0.0,0.0,479,480
2024_2024-05-18_day1_017_h30,2024,2024_2024-05-18_day1,2024-05-18 17:30:00+00:00,2024-05-18 17:30:00+00:00,2024-05-18 18:00:00+00:00,2024-05-18 18:00:00+00:00,30,30.0,0.0,45.55555555555556,26.11111111111111,19.444444444444446,0.03703703703703714,15.0,2024-05-18 17:15:00+00:00,45.0,True,45.0,26.666666666666668,-0.5555555555555571,0.5555555555555571,479,481
2024_2024-05-18_day1_017_h60,2024,2024_2024-05-18_day1,2024-05-18 17:30:00+00:00,2024-05-18 17:30:00+00:00,2024-05-18 18:30:00+00:00,2024-05-18 18:30:00+00:00,60,60.0,0.0,45.55555555555556,26.11111111111111,19.444444444444446,0.03703703703703714,15.0,2024-05-18 17:15:00+00:00,45.0,True,48.888888888888886,26.666666666666668,3.3333333333333286,0.5555555555555571,479,483
2024_2024-05-18_day1_017_h90,2024,2024_2024-05-18_day1,2024-05-18 17:30:00+00:00,2024-05-18 17:30:00+00:00,2024-05-18 19:00:00+00:00,2024-05-18 19:00:00+00:00,90,90.0,0.0,45.55555555555556,26.11111111111111,19.444444444444446,0.03703703703703714,15.0,2024-05-18 17:15:00+00:00,45.0,True,48.333333333333336,27.22222222222222,2.7777777777777786,1.1111111111111107,479,485
2024_2024-05-18_day1_017_h120,2024,2024_2024-05-18_day1,2024-05-18 17:30:00+00:00,2024-05-18 17:30:00+00:00,2024-05-18 19:30:00+00:00,2024-05-18 19:30:00+00:00,120,120.0,0.0,45.55555555555556,26.11111111111111,19.444444444444446,0.03703703703703714,15.0,2024-05-18 17:15:00+00:00,45.0,True,50.55555555555556,27.77777777777778,5.0,1.6666666666666679,479,487
2024_2024-05-18_day1_018_h15,2024,2024_2024-05-18_day1,2024-05-18 17:45:00+00:00,2024-05-18 17:45:00+00:00,2024-05-18 18:00:00+00:00,2024-05-18 18:00:00+00:00,15,15.0,0.0,45.55555555555556,26.11111111111111,19.444444444444446,0.0,15.0,2024-05-18 17:30:00+00:00,45.55555555555556,True,45.0,26.666666666666668,-0.5555555555555571,0.5555555555555571,480,481
2024_2024-05-18_day1_018_h30,2024,2024_2024-05-18_day1,2024-05-18 17:45:00+00:00,2024-05-18 17:45:00+00:00,2024-05-18 18:15:00+00:00,2024-05-18 18:15:00+00:00,30,30.0,0.0,45.55555555555556,26.11111111111111,19.444444444444446,0.0,15.0,2024-05-18 17:30:00+00:00,45.55555555555556,True,47.22222222222222,26.11111111111111,1.6666666666666643,0.0,480,482
2024_2024-05-18_day1_018_h60,2024,2024_2024-05-18_day1,2024-05-18 17:45:00+00:00,2024-05-18 17:45:00+00:00,2024-05-18 18:45:00+00:00,2024-05-18 18:45:00+00:00,60,60.0,0.0,45.55555555555556,26.11111111111111,19.444444444444446,0.0,15.0,2024-05-18 17:30:00+00:00,45.55555555555556,True,47.77777777777778,26.666666666666668,2.2222222222222214,0.5555555555555571,480,484
2024_2024-05-18_day1_018_h90,2024,2024_2024-05-18_day1,2024-05-18 17:45:00+00:00,2024-05-18 17:45:00+00:00,2024-05-18 19:15:00+00:00,2024-05-18 19:15:00+00:00,90,90.0,0.0,45.55555555555556,26.11111111111111,19.444444444444446,0.0,15.0,2024-05-18 17:30:00+00:00,45.55555555555556,True,49.44444444444444,26.666666666666668,3.8888888888888857,0.5555555555555571,480,486
2024_2024-05-18_day1_018_h120,2024,2024_2024-05-18_day1,2024-05-18 17:45:00+00:00,2024-05-18 17:45:00+00:00,2024-05-18 19:45:00+00:00,2024-05-18 19:45:00+00:00,120,120.0,0.0,45.55555555555556,26.11111111111111,19.444444444444446,0.0,15.0,2024-05-18 17:30:00+00:00,45.55555555555556,True,49.44444444444444,28.333333333333332,3.8888888888888857,2.2222222222222214,480,488
2024_2024-05-18_day1_019_h15,2024,2024_2024-05-18_day1,2024-05-18 18:00:00+00:00,2024-05-18 18:00:00+00:00,2024-05-18 18:15:00+00:00,2024-05-18 18:15:00+00:00,15,15.0,0.0,45.0,26.666666666666668,18.333333333333332,-0.03703703703703714,15.0,2024-05-18 17:45:00+00:00,45.55555555555556,True,47.22222222222222,26.11111111111111,2.2222222222222214,-0.5555555555555571,481,482
2024_2024-05-18_day1_019_h30,2024,2024_2024-05-18_day1,2024-05-18 18:00:00+00:00,2024-05-18 18:00:00+00:00,2024-05-18 18:30:00+00:00,2024-05-18 18:30:00+00:00,30,30.0,0.0,45.0,26.666666666666668,18.333333333333332,-0.03703703703703714,15.0,2024-05-18 17:45:00+00:00,45.55555555555556,True,48.888888888888886,26.666666666666668,3.8888888888888857,0.0,481,483
2024_2024-05-18_day1_019_h60,2024,2024_2024-05-18_day1,2024-05-18 18:00:00+00:00,2024-05-18 18:00:00+00:00,2024-05-18 19:00:00+00:00,2024-05-18 19:00:00+00:00,60,60.0,0.0,45.0,26.666666666666668,18.333333333333332,-0.03703703703703714,15.0,2024-05-18 17:45:00+00:00,45.55555555555556,True,48.333333333333336,27.22222222222222,3.3333333333333357,0.5555555555555536,481,485
2024_2024-05-18_day1_019_h90,2024,2024_2024-05-18_day1,2024-05-18 18:00:00+00:00,2024-05-18 18:00:00+00:00,2024-05-18 19:30:00+00:00,2024-05-18 19:30:00+00:00,90,90.0,0.0,45.0,26.666666666666668,18.333333333333332,-0.03703703703703714,15.0,2024-05-18 17:45:00+00:00,45.55555555555556,True,50.55555555555556,27.77777777777778,5.555555555555557,1.1111111111111107,481,487
2024_2024-05-18_day1_019_h120,2024,2024_2024-05-18_day1,2024-05-18 18:00:00+00:00,2024-05-18 18:00:00+00:00,2024-05-18 20:00:00+00:00,2024-05-18 20:00:00+00:00,120,120.0,0.0,45.0,26.666666666666668,18.333333333333332,-0.03703703703703714,15.0,2024-05-18 17:45:00+00:00,45.55555555555556,True,47.77777777777778,27.77777777777778,2.7777777777777786,1.1111111111111107,481,489
2024_2024-05-18_day1_020_h15,2024,2024_2024-05-18_day1,2024-05-18 18:15:00+00:00,2024-05-18 18:15:00+00:00,2024-05-18 18:30:00+00:00,2024-05-18 18:30:00+00:00,15,15.0,0.0,47.22222222222222,26.11111111111111,21.11111111111111,0.14814814814814808,15.0,2024-05-18 18:00:00+00:00,45.0,True,48.888888888888886,26.666666666666668,1.6666666666666643,0.5555555555555571,482,483
2024_2024-05-18_day1_020_h30,2024,2024_2024-05-18_day1,2024-05-18 18:15:00+00:00,2024-05-18 18:15:00+00:00,2024-05-18 18:45:00+00:00,2024-05-18 18:45:00+00:00,30,30.0,0.0,47.22222222222222,26.11111111111111,21.11111111111111,0.14814814814814808,15.0,2024-05-18 18:00:00+00:00,45.0,True,47.77777777777778,26.666666666666668,0.5555555555555571,0.5555555555555571,482,484
2024_2024-05-18_day1_020_h60,2024,2024_2024-05-18_day1,2024-05-18 18:15:00+00:00,2024-05-18 18:15:00+00:00,2024-05-18 19:15:00+00:00,2024-05-18 19:15:00+00:00,60,60.0,0.0,47.22222222222222,26.11111111111111,21.11111111111111,0.14814814814814808,15.0,2024-05-18 18:00:00+00:00,45.0,True,49.44444444444444,26.666666666666668,2.2222222222222214,0.5555555555555571,482,486
2024_2024-05-18_day1_020_h90,2024,2024_2024-05-18_day1,2024-05-18 18:15:00+00:00,2024-05-18 18:15:00+00:00,2024-05-18 19:45:00+00:00,2024-05-18 19:45:00+00:00,90,90.0,0.0,47.22222222222222,26.11111111111111,21.11111111111111,0.14814814814814808,15.0,2024-05-18 18:00:00+00:00,45.0,True,49.44444444444444,28.333333333333332,2.2222222222222214,2.2222222222222214,482,488
2024_2024-05-18_day1_020_h120,2024,2024_2024-05-18_day1,2024-05-18 18:15:00+00:00,2024-05-18 18:15:00+00:00,2024-05-18 20:15:00+00:00,2024-05-18 20:15:00+00:00,120,120.0,0.0,47.22222222222222,26.11111111111111,21.11111111111111,0.14814814814814808,15.0,2024-05-18 18:00:00+00:00,45.0,True,50.0,27.22222222222222,2.7777777777777786,1.1111111111111107,482,490
2024_2024-05-18_day1_021_h15,2024,2024_2024-05-18_day1,2024-05-18 18:30:00+00:00,2024-05-18 18:30:00+00:00,2024-05-18 18:45:00+00:00,2024-05-18 18:45:00+00:00,15,15.0,0.0,48.888888888888886,26.666666666666668,22.222222222222218,0.11111111111111095,15.0,2024-05-18 18:15:00+00:00,47.22222222222222,True,47.77777777777778,26.666666666666668,-1.1111111111111072,0.0,483,484
2024_2024-05-18_day1_021_h30,2024,2024_2024-05-18_day1,2024-05-18 18:30:00+00:00,2024-05-18 18:30:00+00:00,2024-05-18 19:00:00+00:00,2024-05-18 19:00:00+00:00,30,30.0,0.0,48.888888888888886,26.666666666666668,22.222222222222218,0.11111111111111095,15.0,2024-05-18 18:15:00+00:00,47.22222222222222,True,48.333333333333336,27.22222222222222,-0.55555555555555,0.5555555555555536,483,485
2024_2024-05-18_day1_021_h60,2024,2024_2024-05-18_day1,2024-05-18 18:30:00+00:00,2024-05-18 18:30:00+00:00,2024-05-18 19:30:00+00:00,2024-05-18 19:30:00+00:00,60,60.0,0.0,48.888888888888886,26.666666666666668,22.222222222222218,0.11111111111111095,15.0,2024-05-18 18:15:00+00:00,47.22222222222222,True,50.55555555555556,27.77777777777778,1.6666666666666714,1.1111111111111107,483,487
2024_2024-05-18_day1_021_h90,2024,2024_2024-05-18_day1,2024-05-18 18:30:00+00:00,2024-05-18 18:30:00+00:00,2024-05-18 20:00:00+00:00,2024-05-18 20:00:00+00:00,90,90.0,0.0,48.888888888888886,26.666666666666668,22.222222222222218,0.11111111111111095,15.0,2024-05-18 18:15:00+00:00,47.22222222222222,True,47.77777777777778,27.77777777777778,-1.1111111111111072,1.1111111111111107,483,489
2024_2024-05-18_day1_021_h120,2024,2024_2024-05-18_day1,2024-05-18 18:30:00+00:00,2024-05-18 18:30:00+00:00,2024-05-18 20:30:00+00:00,2024-05-18 20:30:00+00:00,120,120.0,0.0,48.888888888888886,26.666666666666668,22.222222222222218,0.11111111111111095,15.0,2024-05-18 18:15:00+00:00,47.22222222222222,True,50.55555555555556,27.77777777777778,1.6666666666666714,1.1111111111111107,483,491
2024_2024-05-18_day1_022_h15,2024,2024_2024-05-18_day1,2024-05-18 18:45:00+00:00,2024-05-18 18:45:00+00:00,2024-05-18 19:00:00+00:00,2024-05-18 19:00:00+00:00,15,15.0,0.0,47.77777777777778,26.666666666666668,21.11111111111111,-0.0740740740740738,15.0,2024-05-18 18:30:00+00:00,48.888888888888886,True,48.333333333333336,27.22222222222222,0.5555555555555571,0.5555555555555536,484,485
2024_2024-05-18_day1_022_h30,2024,2024_2024-05-18_day1,2024-05-18 18:45:00+00:00,2024-05-18 18:45:00+00:00,2024-05-18 19:15:00+00:00,2024-05-18 19:15:00+00:00,30,30.0,0.0,47.77777777777778,26.666666666666668,21.11111111111111,-0.0740740740740738,15.0,2024-05-18 18:30:00+00:00,48.888888888888886,True,49.44444444444444,26.666666666666668,1.6666666666666643,0.0,484,486
2024_2024-05-18_day1_022_h60,2024,2024_2024-05-18_day1,2024-05-18 18:45:00+00:00,2024-05-18 18:45:00+00:00,2024-05-18 19:45:00+00:00,2024-05-18 19:45:00+00:00,60,60.0,0.0,47.77777777777778,26.666666666666668,21.11111111111111,-0.0740740740740738,15.0,2024-05-18 18:30:00+00:00,48.888888888888886,True,49.44444444444444,28.333333333333332,1.6666666666666643,1.6666666666666643,484,488
2024_2024-05-18_day1_022_h90,2024,2024_2024-05-18_day1,2024-05-18 18:45:00+00:00,2024-05-18 18:45:00+00:00,2024-05-18 20:15:00+00:00,2024-05-18 20:15:00+00:00,90,90.0,0.0,47.77777777777778,26.666666666666668,21.11111111111111,-0.0740740740740738,15.0,2024-05-18 18:30:00+00:00,48.888888888888886,True,50.0,27.22222222222222,2.2222222222222214,0.5555555555555536,484,490
2024_2024-05-18_day1_022_h120,2024,2024_2024-05-18_day1,2024-05-18 18:45:00+00:00,2024-05-18 18:45:00+00:00,2024-05-18 20:45:00+00:00,2024-05-18 20:45:00+00:00,120,120.0,0.0,47.77777777777778,26.666666666666668,21.11111111111111,-0.0740740740740738,15.0,2024-05-18 18:30:00+00:00,48.888888888888886,True,51.111111111111114,27.22222222222222,3.3333333333333357,0.5555555555555536,484,492
2024_2024-05-18_day1_023_h15,2024,2024_2024-05-18_day1,2024-05-18 19:00:00+00:00,2024-05-18 19:00:00+00:00,2024-05-18 19:15:00+00:00,2024-05-18 19:15:00+00:00,15,15.0,0.0,48.333333333333336,27.22222222222222,21.111111111111114,0.03703703703703714,15.0,2024-05-18 18:45:00+00:00,47.77777777777778,True,49.44444444444444,26.666666666666668,1.1111111111111072,-0.5555555555555536,485,486
2024_2024-05-18_day1_023_h30,2024,2024_2024-05-18_day1,2024-05-18 19:00:00+00:00,2024-05-18 19:00:00+00:00,2024-05-18 19:30:00+00:00,2024-05-18 19:30:00+00:00,30,30.0,0.0,48.333333333333336,27.22222222222222,21.111111111111114,0.03703703703703714,15.0,2024-05-18 18:45:00+00:00,47.77777777777778,True,50.55555555555556,27.77777777777778,2.2222222222222214,0.5555555555555571,485,487
2024_2024-05-18_day1_023_h60,2024,2024_2024-05-18_day1,2024-05-18 19:00:00+00:00,2024-05-18 19:00:00+00:00,2024-05-18 20:00:00+00:00,2024-05-18 20:00:00+00:00,60,60.0,0.0,48.333333333333336,27.22222222222222,21.111111111111114,0.03703703703703714,15.0,2024-05-18 18:45:00+00:00,47.77777777777778,True,47.77777777777778,27.77777777777778,-0.5555555555555571,0.5555555555555571,485,489
2024_2024-05-18_day1_023_h90,2024,2024_2024-05-18_day1,2024-05-18 19:00:00+00:00,2024-05-18 19:00:00+00:00,2024-05-18 20:30:00+00:00,2024-05-18 20:30:00+00:00,90,90.0,0.0,48.333333333333336,27.22222222222222,21.111111111111114,0.03703703703703714,15.0,2024-05-18 18:45:00+00:00,47.77777777777778,True,50.55555555555556,27.77777777777778,2.2222222222222214,0.5555555555555571,485,491
2024_2024-05-18_day1_023_h120,2024,2024_2024-05-18_day1,2024-05-18 19:00:00+00:00,2024-05-18 19:00:00+00:00,2024-05-18 21:00:00+00:00,2024-05-18 21:00:00+00:00,120,120.0,0.0,48.333333333333336,27.22222222222222,21.111111111111114,0.03703703703703714,15.0,2024-05-18 18:45:00+00:00,47.77777777777778,True,50.0,27.77777777777778,1.6666666666666643,0.5555555555555571,485,493
2024_2024-05-18_day1_024_h15,2024,2024_2024-05-18_day1,2024-05-18 19:15:00+00:00,2024-05-18 19:15:00+00:00,2024-05-18 19:30:00+00:00,2024-05-18 19:30:00+00:00,15,15.0,0.0,49.44444444444444,26.666666666666668,22.777777777777775,0.0740740740740738,15.0,2024-05-18 19:00:00+00:00,48.333333333333336,True,50.55555555555556,27.77777777777778,1.1111111111111143,1.1111111111111107,486,487
2024_2024-05-18_day1_024_h30,2024,2024_2024-05-18_day1,2024-05-18 19:15:00+00:00,2024-05-18 19:15:00+00:00,2024-05-18 19:45:00+00:00,2024-05-18 19:45:00+00:00,30,30.0,0.0,49.44444444444444,26.666666666666668,22.777777777777775,0.0740740740740738,15.0,2024-05-18 19:00:00+00:00,48.333333333333336,True,49.44444444444444,28.333333333333332,0.0,1.6666666666666643,486,488
2024_2024-05-18_day1_024_h60,2024,2024_2024-05-18_day1,2024-05-18 19:15:00+00:00,2024-05-18 19:15:00+00:00,2024-05-18 20:15:00+00:00,2024-05-18 20:15:00+00:00,60,60.0,0.0,49.44444444444444,26.666666666666668,22.777777777777775,0.0740740740740738,15.0,2024-05-18 19:00:00+00:00,48.333333333333336,True,50.0,27.22222222222222,0.5555555555555571,0.5555555555555536,486,490
2024_2024-05-18_day1_024_h90,2024,2024_2024-05-18_day1,2024-05-18 19:15:00+00:00,2024-05-18 19:15:00+00:00,2024-05-18 20:45:00+00:00,2024-05-18 20:45:00+00:00,90,90.0,0.0,49.44444444444444,26.666666666666668,22.777777777777775,0.0740740740740738,15.0,2024-05-18 19:00:00+00:00,48.333333333333336,True,51.111111111111114,27.22222222222222,1.6666666666666714,0.5555555555555536,486,492
2024_2024-05-18_day1_024_h120,2024,2024_2024-05-18_day1,2024-05-18 19:15:00+00:00,2024-05-18 19:15:00+00:00,2024-05-18 21:15:00+00:00,2024-05-18 21:15:00+00:00,120,120.0,0.0,49.44444444444444,26.666666666666668,22.777777777777775,0.0740740740740738,15.0,2024-05-18 19:00:00+00:00,48.333333333333336,True,48.888888888888886,27.77777777777778,-0.5555555555555571,1.1111111111111107,486,494
2024_2024-05-18_day1_025_h15,2024,2024_2024-05-18_day1,2024-05-18 19:30:00+00:00,2024-05-18 19:30:00+00:00,2024-05-18 19:45:00+00:00,2024-05-18 19:45:00+00:00,15,15.0,0.0,50.55555555555556,27.77777777777778,22.77777777777778,0.07407407407407428,15.0,2024-05-18 19:15:00+00:00,49.44444444444444,True,49.44444444444444,28.333333333333332,-1.1111111111111143,0.5555555555555536,487,488
2024_2024-05-18_day1_025_h30,2024,2024_2024-05-18_day1,2024-05-18 19:30:00+00:00,2024-05-18 19:30:00+00:00,2024-05-18 20:00:00+00:00,2024-05-18 20:00:00+00:00,30,30.0,0.0,50.55555555555556,27.77777777777778,22.77777777777778,0.07407407407407428,15.0,2024-05-18 19:15:00+00:00,49.44444444444444,True,47.77777777777778,27.77777777777778,-2.7777777777777786,0.0,487,489
2024_2024-05-18_day1_025_h60,2024,2024_2024-05-18_day1,2024-05-18 19:30:00+00:00,2024-05-18 19:30:00+00:00,2024-05-18 20:30:00+00:00,2024-05-18 20:30:00+00:00,60,60.0,0.0,50.55555555555556,27.77777777777778,22.77777777777778,0.07407407407407428,15.0,2024-05-18 19:15:00+00:00,49.44444444444444,True,50.55555555555556,27.77777777777778,0.0,0.0,487,491
2024_2024-05-18_day1_025_h90,2024,2024_2024-05-18_day1,2024-05-18 19:30:00+00:00,2024-05-18 19:30:00+00:00,2024-05-18 21:00:00+00:00,2024-05-18 21:00:00+00:00,90,90.0,0.0,50.55555555555556,27.77777777777778,22.77777777777778,0.07407407407407428,15.0,2024-05-18 19:15:00+00:00,49.44444444444444,True,50.0,27.77777777777778,-0.5555555555555571,0.0,487,493
2024_2024-05-18_day1_025_h120,2024,2024_2024-05-18_day1,2024-05-18 19:30:00+00:00,2024-05-18 19:30:00+00:00,2024-05-18 21:30:00+00:00,2024-05-18 21:30:00+00:00,120,120.0,0.0,50.55555555555556,27.77777777777778,22.77777777777778,0.07407407407407428,15.0,2024-05-18 19:15:00+00:00,49.44444444444444,True,48.333333333333336,27.77777777777778,-2.2222222222222214,0.0,487,495
2024_2024-05-18_day1_026_h15,2024,2024_2024-05-18_day1,2024-05-18 19:45:00+00:00,2024-05-18 19:45:00+00:00,2024-05-18 20:00:00+00:00,2024-05-18 20:00:00+00:00,15,15.0,0.0,49.44444444444444,28.333333333333332,21.11111111111111,-0.07407407407407428,15.0,2024-05-18 19:30:00+00:00,50.55555555555556,True,47.77777777777778,27.77777777777778,-1.6666666666666643,-0.5555555555555536,488,489
2024_2024-05-18_day1_026_h30,2024,2024_2024-05-18_day1,2024-05-18 19:45:00+00:00,2024-05-18 19:45:00+00:00,2024-05-18 20:15:00+00:00,2024-05-18 20:15:00+00:00,30,30.0,0.0,49.44444444444444,28.333333333333332,21.11111111111111,-0.07407407407407428,15.0,2024-05-18 19:30:00+00:00,50.55555555555556,True,50.0,27.22222222222222,0.5555555555555571,-1.1111111111111107,488,490
2024_2024-05-18_day1_026_h60,2024,2024_2024-05-18_day1,2024-05-18 19:45:00+00:00,2024-05-18 19:45:00+00:00,2024-05-18 20:45:00+00:00,2024-05-18 20:45:00+00:00,60,60.0,0.0,49.44444444444444,28.333333333333332,21.11111111111111,-0.07407407407407428,15.0,2024-05-18 19:30:00+00:00,50.55555555555556,True,51.111111111111114,27.22222222222222,1.6666666666666714,-1.1111111111111107,488,492
2024_2024-05-18_day1_026_h90,2024,2024_2024-05-18_day1,2024-05-18 19:45:00+00:00,2024-05-18 19:45:00+00:00,2024-05-18 21:15:00+00:00,2024-05-18 21:15:00+00:00,90,90.0,0.0,49.44444444444444,28.333333333333332,21.11111111111111,-0.07407407407407428,15.0,2024-05-18 19:30:00+00:00,50.55555555555556,True,48.888888888888886,27.77777777777778,-0.5555555555555571,-0.5555555555555536,488,494
2024_2024-05-18_day1_026_h120,2024,2024_2024-05-18_day1,2024-05-18 19:45:00+00:00,2024-05-18 19:45:00+00:00,2024-05-18 21:45:00+00:00,2024-05-18 21:45:00+00:00,120,120.0,0.0,49.44444444444444,28.333333333333332,21.11111111111111,-0.07407407407407428,15.0,2024-05-18 19:30:00+00:00,50.55555555555556,True,47.22222222222222,27.77777777777778,-2.2222222222222214,-0.5555555555555536,488,496
2024_2024-05-18_day1_027_h15,2024,2024_2024-05-18_day1,2024-05-18 20:00:00+00:00,2024-05-18 20:00:00+00:00,2024-05-18 20:15:00+00:00,2024-05-18 20:15:00+00:00,15,15.0,0.0,47.77777777777778,27.77777777777778,20.0,-0.11111111111111095,15.0,2024-05-18 19:45:00+00:00,49.44444444444444,True,50.0,27.22222222222222,2.2222222222222214,-0.5555555555555571,489,490
2024_2024-05-18_day1_027_h30,2024,2024_2024-05-18_day1,2024-05-18 20:00:00+00:00,2024-05-18 20:00:00+00:00,2024-05-18 20:30:00+00:00,2024-05-18 20:30:00+00:00,30,30.0,0.0,47.77777777777778,27.77777777777778,20.0,-0.11111111111111095,15.0,2024-05-18 19:45:00+00:00,49.44444444444444,True,50.55555555555556,27.77777777777778,2.7777777777777786,0.0,489,491
2024_2024-05-18_day1_027_h60,2024,2024_2024-05-18_day1,2024-05-18 20:00:00+00:00,2024-05-18 20:00:00+00:00,2024-05-18 21:00:00+00:00,2024-05-18 21:00:00+00:00,60,60.0,0.0,47.77777777777778,27.77777777777778,20.0,-0.11111111111111095,15.0,2024-05-18 19:45:00+00:00,49.44444444444444,True,50.0,27.77777777777778,2.2222222222222214,0.0,489,493
2024_2024-05-18_day1_027_h90,2024,2024_2024-05-18_day1,2024-05-18 20:00:00+00:00,2024-05-18 20:00:00+00:00,2024-05-18 21:30:00+00:00,2024-05-18 21:30:00+00:00,90,90.0,0.0,47.77777777777778,27.77777777777778,20.0,-0.11111111111111095,15.0,2024-05-18 19:45:00+00:00,49.44444444444444,True,48.333333333333336,27.77777777777778,0.5555555555555571,0.0,489,495
2024_2024-05-18_day1_028_h15,2024,2024_2024-05-18_day1,2024-05-18 20:15:00+00:00,2024-05-18 20:15:00+00:00,2024-05-18 20:30:00+00:00,2024-05-18 20:30:00+00:00,15,15.0,0.0,50.0,27.22222222222222,22.77777777777778,0.14814814814814808,15.0,2024-05-18 20:00:00+00:00,47.77777777777778,True,50.55555555555556,27.77777777777778,0.5555555555555571,0.5555555555555571,490,491
2024_2024-05-18_day1_028_h30,2024,2024_2024-05-18_day1,2024-05-18 20:15:00+00:00,2024-05-18 20:15:00+00:00,2024-05-18 20:45:00+00:00,2024-05-18 20:45:00+00:00,30,30.0,0.0,50.0,27.22222222222222,22.77777777777778,0.14814814814814808,15.0,2024-05-18 20:00:00+00:00,47.77777777777778,True,51.111111111111114,27.22222222222222,1.1111111111111143,0.0,490,492
2024_2024-05-18_day1_028_h60,2024,2024_2024-05-18_day1,2024-05-18 20:15:00+00:00,2024-05-18 20:15:00+00:00,2024-05-18 21:15:00+00:00,2024-05-18 21:15:00+00:00,60,60.0,0.0,50.0,27.22222222222222,22.77777777777778,0.14814814814814808,15.0,2024-05-18 20:00:00+00:00,47.77777777777778,True,48.888888888888886,27.77777777777778,-1.1111111111111143,0.5555555555555571,490,494
2024_2024-05-18_day1_028_h90,2024,2024_2024-05-18_day1,2024-05-18 20:15:00+00:00,2024-05-18 20:15:00+00:00,2024-05-18 21:45:00+00:00,2024-05-18 21:45:00+00:00,90,90.0,0.0,50.0,27.22222222222222,22.77777777777778,0.14814814814814808,15.0,2024-05-18 20:00:00+00:00,47.77777777777778,True,47.22222222222222,27.77777777777778,-2.7777777777777786,0.5555555555555571,490,496
2024_2024-05-18_day1_029_h15,2024,2024_2024-05-18_day1,2024-05-18 20:30:00+00:00,2024-05-18 20:30:00+00:00,2024-05-18 20:45:00+00:00,2024-05-18 20:45:00+00:00,15,15.0,0.0,50.55555555555556,27.77777777777778,22.77777777777778,0.03703703703703714,15.0,2024-05-18 20:15:00+00:00,50.0,True,51.111111111111114,27.22222222222222,0.5555555555555571,-0.5555555555555571,491,492
2024_2024-05-18_day1_029_h30,2024,2024_2024-05-18_day1,2024-05-18 20:30:00+00:00,2024-05-18 20:30:00+00:00,2024-05-18 21:00:00+00:00,2024-05-18 21:00:00+00:00,30,30.0,0.0,50.55555555555556,27.77777777777778,22.77777777777778,0.03703703703703714,15.0,2024-05-18 20:15:00+00:00,50.0,True,50.0,27.77777777777778,-0.5555555555555571,0.0,491,493
2024_2024-05-18_day1_029_h60,2024,2024_2024-05-18_day1,2024-05-18 20:30:00+00:00,2024-05-18 20:30:00+00:00,2024-05-18 21:30:00+00:00,2024-05-18 21:30:00+00:00,60,60.0,0.0,50.55555555555556,27.77777777777778,22.77777777777778,0.03703703703703714,15.0,2024-05-18 20:15:00+00:00,50.0,True,48.333333333333336,27.77777777777778,-2.2222222222222214,0.0,491,495
2024_2024-05-18_day1_030_h15,2024,2024_2024-05-18_day1,2024-05-18 20:45:00+00:00,2024-05-18 20:45:00+00:00,2024-05-18 21:00:00+00:00,2024-05-18 21:00:00+00:00,15,15.0,0.0,51.111111111111114,27.22222222222222,23.888888888888893,0.03703703703703714,15.0,2024-05-18 20:30:00+00:00,50.55555555555556,True,50.0,27.77777777777778,-1.1111111111111143,0.5555555555555571,492,493
2024_2024-05-18_day1_030_h30,2024,2024_2024-05-18_day1,2024-05-18 20:45:00+00:00,2024-05-18 20:45:00+00:00,2024-05-18 21:15:00+00:00,2024-05-18 21:15:00+00:00,30,30.0,0.0,51.111111111111114,27.22222222222222,23.888888888888893,0.03703703703703714,15.0,2024-05-18 20:30:00+00:00,50.55555555555556,True,48.888888888888886,27.77777777777778,-2.2222222222222285,0.5555555555555571,492,494
2024_2024-05-18_day1_030_h60,2024,2024_2024-05-18_day1,2024-05-18 20:45:00+00:00,2024-05-18 20:45:00+00:00,2024-05-18 21:45:00+00:00,2024-05-18 21:45:00+00:00,60,60.0,0.0,51.111111111111114,27.22222222222222,23.888888888888893,0.03703703703703714,15.0,2024-05-18 20:30:00+00:00,50.55555555555556,True,47.22222222222222,27.77777777777778,-3.888888888888893,0.5555555555555571,492,496
2024_2024-05-18_day1_031_h15,2024,2024_2024-05-18_day1,2024-05-18 21:00:00+00:00,2024-05-18 21:00:00+00:00,2024-05-18 21:15:00+00:00,2024-05-18 21:15:00+00:00,15,15.0,0.0,50.0,27.77777777777778,22.22222222222222,-0.07407407407407428,15.0,2024-05-18 20:45:00+00:00,51.111111111111114,True,48.888888888888886,27.77777777777778,-1.1111111111111143,0.0,493,494
2024_2024-05-18_day1_031_h30,2024,2024_2024-05-18_day1,2024-05-18 21:00:00+00:00,2024-05-18 21:00:00+00:00,2024-05-18 21:30:00+00:00,2024-05-18 21:30:00+00:00,30,30.0,0.0,50.0,27.77777777777778,22.22222222222222,-0.07407407407407428,15.0,2024-05-18 20:45:00+00:00,51.111111111111114,True,48.333333333333336,27.77777777777778,-1.6666666666666643,0.0,493,495
2024_2024-05-18_day1_032_h15,2024,2024_2024-05-18_day1,2024-05-18 21:15:00+00:00,2024-05-18 21:15:00+00:00,2024-05-18 21:30:00+00:00,2024-05-18 21:30:00+00:00,15,15.0,0.0,48.888888888888886,27.77777777777778,21.111111111111107,-0.07407407407407428,15.0,2024-05-18 21:00:00+00:00,50.0,True,48.333333333333336,27.77777777777778,-0.55555555555555,0.0,494,495
2024_2024-05-18_day1_032_h30,2024,2024_2024-05-18_day1,2024-05-18 21:15:00+00:00,2024-05-18 21:15:00+00:00,2024-05-18 21:45:00+00:00,2024-05-18 21:45:00+00:00,30,30.0,0.0,48.888888888888886,27.77777777777778,21.111111111111107,-0.07407407407407428,15.0,2024-05-18 21:00:00+00:00,50.0,True,47.22222222222222,27.77777777777778,-1.6666666666666643,0.0,494,496
2024_2024-05-18_day1_033_h15,2024,2024_2024-05-18_day1,2024-05-18 21:30:00+00:00,2024-05-18 21:30:00+00:00,2024-05-18 21:45:00+00:00,2024-05-18 21:45:00+00:00,15,15.0,0.0,48.333333333333336,27.77777777777778,20.555555555555557,-0.03703703703703667,15.0,2024-05-18 21:15:00+00:00,48.888888888888886,True,47.22222222222222,27.77777777777778,-1.1111111111111143,0.0,495,496
