pair_id,held_out_year,horizon_min,model,actual,predicted
2020_2020-08-15_day1_000_h15,2020,15,M1_no_solar,0.5555555555555536,1.065791395729014
2020_2020-08-15_day1_001_h15,2020,15,M1_no_solar,0.5555555555555571,1.0657913957290113
2020_2020-08-15_day1_002_h15,2020,15,M1_no_solar,1.1111111111111107,1.4974728522320766
2020_2020-08-15_day1_003_h15,2020,15,M1_no_solar,1.1111111111111107,1.065791395729014
2020_2020-08-15_day1_004_h15,2020,15,M1_no_solar,1.1111111111111107,0.6140377546742338
2020_2020-08-15_day1_006_h15,2020,15,M1_no_solar,1.1111111111111145,1.2766788221632186
2020_2020-08-15_day1_007_h15,2020,15,M1_no_solar,1.1111111111111072,0.41331590915708993
2020_2020-08-15_day1_008_h15,2020,15,M1_no_solar,1.1111111111111145,0.8048529965567242
2020_2020-08-15_day1_009_h15,2020,15,M1_no_solar,1.1111111111111072,0.35309935550194677
2020_2020-08-15_day1_010_h15,2020,15,M1_no_solar,1.6666666666666714,0.7446364429015837
2020_2020-08-15_day1_011_h15,2020,15,M1_no_solar,3.3333333333333286,1.136173530301218
2020_2020-08-15_day1_012_h15,2020,15,M1_no_solar,1.1111111111111145,0.19252187908823182
2020_2020-08-15_day1_013_h15,2020,15,M1_no_solar,1.1111111111111072,0.15237750998480304
2020_2020-08-15_day1_014_h15,2020,15,M1_no_solar,1.1111111111111145,0.11223314088137437
2020_2020-08-15_day1_015_h15,2020,15,M1_no_solar,0.5555555555555571,0.5037702282810084
2020_2020-08-15_day1_016_h15,2020,15,M1_no_solar,1.1111111111111072,0.9354516847840769
2020_2020-08-15_day1_017_h15,2020,15,M1_no_solar,1.6666666666666714,0.07208877177794559
2020_2020-08-15_day1_018_h15,2020,15,M1_no_solar,-3.3333333333333357,0.011872218122802258
2020_2020-08-15_day1_019_h15,2020,15,M1_no_solar,1.1111111111111145,-0.7310575875730428
2020_2020-08-15_day1_020_h15,2020,15,M1_no_solar,2.7777777777777715,0.4836980437292966
2020_2020-08-15_day1_021_h15,2020,15,M1_no_solar,-3.3333333333333286,-0.02827215098062652
2020_2020-08-15_day1_022_h15,2020,15,M1_no_solar,0.0,0.09216095632965982
2020_2020-08-15_day1_023_h15,2020,15,M1_no_solar,0.5555555555555571,-0.33952050017340596
2020_2020-08-15_day1_024_h15,2020,15,M1_no_solar,2.2222222222222214,0.4836980437292966
2020_2020-08-15_day1_025_h15,2020,15,M1_no_solar,1.1111111111111072,0.8551629465772164
2020_2020-08-15_day1_026_h15,2020,15,M1_no_solar,0.0,0.8551629465772165
2020_2020-08-15_day1_027_h15,2020,15,M1_no_solar,-2.2222222222222214,-0.8314185103316117
2020_2020-08-15_day1_028_h15,2020,15,M1_no_solar,0.0,0.07208877177794548
2020_2020-08-15_day1_029_h15,2020,15,M1_no_solar,1.1111111111111145,-0.3595926847251175
2020_2020-08-15_day1_000_h15,2020,15,M2a_delta_solar,0.5555555555555536,1.1426199508372985
2020_2020-08-15_day1_001_h15,2020,15,M2a_delta_solar,0.5555555555555571,1.1446766374418986
2020_2020-08-15_day1_002_h15,2020,15,M2a_delta_solar,1.1111111111111107,1.442121185543519
2020_2020-08-15_day1_003_h15,2020,15,M2a_delta_solar,1.1111111111111107,1.1456239021401204
2020_2020-08-15_day1_004_h15,2020,15,M2a_delta_solar,1.1111111111111107,0.8535735236044055
2020_2020-08-15_day1_006_h15,2020,15,M2a_delta_solar,1.1111111111111145,1.462052881494484
2020_2020-08-15_day1_007_h15,2020,15,M2a_delta_solar,1.1111111111111072,0.8542549488321775
2020_2020-08-15_day1_008_h15,2020,15,M2a_delta_solar,1.1111111111111145,1.1432942504390704
2020_2020-08-15_day1_009_h15,2020,15,M2a_delta_solar,1.1111111111111072,0.8294382090542226
2020_2020-08-15_day1_010_h15,2020,15,M2a_delta_solar,1.6666666666666714,1.1086566614074793
2020_2020-08-15_day1_011_h15,2020,15,M2a_delta_solar,3.3333333333333286,1.3813817451759052
2020_2020-08-15_day1_012_h15,2020,15,M2a_delta_solar,1.1111111111111145,0.7683181123863937
2020_2020-08-15_day1_013_h15,2020,15,M2a_delta_solar,1.1111111111111072,0.7280042632265122
2020_2020-08-15_day1_014_h15,2020,15,M2a_delta_solar,1.1111111111111145,0.6778715387471111
2020_2020-08-15_day1_015_h15,2020,15,M2a_delta_solar,0.5555555555555571,0.9140833612319635
2020_2020-08-15_day1_016_h15,2020,15,M2a_delta_solar,1.1111111111111072,1.129835195478114
2020_2020-08-15_day1_017_h15,2020,15,M2a_delta_solar,1.6666666666666714,0.4492873423489007
2020_2020-08-15_day1_018_h15,2020,15,M2a_delta_solar,-3.3333333333333357,0.37496916965483695
2020_2020-08-15_day1_019_h15,2020,15,M2a_delta_solar,1.1111111111111145,-0.3417432504431642
2020_2020-08-15_day1_020_h15,2020,15,M2a_delta_solar,2.7777777777777715,0.4847260980110068
2020_2020-08-15_day1_021_h15,2020,15,M2a_delta_solar,-3.3333333333333286,0.1335745505783303
2020_2020-08-15_day1_022_h15,2020,15,M2a_delta_solar,0.0,0.03256612251515001
2020_2020-08-15_day1_023_h15,2020,15,M2a_delta_solar,0.5555555555555571,-0.3211742910519596
2020_2020-08-15_day1_024_h15,2020,15,M2a_delta_solar,2.2222222222222214,0.2350743919932182
2020_2020-08-15_day1_025_h15,2020,15,M2a_delta_solar,1.1111111111111072,0.5089294508469486
2020_2020-08-15_day1_026_h15,2020,15,M2a_delta_solar,0.0,0.4767557652739911
2020_2020-08-15_day1_027_h15,2020,15,M2a_delta_solar,-2.2222222222222214,-0.7463115044037216
2020_2020-08-15_day1_028_h15,2020,15,M2a_delta_solar,0.0,-0.1858306427281563
2020_2020-08-15_day1_029_h15,2020,15,M2a_delta_solar,1.1111111111111145,-0.4993314473152731
2020_2020-08-15_day1_000_h15,2020,15,M2b_mean_solar,0.5555555555555536,0.5685693953817927
2020_2020-08-15_day1_001_h15,2020,15,M2b_mean_solar,0.5555555555555571,0.6148838947801436
2020_2020-08-15_day1_002_h15,2020,15,M2b_mean_solar,1.1111111111111107,1.1146150070460403
2020_2020-08-15_day1_003_h15,2020,15,M2b_mean_solar,1.1111111111111107,0.7077747202510632
2020_2020-08-15_day1_004_h15,2020,15,M2b_mean_solar,1.1111111111111107,0.27369026063745744
2020_2020-08-15_day1_006_h15,2020,15,M2b_mean_solar,1.1111111111111145,1.1800235013963984
2020_2020-08-15_day1_007_h15,2020,15,M2b_mean_solar,1.1111111111111072,0.3162526037970872
2020_2020-08-15_day1_008_h15,2020,15,M2b_mean_solar,1.1111111111111145,0.7567605309034072
2020_2020-08-15_day1_009_h15,2020,15,M2b_mean_solar,1.1111111111111072,0.31632201231983303
2020_2020-08-15_day1_010_h15,2020,15,M2b_mean_solar,1.6666666666666714,0.7533944413318554
2020_2020-08-15_day1_011_h15,2020,15,M2b_mean_solar,3.3333333333333286,1.1881294073933937
2020_2020-08-15_day1_012_h15,2020,15,M2b_mean_solar,1.1111111111111145,0.20570027571890104
2020_2020-08-15_day1_013_h15,2020,15,M2b_mean_solar,1.1111111111111072,0.18079546488762233
2020_2020-08-15_day1_014_h15,2020,15,M2b_mean_solar,1.1111111111111145,0.15172478041461668
2020_2020-08-15_day1_015_h15,2020,15,M2b_mean_solar,0.5555555555555571,0.5710567477194924
2020_2020-08-15_day1_016_h15,2020,15,M2b_mean_solar,1.1111111111111072,1.0391671884039
2020_2020-08-15_day1_017_h15,2020,15,M2b_mean_solar,1.6666666666666714,0.14115319323015763
2020_2020-08-15_day1_018_h15,2020,15,M2b_mean_solar,-3.3333333333333357,0.061555697145685095
2020_2020-08-15_day1_019_h15,2020,15,M2b_mean_solar,1.1111111111111145,-0.6865751293360349
2020_2020-08-15_day1_020_h15,2020,15,M2b_mean_solar,2.7777777777777715,0.5533689431128442
2020_2020-08-15_day1_021_h15,2020,15,M2b_mean_solar,-3.3333333333333286,-0.025892888240074297
2020_2020-08-15_day1_022_h15,2020,15,M2b_mean_solar,0.0,0.1147777514077547
2020_2020-08-15_day1_023_h15,2020,15,M2b_mean_solar,0.5555555555555571,-0.3656363990077568
2020_2020-08-15_day1_024_h15,2020,15,M2b_mean_solar,2.2222222222222214,0.4555857150936339
2020_2020-08-15_day1_025_h15,2020,15,M2b_mean_solar,1.1111111111111072,0.7930896353811007
2020_2020-08-15_day1_026_h15,2020,15,M2b_mean_solar,0.0,0.7562383161520575
2020_2020-08-15_day1_027_h15,2020,15,M2b_mean_solar,-2.2222222222222214,-1.041585731698503
2020_2020-08-15_day1_028_h15,2020,15,M2b_mean_solar,0.0,-0.12133733597309215
2020_2020-08-15_day1_029_h15,2020,15,M2b_mean_solar,1.1111111111111145,-0.6168029454848329
2020_2020-08-15_day1_000_h15,2020,15,M2c_both_solar,0.5555555555555536,0.6897828652609126
2020_2020-08-15_day1_001_h15,2020,15,M2c_both_solar,0.5555555555555571,0.7337350862477479
2020_2020-08-15_day1_002_h15,2020,15,M2c_both_solar,1.1111111111111107,1.0969775701086917
2020_2020-08-15_day1_003_h15,2020,15,M2c_both_solar,1.1111111111111107,0.8188084510895501
2020_2020-08-15_day1_004_h15,2020,15,M2c_both_solar,1.1111111111111107,0.5378311082120097
2020_2020-08-15_day1_006_h15,2020,15,M2c_both_solar,1.1111111111111145,1.3687593151605564
2020_2020-08-15_day1_007_h15,2020,15,M2c_both_solar,1.1111111111111072,0.7526952797612008
2020_2020-08-15_day1_008_h15,2020,15,M2c_both_solar,1.1111111111111145,1.0892671934632485
2020_2020-08-15_day1_009_h15,2020,15,M2c_both_solar,1.1111111111111072,0.7814014193386998
2020_2020-08-15_day1_010_h15,2020,15,M2c_both_solar,1.6666666666666714,1.105343506129137
2020_2020-08-15_day1_011_h15,2020,15,M2c_both_solar,3.3333333333333286,1.420875209559839
2020_2020-08-15_day1_012_h15,2020,15,M2c_both_solar,1.1111111111111145,0.7624661738856957
2020_2020-08-15_day1_013_h15,2020,15,M2c_both_solar,1.1111111111111072,0.7359639910047495
2020_2020-08-15_day1_014_h15,2020,15,M2c_both_solar,1.1111111111111145,0.6961722031509758
2020_2020-08-15_day1_015_h15,2020,15,M2c_both_solar,0.5555555555555571,0.9623643373183903
2020_2020-08-15_day1_016_h15,2020,15,M2c_both_solar,1.1111111111111072,1.2177911985512904
2020_2020-08-15_day1_017_h15,2020,15,M2c_both_solar,1.6666666666666714,0.5002022051859594
2020_2020-08-15_day1_018_h15,2020,15,M2c_both_solar,-3.3333333333333357,0.40876138852906707
2020_2020-08-15_day1_019_h15,2020,15,M2c_both_solar,1.1111111111111145,-0.31347301687709406
2020_2020-08-15_day1_020_h15,2020,15,M2c_both_solar,2.7777777777777715,0.5478133785111168
2020_2020-08-15_day1_021_h15,2020,15,M2c_both_solar,-3.3333333333333286,0.13072930374537806
2020_2020-08-15_day1_022_h15,2020,15,M2c_both_solar,0.0,0.05489740346137989
2020_2020-08-15_day1_023_h15,2020,15,M2c_both_solar,0.5555555555555571,-0.34540111372797755
2020_2020-08-15_day1_024_h15,2020,15,M2c_both_solar,2.2222222222222214,0.21728775858256422
2020_2020-08-15_day1_025_h15,2020,15,M2c_both_solar,1.1111111111111072,0.46339149048460215
2020_2020-08-15_day1_026_h15,2020,15,M2c_both_solar,0.0,0.39882609243562794
2020_2020-08-15_day1_027_h15,2020,15,M2c_both_solar,-2.2222222222222214,-0.9393442416532182
2020_2020-08-15_day1_028_h15,2020,15,M2c_both_solar,0.0,-0.35309771959241043
2020_2020-08-15_day1_029_h15,2020,15,M2c_both_solar,1.1111111111111145,-0.7280359766015292
2020_2020-08-15_day1_000_h30,2020,30,M1_no_solar,1.1111111111111107,2.323749210126108
2020_2020-08-15_day1_001_h30,2020,30,M1_no_solar,1.666666666666668,2.834480307138474
2020_2020-08-15_day1_002_h30,2020,30,M1_no_solar,2.2222222222222214,2.834480307138477
2020_2020-08-15_day1_003_h30,2020,30,M1_no_solar,2.2222222222222214,1.8130181131137424
2020_2020-08-15_day1_006_h30,2020,30,M1_no_solar,2.2222222222222214,1.8601545603085061
2020_2020-08-15_day1_007_h30,2020,30,M1_no_solar,2.2222222222222214,1.349423463296137
2020_2020-08-15_day1_008_h30,2020,30,M1_no_solar,2.2222222222222214,1.265133526965664
2020_2020-08-15_day1_009_h30,2020,30,M1_no_solar,2.7777777777777786,1.2229885588004306
2020_2020-08-15_day1_010_h30,2020,30,M1_no_solar,5.0,2.160160816494692
2020_2020-08-15_day1_011_h30,2020,30,M1_no_solar,4.444444444444443,1.56513978315185
2020_2020-08-15_day1_012_h30,2020,30,M1_no_solar,2.2222222222222214,0.3750977164661695
2020_2020-08-15_day1_013_h30,2020,30,M1_no_solar,2.2222222222222214,0.2908077801356963
2020_2020-08-15_day1_014_h30,2020,30,M1_no_solar,1.6666666666666714,0.717248940817589
2020_2020-08-15_day1_015_h30,2020,30,M1_no_solar,1.6666666666666643,1.6544211985118535
2020_2020-08-15_day1_016_h30,2020,30,M1_no_solar,2.7777777777777786,1.143690101499488
2020_2020-08-15_day1_017_h30,2020,30,M1_no_solar,-1.6666666666666643,0.12222790747475032
2020_2020-08-15_day1_018_h30,2020,30,M1_no_solar,-2.2222222222222214,-1.0256691910456974
2020_2020-08-15_day1_019_h30,2020,30,M1_no_solar,3.8888888888888857,-0.26206828504190893
2020_2020-08-15_day1_020_h30,2020,30,M1_no_solar,-0.5555555555555571,0.5908140363218821
2020_2020-08-15_day1_021_h30,2020,30,M1_no_solar,-3.3333333333333286,-0.08849693335143272
2020_2020-08-15_day1_022_h30,2020,30,M1_no_solar,0.5555555555555571,-0.34635822137238237
2020_2020-08-15_day1_023_h30,2020,30,M1_no_solar,2.7777777777777786,0.16437287563998648
2020_2020-08-15_day1_024_h30,2020,30,M1_no_solar,3.3333333333333286,1.6122762303466167
2020_2020-08-15_day1_025_h30,2020,30,M1_no_solar,1.1111111111111072,1.9965724228632724
2020_2020-08-15_day1_026_h30,2020,30,M1_no_solar,-2.2222222222222214,-0.04635196518619611
2020_2020-08-15_day1_027_h30,2020,30,M1_no_solar,-2.2222222222222214,-0.9835242228804575
2020_2020-08-15_day1_028_h30,2020,30,M1_no_solar,1.1111111111111145,-0.38850318953761565
2020_2020-08-15_day1_000_h30,2020,30,M2a_delta_solar,1.1111111111111107,2.3841570614995558
2020_2020-08-15_day1_001_h30,2020,30,M2a_delta_solar,1.666666666666668,2.7085181165619305
2020_2020-08-15_day1_002_h30,2020,30,M2a_delta_solar,2.2222222222222214,2.709329550804398
2020_2020-08-15_day1_003_h30,2020,30,M2a_delta_solar,2.2222222222222214,2.064763699770026
2020_2020-08-15_day1_006_h30,2020,30,M2a_delta_solar,2.2222222222222214,2.3098164255767295
2020_2020-08-15_day1_007_h30,2020,30,M2a_delta_solar,2.2222222222222214,1.9593605171925437
2020_2020-08-15_day1_008_h30,2020,30,M2a_delta_solar,2.2222222222222214,1.924866827182606
2020_2020-08-15_day1_009_h30,2020,30,M2a_delta_solar,2.7777777777777786,1.881379147333717
2020_2020-08-15_day1_010_h30,2020,30,M2a_delta_solar,5.0,2.4717553234500595
2020_2020-08-15_day1_011_h30,2020,30,M2a_delta_solar,4.444444444444443,2.084779001989376
2020_2020-08-15_day1_012_h30,2020,30,M2a_delta_solar,2.2222222222222214,1.3630078781431827
2020_2020-08-15_day1_013_h30,2020,30,M2a_delta_solar,2.2222222222222214,1.2674957569595326
2020_2020-08-15_day1_014_h30,2020,30,M2a_delta_solar,1.6666666666666714,1.4766636464131535
2020_2020-08-15_day1_015_h30,2020,30,M2a_delta_solar,1.6666666666666643,1.9909951063145481
2020_2020-08-15_day1_016_h30,2020,30,M2a_delta_solar,2.7777777777777786,1.52504126495499
2020_2020-08-15_day1_017_h30,2020,30,M2a_delta_solar,-1.6666666666666643,0.7284070021920368
2020_2020-08-15_day1_018_h30,2020,30,M2a_delta_solar,-2.2222222222222214,-0.06866552592513298
2020_2020-08-15_day1_019_h30,2020,30,M2a_delta_solar,3.8888888888888857,0.09926966485485267
2020_2020-08-15_day1_020_h30,2020,30,M2a_delta_solar,-0.5555555555555571,0.6059727566177707
2020_2020-08-15_day1_021_h30,2020,30,M2a_delta_solar,-3.3333333333333286,0.16276736525015045
2020_2020-08-15_day1_022_h30,2020,30,M2a_delta_solar,0.5555555555555571,-0.2692717771215235
2020_2020-08-15_day1_023_h30,2020,30,M2a_delta_solar,2.7777777777777786,-0.03759446290563995
2020_2020-08-15_day1_024_h30,2020,30,M2a_delta_solar,3.3333333333333286,0.8540624688037053
2020_2020-08-15_day1_025_h30,2020,30,M2a_delta_solar,1.1111111111111072,1.116240480113526
2020_2020-08-15_day1_026_h30,2020,30,M2a_delta_solar,-2.2222222222222214,-0.22063373384504803
2020_2020-08-15_day1_027_h30,2020,30,M2a_delta_solar,-2.2222222222222214,-0.9057874469024014
2020_2020-08-15_day1_028_h30,2020,30,M2a_delta_solar,1.1111111111111145,-0.6179803676108777
2020_2020-08-15_day1_000_h30,2020,30,M2b_mean_solar,1.1111111111111107,1.2961529848559528
2020_2020-08-15_day1_001_h30,2020,30,M2b_mean_solar,1.666666666666668,1.9526063943289715
2020_2020-08-15_day1_002_h30,2020,30,M2b_mean_solar,2.2222222222222214,2.0513525986221537
2020_2020-08-15_day1_003_h30,2020,30,M2b_mean_solar,2.2222222222222214,1.0343558937964883
2020_2020-08-15_day1_006_h30,2020,30,M2b_mean_solar,2.2222222222222214,1.6538228027975261
2020_2020-08-15_day1_007_h30,2020,30,M2b_mean_solar,2.2222222222222214,1.1856101268146197
2020_2020-08-15_day1_008_h30,2020,30,M2b_mean_solar,2.2222222222222214,1.161250591728638
2020_2020-08-15_day1_009_h30,2020,30,M2b_mean_solar,2.7777777777777786,1.1887145988456433
2020_2020-08-15_day1_010_h30,2020,30,M2b_mean_solar,5.0,2.271841737476035
2020_2020-08-15_day1_011_h30,2020,30,M2b_mean_solar,4.444444444444443,1.6758020392467416
2020_2020-08-15_day1_012_h30,2020,30,M2b_mean_solar,2.2222222222222214,0.40408451714371063
2020_2020-08-15_day1_013_h30,2020,30,M2b_mean_solar,2.2222222222222214,0.3509604666116646
2020_2020-08-15_day1_014_h30,2020,30,M2b_mean_solar,1.6666666666666714,0.8460472185869816
2020_2020-08-15_day1_015_h30,2020,30,M2b_mean_solar,1.6666666666666643,1.887847282911455
2020_2020-08-15_day1_016_h30,2020,30,M2b_mean_solar,2.7777777777777786,1.3545939998562706
2020_2020-08-15_day1_017_h30,2020,30,M2b_mean_solar,-1.6666666666666643,0.2499887471831106
2020_2020-08-15_day1_018_h30,2020,30,M2b_mean_solar,-2.2222222222222214,-1.0351295476548301
2020_2020-08-15_day1_019_h30,2020,30,M2b_mean_solar,3.8888888888888857,-0.16087418949729404
2020_2020-08-15_day1_020_h30,2020,30,M2b_mean_solar,-0.5555555555555571,0.7029592580569219
2020_2020-08-15_day1_021_h30,2020,30,M2b_mean_solar,-3.3333333333333286,-0.11877954951512582
2020_2020-08-15_day1_022_h30,2020,30,M2b_mean_solar,0.5555555555555571,-0.39592986448697687
2020_2020-08-15_day1_023_h30,2020,30,M2b_mean_solar,2.7777777777777786,0.10051474915866976
2020_2020-08-15_day1_024_h30,2020,30,M2b_mean_solar,3.3333333333333286,1.5940653609602755
2020_2020-08-15_day1_025_h30,2020,30,M2b_mean_solar,1.1111111111111072,1.9100950163091523
2020_2020-08-15_day1_026_h30,2020,30,M2b_mean_solar,-2.2222222222222214,-0.4017933178076656
2020_2020-08-15_day1_027_h30,2020,30,M2b_mean_solar,-2.2222222222222214,-1.4911144338103575
2020_2020-08-15_day1_028_h30,2020,30,M2b_mean_solar,1.1111111111111145,-0.9102391512270747
2020_2020-08-15_day1_000_h30,2020,30,M2c_both_solar,1.1111111111111107,1.4680999938348254
2020_2020-08-15_day1_001_h30,2020,30,M2c_both_solar,1.666666666666668,1.9335391393418775
2020_2020-08-15_day1_002_h30,2020,30,M2c_both_solar,2.2222222222222214,2.0219627319103646
2020_2020-08-15_day1_003_h30,2020,30,M2c_both_solar,2.2222222222222214,1.3576773399640285
2020_2020-08-15_day1_006_h30,2020,30,M2c_both_solar,2.2222222222222214,2.098386534769981
2020_2020-08-15_day1_007_h30,2020,30,M2c_both_solar,2.2222222222222214,1.77560532227034
2020_2020-08-15_day1_008_h30,2020,30,M2c_both_solar,2.2222222222222214,1.7911864253070175
2020_2020-08-15_day1_009_h30,2020,30,M2c_both_solar,2.7777777777777786,1.8095793377147935
2020_2020-08-15_day1_010_h30,2020,30,M2c_both_solar,5.0,2.551321100477847
2020_2020-08-15_day1_011_h30,2020,30,M2c_both_solar,4.444444444444443,2.150367100806699
2020_2020-08-15_day1_012_h30,2020,30,M2c_both_solar,2.2222222222222214,1.3266618618612733
2020_2020-08-15_day1_013_h30,2020,30,M2c_both_solar,2.2222222222222214,1.259522828388418
2020_2020-08-15_day1_014_h30,2020,30,M2c_both_solar,1.6666666666666714,1.5432849399328086
2020_2020-08-15_day1_015_h30,2020,30,M2c_both_solar,1.6666666666666643,2.1770719546673494
2020_2020-08-15_day1_016_h30,2020,30,M2c_both_solar,2.7777777777777786,1.6883100045330905
2020_2020-08-15_day1_017_h30,2020,30,M2c_both_solar,-1.6666666666666643,0.8037364879148876
2020_2020-08-15_day1_018_h30,2020,30,M2c_both_solar,-2.2222222222222214,-0.13720133840847548
2020_2020-08-15_day1_019_h30,2020,30,M2c_both_solar,3.8888888888888857,0.1663998005623195
2020_2020-08-15_day1_020_h30,2020,30,M2c_both_solar,-0.5555555555555571,0.7045784854342978
2020_2020-08-15_day1_021_h30,2020,30,M2c_both_solar,-3.3333333333333286,0.12009437643010201
2020_2020-08-15_day1_022_h30,2020,30,M2c_both_solar,0.5555555555555571,-0.31812365245945673
2020_2020-08-15_day1_023_h30,2020,30,M2c_both_solar,2.7777777777777786,-0.0815938448799941
2020_2020-08-15_day1_024_h30,2020,30,M2c_both_solar,3.3333333333333286,0.8855410306195985
2020_2020-08-15_day1_025_h30,2020,30,M2c_both_solar,1.1111111111111072,1.0947883890070733
2020_2020-08-15_day1_026_h30,2020,30,M2c_both_solar,-2.2222222222222214,-0.525229420600826
2020_2020-08-15_day1_027_h30,2020,30,M2c_both_solar,-2.2222222222222214,-1.3612917625718777
2020_2020-08-15_day1_028_h30,2020,30,M2c_both_solar,1.1111111111111145,-1.066737692526362
2020_2020-08-15_day1_000_h60,2020,60,M1_no_solar,3.333333333333332,6.201243465173899
2020_2020-08-15_day1_001_h60,2020,60,M1_no_solar,3.8888888888888897,5.503710969027694
2020_2020-08-15_day1_006_h60,2020,60,M1_no_solar,4.444444444444443,3.826248862967322
2020_2020-08-15_day1_007_h60,2020,60,M1_no_solar,5.0,3.1287163668211213
2020_2020-08-15_day1_008_h60,2020,60,M1_no_solar,7.222222222222221,4.345612339129133
2020_2020-08-15_day1_009_h60,2020,60,M1_no_solar,7.222222222222221,3.558995332990735
2020_2020-08-15_day1_010_h60,2020,60,M1_no_solar,7.222222222222221,3.380826313006341
2020_2020-08-15_day1_011_h60,2020,60,M1_no_solar,6.666666666666664,2.5051247968757417
2020_2020-08-15_day1_012_h60,2020,60,M1_no_solar,3.888888888888893,1.4512542607607495
2020_2020-08-15_day1_013_h60,2020,60,M1_no_solar,3.8888888888888857,2.668150233068764
2020_2020-08-15_day1_014_h60,2020,60,M1_no_solar,4.44444444444445,2.489981213084371
2020_2020-08-15_day1_015_h60,2020,60,M1_no_solar,0.0,2.311812193099976
2020_2020-08-15_day1_016_h60,2020,60,M1_no_solar,0.5555555555555571,0.21921470466136617
2020_2020-08-15_day1_017_h60,2020,60,M1_no_solar,2.2222222222222214,-0.4783177914848378
2020_2020-08-15_day1_018_h60,2020,60,M1_no_solar,-2.7777777777777786,-0.7455713214614303
2020_2020-08-15_day1_019_h60,2020,60,M1_no_solar,0.5555555555555571,-0.21106426150824698
2020_2020-08-15_day1_020_h60,2020,60,M1_no_solar,0.0,0.1301301946691682
2020_2020-08-15_day1_021_h60,2020,60,M1_no_solar,-0.55555555555555,-0.22620784529961924
2020_2020-08-15_day1_022_h60,2020,60,M1_no_solar,3.8888888888888857,1.7033642069459678
2020_2020-08-15_day1_023_h60,2020,60,M1_no_solar,3.8888888888888857,3.098429199238373
2020_2020-08-15_day1_024_h60,2020,60,M1_no_solar,1.1111111111111072,2.2227276831077782
2020_2020-08-15_day1_025_h60,2020,60,M1_no_solar,-1.1111111111111145,1.2579416569849822
2020_2020-08-15_day1_026_h60,2020,60,M1_no_solar,-1.1111111111111072,-0.8346558314536225
2020_2020-08-15_day1_000_h60,2020,60,M2a_delta_solar,3.333333333333332,6.064478616808465
2020_2020-08-15_day1_001_h60,2020,60,M2a_delta_solar,3.8888888888888897,5.524763617364553
2020_2020-08-15_day1_006_h60,2020,60,M2a_delta_solar,4.444444444444443,4.412369751594259
2020_2020-08-15_day1_007_h60,2020,60,M2a_delta_solar,5.0,3.8267237888984953
2020_2020-08-15_day1_008_h60,2020,60,M2a_delta_solar,7.222222222222221,4.774462114480464
2020_2020-08-15_day1_009_h60,2020,60,M2a_delta_solar,7.222222222222221,4.126519660564638
2020_2020-08-15_day1_010_h60,2020,60,M2a_delta_solar,7.222222222222221,3.96514437093219
2020_2020-08-15_day1_011_h60,2020,60,M2a_delta_solar,6.666666666666664,3.2456830049892673
2020_2020-08-15_day1_012_h60,2020,60,M2a_delta_solar,3.888888888888893,2.428876177558649
2020_2020-08-15_day1_013_h60,2020,60,M2a_delta_solar,3.8888888888888857,3.2919074492369638
2020_2020-08-15_day1_014_h60,2020,60,M2a_delta_solar,4.44444444444445,3.054475855570817
2020_2020-08-15_day1_015_h60,2020,60,M2a_delta_solar,0.0,2.801274470312038
2020_2020-08-15_day1_016_h60,2020,60,M2a_delta_solar,0.5555555555555571,0.9941564966097189
2020_2020-08-15_day1_017_h60,2020,60,M2a_delta_solar,2.2222222222222214,0.2659432571282121
2020_2020-08-15_day1_018_h60,2020,60,M2a_delta_solar,-2.7777777777777786,-0.03304765683775868
2020_2020-08-15_day1_019_h60,2020,60,M2a_delta_solar,0.5555555555555571,0.03159631531785401
2020_2020-08-15_day1_020_h60,2020,60,M2a_delta_solar,0.0,0.26425107710030016
2020_2020-08-15_day1_021_h60,2020,60,M2a_delta_solar,-0.55555555555555,-0.023944554484010894
2020_2020-08-15_day1_022_h60,2020,60,M2a_delta_solar,3.8888888888888857,1.1792370612835432
2020_2020-08-15_day1_023_h60,2020,60,M2a_delta_solar,3.8888888888888857,2.167016459774665
2020_2020-08-15_day1_024_h60,2020,60,M2a_delta_solar,1.1111111111111072,1.471307818942405
2020_2020-08-15_day1_025_h60,2020,60,M2a_delta_solar,-1.1111111111111145,0.7506963631647676
2020_2020-08-15_day1_026_h60,2020,60,M2a_delta_solar,-1.1111111111111072,-0.922395145645936
2020_2020-08-15_day1_000_h60,2020,60,M2b_mean_solar,3.333333333333332,4.106051776228884
2020_2020-08-15_day1_001_h60,2020,60,M2b_mean_solar,3.8888888888888897,3.555622855665498
2020_2020-08-15_day1_006_h60,2020,60,M2b_mean_solar,4.444444444444443,3.3747972769293773
2020_2020-08-15_day1_007_h60,2020,60,M2b_mean_solar,5.0,2.7980626268221096
2020_2020-08-15_day1_008_h60,2020,60,M2b_mean_solar,7.222222222222221,4.2539647977055735
2020_2020-08-15_day1_009_h60,2020,60,M2b_mean_solar,7.222222222222221,3.5522973371522206
2020_2020-08-15_day1_010_h60,2020,60,M2b_mean_solar,7.222222222222221,3.4831771447154902
2020_2020-08-15_day1_011_h60,2020,60,M2b_mean_solar,6.666666666666664,2.6480377204712817
2020_2020-08-15_day1_012_h60,2020,60,M2b_mean_solar,3.888888888888893,1.581604788407478
2020_2020-08-15_day1_013_h60,2020,60,M2b_mean_solar,3.8888888888888857,2.964507793940603
2020_2020-08-15_day1_014_h60,2020,60,M2b_mean_solar,4.44444444444445,2.821835449453233
2020_2020-08-15_day1_015_h60,2020,60,M2b_mean_solar,0.0,2.6547096282157057
2020_2020-08-15_day1_016_h60,2020,60,M2b_mean_solar,0.5555555555555571,0.4210232178037199
2020_2020-08-15_day1_017_h60,2020,60,M2b_mean_solar,2.2222222222222214,-0.33602431829192936
2020_2020-08-15_day1_018_h60,2020,60,M2b_mean_solar,-2.7777777777777786,-0.6892430447985993
2020_2020-08-15_day1_019_h60,2020,60,M2b_mean_solar,0.5555555555555571,-0.10380901316363378
2020_2020-08-15_day1_020_h60,2020,60,M2b_mean_solar,0.0,0.13838672562023913
2020_2020-08-15_day1_021_h60,2020,60,M2b_mean_solar,-0.55555555555555,-0.3923793783791574
2020_2020-08-15_day1_022_h60,2020,60,M2b_mean_solar,3.8888888888888857,1.632611235893167
2020_2020-08-15_day1_023_h60,2020,60,M2b_mean_solar,3.8888888888888857,2.998914758631833
2020_2020-08-15_day1_024_h60,2020,60,M2b_mean_solar,1.1111111111111072,1.882721360603231
2020_2020-08-15_day1_025_h60,2020,60,M2b_mean_solar,-1.1111111111111145,0.6483441730372768
2020_2020-08-15_day1_026_h60,2020,60,M2b_mean_solar,-1.1111111111111072,-1.77697620998984
2020_2020-08-15_day1_000_h60,2020,60,M2c_both_solar,3.333333333333332,4.131359740673135
2020_2020-08-15_day1_001_h60,2020,60,M2c_both_solar,3.8888888888888897,3.7106033838388943
2020_2020-08-15_day1_006_h60,2020,60,M2c_both_solar,4.444444444444443,3.9262058648373457
2020_2020-08-15_day1_007_h60,2020,60,M2c_both_solar,5.0,3.440249060372398
2020_2020-08-15_day1_008_h60,2020,60,M2c_both_solar,7.222222222222221,4.64071666100685
2020_2020-08-15_day1_009_h60,2020,60,M2c_both_solar,7.222222222222221,4.056093196493496
2020_2020-08-15_day1_010_h60,2020,60,M2c_both_solar,7.222222222222221,3.9942368285360224
2020_2020-08-15_day1_011_h60,2020,60,M2c_both_solar,6.666666666666664,3.294825841846857
2020_2020-08-15_day1_012_h60,2020,60,M2c_both_solar,3.888888888888893,2.43951948220343
2020_2020-08-15_day1_013_h60,2020,60,M2c_both_solar,3.8888888888888857,3.496970554493489
2020_2020-08-15_day1_014_h60,2020,60,M2c_both_solar,4.44444444444445,3.2992555600538496
2020_2020-08-15_day1_015_h60,2020,60,M2c_both_solar,0.0,3.064812171873163
2020_2020-08-15_day1_016_h60,2020,60,M2c_both_solar,0.5555555555555571,1.0941845535777608
2020_2020-08-15_day1_017_h60,2020,60,M2c_both_solar,2.2222222222222214,0.3140911296710851
2020_2020-08-15_day1_018_h60,2020,60,M2c_both_solar,-2.7777777777777786,-0.061259861405644433
2020_2020-08-15_day1_019_h60,2020,60,M2c_both_solar,0.5555555555555571,0.10389758365063417
2020_2020-08-15_day1_020_h60,2020,60,M2c_both_solar,0.0,0.25675842583909936
2020_2020-08-15_day1_021_h60,2020,60,M2c_both_solar,-0.55555555555555,-0.2013685190413277
2020_2020-08-15_day1_022_h60,2020,60,M2c_both_solar,3.8888888888888857,1.1727228696609178
2020_2020-08-15_day1_023_h60,2020,60,M2c_both_solar,3.8888888888888857,2.1798245332261383
2020_2020-08-15_day1_024_h60,2020,60,M2c_both_solar,1.1111111111111072,1.2400910158381035
2020_2020-08-15_day1_025_h60,2020,60,M2c_both_solar,-1.1111111111111145,0.24113140879192796
2020_2020-08-15_day1_026_h60,2020,60,M2c_both_solar,-1.1111111111111072,-1.7888557179725961
2020_2020-08-15_day1_004_h90,2020,90,M1_no_solar,7.222222222222221,6.105712153502021
2020_2020-08-15_day1_005_h90,2020,90,M1_no_solar,7.222222222222225,7.480512820428168
2020_2020-08-15_day1_006_h90,2020,90,M1_no_solar,9.444444444444445,7.3232849275511045
2020_2020-08-15_day1_007_h90,2020,90,M1_no_solar,9.444444444444445,5.707161910242061
2020_2020-08-15_day1_008_h90,2020,90,M1_no_solar,9.444444444444445,5.465839559859166
2020_2020-08-15_day1_009_h90,2020,90,M1_no_solar,9.444444444444445,4.537116876013198
2020_2020-08-15_day1_010_h90,2020,90,M1_no_solar,8.888888888888893,5.103856034284822
2020_2020-08-15_day1_011_h90,2020,90,M1_no_solar,8.333333333333329,5.67059519255645
2020_2020-08-15_day1_012_h90,2020,90,M1_no_solar,6.666666666666671,3.5718274744816165
2020_2020-08-15_day1_013_h90,2020,90,M1_no_solar,2.2222222222222214,3.3305051240987202
2020_2020-08-15_day1_014_h90,2020,90,M1_no_solar,2.2222222222222285,1.4730597564067764
2020_2020-08-15_day1_015_h90,2020,90,M1_no_solar,3.8888888888888857,2.0397989146784044
2020_2020-08-15_day1_016_h90,2020,90,M1_no_solar,0.0,1.2317374060238855
2020_2020-08-15_day1_017_h90,2020,90,M1_no_solar,-1.1111111111111072,-0.384385611285162
2020_2020-08-15_day1_018_h90,2020,90,M1_no_solar,-2.2222222222222214,-1.5544306455140315
2020_2020-08-15_day1_019_h90,2020,90,M1_no_solar,3.3333333333333357,-0.022402085710819364
2020_2020-08-15_day1_020_h90,2020,90,M1_no_solar,3.3333333333333286,2.72719924814148
2020_2020-08-15_day1_021_h90,2020,90,M1_no_solar,0.5555555555555571,3.0526160560302085
2020_2020-08-15_day1_022_h90,2020,90,M1_no_solar,1.6666666666666643,2.160460089869852
2020_2020-08-15_day1_023_h90,2020,90,M1_no_solar,1.6666666666666643,2.160460089869852
2020_2020-08-15_day1_024_h90,2020,90,M1_no_solar,2.2222222222222214,1.9191377394869606
2020_2020-08-15_day1_004_h90,2020,90,M2a_delta_solar,7.222222222222221,6.43125487409025
2020_2020-08-15_day1_005_h90,2020,90,M2a_delta_solar,7.222222222222225,7.696966298286245
2020_2020-08-15_day1_006_h90,2020,90,M2a_delta_solar,9.444444444444445,7.64299712112998
2020_2020-08-15_day1_007_h90,2020,90,M2a_delta_solar,9.444444444444445,6.1574490584124515
2020_2020-08-15_day1_008_h90,2020,90,M2a_delta_solar,9.444444444444445,5.93871514410263
2020_2020-08-15_day1_009_h90,2020,90,M2a_delta_solar,9.444444444444445,5.068988884956691
2020_2020-08-15_day1_010_h90,2020,90,M2a_delta_solar,8.888888888888893,5.543358632526865
2020_2020-08-15_day1_011_h90,2020,90,M2a_delta_solar,8.333333333333329,6.002670510904918
2020_2020-08-15_day1_012_h90,2020,90,M2a_delta_solar,6.666666666666671,4.1273160956818495
2020_2020-08-15_day1_013_h90,2020,90,M2a_delta_solar,2.2222222222222214,3.838080943953069
2020_2020-08-15_day1_014_h90,2020,90,M2a_delta_solar,2.2222222222222285,2.0989649999562796
2020_2020-08-15_day1_015_h90,2020,90,M2a_delta_solar,3.8888888888888857,2.511053038811716
2020_2020-08-15_day1_016_h90,2020,90,M2a_delta_solar,0.0,1.6441418357216913
2020_2020-08-15_day1_017_h90,2020,90,M2a_delta_solar,-1.1111111111111072,0.06169607922966325
2020_2020-08-15_day1_018_h90,2020,90,M2a_delta_solar,-2.2222222222222214,-1.0346911894383846
2020_2020-08-15_day1_019_h90,2020,90,M2a_delta_solar,3.3333333333333357,0.0462965885079889
2020_2020-08-15_day1_020_h90,2020,90,M2a_delta_solar,3.3333333333333286,2.4931683542127776
2020_2020-08-15_day1_021_h90,2020,90,M2a_delta_solar,0.5555555555555571,2.79723929810267
2020_2020-08-15_day1_022_h90,2020,90,M2a_delta_solar,1.6666666666666643,1.7647701921013912
2020_2020-08-15_day1_023_h90,2020,90,M2a_delta_solar,1.6666666666666643,1.7002295917424202
2020_2020-08-15_day1_024_h90,2020,90,M2a_delta_solar,2.2222222222222214,1.4859118879817204
2020_2020-08-15_day1_004_h90,2020,90,M2b_mean_solar,7.222222222222221,3.9971352862670626
2020_2020-08-15_day1_005_h90,2020,90,M2b_mean_solar,7.222222222222225,5.690998209452347
2020_2020-08-15_day1_006_h90,2020,90,M2b_mean_solar,9.444444444444445,6.7352697673848825
2020_2020-08-15_day1_007_h90,2020,90,M2b_mean_solar,9.444444444444445,5.2719014577278305
2020_2020-08-15_day1_008_h90,2020,90,M2b_mean_solar,9.444444444444445,5.213785361303863
2020_2020-08-15_day1_009_h90,2020,90,M2b_mean_solar,9.444444444444445,4.42757247032819
2020_2020-08-15_day1_010_h90,2020,90,M2b_mean_solar,8.888888888888893,5.175880016609195
2020_2020-08-15_day1_011_h90,2020,90,M2b_mean_solar,8.333333333333329,5.899633272213189
2020_2020-08-15_day1_012_h90,2020,90,M2b_mean_solar,6.666666666666671,3.787632142324582
2020_2020-08-15_day1_013_h90,2020,90,M2b_mean_solar,2.2222222222222214,3.6080133762470545
2020_2020-08-15_day1_014_h90,2020,90,M2b_mean_solar,2.2222222222222285,1.7051394372730195
2020_2020-08-15_day1_015_h90,2020,90,M2b_mean_solar,3.8888888888888857,2.3062992804223024
2020_2020-08-15_day1_016_h90,2020,90,M2b_mean_solar,0.0,1.4538110238659145
2020_2020-08-15_day1_017_h90,2020,90,M2b_mean_solar,-1.1111111111111072,-0.2776783920468562
2020_2020-08-15_day1_018_h90,2020,90,M2b_mean_solar,-2.2222222222222214,-1.6028366340954427
2020_2020-08-15_day1_019_h90,2020,90,M2b_mean_solar,3.3333333333333357,-0.04780168826211728
2020_2020-08-15_day1_020_h90,2020,90,M2b_mean_solar,3.3333333333333286,2.659394937487084
2020_2020-08-15_day1_021_h90,2020,90,M2b_mean_solar,0.5555555555555571,2.8031446989058653
2020_2020-08-15_day1_022_h90,2020,90,M2b_mean_solar,1.6666666666666643,1.7423110806245026
2020_2020-08-15_day1_023_h90,2020,90,M2b_mean_solar,1.6666666666666643,1.5394808625784577
2020_2020-08-15_day1_024_h90,2020,90,M2b_mean_solar,2.2222222222222214,1.0487710412169822
2020_2020-08-15_day1_004_h90,2020,90,M2c_both_solar,7.222222222222221,4.351579908716182
2020_2020-08-15_day1_005_h90,2020,90,M2c_both_solar,7.222222222222225,5.938220944872249
2020_2020-08-15_day1_006_h90,2020,90,M2c_both_solar,9.444444444444445,7.039162640706026
2020_2020-08-15_day1_007_h90,2020,90,M2c_both_solar,9.444444444444445,5.6881954798978285
2020_2020-08-15_day1_008_h90,2020,90,M2c_both_solar,9.444444444444445,5.644850106696795
2020_2020-08-15_day1_009_h90,2020,90,M2c_both_solar,9.444444444444445,4.907231475052395
2020_2020-08-15_day1_010_h90,2020,90,M2c_both_solar,8.888888888888893,5.567391773550259
2020_2020-08-15_day1_011_h90,2020,90,M2c_both_solar,8.333333333333329,6.190242558662194
2020_2020-08-15_day1_012_h90,2020,90,M2c_both_solar,6.666666666666671,4.2787453862598195
2020_2020-08-15_day1_013_h90,2020,90,M2c_both_solar,2.2222222222222214,4.054372075626797
2020_2020-08-15_day1_014_h90,2020,90,M2c_both_solar,2.2222222222222285,2.2588390967245955
2020_2020-08-15_day1_015_h90,2020,90,M2c_both_solar,3.8888888888888857,2.720453091428851
2020_2020-08-15_day1_016_h90,2020,90,M2c_both_solar,0.0,1.8165780515568573
2020_2020-08-15_day1_017_h90,2020,90,M2c_both_solar,-1.1111111111111072,0.11869226334610561
2020_2020-08-15_day1_018_h90,2020,90,M2c_both_solar,-2.2222222222222214,-1.135867251632649
2020_2020-08-15_day1_019_h90,2020,90,M2c_both_solar,3.3333333333333357,0.01448833527042992
2020_2020-08-15_day1_020_h90,2020,90,M2c_both_solar,3.3333333333333286,2.451796702808374
2020_2020-08-15_day1_021_h90,2020,90,M2c_both_solar,0.5555555555555571,2.581842817343213
2020_2020-08-15_day1_022_h90,2020,90,M2c_both_solar,1.6666666666666643,1.4003603159762612
2020_2020-08-15_day1_023_h90,2020,90,M2c_both_solar,1.6666666666666643,1.1457681754640512
2020_2020-08-15_day1_024_h90,2020,90,M2c_both_solar,2.2222222222222214,0.6866806721123193
2020_2020-08-15_day1_002_h120,2020,120,M1_no_solar,9.444444444444445,9.376276386553805
2020_2020-08-15_day1_003_h120,2020,120,M1_no_solar,9.444444444444446,9.376276386553805
2020_2020-08-15_day1_004_h120,2020,120,M1_no_solar,9.444444444444445,8.352710222861612
2020_2020-08-15_day1_005_h120,2020,120,M1_no_solar,9.444444444444446,9.025590474534543
2020_2020-08-15_day1_006_h120,2020,120,M1_no_solar,11.666666666666664,8.090428042483188
2020_2020-08-15_day1_007_h120,2020,120,M1_no_solar,11.666666666666664,6.2770863231116465
2020_2020-08-15_day1_008_h120,2020,120,M1_no_solar,11.111111111111114,6.949966574784576
2020_2020-08-15_day1_009_h120,2020,120,M1_no_solar,11.111111111111107,7.739742130463936
2020_2020-08-15_day1_010_h120,2020,120,M1_no_solar,11.666666666666671,7.505951522451098
2020_2020-08-15_day1_011_h120,2020,120,M1_no_solar,6.666666666666664,6.3654900547524855
2020_2020-08-15_day1_012_h120,2020,120,M1_no_solar,4.44444444444445,2.2712253999837206
2020_2020-08-15_day1_013_h120,2020,120,M1_no_solar,6.111111111111107,2.9441056516566553
2020_2020-08-15_day1_014_h120,2020,120,M1_no_solar,1.6666666666666714,2.7103150436438175
2020_2020-08-15_day1_015_h120,2020,120,M1_no_solar,0.5555555555555571,2.4765244356309783
2020_2020-08-15_day1_016_h120,2020,120,M1_no_solar,0.5555555555555571,0.6631827162594366
2020_2020-08-15_day1_017_h120,2020,120,M1_no_solar,1.6666666666666714,-0.24348814342633585
2020_2020-08-15_day1_018_h120,2020,120,M1_no_solar,1.1111111111111072,1.2191676639259468
2020_2020-08-15_day1_019_h120,2020,120,M1_no_solar,4.444444444444443,3.733881207336004
2020_2020-08-15_day1_020_h120,2020,120,M1_no_solar,1.1111111111111072,3.2662999913103326
2020_2020-08-15_day1_021_h120,2020,120,M1_no_solar,-1.6666666666666643,1.8920479155988819
2020_2020-08-15_day1_022_h120,2020,120,M1_no_solar,2.7777777777777786,1.6867488799516295
2020_2020-08-15_day1_002_h120,2020,120,M2a_delta_solar,9.444444444444445,9.575625183885581
2020_2020-08-15_day1_003_h120,2020,120,M2a_delta_solar,9.444444444444446,9.565624592151494
2020_2020-08-15_day1_004_h120,2020,120,M2a_delta_solar,9.444444444444445,8.642143071296125
2020_2020-08-15_day1_005_h120,2020,120,M2a_delta_solar,9.444444444444446,9.318397942378372
2020_2020-08-15_day1_006_h120,2020,120,M2a_delta_solar,11.666666666666664,8.557502705182522
2020_2020-08-15_day1_007_h120,2020,120,M2a_delta_solar,11.666666666666664,6.815584809685451
2020_2020-08-15_day1_008_h120,2020,120,M2a_delta_solar,11.111111111111114,7.429986794667726
2020_2020-08-15_day1_009_h120,2020,120,M2a_delta_solar,11.111111111111107,8.101475267732997
2020_2020-08-15_day1_010_h120,2020,120,M2a_delta_solar,11.666666666666671,7.8475422246549105
2020_2020-08-15_day1_011_h120,2020,120,M2a_delta_solar,6.666666666666664,6.740630610564075
2020_2020-08-15_day1_012_h120,2020,120,M2a_delta_solar,4.44444444444445,2.9626823098916066
2020_2020-08-15_day1_013_h120,2020,120,M2a_delta_solar,6.111111111111107,3.508159878729929
2020_2020-08-15_day1_014_h120,2020,120,M2a_delta_solar,1.6666666666666714,3.209555523878345
2020_2020-08-15_day1_015_h120,2020,120,M2a_delta_solar,0.5555555555555571,2.909499441642872
2020_2020-08-15_day1_016_h120,2020,120,M2a_delta_solar,0.5555555555555571,1.0809005786947656
2020_2020-08-15_day1_017_h120,2020,120,M2a_delta_solar,1.6666666666666714,0.09812188416935896
2020_2020-08-15_day1_018_h120,2020,120,M2a_delta_solar,1.1111111111111072,1.4248192294104371
2020_2020-08-15_day1_019_h120,2020,120,M2a_delta_solar,4.444444444444443,3.4134335460143044
2020_2020-08-15_day1_020_h120,2020,120,M2a_delta_solar,1.1111111111111072,3.021787123890295
2020_2020-08-15_day1_021_h120,2020,120,M2a_delta_solar,-1.6666666666666643,1.807564461494473
2020_2020-08-15_day1_022_h120,2020,120,M2a_delta_solar,2.7777777777777786,1.3275001402904634
2020_2020-08-15_day1_002_h120,2020,120,M2b_mean_solar,9.444444444444445,6.829542511547389
2020_2020-08-15_day1_003_h120,2020,120,M2b_mean_solar,9.444444444444446,7.152308132325233
2020_2020-08-15_day1_004_h120,2020,120,M2b_mean_solar,9.444444444444445,6.378832000484895
2020_2020-08-15_day1_005_h120,2020,120,M2b_mean_solar,9.444444444444446,7.36590631156418
2020_2020-08-15_day1_006_h120,2020,120,M2b_mean_solar,11.666666666666664,7.674162334739449
2020_2020-08-15_day1_007_h120,2020,120,M2b_mean_solar,11.666666666666664,6.007465908398382
2020_2020-08-15_day1_008_h120,2020,120,M2b_mean_solar,11.111111111111114,6.8967901975722405
2020_2020-08-15_day1_009_h120,2020,120,M2b_mean_solar,11.111111111111107,7.899360437803036
2020_2020-08-15_day1_010_h120,2020,120,M2b_mean_solar,11.666666666666671,7.780306918466257
2020_2020-08-15_day1_011_h120,2020,120,M2b_mean_solar,6.666666666666664,6.6768625112062185
2020_2020-08-15_day1_012_h120,2020,120,M2b_mean_solar,4.44444444444445,2.403018379514693
2020_2020-08-15_day1_013_h120,2020,120,M2b_mean_solar,6.111111111111107,3.137860429489959
2020_2020-08-15_day1_014_h120,2020,120,M2b_mean_solar,1.6666666666666714,2.8858951788110696
2020_2020-08-15_day1_015_h120,2020,120,M2b_mean_solar,0.5555555555555571,2.5997916685441913
2020_2020-08-15_day1_016_h120,2020,120,M2b_mean_solar,0.5555555555555571,0.6533142570476604
2020_2020-08-15_day1_017_h120,2020,120,M2b_mean_solar,1.6666666666666714,-0.37454859897525417
2020_2020-08-15_day1_018_h120,2020,120,M2b_mean_solar,1.1111111111111072,1.0032414600234993
2020_2020-08-15_day1_019_h120,2020,120,M2b_mean_solar,4.444444444444443,3.604480545865907
2020_2020-08-15_day1_020_h120,2020,120,M2b_mean_solar,1.1111111111111072,2.873756813358943
2020_2020-08-15_day1_021_h120,2020,120,M2b_mean_solar,-1.6666666666666643,1.162128206337064
2020_2020-08-15_day1_022_h120,2020,120,M2b_mean_solar,2.7777777777777786,0.8212358884688431
2020_2020-08-15_day1_002_h120,2020,120,M2c_both_solar,9.444444444444445,6.962562296008894
2020_2020-08-15_day1_003_h120,2020,120,M2c_both_solar,9.444444444444446,7.285384728848749
2020_2020-08-15_day1_004_h120,2020,120,M2c_both_solar,9.444444444444445,6.631449842672646
2020_2020-08-15_day1_005_h120,2020,120,M2c_both_solar,9.444444444444446,7.6331070859683425
2020_2020-08-15_day1_006_h120,2020,120,M2c_both_solar,11.666666666666664,8.177392064272162
2020_2020-08-15_day1_007_h120,2020,120,M2c_both_solar,11.666666666666664,6.5949059450250065
2020_2020-08-15_day1_008_h120,2020,120,M2c_both_solar,11.111111111111114,7.426896482593458
2020_2020-08-15_day1_009_h120,2020,120,M2c_both_solar,11.111111111111107,8.305729006038023
2020_2020-08-15_day1_010_h120,2020,120,M2c_both_solar,11.666666666666671,8.168314095761003
2020_2020-08-15_day1_011_h120,2020,120,M2c_both_solar,6.666666666666664,7.103325966206915
2020_2020-08-15_day1_012_h120,2020,120,M2c_both_solar,4.44444444444445,3.1738149120313635
2020_2020-08-15_day1_013_h120,2020,120,M2c_both_solar,6.111111111111107,3.769612194301926
2020_2020-08-15_day1_014_h120,2020,120,M2c_both_solar,1.6666666666666714,3.445195401439717
2020_2020-08-15_day1_015_h120,2020,120,M2c_both_solar,0.5555555555555571,3.083853434469807
2020_2020-08-15_day1_016_h120,2020,120,M2c_both_solar,0.5555555555555571,1.115873886423894
2020_2020-08-15_day1_017_h120,2020,120,M2c_both_solar,1.6666666666666714,-0.0005115018481243183
2020_2020-08-15_day1_018_h120,2020,120,M2c_both_solar,1.1111111111111072,1.2236853425017116
2020_2020-08-15_day1_019_h120,2020,120,M2c_both_solar,4.444444444444443,3.2449059414445625
2020_2020-08-15_day1_020_h120,2020,120,M2c_both_solar,1.1111111111111072,2.589249035367879
2020_2020-08-15_day1_021_h120,2020,120,M2c_both_solar,-1.6666666666666643,1.0433160216528137
2020_2020-08-15_day1_022_h120,2020,120,M2c_both_solar,2.7777777777777786,0.39325898077449706
2021_2021-05-22_day1_001_h15,2021,15,M1_no_solar,0.5555555555555536,1.2027871108801973
2021_2021-05-22_day1_002_h15,2021,15,M1_no_solar,0.5555555555555571,1.2027871108802002
2021_2021-05-22_day1_003_h15,2021,15,M1_no_solar,0.0,0.7745460321005392
2021_2021-05-22_day1_004_h15,2021,15,M1_no_solar,1.1111111111111107,1.2027871108801973
2021_2021-05-22_day1_005_h15,2021,15,M1_no_solar,0.5555555555555536,1.1812416356112116
2021_2021-05-22_day1_007_h15,2021,15,M1_no_solar,1.6666666666666643,1.0950597345352577
2021_2021-05-22_day1_008_h15,2021,15,M1_no_solar,0.0,1.4802098627769391
2021_2021-05-22_day1_009_h15,2021,15,M1_no_solar,0.5555555555555571,0.6668186557555971
2021_2021-05-22_day1_010_h15,2021,15,M1_no_solar,1.1111111111111145,1.0735142592662665
2021_2021-05-22_day1_011_h15,2021,15,M1_no_solar,0.55555555555555,0.6237277052176198
2021_2021-05-22_day1_012_h15,2021,15,M1_no_solar,1.6666666666666714,1.0304233087282924
2021_2021-05-22_day1_013_h15,2021,15,M1_no_solar,0.0,0.5590912794106546
2021_2021-05-22_day1_014_h15,2021,15,M1_no_solar,0.0,0.5590912794106546
2021_2021-05-22_day1_015_h15,2021,15,M1_no_solar,-0.5555555555555571,0.13085020063099362
2021_2021-05-22_day1_016_h15,2021,15,M1_no_solar,0.0,0.9873323581903155
2021_2021-05-22_day1_017_h15,2021,15,M1_no_solar,0.5555555555555571,0.580636754679643
2021_2021-05-22_day1_018_h15,2021,15,M1_no_solar,1.1111111111111072,0.5590912794106546
2021_2021-05-22_day1_019_h15,2021,15,M1_no_solar,3.3333333333333357,1.3724824864319969
2021_2021-05-22_day1_020_h15,2021,15,M1_no_solar,1.6666666666666643,0.858059506576382
2021_2021-05-22_day1_021_h15,2021,15,M1_no_solar,1.1111111111111145,0.8149685560384079
2021_2021-05-22_day1_022_h15,2021,15,M1_no_solar,0.5555555555555571,-0.06305907678990252
2021_2021-05-22_day1_023_h15,2021,15,M1_no_solar,1.1111111111111072,0.3220910514517813
2021_2021-05-22_day1_024_h15,2021,15,M1_no_solar,1.1111111111111145,0.7072411796934654
2021_2021-05-22_day1_025_h15,2021,15,M1_no_solar,0.0,0.6856957044244769
2021_2021-05-22_day1_026_h15,2021,15,M1_no_solar,-0.5555555555555571,-0.14924097786585644
2021_2021-05-22_day1_027_h15,2021,15,M1_no_solar,-0.5555555555555571,0.27900010091380456
2021_2021-05-22_day1_028_h15,2021,15,M1_no_solar,-1.6666666666666643,0.3005455761827931
2021_2021-05-22_day1_029_h15,2021,15,M1_no_solar,0.0,0.7934230807694194
2021_2021-05-22_day1_030_h15,2021,15,M1_no_solar,-0.5555555555555571,0.3867274772587469
2021_2021-05-22_day1_001_h15,2021,15,M2a_delta_solar,0.5555555555555536,1.1058259197635425
2021_2021-05-22_day1_002_h15,2021,15,M2a_delta_solar,0.5555555555555571,1.1054226996525665
2021_2021-05-22_day1_003_h15,2021,15,M2a_delta_solar,0.0,0.8802450450810053
2021_2021-05-22_day1_004_h15,2021,15,M2a_delta_solar,1.1111111111111107,1.0992315525259126
2021_2021-05-22_day1_005_h15,2021,15,M2a_delta_solar,0.5555555555555536,1.109108497610628
2021_2021-05-22_day1_007_h15,2021,15,M2a_delta_solar,1.6666666666666643,1.049500375759106
2021_2021-05-22_day1_008_h15,2021,15,M2a_delta_solar,0.0,1.2571345353618928
2021_2021-05-22_day1_009_h15,2021,15,M2a_delta_solar,0.5555555555555571,0.7164789493662975
2021_2021-05-22_day1_010_h15,2021,15,M2a_delta_solar,1.1111111111111145,0.8758094415770143
2021_2021-05-22_day1_011_h15,2021,15,M2a_delta_solar,0.55555555555555,0.5677184223517948
2021_2021-05-22_day1_012_h15,2021,15,M2a_delta_solar,1.6666666666666714,0.6825054389343803
2021_2021-05-22_day1_013_h15,2021,15,M2a_delta_solar,0.0,0.3457738968882722
2021_2021-05-22_day1_014_h15,2021,15,M2a_delta_solar,0.0,0.18485687480644353
2021_2021-05-22_day1_015_h15,2021,15,M2a_delta_solar,-0.5555555555555571,-0.2024281649771929
2021_2021-05-22_day1_016_h15,2021,15,M2a_delta_solar,0.0,0.0888102252587058
2021_2021-05-22_day1_017_h15,2021,15,M2a_delta_solar,0.5555555555555571,-0.2865169897882285
2021_2021-05-22_day1_018_h15,2021,15,M2a_delta_solar,1.1111111111111072,-0.38334986560166506
2021_2021-05-22_day1_019_h15,2021,15,M2a_delta_solar,3.3333333333333357,0.004761508552689919
2021_2021-05-22_day1_020_h15,2021,15,M2a_delta_solar,1.6666666666666643,-0.22414920142464895
2021_2021-05-22_day1_021_h15,2021,15,M2a_delta_solar,1.1111111111111145,-0.2463901134223026
2021_2021-05-22_day1_022_h15,2021,15,M2a_delta_solar,0.5555555555555571,-0.7183495716068623
2021_2021-05-22_day1_023_h15,2021,15,M2a_delta_solar,1.1111111111111072,-0.49514725738909193
2021_2021-05-22_day1_024_h15,2021,15,M2a_delta_solar,1.1111111111111145,-0.2644018236866039
2021_2021-05-22_day1_025_h15,2021,15,M2a_delta_solar,0.0,-0.2670743297020549
2021_2021-05-22_day1_026_h15,2021,15,M2a_delta_solar,-0.5555555555555571,-0.7436975754967454
2021_2021-05-22_day1_027_h15,2021,15,M2a_delta_solar,-0.5555555555555571,-0.5312484819110329
2021_2021-05-22_day1_028_h15,2021,15,M2a_delta_solar,-1.6666666666666643,-0.5550881812735601
2021_2021-05-22_day1_029_h15,2021,15,M2a_delta_solar,0.0,-0.38583076089707136
2021_2021-05-22_day1_030_h15,2021,15,M2a_delta_solar,-0.5555555555555571,-0.6281411088717197
2021_2021-05-22_day1_001_h15,2021,15,M2b_mean_solar,0.5555555555555536,1.085714660980601
2021_2021-05-22_day1_002_h15,2021,15,M2b_mean_solar,0.5555555555555571,1.1343203272830156
2021_2021-05-22_day1_003_h15,2021,15,M2b_mean_solar,0.0,0.718899490576205
2021_2021-05-22_day1_004_h15,2021,15,M2b_mean_solar,1.1111111111111107,1.2312289643283747
2021_2021-05-22_day1_005_h15,2021,15,M2b_mean_solar,0.5555555555555536,1.2471078744705495
2021_2021-05-22_day1_007_h15,2021,15,M2b_mean_solar,1.6666666666666643,1.3908170128856665
2021_2021-05-22_day1_008_h15,2021,15,M2b_mean_solar,0.0,1.8302758904351268
2021_2021-05-22_day1_009_h15,2021,15,M2b_mean_solar,0.5555555555555571,1.0037429319209084
2021_2021-05-22_day1_010_h15,2021,15,M2b_mean_solar,1.1111111111111145,1.4686249261597695
2021_2021-05-22_day1_011_h15,2021,15,M2b_mean_solar,0.55555555555555,1.0007088125992567
2021_2021-05-22_day1_012_h15,2021,15,M2b_mean_solar,1.6666666666666714,1.454628891545103
2021_2021-05-22_day1_013_h15,2021,15,M2b_mean_solar,0.0,0.9411311085063826
2021_2021-05-22_day1_014_h15,2021,15,M2b_mean_solar,0.0,0.9477442982726395
2021_2021-05-22_day1_015_h15,2021,15,M2b_mean_solar,-0.5555555555555571,0.48164058957622335
2021_2021-05-22_day1_016_h15,2021,15,M2b_mean_solar,0.0,1.3988168349775214
2021_2021-05-22_day1_017_h15,2021,15,M2b_mean_solar,0.5555555555555571,0.9484923077829529
2021_2021-05-22_day1_018_h15,2021,15,M2b_mean_solar,1.1111111111111072,0.890993364795109
2021_2021-05-22_day1_019_h15,2021,15,M2b_mean_solar,3.3333333333333357,1.723718380891976
2021_2021-05-22_day1_020_h15,2021,15,M2b_mean_solar,1.6666666666666643,1.0958030714417957
2021_2021-05-22_day1_021_h15,2021,15,M2b_mean_solar,1.1111111111111145,0.9928908059802768
2021_2021-05-22_day1_022_h15,2021,15,M2b_mean_solar,0.5555555555555571,-0.008333159094435438
2021_2021-05-22_day1_023_h15,2021,15,M2b_mean_solar,1.1111111111111072,0.34810394085003493
2021_2021-05-22_day1_024_h15,2021,15,M2b_mean_solar,1.1111111111111145,0.703004234785087
2021_2021-05-22_day1_025_h15,2021,15,M2b_mean_solar,0.0,0.6249817102306318
2021_2021-05-22_day1_026_h15,2021,15,M2b_mean_solar,-0.5555555555555571,-0.31742873330351684
2021_2021-05-22_day1_027_h15,2021,15,M2b_mean_solar,-0.5555555555555571,0.09915438031488621
2021_2021-05-22_day1_028_h15,2021,15,M2b_mean_solar,-1.6666666666666643,0.08349943016324335
2021_2021-05-22_day1_029_h15,2021,15,M2b_mean_solar,0.0,0.5958823467379564
2021_2021-05-22_day1_030_h15,2021,15,M2b_mean_solar,-0.5555555555555571,0.11570521730455907
2021_2021-05-22_day1_001_h15,2021,15,M2c_both_solar,0.5555555555555536,1.038748284398984
2021_2021-05-22_day1_002_h15,2021,15,M2c_both_solar,0.5555555555555571,1.0682719557458955
2021_2021-05-22_day1_003_h15,2021,15,M2c_both_solar,0.0,0.840604919035918
2021_2021-05-22_day1_004_h15,2021,15,M2c_both_solar,1.1111111111111107,1.1220235310076534
2021_2021-05-22_day1_005_h15,2021,15,M2c_both_solar,0.5555555555555536,1.1533212691895858
2021_2021-05-22_day1_007_h15,2021,15,M2c_both_solar,1.6666666666666643,1.233803366255025
2021_2021-05-22_day1_008_h15,2021,15,M2c_both_solar,0.0,1.4839247052053497
2021_2021-05-22_day1_009_h15,2021,15,M2c_both_solar,0.5555555555555571,0.9212451714634126
2021_2021-05-22_day1_010_h15,2021,15,M2c_both_solar,1.1111111111111145,1.1290183045381803
2021_2021-05-22_day1_011_h15,2021,15,M2c_both_solar,0.55555555555555,0.8025311680303667
2021_2021-05-22_day1_012_h15,2021,15,M2c_both_solar,1.6666666666666714,0.9612925108349512
2021_2021-05-22_day1_013_h15,2021,15,M2c_both_solar,0.0,0.5917383570531239
2021_2021-05-22_day1_014_h15,2021,15,M2c_both_solar,0.0,0.4431139211238724
2021_2021-05-22_day1_015_h15,2021,15,M2c_both_solar,-0.5555555555555571,0.030439572687768313
2021_2021-05-22_day1_016_h15,2021,15,M2c_both_solar,0.0,0.3879086046711555
2021_2021-05-22_day1_017_h15,2021,15,M2c_both_solar,0.5555555555555571,-0.015865854028592474
2021_2021-05-22_day1_018_h15,2021,15,M2c_both_solar,1.1111111111111072,-0.1309727895469962
2021_2021-05-22_day1_019_h15,2021,15,M2c_both_solar,3.3333333333333357,0.2907681136944201
2021_2021-05-22_day1_020_h15,2021,15,M2c_both_solar,1.6666666666666643,-0.022563586713935324
2021_2021-05-22_day1_021_h15,2021,15,M2c_both_solar,1.1111111111111145,-0.08267712452234044
2021_2021-05-22_day1_022_h15,2021,15,M2c_both_solar,0.5555555555555571,-0.6511892488259448
2021_2021-05-22_day1_023_h15,2021,15,M2c_both_solar,1.1111111111111072,-0.437377324316536
2021_2021-05-22_day1_024_h15,2021,15,M2c_both_solar,1.1111111111111145,-0.21735334030558295
2021_2021-05-22_day1_025_h15,2021,15,M2c_both_solar,0.0,-0.2557397619537267
2021_2021-05-22_day1_026_h15,2021,15,M2c_both_solar,-0.5555555555555571,-0.8168013428648925
2021_2021-05-22_day1_027_h15,2021,15,M2c_both_solar,-0.5555555555555571,-0.6004972490810037
2021_2021-05-22_day1_028_h15,2021,15,M2c_both_solar,-1.6666666666666643,-0.6449063818679419
2021_2021-05-22_day1_029_h15,2021,15,M2c_both_solar,0.0,-0.44710912663548397
2021_2021-05-22_day1_030_h15,2021,15,M2c_both_solar,-0.5555555555555571,-0.743032315599914
2021_2021-05-22_day1_000_h30,2021,30,M1_no_solar,1.1111111111111145,2.1795084104303695
2021_2021-05-22_day1_001_h30,2021,30,M1_no_solar,1.1111111111111107,2.6558714551804363
2021_2021-05-22_day1_002_h30,2021,30,M1_no_solar,0.5555555555555571,2.1328859670369114
2021_2021-05-22_day1_003_h30,2021,30,M1_no_solar,1.1111111111111107,2.1328859670369082
2021_2021-05-22_day1_004_h30,2021,30,M1_no_solar,1.6666666666666643,2.6558714551804363
2021_2021-05-22_day1_007_h30,2021,30,M1_no_solar,1.6666666666666643,2.9457447263566756
2021_2021-05-22_day1_008_h30,2021,30,M1_no_solar,0.5555555555555571,2.3295143514262318
2021_2021-05-22_day1_009_h30,2021,30,M1_no_solar,1.6666666666666714,1.8997737500696195
2021_2021-05-22_day1_010_h30,2021,30,M1_no_solar,1.6666666666666643,1.8531513066761616
2021_2021-05-22_day1_011_h30,2021,30,M1_no_solar,2.2222222222222214,1.8065288632827066
2021_2021-05-22_day1_012_h30,2021,30,M1_no_solar,1.6666666666666714,1.7599064198892491
2021_2021-05-22_day1_013_h30,2021,30,M1_no_solar,0.0,1.1436760449588055
2021_2021-05-22_day1_014_h30,2021,30,M1_no_solar,-0.5555555555555571,0.6206905568152774
2021_2021-05-22_day1_015_h30,2021,30,M1_no_solar,-0.5555555555555571,1.1436760449588055
2021_2021-05-22_day1_016_h30,2021,30,M1_no_solar,0.5555555555555571,1.6666615331023336
2021_2021-05-22_day1_017_h30,2021,30,M1_no_solar,1.6666666666666643,1.1902984883522634
2021_2021-05-22_day1_018_h30,2021,30,M1_no_solar,4.444444444444443,2.1896470212458583
2021_2021-05-22_day1_019_h30,2021,30,M1_no_solar,5.0,2.619387622602468
2021_2021-05-22_day1_020_h30,2021,30,M1_no_solar,2.7777777777777786,1.9099123608851114
2021_2021-05-22_day1_021_h30,2021,30,M1_no_solar,1.6666666666666714,0.770696497811143
2021_2021-05-22_day1_022_h30,2021,30,M1_no_solar,1.6666666666666643,0.20108856627415728
2021_2021-05-22_day1_023_h30,2021,30,M1_no_solar,2.2222222222222214,1.1538146557742974
2021_2021-05-22_day1_024_h30,2021,30,M1_no_solar,1.1111111111111145,1.5835552571309104
2021_2021-05-22_day1_025_h30,2021,30,M1_no_solar,-0.5555555555555571,0.4909618374503961
2021_2021-05-22_day1_026_h30,2021,30,M1_no_solar,-1.1111111111111145,0.014598792700326158
2021_2021-05-22_day1_027_h30,2021,30,M1_no_solar,-2.2222222222222214,0.537584280843854
2021_2021-05-22_day1_028_h30,2021,30,M1_no_solar,-1.6666666666666643,1.10719221238084
2021_2021-05-22_day1_029_h30,2021,30,M1_no_solar,-0.5555555555555571,1.2470595425612134
2021_2021-05-22_day1_000_h30,2021,30,M2a_delta_solar,1.1111111111111145,2.0951544233609996
2021_2021-05-22_day1_001_h30,2021,30,M2a_delta_solar,1.1111111111111107,2.3275964247046588
2021_2021-05-22_day1_002_h30,2021,30,M2a_delta_solar,0.5555555555555571,2.122628217784639
2021_2021-05-22_day1_003_h30,2021,30,M2a_delta_solar,1.1111111111111107,2.116613497848345
2021_2021-05-22_day1_004_h30,2021,30,M2a_delta_solar,1.6666666666666643,2.3090119156652893
2021_2021-05-22_day1_007_h30,2021,30,M2a_delta_solar,1.6666666666666643,2.3449291511894703
2021_2021-05-22_day1_008_h30,2021,30,M2a_delta_solar,0.5555555555555571,2.0867640446039326
2021_2021-05-22_day1_009_h30,2021,30,M2a_delta_solar,1.6666666666666714,1.6950666852882323
2021_2021-05-22_day1_010_h30,2021,30,M2a_delta_solar,1.6666666666666643,1.5446186680122358
2021_2021-05-22_day1_011_h30,2021,30,M2a_delta_solar,2.2222222222222214,1.35089651665228
2021_2021-05-22_day1_012_h30,2021,30,M2a_delta_solar,1.6666666666666714,1.113591178173015
2021_2021-05-22_day1_013_h30,2021,30,M2a_delta_solar,0.0,0.6639726133903042
2021_2021-05-22_day1_014_h30,2021,30,M2a_delta_solar,-0.5555555555555571,0.1455768547220972
2021_2021-05-22_day1_015_h30,2021,30,M2a_delta_solar,-0.5555555555555571,0.038082856743069604
2021_2021-05-22_day1_016_h30,2021,30,M2a_delta_solar,0.5555555555555571,-0.04203525055225443
2021_2021-05-22_day1_017_h30,2021,30,M2a_delta_solar,1.6666666666666643,-0.5121469586284627
2021_2021-05-22_day1_018_h30,2021,30,M2a_delta_solar,4.444444444444443,-0.27922314962625555
2021_2021-05-22_day1_019_h30,2021,30,M2a_delta_solar,5.0,-0.18211453102802855
2021_2021-05-22_day1_020_h30,2021,30,M2a_delta_solar,2.7777777777777786,-0.4041138454890726
2021_2021-05-22_day1_021_h30,2021,30,M2a_delta_solar,1.6666666666666714,-0.8519569429135351
2021_2021-05-22_day1_022_h30,2021,30,M2a_delta_solar,1.6666666666666643,-1.1011264691889888
2021_2021-05-22_day1_023_h30,2021,30,M2a_delta_solar,2.2222222222222214,-0.7003367938114461
2021_2021-05-22_day1_024_h30,2021,30,M2a_delta_solar,1.1111111111111145,-0.4890420700776684
2021_2021-05-22_day1_025_h30,2021,30,M2a_delta_solar,-0.5555555555555571,-0.9007197844004756
2021_2021-05-22_day1_026_h30,2021,30,M2a_delta_solar,-1.1111111111111145,-1.1530136399535087
2021_2021-05-22_day1_027_h30,2021,30,M2a_delta_solar,-2.2222222222222214,-0.968204524383199
2021_2021-05-22_day1_028_h30,2021,30,M2a_delta_solar,-1.6666666666666643,-0.8036707653755197
2021_2021-05-22_day1_029_h30,2021,30,M2a_delta_solar,-0.5555555555555571,-0.8883795572377464
2021_2021-05-22_day1_000_h30,2021,30,M2b_mean_solar,1.1111111111111145,1.6332733336257184
2021_2021-05-22_day1_001_h30,2021,30,M2b_mean_solar,1.1111111111111107,2.391923599957402
2021_2021-05-22_day1_002_h30,2021,30,M2b_mean_solar,0.5555555555555571,1.9068901047499165
2021_2021-05-22_day1_003_h30,2021,30,M2b_mean_solar,1.1111111111111107,2.0207041980747587
2021_2021-05-22_day1_004_h30,2021,30,M2b_mean_solar,1.6666666666666643,2.7331133261070004
2021_2021-05-22_day1_007_h30,2021,30,M2b_mean_solar,1.6666666666666643,3.731597389047443
2021_2021-05-22_day1_008_h30,2021,30,M2b_mean_solar,0.5555555555555571,3.085039229648179
2021_2021-05-22_day1_009_h30,2021,30,M2b_mean_solar,1.6666666666666714,2.705034798860134
2021_2021-05-22_day1_010_h30,2021,30,M2b_mean_solar,1.6666666666666643,2.7078361696691777
2021_2021-05-22_day1_011_h30,2021,30,M2b_mean_solar,2.2222222222222214,2.69769521392438
2021_2021-05-22_day1_012_h30,2021,30,M2b_mean_solar,1.6666666666666714,2.6718942106573813
2021_2021-05-22_day1_013_h30,2021,30,M2b_mean_solar,0.0,1.9602329271745722
2021_2021-05-22_day1_014_h30,2021,30,M2b_mean_solar,-0.5555555555555571,1.3662475987350087
2021_2021-05-22_day1_015_h30,2021,30,M2b_mean_solar,-0.5555555555555571,1.9505322610006814
2021_2021-05-22_day1_016_h30,2021,30,M2b_mean_solar,0.5555555555555571,2.5158076383903083
2021_2021-05-22_day1_017_h30,2021,30,M2b_mean_solar,1.6666666666666643,1.9345209029908987
2021_2021-05-22_day1_018_h30,2021,30,M2b_mean_solar,4.444444444444443,2.9989656460196352
2021_2021-05-22_day1_019_h30,2021,30,M2b_mean_solar,5.0,3.3839831396491658
2021_2021-05-22_day1_020_h30,2021,30,M2b_mean_solar,2.7777777777777786,2.424228758965963
2021_2021-05-22_day1_021_h30,2021,30,M2b_mean_solar,1.6666666666666714,0.9955250393582546
2021_2021-05-22_day1_022_h30,2021,30,M2b_mean_solar,1.6666666666666643,0.22910704948112404
2021_2021-05-22_day1_023_h30,2021,30,M2b_mean_solar,2.2222222222222214,1.187190256221548
2021_2021-05-22_day1_024_h30,2021,30,M2b_mean_solar,1.1111111111111145,1.5429018885548735
2021_2021-05-22_day1_025_h30,2021,30,M2b_mean_solar,-0.5555555555555571,0.1674107070358346
2021_2021-05-22_day1_026_h30,2021,30,M2b_mean_solar,-1.1111111111111145,-0.47349472051118036
2021_2021-05-22_day1_027_h30,2021,30,M2b_mean_solar,-2.2222222222222214,0.013813542859101746
2021_2021-05-22_day1_028_h30,2021,30,M2b_mean_solar,-1.6666666666666643,0.5687862803105987
2021_2021-05-22_day1_029_h30,2021,30,M2b_mean_solar,-0.5555555555555571,0.6612765250997994
2021_2021-05-22_day1_000_h30,2021,30,M2c_both_solar,1.1111111111111145,1.7897853546526512
2021_2021-05-22_day1_001_h30,2021,30,M2c_both_solar,1.1111111111111107,2.206852527928274
2021_2021-05-22_day1_002_h30,2021,30,M2c_both_solar,0.5555555555555571,1.993988526474568
2021_2021-05-22_day1_003_h30,2021,30,M2c_both_solar,1.1111111111111107,2.0538009604320617
2021_2021-05-22_day1_004_h30,2021,30,M2c_both_solar,1.6666666666666643,2.385655049178408
2021_2021-05-22_day1_007_h30,2021,30,M2c_both_solar,1.6666666666666643,2.851606772397667
2021_2021-05-22_day1_008_h30,2021,30,M2c_both_solar,0.5555555555555571,2.5426561357011277
2021_2021-05-22_day1_009_h30,2021,30,M2c_both_solar,1.6666666666666714,2.1759317485003553
2021_2021-05-22_day1_010_h30,2021,30,M2c_both_solar,1.6666666666666643,2.06350867588632
2021_2021-05-22_day1_011_h30,2021,30,M2c_both_solar,2.2222222222222214,1.9044256171557266
2021_2021-05-22_day1_012_h30,2021,30,M2c_both_solar,1.6666666666666714,1.6968438770058512
2021_2021-05-22_day1_013_h30,2021,30,M2c_both_solar,0.0,1.1769621723794594
2021_2021-05-22_day1_014_h30,2021,30,M2c_both_solar,-0.5555555555555571,0.6174238083607342
2021_2021-05-22_day1_015_h30,2021,30,M2c_both_solar,-0.5555555555555571,0.6038818810290798
2021_2021-05-22_day1_016_h30,2021,30,M2c_both_solar,0.5555555555555571,0.6042618975158438
2021_2021-05-22_day1_017_h30,2021,30,M2c_both_solar,1.6666666666666643,0.07339913129217668
2021_2021-05-22_day1_018_h30,2021,30,M2c_both_solar,4.444444444444443,0.41513104707257864
2021_2021-05-22_day1_019_h30,2021,30,M2c_both_solar,5.0,0.5176156023649827
2021_2021-05-22_day1_020_h30,2021,30,M2c_both_solar,2.7777777777777786,0.10663139752735706
2021_2021-05-22_day1_021_h30,2021,30,M2c_both_solar,1.6666666666666714,-0.571696673814982
2021_2021-05-22_day1_022_h30,2021,30,M2c_both_solar,1.6666666666666643,-0.9636110874537167
2021_2021-05-22_day1_023_h30,2021,30,M2c_both_solar,2.2222222222222214,-0.5082742258978603
2021_2021-05-22_day1_024_h30,2021,30,M2c_both_solar,1.1111111111111145,-0.31905820909275406
2021_2021-05-22_day1_025_h30,2021,30,M2c_both_solar,-0.5555555555555571,-0.9564665803994297
2021_2021-05-22_day1_026_h30,2021,30,M2c_both_solar,-1.1111111111111145,-1.3240138940977395
2021_2021-05-22_day1_027_h30,2021,30,M2c_both_solar,-2.2222222222222214,-1.1281244333648472
2021_2021-05-22_day1_028_h30,2021,30,M2c_both_solar,-1.6666666666666643,-0.9342047865417675
2021_2021-05-22_day1_029_h30,2021,30,M2c_both_solar,-0.5555555555555571,-1.025137152775098
2021_2021-05-22_day1_000_h60,2021,60,M1_no_solar,2.222222222222225,5.551052572182332
2021_2021-05-22_day1_001_h60,2021,60,M1_no_solar,2.2222222222222214,5.451893460971109
2021_2021-05-22_day1_002_h60,2021,60,M1_no_solar,2.2222222222222214,5.451893460971114
2021_2021-05-22_day1_007_h60,2021,60,M1_no_solar,3.3333333333333357,5.665179145013203
2021_2021-05-22_day1_008_h60,2021,60,M1_no_solar,2.2222222222222214,4.7577796824925835
2021_2021-05-22_day1_009_h60,2021,60,M1_no_solar,3.888888888888893,4.247016664816839
2021_2021-05-22_day1_010_h60,2021,60,M1_no_solar,3.3333333333333357,4.147857553605621
2021_2021-05-22_day1_011_h60,2021,60,M1_no_solar,2.2222222222222214,3.339617202296221
2021_2021-05-22_day1_012_h60,2021,60,M1_no_solar,1.1111111111111145,2.5313768509868186
2021_2021-05-22_day1_013_h60,2021,60,M1_no_solar,-0.5555555555555571,2.3330586285643826
2021_2021-05-22_day1_014_h60,2021,60,M1_no_solar,0.0,2.3330586285643826
2021_2021-05-22_day1_015_h60,2021,60,M1_no_solar,1.1111111111111072,2.3330586285643826
2021_2021-05-22_day1_016_h60,2021,60,M1_no_solar,5.0,4.460302348858933
2021_2021-05-22_day1_017_h60,2021,60,M1_no_solar,6.666666666666664,4.559461460070146
2021_2021-05-22_day1_018_h60,2021,60,M1_no_solar,7.222222222222221,5.169383588957114
2021_2021-05-22_day1_019_h60,2021,60,M1_no_solar,6.666666666666671,4.261984126436492
2021_2021-05-22_day1_020_h60,2021,60,M1_no_solar,4.444444444444443,2.4471852013952544
2021_2021-05-22_day1_021_h60,2021,60,M1_no_solar,3.888888888888893,2.2488669789728233
2021_2021-05-22_day1_022_h60,2021,60,M1_no_solar,2.7777777777777786,2.149707867761605
2021_2021-05-22_day1_023_h60,2021,60,M1_no_solar,1.6666666666666643,1.9513896453391681
2021_2021-05-22_day1_024_h60,2021,60,M1_no_solar,0.0,1.7530714229167326
2021_2021-05-22_day1_025_h60,2021,60,M1_no_solar,-2.7777777777777786,0.9448310716073292
2021_2021-05-22_day1_026_h60,2021,60,M1_no_solar,-2.7777777777777786,1.0439901828185478
2021_2021-05-22_day1_027_h60,2021,60,M1_no_solar,-2.7777777777777786,1.7530714229167326
2021_2021-05-22_day1_000_h60,2021,60,M2a_delta_solar,2.222222222222225,4.923410579688332
2021_2021-05-22_day1_001_h60,2021,60,M2a_delta_solar,2.2222222222222214,4.942563543903011
2021_2021-05-22_day1_002_h60,2021,60,M2a_delta_solar,2.2222222222222214,4.932000166867345
2021_2021-05-22_day1_007_h60,2021,60,M2a_delta_solar,3.3333333333333357,4.6576733180660455
2021_2021-05-22_day1_008_h60,2021,60,M2a_delta_solar,2.2222222222222214,4.138279240482704
2021_2021-05-22_day1_009_h60,2021,60,M2a_delta_solar,3.888888888888893,3.4658240243727985
2021_2021-05-22_day1_010_h60,2021,60,M2a_delta_solar,3.3333333333333357,3.1195776744444492
2021_2021-05-22_day1_011_h60,2021,60,M2a_delta_solar,2.2222222222222214,2.380298315544281
2021_2021-05-22_day1_012_h60,2021,60,M2a_delta_solar,1.1111111111111145,1.5896059372671305
2021_2021-05-22_day1_013_h60,2021,60,M2a_delta_solar,-0.5555555555555571,1.123659122148009
2021_2021-05-22_day1_014_h60,2021,60,M2a_delta_solar,0.0,0.6206811027554123
2021_2021-05-22_day1_015_h60,2021,60,M2a_delta_solar,1.1111111111111072,0.15677994464167022
2021_2021-05-22_day1_016_h60,2021,60,M2a_delta_solar,5.0,0.7338990041130908
2021_2021-05-22_day1_017_h60,2021,60,M2a_delta_solar,6.666666666666664,0.3763039071150166
2021_2021-05-22_day1_018_h60,2021,60,M2a_delta_solar,7.222222222222221,0.45731630186427263
2021_2021-05-22_day1_019_h60,2021,60,M2a_delta_solar,6.666666666666671,-0.03494392182760131
2021_2021-05-22_day1_020_h60,2021,60,M2a_delta_solar,4.444444444444443,-0.7614068690975231
2021_2021-05-22_day1_021_h60,2021,60,M2a_delta_solar,3.888888888888893,-0.8417232876836542
2021_2021-05-22_day1_022_h60,2021,60,M2a_delta_solar,2.7777777777777786,-0.9154454196361654
2021_2021-05-22_day1_023_h60,2021,60,M2a_delta_solar,1.6666666666666643,-0.9438631388213241
2021_2021-05-22_day1_024_h60,2021,60,M2a_delta_solar,0.0,-0.9545733667435174
2021_2021-05-22_day1_025_h60,2021,60,M2a_delta_solar,-2.7777777777777786,-1.300846429513363
2021_2021-05-22_day1_026_h60,2021,60,M2a_delta_solar,-2.7777777777777786,-1.3542112298591387
2021_2021-05-22_day1_027_h60,2021,60,M2a_delta_solar,-2.7777777777777786,-1.0488339425436755
2021_2021-05-22_day1_000_h60,2021,60,M2b_mean_solar,2.222222222222225,4.349851267318359
2021_2021-05-22_day1_001_h60,2021,60,M2b_mean_solar,2.2222222222222214,4.6851048333921455
2021_2021-05-22_day1_002_h60,2021,60,M2b_mean_solar,2.2222222222222214,4.917562426114935
2021_2021-05-22_day1_007_h60,2021,60,M2b_mean_solar,3.3333333333333357,6.978649309539171
2021_2021-05-22_day1_008_h60,2021,60,M2b_mean_solar,2.2222222222222214,6.075030483875557
2021_2021-05-22_day1_009_h60,2021,60,M2b_mean_solar,3.888888888888893,5.67387121281473
2021_2021-05-22_day1_010_h60,2021,60,M2b_mean_solar,3.3333333333333357,5.654002834191604
2021_2021-05-22_day1_011_h60,2021,60,M2b_mean_solar,2.2222222222222214,4.800971517524617
2021_2021-05-22_day1_012_h60,2021,60,M2b_mean_solar,1.1111111111111145,3.913500034213606
2021_2021-05-22_day1_013_h60,2021,60,M2b_mean_solar,-0.5555555555555571,3.6604981543903836
2021_2021-05-22_day1_014_h60,2021,60,M2b_mean_solar,0.0,3.6333014262719843
2021_2021-05-22_day1_015_h60,2021,60,M2b_mean_solar,1.1111111111111072,3.5705632121919235
2021_2021-05-22_day1_016_h60,2021,60,M2b_mean_solar,5.0,5.8805353222260655
2021_2021-05-22_day1_017_h60,2021,60,M2b_mean_solar,6.666666666666664,5.8866954412036945
2021_2021-05-22_day1_018_h60,2021,60,M2b_mean_solar,7.222222222222221,6.407619137074419
2021_2021-05-22_day1_019_h60,2021,60,M2b_mean_solar,6.666666666666671,5.173382663994828
2021_2021-05-22_day1_020_h60,2021,60,M2b_mean_solar,4.444444444444443,2.8588972854343364
2021_2021-05-22_day1_021_h60,2021,60,M2b_mean_solar,3.888888888888893,2.3982658349304407
2021_2021-05-22_day1_022_h60,2021,60,M2b_mean_solar,2.7777777777777786,2.059294253241637
2021_2021-05-22_day1_023_h60,2021,60,M2b_mean_solar,1.6666666666666643,1.581807606277851
2021_2021-05-22_day1_024_h60,2021,60,M2b_mean_solar,0.0,1.0987548325854535
2021_2021-05-22_day1_025_h60,2021,60,M2b_mean_solar,-2.7777777777777786,-0.05920900304524013
2021_2021-05-22_day1_026_h60,2021,60,M2b_mean_solar,-2.7777777777777786,-0.15596462520717713
2021_2021-05-22_day1_027_h60,2021,60,M2b_mean_solar,-2.7777777777777786,0.415744524188125
2021_2021-05-22_day1_000_h60,2021,60,M2c_both_solar,2.222222222222225,4.2809691213922445
2021_2021-05-22_day1_001_h60,2021,60,M2c_both_solar,2.2222222222222214,4.550877309847996
2021_2021-05-22_day1_002_h60,2021,60,M2c_both_solar,2.2222222222222214,4.687014463003707
2021_2021-05-22_day1_007_h60,2021,60,M2c_both_solar,3.3333333333333357,5.64721415289019
2021_2021-05-22_day1_008_h60,2021,60,M2c_both_solar,2.2222222222222214,5.064420577049327
2021_2021-05-22_day1_009_h60,2021,60,M2c_both_solar,3.888888888888893,4.487692974348302
2021_2021-05-22_day1_010_h60,2021,60,M2c_both_solar,3.3333333333333357,4.23274971272508
2021_2021-05-22_day1_011_h60,2021,60,M2c_both_solar,2.2222222222222214,3.4538613863425827
2021_2021-05-22_day1_012_h60,2021,60,M2c_both_solar,1.1111111111111145,2.610803692988579
2021_2021-05-22_day1_013_h60,2021,60,M2c_both_solar,-0.5555555555555571,2.156123681723218
2021_2021-05-22_day1_014_h60,2021,60,M2c_both_solar,0.0,1.7214326584598147
2021_2021-05-22_day1_015_h60,2021,60,M2c_both_solar,1.1111111111111072,1.2970400475791717
2021_2021-05-22_day1_016_h60,2021,60,M2c_both_solar,5.0,2.2507727252829244
2021_2021-05-22_day1_017_h60,2021,60,M2c_both_solar,6.666666666666664,1.9126108805130815
2021_2021-05-22_day1_018_h60,2021,60,M2c_both_solar,7.222222222222221,2.027778797340557
2021_2021-05-22_day1_019_h60,2021,60,M2c_both_solar,6.666666666666671,1.2614189027873608
2021_2021-05-22_day1_020_h60,2021,60,M2c_both_solar,4.444444444444443,0.03901630954693047
2021_2021-05-22_day1_021_h60,2021,60,M2c_both_solar,3.888888888888893,-0.22482003339709422
2021_2021-05-22_day1_022_h60,2021,60,M2c_both_solar,2.7777777777777786,-0.45234827635653074
2021_2021-05-22_day1_023_h60,2021,60,M2c_both_solar,1.6666666666666643,-0.6835885866716647
2021_2021-05-22_day1_024_h60,2021,60,M2c_both_solar,0.0,-0.9035921744807509
2021_2021-05-22_day1_025_h60,2021,60,M2c_both_solar,-2.7777777777777786,-1.546168039961944
2021_2021-05-22_day1_026_h60,2021,60,M2c_both_solar,-2.7777777777777786,-1.6958143103505952
2021_2021-05-22_day1_027_h60,2021,60,M2c_both_solar,-2.7777777777777786,-1.4076558126134187
2021_2021-05-22_day1_000_h90,2021,90,M1_no_solar,3.3333333333333357,8.322399802013289
2021_2021-05-22_day1_005_h90,2021,90,M1_no_solar,5.0,8.896238919328976
2021_2021-05-22_day1_006_h90,2021,90,M1_no_solar,6.111111111111111,8.896238919328976
2021_2021-05-22_day1_007_h90,2021,90,M1_no_solar,5.555555555555557,8.3273725712116
2021_2021-05-22_day1_008_h90,2021,90,M1_no_solar,3.888888888888893,7.184667105778537
2021_2021-05-22_day1_009_h90,2021,90,M1_no_solar,3.888888888888893,5.75255569708848
2021_2021-05-22_day1_010_h90,2021,90,M1_no_solar,2.7777777777777786,4.752066818684761
2021_2021-05-22_day1_011_h90,2021,90,M1_no_solar,1.6666666666666643,4.609850231655421
2021_2021-05-22_day1_012_h90,2021,90,M1_no_solar,1.6666666666666714,4.467633644626078
2021_2021-05-22_day1_013_h90,2021,90,M1_no_solar,1.1111111111111072,3.324928179193015
2021_2021-05-22_day1_014_h90,2021,90,M1_no_solar,4.444444444444443,5.041472761941759
2021_2021-05-22_day1_015_h90,2021,90,M1_no_solar,6.111111111111107,5.899745053316129
2021_2021-05-22_day1_016_h90,2021,90,M1_no_solar,7.777777777777779,7.616289636064879
2021_2021-05-22_day1_017_h90,2021,90,M1_no_solar,8.333333333333336,6.041961640345473
2021_2021-05-22_day1_018_h90,2021,90,M1_no_solar,8.888888888888886,5.899745053316129
2021_2021-05-22_day1_019_h90,2021,90,M1_no_solar,8.888888888888893,6.473584170631816
2021_2021-05-22_day1_020_h90,2021,90,M1_no_solar,5.555555555555557,5.046445531140071
2021_2021-05-22_day1_021_h90,2021,90,M1_no_solar,3.3333333333333357,3.0454677743326375
2021_2021-05-22_day1_022_h90,2021,90,M1_no_solar,1.6666666666666643,2.0449788959289186
2021_2021-05-22_day1_023_h90,2021,90,M1_no_solar,-0.5555555555555571,2.618818013244604
2021_2021-05-22_day1_024_h90,2021,90,M1_no_solar,-1.6666666666666643,3.192657130560293
2021_2021-05-22_day1_025_h90,2021,90,M1_no_solar,-3.3333333333333357,2.1921682521565726
2021_2021-05-22_day1_000_h90,2021,90,M2a_delta_solar,3.3333333333333357,7.747872716843608
2021_2021-05-22_day1_005_h90,2021,90,M2a_delta_solar,5.0,8.146427798449468
2021_2021-05-22_day1_006_h90,2021,90,M2a_delta_solar,6.111111111111111,8.081189629183182
2021_2021-05-22_day1_007_h90,2021,90,M2a_delta_solar,5.555555555555557,7.227390668797785
2021_2021-05-22_day1_008_h90,2021,90,M2a_delta_solar,3.888888888888893,6.300490795117609
2021_2021-05-22_day1_009_h90,2021,90,M2a_delta_solar,3.888888888888893,4.813682209736454
2021_2021-05-22_day1_010_h90,2021,90,M2a_delta_solar,2.7777777777777786,3.7959947571445203
2021_2021-05-22_day1_011_h90,2021,90,M2a_delta_solar,1.6666666666666643,3.327605172501193
2021_2021-05-22_day1_012_h90,2021,90,M2a_delta_solar,1.6666666666666714,2.840982344439054
2021_2021-05-22_day1_013_h90,2021,90,M2a_delta_solar,1.1111111111111072,1.7498160448672981
2021_2021-05-22_day1_014_h90,2021,90,M2a_delta_solar,4.444444444444443,2.4974601312396545
2021_2021-05-22_day1_015_h90,2021,90,M2a_delta_solar,6.111111111111107,2.7037983800887564
2021_2021-05-22_day1_016_h90,2021,90,M2a_delta_solar,7.777777777777779,3.556104504311496
2021_2021-05-22_day1_017_h90,2021,90,M2a_delta_solar,8.333333333333336,2.13524997861991
2021_2021-05-22_day1_018_h90,2021,90,M2a_delta_solar,8.888888888888886,1.9019419407808402
2021_2021-05-22_day1_019_h90,2021,90,M2a_delta_solar,8.888888888888893,2.2814945787325263
2021_2021-05-22_day1_020_h90,2021,90,M2a_delta_solar,5.555555555555557,1.4774686309605496
2021_2021-05-22_day1_021_h90,2021,90,M2a_delta_solar,3.3333333333333357,0.1584101054389424
2021_2021-05-22_day1_022_h90,2021,90,M2a_delta_solar,1.6666666666666643,-0.5270146769393418
2021_2021-05-22_day1_023_h90,2021,90,M2a_delta_solar,-0.5555555555555571,-0.03923654985764102
2021_2021-05-22_day1_024_h90,2021,90,M2a_delta_solar,-1.6666666666666643,0.4627745643206027
2021_2021-05-22_day1_025_h90,2021,90,M2a_delta_solar,-3.3333333333333357,-0.1789826288519265
2021_2021-05-22_day1_000_h90,2021,90,M2b_mean_solar,3.3333333333333357,6.634784229233157
2021_2021-05-22_day1_005_h90,2021,90,M2b_mean_solar,5.0,8.885028755683704
2021_2021-05-22_day1_006_h90,2021,90,M2b_mean_solar,6.111111111111111,9.148386471125244
2021_2021-05-22_day1_007_h90,2021,90,M2b_mean_solar,5.555555555555557,9.58805471065932
2021_2021-05-22_day1_008_h90,2021,90,M2b_mean_solar,3.888888888888893,8.491787483869679
2021_2021-05-22_day1_009_h90,2021,90,M2b_mean_solar,3.888888888888893,7.124333795404182
2021_2021-05-22_day1_010_h90,2021,90,M2b_mean_solar,2.7777777777777786,6.1275448711333915
2021_2021-05-22_day1_011_h90,2021,90,M2b_mean_solar,1.6666666666666643,6.006283889217995
2021_2021-05-22_day1_012_h90,2021,90,M2b_mean_solar,1.6666666666666714,5.847249080299564
2021_2021-05-22_day1_013_h90,2021,90,M2b_mean_solar,1.1111111111111072,4.568755450557275
2021_2021-05-22_day1_014_h90,2021,90,M2b_mean_solar,4.444444444444443,6.328805873759475
2021_2021-05-22_day1_015_h90,2021,90,M2b_mean_solar,6.111111111111107,7.139074081747763
2021_2021-05-22_day1_016_h90,2021,90,M2b_mean_solar,7.777777777777779,8.827403649072226
2021_2021-05-22_day1_017_h90,2021,90,M2b_mean_solar,8.333333333333336,7.001492743059936
2021_2021-05-22_day1_018_h90,2021,90,M2b_mean_solar,8.888888888888886,6.6371219733690126
2021_2021-05-22_day1_019_h90,2021,90,M2b_mean_solar,8.888888888888893,6.994983571907399
2021_2021-05-22_day1_020_h90,2021,90,M2b_mean_solar,5.555555555555557,5.172147883454972
2021_2021-05-22_day1_021_h90,2021,90,M2b_mean_solar,3.3333333333333357,2.760348172743653
2021_2021-05-22_day1_022_h90,2021,90,M2b_mean_solar,1.6666666666666643,1.4198015848428684
2021_2021-05-22_day1_023_h90,2021,90,M2b_mean_solar,-0.5555555555555571,1.7284226013089925
2021_2021-05-22_day1_024_h90,2021,90,M2b_mean_solar,-1.6666666666666643,2.0310847365696847
2021_2021-05-22_day1_025_h90,2021,90,M2b_mean_solar,-3.3333333333333357,0.6722476744554045
2021_2021-05-22_day1_000_h90,2021,90,M2c_both_solar,3.3333333333333357,6.59178544728632
2021_2021-05-22_day1_005_h90,2021,90,M2c_both_solar,5.0,8.284560202248203
2021_2021-05-22_day1_006_h90,2021,90,M2c_both_solar,6.111111111111111,8.430008785534666
2021_2021-05-22_day1_007_h90,2021,90,M2c_both_solar,5.555555555555557,8.389900642767191
2021_2021-05-22_day1_008_h90,2021,90,M2c_both_solar,3.888888888888893,7.455721711620651
2021_2021-05-22_day1_009_h90,2021,90,M2c_both_solar,3.888888888888893,6.028199893093813
2021_2021-05-22_day1_010_h90,2021,90,M2c_both_solar,2.7777777777777786,5.0166548915132125
2021_2021-05-22_day1_011_h90,2021,90,M2c_both_solar,1.6666666666666643,4.627768837099223
2021_2021-05-22_day1_012_h90,2021,90,M2c_both_solar,1.6666666666666714,4.195823214698285
2021_2021-05-22_day1_013_h90,2021,90,M2c_both_solar,1.1111111111111072,2.9925269401979366
2021_2021-05-22_day1_014_h90,2021,90,M2c_both_solar,4.444444444444443,3.962250199614982
2021_2021-05-22_day1_015_h90,2021,90,M2c_both_solar,6.111111111111107,4.259936133347445
2021_2021-05-22_day1_016_h90,2021,90,M2c_both_solar,7.777777777777779,5.2599600156501705
2021_2021-05-22_day1_017_h90,2021,90,M2c_both_solar,8.333333333333336,3.620022051052048
2021_2021-05-22_day1_018_h90,2021,90,M2c_both_solar,8.888888888888886,3.2375512823522024
2021_2021-05-22_day1_019_h90,2021,90,M2c_both_solar,8.888888888888893,3.4927539269418992
2021_2021-05-22_day1_020_h90,2021,90,M2c_both_solar,5.555555555555557,2.2695352321959863
2021_2021-05-22_day1_021_h90,2021,90,M2c_both_solar,3.3333333333333357,0.5084220275326157
2021_2021-05-22_day1_022_h90,2021,90,M2c_both_solar,1.6666666666666643,-0.49416683570929854
2021_2021-05-22_day1_023_h90,2021,90,M2c_both_solar,-0.5555555555555571,-0.18890082373497896
2021_2021-05-22_day1_024_h90,2021,90,M2c_both_solar,-1.6666666666666643,0.12333760435219332
2021_2021-05-22_day1_025_h90,2021,90,M2c_both_solar,-3.3333333333333357,-0.8578657385245352
2021_2021-05-22_day1_003_h120,2021,120,M1_no_solar,6.111111111111111,10.539867414675356
2021_2021-05-22_day1_004_h120,2021,120,M1_no_solar,7.777777777777775,11.497039723907523
2021_2021-05-22_day1_005_h120,2021,120,M1_no_solar,6.666666666666664,12.313821423352035
2021_2021-05-22_day1_006_h120,2021,120,M1_no_solar,6.666666666666668,11.356649114119872
2021_2021-05-22_day1_007_h120,2021,120,M1_no_solar,5.555555555555557,8.880742056504936
2021_2021-05-22_day1_008_h120,2021,120,M1_no_solar,3.3333333333333357,6.685616218465302
2021_2021-05-22_day1_009_h120,2021,120,M1_no_solar,3.3333333333333357,6.009225128808446
2021_2021-05-22_day1_010_h120,2021,120,M1_no_solar,3.3333333333333357,5.868834519020794
2021_2021-05-22_day1_011_h120,2021,120,M1_no_solar,3.3333333333333286,4.771271600000981
2021_2021-05-22_day1_012_h120,2021,120,M1_no_solar,6.111111111111114,6.545225608677655
2021_2021-05-22_day1_013_h120,2021,120,M1_no_solar,6.111111111111107,6.264444389102344
2021_2021-05-22_day1_014_h120,2021,120,M1_no_solar,7.222222222222221,7.22161669833451
2021_2021-05-22_day1_015_h120,2021,120,M1_no_solar,7.777777777777779,6.264444389102344
2021_2021-05-22_day1_016_h120,2021,120,M1_no_solar,9.444444444444445,7.22161669833451
2021_2021-05-22_day1_017_h120,2021,120,M1_no_solar,10.555555555555555,7.362007308122163
2021_2021-05-22_day1_018_h120,2021,120,M1_no_solar,10.0,8.178789007566676
2021_2021-05-22_day1_019_h120,2021,120,M1_no_solar,8.333333333333336,6.940835478759206
2021_2021-05-22_day1_020_h120,2021,120,M1_no_solar,4.444444444444443,4.464928421144272
2021_2021-05-22_day1_021_h120,2021,120,M1_no_solar,1.1111111111111145,3.2269748923368082
2021_2021-05-22_day1_022_h120,2021,120,M1_no_solar,0.0,3.086584282549156
2021_2021-05-22_day1_023_h120,2021,120,M1_no_solar,-1.1111111111111145,3.762975372206016
2021_2021-05-22_day1_003_h120,2021,120,M2a_delta_solar,6.111111111111111,9.708300290949321
2021_2021-05-22_day1_004_h120,2021,120,M2a_delta_solar,7.777777777777775,10.301564333991447
2021_2021-05-22_day1_005_h120,2021,120,M2a_delta_solar,6.666666666666664,10.911705303764103
2021_2021-05-22_day1_006_h120,2021,120,M2a_delta_solar,6.666666666666668,10.09442641579719
2021_2021-05-22_day1_007_h120,2021,120,M2a_delta_solar,5.555555555555557,7.348303894904879
2021_2021-05-22_day1_008_h120,2021,120,M2a_delta_solar,3.3333333333333357,5.547105787926344
2021_2021-05-22_day1_009_h120,2021,120,M2a_delta_solar,3.3333333333333357,4.182339477907478
2021_2021-05-22_day1_010_h120,2021,120,M2a_delta_solar,3.3333333333333357,3.5781204261731583
2021_2021-05-22_day1_011_h120,2021,120,M2a_delta_solar,3.3333333333333286,2.278739180303883
2021_2021-05-22_day1_012_h120,2021,120,M2a_delta_solar,6.111111111111114,3.0111649794107085
2021_2021-05-22_day1_013_h120,2021,120,M2a_delta_solar,6.111111111111107,2.4694620085980032
2021_2021-05-22_day1_014_h120,2021,120,M2a_delta_solar,7.222222222222221,2.5714204897294435
2021_2021-05-22_day1_015_h120,2021,120,M2a_delta_solar,7.777777777777779,1.3952932588889615
2021_2021-05-22_day1_016_h120,2021,120,M2a_delta_solar,9.444444444444445,1.6493479004948886
2021_2021-05-22_day1_017_h120,2021,120,M2a_delta_solar,10.555555555555555,1.263798606487014
2021_2021-05-22_day1_018_h120,2021,120,M2a_delta_solar,10.0,1.7112619012497896
2021_2021-05-22_day1_019_h120,2021,120,M2a_delta_solar,8.333333333333336,0.9118961078743631
2021_2021-05-22_day1_020_h120,2021,120,M2a_delta_solar,4.444444444444443,-0.4272575942492163
2021_2021-05-22_day1_021_h120,2021,120,M2a_delta_solar,1.1111111111111145,-1.1399221130107975
2021_2021-05-22_day1_022_h120,2021,120,M2a_delta_solar,0.0,-1.1908913474392966
2021_2021-05-22_day1_023_h120,2021,120,M2a_delta_solar,-1.1111111111111145,-0.499665424317967
2021_2021-05-22_day1_003_h120,2021,120,M2b_mean_solar,6.111111111111111,10.47511387589885
2021_2021-05-22_day1_004_h120,2021,120,M2b_mean_solar,7.777777777777775,11.849075344715818
2021_2021-05-22_day1_005_h120,2021,120,M2b_mean_solar,6.666666666666664,13.028630759676007
2021_2021-05-22_day1_006_h120,2021,120,M2b_mean_solar,6.666666666666668,12.32314642401324
2021_2021-05-22_day1_007_h120,2021,120,M2b_mean_solar,5.555555555555557,10.758251008513236
2021_2021-05-22_day1_008_h120,2021,120,M2b_mean_solar,3.3333333333333357,8.470643228905336
2021_2021-05-22_day1_009_h120,2021,120,M2b_mean_solar,3.3333333333333357,7.902345103650131
2021_2021-05-22_day1_010_h120,2021,120,M2b_mean_solar,3.3333333333333357,7.7691971095486405
2021_2021-05-22_day1_011_h120,2021,120,M2b_mean_solar,3.3333333333333286,6.568662829923317
2021_2021-05-22_day1_012_h120,2021,120,M2b_mean_solar,6.111111111111114,8.40975785987781
2021_2021-05-22_day1_013_h120,2021,120,M2b_mean_solar,6.111111111111107,7.972228545577666
2021_2021-05-22_day1_014_h120,2021,120,M2b_mean_solar,7.222222222222221,8.88723754334695
2021_2021-05-22_day1_015_h120,2021,120,M2b_mean_solar,7.777777777777779,7.705595516146121
2021_2021-05-22_day1_016_h120,2021,120,M2b_mean_solar,9.444444444444445,8.537391859694237
2021_2021-05-22_day1_017_h120,2021,120,M2b_mean_solar,10.555555555555555,8.488174994359364
2021_2021-05-22_day1_018_h120,2021,120,M2b_mean_solar,10.0,9.066695344238942
2021_2021-05-22_day1_019_h120,2021,120,M2b_mean_solar,8.333333333333336,7.3807317611313135
2021_2021-05-22_day1_020_h120,2021,120,M2b_mean_solar,4.444444444444443,4.279357139742604
2021_2021-05-22_day1_021_h120,2021,120,M2b_mean_solar,1.1111111111111145,2.5560243206830737
2021_2021-05-22_day1_022_h120,2021,120,M2b_mean_solar,0.0,2.0310058968713607
2021_2021-05-22_day1_023_h120,2021,120,M2b_mean_solar,-1.1111111111111145,2.3401924028908407
2021_2021-05-22_day1_003_h120,2021,120,M2c_both_solar,6.111111111111111,9.770797006454382
2021_2021-05-22_day1_004_h120,2021,120,M2c_both_solar,7.777777777777775,10.75357353927773
2021_2021-05-22_day1_005_h120,2021,120,M2c_both_solar,6.666666666666664,11.687495752497062
2021_2021-05-22_day1_006_h120,2021,120,M2c_both_solar,6.666666666666668,11.055617901121831
2021_2021-05-22_day1_007_h120,2021,120,M2c_both_solar,5.555555555555557,9.088138627853652
2021_2021-05-22_day1_008_h120,2021,120,M2c_both_solar,3.3333333333333357,7.157132157767936
2021_2021-05-22_day1_009_h120,2021,120,M2c_both_solar,3.3333333333333357,5.975659891372182
2021_2021-05-22_day1_010_h120,2021,120,M2c_both_solar,3.3333333333333357,5.441578992012454
2021_2021-05-22_day1_011_h120,2021,120,M2c_both_solar,3.3333333333333286,4.086372500801864
2021_2021-05-22_day1_012_h120,2021,120,M2c_both_solar,6.111111111111114,5.017688751111571
2021_2021-05-22_day1_013_h120,2021,120,M2c_both_solar,6.111111111111107,4.384593307120125
2021_2021-05-22_day1_014_h120,2021,120,M2c_both_solar,7.222222222222221,4.570703650345501
2021_2021-05-22_day1_015_h120,2021,120,M2c_both_solar,7.777777777777779,3.24227154564017
2021_2021-05-22_day1_016_h120,2021,120,M2c_both_solar,9.444444444444445,3.491707723579605
2021_2021-05-22_day1_017_h120,2021,120,M2c_both_solar,10.555555555555555,3.024738956563951
2021_2021-05-22_day1_018_h120,2021,120,M2c_both_solar,10.0,3.329503284430478
2021_2021-05-22_day1_019_h120,2021,120,M2c_both_solar,8.333333333333336,2.104879180058525
2021_2021-05-22_day1_020_h120,2021,120,M2c_both_solar,4.444444444444443,0.09938080769599811
2021_2021-05-22_day1_021_h120,2021,120,M2c_both_solar,1.1111111111111145,-1.0809553983768811
2021_2021-05-22_day1_022_h120,2021,120,M2c_both_solar,0.0,-1.457250569500642
2021_2021-05-22_day1_023_h120,2021,120,M2c_both_solar,-1.1111111111111145,-1.0668436600500946
2022_2022-05-21_day1_000_h15,2022,15,M1_no_solar,0.5555555555555536,1.0617293429882637
2022_2022-05-21_day1_001_h15,2022,15,M1_no_solar,0.5555555555555571,1.4189783576057018
2022_2022-05-21_day1_002_h15,2022,15,M1_no_solar,1.1111111111111107,1.4189783576057018
2022_2022-05-21_day1_003_h15,2022,15,M1_no_solar,1.6666666666666643,1.0139926796300882
2022_2022-05-21_day1_004_h15,2022,15,M1_no_solar,0.0,1.3235050308893481
2022_2022-05-21_day1_005_h15,2022,15,M1_no_solar,0.5555555555555571,0.5851386699753892
2022_2022-05-21_day1_007_h15,2022,15,M1_no_solar,0.0,0.9185193529137368
2022_2022-05-21_day1_008_h15,2022,15,M1_no_solar,0.0,0.537402006617211
2022_2022-05-21_day1_009_h15,2022,15,M1_no_solar,0.0,0.8946510212346488
2022_2022-05-21_day1_010_h15,2022,15,M1_no_solar,1.1111111111111107,0.8946510212346488
2022_2022-05-21_day1_011_h15,2022,15,M1_no_solar,1.666666666666668,0.8469143578764731
2022_2022-05-21_day1_012_h15,2022,15,M1_no_solar,0.5555555555555571,1.1564267091357352
2022_2022-05-21_day1_013_h15,2022,15,M1_no_solar,3.8888888888888857,0.7753093628392095
2022_2022-05-21_day1_014_h15,2022,15,M1_no_solar,3.3333333333333357,0.9893483873821178
2022_2022-05-21_day1_015_h15,2022,15,M1_no_solar,1.1111111111111072,1.2511240752832042
2022_2022-05-21_day1_016_h15,2022,15,M1_no_solar,1.6666666666666714,0.8700067289866809
2022_2022-05-21_day1_017_h15,2022,15,M1_no_solar,-1.6666666666666714,0.4411527193319794
2022_2022-05-21_day1_018_h15,2022,15,M1_no_solar,-0.55555555555555,0.5127577143692431
2022_2022-05-21_day1_019_h15,2022,15,M1_no_solar,-2.7777777777777786,0.15550869975180504
2022_2022-05-21_day1_020_h15,2022,15,M1_no_solar,-0.5555555555555571,0.6320993727646822
2022_2022-05-21_day1_021_h15,2022,15,M1_no_solar,1.6666666666666643,1.037085050740296
2022_2022-05-21_day1_022_h15,2022,15,M1_no_solar,-5.555555555555557,0.22711369478906884
2022_2022-05-21_day1_023_h15,2022,15,M1_no_solar,-0.55555555555555,0.44192867990086204
2022_2022-05-21_day1_024_h15,2022,15,M1_no_solar,1.1111111111111072,-0.7014233589887153
2022_2022-05-21_day1_025_h15,2022,15,M1_no_solar,1.6666666666666714,-0.08239865647019107
2022_2022-05-21_day1_026_h15,2022,15,M1_no_solar,-1.1111111111111145,-0.5828576611621539
2022_2022-05-21_day1_027_h15,2022,15,M1_no_solar,-2.2222222222222214,-0.22560864654471824
2022_2022-05-21_day1_028_h15,2022,15,M1_no_solar,-0.5555555555555571,0.9654800557030301
2022_2022-05-21_day1_029_h15,2022,15,M1_no_solar,-3.333333333333332,0.6320993727646824
2022_2022-05-21_day1_000_h15,2022,15,M2a_delta_solar,0.5555555555555536,0.9371597657774038
2022_2022-05-21_day1_001_h15,2022,15,M2a_delta_solar,0.5555555555555571,1.2638897938651241
2022_2022-05-21_day1_002_h15,2022,15,M2a_delta_solar,1.1111111111111107,1.2666356923857542
2022_2022-05-21_day1_003_h15,2022,15,M2a_delta_solar,1.6666666666666643,0.941317634025709
2022_2022-05-21_day1_004_h15,2022,15,M2a_delta_solar,0.0,1.2618475434068654
2022_2022-05-21_day1_005_h15,2022,15,M2a_delta_solar,0.5555555555555571,0.6137783703181448
2022_2022-05-21_day1_007_h15,2022,15,M2a_delta_solar,0.0,0.9227967964472807
2022_2022-05-21_day1_008_h15,2022,15,M2a_delta_solar,0.0,0.5907346045280893
2022_2022-05-21_day1_009_h15,2022,15,M2a_delta_solar,0.0,0.9050765487956376
2022_2022-05-21_day1_010_h15,2022,15,M2a_delta_solar,1.1111111111111107,0.8933456117780086
2022_2022-05-21_day1_011_h15,2022,15,M2a_delta_solar,1.666666666666668,0.8739843652350506
2022_2022-05-21_day1_012_h15,2022,15,M2a_delta_solar,0.5555555555555571,1.1733230389303493
2022_2022-05-21_day1_013_h15,2022,15,M2a_delta_solar,3.8888888888888857,0.822195314192713
2022_2022-05-21_day1_014_h15,2022,15,M2a_delta_solar,3.3333333333333357,1.0998786562589358
2022_2022-05-21_day1_015_h15,2022,15,M2a_delta_solar,1.1111111111111072,1.3721564693140198
2022_2022-05-21_day1_016_h15,2022,15,M2a_delta_solar,1.6666666666666714,0.992708422912782
2022_2022-05-21_day1_017_h15,2022,15,M2a_delta_solar,-1.6666666666666714,0.5969772500065349
2022_2022-05-21_day1_018_h15,2022,15,M2a_delta_solar,-0.55555555555555,0.525444895117216
2022_2022-05-21_day1_019_h15,2022,15,M2a_delta_solar,-2.7777777777777786,0.11682257099927518
2022_2022-05-21_day1_020_h15,2022,15,M2a_delta_solar,-0.5555555555555571,0.3632605094596489
2022_2022-05-21_day1_021_h15,2022,15,M2a_delta_solar,1.6666666666666643,0.6084872911242953
2022_2022-05-21_day1_022_h15,2022,15,M2a_delta_solar,-5.555555555555557,-0.11851708533231059
2022_2022-05-21_day1_023_h15,2022,15,M2a_delta_solar,-0.55555555555555,-0.16042401655870492
2022_2022-05-21_day1_024_h15,2022,15,M2a_delta_solar,1.1111111111111072,-1.1847189359389199
2022_2022-05-21_day1_025_h15,2022,15,M2a_delta_solar,1.6666666666666714,-0.5841858489454266
2022_2022-05-21_day1_026_h15,2022,15,M2a_delta_solar,-1.1111111111111145,-0.9490636347701047
2022_2022-05-21_day1_027_h15,2022,15,M2a_delta_solar,-2.2222222222222214,-0.6484268738071179
2022_2022-05-21_day1_028_h15,2022,15,M2a_delta_solar,-0.5555555555555571,0.314185421324097
2022_2022-05-21_day1_029_h15,2022,15,M2a_delta_solar,-3.333333333333332,-0.02045488003412238
2022_2022-05-21_day1_000_h15,2022,15,M2b_mean_solar,0.5555555555555536,0.5611220278485087
2022_2022-05-21_day1_001_h15,2022,15,M2b_mean_solar,0.5555555555555571,0.9749407008595554
2022_2022-05-21_day1_002_h15,2022,15,M2b_mean_solar,1.1111111111111107,1.0471437892992272
2022_2022-05-21_day1_003_h15,2022,15,M2b_mean_solar,1.6666666666666643,0.7009576332962286
2022_2022-05-21_day1_004_h15,2022,15,M2b_mean_solar,0.0,1.0391929354926877
2022_2022-05-21_day1_005_h15,2022,15,M2b_mean_solar,0.5555555555555571,0.3896510357274176
2022_2022-05-21_day1_007_h15,2022,15,M2b_mean_solar,0.0,1.0555332224927918
2022_2022-05-21_day1_008_h15,2022,15,M2b_mean_solar,0.0,0.7457547581001793
2022_2022-05-21_day1_009_h15,2022,15,M2b_mean_solar,0.0,1.15729089391388
2022_2022-05-21_day1_010_h15,2022,15,M2b_mean_solar,1.1111111111111107,1.2251785407514189
2022_2022-05-21_day1_011_h15,2022,15,M2b_mean_solar,1.666666666666668,1.2143537951272658
2022_2022-05-21_day1_012_h15,2022,15,M2b_mean_solar,0.5555555555555571,1.5429516310687192
2022_2022-05-21_day1_013_h15,2022,15,M2b_mean_solar,3.8888888888888857,1.2222588247635162
2022_2022-05-21_day1_014_h15,2022,15,M2b_mean_solar,3.3333333333333357,1.3895850828341372
2022_2022-05-21_day1_015_h15,2022,15,M2b_mean_solar,1.1111111111111072,1.6278083746632306
2022_2022-05-21_day1_016_h15,2022,15,M2b_mean_solar,1.6666666666666714,1.289526004245909
2022_2022-05-21_day1_017_h15,2022,15,M2b_mean_solar,-1.6666666666666714,0.8654605477670609
2022_2022-05-21_day1_018_h15,2022,15,M2b_mean_solar,-0.55555555555555,1.0025871339171735
2022_2022-05-21_day1_019_h15,2022,15,M2b_mean_solar,-2.7777777777777786,0.6702959785182437
2022_2022-05-21_day1_020_h15,2022,15,M2b_mean_solar,-0.5555555555555571,1.200798767844344
2022_2022-05-21_day1_021_h15,2022,15,M2b_mean_solar,1.6666666666666643,1.6034994225763435
2022_2022-05-21_day1_022_h15,2022,15,M2b_mean_solar,-5.555555555555557,0.7382605500418304
2022_2022-05-21_day1_023_h15,2022,15,M2b_mean_solar,-0.55555555555555,1.0455017878612405
2022_2022-05-21_day1_024_h15,2022,15,M2b_mean_solar,1.1111111111111072,-0.14172868637024755
2022_2022-05-21_day1_025_h15,2022,15,M2b_mean_solar,1.6666666666666714,0.3366013768718896
2022_2022-05-21_day1_026_h15,2022,15,M2b_mean_solar,-1.1111111111111145,-0.29307863729792694
2022_2022-05-21_day1_027_h15,2022,15,M2b_mean_solar,-2.2222222222222214,-0.012524970264801927
2022_2022-05-21_day1_028_h15,2022,15,M2b_mean_solar,-0.5555555555555571,1.1408325041386504
2022_2022-05-21_day1_029_h15,2022,15,M2b_mean_solar,-3.333333333333332,0.7701873131871437
2022_2022-05-21_day1_000_h15,2022,15,M2c_both_solar,0.5555555555555536,0.5132251473827207
2022_2022-05-21_day1_001_h15,2022,15,M2c_both_solar,0.5555555555555571,0.8951181113667259
2022_2022-05-21_day1_002_h15,2022,15,M2c_both_solar,1.1111111111111107,0.9614855546680647
2022_2022-05-21_day1_003_h15,2022,15,M2c_both_solar,1.6666666666666643,0.6753773977813707
2022_2022-05-21_day1_004_h15,2022,15,M2c_both_solar,0.0,1.0196012317535326
2022_2022-05-21_day1_005_h15,2022,15,M2c_both_solar,0.5555555555555571,0.43565432709256324
2022_2022-05-21_day1_007_h15,2022,15,M2c_both_solar,0.0,1.0436780474083673
2022_2022-05-21_day1_008_h15,2022,15,M2c_both_solar,0.0,0.7669342303379172
2022_2022-05-21_day1_009_h15,2022,15,M2c_both_solar,0.0,1.1364297587959646
2022_2022-05-21_day1_010_h15,2022,15,M2c_both_solar,1.1111111111111107,1.186847066949572
2022_2022-05-21_day1_011_h15,2022,15,M2c_both_solar,1.666666666666668,1.1956213082929208
2022_2022-05-21_day1_012_h15,2022,15,M2c_both_solar,0.5555555555555571,1.5135508778188642
2022_2022-05-21_day1_013_h15,2022,15,M2c_both_solar,3.8888888888888857,1.2111595462040776
2022_2022-05-21_day1_014_h15,2022,15,M2c_both_solar,3.3333333333333357,1.4370355411116624
2022_2022-05-21_day1_015_h15,2022,15,M2c_both_solar,1.1111111111111072,1.6867053551405025
2022_2022-05-21_day1_016_h15,2022,15,M2c_both_solar,1.6666666666666714,1.3449946705541314
2022_2022-05-21_day1_017_h15,2022,15,M2c_both_solar,-1.6666666666666714,0.9481221721484907
2022_2022-05-21_day1_018_h15,2022,15,M2c_both_solar,-0.55555555555555,0.9580235416369443
2022_2022-05-21_day1_019_h15,2022,15,M2c_both_solar,-2.7777777777777786,0.5799076759765778
2022_2022-05-21_day1_020_h15,2022,15,M2c_both_solar,-0.5555555555555571,0.9116386406584591
2022_2022-05-21_day1_021_h15,2022,15,M2c_both_solar,1.6666666666666643,1.1808368632015482
2022_2022-05-21_day1_022_h15,2022,15,M2c_both_solar,-5.555555555555557,0.3912896473334242
2022_2022-05-21_day1_023_h15,2022,15,M2c_both_solar,-0.55555555555555,0.47317457318641887
2022_2022-05-21_day1_024_h15,2022,15,M2c_both_solar,1.1111111111111072,-0.60943052036314
2022_2022-05-21_day1_025_h15,2022,15,M2c_both_solar,1.6666666666666714,-0.13073156225920268
2022_2022-05-21_day1_026_h15,2022,15,M2c_both_solar,-1.1111111111111145,-0.632336190363868
2022_2022-05-21_day1_027_h15,2022,15,M2c_both_solar,-2.2222222222222214,-0.39054095404162836
2022_2022-05-21_day1_028_h15,2022,15,M2c_both_solar,-0.5555555555555571,0.5757731117970366
2022_2022-05-21_day1_029_h15,2022,15,M2c_both_solar,-3.333333333333332,0.20827165487996713
2022_2022-05-21_day1_000_h30,2022,30,M1_no_solar,1.1111111111111107,2.415333365255134
2022_2022-05-21_day1_001_h30,2022,30,M1_no_solar,1.666666666666668,2.8834640157299614
2022_2022-05-21_day1_002_h30,2022,30,M1_no_solar,2.777777777777775,2.3719929705754503
2022_2022-05-21_day1_003_h30,2022,30,M1_no_solar,1.6666666666666643,2.328652575895763
2022_2022-05-21_day1_004_h30,2022,30,M1_no_solar,0.5555555555555571,1.6871603467022038
2022_2022-05-21_day1_007_h30,2022,30,M1_no_solar,0.0,1.132348906868009
2022_2022-05-21_day1_008_h30,2022,30,M1_no_solar,0.0,1.132348906868009
2022_2022-05-21_day1_009_h30,2022,30,M1_no_solar,1.1111111111111107,1.6004795573428356
2022_2022-05-21_day1_010_h30,2022,30,M1_no_solar,2.7777777777777786,1.6004795573428356
2022_2022-05-21_day1_011_h30,2022,30,M1_no_solar,2.222222222222225,2.025269813137978
2022_2022-05-21_day1_012_h30,2022,30,M1_no_solar,4.444444444444443,1.8952486290989259
2022_2022-05-21_day1_013_h30,2022,30,M1_no_solar,7.222222222222221,1.8952486290989226
2022_2022-05-21_day1_014_h30,2022,30,M1_no_solar,4.444444444444443,2.6148079566501523
2022_2022-05-21_day1_015_h30,2022,30,M1_no_solar,2.7777777777777786,2.3981059832517353
2022_2022-05-21_day1_016_h30,2022,30,M1_no_solar,0.0,1.3751638929427177
2022_2022-05-21_day1_017_h30,2022,30,M1_no_solar,-2.2222222222222214,0.7770120584288389
2022_2022-05-21_day1_018_h30,2022,30,M1_no_solar,-3.3333333333333286,0.3955621973133807
2022_2022-05-21_day1_019_h30,2022,30,M1_no_solar,-3.3333333333333357,0.43890259199306425
2022_2022-05-21_day1_020_h30,2022,30,M1_no_solar,1.1111111111111072,1.6352062610208216
2022_2022-05-21_day1_021_h30,2022,30,M1_no_solar,-3.888888888888893,1.1670756105459952
2022_2022-05-21_day1_022_h30,2022,30,M1_no_solar,-6.111111111111107,0.057452730877609604
2022_2022-05-21_day1_023_h30,2022,30,M1_no_solar,0.5555555555555571,-1.0868968524687626
2022_2022-05-21_day1_024_h30,2022,30,M1_no_solar,2.7777777777777786,-1.5983678976232736
2022_2022-05-21_day1_025_h30,2022,30,M1_no_solar,0.5555555555555571,-1.3469392205468633
2022_2022-05-21_day1_026_h30,2022,30,M1_no_solar,-3.3333333333333357,-1.563641193945284
2022_2022-05-21_day1_027_h30,2022,30,M1_no_solar,-2.7777777777777786,0.4389025919930647
2022_2022-05-21_day1_028_h30,2022,30,M1_no_solar,-3.8888888888888897,1.5485254716614505
2022_2022-05-21_day1_000_h30,2022,30,M2a_delta_solar,1.1111111111111107,2.209184424844133
2022_2022-05-21_day1_001_h30,2022,30,M2a_delta_solar,1.666666666666668,2.624933524569099
2022_2022-05-21_day1_002_h30,2022,30,M2a_delta_solar,2.777777777777775,2.214265605985592
2022_2022-05-21_day1_003_h30,2022,30,M2a_delta_solar,1.6666666666666643,2.2122416072352022
2022_2022-05-21_day1_004_h30,2022,30,M2a_delta_solar,0.5555555555555571,1.7833866398718503
2022_2022-05-21_day1_007_h30,2022,30,M2a_delta_solar,0.0,1.3345146047138272
2022_2022-05-21_day1_008_h30,2022,30,M2a_delta_solar,0.0,1.3198910449830736
2022_2022-05-21_day1_009_h30,2022,30,M2a_delta_solar,1.1111111111111107,1.7105926920977068
2022_2022-05-21_day1_010_h30,2022,30,M2a_delta_solar,2.7777777777777786,1.685399712194822
2022_2022-05-21_day1_011_h30,2022,30,M2a_delta_solar,2.222222222222225,2.0574392093592544
2022_2022-05-21_day1_012_h30,2022,30,M2a_delta_solar,4.444444444444443,1.9993935677473793
2022_2022-05-21_day1_013_h30,2022,30,M2a_delta_solar,7.222222222222221,1.944202986235132
2022_2022-05-21_day1_014_h30,2022,30,M2a_delta_solar,4.444444444444443,2.6673062728437706
2022_2022-05-21_day1_015_h30,2022,30,M2a_delta_solar,2.7777777777777786,2.5511192819894544
2022_2022-05-21_day1_016_h30,2022,30,M2a_delta_solar,0.0,1.6085456721463873
2022_2022-05-21_day1_017_h30,2022,30,M2a_delta_solar,-2.2222222222222214,1.0488767277373148
2022_2022-05-21_day1_018_h30,2022,30,M2a_delta_solar,-3.3333333333333286,0.49725154172071323
2022_2022-05-21_day1_019_h30,2022,30,M2a_delta_solar,-3.3333333333333357,0.34170116243362936
2022_2022-05-21_day1_020_h30,2022,30,M2a_delta_solar,1.1111111111111072,1.0348521202390413
2022_2022-05-21_day1_021_h30,2022,30,M2a_delta_solar,-3.888888888888893,0.4809006255628214
2022_2022-05-21_day1_022_h30,2022,30,M2a_delta_solar,-6.111111111111107,-0.4832125730207495
2022_2022-05-21_day1_023_h30,2022,30,M2a_delta_solar,0.5555555555555571,-1.783451916379024
2022_2022-05-21_day1_024_h30,2022,30,M2a_delta_solar,2.7777777777777786,-2.278974434575476
2022_2022-05-21_day1_025_h30,2022,30,M2a_delta_solar,0.5555555555555571,-1.9574764614822338
2022_2022-05-21_day1_026_h30,2022,30,M2a_delta_solar,-3.3333333333333357,-2.0317406157002234
2022_2022-05-21_day1_027_h30,2022,30,M2a_delta_solar,-2.7777777777777786,-0.41373689627504207
2022_2022-05-21_day1_028_h30,2022,30,M2a_delta_solar,-3.8888888888888897,0.3980951751668793
2022_2022-05-21_day1_000_h30,2022,30,M2b_mean_solar,1.1111111111111107,1.354377006897487
2022_2022-05-21_day1_001_h30,2022,30,M2b_mean_solar,1.666666666666668,1.9593861957639096
2022_2022-05-21_day1_002_h30,2022,30,M2b_mean_solar,2.777777777777775,1.571882358791741
2022_2022-05-21_day1_003_h30,2022,30,M2b_mean_solar,1.6666666666666643,1.6475650272170168
2022_2022-05-21_day1_004_h30,2022,30,M2b_mean_solar,0.5555555555555571,1.056523618844497
2022_2022-05-21_day1_007_h30,2022,30,M2b_mean_solar,0.0,1.3161345855119875
2022_2022-05-21_day1_008_h30,2022,30,M2b_mean_solar,0.0,1.4546445380539426
2022_2022-05-21_day1_009_h30,2022,30,M2b_mean_solar,1.1111111111111107,2.052965986005595
2022_2022-05-21_day1_010_h30,2022,30,M2b_mean_solar,2.7777777777777786,2.1850780849883673
2022_2022-05-21_day1_011_h30,2022,30,M2b_mean_solar,2.222222222222225,2.706855571790997
2022_2022-05-21_day1_012_h30,2022,30,M2b_mean_solar,4.444444444444443,2.6235430338738173
2022_2022-05-21_day1_013_h30,2022,30,M2b_mean_solar,7.222222222222221,2.7367827844825907
2022_2022-05-21_day1_014_h30,2022,30,M2b_mean_solar,4.444444444444443,3.424003556832931
2022_2022-05-21_day1_015_h30,2022,30,M2b_mean_solar,2.7777777777777786,3.172956492249516
2022_2022-05-21_day1_016_h30,2022,30,M2b_mean_solar,0.0,2.184925109595846
2022_2022-05-21_day1_017_h30,2022,30,M2b_mean_solar,-2.2222222222222214,1.5715547444295561
2022_2022-05-21_day1_018_h30,2022,30,M2b_mean_solar,-3.3333333333333286,1.2763501460802933
2022_2022-05-21_day1_019_h30,2022,30,M2b_mean_solar,-3.3333333333333357,1.350877143446169
2022_2022-05-21_day1_020_h30,2022,30,M2b_mean_solar,1.1111111111111072,2.6663603022134676
2022_2022-05-21_day1_021_h30,2022,30,M2b_mean_solar,-3.888888888888893,2.1611753711655775
2022_2022-05-21_day1_022_h30,2022,30,M2b_mean_solar,-6.111111111111107,0.8993743420753202
2022_2022-05-21_day1_023_h30,2022,30,M2b_mean_solar,0.5555555555555571,-0.16129809265816775
2022_2022-05-21_day1_024_h30,2022,30,M2b_mean_solar,2.7777777777777786,-0.7887575845802862
2022_2022-05-21_day1_025_h30,2022,30,M2b_mean_solar,0.5555555555555571,-0.7754109435364633
2022_2022-05-21_day1_026_h30,2022,30,M2b_mean_solar,-3.3333333333333357,-1.2337142531530507
2022_2022-05-21_day1_027_h30,2022,30,M2b_mean_solar,-2.7777777777777786,0.6967047201474339
2022_2022-05-21_day1_028_h30,2022,30,M2b_mean_solar,-3.8888888888888897,1.764745271643154
2022_2022-05-21_day1_000_h30,2022,30,M2c_both_solar,1.1111111111111107,1.2838163899259516
2022_2022-05-21_day1_001_h30,2022,30,M2c_both_solar,1.666666666666668,1.8318383170971801
2022_2022-05-21_day1_002_h30,2022,30,M2c_both_solar,2.777777777777775,1.5167767999731112
2022_2022-05-21_day1_003_h30,2022,30,M2c_both_solar,1.6666666666666643,1.6155968507347522
2022_2022-05-21_day1_004_h30,2022,30,M2c_both_solar,0.5555555555555571,1.1976478440448208
2022_2022-05-21_day1_007_h30,2022,30,M2c_both_solar,0.0,1.4676516074008312
2022_2022-05-21_day1_008_h30,2022,30,M2c_both_solar,0.0,1.5806143940534498
2022_2022-05-21_day1_009_h30,2022,30,M2c_both_solar,1.1111111111111107,2.1016308675704805
2022_2022-05-21_day1_010_h30,2022,30,M2c_both_solar,2.7777777777777786,2.199965823611171
2022_2022-05-21_day1_011_h30,2022,30,M2c_both_solar,2.222222222222225,2.6682803488301667
2022_2022-05-21_day1_012_h30,2022,30,M2c_both_solar,4.444444444444443,2.640710445894455
2022_2022-05-21_day1_013_h30,2022,30,M2c_both_solar,7.222222222222221,2.6968837798371945
2022_2022-05-21_day1_014_h30,2022,30,M2c_both_solar,4.444444444444443,3.390177727300503
2022_2022-05-21_day1_015_h30,2022,30,M2c_both_solar,2.7777777777777786,3.2265445100078356
2022_2022-05-21_day1_016_h30,2022,30,M2c_both_solar,0.0,2.302412885385846
2022_2022-05-21_day1_017_h30,2022,30,M2c_both_solar,-2.2222222222222214,1.7227083867431656
2022_2022-05-21_day1_018_h30,2022,30,M2c_both_solar,-3.3333333333333286,1.2768091393850325
2022_2022-05-21_day1_019_h30,2022,30,M2c_both_solar,-3.3333333333333357,1.1819023922334815
2022_2022-05-21_day1_020_h30,2022,30,M2c_both_solar,1.1111111111111072,2.0648820807694923
2022_2022-05-21_day1_021_h30,2022,30,M2c_both_solar,-3.888888888888893,1.491440694471087
2022_2022-05-21_day1_022_h30,2022,30,M2c_both_solar,-6.111111111111107,0.3660291342061599
2022_2022-05-21_day1_023_h30,2022,30,M2c_both_solar,0.5555555555555571,-0.8331366426320976
2022_2022-05-21_day1_024_h30,2022,30,M2c_both_solar,2.7777777777777786,-1.4361043537896496
2022_2022-05-21_day1_025_h30,2022,30,M2c_both_solar,0.5555555555555571,-1.3412439729032049
2022_2022-05-21_day1_026_h30,2022,30,M2c_both_solar,-3.3333333333333357,-1.6571355130685272
2022_2022-05-21_day1_027_h30,2022,30,M2c_both_solar,-2.7777777777777786,-0.04157893932322754
2022_2022-05-21_day1_028_h30,2022,30,M2c_both_solar,-3.8888888888888897,0.7812583247379756
2022_2022-05-21_day1_000_h60,2022,60,M1_no_solar,3.8888888888888857,4.952940728807119
2022_2022-05-21_day1_001_h60,2022,60,M1_no_solar,3.333333333333332,5.612320123872841
2022_2022-05-21_day1_002_h60,2022,60,M1_no_solar,3.333333333333332,4.130831535515949
2022_2022-05-21_day1_006_h60,2022,60,M1_no_solar,0.0,2.983262745773893
2022_2022-05-21_day1_007_h60,2022,60,M1_no_solar,1.1111111111111107,2.242518451595444
2022_2022-05-21_day1_008_h60,2022,60,M1_no_solar,2.7777777777777786,2.242518451595444
2022_2022-05-21_day1_009_h60,2022,60,M1_no_solar,3.3333333333333357,3.64264214083962
2022_2022-05-21_day1_010_h60,2022,60,M1_no_solar,7.222222222222221,3.64264214083962
2022_2022-05-21_day1_011_h60,2022,60,M1_no_solar,9.444444444444446,4.22065663679262
2022_2022-05-21_day1_012_h60,2022,60,M1_no_solar,8.888888888888886,5.4580505278113485
2022_2022-05-21_day1_013_h60,2022,60,M1_no_solar,10.0,5.4580505278113485
2022_2022-05-21_day1_014_h60,2022,60,M1_no_solar,4.444444444444443,4.888496234022298
2022_2022-05-21_day1_015_h60,2022,60,M1_no_solar,0.5555555555555571,3.740927444280246
2022_2022-05-21_day1_016_h60,2022,60,M1_no_solar,-3.3333333333333286,1.5186945617449052
2022_2022-05-21_day1_017_h60,2022,60,M1_no_solar,-5.555555555555557,0.6152204693410135
2022_2022-05-21_day1_018_h60,2022,60,M1_no_solar,-2.2222222222222214,1.600059460857627
2022_2022-05-21_day1_019_h60,2022,60,M1_no_solar,-7.2222222222222285,0.9406800657918994
2022_2022-05-21_day1_020_h60,2022,60,M1_no_solar,-5.0,1.2661396622427903
2022_2022-05-21_day1_021_h60,2022,60,M1_no_solar,-3.3333333333333357,-1.6154726153582777
2022_2022-05-21_day1_022_h60,2022,60,M1_no_solar,-3.3333333333333286,-4.000435296119062
2022_2022-05-21_day1_023_h60,2022,60,M1_no_solar,1.1111111111111145,-4.749639792461455
2022_2022-05-21_day1_024_h60,2022,60,M1_no_solar,-0.5555555555555571,-5.490384086639905
2022_2022-05-21_day1_025_h60,2022,60,M1_no_solar,-2.2222222222222214,-2.2748520104239995
2022_2022-05-21_day1_026_h60,2022,60,M1_no_solar,-7.222222222222225,-1.200187917630716
2022_2022-05-21_day1_000_h60,2022,60,M2a_delta_solar,3.8888888888888857,4.900786846244944
2022_2022-05-21_day1_001_h60,2022,60,M2a_delta_solar,3.333333333333332,5.433652596495591
2022_2022-05-21_day1_002_h60,2022,60,M2a_delta_solar,3.333333333333332,4.335507328250575
2022_2022-05-21_day1_006_h60,2022,60,M2a_delta_solar,0.0,3.6460023046519945
2022_2022-05-21_day1_007_h60,2022,60,M2a_delta_solar,1.1111111111111107,3.0254859302427417
2022_2022-05-21_day1_008_h60,2022,60,M2a_delta_solar,2.7777777777777786,2.991297903084558
2022_2022-05-21_day1_009_h60,2022,60,M2a_delta_solar,3.3333333333333357,4.023549274472222
2022_2022-05-21_day1_010_h60,2022,60,M2a_delta_solar,7.222222222222221,3.96534664294727
2022_2022-05-21_day1_011_h60,2022,60,M2a_delta_solar,9.444444444444446,4.3885260639102714
2022_2022-05-21_day1_012_h60,2022,60,M2a_delta_solar,8.888888888888886,5.314854896954991
2022_2022-05-21_day1_013_h60,2022,60,M2a_delta_solar,10.0,5.189818927043704
2022_2022-05-21_day1_014_h60,2022,60,M2a_delta_solar,4.444444444444443,4.846802119724099
2022_2022-05-21_day1_015_h60,2022,60,M2a_delta_solar,0.5555555555555571,3.969640452776089
2022_2022-05-21_day1_016_h60,2022,60,M2a_delta_solar,-3.3333333333333286,2.08754266301058
2022_2022-05-21_day1_017_h60,2022,60,M2a_delta_solar,-5.555555555555557,1.2295575228483224
2022_2022-05-21_day1_018_h60,2022,60,M2a_delta_solar,-2.2222222222222214,1.5949132123571834
2022_2022-05-21_day1_019_h60,2022,60,M2a_delta_solar,-7.2222222222222285,0.8080820386734175
2022_2022-05-21_day1_020_h60,2022,60,M2a_delta_solar,-5.0,0.6725958466375626
2022_2022-05-21_day1_021_h60,2022,60,M2a_delta_solar,-3.3333333333333357,-1.7183458714028448
2022_2022-05-21_day1_022_h60,2022,60,M2a_delta_solar,-3.3333333333333286,-3.601660339276633
2022_2022-05-21_day1_023_h60,2022,60,M2a_delta_solar,1.1111111111111145,-4.6073404968399245
2022_2022-05-21_day1_024_h60,2022,60,M2a_delta_solar,-0.5555555555555571,-5.269749790735641
2022_2022-05-21_day1_025_h60,2022,60,M2a_delta_solar,-2.2222222222222214,-2.7560657150207724
2022_2022-05-21_day1_026_h60,2022,60,M2a_delta_solar,-7.222222222222225,-1.8514477519414894
2022_2022-05-21_day1_000_h60,2022,60,M2b_mean_solar,3.8888888888888857,2.2542553204531637
2022_2022-05-21_day1_001_h60,2022,60,M2b_mean_solar,3.333333333333332,3.287596519728395
2022_2022-05-21_day1_002_h60,2022,60,M2b_mean_solar,3.333333333333332,1.8613734061251406
2022_2022-05-21_day1_006_h60,2022,60,M2b_mean_solar,0.0,1.6228206883366307
2022_2022-05-21_day1_007_h60,2022,60,M2b_mean_solar,1.1111111111111107,1.8773750014998396
2022_2022-05-21_day1_008_h60,2022,60,M2b_mean_solar,2.7777777777777786,2.143123972266715
2022_2022-05-21_day1_009_h60,2022,60,M2b_mean_solar,3.3333333333333357,4.00678882322161
2022_2022-05-21_day1_010_h60,2022,60,M2b_mean_solar,7.222222222222221,4.254367758558182
2022_2022-05-21_day1_011_h60,2022,60,M2b_mean_solar,9.444444444444446,5.135338146096071
2022_2022-05-21_day1_012_h60,2022,60,M2b_mean_solar,8.888888888888886,6.74993807747196
2022_2022-05-21_day1_013_h60,2022,60,M2b_mean_solar,10.0,6.94502561396402
2022_2022-05-21_day1_014_h60,2022,60,M2b_mean_solar,4.444444444444443,6.384146553494107
2022_2022-05-21_day1_015_h60,2022,60,M2b_mean_solar,0.5555555555555571,5.143641065607242
2022_2022-05-21_day1_016_h60,2022,60,M2b_mean_solar,-3.3333333333333286,2.6757710315321113
2022_2022-05-21_day1_017_h60,2022,60,M2b_mean_solar,-5.555555555555557,1.667806340311706
2022_2022-05-21_day1_018_h60,2022,60,M2b_mean_solar,-2.2222222222222214,2.846265667380278
2022_2022-05-21_day1_019_h60,2022,60,M2b_mean_solar,-7.2222222222222285,2.0622436674462263
2022_2022-05-21_day1_020_h60,2022,60,M2b_mean_solar,-5.0,2.4023635155757304
2022_2022-05-21_day1_021_h60,2022,60,M2b_mean_solar,-3.3333333333333357,-1.029675564832132
2022_2022-05-21_day1_022_h60,2022,60,M2b_mean_solar,-3.3333333333333286,-3.954601384136355
2022_2022-05-21_day1_023_h60,2022,60,M2b_mean_solar,1.1111111111111145,-4.909604382579549
2022_2022-05-21_day1_024_h60,2022,60,M2b_mean_solar,-0.5555555555555571,-5.971080117694009
2022_2022-05-21_day1_025_h60,2022,60,M2b_mean_solar,-2.2222222222222214,-2.546927970034182
2022_2022-05-21_day1_026_h60,2022,60,M2b_mean_solar,-7.222222222222225,-1.5987058930301035
2022_2022-05-21_day1_000_h60,2022,60,M2c_both_solar,3.8888888888888857,2.430986557898388
2022_2022-05-21_day1_001_h60,2022,60,M2c_both_solar,3.333333333333332,3.3280954644510468
2022_2022-05-21_day1_002_h60,2022,60,M2c_both_solar,3.333333333333332,2.217649732312375
2022_2022-05-21_day1_006_h60,2022,60,M2c_both_solar,0.0,2.287608688120942
2022_2022-05-21_day1_007_h60,2022,60,M2c_both_solar,1.1111111111111107,2.5613642154221994
2022_2022-05-21_day1_008_h60,2022,60,M2c_both_solar,2.7777777777777786,2.7768542311543483
2022_2022-05-21_day1_009_h60,2022,60,M2c_both_solar,3.3333333333333357,4.295315287829421
2022_2022-05-21_day1_010_h60,2022,60,M2c_both_solar,7.222222222222221,4.474054020712328
2022_2022-05-21_day1_011_h60,2022,60,M2c_both_solar,9.444444444444446,5.200925696833899
2022_2022-05-21_day1_012_h60,2022,60,M2c_both_solar,8.888888888888886,6.524833080730737
2022_2022-05-21_day1_013_h60,2022,60,M2c_both_solar,10.0,6.599525303826715
2022_2022-05-21_day1_014_h60,2022,60,M2c_both_solar,4.444444444444443,6.227213434934011
2022_2022-05-21_day1_015_h60,2022,60,M2c_both_solar,0.5555555555555571,5.220223930131185
2022_2022-05-21_day1_016_h60,2022,60,M2c_both_solar,-3.3333333333333286,3.0565942875437253
2022_2022-05-21_day1_017_h60,2022,60,M2c_both_solar,-5.555555555555557,2.095166349383665
2022_2022-05-21_day1_018_h60,2022,60,M2c_both_solar,-2.2222222222222214,2.740232140277305
2022_2022-05-21_day1_019_h60,2022,60,M2c_both_solar,-7.2222222222222285,1.8598974809124798
2022_2022-05-21_day1_020_h60,2022,60,M2c_both_solar,-5.0,1.8136935763369255
2022_2022-05-21_day1_021_h60,2022,60,M2c_both_solar,-3.3333333333333357,-1.1634490883185045
2022_2022-05-21_day1_022_h60,2022,60,M2c_both_solar,-3.3333333333333286,-3.6251607003796984
2022_2022-05-21_day1_023_h60,2022,60,M2c_both_solar,1.1111111111111145,-4.777652561134081
2022_2022-05-21_day1_024_h60,2022,60,M2c_both_solar,-0.5555555555555571,-5.74749541623968
2022_2022-05-21_day1_025_h60,2022,60,M2c_both_solar,-2.2222222222222214,-2.926778218321214
2022_2022-05-21_day1_026_h60,2022,60,M2c_both_solar,-7.222222222222225,-2.1103101112632126
2022_2022-05-21_day1_000_h90,2022,90,M1_no_solar,4.444444444444443,7.5231617040149565
2022_2022-05-21_day1_004_h90,2022,90,M1_no_solar,0.5555555555555571,5.420673757927914
2022_2022-05-21_day1_005_h90,2022,90,M1_no_solar,0.5555555555555571,4.86851417376478
2022_2022-05-21_day1_006_h90,2022,90,M1_no_solar,0.0,4.583323094404557
2022_2022-05-21_day1_007_h90,2022,90,M1_no_solar,3.3333333333333357,5.2780782182478045
2022_2022-05-21_day1_008_h90,2022,90,M1_no_solar,7.222222222222221,5.2780782182478045
2022_2022-05-21_day1_009_h90,2022,90,M1_no_solar,10.555555555555555,6.5249929262541855
2022_2022-05-21_day1_010_h90,2022,90,M1_no_solar,11.666666666666664,7.914503173940676
2022_2022-05-21_day1_011_h90,2022,90,M1_no_solar,12.222222222222223,8.324067218423703
2022_2022-05-21_day1_012_h90,2022,90,M1_no_solar,8.888888888888886,7.896280599383376
2022_2022-05-21_day1_013_h90,2022,90,M1_no_solar,7.777777777777779,7.2015254755401275
2022_2022-05-21_day1_014_h90,2022,90,M1_no_solar,1.1111111111111145,5.508601573936113
2022_2022-05-21_day1_015_h90,2022,90,M1_no_solar,-2.7777777777777786,4.100868751692321
2022_2022-05-21_day1_016_h90,2022,90,M1_no_solar,-2.2222222222222214,3.4061136278490785
2022_2022-05-21_day1_017_h90,2022,90,M1_no_solar,-9.44444444444445,1.731412300802364
2022_2022-05-21_day1_018_h90,2022,90,M1_no_solar,-8.333333333333329,1.4644437959994505
2022_2022-05-21_day1_019_h90,2022,90,M1_no_solar,-6.666666666666671,-1.171981159693427
2022_2022-05-21_day1_020_h90,2022,90,M1_no_solar,-2.2222222222222214,-1.296354124816233
2022_2022-05-21_day1_021_h90,2022,90,M1_no_solar,-2.7777777777777786,-3.238023956665856
2022_2022-05-21_day1_022_h90,2022,90,M1_no_solar,-6.666666666666664,-5.607480407555812
2022_2022-05-21_day1_023_h90,2022,90,M1_no_solar,-1.6666666666666643,-2.934610302748336
2022_2022-05-21_day1_024_h90,2022,90,M1_no_solar,-4.444444444444446,-2.239855178905094
2022_2022-05-21_day1_000_h90,2022,90,M2a_delta_solar,4.444444444444443,7.977154770168999
2022_2022-05-21_day1_004_h90,2022,90,M2a_delta_solar,0.5555555555555571,6.6429564512391694
2022_2022-05-21_day1_005_h90,2022,90,M2a_delta_solar,0.5555555555555571,6.253629034390799
2022_2022-05-21_day1_006_h90,2022,90,M2a_delta_solar,0.0,6.0755405829166484
2022_2022-05-21_day1_007_h90,2022,90,M2a_delta_solar,3.3333333333333357,6.413728731954641
2022_2022-05-21_day1_008_h90,2022,90,M2a_delta_solar,7.222222222222221,6.353478381890263
2022_2022-05-21_day1_009_h90,2022,90,M2a_delta_solar,10.555555555555555,7.120353475865901
2022_2022-05-21_day1_010_h90,2022,90,M2a_delta_solar,11.666666666666664,7.946683338491577
2022_2022-05-21_day1_011_h90,2022,90,M2a_delta_solar,12.222222222222223,8.11502410164883
2022_2022-05-21_day1_012_h90,2022,90,M2a_delta_solar,8.888888888888886,7.702055321491985
2022_2022-05-21_day1_013_h90,2022,90,M2a_delta_solar,7.777777777777779,7.033511185149727
2022_2022-05-21_day1_014_h90,2022,90,M2a_delta_solar,1.1111111111111145,5.7463430979772685
2022_2022-05-21_day1_015_h90,2022,90,M2a_delta_solar,-2.7777777777777786,4.587768640788813
2022_2022-05-21_day1_016_h90,2022,90,M2a_delta_solar,-2.2222222222222214,3.815318270094613
2022_2022-05-21_day1_017_h90,2022,90,M2a_delta_solar,-9.44444444444445,2.401396706106762
2022_2022-05-21_day1_018_h90,2022,90,M2a_delta_solar,-8.333333333333329,1.8684641835678262
2022_2022-05-21_day1_019_h90,2022,90,M2a_delta_solar,-6.666666666666671,-0.20144794265063037
2022_2022-05-21_day1_020_h90,2022,90,M2a_delta_solar,-2.2222222222222214,-0.5994862624148496
2022_2022-05-21_day1_021_h90,2022,90,M2a_delta_solar,-2.7777777777777786,-2.133830426470425
2022_2022-05-21_day1_022_h90,2022,90,M2a_delta_solar,-6.666666666666664,-3.8753622397657894
2022_2022-05-21_day1_023_h90,2022,90,M2a_delta_solar,-1.6666666666666643,-2.3514668587702934
2022_2022-05-21_day1_024_h90,2022,90,M2a_delta_solar,-4.444444444444446,-2.0027790120587214
2022_2022-05-21_day1_000_h90,2022,90,M2b_mean_solar,4.444444444444443,3.7732971752514866
2022_2022-05-21_day1_004_h90,2022,90,M2b_mean_solar,0.5555555555555571,2.7668685463864424
2022_2022-05-21_day1_005_h90,2022,90,M2b_mean_solar,0.5555555555555571,2.4438167994974047
2022_2022-05-21_day1_006_h90,2022,90,M2b_mean_solar,0.0,2.481851267485535
2022_2022-05-21_day1_007_h90,2022,90,M2b_mean_solar,3.3333333333333357,4.5863783506201585
2022_2022-05-21_day1_008_h90,2022,90,M2b_mean_solar,7.222222222222221,4.888687884037811
2022_2022-05-21_day1_009_h90,2022,90,M2b_mean_solar,10.555555555555555,6.6473084854774225
2022_2022-05-21_day1_010_h90,2022,90,M2b_mean_solar,11.666666666666664,8.536337477957302
2022_2022-05-21_day1_011_h90,2022,90,M2b_mean_solar,12.222222222222223,9.294727833532768
2022_2022-05-21_day1_012_h90,2022,90,M2b_mean_solar,8.888888888888886,9.065679138805127
2022_2022-05-21_day1_013_h90,2022,90,M2b_mean_solar,7.777777777777779,8.438737928742892
2022_2022-05-21_day1_014_h90,2022,90,M2b_mean_solar,1.1111111111111145,6.730779768957809
2022_2022-05-21_day1_015_h90,2022,90,M2b_mean_solar,-2.7777777777777786,5.277679499848632
2022_2022-05-21_day1_016_h90,2022,90,M2b_mean_solar,-2.2222222222222214,4.524200908034054
2022_2022-05-21_day1_017_h90,2022,90,M2b_mean_solar,-9.44444444444445,2.6185936670545553
2022_2022-05-21_day1_018_h90,2022,90,M2b_mean_solar,-8.333333333333329,2.221727977724724
2022_2022-05-21_day1_019_h90,2022,90,M2b_mean_solar,-6.666666666666671,-0.9464567055084778
2022_2022-05-21_day1_020_h90,2022,90,M2b_mean_solar,-2.2222222222222214,-1.282962613384993
2022_2022-05-21_day1_021_h90,2022,90,M2b_mean_solar,-2.7777777777777786,-3.7265173289379008
2022_2022-05-21_day1_022_h90,2022,90,M2b_mean_solar,-6.666666666666664,-6.653647927512427
2022_2022-05-21_day1_023_h90,2022,90,M2b_mean_solar,-1.6666666666666643,-3.9274830712567663
2022_2022-05-21_day1_024_h90,2022,90,M2b_mean_solar,-4.444444444444446,-3.3762862891174694
2022_2022-05-21_day1_000_h90,2022,90,M2c_both_solar,4.444444444444443,4.593638267008207
2022_2022-05-21_day1_004_h90,2022,90,M2c_both_solar,0.5555555555555571,4.1360333474031865
2022_2022-05-21_day1_005_h90,2022,90,M2c_both_solar,0.5555555555555571,3.9296599887220554
2022_2022-05-21_day1_006_h90,2022,90,M2c_both_solar,0.0,4.024978455284066
2022_2022-05-21_day1_007_h90,2022,90,M2c_both_solar,3.3333333333333357,5.658395651027545
2022_2022-05-21_day1_008_h90,2022,90,M2c_both_solar,7.222222222222221,5.873870283897873
2022_2022-05-21_day1_009_h90,2022,90,M2c_both_solar,10.555555555555555,7.154609717185414
2022_2022-05-21_day1_010_h90,2022,90,M2c_both_solar,11.666666666666664,8.494362030629109
2022_2022-05-21_day1_011_h90,2022,90,M2c_both_solar,12.222222222222223,9.002271241425863
2022_2022-05-21_day1_012_h90,2022,90,M2c_both_solar,8.888888888888886,8.76377485640571
2022_2022-05-21_day1_013_h90,2022,90,M2c_both_solar,7.777777777777779,8.152125934547037
2022_2022-05-21_day1_014_h90,2022,90,M2c_both_solar,1.1111111111111145,6.801007416626275
2022_2022-05-21_day1_015_h90,2022,90,M2c_both_solar,-2.7777777777777786,5.5711040642489875
2022_2022-05-21_day1_016_h90,2022,90,M2c_both_solar,-2.2222222222222214,4.756245437472048
2022_2022-05-21_day1_017_h90,2022,90,M2c_both_solar,-9.44444444444445,3.1049352673728365
2022_2022-05-21_day1_018_h90,2022,90,M2c_both_solar,-8.333333333333329,2.4899327494579016
2022_2022-05-21_day1_019_h90,2022,90,M2c_both_solar,-6.666666666666671,-0.12242176749898537
2022_2022-05-21_day1_020_h90,2022,90,M2c_both_solar,-2.2222222222222214,-0.6745291912767266
2022_2022-05-21_day1_021_h90,2022,90,M2c_both_solar,-2.7777777777777786,-2.704954490589148
2022_2022-05-21_day1_022_h90,2022,90,M2c_both_solar,-6.666666666666664,-5.019580232201655
2022_2022-05-21_day1_023_h90,2022,90,M2c_both_solar,-1.6666666666666643,-3.305084121460407
2022_2022-05-21_day1_024_h90,2022,90,M2c_both_solar,-4.444444444444446,-3.0405947864804777
2022_2022-05-21_day1_002_h120,2022,120,M1_no_solar,3.333333333333332,8.293011828766733
2022_2022-05-21_day1_003_h120,2022,120,M1_no_solar,2.2222222222222214,7.510124573068433
2022_2022-05-21_day1_004_h120,2022,120,M1_no_solar,0.5555555555555571,6.3758277535710794
2022_2022-05-21_day1_005_h120,2022,120,M1_no_solar,0.5555555555555571,5.944350061671836
2022_2022-05-21_day1_006_h120,2022,120,M1_no_solar,1.1111111111111107,6.200122971671552
2022_2022-05-21_day1_007_h120,2022,120,M1_no_solar,10.555555555555555,7.414487919269096
2022_2022-05-21_day1_008_h120,2022,120,M1_no_solar,11.666666666666664,8.628852866866639
2022_2022-05-21_day1_009_h120,2022,120,M1_no_solar,13.333333333333336,9.66751303256466
2022_2022-05-21_day1_010_h120,2022,120,M1_no_solar,11.666666666666664,9.66751303256466
2022_2022-05-21_day1_011_h120,2022,120,M1_no_solar,10.000000000000004,9.316103468765604
2022_2022-05-21_day1_012_h120,2022,120,M1_no_solar,5.555555555555557,8.18180664926825
2022_2022-05-21_day1_013_h120,2022,120,M1_no_solar,4.444444444444443,7.574624175469476
2022_2022-05-21_day1_014_h120,2022,120,M1_no_solar,2.2222222222222214,6.951873175971562
2022_2022-05-21_day1_015_h120,2022,120,M1_no_solar,-6.666666666666671,4.858984318876383
2022_2022-05-21_day1_016_h120,2022,120,M1_no_solar,-8.333333333333329,3.0374368974800694
2022_2022-05-21_day1_017_h120,2022,120,M1_no_solar,-8.888888888888893,-0.34988503531285
2022_2022-05-21_day1_018_h120,2022,120,M1_no_solar,-5.55555555555555,-1.0371356372118115
2022_2022-05-21_day1_019_h120,2022,120,M1_no_solar,-6.111111111111114,-2.6829782767085995
2022_2022-05-21_day1_020_h120,2022,120,M1_no_solar,-5.555555555555557,-2.5873416229092623
2022_2022-05-21_day1_021_h120,2022,120,M1_no_solar,-5.555555555555557,-1.8044543672109636
2022_2022-05-21_day1_022_h120,2022,120,M1_no_solar,-10.555555555555554,-2.76304640480879
2022_2022-05-21_day1_002_h120,2022,120,M2a_delta_solar,3.333333333333332,9.815934670423566
2022_2022-05-21_day1_003_h120,2022,120,M2a_delta_solar,2.2222222222222214,9.375080655774312
2022_2022-05-21_day1_004_h120,2022,120,M2a_delta_solar,0.5555555555555571,8.696681963357957
2022_2022-05-21_day1_005_h120,2022,120,M2a_delta_solar,0.5555555555555571,8.475982865975505
2022_2022-05-21_day1_006_h120,2022,120,M2a_delta_solar,1.1111111111111107,8.538755078151599
2022_2022-05-21_day1_007_h120,2022,120,M2a_delta_solar,10.555555555555555,8.958231125496567
2022_2022-05-21_day1_008_h120,2022,120,M2a_delta_solar,11.666666666666664,9.494536281944525
2022_2022-05-21_day1_009_h120,2022,120,M2a_delta_solar,13.333333333333336,9.885191744770708
2022_2022-05-21_day1_010_h120,2022,120,M2a_delta_solar,11.666666666666664,9.71677185142673
2022_2022-05-21_day1_011_h120,2022,120,M2a_delta_solar,10.000000000000004,9.275095535842937
2022_2022-05-21_day1_012_h120,2022,120,M2a_delta_solar,5.555555555555557,8.35399142545144
2022_2022-05-21_day1_013_h120,2022,120,M2a_delta_solar,4.444444444444443,7.738995605524748
2022_2022-05-21_day1_014_h120,2022,120,M2a_delta_solar,2.2222222222222214,6.915819081336493
2022_2022-05-21_day1_015_h120,2022,120,M2a_delta_solar,-6.666666666666671,5.3415430899584155
2022_2022-05-21_day1_016_h120,2022,120,M2a_delta_solar,-8.333333333333329,4.016942371484584
2022_2022-05-21_day1_017_h120,2022,120,M2a_delta_solar,-8.888888888888893,1.8246830587749807
2022_2022-05-21_day1_018_h120,2022,120,M2a_delta_solar,-5.55555555555555,1.189182383974214
2022_2022-05-21_day1_019_h120,2022,120,M2a_delta_solar,-6.111111111111114,0.032181055541350645
2022_2022-05-21_day1_020_h120,2022,120,M2a_delta_solar,-5.555555555555557,-0.09832364151705697
2022_2022-05-21_day1_021_h120,2022,120,M2a_delta_solar,-5.555555555555557,0.10582204140325224
2022_2022-05-21_day1_022_h120,2022,120,M2a_delta_solar,-10.555555555555554,-0.6343718105220688
2022_2022-05-21_day1_002_h120,2022,120,M2b_mean_solar,3.333333333333332,5.432952651772954
2022_2022-05-21_day1_003_h120,2022,120,M2b_mean_solar,2.2222222222222214,4.8369689762384365
2022_2022-05-21_day1_004_h120,2022,120,M2b_mean_solar,0.5555555555555571,3.866637462338886
2022_2022-05-21_day1_005_h120,2022,120,M2b_mean_solar,0.5555555555555571,3.638833001948887
2022_2022-05-21_day1_006_h120,2022,120,M2b_mean_solar,1.1111111111111107,4.354612081235183
2022_2022-05-21_day1_007_h120,2022,120,M2b_mean_solar,10.555555555555555,7.122497160960481
2022_2022-05-21_day1_008_h120,2022,120,M2b_mean_solar,11.666666666666664,8.91007815139632
2022_2022-05-21_day1_009_h120,2022,120,M2b_mean_solar,13.333333333333336,10.489287182731658
2022_2022-05-21_day1_010_h120,2022,120,M2b_mean_solar,11.666666666666664,10.720940584242136
2022_2022-05-21_day1_011_h120,2022,120,M2b_mean_solar,10.000000000000004,10.54757151994546
2022_2022-05-21_day1_012_h120,2022,120,M2b_mean_solar,5.555555555555557,9.398123018800728
2022_2022-05-21_day1_013_h120,2022,120,M2b_mean_solar,4.444444444444443,8.768914576228479
2022_2022-05-21_day1_014_h120,2022,120,M2b_mean_solar,2.2222222222222214,8.302948065894576
2022_2022-05-21_day1_015_h120,2022,120,M2b_mean_solar,-6.666666666666671,5.9114349413577365
2022_2022-05-21_day1_016_h120,2022,120,M2b_mean_solar,-8.333333333333329,3.6608857842339084
2022_2022-05-21_day1_017_h120,2022,120,M2b_mean_solar,-8.888888888888893,-0.5060295840957836
2022_2022-05-21_day1_018_h120,2022,120,M2b_mean_solar,-5.55555555555555,-1.5191826728470534
2022_2022-05-21_day1_019_h120,2022,120,M2b_mean_solar,-6.111111111111114,-3.6970535690070907
2022_2022-05-21_day1_020_h120,2022,120,M2b_mean_solar,-5.555555555555557,-3.848469328085306
2022_2022-05-21_day1_021_h120,2022,120,M2b_mean_solar,-5.555555555555557,-3.0900907120796877
2022_2022-05-21_day1_022_h120,2022,120,M2b_mean_solar,-10.555555555555554,-4.431891710141707
2022_2022-05-21_day1_002_h120,2022,120,M2c_both_solar,3.333333333333332,7.01944910983288
2022_2022-05-21_day1_003_h120,2022,120,M2c_both_solar,2.2222222222222214,6.746970953881772
2022_2022-05-21_day1_004_h120,2022,120,M2c_both_solar,0.5555555555555571,6.21121085455396
2022_2022-05-21_day1_005_h120,2022,120,M2c_both_solar,0.5555555555555571,6.179266354640186
2022_2022-05-21_day1_006_h120,2022,120,M2c_both_solar,1.1111111111111107,6.690128865554776
2022_2022-05-21_day1_007_h120,2022,120,M2c_both_solar,10.555555555555555,8.627540937721967
2022_2022-05-21_day1_008_h120,2022,120,M2c_both_solar,11.666666666666664,9.736456883724365
2022_2022-05-21_day1_009_h120,2022,120,M2c_both_solar,13.333333333333336,10.667369971957648
2022_2022-05-21_day1_010_h120,2022,120,M2c_both_solar,11.666666666666664,10.726921332436323
2022_2022-05-21_day1_011_h120,2022,120,M2c_both_solar,10.000000000000004,10.459180360336932
2022_2022-05-21_day1_012_h120,2022,120,M2c_both_solar,5.555555555555557,9.516584280711683
2022_2022-05-21_day1_013_h120,2022,120,M2c_both_solar,4.444444444444443,8.88068819571805
2022_2022-05-21_day1_014_h120,2022,120,M2c_both_solar,2.2222222222222214,8.214617726296016
2022_2022-05-21_day1_015_h120,2022,120,M2c_both_solar,-6.666666666666671,6.336649806811437
2022_2022-05-21_day1_016_h120,2022,120,M2c_both_solar,-8.333333333333329,4.58384281507397
2022_2022-05-21_day1_017_h120,2022,120,M2c_both_solar,-8.888888888888893,1.6039306910535016
2022_2022-05-21_day1_018_h120,2022,120,M2c_both_solar,-5.55555555555555,0.6537360245431714
2022_2022-05-21_day1_019_h120,2022,120,M2c_both_solar,-6.111111111111114,-1.0301584262987609
2022_2022-05-21_day1_020_h120,2022,120,M2c_both_solar,-5.555555555555557,-1.3905807011391316
2022_2022-05-21_day1_021_h120,2022,120,M2c_both_solar,-5.555555555555557,-1.1911352727408149
2022_2022-05-21_day1_022_h120,2022,120,M2c_both_solar,-10.555555555555554,-2.3064871094191455
2023_2023-05-20_day1_000_h15,2023,15,M1_no_solar,0.5555555555555571,0.6383060146554185
2023_2023-05-20_day1_001_h15,2023,15,M1_no_solar,1.1111111111111107,1.071455136919198
2023_2023-05-20_day1_002_h15,2023,15,M1_no_solar,0.5555555555555571,0.5972146685414652
2023_2023-05-20_day1_003_h15,2023,15,M1_no_solar,1.1111111111111107,1.030363790805246
2023_2023-05-20_day1_004_h15,2023,15,M1_no_solar,0.5555555555555536,0.556123322427512
2023_2023-05-20_day1_006_h15,2023,15,M1_no_solar,1.1111111111111107,0.37121226491472253
2023_2023-05-20_day1_007_h15,2023,15,M1_no_solar,1.1111111111111145,1.237510509442286
2023_2023-05-20_day1_008_h15,2023,15,M1_no_solar,2.7777777777777786,0.3301209188007693
2023_2023-05-20_day1_009_h15,2023,15,M1_no_solar,1.1111111111111072,0.22739255351588616
2023_2023-05-20_day1_010_h15,2023,15,M1_no_solar,1.6666666666666714,0.18630120740193312
2023_2023-05-20_day1_011_h15,2023,15,M1_no_solar,1.1111111111111072,0.12466418823100311
2023_2023-05-20_day1_012_h15,2023,15,M1_no_solar,1.6666666666666643,0.5372676374378063
2023_2023-05-20_day1_013_h15,2023,15,M1_no_solar,1.1111111111111145,-0.41121329931765926
2023_2023-05-20_day1_014_h15,2023,15,M1_no_solar,1.1111111111111145,0.8882340674736823
2023_2023-05-20_day1_015_h15,2023,15,M1_no_solar,1.1111111111111072,-0.01915552316783309
2023_2023-05-20_day1_016_h15,2023,15,M1_no_solar,0.5555555555555571,-0.06024686928178613
2023_2023-05-20_day1_017_h15,2023,15,M1_no_solar,0.0,-0.08079254233876287
2023_2023-05-20_day1_018_h15,2023,15,M1_no_solar,1.1111111111111072,0.8265970483027524
2023_2023-05-20_day1_019_h15,2023,15,M1_no_solar,1.1111111111111145,-0.08079254233876276
2023_2023-05-20_day1_020_h15,2023,15,M1_no_solar,0.0,-0.12188388845271603
2023_2023-05-20_day1_021_h15,2023,15,M1_no_solar,-0.5555555555555571,-0.12188388845271603
2023_2023-05-20_day1_022_h15,2023,15,M1_no_solar,0.0,-0.1013382153957394
2023_2023-05-20_day1_023_h15,2023,15,M1_no_solar,0.0,-0.5550330107164986
2023_2023-05-20_day1_024_h15,2023,15,M1_no_solar,0.5555555555555571,0.33181090686804304
2023_2023-05-20_day1_025_h15,2023,15,M1_no_solar,-0.5555555555555571,-0.12188388845271603
2023_2023-05-20_day1_026_h15,2023,15,M1_no_solar,0.0,-0.1013382153957394
2023_2023-05-20_day1_027_h15,2023,15,M1_no_solar,0.0,-0.1013382153957394
2023_2023-05-20_day1_028_h15,2023,15,M1_no_solar,0.0,-0.1013382153957394
2023_2023-05-20_day1_029_h15,2023,15,M1_no_solar,-0.5555555555555571,-0.1013382153957394
2023_2023-05-20_day1_030_h15,2023,15,M1_no_solar,-2.2222222222222214,-0.08079254233876276
2023_2023-05-20_day1_031_h15,2023,15,M1_no_solar,0.0,0.0013901498891436548
2023_2023-05-20_day1_032_h15,2023,15,M1_no_solar,-1.1111111111111072,0.4550849452098999
2023_2023-05-20_day1_033_h15,2023,15,M1_no_solar,-1.6666666666666714,-0.39066762626068285
2023_2023-05-20_day1_000_h15,2023,15,M2a_delta_solar,0.5555555555555571,0.7713572286286187
2023_2023-05-20_day1_001_h15,2023,15,M2a_delta_solar,1.1111111111111107,1.1335368670664614
2023_2023-05-20_day1_002_h15,2023,15,M2a_delta_solar,0.5555555555555571,0.7760803527867597
2023_2023-05-20_day1_003_h15,2023,15,M2a_delta_solar,1.1111111111111107,1.1369102343627788
2023_2023-05-20_day1_004_h15,2023,15,M2a_delta_solar,0.5555555555555536,0.7780408362577929
2023_2023-05-20_day1_006_h15,2023,15,M2a_delta_solar,1.1111111111111107,0.7612603332078742
2023_2023-05-20_day1_007_h15,2023,15,M2a_delta_solar,1.1111111111111145,1.472057787298971
2023_2023-05-20_day1_008_h15,2023,15,M2a_delta_solar,2.7777777777777786,0.7419331387659874
2023_2023-05-20_day1_009_h15,2023,15,M2a_delta_solar,1.1111111111111072,0.7283042235706567
2023_2023-05-20_day1_010_h15,2023,15,M2a_delta_solar,1.6666666666666714,0.7098397605676052
2023_2023-05-20_day1_011_h15,2023,15,M2a_delta_solar,1.1111111111111072,0.6859986443323064
2023_2023-05-20_day1_012_h15,2023,15,M2a_delta_solar,1.6666666666666643,1.014385799007041
2023_2023-05-20_day1_013_h15,2023,15,M2a_delta_solar,1.1111111111111145,0.25550407015471777
2023_2023-05-20_day1_014_h15,2023,15,M2a_delta_solar,1.1111111111111145,1.283816011428919
2023_2023-05-20_day1_015_h15,2023,15,M2a_delta_solar,1.1111111111111072,0.5029334132057293
2023_2023-05-20_day1_016_h15,2023,15,M2a_delta_solar,0.5555555555555571,0.43102679552585355
2023_2023-05-20_day1_017_h15,2023,15,M2a_delta_solar,0.0,0.35193723858294707
2023_2023-05-20_day1_018_h15,2023,15,M2a_delta_solar,1.1111111111111072,0.9901242718287465
2023_2023-05-20_day1_019_h15,2023,15,M2a_delta_solar,1.1111111111111145,0.19485098985265506
2023_2023-05-20_day1_020_h15,2023,15,M2a_delta_solar,0.0,0.12791601979461892
2023_2023-05-20_day1_021_h15,2023,15,M2a_delta_solar,-0.5555555555555571,0.07170466309990814
2023_2023-05-20_day1_022_h15,2023,15,M2a_delta_solar,0.0,0.026295238452058334
2023_2023-05-20_day1_023_h15,2023,15,M2a_delta_solar,0.0,-0.36877160728809044
2023_2023-05-20_day1_024_h15,2023,15,M2a_delta_solar,0.5555555555555571,0.32272495785168603
2023_2023-05-20_day1_025_h15,2023,15,M2a_delta_solar,-0.5555555555555571,-0.05813441671968522
2023_2023-05-20_day1_026_h15,2023,15,M2a_delta_solar,0.0,-0.07479248153699403
2023_2023-05-20_day1_027_h15,2023,15,M2a_delta_solar,0.0,-0.08748014981986618
2023_2023-05-20_day1_028_h15,2023,15,M2a_delta_solar,0.0,-0.09720684655114992
2023_2023-05-20_day1_029_h15,2023,15,M2a_delta_solar,-0.5555555555555571,-0.10459886138748192
2023_2023-05-20_day1_030_h15,2023,15,M2a_delta_solar,-2.2222222222222214,-0.11029785009891385
2023_2023-05-20_day1_031_h15,2023,15,M2a_delta_solar,0.0,-0.1150006366907636
2023_2023-05-20_day1_032_h15,2023,15,M2a_delta_solar,-1.1111111111111072,0.24174560885455412
2023_2023-05-20_day1_033_h15,2023,15,M2a_delta_solar,-1.6666666666666714,-0.47942002995764244
2023_2023-05-20_day1_000_h15,2023,15,M2b_mean_solar,0.5555555555555571,0.3298487960910553
2023_2023-05-20_day1_001_h15,2023,15,M2b_mean_solar,1.1111111111111107,0.814805498885948
2023_2023-05-20_day1_002_h15,2023,15,M2b_mean_solar,0.5555555555555571,0.3438359210062634
2023_2023-05-20_day1_003_h15,2023,15,M2b_mean_solar,1.1111111111111107,0.829071484626011
2023_2023-05-20_day1_004_h15,2023,15,M2b_mean_solar,0.5555555555555536,0.3582766173948453
2023_2023-05-20_day1_006_h15,2023,15,M2b_mean_solar,1.1111111111111107,0.31895464950845825
2023_2023-05-20_day1_007_h15,2023,15,M2b_mean_solar,1.1111111111111145,1.2538188124520515
2023_2023-05-20_day1_008_h15,2023,15,M2b_mean_solar,2.7777777777777786,0.32933698389115945
2023_2023-05-20_day1_009_h15,2023,15,M2b_mean_solar,1.1111111111111072,0.22603380055474426
2023_2023-05-20_day1_010_h15,2023,15,M2b_mean_solar,1.6666666666666714,0.2018417521325639
2023_2023-05-20_day1_011_h15,2023,15,M2b_mean_solar,1.1111111111111072,0.14923277445825506
2023_2023-05-20_day1_012_h15,2023,15,M2b_mean_solar,1.6666666666666643,0.5993542473705935
2023_2023-05-20_day1_013_h15,2023,15,M2b_mean_solar,1.1111111111111145,-0.38736435598484226
2023_2023-05-20_day1_014_h15,2023,15,M2b_mean_solar,1.1111111111111145,0.9859278215942895
2023_2023-05-20_day1_015_h15,2023,15,M2b_mean_solar,1.1111111111111072,0.04511503211176143
2023_2023-05-20_day1_016_h15,2023,15,M2b_mean_solar,0.5555555555555571,0.001757269570055231
2023_2023-05-20_day1_017_h15,2023,15,M2b_mean_solar,0.0,-0.020523689182993465
2023_2023-05-20_day1_018_h15,2023,15,M2b_mean_solar,1.1111111111111072,0.9340417567448009
2023_2023-05-20_day1_019_h15,2023,15,M2b_mean_solar,1.1111111111111145,-0.02949717790925882
2023_2023-05-20_day1_020_h15,2023,15,M2b_mean_solar,0.0,-0.09593617858790354
2023_2023-05-20_day1_021_h15,2023,15,M2b_mean_solar,-0.5555555555555571,-0.11345279295582283
2023_2023-05-20_day1_022_h15,2023,15,M2b_mean_solar,0.0,-0.10800480296338472
2023_2023-05-20_day1_023_h15,2023,15,M2b_mean_solar,0.0,-0.6104381383871402
2023_2023-05-20_day1_024_h15,2023,15,M2b_mean_solar,0.5555555555555571,0.2920923942720233
2023_2023-05-20_day1_025_h15,2023,15,M2b_mean_solar,-0.5555555555555571,-0.214572923553153
2023_2023-05-20_day1_026_h15,2023,15,M2b_mean_solar,0.0,-0.2178307587635014
2023_2023-05-20_day1_027_h15,2023,15,M2b_mean_solar,0.0,-0.2489773841903205
2023_2023-05-20_day1_028_h15,2023,15,M2b_mean_solar,0.0,-0.28096902000141016
2023_2023-05-20_day1_029_h15,2023,15,M2b_mean_solar,-0.5555555555555571,-0.3136060227024758
2023_2023-05-20_day1_030_h15,2023,15,M2b_mean_solar,-2.2222222222222214,-0.3199408925650618
2023_2023-05-20_day1_031_h15,2023,15,M2b_mean_solar,0.0,-0.24626774630346498
2023_2023-05-20_day1_032_h15,2023,15,M2b_mean_solar,-1.1111111111111072,0.1980404989214612
2023_2023-05-20_day1_033_h15,2023,15,M2b_mean_solar,-1.6666666666666714,-0.7115869864497633
2023_2023-05-20_day1_000_h15,2023,15,M2c_both_solar,0.5555555555555571,0.46884265371896167
2023_2023-05-20_day1_001_h15,2023,15,M2c_both_solar,1.1111111111111107,0.8822888384259475
2023_2023-05-20_day1_002_h15,2023,15,M2c_both_solar,0.5555555555555571,0.5269291122287008
2023_2023-05-20_day1_003_h15,2023,15,M2c_both_solar,1.1111111111111107,0.9393105860579336
2023_2023-05-20_day1_004_h15,2023,15,M2c_both_solar,0.5555555555555536,0.5827218941036674
2023_2023-05-20_day1_006_h15,2023,15,M2c_both_solar,1.1111111111111107,0.7065547599686091
2023_2023-05-20_day1_007_h15,2023,15,M2c_both_solar,1.1111111111111145,1.485780918441045
2023_2023-05-20_day1_008_h15,2023,15,M2c_both_solar,2.7777777777777786,0.7372962591695011
2023_2023-05-20_day1_009_h15,2023,15,M2c_both_solar,1.1111111111111072,0.7222683547011557
2023_2023-05-20_day1_010_h15,2023,15,M2c_both_solar,1.6666666666666714,0.7200963855194378
2023_2023-05-20_day1_011_h15,2023,15,M2c_both_solar,1.1111111111111072,0.7047174729620203
2023_2023-05-20_day1_012_h15,2023,15,M2c_both_solar,1.6666666666666643,1.0705393833560888
2023_2023-05-20_day1_013_h15,2023,15,M2c_both_solar,1.1111111111111145,0.27252938993025944
2023_2023-05-20_day1_014_h15,2023,15,M2c_both_solar,1.1111111111111145,1.3755128407398676
2023_2023-05-20_day1_015_h15,2023,15,M2c_both_solar,1.1111111111111072,0.560797265924204
2023_2023-05-20_day1_016_h15,2023,15,M2c_both_solar,0.5555555555555571,0.48696676374715137
2023_2023-05-20_day1_017_h15,2023,15,M2c_both_solar,0.0,0.4067327286434254
2023_2023-05-20_day1_018_h15,2023,15,M2c_both_solar,1.1111111111111072,1.0935260803397808
2023_2023-05-20_day1_019_h15,2023,15,M2c_both_solar,1.1111111111111145,0.24235894155736842
2023_2023-05-20_day1_020_h15,2023,15,M2c_both_solar,0.0,0.1509103798569404
2023_2023-05-20_day1_021_h15,2023,15,M2c_both_solar,-0.5555555555555571,0.07811931849631243
2023_2023-05-20_day1_022_h15,2023,15,M2c_both_solar,0.0,0.01858430541574463
2023_2023-05-20_day1_023_h15,2023,15,M2c_both_solar,0.0,-0.4246356016623226
2023_2023-05-20_day1_024_h15,2023,15,M2c_both_solar,0.5555555555555571,0.2840181143164025
2023_2023-05-20_day1_025_h15,2023,15,M2c_both_solar,-0.5555555555555571,-0.1492611687451288
2023_2023-05-20_day1_026_h15,2023,15,M2c_both_solar,0.0,-0.18881789886692424
2023_2023-05-20_day1_027_h15,2023,15,M2c_both_solar,0.0,-0.23180656666288668
2023_2023-05-20_day1_028_h15,2023,15,M2c_both_solar,0.0,-0.2726874017085698
2023_2023-05-20_day1_029_h15,2023,15,M2c_both_solar,-0.5555555555555571,-0.3118858185449983
2023_2023-05-20_day1_030_h15,2023,15,M2c_both_solar,-2.2222222222222214,-0.34359176953697546
2023_2023-05-20_day1_031_h15,2023,15,M2c_both_solar,0.0,-0.3557888910161765
2023_2023-05-20_day1_032_h15,2023,15,M2c_both_solar,-1.1111111111111072,-0.007298934734421725
2023_2023-05-20_day1_033_h15,2023,15,M2c_both_solar,-1.6666666666666714,-0.7920210654955007
2023_2023-05-20_day1_000_h30,2023,30,M1_no_solar,1.666666666666668,1.8263395021973259
2023_2023-05-20_day1_001_h30,2023,30,M1_no_solar,1.666666666666668,1.7823108719828091
2023_2023-05-20_day1_002_h30,2023,30,M1_no_solar,1.666666666666668,1.738282241768294
2023_2023-05-20_day1_003_h30,2023,30,M1_no_solar,1.6666666666666643,1.6942536115537772
2023_2023-05-20_day1_006_h30,2023,30,M1_no_solar,2.222222222222225,1.7748059787436594
2023_2023-05-20_day1_007_h30,2023,30,M1_no_solar,3.888888888888893,1.6867487183146261
2023_2023-05-20_day1_008_h30,2023,30,M1_no_solar,3.8888888888888857,0.6450713796445311
2023_2023-05-20_day1_009_h30,2023,30,M1_no_solar,2.7777777777777786,0.424928228571948
2023_2023-05-20_day1_010_h30,2023,30,M1_no_solar,2.7777777777777786,0.3368709681429152
2023_2023-05-20_day1_011_h30,2023,30,M1_no_solar,2.7777777777777715,0.7256237468344098
2023_2023-05-20_day1_012_h30,2023,30,M1_no_solar,2.7777777777777786,0.11672781707033186
2023_2023-05-20_day1_013_h30,2023,30,M1_no_solar,2.2222222222222285,0.549509225976347
2023_2023-05-20_day1_014_h30,2023,30,M1_no_solar,2.2222222222222214,0.938262004667842
2023_2023-05-20_day1_015_h30,2023,30,M1_no_solar,1.6666666666666643,-0.10341533400225145
2023_2023-05-20_day1_016_h30,2023,30,M1_no_solar,0.5555555555555571,-0.1914725944312845
2023_2023-05-20_day1_017_h30,2023,30,M1_no_solar,1.1111111111111072,0.806176114024292
2023_2023-05-20_day1_018_h30,2023,30,M1_no_solar,2.2222222222222214,0.806176114024292
2023_2023-05-20_day1_019_h30,2023,30,M1_no_solar,1.1111111111111145,-0.2355012246458008
2023_2023-05-20_day1_020_h30,2023,30,M1_no_solar,-0.5555555555555571,-0.32355848507483453
2023_2023-05-20_day1_021_h30,2023,30,M1_no_solar,-0.5555555555555571,-0.32355848507483453
2023_2023-05-20_day1_022_h30,2023,30,M1_no_solar,0.0,-0.8003685241953657
2023_2023-05-20_day1_023_h30,2023,30,M1_no_solar,0.5555555555555571,-0.27952985486031756
2023_2023-05-20_day1_024_h30,2023,30,M1_no_solar,0.0,0.19728018426021388
2023_2023-05-20_day1_025_h30,2023,30,M1_no_solar,-0.5555555555555571,-0.32355848507483453
2023_2023-05-20_day1_026_h30,2023,30,M1_no_solar,0.0,-0.27952985486031756
2023_2023-05-20_day1_027_h30,2023,30,M1_no_solar,0.0,-0.27952985486031756
2023_2023-05-20_day1_028_h30,2023,30,M1_no_solar,-0.5555555555555571,-0.27952985486031756
2023_2023-05-20_day1_029_h30,2023,30,M1_no_solar,-2.7777777777777786,-0.27952985486031756
2023_2023-05-20_day1_030_h30,2023,30,M1_no_solar,-2.2222222222222214,-0.2355012246458008
2023_2023-05-20_day1_031_h30,2023,30,M1_no_solar,-1.1111111111111072,0.4614519655473104
2023_2023-05-20_day1_032_h30,2023,30,M1_no_solar,-2.7777777777777786,-0.059386703787734474
2023_2023-05-20_day1_000_h30,2023,30,M2a_delta_solar,1.666666666666668,1.967985035957162
2023_2023-05-20_day1_001_h30,2023,30,M2a_delta_solar,1.666666666666668,1.9579213357696625
2023_2023-05-20_day1_002_h30,2023,30,M2a_delta_solar,1.666666666666668,1.946828836078128
2023_2023-05-20_day1_003_h30,2023,30,M2a_delta_solar,1.6666666666666643,1.9346594208177048
2023_2023-05-20_day1_006_h30,2023,30,M2a_delta_solar,2.222222222222225,2.1792404480985
2023_2023-05-20_day1_007_h30,2023,30,M2a_delta_solar,3.888888888888893,2.1374482178051135
2023_2023-05-20_day1_008_h30,2023,30,M2a_delta_solar,3.8888888888888857,1.2925072920218377
2023_2023-05-20_day1_009_h30,2023,30,M2a_delta_solar,2.7777777777777786,1.2001266864628017
2023_2023-05-20_day1_010_h30,2023,30,M2a_delta_solar,2.7777777777777786,1.1404201726709262
2023_2023-05-20_day1_011_h30,2023,30,M2a_delta_solar,2.7777777777777715,1.4703792984505668
2023_2023-05-20_day1_012_h30,2023,30,M2a_delta_solar,2.7777777777777786,0.9762355310920068
2023_2023-05-20_day1_013_h30,2023,30,M2a_delta_solar,2.2222222222222285,1.2928261017469342
2023_2023-05-20_day1_014_h30,2023,30,M2a_delta_solar,2.2222222222222214,1.579516859168416
2023_2023-05-20_day1_015_h30,2023,30,M2a_delta_solar,1.6666666666666643,0.6518676680357021
2023_2023-05-20_day1_016_h30,2023,30,M2a_delta_solar,0.5555555555555571,0.5095825928888581
2023_2023-05-20_day1_017_h30,2023,30,M2a_delta_solar,1.1111111111111072,1.1995796952005389
2023_2023-05-20_day1_018_h30,2023,30,M2a_delta_solar,2.2222222222222214,1.0798468311896605
2023_2023-05-20_day1_019_h30,2023,30,M2a_delta_solar,1.1111111111111145,0.1450183472715525
2023_2023-05-20_day1_020_h30,2023,30,M2a_delta_solar,-0.5555555555555571,0.02409403411809241
2023_2023-05-20_day1_021_h30,2023,30,M2a_delta_solar,-0.5555555555555571,-0.053229139409388226
2023_2023-05-20_day1_022_h30,2023,30,M2a_delta_solar,0.0,-0.5141232154458548
2023_2023-05-20_day1_023_h30,2023,30,M2a_delta_solar,0.5555555555555571,-0.14962588945859934
2023_2023-05-20_day1_024_h30,2023,30,M2a_delta_solar,0.0,0.21230341395777297
2023_2023-05-20_day1_025_h30,2023,30,M2a_delta_solar,-0.5555555555555571,-0.22924408241963556
2023_2023-05-20_day1_026_h30,2023,30,M2a_delta_solar,0.0,-0.23808130727085608
2023_2023-05-20_day1_027_h30,2023,30,M2a_delta_solar,0.0,-0.2551657824545366
2023_2023-05-20_day1_028_h30,2023,30,M2a_delta_solar,-0.5555555555555571,-0.2682138524207749
2023_2023-05-20_day1_029_h30,2023,30,M2a_delta_solar,-2.7777777777777786,-0.27805865701847643
2023_2023-05-20_day1_030_h30,2023,30,M2a_delta_solar,-2.2222222222222214,-0.2719233808583521
2023_2023-05-20_day1_031_h30,2023,30,M2a_delta_solar,-1.1111111111111072,0.18921831113635246
2023_2023-05-20_day1_032_h30,2023,30,M2a_delta_solar,-2.7777777777777786,-0.22683488682011066
2023_2023-05-20_day1_000_h30,2023,30,M2b_mean_solar,1.666666666666668,1.1347352925954057
2023_2023-05-20_day1_001_h30,2023,30,M2b_mean_solar,1.666666666666668,1.1567635512816272
2023_2023-05-20_day1_002_h30,2023,30,M2b_mean_solar,1.666666666666668,1.179117205316563
2023_2023-05-20_day1_003_h30,2023,30,M2b_mean_solar,1.6666666666666643,1.2016735923673245
2023_2023-05-20_day1_006_h30,2023,30,M2b_mean_solar,2.222222222222225,1.7496200306745346
2023_2023-05-20_day1_007_h30,2023,30,M2b_mean_solar,3.888888888888893,1.7103132924600684
2023_2023-05-20_day1_008_h30,2023,30,M2b_mean_solar,3.8888888888888857,0.6459411146763397
2023_2023-05-20_day1_009_h30,2023,30,M2b_mean_solar,2.7777777777777786,0.43087064623004323
2023_2023-05-20_day1_010_h30,2023,30,M2b_mean_solar,2.7777777777777786,0.38345638741681987
2023_2023-05-20_day1_011_h30,2023,30,M2b_mean_solar,2.7777777777777715,0.8431226157750361
2023_2023-05-20_day1_012_h30,2023,30,M2b_mean_solar,2.7777777777777786,0.2170234264316523
2023_2023-05-20_day1_013_h30,2023,30,M2b_mean_solar,2.2222222222222285,0.7207673763538426
2023_2023-05-20_day1_014_h30,2023,30,M2b_mean_solar,2.2222222222222214,1.15846546385065
2023_2023-05-20_day1_015_h30,2023,30,M2b_mean_solar,1.6666666666666643,0.05076483578070412
2023_2023-05-20_day1_016_h30,2023,30,M2b_mean_solar,0.5555555555555571,-0.04636222285565006
2023_2023-05-20_day1_017_h30,2023,30,M2b_mean_solar,1.1111111111111072,1.0371235179177503
2023_2023-05-20_day1_018_h30,2023,30,M2b_mean_solar,2.2222222222222214,1.0268178047183438
2023_2023-05-20_day1_019_h30,2023,30,M2b_mean_solar,1.1111111111111145,-0.13364681549610513
2023_2023-05-20_day1_020_h30,2023,30,M2b_mean_solar,-0.5555555555555571,-0.2827733573419927
2023_2023-05-20_day1_021_h30,2023,30,M2b_mean_solar,-0.5555555555555571,-0.32777263506788057
2023_2023-05-20_day1_022_h30,2023,30,M2b_mean_solar,0.0,-0.8923896069557763
2023_2023-05-20_day1_023_h30,2023,30,M2b_mean_solar,0.5555555555555571,-0.38337725205168394
2023_2023-05-20_day1_024_h30,2023,30,M2b_mean_solar,0.0,0.06357974200867778
2023_2023-05-20_day1_025_h30,2023,30,M2b_mean_solar,-0.5555555555555571,-0.573420298894667
2023_2023-05-20_day1_026_h30,2023,30,M2b_mean_solar,0.0,-0.5878521132608622
2023_2023-05-20_day1_027_h30,2023,30,M2b_mean_solar,0.0,-0.6616259863350321
2023_2023-05-20_day1_028_h30,2023,30,M2b_mean_solar,-0.5555555555555571,-0.7371720112338386
2023_2023-05-20_day1_029_h30,2023,30,M2b_mean_solar,-2.7777777777777786,-0.8140640099276942
2023_2023-05-20_day1_030_h30,2023,30,M2b_mean_solar,-2.2222222222222214,-0.8349328260523904
2023_2023-05-20_day1_031_h30,2023,30,M2b_mean_solar,-1.1111111111111072,-0.11689896766976171
2023_2023-05-20_day1_032_h30,2023,30,M2b_mean_solar,-2.7777777777777786,-0.7645719709719451
2023_2023-05-20_day1_000_h30,2023,30,M2c_both_solar,1.666666666666668,1.3009744864603232
2023_2023-05-20_day1_001_h30,2023,30,M2c_both_solar,1.666666666666668,1.3524201456437526
2023_2023-05-20_day1_002_h30,2023,30,M2c_both_solar,1.666666666666668,1.403195368439711
2023_2023-05-20_day1_003_h30,2023,30,M2c_both_solar,1.6666666666666643,1.4531371286117407
2023_2023-05-20_day1_006_h30,2023,30,M2c_both_solar,2.222222222222225,2.1364673269017826
2023_2023-05-20_day1_007_h30,2023,30,M2c_both_solar,3.888888888888893,2.1390882043566206
2023_2023-05-20_day1_008_h30,2023,30,M2c_both_solar,3.8888888888888857,1.2633675622152114
2023_2023-05-20_day1_009_h30,2023,30,M2c_both_solar,2.7777777777777786,1.1699169371493343
2023_2023-05-20_day1_010_h30,2023,30,M2c_both_solar,2.7777777777777786,1.1477104467916348
2023_2023-05-20_day1_011_h30,2023,30,M2c_both_solar,2.7777777777777715,1.5481106123741153
2023_2023-05-20_day1_012_h30,2023,30,M2c_both_solar,2.7777777777777786,1.0322264741016207
2023_2023-05-20_day1_013_h30,2023,30,M2c_both_solar,2.2222222222222285,1.4219619232906524
2023_2023-05-20_day1_014_h30,2023,30,M2c_both_solar,2.2222222222222214,1.7601179714727637
2023_2023-05-20_day1_015_h30,2023,30,M2c_both_solar,1.6666666666666643,0.7641407972110703
2023_2023-05-20_day1_016_h30,2023,30,M2c_both_solar,0.5555555555555571,0.6157046825121599
2023_2023-05-20_day1_017_h30,2023,30,M2c_both_solar,1.1111111111111072,1.4019140545621784
2023_2023-05-20_day1_018_h30,2023,30,M2c_both_solar,2.2222222222222214,1.2778821804128748
2023_2023-05-20_day1_019_h30,2023,30,M2c_both_solar,1.1111111111111145,0.22467059841758236
2023_2023-05-20_day1_020_h30,2023,30,M2c_both_solar,-0.5555555555555571,0.04694906504523305
2023_2023-05-20_day1_021_h30,2023,30,M2c_both_solar,-0.5555555555555571,-0.06976722688829579
2023_2023-05-20_day1_022_h30,2023,30,M2c_both_solar,0.0,-0.6152500864129845
2023_2023-05-20_day1_023_h30,2023,30,M2c_both_solar,0.5555555555555571,-0.2548092486088181
2023_2023-05-20_day1_024_h30,2023,30,M2c_both_solar,0.0,0.08392953532713604
2023_2023-05-20_day1_025_h30,2023,30,M2c_both_solar,-0.5555555555555571,-0.47221775709599056
2023_2023-05-20_day1_026_h30,2023,30,M2c_both_solar,0.0,-0.5344351104492332
2023_2023-05-20_day1_027_h30,2023,30,M2c_both_solar,0.0,-0.6211797574201563
2023_2023-05-20_day1_028_h30,2023,30,M2c_both_solar,-0.5555555555555571,-0.7057671797348116
2023_2023-05-20_day1_029_h30,2023,30,M2c_both_solar,-2.7777777777777786,-0.7885849680275884
2023_2023-05-20_day1_030_h30,2023,30,M2c_both_solar,-2.2222222222222214,-0.8426699814390579
2023_2023-05-20_day1_031_h30,2023,30,M2c_both_solar,-1.1111111111111072,-0.3504812253223043
2023_2023-05-20_day1_032_h30,2023,30,M2c_both_solar,-2.7777777777777786,-0.8925066110256962
2023_2023-05-20_day1_000_h60,2023,60,M1_no_solar,3.3333333333333357,4.056643952943787
2023_2023-05-20_day1_001_h60,2023,60,M1_no_solar,3.333333333333332,3.964920556585513
2023_2023-05-20_day1_006_h60,2023,60,M1_no_solar,6.111111111111111,2.8642398002862297
2023_2023-05-20_day1_007_h60,2023,60,M1_no_solar,6.666666666666671,2.6807930075696818
2023_2023-05-20_day1_008_h60,2023,60,M1_no_solar,6.666666666666664,1.2835709352446178
2023_2023-05-20_day1_009_h60,2023,60,M1_no_solar,5.55555555555555,1.5235649896157764
2023_2023-05-20_day1_010_h60,2023,60,M1_no_solar,5.555555555555557,0.6415071607367007
2023_2023-05-20_day1_011_h60,2023,60,M1_no_solar,5.0,1.763559043986939
2023_2023-05-20_day1_012_h60,2023,60,M1_no_solar,5.0,1.5801122512703916
2023_2023-05-20_day1_013_h60,2023,60,M1_no_solar,3.888888888888893,0.6980544223913152
2023_2023-05-20_day1_014_h60,2023,60,M1_no_solar,2.7777777777777786,1.1214952694790217
2023_2023-05-20_day1_015_h60,2023,60,M1_no_solar,2.7777777777777715,1.1214952694790212
2023_2023-05-20_day1_016_h60,2023,60,M1_no_solar,2.7777777777777786,0.9380484767624737
2023_2023-05-20_day1_017_h60,2023,60,M1_no_solar,2.2222222222222214,0.8463250804041995
2023_2023-05-20_day1_018_h60,2023,60,M1_no_solar,1.6666666666666643,0.8463250804041995
2023_2023-05-20_day1_019_h60,2023,60,M1_no_solar,0.5555555555555571,-0.5508969919208608
2023_2023-05-20_day1_020_h60,2023,60,M1_no_solar,-0.5555555555555571,-1.4329548207999423
2023_2023-05-20_day1_021_h60,2023,60,M1_no_solar,0.0,-0.7343437846374101
2023_2023-05-20_day1_022_h60,2023,60,M1_no_solar,0.0,-0.642620388279135
2023_2023-05-20_day1_023_h60,2023,60,M1_no_solar,0.0,-0.642620388279135
2023_2023-05-20_day1_024_h60,2023,60,M1_no_solar,0.0,-0.03573274847487706
2023_2023-05-20_day1_025_h60,2023,60,M1_no_solar,-0.5555555555555571,-0.7343437846374101
2023_2023-05-20_day1_026_h60,2023,60,M1_no_solar,-0.5555555555555571,-0.642620388279135
2023_2023-05-20_day1_027_h60,2023,60,M1_no_solar,-2.7777777777777786,-0.642620388279135
2023_2023-05-20_day1_028_h60,2023,60,M1_no_solar,-2.7777777777777786,-0.642620388279135
2023_2023-05-20_day1_029_h60,2023,60,M1_no_solar,-3.8888888888888857,0.05599064788339314
2023_2023-05-20_day1_030_h60,2023,60,M1_no_solar,-5.0,-0.5508969919208608
2023_2023-05-20_day1_000_h60,2023,60,M2a_delta_solar,3.3333333333333357,4.177010432505855
2023_2023-05-20_day1_001_h60,2023,60,M2a_delta_solar,3.333333333333332,4.109540496912955
2023_2023-05-20_day1_006_h60,2023,60,M2a_delta_solar,6.111111111111111,3.2407883186486908
2023_2023-05-20_day1_007_h60,2023,60,M2a_delta_solar,6.666666666666671,3.0868463928505596
2023_2023-05-20_day1_008_h60,2023,60,M2a_delta_solar,6.666666666666664,1.788257687079728
2023_2023-05-20_day1_009_h60,2023,60,M2a_delta_solar,5.55555555555555,2.0553111897451846
2023_2023-05-20_day1_010_h60,2023,60,M2a_delta_solar,5.555555555555557,1.244038108546868
2023_2023-05-20_day1_011_h60,2023,60,M2a_delta_solar,5.0,2.27190696062819
2023_2023-05-20_day1_012_h60,2023,60,M2a_delta_solar,5.0,2.079560328742424
2023_2023-05-20_day1_013_h60,2023,60,M2a_delta_solar,3.888888888888893,1.236050293528872
2023_2023-05-20_day1_014_h60,2023,60,M2a_delta_solar,2.7777777777777786,1.590364383005913
2023_2023-05-20_day1_015_h60,2023,60,M2a_delta_solar,2.7777777777777715,1.5043039479691394
2023_2023-05-20_day1_016_h60,2023,60,M2a_delta_solar,2.7777777777777786,1.275593504424246
2023_2023-05-20_day1_017_h60,2023,60,M2a_delta_solar,2.2222222222222214,1.1175576184171472
2023_2023-05-20_day1_018_h60,2023,60,M2a_delta_solar,1.6666666666666643,1.0354852428268613
2023_2023-05-20_day1_019_h60,2023,60,M2a_delta_solar,0.5555555555555571,-0.31464204081246727
2023_2023-05-20_day1_020_h60,2023,60,M2a_delta_solar,-0.5555555555555571,-1.1520720965889937
2023_2023-05-20_day1_021_h60,2023,60,M2a_delta_solar,0.0,-0.5610144993691519
2023_2023-05-20_day1_022_h60,2023,60,M2a_delta_solar,0.0,-0.5297730585018199
2023_2023-05-20_day1_023_h60,2023,60,M2a_delta_solar,0.0,-0.559341950621413
2023_2023-05-20_day1_024_h60,2023,60,M2a_delta_solar,0.0,-0.012207903011017596
2023_2023-05-20_day1_025_h60,2023,60,M2a_delta_solar,-0.5555555555555571,-0.6690644170975681
2023_2023-05-20_day1_026_h60,2023,60,M2a_delta_solar,-0.5555555555555571,-0.6133841338326813
2023_2023-05-20_day1_027_h60,2023,60,M2a_delta_solar,-2.7777777777777786,-0.6237185557383307
2023_2023-05-20_day1_028_h60,2023,60,M2a_delta_solar,-2.7777777777777786,-0.631512716921466
2023_2023-05-20_day1_029_h60,2023,60,M2a_delta_solar,-3.8888888888888857,0.001963686844002055
2023_2023-05-20_day1_030_h60,2023,60,M2a_delta_solar,-5.0,-0.5721192307105394
2023_2023-05-20_day1_000_h60,2023,60,M2b_mean_solar,3.3333333333333357,2.5828167288655415
2023_2023-05-20_day1_001_h60,2023,60,M2b_mean_solar,3.333333333333332,2.63605602870353
2023_2023-05-20_day1_006_h60,2023,60,M2b_mean_solar,6.111111111111111,2.7605676143525555
2023_2023-05-20_day1_007_h60,2023,60,M2b_mean_solar,6.666666666666671,2.6886738131706487
2023_2023-05-20_day1_008_h60,2023,60,M2b_mean_solar,6.666666666666664,1.3076937840444183
2023_2023-05-20_day1_009_h60,2023,60,M2b_mean_solar,5.55555555555555,1.653803755548005
2023_2023-05-20_day1_010_h60,2023,60,M2b_mean_solar,5.555555555555557,0.7967633306332869
2023_2023-05-20_day1_011_h60,2023,60,M2b_mean_solar,5.0,2.101573712474324
2023_2023-05-20_day1_012_h60,2023,60,M2b_mean_solar,5.0,1.9776798906803967
2023_2023-05-20_day1_013_h60,2023,60,M2b_mean_solar,3.888888888888893,1.0734661715485667
2023_2023-05-20_day1_014_h60,2023,60,M2b_mean_solar,2.7777777777777786,1.5605407263545223
2023_2023-05-20_day1_015_h60,2023,60,M2b_mean_solar,2.7777777777777715,1.591986372233475
2023_2023-05-20_day1_016_h60,2023,60,M2b_mean_solar,2.7777777777777786,1.3784798459648697
2023_2023-05-20_day1_017_h60,2023,60,M2b_mean_solar,2.2222222222222214,1.2495157690554444
2023_2023-05-20_day1_018_h60,2023,60,M2b_mean_solar,1.6666666666666643,1.2058332542740184
2023_2023-05-20_day1_019_h60,2023,60,M2b_mean_solar,0.5555555555555571,-0.38369157710700774
2023_2023-05-20_day1_020_h60,2023,60,M2b_mean_solar,-0.5555555555555571,-1.4519162963019054
2023_2023-05-20_day1_021_h60,2023,60,M2b_mean_solar,0.0,-0.7946459853340357
2023_2023-05-20_day1_022_h60,2023,60,M2b_mean_solar,0.0,-0.8030343480236062
2023_2023-05-20_day1_023_h60,2023,60,M2b_mean_solar,0.0,-0.9325556993527955
2023_2023-05-20_day1_024_h60,2023,60,M2b_mean_solar,0.0,-0.41929940319654424
2023_2023-05-20_day1_025_h60,2023,60,M2b_mean_solar,-0.5555555555555571,-1.3258572870626941
2023_2023-05-20_day1_026_h60,2023,60,M2b_mean_solar,-0.5555555555555571,-1.3662673055439534
2023_2023-05-20_day1_027_h60,2023,60,M2b_mean_solar,-2.7777777777777786,-1.5205906240256644
2023_2023-05-20_day1_028_h60,2023,60,M2b_mean_solar,-2.7777777777777786,-1.6779484874343034
2023_2023-05-20_day1_029_h60,2023,60,M2b_mean_solar,-3.8888888888888857,-1.0761075400928823
2023_2023-05-20_day1_030_h60,2023,60,M2b_mean_solar,-5.0,-1.8889323935804048
2023_2023-05-20_day1_000_h60,2023,60,M2c_both_solar,3.3333333333333357,2.7129573468754584
2023_2023-05-20_day1_001_h60,2023,60,M2c_both_solar,3.333333333333332,2.7838589431374308
2023_2023-05-20_day1_006_h60,2023,60,M2c_both_solar,6.111111111111111,3.080389300270057
2023_2023-05-20_day1_007_h60,2023,60,M2c_both_solar,6.666666666666671,3.0312372462453494
2023_2023-05-20_day1_008_h60,2023,60,M2c_both_solar,6.666666666666664,1.7331908654709325
2023_2023-05-20_day1_009_h60,2023,60,M2c_both_solar,5.55555555555555,2.1000839289793984
2023_2023-05-20_day1_010_h60,2023,60,M2c_both_solar,5.555555555555557,1.3023024498768974
2023_2023-05-20_day1_011_h60,2023,60,M2c_both_solar,5.0,2.5240805422116823
2023_2023-05-20_day1_012_h60,2023,60,M2c_both_solar,5.0,2.3915215128286205
2023_2023-05-20_day1_013_h60,2023,60,M2c_both_solar,3.888888888888893,1.520271976756019
2023_2023-05-20_day1_014_h60,2023,60,M2c_both_solar,2.7777777777777786,1.9477697144158221
2023_2023-05-20_day1_015_h60,2023,60,M2c_both_solar,2.7777777777777715,1.9059697348525118
2023_2023-05-20_day1_016_h60,2023,60,M2c_both_solar,2.7777777777777786,1.6548421845786723
2023_2023-05-20_day1_017_h60,2023,60,M2c_both_solar,2.2222222222222214,1.4706305998474718
2023_2023-05-20_day1_018_h60,2023,60,M2c_both_solar,1.6666666666666643,1.3585237440588283
2023_2023-05-20_day1_019_h60,2023,60,M2c_both_solar,0.5555555555555571,-0.18752721007479878
2023_2023-05-20_day1_020_h60,2023,60,M2c_both_solar,-0.5555555555555571,-1.2144791126428898
2023_2023-05-20_day1_021_h60,2023,60,M2c_both_solar,0.0,-0.6471849638796552
2023_2023-05-20_day1_022_h60,2023,60,M2c_both_solar,0.0,-0.7046818989714636
2023_2023-05-20_day1_023_h60,2023,60,M2c_both_solar,0.0,-0.856650974187251
2023_2023-05-20_day1_024_h60,2023,60,M2c_both_solar,0.0,-0.3920140300772308
2023_2023-05-20_day1_025_h60,2023,60,M2c_both_solar,-0.5555555555555571,-1.2593022755772065
2023_2023-05-20_day1_026_h60,2023,60,M2c_both_solar,-0.5555555555555571,-1.327573774809437
2023_2023-05-20_day1_027_h60,2023,60,M2c_both_solar,-2.7777777777777786,-1.4876301570003494
2023_2023-05-20_day1_028_h60,2023,60,M2c_both_solar,-2.7777777777777786,-1.6485182784797134
2023_2023-05-20_day1_029_h60,2023,60,M2c_both_solar,-3.8888888888888857,-1.0997775742935179
2023_2023-05-20_day1_030_h60,2023,60,M2c_both_solar,-5.0,-1.880925503727522
2023_2023-05-20_day1_004_h90,2023,90,M1_no_solar,6.666666666666664,5.706258434308881
2023_2023-05-20_day1_005_h90,2023,90,M1_no_solar,7.222222222222221,5.580531353259873
2023_2023-05-20_day1_006_h90,2023,90,M1_no_solar,8.88888888888889,3.7533354301662705
2023_2023-05-20_day1_007_h90,2023,90,M1_no_solar,9.444444444444445,4.323260542769784
2023_2023-05-20_day1_008_h90,2023,90,M1_no_solar,9.444444444444445,1.8591227186651813
2023_2023-05-20_day1_009_h90,2023,90,M1_no_solar,7.777777777777779,2.8732458628232047
2023_2023-05-20_day1_010_h90,2023,90,M1_no_solar,7.777777777777779,2.6217917007251876
2023_2023-05-20_day1_011_h90,2023,90,M1_no_solar,6.666666666666664,2.24461045757816
2023_2023-05-20_day1_012_h90,2023,90,M1_no_solar,5.555555555555557,1.993156295480143
2023_2023-05-20_day1_013_h90,2023,90,M1_no_solar,5.0,2.563081408083662
2023_2023-05-20_day1_014_h90,2023,90,M1_no_solar,5.0,3.0072794396381664
2023_2023-05-20_day1_015_h90,2023,90,M1_no_solar,3.8888888888888857,1.3645208902350974
2023_2023-05-20_day1_016_h90,2023,90,M1_no_solar,2.2222222222222214,1.1130667281370807
2023_2023-05-20_day1_017_h90,2023,90,M1_no_solar,1.6666666666666643,0.9873396470880715
2023_2023-05-20_day1_018_h90,2023,90,M1_no_solar,1.6666666666666643,0.16596037238653505
2023_2023-05-20_day1_019_h90,2023,90,M1_no_solar,1.1111111111111145,-0.6554189023149961
2023_2023-05-20_day1_020_h90,2023,90,M1_no_solar,-0.5555555555555571,-0.9068730644130145
2023_2023-05-20_day1_021_h90,2023,90,M1_no_solar,-0.5555555555555571,-0.9068730644130145
2023_2023-05-20_day1_022_h90,2023,90,M1_no_solar,0.0,-0.7811459833640049
2023_2023-05-20_day1_023_h90,2023,90,M1_no_solar,0.0,-0.7811459833640049
2023_2023-05-20_day1_024_h90,2023,90,M1_no_solar,-0.5555555555555571,-0.08549378971147803
2023_2023-05-20_day1_025_h90,2023,90,M1_no_solar,-3.3333333333333357,-0.9068730644130145
2023_2023-05-20_day1_026_h90,2023,90,M1_no_solar,-2.7777777777777786,-0.7811459833640049
2023_2023-05-20_day1_027_h90,2023,90,M1_no_solar,-3.8888888888888857,0.04023329133752629
2023_2023-05-20_day1_028_h90,2023,90,M1_no_solar,-5.555555555555557,-0.7811459833640049
2023_2023-05-20_day1_004_h90,2023,90,M2a_delta_solar,6.666666666666664,5.672147257273426
2023_2023-05-20_day1_005_h90,2023,90,M2a_delta_solar,7.222222222222221,5.543474112943646
2023_2023-05-20_day1_006_h90,2023,90,M2a_delta_solar,8.88888888888889,3.6895273444886705
2023_2023-05-20_day1_007_h90,2023,90,M2a_delta_solar,9.444444444444445,4.262384211319043
2023_2023-05-20_day1_008_h90,2023,90,M2a_delta_solar,9.444444444444445,1.7826559632009973
2023_2023-05-20_day1_009_h90,2023,90,M2a_delta_solar,7.777777777777779,2.797991686666289
2023_2023-05-20_day1_010_h90,2023,90,M2a_delta_solar,7.777777777777779,2.5464622420380216
2023_2023-05-20_day1_011_h90,2023,90,M2a_delta_solar,6.666666666666664,2.1673295781281046
2023_2023-05-20_day1_012_h90,2023,90,M2a_delta_solar,5.555555555555557,1.9191037615184676
2023_2023-05-20_day1_013_h90,2023,90,M2a_delta_solar,5.0,2.5003869708461517
2023_2023-05-20_day1_014_h90,2023,90,M2a_delta_solar,5.0,2.953536372509688
2023_2023-05-20_day1_015_h90,2023,90,M2a_delta_solar,3.8888888888888857,1.3108770142549746
2023_2023-05-20_day1_016_h90,2023,90,M2a_delta_solar,2.2222222222222214,1.0655874494780484
2023_2023-05-20_day1_017_h90,2023,90,M2a_delta_solar,1.6666666666666643,0.9487067359719283
2023_2023-05-20_day1_018_h90,2023,90,M2a_delta_solar,1.6666666666666643,0.13172219189942957
2023_2023-05-20_day1_019_h90,2023,90,M2a_delta_solar,1.1111111111111145,-0.6868825826575824
2023_2023-05-20_day1_020_h90,2023,90,M2a_delta_solar,-0.5555555555555571,-0.9376233062521431
2023_2023-05-20_day1_021_h90,2023,90,M2a_delta_solar,-0.5555555555555571,-0.931447464775518
2023_2023-05-20_day1_022_h90,2023,90,M2a_delta_solar,0.0,-0.7973659610076878
2023_2023-05-20_day1_023_h90,2023,90,M2a_delta_solar,0.0,-0.7936000216701782
2023_2023-05-20_day1_024_h90,2023,90,M2a_delta_solar,-0.5555555555555571,-0.09192185213008042
2023_2023-05-20_day1_025_h90,2023,90,M2a_delta_solar,-3.3333333333333357,-0.9176947824685104
2023_2023-05-20_day1_026_h90,2023,90,M2a_delta_solar,-2.7777777777777786,-0.7867599358209469
2023_2023-05-20_day1_027_h90,2023,90,M2a_delta_solar,-3.8888888888888857,0.04252762375361119
2023_2023-05-20_day1_028_h90,2023,90,M2a_delta_solar,-5.555555555555557,-0.784530042264743
2023_2023-05-20_day1_004_h90,2023,90,M2b_mean_solar,6.666666666666664,4.754068797265553
2023_2023-05-20_day1_005_h90,2023,90,M2b_mean_solar,7.222222222222221,4.787915809537162
2023_2023-05-20_day1_006_h90,2023,90,M2b_mean_solar,8.88888888888889,3.6448102694314146
2023_2023-05-20_day1_007_h90,2023,90,M2b_mean_solar,9.444444444444445,4.370549390872064
2023_2023-05-20_day1_008_h90,2023,90,M2b_mean_solar,9.444444444444445,1.9435666105898708
2023_2023-05-20_day1_009_h90,2023,90,M2b_mean_solar,7.777777777777779,3.087725026745107
2023_2023-05-20_day1_010_h90,2023,90,M2b_mean_solar,7.777777777777779,2.922094989587944
2023_2023-05-20_day1_011_h90,2023,90,M2b_mean_solar,6.666666666666664,2.600398544048326
2023_2023-05-20_day1_012_h90,2023,90,M2b_mean_solar,5.555555555555557,2.3968861273084774
2023_2023-05-20_day1_013_h90,2023,90,M2b_mean_solar,5.0,3.0265175905343544
2023_2023-05-20_day1_014_h90,2023,90,M2b_mean_solar,5.0,3.495123409009024
2023_2023-05-20_day1_015_h90,2023,90,M2b_mean_solar,3.8888888888888857,1.790876703458228
2023_2023-05-20_day1_016_h90,2023,90,M2b_mean_solar,2.2222222222222214,1.496915534404716
2023_2023-05-20_day1_017_h90,2023,90,M2b_mean_solar,1.6666666666666643,1.3184415575466777
2023_2023-05-20_day1_018_h90,2023,90,M2b_mean_solar,1.6666666666666643,0.4009885307040242
2023_2023-05-20_day1_019_h90,2023,90,M2b_mean_solar,1.1111111111111145,-0.5375627429360486
2023_2023-05-20_day1_020_h90,2023,90,M2b_mean_solar,-0.5555555555555571,-0.9168311053990874
2023_2023-05-20_day1_021_h90,2023,90,M2b_mean_solar,-0.5555555555555571,-1.0357038281376765
2023_2023-05-20_day1_022_h90,2023,90,M2b_mean_solar,0.0,-1.0296349731312464
2023_2023-05-20_day1_023_h90,2023,90,M2b_mean_solar,0.0,-1.1726068252445465
2023_2023-05-20_day1_024_h90,2023,90,M2b_mean_solar,-0.5555555555555571,-0.6073056910921264
2023_2023-05-20_day1_025_h90,2023,90,M2b_mean_solar,-3.3333333333333357,-1.6200744491308359
2023_2023-05-20_day1_026_h90,2023,90,M2b_mean_solar,-2.7777777777777786,-1.6444524485163856
2023_2023-05-20_day1_027_h90,2023,90,M2b_mean_solar,-3.8888888888888857,-0.9559366611552167
2023_2023-05-20_day1_028_h90,2023,90,M2b_mean_solar,-5.555555555555557,-1.9801761967505183
2023_2023-05-20_day1_004_h90,2023,90,M2c_both_solar,6.666666666666664,4.725656905103314
2023_2023-05-20_day1_005_h90,2023,90,M2c_both_solar,7.222222222222221,4.756915035117592
2023_2023-05-20_day1_006_h90,2023,90,M2c_both_solar,8.88888888888889,3.5907290904047677
2023_2023-05-20_day1_007_h90,2023,90,M2c_both_solar,9.444444444444445,4.318868815446245
2023_2023-05-20_day1_008_h90,2023,90,M2c_both_solar,9.444444444444445,1.878636656864307
2023_2023-05-20_day1_009_h90,2023,90,M2c_both_solar,7.777777777777779,3.0237513366563347
2023_2023-05-20_day1_010_h90,2023,90,M2c_both_solar,7.777777777777779,2.8580094906555362
2023_2023-05-20_day1_011_h90,2023,90,M2c_both_solar,6.666666666666664,2.5346262583831605
2023_2023-05-20_day1_012_h90,2023,90,M2c_both_solar,5.555555555555557,2.333826350119732
2023_2023-05-20_day1_013_h90,2023,90,M2c_both_solar,5.0,2.973061925388945
2023_2023-05-20_day1_014_h90,2023,90,M2c_both_solar,5.0,3.4492494381834944
2023_2023-05-20_day1_015_h90,2023,90,M2c_both_solar,3.8888888888888857,1.7451212370731761
2023_2023-05-20_day1_016_h90,2023,90,M2c_both_solar,2.2222222222222214,1.4564145286683097
2023_2023-05-20_day1_017_h90,2023,90,M2c_both_solar,1.6666666666666643,1.2854762396054533
2023_2023-05-20_day1_018_h90,2023,90,M2c_both_solar,1.6666666666666643,0.3718058399686006
2023_2023-05-20_day1_019_h90,2023,90,M2c_both_solar,1.1111111111111145,-0.5643258050541571
2023_2023-05-20_day1_020_h90,2023,90,M2c_both_solar,-0.5555555555555571,-0.9429174265282707
2023_2023-05-20_day1_021_h90,2023,90,M2c_both_solar,-0.5555555555555571,-1.0564834992774654
2023_2023-05-20_day1_022_h90,2023,90,M2c_both_solar,0.0,-1.0432590079959805
2023_2023-05-20_day1_023_h90,2023,90,M2c_both_solar,0.0,-1.1829555769431706
2023_2023-05-20_day1_024_h90,2023,90,M2c_both_solar,-0.5555555555555571,-0.6124685448294847
2023_2023-05-20_day1_025_h90,2023,90,M2c_both_solar,-3.3333333333333357,-1.6288584760697733
2023_2023-05-20_day1_026_h90,2023,90,M2c_both_solar,-2.7777777777777786,-1.6487338047832407
2023_2023-05-20_day1_027_h90,2023,90,M2c_both_solar,-3.8888888888888857,-0.9534335586481626
2023_2023-05-20_day1_028_h90,2023,90,M2c_both_solar,-5.555555555555557,-1.9823779721226849
2023_2023-05-20_day1_002_h120,2023,120,M1_no_solar,8.333333333333332,7.132394589742458
2023_2023-05-20_day1_003_h120,2023,120,M1_no_solar,8.888888888888886,7.020462350277404
2023_2023-05-20_day1_004_h120,2023,120,M1_no_solar,8.88888888888889,7.819085905508004
2023_2023-05-20_day1_005_h120,2023,120,M1_no_solar,11.111111111111114,7.7071536660429505
2023_2023-05-20_day1_006_h120,2023,120,M1_no_solar,11.666666666666668,4.080028366235565
2023_2023-05-20_day1_007_h120,2023,120,M1_no_solar,11.666666666666671,5.677275476696759
2023_2023-05-20_day1_008_h120,2023,120,M1_no_solar,11.666666666666664,3.8561638873054536
2023_2023-05-20_day1_009_h120,2023,120,M1_no_solar,9.444444444444445,3.2965026899801835
2023_2023-05-20_day1_010_h120,2023,120,M1_no_solar,8.333333333333336,3.072638211050076
2023_2023-05-20_day1_011_h120,2023,120,M1_no_solar,7.7777777777777715,4.557953082046215
2023_2023-05-20_day1_012_h120,2023,120,M1_no_solar,7.777777777777779,4.334088603116108
2023_2023-05-20_day1_013_h120,2023,120,M1_no_solar,6.111111111111114,3.1996683294903523
2023_2023-05-20_day1_014_h120,2023,120,M1_no_solar,4.444444444444443,3.774427405790837
2023_2023-05-20_day1_015_h120,2023,120,M1_no_solar,3.3333333333333286,1.9533158163995346
2023_2023-05-20_day1_016_h120,2023,120,M1_no_solar,2.2222222222222214,0.818895542773773
2023_2023-05-20_day1_017_h120,2023,120,M1_no_solar,2.2222222222222214,1.6175190980043728
2023_2023-05-20_day1_018_h120,2023,120,M1_no_solar,1.6666666666666643,1.6175190980043728
2023_2023-05-20_day1_019_h120,2023,120,M1_no_solar,0.5555555555555571,-0.20359249138692803
2023_2023-05-20_day1_020_h120,2023,120,M1_no_solar,-0.5555555555555571,-0.4274569703170368
2023_2023-05-20_day1_021_h120,2023,120,M1_no_solar,-0.5555555555555571,-0.4274569703170368
2023_2023-05-20_day1_022_h120,2023,120,M1_no_solar,-0.5555555555555571,-0.3155247308519824
2023_2023-05-20_day1_023_h120,2023,120,M1_no_solar,-2.7777777777777786,-0.3155247308519824
2023_2023-05-20_day1_024_h120,2023,120,M1_no_solar,-2.7777777777777786,0.48309882437861695
2023_2023-05-20_day1_025_h120,2023,120,M1_no_solar,-4.444444444444443,0.48309882437861074
2023_2023-05-20_day1_026_h120,2023,120,M1_no_solar,-5.555555555555557,-0.3155247308519824
2023_2023-05-20_day1_002_h120,2023,120,M2a_delta_solar,8.333333333333332,7.120091914515753
2023_2023-05-20_day1_003_h120,2023,120,M2a_delta_solar,8.888888888888886,7.006856065143918
2023_2023-05-20_day1_004_h120,2023,120,M2a_delta_solar,8.88888888888889,7.806179342003408
2023_2023-05-20_day1_005_h120,2023,120,M2a_delta_solar,11.111111111111114,7.693148372179281
2023_2023-05-20_day1_006_h120,2023,120,M2a_delta_solar,11.666666666666668,4.05328526481691
2023_2023-05-20_day1_007_h120,2023,120,M2a_delta_solar,11.666666666666671,5.653345294992061
2023_2023-05-20_day1_008_h120,2023,120,M2a_delta_solar,11.666666666666664,3.8308497879001155
2023_2023-05-20_day1_009_h120,2023,120,M2a_delta_solar,9.444444444444445,3.2668890468105074
2023_2023-05-20_day1_010_h120,2023,120,M2a_delta_solar,8.333333333333336,3.0437425788561385
2023_2023-05-20_day1_011_h120,2023,120,M2a_delta_solar,7.7777777777777715,4.532727209447348
2023_2023-05-20_day1_012_h120,2023,120,M2a_delta_solar,7.777777777777779,4.310677012122746
2023_2023-05-20_day1_013_h120,2023,120,M2a_delta_solar,6.111111111111114,3.1765058787395066
2023_2023-05-20_day1_014_h120,2023,120,M2a_delta_solar,4.444444444444443,3.754022943247257
2023_2023-05-20_day1_015_h120,2023,120,M2a_delta_solar,3.3333333333333286,1.9342811756424303
2023_2023-05-20_day1_016_h120,2023,120,M2a_delta_solar,2.2222222222222214,0.799957842296533
2023_2023-05-20_day1_017_h120,2023,120,M2a_delta_solar,2.2222222222222214,1.6035338718943537
2023_2023-05-20_day1_018_h120,2023,120,M2a_delta_solar,1.6666666666666643,1.6074839014768063
2023_2023-05-20_day1_019_h120,2023,120,M2a_delta_solar,0.5555555555555571,-0.2141165995198877
2023_2023-05-20_day1_020_h120,2023,120,M2a_delta_solar,-0.5555555555555571,-0.43819166368654017
2023_2023-05-20_day1_021_h120,2023,120,M2a_delta_solar,-0.5555555555555571,-0.436026691062084
2023_2023-05-20_day1_022_h120,2023,120,M2a_delta_solar,-0.5555555555555571,-0.32093457457719854
2023_2023-05-20_day1_023_h120,2023,120,M2a_delta_solar,-2.7777777777777786,-0.319621641377025
2023_2023-05-20_day1_024_h120,2023,120,M2a_delta_solar,-2.7777777777777786,0.4804562160656545
2023_2023-05-20_day1_025_h120,2023,120,M2a_delta_solar,-4.444444444444443,0.4812254885888487
2023_2023-05-20_day1_026_h120,2023,120,M2a_delta_solar,-5.555555555555557,-0.3172637179575091
2023_2023-05-20_day1_002_h120,2023,120,M2b_mean_solar,8.333333333333332,5.920995894757933
2023_2023-05-20_day1_003_h120,2023,120,M2b_mean_solar,8.888888888888886,5.994207590356282
2023_2023-05-20_day1_004_h120,2023,120,M2b_mean_solar,8.88888888888889,7.013901226962991
2023_2023-05-20_day1_005_h120,2023,120,M2b_mean_solar,11.111111111111114,7.082943793097899
2023_2023-05-20_day1_006_h120,2023,120,M2b_mean_solar,11.666666666666668,4.111179219165257
2023_2023-05-20_day1_007_h120,2023,120,M2b_mean_solar,11.666666666666671,5.900142858588712
2023_2023-05-20_day1_008_h120,2023,120,M2b_mean_solar,11.666666666666664,4.141433044954397
2023_2023-05-20_day1_009_h120,2023,120,M2b_mean_solar,9.444444444444445,3.606586635063128
2023_2023-05-20_day1_010_h120,2023,120,M2b_mean_solar,8.333333333333336,3.442050208818659
2023_2023-05-20_day1_011_h120,2023,120,M2b_mean_solar,7.7777777777777715,5.020238853024779
2023_2023-05-20_day1_012_h120,2023,120,M2b_mean_solar,7.777777777777779,4.809487230732765
2023_2023-05-20_day1_013_h120,2023,120,M2b_mean_solar,6.111111111111114,3.6277713454408933
2023_2023-05-20_day1_014_h120,2023,120,M2b_mean_solar,4.444444444444443,4.189502820411864
2023_2023-05-20_day1_015_h120,2023,120,M2b_mean_solar,3.3333333333333286,2.2765119595277725
2023_2023-05-20_day1_016_h120,2023,120,M2b_mean_solar,2.2222222222222214,1.0279038824144986
2023_2023-05-20_day1_017_h120,2023,120,M2b_mean_solar,2.2222222222222214,1.7832490198001874
2023_2023-05-20_day1_018_h120,2023,120,M2b_mean_solar,1.6666666666666643,1.6978401435522632
2023_2023-05-20_day1_019_h120,2023,120,M2b_mean_solar,0.5555555555555571,-0.3063745541572849
2023_2023-05-20_day1_020_h120,2023,120,M2b_mean_solar,-0.5555555555555571,-0.6960648540523802
2023_2023-05-20_day1_021_h120,2023,120,M2b_mean_solar,-0.5555555555555571,-0.8422278801557241
2023_2023-05-20_day1_022_h120,2023,120,M2b_mean_solar,-0.5555555555555571,-0.8724190224189194
2023_2023-05-20_day1_023_h120,2023,120,M2b_mean_solar,-2.7777777777777786,-1.044973225428362
2023_2023-05-20_day1_024_h120,2023,120,M2b_mean_solar,-2.7777777777777786,-0.4091320632500053
2023_2023-05-20_day1_025_h120,2023,120,M2b_mean_solar,-4.444444444444443,-0.5978342971710044
2023_2023-05-20_day1_026_h120,2023,120,M2b_mean_solar,-5.555555555555557,-1.6093837519840775
2023_2023-05-20_day1_002_h120,2023,120,M2c_both_solar,8.333333333333332,5.959781312413875
2023_2023-05-20_day1_003_h120,2023,120,M2c_both_solar,8.888888888888886,6.041538622276302
2023_2023-05-20_day1_004_h120,2023,120,M2c_both_solar,8.88888888888889,7.061179415724596
2023_2023-05-20_day1_005_h120,2023,120,M2c_both_solar,11.111111111111114,7.137777260813024
2023_2023-05-20_day1_006_h120,2023,120,M2c_both_solar,11.666666666666668,4.233189292705519
2023_2023-05-20_day1_007_h120,2023,120,M2c_both_solar,11.666666666666671,6.012078542429269
2023_2023-05-20_day1_008_h120,2023,120,M2c_both_solar,11.666666666666664,4.260542704261025
2023_2023-05-20_day1_009_h120,2023,120,M2c_both_solar,9.444444444444445,3.7455923539911185
2023_2023-05-20_day1_010_h120,2023,120,M2c_both_solar,8.333333333333336,3.578631423969595
2023_2023-05-20_day1_011_h120,2023,120,M2c_both_solar,7.7777777777777715,5.141452092910763
2023_2023-05-20_day1_012_h120,2023,120,M2c_both_solar,7.777777777777779,4.922638610237435
2023_2023-05-20_day1_013_h120,2023,120,M2c_both_solar,6.111111111111114,3.7391209832175116
2023_2023-05-20_day1_014_h120,2023,120,M2c_both_solar,4.444444444444443,4.288130811260684
2023_2023-05-20_day1_015_h120,2023,120,M2c_both_solar,3.3333333333333286,2.36761296936744
2023_2023-05-20_day1_016_h120,2023,120,M2c_both_solar,2.2222222222222214,1.116948552997325
2023_2023-05-20_day1_017_h120,2023,120,M2c_both_solar,2.2222222222222214,1.8491682804215823
2023_2023-05-20_day1_018_h120,2023,120,M2c_both_solar,1.6666666666666643,1.7445948149913817
2023_2023-05-20_day1_019_h120,2023,120,M2c_both_solar,0.5555555555555571,-0.25998814154010397
2023_2023-05-20_day1_020_h120,2023,120,M2c_both_solar,-0.5555555555555571,-0.6510674618927013
2023_2023-05-20_day1_021_h120,2023,120,M2c_both_solar,-0.5555555555555571,-0.8091401530269757
2023_2023-05-20_day1_022_h120,2023,120,M2c_both_solar,-0.5555555555555571,-0.8557064584518623
2023_2023-05-20_day1_023_h120,2023,120,M2c_both_solar,-2.7777777777777786,-1.0366705230798532
2023_2023-05-20_day1_024_h120,2023,120,M2c_both_solar,-2.7777777777777786,-0.40974359723358855
2023_2023-05-20_day1_025_h120,2023,120,M2c_both_solar,-4.444444444444443,-0.6046127911696701
2023_2023-05-20_day1_026_h120,2023,120,M2c_both_solar,-5.555555555555557,-1.619785702309326
2024_2024-05-18_day1_000_h15,2024,15,M1_no_solar,1.1111111111111145,0.5450291027040244
2024_2024-05-18_day1_001_h15,2024,15,M1_no_solar,0.5555555555555536,0.9792232808234866
2024_2024-05-18_day1_002_h15,2024,15,M1_no_solar,1.1111111111111107,0.9792232808234838
2024_2024-05-18_day1_003_h15,2024,15,M1_no_solar,1.666666666666668,0.9624366692283473
2024_2024-05-18_day1_004_h15,2024,15,M1_no_solar,1.666666666666668,1.3966308473478066
2024_2024-05-18_day1_006_h15,2024,15,M1_no_solar,0.5555555555555571,0.8617169996575109
2024_2024-05-18_day1_007_h15,2024,15,M1_no_solar,1.6666666666666643,1.329484400967249
2024_2024-05-18_day1_008_h15,2024,15,M1_no_solar,0.5555555555555571,0.8449303880623684
2024_2024-05-18_day1_009_h15,2024,15,M1_no_solar,0.5555555555555571,-0.0906044145571081
2024_2024-05-18_day1_010_h15,2024,15,M1_no_solar,2.2222222222222214,1.2791245661818307
2024_2024-05-18_day1_011_h15,2024,15,M1_no_solar,-1.1111111111111145,0.3100165403720725
2024_2024-05-18_day1_012_h15,2024,15,M1_no_solar,1.6666666666666714,0.8113571648720926
2024_2024-05-18_day1_013_h15,2024,15,M1_no_solar,1.6666666666666643,0.3100165403720725
2024_2024-05-18_day1_014_h15,2024,15,M1_no_solar,-1.1111111111111072,0.2596567055866543
2024_2024-05-18_day1_015_h15,2024,15,M1_no_solar,3.8888888888888857,0.7609973300866714
2024_2024-05-18_day1_016_h15,2024,15,M1_no_solar,0.5555555555555571,0.19251025920609655
2024_2024-05-18_day1_017_h15,2024,15,M1_no_solar,0.0,0.17572364761095716
2024_2024-05-18_day1_018_h15,2024,15,M1_no_solar,-0.5555555555555571,0.6434910489206983
2024_2024-05-18_day1_019_h15,2024,15,M1_no_solar,2.2222222222222214,-0.2584705305085052
2024_2024-05-18_day1_020_h15,2024,15,M1_no_solar,1.6666666666666643,0.5931312141352801
2024_2024-05-18_day1_021_h15,2024,15,M1_no_solar,-1.1111111111111072,0.09179058963526032
2024_2024-05-18_day1_022_h15,2024,15,M1_no_solar,0.5555555555555571,0.5931312141352771
2024_2024-05-18_day1_023_h15,2024,15,M1_no_solar,1.1111111111111072,-0.3424035884841993
2024_2024-05-18_day1_024_h15,2024,15,M1_no_solar,1.1111111111111145,1.0105387806596002
2024_2024-05-18_day1_025_h15,2024,15,M1_no_solar,-1.1111111111111145,0.5427713793498589
2024_2024-05-18_day1_026_h15,2024,15,M1_no_solar,-1.6666666666666643,-0.3424035884841993
2024_2024-05-18_day1_027_h15,2024,15,M1_no_solar,2.2222222222222214,-0.3088303652939234
2024_2024-05-18_day1_028_h15,2024,15,M1_no_solar,0.5555555555555571,0.5427713793498619
2024_2024-05-18_day1_029_h15,2024,15,M1_no_solar,0.5555555555555571,-0.39276342326962055
2024_2024-05-18_day1_030_h15,2024,15,M1_no_solar,-1.1111111111111145,0.5091981561595829
2024_2024-05-18_day1_031_h15,2024,15,M1_no_solar,-1.1111111111111145,0.0917905896352601
2024_2024-05-18_day1_032_h15,2024,15,M1_no_solar,-0.55555555555555,0.1253638128255391
2024_2024-05-18_day1_033_h15,2024,15,M1_no_solar,-1.1111111111111145,0.14215042442067827
2024_2024-05-18_day1_000_h15,2024,15,M2a_delta_solar,1.1111111111111145,0.8503254614236715
2024_2024-05-18_day1_001_h15,2024,15,M2a_delta_solar,0.5555555555555536,1.2046618368687274
2024_2024-05-18_day1_002_h15,2024,15,M2a_delta_solar,1.1111111111111107,1.2051856014560862
2024_2024-05-18_day1_003_h15,2024,15,M2a_delta_solar,1.666666666666668,1.2107163735129587
2024_2024-05-18_day1_004_h15,2024,15,M2a_delta_solar,1.666666666666668,1.5616845080827024
2024_2024-05-18_day1_006_h15,2024,15,M2a_delta_solar,0.5555555555555571,1.2215016323769725
2024_2024-05-18_day1_007_h15,2024,15,M2a_delta_solar,1.6666666666666643,1.5499247081857124
2024_2024-05-18_day1_008_h15,2024,15,M2a_delta_solar,0.5555555555555571,1.1996572309920066
2024_2024-05-18_day1_009_h15,2024,15,M2a_delta_solar,0.5555555555555571,0.4980061274679896
2024_2024-05-18_day1_010_h15,2024,15,M2a_delta_solar,2.2222222222222214,1.5053141987389238
2024_2024-05-18_day1_011_h15,2024,15,M2a_delta_solar,-1.1111111111111145,0.8020867803699585
2024_2024-05-18_day1_012_h15,2024,15,M2a_delta_solar,1.6666666666666714,1.0861811995884672
2024_2024-05-18_day1_013_h15,2024,15,M2a_delta_solar,1.6666666666666643,0.7014121654020817
2024_2024-05-18_day1_014_h15,2024,15,M2a_delta_solar,-1.1111111111111072,0.6489352544022726
2024_2024-05-18_day1_015_h15,2024,15,M2a_delta_solar,3.8888888888888857,0.8909880116972371
2024_2024-05-18_day1_016_h15,2024,15,M2a_delta_solar,0.5555555555555571,0.48673188365794845
2024_2024-05-18_day1_017_h15,2024,15,M2a_delta_solar,0.0,0.38291163579382803
2024_2024-05-18_day1_018_h15,2024,15,M2a_delta_solar,-0.5555555555555571,0.6114840842415418
2024_2024-05-18_day1_019_h15,2024,15,M2a_delta_solar,2.2222222222222214,-0.18771132118567313
2024_2024-05-18_day1_020_h15,2024,15,M2a_delta_solar,1.6666666666666643,0.43045230439894683
2024_2024-05-18_day1_021_h15,2024,15,M2a_delta_solar,-1.1111111111111072,0.023780738622006303
2024_2024-05-18_day1_022_h15,2024,15,M2a_delta_solar,0.5555555555555571,0.28885995812380677
2024_2024-05-18_day1_023_h15,2024,15,M2a_delta_solar,1.1111111111111072,-0.4421371764213809
2024_2024-05-18_day1_024_h15,2024,15,M2a_delta_solar,1.1111111111111145,0.5590022589193828
2024_2024-05-18_day1_025_h15,2024,15,M2a_delta_solar,-1.1111111111111145,0.1883252333837047
2024_2024-05-18_day1_026_h15,2024,15,M2a_delta_solar,-1.6666666666666643,-0.5344193915747026
2024_2024-05-18_day1_027_h15,2024,15,M2a_delta_solar,2.2222222222222214,-0.5646158417054623
2024_2024-05-18_day1_028_h15,2024,15,M2a_delta_solar,0.5555555555555571,0.13327885840520604
2024_2024-05-18_day1_029_h15,2024,15,M2a_delta_solar,0.5555555555555571,-0.558344626470672
2024_2024-05-18_day1_030_h15,2024,15,M2a_delta_solar,-1.1111111111111145,0.12711562481238087
2024_2024-05-18_day1_031_h15,2024,15,M2a_delta_solar,-1.1111111111111145,-0.23752935371562484
2024_2024-05-18_day1_032_h15,2024,15,M2a_delta_solar,-0.55555555555555,-0.2537208838293343
2024_2024-05-18_day1_033_h15,2024,15,M2a_delta_solar,-1.1111111111111145,-0.26228268735267296
2024_2024-05-18_day1_000_h15,2024,15,M2b_mean_solar,1.1111111111111145,0.27148771382634546
2024_2024-05-18_day1_001_h15,2024,15,M2b_mean_solar,0.5555555555555536,0.7532739327477657
2024_2024-05-18_day1_002_h15,2024,15,M2b_mean_solar,1.1111111111111107,0.7907307840234562
2024_2024-05-18_day1_003_h15,2024,15,M2b_mean_solar,1.666666666666668,0.8046588369498696
2024_2024-05-18_day1_004_h15,2024,15,M2b_mean_solar,1.666666666666668,1.2864332074476765
2024_2024-05-18_day1_006_h15,2024,15,M2b_mean_solar,0.5555555555555571,0.8479284901488308
2024_2024-05-18_day1_007_h15,2024,15,M2b_mean_solar,1.6666666666666643,1.374913286920047
2024_2024-05-18_day1_008_h15,2024,15,M2b_mean_solar,0.5555555555555571,0.8946524276835386
2024_2024-05-18_day1_009_h15,2024,15,M2b_mean_solar,0.5555555555555571,-0.05460505721219566
2024_2024-05-18_day1_010_h15,2024,15,M2b_mean_solar,2.2222222222222214,1.4049088952853306
2024_2024-05-18_day1_011_h15,2024,15,M2b_mean_solar,-1.1111111111111145,0.4053918465168984
2024_2024-05-18_day1_012_h15,2024,15,M2b_mean_solar,1.6666666666666714,0.971985742979524
2024_2024-05-18_day1_013_h15,2024,15,M2b_mean_solar,1.6666666666666643,0.4585964018257209
2024_2024-05-18_day1_014_h15,2024,15,M2b_mean_solar,-1.1111111111111072,0.40934948683512495
2024_2024-05-18_day1_015_h15,2024,15,M2b_mean_solar,3.8888888888888857,0.9645221744710223
2024_2024-05-18_day1_016_h15,2024,15,M2b_mean_solar,0.5555555555555571,0.3430530339836687
2024_2024-05-18_day1_017_h15,2024,15,M2b_mean_solar,0.0,0.3244240603510695
2024_2024-05-18_day1_018_h15,2024,15,M2b_mean_solar,-0.5555555555555571,0.8141841799862024
2024_2024-05-18_day1_019_h15,2024,15,M2b_mean_solar,2.2222222222222214,-0.12979714563382472
2024_2024-05-18_day1_020_h15,2024,15,M2b_mean_solar,1.6666666666666643,0.7213975893914498
2024_2024-05-18_day1_021_h15,2024,15,M2b_mean_solar,-1.1111111111111072,0.16374075685810574
2024_2024-05-18_day1_022_h15,2024,15,M2b_mean_solar,0.5555555555555571,0.6788811170568959
2024_2024-05-18_day1_023_h15,2024,15,M2b_mean_solar,1.1111111111111072,-0.33072197181062724
2024_2024-05-18_day1_024_h15,2024,15,M2b_mean_solar,1.1111111111111145,1.0436845659843228
2024_2024-05-18_day1_025_h15,2024,15,M2b_mean_solar,-1.1111111111111145,0.5208466391429313
2024_2024-05-18_day1_026_h15,2024,15,M2b_mean_solar,-1.6666666666666643,-0.4244392853950907
2024_2024-05-18_day1_027_h15,2024,15,M2b_mean_solar,2.2222222222222214,-0.4115862243377266
2024_2024-05-18_day1_028_h15,2024,15,M2b_mean_solar,0.5555555555555571,0.4185255066169641
2024_2024-05-18_day1_029_h15,2024,15,M2b_mean_solar,0.5555555555555571,-0.6002280066975114
2024_2024-05-18_day1_030_h15,2024,15,M2b_mean_solar,-1.1111111111111145,0.2991975526019569
2024_2024-05-18_day1_031_h15,2024,15,M2b_mean_solar,-1.1111111111111145,-0.1584802537657467
2024_2024-05-18_day1_032_h15,2024,15,M2b_mean_solar,-0.55555555555555,-0.14852790256903992
2024_2024-05-18_day1_033_h15,2024,15,M2b_mean_solar,-1.1111111111111145,-0.16229234977031887
2024_2024-05-18_day1_000_h15,2024,15,M2c_both_solar,1.1111111111111145,0.5717972007170535
2024_2024-05-18_day1_001_h15,2024,15,M2c_both_solar,0.5555555555555536,0.974449596014916
2024_2024-05-18_day1_002_h15,2024,15,M2c_both_solar,1.1111111111111107,1.0133404842113796
2024_2024-05-18_day1_003_h15,2024,15,M2c_both_solar,1.666666666666668,1.0504499341996052
2024_2024-05-18_day1_004_h15,2024,15,M2c_both_solar,1.666666666666668,1.4497038578531833
2024_2024-05-18_day1_006_h15,2024,15,M2c_both_solar,0.5555555555555571,1.209311953052234
2024_2024-05-18_day1_007_h15,2024,15,M2c_both_solar,1.6666666666666643,1.5976384670198003
2024_2024-05-18_day1_008_h15,2024,15,M2c_both_solar,0.5555555555555571,1.2524895841167862
2024_2024-05-18_day1_009_h15,2024,15,M2c_both_solar,0.5555555555555571,0.5380398421120005
2024_2024-05-18_day1_010_h15,2024,15,M2c_both_solar,2.2222222222222214,1.6353610407785006
2024_2024-05-18_day1_011_h15,2024,15,M2c_both_solar,-1.1111111111111145,0.9024162850201745
2024_2024-05-18_day1_012_h15,2024,15,M2c_both_solar,1.6666666666666714,1.252177734200391
2024_2024-05-18_day1_013_h15,2024,15,M2c_both_solar,1.6666666666666643,0.8556943427533761
2024_2024-05-18_day1_014_h15,2024,15,M2c_both_solar,-1.1111111111111072,0.8043459403707984
2024_2024-05-18_day1_015_h15,2024,15,M2c_both_solar,3.8888888888888857,1.100141958191203
2024_2024-05-18_day1_016_h15,2024,15,M2c_both_solar,0.5555555555555571,0.6425024787321185
2024_2024-05-18_day1_017_h15,2024,15,M2c_both_solar,0.0,0.5363276610686734
2024_2024-05-18_day1_018_h15,2024,15,M2c_both_solar,-0.5555555555555571,0.7861406065027148
2024_2024-05-18_day1_019_h15,2024,15,M2c_both_solar,2.2222222222222214,-0.05554045417424569
2024_2024-05-18_day1_020_h15,2024,15,M2c_both_solar,1.6666666666666643,0.560952195011572
2024_2024-05-18_day1_021_h15,2024,15,M2c_both_solar,-1.1111111111111072,0.09710865469529695
2024_2024-05-18_day1_022_h15,2024,15,M2c_both_solar,0.5555555555555571,0.3750526590387745
2024_2024-05-18_day1_023_h15,2024,15,M2c_both_solar,1.1111111111111072,-0.43070835350804615
2024_2024-05-18_day1_024_h15,2024,15,M2c_both_solar,1.1111111111111145,0.5905252570322007
2024_2024-05-18_day1_025_h15,2024,15,M2c_both_solar,-1.1111111111111145,0.16396512643208483
2024_2024-05-18_day1_026_h15,2024,15,M2c_both_solar,-1.6666666666666643,-0.6194741203614799
2024_2024-05-18_day1_027_h15,2024,15,M2c_both_solar,2.2222222222222214,-0.6712353068461757
2024_2024-05-18_day1_028_h15,2024,15,M2c_both_solar,0.5555555555555571,0.003822981238715162
2024_2024-05-18_day1_029_h15,2024,15,M2c_both_solar,0.5555555555555571,-0.77172496312972
2024_2024-05-18_day1_030_h15,2024,15,M2c_both_solar,-1.1111111111111145,-0.09002528779943403
2024_2024-05-18_day1_031_h15,2024,15,M2c_both_solar,-1.1111111111111145,-0.49563266603142464
2024_2024-05-18_day1_032_h15,2024,15,M2c_both_solar,-0.55555555555555,-0.5362846781581234
2024_2024-05-18_day1_033_h15,2024,15,M2c_both_solar,-1.1111111111111145,-0.576273873946139
2024_2024-05-18_day1_000_h30,2024,30,M1_no_solar,1.666666666666668,1.6787541295351356
2024_2024-05-18_day1_001_h30,2024,30,M1_no_solar,1.6666666666666643,2.1641268807549414
2024_2024-05-18_day1_002_h30,2024,30,M1_no_solar,2.7777777777777786,2.164126880754942
2024_2024-05-18_day1_003_h30,2024,30,M1_no_solar,3.3333333333333357,2.6867936207166565
2024_2024-05-18_day1_006_h30,2024,30,M1_no_solar,2.2222222222222214,2.4630296882652294
2024_2024-05-18_day1_007_h30,2024,30,M1_no_solar,2.2222222222222214,2.4630296882652254
2024_2024-05-18_day1_008_h30,2024,30,M1_no_solar,1.1111111111111145,0.7458535134124707
2024_2024-05-18_day1_009_h30,2024,30,M1_no_solar,2.7777777777777786,1.3058142421160897
2024_2024-05-18_day1_010_h30,2024,30,M1_no_solar,1.1111111111111072,1.791186993335896
2024_2024-05-18_day1_011_h30,2024,30,M1_no_solar,0.5555555555555571,1.1566382871484715
2024_2024-05-18_day1_012_h30,2024,30,M1_no_solar,3.3333333333333357,1.231226264632281
2024_2024-05-18_day1_013_h30,2024,30,M1_no_solar,0.5555555555555571,0.5966775584448525
2024_2024-05-18_day1_014_h30,2024,30,M1_no_solar,2.7777777777777786,1.0447563209227542
2024_2024-05-18_day1_015_h30,2024,30,M1_no_solar,4.444444444444443,1.1193442984065634
2024_2024-05-18_day1_016_h30,2024,30,M1_no_solar,0.5555555555555571,0.33561963725152033
2024_2024-05-18_day1_017_h30,2024,30,M1_no_solar,-0.5555555555555571,0.8582863772132346
2024_2024-05-18_day1_018_h30,2024,30,M1_no_solar,1.6666666666666643,0.29832564850961574
2024_2024-05-18_day1_019_h30,2024,30,M1_no_solar,3.8888888888888857,0.3729136259934249
2024_2024-05-18_day1_020_h30,2024,30,M1_no_solar,0.5555555555555571,0.7464044109875211
2024_2024-05-18_day1_021_h30,2024,30,M1_no_solar,-0.55555555555555,0.6718164335037089
2024_2024-05-18_day1_022_h30,2024,30,M1_no_solar,1.6666666666666643,0.18644368228390196
2024_2024-05-18_day1_023_h30,2024,30,M1_no_solar,2.2222222222222214,0.7464044109875211
2024_2024-05-18_day1_024_h30,2024,30,M1_no_solar,0.0,1.7544439021690383
2024_2024-05-18_day1_025_h30,2024,30,M1_no_solar,-2.7777777777777786,0.07456171605818818
2024_2024-05-18_day1_026_h30,2024,30,M1_no_solar,0.5555555555555571,-0.9334777751233325
2024_2024-05-18_day1_027_h30,2024,30,M1_no_solar,2.7777777777777786,0.26103165976771114
2024_2024-05-18_day1_028_h30,2024,30,M1_no_solar,1.1111111111111145,0.07456171605818818
2024_2024-05-18_day1_029_h30,2024,30,M1_no_solar,-0.5555555555555571,0.07456171605818818
2024_2024-05-18_day1_030_h30,2024,30,M1_no_solar,-2.2222222222222285,0.5599344672779978
2024_2024-05-18_day1_031_h30,2024,30,M1_no_solar,-1.6666666666666643,0.11185570480009299
2024_2024-05-18_day1_032_h30,2024,30,M1_no_solar,-1.6666666666666643,0.1864436822839024
2024_2024-05-18_day1_000_h30,2024,30,M2a_delta_solar,1.666666666666668,2.1001530723185464
2024_2024-05-18_day1_001_h30,2024,30,M2a_delta_solar,1.6666666666666643,2.495310971078068
2024_2024-05-18_day1_002_h30,2024,30,M2a_delta_solar,2.7777777777777786,2.4952564303811333
2024_2024-05-18_day1_003_h30,2024,30,M2a_delta_solar,3.3333333333333357,2.8852582308843244
2024_2024-05-18_day1_006_h30,2024,30,M2a_delta_solar,2.2222222222222214,2.83899790665786
2024_2024-05-18_day1_007_h30,2024,30,M2a_delta_solar,2.2222222222222214,2.814750020537196
2024_2024-05-18_day1_008_h30,2024,30,M2a_delta_solar,1.1111111111111145,1.6120281732083201
2024_2024-05-18_day1_009_h30,2024,30,M2a_delta_solar,2.7777777777777786,1.9619735653890649
2024_2024-05-18_day1_010_h30,2024,30,M2a_delta_solar,1.1111111111111072,2.3024868063889308
2024_2024-05-18_day1_011_h30,2024,30,M2a_delta_solar,0.5555555555555571,1.8460722900541424
2024_2024-05-18_day1_012_h30,2024,30,M2a_delta_solar,3.3333333333333357,1.7562248804919898
2024_2024-05-18_day1_013_h30,2024,30,M2a_delta_solar,0.5555555555555571,1.2575787072194822
2024_2024-05-18_day1_014_h30,2024,30,M2a_delta_solar,2.7777777777777786,1.5159829024688078
2024_2024-05-18_day1_015_h30,2024,30,M2a_delta_solar,4.444444444444443,1.3515595023951952
2024_2024-05-18_day1_016_h30,2024,30,M2a_delta_solar,0.5555555555555571,0.7859701296899486
2024_2024-05-18_day1_017_h30,2024,30,M2a_delta_solar,-0.5555555555555571,0.9856160873766352
2024_2024-05-18_day1_018_h30,2024,30,M2a_delta_solar,1.6666666666666643,0.40589801724180746
2024_2024-05-18_day1_019_h30,2024,30,M2a_delta_solar,3.8888888888888857,0.23045193663341862
2024_2024-05-18_day1_020_h30,2024,30,M2a_delta_solar,0.5555555555555571,0.47857657775414003
2024_2024-05-18_day1_021_h30,2024,30,M2a_delta_solar,-0.55555555555555,0.35833540717122747
2024_2024-05-18_day1_022_h30,2024,30,M2a_delta_solar,1.6666666666666643,-0.13312935136981052
2024_2024-05-18_day1_023_h30,2024,30,M2a_delta_solar,2.2222222222222214,0.18071360106764645
2024_2024-05-18_day1_024_h30,2024,30,M2a_delta_solar,0.0,0.9063313195778938
2024_2024-05-18_day1_025_h30,2024,30,M2a_delta_solar,-2.7777777777777786,-0.3124337690776824
2024_2024-05-18_day1_026_h30,2024,30,M2a_delta_solar,0.5555555555555571,-1.1336524888011996
2024_2024-05-18_day1_027_h30,2024,30,M2a_delta_solar,2.7777777777777786,-0.38210616317387147
2024_2024-05-18_day1_028_h30,2024,30,M2a_delta_solar,1.1111111111111145,-0.3968309173028871
2024_2024-05-18_day1_029_h30,2024,30,M2a_delta_solar,-0.5555555555555571,-0.4127853413260967
2024_2024-05-18_day1_030_h30,2024,30,M2a_delta_solar,-2.2222222222222285,-0.031235697537925766
2024_2024-05-18_day1_031_h30,2024,30,M2a_delta_solar,-1.6666666666666643,-0.4342773255864807
2024_2024-05-18_day1_032_h30,2024,30,M2a_delta_solar,-1.6666666666666643,-0.44237276474470977
2024_2024-05-18_day1_000_h30,2024,30,M2b_mean_solar,1.666666666666668,1.0625159709820817
2024_2024-05-18_day1_001_h30,2024,30,M2b_mean_solar,1.6666666666666643,1.6605904673624097
2024_2024-05-18_day1_002_h30,2024,30,M2b_mean_solar,2.7777777777777786,1.7500109191351987
2024_2024-05-18_day1_003_h30,2024,30,M2b_mean_solar,3.3333333333333357,2.3997069305141467
2024_2024-05-18_day1_006_h30,2024,30,M2b_mean_solar,2.2222222222222214,2.5277640765931455
2024_2024-05-18_day1_007_h30,2024,30,M2b_mean_solar,2.2222222222222214,2.611526686126017
2024_2024-05-18_day1_008_h30,2024,30,M2b_mean_solar,1.1111111111111145,0.8052907473191518
2024_2024-05-18_day1_009_h30,2024,30,M2b_mean_solar,2.7777777777777786,1.4957462159069799
2024_2024-05-18_day1_010_h30,2024,30,M2b_mean_solar,1.1111111111111072,2.0790218810877747
2024_2024-05-18_day1_011_h30,2024,30,M2b_mean_solar,0.5555555555555571,1.4332551383839753
2024_2024-05-18_day1_012_h30,2024,30,M2b_mean_solar,3.3333333333333357,1.5996497594593153
2024_2024-05-18_day1_013_h30,2024,30,M2b_mean_solar,0.5555555555555571,0.9392992353502024
2024_2024-05-18_day1_014_h30,2024,30,M2b_mean_solar,2.7777777777777786,1.4412183911891354
2024_2024-05-18_day1_015_h30,2024,30,M2b_mean_solar,4.444444444444443,1.5772204986644902
2024_2024-05-18_day1_016_h30,2024,30,M2b_mean_solar,0.5555555555555571,0.6741470275033817
2024_2024-05-18_day1_017_h30,2024,30,M2b_mean_solar,-0.5555555555555571,1.2382795418039398
2024_2024-05-18_day1_018_h30,2024,30,M2b_mean_solar,1.6666666666666643,0.6147443700932985
2024_2024-05-18_day1_019_h30,2024,30,M2b_mean_solar,3.8888888888888857,0.6919533118310887
2024_2024-05-18_day1_020_h30,2024,30,M2b_mean_solar,0.5555555555555571,1.0066077914923324
2024_2024-05-18_day1_021_h30,2024,30,M2b_mean_solar,-0.55555555555555,0.8530791640991365
2024_2024-05-18_day1_022_h30,2024,30,M2b_mean_solar,1.6666666666666643,0.28503405464596854
2024_2024-05-18_day1_023_h30,2024,30,M2b_mean_solar,2.2222222222222214,0.8304895765425061
2024_2024-05-18_day1_024_h30,2024,30,M2b_mean_solar,0.0,1.8273535052718937
2024_2024-05-18_day1_025_h30,2024,30,M2b_mean_solar,-2.7777777777777786,-0.08531419217102931
2024_2024-05-18_day1_026_h30,2024,30,M2b_mean_solar,0.5555555555555571,-1.2344394905637075
2024_2024-05-18_day1_027_h30,2024,30,M2b_mean_solar,2.7777777777777786,0.01021388060895323
2024_2024-05-18_day1_028_h30,2024,30,M2b_mean_solar,1.1111111111111145,-0.3326932844708549
2024_2024-05-18_day1_029_h30,2024,30,M2b_mean_solar,-0.5555555555555571,-0.41890983801478276
2024_2024-05-18_day1_030_h30,2024,30,M2b_mean_solar,-2.2222222222222285,0.0024442450297258445
2024_2024-05-18_day1_031_h30,2024,30,M2b_mean_solar,-1.6666666666666643,-0.5428392865491415
2024_2024-05-18_day1_032_h30,2024,30,M2b_mean_solar,-1.6666666666666643,-0.5283350652708713
2024_2024-05-18_day1_000_h30,2024,30,M2c_both_solar,1.666666666666668,1.4985415504694601
2024_2024-05-18_day1_001_h30,2024,30,M2c_both_solar,1.6666666666666643,2.003913559912472
2024_2024-05-18_day1_002_h30,2024,30,M2c_both_solar,2.7777777777777786,2.0902862620270395
2024_2024-05-18_day1_003_h30,2024,30,M2c_both_solar,3.3333333333333357,2.6049550371384385
2024_2024-05-18_day1_006_h30,2024,30,M2c_both_solar,2.2222222222222214,2.896206064317921
2024_2024-05-18_day1_007_h30,2024,30,M2c_both_solar,2.2222222222222214,2.953261850223581
2024_2024-05-18_day1_008_h30,2024,30,M2c_both_solar,1.1111111111111145,1.6571294791985398
2024_2024-05-18_day1_009_h30,2024,30,M2c_both_solar,2.7777777777777786,2.1361937812794034
2024_2024-05-18_day1_010_h30,2024,30,M2c_both_solar,1.1111111111111072,2.573396664462003
2024_2024-05-18_day1_011_h30,2024,30,M2c_both_solar,0.5555555555555571,2.1036007160347547
2024_2024-05-18_day1_012_h30,2024,30,M2c_both_solar,3.3333333333333357,2.1048298151002216
2024_2024-05-18_day1_013_h30,2024,30,M2c_both_solar,0.5555555555555571,1.5793086645381935
2024_2024-05-18_day1_014_h30,2024,30,M2c_both_solar,2.7777777777777786,1.8924540502422635
2024_2024-05-18_day1_015_h30,2024,30,M2c_both_solar,4.444444444444443,1.790795204622258
2024_2024-05-18_day1_016_h30,2024,30,M2c_both_solar,0.5555555555555571,1.1067439264538383
2024_2024-05-18_day1_017_h30,2024,30,M2c_both_solar,-0.5555555555555571,1.3510714070511773
2024_2024-05-18_day1_018_h30,2024,30,M2c_both_solar,1.6666666666666643,0.7101891082975741
2024_2024-05-18_day1_019_h30,2024,30,M2c_both_solar,3.8888888888888857,0.5408400457896606
2024_2024-05-18_day1_020_h30,2024,30,M2c_both_solar,0.5555555555555571,0.7338852265260004
2024_2024-05-18_day1_021_h30,2024,30,M2c_both_solar,-0.55555555555555,0.5379972148370665
2024_2024-05-18_day1_022_h30,2024,30,M2c_both_solar,1.6666666666666643,-0.03328502489288754
2024_2024-05-18_day1_023_h30,2024,30,M2c_both_solar,2.2222222222222214,0.2700463751863229
2024_2024-05-18_day1_024_h30,2024,30,M2c_both_solar,0.0,0.9888881537241992
2024_2024-05-18_day1_025_h30,2024,30,M2c_both_solar,-2.7777777777777786,-0.4614407319100977
2024_2024-05-18_day1_026_h30,2024,30,M2c_both_solar,0.5555555555555571,-1.421684218480363
2024_2024-05-18_day1_027_h30,2024,30,M2c_both_solar,2.7777777777777786,-0.6153591978475733
2024_2024-05-18_day1_028_h30,2024,30,M2c_both_solar,1.1111111111111145,-0.7837312583612862
2024_2024-05-18_day1_029_h30,2024,30,M2c_both_solar,-0.5555555555555571,-0.88278811977082
2024_2024-05-18_day1_030_h30,2024,30,M2c_both_solar,-2.2222222222222285,-0.5616338419740574
2024_2024-05-18_day1_031_h30,2024,30,M2c_both_solar,-1.6666666666666643,-1.0592675449069886
2024_2024-05-18_day1_032_h30,2024,30,M2c_both_solar,-1.6666666666666643,-1.1242564975410743
2024_2024-05-18_day1_000_h60,2024,60,M1_no_solar,4.444444444444446,4.656241443447895
2024_2024-05-18_day1_001_h60,2024,60,M1_no_solar,5.0,5.964322204568517
2024_2024-05-18_day1_004_h60,2024,60,M1_no_solar,5.555555555555554,6.446343739737799
2024_2024-05-18_day1_005_h60,2024,60,M1_no_solar,4.444444444444443,5.620284513786462
2024_2024-05-18_day1_006_h60,2024,60,M1_no_solar,3.3333333333333357,3.882156639188271
2024_2024-05-18_day1_007_h60,2024,60,M1_no_solar,5.0,4.622206442444094
2024_2024-05-18_day1_008_h60,2024,60,M1_no_solar,2.2222222222222214,3.056097413236929
2024_2024-05-18_day1_009_h60,2024,60,M1_no_solar,3.3333333333333357,3.0560974132369334
2024_2024-05-18_day1_010_h60,2024,60,M1_no_solar,4.444444444444443,3.6241283711017287
2024_2024-05-18_day1_011_h60,2024,60,M1_no_solar,1.1111111111111145,1.9720099191990506
2024_2024-05-18_day1_012_h60,2024,60,M1_no_solar,6.111111111111114,2.8840785678459016
2024_2024-05-18_day1_013_h60,2024,60,M1_no_solar,5.0,1.9720099191990457
2024_2024-05-18_day1_014_h60,2024,60,M1_no_solar,3.3333333333333357,1.7139816511125046
2024_2024-05-18_day1_015_h60,2024,60,M1_no_solar,3.8888888888888857,2.6260502997593598
2024_2024-05-18_day1_016_h60,2024,60,M1_no_solar,2.2222222222222214,0.6298941570746259
2024_2024-05-18_day1_017_h60,2024,60,M1_no_solar,3.3333333333333286,1.2839345376349391
2024_2024-05-18_day1_018_h60,2024,60,M1_no_solar,2.2222222222222214,1.2839345376349391
2024_2024-05-18_day1_019_h60,2024,60,M1_no_solar,3.3333333333333357,1.4559533830259626
2024_2024-05-18_day1_020_h60,2024,60,M1_no_solar,2.2222222222222214,1.0259062695483983
2024_2024-05-18_day1_021_h60,2024,60,M1_no_solar,1.6666666666666714,1.5939372274131944
2024_2024-05-18_day1_022_h60,2024,60,M1_no_solar,1.6666666666666643,2.506005876060044
2024_2024-05-18_day1_023_h60,2024,60,M1_no_solar,-0.5555555555555571,1.0259062695483983
2024_2024-05-18_day1_024_h60,2024,60,M1_no_solar,0.5555555555555571,0.767878001461852
2024_2024-05-18_day1_025_h60,2024,60,M1_no_solar,0.0,0.027828198206028887
2024_2024-05-18_day1_026_h60,2024,60,M1_no_solar,1.6666666666666714,-1.19424314021908
2024_2024-05-18_day1_027_h60,2024,60,M1_no_solar,2.2222222222222214,0.4578753116835981
2024_2024-05-18_day1_028_h60,2024,60,M1_no_solar,-1.1111111111111145,0.7678780014618565
2024_2024-05-18_day1_029_h60,2024,60,M1_no_solar,-2.2222222222222214,0.027828198206028887
2024_2024-05-18_day1_030_h60,2024,60,M1_no_solar,-3.888888888888893,0.5958591560708282
2024_2024-05-18_day1_000_h60,2024,60,M2a_delta_solar,4.444444444444446,5.110501981260924
2024_2024-05-18_day1_001_h60,2024,60,M2a_delta_solar,5.0,6.181011755351936
2024_2024-05-18_day1_004_h60,2024,60,M2a_delta_solar,5.555555555555554,6.628125015702502
2024_2024-05-18_day1_005_h60,2024,60,M2a_delta_solar,4.444444444444443,6.009619675729924
2024_2024-05-18_day1_006_h60,2024,60,M2a_delta_solar,3.3333333333333357,4.684973853669595
2024_2024-05-18_day1_007_h60,2024,60,M2a_delta_solar,5.0,5.20797023283662
2024_2024-05-18_day1_008_h60,2024,60,M2a_delta_solar,2.2222222222222214,3.9746731134488527
2024_2024-05-18_day1_009_h60,2024,60,M2a_delta_solar,3.3333333333333357,3.8968664259134487
2024_2024-05-18_day1_010_h60,2024,60,M2a_delta_solar,4.444444444444443,4.2980792184416075
2024_2024-05-18_day1_011_h60,2024,60,M2a_delta_solar,1.1111111111111145,2.9634869208818517
2024_2024-05-18_day1_012_h60,2024,60,M2a_delta_solar,6.111111111111114,3.4416497119870852
2024_2024-05-18_day1_013_h60,2024,60,M2a_delta_solar,5.0,2.6096287585760796
2024_2024-05-18_day1_014_h60,2024,60,M2a_delta_solar,3.3333333333333357,2.279861324500409
2024_2024-05-18_day1_015_h60,2024,60,M2a_delta_solar,3.8888888888888857,2.6646752443408515
2024_2024-05-18_day1_016_h60,2024,60,M2a_delta_solar,2.2222222222222214,1.056019389890199
2024_2024-05-18_day1_017_h60,2024,60,M2a_delta_solar,3.3333333333333286,1.3306195492146846
2024_2024-05-18_day1_018_h60,2024,60,M2a_delta_solar,2.2222222222222214,1.0894099779432806
2024_2024-05-18_day1_019_h60,2024,60,M2a_delta_solar,3.3333333333333357,0.9465992446283396
2024_2024-05-18_day1_020_h60,2024,60,M2a_delta_solar,2.2222222222222214,0.5996176182252331
2024_2024-05-18_day1_021_h60,2024,60,M2a_delta_solar,1.6666666666666714,0.9582857538242102
2024_2024-05-18_day1_022_h60,2024,60,M2a_delta_solar,1.6666666666666643,1.4832666972199748
2024_2024-05-18_day1_023_h60,2024,60,M2a_delta_solar,-0.5555555555555571,0.2563232716295696
2024_2024-05-18_day1_024_h60,2024,60,M2a_delta_solar,0.5555555555555571,0.0857431750986839
2024_2024-05-18_day1_025_h60,2024,60,M2a_delta_solar,0.0,-0.5364454277811204
2024_2024-05-18_day1_026_h60,2024,60,M2a_delta_solar,1.6666666666666714,-1.6136261611549045
2024_2024-05-18_day1_027_h60,2024,60,M2a_delta_solar,2.2222222222222214,-0.43749213681786747
2024_2024-05-18_day1_028_h60,2024,60,M2a_delta_solar,-1.1111111111111145,-0.06207587636539813
2024_2024-05-18_day1_029_h60,2024,60,M2a_delta_solar,-2.2222222222222214,-0.6489382588629278
2024_2024-05-18_day1_030_h60,2024,60,M2a_delta_solar,-3.888888888888893,-0.16008735605560265
2024_2024-05-18_day1_000_h60,2024,60,M2b_mean_solar,4.444444444444446,3.3448033220728624
2024_2024-05-18_day1_001_h60,2024,60,M2b_mean_solar,5.0,4.929509216428933
2024_2024-05-18_day1_004_h60,2024,60,M2b_mean_solar,5.555555555555554,5.981465314324432
2024_2024-05-18_day1_005_h60,2024,60,M2b_mean_solar,4.444444444444443,5.257668230034271
2024_2024-05-18_day1_006_h60,2024,60,M2b_mean_solar,3.3333333333333357,3.8727590098258595
2024_2024-05-18_day1_007_h60,2024,60,M2b_mean_solar,5.0,4.848454199457429
2024_2024-05-18_day1_008_h60,2024,60,M2b_mean_solar,2.2222222222222214,3.2987444412565736
2024_2024-05-18_day1_009_h60,2024,60,M2b_mean_solar,3.3333333333333357,3.4544508951043174
2024_2024-05-18_day1_010_h60,2024,60,M2b_mean_solar,4.444444444444443,4.188801210937843
2024_2024-05-18_day1_011_h60,2024,60,M2b_mean_solar,1.1111111111111145,2.496819164943007
2024_2024-05-18_day1_012_h60,2024,60,M2b_mean_solar,6.111111111111114,3.6252946423062182
2024_2024-05-18_day1_013_h60,2024,60,M2b_mean_solar,5.0,2.69702485460303
2024_2024-05-18_day1_014_h60,2024,60,M2b_mean_solar,3.3333333333333357,2.4406498034570685
2024_2024-05-18_day1_015_h60,2024,60,M2b_mean_solar,3.8888888888888857,3.4943765934777726
2024_2024-05-18_day1_016_h60,2024,60,M2b_mean_solar,2.2222222222222214,1.253179294256008
2024_2024-05-18_day1_017_h60,2024,60,M2b_mean_solar,3.3333333333333286,1.9281238915590275
2024_2024-05-18_day1_018_h60,2024,60,M2b_mean_solar,2.2222222222222214,1.8774879286912494
2024_2024-05-18_day1_019_h60,2024,60,M2b_mean_solar,3.3333333333333357,2.0138938060017697
2024_2024-05-18_day1_020_h60,2024,60,M2b_mean_solar,2.2222222222222214,1.3792506836295921
2024_2024-05-18_day1_021_h60,2024,60,M2b_mean_solar,1.6666666666666714,1.8487743811296975
2024_2024-05-18_day1_022_h60,2024,60,M2b_mean_solar,1.6666666666666643,2.7290074424180872
2024_2024-05-18_day1_023_h60,2024,60,M2b_mean_solar,-0.5555555555555571,0.9709928553666043
2024_2024-05-18_day1_024_h60,2024,60,M2b_mean_solar,0.5555555555555571,0.4900859266447448
2024_2024-05-18_day1_025_h60,2024,60,M2b_mean_solar,0.0,-0.48231003565763975
2024_2024-05-18_day1_026_h60,2024,60,M2b_mean_solar,1.6666666666666714,-1.9443728055461393
2024_2024-05-18_day1_027_h60,2024,60,M2b_mean_solar,2.2222222222222214,-0.3024866056013742
2024_2024-05-18_day1_028_h60,2024,60,M2b_mean_solar,-1.1111111111111145,-0.21552520674232034
2024_2024-05-18_day1_029_h60,2024,60,M2b_mean_solar,-2.2222222222222214,-1.205065165569325
2024_2024-05-18_day1_030_h60,2024,60,M2b_mean_solar,-3.888888888888893,-0.8024067154573438
2024_2024-05-18_day1_000_h60,2024,60,M2c_both_solar,4.444444444444446,3.8400584161910976
2024_2024-05-18_day1_001_h60,2024,60,M2c_both_solar,5.0,5.184522639832753
2024_2024-05-18_day1_004_h60,2024,60,M2c_both_solar,5.555555555555554,6.176903285258845
2024_2024-05-18_day1_005_h60,2024,60,M2c_both_solar,4.444444444444443,5.6472193890585505
2024_2024-05-18_day1_006_h60,2024,60,M2c_both_solar,3.3333333333333357,4.642159789366981
2024_2024-05-18_day1_007_h60,2024,60,M2c_both_solar,5.0,5.399145290101637
2024_2024-05-18_day1_008_h60,2024,60,M2c_both_solar,2.2222222222222214,4.167463695211469
2024_2024-05-18_day1_009_h60,2024,60,M2c_both_solar,3.3333333333333357,4.241502682485588
2024_2024-05-18_day1_010_h60,2024,60,M2c_both_solar,4.444444444444443,4.808440111405655
2024_2024-05-18_day1_011_h60,2024,60,M2c_both_solar,1.1111111111111145,3.4224253201623407
2024_2024-05-18_day1_012_h60,2024,60,M2c_both_solar,6.111111111111114,4.125363692441258
2024_2024-05-18_day1_013_h60,2024,60,M2c_both_solar,5.0,3.2745097565310033
2024_2024-05-18_day1_014_h60,2024,60,M2c_both_solar,3.3333333333333357,2.949344300494732
2024_2024-05-18_day1_015_h60,2024,60,M2c_both_solar,3.8888888888888857,3.4915489829806017
2024_2024-05-18_day1_016_h60,2024,60,M2c_both_solar,2.2222222222222214,1.6327529744996572
2024_2024-05-18_day1_017_h60,2024,60,M2c_both_solar,3.3333333333333286,1.9432961334570227
2024_2024-05-18_day1_018_h60,2024,60,M2c_both_solar,2.2222222222222214,1.6639425145745317
2024_2024-05-18_day1_019_h60,2024,60,M2c_both_solar,3.3333333333333357,1.5004256085293084
2024_2024-05-18_day1_020_h60,2024,60,M2c_both_solar,2.2222222222222214,0.9547292612112639
2024_2024-05-18_day1_021_h60,2024,60,M2c_both_solar,1.6666666666666714,1.2282348902646312
2024_2024-05-18_day1_022_h60,2024,60,M2c_both_solar,1.6666666666666643,1.739160261920475
2024_2024-05-18_day1_023_h60,2024,60,M2c_both_solar,-0.5555555555555571,0.23637461112392655
2024_2024-05-18_day1_024_h60,2024,60,M2c_both_solar,0.5555555555555571,-0.1505491374334661
2024_2024-05-18_day1_025_h60,2024,60,M2c_both_solar,0.0,-0.9993969208564026
2024_2024-05-18_day1_026_h60,2024,60,M2c_both_solar,1.6666666666666714,-2.311671053746725
2024_2024-05-18_day1_027_h60,2024,60,M2c_both_solar,2.2222222222222214,-1.1252321012137096
2024_2024-05-18_day1_028_h60,2024,60,M2c_both_solar,-1.1111111111111145,-0.9653856673207261
2024_2024-05-18_day1_029_h60,2024,60,M2c_both_solar,-2.2222222222222214,-1.7967543335733736
2024_2024-05-18_day1_030_h60,2024,60,M2c_both_solar,-3.888888888888893,-1.4623531535957912
2024_2024-05-18_day1_002_h90,2024,90,M1_no_solar,8.333333333333332,10.673062176255355
2024_2024-05-18_day1_003_h90,2024,90,M1_no_solar,7.777777777777779,10.54397342165423
2024_2024-05-18_day1_004_h90,2024,90,M1_no_solar,7.777777777777775,11.198602359504765
2024_2024-05-18_day1_005_h90,2024,90,M1_no_solar,6.666666666666664,10.156707157850832
2024_2024-05-18_day1_006_h90,2024,90,M1_no_solar,4.444444444444443,7.031021552889046
2024_2024-05-18_day1_007_h90,2024,90,M1_no_solar,5.555555555555557,7.031021552889046
2024_2024-05-18_day1_008_h90,2024,90,M1_no_solar,5.555555555555557,5.076319904182316
2024_2024-05-18_day1_009_h90,2024,90,M1_no_solar,3.888888888888893,4.163513457129519
2024_2024-05-18_day1_010_h90,2024,90,M1_no_solar,7.222222222222221,5.73094884203285
2024_2024-05-18_day1_011_h90,2024,90,M1_no_solar,5.555555555555557,3.64715843872499
2024_2024-05-18_day1_012_h90,2024,90,M1_no_solar,6.666666666666671,3.9053359479272522
2024_2024-05-18_day1_013_h90,2024,90,M1_no_solar,4.444444444444443,3.64715843872499
2024_2024-05-18_day1_014_h90,2024,90,M1_no_solar,5.0,2.3470857278687958
2024_2024-05-18_day1_015_h90,2024,90,M1_no_solar,7.7777777777777715,3.5180696841238595
2024_2024-05-18_day1_016_h90,2024,90,M1_no_solar,2.7777777777777786,1.8307307094642775
2024_2024-05-18_day1_017_h90,2024,90,M1_no_solar,2.7777777777777786,2.6144484019159426
2024_2024-05-18_day1_018_h90,2024,90,M1_no_solar,3.8888888888888857,1.7016419548631463
2024_2024-05-18_day1_019_h90,2024,90,M1_no_solar,5.555555555555557,2.872625911118205
2024_2024-05-18_day1_020_h90,2024,90,M1_no_solar,2.2222222222222214,4.052795032218149
2024_2024-05-18_day1_021_h90,2024,90,M1_no_solar,-1.1111111111111072,1.9690046289102905
2024_2024-05-18_day1_022_h90,2024,90,M1_no_solar,2.2222222222222214,1.3143756910597486
2024_2024-05-18_day1_023_h90,2024,90,M1_no_solar,2.2222222222222214,1.3143756910597544
2024_2024-05-18_day1_024_h90,2024,90,M1_no_solar,1.6666666666666714,0.9271094272563563
2024_2024-05-18_day1_025_h90,2024,90,M1_no_solar,-0.5555555555555571,0.014302980203559024
2024_2024-05-18_day1_026_h90,2024,90,M1_no_solar,-0.5555555555555571,-0.5112372030458436
2024_2024-05-18_day1_027_h90,2024,90,M1_no_solar,0.5555555555555571,0.6597467532092143
2024_2024-05-18_day1_028_h90,2024,90,M1_no_solar,-2.7777777777777786,0.9271094272563616
2024_2024-05-18_day1_002_h90,2024,90,M2a_delta_solar,8.333333333333332,10.773041727239995
2024_2024-05-18_day1_003_h90,2024,90,M2a_delta_solar,7.777777777777779,10.681917838319048
2024_2024-05-18_day1_004_h90,2024,90,M2a_delta_solar,7.777777777777775,11.303888487476794
2024_2024-05-18_day1_005_h90,2024,90,M2a_delta_solar,6.666666666666664,10.404461383354382
2024_2024-05-18_day1_006_h90,2024,90,M2a_delta_solar,4.444444444444443,7.658773383636942
2024_2024-05-18_day1_007_h90,2024,90,M2a_delta_solar,5.555555555555557,7.599513788699924
2024_2024-05-18_day1_008_h90,2024,90,M2a_delta_solar,5.555555555555557,5.845363510757833
2024_2024-05-18_day1_009_h90,2024,90,M2a_delta_solar,3.888888888888893,4.94935612824758
2024_2024-05-18_day1_010_h90,2024,90,M2a_delta_solar,7.222222222222221,6.261545779457485
2024_2024-05-18_day1_011_h90,2024,90,M2a_delta_solar,5.555555555555557,4.351474182474519
2024_2024-05-18_day1_012_h90,2024,90,M2a_delta_solar,6.666666666666671,4.332764054120812
2024_2024-05-18_day1_013_h90,2024,90,M2a_delta_solar,4.444444444444443,3.9643150139955985
2024_2024-05-18_day1_014_h90,2024,90,M2a_delta_solar,5.0,2.69746377062675
2024_2024-05-18_day1_015_h90,2024,90,M2a_delta_solar,7.7777777777777715,3.4232687000638267
2024_2024-05-18_day1_016_h90,2024,90,M2a_delta_solar,2.7777777777777786,1.908006947492412
2024_2024-05-18_day1_017_h90,2024,90,M2a_delta_solar,2.7777777777777786,2.408488222575333
2024_2024-05-18_day1_018_h90,2024,90,M2a_delta_solar,3.8888888888888857,1.4161304233371208
2024_2024-05-18_day1_019_h90,2024,90,M2a_delta_solar,5.555555555555557,2.2106670832106032
2024_2024-05-18_day1_020_h90,2024,90,M2a_delta_solar,2.2222222222222214,3.266537405813757
2024_2024-05-18_day1_021_h90,2024,90,M2a_delta_solar,-1.1111111111111072,1.3984089571136682
2024_2024-05-18_day1_022_h90,2024,90,M2a_delta_solar,2.2222222222222214,0.6756277876299208
2024_2024-05-18_day1_023_h90,2024,90,M2a_delta_solar,2.2222222222222214,0.6085552323467964
2024_2024-05-18_day1_024_h90,2024,90,M2a_delta_solar,1.6666666666666714,0.31395823928065747
2024_2024-05-18_day1_025_h90,2024,90,M2a_delta_solar,-0.5555555555555571,-0.5244285300505931
2024_2024-05-18_day1_026_h90,2024,90,M2a_delta_solar,-0.5555555555555571,-1.11070437343536
2024_2024-05-18_day1_027_h90,2024,90,M2a_delta_solar,0.5555555555555571,-0.17353192470044743
2024_2024-05-18_day1_028_h90,2024,90,M2a_delta_solar,-2.7777777777777786,0.20330613720019786
2024_2024-05-18_day1_002_h90,2024,90,M2b_mean_solar,8.333333333333332,9.731652717640799
2024_2024-05-18_day1_003_h90,2024,90,M2b_mean_solar,7.777777777777779,9.77659022485958
2024_2024-05-18_day1_004_h90,2024,90,M2b_mean_solar,7.777777777777775,10.614761950663304
2024_2024-05-18_day1_005_h90,2024,90,M2b_mean_solar,6.666666666666664,9.718090105591711
2024_2024-05-18_day1_006_h90,2024,90,M2b_mean_solar,4.444444444444443,7.001584929743753
2024_2024-05-18_day1_007_h90,2024,90,M2b_mean_solar,5.555555555555557,7.161176288162592
2024_2024-05-18_day1_008_h90,2024,90,M2b_mean_solar,5.555555555555557,5.294497133451985
2024_2024-05-18_day1_009_h90,2024,90,M2b_mean_solar,3.888888888888893,4.493619036011951
2024_2024-05-18_day1_010_h90,2024,90,M2b_mean_solar,7.222222222222221,6.203941456810757
2024_2024-05-18_day1_011_h90,2024,90,M2b_mean_solar,5.555555555555557,4.146993022530591
2024_2024-05-18_day1_012_h90,2024,90,M2b_mean_solar,6.666666666666671,4.509765809580452
2024_2024-05-18_day1_013_h90,2024,90,M2b_mean_solar,4.444444444444443,4.281476134250869
2024_2024-05-18_day1_014_h90,2024,90,M2b_mean_solar,5.0,2.949783135168746
2024_2024-05-18_day1_015_h90,2024,90,M2b_mean_solar,7.7777777777777715,4.176647498129765
2024_2024-05-18_day1_016_h90,2024,90,M2b_mean_solar,2.7777777777777786,2.369664378747038
2024_2024-05-18_day1_017_h90,2024,90,M2b_mean_solar,2.7777777777777786,3.1213465444786315
2024_2024-05-18_day1_018_h90,2024,90,M2b_mean_solar,3.8888888888888857,2.1167115833126178
2024_2024-05-18_day1_019_h90,2024,90,M2b_mean_solar,5.555555555555557,3.2470713866582552
2024_2024-05-18_day1_020_h90,2024,90,M2b_mean_solar,2.2222222222222214,4.300844756467638
2024_2024-05-18_day1_021_h90,2024,90,M2b_mean_solar,-1.1111111111111072,2.0144870095869005
2024_2024-05-18_day1_022_h90,2024,90,M2b_mean_solar,2.2222222222222214,1.2180744034252435
2024_2024-05-18_day1_023_h90,2024,90,M2b_mean_solar,2.2222222222222214,1.0633134754340703
2024_2024-05-18_day1_024_h90,2024,90,M2b_mean_solar,1.6666666666666714,0.4738272140899764
2024_2024-05-18_day1_025_h90,2024,90,M2b_mean_solar,-0.5555555555555571,-0.6341415829803831
2024_2024-05-18_day1_026_h90,2024,90,M2b_mean_solar,-0.5555555555555571,-1.3219245611129495
2024_2024-05-18_day1_027_h90,2024,90,M2b_mean_solar,0.5555555555555571,-0.2816443216225948
2024_2024-05-18_day1_028_h90,2024,90,M2b_mean_solar,-2.7777777777777786,-0.23751786386634333
2024_2024-05-18_day1_002_h90,2024,90,M2c_both_solar,8.333333333333332,9.808585587889775
2024_2024-05-18_day1_003_h90,2024,90,M2c_both_solar,7.777777777777779,9.89685052457733
2024_2024-05-18_day1_004_h90,2024,90,M2c_both_solar,7.777777777777775,10.706600197233577
2024_2024-05-18_day1_005_h90,2024,90,M2c_both_solar,6.666666666666664,9.959034761959602
2024_2024-05-18_day1_006_h90,2024,90,M2c_both_solar,4.444444444444443,7.640813004082666
2024_2024-05-18_day1_007_h90,2024,90,M2c_both_solar,5.555555555555557,7.7442255413923355
2024_2024-05-18_day1_008_h90,2024,90,M2c_both_solar,5.555555555555557,6.084351286689598
2024_2024-05-18_day1_009_h90,2024,90,M2c_both_solar,3.888888888888893,5.303572520668137
2024_2024-05-18_day1_010_h90,2024,90,M2c_both_solar,7.222222222222221,6.757459437043249
2024_2024-05-18_day1_011_h90,2024,90,M2c_both_solar,5.555555555555557,4.878334749224793
2024_2024-05-18_day1_012_h90,2024,90,M2c_both_solar,6.666666666666671,4.961590702334565
2024_2024-05-18_day1_013_h90,2024,90,M2c_both_solar,4.444444444444443,4.6216699217817006
2024_2024-05-18_day1_014_h90,2024,90,M2c_both_solar,5.0,3.32300742528162
2024_2024-05-18_day1_015_h90,2024,90,M2c_both_solar,7.7777777777777715,4.097483773668664
2024_2024-05-18_day1_016_h90,2024,90,M2c_both_solar,2.7777777777777786,2.462760850375596
2024_2024-05-18_day1_017_h90,2024,90,M2c_both_solar,2.7777777777777786,2.924825226073589
2024_2024-05-18_day1_018_h90,2024,90,M2c_both_solar,3.8888888888888857,1.8366470475347785
2024_2024-05-18_day1_019_h90,2024,90,M2c_both_solar,5.555555555555557,2.5821300107148493
2024_2024-05-18_day1_020_h90,2024,90,M2c_both_solar,2.2222222222222214,3.5058210199277613
2024_2024-05-18_day1_021_h90,2024,90,M2c_both_solar,-1.1111111111111072,1.4339572580048183
2024_2024-05-18_day1_022_h90,2024,90,M2c_both_solar,2.2222222222222214,0.5642965925464307
2024_2024-05-18_day1_023_h90,2024,90,M2c_both_solar,2.2222222222222214,0.3370437554274954
2024_2024-05-18_day1_024_h90,2024,90,M2c_both_solar,1.6666666666666714,-0.16333362352586434
2024_2024-05-18_day1_025_h90,2024,90,M2c_both_solar,-0.5555555555555571,-1.2006120712099886
2024_2024-05-18_day1_026_h90,2024,90,M2c_both_solar,-0.5555555555555571,-1.9546250041902264
2024_2024-05-18_day1_027_h90,2024,90,M2c_both_solar,0.5555555555555571,-1.1561926543914185
2024_2024-05-18_day1_028_h90,2024,90,M2c_both_solar,-2.7777777777777786,-1.0063811107263412
2024_2024-05-18_day1_000_h120,2024,120,M1_no_solar,10.0,12.890604678516123
2024_2024-05-18_day1_001_h120,2024,120,M1_no_solar,9.444444444444445,13.669495319878612
2024_2024-05-18_day1_002_h120,2024,120,M1_no_solar,10.555555555555554,14.69526869745369
2024_2024-05-18_day1_003_h120,2024,120,M1_no_solar,10.0,14.571827329347393
2024_2024-05-18_day1_004_h120,2024,120,M1_no_solar,8.88888888888889,12.273397837984634
2024_2024-05-18_day1_005_h120,2024,120,M1_no_solar,9.444444444444445,12.149956469878337
2024_2024-05-18_day1_006_h120,2024,120,M1_no_solar,7.777777777777779,8.702312232834206
2024_2024-05-18_day1_007_h120,2024,120,M1_no_solar,6.111111111111114,7.676538855259123
2024_2024-05-18_day1_008_h120,2024,120,M1_no_solar,8.333333333333336,6.527324109577741
2024_2024-05-18_day1_009_h120,2024,120,M1_no_solar,8.333333333333336,5.501550732002663
2024_2024-05-18_day1_010_h120,2024,120,M1_no_solar,7.777777777777779,6.280441373365145
2024_2024-05-18_day1_011_h120,2024,120,M1_no_solar,5.0,5.0077852595774734
2024_2024-05-18_day1_012_h120,2024,120,M1_no_solar,8.333333333333336,4.2288946182149845
2024_2024-05-18_day1_013_h120,2024,120,M1_no_solar,8.333333333333329,3.9820118820023884
2024_2024-05-18_day1_014_h120,2024,120,M1_no_solar,5.555555555555557,3.6116877776834966
2024_2024-05-18_day1_015_h120,2024,120,M1_no_solar,7.222222222222221,4.884343891471168
2024_2024-05-18_day1_016_h120,2024,120,M1_no_solar,4.444444444444443,2.0921489276832284
2024_2024-05-18_day1_017_h120,2024,120,M1_no_solar,5.0,4.020254314727093
2024_2024-05-18_day1_018_h120,2024,120,M1_no_solar,3.8888888888888857,5.04602769230217
2024_2024-05-18_day1_019_h120,2024,120,M1_no_solar,2.7777777777777786,3.241363673364604
2024_2024-05-18_day1_020_h120,2024,120,M1_no_solar,2.7777777777777786,2.624156832833116
2024_2024-05-18_day1_021_h120,2024,120,M1_no_solar,1.6666666666666714,2.3772740966205226
2024_2024-05-18_day1_022_h120,2024,120,M1_no_solar,3.3333333333333357,1.5983834552580318
2024_2024-05-18_day1_023_h120,2024,120,M1_no_solar,1.6666666666666643,1.5983834552580385
2024_2024-05-18_day1_024_h120,2024,120,M1_no_solar,-0.5555555555555571,2.253832728514224
2024_2024-05-18_day1_025_h120,2024,120,M1_no_solar,-2.2222222222222214,0.20228597336406118
2024_2024-05-18_day1_026_h120,2024,120,M1_no_solar,-2.2222222222222214,-0.4531632998921227
2024_2024-05-18_day1_000_h120,2024,120,M2a_delta_solar,10.0,13.0976196113788
2024_2024-05-18_day1_001_h120,2024,120,M2a_delta_solar,9.444444444444445,13.888368304815774
2024_2024-05-18_day1_002_h120,2024,120,M2a_delta_solar,10.555555555555554,14.815024006254315
2024_2024-05-18_day1_003_h120,2024,120,M2a_delta_solar,10.0,14.727683244307059
2024_2024-05-18_day1_004_h120,2024,120,M2a_delta_solar,8.88888888888889,12.686498718302964
2024_2024-05-18_day1_005_h120,2024,120,M2a_delta_solar,9.444444444444445,12.585014628015838
2024_2024-05-18_day1_006_h120,2024,120,M2a_delta_solar,7.777777777777779,9.394317190000057
2024_2024-05-18_day1_007_h120,2024,120,M2a_delta_solar,6.111111111111114,8.366762878288867
2024_2024-05-18_day1_008_h120,2024,120,M2a_delta_solar,8.333333333333336,7.245648265031529
2024_2024-05-18_day1_009_h120,2024,120,M2a_delta_solar,8.333333333333336,6.1679043456232705
2024_2024-05-18_day1_010_h120,2024,120,M2a_delta_solar,7.777777777777779,6.799075024460398
2024_2024-05-18_day1_011_h120,2024,120,M2a_delta_solar,5.0,5.525825155711166
2024_2024-05-18_day1_012_h120,2024,120,M2a_delta_solar,8.333333333333336,4.510430375925829
2024_2024-05-18_day1_013_h120,2024,120,M2a_delta_solar,8.333333333333329,4.137686360556349
2024_2024-05-18_day1_014_h120,2024,120,M2a_delta_solar,5.555555555555557,3.6878997749937232
2024_2024-05-18_day1_015_h120,2024,120,M2a_delta_solar,7.222222222222221,4.529802895492912
2024_2024-05-18_day1_016_h120,2024,120,M2a_delta_solar,4.444444444444443,2.006154477704106
2024_2024-05-18_day1_017_h120,2024,120,M2a_delta_solar,5.0,3.6073790562252945
2024_2024-05-18_day1_018_h120,2024,120,M2a_delta_solar,3.8888888888888857,4.365251576541457
2024_2024-05-18_day1_019_h120,2024,120,M2a_delta_solar,2.7777777777777786,2.475280667745103
2024_2024-05-18_day1_020_h120,2024,120,M2a_delta_solar,2.7777777777777786,1.9997063210465096
2024_2024-05-18_day1_021_h120,2024,120,M2a_delta_solar,1.6666666666666714,1.7596943604223445
2024_2024-05-18_day1_022_h120,2024,120,M2a_delta_solar,3.3333333333333357,0.8828914592274018
2024_2024-05-18_day1_023_h120,2024,120,M2a_delta_solar,1.6666666666666643,0.8220700543053789
2024_2024-05-18_day1_024_h120,2024,120,M2a_delta_solar,-0.5555555555555571,1.5035698915798243
2024_2024-05-18_day1_025_h120,2024,120,M2a_delta_solar,-2.2222222222222214,-0.40966407479275535
2024_2024-05-18_day1_026_h120,2024,120,M2a_delta_solar,-2.2222222222222214,-1.165088000880412
2024_2024-05-18_day1_000_h120,2024,120,M2b_mean_solar,10.0,11.93451329889489
2024_2024-05-18_day1_001_h120,2024,120,M2b_mean_solar,9.444444444444445,12.879803611310566
2024_2024-05-18_day1_002_h120,2024,120,M2b_mean_solar,10.555555555555554,14.10151365539025
2024_2024-05-18_day1_003_h120,2024,120,M2b_mean_solar,10.0,14.134831793946011
2024_2024-05-18_day1_004_h120,2024,120,M2b_mean_solar,8.88888888888889,11.931681874375357
2024_2024-05-18_day1_005_h120,2024,120,M2b_mean_solar,9.444444444444445,11.957939789113972
2024_2024-05-18_day1_006_h120,2024,120,M2b_mean_solar,7.777777777777779,8.855898411994579
2024_2024-05-18_day1_007_h120,2024,120,M2b_mean_solar,6.111111111111114,7.941101509098649
2024_2024-05-18_day1_008_h120,2024,120,M2b_mean_solar,8.333333333333336,6.8733172603126835
2024_2024-05-18_day1_009_h120,2024,120,M2b_mean_solar,8.333333333333336,5.92793136092569
2024_2024-05-18_day1_010_h120,2024,120,M2b_mean_solar,7.777777777777779,6.780514501181207
2024_2024-05-18_day1_011_h120,2024,120,M2b_mean_solar,5.0,5.51885623573984
2024_2024-05-18_day1_012_h120,2024,120,M2b_mean_solar,8.333333333333336,4.793072537384814
2024_2024-05-18_day1_013_h120,2024,120,M2b_mean_solar,8.333333333333329,4.539046374384195
2024_2024-05-18_day1_014_h120,2024,120,M2b_mean_solar,5.555555555555557,4.126844681203558
2024_2024-05-18_day1_015_h120,2024,120,M2b_mean_solar,7.222222222222221,5.437602536783148
2024_2024-05-18_day1_016_h120,2024,120,M2b_mean_solar,4.444444444444443,2.475504512253562
2024_2024-05-18_day1_017_h120,2024,120,M2b_mean_solar,5.0,4.377362242682157
2024_2024-05-18_day1_018_h120,2024,120,M2b_mean_solar,3.8888888888888857,5.350976744861376
2024_2024-05-18_day1_019_h120,2024,120,M2b_mean_solar,2.7777777777777786,3.4415026802070505
2024_2024-05-18_day1_020_h120,2024,120,M2b_mean_solar,2.7777777777777786,2.636127499252347
2024_2024-05-18_day1_021_h120,2024,120,M2b_mean_solar,1.6666666666666714,2.2323477803949068
2024_2024-05-18_day1_022_h120,2024,120,M2b_mean_solar,3.3333333333333357,1.3245128673033717
2024_2024-05-18_day1_023_h120,2024,120,M2b_mean_solar,1.6666666666666643,1.175859992368805
2024_2024-05-18_day1_024_h120,2024,120,M2b_mean_solar,-0.5555555555555571,1.649633545049742
2024_2024-05-18_day1_025_h120,2024,120,M2b_mean_solar,-2.2222222222222214,-0.6075441328990467
2024_2024-05-18_day1_026_h120,2024,120,M2b_mean_solar,-2.2222222222222214,-1.4052246432932147
2024_2024-05-18_day1_000_h120,2024,120,M2c_both_solar,10.0,11.953012800688155
2024_2024-05-18_day1_001_h120,2024,120,M2c_both_solar,9.444444444444445,12.949394600885705
2024_2024-05-18_day1_002_h120,2024,120,M2c_both_solar,10.555555555555554,14.103015219222971
2024_2024-05-18_day1_003_h120,2024,120,M2c_both_solar,10.0,14.212738668038462
2024_2024-05-18_day1_004_h120,2024,120,M2c_both_solar,8.88888888888889,12.322896249731906
2024_2024-05-18_day1_005_h120,2024,120,M2c_both_solar,9.444444444444445,12.407921713536897
2024_2024-05-18_day1_006_h120,2024,120,M2c_both_solar,7.777777777777779,9.675477485455845
2024_2024-05-18_day1_007_h120,2024,120,M2c_both_solar,6.111111111111114,8.783765697604267
2024_2024-05-18_day1_008_h120,2024,120,M2c_both_solar,8.333333333333336,7.766272218087924
2024_2024-05-18_day1_009_h120,2024,120,M2c_both_solar,8.333333333333336,6.7801292620203
2024_2024-05-18_day1_010_h120,2024,120,M2c_both_solar,7.777777777777779,7.481846944876091
2024_2024-05-18_day1_011_h120,2024,120,M2c_both_solar,5.0,6.222003193417198
2024_2024-05-18_day1_012_h120,2024,120,M2c_both_solar,8.333333333333336,5.2400029366452685
2024_2024-05-18_day1_013_h120,2024,120,M2c_both_solar,8.333333333333329,4.841615666584223
2024_2024-05-18_day1_014_h120,2024,120,M2c_both_solar,5.555555555555557,4.329818383529318
2024_2024-05-18_day1_015_h120,2024,120,M2c_both_solar,7.222222222222221,5.160658562959178
2024_2024-05-18_day1_016_h120,2024,120,M2c_both_solar,4.444444444444443,2.4646964140686776
2024_2024-05-18_day1_017_h120,2024,120,M2c_both_solar,5.0,3.9898857058858717
2024_2024-05-18_day1_018_h120,2024,120,M2c_both_solar,3.8888888888888857,4.647862072655525
2024_2024-05-18_day1_019_h120,2024,120,M2c_both_solar,2.7777777777777786,2.617927503108957
2024_2024-05-18_day1_020_h120,2024,120,M2c_both_solar,2.7777777777777786,1.9306171206528426
2024_2024-05-18_day1_021_h120,2024,120,M2c_both_solar,1.6666666666666714,1.499136834447851
2024_2024-05-18_day1_022_h120,2024,120,M2c_both_solar,3.3333333333333357,0.45108546657874193
2024_2024-05-18_day1_023_h120,2024,120,M2c_both_solar,1.6666666666666643,0.19982414558905925
2024_2024-05-18_day1_024_h120,2024,120,M2c_both_solar,-0.5555555555555571,0.6620444067894742
2024_2024-05-18_day1_025_h120,2024,120,M2c_both_solar,-2.2222222222222214,-1.4847838674674472
2024_2024-05-18_day1_026_h120,2024,120,M2c_both_solar,-2.2222222222222214,-2.42802564867167
