transition_id,year,canonical_engineering_team,target_car,window,category,target_residual,target_delta_time_min,variant,label,contributing_cars,single_car_label,team_context_value,abs_residual,abs_team_context,ratio_S_over_r,abs_diff,sign_agree
9a2e168d-3dda-5e76-8daf-588c20d91341__TO__893c5471-df02-55c0-946f-0af9d0a835d9,2020,ED_CARPENTER_RACING,20,15,C,-0.0278728600311938,140.08333333333334,S6,INSUFFICIENT_TEAM_CONTEXT,0,,,,,,,
9a2e168d-3dda-5e76-8daf-588c20d91341__TO__893c5471-df02-55c0-946f-0af9d0a835d9,2020,ED_CARPENTER_RACING,20,15,C,-0.0278728600311938,140.08333333333334,S6_IND,INSUFFICIENT_TEAM_CONTEXT,0,,,,,,,
9a2e168d-3dda-5e76-8daf-588c20d91341__TO__893c5471-df02-55c0-946f-0af9d0a835d9,2020,ED_CARPENTER_RACING,20,15,C,-0.0278728600311938,140.08333333333334,S4,INSUFFICIENT_TEAM_CONTEXT,0,,,,,,,
9a2e168d-3dda-5e76-8daf-588c20d91341__TO__893c5471-df02-55c0-946f-0af9d0a835d9,2020,ED_CARPENTER_RACING,20,30,C,-0.0278728600311938,140.08333333333334,S6,INSUFFICIENT_TEAM_CONTEXT,0,,,,,,,
9a2e168d-3dda-5e76-8daf-588c20d91341__TO__893c5471-df02-55c0-946f-0af9d0a835d9,2020,ED_CARPENTER_RACING,20,30,C,-0.0278728600311938,140.08333333333334,S6_IND,INSUFFICIENT_TEAM_CONTEXT,0,,,,,,,
9a2e168d-3dda-5e76-8daf-588c20d91341__TO__893c5471-df02-55c0-946f-0af9d0a835d9,2020,ED_CARPENTER_RACING,20,30,C,-0.0278728600311938,140.08333333333334,S4,INSUFFICIENT_TEAM_CONTEXT,0,,,,,,,
9a2e168d-3dda-5e76-8daf-588c20d91341__TO__893c5471-df02-55c0-946f-0af9d0a835d9,2020,ED_CARPENTER_RACING,20,45,C,-0.0278728600311938,140.08333333333334,S6,INSUFFICIENT_TEAM_CONTEXT,0,,,,,,,
9a2e168d-3dda-5e76-8daf-588c20d91341__TO__893c5471-df02-55c0-946f-0af9d0a835d9,2020,ED_CARPENTER_RACING,20,45,C,-0.0278728600311938,140.08333333333334,S6_IND,INSUFFICIENT_TEAM_CONTEXT,0,,,,,,,
9a2e168d-3dda-5e76-8daf-588c20d91341__TO__893c5471-df02-55c0-946f-0af9d0a835d9,2020,ED_CARPENTER_RACING,20,45,C,-0.0278728600311938,140.08333333333334,S4,INSUFFICIENT_TEAM_CONTEXT,0,,,,,,,
9a2e168d-3dda-5e76-8daf-588c20d91341__TO__893c5471-df02-55c0-946f-0af9d0a835d9,2020,ED_CARPENTER_RACING,20,60,C,-0.0278728600311938,140.08333333333334,S6,INSUFFICIENT_TEAM_CONTEXT,0,,,,,,,
9a2e168d-3dda-5e76-8daf-588c20d91341__TO__893c5471-df02-55c0-946f-0af9d0a835d9,2020,ED_CARPENTER_RACING,20,60,C,-0.0278728600311938,140.08333333333334,S6_IND,INSUFFICIENT_TEAM_CONTEXT,0,,,,,,,
9a2e168d-3dda-5e76-8daf-588c20d91341__TO__893c5471-df02-55c0-946f-0af9d0a835d9,2020,ED_CARPENTER_RACING,20,60,C,-0.0278728600311938,140.08333333333334,S4,INSUFFICIENT_TEAM_CONTEXT,0,,,,,,,
9a2e168d-3dda-5e76-8daf-588c20d91341__TO__893c5471-df02-55c0-946f-0af9d0a835d9,2020,ED_CARPENTER_RACING,20,INTERVAL,C,-0.0278728600311938,140.08333333333334,S6,INSUFFICIENT_TEAM_CONTEXT,0,,,,,,,
9a2e168d-3dda-5e76-8daf-588c20d91341__TO__893c5471-df02-55c0-946f-0af9d0a835d9,2020,ED_CARPENTER_RACING,20,INTERVAL,C,-0.0278728600311938,140.08333333333334,S6_IND,INSUFFICIENT_TEAM_CONTEXT,0,,,,,,,
9a2e168d-3dda-5e76-8daf-588c20d91341__TO__893c5471-df02-55c0-946f-0af9d0a835d9,2020,ED_CARPENTER_RACING,20,INTERVAL,C,-0.0278728600311938,140.08333333333334,S4,INSUFFICIENT_TEAM_CONTEXT,0,,,,,,,
f2f5d37e-6270-5e2d-8ae0-2e63cea098b3__TO__7799cc62-18bb-568d-9de2-16cb3622a0de,2020,TEAM_PENSKE,3,15,D,0.008560186706542,125.08333333333333,S6,INSUFFICIENT_TEAM_CONTEXT,0,,,,,,,
f2f5d37e-6270-5e2d-8ae0-2e63cea098b3__TO__7799cc62-18bb-568d-9de2-16cb3622a0de,2020,TEAM_PENSKE,3,15,D,0.008560186706542,125.08333333333333,S6_IND,INSUFFICIENT_TEAM_CONTEXT,0,,,,,,,
f2f5d37e-6270-5e2d-8ae0-2e63cea098b3__TO__7799cc62-18bb-568d-9de2-16cb3622a0de,2020,TEAM_PENSKE,3,15,D,0.008560186706542,125.08333333333333,S4,INSUFFICIENT_TEAM_CONTEXT,0,,,,,,,
f2f5d37e-6270-5e2d-8ae0-2e63cea098b3__TO__7799cc62-18bb-568d-9de2-16cb3622a0de,2020,TEAM_PENSKE,3,30,C,0.008560186706542,125.08333333333333,S6,INSUFFICIENT_TEAM_CONTEXT,0,,,,,,,
f2f5d37e-6270-5e2d-8ae0-2e63cea098b3__TO__7799cc62-18bb-568d-9de2-16cb3622a0de,2020,TEAM_PENSKE,3,30,C,0.008560186706542,125.08333333333333,S6_IND,INSUFFICIENT_TEAM_CONTEXT,0,,,,,,,
f2f5d37e-6270-5e2d-8ae0-2e63cea098b3__TO__7799cc62-18bb-568d-9de2-16cb3622a0de,2020,TEAM_PENSKE,3,30,C,0.008560186706542,125.08333333333333,S4,INSUFFICIENT_TEAM_CONTEXT,0,,,,,,,
f2f5d37e-6270-5e2d-8ae0-2e63cea098b3__TO__7799cc62-18bb-568d-9de2-16cb3622a0de,2020,TEAM_PENSKE,3,45,C,0.008560186706542,125.08333333333333,S6,INSUFFICIENT_TEAM_CONTEXT,0,,,,,,,
f2f5d37e-6270-5e2d-8ae0-2e63cea098b3__TO__7799cc62-18bb-568d-9de2-16cb3622a0de,2020,TEAM_PENSKE,3,45,C,0.008560186706542,125.08333333333333,S6_IND,INSUFFICIENT_TEAM_CONTEXT,0,,,,,,,
f2f5d37e-6270-5e2d-8ae0-2e63cea098b3__TO__7799cc62-18bb-568d-9de2-16cb3622a0de,2020,TEAM_PENSKE,3,45,C,0.008560186706542,125.08333333333333,S4,INSUFFICIENT_TEAM_CONTEXT,0,,,,,,,
f2f5d37e-6270-5e2d-8ae0-2e63cea098b3__TO__7799cc62-18bb-568d-9de2-16cb3622a0de,2020,TEAM_PENSKE,3,60,C,0.008560186706542,125.08333333333333,S6,INSUFFICIENT_TEAM_CONTEXT,0,,,,,,,
f2f5d37e-6270-5e2d-8ae0-2e63cea098b3__TO__7799cc62-18bb-568d-9de2-16cb3622a0de,2020,TEAM_PENSKE,3,60,C,0.008560186706542,125.08333333333333,S6_IND,INSUFFICIENT_TEAM_CONTEXT,0,,,,,,,
f2f5d37e-6270-5e2d-8ae0-2e63cea098b3__TO__7799cc62-18bb-568d-9de2-16cb3622a0de,2020,TEAM_PENSKE,3,60,C,0.008560186706542,125.08333333333333,S4,INSUFFICIENT_TEAM_CONTEXT,0,,,,,,,
f2f5d37e-6270-5e2d-8ae0-2e63cea098b3__TO__7799cc62-18bb-568d-9de2-16cb3622a0de,2020,TEAM_PENSKE,3,INTERVAL,D,0.008560186706542,125.08333333333333,S6,INSUFFICIENT_TEAM_CONTEXT,0,,,,,,,
f2f5d37e-6270-5e2d-8ae0-2e63cea098b3__TO__7799cc62-18bb-568d-9de2-16cb3622a0de,2020,TEAM_PENSKE,3,INTERVAL,D,0.008560186706542,125.08333333333333,S6_IND,INSUFFICIENT_TEAM_CONTEXT,0,,,,,,,
f2f5d37e-6270-5e2d-8ae0-2e63cea098b3__TO__7799cc62-18bb-568d-9de2-16cb3622a0de,2020,TEAM_PENSKE,3,INTERVAL,D,0.008560186706542,125.08333333333333,S4,INSUFFICIENT_TEAM_CONTEXT,0,,,,,,,
a7f0ef57-a971-5870-9606-1fe1cd378e2a__TO__df3c02a3-9655-512c-a2e6-4ffe9eadc505,2020,ED_CARPENTER_RACING,47,15,C,-0.2931074132923614,122.58333333333333,S6,INSUFFICIENT_TEAM_CONTEXT,0,,,,,,,
a7f0ef57-a971-5870-9606-1fe1cd378e2a__TO__df3c02a3-9655-512c-a2e6-4ffe9eadc505,2020,ED_CARPENTER_RACING,47,15,C,-0.2931074132923614,122.58333333333333,S6_IND,INSUFFICIENT_TEAM_CONTEXT,0,,,,,,,
a7f0ef57-a971-5870-9606-1fe1cd378e2a__TO__df3c02a3-9655-512c-a2e6-4ffe9eadc505,2020,ED_CARPENTER_RACING,47,15,C,-0.2931074132923614,122.58333333333333,S4,INSUFFICIENT_TEAM_CONTEXT,0,,,,,,,
a7f0ef57-a971-5870-9606-1fe1cd378e2a__TO__df3c02a3-9655-512c-a2e6-4ffe9eadc505,2020,ED_CARPENTER_RACING,47,30,C,-0.2931074132923614,122.58333333333333,S6,INSUFFICIENT_TEAM_CONTEXT,0,,,,,,,
a7f0ef57-a971-5870-9606-1fe1cd378e2a__TO__df3c02a3-9655-512c-a2e6-4ffe9eadc505,2020,ED_CARPENTER_RACING,47,30,C,-0.2931074132923614,122.58333333333333,S6_IND,INSUFFICIENT_TEAM_CONTEXT,0,,,,,,,
a7f0ef57-a971-5870-9606-1fe1cd378e2a__TO__df3c02a3-9655-512c-a2e6-4ffe9eadc505,2020,ED_CARPENTER_RACING,47,30,C,-0.2931074132923614,122.58333333333333,S4,INSUFFICIENT_TEAM_CONTEXT,0,,,,,,,
a7f0ef57-a971-5870-9606-1fe1cd378e2a__TO__df3c02a3-9655-512c-a2e6-4ffe9eadc505,2020,ED_CARPENTER_RACING,47,45,C,-0.2931074132923614,122.58333333333333,S6,INSUFFICIENT_TEAM_CONTEXT,0,,,,,,,
a7f0ef57-a971-5870-9606-1fe1cd378e2a__TO__df3c02a3-9655-512c-a2e6-4ffe9eadc505,2020,ED_CARPENTER_RACING,47,45,C,-0.2931074132923614,122.58333333333333,S6_IND,INSUFFICIENT_TEAM_CONTEXT,0,,,,,,,
a7f0ef57-a971-5870-9606-1fe1cd378e2a__TO__df3c02a3-9655-512c-a2e6-4ffe9eadc505,2020,ED_CARPENTER_RACING,47,45,C,-0.2931074132923614,122.58333333333333,S4,INSUFFICIENT_TEAM_CONTEXT,0,,,,,,,
a7f0ef57-a971-5870-9606-1fe1cd378e2a__TO__df3c02a3-9655-512c-a2e6-4ffe9eadc505,2020,ED_CARPENTER_RACING,47,60,C,-0.2931074132923614,122.58333333333333,S6,INSUFFICIENT_TEAM_CONTEXT,0,,,,,,,
a7f0ef57-a971-5870-9606-1fe1cd378e2a__TO__df3c02a3-9655-512c-a2e6-4ffe9eadc505,2020,ED_CARPENTER_RACING,47,60,C,-0.2931074132923614,122.58333333333333,S6_IND,INSUFFICIENT_TEAM_CONTEXT,0,,,,,,,
a7f0ef57-a971-5870-9606-1fe1cd378e2a__TO__df3c02a3-9655-512c-a2e6-4ffe9eadc505,2020,ED_CARPENTER_RACING,47,60,C,-0.2931074132923614,122.58333333333333,S4,INSUFFICIENT_TEAM_CONTEXT,0,,,,,,,
a7f0ef57-a971-5870-9606-1fe1cd378e2a__TO__df3c02a3-9655-512c-a2e6-4ffe9eadc505,2020,ED_CARPENTER_RACING,47,INTERVAL,C,-0.2931074132923614,122.58333333333333,S6,INSUFFICIENT_TEAM_CONTEXT,0,,,,,,,
a7f0ef57-a971-5870-9606-1fe1cd378e2a__TO__df3c02a3-9655-512c-a2e6-4ffe9eadc505,2020,ED_CARPENTER_RACING,47,INTERVAL,C,-0.2931074132923614,122.58333333333333,S6_IND,INSUFFICIENT_TEAM_CONTEXT,0,,,,,,,
a7f0ef57-a971-5870-9606-1fe1cd378e2a__TO__df3c02a3-9655-512c-a2e6-4ffe9eadc505,2020,ED_CARPENTER_RACING,47,INTERVAL,C,-0.2931074132923614,122.58333333333333,S4,INSUFFICIENT_TEAM_CONTEXT,0,,,,,,,
194c9baa-3297-571e-82bf-ac3ba81e07fc__TO__757828a3-822d-5bd8-b9f0-681a6918b48b,2020,ARROW_MCLAREN_SPM,5,15,C,-0.2678380662847412,287.5833333333333,S6,INSUFFICIENT_TEAM_CONTEXT,0,,,,,,,
194c9baa-3297-571e-82bf-ac3ba81e07fc__TO__757828a3-822d-5bd8-b9f0-681a6918b48b,2020,ARROW_MCLAREN_SPM,5,15,C,-0.2678380662847412,287.5833333333333,S6_IND,INSUFFICIENT_TEAM_CONTEXT,0,,,,,,,
194c9baa-3297-571e-82bf-ac3ba81e07fc__TO__757828a3-822d-5bd8-b9f0-681a6918b48b,2020,ARROW_MCLAREN_SPM,5,15,C,-0.2678380662847412,287.5833333333333,S4,INSUFFICIENT_TEAM_CONTEXT,0,,,,,,,
194c9baa-3297-571e-82bf-ac3ba81e07fc__TO__757828a3-822d-5bd8-b9f0-681a6918b48b,2020,ARROW_MCLAREN_SPM,5,30,C,-0.2678380662847412,287.5833333333333,S6,INSUFFICIENT_TEAM_CONTEXT,0,,,,,,,
194c9baa-3297-571e-82bf-ac3ba81e07fc__TO__757828a3-822d-5bd8-b9f0-681a6918b48b,2020,ARROW_MCLAREN_SPM,5,30,C,-0.2678380662847412,287.5833333333333,S6_IND,INSUFFICIENT_TEAM_CONTEXT,0,,,,,,,
194c9baa-3297-571e-82bf-ac3ba81e07fc__TO__757828a3-822d-5bd8-b9f0-681a6918b48b,2020,ARROW_MCLAREN_SPM,5,30,C,-0.2678380662847412,287.5833333333333,S4,INSUFFICIENT_TEAM_CONTEXT,0,,,,,,,
194c9baa-3297-571e-82bf-ac3ba81e07fc__TO__757828a3-822d-5bd8-b9f0-681a6918b48b,2020,ARROW_MCLAREN_SPM,5,45,C,-0.2678380662847412,287.5833333333333,S6,INSUFFICIENT_TEAM_CONTEXT,0,,,,,,,
194c9baa-3297-571e-82bf-ac3ba81e07fc__TO__757828a3-822d-5bd8-b9f0-681a6918b48b,2020,ARROW_MCLAREN_SPM,5,45,C,-0.2678380662847412,287.5833333333333,S6_IND,INSUFFICIENT_TEAM_CONTEXT,0,,,,,,,
194c9baa-3297-571e-82bf-ac3ba81e07fc__TO__757828a3-822d-5bd8-b9f0-681a6918b48b,2020,ARROW_MCLAREN_SPM,5,45,C,-0.2678380662847412,287.5833333333333,S4,INSUFFICIENT_TEAM_CONTEXT,0,,,,,,,
194c9baa-3297-571e-82bf-ac3ba81e07fc__TO__757828a3-822d-5bd8-b9f0-681a6918b48b,2020,ARROW_MCLAREN_SPM,5,60,C,-0.2678380662847412,287.5833333333333,S6,INSUFFICIENT_TEAM_CONTEXT,0,,,,,,,
194c9baa-3297-571e-82bf-ac3ba81e07fc__TO__757828a3-822d-5bd8-b9f0-681a6918b48b,2020,ARROW_MCLAREN_SPM,5,60,C,-0.2678380662847412,287.5833333333333,S6_IND,INSUFFICIENT_TEAM_CONTEXT,0,,,,,,,
194c9baa-3297-571e-82bf-ac3ba81e07fc__TO__757828a3-822d-5bd8-b9f0-681a6918b48b,2020,ARROW_MCLAREN_SPM,5,60,C,-0.2678380662847412,287.5833333333333,S4,INSUFFICIENT_TEAM_CONTEXT,0,,,,,,,
194c9baa-3297-571e-82bf-ac3ba81e07fc__TO__757828a3-822d-5bd8-b9f0-681a6918b48b,2020,ARROW_MCLAREN_SPM,5,INTERVAL,C,-0.2678380662847412,287.5833333333333,S6,INSUFFICIENT_TEAM_CONTEXT,0,,,,,,,
194c9baa-3297-571e-82bf-ac3ba81e07fc__TO__757828a3-822d-5bd8-b9f0-681a6918b48b,2020,ARROW_MCLAREN_SPM,5,INTERVAL,C,-0.2678380662847412,287.5833333333333,S6_IND,INSUFFICIENT_TEAM_CONTEXT,0,,,,,,,
194c9baa-3297-571e-82bf-ac3ba81e07fc__TO__757828a3-822d-5bd8-b9f0-681a6918b48b,2020,ARROW_MCLAREN_SPM,5,INTERVAL,C,-0.2678380662847412,287.5833333333333,S4,INSUFFICIENT_TEAM_CONTEXT,0,,,,,,,
75519828-93ba-5485-a4bf-a06b93f7cec3__TO__fb65c8cf-d1c6-583e-9563-6c22e29bb081,2020,CARLIN,59,15,D,1.2497805455856272,160.91666666666666,S6,INSUFFICIENT_TEAM_CONTEXT,0,,,,,,,
75519828-93ba-5485-a4bf-a06b93f7cec3__TO__fb65c8cf-d1c6-583e-9563-6c22e29bb081,2020,CARLIN,59,15,D,1.2497805455856272,160.91666666666666,S6_IND,INSUFFICIENT_TEAM_CONTEXT,0,,,,,,,
75519828-93ba-5485-a4bf-a06b93f7cec3__TO__fb65c8cf-d1c6-583e-9563-6c22e29bb081,2020,CARLIN,59,15,D,1.2497805455856272,160.91666666666666,S4,INSUFFICIENT_TEAM_CONTEXT,0,,,,,,,
75519828-93ba-5485-a4bf-a06b93f7cec3__TO__fb65c8cf-d1c6-583e-9563-6c22e29bb081,2020,CARLIN,59,30,D,1.2497805455856272,160.91666666666666,S6,INSUFFICIENT_TEAM_CONTEXT,0,,,,,,,
75519828-93ba-5485-a4bf-a06b93f7cec3__TO__fb65c8cf-d1c6-583e-9563-6c22e29bb081,2020,CARLIN,59,30,D,1.2497805455856272,160.91666666666666,S6_IND,INSUFFICIENT_TEAM_CONTEXT,0,,,,,,,
75519828-93ba-5485-a4bf-a06b93f7cec3__TO__fb65c8cf-d1c6-583e-9563-6c22e29bb081,2020,CARLIN,59,30,D,1.2497805455856272,160.91666666666666,S4,INSUFFICIENT_TEAM_CONTEXT,0,,,,,,,
75519828-93ba-5485-a4bf-a06b93f7cec3__TO__fb65c8cf-d1c6-583e-9563-6c22e29bb081,2020,CARLIN,59,45,D,1.2497805455856272,160.91666666666666,S6,INSUFFICIENT_TEAM_CONTEXT,0,,,,,,,
75519828-93ba-5485-a4bf-a06b93f7cec3__TO__fb65c8cf-d1c6-583e-9563-6c22e29bb081,2020,CARLIN,59,45,D,1.2497805455856272,160.91666666666666,S6_IND,INSUFFICIENT_TEAM_CONTEXT,0,,,,,,,
75519828-93ba-5485-a4bf-a06b93f7cec3__TO__fb65c8cf-d1c6-583e-9563-6c22e29bb081,2020,CARLIN,59,45,D,1.2497805455856272,160.91666666666666,S4,INSUFFICIENT_TEAM_CONTEXT,0,,,,,,,
75519828-93ba-5485-a4bf-a06b93f7cec3__TO__fb65c8cf-d1c6-583e-9563-6c22e29bb081,2020,CARLIN,59,60,D,1.2497805455856272,160.91666666666666,S6,INSUFFICIENT_TEAM_CONTEXT,0,,,,,,,
75519828-93ba-5485-a4bf-a06b93f7cec3__TO__fb65c8cf-d1c6-583e-9563-6c22e29bb081,2020,CARLIN,59,60,D,1.2497805455856272,160.91666666666666,S6_IND,INSUFFICIENT_TEAM_CONTEXT,0,,,,,,,
75519828-93ba-5485-a4bf-a06b93f7cec3__TO__fb65c8cf-d1c6-583e-9563-6c22e29bb081,2020,CARLIN,59,60,D,1.2497805455856272,160.91666666666666,S4,INSUFFICIENT_TEAM_CONTEXT,0,,,,,,,
75519828-93ba-5485-a4bf-a06b93f7cec3__TO__fb65c8cf-d1c6-583e-9563-6c22e29bb081,2020,CARLIN,59,INTERVAL,D,1.2497805455856272,160.91666666666666,S6,INSUFFICIENT_TEAM_CONTEXT,0,,,,,,,
75519828-93ba-5485-a4bf-a06b93f7cec3__TO__fb65c8cf-d1c6-583e-9563-6c22e29bb081,2020,CARLIN,59,INTERVAL,D,1.2497805455856272,160.91666666666666,S6_IND,INSUFFICIENT_TEAM_CONTEXT,0,,,,,,,
75519828-93ba-5485-a4bf-a06b93f7cec3__TO__fb65c8cf-d1c6-583e-9563-6c22e29bb081,2020,CARLIN,59,INTERVAL,D,1.2497805455856272,160.91666666666666,S4,INSUFFICIENT_TEAM_CONTEXT,0,,,,,,,
954d29f8-6770-5c41-9322-b23c885935ef__TO__e7089fb7-0048-5bb8-8589-cc5bbc59a6cd,2020,MEYER_SHANK_RACING,60,15,D,-0.3973133973504897,155.0,S6,INSUFFICIENT_TEAM_CONTEXT,0,,,,,,,
954d29f8-6770-5c41-9322-b23c885935ef__TO__e7089fb7-0048-5bb8-8589-cc5bbc59a6cd,2020,MEYER_SHANK_RACING,60,15,D,-0.3973133973504897,155.0,S6_IND,INSUFFICIENT_TEAM_CONTEXT,0,,,,,,,
954d29f8-6770-5c41-9322-b23c885935ef__TO__e7089fb7-0048-5bb8-8589-cc5bbc59a6cd,2020,MEYER_SHANK_RACING,60,15,D,-0.3973133973504897,155.0,S4,INSUFFICIENT_TEAM_CONTEXT,0,,,,,,,
954d29f8-6770-5c41-9322-b23c885935ef__TO__e7089fb7-0048-5bb8-8589-cc5bbc59a6cd,2020,MEYER_SHANK_RACING,60,30,D,-0.3973133973504897,155.0,S6,INSUFFICIENT_TEAM_CONTEXT,0,,,,,,,
954d29f8-6770-5c41-9322-b23c885935ef__TO__e7089fb7-0048-5bb8-8589-cc5bbc59a6cd,2020,MEYER_SHANK_RACING,60,30,D,-0.3973133973504897,155.0,S6_IND,INSUFFICIENT_TEAM_CONTEXT,0,,,,,,,
954d29f8-6770-5c41-9322-b23c885935ef__TO__e7089fb7-0048-5bb8-8589-cc5bbc59a6cd,2020,MEYER_SHANK_RACING,60,30,D,-0.3973133973504897,155.0,S4,INSUFFICIENT_TEAM_CONTEXT,0,,,,,,,
954d29f8-6770-5c41-9322-b23c885935ef__TO__e7089fb7-0048-5bb8-8589-cc5bbc59a6cd,2020,MEYER_SHANK_RACING,60,45,D,-0.3973133973504897,155.0,S6,INSUFFICIENT_TEAM_CONTEXT,0,,,,,,,
954d29f8-6770-5c41-9322-b23c885935ef__TO__e7089fb7-0048-5bb8-8589-cc5bbc59a6cd,2020,MEYER_SHANK_RACING,60,45,D,-0.3973133973504897,155.0,S6_IND,INSUFFICIENT_TEAM_CONTEXT,0,,,,,,,
954d29f8-6770-5c41-9322-b23c885935ef__TO__e7089fb7-0048-5bb8-8589-cc5bbc59a6cd,2020,MEYER_SHANK_RACING,60,45,D,-0.3973133973504897,155.0,S4,INSUFFICIENT_TEAM_CONTEXT,0,,,,,,,
954d29f8-6770-5c41-9322-b23c885935ef__TO__e7089fb7-0048-5bb8-8589-cc5bbc59a6cd,2020,MEYER_SHANK_RACING,60,60,D,-0.3973133973504897,155.0,S6,INSUFFICIENT_TEAM_CONTEXT,0,,,,,,,
954d29f8-6770-5c41-9322-b23c885935ef__TO__e7089fb7-0048-5bb8-8589-cc5bbc59a6cd,2020,MEYER_SHANK_RACING,60,60,D,-0.3973133973504897,155.0,S6_IND,INSUFFICIENT_TEAM_CONTEXT,0,,,,,,,
954d29f8-6770-5c41-9322-b23c885935ef__TO__e7089fb7-0048-5bb8-8589-cc5bbc59a6cd,2020,MEYER_SHANK_RACING,60,60,D,-0.3973133973504897,155.0,S4,INSUFFICIENT_TEAM_CONTEXT,0,,,,,,,
954d29f8-6770-5c41-9322-b23c885935ef__TO__e7089fb7-0048-5bb8-8589-cc5bbc59a6cd,2020,MEYER_SHANK_RACING,60,INTERVAL,D,-0.3973133973504897,155.0,S6,INSUFFICIENT_TEAM_CONTEXT,0,,,,,,,
954d29f8-6770-5c41-9322-b23c885935ef__TO__e7089fb7-0048-5bb8-8589-cc5bbc59a6cd,2020,MEYER_SHANK_RACING,60,INTERVAL,D,-0.3973133973504897,155.0,S6_IND,INSUFFICIENT_TEAM_CONTEXT,0,,,,,,,
954d29f8-6770-5c41-9322-b23c885935ef__TO__e7089fb7-0048-5bb8-8589-cc5bbc59a6cd,2020,MEYER_SHANK_RACING,60,INTERVAL,D,-0.3973133973504897,155.0,S4,INSUFFICIENT_TEAM_CONTEXT,0,,,,,,,
518373d9-25de-58cf-8315-f6c215b6f672__TO__25ddda12-052a-5d71-ac52-6e96cf8edab9,2020,CHIP_GANASSI_RACING,8,15,C,-0.1803187662722283,123.33333333333333,S6,INSUFFICIENT_TEAM_CONTEXT,0,,,,,,,
518373d9-25de-58cf-8315-f6c215b6f672__TO__25ddda12-052a-5d71-ac52-6e96cf8edab9,2020,CHIP_GANASSI_RACING,8,15,C,-0.1803187662722283,123.33333333333333,S6_IND,INSUFFICIENT_TEAM_CONTEXT,0,,,,,,,
518373d9-25de-58cf-8315-f6c215b6f672__TO__25ddda12-052a-5d71-ac52-6e96cf8edab9,2020,CHIP_GANASSI_RACING,8,15,C,-0.1803187662722283,123.33333333333333,S4,INSUFFICIENT_TEAM_CONTEXT,0,,,,,,,
518373d9-25de-58cf-8315-f6c215b6f672__TO__25ddda12-052a-5d71-ac52-6e96cf8edab9,2020,CHIP_GANASSI_RACING,8,30,C,-0.1803187662722283,123.33333333333333,S6,INSUFFICIENT_TEAM_CONTEXT,0,,,,,,,
518373d9-25de-58cf-8315-f6c215b6f672__TO__25ddda12-052a-5d71-ac52-6e96cf8edab9,2020,CHIP_GANASSI_RACING,8,30,C,-0.1803187662722283,123.33333333333333,S6_IND,INSUFFICIENT_TEAM_CONTEXT,0,,,,,,,
518373d9-25de-58cf-8315-f6c215b6f672__TO__25ddda12-052a-5d71-ac52-6e96cf8edab9,2020,CHIP_GANASSI_RACING,8,30,C,-0.1803187662722283,123.33333333333333,S4,INSUFFICIENT_TEAM_CONTEXT,0,,,,,,,
518373d9-25de-58cf-8315-f6c215b6f672__TO__25ddda12-052a-5d71-ac52-6e96cf8edab9,2020,CHIP_GANASSI_RACING,8,45,C,-0.1803187662722283,123.33333333333333,S6,INSUFFICIENT_TEAM_CONTEXT,0,,,,,,,
518373d9-25de-58cf-8315-f6c215b6f672__TO__25ddda12-052a-5d71-ac52-6e96cf8edab9,2020,CHIP_GANASSI_RACING,8,45,C,-0.1803187662722283,123.33333333333333,S6_IND,INSUFFICIENT_TEAM_CONTEXT,0,,,,,,,
518373d9-25de-58cf-8315-f6c215b6f672__TO__25ddda12-052a-5d71-ac52-6e96cf8edab9,2020,CHIP_GANASSI_RACING,8,45,C,-0.1803187662722283,123.33333333333333,S4,INSUFFICIENT_TEAM_CONTEXT,0,,,,,,,
518373d9-25de-58cf-8315-f6c215b6f672__TO__25ddda12-052a-5d71-ac52-6e96cf8edab9,2020,CHIP_GANASSI_RACING,8,60,C,-0.1803187662722283,123.33333333333333,S6,INSUFFICIENT_TEAM_CONTEXT,0,,,,,,,
518373d9-25de-58cf-8315-f6c215b6f672__TO__25ddda12-052a-5d71-ac52-6e96cf8edab9,2020,CHIP_GANASSI_RACING,8,60,C,-0.1803187662722283,123.33333333333333,S6_IND,INSUFFICIENT_TEAM_CONTEXT,0,,,,,,,
518373d9-25de-58cf-8315-f6c215b6f672__TO__25ddda12-052a-5d71-ac52-6e96cf8edab9,2020,CHIP_GANASSI_RACING,8,60,C,-0.1803187662722283,123.33333333333333,S4,INSUFFICIENT_TEAM_CONTEXT,0,,,,,,,
518373d9-25de-58cf-8315-f6c215b6f672__TO__25ddda12-052a-5d71-ac52-6e96cf8edab9,2020,CHIP_GANASSI_RACING,8,INTERVAL,C,-0.1803187662722283,123.33333333333333,S6,INSUFFICIENT_TEAM_CONTEXT,0,,,,,,,
518373d9-25de-58cf-8315-f6c215b6f672__TO__25ddda12-052a-5d71-ac52-6e96cf8edab9,2020,CHIP_GANASSI_RACING,8,INTERVAL,C,-0.1803187662722283,123.33333333333333,S6_IND,INSUFFICIENT_TEAM_CONTEXT,0,,,,,,,
518373d9-25de-58cf-8315-f6c215b6f672__TO__25ddda12-052a-5d71-ac52-6e96cf8edab9,2020,CHIP_GANASSI_RACING,8,INTERVAL,C,-0.1803187662722283,123.33333333333333,S4,INSUFFICIENT_TEAM_CONTEXT,0,,,,,,,
a3016f3b-449e-576c-bf0f-284c71eddb34__TO__b58b5c13-1a21-50cf-ab5b-8962cc4486f0,2020,DRAGONSPEED,81,15,D,1.659027466684665,174.25,S6,INSUFFICIENT_TEAM_CONTEXT,0,,,,,,,
a3016f3b-449e-576c-bf0f-284c71eddb34__TO__b58b5c13-1a21-50cf-ab5b-8962cc4486f0,2020,DRAGONSPEED,81,15,D,1.659027466684665,174.25,S6_IND,INSUFFICIENT_TEAM_CONTEXT,0,,,,,,,
a3016f3b-449e-576c-bf0f-284c71eddb34__TO__b58b5c13-1a21-50cf-ab5b-8962cc4486f0,2020,DRAGONSPEED,81,15,D,1.659027466684665,174.25,S4,INSUFFICIENT_TEAM_CONTEXT,0,,,,,,,
a3016f3b-449e-576c-bf0f-284c71eddb34__TO__b58b5c13-1a21-50cf-ab5b-8962cc4486f0,2020,DRAGONSPEED,81,30,D,1.659027466684665,174.25,S6,INSUFFICIENT_TEAM_CONTEXT,0,,,,,,,
a3016f3b-449e-576c-bf0f-284c71eddb34__TO__b58b5c13-1a21-50cf-ab5b-8962cc4486f0,2020,DRAGONSPEED,81,30,D,1.659027466684665,174.25,S6_IND,INSUFFICIENT_TEAM_CONTEXT,0,,,,,,,
a3016f3b-449e-576c-bf0f-284c71eddb34__TO__b58b5c13-1a21-50cf-ab5b-8962cc4486f0,2020,DRAGONSPEED,81,30,D,1.659027466684665,174.25,S4,INSUFFICIENT_TEAM_CONTEXT,0,,,,,,,
a3016f3b-449e-576c-bf0f-284c71eddb34__TO__b58b5c13-1a21-50cf-ab5b-8962cc4486f0,2020,DRAGONSPEED,81,45,D,1.659027466684665,174.25,S6,INSUFFICIENT_TEAM_CONTEXT,0,,,,,,,
a3016f3b-449e-576c-bf0f-284c71eddb34__TO__b58b5c13-1a21-50cf-ab5b-8962cc4486f0,2020,DRAGONSPEED,81,45,D,1.659027466684665,174.25,S6_IND,INSUFFICIENT_TEAM_CONTEXT,0,,,,,,,
a3016f3b-449e-576c-bf0f-284c71eddb34__TO__b58b5c13-1a21-50cf-ab5b-8962cc4486f0,2020,DRAGONSPEED,81,45,D,1.659027466684665,174.25,S4,INSUFFICIENT_TEAM_CONTEXT,0,,,,,,,
a3016f3b-449e-576c-bf0f-284c71eddb34__TO__b58b5c13-1a21-50cf-ab5b-8962cc4486f0,2020,DRAGONSPEED,81,60,D,1.659027466684665,174.25,S6,INSUFFICIENT_TEAM_CONTEXT,0,,,,,,,
a3016f3b-449e-576c-bf0f-284c71eddb34__TO__b58b5c13-1a21-50cf-ab5b-8962cc4486f0,2020,DRAGONSPEED,81,60,D,1.659027466684665,174.25,S6_IND,INSUFFICIENT_TEAM_CONTEXT,0,,,,,,,
a3016f3b-449e-576c-bf0f-284c71eddb34__TO__b58b5c13-1a21-50cf-ab5b-8962cc4486f0,2020,DRAGONSPEED,81,60,D,1.659027466684665,174.25,S4,INSUFFICIENT_TEAM_CONTEXT,0,,,,,,,
a3016f3b-449e-576c-bf0f-284c71eddb34__TO__b58b5c13-1a21-50cf-ab5b-8962cc4486f0,2020,DRAGONSPEED,81,INTERVAL,D,1.659027466684665,174.25,S6,INSUFFICIENT_TEAM_CONTEXT,0,,,,,,,
a3016f3b-449e-576c-bf0f-284c71eddb34__TO__b58b5c13-1a21-50cf-ab5b-8962cc4486f0,2020,DRAGONSPEED,81,INTERVAL,D,1.659027466684665,174.25,S6_IND,INSUFFICIENT_TEAM_CONTEXT,0,,,,,,,
a3016f3b-449e-576c-bf0f-284c71eddb34__TO__b58b5c13-1a21-50cf-ab5b-8962cc4486f0,2020,DRAGONSPEED,81,INTERVAL,D,1.659027466684665,174.25,S4,INSUFFICIENT_TEAM_CONTEXT,0,,,,,,,
9ed5a76f-1d6e-5759-8ffc-9c1344b26bfc__TO__0817e595-17c0-5e20-94bc-6778006bf613,2020,ANDRETTI,88,15,C,-0.1131918529354653,101.75,S6,INSUFFICIENT_TEAM_CONTEXT,0,,,,,,,
9ed5a76f-1d6e-5759-8ffc-9c1344b26bfc__TO__0817e595-17c0-5e20-94bc-6778006bf613,2020,ANDRETTI,88,15,C,-0.1131918529354653,101.75,S6_IND,INSUFFICIENT_TEAM_CONTEXT,0,,,,,,,
9ed5a76f-1d6e-5759-8ffc-9c1344b26bfc__TO__0817e595-17c0-5e20-94bc-6778006bf613,2020,ANDRETTI,88,15,C,-0.1131918529354653,101.75,S4,INSUFFICIENT_TEAM_CONTEXT,0,,,,,,,
9ed5a76f-1d6e-5759-8ffc-9c1344b26bfc__TO__0817e595-17c0-5e20-94bc-6778006bf613,2020,ANDRETTI,88,30,C,-0.1131918529354653,101.75,S6,INSUFFICIENT_TEAM_CONTEXT,0,,,,,,,
9ed5a76f-1d6e-5759-8ffc-9c1344b26bfc__TO__0817e595-17c0-5e20-94bc-6778006bf613,2020,ANDRETTI,88,30,C,-0.1131918529354653,101.75,S6_IND,INSUFFICIENT_TEAM_CONTEXT,0,,,,,,,
9ed5a76f-1d6e-5759-8ffc-9c1344b26bfc__TO__0817e595-17c0-5e20-94bc-6778006bf613,2020,ANDRETTI,88,30,C,-0.1131918529354653,101.75,S4,INSUFFICIENT_TEAM_CONTEXT,0,,,,,,,
9ed5a76f-1d6e-5759-8ffc-9c1344b26bfc__TO__0817e595-17c0-5e20-94bc-6778006bf613,2020,ANDRETTI,88,45,C,-0.1131918529354653,101.75,S6,INSUFFICIENT_TEAM_CONTEXT,0,,,,,,,
9ed5a76f-1d6e-5759-8ffc-9c1344b26bfc__TO__0817e595-17c0-5e20-94bc-6778006bf613,2020,ANDRETTI,88,45,C,-0.1131918529354653,101.75,S6_IND,INSUFFICIENT_TEAM_CONTEXT,0,,,,,,,
9ed5a76f-1d6e-5759-8ffc-9c1344b26bfc__TO__0817e595-17c0-5e20-94bc-6778006bf613,2020,ANDRETTI,88,45,C,-0.1131918529354653,101.75,S4,INSUFFICIENT_TEAM_CONTEXT,0,,,,,,,
9ed5a76f-1d6e-5759-8ffc-9c1344b26bfc__TO__0817e595-17c0-5e20-94bc-6778006bf613,2020,ANDRETTI,88,60,C,-0.1131918529354653,101.75,S6,INSUFFICIENT_TEAM_CONTEXT,0,,,,,,,
9ed5a76f-1d6e-5759-8ffc-9c1344b26bfc__TO__0817e595-17c0-5e20-94bc-6778006bf613,2020,ANDRETTI,88,60,C,-0.1131918529354653,101.75,S6_IND,INSUFFICIENT_TEAM_CONTEXT,0,,,,,,,
9ed5a76f-1d6e-5759-8ffc-9c1344b26bfc__TO__0817e595-17c0-5e20-94bc-6778006bf613,2020,ANDRETTI,88,60,C,-0.1131918529354653,101.75,S4,INSUFFICIENT_TEAM_CONTEXT,0,,,,,,,
9ed5a76f-1d6e-5759-8ffc-9c1344b26bfc__TO__0817e595-17c0-5e20-94bc-6778006bf613,2020,ANDRETTI,88,INTERVAL,D,-0.1131918529354653,101.75,S6,INSUFFICIENT_TEAM_CONTEXT,0,,,,,,,
9ed5a76f-1d6e-5759-8ffc-9c1344b26bfc__TO__0817e595-17c0-5e20-94bc-6778006bf613,2020,ANDRETTI,88,INTERVAL,D,-0.1131918529354653,101.75,S6_IND,INSUFFICIENT_TEAM_CONTEXT,0,,,,,,,
9ed5a76f-1d6e-5759-8ffc-9c1344b26bfc__TO__0817e595-17c0-5e20-94bc-6778006bf613,2020,ANDRETTI,88,INTERVAL,D,-0.1131918529354653,101.75,S4,INSUFFICIENT_TEAM_CONTEXT,0,,,,,,,
25f997a4-1a33-565b-b2b0-1c30d3a0f19c__TO__33a57398-b346-53e3-b5e5-369a3ca71efc,2020,CHIP_GANASSI_RACING,9,15,C,-0.4457295434003767,155.0,S6,INSUFFICIENT_TEAM_CONTEXT,0,,,,,,,
25f997a4-1a33-565b-b2b0-1c30d3a0f19c__TO__33a57398-b346-53e3-b5e5-369a3ca71efc,2020,CHIP_GANASSI_RACING,9,15,C,-0.4457295434003767,155.0,S6_IND,INSUFFICIENT_TEAM_CONTEXT,0,,,,,,,
25f997a4-1a33-565b-b2b0-1c30d3a0f19c__TO__33a57398-b346-53e3-b5e5-369a3ca71efc,2020,CHIP_GANASSI_RACING,9,15,C,-0.4457295434003767,155.0,S4,INSUFFICIENT_TEAM_CONTEXT,0,,,,,,,
25f997a4-1a33-565b-b2b0-1c30d3a0f19c__TO__33a57398-b346-53e3-b5e5-369a3ca71efc,2020,CHIP_GANASSI_RACING,9,30,C,-0.4457295434003767,155.0,S6,INSUFFICIENT_TEAM_CONTEXT,0,,,,,,,
25f997a4-1a33-565b-b2b0-1c30d3a0f19c__TO__33a57398-b346-53e3-b5e5-369a3ca71efc,2020,CHIP_GANASSI_RACING,9,30,C,-0.4457295434003767,155.0,S6_IND,INSUFFICIENT_TEAM_CONTEXT,0,,,,,,,
25f997a4-1a33-565b-b2b0-1c30d3a0f19c__TO__33a57398-b346-53e3-b5e5-369a3ca71efc,2020,CHIP_GANASSI_RACING,9,30,C,-0.4457295434003767,155.0,S4,INSUFFICIENT_TEAM_CONTEXT,0,,,,,,,
25f997a4-1a33-565b-b2b0-1c30d3a0f19c__TO__33a57398-b346-53e3-b5e5-369a3ca71efc,2020,CHIP_GANASSI_RACING,9,45,C,-0.4457295434003767,155.0,S6,INSUFFICIENT_TEAM_CONTEXT,0,,,,,,,
25f997a4-1a33-565b-b2b0-1c30d3a0f19c__TO__33a57398-b346-53e3-b5e5-369a3ca71efc,2020,CHIP_GANASSI_RACING,9,45,C,-0.4457295434003767,155.0,S6_IND,INSUFFICIENT_TEAM_CONTEXT,0,,,,,,,
25f997a4-1a33-565b-b2b0-1c30d3a0f19c__TO__33a57398-b346-53e3-b5e5-369a3ca71efc,2020,CHIP_GANASSI_RACING,9,45,C,-0.4457295434003767,155.0,S4,INSUFFICIENT_TEAM_CONTEXT,0,,,,,,,
25f997a4-1a33-565b-b2b0-1c30d3a0f19c__TO__33a57398-b346-53e3-b5e5-369a3ca71efc,2020,CHIP_GANASSI_RACING,9,60,C,-0.4457295434003767,155.0,S6,INSUFFICIENT_TEAM_CONTEXT,0,,,,,,,
25f997a4-1a33-565b-b2b0-1c30d3a0f19c__TO__33a57398-b346-53e3-b5e5-369a3ca71efc,2020,CHIP_GANASSI_RACING,9,60,C,-0.4457295434003767,155.0,S6_IND,INSUFFICIENT_TEAM_CONTEXT,0,,,,,,,
25f997a4-1a33-565b-b2b0-1c30d3a0f19c__TO__33a57398-b346-53e3-b5e5-369a3ca71efc,2020,CHIP_GANASSI_RACING,9,60,C,-0.4457295434003767,155.0,S4,INSUFFICIENT_TEAM_CONTEXT,0,,,,,,,
25f997a4-1a33-565b-b2b0-1c30d3a0f19c__TO__33a57398-b346-53e3-b5e5-369a3ca71efc,2020,CHIP_GANASSI_RACING,9,INTERVAL,C,-0.4457295434003767,155.0,S6,INSUFFICIENT_TEAM_CONTEXT,0,,,,,,,
25f997a4-1a33-565b-b2b0-1c30d3a0f19c__TO__33a57398-b346-53e3-b5e5-369a3ca71efc,2020,CHIP_GANASSI_RACING,9,INTERVAL,C,-0.4457295434003767,155.0,S6_IND,INSUFFICIENT_TEAM_CONTEXT,0,,,,,,,
25f997a4-1a33-565b-b2b0-1c30d3a0f19c__TO__33a57398-b346-53e3-b5e5-369a3ca71efc,2020,CHIP_GANASSI_RACING,9,INTERVAL,C,-0.4457295434003767,155.0,S4,INSUFFICIENT_TEAM_CONTEXT,0,,,,,,,
33a57398-b346-53e3-b5e5-369a3ca71efc__TO__b4a08fbf-93db-50a2-9416-96b3b9d1b41a,2020,CHIP_GANASSI_RACING,9,15,C,-0.088852280067211,74.25,S6,INSUFFICIENT_TEAM_CONTEXT,0,,,,,,,
33a57398-b346-53e3-b5e5-369a3ca71efc__TO__b4a08fbf-93db-50a2-9416-96b3b9d1b41a,2020,CHIP_GANASSI_RACING,9,15,C,-0.088852280067211,74.25,S6_IND,INSUFFICIENT_TEAM_CONTEXT,0,,,,,,,
33a57398-b346-53e3-b5e5-369a3ca71efc__TO__b4a08fbf-93db-50a2-9416-96b3b9d1b41a,2020,CHIP_GANASSI_RACING,9,15,C,-0.088852280067211,74.25,S4,INSUFFICIENT_TEAM_CONTEXT,0,,,,,,,
33a57398-b346-53e3-b5e5-369a3ca71efc__TO__b4a08fbf-93db-50a2-9416-96b3b9d1b41a,2020,CHIP_GANASSI_RACING,9,30,C,-0.088852280067211,74.25,S6,INSUFFICIENT_TEAM_CONTEXT,0,,,,,,,
33a57398-b346-53e3-b5e5-369a3ca71efc__TO__b4a08fbf-93db-50a2-9416-96b3b9d1b41a,2020,CHIP_GANASSI_RACING,9,30,C,-0.088852280067211,74.25,S6_IND,INSUFFICIENT_TEAM_CONTEXT,0,,,,,,,
33a57398-b346-53e3-b5e5-369a3ca71efc__TO__b4a08fbf-93db-50a2-9416-96b3b9d1b41a,2020,CHIP_GANASSI_RACING,9,30,C,-0.088852280067211,74.25,S4,INSUFFICIENT_TEAM_CONTEXT,0,,,,,,,
33a57398-b346-53e3-b5e5-369a3ca71efc__TO__b4a08fbf-93db-50a2-9416-96b3b9d1b41a,2020,CHIP_GANASSI_RACING,9,45,C,-0.088852280067211,74.25,S6,INSUFFICIENT_TEAM_CONTEXT,0,,,,,,,
33a57398-b346-53e3-b5e5-369a3ca71efc__TO__b4a08fbf-93db-50a2-9416-96b3b9d1b41a,2020,CHIP_GANASSI_RACING,9,45,C,-0.088852280067211,74.25,S6_IND,INSUFFICIENT_TEAM_CONTEXT,0,,,,,,,
33a57398-b346-53e3-b5e5-369a3ca71efc__TO__b4a08fbf-93db-50a2-9416-96b3b9d1b41a,2020,CHIP_GANASSI_RACING,9,45,C,-0.088852280067211,74.25,S4,INSUFFICIENT_TEAM_CONTEXT,0,,,,,,,
33a57398-b346-53e3-b5e5-369a3ca71efc__TO__b4a08fbf-93db-50a2-9416-96b3b9d1b41a,2020,CHIP_GANASSI_RACING,9,60,C,-0.088852280067211,74.25,S6,INSUFFICIENT_TEAM_CONTEXT,0,,,,,,,
33a57398-b346-53e3-b5e5-369a3ca71efc__TO__b4a08fbf-93db-50a2-9416-96b3b9d1b41a,2020,CHIP_GANASSI_RACING,9,60,C,-0.088852280067211,74.25,S6_IND,INSUFFICIENT_TEAM_CONTEXT,0,,,,,,,
33a57398-b346-53e3-b5e5-369a3ca71efc__TO__b4a08fbf-93db-50a2-9416-96b3b9d1b41a,2020,CHIP_GANASSI_RACING,9,60,C,-0.088852280067211,74.25,S4,INSUFFICIENT_TEAM_CONTEXT,0,,,,,,,
33a57398-b346-53e3-b5e5-369a3ca71efc__TO__b4a08fbf-93db-50a2-9416-96b3b9d1b41a,2020,CHIP_GANASSI_RACING,9,INTERVAL,C,-0.088852280067211,74.25,S6,INSUFFICIENT_TEAM_CONTEXT,0,,,,,,,
33a57398-b346-53e3-b5e5-369a3ca71efc__TO__b4a08fbf-93db-50a2-9416-96b3b9d1b41a,2020,CHIP_GANASSI_RACING,9,INTERVAL,C,-0.088852280067211,74.25,S6_IND,INSUFFICIENT_TEAM_CONTEXT,0,,,,,,,
33a57398-b346-53e3-b5e5-369a3ca71efc__TO__b4a08fbf-93db-50a2-9416-96b3b9d1b41a,2020,CHIP_GANASSI_RACING,9,INTERVAL,C,-0.088852280067211,74.25,S4,INSUFFICIENT_TEAM_CONTEXT,0,,,,,,,
6992580a-0371-5eda-b01d-2adaca099ff4__TO__5aa71106-e201-5143-bb9a-21ccf4063a9e,2021,TEAM_PENSKE,12,15,C,0.1229156298498575,252.3,S6,INSUFFICIENT_TEAM_CONTEXT,0,,,,,,,
6992580a-0371-5eda-b01d-2adaca099ff4__TO__5aa71106-e201-5143-bb9a-21ccf4063a9e,2021,TEAM_PENSKE,12,15,C,0.1229156298498575,252.3,S6_IND,INSUFFICIENT_TEAM_CONTEXT,0,,,,,,,
6992580a-0371-5eda-b01d-2adaca099ff4__TO__5aa71106-e201-5143-bb9a-21ccf4063a9e,2021,TEAM_PENSKE,12,15,C,0.1229156298498575,252.3,S4,INSUFFICIENT_TEAM_CONTEXT,0,,,,,,,
6992580a-0371-5eda-b01d-2adaca099ff4__TO__5aa71106-e201-5143-bb9a-21ccf4063a9e,2021,TEAM_PENSKE,12,30,C,0.1229156298498575,252.3,S6,INSUFFICIENT_TEAM_CONTEXT,0,,,,,,,
6992580a-0371-5eda-b01d-2adaca099ff4__TO__5aa71106-e201-5143-bb9a-21ccf4063a9e,2021,TEAM_PENSKE,12,30,C,0.1229156298498575,252.3,S6_IND,INSUFFICIENT_TEAM_CONTEXT,0,,,,,,,
6992580a-0371-5eda-b01d-2adaca099ff4__TO__5aa71106-e201-5143-bb9a-21ccf4063a9e,2021,TEAM_PENSKE,12,30,C,0.1229156298498575,252.3,S4,INSUFFICIENT_TEAM_CONTEXT,0,,,,,,,
6992580a-0371-5eda-b01d-2adaca099ff4__TO__5aa71106-e201-5143-bb9a-21ccf4063a9e,2021,TEAM_PENSKE,12,45,C,0.1229156298498575,252.3,S6,INSUFFICIENT_TEAM_CONTEXT,0,,,,,,,
6992580a-0371-5eda-b01d-2adaca099ff4__TO__5aa71106-e201-5143-bb9a-21ccf4063a9e,2021,TEAM_PENSKE,12,45,C,0.1229156298498575,252.3,S6_IND,INSUFFICIENT_TEAM_CONTEXT,0,,,,,,,
6992580a-0371-5eda-b01d-2adaca099ff4__TO__5aa71106-e201-5143-bb9a-21ccf4063a9e,2021,TEAM_PENSKE,12,45,C,0.1229156298498575,252.3,S4,INSUFFICIENT_TEAM_CONTEXT,0,,,,,,,
6992580a-0371-5eda-b01d-2adaca099ff4__TO__5aa71106-e201-5143-bb9a-21ccf4063a9e,2021,TEAM_PENSKE,12,60,C,0.1229156298498575,252.3,S6,INSUFFICIENT_TEAM_CONTEXT,0,,,,,,,
6992580a-0371-5eda-b01d-2adaca099ff4__TO__5aa71106-e201-5143-bb9a-21ccf4063a9e,2021,TEAM_PENSKE,12,60,C,0.1229156298498575,252.3,S6_IND,INSUFFICIENT_TEAM_CONTEXT,0,,,,,,,
6992580a-0371-5eda-b01d-2adaca099ff4__TO__5aa71106-e201-5143-bb9a-21ccf4063a9e,2021,TEAM_PENSKE,12,60,C,0.1229156298498575,252.3,S4,INSUFFICIENT_TEAM_CONTEXT,0,,,,,,,
6992580a-0371-5eda-b01d-2adaca099ff4__TO__5aa71106-e201-5143-bb9a-21ccf4063a9e,2021,TEAM_PENSKE,12,INTERVAL,C,0.1229156298498575,252.3,S6,INSUFFICIENT_TEAM_CONTEXT,0,,,,,,,
6992580a-0371-5eda-b01d-2adaca099ff4__TO__5aa71106-e201-5143-bb9a-21ccf4063a9e,2021,TEAM_PENSKE,12,INTERVAL,C,0.1229156298498575,252.3,S6_IND,INSUFFICIENT_TEAM_CONTEXT,0,,,,,,,
6992580a-0371-5eda-b01d-2adaca099ff4__TO__5aa71106-e201-5143-bb9a-21ccf4063a9e,2021,TEAM_PENSKE,12,INTERVAL,C,0.1229156298498575,252.3,S4,INSUFFICIENT_TEAM_CONTEXT,0,,,,,,,
8f660bff-74bd-551e-9007-95b730f87e7d__TO__adc26df0-920d-5dc7-a952-03b3fb57700a,2021,PARETTA_AUTOSPORT,16,15,D,0.3714183475653465,183.61666666666667,S6,INSUFFICIENT_TEAM_CONTEXT,0,,,,,,,
8f660bff-74bd-551e-9007-95b730f87e7d__TO__adc26df0-920d-5dc7-a952-03b3fb57700a,2021,PARETTA_AUTOSPORT,16,15,D,0.3714183475653465,183.61666666666667,S6_IND,INSUFFICIENT_TEAM_CONTEXT,0,,,,,,,
8f660bff-74bd-551e-9007-95b730f87e7d__TO__adc26df0-920d-5dc7-a952-03b3fb57700a,2021,PARETTA_AUTOSPORT,16,15,D,0.3714183475653465,183.61666666666667,S4,INSUFFICIENT_TEAM_CONTEXT,0,,,,,,,
8f660bff-74bd-551e-9007-95b730f87e7d__TO__adc26df0-920d-5dc7-a952-03b3fb57700a,2021,PARETTA_AUTOSPORT,16,30,D,0.3714183475653465,183.61666666666667,S6,INSUFFICIENT_TEAM_CONTEXT,0,,,,,,,
8f660bff-74bd-551e-9007-95b730f87e7d__TO__adc26df0-920d-5dc7-a952-03b3fb57700a,2021,PARETTA_AUTOSPORT,16,30,D,0.3714183475653465,183.61666666666667,S6_IND,INSUFFICIENT_TEAM_CONTEXT,0,,,,,,,
8f660bff-74bd-551e-9007-95b730f87e7d__TO__adc26df0-920d-5dc7-a952-03b3fb57700a,2021,PARETTA_AUTOSPORT,16,30,D,0.3714183475653465,183.61666666666667,S4,INSUFFICIENT_TEAM_CONTEXT,0,,,,,,,
8f660bff-74bd-551e-9007-95b730f87e7d__TO__adc26df0-920d-5dc7-a952-03b3fb57700a,2021,PARETTA_AUTOSPORT,16,45,D,0.3714183475653465,183.61666666666667,S6,INSUFFICIENT_TEAM_CONTEXT,0,,,,,,,
8f660bff-74bd-551e-9007-95b730f87e7d__TO__adc26df0-920d-5dc7-a952-03b3fb57700a,2021,PARETTA_AUTOSPORT,16,45,D,0.3714183475653465,183.61666666666667,S6_IND,INSUFFICIENT_TEAM_CONTEXT,0,,,,,,,
8f660bff-74bd-551e-9007-95b730f87e7d__TO__adc26df0-920d-5dc7-a952-03b3fb57700a,2021,PARETTA_AUTOSPORT,16,45,D,0.3714183475653465,183.61666666666667,S4,INSUFFICIENT_TEAM_CONTEXT,0,,,,,,,
8f660bff-74bd-551e-9007-95b730f87e7d__TO__adc26df0-920d-5dc7-a952-03b3fb57700a,2021,PARETTA_AUTOSPORT,16,60,D,0.3714183475653465,183.61666666666667,S6,INSUFFICIENT_TEAM_CONTEXT,0,,,,,,,
8f660bff-74bd-551e-9007-95b730f87e7d__TO__adc26df0-920d-5dc7-a952-03b3fb57700a,2021,PARETTA_AUTOSPORT,16,60,D,0.3714183475653465,183.61666666666667,S6_IND,INSUFFICIENT_TEAM_CONTEXT,0,,,,,,,
8f660bff-74bd-551e-9007-95b730f87e7d__TO__adc26df0-920d-5dc7-a952-03b3fb57700a,2021,PARETTA_AUTOSPORT,16,60,D,0.3714183475653465,183.61666666666667,S4,INSUFFICIENT_TEAM_CONTEXT,0,,,,,,,
8f660bff-74bd-551e-9007-95b730f87e7d__TO__adc26df0-920d-5dc7-a952-03b3fb57700a,2021,PARETTA_AUTOSPORT,16,INTERVAL,D,0.3714183475653465,183.61666666666667,S6,INSUFFICIENT_TEAM_CONTEXT,0,,,,,,,
8f660bff-74bd-551e-9007-95b730f87e7d__TO__adc26df0-920d-5dc7-a952-03b3fb57700a,2021,PARETTA_AUTOSPORT,16,INTERVAL,D,0.3714183475653465,183.61666666666667,S6_IND,INSUFFICIENT_TEAM_CONTEXT,0,,,,,,,
8f660bff-74bd-551e-9007-95b730f87e7d__TO__adc26df0-920d-5dc7-a952-03b3fb57700a,2021,PARETTA_AUTOSPORT,16,INTERVAL,D,0.3714183475653465,183.61666666666667,S4,INSUFFICIENT_TEAM_CONTEXT,0,,,,,,,
4e9e7c88-ddeb-5840-93be-4f539f6eaf04__TO__4085390f-e83a-5315-8def-464aeb920059,2021,DALE_COYNE_RACING,18,15,C,0.6057362245674216,288.01666666666665,S6,INSUFFICIENT_TEAM_CONTEXT,0,,,,,,,
4e9e7c88-ddeb-5840-93be-4f539f6eaf04__TO__4085390f-e83a-5315-8def-464aeb920059,2021,DALE_COYNE_RACING,18,15,C,0.6057362245674216,288.01666666666665,S6_IND,INSUFFICIENT_TEAM_CONTEXT,0,,,,,,,
4e9e7c88-ddeb-5840-93be-4f539f6eaf04__TO__4085390f-e83a-5315-8def-464aeb920059,2021,DALE_COYNE_RACING,18,15,C,0.6057362245674216,288.01666666666665,S4,INSUFFICIENT_TEAM_CONTEXT,0,,,,,,,
4e9e7c88-ddeb-5840-93be-4f539f6eaf04__TO__4085390f-e83a-5315-8def-464aeb920059,2021,DALE_COYNE_RACING,18,30,C,0.6057362245674216,288.01666666666665,S6,INSUFFICIENT_TEAM_CONTEXT,0,,,,,,,
4e9e7c88-ddeb-5840-93be-4f539f6eaf04__TO__4085390f-e83a-5315-8def-464aeb920059,2021,DALE_COYNE_RACING,18,30,C,0.6057362245674216,288.01666666666665,S6_IND,INSUFFICIENT_TEAM_CONTEXT,0,,,,,,,
4e9e7c88-ddeb-5840-93be-4f539f6eaf04__TO__4085390f-e83a-5315-8def-464aeb920059,2021,DALE_COYNE_RACING,18,30,C,0.6057362245674216,288.01666666666665,S4,INSUFFICIENT_TEAM_CONTEXT,0,,,,,,,
4e9e7c88-ddeb-5840-93be-4f539f6eaf04__TO__4085390f-e83a-5315-8def-464aeb920059,2021,DALE_COYNE_RACING,18,45,C,0.6057362245674216,288.01666666666665,S6,INSUFFICIENT_TEAM_CONTEXT,0,,,,,,,
4e9e7c88-ddeb-5840-93be-4f539f6eaf04__TO__4085390f-e83a-5315-8def-464aeb920059,2021,DALE_COYNE_RACING,18,45,C,0.6057362245674216,288.01666666666665,S6_IND,INSUFFICIENT_TEAM_CONTEXT,0,,,,,,,
4e9e7c88-ddeb-5840-93be-4f539f6eaf04__TO__4085390f-e83a-5315-8def-464aeb920059,2021,DALE_COYNE_RACING,18,45,C,0.6057362245674216,288.01666666666665,S4,INSUFFICIENT_TEAM_CONTEXT,0,,,,,,,
4e9e7c88-ddeb-5840-93be-4f539f6eaf04__TO__4085390f-e83a-5315-8def-464aeb920059,2021,DALE_COYNE_RACING,18,60,C,0.6057362245674216,288.01666666666665,S6,INSUFFICIENT_TEAM_CONTEXT,0,,,,,,,
4e9e7c88-ddeb-5840-93be-4f539f6eaf04__TO__4085390f-e83a-5315-8def-464aeb920059,2021,DALE_COYNE_RACING,18,60,C,0.6057362245674216,288.01666666666665,S6_IND,INSUFFICIENT_TEAM_CONTEXT,0,,,,,,,
4e9e7c88-ddeb-5840-93be-4f539f6eaf04__TO__4085390f-e83a-5315-8def-464aeb920059,2021,DALE_COYNE_RACING,18,60,C,0.6057362245674216,288.01666666666665,S4,INSUFFICIENT_TEAM_CONTEXT,0,,,,,,,
4e9e7c88-ddeb-5840-93be-4f539f6eaf04__TO__4085390f-e83a-5315-8def-464aeb920059,2021,DALE_COYNE_RACING,18,INTERVAL,C,0.6057362245674216,288.01666666666665,S6,INSUFFICIENT_TEAM_CONTEXT,0,,,,,,,
4e9e7c88-ddeb-5840-93be-4f539f6eaf04__TO__4085390f-e83a-5315-8def-464aeb920059,2021,DALE_COYNE_RACING,18,INTERVAL,C,0.6057362245674216,288.01666666666665,S6_IND,INSUFFICIENT_TEAM_CONTEXT,0,,,,,,,
4e9e7c88-ddeb-5840-93be-4f539f6eaf04__TO__4085390f-e83a-5315-8def-464aeb920059,2021,DALE_COYNE_RACING,18,INTERVAL,C,0.6057362245674216,288.01666666666665,S4,INSUFFICIENT_TEAM_CONTEXT,0,,,,,,,
c4c9ba22-d28c-5937-b36c-72fffbbb67b5__TO__2493785c-dc47-5ba6-8d28-5398e7a11983,2021,TEAM_PENSKE,2,15,C,-0.3100839400636948,125.83333333333333,S6,INSUFFICIENT_TEAM_CONTEXT,0,,,,,,,
c4c9ba22-d28c-5937-b36c-72fffbbb67b5__TO__2493785c-dc47-5ba6-8d28-5398e7a11983,2021,TEAM_PENSKE,2,15,C,-0.3100839400636948,125.83333333333333,S6_IND,INSUFFICIENT_TEAM_CONTEXT,0,,,,,,,
c4c9ba22-d28c-5937-b36c-72fffbbb67b5__TO__2493785c-dc47-5ba6-8d28-5398e7a11983,2021,TEAM_PENSKE,2,15,C,-0.3100839400636948,125.83333333333333,S4,INSUFFICIENT_TEAM_CONTEXT,0,,,,,,,
c4c9ba22-d28c-5937-b36c-72fffbbb67b5__TO__2493785c-dc47-5ba6-8d28-5398e7a11983,2021,TEAM_PENSKE,2,30,C,-0.3100839400636948,125.83333333333333,S6,INSUFFICIENT_TEAM_CONTEXT,0,,,,,,,
c4c9ba22-d28c-5937-b36c-72fffbbb67b5__TO__2493785c-dc47-5ba6-8d28-5398e7a11983,2021,TEAM_PENSKE,2,30,C,-0.3100839400636948,125.83333333333333,S6_IND,INSUFFICIENT_TEAM_CONTEXT,0,,,,,,,
c4c9ba22-d28c-5937-b36c-72fffbbb67b5__TO__2493785c-dc47-5ba6-8d28-5398e7a11983,2021,TEAM_PENSKE,2,30,C,-0.3100839400636948,125.83333333333333,S4,INSUFFICIENT_TEAM_CONTEXT,0,,,,,,,
c4c9ba22-d28c-5937-b36c-72fffbbb67b5__TO__2493785c-dc47-5ba6-8d28-5398e7a11983,2021,TEAM_PENSKE,2,45,C,-0.3100839400636948,125.83333333333333,S6,INSUFFICIENT_TEAM_CONTEXT,0,,,,,,,
c4c9ba22-d28c-5937-b36c-72fffbbb67b5__TO__2493785c-dc47-5ba6-8d28-5398e7a11983,2021,TEAM_PENSKE,2,45,C,-0.3100839400636948,125.83333333333333,S6_IND,INSUFFICIENT_TEAM_CONTEXT,0,,,,,,,
c4c9ba22-d28c-5937-b36c-72fffbbb67b5__TO__2493785c-dc47-5ba6-8d28-5398e7a11983,2021,TEAM_PENSKE,2,45,C,-0.3100839400636948,125.83333333333333,S4,INSUFFICIENT_TEAM_CONTEXT,0,,,,,,,
c4c9ba22-d28c-5937-b36c-72fffbbb67b5__TO__2493785c-dc47-5ba6-8d28-5398e7a11983,2021,TEAM_PENSKE,2,60,C,-0.3100839400636948,125.83333333333333,S6,INSUFFICIENT_TEAM_CONTEXT,0,,,,,,,
c4c9ba22-d28c-5937-b36c-72fffbbb67b5__TO__2493785c-dc47-5ba6-8d28-5398e7a11983,2021,TEAM_PENSKE,2,60,C,-0.3100839400636948,125.83333333333333,S6_IND,INSUFFICIENT_TEAM_CONTEXT,0,,,,,,,
c4c9ba22-d28c-5937-b36c-72fffbbb67b5__TO__2493785c-dc47-5ba6-8d28-5398e7a11983,2021,TEAM_PENSKE,2,60,C,-0.3100839400636948,125.83333333333333,S4,INSUFFICIENT_TEAM_CONTEXT,0,,,,,,,
c4c9ba22-d28c-5937-b36c-72fffbbb67b5__TO__2493785c-dc47-5ba6-8d28-5398e7a11983,2021,TEAM_PENSKE,2,INTERVAL,C,-0.3100839400636948,125.83333333333333,S6,INSUFFICIENT_TEAM_CONTEXT,0,,,,,,,
c4c9ba22-d28c-5937-b36c-72fffbbb67b5__TO__2493785c-dc47-5ba6-8d28-5398e7a11983,2021,TEAM_PENSKE,2,INTERVAL,C,-0.3100839400636948,125.83333333333333,S6_IND,INSUFFICIENT_TEAM_CONTEXT,0,,,,,,,
c4c9ba22-d28c-5937-b36c-72fffbbb67b5__TO__2493785c-dc47-5ba6-8d28-5398e7a11983,2021,TEAM_PENSKE,2,INTERVAL,C,-0.3100839400636948,125.83333333333333,S4,INSUFFICIENT_TEAM_CONTEXT,0,,,,,,,
407a503c-1695-5af6-9b88-28e9d802c8d1__TO__c10dbae2-ca30-5e09-88ab-298fcf7fa163,2021,ED_CARPENTER_RACING,21,15,C,0.3574105630119207,126.65,S6,INSUFFICIENT_TEAM_CONTEXT,0,,,,,,,
407a503c-1695-5af6-9b88-28e9d802c8d1__TO__c10dbae2-ca30-5e09-88ab-298fcf7fa163,2021,ED_CARPENTER_RACING,21,15,C,0.3574105630119207,126.65,S6_IND,INSUFFICIENT_TEAM_CONTEXT,0,,,,,,,
407a503c-1695-5af6-9b88-28e9d802c8d1__TO__c10dbae2-ca30-5e09-88ab-298fcf7fa163,2021,ED_CARPENTER_RACING,21,15,C,0.3574105630119207,126.65,S4,INSUFFICIENT_TEAM_CONTEXT,0,,,,,,,
407a503c-1695-5af6-9b88-28e9d802c8d1__TO__c10dbae2-ca30-5e09-88ab-298fcf7fa163,2021,ED_CARPENTER_RACING,21,30,C,0.3574105630119207,126.65,S6,INSUFFICIENT_TEAM_CONTEXT,0,,,,,,,
407a503c-1695-5af6-9b88-28e9d802c8d1__TO__c10dbae2-ca30-5e09-88ab-298fcf7fa163,2021,ED_CARPENTER_RACING,21,30,C,0.3574105630119207,126.65,S6_IND,INSUFFICIENT_TEAM_CONTEXT,0,,,,,,,
407a503c-1695-5af6-9b88-28e9d802c8d1__TO__c10dbae2-ca30-5e09-88ab-298fcf7fa163,2021,ED_CARPENTER_RACING,21,30,C,0.3574105630119207,126.65,S4,INSUFFICIENT_TEAM_CONTEXT,0,,,,,,,
407a503c-1695-5af6-9b88-28e9d802c8d1__TO__c10dbae2-ca30-5e09-88ab-298fcf7fa163,2021,ED_CARPENTER_RACING,21,45,C,0.3574105630119207,126.65,S6,INSUFFICIENT_TEAM_CONTEXT,0,,,,,,,
407a503c-1695-5af6-9b88-28e9d802c8d1__TO__c10dbae2-ca30-5e09-88ab-298fcf7fa163,2021,ED_CARPENTER_RACING,21,45,C,0.3574105630119207,126.65,S6_IND,INSUFFICIENT_TEAM_CONTEXT,0,,,,,,,
407a503c-1695-5af6-9b88-28e9d802c8d1__TO__c10dbae2-ca30-5e09-88ab-298fcf7fa163,2021,ED_CARPENTER_RACING,21,45,C,0.3574105630119207,126.65,S4,INSUFFICIENT_TEAM_CONTEXT,0,,,,,,,
407a503c-1695-5af6-9b88-28e9d802c8d1__TO__c10dbae2-ca30-5e09-88ab-298fcf7fa163,2021,ED_CARPENTER_RACING,21,60,C,0.3574105630119207,126.65,S6,INSUFFICIENT_TEAM_CONTEXT,0,,,,,,,
407a503c-1695-5af6-9b88-28e9d802c8d1__TO__c10dbae2-ca30-5e09-88ab-298fcf7fa163,2021,ED_CARPENTER_RACING,21,60,C,0.3574105630119207,126.65,S6_IND,INSUFFICIENT_TEAM_CONTEXT,0,,,,,,,
407a503c-1695-5af6-9b88-28e9d802c8d1__TO__c10dbae2-ca30-5e09-88ab-298fcf7fa163,2021,ED_CARPENTER_RACING,21,60,C,0.3574105630119207,126.65,S4,INSUFFICIENT_TEAM_CONTEXT,0,,,,,,,
407a503c-1695-5af6-9b88-28e9d802c8d1__TO__c10dbae2-ca30-5e09-88ab-298fcf7fa163,2021,ED_CARPENTER_RACING,21,INTERVAL,C,0.3574105630119207,126.65,S6,INSUFFICIENT_TEAM_CONTEXT,0,,,,,,,
407a503c-1695-5af6-9b88-28e9d802c8d1__TO__c10dbae2-ca30-5e09-88ab-298fcf7fa163,2021,ED_CARPENTER_RACING,21,INTERVAL,C,0.3574105630119207,126.65,S6_IND,INSUFFICIENT_TEAM_CONTEXT,0,,,,,,,
407a503c-1695-5af6-9b88-28e9d802c8d1__TO__c10dbae2-ca30-5e09-88ab-298fcf7fa163,2021,ED_CARPENTER_RACING,21,INTERVAL,C,0.3574105630119207,126.65,S4,INSUFFICIENT_TEAM_CONTEXT,0,,,,,,,
8c31470a-6324-527c-bfc3-fe19d8c1dc4d__TO__09935cc4-f542-569f-b50c-7460e0663860,2021,ANDRETTI,25,15,C,-0.2901298374463623,156.66666666666666,S6,INSUFFICIENT_TEAM_CONTEXT,0,,,,,,,
8c31470a-6324-527c-bfc3-fe19d8c1dc4d__TO__09935cc4-f542-569f-b50c-7460e0663860,2021,ANDRETTI,25,15,C,-0.2901298374463623,156.66666666666666,S6_IND,INSUFFICIENT_TEAM_CONTEXT,0,,,,,,,
8c31470a-6324-527c-bfc3-fe19d8c1dc4d__TO__09935cc4-f542-569f-b50c-7460e0663860,2021,ANDRETTI,25,15,C,-0.2901298374463623,156.66666666666666,S4,INSUFFICIENT_TEAM_CONTEXT,0,,,,,,,
8c31470a-6324-527c-bfc3-fe19d8c1dc4d__TO__09935cc4-f542-569f-b50c-7460e0663860,2021,ANDRETTI,25,30,C,-0.2901298374463623,156.66666666666666,S6,INSUFFICIENT_TEAM_CONTEXT,0,,,,,,,
8c31470a-6324-527c-bfc3-fe19d8c1dc4d__TO__09935cc4-f542-569f-b50c-7460e0663860,2021,ANDRETTI,25,30,C,-0.2901298374463623,156.66666666666666,S6_IND,INSUFFICIENT_TEAM_CONTEXT,0,,,,,,,
8c31470a-6324-527c-bfc3-fe19d8c1dc4d__TO__09935cc4-f542-569f-b50c-7460e0663860,2021,ANDRETTI,25,30,C,-0.2901298374463623,156.66666666666666,S4,INSUFFICIENT_TEAM_CONTEXT,0,,,,,,,
8c31470a-6324-527c-bfc3-fe19d8c1dc4d__TO__09935cc4-f542-569f-b50c-7460e0663860,2021,ANDRETTI,25,45,C,-0.2901298374463623,156.66666666666666,S6,INSUFFICIENT_TEAM_CONTEXT,0,,,,,,,
8c31470a-6324-527c-bfc3-fe19d8c1dc4d__TO__09935cc4-f542-569f-b50c-7460e0663860,2021,ANDRETTI,25,45,C,-0.2901298374463623,156.66666666666666,S6_IND,INSUFFICIENT_TEAM_CONTEXT,0,,,,,,,
8c31470a-6324-527c-bfc3-fe19d8c1dc4d__TO__09935cc4-f542-569f-b50c-7460e0663860,2021,ANDRETTI,25,45,C,-0.2901298374463623,156.66666666666666,S4,INSUFFICIENT_TEAM_CONTEXT,0,,,,,,,
8c31470a-6324-527c-bfc3-fe19d8c1dc4d__TO__09935cc4-f542-569f-b50c-7460e0663860,2021,ANDRETTI,25,60,C,-0.2901298374463623,156.66666666666666,S6,INSUFFICIENT_TEAM_CONTEXT,0,,,,,,,
8c31470a-6324-527c-bfc3-fe19d8c1dc4d__TO__09935cc4-f542-569f-b50c-7460e0663860,2021,ANDRETTI,25,60,C,-0.2901298374463623,156.66666666666666,S6_IND,INSUFFICIENT_TEAM_CONTEXT,0,,,,,,,
8c31470a-6324-527c-bfc3-fe19d8c1dc4d__TO__09935cc4-f542-569f-b50c-7460e0663860,2021,ANDRETTI,25,60,C,-0.2901298374463623,156.66666666666666,S4,INSUFFICIENT_TEAM_CONTEXT,0,,,,,,,
8c31470a-6324-527c-bfc3-fe19d8c1dc4d__TO__09935cc4-f542-569f-b50c-7460e0663860,2021,ANDRETTI,25,INTERVAL,C,-0.2901298374463623,156.66666666666666,S6,INSUFFICIENT_TEAM_CONTEXT,0,,,,,,,
8c31470a-6324-527c-bfc3-fe19d8c1dc4d__TO__09935cc4-f542-569f-b50c-7460e0663860,2021,ANDRETTI,25,INTERVAL,C,-0.2901298374463623,156.66666666666666,S6_IND,INSUFFICIENT_TEAM_CONTEXT,0,,,,,,,
8c31470a-6324-527c-bfc3-fe19d8c1dc4d__TO__09935cc4-f542-569f-b50c-7460e0663860,2021,ANDRETTI,25,INTERVAL,C,-0.2901298374463623,156.66666666666666,S4,INSUFFICIENT_TEAM_CONTEXT,0,,,,,,,
09935cc4-f542-569f-b50c-7460e0663860__TO__8ac7badc-828c-5c70-bbf4-d92f136c2564,2021,ANDRETTI,25,15,C,0.0795725265351449,125.83333333333333,S6,INSUFFICIENT_TEAM_CONTEXT,0,,,,,,,
09935cc4-f542-569f-b50c-7460e0663860__TO__8ac7badc-828c-5c70-bbf4-d92f136c2564,2021,ANDRETTI,25,15,C,0.0795725265351449,125.83333333333333,S6_IND,INSUFFICIENT_TEAM_CONTEXT,0,,,,,,,
09935cc4-f542-569f-b50c-7460e0663860__TO__8ac7badc-828c-5c70-bbf4-d92f136c2564,2021,ANDRETTI,25,15,C,0.0795725265351449,125.83333333333333,S4,INSUFFICIENT_TEAM_CONTEXT,0,,,,,,,
09935cc4-f542-569f-b50c-7460e0663860__TO__8ac7badc-828c-5c70-bbf4-d92f136c2564,2021,ANDRETTI,25,30,C,0.0795725265351449,125.83333333333333,S6,INSUFFICIENT_TEAM_CONTEXT,0,,,,,,,
09935cc4-f542-569f-b50c-7460e0663860__TO__8ac7badc-828c-5c70-bbf4-d92f136c2564,2021,ANDRETTI,25,30,C,0.0795725265351449,125.83333333333333,S6_IND,INSUFFICIENT_TEAM_CONTEXT,0,,,,,,,
09935cc4-f542-569f-b50c-7460e0663860__TO__8ac7badc-828c-5c70-bbf4-d92f136c2564,2021,ANDRETTI,25,30,C,0.0795725265351449,125.83333333333333,S4,INSUFFICIENT_TEAM_CONTEXT,0,,,,,,,
09935cc4-f542-569f-b50c-7460e0663860__TO__8ac7badc-828c-5c70-bbf4-d92f136c2564,2021,ANDRETTI,25,45,C,0.0795725265351449,125.83333333333333,S6,INSUFFICIENT_TEAM_CONTEXT,0,,,,,,,
09935cc4-f542-569f-b50c-7460e0663860__TO__8ac7badc-828c-5c70-bbf4-d92f136c2564,2021,ANDRETTI,25,45,C,0.0795725265351449,125.83333333333333,S6_IND,INSUFFICIENT_TEAM_CONTEXT,0,,,,,,,
09935cc4-f542-569f-b50c-7460e0663860__TO__8ac7badc-828c-5c70-bbf4-d92f136c2564,2021,ANDRETTI,25,45,C,0.0795725265351449,125.83333333333333,S4,INSUFFICIENT_TEAM_CONTEXT,0,,,,,,,
09935cc4-f542-569f-b50c-7460e0663860__TO__8ac7badc-828c-5c70-bbf4-d92f136c2564,2021,ANDRETTI,25,60,B,0.0795725265351449,125.83333333333333,S6,MIXED_TEAM_CONTEXT,2,False,-0.498075757174619,0.0795725265351449,0.498075757174619,-6.259393522645447,0.5776482837097638,False
09935cc4-f542-569f-b50c-7460e0663860__TO__8ac7badc-828c-5c70-bbf4-d92f136c2564,2021,ANDRETTI,25,60,B,0.0795725265351449,125.83333333333333,S6_IND,INSUFFICIENT_TEAM_CONTEXT,0,,,,,,,
09935cc4-f542-569f-b50c-7460e0663860__TO__8ac7badc-828c-5c70-bbf4-d92f136c2564,2021,ANDRETTI,25,60,B,0.0795725265351449,125.83333333333333,S4,TEAM_CONTEXT_CONSISTENT,1,True,0.19928646097738914,0.0795725265351449,0.19928646097738914,2.504463156506285,0.11971393444224424,True
09935cc4-f542-569f-b50c-7460e0663860__TO__8ac7badc-828c-5c70-bbf4-d92f136c2564,2021,ANDRETTI,25,INTERVAL,C,0.0795725265351449,125.83333333333333,S6,INSUFFICIENT_TEAM_CONTEXT,0,,,,,,,
09935cc4-f542-569f-b50c-7460e0663860__TO__8ac7badc-828c-5c70-bbf4-d92f136c2564,2021,ANDRETTI,25,INTERVAL,C,0.0795725265351449,125.83333333333333,S6_IND,INSUFFICIENT_TEAM_CONTEXT,0,,,,,,,
09935cc4-f542-569f-b50c-7460e0663860__TO__8ac7badc-828c-5c70-bbf4-d92f136c2564,2021,ANDRETTI,25,INTERVAL,C,0.0795725265351449,125.83333333333333,S4,INSUFFICIENT_TEAM_CONTEXT,0,,,,,,,
e9da8645-6367-51bf-8601-3670e9e76c5e__TO__90108456-7f40-5313-a9ff-43273b65d2f0,2021,ANDRETTI,26,15,C,-1.1926811103386468,132.81666666666666,S6,INSUFFICIENT_TEAM_CONTEXT,0,,,,,,,
e9da8645-6367-51bf-8601-3670e9e76c5e__TO__90108456-7f40-5313-a9ff-43273b65d2f0,2021,ANDRETTI,26,15,C,-1.1926811103386468,132.81666666666666,S6_IND,INSUFFICIENT_TEAM_CONTEXT,0,,,,,,,
e9da8645-6367-51bf-8601-3670e9e76c5e__TO__90108456-7f40-5313-a9ff-43273b65d2f0,2021,ANDRETTI,26,15,C,-1.1926811103386468,132.81666666666666,S4,INSUFFICIENT_TEAM_CONTEXT,0,,,,,,,
e9da8645-6367-51bf-8601-3670e9e76c5e__TO__90108456-7f40-5313-a9ff-43273b65d2f0,2021,ANDRETTI,26,30,C,-1.1926811103386468,132.81666666666666,S6,INSUFFICIENT_TEAM_CONTEXT,0,,,,,,,
e9da8645-6367-51bf-8601-3670e9e76c5e__TO__90108456-7f40-5313-a9ff-43273b65d2f0,2021,ANDRETTI,26,30,C,-1.1926811103386468,132.81666666666666,S6_IND,INSUFFICIENT_TEAM_CONTEXT,0,,,,,,,
e9da8645-6367-51bf-8601-3670e9e76c5e__TO__90108456-7f40-5313-a9ff-43273b65d2f0,2021,ANDRETTI,26,30,C,-1.1926811103386468,132.81666666666666,S4,INSUFFICIENT_TEAM_CONTEXT,0,,,,,,,
e9da8645-6367-51bf-8601-3670e9e76c5e__TO__90108456-7f40-5313-a9ff-43273b65d2f0,2021,ANDRETTI,26,45,C,-1.1926811103386468,132.81666666666666,S6,INSUFFICIENT_TEAM_CONTEXT,0,,,,,,,
e9da8645-6367-51bf-8601-3670e9e76c5e__TO__90108456-7f40-5313-a9ff-43273b65d2f0,2021,ANDRETTI,26,45,C,-1.1926811103386468,132.81666666666666,S6_IND,INSUFFICIENT_TEAM_CONTEXT,0,,,,,,,
e9da8645-6367-51bf-8601-3670e9e76c5e__TO__90108456-7f40-5313-a9ff-43273b65d2f0,2021,ANDRETTI,26,45,C,-1.1926811103386468,132.81666666666666,S4,INSUFFICIENT_TEAM_CONTEXT,0,,,,,,,
e9da8645-6367-51bf-8601-3670e9e76c5e__TO__90108456-7f40-5313-a9ff-43273b65d2f0,2021,ANDRETTI,26,60,C,-1.1926811103386468,132.81666666666666,S6,INSUFFICIENT_TEAM_CONTEXT,0,,,,,,,
e9da8645-6367-51bf-8601-3670e9e76c5e__TO__90108456-7f40-5313-a9ff-43273b65d2f0,2021,ANDRETTI,26,60,C,-1.1926811103386468,132.81666666666666,S6_IND,INSUFFICIENT_TEAM_CONTEXT,0,,,,,,,
e9da8645-6367-51bf-8601-3670e9e76c5e__TO__90108456-7f40-5313-a9ff-43273b65d2f0,2021,ANDRETTI,26,60,C,-1.1926811103386468,132.81666666666666,S4,INSUFFICIENT_TEAM_CONTEXT,0,,,,,,,
e9da8645-6367-51bf-8601-3670e9e76c5e__TO__90108456-7f40-5313-a9ff-43273b65d2f0,2021,ANDRETTI,26,INTERVAL,C,-1.1926811103386468,132.81666666666666,S6,INSUFFICIENT_TEAM_CONTEXT,0,,,,,,,
e9da8645-6367-51bf-8601-3670e9e76c5e__TO__90108456-7f40-5313-a9ff-43273b65d2f0,2021,ANDRETTI,26,INTERVAL,C,-1.1926811103386468,132.81666666666666,S6_IND,INSUFFICIENT_TEAM_CONTEXT,0,,,,,,,
e9da8645-6367-51bf-8601-3670e9e76c5e__TO__90108456-7f40-5313-a9ff-43273b65d2f0,2021,ANDRETTI,26,INTERVAL,C,-1.1926811103386468,132.81666666666666,S4,INSUFFICIENT_TEAM_CONTEXT,0,,,,,,,
099ab32a-d351-5011-931c-148b9f3d7921__TO__a5d8e516-48e0-58b8-ac13-213c753fc12d,2021,AJ_FOYT,4,15,C,-0.8747883341890791,241.71666666666667,S6,INSUFFICIENT_TEAM_CONTEXT,0,,,,,,,
099ab32a-d351-5011-931c-148b9f3d7921__TO__a5d8e516-48e0-58b8-ac13-213c753fc12d,2021,AJ_FOYT,4,15,C,-0.8747883341890791,241.71666666666667,S6_IND,INSUFFICIENT_TEAM_CONTEXT,0,,,,,,,
099ab32a-d351-5011-931c-148b9f3d7921__TO__a5d8e516-48e0-58b8-ac13-213c753fc12d,2021,AJ_FOYT,4,15,C,-0.8747883341890791,241.71666666666667,S4,INSUFFICIENT_TEAM_CONTEXT,0,,,,,,,
099ab32a-d351-5011-931c-148b9f3d7921__TO__a5d8e516-48e0-58b8-ac13-213c753fc12d,2021,AJ_FOYT,4,30,C,-0.8747883341890791,241.71666666666667,S6,INSUFFICIENT_TEAM_CONTEXT,0,,,,,,,
099ab32a-d351-5011-931c-148b9f3d7921__TO__a5d8e516-48e0-58b8-ac13-213c753fc12d,2021,AJ_FOYT,4,30,C,-0.8747883341890791,241.71666666666667,S6_IND,INSUFFICIENT_TEAM_CONTEXT,0,,,,,,,
099ab32a-d351-5011-931c-148b9f3d7921__TO__a5d8e516-48e0-58b8-ac13-213c753fc12d,2021,AJ_FOYT,4,30,C,-0.8747883341890791,241.71666666666667,S4,INSUFFICIENT_TEAM_CONTEXT,0,,,,,,,
099ab32a-d351-5011-931c-148b9f3d7921__TO__a5d8e516-48e0-58b8-ac13-213c753fc12d,2021,AJ_FOYT,4,45,C,-0.8747883341890791,241.71666666666667,S6,INSUFFICIENT_TEAM_CONTEXT,0,,,,,,,
099ab32a-d351-5011-931c-148b9f3d7921__TO__a5d8e516-48e0-58b8-ac13-213c753fc12d,2021,AJ_FOYT,4,45,C,-0.8747883341890791,241.71666666666667,S6_IND,INSUFFICIENT_TEAM_CONTEXT,0,,,,,,,
099ab32a-d351-5011-931c-148b9f3d7921__TO__a5d8e516-48e0-58b8-ac13-213c753fc12d,2021,AJ_FOYT,4,45,C,-0.8747883341890791,241.71666666666667,S4,INSUFFICIENT_TEAM_CONTEXT,0,,,,,,,
099ab32a-d351-5011-931c-148b9f3d7921__TO__a5d8e516-48e0-58b8-ac13-213c753fc12d,2021,AJ_FOYT,4,60,C,-0.8747883341890791,241.71666666666667,S6,INSUFFICIENT_TEAM_CONTEXT,0,,,,,,,
099ab32a-d351-5011-931c-148b9f3d7921__TO__a5d8e516-48e0-58b8-ac13-213c753fc12d,2021,AJ_FOYT,4,60,C,-0.8747883341890791,241.71666666666667,S6_IND,INSUFFICIENT_TEAM_CONTEXT,0,,,,,,,
099ab32a-d351-5011-931c-148b9f3d7921__TO__a5d8e516-48e0-58b8-ac13-213c753fc12d,2021,AJ_FOYT,4,60,C,-0.8747883341890791,241.71666666666667,S4,INSUFFICIENT_TEAM_CONTEXT,0,,,,,,,
099ab32a-d351-5011-931c-148b9f3d7921__TO__a5d8e516-48e0-58b8-ac13-213c753fc12d,2021,AJ_FOYT,4,INTERVAL,C,-0.8747883341890791,241.71666666666667,S6,INSUFFICIENT_TEAM_CONTEXT,0,,,,,,,
099ab32a-d351-5011-931c-148b9f3d7921__TO__a5d8e516-48e0-58b8-ac13-213c753fc12d,2021,AJ_FOYT,4,INTERVAL,C,-0.8747883341890791,241.71666666666667,S6_IND,INSUFFICIENT_TEAM_CONTEXT,0,,,,,,,
099ab32a-d351-5011-931c-148b9f3d7921__TO__a5d8e516-48e0-58b8-ac13-213c753fc12d,2021,AJ_FOYT,4,INTERVAL,C,-0.8747883341890791,241.71666666666667,S4,INSUFFICIENT_TEAM_CONTEXT,0,,,,,,,
11be8bd4-5c39-5bd2-b24f-b6c87f0d885a__TO__fb947c1e-3d51-506f-bbbc-12ecbcdce5da,2021,ED_CARPENTER_RACING,47,15,C,-0.0337419042119198,126.81666666666666,S6,INSUFFICIENT_TEAM_CONTEXT,0,,,,,,,
11be8bd4-5c39-5bd2-b24f-b6c87f0d885a__TO__fb947c1e-3d51-506f-bbbc-12ecbcdce5da,2021,ED_CARPENTER_RACING,47,15,C,-0.0337419042119198,126.81666666666666,S6_IND,INSUFFICIENT_TEAM_CONTEXT,0,,,,,,,
11be8bd4-5c39-5bd2-b24f-b6c87f0d885a__TO__fb947c1e-3d51-506f-bbbc-12ecbcdce5da,2021,ED_CARPENTER_RACING,47,15,C,-0.0337419042119198,126.81666666666666,S4,INSUFFICIENT_TEAM_CONTEXT,0,,,,,,,
11be8bd4-5c39-5bd2-b24f-b6c87f0d885a__TO__fb947c1e-3d51-506f-bbbc-12ecbcdce5da,2021,ED_CARPENTER_RACING,47,30,C,-0.0337419042119198,126.81666666666666,S6,INSUFFICIENT_TEAM_CONTEXT,0,,,,,,,
11be8bd4-5c39-5bd2-b24f-b6c87f0d885a__TO__fb947c1e-3d51-506f-bbbc-12ecbcdce5da,2021,ED_CARPENTER_RACING,47,30,C,-0.0337419042119198,126.81666666666666,S6_IND,INSUFFICIENT_TEAM_CONTEXT,0,,,,,,,
11be8bd4-5c39-5bd2-b24f-b6c87f0d885a__TO__fb947c1e-3d51-506f-bbbc-12ecbcdce5da,2021,ED_CARPENTER_RACING,47,30,C,-0.0337419042119198,126.81666666666666,S4,INSUFFICIENT_TEAM_CONTEXT,0,,,,,,,
11be8bd4-5c39-5bd2-b24f-b6c87f0d885a__TO__fb947c1e-3d51-506f-bbbc-12ecbcdce5da,2021,ED_CARPENTER_RACING,47,45,C,-0.0337419042119198,126.81666666666666,S6,INSUFFICIENT_TEAM_CONTEXT,0,,,,,,,
11be8bd4-5c39-5bd2-b24f-b6c87f0d885a__TO__fb947c1e-3d51-506f-bbbc-12ecbcdce5da,2021,ED_CARPENTER_RACING,47,45,C,-0.0337419042119198,126.81666666666666,S6_IND,INSUFFICIENT_TEAM_CONTEXT,0,,,,,,,
11be8bd4-5c39-5bd2-b24f-b6c87f0d885a__TO__fb947c1e-3d51-506f-bbbc-12ecbcdce5da,2021,ED_CARPENTER_RACING,47,45,C,-0.0337419042119198,126.81666666666666,S4,INSUFFICIENT_TEAM_CONTEXT,0,,,,,,,
11be8bd4-5c39-5bd2-b24f-b6c87f0d885a__TO__fb947c1e-3d51-506f-bbbc-12ecbcdce5da,2021,ED_CARPENTER_RACING,47,60,C,-0.0337419042119198,126.81666666666666,S6,INSUFFICIENT_TEAM_CONTEXT,0,,,,,,,
11be8bd4-5c39-5bd2-b24f-b6c87f0d885a__TO__fb947c1e-3d51-506f-bbbc-12ecbcdce5da,2021,ED_CARPENTER_RACING,47,60,C,-0.0337419042119198,126.81666666666666,S6_IND,INSUFFICIENT_TEAM_CONTEXT,0,,,,,,,
11be8bd4-5c39-5bd2-b24f-b6c87f0d885a__TO__fb947c1e-3d51-506f-bbbc-12ecbcdce5da,2021,ED_CARPENTER_RACING,47,60,C,-0.0337419042119198,126.81666666666666,S4,INSUFFICIENT_TEAM_CONTEXT,0,,,,,,,
11be8bd4-5c39-5bd2-b24f-b6c87f0d885a__TO__fb947c1e-3d51-506f-bbbc-12ecbcdce5da,2021,ED_CARPENTER_RACING,47,INTERVAL,C,-0.0337419042119198,126.81666666666666,S6,INSUFFICIENT_TEAM_CONTEXT,0,,,,,,,
11be8bd4-5c39-5bd2-b24f-b6c87f0d885a__TO__fb947c1e-3d51-506f-bbbc-12ecbcdce5da,2021,ED_CARPENTER_RACING,47,INTERVAL,C,-0.0337419042119198,126.81666666666666,S6_IND,INSUFFICIENT_TEAM_CONTEXT,0,,,,,,,
11be8bd4-5c39-5bd2-b24f-b6c87f0d885a__TO__fb947c1e-3d51-506f-bbbc-12ecbcdce5da,2021,ED_CARPENTER_RACING,47,INTERVAL,C,-0.0337419042119198,126.81666666666666,S4,INSUFFICIENT_TEAM_CONTEXT,0,,,,,,,
7d5d82b7-9765-51c9-b149-cb7de00d3905__TO__8ff02437-bce9-5d86-b3c7-906d93963538,2021,MEYER_SHANK_RACING,60,15,D,4.697199705237621,64.13333333333334,S6,INSUFFICIENT_TEAM_CONTEXT,0,,,,,,,
7d5d82b7-9765-51c9-b149-cb7de00d3905__TO__8ff02437-bce9-5d86-b3c7-906d93963538,2021,MEYER_SHANK_RACING,60,15,D,4.697199705237621,64.13333333333334,S6_IND,INSUFFICIENT_TEAM_CONTEXT,0,,,,,,,
7d5d82b7-9765-51c9-b149-cb7de00d3905__TO__8ff02437-bce9-5d86-b3c7-906d93963538,2021,MEYER_SHANK_RACING,60,15,D,4.697199705237621,64.13333333333334,S4,INSUFFICIENT_TEAM_CONTEXT,0,,,,,,,
7d5d82b7-9765-51c9-b149-cb7de00d3905__TO__8ff02437-bce9-5d86-b3c7-906d93963538,2021,MEYER_SHANK_RACING,60,30,D,4.697199705237621,64.13333333333334,S6,INSUFFICIENT_TEAM_CONTEXT,0,,,,,,,
7d5d82b7-9765-51c9-b149-cb7de00d3905__TO__8ff02437-bce9-5d86-b3c7-906d93963538,2021,MEYER_SHANK_RACING,60,30,D,4.697199705237621,64.13333333333334,S6_IND,INSUFFICIENT_TEAM_CONTEXT,0,,,,,,,
7d5d82b7-9765-51c9-b149-cb7de00d3905__TO__8ff02437-bce9-5d86-b3c7-906d93963538,2021,MEYER_SHANK_RACING,60,30,D,4.697199705237621,64.13333333333334,S4,INSUFFICIENT_TEAM_CONTEXT,0,,,,,,,
7d5d82b7-9765-51c9-b149-cb7de00d3905__TO__8ff02437-bce9-5d86-b3c7-906d93963538,2021,MEYER_SHANK_RACING,60,45,D,4.697199705237621,64.13333333333334,S6,INSUFFICIENT_TEAM_CONTEXT,0,,,,,,,
7d5d82b7-9765-51c9-b149-cb7de00d3905__TO__8ff02437-bce9-5d86-b3c7-906d93963538,2021,MEYER_SHANK_RACING,60,45,D,4.697199705237621,64.13333333333334,S6_IND,INSUFFICIENT_TEAM_CONTEXT,0,,,,,,,
7d5d82b7-9765-51c9-b149-cb7de00d3905__TO__8ff02437-bce9-5d86-b3c7-906d93963538,2021,MEYER_SHANK_RACING,60,45,D,4.697199705237621,64.13333333333334,S4,INSUFFICIENT_TEAM_CONTEXT,0,,,,,,,
7d5d82b7-9765-51c9-b149-cb7de00d3905__TO__8ff02437-bce9-5d86-b3c7-906d93963538,2021,MEYER_SHANK_RACING,60,60,D,4.697199705237621,64.13333333333334,S6,INSUFFICIENT_TEAM_CONTEXT,0,,,,,,,
7d5d82b7-9765-51c9-b149-cb7de00d3905__TO__8ff02437-bce9-5d86-b3c7-906d93963538,2021,MEYER_SHANK_RACING,60,60,D,4.697199705237621,64.13333333333334,S6_IND,INSUFFICIENT_TEAM_CONTEXT,0,,,,,,,
7d5d82b7-9765-51c9-b149-cb7de00d3905__TO__8ff02437-bce9-5d86-b3c7-906d93963538,2021,MEYER_SHANK_RACING,60,60,D,4.697199705237621,64.13333333333334,S4,INSUFFICIENT_TEAM_CONTEXT,0,,,,,,,
7d5d82b7-9765-51c9-b149-cb7de00d3905__TO__8ff02437-bce9-5d86-b3c7-906d93963538,2021,MEYER_SHANK_RACING,60,INTERVAL,D,4.697199705237621,64.13333333333334,S6,INSUFFICIENT_TEAM_CONTEXT,0,,,,,,,
7d5d82b7-9765-51c9-b149-cb7de00d3905__TO__8ff02437-bce9-5d86-b3c7-906d93963538,2021,MEYER_SHANK_RACING,60,INTERVAL,D,4.697199705237621,64.13333333333334,S6_IND,INSUFFICIENT_TEAM_CONTEXT,0,,,,,,,
7d5d82b7-9765-51c9-b149-cb7de00d3905__TO__8ff02437-bce9-5d86-b3c7-906d93963538,2021,MEYER_SHANK_RACING,60,INTERVAL,D,4.697199705237621,64.13333333333334,S4,INSUFFICIENT_TEAM_CONTEXT,0,,,,,,,
4bfd7a23-3f35-5bcf-9655-c286d7ee30ed__TO__595096e7-98a7-552c-a5f8-f2f3eeb54d68,2021,ARROW_MCLAREN_SPM,7,15,C,0.2843737754762044,225.75,S6,INSUFFICIENT_TEAM_CONTEXT,0,,,,,,,
4bfd7a23-3f35-5bcf-9655-c286d7ee30ed__TO__595096e7-98a7-552c-a5f8-f2f3eeb54d68,2021,ARROW_MCLAREN_SPM,7,15,C,0.2843737754762044,225.75,S6_IND,INSUFFICIENT_TEAM_CONTEXT,0,,,,,,,
4bfd7a23-3f35-5bcf-9655-c286d7ee30ed__TO__595096e7-98a7-552c-a5f8-f2f3eeb54d68,2021,ARROW_MCLAREN_SPM,7,15,C,0.2843737754762044,225.75,S4,INSUFFICIENT_TEAM_CONTEXT,0,,,,,,,
4bfd7a23-3f35-5bcf-9655-c286d7ee30ed__TO__595096e7-98a7-552c-a5f8-f2f3eeb54d68,2021,ARROW_MCLAREN_SPM,7,30,C,0.2843737754762044,225.75,S6,INSUFFICIENT_TEAM_CONTEXT,0,,,,,,,
4bfd7a23-3f35-5bcf-9655-c286d7ee30ed__TO__595096e7-98a7-552c-a5f8-f2f3eeb54d68,2021,ARROW_MCLAREN_SPM,7,30,C,0.2843737754762044,225.75,S6_IND,INSUFFICIENT_TEAM_CONTEXT,0,,,,,,,
4bfd7a23-3f35-5bcf-9655-c286d7ee30ed__TO__595096e7-98a7-552c-a5f8-f2f3eeb54d68,2021,ARROW_MCLAREN_SPM,7,30,C,0.2843737754762044,225.75,S4,INSUFFICIENT_TEAM_CONTEXT,0,,,,,,,
4bfd7a23-3f35-5bcf-9655-c286d7ee30ed__TO__595096e7-98a7-552c-a5f8-f2f3eeb54d68,2021,ARROW_MCLAREN_SPM,7,45,C,0.2843737754762044,225.75,S6,INSUFFICIENT_TEAM_CONTEXT,0,,,,,,,
4bfd7a23-3f35-5bcf-9655-c286d7ee30ed__TO__595096e7-98a7-552c-a5f8-f2f3eeb54d68,2021,ARROW_MCLAREN_SPM,7,45,C,0.2843737754762044,225.75,S6_IND,INSUFFICIENT_TEAM_CONTEXT,0,,,,,,,
4bfd7a23-3f35-5bcf-9655-c286d7ee30ed__TO__595096e7-98a7-552c-a5f8-f2f3eeb54d68,2021,ARROW_MCLAREN_SPM,7,45,C,0.2843737754762044,225.75,S4,INSUFFICIENT_TEAM_CONTEXT,0,,,,,,,
4bfd7a23-3f35-5bcf-9655-c286d7ee30ed__TO__595096e7-98a7-552c-a5f8-f2f3eeb54d68,2021,ARROW_MCLAREN_SPM,7,60,C,0.2843737754762044,225.75,S6,INSUFFICIENT_TEAM_CONTEXT,0,,,,,,,
4bfd7a23-3f35-5bcf-9655-c286d7ee30ed__TO__595096e7-98a7-552c-a5f8-f2f3eeb54d68,2021,ARROW_MCLAREN_SPM,7,60,C,0.2843737754762044,225.75,S6_IND,INSUFFICIENT_TEAM_CONTEXT,0,,,,,,,
4bfd7a23-3f35-5bcf-9655-c286d7ee30ed__TO__595096e7-98a7-552c-a5f8-f2f3eeb54d68,2021,ARROW_MCLAREN_SPM,7,60,C,0.2843737754762044,225.75,S4,INSUFFICIENT_TEAM_CONTEXT,0,,,,,,,
4bfd7a23-3f35-5bcf-9655-c286d7ee30ed__TO__595096e7-98a7-552c-a5f8-f2f3eeb54d68,2021,ARROW_MCLAREN_SPM,7,INTERVAL,C,0.2843737754762044,225.75,S6,INSUFFICIENT_TEAM_CONTEXT,0,,,,,,,
4bfd7a23-3f35-5bcf-9655-c286d7ee30ed__TO__595096e7-98a7-552c-a5f8-f2f3eeb54d68,2021,ARROW_MCLAREN_SPM,7,INTERVAL,C,0.2843737754762044,225.75,S6_IND,INSUFFICIENT_TEAM_CONTEXT,0,,,,,,,
4bfd7a23-3f35-5bcf-9655-c286d7ee30ed__TO__595096e7-98a7-552c-a5f8-f2f3eeb54d68,2021,ARROW_MCLAREN_SPM,7,INTERVAL,C,0.2843737754762044,225.75,S4,INSUFFICIENT_TEAM_CONTEXT,0,,,,,,,
11bd473d-0cf3-56e2-9aa9-fb4487870c59__TO__f39f497a-d8a0-55e6-8bd1-ef646a4f6e71,2021,ARROW_MCLAREN_SPM,86,15,C,-0.137320146133441,231.15,S6,INSUFFICIENT_TEAM_CONTEXT,0,,,,,,,
11bd473d-0cf3-56e2-9aa9-fb4487870c59__TO__f39f497a-d8a0-55e6-8bd1-ef646a4f6e71,2021,ARROW_MCLAREN_SPM,86,15,C,-0.137320146133441,231.15,S6_IND,INSUFFICIENT_TEAM_CONTEXT,0,,,,,,,
11bd473d-0cf3-56e2-9aa9-fb4487870c59__TO__f39f497a-d8a0-55e6-8bd1-ef646a4f6e71,2021,ARROW_MCLAREN_SPM,86,15,C,-0.137320146133441,231.15,S4,INSUFFICIENT_TEAM_CONTEXT,0,,,,,,,
11bd473d-0cf3-56e2-9aa9-fb4487870c59__TO__f39f497a-d8a0-55e6-8bd1-ef646a4f6e71,2021,ARROW_MCLAREN_SPM,86,30,C,-0.137320146133441,231.15,S6,INSUFFICIENT_TEAM_CONTEXT,0,,,,,,,
11bd473d-0cf3-56e2-9aa9-fb4487870c59__TO__f39f497a-d8a0-55e6-8bd1-ef646a4f6e71,2021,ARROW_MCLAREN_SPM,86,30,C,-0.137320146133441,231.15,S6_IND,INSUFFICIENT_TEAM_CONTEXT,0,,,,,,,
11bd473d-0cf3-56e2-9aa9-fb4487870c59__TO__f39f497a-d8a0-55e6-8bd1-ef646a4f6e71,2021,ARROW_MCLAREN_SPM,86,30,C,-0.137320146133441,231.15,S4,INSUFFICIENT_TEAM_CONTEXT,0,,,,,,,
11bd473d-0cf3-56e2-9aa9-fb4487870c59__TO__f39f497a-d8a0-55e6-8bd1-ef646a4f6e71,2021,ARROW_MCLAREN_SPM,86,45,C,-0.137320146133441,231.15,S6,INSUFFICIENT_TEAM_CONTEXT,0,,,,,,,
11bd473d-0cf3-56e2-9aa9-fb4487870c59__TO__f39f497a-d8a0-55e6-8bd1-ef646a4f6e71,2021,ARROW_MCLAREN_SPM,86,45,C,-0.137320146133441,231.15,S6_IND,INSUFFICIENT_TEAM_CONTEXT,0,,,,,,,
11bd473d-0cf3-56e2-9aa9-fb4487870c59__TO__f39f497a-d8a0-55e6-8bd1-ef646a4f6e71,2021,ARROW_MCLAREN_SPM,86,45,C,-0.137320146133441,231.15,S4,INSUFFICIENT_TEAM_CONTEXT,0,,,,,,,
11bd473d-0cf3-56e2-9aa9-fb4487870c59__TO__f39f497a-d8a0-55e6-8bd1-ef646a4f6e71,2021,ARROW_MCLAREN_SPM,86,60,C,-0.137320146133441,231.15,S6,INSUFFICIENT_TEAM_CONTEXT,0,,,,,,,
11bd473d-0cf3-56e2-9aa9-fb4487870c59__TO__f39f497a-d8a0-55e6-8bd1-ef646a4f6e71,2021,ARROW_MCLAREN_SPM,86,60,C,-0.137320146133441,231.15,S6_IND,INSUFFICIENT_TEAM_CONTEXT,0,,,,,,,
11bd473d-0cf3-56e2-9aa9-fb4487870c59__TO__f39f497a-d8a0-55e6-8bd1-ef646a4f6e71,2021,ARROW_MCLAREN_SPM,86,60,C,-0.137320146133441,231.15,S4,INSUFFICIENT_TEAM_CONTEXT,0,,,,,,,
11bd473d-0cf3-56e2-9aa9-fb4487870c59__TO__f39f497a-d8a0-55e6-8bd1-ef646a4f6e71,2021,ARROW_MCLAREN_SPM,86,INTERVAL,C,-0.137320146133441,231.15,S6,INSUFFICIENT_TEAM_CONTEXT,0,,,,,,,
11bd473d-0cf3-56e2-9aa9-fb4487870c59__TO__f39f497a-d8a0-55e6-8bd1-ef646a4f6e71,2021,ARROW_MCLAREN_SPM,86,INTERVAL,C,-0.137320146133441,231.15,S6_IND,INSUFFICIENT_TEAM_CONTEXT,0,,,,,,,
11bd473d-0cf3-56e2-9aa9-fb4487870c59__TO__f39f497a-d8a0-55e6-8bd1-ef646a4f6e71,2021,ARROW_MCLAREN_SPM,86,INTERVAL,C,-0.137320146133441,231.15,S4,INSUFFICIENT_TEAM_CONTEXT,0,,,,,,,
c2deab22-d3a0-5601-80f8-4cbf631c8f88__TO__b671a083-ccd6-5511-a882-53e7bf202c19,2021,ANDRETTI,98,15,C,0.0787130188839965,169.15,S6,INSUFFICIENT_TEAM_CONTEXT,0,,,,,,,
c2deab22-d3a0-5601-80f8-4cbf631c8f88__TO__b671a083-ccd6-5511-a882-53e7bf202c19,2021,ANDRETTI,98,15,C,0.0787130188839965,169.15,S6_IND,INSUFFICIENT_TEAM_CONTEXT,0,,,,,,,
c2deab22-d3a0-5601-80f8-4cbf631c8f88__TO__b671a083-ccd6-5511-a882-53e7bf202c19,2021,ANDRETTI,98,15,C,0.0787130188839965,169.15,S4,INSUFFICIENT_TEAM_CONTEXT,0,,,,,,,
c2deab22-d3a0-5601-80f8-4cbf631c8f88__TO__b671a083-ccd6-5511-a882-53e7bf202c19,2021,ANDRETTI,98,30,C,0.0787130188839965,169.15,S6,INSUFFICIENT_TEAM_CONTEXT,0,,,,,,,
c2deab22-d3a0-5601-80f8-4cbf631c8f88__TO__b671a083-ccd6-5511-a882-53e7bf202c19,2021,ANDRETTI,98,30,C,0.0787130188839965,169.15,S6_IND,INSUFFICIENT_TEAM_CONTEXT,0,,,,,,,
c2deab22-d3a0-5601-80f8-4cbf631c8f88__TO__b671a083-ccd6-5511-a882-53e7bf202c19,2021,ANDRETTI,98,30,C,0.0787130188839965,169.15,S4,INSUFFICIENT_TEAM_CONTEXT,0,,,,,,,
c2deab22-d3a0-5601-80f8-4cbf631c8f88__TO__b671a083-ccd6-5511-a882-53e7bf202c19,2021,ANDRETTI,98,45,C,0.0787130188839965,169.15,S6,INSUFFICIENT_TEAM_CONTEXT,0,,,,,,,
c2deab22-d3a0-5601-80f8-4cbf631c8f88__TO__b671a083-ccd6-5511-a882-53e7bf202c19,2021,ANDRETTI,98,45,C,0.0787130188839965,169.15,S6_IND,INSUFFICIENT_TEAM_CONTEXT,0,,,,,,,
c2deab22-d3a0-5601-80f8-4cbf631c8f88__TO__b671a083-ccd6-5511-a882-53e7bf202c19,2021,ANDRETTI,98,45,C,0.0787130188839965,169.15,S4,INSUFFICIENT_TEAM_CONTEXT,0,,,,,,,
c2deab22-d3a0-5601-80f8-4cbf631c8f88__TO__b671a083-ccd6-5511-a882-53e7bf202c19,2021,ANDRETTI,98,60,C,0.0787130188839965,169.15,S6,INSUFFICIENT_TEAM_CONTEXT,0,,,,,,,
c2deab22-d3a0-5601-80f8-4cbf631c8f88__TO__b671a083-ccd6-5511-a882-53e7bf202c19,2021,ANDRETTI,98,60,C,0.0787130188839965,169.15,S6_IND,INSUFFICIENT_TEAM_CONTEXT,0,,,,,,,
c2deab22-d3a0-5601-80f8-4cbf631c8f88__TO__b671a083-ccd6-5511-a882-53e7bf202c19,2021,ANDRETTI,98,60,C,0.0787130188839965,169.15,S4,INSUFFICIENT_TEAM_CONTEXT,0,,,,,,,
c2deab22-d3a0-5601-80f8-4cbf631c8f88__TO__b671a083-ccd6-5511-a882-53e7bf202c19,2021,ANDRETTI,98,INTERVAL,C,0.0787130188839965,169.15,S6,INSUFFICIENT_TEAM_CONTEXT,0,,,,,,,
c2deab22-d3a0-5601-80f8-4cbf631c8f88__TO__b671a083-ccd6-5511-a882-53e7bf202c19,2021,ANDRETTI,98,INTERVAL,C,0.0787130188839965,169.15,S6_IND,INSUFFICIENT_TEAM_CONTEXT,0,,,,,,,
c2deab22-d3a0-5601-80f8-4cbf631c8f88__TO__b671a083-ccd6-5511-a882-53e7bf202c19,2021,ANDRETTI,98,INTERVAL,C,0.0787130188839965,169.15,S4,INSUFFICIENT_TEAM_CONTEXT,0,,,,,,,
b671a083-ccd6-5511-a882-53e7bf202c19__TO__cb6ab391-510a-562a-a1bc-a173959477a0,2021,ANDRETTI,98,15,C,0.1982353662560316,150.58333333333334,S6,INSUFFICIENT_TEAM_CONTEXT,0,,,,,,,
b671a083-ccd6-5511-a882-53e7bf202c19__TO__cb6ab391-510a-562a-a1bc-a173959477a0,2021,ANDRETTI,98,15,C,0.1982353662560316,150.58333333333334,S6_IND,INSUFFICIENT_TEAM_CONTEXT,0,,,,,,,
b671a083-ccd6-5511-a882-53e7bf202c19__TO__cb6ab391-510a-562a-a1bc-a173959477a0,2021,ANDRETTI,98,15,C,0.1982353662560316,150.58333333333334,S4,INSUFFICIENT_TEAM_CONTEXT,0,,,,,,,
b671a083-ccd6-5511-a882-53e7bf202c19__TO__cb6ab391-510a-562a-a1bc-a173959477a0,2021,ANDRETTI,98,30,C,0.1982353662560316,150.58333333333334,S6,INSUFFICIENT_TEAM_CONTEXT,0,,,,,,,
b671a083-ccd6-5511-a882-53e7bf202c19__TO__cb6ab391-510a-562a-a1bc-a173959477a0,2021,ANDRETTI,98,30,C,0.1982353662560316,150.58333333333334,S6_IND,INSUFFICIENT_TEAM_CONTEXT,0,,,,,,,
b671a083-ccd6-5511-a882-53e7bf202c19__TO__cb6ab391-510a-562a-a1bc-a173959477a0,2021,ANDRETTI,98,30,C,0.1982353662560316,150.58333333333334,S4,INSUFFICIENT_TEAM_CONTEXT,0,,,,,,,
b671a083-ccd6-5511-a882-53e7bf202c19__TO__cb6ab391-510a-562a-a1bc-a173959477a0,2021,ANDRETTI,98,45,B,0.1982353662560316,150.58333333333334,S6,MIXED_TEAM_CONTEXT,2,False,-0.5576280233484219,0.1982353662560316,0.5576280233484219,-2.812959331526219,0.7558633896044535,False
b671a083-ccd6-5511-a882-53e7bf202c19__TO__cb6ab391-510a-562a-a1bc-a173959477a0,2021,ANDRETTI,98,45,B,0.1982353662560316,150.58333333333334,S6_IND,INSUFFICIENT_TEAM_CONTEXT,0,,,,,,,
b671a083-ccd6-5511-a882-53e7bf202c19__TO__cb6ab391-510a-562a-a1bc-a173959477a0,2021,ANDRETTI,98,45,B,0.1982353662560316,150.58333333333334,S4,TEAM_CONTEXT_CONSISTENT,1,True,0.08018192862978346,0.1982353662560316,0.08018192862978346,0.40447842453209987,0.11805343762624815,True
b671a083-ccd6-5511-a882-53e7bf202c19__TO__cb6ab391-510a-562a-a1bc-a173959477a0,2021,ANDRETTI,98,60,B,0.1982353662560316,150.58333333333334,S6,MIXED_TEAM_CONTEXT,2,False,-0.5576280233484219,0.1982353662560316,0.5576280233484219,-2.812959331526219,0.7558633896044535,False
b671a083-ccd6-5511-a882-53e7bf202c19__TO__cb6ab391-510a-562a-a1bc-a173959477a0,2021,ANDRETTI,98,60,B,0.1982353662560316,150.58333333333334,S6_IND,INSUFFICIENT_TEAM_CONTEXT,0,,,,,,,
b671a083-ccd6-5511-a882-53e7bf202c19__TO__cb6ab391-510a-562a-a1bc-a173959477a0,2021,ANDRETTI,98,60,B,0.1982353662560316,150.58333333333334,S4,TEAM_CONTEXT_CONSISTENT,1,True,0.08018192862978346,0.1982353662560316,0.08018192862978346,0.40447842453209987,0.11805343762624815,True
b671a083-ccd6-5511-a882-53e7bf202c19__TO__cb6ab391-510a-562a-a1bc-a173959477a0,2021,ANDRETTI,98,INTERVAL,C,0.1982353662560316,150.58333333333334,S6,INSUFFICIENT_TEAM_CONTEXT,0,,,,,,,
b671a083-ccd6-5511-a882-53e7bf202c19__TO__cb6ab391-510a-562a-a1bc-a173959477a0,2021,ANDRETTI,98,INTERVAL,C,0.1982353662560316,150.58333333333334,S6_IND,INSUFFICIENT_TEAM_CONTEXT,0,,,,,,,
b671a083-ccd6-5511-a882-53e7bf202c19__TO__cb6ab391-510a-562a-a1bc-a173959477a0,2021,ANDRETTI,98,INTERVAL,C,0.1982353662560316,150.58333333333334,S4,INSUFFICIENT_TEAM_CONTEXT,0,,,,,,,
55b6b39a-d64a-5a38-9dbc-84a9faac294b__TO__dd0ff96a-0d57-5ba5-8691-ebf2359edec4,2023,CHIP_GANASSI_RACING,11,15,C,0.4715911790128801,177.43333333333334,S6,INSUFFICIENT_TEAM_CONTEXT,0,,,,,,,
55b6b39a-d64a-5a38-9dbc-84a9faac294b__TO__dd0ff96a-0d57-5ba5-8691-ebf2359edec4,2023,CHIP_GANASSI_RACING,11,15,C,0.4715911790128801,177.43333333333334,S6_IND,INSUFFICIENT_TEAM_CONTEXT,0,,,,,,,
55b6b39a-d64a-5a38-9dbc-84a9faac294b__TO__dd0ff96a-0d57-5ba5-8691-ebf2359edec4,2023,CHIP_GANASSI_RACING,11,15,C,0.4715911790128801,177.43333333333334,S4,INSUFFICIENT_TEAM_CONTEXT,0,,,,,,,
55b6b39a-d64a-5a38-9dbc-84a9faac294b__TO__dd0ff96a-0d57-5ba5-8691-ebf2359edec4,2023,CHIP_GANASSI_RACING,11,30,C,0.4715911790128801,177.43333333333334,S6,INSUFFICIENT_TEAM_CONTEXT,0,,,,,,,
55b6b39a-d64a-5a38-9dbc-84a9faac294b__TO__dd0ff96a-0d57-5ba5-8691-ebf2359edec4,2023,CHIP_GANASSI_RACING,11,30,C,0.4715911790128801,177.43333333333334,S6_IND,INSUFFICIENT_TEAM_CONTEXT,0,,,,,,,
55b6b39a-d64a-5a38-9dbc-84a9faac294b__TO__dd0ff96a-0d57-5ba5-8691-ebf2359edec4,2023,CHIP_GANASSI_RACING,11,30,C,0.4715911790128801,177.43333333333334,S4,INSUFFICIENT_TEAM_CONTEXT,0,,,,,,,
55b6b39a-d64a-5a38-9dbc-84a9faac294b__TO__dd0ff96a-0d57-5ba5-8691-ebf2359edec4,2023,CHIP_GANASSI_RACING,11,45,C,0.4715911790128801,177.43333333333334,S6,INSUFFICIENT_TEAM_CONTEXT,0,,,,,,,
55b6b39a-d64a-5a38-9dbc-84a9faac294b__TO__dd0ff96a-0d57-5ba5-8691-ebf2359edec4,2023,CHIP_GANASSI_RACING,11,45,C,0.4715911790128801,177.43333333333334,S6_IND,INSUFFICIENT_TEAM_CONTEXT,0,,,,,,,
55b6b39a-d64a-5a38-9dbc-84a9faac294b__TO__dd0ff96a-0d57-5ba5-8691-ebf2359edec4,2023,CHIP_GANASSI_RACING,11,45,C,0.4715911790128801,177.43333333333334,S4,INSUFFICIENT_TEAM_CONTEXT,0,,,,,,,
55b6b39a-d64a-5a38-9dbc-84a9faac294b__TO__dd0ff96a-0d57-5ba5-8691-ebf2359edec4,2023,CHIP_GANASSI_RACING,11,60,C,0.4715911790128801,177.43333333333334,S6,INSUFFICIENT_TEAM_CONTEXT,0,,,,,,,
55b6b39a-d64a-5a38-9dbc-84a9faac294b__TO__dd0ff96a-0d57-5ba5-8691-ebf2359edec4,2023,CHIP_GANASSI_RACING,11,60,C,0.4715911790128801,177.43333333333334,S6_IND,INSUFFICIENT_TEAM_CONTEXT,0,,,,,,,
55b6b39a-d64a-5a38-9dbc-84a9faac294b__TO__dd0ff96a-0d57-5ba5-8691-ebf2359edec4,2023,CHIP_GANASSI_RACING,11,60,C,0.4715911790128801,177.43333333333334,S4,INSUFFICIENT_TEAM_CONTEXT,0,,,,,,,
55b6b39a-d64a-5a38-9dbc-84a9faac294b__TO__dd0ff96a-0d57-5ba5-8691-ebf2359edec4,2023,CHIP_GANASSI_RACING,11,INTERVAL,C,0.4715911790128801,177.43333333333334,S6,INSUFFICIENT_TEAM_CONTEXT,0,,,,,,,
55b6b39a-d64a-5a38-9dbc-84a9faac294b__TO__dd0ff96a-0d57-5ba5-8691-ebf2359edec4,2023,CHIP_GANASSI_RACING,11,INTERVAL,C,0.4715911790128801,177.43333333333334,S6_IND,INSUFFICIENT_TEAM_CONTEXT,0,,,,,,,
55b6b39a-d64a-5a38-9dbc-84a9faac294b__TO__dd0ff96a-0d57-5ba5-8691-ebf2359edec4,2023,CHIP_GANASSI_RACING,11,INTERVAL,C,0.4715911790128801,177.43333333333334,S4,INSUFFICIENT_TEAM_CONTEXT,0,,,,,,,
dda33fdd-49c8-5082-a03d-252bf1a6fa49__TO__f9f206a7-b2ab-5eb9-8805-0d279c65164d,2023,ANDRETTI,27,15,C,0.1765001338233675,122.2,S6,INSUFFICIENT_TEAM_CONTEXT,0,,,,,,,
dda33fdd-49c8-5082-a03d-252bf1a6fa49__TO__f9f206a7-b2ab-5eb9-8805-0d279c65164d,2023,ANDRETTI,27,15,C,0.1765001338233675,122.2,S6_IND,INSUFFICIENT_TEAM_CONTEXT,0,,,,,,,
dda33fdd-49c8-5082-a03d-252bf1a6fa49__TO__f9f206a7-b2ab-5eb9-8805-0d279c65164d,2023,ANDRETTI,27,15,C,0.1765001338233675,122.2,S4,INSUFFICIENT_TEAM_CONTEXT,0,,,,,,,
dda33fdd-49c8-5082-a03d-252bf1a6fa49__TO__f9f206a7-b2ab-5eb9-8805-0d279c65164d,2023,ANDRETTI,27,30,C,0.1765001338233675,122.2,S6,INSUFFICIENT_TEAM_CONTEXT,0,,,,,,,
dda33fdd-49c8-5082-a03d-252bf1a6fa49__TO__f9f206a7-b2ab-5eb9-8805-0d279c65164d,2023,ANDRETTI,27,30,C,0.1765001338233675,122.2,S6_IND,INSUFFICIENT_TEAM_CONTEXT,0,,,,,,,
dda33fdd-49c8-5082-a03d-252bf1a6fa49__TO__f9f206a7-b2ab-5eb9-8805-0d279c65164d,2023,ANDRETTI,27,30,C,0.1765001338233675,122.2,S4,INSUFFICIENT_TEAM_CONTEXT,0,,,,,,,
dda33fdd-49c8-5082-a03d-252bf1a6fa49__TO__f9f206a7-b2ab-5eb9-8805-0d279c65164d,2023,ANDRETTI,27,45,C,0.1765001338233675,122.2,S6,INSUFFICIENT_TEAM_CONTEXT,0,,,,,,,
dda33fdd-49c8-5082-a03d-252bf1a6fa49__TO__f9f206a7-b2ab-5eb9-8805-0d279c65164d,2023,ANDRETTI,27,45,C,0.1765001338233675,122.2,S6_IND,INSUFFICIENT_TEAM_CONTEXT,0,,,,,,,
dda33fdd-49c8-5082-a03d-252bf1a6fa49__TO__f9f206a7-b2ab-5eb9-8805-0d279c65164d,2023,ANDRETTI,27,45,C,0.1765001338233675,122.2,S4,INSUFFICIENT_TEAM_CONTEXT,0,,,,,,,
dda33fdd-49c8-5082-a03d-252bf1a6fa49__TO__f9f206a7-b2ab-5eb9-8805-0d279c65164d,2023,ANDRETTI,27,60,C,0.1765001338233675,122.2,S6,INSUFFICIENT_TEAM_CONTEXT,0,,,,,,,
dda33fdd-49c8-5082-a03d-252bf1a6fa49__TO__f9f206a7-b2ab-5eb9-8805-0d279c65164d,2023,ANDRETTI,27,60,C,0.1765001338233675,122.2,S6_IND,INSUFFICIENT_TEAM_CONTEXT,0,,,,,,,
dda33fdd-49c8-5082-a03d-252bf1a6fa49__TO__f9f206a7-b2ab-5eb9-8805-0d279c65164d,2023,ANDRETTI,27,60,C,0.1765001338233675,122.2,S4,INSUFFICIENT_TEAM_CONTEXT,0,,,,,,,
dda33fdd-49c8-5082-a03d-252bf1a6fa49__TO__f9f206a7-b2ab-5eb9-8805-0d279c65164d,2023,ANDRETTI,27,INTERVAL,C,0.1765001338233675,122.2,S6,INSUFFICIENT_TEAM_CONTEXT,0,,,,,,,
dda33fdd-49c8-5082-a03d-252bf1a6fa49__TO__f9f206a7-b2ab-5eb9-8805-0d279c65164d,2023,ANDRETTI,27,INTERVAL,C,0.1765001338233675,122.2,S6_IND,INSUFFICIENT_TEAM_CONTEXT,0,,,,,,,
dda33fdd-49c8-5082-a03d-252bf1a6fa49__TO__f9f206a7-b2ab-5eb9-8805-0d279c65164d,2023,ANDRETTI,27,INTERVAL,C,0.1765001338233675,122.2,S4,INSUFFICIENT_TEAM_CONTEXT,0,,,,,,,
f9f206a7-b2ab-5eb9-8805-0d279c65164d__TO__970e09d9-9783-53a2-ac70-f2117bee1d09,2023,ANDRETTI,27,15,C,0.1023114863634382,53.266666666666666,S6,INSUFFICIENT_TEAM_CONTEXT,0,,,,,,,
f9f206a7-b2ab-5eb9-8805-0d279c65164d__TO__970e09d9-9783-53a2-ac70-f2117bee1d09,2023,ANDRETTI,27,15,C,0.1023114863634382,53.266666666666666,S6_IND,INSUFFICIENT_TEAM_CONTEXT,0,,,,,,,
f9f206a7-b2ab-5eb9-8805-0d279c65164d__TO__970e09d9-9783-53a2-ac70-f2117bee1d09,2023,ANDRETTI,27,15,C,0.1023114863634382,53.266666666666666,S4,INSUFFICIENT_TEAM_CONTEXT,0,,,,,,,
f9f206a7-b2ab-5eb9-8805-0d279c65164d__TO__970e09d9-9783-53a2-ac70-f2117bee1d09,2023,ANDRETTI,27,30,C,0.1023114863634382,53.266666666666666,S6,INSUFFICIENT_TEAM_CONTEXT,0,,,,,,,
f9f206a7-b2ab-5eb9-8805-0d279c65164d__TO__970e09d9-9783-53a2-ac70-f2117bee1d09,2023,ANDRETTI,27,30,C,0.1023114863634382,53.266666666666666,S6_IND,INSUFFICIENT_TEAM_CONTEXT,0,,,,,,,
f9f206a7-b2ab-5eb9-8805-0d279c65164d__TO__970e09d9-9783-53a2-ac70-f2117bee1d09,2023,ANDRETTI,27,30,C,0.1023114863634382,53.266666666666666,S4,INSUFFICIENT_TEAM_CONTEXT,0,,,,,,,
f9f206a7-b2ab-5eb9-8805-0d279c65164d__TO__970e09d9-9783-53a2-ac70-f2117bee1d09,2023,ANDRETTI,27,45,C,0.1023114863634382,53.266666666666666,S6,INSUFFICIENT_TEAM_CONTEXT,0,,,,,,,
f9f206a7-b2ab-5eb9-8805-0d279c65164d__TO__970e09d9-9783-53a2-ac70-f2117bee1d09,2023,ANDRETTI,27,45,C,0.1023114863634382,53.266666666666666,S6_IND,INSUFFICIENT_TEAM_CONTEXT,0,,,,,,,
f9f206a7-b2ab-5eb9-8805-0d279c65164d__TO__970e09d9-9783-53a2-ac70-f2117bee1d09,2023,ANDRETTI,27,45,C,0.1023114863634382,53.266666666666666,S4,INSUFFICIENT_TEAM_CONTEXT,0,,,,,,,
f9f206a7-b2ab-5eb9-8805-0d279c65164d__TO__970e09d9-9783-53a2-ac70-f2117bee1d09,2023,ANDRETTI,27,60,C,0.1023114863634382,53.266666666666666,S6,INSUFFICIENT_TEAM_CONTEXT,0,,,,,,,
f9f206a7-b2ab-5eb9-8805-0d279c65164d__TO__970e09d9-9783-53a2-ac70-f2117bee1d09,2023,ANDRETTI,27,60,C,0.1023114863634382,53.266666666666666,S6_IND,INSUFFICIENT_TEAM_CONTEXT,0,,,,,,,
f9f206a7-b2ab-5eb9-8805-0d279c65164d__TO__970e09d9-9783-53a2-ac70-f2117bee1d09,2023,ANDRETTI,27,60,C,0.1023114863634382,53.266666666666666,S4,INSUFFICIENT_TEAM_CONTEXT,0,,,,,,,
f9f206a7-b2ab-5eb9-8805-0d279c65164d__TO__970e09d9-9783-53a2-ac70-f2117bee1d09,2023,ANDRETTI,27,INTERVAL,D,0.1023114863634382,53.266666666666666,S6,INSUFFICIENT_TEAM_CONTEXT,0,,,,,,,
f9f206a7-b2ab-5eb9-8805-0d279c65164d__TO__970e09d9-9783-53a2-ac70-f2117bee1d09,2023,ANDRETTI,27,INTERVAL,D,0.1023114863634382,53.266666666666666,S6_IND,INSUFFICIENT_TEAM_CONTEXT,0,,,,,,,
f9f206a7-b2ab-5eb9-8805-0d279c65164d__TO__970e09d9-9783-53a2-ac70-f2117bee1d09,2023,ANDRETTI,27,INTERVAL,D,0.1023114863634382,53.266666666666666,S4,INSUFFICIENT_TEAM_CONTEXT,0,,,,,,,
f10d3a91-6f0d-59f0-9ea9-4db5cf6e44b9__TO__ab6f7ab5-b6ba-5e02-9560-f89bd35b575c,2023,ANDRETTI,29,15,C,-0.0899331837401284,161.5,S6,INSUFFICIENT_TEAM_CONTEXT,0,,,,,,,
f10d3a91-6f0d-59f0-9ea9-4db5cf6e44b9__TO__ab6f7ab5-b6ba-5e02-9560-f89bd35b575c,2023,ANDRETTI,29,15,C,-0.0899331837401284,161.5,S6_IND,INSUFFICIENT_TEAM_CONTEXT,0,,,,,,,
f10d3a91-6f0d-59f0-9ea9-4db5cf6e44b9__TO__ab6f7ab5-b6ba-5e02-9560-f89bd35b575c,2023,ANDRETTI,29,15,C,-0.0899331837401284,161.5,S4,INSUFFICIENT_TEAM_CONTEXT,0,,,,,,,
f10d3a91-6f0d-59f0-9ea9-4db5cf6e44b9__TO__ab6f7ab5-b6ba-5e02-9560-f89bd35b575c,2023,ANDRETTI,29,30,C,-0.0899331837401284,161.5,S6,INSUFFICIENT_TEAM_CONTEXT,0,,,,,,,
f10d3a91-6f0d-59f0-9ea9-4db5cf6e44b9__TO__ab6f7ab5-b6ba-5e02-9560-f89bd35b575c,2023,ANDRETTI,29,30,C,-0.0899331837401284,161.5,S6_IND,INSUFFICIENT_TEAM_CONTEXT,0,,,,,,,
f10d3a91-6f0d-59f0-9ea9-4db5cf6e44b9__TO__ab6f7ab5-b6ba-5e02-9560-f89bd35b575c,2023,ANDRETTI,29,30,C,-0.0899331837401284,161.5,S4,INSUFFICIENT_TEAM_CONTEXT,0,,,,,,,
f10d3a91-6f0d-59f0-9ea9-4db5cf6e44b9__TO__ab6f7ab5-b6ba-5e02-9560-f89bd35b575c,2023,ANDRETTI,29,45,C,-0.0899331837401284,161.5,S6,INSUFFICIENT_TEAM_CONTEXT,0,,,,,,,
f10d3a91-6f0d-59f0-9ea9-4db5cf6e44b9__TO__ab6f7ab5-b6ba-5e02-9560-f89bd35b575c,2023,ANDRETTI,29,45,C,-0.0899331837401284,161.5,S6_IND,INSUFFICIENT_TEAM_CONTEXT,0,,,,,,,
f10d3a91-6f0d-59f0-9ea9-4db5cf6e44b9__TO__ab6f7ab5-b6ba-5e02-9560-f89bd35b575c,2023,ANDRETTI,29,45,C,-0.0899331837401284,161.5,S4,INSUFFICIENT_TEAM_CONTEXT,0,,,,,,,
f10d3a91-6f0d-59f0-9ea9-4db5cf6e44b9__TO__ab6f7ab5-b6ba-5e02-9560-f89bd35b575c,2023,ANDRETTI,29,60,C,-0.0899331837401284,161.5,S6,INSUFFICIENT_TEAM_CONTEXT,0,,,,,,,
f10d3a91-6f0d-59f0-9ea9-4db5cf6e44b9__TO__ab6f7ab5-b6ba-5e02-9560-f89bd35b575c,2023,ANDRETTI,29,60,C,-0.0899331837401284,161.5,S6_IND,INSUFFICIENT_TEAM_CONTEXT,0,,,,,,,
f10d3a91-6f0d-59f0-9ea9-4db5cf6e44b9__TO__ab6f7ab5-b6ba-5e02-9560-f89bd35b575c,2023,ANDRETTI,29,60,C,-0.0899331837401284,161.5,S4,INSUFFICIENT_TEAM_CONTEXT,0,,,,,,,
f10d3a91-6f0d-59f0-9ea9-4db5cf6e44b9__TO__ab6f7ab5-b6ba-5e02-9560-f89bd35b575c,2023,ANDRETTI,29,INTERVAL,C,-0.0899331837401284,161.5,S6,INSUFFICIENT_TEAM_CONTEXT,0,,,,,,,
f10d3a91-6f0d-59f0-9ea9-4db5cf6e44b9__TO__ab6f7ab5-b6ba-5e02-9560-f89bd35b575c,2023,ANDRETTI,29,INTERVAL,C,-0.0899331837401284,161.5,S6_IND,INSUFFICIENT_TEAM_CONTEXT,0,,,,,,,
f10d3a91-6f0d-59f0-9ea9-4db5cf6e44b9__TO__ab6f7ab5-b6ba-5e02-9560-f89bd35b575c,2023,ANDRETTI,29,INTERVAL,C,-0.0899331837401284,161.5,S4,INSUFFICIENT_TEAM_CONTEXT,0,,,,,,,
04dd64f3-9175-537b-b611-47d98856e4b7__TO__2b14c17d-769c-504e-819b-55270bb93b13,2023,ED_CARPENTER_RACING,33,15,C,-0.2684545119426474,200.6,S6,INSUFFICIENT_TEAM_CONTEXT,0,,,,,,,
04dd64f3-9175-537b-b611-47d98856e4b7__TO__2b14c17d-769c-504e-819b-55270bb93b13,2023,ED_CARPENTER_RACING,33,15,C,-0.2684545119426474,200.6,S6_IND,INSUFFICIENT_TEAM_CONTEXT,0,,,,,,,
04dd64f3-9175-537b-b611-47d98856e4b7__TO__2b14c17d-769c-504e-819b-55270bb93b13,2023,ED_CARPENTER_RACING,33,15,C,-0.2684545119426474,200.6,S4,INSUFFICIENT_TEAM_CONTEXT,0,,,,,,,
04dd64f3-9175-537b-b611-47d98856e4b7__TO__2b14c17d-769c-504e-819b-55270bb93b13,2023,ED_CARPENTER_RACING,33,30,C,-0.2684545119426474,200.6,S6,INSUFFICIENT_TEAM_CONTEXT,0,,,,,,,
04dd64f3-9175-537b-b611-47d98856e4b7__TO__2b14c17d-769c-504e-819b-55270bb93b13,2023,ED_CARPENTER_RACING,33,30,C,-0.2684545119426474,200.6,S6_IND,INSUFFICIENT_TEAM_CONTEXT,0,,,,,,,
04dd64f3-9175-537b-b611-47d98856e4b7__TO__2b14c17d-769c-504e-819b-55270bb93b13,2023,ED_CARPENTER_RACING,33,30,C,-0.2684545119426474,200.6,S4,INSUFFICIENT_TEAM_CONTEXT,0,,,,,,,
04dd64f3-9175-537b-b611-47d98856e4b7__TO__2b14c17d-769c-504e-819b-55270bb93b13,2023,ED_CARPENTER_RACING,33,45,C,-0.2684545119426474,200.6,S6,INSUFFICIENT_TEAM_CONTEXT,0,,,,,,,
04dd64f3-9175-537b-b611-47d98856e4b7__TO__2b14c17d-769c-504e-819b-55270bb93b13,2023,ED_CARPENTER_RACING,33,45,C,-0.2684545119426474,200.6,S6_IND,INSUFFICIENT_TEAM_CONTEXT,0,,,,,,,
04dd64f3-9175-537b-b611-47d98856e4b7__TO__2b14c17d-769c-504e-819b-55270bb93b13,2023,ED_CARPENTER_RACING,33,45,C,-0.2684545119426474,200.6,S4,INSUFFICIENT_TEAM_CONTEXT,0,,,,,,,
04dd64f3-9175-537b-b611-47d98856e4b7__TO__2b14c17d-769c-504e-819b-55270bb93b13,2023,ED_CARPENTER_RACING,33,60,C,-0.2684545119426474,200.6,S6,INSUFFICIENT_TEAM_CONTEXT,0,,,,,,,
04dd64f3-9175-537b-b611-47d98856e4b7__TO__2b14c17d-769c-504e-819b-55270bb93b13,2023,ED_CARPENTER_RACING,33,60,C,-0.2684545119426474,200.6,S6_IND,INSUFFICIENT_TEAM_CONTEXT,0,,,,,,,
04dd64f3-9175-537b-b611-47d98856e4b7__TO__2b14c17d-769c-504e-819b-55270bb93b13,2023,ED_CARPENTER_RACING,33,60,C,-0.2684545119426474,200.6,S4,INSUFFICIENT_TEAM_CONTEXT,0,,,,,,,
04dd64f3-9175-537b-b611-47d98856e4b7__TO__2b14c17d-769c-504e-819b-55270bb93b13,2023,ED_CARPENTER_RACING,33,INTERVAL,C,-0.2684545119426474,200.6,S6,INSUFFICIENT_TEAM_CONTEXT,0,,,,,,,
04dd64f3-9175-537b-b611-47d98856e4b7__TO__2b14c17d-769c-504e-819b-55270bb93b13,2023,ED_CARPENTER_RACING,33,INTERVAL,C,-0.2684545119426474,200.6,S6_IND,INSUFFICIENT_TEAM_CONTEXT,0,,,,,,,
04dd64f3-9175-537b-b611-47d98856e4b7__TO__2b14c17d-769c-504e-819b-55270bb93b13,2023,ED_CARPENTER_RACING,33,INTERVAL,C,-0.2684545119426474,200.6,S4,INSUFFICIENT_TEAM_CONTEXT,0,,,,,,,
2b14c17d-769c-504e-819b-55270bb93b13__TO__55035890-97e8-57a3-a2e1-4845f4b05eb9,2023,ED_CARPENTER_RACING,33,15,D,0.2590093703912734,81.68333333333334,S6,INSUFFICIENT_TEAM_CONTEXT,0,,,,,,,
2b14c17d-769c-504e-819b-55270bb93b13__TO__55035890-97e8-57a3-a2e1-4845f4b05eb9,2023,ED_CARPENTER_RACING,33,15,D,0.2590093703912734,81.68333333333334,S6_IND,INSUFFICIENT_TEAM_CONTEXT,0,,,,,,,
2b14c17d-769c-504e-819b-55270bb93b13__TO__55035890-97e8-57a3-a2e1-4845f4b05eb9,2023,ED_CARPENTER_RACING,33,15,D,0.2590093703912734,81.68333333333334,S4,INSUFFICIENT_TEAM_CONTEXT,0,,,,,,,
2b14c17d-769c-504e-819b-55270bb93b13__TO__55035890-97e8-57a3-a2e1-4845f4b05eb9,2023,ED_CARPENTER_RACING,33,30,D,0.2590093703912734,81.68333333333334,S6,INSUFFICIENT_TEAM_CONTEXT,0,,,,,,,
2b14c17d-769c-504e-819b-55270bb93b13__TO__55035890-97e8-57a3-a2e1-4845f4b05eb9,2023,ED_CARPENTER_RACING,33,30,D,0.2590093703912734,81.68333333333334,S6_IND,INSUFFICIENT_TEAM_CONTEXT,0,,,,,,,
2b14c17d-769c-504e-819b-55270bb93b13__TO__55035890-97e8-57a3-a2e1-4845f4b05eb9,2023,ED_CARPENTER_RACING,33,30,D,0.2590093703912734,81.68333333333334,S4,INSUFFICIENT_TEAM_CONTEXT,0,,,,,,,
2b14c17d-769c-504e-819b-55270bb93b13__TO__55035890-97e8-57a3-a2e1-4845f4b05eb9,2023,ED_CARPENTER_RACING,33,45,D,0.2590093703912734,81.68333333333334,S6,INSUFFICIENT_TEAM_CONTEXT,0,,,,,,,
2b14c17d-769c-504e-819b-55270bb93b13__TO__55035890-97e8-57a3-a2e1-4845f4b05eb9,2023,ED_CARPENTER_RACING,33,45,D,0.2590093703912734,81.68333333333334,S6_IND,INSUFFICIENT_TEAM_CONTEXT,0,,,,,,,
2b14c17d-769c-504e-819b-55270bb93b13__TO__55035890-97e8-57a3-a2e1-4845f4b05eb9,2023,ED_CARPENTER_RACING,33,45,D,0.2590093703912734,81.68333333333334,S4,INSUFFICIENT_TEAM_CONTEXT,0,,,,,,,
2b14c17d-769c-504e-819b-55270bb93b13__TO__55035890-97e8-57a3-a2e1-4845f4b05eb9,2023,ED_CARPENTER_RACING,33,60,D,0.2590093703912734,81.68333333333334,S6,INSUFFICIENT_TEAM_CONTEXT,0,,,,,,,
2b14c17d-769c-504e-819b-55270bb93b13__TO__55035890-97e8-57a3-a2e1-4845f4b05eb9,2023,ED_CARPENTER_RACING,33,60,D,0.2590093703912734,81.68333333333334,S6_IND,INSUFFICIENT_TEAM_CONTEXT,0,,,,,,,
2b14c17d-769c-504e-819b-55270bb93b13__TO__55035890-97e8-57a3-a2e1-4845f4b05eb9,2023,ED_CARPENTER_RACING,33,60,D,0.2590093703912734,81.68333333333334,S4,INSUFFICIENT_TEAM_CONTEXT,0,,,,,,,
2b14c17d-769c-504e-819b-55270bb93b13__TO__55035890-97e8-57a3-a2e1-4845f4b05eb9,2023,ED_CARPENTER_RACING,33,INTERVAL,D,0.2590093703912734,81.68333333333334,S6,INSUFFICIENT_TEAM_CONTEXT,0,,,,,,,
2b14c17d-769c-504e-819b-55270bb93b13__TO__55035890-97e8-57a3-a2e1-4845f4b05eb9,2023,ED_CARPENTER_RACING,33,INTERVAL,D,0.2590093703912734,81.68333333333334,S6_IND,INSUFFICIENT_TEAM_CONTEXT,0,,,,,,,
2b14c17d-769c-504e-819b-55270bb93b13__TO__55035890-97e8-57a3-a2e1-4845f4b05eb9,2023,ED_CARPENTER_RACING,33,INTERVAL,D,0.2590093703912734,81.68333333333334,S4,INSUFFICIENT_TEAM_CONTEXT,0,,,,,,,
09f4cf1e-3fb8-5bfc-808c-b733eb495b54__TO__fdb7fb74-bf21-54a6-8668-36c035e40628,2023,ARROW_MCLAREN_SPM,66,15,C,0.007135703606276,177.88333333333333,S6,INSUFFICIENT_TEAM_CONTEXT,0,,,,,,,
09f4cf1e-3fb8-5bfc-808c-b733eb495b54__TO__fdb7fb74-bf21-54a6-8668-36c035e40628,2023,ARROW_MCLAREN_SPM,66,15,C,0.007135703606276,177.88333333333333,S6_IND,INSUFFICIENT_TEAM_CONTEXT,0,,,,,,,
09f4cf1e-3fb8-5bfc-808c-b733eb495b54__TO__fdb7fb74-bf21-54a6-8668-36c035e40628,2023,ARROW_MCLAREN_SPM,66,15,C,0.007135703606276,177.88333333333333,S4,INSUFFICIENT_TEAM_CONTEXT,0,,,,,,,
09f4cf1e-3fb8-5bfc-808c-b733eb495b54__TO__fdb7fb74-bf21-54a6-8668-36c035e40628,2023,ARROW_MCLAREN_SPM,66,30,C,0.007135703606276,177.88333333333333,S6,INSUFFICIENT_TEAM_CONTEXT,0,,,,,,,
09f4cf1e-3fb8-5bfc-808c-b733eb495b54__TO__fdb7fb74-bf21-54a6-8668-36c035e40628,2023,ARROW_MCLAREN_SPM,66,30,C,0.007135703606276,177.88333333333333,S6_IND,INSUFFICIENT_TEAM_CONTEXT,0,,,,,,,
09f4cf1e-3fb8-5bfc-808c-b733eb495b54__TO__fdb7fb74-bf21-54a6-8668-36c035e40628,2023,ARROW_MCLAREN_SPM,66,30,C,0.007135703606276,177.88333333333333,S4,INSUFFICIENT_TEAM_CONTEXT,0,,,,,,,
09f4cf1e-3fb8-5bfc-808c-b733eb495b54__TO__fdb7fb74-bf21-54a6-8668-36c035e40628,2023,ARROW_MCLAREN_SPM,66,45,C,0.007135703606276,177.88333333333333,S6,INSUFFICIENT_TEAM_CONTEXT,0,,,,,,,
09f4cf1e-3fb8-5bfc-808c-b733eb495b54__TO__fdb7fb74-bf21-54a6-8668-36c035e40628,2023,ARROW_MCLAREN_SPM,66,45,C,0.007135703606276,177.88333333333333,S6_IND,INSUFFICIENT_TEAM_CONTEXT,0,,,,,,,
09f4cf1e-3fb8-5bfc-808c-b733eb495b54__TO__fdb7fb74-bf21-54a6-8668-36c035e40628,2023,ARROW_MCLAREN_SPM,66,45,C,0.007135703606276,177.88333333333333,S4,INSUFFICIENT_TEAM_CONTEXT,0,,,,,,,
09f4cf1e-3fb8-5bfc-808c-b733eb495b54__TO__fdb7fb74-bf21-54a6-8668-36c035e40628,2023,ARROW_MCLAREN_SPM,66,60,C,0.007135703606276,177.88333333333333,S6,INSUFFICIENT_TEAM_CONTEXT,0,,,,,,,
09f4cf1e-3fb8-5bfc-808c-b733eb495b54__TO__fdb7fb74-bf21-54a6-8668-36c035e40628,2023,ARROW_MCLAREN_SPM,66,60,C,0.007135703606276,177.88333333333333,S6_IND,INSUFFICIENT_TEAM_CONTEXT,0,,,,,,,
09f4cf1e-3fb8-5bfc-808c-b733eb495b54__TO__fdb7fb74-bf21-54a6-8668-36c035e40628,2023,ARROW_MCLAREN_SPM,66,60,C,0.007135703606276,177.88333333333333,S4,INSUFFICIENT_TEAM_CONTEXT,0,,,,,,,
09f4cf1e-3fb8-5bfc-808c-b733eb495b54__TO__fdb7fb74-bf21-54a6-8668-36c035e40628,2023,ARROW_MCLAREN_SPM,66,INTERVAL,C,0.007135703606276,177.88333333333333,S6,INSUFFICIENT_TEAM_CONTEXT,0,,,,,,,
09f4cf1e-3fb8-5bfc-808c-b733eb495b54__TO__fdb7fb74-bf21-54a6-8668-36c035e40628,2023,ARROW_MCLAREN_SPM,66,INTERVAL,C,0.007135703606276,177.88333333333333,S6_IND,INSUFFICIENT_TEAM_CONTEXT,0,,,,,,,
09f4cf1e-3fb8-5bfc-808c-b733eb495b54__TO__fdb7fb74-bf21-54a6-8668-36c035e40628,2023,ARROW_MCLAREN_SPM,66,INTERVAL,C,0.007135703606276,177.88333333333333,S4,INSUFFICIENT_TEAM_CONTEXT,0,,,,,,,
fdb7fb74-bf21-54a6-8668-36c035e40628__TO__d1af19f4-254b-5058-b545-543906d4584e,2023,ARROW_MCLAREN_SPM,66,15,C,0.8483272768170506,95.1,S6,INSUFFICIENT_TEAM_CONTEXT,0,,,,,,,
fdb7fb74-bf21-54a6-8668-36c035e40628__TO__d1af19f4-254b-5058-b545-543906d4584e,2023,ARROW_MCLAREN_SPM,66,15,C,0.8483272768170506,95.1,S6_IND,INSUFFICIENT_TEAM_CONTEXT,0,,,,,,,
fdb7fb74-bf21-54a6-8668-36c035e40628__TO__d1af19f4-254b-5058-b545-543906d4584e,2023,ARROW_MCLAREN_SPM,66,15,C,0.8483272768170506,95.1,S4,INSUFFICIENT_TEAM_CONTEXT,0,,,,,,,
fdb7fb74-bf21-54a6-8668-36c035e40628__TO__d1af19f4-254b-5058-b545-543906d4584e,2023,ARROW_MCLAREN_SPM,66,30,C,0.8483272768170506,95.1,S6,INSUFFICIENT_TEAM_CONTEXT,0,,,,,,,
fdb7fb74-bf21-54a6-8668-36c035e40628__TO__d1af19f4-254b-5058-b545-543906d4584e,2023,ARROW_MCLAREN_SPM,66,30,C,0.8483272768170506,95.1,S6_IND,INSUFFICIENT_TEAM_CONTEXT,0,,,,,,,
fdb7fb74-bf21-54a6-8668-36c035e40628__TO__d1af19f4-254b-5058-b545-543906d4584e,2023,ARROW_MCLAREN_SPM,66,30,C,0.8483272768170506,95.1,S4,INSUFFICIENT_TEAM_CONTEXT,0,,,,,,,
fdb7fb74-bf21-54a6-8668-36c035e40628__TO__d1af19f4-254b-5058-b545-543906d4584e,2023,ARROW_MCLAREN_SPM,66,45,C,0.8483272768170506,95.1,S6,INSUFFICIENT_TEAM_CONTEXT,0,,,,,,,
fdb7fb74-bf21-54a6-8668-36c035e40628__TO__d1af19f4-254b-5058-b545-543906d4584e,2023,ARROW_MCLAREN_SPM,66,45,C,0.8483272768170506,95.1,S6_IND,INSUFFICIENT_TEAM_CONTEXT,0,,,,,,,
fdb7fb74-bf21-54a6-8668-36c035e40628__TO__d1af19f4-254b-5058-b545-543906d4584e,2023,ARROW_MCLAREN_SPM,66,45,C,0.8483272768170506,95.1,S4,INSUFFICIENT_TEAM_CONTEXT,0,,,,,,,
fdb7fb74-bf21-54a6-8668-36c035e40628__TO__d1af19f4-254b-5058-b545-543906d4584e,2023,ARROW_MCLAREN_SPM,66,60,C,0.8483272768170506,95.1,S6,INSUFFICIENT_TEAM_CONTEXT,0,,,,,,,
fdb7fb74-bf21-54a6-8668-36c035e40628__TO__d1af19f4-254b-5058-b545-543906d4584e,2023,ARROW_MCLAREN_SPM,66,60,C,0.8483272768170506,95.1,S6_IND,INSUFFICIENT_TEAM_CONTEXT,0,,,,,,,
fdb7fb74-bf21-54a6-8668-36c035e40628__TO__d1af19f4-254b-5058-b545-543906d4584e,2023,ARROW_MCLAREN_SPM,66,60,C,0.8483272768170506,95.1,S4,INSUFFICIENT_TEAM_CONTEXT,0,,,,,,,
fdb7fb74-bf21-54a6-8668-36c035e40628__TO__d1af19f4-254b-5058-b545-543906d4584e,2023,ARROW_MCLAREN_SPM,66,INTERVAL,D,0.8483272768170506,95.1,S6,INSUFFICIENT_TEAM_CONTEXT,0,,,,,,,
fdb7fb74-bf21-54a6-8668-36c035e40628__TO__d1af19f4-254b-5058-b545-543906d4584e,2023,ARROW_MCLAREN_SPM,66,INTERVAL,D,0.8483272768170506,95.1,S6_IND,INSUFFICIENT_TEAM_CONTEXT,0,,,,,,,
fdb7fb74-bf21-54a6-8668-36c035e40628__TO__d1af19f4-254b-5058-b545-543906d4584e,2023,ARROW_MCLAREN_SPM,66,INTERVAL,D,0.8483272768170506,95.1,S4,INSUFFICIENT_TEAM_CONTEXT,0,,,,,,,
f7e8b948-2fd0-5183-971b-aaea5c66c226__TO__333cf68d-54d9-5559-ac70-c73c27086892,2023,JUNCOS_HOLLINGER_RACING,77,15,D,3.4717978829754856,123.3,S6,INSUFFICIENT_TEAM_CONTEXT,0,,,,,,,
f7e8b948-2fd0-5183-971b-aaea5c66c226__TO__333cf68d-54d9-5559-ac70-c73c27086892,2023,JUNCOS_HOLLINGER_RACING,77,15,D,3.4717978829754856,123.3,S6_IND,INSUFFICIENT_TEAM_CONTEXT,0,,,,,,,
f7e8b948-2fd0-5183-971b-aaea5c66c226__TO__333cf68d-54d9-5559-ac70-c73c27086892,2023,JUNCOS_HOLLINGER_RACING,77,15,D,3.4717978829754856,123.3,S4,INSUFFICIENT_TEAM_CONTEXT,0,,,,,,,
f7e8b948-2fd0-5183-971b-aaea5c66c226__TO__333cf68d-54d9-5559-ac70-c73c27086892,2023,JUNCOS_HOLLINGER_RACING,77,30,D,3.4717978829754856,123.3,S6,INSUFFICIENT_TEAM_CONTEXT,0,,,,,,,
f7e8b948-2fd0-5183-971b-aaea5c66c226__TO__333cf68d-54d9-5559-ac70-c73c27086892,2023,JUNCOS_HOLLINGER_RACING,77,30,D,3.4717978829754856,123.3,S6_IND,INSUFFICIENT_TEAM_CONTEXT,0,,,,,,,
f7e8b948-2fd0-5183-971b-aaea5c66c226__TO__333cf68d-54d9-5559-ac70-c73c27086892,2023,JUNCOS_HOLLINGER_RACING,77,30,D,3.4717978829754856,123.3,S4,INSUFFICIENT_TEAM_CONTEXT,0,,,,,,,
f7e8b948-2fd0-5183-971b-aaea5c66c226__TO__333cf68d-54d9-5559-ac70-c73c27086892,2023,JUNCOS_HOLLINGER_RACING,77,45,D,3.4717978829754856,123.3,S6,INSUFFICIENT_TEAM_CONTEXT,0,,,,,,,
f7e8b948-2fd0-5183-971b-aaea5c66c226__TO__333cf68d-54d9-5559-ac70-c73c27086892,2023,JUNCOS_HOLLINGER_RACING,77,45,D,3.4717978829754856,123.3,S6_IND,INSUFFICIENT_TEAM_CONTEXT,0,,,,,,,
f7e8b948-2fd0-5183-971b-aaea5c66c226__TO__333cf68d-54d9-5559-ac70-c73c27086892,2023,JUNCOS_HOLLINGER_RACING,77,45,D,3.4717978829754856,123.3,S4,INSUFFICIENT_TEAM_CONTEXT,0,,,,,,,
f7e8b948-2fd0-5183-971b-aaea5c66c226__TO__333cf68d-54d9-5559-ac70-c73c27086892,2023,JUNCOS_HOLLINGER_RACING,77,60,D,3.4717978829754856,123.3,S6,INSUFFICIENT_TEAM_CONTEXT,0,,,,,,,
f7e8b948-2fd0-5183-971b-aaea5c66c226__TO__333cf68d-54d9-5559-ac70-c73c27086892,2023,JUNCOS_HOLLINGER_RACING,77,60,D,3.4717978829754856,123.3,S6_IND,INSUFFICIENT_TEAM_CONTEXT,0,,,,,,,
f7e8b948-2fd0-5183-971b-aaea5c66c226__TO__333cf68d-54d9-5559-ac70-c73c27086892,2023,JUNCOS_HOLLINGER_RACING,77,60,D,3.4717978829754856,123.3,S4,INSUFFICIENT_TEAM_CONTEXT,0,,,,,,,
f7e8b948-2fd0-5183-971b-aaea5c66c226__TO__333cf68d-54d9-5559-ac70-c73c27086892,2023,JUNCOS_HOLLINGER_RACING,77,INTERVAL,D,3.4717978829754856,123.3,S6,INSUFFICIENT_TEAM_CONTEXT,0,,,,,,,
f7e8b948-2fd0-5183-971b-aaea5c66c226__TO__333cf68d-54d9-5559-ac70-c73c27086892,2023,JUNCOS_HOLLINGER_RACING,77,INTERVAL,D,3.4717978829754856,123.3,S6_IND,INSUFFICIENT_TEAM_CONTEXT,0,,,,,,,
f7e8b948-2fd0-5183-971b-aaea5c66c226__TO__333cf68d-54d9-5559-ac70-c73c27086892,2023,JUNCOS_HOLLINGER_RACING,77,INTERVAL,D,3.4717978829754856,123.3,S4,INSUFFICIENT_TEAM_CONTEXT,0,,,,,,,
67f2af5c-ca4c-55e7-8c2a-5361873b43cc__TO__fce06089-154b-512e-a547-fd144ec0961c,2023,CHIP_GANASSI_RACING,8,15,C,-0.4038893212032587,169.73333333333332,S6,INSUFFICIENT_TEAM_CONTEXT,0,,,,,,,
67f2af5c-ca4c-55e7-8c2a-5361873b43cc__TO__fce06089-154b-512e-a547-fd144ec0961c,2023,CHIP_GANASSI_RACING,8,15,C,-0.4038893212032587,169.73333333333332,S6_IND,INSUFFICIENT_TEAM_CONTEXT,0,,,,,,,
67f2af5c-ca4c-55e7-8c2a-5361873b43cc__TO__fce06089-154b-512e-a547-fd144ec0961c,2023,CHIP_GANASSI_RACING,8,15,C,-0.4038893212032587,169.73333333333332,S4,INSUFFICIENT_TEAM_CONTEXT,0,,,,,,,
67f2af5c-ca4c-55e7-8c2a-5361873b43cc__TO__fce06089-154b-512e-a547-fd144ec0961c,2023,CHIP_GANASSI_RACING,8,30,C,-0.4038893212032587,169.73333333333332,S6,INSUFFICIENT_TEAM_CONTEXT,0,,,,,,,
67f2af5c-ca4c-55e7-8c2a-5361873b43cc__TO__fce06089-154b-512e-a547-fd144ec0961c,2023,CHIP_GANASSI_RACING,8,30,C,-0.4038893212032587,169.73333333333332,S6_IND,INSUFFICIENT_TEAM_CONTEXT,0,,,,,,,
67f2af5c-ca4c-55e7-8c2a-5361873b43cc__TO__fce06089-154b-512e-a547-fd144ec0961c,2023,CHIP_GANASSI_RACING,8,30,C,-0.4038893212032587,169.73333333333332,S4,INSUFFICIENT_TEAM_CONTEXT,0,,,,,,,
67f2af5c-ca4c-55e7-8c2a-5361873b43cc__TO__fce06089-154b-512e-a547-fd144ec0961c,2023,CHIP_GANASSI_RACING,8,45,C,-0.4038893212032587,169.73333333333332,S6,INSUFFICIENT_TEAM_CONTEXT,0,,,,,,,
67f2af5c-ca4c-55e7-8c2a-5361873b43cc__TO__fce06089-154b-512e-a547-fd144ec0961c,2023,CHIP_GANASSI_RACING,8,45,C,-0.4038893212032587,169.73333333333332,S6_IND,INSUFFICIENT_TEAM_CONTEXT,0,,,,,,,
67f2af5c-ca4c-55e7-8c2a-5361873b43cc__TO__fce06089-154b-512e-a547-fd144ec0961c,2023,CHIP_GANASSI_RACING,8,45,C,-0.4038893212032587,169.73333333333332,S4,INSUFFICIENT_TEAM_CONTEXT,0,,,,,,,
67f2af5c-ca4c-55e7-8c2a-5361873b43cc__TO__fce06089-154b-512e-a547-fd144ec0961c,2023,CHIP_GANASSI_RACING,8,60,C,-0.4038893212032587,169.73333333333332,S6,INSUFFICIENT_TEAM_CONTEXT,0,,,,,,,
67f2af5c-ca4c-55e7-8c2a-5361873b43cc__TO__fce06089-154b-512e-a547-fd144ec0961c,2023,CHIP_GANASSI_RACING,8,60,C,-0.4038893212032587,169.73333333333332,S6_IND,INSUFFICIENT_TEAM_CONTEXT,0,,,,,,,
67f2af5c-ca4c-55e7-8c2a-5361873b43cc__TO__fce06089-154b-512e-a547-fd144ec0961c,2023,CHIP_GANASSI_RACING,8,60,C,-0.4038893212032587,169.73333333333332,S4,INSUFFICIENT_TEAM_CONTEXT,0,,,,,,,
67f2af5c-ca4c-55e7-8c2a-5361873b43cc__TO__fce06089-154b-512e-a547-fd144ec0961c,2023,CHIP_GANASSI_RACING,8,INTERVAL,C,-0.4038893212032587,169.73333333333332,S6,INSUFFICIENT_TEAM_CONTEXT,0,,,,,,,
67f2af5c-ca4c-55e7-8c2a-5361873b43cc__TO__fce06089-154b-512e-a547-fd144ec0961c,2023,CHIP_GANASSI_RACING,8,INTERVAL,C,-0.4038893212032587,169.73333333333332,S6_IND,INSUFFICIENT_TEAM_CONTEXT,0,,,,,,,
67f2af5c-ca4c-55e7-8c2a-5361873b43cc__TO__fce06089-154b-512e-a547-fd144ec0961c,2023,CHIP_GANASSI_RACING,8,INTERVAL,C,-0.4038893212032587,169.73333333333332,S4,INSUFFICIENT_TEAM_CONTEXT,0,,,,,,,
fce06089-154b-512e-a547-fd144ec0961c__TO__79d389ee-b055-582a-8985-c09472aa4d69,2023,CHIP_GANASSI_RACING,8,15,C,0.5562049511723841,103.78333333333333,S6,INSUFFICIENT_TEAM_CONTEXT,0,,,,,,,
fce06089-154b-512e-a547-fd144ec0961c__TO__79d389ee-b055-582a-8985-c09472aa4d69,2023,CHIP_GANASSI_RACING,8,15,C,0.5562049511723841,103.78333333333333,S6_IND,INSUFFICIENT_TEAM_CONTEXT,0,,,,,,,
fce06089-154b-512e-a547-fd144ec0961c__TO__79d389ee-b055-582a-8985-c09472aa4d69,2023,CHIP_GANASSI_RACING,8,15,C,0.5562049511723841,103.78333333333333,S4,INSUFFICIENT_TEAM_CONTEXT,0,,,,,,,
fce06089-154b-512e-a547-fd144ec0961c__TO__79d389ee-b055-582a-8985-c09472aa4d69,2023,CHIP_GANASSI_RACING,8,30,C,0.5562049511723841,103.78333333333333,S6,INSUFFICIENT_TEAM_CONTEXT,0,,,,,,,
fce06089-154b-512e-a547-fd144ec0961c__TO__79d389ee-b055-582a-8985-c09472aa4d69,2023,CHIP_GANASSI_RACING,8,30,C,0.5562049511723841,103.78333333333333,S6_IND,INSUFFICIENT_TEAM_CONTEXT,0,,,,,,,
fce06089-154b-512e-a547-fd144ec0961c__TO__79d389ee-b055-582a-8985-c09472aa4d69,2023,CHIP_GANASSI_RACING,8,30,C,0.5562049511723841,103.78333333333333,S4,INSUFFICIENT_TEAM_CONTEXT,0,,,,,,,
fce06089-154b-512e-a547-fd144ec0961c__TO__79d389ee-b055-582a-8985-c09472aa4d69,2023,CHIP_GANASSI_RACING,8,45,C,0.5562049511723841,103.78333333333333,S6,INSUFFICIENT_TEAM_CONTEXT,0,,,,,,,
fce06089-154b-512e-a547-fd144ec0961c__TO__79d389ee-b055-582a-8985-c09472aa4d69,2023,CHIP_GANASSI_RACING,8,45,C,0.5562049511723841,103.78333333333333,S6_IND,INSUFFICIENT_TEAM_CONTEXT,0,,,,,,,
fce06089-154b-512e-a547-fd144ec0961c__TO__79d389ee-b055-582a-8985-c09472aa4d69,2023,CHIP_GANASSI_RACING,8,45,C,0.5562049511723841,103.78333333333333,S4,INSUFFICIENT_TEAM_CONTEXT,0,,,,,,,
fce06089-154b-512e-a547-fd144ec0961c__TO__79d389ee-b055-582a-8985-c09472aa4d69,2023,CHIP_GANASSI_RACING,8,60,C,0.5562049511723841,103.78333333333333,S6,INSUFFICIENT_TEAM_CONTEXT,0,,,,,,,
fce06089-154b-512e-a547-fd144ec0961c__TO__79d389ee-b055-582a-8985-c09472aa4d69,2023,CHIP_GANASSI_RACING,8,60,C,0.5562049511723841,103.78333333333333,S6_IND,INSUFFICIENT_TEAM_CONTEXT,0,,,,,,,
fce06089-154b-512e-a547-fd144ec0961c__TO__79d389ee-b055-582a-8985-c09472aa4d69,2023,CHIP_GANASSI_RACING,8,60,C,0.5562049511723841,103.78333333333333,S4,INSUFFICIENT_TEAM_CONTEXT,0,,,,,,,
fce06089-154b-512e-a547-fd144ec0961c__TO__79d389ee-b055-582a-8985-c09472aa4d69,2023,CHIP_GANASSI_RACING,8,INTERVAL,C,0.5562049511723841,103.78333333333333,S6,INSUFFICIENT_TEAM_CONTEXT,0,,,,,,,
fce06089-154b-512e-a547-fd144ec0961c__TO__79d389ee-b055-582a-8985-c09472aa4d69,2023,CHIP_GANASSI_RACING,8,INTERVAL,C,0.5562049511723841,103.78333333333333,S6_IND,INSUFFICIENT_TEAM_CONTEXT,0,,,,,,,
fce06089-154b-512e-a547-fd144ec0961c__TO__79d389ee-b055-582a-8985-c09472aa4d69,2023,CHIP_GANASSI_RACING,8,INTERVAL,C,0.5562049511723841,103.78333333333333,S4,INSUFFICIENT_TEAM_CONTEXT,0,,,,,,,
ad6c40ac-4389-5426-b8e5-1d130ac9da81__TO__3a0bcd66-fa08-5944-bf0b-5ec6c5a10f91,2023,CHIP_GANASSI_RACING,9,15,C,0.3074891859163693,209.93333333333334,S6,INSUFFICIENT_TEAM_CONTEXT,0,,,,,,,
ad6c40ac-4389-5426-b8e5-1d130ac9da81__TO__3a0bcd66-fa08-5944-bf0b-5ec6c5a10f91,2023,CHIP_GANASSI_RACING,9,15,C,0.3074891859163693,209.93333333333334,S6_IND,INSUFFICIENT_TEAM_CONTEXT,0,,,,,,,
ad6c40ac-4389-5426-b8e5-1d130ac9da81__TO__3a0bcd66-fa08-5944-bf0b-5ec6c5a10f91,2023,CHIP_GANASSI_RACING,9,15,C,0.3074891859163693,209.93333333333334,S4,INSUFFICIENT_TEAM_CONTEXT,0,,,,,,,
ad6c40ac-4389-5426-b8e5-1d130ac9da81__TO__3a0bcd66-fa08-5944-bf0b-5ec6c5a10f91,2023,CHIP_GANASSI_RACING,9,30,C,0.3074891859163693,209.93333333333334,S6,INSUFFICIENT_TEAM_CONTEXT,0,,,,,,,
ad6c40ac-4389-5426-b8e5-1d130ac9da81__TO__3a0bcd66-fa08-5944-bf0b-5ec6c5a10f91,2023,CHIP_GANASSI_RACING,9,30,C,0.3074891859163693,209.93333333333334,S6_IND,INSUFFICIENT_TEAM_CONTEXT,0,,,,,,,
ad6c40ac-4389-5426-b8e5-1d130ac9da81__TO__3a0bcd66-fa08-5944-bf0b-5ec6c5a10f91,2023,CHIP_GANASSI_RACING,9,30,C,0.3074891859163693,209.93333333333334,S4,INSUFFICIENT_TEAM_CONTEXT,0,,,,,,,
ad6c40ac-4389-5426-b8e5-1d130ac9da81__TO__3a0bcd66-fa08-5944-bf0b-5ec6c5a10f91,2023,CHIP_GANASSI_RACING,9,45,B,0.3074891859163693,209.93333333333334,S6,MIXED_TEAM_CONTEXT,2,False,-0.0025324355753068017,0.3074891859163693,0.0025324355753068017,-0.008235852482940885,0.3100216214916761,False
ad6c40ac-4389-5426-b8e5-1d130ac9da81__TO__3a0bcd66-fa08-5944-bf0b-5ec6c5a10f91,2023,CHIP_GANASSI_RACING,9,45,B,0.3074891859163693,209.93333333333334,S6_IND,INSUFFICIENT_TEAM_CONTEXT,0,,,,,,,
ad6c40ac-4389-5426-b8e5-1d130ac9da81__TO__3a0bcd66-fa08-5944-bf0b-5ec6c5a10f91,2023,CHIP_GANASSI_RACING,9,45,B,0.3074891859163693,209.93333333333334,S4,TARGET_CAR_ISOLATED,1,True,-0.4559546729335358,0.3074891859163693,0.4559546729335358,-1.482831572026556,0.7634438588499051,False
ad6c40ac-4389-5426-b8e5-1d130ac9da81__TO__3a0bcd66-fa08-5944-bf0b-5ec6c5a10f91,2023,CHIP_GANASSI_RACING,9,60,B,0.3074891859163693,209.93333333333334,S6,TEAM_CONTEXT_CONSISTENT,2,False,0.25278878156648166,0.3074891859163693,0.25278878156648166,0.82210625005601,0.054700404349887655,True
ad6c40ac-4389-5426-b8e5-1d130ac9da81__TO__3a0bcd66-fa08-5944-bf0b-5ec6c5a10f91,2023,CHIP_GANASSI_RACING,9,60,B,0.3074891859163693,209.93333333333334,S6_IND,INSUFFICIENT_TEAM_CONTEXT,0,,,,,,,
ad6c40ac-4389-5426-b8e5-1d130ac9da81__TO__3a0bcd66-fa08-5944-bf0b-5ec6c5a10f91,2023,CHIP_GANASSI_RACING,9,60,B,0.3074891859163693,209.93333333333334,S4,TARGET_CAR_ISOLATED,1,True,-0.4559546729335358,0.3074891859163693,0.4559546729335358,-1.482831572026556,0.7634438588499051,False
ad6c40ac-4389-5426-b8e5-1d130ac9da81__TO__3a0bcd66-fa08-5944-bf0b-5ec6c5a10f91,2023,CHIP_GANASSI_RACING,9,INTERVAL,C,0.3074891859163693,209.93333333333334,S6,INSUFFICIENT_TEAM_CONTEXT,0,,,,,,,
ad6c40ac-4389-5426-b8e5-1d130ac9da81__TO__3a0bcd66-fa08-5944-bf0b-5ec6c5a10f91,2023,CHIP_GANASSI_RACING,9,INTERVAL,C,0.3074891859163693,209.93333333333334,S6_IND,INSUFFICIENT_TEAM_CONTEXT,0,,,,,,,
ad6c40ac-4389-5426-b8e5-1d130ac9da81__TO__3a0bcd66-fa08-5944-bf0b-5ec6c5a10f91,2023,CHIP_GANASSI_RACING,9,INTERVAL,C,0.3074891859163693,209.93333333333334,S4,INSUFFICIENT_TEAM_CONTEXT,0,,,,,,,
9c85ad9a-de5a-5a03-9262-9ef6823db9e8__TO__f684d582-76d7-5411-83d0-39af174901c3,2023,ARROW_MCLAREN_SPM,6,15,C,0.7995323177904605,287.0,S6,INSUFFICIENT_TEAM_CONTEXT,0,,,,,,,
9c85ad9a-de5a-5a03-9262-9ef6823db9e8__TO__f684d582-76d7-5411-83d0-39af174901c3,2023,ARROW_MCLAREN_SPM,6,15,C,0.7995323177904605,287.0,S6_IND,INSUFFICIENT_TEAM_CONTEXT,0,,,,,,,
9c85ad9a-de5a-5a03-9262-9ef6823db9e8__TO__f684d582-76d7-5411-83d0-39af174901c3,2023,ARROW_MCLAREN_SPM,6,15,C,0.7995323177904605,287.0,S4,INSUFFICIENT_TEAM_CONTEXT,0,,,,,,,
9c85ad9a-de5a-5a03-9262-9ef6823db9e8__TO__f684d582-76d7-5411-83d0-39af174901c3,2023,ARROW_MCLAREN_SPM,6,30,C,0.7995323177904605,287.0,S6,INSUFFICIENT_TEAM_CONTEXT,0,,,,,,,
9c85ad9a-de5a-5a03-9262-9ef6823db9e8__TO__f684d582-76d7-5411-83d0-39af174901c3,2023,ARROW_MCLAREN_SPM,6,30,C,0.7995323177904605,287.0,S6_IND,INSUFFICIENT_TEAM_CONTEXT,0,,,,,,,
9c85ad9a-de5a-5a03-9262-9ef6823db9e8__TO__f684d582-76d7-5411-83d0-39af174901c3,2023,ARROW_MCLAREN_SPM,6,30,C,0.7995323177904605,287.0,S4,INSUFFICIENT_TEAM_CONTEXT,0,,,,,,,
9c85ad9a-de5a-5a03-9262-9ef6823db9e8__TO__f684d582-76d7-5411-83d0-39af174901c3,2023,ARROW_MCLAREN_SPM,6,45,C,0.7995323177904605,287.0,S6,INSUFFICIENT_TEAM_CONTEXT,0,,,,,,,
9c85ad9a-de5a-5a03-9262-9ef6823db9e8__TO__f684d582-76d7-5411-83d0-39af174901c3,2023,ARROW_MCLAREN_SPM,6,45,C,0.7995323177904605,287.0,S6_IND,INSUFFICIENT_TEAM_CONTEXT,0,,,,,,,
9c85ad9a-de5a-5a03-9262-9ef6823db9e8__TO__f684d582-76d7-5411-83d0-39af174901c3,2023,ARROW_MCLAREN_SPM,6,45,C,0.7995323177904605,287.0,S4,INSUFFICIENT_TEAM_CONTEXT,0,,,,,,,
9c85ad9a-de5a-5a03-9262-9ef6823db9e8__TO__f684d582-76d7-5411-83d0-39af174901c3,2023,ARROW_MCLAREN_SPM,6,60,C,0.7995323177904605,287.0,S6,INSUFFICIENT_TEAM_CONTEXT,0,,,,,,,
9c85ad9a-de5a-5a03-9262-9ef6823db9e8__TO__f684d582-76d7-5411-83d0-39af174901c3,2023,ARROW_MCLAREN_SPM,6,60,C,0.7995323177904605,287.0,S6_IND,INSUFFICIENT_TEAM_CONTEXT,0,,,,,,,
9c85ad9a-de5a-5a03-9262-9ef6823db9e8__TO__f684d582-76d7-5411-83d0-39af174901c3,2023,ARROW_MCLAREN_SPM,6,60,C,0.7995323177904605,287.0,S4,INSUFFICIENT_TEAM_CONTEXT,0,,,,,,,
9c85ad9a-de5a-5a03-9262-9ef6823db9e8__TO__f684d582-76d7-5411-83d0-39af174901c3,2023,ARROW_MCLAREN_SPM,6,INTERVAL,C,0.7995323177904605,287.0,S6,INSUFFICIENT_TEAM_CONTEXT,0,,,,,,,
9c85ad9a-de5a-5a03-9262-9ef6823db9e8__TO__f684d582-76d7-5411-83d0-39af174901c3,2023,ARROW_MCLAREN_SPM,6,INTERVAL,C,0.7995323177904605,287.0,S6_IND,INSUFFICIENT_TEAM_CONTEXT,0,,,,,,,
9c85ad9a-de5a-5a03-9262-9ef6823db9e8__TO__f684d582-76d7-5411-83d0-39af174901c3,2023,ARROW_MCLAREN_SPM,6,INTERVAL,C,0.7995323177904605,287.0,S4,INSUFFICIENT_TEAM_CONTEXT,0,,,,,,,
135b66b6-87b3-5cb3-ba14-d2d21ed2fa92__TO__d8d8f4a5-fd52-51ca-bdc6-e2ddbea561ca,2024,ED_CARPENTER_RACING,21,15,D,1.152900340395361,118.91666666666667,S6,INSUFFICIENT_TEAM_CONTEXT,0,,,,,,,
135b66b6-87b3-5cb3-ba14-d2d21ed2fa92__TO__d8d8f4a5-fd52-51ca-bdc6-e2ddbea561ca,2024,ED_CARPENTER_RACING,21,15,D,1.152900340395361,118.91666666666667,S6_IND,INSUFFICIENT_TEAM_CONTEXT,0,,,,,,,
135b66b6-87b3-5cb3-ba14-d2d21ed2fa92__TO__d8d8f4a5-fd52-51ca-bdc6-e2ddbea561ca,2024,ED_CARPENTER_RACING,21,15,D,1.152900340395361,118.91666666666667,S4,INSUFFICIENT_TEAM_CONTEXT,0,,,,,,,
135b66b6-87b3-5cb3-ba14-d2d21ed2fa92__TO__d8d8f4a5-fd52-51ca-bdc6-e2ddbea561ca,2024,ED_CARPENTER_RACING,21,30,D,1.152900340395361,118.91666666666667,S6,INSUFFICIENT_TEAM_CONTEXT,0,,,,,,,
135b66b6-87b3-5cb3-ba14-d2d21ed2fa92__TO__d8d8f4a5-fd52-51ca-bdc6-e2ddbea561ca,2024,ED_CARPENTER_RACING,21,30,D,1.152900340395361,118.91666666666667,S6_IND,INSUFFICIENT_TEAM_CONTEXT,0,,,,,,,
135b66b6-87b3-5cb3-ba14-d2d21ed2fa92__TO__d8d8f4a5-fd52-51ca-bdc6-e2ddbea561ca,2024,ED_CARPENTER_RACING,21,30,D,1.152900340395361,118.91666666666667,S4,INSUFFICIENT_TEAM_CONTEXT,0,,,,,,,
135b66b6-87b3-5cb3-ba14-d2d21ed2fa92__TO__d8d8f4a5-fd52-51ca-bdc6-e2ddbea561ca,2024,ED_CARPENTER_RACING,21,45,D,1.152900340395361,118.91666666666667,S6,INSUFFICIENT_TEAM_CONTEXT,0,,,,,,,
135b66b6-87b3-5cb3-ba14-d2d21ed2fa92__TO__d8d8f4a5-fd52-51ca-bdc6-e2ddbea561ca,2024,ED_CARPENTER_RACING,21,45,D,1.152900340395361,118.91666666666667,S6_IND,INSUFFICIENT_TEAM_CONTEXT,0,,,,,,,
135b66b6-87b3-5cb3-ba14-d2d21ed2fa92__TO__d8d8f4a5-fd52-51ca-bdc6-e2ddbea561ca,2024,ED_CARPENTER_RACING,21,45,D,1.152900340395361,118.91666666666667,S4,INSUFFICIENT_TEAM_CONTEXT,0,,,,,,,
135b66b6-87b3-5cb3-ba14-d2d21ed2fa92__TO__d8d8f4a5-fd52-51ca-bdc6-e2ddbea561ca,2024,ED_CARPENTER_RACING,21,60,D,1.152900340395361,118.91666666666667,S6,INSUFFICIENT_TEAM_CONTEXT,0,,,,,,,
135b66b6-87b3-5cb3-ba14-d2d21ed2fa92__TO__d8d8f4a5-fd52-51ca-bdc6-e2ddbea561ca,2024,ED_CARPENTER_RACING,21,60,D,1.152900340395361,118.91666666666667,S6_IND,INSUFFICIENT_TEAM_CONTEXT,0,,,,,,,
135b66b6-87b3-5cb3-ba14-d2d21ed2fa92__TO__d8d8f4a5-fd52-51ca-bdc6-e2ddbea561ca,2024,ED_CARPENTER_RACING,21,60,D,1.152900340395361,118.91666666666667,S4,INSUFFICIENT_TEAM_CONTEXT,0,,,,,,,
135b66b6-87b3-5cb3-ba14-d2d21ed2fa92__TO__d8d8f4a5-fd52-51ca-bdc6-e2ddbea561ca,2024,ED_CARPENTER_RACING,21,INTERVAL,D,1.152900340395361,118.91666666666667,S6,INSUFFICIENT_TEAM_CONTEXT,0,,,,,,,
135b66b6-87b3-5cb3-ba14-d2d21ed2fa92__TO__d8d8f4a5-fd52-51ca-bdc6-e2ddbea561ca,2024,ED_CARPENTER_RACING,21,INTERVAL,D,1.152900340395361,118.91666666666667,S6_IND,INSUFFICIENT_TEAM_CONTEXT,0,,,,,,,
135b66b6-87b3-5cb3-ba14-d2d21ed2fa92__TO__d8d8f4a5-fd52-51ca-bdc6-e2ddbea561ca,2024,ED_CARPENTER_RACING,21,INTERVAL,D,1.152900340395361,118.91666666666667,S4,INSUFFICIENT_TEAM_CONTEXT,0,,,,,,,
2c6a50e6-564c-5b01-bb51-6a1d93ae56d7__TO__592e992b-5103-52a6-b623-e25e826386bc,2024,ARROW_MCLAREN_SPM,5,15,C,0.5507421590743958,52.0,S6,INSUFFICIENT_TEAM_CONTEXT,0,,,,,,,
2c6a50e6-564c-5b01-bb51-6a1d93ae56d7__TO__592e992b-5103-52a6-b623-e25e826386bc,2024,ARROW_MCLAREN_SPM,5,15,C,0.5507421590743958,52.0,S6_IND,INSUFFICIENT_TEAM_CONTEXT,0,,,,,,,
2c6a50e6-564c-5b01-bb51-6a1d93ae56d7__TO__592e992b-5103-52a6-b623-e25e826386bc,2024,ARROW_MCLAREN_SPM,5,15,C,0.5507421590743958,52.0,S4,INSUFFICIENT_TEAM_CONTEXT,0,,,,,,,
2c6a50e6-564c-5b01-bb51-6a1d93ae56d7__TO__592e992b-5103-52a6-b623-e25e826386bc,2024,ARROW_MCLAREN_SPM,5,30,C,0.5507421590743958,52.0,S6,INSUFFICIENT_TEAM_CONTEXT,0,,,,,,,
2c6a50e6-564c-5b01-bb51-6a1d93ae56d7__TO__592e992b-5103-52a6-b623-e25e826386bc,2024,ARROW_MCLAREN_SPM,5,30,C,0.5507421590743958,52.0,S6_IND,INSUFFICIENT_TEAM_CONTEXT,0,,,,,,,
2c6a50e6-564c-5b01-bb51-6a1d93ae56d7__TO__592e992b-5103-52a6-b623-e25e826386bc,2024,ARROW_MCLAREN_SPM,5,30,C,0.5507421590743958,52.0,S4,INSUFFICIENT_TEAM_CONTEXT,0,,,,,,,
2c6a50e6-564c-5b01-bb51-6a1d93ae56d7__TO__592e992b-5103-52a6-b623-e25e826386bc,2024,ARROW_MCLAREN_SPM,5,45,C,0.5507421590743958,52.0,S6,INSUFFICIENT_TEAM_CONTEXT,0,,,,,,,
2c6a50e6-564c-5b01-bb51-6a1d93ae56d7__TO__592e992b-5103-52a6-b623-e25e826386bc,2024,ARROW_MCLAREN_SPM,5,45,C,0.5507421590743958,52.0,S6_IND,INSUFFICIENT_TEAM_CONTEXT,0,,,,,,,
2c6a50e6-564c-5b01-bb51-6a1d93ae56d7__TO__592e992b-5103-52a6-b623-e25e826386bc,2024,ARROW_MCLAREN_SPM,5,45,C,0.5507421590743958,52.0,S4,INSUFFICIENT_TEAM_CONTEXT,0,,,,,,,
2c6a50e6-564c-5b01-bb51-6a1d93ae56d7__TO__592e992b-5103-52a6-b623-e25e826386bc,2024,ARROW_MCLAREN_SPM,5,60,C,0.5507421590743958,52.0,S6,INSUFFICIENT_TEAM_CONTEXT,0,,,,,,,
2c6a50e6-564c-5b01-bb51-6a1d93ae56d7__TO__592e992b-5103-52a6-b623-e25e826386bc,2024,ARROW_MCLAREN_SPM,5,60,C,0.5507421590743958,52.0,S6_IND,INSUFFICIENT_TEAM_CONTEXT,0,,,,,,,
2c6a50e6-564c-5b01-bb51-6a1d93ae56d7__TO__592e992b-5103-52a6-b623-e25e826386bc,2024,ARROW_MCLAREN_SPM,5,60,C,0.5507421590743958,52.0,S4,INSUFFICIENT_TEAM_CONTEXT,0,,,,,,,
2c6a50e6-564c-5b01-bb51-6a1d93ae56d7__TO__592e992b-5103-52a6-b623-e25e826386bc,2024,ARROW_MCLAREN_SPM,5,INTERVAL,D,0.5507421590743958,52.0,S6,INSUFFICIENT_TEAM_CONTEXT,0,,,,,,,
2c6a50e6-564c-5b01-bb51-6a1d93ae56d7__TO__592e992b-5103-52a6-b623-e25e826386bc,2024,ARROW_MCLAREN_SPM,5,INTERVAL,D,0.5507421590743958,52.0,S6_IND,INSUFFICIENT_TEAM_CONTEXT,0,,,,,,,
2c6a50e6-564c-5b01-bb51-6a1d93ae56d7__TO__592e992b-5103-52a6-b623-e25e826386bc,2024,ARROW_MCLAREN_SPM,5,INTERVAL,D,0.5507421590743958,52.0,S4,INSUFFICIENT_TEAM_CONTEXT,0,,,,,,,
